Run,Month,year,ANC,Fac non-CS,CS,Free_referrals,Emergency transfers,Live Births Final,M_DALYs,N_DALYs,DALYs,Facility_capacity_actual,Surgical_actual_L4,Surgical_actual_L5,Nurse_actual_L4,Nurse_actual_L5,Anesthetist_actual_L4,Anesthetist_actual_L5,Doppler_Actual_L23,Doppler_Actual_L4,Doppler_Actual_L5,CTG_Actual_L23,CTG_Actual_L4,CTG_Actual_L5
201,0,1,1823.0,2108.0,466.0,0.0,304.0,2691.0,14.980054241705894,10541.440799999995,10556.4208542417,2004.0,47.0,21.0,228.0,144.0,30.0,27.0,0.0,72.0,3.0,135.0,18.0,0.0
201,1,1,1873.0,2106.0,489.0,0.0,245.0,2691.0,94.87527074347469,8665.630000000001,8760.505270743473,2004.0,47.0,21.0,228.0,144.0,30.0,27.0,0.0,72.0,3.0,135.0,18.0,0.0
201,2,1,1863.0,2137.0,459.0,0.0,336.0,2691.0,53.762459599980716,9426.081200000008,9479.843659599988,2004.0,47.0,21.0,228.0,144.0,30.0,27.0,0.0,72.0,3.0,135.0,18.0,0.0
201,3,1,1852.0,2092.0,495.0,0.0,322.0,2691.0,13.331138067400579,9257.945600000003,9271.276738067405,2004.0,47.0,21.0,228.0,144.0,30.0,27.0,0.0,72.0,3.0,135.0,18.0,0.0
201,4,1,1849.0,2166.0,431.0,0.0,291.0,2691.0,94.47339452861242,10427.279599999996,10521.75299452861,2004.0,47.0,21.0,228.0,144.0,30.0,27.0,0.0,72.0,3.0,135.0,18.0,0.0
201,5,1,1825.0,2114.0,463.0,0.0,290.0,2691.0,12.673175718766954,9920.133999999998,9932.807175718766,2004.0,47.0,21.0,228.0,144.0,30.0,27.0,0.0,72.0,3.0,135.0,18.0,0.0
201,6,1,1860.0,2149.0,433.0,0.0,322.0,2691.0,12.333497919743467,10379.78479999999,10392.118297919735,2004.0,47.0,21.0,228.0,144.0,30.0,27.0,0.0,72.0,3.0,135.0,18.0,0.0
201,7,1,1836.0,2123.0,469.0,0.0,274.0,2691.0,54.410649191019566,9486.4016,9540.812249191018,2004.0,47.0,21.0,228.0,144.0,30.0,27.0,0.0,72.0,3.0,135.0,18.0,0.0
201,8,1,1833.0,2104.0,459.0,0.0,324.0,2691.0,55.54277558807013,9838.370799999997,9893.913575588069,2004.0,47.0,21.0,228.0,144.0,30.0,27.0,0.0,72.0,3.0,135.0,18.0,0.0
201,9,1,1829.0,2097.0,480.0,0.0,301.0,2691.0,94.575037686359,10201.562399999993,10296.137437686353,2004.0,47.0,21.0,228.0,144.0,30.0,27.0,0.0,72.0,3.0,135.0,18.0,0.0
201,10,1,1910.0,2154.0,453.0,0.0,249.0,2691.0,54.130833216444444,10114.187999999998,10168.318833216443,2004.0,47.0,21.0,228.0,144.0,30.0,27.0,0.0,72.0,3.0,135.0,18.0,0.0
201,11,1,1880.0,2115.0,476.0,0.0,267.0,2691.0,93.68998683707304,9484.664799999999,9578.354786837072,2004.0,47.0,21.0,228.0,144.0,30.0,27.0,0.0,72.0,3.0,135.0,18.0,0.0
201,12,2,1836.0,2148.0,431.0,0.0,327.0,2691.0,12.706402359386193,10557.205599999998,10569.912002359384,2004.0,47.0,21.0,228.0,144.0,30.0,27.0,0.0,72.0,3.0,135.0,18.0,0.0
201,13,2,1866.0,2129.0,444.0,0.0,300.0,2691.0,12.937885417753034,8752.803999999998,8765.74188541775,2004.0,47.0,21.0,228.0,144.0,30.0,27.0,0.0,72.0,3.0,135.0,18.0,0.0
201,14,2,1902.0,2104.0,457.0,0.0,312.0,2691.0,12.865563687759856,9498.0248,9510.890363687759,2004.0,47.0,21.0,228.0,144.0,30.0,27.0,0.0,72.0,3.0,135.0,18.0,0.0
201,15,2,1895.0,2121.0,465.0,0.0,294.0,2691.0,13.362903770254688,10595.481999999993,10608.844903770247,2004.0,47.0,21.0,228.0,144.0,30.0,27.0,0.0,72.0,3.0,135.0,18.0,0.0
201,16,2,1848.0,2125.0,446.0,0.0,297.0,2691.0,12.905127240901798,10259.344399999998,10272.2495272409,2004.0,47.0,21.0,228.0,144.0,30.0,27.0,0.0,72.0,3.0,135.0,18.0,0.0
201,17,2,1832.0,2133.0,442.0,0.0,344.0,2691.0,13.670350915764189,8602.904799999993,8616.575150915758,2004.0,47.0,21.0,228.0,144.0,30.0,27.0,0.0,72.0,3.0,135.0,18.0,0.0
201,18,2,1818.0,2107.0,485.0,0.0,329.0,2691.0,93.76339691658582,10088.5368,10182.300196916585,2004.0,47.0,21.0,228.0,144.0,30.0,27.0,0.0,72.0,3.0,135.0,18.0,0.0
201,19,2,1872.0,2093.0,491.0,0.0,271.0,2691.0,13.637022651072645,9848.056799999993,9861.693822651065,2004.0,47.0,21.0,228.0,144.0,30.0,27.0,0.0,72.0,3.0,135.0,18.0,0.0
201,20,2,1902.0,2086.0,488.0,0.0,318.0,2691.0,13.317338703003397,10304.901999999993,10318.219338702997,2004.0,47.0,21.0,228.0,144.0,30.0,27.0,0.0,72.0,3.0,135.0,18.0,0.0
201,21,2,1849.0,2153.0,426.0,0.0,320.0,2691.0,13.34604656187616,10501.427599999988,10514.773646561864,2004.0,47.0,21.0,228.0,144.0,30.0,27.0,0.0,72.0,3.0,135.0,18.0,0.0
201,22,2,1868.0,2106.0,483.0,0.0,313.0,2691.0,13.640611785832027,9333.5632,9347.203811785832,2004.0,47.0,21.0,228.0,144.0,30.0,27.0,0.0,72.0,3.0,135.0,18.0,0.0
201,23,2,1901.0,2120.0,455.0,0.0,320.0,2691.0,93.25557907012487,8675.783600000004,8769.039179070129,2004.0,47.0,21.0,228.0,144.0,30.0,27.0,0.0,72.0,3.0,135.0,18.0,0.0
201,24,3,1881.0,2151.0,446.0,0.0,257.0,2691.0,93.91839072577676,9165.962000000005,9259.88039072578,2004.0,47.0,21.0,228.0,144.0,30.0,27.0,0.0,72.0,3.0,135.0,18.0,0.0
201,25,3,1901.0,2086.0,499.0,0.0,339.0,2691.0,54.27228543010605,10271.568800000001,10325.841085430106,2004.0,47.0,21.0,228.0,144.0,30.0,27.0,0.0,72.0,3.0,135.0,18.0,0.0
201,26,3,1800.0,2096.0,487.0,0.0,312.0,2691.0,14.147949841333752,10492.075599999996,10506.22354984133,2004.0,47.0,21.0,228.0,144.0,30.0,27.0,0.0,72.0,3.0,135.0,18.0,0.0
201,27,3,1882.0,2108.0,455.0,0.0,305.0,2691.0,13.367119847050365,9086.269599999998,9099.636719847049,2004.0,47.0,21.0,228.0,144.0,30.0,27.0,0.0,72.0,3.0,135.0,18.0,0.0
201,28,3,1838.0,2100.0,486.0,0.0,324.0,2691.0,53.4273168720412,11048.385999999997,11101.813316872036,2004.0,47.0,21.0,228.0,144.0,30.0,27.0,0.0,72.0,3.0,135.0,18.0,0.0
201,29,3,1865.0,2126.0,460.0,0.0,264.0,2691.0,54.55831425936834,11138.499199999995,11193.057514259363,2004.0,47.0,21.0,228.0,144.0,30.0,27.0,0.0,72.0,3.0,135.0,18.0,0.0
201,30,3,1861.0,2151.0,426.0,0.0,321.0,2691.0,93.72979783323721,9781.19,9874.919797833236,2004.0,47.0,21.0,228.0,144.0,30.0,27.0,0.0,72.0,3.0,135.0,18.0,0.0
201,31,3,1828.0,2128.0,448.0,0.0,309.0,2691.0,12.872491438154995,9649.193200000003,9662.065691438158,2004.0,47.0,21.0,228.0,144.0,30.0,27.0,0.0,72.0,3.0,135.0,18.0,0.0
201,32,3,1867.0,2106.0,488.0,0.0,311.0,2691.0,133.94080982475575,10525.809599999997,10659.750409824752,2004.0,47.0,21.0,228.0,144.0,30.0,27.0,0.0,72.0,3.0,135.0,18.0,0.0
201,33,3,1851.0,2117.0,453.0,0.0,257.0,2691.0,13.698107786115633,9050.865599999997,9064.563707786114,2004.0,47.0,21.0,228.0,144.0,30.0,27.0,0.0,72.0,3.0,135.0,18.0,0.0
201,34,3,1844.0,2090.0,492.0,0.0,305.0,2691.0,55.53471611240904,9707.977199999992,9763.511916112402,2004.0,47.0,21.0,228.0,144.0,30.0,27.0,0.0,72.0,3.0,135.0,18.0,0.0
201,35,3,1849.0,2103.0,489.0,0.0,272.0,2691.0,13.071787791216092,9004.105600000003,9017.177387791218,2004.0,47.0,21.0,228.0,144.0,30.0,27.0,0.0,72.0,3.0,135.0,18.0,0.0
201,36,4,1888.0,2115.0,480.0,0.0,304.0,2691.0,14.120458966384772,9915.391199999996,9929.511658966381,2004.0,47.0,21.0,228.0,144.0,30.0,27.0,0.0,72.0,3.0,135.0,18.0,0.0
201,37,4,1837.0,2171.0,424.0,0.0,283.0,2691.0,53.11748592637548,9751.931599999994,9805.04908592637,2004.0,47.0,21.0,228.0,144.0,30.0,27.0,0.0,72.0,3.0,135.0,18.0,0.0
201,38,4,1850.0,2147.0,448.0,0.0,303.0,2691.0,53.24023532683145,10299.023599999997,10352.263835326828,2004.0,47.0,21.0,228.0,144.0,30.0,27.0,0.0,72.0,3.0,135.0,18.0,0.0
201,39,4,1836.0,2115.0,472.0,0.0,326.0,2691.0,13.695372238735903,9628.886,9642.581372238737,2004.0,47.0,21.0,228.0,144.0,30.0,27.0,0.0,72.0,3.0,135.0,18.0,0.0
201,40,4,1835.0,2143.0,452.0,0.0,290.0,2691.0,54.10982362197954,9566.294399999999,9620.40422362198,2004.0,47.0,21.0,228.0,144.0,30.0,27.0,0.0,72.0,3.0,135.0,18.0,0.0
201,41,4,1857.0,2107.0,477.0,0.0,319.0,2691.0,53.333377621999155,8706.8456,8760.178977622,2004.0,47.0,21.0,228.0,144.0,30.0,27.0,0.0,72.0,3.0,135.0,18.0,0.0
201,42,4,1866.0,2088.0,501.0,0.0,264.0,2691.0,94.45205423232008,11164.551199999996,11259.003254232317,2004.0,47.0,21.0,228.0,144.0,30.0,27.0,0.0,72.0,3.0,135.0,18.0,0.0
201,43,4,1841.0,2127.0,461.0,0.0,277.0,2691.0,14.478472073859823,9440.042399999997,9454.520872073856,2004.0,47.0,21.0,228.0,144.0,30.0,27.0,0.0,72.0,3.0,135.0,18.0,0.0
201,44,4,1828.0,2149.0,434.0,0.0,262.0,2691.0,52.57357420390562,9668.6988,9721.272374203907,2004.0,47.0,21.0,228.0,144.0,30.0,27.0,0.0,72.0,3.0,135.0,18.0,0.0
201,45,4,1883.0,2139.0,455.0,0.0,266.0,2691.0,12.71200494626217,10035.564399999994,10048.276404946257,2004.0,47.0,21.0,228.0,144.0,30.0,27.0,0.0,72.0,3.0,135.0,18.0,0.0
201,46,4,1923.0,2118.0,458.0,0.0,295.0,2691.0,14.90571623053003,10510.645999999999,10525.55171623053,2004.0,47.0,21.0,228.0,144.0,30.0,27.0,0.0,72.0,3.0,135.0,18.0,0.0
201,47,4,1842.0,2077.0,504.0,0.0,310.0,2691.0,53.9155456785329,8955.074400000003,9008.989945678537,2004.0,47.0,21.0,228.0,144.0,30.0,27.0,0.0,72.0,3.0,135.0,18.0,0.0
201,48,5,1874.0,2100.0,487.0,0.0,291.0,2691.0,11.905670739090201,9523.408799999997,9535.314470739087,2004.0,47.0,21.0,228.0,144.0,30.0,27.0,0.0,72.0,3.0,135.0,18.0,0.0
201,49,5,1859.0,2139.0,445.0,0.0,293.0,2691.0,55.00523459132975,11197.817599999997,11252.822834591327,2004.0,47.0,21.0,228.0,144.0,30.0,27.0,0.0,72.0,3.0,135.0,18.0,0.0
201,50,5,1845.0,2123.0,456.0,0.0,283.0,2691.0,136.11594145376333,9277.5848,9413.700741453762,2004.0,47.0,21.0,228.0,144.0,30.0,27.0,0.0,72.0,3.0,135.0,18.0,0.0
201,51,5,1905.0,2128.0,458.0,0.0,323.0,2691.0,12.479048279686639,9857.408799999994,9869.88784827968,2004.0,47.0,21.0,228.0,144.0,30.0,27.0,0.0,72.0,3.0,135.0,18.0,0.0
201,52,5,1846.0,2092.0,485.0,0.0,344.0,2691.0,14.407253687433002,9502.032800000004,9516.440053687436,2004.0,47.0,21.0,228.0,144.0,30.0,27.0,0.0,72.0,3.0,135.0,18.0,0.0
201,53,5,1848.0,2112.0,463.0,0.0,255.0,2691.0,94.30334564576077,9824.008800000005,9918.312145645765,2004.0,47.0,21.0,228.0,144.0,30.0,27.0,0.0,72.0,3.0,135.0,18.0,0.0
201,54,5,1860.0,2125.0,455.0,0.0,290.0,2691.0,14.637265242903908,11230.215599999992,11244.852865242896,2004.0,47.0,21.0,228.0,144.0,30.0,27.0,0.0,72.0,3.0,135.0,18.0,0.0
201,55,5,1865.0,2121.0,464.0,0.0,271.0,2691.0,54.34329837552485,10380.4528,10434.796098375526,2004.0,47.0,21.0,228.0,144.0,30.0,27.0,0.0,72.0,3.0,135.0,18.0,0.0
201,56,5,1885.0,2121.0,457.0,0.0,304.0,2691.0,54.18384054073869,8912.456,8966.639840540738,2004.0,47.0,21.0,228.0,144.0,30.0,27.0,0.0,72.0,3.0,135.0,18.0,0.0
201,57,5,1839.0,2116.0,465.0,0.0,308.0,2691.0,15.0420938309861,8871.173599999998,8886.215693830985,2004.0,47.0,21.0,228.0,144.0,30.0,27.0,0.0,72.0,3.0,135.0,18.0,0.0
201,58,5,1852.0,2145.0,443.0,0.0,322.0,2691.0,12.963562175458028,10533.8256,10546.789162175457,2004.0,47.0,21.0,228.0,144.0,30.0,27.0,0.0,72.0,3.0,135.0,18.0,0.0
201,59,5,1856.0,2104.0,472.0,0.0,318.0,2691.0,54.88881982415675,9557.944399999998,9612.833219824155,2004.0,47.0,21.0,228.0,144.0,30.0,27.0,0.0,72.0,3.0,135.0,18.0,0.0
201,60,6,1830.0,2145.0,436.0,0.0,299.0,2691.0,53.304378294050565,9305.707599999998,9359.01197829405,2004.0,47.0,21.0,228.0,144.0,30.0,27.0,0.0,72.0,3.0,135.0,18.0,0.0
201,61,6,1840.0,2119.0,472.0,0.0,327.0,2691.0,53.41433818658362,8373.981200000006,8427.39553818659,2004.0,47.0,21.0,228.0,144.0,30.0,27.0,0.0,72.0,3.0,135.0,18.0,0.0
201,62,6,1854.0,2090.0,476.0,0.0,318.0,2691.0,95.04703385479272,9716.861600000002,9811.908633854793,2004.0,47.0,21.0,228.0,144.0,30.0,27.0,0.0,72.0,3.0,135.0,18.0,0.0
201,63,6,1843.0,2115.0,477.0,0.0,295.0,2691.0,134.5059868370119,9050.197599999998,9184.70358683701,2004.0,47.0,21.0,228.0,144.0,30.0,27.0,0.0,72.0,3.0,135.0,18.0,0.0
201,64,6,1852.0,2117.0,476.0,0.0,318.0,2691.0,54.51336860751301,9451.131199999994,9505.644568607508,2004.0,47.0,21.0,228.0,144.0,30.0,27.0,0.0,72.0,3.0,135.0,18.0,0.0
201,65,6,1887.0,2108.0,472.0,0.0,338.0,2691.0,12.879668280215427,10106.171999999999,10119.051668280214,2004.0,47.0,21.0,228.0,144.0,30.0,27.0,0.0,72.0,3.0,135.0,18.0,0.0
201,66,6,1853.0,2085.0,497.0,0.0,305.0,2691.0,54.5563348155048,10216.05799999999,10270.614334815495,2004.0,47.0,21.0,228.0,144.0,30.0,27.0,0.0,72.0,3.0,135.0,18.0,0.0
201,67,6,1865.0,2114.0,477.0,0.0,247.0,2691.0,12.667554167533465,8914.727200000001,8927.394754167533,2004.0,47.0,21.0,228.0,144.0,30.0,27.0,0.0,72.0,3.0,135.0,18.0,0.0
201,68,6,1854.0,2128.0,451.0,0.0,281.0,2691.0,95.453989820305,9192.147599999998,9287.601589820302,2004.0,47.0,21.0,228.0,144.0,30.0,27.0,0.0,72.0,3.0,135.0,18.0,0.0
201,69,6,1855.0,2150.0,451.0,0.0,257.0,2691.0,12.795812088572488,8372.110800000002,8384.906612088575,2004.0,47.0,21.0,228.0,144.0,30.0,27.0,0.0,72.0,3.0,135.0,18.0,0.0
201,70,6,1911.0,2077.0,512.0,0.0,273.0,2691.0,14.470319722163694,10063.687199999995,10078.15751972216,2004.0,47.0,21.0,228.0,144.0,30.0,27.0,0.0,72.0,3.0,135.0,18.0,0.0
201,71,6,1844.0,2137.0,444.0,0.0,327.0,2691.0,93.96995597864907,9572.306400000005,9666.276355978653,2004.0,47.0,21.0,228.0,144.0,30.0,27.0,0.0,72.0,3.0,135.0,18.0,0.0
201,72,7,1848.0,2160.0,431.0,0.0,268.0,2691.0,52.75423484529189,8954.807200000003,9007.561434845295,2004.0,47.0,21.0,228.0,144.0,30.0,27.0,0.0,72.0,3.0,135.0,18.0,0.0
201,73,7,1847.0,2133.0,461.0,0.0,239.0,2691.0,94.32471855777533,10320.533199999994,10414.85791855777,2004.0,47.0,21.0,228.0,144.0,30.0,27.0,0.0,72.0,3.0,135.0,18.0,0.0
201,74,7,1867.0,2122.0,455.0,0.0,316.0,2691.0,53.22494299717766,9756.473999999998,9809.698942997175,2004.0,47.0,21.0,228.0,144.0,30.0,27.0,0.0,72.0,3.0,135.0,18.0,0.0
201,75,7,1834.0,2106.0,461.0,0.0,347.0,2691.0,54.904851562397305,10616.657599999995,10671.562451562393,2004.0,47.0,21.0,228.0,144.0,30.0,27.0,0.0,72.0,3.0,135.0,18.0,0.0
201,76,7,1826.0,2111.0,465.0,0.0,293.0,2691.0,135.10112782451336,10265.356399999995,10400.457527824508,2004.0,47.0,21.0,228.0,144.0,30.0,27.0,0.0,72.0,3.0,135.0,18.0,0.0
201,77,7,1824.0,2127.0,456.0,0.0,270.0,2691.0,54.52272065202061,9882.792799999996,9937.315520652017,2004.0,47.0,21.0,228.0,144.0,30.0,27.0,0.0,72.0,3.0,135.0,18.0,0.0
201,78,7,1865.0,2118.0,475.0,0.0,317.0,2691.0,13.07066201925459,10479.7176,10492.788262019254,2004.0,47.0,21.0,228.0,144.0,30.0,27.0,0.0,72.0,3.0,135.0,18.0,0.0
201,79,7,1867.0,2085.0,499.0,0.0,322.0,2691.0,94.42507361650422,10003.366799999996,10097.7918736165,2004.0,47.0,21.0,228.0,144.0,30.0,27.0,0.0,72.0,3.0,135.0,18.0,0.0
201,80,7,1885.0,2136.0,446.0,0.0,301.0,2691.0,94.4787622376538,10126.145199999999,10220.623962237652,2004.0,47.0,21.0,228.0,144.0,30.0,27.0,0.0,72.0,3.0,135.0,18.0,0.0
201,81,7,1838.0,2128.0,453.0,0.0,314.0,2691.0,53.99711824981397,10651.460399999998,10705.457518249812,2004.0,47.0,21.0,228.0,144.0,30.0,27.0,0.0,72.0,3.0,135.0,18.0,0.0
201,82,7,1776.0,2140.0,450.0,0.0,264.0,2691.0,54.34525280668717,8792.082400000003,8846.427652806688,2004.0,47.0,21.0,228.0,144.0,30.0,27.0,0.0,72.0,3.0,135.0,18.0,0.0
201,83,7,1854.0,2094.0,470.0,0.0,321.0,2691.0,52.41722114963267,9330.957999999993,9383.375221149625,2004.0,47.0,21.0,228.0,144.0,30.0,27.0,0.0,72.0,3.0,135.0,18.0,0.0
201,84,8,1844.0,2137.0,447.0,0.0,330.0,2691.0,14.15479971715167,9611.851999999999,9626.00679971715,2004.0,47.0,21.0,228.0,144.0,30.0,27.0,0.0,72.0,3.0,135.0,18.0,0.0
201,85,8,1896.0,2093.0,477.0,0.0,301.0,2691.0,94.66945185285886,8789.8112,8884.48065185286,2004.0,47.0,21.0,228.0,144.0,30.0,27.0,0.0,72.0,3.0,135.0,18.0,0.0
201,86,8,1872.0,2120.0,458.0,0.0,287.0,2691.0,53.60884950620437,10419.664400000001,10473.273249506206,2004.0,47.0,21.0,228.0,144.0,30.0,27.0,0.0,72.0,3.0,135.0,18.0,0.0
201,87,8,1863.0,2137.0,446.0,0.0,295.0,2691.0,12.336315356102979,9196.690000000002,9209.026315356105,2004.0,47.0,21.0,228.0,144.0,30.0,27.0,0.0,72.0,3.0,135.0,18.0,0.0
201,88,8,1840.0,2114.0,465.0,0.0,303.0,2691.0,94.04214500127961,9913.988399999998,10008.030545001278,2004.0,47.0,21.0,228.0,144.0,30.0,27.0,0.0,72.0,3.0,135.0,18.0,0.0
201,89,8,1844.0,2167.0,425.0,0.0,296.0,2691.0,13.040692754209982,9432.694400000008,9445.735092754217,2004.0,47.0,21.0,228.0,144.0,30.0,27.0,0.0,72.0,3.0,135.0,18.0,0.0
201,90,8,1856.0,2123.0,445.0,0.0,297.0,2691.0,135.50247120427497,10872.167599999993,11007.670071204268,2004.0,47.0,21.0,228.0,144.0,30.0,27.0,0.0,72.0,3.0,135.0,18.0,0.0
201,91,8,1885.0,2115.0,481.0,0.0,277.0,2691.0,12.373566406444308,9134.365600000001,9146.739166406445,2004.0,47.0,21.0,228.0,144.0,30.0,27.0,0.0,72.0,3.0,135.0,18.0,0.0
201,92,8,1880.0,2087.0,474.0,0.0,342.0,2691.0,13.597554468127335,9431.158000000003,9444.75555446813,2004.0,47.0,21.0,228.0,144.0,30.0,27.0,0.0,72.0,3.0,135.0,18.0,0.0
201,93,8,1837.0,2116.0,458.0,0.0,278.0,2691.0,55.307848494053104,9941.910799999994,9997.218648494047,2004.0,47.0,21.0,228.0,144.0,30.0,27.0,0.0,72.0,3.0,135.0,18.0,0.0
201,94,8,1844.0,2141.0,444.0,0.0,316.0,2691.0,53.71238687449815,9176.1824,9229.894786874498,2004.0,47.0,21.0,228.0,144.0,30.0,27.0,0.0,72.0,3.0,135.0,18.0,0.0
201,95,8,1859.0,2120.0,464.0,0.0,275.0,2691.0,53.76814710398384,10473.171199999995,10526.939347103978,2004.0,47.0,21.0,228.0,144.0,30.0,27.0,0.0,72.0,3.0,135.0,18.0,0.0
201,96,9,1852.0,2106.0,468.0,0.0,291.0,2691.0,54.3288198561046,10115.457199999997,10169.786019856101,2004.0,47.0,21.0,228.0,144.0,30.0,27.0,0.0,72.0,3.0,135.0,18.0,0.0
201,97,9,1865.0,2136.0,451.0,0.0,298.0,2691.0,135.14927590019641,9436.167999999998,9571.317275900194,2004.0,47.0,21.0,228.0,144.0,30.0,27.0,0.0,72.0,3.0,135.0,18.0,0.0
201,98,9,1840.0,2085.0,473.0,0.0,332.0,2691.0,54.706466615964075,10627.679599999998,10682.386066615962,2004.0,47.0,21.0,228.0,144.0,30.0,27.0,0.0,72.0,3.0,135.0,18.0,0.0
201,99,9,1829.0,2153.0,443.0,0.0,323.0,2691.0,55.32968171581422,9706.707999999993,9762.037681715807,2004.0,47.0,21.0,228.0,144.0,30.0,27.0,0.0,72.0,3.0,135.0,18.0,0.0
201,100,9,1841.0,2162.0,426.0,0.0,336.0,2691.0,54.36395519576364,8998.026800000001,9052.390755195764,2004.0,47.0,21.0,228.0,144.0,30.0,27.0,0.0,72.0,3.0,135.0,18.0,0.0
201,101,9,1812.0,2138.0,438.0,0.0,273.0,2691.0,54.2978587288752,9688.137600000005,9742.43545872888,2004.0,47.0,21.0,228.0,144.0,30.0,27.0,0.0,72.0,3.0,135.0,18.0,0.0
201,102,9,1855.0,2086.0,498.0,0.0,328.0,2691.0,52.243051927285606,9195.888400000002,9248.131451927286,2004.0,47.0,21.0,228.0,144.0,30.0,27.0,0.0,72.0,3.0,135.0,18.0,0.0
201,103,9,1854.0,2120.0,470.0,0.0,304.0,2691.0,55.39494165720065,10152.264,10207.658941657199,2004.0,47.0,21.0,228.0,144.0,30.0,27.0,0.0,72.0,3.0,135.0,18.0,0.0
201,104,9,1870.0,2105.0,472.0,0.0,301.0,2691.0,52.793527361871945,9629.687599999997,9682.48112736187,2004.0,47.0,21.0,228.0,144.0,30.0,27.0,0.0,72.0,3.0,135.0,18.0,0.0
201,105,9,1887.0,2119.0,463.0,0.0,255.0,2691.0,95.18507874930143,8500.166399999998,8595.3514787493,2004.0,47.0,21.0,228.0,144.0,30.0,27.0,0.0,72.0,3.0,135.0,18.0,0.0
201,106,9,1865.0,2101.0,465.0,0.0,322.0,2691.0,53.601818687972745,9451.799200000003,9505.401018687977,2004.0,47.0,21.0,228.0,144.0,30.0,27.0,0.0,72.0,3.0,135.0,18.0,0.0
201,107,9,1843.0,2086.0,466.0,0.0,312.0,2691.0,94.47512847374422,8751.668400000002,8846.143528473745,2004.0,47.0,21.0,228.0,144.0,30.0,27.0,0.0,72.0,3.0,135.0,18.0,0.0
201,108,10,1840.0,2135.0,440.0,0.0,295.0,2691.0,94.66284220885225,9436.568799999997,9531.231642208848,2004.0,47.0,21.0,228.0,144.0,30.0,27.0,0.0,72.0,3.0,135.0,18.0,0.0
201,109,10,1894.0,2137.0,451.0,0.0,285.0,2691.0,55.10693125455193,11294.410399999992,11349.517331254543,2004.0,47.0,21.0,228.0,144.0,30.0,27.0,0.0,72.0,3.0,135.0,18.0,0.0
201,110,10,1862.0,2147.0,446.0,0.0,285.0,2691.0,53.87965096417777,10433.291599999997,10487.171250964173,2004.0,47.0,21.0,228.0,144.0,30.0,27.0,0.0,72.0,3.0,135.0,18.0,0.0
201,111,10,1843.0,2132.0,434.0,0.0,340.0,2691.0,93.97346953294928,10044.849599999998,10138.823069532948,2004.0,47.0,21.0,228.0,144.0,30.0,27.0,0.0,72.0,3.0,135.0,18.0,0.0
201,112,10,1834.0,2088.0,512.0,0.0,273.0,2691.0,54.453788018399344,8946.791199999996,9001.244988018398,2004.0,47.0,21.0,228.0,144.0,30.0,27.0,0.0,72.0,3.0,135.0,18.0,0.0
201,113,10,1832.0,2124.0,458.0,0.0,310.0,2691.0,53.585987169057475,10489.537199999995,10543.123187169052,2004.0,47.0,21.0,228.0,144.0,30.0,27.0,0.0,72.0,3.0,135.0,18.0,0.0
201,114,10,1847.0,2127.0,462.0,0.0,300.0,2691.0,12.7429475552521,9741.443999999994,9754.186947555248,2004.0,47.0,21.0,228.0,144.0,30.0,27.0,0.0,72.0,3.0,135.0,18.0,0.0
201,115,10,1796.0,2146.0,447.0,0.0,325.0,2691.0,14.736055183383513,9088.473999999998,9103.210055183381,2004.0,47.0,21.0,228.0,144.0,30.0,27.0,0.0,72.0,3.0,135.0,18.0,0.0
201,116,10,1842.0,2145.0,443.0,0.0,328.0,2691.0,54.408088306053656,10613.985600000002,10668.393688306056,2004.0,47.0,21.0,228.0,144.0,30.0,27.0,0.0,72.0,3.0,135.0,18.0,0.0
201,117,10,1858.0,2110.0,485.0,0.0,328.0,2691.0,95.05445993554814,10531.487599999991,10626.542059935538,2004.0,47.0,21.0,228.0,144.0,30.0,27.0,0.0,72.0,3.0,135.0,18.0,0.0
201,118,10,1793.0,2158.0,435.0,0.0,308.0,2691.0,53.972994729154514,10567.025200000002,10620.998194729158,2004.0,47.0,21.0,228.0,144.0,30.0,27.0,0.0,72.0,3.0,135.0,18.0,0.0
201,119,10,1848.0,2146.0,439.0,0.0,278.0,2691.0,13.00530209083976,9501.832400000005,9514.837702090845,2004.0,47.0,21.0,228.0,144.0,30.0,27.0,0.0,72.0,3.0,135.0,18.0,0.0
202,0,1,1873.0,2089.0,503.0,0.0,280.0,2691.0,58.11033132450128,10133.225999999999,10191.3363313245,2004.0,47.0,21.0,228.0,144.0,30.0,27.0,0.0,72.0,3.0,135.0,18.0,0.0
202,1,1,1863.0,2134.0,460.0,0.0,359.0,2691.0,97.44964584804421,10993.5432,11090.992845848044,2004.0,47.0,21.0,228.0,144.0,30.0,27.0,0.0,72.0,3.0,135.0,18.0,0.0
202,2,1,1852.0,2098.0,488.0,0.0,345.0,2691.0,57.650104824955,10521.668000000005,10579.31810482496,2004.0,47.0,21.0,228.0,144.0,30.0,27.0,0.0,72.0,3.0,135.0,18.0,0.0
202,3,1,1849.0,2150.0,446.0,0.0,309.0,2691.0,57.721210893564276,11584.121999999992,11641.843210893556,2004.0,47.0,21.0,228.0,144.0,30.0,27.0,0.0,72.0,3.0,135.0,18.0,0.0
202,4,1,1825.0,2091.0,487.0,0.0,307.0,2691.0,57.359669576169814,11968.288799999995,12025.648469576165,2004.0,47.0,21.0,228.0,144.0,30.0,27.0,0.0,72.0,3.0,135.0,18.0,0.0
202,5,1,1860.0,2154.0,427.0,0.0,350.0,2691.0,16.693909101222662,12031.013999999992,12047.707909101213,2004.0,47.0,21.0,228.0,144.0,30.0,27.0,0.0,72.0,3.0,135.0,18.0,0.0
202,6,1,1836.0,2110.0,481.0,0.0,301.0,2691.0,59.250382005693105,10756.202799999997,10815.45318200569,2004.0,47.0,21.0,228.0,144.0,30.0,27.0,0.0,72.0,3.0,135.0,18.0,0.0
202,7,1,1833.0,2107.0,453.0,0.0,352.0,2691.0,18.42883860950799,10420.065199999994,10438.494038609502,2004.0,47.0,21.0,228.0,144.0,30.0,27.0,0.0,72.0,3.0,135.0,18.0,0.0
202,8,1,1829.0,2076.0,499.0,0.0,323.0,2691.0,57.99584969902821,11144.110399999994,11202.106249699022,2004.0,47.0,21.0,228.0,144.0,30.0,27.0,0.0,72.0,3.0,135.0,18.0,0.0
202,9,1,1910.0,2137.0,470.0,0.0,270.0,2691.0,57.70604125378618,11809.839199999997,11867.545241253783,2004.0,47.0,21.0,228.0,144.0,30.0,27.0,0.0,72.0,3.0,135.0,18.0,0.0
202,10,1,1880.0,2121.0,468.0,0.0,298.0,2691.0,56.849671983626955,10646.3168,10703.166471983626,2004.0,47.0,21.0,228.0,144.0,30.0,27.0,0.0,72.0,3.0,135.0,18.0,0.0
202,11,1,1836.0,2131.0,447.0,0.0,346.0,2691.0,97.06024561183665,11847.581199999997,11944.641445611833,2004.0,47.0,21.0,228.0,144.0,30.0,27.0,0.0,72.0,3.0,135.0,18.0,0.0
202,12,2,1866.0,2111.0,458.0,0.0,327.0,2691.0,57.292534569908845,9546.989199999996,9604.281734569906,2004.0,47.0,21.0,228.0,144.0,30.0,27.0,0.0,72.0,3.0,135.0,18.0,0.0
202,13,2,1902.0,2089.0,471.0,0.0,331.0,2691.0,17.107597221346435,11402.292399999998,11419.399997221346,2004.0,47.0,21.0,228.0,144.0,30.0,27.0,0.0,72.0,3.0,135.0,18.0,0.0
202,14,2,1895.0,2098.0,485.0,0.0,323.0,2691.0,59.51977642954477,11898.816799999993,11958.336576429538,2004.0,47.0,21.0,228.0,144.0,30.0,27.0,0.0,72.0,3.0,135.0,18.0,0.0
202,15,2,1848.0,2125.0,443.0,0.0,330.0,2691.0,58.31037532064107,11817.253999999997,11875.564375320637,2004.0,47.0,21.0,228.0,144.0,30.0,27.0,0.0,72.0,3.0,135.0,18.0,0.0
202,16,2,1832.0,2117.0,457.0,0.0,372.0,2691.0,57.40359575999632,9994.148399999993,10051.55199575999,2004.0,47.0,21.0,228.0,144.0,30.0,27.0,0.0,72.0,3.0,135.0,18.0,0.0
202,17,2,1818.0,2092.0,502.0,0.0,349.0,2691.0,178.61168372059066,11374.035999999998,11552.647683720588,2004.0,47.0,21.0,228.0,144.0,30.0,27.0,0.0,72.0,3.0,135.0,18.0,0.0
202,18,2,1872.0,2092.0,491.0,0.0,283.0,2691.0,16.270797557489296,11669.358799999993,11685.629597557481,2004.0,47.0,21.0,228.0,144.0,30.0,27.0,0.0,72.0,3.0,135.0,18.0,0.0
202,19,2,1902.0,2073.0,500.0,0.0,349.0,2691.0,17.501756524022717,11190.603199999994,11208.104956524016,2004.0,47.0,21.0,228.0,144.0,30.0,27.0,0.0,72.0,3.0,135.0,18.0,0.0
202,20,2,1849.0,2128.0,449.0,0.0,354.0,2691.0,17.02646054178333,11698.884399999988,11715.91086054177,2004.0,47.0,21.0,228.0,144.0,30.0,27.0,0.0,72.0,3.0,135.0,18.0,0.0
202,21,2,1868.0,2085.0,501.0,0.0,334.0,2691.0,99.10337726319445,10548.187599999997,10647.290977263194,2004.0,47.0,21.0,228.0,144.0,30.0,27.0,0.0,72.0,3.0,135.0,18.0,0.0
202,22,2,1901.0,2095.0,476.0,0.0,337.0,2691.0,97.02468936487465,9720.2016,9817.226289364875,2004.0,47.0,21.0,228.0,144.0,30.0,27.0,0.0,72.0,3.0,135.0,18.0,0.0
202,23,2,1881.0,2134.0,465.0,0.0,281.0,2691.0,58.2717631910007,11374.102799999999,11432.374563190999,2004.0,47.0,21.0,228.0,144.0,30.0,27.0,0.0,72.0,3.0,135.0,18.0,0.0
202,24,3,1901.0,2064.0,518.0,0.0,369.0,2691.0,139.11338721486524,11599.619600000002,11738.732987214866,2004.0,47.0,21.0,228.0,144.0,30.0,27.0,0.0,72.0,3.0,135.0,18.0,0.0
202,25,3,1800.0,2087.0,493.0,0.0,345.0,2691.0,18.134032604744128,12795.94079999999,12814.074832604736,2004.0,47.0,21.0,228.0,144.0,30.0,27.0,0.0,72.0,3.0,135.0,18.0,0.0
202,26,3,1882.0,2119.0,443.0,0.0,325.0,2691.0,15.552808702855842,10624.807199999997,10640.360008702854,2004.0,47.0,21.0,228.0,144.0,30.0,27.0,0.0,72.0,3.0,135.0,18.0,0.0
202,27,3,1838.0,2096.0,489.0,0.0,338.0,2691.0,16.25897480652941,11414.850799999998,11431.109774806528,2004.0,47.0,21.0,228.0,144.0,30.0,27.0,0.0,72.0,3.0,135.0,18.0,0.0
202,28,3,1865.0,2106.0,480.0,0.0,293.0,2691.0,99.52615372848548,12472.628799999997,12572.15495372848,2004.0,47.0,21.0,228.0,144.0,30.0,27.0,0.0,72.0,3.0,135.0,18.0,0.0
202,29,3,1861.0,2139.0,438.0,0.0,341.0,2691.0,98.2654469444848,11674.635999999999,11772.901446944481,2004.0,47.0,21.0,228.0,144.0,30.0,27.0,0.0,72.0,3.0,135.0,18.0,0.0
202,30,3,1828.0,2123.0,453.0,0.0,340.0,2691.0,58.60488628529097,10653.063600000001,10711.668486285294,2004.0,47.0,21.0,228.0,144.0,30.0,27.0,0.0,72.0,3.0,135.0,18.0,0.0
202,31,3,1867.0,2097.0,496.0,0.0,344.0,2691.0,17.279139348621353,11810.173199999994,11827.452339348614,2004.0,47.0,21.0,228.0,144.0,30.0,27.0,0.0,72.0,3.0,135.0,18.0,0.0
202,32,3,1851.0,2092.0,475.0,0.0,279.0,2691.0,16.704418973624957,9983.3936,10000.098018973626,2004.0,47.0,21.0,228.0,144.0,30.0,27.0,0.0,72.0,3.0,135.0,18.0,0.0
202,33,3,1844.0,2076.0,504.0,0.0,316.0,2691.0,58.903503805687954,10694.01199999999,10752.915503805678,2004.0,47.0,21.0,228.0,144.0,30.0,27.0,0.0,72.0,3.0,135.0,18.0,0.0
202,34,3,1849.0,2091.0,500.0,0.0,289.0,2691.0,16.30972281810505,9969.766399999997,9986.076122818104,2004.0,47.0,21.0,228.0,144.0,30.0,27.0,0.0,72.0,3.0,135.0,18.0,0.0
202,35,3,1888.0,2105.0,489.0,0.0,325.0,2691.0,17.27098705654175,11078.713199999997,11095.984187056538,2004.0,47.0,21.0,228.0,144.0,30.0,27.0,0.0,72.0,3.0,135.0,18.0,0.0
202,36,4,1837.0,2159.0,434.0,0.0,305.0,2691.0,57.06565487433327,11164.217199999992,11221.282854874325,2004.0,47.0,21.0,228.0,144.0,30.0,27.0,0.0,72.0,3.0,135.0,18.0,0.0
202,37,4,1850.0,2145.0,449.0,0.0,329.0,2691.0,97.62061135640205,12335.889199999996,12433.509811356398,2004.0,47.0,21.0,228.0,144.0,30.0,27.0,0.0,72.0,3.0,135.0,18.0,0.0
202,38,4,1836.0,2102.0,485.0,0.0,348.0,2691.0,16.639255340798798,11156.7356,11173.3748553408,2004.0,47.0,21.0,228.0,144.0,30.0,27.0,0.0,72.0,3.0,135.0,18.0,0.0
202,39,4,1835.0,2130.0,465.0,0.0,308.0,2691.0,18.024973567865676,10899.9564,10917.981373567864,2004.0,47.0,21.0,228.0,144.0,30.0,27.0,0.0,72.0,3.0,135.0,18.0,0.0
202,40,4,1857.0,2091.0,491.0,0.0,334.0,2691.0,96.94605085717727,10174.107599999996,10271.053650857173,2004.0,47.0,21.0,228.0,144.0,30.0,27.0,0.0,72.0,3.0,135.0,18.0,0.0
202,41,4,1866.0,2063.0,524.0,0.0,289.0,2691.0,57.233803816830026,12929.073199999992,12986.307003816823,2004.0,47.0,21.0,228.0,144.0,30.0,27.0,0.0,72.0,3.0,135.0,18.0,0.0
202,42,4,1841.0,2124.0,466.0,0.0,303.0,2691.0,17.401029869970753,11273.702399999995,11291.103429869965,2004.0,47.0,21.0,228.0,144.0,30.0,27.0,0.0,72.0,3.0,135.0,18.0,0.0
202,43,4,1828.0,2138.0,443.0,0.0,293.0,2691.0,96.23442413335836,11664.949999999997,11761.184424133357,2004.0,47.0,21.0,228.0,144.0,30.0,27.0,0.0,72.0,3.0,135.0,18.0,0.0
202,44,4,1883.0,2128.0,465.0,0.0,305.0,2691.0,16.10709356761815,11023.26919999999,11039.37629356761,2004.0,47.0,21.0,228.0,144.0,30.0,27.0,0.0,72.0,3.0,135.0,18.0,0.0
202,45,4,1923.0,2106.0,468.0,0.0,321.0,2691.0,59.37993360194598,11541.770800000002,11601.150733601948,2004.0,47.0,21.0,228.0,144.0,30.0,27.0,0.0,72.0,3.0,135.0,18.0,0.0
202,46,4,1842.0,2082.0,496.0,0.0,329.0,2691.0,17.32048749058987,11023.1356,11040.456087490587,2004.0,47.0,21.0,228.0,144.0,30.0,27.0,0.0,72.0,3.0,135.0,18.0,0.0
202,47,4,1874.0,2074.0,511.0,0.0,312.0,2691.0,16.505647110723906,11408.237599999995,11424.743247110719,2004.0,47.0,21.0,228.0,144.0,30.0,27.0,0.0,72.0,3.0,135.0,18.0,0.0
202,48,5,1859.0,2106.0,478.0,0.0,317.0,2691.0,100.30192235114109,11740.7012,11841.003122351141,2004.0,47.0,21.0,228.0,144.0,30.0,27.0,0.0,72.0,3.0,135.0,18.0,0.0
202,49,5,1845.0,2107.0,472.0,0.0,307.0,2691.0,139.2248198122218,10496.8184,10636.043219812222,2004.0,47.0,21.0,228.0,144.0,30.0,27.0,0.0,72.0,3.0,135.0,18.0,0.0
202,50,5,1905.0,2118.0,469.0,0.0,336.0,2691.0,15.84691256613614,10995.146399999994,11010.99331256613,2004.0,47.0,21.0,228.0,144.0,30.0,27.0,0.0,72.0,3.0,135.0,18.0,0.0
202,51,5,1846.0,2092.0,483.0,0.0,365.0,2691.0,18.019098766752048,11370.896399999998,11388.91549876675,2004.0,47.0,21.0,228.0,144.0,30.0,27.0,0.0,72.0,3.0,135.0,18.0,0.0
202,52,5,1848.0,2098.0,478.0,0.0,286.0,2691.0,97.81513301540852,11612.7792,11710.59433301541,2004.0,47.0,21.0,228.0,144.0,30.0,27.0,0.0,72.0,3.0,135.0,18.0,0.0
202,53,5,1860.0,2114.0,466.0,0.0,301.0,2691.0,16.62816602864227,13122.325599999993,13138.953766028637,2004.0,47.0,21.0,228.0,144.0,30.0,27.0,0.0,72.0,3.0,135.0,18.0,0.0
202,54,5,1865.0,2130.0,454.0,0.0,303.0,2691.0,97.32103594219035,11696.6132,11793.93423594219,2004.0,47.0,21.0,228.0,144.0,30.0,27.0,0.0,72.0,3.0,135.0,18.0,0.0
202,55,5,1885.0,2108.0,467.0,0.0,332.0,2691.0,57.45855942390572,10955.333599999998,11012.792159423905,2004.0,47.0,21.0,228.0,144.0,30.0,27.0,0.0,72.0,3.0,135.0,18.0,0.0
202,56,5,1839.0,2110.0,470.0,0.0,323.0,2691.0,18.91527400420212,10608.7752,10627.690474004201,2004.0,47.0,21.0,228.0,144.0,30.0,27.0,0.0,72.0,3.0,135.0,18.0,0.0
202,57,5,1852.0,2122.0,463.0,0.0,343.0,2691.0,16.976858415899716,10605.969599999993,10622.946458415892,2004.0,47.0,21.0,228.0,144.0,30.0,27.0,0.0,72.0,3.0,135.0,18.0,0.0
202,58,5,1856.0,2106.0,469.0,0.0,334.0,2691.0,57.33757003682656,11552.926399999993,11610.26397003682,2004.0,47.0,21.0,228.0,144.0,30.0,27.0,0.0,72.0,3.0,135.0,18.0,0.0
202,59,5,1830.0,2127.0,453.0,0.0,322.0,2691.0,55.95728529333621,10912.514799999999,10968.472085293335,2004.0,47.0,21.0,228.0,144.0,30.0,27.0,0.0,72.0,3.0,135.0,18.0,0.0
202,60,6,1840.0,2130.0,463.0,0.0,340.0,2691.0,57.62071298600525,11828.877199999995,11886.497912986002,2004.0,47.0,21.0,228.0,144.0,30.0,27.0,0.0,72.0,3.0,135.0,18.0,0.0
202,61,6,1854.0,2085.0,481.0,0.0,335.0,2691.0,98.2982105687763,10737.8996,10836.197810568776,2004.0,47.0,21.0,228.0,144.0,30.0,27.0,0.0,72.0,3.0,135.0,18.0,0.0
202,62,6,1843.0,2103.0,489.0,0.0,317.0,2691.0,15.92478616467685,10742.842799999997,10758.767586164675,2004.0,47.0,21.0,228.0,144.0,30.0,27.0,0.0,72.0,3.0,135.0,18.0,0.0
202,63,6,1852.0,2126.0,464.0,0.0,343.0,2691.0,58.138824690808846,10693.811599999995,10751.950424690804,2004.0,47.0,21.0,228.0,144.0,30.0,27.0,0.0,72.0,3.0,135.0,18.0,0.0
202,64,6,1887.0,2097.0,482.0,0.0,360.0,2691.0,15.917852646822787,10728.881599999993,10744.799452646816,2004.0,47.0,21.0,228.0,144.0,30.0,27.0,0.0,72.0,3.0,135.0,18.0,0.0
202,65,6,1853.0,2076.0,506.0,0.0,330.0,2691.0,98.58160570375324,11416.587599999992,11515.169205703745,2004.0,47.0,21.0,228.0,144.0,30.0,27.0,0.0,72.0,3.0,135.0,18.0,0.0
202,66,6,1865.0,2115.0,473.0,0.0,270.0,2691.0,98.6925739629121,10402.229599999995,10500.922173962907,2004.0,47.0,21.0,228.0,144.0,30.0,27.0,0.0,72.0,3.0,135.0,18.0,0.0
202,67,6,1854.0,2129.0,449.0,0.0,311.0,2691.0,57.775743729314264,10200.226400000003,10258.002143729318,2004.0,47.0,21.0,228.0,144.0,30.0,27.0,0.0,72.0,3.0,135.0,18.0,0.0
202,68,6,1855.0,2135.0,465.0,0.0,279.0,2691.0,97.47165597401147,9813.521199999996,9910.992855974006,2004.0,47.0,21.0,228.0,144.0,30.0,27.0,0.0,72.0,3.0,135.0,18.0,0.0
202,69,6,1911.0,2066.0,521.0,0.0,296.0,2691.0,17.715870800325227,11284.256799999994,11301.972670800318,2004.0,47.0,21.0,228.0,144.0,30.0,27.0,0.0,72.0,3.0,135.0,18.0,0.0
202,70,6,1844.0,2139.0,444.0,0.0,335.0,2691.0,15.929450907994593,11142.507200000004,11158.436650907997,2004.0,47.0,21.0,228.0,144.0,30.0,27.0,0.0,72.0,3.0,135.0,18.0,0.0
202,71,6,1848.0,2143.0,448.0,0.0,287.0,2691.0,97.75143109952634,10018.931200000003,10116.682631099527,2004.0,47.0,21.0,228.0,144.0,30.0,27.0,0.0,72.0,3.0,135.0,18.0,0.0
202,72,7,1847.0,2119.0,473.0,0.0,262.0,2691.0,57.357042868920544,12173.164399999992,12230.521442868912,2004.0,47.0,21.0,228.0,144.0,30.0,27.0,0.0,72.0,3.0,135.0,18.0,0.0
202,73,7,1867.0,2112.0,462.0,0.0,342.0,2691.0,56.52575549232378,10972.567999999996,11029.093755492318,2004.0,47.0,21.0,228.0,144.0,30.0,27.0,0.0,72.0,3.0,135.0,18.0,0.0
202,74,7,1834.0,2091.0,475.0,0.0,387.0,2691.0,140.23233443133788,12015.315999999995,12155.548334431332,2004.0,47.0,21.0,228.0,144.0,30.0,27.0,0.0,72.0,3.0,135.0,18.0,0.0
202,75,7,1826.0,2099.0,476.0,0.0,333.0,2691.0,57.2406467126565,12233.284399999997,12290.525046712653,2004.0,47.0,21.0,228.0,144.0,30.0,27.0,0.0,72.0,3.0,135.0,18.0,0.0
202,76,7,1824.0,2117.0,464.0,0.0,301.0,2691.0,100.3887468036712,11307.903999999995,11408.292746803665,2004.0,47.0,21.0,228.0,144.0,30.0,27.0,0.0,72.0,3.0,135.0,18.0,0.0
202,77,7,1865.0,2102.0,490.0,0.0,344.0,2691.0,17.232217324026834,12373.029999999995,12390.262217324022,2004.0,47.0,21.0,228.0,144.0,30.0,27.0,0.0,72.0,3.0,135.0,18.0,0.0
202,78,7,1867.0,2074.0,507.0,0.0,333.0,2691.0,98.57335842290375,11423.000399999994,11521.573758422895,2004.0,47.0,21.0,228.0,144.0,30.0,27.0,0.0,72.0,3.0,135.0,18.0,0.0
202,79,7,1885.0,2124.0,458.0,0.0,323.0,2691.0,97.17604946788661,11279.5808,11376.756849467885,2004.0,47.0,21.0,228.0,144.0,30.0,27.0,0.0,72.0,3.0,135.0,18.0,0.0
202,80,7,1838.0,2101.0,479.0,0.0,335.0,2691.0,98.23652023322612,11475.571999999995,11573.80852023322,2004.0,47.0,21.0,228.0,144.0,30.0,27.0,0.0,72.0,3.0,135.0,18.0,0.0
202,81,7,1776.0,2123.0,464.0,0.0,278.0,2691.0,16.336703529994118,10185.263199999994,10201.599903529986,2004.0,47.0,21.0,228.0,144.0,30.0,27.0,0.0,72.0,3.0,135.0,18.0,0.0
202,82,7,1854.0,2064.0,499.0,0.0,368.0,2691.0,57.60617971055539,11097.149999999992,11154.756179710548,2004.0,47.0,21.0,228.0,144.0,30.0,27.0,0.0,72.0,3.0,135.0,18.0,0.0
202,83,7,1844.0,2123.0,460.0,0.0,354.0,2691.0,18.535277267495843,11302.960799999995,11321.496077267491,2004.0,47.0,21.0,228.0,144.0,30.0,27.0,0.0,72.0,3.0,135.0,18.0,0.0
202,84,8,1896.0,2087.0,484.0,0.0,322.0,2691.0,56.80149256915514,10336.231199999998,10393.032692569153,2004.0,47.0,21.0,228.0,144.0,30.0,27.0,0.0,72.0,3.0,135.0,18.0,0.0
202,85,8,1872.0,2086.0,490.0,0.0,305.0,2691.0,56.37239058299774,12302.4892,12358.861590583,2004.0,47.0,21.0,228.0,144.0,30.0,27.0,0.0,72.0,3.0,135.0,18.0,0.0
202,86,8,1863.0,2124.0,460.0,0.0,318.0,2691.0,15.26716964886823,10373.1716,10388.438769648868,2004.0,47.0,21.0,228.0,144.0,30.0,27.0,0.0,72.0,3.0,135.0,18.0,0.0
202,87,8,1840.0,2090.0,488.0,0.0,323.0,2691.0,17.837752142849286,11810.774399999997,11828.612152142845,2004.0,47.0,21.0,228.0,144.0,30.0,27.0,0.0,72.0,3.0,135.0,18.0,0.0
202,88,8,1844.0,2131.0,459.0,0.0,312.0,2691.0,17.249237453827206,11396.5476,11413.796837453827,2004.0,47.0,21.0,228.0,144.0,30.0,27.0,0.0,72.0,3.0,135.0,18.0,0.0
202,89,8,1856.0,2105.0,464.0,0.0,309.0,2691.0,138.76193570437718,11799.218,11937.97993570438,2004.0,47.0,21.0,228.0,144.0,30.0,27.0,0.0,72.0,3.0,135.0,18.0,0.0
202,90,8,1885.0,2115.0,479.0,0.0,307.0,2691.0,137.11746774389255,10328.415599999998,10465.53306774389,2004.0,47.0,21.0,228.0,144.0,30.0,27.0,0.0,72.0,3.0,135.0,18.0,0.0
202,91,8,1880.0,2076.0,484.0,0.0,355.0,2691.0,58.06906227823883,10756.4032,10814.47226227824,2004.0,47.0,21.0,228.0,144.0,30.0,27.0,0.0,72.0,3.0,135.0,18.0,0.0
202,92,8,1837.0,2102.0,472.0,0.0,295.0,2691.0,98.74459752617058,11345.779599999994,11444.524197526163,2004.0,47.0,21.0,228.0,144.0,30.0,27.0,0.0,72.0,3.0,135.0,18.0,0.0
202,93,8,1844.0,2128.0,455.0,0.0,345.0,2691.0,57.213913201765735,11097.684399999998,11154.898313201764,2004.0,47.0,21.0,228.0,144.0,30.0,27.0,0.0,72.0,3.0,135.0,18.0,0.0
202,94,8,1859.0,2094.0,489.0,0.0,285.0,2691.0,56.489843732983665,11543.975199999993,11600.465043732976,2004.0,47.0,21.0,228.0,144.0,30.0,27.0,0.0,72.0,3.0,135.0,18.0,0.0
202,95,8,1852.0,2091.0,482.0,0.0,317.0,2691.0,17.98782804150385,11836.358799999996,11854.346628041501,2004.0,47.0,21.0,228.0,144.0,30.0,27.0,0.0,72.0,3.0,135.0,18.0,0.0
202,96,9,1865.0,2100.0,485.0,0.0,324.0,2691.0,98.60494712961534,9955.4044,10054.009347129617,2004.0,47.0,21.0,228.0,144.0,30.0,27.0,0.0,72.0,3.0,135.0,18.0,0.0
202,97,9,1840.0,2055.0,504.0,0.0,349.0,2691.0,58.590159513091976,11719.592399999998,11778.18255951309,2004.0,47.0,21.0,228.0,144.0,30.0,27.0,0.0,72.0,3.0,135.0,18.0,0.0
202,98,9,1829.0,2119.0,476.0,0.0,349.0,2691.0,100.39494425581745,11122.734399999998,11223.129344255814,2004.0,47.0,21.0,228.0,144.0,30.0,27.0,0.0,72.0,3.0,135.0,18.0,0.0
202,99,9,1841.0,2137.0,450.0,0.0,360.0,2691.0,58.46812659622922,10039.906399999998,10098.374526596228,2004.0,47.0,21.0,228.0,144.0,30.0,27.0,0.0,72.0,3.0,135.0,18.0,0.0
202,100,9,1812.0,2128.0,447.0,0.0,302.0,2691.0,57.73252721864963,11162.547200000003,11220.279727218653,2004.0,47.0,21.0,228.0,144.0,30.0,27.0,0.0,72.0,3.0,135.0,18.0,0.0
202,101,9,1855.0,2075.0,511.0,0.0,344.0,2691.0,96.13241350864067,11028.011999999997,11124.144413508637,2004.0,47.0,21.0,228.0,144.0,30.0,27.0,0.0,72.0,3.0,135.0,18.0,0.0
202,102,9,1854.0,2096.0,494.0,0.0,324.0,2691.0,17.13419188496611,11380.983199999999,11398.117391884964,2004.0,47.0,21.0,228.0,144.0,30.0,27.0,0.0,72.0,3.0,135.0,18.0,0.0
202,103,9,1870.0,2091.0,485.0,0.0,319.0,2691.0,57.381110140915936,11101.425199999998,11158.806310140913,2004.0,47.0,21.0,228.0,144.0,30.0,27.0,0.0,72.0,3.0,135.0,18.0,0.0
202,104,9,1887.0,2108.0,473.0,0.0,283.0,2691.0,139.6671425059314,9445.987600000002,9585.654742505934,2004.0,47.0,21.0,228.0,144.0,30.0,27.0,0.0,72.0,3.0,135.0,18.0,0.0
202,105,9,1865.0,2088.0,476.0,0.0,356.0,2691.0,57.51652494849191,11579.178800000003,11636.695324948494,2004.0,47.0,21.0,228.0,144.0,30.0,27.0,0.0,72.0,3.0,135.0,18.0,0.0
202,106,9,1843.0,2072.0,478.0,0.0,325.0,2691.0,97.91352310766376,9683.996,9781.909523107664,2004.0,47.0,21.0,228.0,144.0,30.0,27.0,0.0,72.0,3.0,135.0,18.0,0.0
202,107,9,1840.0,2123.0,451.0,0.0,324.0,2691.0,58.97052797482995,10744.512799999997,10803.483327974827,2004.0,47.0,21.0,228.0,144.0,30.0,27.0,0.0,72.0,3.0,135.0,18.0,0.0
202,108,10,1894.0,2123.0,464.0,0.0,308.0,2691.0,58.097748637989326,12805.42639999999,12863.52414863798,2004.0,47.0,21.0,228.0,144.0,30.0,27.0,0.0,72.0,3.0,135.0,18.0,0.0
202,109,10,1862.0,2136.0,459.0,0.0,310.0,2691.0,57.7984665798236,11882.985199999996,11940.783666579819,2004.0,47.0,21.0,228.0,144.0,30.0,27.0,0.0,72.0,3.0,135.0,18.0,0.0
202,110,10,1843.0,2114.0,452.0,0.0,372.0,2691.0,98.63933164599922,11785.390399999997,11884.029731645996,2004.0,47.0,21.0,228.0,144.0,30.0,27.0,0.0,72.0,3.0,135.0,18.0,0.0
202,111,10,1834.0,2071.0,527.0,0.0,307.0,2691.0,59.63601786273338,10129.685599999999,10189.321617862734,2004.0,47.0,21.0,228.0,144.0,30.0,27.0,0.0,72.0,3.0,135.0,18.0,0.0
202,112,10,1832.0,2118.0,462.0,0.0,335.0,2691.0,57.06352275700238,12184.253199999992,12241.316722756994,2004.0,47.0,21.0,228.0,144.0,30.0,27.0,0.0,72.0,3.0,135.0,18.0,0.0
202,113,10,1847.0,2118.0,472.0,0.0,319.0,2691.0,16.92457183048767,11051.191599999995,11068.116171830481,2004.0,47.0,21.0,228.0,144.0,30.0,27.0,0.0,72.0,3.0,135.0,18.0,0.0
202,114,10,1796.0,2121.0,471.0,0.0,335.0,2691.0,17.430487747379374,10521.801599999999,10539.23208774738,2004.0,47.0,21.0,228.0,144.0,30.0,27.0,0.0,72.0,3.0,135.0,18.0,0.0
202,115,10,1842.0,2137.0,450.0,0.0,350.0,2691.0,58.22308056244077,11894.0072,11952.23028056244,2004.0,47.0,21.0,228.0,144.0,30.0,27.0,0.0,72.0,3.0,135.0,18.0,0.0
202,116,10,1858.0,2104.0,489.0,0.0,349.0,2691.0,138.46638055682857,11216.454799999994,11354.921180556821,2004.0,47.0,21.0,228.0,144.0,30.0,27.0,0.0,72.0,3.0,135.0,18.0,0.0
202,117,10,1793.0,2147.0,445.0,0.0,325.0,2691.0,56.43150683051866,11868.7568,11925.188306830518,2004.0,47.0,21.0,228.0,144.0,30.0,27.0,0.0,72.0,3.0,135.0,18.0,0.0
202,118,10,1848.0,2124.0,461.0,0.0,314.0,2691.0,16.55907516684222,10296.151200000004,10312.710275166846,2004.0,47.0,21.0,228.0,144.0,30.0,27.0,0.0,72.0,3.0,135.0,18.0,0.0
202,119,10,1828.0,2080.0,509.0,0.0,297.0,2691.0,18.408090555102515,10473.571999999993,10491.980090555095,2004.0,47.0,21.0,228.0,144.0,30.0,27.0,0.0,72.0,3.0,135.0,18.0,0.0
203,0,1,1863.0,2128.0,466.0,0.0,347.0,2691.0,100.67125024363334,9281.192000000006,9381.863250243641,2004.0,47.0,21.0,228.0,144.0,30.0,27.0,0.0,72.0,3.0,135.0,18.0,0.0
203,1,1,1852.0,2106.0,480.0,0.0,335.0,2691.0,60.893663571635244,8602.504000000008,8663.397663571643,2004.0,47.0,21.0,228.0,144.0,30.0,27.0,0.0,72.0,3.0,135.0,18.0,0.0
203,2,1,1849.0,2157.0,439.0,0.0,301.0,2691.0,101.75388541234693,9895.818799999997,9997.572685412344,2004.0,47.0,21.0,228.0,144.0,30.0,27.0,0.0,72.0,3.0,135.0,18.0,0.0
203,3,1,1825.0,2095.0,482.0,0.0,297.0,2691.0,20.61407607679213,9888.9384,9909.552476076791,2004.0,47.0,21.0,228.0,144.0,30.0,27.0,0.0,72.0,3.0,135.0,18.0,0.0
203,4,1,1860.0,2150.0,431.0,0.0,332.0,2691.0,20.237346899961338,10239.504799999993,10259.742146899955,2004.0,47.0,21.0,228.0,144.0,30.0,27.0,0.0,72.0,3.0,135.0,18.0,0.0
203,5,1,1836.0,2115.0,476.0,0.0,287.0,2691.0,62.522910321769054,9067.966400000001,9130.48931032177,2004.0,47.0,21.0,228.0,144.0,30.0,27.0,0.0,72.0,3.0,135.0,18.0,0.0
203,6,1,1833.0,2113.0,446.0,0.0,326.0,2691.0,21.539182820025847,8885.802799999998,8907.341982820024,2004.0,47.0,21.0,228.0,144.0,30.0,27.0,0.0,72.0,3.0,135.0,18.0,0.0
203,7,1,1829.0,2088.0,487.0,0.0,314.0,2691.0,101.2059203532804,9694.015999999994,9795.221920353273,2004.0,47.0,21.0,228.0,144.0,30.0,27.0,0.0,72.0,3.0,135.0,18.0,0.0
203,8,1,1910.0,2145.0,461.0,0.0,262.0,2691.0,61.203482099335204,9633.895999999999,9695.099482099333,2004.0,47.0,21.0,228.0,144.0,30.0,27.0,0.0,72.0,3.0,135.0,18.0,0.0
203,9,1,1880.0,2119.0,470.0,0.0,291.0,2691.0,60.62705809521576,8775.248800000005,8835.875858095222,2004.0,47.0,21.0,228.0,144.0,30.0,27.0,0.0,72.0,3.0,135.0,18.0,0.0
203,10,1,1836.0,2138.0,440.0,0.0,334.0,2691.0,100.10074689745247,9798.958799999999,9899.059546897452,2004.0,47.0,21.0,228.0,144.0,30.0,27.0,0.0,72.0,3.0,135.0,18.0,0.0
203,11,1,1866.0,2117.0,452.0,0.0,316.0,2691.0,100.4765947974254,8268.837999999998,8369.314594797424,2004.0,47.0,21.0,228.0,144.0,30.0,27.0,0.0,72.0,3.0,135.0,18.0,0.0
203,12,2,1902.0,2090.0,470.0,0.0,323.0,2691.0,20.307575664081362,9390.8108,9411.118375664078,2004.0,47.0,21.0,228.0,144.0,30.0,27.0,0.0,72.0,3.0,135.0,18.0,0.0
203,13,2,1895.0,2107.0,476.0,0.0,316.0,2691.0,61.76448143358012,10169.498399999993,10231.262881433573,2004.0,47.0,21.0,228.0,144.0,30.0,27.0,0.0,72.0,3.0,135.0,18.0,0.0
203,14,2,1848.0,2127.0,441.0,0.0,319.0,2691.0,60.66809766848735,9717.1956,9777.863697668487,2004.0,47.0,21.0,228.0,144.0,30.0,27.0,0.0,72.0,3.0,135.0,18.0,0.0
203,15,2,1832.0,2127.0,446.0,0.0,360.0,2691.0,20.107079788738844,7966.701599999998,7986.808679788737,2004.0,47.0,21.0,228.0,144.0,30.0,27.0,0.0,72.0,3.0,135.0,18.0,0.0
203,16,2,1818.0,2097.0,496.0,0.0,341.0,2691.0,141.13647679894478,9626.0804,9767.216876798946,2004.0,47.0,21.0,228.0,144.0,30.0,27.0,0.0,72.0,3.0,135.0,18.0,0.0
203,17,2,1872.0,2101.0,482.0,0.0,277.0,2691.0,19.441130422948675,9705.705999999995,9725.147130422942,2004.0,47.0,21.0,228.0,144.0,30.0,27.0,0.0,72.0,3.0,135.0,18.0,0.0
203,18,2,1902.0,2082.0,490.0,0.0,331.0,2691.0,20.629451682079434,9894.883599999994,9915.513051682074,2004.0,47.0,21.0,228.0,144.0,30.0,27.0,0.0,72.0,3.0,135.0,18.0,0.0
203,19,2,1849.0,2143.0,434.0,0.0,326.0,2691.0,20.57120237707599,9942.845999999987,9963.417202377064,2004.0,47.0,21.0,228.0,144.0,30.0,27.0,0.0,72.0,3.0,135.0,18.0,0.0
203,20,2,1868.0,2094.0,492.0,0.0,326.0,2691.0,103.83826426434469,9069.6364,9173.474664264344,2004.0,47.0,21.0,228.0,144.0,30.0,27.0,0.0,72.0,3.0,135.0,18.0,0.0
203,21,2,1901.0,2118.0,453.0,0.0,330.0,2691.0,99.01475890938863,8156.213200000004,8255.227958909392,2004.0,47.0,21.0,228.0,144.0,30.0,27.0,0.0,72.0,3.0,135.0,18.0,0.0
203,22,2,1881.0,2141.0,456.0,0.0,272.0,2691.0,60.88187137531584,9002.970000000001,9063.851871375318,2004.0,47.0,21.0,228.0,144.0,30.0,27.0,0.0,72.0,3.0,135.0,18.0,0.0
203,23,2,1901.0,2060.0,522.0,0.0,352.0,2691.0,102.58930906218218,9870.367999999999,9972.957309062182,2004.0,47.0,21.0,228.0,144.0,30.0,27.0,0.0,72.0,3.0,135.0,18.0,0.0
203,24,3,1800.0,2105.0,475.0,0.0,330.0,2691.0,20.3340559568691,10135.764399999996,10156.098455956864,2004.0,47.0,21.0,228.0,144.0,30.0,27.0,0.0,72.0,3.0,135.0,18.0,0.0
203,25,3,1882.0,2101.0,461.0,0.0,314.0,2691.0,19.027354954674085,8689.544399999999,8708.571754954673,2004.0,47.0,21.0,228.0,144.0,30.0,27.0,0.0,72.0,3.0,135.0,18.0,0.0
203,26,3,1838.0,2104.0,481.0,0.0,333.0,2691.0,19.366129471382663,9556.8756,9576.241729471381,2004.0,47.0,21.0,228.0,144.0,30.0,27.0,0.0,72.0,3.0,135.0,18.0,0.0
203,27,3,1865.0,2131.0,454.0,0.0,271.0,2691.0,103.66937688648939,10039.906399999998,10143.575776886486,2004.0,47.0,21.0,228.0,144.0,30.0,27.0,0.0,72.0,3.0,135.0,18.0,0.0
203,28,3,1861.0,2136.0,441.0,0.0,332.0,2691.0,101.34067552578918,8978.588000000003,9079.928675525793,2004.0,47.0,21.0,228.0,144.0,30.0,27.0,0.0,72.0,3.0,135.0,18.0,0.0
203,29,3,1828.0,2129.0,447.0,0.0,323.0,2691.0,60.91345316645715,8789.076400000004,8849.989853166462,2004.0,47.0,21.0,228.0,144.0,30.0,27.0,0.0,72.0,3.0,135.0,18.0,0.0
203,30,3,1867.0,2104.0,487.0,0.0,335.0,2691.0,19.609558011593673,9445.787199999999,9465.396758011593,2004.0,47.0,21.0,228.0,144.0,30.0,27.0,0.0,72.0,3.0,135.0,18.0,0.0
203,31,3,1851.0,2098.0,469.0,0.0,269.0,2691.0,59.68569504066134,8573.379200000001,8633.064895040663,2004.0,47.0,21.0,228.0,144.0,30.0,27.0,0.0,72.0,3.0,135.0,18.0,0.0
203,32,3,1844.0,2073.0,507.0,0.0,307.0,2691.0,62.726017614948276,9032.762799999993,9095.48881761494,2004.0,47.0,21.0,228.0,144.0,30.0,27.0,0.0,72.0,3.0,135.0,18.0,0.0
203,33,3,1849.0,2099.0,492.0,0.0,284.0,2691.0,18.867734306563104,8666.8992,8685.766934306563,2004.0,47.0,21.0,228.0,144.0,30.0,27.0,0.0,72.0,3.0,135.0,18.0,0.0
203,34,3,1888.0,2108.0,486.0,0.0,319.0,2691.0,21.284458356700046,9623.207999999997,9644.492458356697,2004.0,47.0,21.0,228.0,144.0,30.0,27.0,0.0,72.0,3.0,135.0,18.0,0.0
203,35,3,1837.0,2156.0,436.0,0.0,301.0,2691.0,60.05984321332988,9560.081999999997,9620.141843213325,2004.0,47.0,21.0,228.0,144.0,30.0,27.0,0.0,72.0,3.0,135.0,18.0,0.0
203,36,4,1850.0,2137.0,457.0,0.0,315.0,2691.0,60.431581569661674,9755.338399999997,9815.76998156966,2004.0,47.0,21.0,228.0,144.0,30.0,27.0,0.0,72.0,3.0,135.0,18.0,0.0
203,37,4,1836.0,2100.0,487.0,0.0,337.0,2691.0,20.732616135294,9204.171600000005,9224.904216135299,2004.0,47.0,21.0,228.0,144.0,30.0,27.0,0.0,72.0,3.0,135.0,18.0,0.0
203,38,4,1835.0,2132.0,463.0,0.0,298.0,2691.0,61.63985458924014,9231.426,9293.06585458924,2004.0,47.0,21.0,228.0,144.0,30.0,27.0,0.0,72.0,3.0,135.0,18.0,0.0
203,39,4,1857.0,2096.0,486.0,0.0,331.0,2691.0,59.89879866997008,8510.32,8570.218798669968,2004.0,47.0,21.0,228.0,144.0,30.0,27.0,0.0,72.0,3.0,135.0,18.0,0.0
203,40,4,1866.0,2074.0,512.0,0.0,283.0,2691.0,101.19252426464118,10828.012799999997,10929.205324264636,2004.0,47.0,21.0,228.0,144.0,30.0,27.0,0.0,72.0,3.0,135.0,18.0,0.0
203,41,4,1841.0,2130.0,459.0,0.0,292.0,2691.0,21.236825189907567,9167.030799999999,9188.267625189907,2004.0,47.0,21.0,228.0,144.0,30.0,27.0,0.0,72.0,3.0,135.0,18.0,0.0
203,42,4,1828.0,2142.0,438.0,0.0,283.0,2691.0,58.06257287123175,9226.148800000003,9284.211372871232,2004.0,47.0,21.0,228.0,144.0,30.0,27.0,0.0,72.0,3.0,135.0,18.0,0.0
203,43,4,1883.0,2133.0,460.0,0.0,286.0,2691.0,18.817020525248257,9185.734799999993,9204.551820525241,2004.0,47.0,21.0,228.0,144.0,30.0,27.0,0.0,72.0,3.0,135.0,18.0,0.0
203,44,4,1923.0,2108.0,466.0,0.0,313.0,2691.0,22.98796241444199,10335.830400000004,10358.818362414446,2004.0,47.0,21.0,228.0,144.0,30.0,27.0,0.0,72.0,3.0,135.0,18.0,0.0
203,45,4,1842.0,2083.0,493.0,0.0,323.0,2691.0,20.41747170899471,8838.708800000004,8859.126271709,2004.0,47.0,21.0,228.0,144.0,30.0,27.0,0.0,72.0,3.0,135.0,18.0,0.0
203,46,4,1874.0,2088.0,495.0,0.0,303.0,2691.0,18.737157824372986,9066.429999999997,9085.16715782437,2004.0,47.0,21.0,228.0,144.0,30.0,27.0,0.0,72.0,3.0,135.0,18.0,0.0
203,47,4,1859.0,2108.0,476.0,0.0,310.0,2691.0,103.70647485253319,9638.037600000003,9741.744074852537,2004.0,47.0,21.0,228.0,144.0,30.0,27.0,0.0,72.0,3.0,135.0,18.0,0.0
203,48,5,1845.0,2118.0,461.0,0.0,299.0,2691.0,142.8107247833401,9074.446,9217.25672478334,2004.0,47.0,21.0,228.0,144.0,30.0,27.0,0.0,72.0,3.0,135.0,18.0,0.0
203,49,5,1905.0,2138.0,447.0,0.0,334.0,2691.0,19.023250349019392,9218.065999999999,9237.089250349018,2004.0,47.0,21.0,228.0,144.0,30.0,27.0,0.0,72.0,3.0,135.0,18.0,0.0
203,50,5,1846.0,2094.0,481.0,0.0,355.0,2691.0,21.49876988412946,9301.833200000001,9323.33196988413,2004.0,47.0,21.0,228.0,144.0,30.0,27.0,0.0,72.0,3.0,135.0,18.0,0.0
203,51,5,1848.0,2103.0,473.0,0.0,272.0,2691.0,142.40946713985304,9444.050400000004,9586.459867139856,2004.0,47.0,21.0,228.0,144.0,30.0,27.0,0.0,72.0,3.0,135.0,18.0,0.0
203,52,5,1860.0,2107.0,473.0,0.0,296.0,2691.0,21.02470064511381,11140.503199999996,11161.52790064511,2004.0,47.0,21.0,228.0,144.0,30.0,27.0,0.0,72.0,3.0,135.0,18.0,0.0
203,53,5,1865.0,2124.0,460.0,0.0,294.0,2691.0,101.90519818407208,10159.0776,10260.982798184072,2004.0,47.0,21.0,228.0,144.0,30.0,27.0,0.0,72.0,3.0,135.0,18.0,0.0
203,54,5,1885.0,2108.0,467.0,0.0,321.0,2691.0,61.05226945008721,8472.845200000002,8533.897469450088,2004.0,47.0,21.0,228.0,144.0,30.0,27.0,0.0,72.0,3.0,135.0,18.0,0.0
203,55,5,1839.0,2108.0,472.0,0.0,316.0,2691.0,22.72168980817286,8941.046399999997,8963.76808980817,2004.0,47.0,21.0,228.0,144.0,30.0,27.0,0.0,72.0,3.0,135.0,18.0,0.0
203,56,5,1852.0,2121.0,464.0,0.0,330.0,2691.0,18.86450388167635,8457.6816,8476.546103881676,2004.0,47.0,21.0,228.0,144.0,30.0,27.0,0.0,72.0,3.0,135.0,18.0,0.0
203,57,5,1856.0,2111.0,464.0,0.0,326.0,2691.0,21.28203887687872,9328.1524,9349.43443887688,2004.0,47.0,21.0,228.0,144.0,30.0,27.0,0.0,72.0,3.0,135.0,18.0,0.0
203,58,5,1830.0,2136.0,444.0,0.0,313.0,2691.0,60.147027948369285,8817.533199999998,8877.680227948367,2004.0,47.0,21.0,228.0,144.0,30.0,27.0,0.0,72.0,3.0,135.0,18.0,0.0
203,59,5,1840.0,2131.0,460.0,0.0,329.0,2691.0,101.23883683137436,10477.246000000001,10578.484836831376,2004.0,47.0,21.0,228.0,144.0,30.0,27.0,0.0,72.0,3.0,135.0,18.0,0.0
203,60,6,1854.0,2093.0,474.0,0.0,322.0,2691.0,101.76783486416525,9057.879600000004,9159.647434864168,2004.0,47.0,21.0,228.0,144.0,30.0,27.0,0.0,72.0,3.0,135.0,18.0,0.0
203,61,6,1843.0,2111.0,481.0,0.0,315.0,2691.0,60.44077316158319,8663.559200000003,8723.999973161586,2004.0,47.0,21.0,228.0,144.0,30.0,27.0,0.0,72.0,3.0,135.0,18.0,0.0
203,62,6,1852.0,2121.0,469.0,0.0,334.0,2691.0,60.63721685252967,8346.526399999997,8407.163616852527,2004.0,47.0,21.0,228.0,144.0,30.0,27.0,0.0,72.0,3.0,135.0,18.0,0.0
203,63,6,1887.0,2093.0,486.0,0.0,357.0,2691.0,19.093905238318023,9376.582399999998,9395.676305238316,2004.0,47.0,21.0,228.0,144.0,30.0,27.0,0.0,72.0,3.0,135.0,18.0,0.0
203,64,6,1853.0,2079.0,504.0,0.0,318.0,2691.0,101.97157762424254,9407.243599999994,9509.215177624239,2004.0,47.0,21.0,228.0,144.0,30.0,27.0,0.0,72.0,3.0,135.0,18.0,0.0
203,65,6,1865.0,2124.0,463.0,0.0,261.0,2691.0,102.11950171975957,8659.751599999998,8761.871101719758,2004.0,47.0,21.0,228.0,144.0,30.0,27.0,0.0,72.0,3.0,135.0,18.0,0.0
203,66,6,1854.0,2128.0,449.0,0.0,299.0,2691.0,101.61015634025591,8596.826000000003,8698.43615634026,2004.0,47.0,21.0,228.0,144.0,30.0,27.0,0.0,72.0,3.0,135.0,18.0,0.0
203,67,6,1855.0,2130.0,470.0,0.0,278.0,2691.0,101.24026616210716,8022.2792,8123.519466162107,2004.0,47.0,21.0,228.0,144.0,30.0,27.0,0.0,72.0,3.0,135.0,18.0,0.0
203,68,6,1911.0,2064.0,522.0,0.0,291.0,2691.0,21.60707744399259,9828.617999999995,9850.225077443987,2004.0,47.0,21.0,228.0,144.0,30.0,27.0,0.0,72.0,3.0,135.0,18.0,0.0
203,69,6,1844.0,2142.0,441.0,0.0,324.0,2691.0,59.00432329790131,9464.491200000002,9523.495523297905,2004.0,47.0,21.0,228.0,144.0,30.0,27.0,0.0,72.0,3.0,135.0,18.0,0.0
203,70,6,1848.0,2144.0,447.0,0.0,271.0,2691.0,61.02987370249541,8361.623200000004,8422.653073702499,2004.0,47.0,21.0,228.0,144.0,30.0,27.0,0.0,72.0,3.0,135.0,18.0,0.0
203,71,6,1847.0,2125.0,465.0,0.0,252.0,2691.0,101.34041875855533,9966.960799999995,10068.301218758552,2004.0,47.0,21.0,228.0,144.0,30.0,27.0,0.0,72.0,3.0,135.0,18.0,0.0
203,72,7,1867.0,2116.0,457.0,0.0,331.0,2691.0,59.79141625656236,9467.697599999998,9527.48901625656,2004.0,47.0,21.0,228.0,144.0,30.0,27.0,0.0,72.0,3.0,135.0,18.0,0.0
203,73,7,1834.0,2101.0,465.0,0.0,365.0,2691.0,103.15861851842993,9967.361599999997,10070.520218518426,2004.0,47.0,21.0,228.0,144.0,30.0,27.0,0.0,72.0,3.0,135.0,18.0,0.0
203,74,7,1826.0,2099.0,476.0,0.0,317.0,2691.0,60.28346568123349,10151.3288,10211.612265681231,2004.0,47.0,21.0,228.0,144.0,30.0,27.0,0.0,72.0,3.0,135.0,18.0,0.0
203,75,7,1824.0,2122.0,459.0,0.0,292.0,2691.0,62.881786197489006,9565.960399999998,9628.842186197488,2004.0,47.0,21.0,228.0,144.0,30.0,27.0,0.0,72.0,3.0,135.0,18.0,0.0
203,76,7,1865.0,2095.0,497.0,0.0,331.0,2691.0,100.98849782702415,10124.341600000003,10225.330097827027,2004.0,47.0,21.0,228.0,144.0,30.0,27.0,0.0,72.0,3.0,135.0,18.0,0.0
203,77,7,1867.0,2071.0,510.0,0.0,329.0,2691.0,102.16652476984471,9600.629599999997,9702.79612476984,2004.0,47.0,21.0,228.0,144.0,30.0,27.0,0.0,72.0,3.0,135.0,18.0,0.0
203,78,7,1885.0,2129.0,452.0,0.0,312.0,2691.0,100.47259754466648,9775.311599999999,9875.784197544666,2004.0,47.0,21.0,228.0,144.0,30.0,27.0,0.0,72.0,3.0,135.0,18.0,0.0
203,79,7,1838.0,2102.0,478.0,0.0,321.0,2691.0,61.44608192233147,9855.738800000003,9917.184881922334,2004.0,47.0,21.0,228.0,144.0,30.0,27.0,0.0,72.0,3.0,135.0,18.0,0.0
203,80,7,1776.0,2129.0,457.0,0.0,272.0,2691.0,19.354583918464602,8363.961199999998,8383.315783918464,2004.0,47.0,21.0,228.0,144.0,30.0,27.0,0.0,72.0,3.0,135.0,18.0,0.0
203,81,7,1854.0,2065.0,498.0,0.0,355.0,2691.0,19.968738403572353,9262.755199999996,9282.72393840357,2004.0,47.0,21.0,228.0,144.0,30.0,27.0,0.0,72.0,3.0,135.0,18.0,0.0
203,82,7,1844.0,2126.0,456.0,0.0,347.0,2691.0,21.372544368193786,8997.2252,9018.597744368195,2004.0,47.0,21.0,228.0,144.0,30.0,27.0,0.0,72.0,3.0,135.0,18.0,0.0
203,83,7,1896.0,2087.0,483.0,0.0,310.0,2691.0,101.51698487108956,8706.711999999998,8808.228984871086,2004.0,47.0,21.0,228.0,144.0,30.0,27.0,0.0,72.0,3.0,135.0,18.0,0.0
203,84,8,1872.0,2094.0,481.0,0.0,295.0,2691.0,60.20299983671213,9921.0692,9981.272199836712,2004.0,47.0,21.0,228.0,144.0,30.0,27.0,0.0,72.0,3.0,135.0,18.0,0.0
203,85,8,1863.0,2121.0,461.0,0.0,304.0,2691.0,18.925925451073383,8683.666000000005,8702.591925451077,2004.0,47.0,21.0,228.0,144.0,30.0,27.0,0.0,72.0,3.0,135.0,18.0,0.0
203,86,8,1840.0,2106.0,472.0,0.0,310.0,2691.0,20.84400341975708,9257.678399999999,9278.522403419756,2004.0,47.0,21.0,228.0,144.0,30.0,27.0,0.0,72.0,3.0,135.0,18.0,0.0
203,87,8,1844.0,2155.0,435.0,0.0,306.0,2691.0,20.163334934450955,8961.620800000008,8981.784134934458,2004.0,47.0,21.0,228.0,144.0,30.0,27.0,0.0,72.0,3.0,135.0,18.0,0.0
203,88,8,1856.0,2104.0,464.0,0.0,303.0,2691.0,142.75066709992956,9720.602400000003,9863.353067099933,2004.0,47.0,21.0,228.0,144.0,30.0,27.0,0.0,72.0,3.0,135.0,18.0,0.0
203,89,8,1885.0,2121.0,471.0,0.0,296.0,2691.0,140.4379445111892,8801.835200000003,8942.273144511193,2004.0,47.0,21.0,228.0,144.0,30.0,27.0,0.0,72.0,3.0,135.0,18.0,0.0
203,90,8,1880.0,2076.0,484.0,0.0,352.0,2691.0,102.20249255565354,9181.125600000003,9283.328092555656,2004.0,47.0,21.0,228.0,144.0,30.0,27.0,0.0,72.0,3.0,135.0,18.0,0.0
203,91,8,1837.0,2109.0,464.0,0.0,284.0,2691.0,104.15019529629569,9583.061199999995,9687.21139529629,2004.0,47.0,21.0,228.0,144.0,30.0,27.0,0.0,72.0,3.0,135.0,18.0,0.0
203,92,8,1844.0,2136.0,447.0,0.0,333.0,2691.0,60.72588973822603,8628.4892,8689.215089738227,2004.0,47.0,21.0,228.0,144.0,30.0,27.0,0.0,72.0,3.0,135.0,18.0,0.0
203,93,8,1859.0,2103.0,480.0,0.0,274.0,2691.0,19.11390552915784,9299.895999999997,9319.009905529154,2004.0,47.0,21.0,228.0,144.0,30.0,27.0,0.0,72.0,3.0,135.0,18.0,0.0
203,94,8,1852.0,2099.0,473.0,0.0,302.0,2691.0,21.25271161509277,10527.6132,10548.865911615092,2004.0,47.0,21.0,228.0,144.0,30.0,27.0,0.0,72.0,3.0,135.0,18.0,0.0
203,95,8,1865.0,2105.0,479.0,0.0,313.0,2691.0,61.4822189433459,8373.580400000006,8435.06261894335,2004.0,47.0,21.0,228.0,144.0,30.0,27.0,0.0,72.0,3.0,135.0,18.0,0.0
203,96,9,1840.0,2072.0,487.0,0.0,339.0,2691.0,62.22544359015217,9947.7892,10010.014643590152,2004.0,47.0,21.0,228.0,144.0,30.0,27.0,0.0,72.0,3.0,135.0,18.0,0.0
203,97,9,1829.0,2133.0,462.0,0.0,342.0,2691.0,62.460474242183444,8860.218399999996,8922.67887424218,2004.0,47.0,21.0,228.0,144.0,30.0,27.0,0.0,72.0,3.0,135.0,18.0,0.0
203,98,9,1841.0,2145.0,442.0,0.0,359.0,2691.0,61.76223544901868,8663.6928,8725.455035449018,2004.0,47.0,21.0,228.0,144.0,30.0,27.0,0.0,72.0,3.0,135.0,18.0,0.0
203,99,9,1812.0,2123.0,453.0,0.0,282.0,2691.0,60.2980264371039,10362.817600000006,10423.11562643711,2004.0,47.0,21.0,228.0,144.0,30.0,27.0,0.0,72.0,3.0,135.0,18.0,0.0
203,100,9,1855.0,2084.0,502.0,0.0,334.0,2691.0,99.19219761803905,8745.7232,8844.91539761804,2004.0,47.0,21.0,228.0,144.0,30.0,27.0,0.0,72.0,3.0,135.0,18.0,0.0
203,101,9,1854.0,2093.0,498.0,0.0,319.0,2691.0,20.685782068620593,9803.3008,9823.986582068621,2004.0,47.0,21.0,228.0,144.0,30.0,27.0,0.0,72.0,3.0,135.0,18.0,0.0
203,102,9,1870.0,2090.0,486.0,0.0,313.0,2691.0,19.543176342080976,9683.5952,9703.138376342082,2004.0,47.0,21.0,228.0,144.0,30.0,27.0,0.0,72.0,3.0,135.0,18.0,0.0
203,103,9,1887.0,2113.0,468.0,0.0,267.0,2691.0,143.01706287906936,7832.834400000002,7975.851462879071,2004.0,47.0,21.0,228.0,144.0,30.0,27.0,0.0,72.0,3.0,135.0,18.0,0.0
203,104,9,1865.0,2090.0,474.0,0.0,336.0,2691.0,61.123231811203595,9606.307600000004,9667.430831811209,2004.0,47.0,21.0,228.0,144.0,30.0,27.0,0.0,72.0,3.0,135.0,18.0,0.0
203,105,9,1843.0,2078.0,472.0,0.0,324.0,2691.0,101.59455506201829,8360.153600000001,8461.74815506202,2004.0,47.0,21.0,228.0,144.0,30.0,27.0,0.0,72.0,3.0,135.0,18.0,0.0
203,106,9,1840.0,2125.0,449.0,0.0,321.0,2691.0,103.57084072689452,9063.357199999999,9166.928040726893,2004.0,47.0,21.0,228.0,144.0,30.0,27.0,0.0,72.0,3.0,135.0,18.0,0.0
203,107,9,1894.0,2125.0,462.0,0.0,304.0,2691.0,63.625737209950586,11106.769199999992,11170.394937209941,2004.0,47.0,21.0,228.0,144.0,30.0,27.0,0.0,72.0,3.0,135.0,18.0,0.0
203,108,10,1862.0,2140.0,455.0,0.0,292.0,2691.0,61.77234366581413,10062.284399999997,10124.056743665811,2004.0,47.0,21.0,228.0,144.0,30.0,27.0,0.0,72.0,3.0,135.0,18.0,0.0
203,109,10,1843.0,2119.0,447.0,0.0,350.0,2691.0,101.22993490329483,9996.085599999999,10097.315534903293,2004.0,47.0,21.0,228.0,144.0,30.0,27.0,0.0,72.0,3.0,135.0,18.0,0.0
203,110,10,1834.0,2077.0,521.0,0.0,301.0,2691.0,62.45838802830198,8552.003200000001,8614.461588028304,2004.0,47.0,21.0,228.0,144.0,30.0,27.0,0.0,72.0,3.0,135.0,18.0,0.0
203,111,10,1832.0,2078.0,501.0,0.0,322.0,2691.0,101.01283219250931,9368.499599999994,9469.512432192503,2004.0,47.0,21.0,228.0,144.0,30.0,27.0,0.0,72.0,3.0,135.0,18.0,0.0
203,112,10,1847.0,2111.0,478.0,0.0,312.0,2691.0,19.734133990985782,9491.611999999997,9511.346133990983,2004.0,47.0,21.0,228.0,144.0,30.0,27.0,0.0,72.0,3.0,135.0,18.0,0.0
203,113,10,1796.0,2132.0,460.0,0.0,326.0,2691.0,21.477639869049433,8838.7756,8860.25323986905,2004.0,47.0,21.0,228.0,144.0,30.0,27.0,0.0,72.0,3.0,135.0,18.0,0.0
203,114,10,1842.0,2134.0,453.0,0.0,343.0,2691.0,61.52768126104826,10055.938400000003,10117.46608126105,2004.0,47.0,21.0,228.0,144.0,30.0,27.0,0.0,72.0,3.0,135.0,18.0,0.0
203,115,10,1858.0,2107.0,486.0,0.0,344.0,2691.0,142.38730918273103,9884.529599999994,10026.916909182728,2004.0,47.0,21.0,228.0,144.0,30.0,27.0,0.0,72.0,3.0,135.0,18.0,0.0
203,116,10,1793.0,2143.0,449.0,0.0,317.0,2691.0,100.1255620558273,9770.0344,9870.15996205583,2004.0,47.0,21.0,228.0,144.0,30.0,27.0,0.0,72.0,3.0,135.0,18.0,0.0
203,117,10,1848.0,2127.0,456.0,0.0,303.0,2691.0,19.5914987757852,8268.637600000005,8288.229098775791,2004.0,47.0,21.0,228.0,144.0,30.0,27.0,0.0,72.0,3.0,135.0,18.0,0.0
203,118,10,1828.0,2087.0,503.0,0.0,284.0,2691.0,22.180867449418116,9061.219599999997,9083.400467449415,2004.0,47.0,21.0,228.0,144.0,30.0,27.0,0.0,72.0,3.0,135.0,18.0,0.0
203,119,10,1820.0,2089.0,481.0,0.0,261.0,2691.0,61.79912254543444,9888.871599999999,9950.67072254543,2004.0,47.0,21.0,228.0,144.0,30.0,27.0,0.0,72.0,3.0,135.0,18.0,0.0
204,0,1,1852.0,2099.0,486.0,0.0,338.0,2691.0,58.92184607469095,9126.683600000008,9185.605446074696,2004.0,47.0,21.0,228.0,144.0,30.0,27.0,0.0,72.0,3.0,135.0,18.0,0.0
204,1,1,1849.0,2158.0,438.0,0.0,302.0,2691.0,99.68582608162745,10812.181199999997,10911.867026081625,2004.0,47.0,21.0,228.0,144.0,30.0,27.0,0.0,72.0,3.0,135.0,18.0,0.0
204,2,1,1825.0,2092.0,486.0,0.0,298.0,2691.0,59.45758391603755,10561.146799999995,10620.604383916034,2004.0,47.0,21.0,228.0,144.0,30.0,27.0,0.0,72.0,3.0,135.0,18.0,0.0
204,3,1,1860.0,2147.0,434.0,0.0,330.0,2691.0,16.444226859347623,10467.626799999989,10484.07102685934,2004.0,47.0,21.0,228.0,144.0,30.0,27.0,0.0,72.0,3.0,135.0,18.0,0.0
204,4,1,1836.0,2116.0,475.0,0.0,289.0,2691.0,60.324393462843084,10071.302399999999,10131.626793462841,2004.0,47.0,21.0,228.0,144.0,30.0,27.0,0.0,72.0,3.0,135.0,18.0,0.0
204,5,1,1833.0,2109.0,450.0,0.0,329.0,2691.0,60.77806265181103,9933.159999999996,9993.938062651807,2004.0,47.0,21.0,228.0,144.0,30.0,27.0,0.0,72.0,3.0,135.0,18.0,0.0
204,6,1,1829.0,2077.0,498.0,0.0,314.0,2691.0,100.02727656382324,10628.414399999994,10728.441676563816,2004.0,47.0,21.0,228.0,144.0,30.0,27.0,0.0,72.0,3.0,135.0,18.0,0.0
204,7,1,1910.0,2147.0,459.0,0.0,262.0,2691.0,59.12746235292694,9773.507999999998,9832.635462352926,2004.0,47.0,21.0,228.0,144.0,30.0,27.0,0.0,72.0,3.0,135.0,18.0,0.0
204,8,1,1880.0,2119.0,470.0,0.0,286.0,2691.0,58.36040392747947,9604.904799999998,9663.265203927478,2004.0,47.0,21.0,228.0,144.0,30.0,27.0,0.0,72.0,3.0,135.0,18.0,0.0
204,9,1,1836.0,2138.0,441.0,0.0,333.0,2691.0,98.62460006228504,11097.818,11196.442600062284,2004.0,47.0,21.0,228.0,144.0,30.0,27.0,0.0,72.0,3.0,135.0,18.0,0.0
204,10,1,1866.0,2113.0,455.0,0.0,320.0,2691.0,58.146810106804146,8659.684799999997,8717.831610106801,2004.0,47.0,21.0,228.0,144.0,30.0,27.0,0.0,72.0,3.0,135.0,18.0,0.0
204,11,1,1902.0,2093.0,466.0,0.0,321.0,2691.0,18.23513792773151,9842.4456,9860.68073792773,2004.0,47.0,21.0,228.0,144.0,30.0,27.0,0.0,72.0,3.0,135.0,18.0,0.0
204,12,2,1895.0,2099.0,482.0,0.0,313.0,2691.0,60.189244964085944,10858.740799999994,10918.93004496408,2004.0,47.0,21.0,228.0,144.0,30.0,27.0,0.0,72.0,3.0,135.0,18.0,0.0
204,13,2,1848.0,2128.0,439.0,0.0,324.0,2691.0,59.90237312568575,10546.116799999998,10606.019173125684,2004.0,47.0,21.0,228.0,144.0,30.0,27.0,0.0,72.0,3.0,135.0,18.0,0.0
204,14,2,1832.0,2127.0,447.0,0.0,360.0,2691.0,58.899534675014394,8983.931999999995,9042.83153467501,2004.0,47.0,21.0,228.0,144.0,30.0,27.0,0.0,72.0,3.0,135.0,18.0,0.0
204,15,2,1818.0,2100.0,493.0,0.0,343.0,2691.0,181.01159007371717,10261.615600000001,10442.627190073717,2004.0,47.0,21.0,228.0,144.0,30.0,27.0,0.0,72.0,3.0,135.0,18.0,0.0
204,16,2,1872.0,2097.0,486.0,0.0,273.0,2691.0,17.820124608949545,10550.325199999992,10568.145324608942,2004.0,47.0,21.0,228.0,144.0,30.0,27.0,0.0,72.0,3.0,135.0,18.0,0.0
204,17,2,1902.0,2075.0,497.0,0.0,327.0,2691.0,18.813470955045794,10701.159599999995,10719.97307095504,2004.0,47.0,21.0,228.0,144.0,30.0,27.0,0.0,72.0,3.0,135.0,18.0,0.0
204,18,2,1849.0,2145.0,432.0,0.0,317.0,2691.0,18.65695013397928,10633.624799999987,10652.281750133967,2004.0,47.0,21.0,228.0,144.0,30.0,27.0,0.0,72.0,3.0,135.0,18.0,0.0
204,19,2,1868.0,2088.0,497.0,0.0,329.0,2691.0,100.80753249004394,10150.794399999999,10251.601932490043,2004.0,47.0,21.0,228.0,144.0,30.0,27.0,0.0,72.0,3.0,135.0,18.0,0.0
204,20,2,1901.0,2111.0,461.0,0.0,333.0,2691.0,98.32429756276997,8954.139200000001,9052.46349756277,2004.0,47.0,21.0,228.0,144.0,30.0,27.0,0.0,72.0,3.0,135.0,18.0,0.0
204,21,2,1881.0,2143.0,455.0,0.0,272.0,2691.0,99.04974835784378,10016.7936,10115.843348357845,2004.0,47.0,21.0,228.0,144.0,30.0,27.0,0.0,72.0,3.0,135.0,18.0,0.0
204,22,2,1901.0,2074.0,508.0,0.0,351.0,2691.0,59.82948921471683,10505.168400000002,10564.997889214717,2004.0,47.0,21.0,228.0,144.0,30.0,27.0,0.0,72.0,3.0,135.0,18.0,0.0
204,23,2,1800.0,2099.0,481.0,0.0,337.0,2691.0,19.76185365533724,11541.503599999995,11561.265453655331,2004.0,47.0,21.0,228.0,144.0,30.0,27.0,0.0,72.0,3.0,135.0,18.0,0.0
204,24,3,1882.0,2105.0,457.0,0.0,320.0,2691.0,17.998720011367883,9106.109199999999,9124.107920011367,2004.0,47.0,21.0,228.0,144.0,30.0,27.0,0.0,72.0,3.0,135.0,18.0,0.0
204,25,3,1838.0,2104.0,479.0,0.0,332.0,2691.0,17.66254098721956,10516.992000000002,10534.65454098722,2004.0,47.0,21.0,228.0,144.0,30.0,27.0,0.0,72.0,3.0,135.0,18.0,0.0
204,26,3,1865.0,2122.0,463.0,0.0,272.0,2691.0,61.05851287276339,10764.485999999999,10825.544512872762,2004.0,47.0,21.0,228.0,144.0,30.0,27.0,0.0,72.0,3.0,135.0,18.0,0.0
204,27,3,1861.0,2147.0,430.0,0.0,329.0,2691.0,99.76420025944633,10059.011199999997,10158.775400259445,2004.0,47.0,21.0,228.0,144.0,30.0,27.0,0.0,72.0,3.0,135.0,18.0,0.0
204,28,3,1828.0,2124.0,451.0,0.0,322.0,2691.0,59.86480615549931,9456.341600000002,9516.206406155501,2004.0,47.0,21.0,228.0,144.0,30.0,27.0,0.0,72.0,3.0,135.0,18.0,0.0
204,29,3,1867.0,2100.0,492.0,0.0,335.0,2691.0,18.851131481839047,10331.488399999998,10350.339531481837,2004.0,47.0,21.0,228.0,144.0,30.0,27.0,0.0,72.0,3.0,135.0,18.0,0.0
204,30,3,1851.0,2105.0,463.0,0.0,269.0,2691.0,58.833380058036234,9281.526,9340.359380058035,2004.0,47.0,21.0,228.0,144.0,30.0,27.0,0.0,72.0,3.0,135.0,18.0,0.0
204,31,3,1844.0,2080.0,500.0,0.0,305.0,2691.0,60.578897619836376,9856.406799999992,9916.985697619828,2004.0,47.0,21.0,228.0,144.0,30.0,27.0,0.0,72.0,3.0,135.0,18.0,0.0
204,32,3,1849.0,2113.0,478.0,0.0,285.0,2691.0,18.4171638227306,9772.105199999998,9790.522363822729,2004.0,47.0,21.0,228.0,144.0,30.0,27.0,0.0,72.0,3.0,135.0,18.0,0.0
204,33,3,1888.0,2103.0,491.0,0.0,321.0,2691.0,19.806719338452744,10454.667599999997,10474.47431933845,2004.0,47.0,21.0,228.0,144.0,30.0,27.0,0.0,72.0,3.0,135.0,18.0,0.0
204,34,3,1837.0,2147.0,446.0,0.0,298.0,2691.0,98.32743953788261,10246.184799999992,10344.512239537875,2004.0,47.0,21.0,228.0,144.0,30.0,27.0,0.0,72.0,3.0,135.0,18.0,0.0
204,35,3,1850.0,2138.0,456.0,0.0,315.0,2691.0,57.913577086629004,10499.089599999996,10557.003177086626,2004.0,47.0,21.0,228.0,144.0,30.0,27.0,0.0,72.0,3.0,135.0,18.0,0.0
204,36,4,1836.0,2103.0,484.0,0.0,342.0,2691.0,18.702964468123234,10400.826800000003,10419.529764468127,2004.0,47.0,21.0,228.0,144.0,30.0,27.0,0.0,72.0,3.0,135.0,18.0,0.0
204,37,4,1835.0,2141.0,454.0,0.0,303.0,2691.0,60.84773441338227,10287.4004,10348.248134413383,2004.0,47.0,21.0,228.0,144.0,30.0,27.0,0.0,72.0,3.0,135.0,18.0,0.0
204,38,4,1857.0,2098.0,484.0,0.0,326.0,2691.0,58.057600301651,9139.041599999997,9197.099200301647,2004.0,47.0,21.0,228.0,144.0,30.0,27.0,0.0,72.0,3.0,135.0,18.0,0.0
204,39,4,1866.0,2078.0,508.0,0.0,283.0,2691.0,99.06548821801431,11495.478399999996,11594.543888218011,2004.0,47.0,21.0,228.0,144.0,30.0,27.0,0.0,72.0,3.0,135.0,18.0,0.0
204,40,4,1841.0,2118.0,472.0,0.0,289.0,2691.0,19.764471425079023,9897.622399999997,9917.386871425077,2004.0,47.0,21.0,228.0,144.0,30.0,27.0,0.0,72.0,3.0,135.0,18.0,0.0
204,41,4,1828.0,2142.0,438.0,0.0,285.0,2691.0,98.20551881483163,10110.046400000001,10208.251918814833,2004.0,47.0,21.0,228.0,144.0,30.0,27.0,0.0,72.0,3.0,135.0,18.0,0.0
204,42,4,1883.0,2129.0,463.0,0.0,287.0,2691.0,16.762727592789744,9940.97559999999,9957.73832759278,2004.0,47.0,21.0,228.0,144.0,30.0,27.0,0.0,72.0,3.0,135.0,18.0,0.0
204,43,4,1923.0,2112.0,463.0,0.0,308.0,2691.0,61.457150602734885,11174.4376,11235.894750602734,2004.0,47.0,21.0,228.0,144.0,30.0,27.0,0.0,72.0,3.0,135.0,18.0,0.0
204,44,4,1842.0,2083.0,492.0,0.0,323.0,2691.0,18.87926474161619,9758.478,9777.357264741615,2004.0,47.0,21.0,228.0,144.0,30.0,27.0,0.0,72.0,3.0,135.0,18.0,0.0
204,45,4,1874.0,2080.0,504.0,0.0,304.0,2691.0,17.073609716425196,9769.833999999997,9786.907609716422,2004.0,47.0,21.0,228.0,144.0,30.0,27.0,0.0,72.0,3.0,135.0,18.0,0.0
204,46,4,1859.0,2113.0,471.0,0.0,310.0,2691.0,101.61501282025432,10504.634000000004,10606.249012820257,2004.0,47.0,21.0,228.0,144.0,30.0,27.0,0.0,72.0,3.0,135.0,18.0,0.0
204,47,4,1845.0,2112.0,467.0,0.0,299.0,2691.0,140.74308772203614,9832.625999999998,9973.369087722036,2004.0,47.0,21.0,228.0,144.0,30.0,27.0,0.0,72.0,3.0,135.0,18.0,0.0
204,48,5,1905.0,2131.0,454.0,0.0,338.0,2691.0,18.32547325732357,9749.593599999997,9767.91907325732,2004.0,47.0,21.0,228.0,144.0,30.0,27.0,0.0,72.0,3.0,135.0,18.0,0.0
204,49,5,1846.0,2080.0,495.0,0.0,357.0,2691.0,19.356392490083383,9821.871200000005,9841.22759249009,2004.0,47.0,21.0,228.0,144.0,30.0,27.0,0.0,72.0,3.0,135.0,18.0,0.0
204,50,5,1848.0,2099.0,477.0,0.0,272.0,2691.0,99.83623036628205,10448.722400000002,10548.558630366284,2004.0,47.0,21.0,228.0,144.0,30.0,27.0,0.0,72.0,3.0,135.0,18.0,0.0
204,51,5,1860.0,2112.0,468.0,0.0,296.0,2691.0,60.408067077242656,12124.667599999995,12185.075667077237,2004.0,47.0,21.0,228.0,144.0,30.0,27.0,0.0,72.0,3.0,135.0,18.0,0.0
204,52,5,1865.0,2107.0,477.0,0.0,287.0,2691.0,59.354055682416366,10969.562,11028.916055682417,2004.0,47.0,21.0,228.0,144.0,30.0,27.0,0.0,72.0,3.0,135.0,18.0,0.0
204,53,5,1885.0,2109.0,466.0,0.0,318.0,2691.0,59.28952265507246,9168.901199999998,9228.190722655072,2004.0,47.0,21.0,228.0,144.0,30.0,27.0,0.0,72.0,3.0,135.0,18.0,0.0
204,54,5,1839.0,2110.0,470.0,0.0,322.0,2691.0,20.65203719691081,9310.183199999998,9330.835237196909,2004.0,47.0,21.0,228.0,144.0,30.0,27.0,0.0,72.0,3.0,135.0,18.0,0.0
204,55,5,1852.0,2125.0,460.0,0.0,332.0,2691.0,17.96553394441829,9111.319599999995,9129.285133944413,2004.0,47.0,21.0,228.0,144.0,30.0,27.0,0.0,72.0,3.0,135.0,18.0,0.0
204,56,5,1856.0,2103.0,472.0,0.0,336.0,2691.0,60.301253677989905,10237.433999999994,10297.735253677985,2004.0,47.0,21.0,228.0,144.0,30.0,27.0,0.0,72.0,3.0,135.0,18.0,0.0
204,57,5,1830.0,2147.0,433.0,0.0,326.0,2691.0,59.23263099967176,9897.088,9956.320630999671,2004.0,47.0,21.0,228.0,144.0,30.0,27.0,0.0,72.0,3.0,135.0,18.0,0.0
204,58,5,1840.0,2133.0,459.0,0.0,335.0,2691.0,59.41130615506861,11454.129199999998,11513.540506155066,2004.0,47.0,21.0,228.0,144.0,30.0,27.0,0.0,72.0,3.0,135.0,18.0,0.0
204,59,5,1854.0,2083.0,483.0,0.0,327.0,2691.0,100.28385974314148,9844.249200000002,9944.533059743144,2004.0,47.0,21.0,228.0,144.0,30.0,27.0,0.0,72.0,3.0,135.0,18.0,0.0
204,60,6,1843.0,2110.0,482.0,0.0,308.0,2691.0,58.83053785940211,9419.601600000002,9478.432137859403,2004.0,47.0,21.0,228.0,144.0,30.0,27.0,0.0,72.0,3.0,135.0,18.0,0.0
204,61,6,1852.0,2124.0,465.0,0.0,334.0,2691.0,59.27051100835851,9450.997599999995,9510.268111008354,2004.0,47.0,21.0,228.0,144.0,30.0,27.0,0.0,72.0,3.0,135.0,18.0,0.0
204,62,6,1887.0,2102.0,477.0,0.0,356.0,2691.0,17.1932726232151,9678.384799999994,9695.57807262321,2004.0,47.0,21.0,228.0,144.0,30.0,27.0,0.0,72.0,3.0,135.0,18.0,0.0
204,63,6,1853.0,2076.0,507.0,0.0,316.0,2691.0,59.322275015717224,10356.137599999991,10415.45987501571,2004.0,47.0,21.0,228.0,144.0,30.0,27.0,0.0,72.0,3.0,135.0,18.0,0.0
204,64,6,1865.0,2107.0,480.0,0.0,263.0,2691.0,17.62151714399242,9271.171999999999,9288.793517143991,2004.0,47.0,21.0,228.0,144.0,30.0,27.0,0.0,72.0,3.0,135.0,18.0,0.0
204,65,6,1854.0,2123.0,454.0,0.0,292.0,2691.0,60.25184921545804,10151.195199999998,10211.447049215458,2004.0,47.0,21.0,228.0,144.0,30.0,27.0,0.0,72.0,3.0,135.0,18.0,0.0
204,66,6,1855.0,2133.0,467.0,0.0,275.0,2691.0,99.61407052910266,9086.4032,9186.017270529102,2004.0,47.0,21.0,228.0,144.0,30.0,27.0,0.0,72.0,3.0,135.0,18.0,0.0
204,67,6,1911.0,2075.0,511.0,0.0,296.0,2691.0,19.477894781176992,10500.826399999994,10520.304294781172,2004.0,47.0,21.0,228.0,144.0,30.0,27.0,0.0,72.0,3.0,135.0,18.0,0.0
204,68,6,1844.0,2143.0,440.0,0.0,319.0,2691.0,57.152035114414,10413.919600000001,10471.071635114416,2004.0,47.0,21.0,228.0,144.0,30.0,27.0,0.0,72.0,3.0,135.0,18.0,0.0
204,69,6,1848.0,2143.0,447.0,0.0,276.0,2691.0,59.200384053266845,9045.855600000003,9105.055984053268,2004.0,47.0,21.0,228.0,144.0,30.0,27.0,0.0,72.0,3.0,135.0,18.0,0.0
204,70,6,1847.0,2126.0,464.0,0.0,254.0,2691.0,99.84872674791391,10971.165199999994,11071.013926747908,2004.0,47.0,21.0,228.0,144.0,30.0,27.0,0.0,72.0,3.0,135.0,18.0,0.0
204,71,6,1867.0,2117.0,456.0,0.0,331.0,2691.0,58.65152807076552,10642.642799999998,10701.294328070762,2004.0,47.0,21.0,228.0,144.0,30.0,27.0,0.0,72.0,3.0,135.0,18.0,0.0
204,72,7,1834.0,2092.0,474.0,0.0,370.0,2691.0,102.08074099075893,11358.671999999997,11460.752740990756,2004.0,47.0,21.0,228.0,144.0,30.0,27.0,0.0,72.0,3.0,135.0,18.0,0.0
204,73,7,1826.0,2096.0,479.0,0.0,307.0,2691.0,99.87302462089909,10913.650399999995,11013.523424620893,2004.0,47.0,21.0,228.0,144.0,30.0,27.0,0.0,72.0,3.0,135.0,18.0,0.0
204,74,7,1824.0,2120.0,461.0,0.0,293.0,2691.0,60.3426042026989,10450.058399999996,10510.401004202695,2004.0,47.0,21.0,228.0,144.0,30.0,27.0,0.0,72.0,3.0,135.0,18.0,0.0
204,75,7,1865.0,2111.0,481.0,0.0,336.0,2691.0,18.424493501456144,10769.896799999999,10788.321293501456,2004.0,47.0,21.0,228.0,144.0,30.0,27.0,0.0,72.0,3.0,135.0,18.0,0.0
204,76,7,1867.0,2081.0,500.0,0.0,330.0,2691.0,100.6610916987202,10729.215599999996,10829.876691698715,2004.0,47.0,21.0,228.0,144.0,30.0,27.0,0.0,72.0,3.0,135.0,18.0,0.0
204,77,7,1885.0,2123.0,456.0,0.0,315.0,2691.0,98.75492902386112,10476.3776,10575.13252902386,2004.0,47.0,21.0,228.0,144.0,30.0,27.0,0.0,72.0,3.0,135.0,18.0,0.0
204,78,7,1838.0,2122.0,458.0,0.0,321.0,2691.0,58.743044451935134,10585.261600000002,10644.004644451936,2004.0,47.0,21.0,228.0,144.0,30.0,27.0,0.0,72.0,3.0,135.0,18.0,0.0
204,79,7,1776.0,2123.0,463.0,0.0,272.0,2691.0,18.528744231910988,9539.641199999998,9558.169944231908,2004.0,47.0,21.0,228.0,144.0,30.0,27.0,0.0,72.0,3.0,135.0,18.0,0.0
204,80,7,1854.0,2070.0,493.0,0.0,360.0,2691.0,18.348212951084182,9805.772399999998,9824.120612951083,2004.0,47.0,21.0,228.0,144.0,30.0,27.0,0.0,72.0,3.0,135.0,18.0,0.0
204,81,7,1844.0,2125.0,456.0,0.0,346.0,2691.0,20.356283889928545,10439.103199999998,10459.459483889927,2004.0,47.0,21.0,228.0,144.0,30.0,27.0,0.0,72.0,3.0,135.0,18.0,0.0
204,82,7,1896.0,2093.0,477.0,0.0,309.0,2691.0,17.65123365712325,9382.327199999996,9399.978433657121,2004.0,47.0,21.0,228.0,144.0,30.0,27.0,0.0,72.0,3.0,135.0,18.0,0.0
204,83,7,1872.0,2110.0,466.0,0.0,288.0,2691.0,57.875250414696325,10544.246400000005,10602.121650414701,2004.0,47.0,21.0,228.0,144.0,30.0,27.0,0.0,72.0,3.0,135.0,18.0,0.0
204,84,8,1863.0,2121.0,460.0,0.0,309.0,2691.0,16.990243863175444,9887.402000000002,9904.392243863176,2004.0,47.0,21.0,228.0,144.0,30.0,27.0,0.0,72.0,3.0,135.0,18.0,0.0
204,85,8,1840.0,2094.0,484.0,0.0,315.0,2691.0,19.165112402763327,10752.795999999997,10771.96111240276,2004.0,47.0,21.0,228.0,144.0,30.0,27.0,0.0,72.0,3.0,135.0,18.0,0.0
204,86,8,1844.0,2150.0,440.0,0.0,303.0,2691.0,18.17883897450676,9853.868400000005,9872.047238974512,2004.0,47.0,21.0,228.0,144.0,30.0,27.0,0.0,72.0,3.0,135.0,18.0,0.0
204,87,8,1856.0,2117.0,451.0,0.0,313.0,2691.0,141.01314173703173,11434.289599999993,11575.302741737025,2004.0,47.0,21.0,228.0,144.0,30.0,27.0,0.0,72.0,3.0,135.0,18.0,0.0
204,88,8,1885.0,2114.0,478.0,0.0,298.0,2691.0,139.65315013471647,9740.5088,9880.161950134716,2004.0,47.0,21.0,228.0,144.0,30.0,27.0,0.0,72.0,3.0,135.0,18.0,0.0
204,89,8,1880.0,2074.0,486.0,0.0,350.0,2691.0,59.91411090163834,9898.958400000003,9958.872510901641,2004.0,47.0,21.0,228.0,144.0,30.0,27.0,0.0,72.0,3.0,135.0,18.0,0.0
204,90,8,1837.0,2105.0,468.0,0.0,293.0,2691.0,101.17439081895274,10158.943999999994,10260.118390818947,2004.0,47.0,21.0,228.0,144.0,30.0,27.0,0.0,72.0,3.0,135.0,18.0,0.0
204,91,8,1844.0,2134.0,449.0,0.0,332.0,2691.0,58.950289022630734,9358.412799999998,9417.36308902263,2004.0,47.0,21.0,228.0,144.0,30.0,27.0,0.0,72.0,3.0,135.0,18.0,0.0
204,92,8,1859.0,2102.0,482.0,0.0,275.0,2691.0,17.73345578204717,10645.648799999994,10663.38225578204,2004.0,47.0,21.0,228.0,144.0,30.0,27.0,0.0,72.0,3.0,135.0,18.0,0.0
204,93,8,1852.0,2093.0,479.0,0.0,306.0,2691.0,19.358623428314907,11221.932399999998,11241.291023428312,2004.0,47.0,21.0,228.0,144.0,30.0,27.0,0.0,72.0,3.0,135.0,18.0,0.0
204,94,8,1865.0,2109.0,475.0,0.0,312.0,2691.0,59.07214593581403,9349.461600000002,9408.533745935816,2004.0,47.0,21.0,228.0,144.0,30.0,27.0,0.0,72.0,3.0,135.0,18.0,0.0
204,95,8,1840.0,2066.0,493.0,0.0,337.0,2691.0,60.118199758665504,10899.0212,10959.139399758664,2004.0,47.0,21.0,228.0,144.0,30.0,27.0,0.0,72.0,3.0,135.0,18.0,0.0
204,96,9,1829.0,2140.0,454.0,0.0,335.0,2691.0,61.559508064463834,10485.261999999995,10546.821508064457,2004.0,47.0,21.0,228.0,144.0,30.0,27.0,0.0,72.0,3.0,135.0,18.0,0.0
204,97,9,1841.0,2145.0,442.0,0.0,349.0,2691.0,59.54019399560056,9305.240000000002,9364.7801939956,2004.0,47.0,21.0,228.0,144.0,30.0,27.0,0.0,72.0,3.0,135.0,18.0,0.0
204,98,9,1812.0,2123.0,454.0,0.0,284.0,2691.0,58.44101809676215,11199.821600000007,11258.262618096767,2004.0,47.0,21.0,228.0,144.0,30.0,27.0,0.0,72.0,3.0,135.0,18.0,0.0
204,99,9,1855.0,2084.0,502.0,0.0,339.0,2691.0,97.50989255603358,9410.049200000001,9507.559092556035,2004.0,47.0,21.0,228.0,144.0,30.0,27.0,0.0,72.0,3.0,135.0,18.0,0.0
204,100,9,1854.0,2112.0,479.0,0.0,314.0,2691.0,60.45252827326645,10327.680800000004,10388.13332827327,2004.0,47.0,21.0,228.0,144.0,30.0,27.0,0.0,72.0,3.0,135.0,18.0,0.0
204,101,9,1870.0,2088.0,488.0,0.0,317.0,2691.0,59.15669245318869,10276.445200000002,10335.601892453189,2004.0,47.0,21.0,228.0,144.0,30.0,27.0,0.0,72.0,3.0,135.0,18.0,0.0
204,102,9,1887.0,2107.0,473.0,0.0,268.0,2691.0,140.97703301385187,8399.766,8540.743033013852,2004.0,47.0,21.0,228.0,144.0,30.0,27.0,0.0,72.0,3.0,135.0,18.0,0.0
204,103,9,1865.0,2091.0,473.0,0.0,342.0,2691.0,59.126982870745536,10004.235200000001,10063.362182870747,2004.0,47.0,21.0,228.0,144.0,30.0,27.0,0.0,72.0,3.0,135.0,18.0,0.0
204,104,9,1843.0,2073.0,477.0,0.0,317.0,2691.0,98.68764917551395,8912.656400000002,9011.344049175517,2004.0,47.0,21.0,228.0,144.0,30.0,27.0,0.0,72.0,3.0,135.0,18.0,0.0
204,105,9,1840.0,2125.0,450.0,0.0,312.0,2691.0,61.24521363463255,9986.800399999995,10048.045613634627,2004.0,47.0,21.0,228.0,144.0,30.0,27.0,0.0,72.0,3.0,135.0,18.0,0.0
204,106,9,1894.0,2123.0,464.0,0.0,302.0,2691.0,60.604447460754905,12044.90839999999,12105.512847460746,2004.0,47.0,21.0,228.0,144.0,30.0,27.0,0.0,72.0,3.0,135.0,18.0,0.0
204,107,9,1862.0,2137.0,458.0,0.0,297.0,2691.0,100.0995778288808,10689.402799999994,10789.502377828876,2004.0,47.0,21.0,228.0,144.0,30.0,27.0,0.0,72.0,3.0,135.0,18.0,0.0
204,108,10,1843.0,2113.0,453.0,0.0,344.0,2691.0,99.7102653364276,10596.283599999999,10695.993865336426,2004.0,47.0,21.0,228.0,144.0,30.0,27.0,0.0,72.0,3.0,135.0,18.0,0.0
204,109,10,1834.0,2071.0,527.0,0.0,293.0,2691.0,60.46777991802204,9570.769999999999,9631.237779918021,2004.0,47.0,21.0,228.0,144.0,30.0,27.0,0.0,72.0,3.0,135.0,18.0,0.0
204,110,10,1832.0,2080.0,499.0,0.0,323.0,2691.0,99.20444451979071,9666.093599999995,9765.298044519786,2004.0,47.0,21.0,228.0,144.0,30.0,27.0,0.0,72.0,3.0,135.0,18.0,0.0
204,111,10,1847.0,2118.0,471.0,0.0,315.0,2691.0,18.258292763505395,10072.371199999996,10090.629492763503,2004.0,47.0,21.0,228.0,144.0,30.0,27.0,0.0,72.0,3.0,135.0,18.0,0.0
204,112,10,1796.0,2133.0,458.0,0.0,323.0,2691.0,18.651893045612233,9775.5788,9794.23069304561,2004.0,47.0,21.0,228.0,144.0,30.0,27.0,0.0,72.0,3.0,135.0,18.0,0.0
204,113,10,1842.0,2136.0,451.0,0.0,341.0,2691.0,59.971157946595746,10951.86,11011.831157946595,2004.0,47.0,21.0,228.0,144.0,30.0,27.0,0.0,72.0,3.0,135.0,18.0,0.0
204,114,10,1858.0,2099.0,495.0,0.0,337.0,2691.0,100.88048193206265,10175.37679999999,10276.257281932054,2004.0,47.0,21.0,228.0,144.0,30.0,27.0,0.0,72.0,3.0,135.0,18.0,0.0
204,115,10,1793.0,2142.0,450.0,0.0,326.0,2691.0,98.61664678610649,10634.025599999999,10732.642246786107,2004.0,47.0,21.0,228.0,144.0,30.0,27.0,0.0,72.0,3.0,135.0,18.0,0.0
204,116,10,1848.0,2127.0,456.0,0.0,307.0,2691.0,18.258951591368387,9390.677200000006,9408.936151591373,2004.0,47.0,21.0,228.0,144.0,30.0,27.0,0.0,72.0,3.0,135.0,18.0,0.0
204,117,10,1828.0,2088.0,503.0,0.0,280.0,2691.0,20.41515933926653,10191.609199999994,10212.02435933926,2004.0,47.0,21.0,228.0,144.0,30.0,27.0,0.0,72.0,3.0,135.0,18.0,0.0
204,118,10,1820.0,2092.0,478.0,0.0,265.0,2691.0,59.78385965552391,10321.668799999998,10381.452659655522,2004.0,47.0,21.0,228.0,144.0,30.0,27.0,0.0,72.0,3.0,135.0,18.0,0.0
204,119,10,1843.0,2108.0,473.0,0.0,347.0,2691.0,19.779166483012073,9652.332799999996,9672.11196648301,2004.0,47.0,21.0,228.0,144.0,30.0,27.0,0.0,72.0,3.0,135.0,18.0,0.0
205,0,1,1849.0,2164.0,433.0,0.0,303.0,2691.0,97.37426034204209,9649.326799999999,9746.701060342042,2004.0,47.0,21.0,228.0,144.0,30.0,27.0,0.0,72.0,3.0,135.0,18.0,0.0
205,1,1,1825.0,2098.0,480.0,0.0,298.0,2691.0,98.63613829530466,9393.549599999997,9492.1857382953,2004.0,47.0,21.0,228.0,144.0,30.0,27.0,0.0,72.0,3.0,135.0,18.0,0.0
205,2,1,1860.0,2148.0,434.0,0.0,331.0,2691.0,15.178912129814659,9393.081999999991,9408.260912129806,2004.0,47.0,21.0,228.0,144.0,30.0,27.0,0.0,72.0,3.0,135.0,18.0,0.0
205,3,1,1836.0,2120.0,472.0,0.0,286.0,2691.0,99.3577854484523,8878.054000000004,8977.411785448454,2004.0,47.0,21.0,228.0,144.0,30.0,27.0,0.0,72.0,3.0,135.0,18.0,0.0
205,4,1,1833.0,2118.0,444.0,0.0,318.0,2691.0,17.03933020799422,8596.625599999998,8613.664930207991,2004.0,47.0,21.0,228.0,144.0,30.0,27.0,0.0,72.0,3.0,135.0,18.0,0.0
205,5,1,1829.0,2113.0,465.0,0.0,306.0,2691.0,57.32999473228634,9700.629199999994,9757.959194732279,2004.0,47.0,21.0,228.0,144.0,30.0,27.0,0.0,72.0,3.0,135.0,18.0,0.0
205,6,1,1910.0,2149.0,458.0,0.0,254.0,2691.0,57.61799070525907,9308.7804,9366.398390705259,2004.0,47.0,21.0,228.0,144.0,30.0,27.0,0.0,72.0,3.0,135.0,18.0,0.0
205,7,1,1880.0,2111.0,480.0,0.0,275.0,2691.0,96.68062684290759,8561.6892,8658.369826842907,2004.0,47.0,21.0,228.0,144.0,30.0,27.0,0.0,72.0,3.0,135.0,18.0,0.0
205,8,1,1836.0,2146.0,434.0,0.0,334.0,2691.0,96.32408626538025,9895.150799999998,9991.474886265378,2004.0,47.0,21.0,228.0,144.0,30.0,27.0,0.0,72.0,3.0,135.0,18.0,0.0
205,9,1,1866.0,2131.0,442.0,0.0,311.0,2691.0,56.92625223413055,7621.278800000001,7678.2050522341315,2004.0,47.0,21.0,228.0,144.0,30.0,27.0,0.0,72.0,3.0,135.0,18.0,0.0
205,10,1,1902.0,2105.0,456.0,0.0,317.0,2691.0,16.127749312565154,8321.209200000001,8337.336949312568,2004.0,47.0,21.0,228.0,144.0,30.0,27.0,0.0,72.0,3.0,135.0,18.0,0.0
205,11,1,1895.0,2115.0,470.0,0.0,313.0,2691.0,58.49259750424037,9979.585999999996,10038.078597504234,2004.0,47.0,21.0,228.0,144.0,30.0,27.0,0.0,72.0,3.0,135.0,18.0,0.0
205,12,2,1848.0,2135.0,435.0,0.0,318.0,2691.0,57.662385022192005,9136.1692,9193.831585022192,2004.0,47.0,21.0,228.0,144.0,30.0,27.0,0.0,72.0,3.0,135.0,18.0,0.0
205,13,2,1832.0,2131.0,445.0,0.0,357.0,2691.0,97.8606255582103,7994.423599999996,8092.284225558206,2004.0,47.0,21.0,228.0,144.0,30.0,27.0,0.0,72.0,3.0,135.0,18.0,0.0
205,14,2,1818.0,2108.0,486.0,0.0,340.0,2691.0,178.76853682952597,9162.956000000002,9341.724536829528,2004.0,47.0,21.0,228.0,144.0,30.0,27.0,0.0,72.0,3.0,135.0,18.0,0.0
205,15,2,1872.0,2088.0,496.0,0.0,277.0,2691.0,17.18034185594313,8838.575199999994,8855.755541855937,2004.0,47.0,21.0,228.0,144.0,30.0,27.0,0.0,72.0,3.0,135.0,18.0,0.0
205,16,2,1902.0,2089.0,485.0,0.0,322.0,2691.0,17.668757144701026,9480.456399999995,9498.125157144696,2004.0,47.0,21.0,228.0,144.0,30.0,27.0,0.0,72.0,3.0,135.0,18.0,0.0
205,17,2,1849.0,2145.0,433.0,0.0,325.0,2691.0,17.134997928383093,9832.826399999989,9849.961397928371,2004.0,47.0,21.0,228.0,144.0,30.0,27.0,0.0,72.0,3.0,135.0,18.0,0.0
205,18,2,1868.0,2094.0,495.0,0.0,318.0,2691.0,58.05020415284483,8384.802800000003,8442.853004152848,2004.0,47.0,21.0,228.0,144.0,30.0,27.0,0.0,72.0,3.0,135.0,18.0,0.0
205,19,2,1901.0,2114.0,460.0,0.0,326.0,2691.0,96.43948703281569,7666.302000000004,7762.741487032819,2004.0,47.0,21.0,228.0,144.0,30.0,27.0,0.0,72.0,3.0,135.0,18.0,0.0
205,20,2,1881.0,2149.0,450.0,0.0,262.0,2691.0,177.70873825402214,8696.959200000005,8874.667938254028,2004.0,47.0,21.0,228.0,144.0,30.0,27.0,0.0,72.0,3.0,135.0,18.0,0.0
205,21,2,1901.0,2088.0,497.0,0.0,340.0,2691.0,56.66046058004638,9584.597600000001,9641.258060580049,2004.0,47.0,21.0,228.0,144.0,30.0,27.0,0.0,72.0,3.0,135.0,18.0,0.0
205,22,2,1800.0,2097.0,486.0,0.0,327.0,2691.0,57.76763853259267,9463.021599999996,9520.78923853259,2004.0,47.0,21.0,228.0,144.0,30.0,27.0,0.0,72.0,3.0,135.0,18.0,0.0
205,23,2,1882.0,2135.0,427.0,0.0,312.0,2691.0,55.85668353936433,8619.404400000001,8675.261083539364,2004.0,47.0,21.0,228.0,144.0,30.0,27.0,0.0,72.0,3.0,135.0,18.0,0.0
205,24,3,1838.0,2093.0,494.0,0.0,336.0,2691.0,57.35843738366987,10509.978,10567.336437383668,2004.0,47.0,21.0,228.0,144.0,30.0,27.0,0.0,72.0,3.0,135.0,18.0,0.0
205,25,3,1865.0,2107.0,478.0,0.0,274.0,2691.0,58.961646251053175,10285.396399999996,10344.358046251049,2004.0,47.0,21.0,228.0,144.0,30.0,27.0,0.0,72.0,3.0,135.0,18.0,0.0
205,26,3,1861.0,2150.0,427.0,0.0,324.0,2691.0,97.34241852298757,8655.61,8752.95241852299,2004.0,47.0,21.0,228.0,144.0,30.0,27.0,0.0,72.0,3.0,135.0,18.0,0.0
205,27,3,1828.0,2129.0,447.0,0.0,322.0,2691.0,16.891540543867176,8705.977200000005,8722.868740543872,2004.0,47.0,21.0,228.0,144.0,30.0,27.0,0.0,72.0,3.0,135.0,18.0,0.0
205,28,3,1867.0,2099.0,496.0,0.0,321.0,2691.0,137.17076264119729,9623.742399999996,9760.913162641195,2004.0,47.0,21.0,228.0,144.0,30.0,27.0,0.0,72.0,3.0,135.0,18.0,0.0
205,29,3,1851.0,2109.0,460.0,0.0,265.0,2691.0,17.079286048418165,8386.873599999999,8403.952886048417,2004.0,47.0,21.0,228.0,144.0,30.0,27.0,0.0,72.0,3.0,135.0,18.0,0.0
205,30,3,1844.0,2085.0,496.0,0.0,311.0,2691.0,58.72498146561965,8633.499199999995,8692.224181465615,2004.0,47.0,21.0,228.0,144.0,30.0,27.0,0.0,72.0,3.0,135.0,18.0,0.0
205,31,3,1849.0,2104.0,489.0,0.0,278.0,2691.0,16.166363032175923,8459.952800000003,8476.119163032177,2004.0,47.0,21.0,228.0,144.0,30.0,27.0,0.0,72.0,3.0,135.0,18.0,0.0
205,32,3,1888.0,2104.0,490.0,0.0,317.0,2691.0,17.346416728177605,9190.210399999996,9207.556816728174,2004.0,47.0,21.0,228.0,144.0,30.0,27.0,0.0,72.0,3.0,135.0,18.0,0.0
205,33,3,1837.0,2166.0,430.0,0.0,293.0,2691.0,136.95112781528744,9116.329599999997,9253.280727815285,2004.0,47.0,21.0,228.0,144.0,30.0,27.0,0.0,72.0,3.0,135.0,18.0,0.0
205,34,3,1850.0,2150.0,446.0,0.0,314.0,2691.0,97.03933754251904,9473.4424,9570.48173754252,2004.0,47.0,21.0,228.0,144.0,30.0,27.0,0.0,72.0,3.0,135.0,18.0,0.0
205,35,3,1836.0,2113.0,474.0,0.0,332.0,2691.0,15.768793237977103,8800.766400000004,8816.535193237982,2004.0,47.0,21.0,228.0,144.0,30.0,27.0,0.0,72.0,3.0,135.0,18.0,0.0
205,36,4,1835.0,2142.0,454.0,0.0,296.0,2691.0,17.068608768951943,8506.044800000001,8523.113408768953,2004.0,47.0,21.0,228.0,144.0,30.0,27.0,0.0,72.0,3.0,135.0,18.0,0.0
205,37,4,1857.0,2101.0,483.0,0.0,325.0,2691.0,56.12153103550479,8162.091600000001,8218.213131035505,2004.0,47.0,21.0,228.0,144.0,30.0,27.0,0.0,72.0,3.0,135.0,18.0,0.0
205,38,4,1866.0,2088.0,501.0,0.0,274.0,2691.0,138.47922005900554,9906.306399999998,10044.785620059003,2004.0,47.0,21.0,228.0,144.0,30.0,27.0,0.0,72.0,3.0,135.0,18.0,0.0
205,39,4,1841.0,2123.0,466.0,0.0,286.0,2691.0,17.664505595828786,8767.232799999998,8784.897305595827,2004.0,47.0,21.0,228.0,144.0,30.0,27.0,0.0,72.0,3.0,135.0,18.0,0.0
205,40,4,1828.0,2148.0,434.0,0.0,273.0,2691.0,55.717791592112086,8804.1064,8859.824191592113,2004.0,47.0,21.0,228.0,144.0,30.0,27.0,0.0,72.0,3.0,135.0,18.0,0.0
205,41,4,1883.0,2132.0,461.0,0.0,276.0,2691.0,56.50163066732118,9530.957199999995,9587.458830667316,2004.0,47.0,21.0,228.0,144.0,30.0,27.0,0.0,72.0,3.0,135.0,18.0,0.0
205,42,4,1923.0,2114.0,460.0,0.0,315.0,2691.0,60.34254788310167,9613.3884,9673.730947883103,2004.0,47.0,21.0,228.0,144.0,30.0,27.0,0.0,72.0,3.0,135.0,18.0,0.0
205,43,4,1842.0,2095.0,486.0,0.0,320.0,2691.0,57.62466217462891,8596.959600000004,8654.584262174632,2004.0,47.0,21.0,228.0,144.0,30.0,27.0,0.0,72.0,3.0,135.0,18.0,0.0
205,44,4,1874.0,2099.0,489.0,0.0,312.0,2691.0,15.402723707034479,9155.5412,9170.943923707033,2004.0,47.0,21.0,228.0,144.0,30.0,27.0,0.0,72.0,3.0,135.0,18.0,0.0
205,45,4,1859.0,2119.0,465.0,0.0,308.0,2691.0,99.7758302149581,9069.836800000005,9169.612630214962,2004.0,47.0,21.0,228.0,144.0,30.0,27.0,0.0,72.0,3.0,135.0,18.0,0.0
205,46,4,1845.0,2110.0,469.0,0.0,290.0,2691.0,139.05151991348916,8894.5536,9033.605119913489,2004.0,47.0,21.0,228.0,144.0,30.0,27.0,0.0,72.0,3.0,135.0,18.0,0.0
205,47,4,1905.0,2133.0,454.0,0.0,325.0,2691.0,16.009813389054266,9117.264799999995,9133.27461338905,2004.0,47.0,21.0,228.0,144.0,30.0,27.0,0.0,72.0,3.0,135.0,18.0,0.0
205,48,5,1846.0,2098.0,477.0,0.0,349.0,2691.0,17.86425285587857,8745.656400000003,8763.520652855881,2004.0,47.0,21.0,228.0,144.0,30.0,27.0,0.0,72.0,3.0,135.0,18.0,0.0
205,49,5,1848.0,2112.0,464.0,0.0,268.0,2691.0,98.10108527233845,8928.220800000006,9026.321885272344,2004.0,47.0,21.0,228.0,144.0,30.0,27.0,0.0,72.0,3.0,135.0,18.0,0.0
205,50,5,1860.0,2125.0,455.0,0.0,303.0,2691.0,17.573763102124023,10442.576799999995,10460.15056310212,2004.0,47.0,21.0,228.0,144.0,30.0,27.0,0.0,72.0,3.0,135.0,18.0,0.0
205,51,5,1865.0,2113.0,472.0,0.0,287.0,2691.0,97.88623413237022,9570.9704,9668.856634132371,2004.0,47.0,21.0,228.0,144.0,30.0,27.0,0.0,72.0,3.0,135.0,18.0,0.0
205,52,5,1885.0,2117.0,461.0,0.0,317.0,2691.0,57.141176281125375,8185.471600000004,8242.61277628113,2004.0,47.0,21.0,228.0,144.0,30.0,27.0,0.0,72.0,3.0,135.0,18.0,0.0
205,53,5,1839.0,2115.0,465.0,0.0,320.0,2691.0,18.918106664727837,7801.772400000001,7820.690506664729,2004.0,47.0,21.0,228.0,144.0,30.0,27.0,0.0,72.0,3.0,135.0,18.0,0.0
205,54,5,1852.0,2132.0,455.0,0.0,325.0,2691.0,16.58703186164329,8195.491599999998,8212.07863186164,2004.0,47.0,21.0,228.0,144.0,30.0,27.0,0.0,72.0,3.0,135.0,18.0,0.0
205,55,5,1856.0,2108.0,468.0,0.0,330.0,2691.0,58.36070261439965,8979.456399999997,9037.817102614397,2004.0,47.0,21.0,228.0,144.0,30.0,27.0,0.0,72.0,3.0,135.0,18.0,0.0
205,56,5,1830.0,2141.0,440.0,0.0,310.0,2691.0,55.801603987108365,8260.821999999998,8316.623603987107,2004.0,47.0,21.0,228.0,144.0,30.0,27.0,0.0,72.0,3.0,135.0,18.0,0.0
205,57,5,1840.0,2125.0,467.0,0.0,341.0,2691.0,57.301204412016475,8271.443200000005,8328.744404412022,2004.0,47.0,21.0,228.0,144.0,30.0,27.0,0.0,72.0,3.0,135.0,18.0,0.0
205,58,5,1854.0,2089.0,477.0,0.0,330.0,2691.0,138.9186341586433,8689.277200000004,8828.195834158645,2004.0,47.0,21.0,228.0,144.0,30.0,27.0,0.0,72.0,3.0,135.0,18.0,0.0
205,59,5,1843.0,2115.0,477.0,0.0,307.0,2691.0,219.42219295865397,8276.453200000004,8495.875392958656,2004.0,47.0,21.0,228.0,144.0,30.0,27.0,0.0,72.0,3.0,135.0,18.0,0.0
205,60,6,1852.0,2118.0,474.0,0.0,333.0,2691.0,58.21178382131744,8572.109999999999,8630.321783821317,2004.0,47.0,21.0,228.0,144.0,30.0,27.0,0.0,72.0,3.0,135.0,18.0,0.0
205,61,6,1887.0,2109.0,471.0,0.0,350.0,2691.0,56.66258053366803,9258.346400000006,9315.008980533674,2004.0,47.0,21.0,228.0,144.0,30.0,27.0,0.0,72.0,3.0,135.0,18.0,0.0
205,62,6,1853.0,2105.0,476.0,0.0,322.0,2691.0,97.92775742845086,8959.7504,9057.67815742845,2004.0,47.0,21.0,228.0,144.0,30.0,27.0,0.0,72.0,3.0,135.0,18.0,0.0
205,63,6,1865.0,2110.0,480.0,0.0,271.0,2691.0,17.55189558747062,8024.7508,8042.30269558747,2004.0,47.0,21.0,228.0,144.0,30.0,27.0,0.0,72.0,3.0,135.0,18.0,0.0
205,64,6,1854.0,2126.0,453.0,0.0,294.0,2691.0,99.7196099972314,8641.982800000002,8741.702409997233,2004.0,47.0,21.0,228.0,144.0,30.0,27.0,0.0,72.0,3.0,135.0,18.0,0.0
205,65,6,1855.0,2150.0,452.0,0.0,269.0,2691.0,56.53295200166683,7971.244000000002,8027.776952001669,2004.0,47.0,21.0,228.0,144.0,30.0,27.0,0.0,72.0,3.0,135.0,18.0,0.0
205,66,6,1911.0,2083.0,506.0,0.0,286.0,2691.0,17.936568164258524,8979.055599999996,8996.992168164255,2004.0,47.0,21.0,228.0,144.0,30.0,27.0,0.0,72.0,3.0,135.0,18.0,0.0
205,67,6,1844.0,2135.0,447.0,0.0,337.0,2691.0,97.31069192434346,8810.452400000004,8907.763091924347,2004.0,47.0,21.0,228.0,144.0,30.0,27.0,0.0,72.0,3.0,135.0,18.0,0.0
205,68,6,1848.0,2159.0,432.0,0.0,277.0,2691.0,56.070354969439144,8214.462800000005,8270.533154969446,2004.0,47.0,21.0,228.0,144.0,30.0,27.0,0.0,72.0,3.0,135.0,18.0,0.0
205,69,6,1847.0,2133.0,461.0,0.0,252.0,2691.0,56.99519650293168,9595.018399999995,9652.013596502926,2004.0,47.0,21.0,228.0,144.0,30.0,27.0,0.0,72.0,3.0,135.0,18.0,0.0
205,70,6,1867.0,2119.0,458.0,0.0,325.0,2691.0,57.16026459617197,8833.2312,8890.391464596172,2004.0,47.0,21.0,228.0,144.0,30.0,27.0,0.0,72.0,3.0,135.0,18.0,0.0
205,71,6,1834.0,2101.0,466.0,0.0,363.0,2691.0,140.65578732443373,9906.106,10046.761787324433,2004.0,47.0,21.0,228.0,144.0,30.0,27.0,0.0,72.0,3.0,135.0,18.0,0.0
205,72,7,1826.0,2108.0,468.0,0.0,316.0,2691.0,56.48299367013057,10063.887599999996,10120.370593670126,2004.0,47.0,21.0,228.0,144.0,30.0,27.0,0.0,72.0,3.0,135.0,18.0,0.0
205,73,7,1824.0,2130.0,454.0,0.0,281.0,2691.0,58.69728619341876,9300.0964,9358.793686193418,2004.0,47.0,21.0,228.0,144.0,30.0,27.0,0.0,72.0,3.0,135.0,18.0,0.0
205,74,7,1865.0,2115.0,478.0,0.0,323.0,2691.0,16.797025085125835,9530.756800000003,9547.553825085128,2004.0,47.0,21.0,228.0,144.0,30.0,27.0,0.0,72.0,3.0,135.0,18.0,0.0
205,75,7,1867.0,2085.0,497.0,0.0,325.0,2691.0,138.89018851561616,9495.887199999997,9634.777388515613,2004.0,47.0,21.0,228.0,144.0,30.0,27.0,0.0,72.0,3.0,135.0,18.0,0.0
205,76,7,1885.0,2136.0,445.0,0.0,306.0,2691.0,137.56049879687498,8784.534,8922.094498796876,2004.0,47.0,21.0,228.0,144.0,30.0,27.0,0.0,72.0,3.0,135.0,18.0,0.0
205,77,7,1838.0,2127.0,453.0,0.0,317.0,2691.0,56.9616638939993,9170.370800000002,9227.332463894001,2004.0,47.0,21.0,228.0,144.0,30.0,27.0,0.0,72.0,3.0,135.0,18.0,0.0
205,78,7,1776.0,2133.0,455.0,0.0,278.0,2691.0,97.70125600368831,7872.780800000002,7970.4820560036915,2004.0,47.0,21.0,228.0,144.0,30.0,27.0,0.0,72.0,3.0,135.0,18.0,0.0
205,79,7,1854.0,2072.0,492.0,0.0,347.0,2691.0,57.21612269534602,8743.785999999996,8801.002122695343,2004.0,47.0,21.0,228.0,144.0,30.0,27.0,0.0,72.0,3.0,135.0,18.0,0.0
205,80,7,1844.0,2133.0,451.0,0.0,340.0,2691.0,18.212070333463508,9021.2732,9039.485270333464,2004.0,47.0,21.0,228.0,144.0,30.0,27.0,0.0,72.0,3.0,135.0,18.0,0.0
205,81,7,1896.0,2099.0,472.0,0.0,308.0,2691.0,56.511672309280186,8069.373200000002,8125.8848723092815,2004.0,47.0,21.0,228.0,144.0,30.0,27.0,0.0,72.0,3.0,135.0,18.0,0.0
205,82,7,1872.0,2118.0,459.0,0.0,291.0,2691.0,57.19844087584978,9610.382400000004,9667.580840875855,2004.0,47.0,21.0,228.0,144.0,30.0,27.0,0.0,72.0,3.0,135.0,18.0,0.0
205,83,7,1863.0,2130.0,455.0,0.0,303.0,2691.0,15.26952243499662,8618.202000000001,8633.471522434998,2004.0,47.0,21.0,228.0,144.0,30.0,27.0,0.0,72.0,3.0,135.0,18.0,0.0
205,84,8,1840.0,2099.0,480.0,0.0,309.0,2691.0,17.680857539584515,9254.071200000002,9271.752057539587,2004.0,47.0,21.0,228.0,144.0,30.0,27.0,0.0,72.0,3.0,135.0,18.0,0.0
205,85,8,1844.0,2155.0,437.0,0.0,308.0,2691.0,17.077441647772694,8459.685600000008,8476.76304164778,2004.0,47.0,21.0,228.0,144.0,30.0,27.0,0.0,72.0,3.0,135.0,18.0,0.0
205,86,8,1856.0,2129.0,441.0,0.0,313.0,2691.0,179.36218407724,9799.2928,9978.654984077239,2004.0,47.0,21.0,228.0,144.0,30.0,27.0,0.0,72.0,3.0,135.0,18.0,0.0
205,87,8,1885.0,2128.0,468.0,0.0,291.0,2691.0,138.05619155951794,8684.000000000004,8822.05619155952,2004.0,47.0,21.0,228.0,144.0,30.0,27.0,0.0,72.0,3.0,135.0,18.0,0.0
205,88,8,1880.0,2084.0,477.0,0.0,347.0,2691.0,57.88567305941264,8884.667200000002,8942.552873059414,2004.0,47.0,21.0,228.0,144.0,30.0,27.0,0.0,72.0,3.0,135.0,18.0,0.0
205,89,8,1837.0,2110.0,464.0,0.0,286.0,2691.0,98.9066748017969,9155.073599999994,9253.980274801792,2004.0,47.0,21.0,228.0,144.0,30.0,27.0,0.0,72.0,3.0,135.0,18.0,0.0
205,90,8,1844.0,2145.0,440.0,0.0,323.0,2691.0,56.2923324062468,8253.941600000002,8310.233932406249,2004.0,47.0,21.0,228.0,144.0,30.0,27.0,0.0,72.0,3.0,135.0,18.0,0.0
205,91,8,1859.0,2110.0,474.0,0.0,273.0,2691.0,56.90475420729581,9350.997999999996,9407.902754207293,2004.0,47.0,21.0,228.0,144.0,30.0,27.0,0.0,72.0,3.0,135.0,18.0,0.0
205,92,8,1852.0,2098.0,477.0,0.0,300.0,2691.0,56.841433159511624,8682.597199999997,8739.438633159509,2004.0,47.0,21.0,228.0,144.0,30.0,27.0,0.0,72.0,3.0,135.0,18.0,0.0
205,93,8,1865.0,2130.0,457.0,0.0,304.0,2691.0,138.09939219320904,8668.302,8806.40139219321,2004.0,47.0,21.0,228.0,144.0,30.0,27.0,0.0,72.0,3.0,135.0,18.0,0.0
205,94,8,1840.0,2076.0,482.0,0.0,338.0,2691.0,58.263219429460506,8924.5468,8982.81001942946,2004.0,47.0,21.0,228.0,144.0,30.0,27.0,0.0,72.0,3.0,135.0,18.0,0.0
205,95,8,1829.0,2147.0,449.0,0.0,338.0,2691.0,59.96569346743219,9340.710799999993,9400.676493467425,2004.0,47.0,21.0,228.0,144.0,30.0,27.0,0.0,72.0,3.0,135.0,18.0,0.0
205,96,9,1841.0,2132.0,455.0,0.0,342.0,2691.0,96.73067550671844,8499.765599999999,8596.496275506719,2004.0,47.0,21.0,228.0,144.0,30.0,27.0,0.0,72.0,3.0,135.0,18.0,0.0
205,97,9,1812.0,2139.0,437.0,0.0,280.0,2691.0,57.141346740632095,9097.625600000003,9154.766946740636,2004.0,47.0,21.0,228.0,144.0,30.0,27.0,0.0,72.0,3.0,135.0,18.0,0.0
205,98,9,1855.0,2082.0,502.0,0.0,332.0,2691.0,95.94199205844353,8690.9472,8786.889192058445,2004.0,47.0,21.0,228.0,144.0,30.0,27.0,0.0,72.0,3.0,135.0,18.0,0.0
205,99,9,1854.0,2115.0,475.0,0.0,318.0,2691.0,59.60068353924979,9026.483600000005,9086.084283539256,2004.0,47.0,21.0,228.0,144.0,30.0,27.0,0.0,72.0,3.0,135.0,18.0,0.0
205,100,9,1870.0,2106.0,471.0,0.0,311.0,2691.0,55.60750167915109,8712.523600000002,8768.131101679153,2004.0,47.0,21.0,228.0,144.0,30.0,27.0,0.0,72.0,3.0,135.0,18.0,0.0
205,101,9,1887.0,2116.0,466.0,0.0,265.0,2691.0,138.92162085118522,7482.334800000004,7621.2564208511885,2004.0,47.0,21.0,228.0,144.0,30.0,27.0,0.0,72.0,3.0,135.0,18.0,0.0
205,102,9,1865.0,2093.0,471.0,0.0,332.0,2691.0,98.01575725580062,9093.951600000004,9191.967357255806,2004.0,47.0,21.0,228.0,144.0,30.0,27.0,0.0,72.0,3.0,135.0,18.0,0.0
205,103,9,1843.0,2078.0,472.0,0.0,320.0,2691.0,98.17892055629251,7913.996400000002,8012.1753205562945,2004.0,47.0,21.0,228.0,144.0,30.0,27.0,0.0,72.0,3.0,135.0,18.0,0.0
205,104,9,1840.0,2128.0,447.0,0.0,300.0,2691.0,97.70228218744069,8716.865599999996,8814.567882187437,2004.0,47.0,21.0,228.0,144.0,30.0,27.0,0.0,72.0,3.0,135.0,18.0,0.0
205,105,9,1894.0,2133.0,455.0,0.0,299.0,2691.0,99.42847965301738,10513.985999999994,10613.41447965301,2004.0,47.0,21.0,228.0,144.0,30.0,27.0,0.0,72.0,3.0,135.0,18.0,0.0
205,106,9,1862.0,2143.0,451.0,0.0,299.0,2691.0,98.23678939910968,10032.157599999999,10130.394389399109,2004.0,47.0,21.0,228.0,144.0,30.0,27.0,0.0,72.0,3.0,135.0,18.0,0.0
205,107,9,1843.0,2118.0,448.0,0.0,347.0,2691.0,137.88017386756295,8967.365600000001,9105.245773867564,2004.0,47.0,21.0,228.0,144.0,30.0,27.0,0.0,72.0,3.0,135.0,18.0,0.0
205,108,10,1834.0,2080.0,519.0,0.0,291.0,2691.0,58.84668547292149,8812.1224,8870.969085472923,2004.0,47.0,21.0,228.0,144.0,30.0,27.0,0.0,72.0,3.0,135.0,18.0,0.0
205,109,10,1832.0,2121.0,461.0,0.0,320.0,2691.0,57.13315185862674,9768.030399999996,9825.163551858623,2004.0,47.0,21.0,228.0,144.0,30.0,27.0,0.0,72.0,3.0,135.0,18.0,0.0
205,110,10,1847.0,2127.0,463.0,0.0,308.0,2691.0,16.524889027010687,8734.567599999997,8751.092489027007,2004.0,47.0,21.0,228.0,144.0,30.0,27.0,0.0,72.0,3.0,135.0,18.0,0.0
205,111,10,1796.0,2139.0,454.0,0.0,325.0,2691.0,16.724885691089717,8638.642800000001,8655.36768569109,2004.0,47.0,21.0,228.0,144.0,30.0,27.0,0.0,72.0,3.0,135.0,18.0,0.0
205,112,10,1842.0,2143.0,445.0,0.0,336.0,2691.0,58.46280390513892,10095.751200000002,10154.214003905141,2004.0,47.0,21.0,228.0,144.0,30.0,27.0,0.0,72.0,3.0,135.0,18.0,0.0
205,113,10,1858.0,2106.0,488.0,0.0,334.0,2691.0,99.50068321191056,9331.358799999993,9430.859483211903,2004.0,47.0,21.0,228.0,144.0,30.0,27.0,0.0,72.0,3.0,135.0,18.0,0.0
205,114,10,1793.0,2152.0,440.0,0.0,324.0,2691.0,97.71312890954545,9895.217600000005,9992.93072890955,2004.0,47.0,21.0,228.0,144.0,30.0,27.0,0.0,72.0,3.0,135.0,18.0,0.0
205,115,10,1848.0,2141.0,444.0,0.0,285.0,2691.0,56.95157447909922,8371.910400000006,8428.861974479105,2004.0,47.0,21.0,228.0,144.0,30.0,27.0,0.0,72.0,3.0,135.0,18.0,0.0
205,116,10,1828.0,2114.0,475.0,0.0,282.0,2691.0,17.319173067767775,8766.230799999994,8783.54997306776,2004.0,47.0,21.0,228.0,144.0,30.0,27.0,0.0,72.0,3.0,135.0,18.0,0.0
205,117,10,1820.0,2081.0,490.0,0.0,265.0,2691.0,59.051050346318455,9402.367199999997,9461.418250346316,2004.0,47.0,21.0,228.0,144.0,30.0,27.0,0.0,72.0,3.0,135.0,18.0,0.0
205,118,10,1843.0,2118.0,465.0,0.0,343.0,2691.0,18.11710095244509,8444.187999999998,8462.305100952444,2004.0,47.0,21.0,228.0,144.0,30.0,27.0,0.0,72.0,3.0,135.0,18.0,0.0
205,119,10,1855.0,2102.0,482.0,0.0,299.0,2691.0,56.776613934530964,9145.921999999999,9202.698613934528,2004.0,47.0,21.0,228.0,144.0,30.0,27.0,0.0,72.0,3.0,135.0,18.0,0.0
206,0,1,1825.0,2103.0,475.0,0.0,291.0,2691.0,16.30682619618065,10005.504399999996,10021.811226196178,2004.0,47.0,21.0,228.0,144.0,30.0,27.0,0.0,72.0,3.0,135.0,18.0,0.0
206,1,1,1860.0,2156.0,426.0,0.0,335.0,2691.0,16.03789339028224,10182.390799999994,10198.428693390277,2004.0,47.0,21.0,228.0,144.0,30.0,27.0,0.0,72.0,3.0,135.0,18.0,0.0
206,2,1,1836.0,2119.0,473.0,0.0,287.0,2691.0,57.33608408718311,9209.715999999999,9267.052084087181,2004.0,47.0,21.0,228.0,144.0,30.0,27.0,0.0,72.0,3.0,135.0,18.0,0.0
206,3,1,1833.0,2115.0,445.0,0.0,322.0,2691.0,97.72904086946383,9313.857199999997,9411.586240869461,2004.0,47.0,21.0,228.0,144.0,30.0,27.0,0.0,72.0,3.0,135.0,18.0,0.0
206,4,1,1829.0,2091.0,487.0,0.0,312.0,2691.0,97.67845891148515,10097.421199999995,10195.09965891148,2004.0,47.0,21.0,228.0,144.0,30.0,27.0,0.0,72.0,3.0,135.0,18.0,0.0
206,5,1,1910.0,2148.0,459.0,0.0,252.0,2691.0,56.641026546193956,9841.9112,9898.552226546195,2004.0,47.0,21.0,228.0,144.0,30.0,27.0,0.0,72.0,3.0,135.0,18.0,0.0
206,6,1,1880.0,2128.0,461.0,0.0,287.0,2691.0,55.88082190062646,8839.644000000002,8895.524821900628,2004.0,47.0,21.0,228.0,144.0,30.0,27.0,0.0,72.0,3.0,135.0,18.0,0.0
206,7,1,1836.0,2145.0,436.0,0.0,328.0,2691.0,55.665655386083415,10122.471199999996,10178.136855386081,2004.0,47.0,21.0,228.0,144.0,30.0,27.0,0.0,72.0,3.0,135.0,18.0,0.0
206,8,1,1866.0,2119.0,452.0,0.0,311.0,2691.0,15.251870074360045,8478.6568,8493.908670074361,2004.0,47.0,21.0,228.0,144.0,30.0,27.0,0.0,72.0,3.0,135.0,18.0,0.0
206,9,1,1902.0,2106.0,455.0,0.0,321.0,2691.0,15.083348671968743,9191.7468,9206.830148671968,2004.0,47.0,21.0,228.0,144.0,30.0,27.0,0.0,72.0,3.0,135.0,18.0,0.0
206,10,1,1895.0,2108.0,476.0,0.0,312.0,2691.0,56.95761425109681,10204.568399999993,10261.526014251089,2004.0,47.0,21.0,228.0,144.0,30.0,27.0,0.0,72.0,3.0,135.0,18.0,0.0
206,11,1,1848.0,2133.0,436.0,0.0,316.0,2691.0,56.530345164732715,9811.5172,9868.047545164733,2004.0,47.0,21.0,228.0,144.0,30.0,27.0,0.0,72.0,3.0,135.0,18.0,0.0
206,12,2,1832.0,2134.0,441.0,0.0,358.0,2691.0,16.00403861085883,8147.462399999995,8163.466438610853,2004.0,47.0,21.0,228.0,144.0,30.0,27.0,0.0,72.0,3.0,135.0,18.0,0.0
206,13,2,1818.0,2105.0,489.0,0.0,340.0,2691.0,96.61743962284645,9419.6684,9516.285839622848,2004.0,47.0,21.0,228.0,144.0,30.0,27.0,0.0,72.0,3.0,135.0,18.0,0.0
206,14,2,1872.0,2103.0,481.0,0.0,277.0,2691.0,15.620285261063138,9965.357599999992,9980.977885261056,2004.0,47.0,21.0,228.0,144.0,30.0,27.0,0.0,72.0,3.0,135.0,18.0,0.0
206,15,2,1902.0,2080.0,494.0,0.0,333.0,2691.0,16.2657335863275,10366.157599999993,10382.423333586321,2004.0,47.0,21.0,228.0,144.0,30.0,27.0,0.0,72.0,3.0,135.0,18.0,0.0
206,16,2,1849.0,2152.0,426.0,0.0,322.0,2691.0,15.696083652307166,9904.83679999999,9920.532883652297,2004.0,47.0,21.0,228.0,144.0,30.0,27.0,0.0,72.0,3.0,135.0,18.0,0.0
206,17,2,1868.0,2099.0,488.0,0.0,315.0,2691.0,97.9380027073071,9130.424399999998,9228.362402707306,2004.0,47.0,21.0,228.0,144.0,30.0,27.0,0.0,72.0,3.0,135.0,18.0,0.0
206,18,2,1901.0,2111.0,460.0,0.0,332.0,2691.0,95.55281803745021,8434.101200000005,8529.654018037454,2004.0,47.0,21.0,228.0,144.0,30.0,27.0,0.0,72.0,3.0,135.0,18.0,0.0
206,19,2,1881.0,2144.0,455.0,0.0,270.0,2691.0,56.349092800808535,8884.5336,8940.88269280081,2004.0,47.0,21.0,228.0,144.0,30.0,27.0,0.0,72.0,3.0,135.0,18.0,0.0
206,20,2,1901.0,2068.0,514.0,0.0,352.0,2691.0,97.0639306501918,9528.1516,9625.215530650192,2004.0,47.0,21.0,228.0,144.0,30.0,27.0,0.0,72.0,3.0,135.0,18.0,0.0
206,21,2,1800.0,2110.0,472.0,0.0,331.0,2691.0,16.878267533499276,10405.836799999994,10422.715067533492,2004.0,47.0,21.0,228.0,144.0,30.0,27.0,0.0,72.0,3.0,135.0,18.0,0.0
206,22,2,1882.0,2133.0,429.0,0.0,313.0,2691.0,55.26041013370934,9000.0308,9055.29121013371,2004.0,47.0,21.0,228.0,144.0,30.0,27.0,0.0,72.0,3.0,135.0,18.0,0.0
206,23,2,1838.0,2110.0,476.0,0.0,333.0,2691.0,15.498023860273303,9858.678,9874.176023860273,2004.0,47.0,21.0,228.0,144.0,30.0,27.0,0.0,72.0,3.0,135.0,18.0,0.0
206,24,3,1865.0,2113.0,472.0,0.0,277.0,2691.0,57.44108101659131,10531.354,10588.79508101659,2004.0,47.0,21.0,228.0,144.0,30.0,27.0,0.0,72.0,3.0,135.0,18.0,0.0
206,25,3,1861.0,2151.0,426.0,0.0,329.0,2691.0,96.75185748457665,9132.361600000002,9229.113457484578,2004.0,47.0,21.0,228.0,144.0,30.0,27.0,0.0,72.0,3.0,135.0,18.0,0.0
206,26,3,1828.0,2136.0,440.0,0.0,323.0,2691.0,56.026764552511416,8783.598800000003,8839.625564552514,2004.0,47.0,21.0,228.0,144.0,30.0,27.0,0.0,72.0,3.0,135.0,18.0,0.0
206,27,3,1867.0,2096.0,498.0,0.0,327.0,2691.0,136.67042035612133,9967.161199999995,10103.831620356117,2004.0,47.0,21.0,228.0,144.0,30.0,27.0,0.0,72.0,3.0,135.0,18.0,0.0
206,28,3,1851.0,2109.0,459.0,0.0,265.0,2691.0,55.15864797859693,8507.113599999999,8562.272247978595,2004.0,47.0,21.0,228.0,144.0,30.0,27.0,0.0,72.0,3.0,135.0,18.0,0.0
206,29,3,1844.0,2084.0,497.0,0.0,310.0,2691.0,99.1892837281769,9452.934799999994,9552.12408372817,2004.0,47.0,21.0,228.0,144.0,30.0,27.0,0.0,72.0,3.0,135.0,18.0,0.0
206,30,3,1849.0,2098.0,495.0,0.0,282.0,2691.0,15.266603399198848,8850.799600000002,8866.066203399201,2004.0,47.0,21.0,228.0,144.0,30.0,27.0,0.0,72.0,3.0,135.0,18.0,0.0
206,31,3,1888.0,2112.0,482.0,0.0,316.0,2691.0,17.048467441483417,9499.761599999998,9516.810067441482,2004.0,47.0,21.0,228.0,144.0,30.0,27.0,0.0,72.0,3.0,135.0,18.0,0.0
206,32,3,1837.0,2130.0,465.0,0.0,277.0,2691.0,15.76163545359152,9775.645599999994,9791.407235453586,2004.0,47.0,21.0,228.0,144.0,30.0,27.0,0.0,72.0,3.0,135.0,18.0,0.0
206,33,3,1850.0,2145.0,450.0,0.0,313.0,2691.0,55.64089519027294,9746.387199999997,9802.028095190271,2004.0,47.0,21.0,228.0,144.0,30.0,27.0,0.0,72.0,3.0,135.0,18.0,0.0
206,34,3,1836.0,2111.0,476.0,0.0,333.0,2691.0,16.05049356422559,9098.828000000005,9114.878493564229,2004.0,47.0,21.0,228.0,144.0,30.0,27.0,0.0,72.0,3.0,135.0,18.0,0.0
206,35,3,1835.0,2144.0,450.0,0.0,293.0,2691.0,16.76134822093192,9308.179199999999,9324.940548220931,2004.0,47.0,21.0,228.0,144.0,30.0,27.0,0.0,72.0,3.0,135.0,18.0,0.0
206,36,4,1857.0,2102.0,481.0,0.0,329.0,2691.0,55.42872443163851,8528.8904,8584.319124431637,2004.0,47.0,21.0,228.0,144.0,30.0,27.0,0.0,72.0,3.0,135.0,18.0,0.0
206,37,4,1866.0,2092.0,495.0,0.0,277.0,2691.0,96.77281745016057,10640.972799999996,10737.745617450157,2004.0,47.0,21.0,228.0,144.0,30.0,27.0,0.0,72.0,3.0,135.0,18.0,0.0
206,38,4,1841.0,2137.0,453.0,0.0,288.0,2691.0,16.51409203937316,9368.499599999997,9385.01369203937,2004.0,47.0,21.0,228.0,144.0,30.0,27.0,0.0,72.0,3.0,135.0,18.0,0.0
206,39,4,1828.0,2149.0,433.0,0.0,278.0,2691.0,54.88684350087173,9299.495200000001,9354.382043500873,2004.0,47.0,21.0,228.0,144.0,30.0,27.0,0.0,72.0,3.0,135.0,18.0,0.0
206,40,4,1883.0,2137.0,456.0,0.0,288.0,2691.0,15.122430140055432,9364.357999999993,9379.480430140049,2004.0,47.0,21.0,228.0,144.0,30.0,27.0,0.0,72.0,3.0,135.0,18.0,0.0
206,41,4,1923.0,2109.0,465.0,0.0,303.0,2691.0,17.343256327632652,9963.687600000003,9981.030856327636,2004.0,47.0,21.0,228.0,144.0,30.0,27.0,0.0,72.0,3.0,135.0,18.0,0.0
206,42,4,1842.0,2093.0,487.0,0.0,316.0,2691.0,16.502558562932265,9340.644,9357.146558562934,2004.0,47.0,21.0,228.0,144.0,30.0,27.0,0.0,72.0,3.0,135.0,18.0,0.0
206,43,4,1874.0,2092.0,494.0,0.0,296.0,2691.0,14.585398041474598,9167.297999999997,9181.883398041471,2004.0,47.0,21.0,228.0,144.0,30.0,27.0,0.0,72.0,3.0,135.0,18.0,0.0
206,44,4,1859.0,2121.0,463.0,0.0,304.0,2691.0,98.67131777220946,9448.659600000003,9547.330917772213,2004.0,47.0,21.0,228.0,144.0,30.0,27.0,0.0,72.0,3.0,135.0,18.0,0.0
206,45,4,1845.0,2120.0,459.0,0.0,281.0,2691.0,57.83941304956883,9199.4288,9257.268213049569,2004.0,47.0,21.0,228.0,144.0,30.0,27.0,0.0,72.0,3.0,135.0,18.0,0.0
206,46,4,1905.0,2128.0,459.0,0.0,327.0,2691.0,14.716053173018892,9722.673199999994,9737.389253173013,2004.0,47.0,21.0,228.0,144.0,30.0,27.0,0.0,72.0,3.0,135.0,18.0,0.0
206,47,4,1846.0,2099.0,476.0,0.0,349.0,2691.0,16.557425067973742,9372.774800000001,9389.332225067974,2004.0,47.0,21.0,228.0,144.0,30.0,27.0,0.0,72.0,3.0,135.0,18.0,0.0
206,48,5,1848.0,2109.0,467.0,0.0,265.0,2691.0,97.31480909996736,9544.384000000004,9641.698809099971,2004.0,47.0,21.0,228.0,144.0,30.0,27.0,0.0,72.0,3.0,135.0,18.0,0.0
206,49,5,1860.0,2113.0,467.0,0.0,292.0,2691.0,57.230286867656325,10972.233999999997,11029.464286867653,2004.0,47.0,21.0,228.0,144.0,30.0,27.0,0.0,72.0,3.0,135.0,18.0,0.0
206,50,5,1865.0,2125.0,460.0,0.0,295.0,2691.0,97.30545104211309,10391.140800000001,10488.446251042114,2004.0,47.0,21.0,228.0,144.0,30.0,27.0,0.0,72.0,3.0,135.0,18.0,0.0
206,51,5,1885.0,2117.0,459.0,0.0,320.0,2691.0,56.77923070702045,8711.521600000002,8768.300830707023,2004.0,47.0,21.0,228.0,144.0,30.0,27.0,0.0,72.0,3.0,135.0,18.0,0.0
206,52,5,1839.0,2113.0,467.0,0.0,319.0,2691.0,17.28453261513329,8447.461199999998,8464.74573261513,2004.0,47.0,21.0,228.0,144.0,30.0,27.0,0.0,72.0,3.0,135.0,18.0,0.0
206,53,5,1852.0,2127.0,458.0,0.0,325.0,2691.0,15.25682046528334,8151.470399999999,8166.727220465283,2004.0,47.0,21.0,228.0,144.0,30.0,27.0,0.0,72.0,3.0,135.0,18.0,0.0
206,54,5,1856.0,2121.0,454.0,0.0,327.0,2691.0,15.732012959446436,9506.0408,9521.772812959447,2004.0,47.0,21.0,228.0,144.0,30.0,27.0,0.0,72.0,3.0,135.0,18.0,0.0
206,55,5,1830.0,2141.0,439.0,0.0,314.0,2691.0,55.589231807086804,8524.681999999999,8580.271231807084,2004.0,47.0,21.0,228.0,144.0,30.0,27.0,0.0,72.0,3.0,135.0,18.0,0.0
206,56,5,1840.0,2137.0,455.0,0.0,329.0,2691.0,56.57802909344663,10432.155999999997,10488.734029093444,2004.0,47.0,21.0,228.0,144.0,30.0,27.0,0.0,72.0,3.0,135.0,18.0,0.0
206,57,5,1854.0,2092.0,474.0,0.0,329.0,2691.0,97.53521973027559,9155.808400000002,9253.343619730276,2004.0,47.0,21.0,228.0,144.0,30.0,27.0,0.0,72.0,3.0,135.0,18.0,0.0
206,58,5,1843.0,2115.0,477.0,0.0,306.0,2691.0,55.646819144363,8466.566000000003,8522.212819144366,2004.0,47.0,21.0,228.0,144.0,30.0,27.0,0.0,72.0,3.0,135.0,18.0,0.0
206,59,5,1852.0,2133.0,457.0,0.0,334.0,2691.0,56.61324532454444,8498.162399999997,8554.775645324542,2004.0,47.0,21.0,228.0,144.0,30.0,27.0,0.0,72.0,3.0,135.0,18.0,0.0
206,60,6,1887.0,2112.0,468.0,0.0,352.0,2691.0,55.055740081516355,9363.957199999993,9419.012940081511,2004.0,47.0,21.0,228.0,144.0,30.0,27.0,0.0,72.0,3.0,135.0,18.0,0.0
206,61,6,1853.0,2084.0,498.0,0.0,328.0,2691.0,57.14560275489317,10085.463999999993,10142.609602754887,2004.0,47.0,21.0,228.0,144.0,30.0,27.0,0.0,72.0,3.0,135.0,18.0,0.0
206,62,6,1865.0,2110.0,479.0,0.0,263.0,2691.0,15.953090375807903,8718.1348,8734.087890375808,2004.0,47.0,21.0,228.0,144.0,30.0,27.0,0.0,72.0,3.0,135.0,18.0,0.0
206,63,6,1854.0,2132.0,447.0,0.0,295.0,2691.0,96.86746878986936,8550.533600000004,8647.401068789874,2004.0,47.0,21.0,228.0,144.0,30.0,27.0,0.0,72.0,3.0,135.0,18.0,0.0
206,64,6,1855.0,2140.0,461.0,0.0,272.0,2691.0,95.8515986872493,8261.49,8357.34159868725,2004.0,47.0,21.0,228.0,144.0,30.0,27.0,0.0,72.0,3.0,135.0,18.0,0.0
206,65,6,1911.0,2077.0,512.0,0.0,276.0,2691.0,17.266845223842,9395.620399999996,9412.887245223837,2004.0,47.0,21.0,228.0,144.0,30.0,27.0,0.0,72.0,3.0,135.0,18.0,0.0
206,66,6,1844.0,2152.0,431.0,0.0,327.0,2691.0,54.93915453541045,9431.425200000005,9486.364354535413,2004.0,47.0,21.0,228.0,144.0,30.0,27.0,0.0,72.0,3.0,135.0,18.0,0.0
206,67,6,1848.0,2155.0,436.0,0.0,276.0,2691.0,96.64584156709765,8849.463600000003,8946.1094415671,2004.0,47.0,21.0,228.0,144.0,30.0,27.0,0.0,72.0,3.0,135.0,18.0,0.0
206,68,6,1847.0,2130.0,462.0,0.0,253.0,2691.0,96.95224376770321,10178.115599999996,10275.067843767698,2004.0,47.0,21.0,228.0,144.0,30.0,27.0,0.0,72.0,3.0,135.0,18.0,0.0
206,69,6,1867.0,2123.0,453.0,0.0,324.0,2691.0,55.499154631881055,9389.407999999998,9444.90715463188,2004.0,47.0,21.0,228.0,144.0,30.0,27.0,0.0,72.0,3.0,135.0,18.0,0.0
206,70,6,1834.0,2100.0,467.0,0.0,371.0,2691.0,98.51427571634414,10182.457599999998,10280.971875716341,2004.0,47.0,21.0,228.0,144.0,30.0,27.0,0.0,72.0,3.0,135.0,18.0,0.0
206,71,6,1826.0,2108.0,468.0,0.0,318.0,2691.0,55.71156902038034,10484.259999999997,10539.971569020376,2004.0,47.0,21.0,228.0,144.0,30.0,27.0,0.0,72.0,3.0,135.0,18.0,0.0
206,72,7,1824.0,2129.0,453.0,0.0,285.0,2691.0,56.98999932695651,9738.371199999998,9795.361199326953,2004.0,47.0,21.0,228.0,144.0,30.0,27.0,0.0,72.0,3.0,135.0,18.0,0.0
206,73,7,1865.0,2110.0,482.0,0.0,323.0,2691.0,15.424800324386464,10048.924400000002,10064.349200324386,2004.0,47.0,21.0,228.0,144.0,30.0,27.0,0.0,72.0,3.0,135.0,18.0,0.0
206,74,7,1867.0,2080.0,501.0,0.0,327.0,2691.0,137.90426203688253,9655.138399999996,9793.042662036878,2004.0,47.0,21.0,228.0,144.0,30.0,27.0,0.0,72.0,3.0,135.0,18.0,0.0
206,75,7,1885.0,2129.0,452.0,0.0,313.0,2691.0,96.24802587012299,9568.3652,9664.613225870122,2004.0,47.0,21.0,228.0,144.0,30.0,27.0,0.0,72.0,3.0,135.0,18.0,0.0
206,76,7,1838.0,2124.0,456.0,0.0,320.0,2691.0,56.27796134064505,10015.724800000002,10072.002761340646,2004.0,47.0,21.0,228.0,144.0,30.0,27.0,0.0,72.0,3.0,135.0,18.0,0.0
206,77,7,1776.0,2133.0,455.0,0.0,279.0,2691.0,97.063699695298,8519.805600000002,8616.8692996953,2004.0,47.0,21.0,228.0,144.0,30.0,27.0,0.0,72.0,3.0,135.0,18.0,0.0
206,78,7,1854.0,2072.0,491.0,0.0,354.0,2691.0,14.987105641812182,9293.416399999998,9308.40350564181,2004.0,47.0,21.0,228.0,144.0,30.0,27.0,0.0,72.0,3.0,135.0,18.0,0.0
206,79,7,1844.0,2134.0,451.0,0.0,343.0,2691.0,17.456354955248365,9512.987999999998,9530.444354955247,2004.0,47.0,21.0,228.0,144.0,30.0,27.0,0.0,72.0,3.0,135.0,18.0,0.0
206,80,7,1896.0,2099.0,471.0,0.0,310.0,2691.0,96.1876837872767,8443.9208,8540.108483787277,2004.0,47.0,21.0,228.0,144.0,30.0,27.0,0.0,72.0,3.0,135.0,18.0,0.0
206,81,7,1872.0,2101.0,475.0,0.0,290.0,2691.0,55.5507533891577,9910.247600000002,9965.79835338916,2004.0,47.0,21.0,228.0,144.0,30.0,27.0,0.0,72.0,3.0,135.0,18.0,0.0
206,82,7,1863.0,2129.0,455.0,0.0,303.0,2691.0,14.055611997738602,8529.090800000004,8543.146411997743,2004.0,47.0,21.0,228.0,144.0,30.0,27.0,0.0,72.0,3.0,135.0,18.0,0.0
206,83,7,1840.0,2102.0,476.0,0.0,307.0,2691.0,16.604884650626207,9893.213599999997,9909.818484650623,2004.0,47.0,21.0,228.0,144.0,30.0,27.0,0.0,72.0,3.0,135.0,18.0,0.0
206,84,8,1844.0,2157.0,434.0,0.0,305.0,2691.0,15.17945618848768,9092.081200000006,9107.260656188493,2004.0,47.0,21.0,228.0,144.0,30.0,27.0,0.0,72.0,3.0,135.0,18.0,0.0
206,85,8,1856.0,2109.0,461.0,0.0,312.0,2691.0,137.90540234195808,9574.444000000005,9712.349402341964,2004.0,47.0,21.0,228.0,144.0,30.0,27.0,0.0,72.0,3.0,135.0,18.0,0.0
206,86,8,1885.0,2121.0,473.0,0.0,294.0,2691.0,96.35282176227726,8962.355600000003,9058.70842176228,2004.0,47.0,21.0,228.0,144.0,30.0,27.0,0.0,72.0,3.0,135.0,18.0,0.0
206,87,8,1880.0,2080.0,480.0,0.0,351.0,2691.0,56.90082647289807,9103.370400000002,9160.271226472902,2004.0,47.0,21.0,228.0,144.0,30.0,27.0,0.0,72.0,3.0,135.0,18.0,0.0
206,88,8,1837.0,2111.0,463.0,0.0,285.0,2691.0,57.53335737993713,9593.815999999992,9651.349357379931,2004.0,47.0,21.0,228.0,144.0,30.0,27.0,0.0,72.0,3.0,135.0,18.0,0.0
206,89,8,1844.0,2135.0,449.0,0.0,328.0,2691.0,56.66113243022809,8642.918000000001,8699.57913243023,2004.0,47.0,21.0,228.0,144.0,30.0,27.0,0.0,72.0,3.0,135.0,18.0,0.0
206,90,8,1859.0,2114.0,469.0,0.0,271.0,2691.0,15.107529406542522,9742.913599999996,9758.02112940654,2004.0,47.0,21.0,228.0,144.0,30.0,27.0,0.0,72.0,3.0,135.0,18.0,0.0
206,91,8,1852.0,2106.0,467.0,0.0,296.0,2691.0,16.818940031089888,10718.6612,10735.48014003109,2004.0,47.0,21.0,228.0,144.0,30.0,27.0,0.0,72.0,3.0,135.0,18.0,0.0
206,92,8,1865.0,2116.0,471.0,0.0,309.0,2691.0,96.91080726233585,8483.600000000008,8580.510807262342,2004.0,47.0,21.0,228.0,144.0,30.0,27.0,0.0,72.0,3.0,135.0,18.0,0.0
206,93,8,1840.0,2077.0,482.0,0.0,338.0,2691.0,56.764317498863576,10288.335599999999,10345.099917498861,2004.0,47.0,21.0,228.0,144.0,30.0,27.0,0.0,72.0,3.0,135.0,18.0,0.0
206,94,8,1829.0,2153.0,442.0,0.0,337.0,2691.0,57.704741577353374,9641.177199999995,9698.881941577347,2004.0,47.0,21.0,228.0,144.0,30.0,27.0,0.0,72.0,3.0,135.0,18.0,0.0
206,95,8,1841.0,2152.0,436.0,0.0,350.0,2691.0,56.7822638621956,8796.491200000002,8853.273463862197,2004.0,47.0,21.0,228.0,144.0,30.0,27.0,0.0,72.0,3.0,135.0,18.0,0.0
206,96,9,1812.0,2142.0,434.0,0.0,281.0,2691.0,56.497466771746716,9341.712800000005,9398.210266771752,2004.0,47.0,21.0,228.0,144.0,30.0,27.0,0.0,72.0,3.0,135.0,18.0,0.0
206,97,9,1855.0,2086.0,499.0,0.0,332.0,2691.0,54.539315919893376,9101.700400000002,9156.239715919895,2004.0,47.0,21.0,228.0,144.0,30.0,27.0,0.0,72.0,3.0,135.0,18.0,0.0
206,98,9,1854.0,2107.0,483.0,0.0,317.0,2691.0,17.23817845171309,9628.618800000002,9645.856978451715,2004.0,47.0,21.0,228.0,144.0,30.0,27.0,0.0,72.0,3.0,135.0,18.0,0.0
206,99,9,1870.0,2104.0,473.0,0.0,308.0,2691.0,54.89607209817587,9167.231200000002,9222.127272098178,2004.0,47.0,21.0,228.0,144.0,30.0,27.0,0.0,72.0,3.0,135.0,18.0,0.0
206,100,9,1887.0,2117.0,464.0,0.0,268.0,2691.0,97.0437045607634,8291.550000000003,8388.593704560764,2004.0,47.0,21.0,228.0,144.0,30.0,27.0,0.0,72.0,3.0,135.0,18.0,0.0
206,101,9,1865.0,2094.0,470.0,0.0,334.0,2691.0,56.56868229433399,9300.831200000004,9357.39988229434,2004.0,47.0,21.0,228.0,144.0,30.0,27.0,0.0,72.0,3.0,135.0,18.0,0.0
206,102,9,1843.0,2086.0,464.0,0.0,318.0,2691.0,96.39476003662011,8299.900000000001,8396.294760036622,2004.0,47.0,21.0,228.0,144.0,30.0,27.0,0.0,72.0,3.0,135.0,18.0,0.0
206,103,9,1840.0,2129.0,445.0,0.0,320.0,2691.0,98.6732721818144,9243.049199999998,9341.722472181811,2004.0,47.0,21.0,228.0,144.0,30.0,27.0,0.0,72.0,3.0,135.0,18.0,0.0
206,104,9,1894.0,2138.0,450.0,0.0,298.0,2691.0,57.7460493073434,11112.246799999992,11169.992849307335,2004.0,47.0,21.0,228.0,144.0,30.0,27.0,0.0,72.0,3.0,135.0,18.0,0.0
206,105,9,1862.0,2144.0,451.0,0.0,290.0,2691.0,56.951538554647165,10356.404799999997,10413.356338554644,2004.0,47.0,21.0,228.0,144.0,30.0,27.0,0.0,72.0,3.0,135.0,18.0,0.0
206,106,9,1843.0,2122.0,444.0,0.0,347.0,2691.0,96.66281409614008,9659.948,9756.61081409614,2004.0,47.0,21.0,228.0,144.0,30.0,27.0,0.0,72.0,3.0,135.0,18.0,0.0
206,107,9,1834.0,2085.0,514.0,0.0,297.0,2691.0,57.693396776581565,8930.2916,8987.984996776582,2004.0,47.0,21.0,228.0,144.0,30.0,27.0,0.0,72.0,3.0,135.0,18.0,0.0
206,108,10,1832.0,2118.0,462.0,0.0,319.0,2691.0,55.87234687683033,10170.099599999998,10225.971946876827,2004.0,47.0,21.0,228.0,144.0,30.0,27.0,0.0,72.0,3.0,135.0,18.0,0.0
206,109,10,1847.0,2123.0,467.0,0.0,304.0,2691.0,14.921497136558212,9285.734399999996,9300.655897136554,2004.0,47.0,21.0,228.0,144.0,30.0,27.0,0.0,72.0,3.0,135.0,18.0,0.0
206,110,10,1796.0,2145.0,448.0,0.0,326.0,2691.0,16.474118499085844,9563.355200000002,9579.829318499087,2004.0,47.0,21.0,228.0,144.0,30.0,27.0,0.0,72.0,3.0,135.0,18.0,0.0
206,111,10,1842.0,2145.0,442.0,0.0,341.0,2691.0,57.35157052843695,10229.818800000003,10287.170370528438,2004.0,47.0,21.0,228.0,144.0,30.0,27.0,0.0,72.0,3.0,135.0,18.0,0.0
206,112,10,1858.0,2104.0,488.0,0.0,338.0,2691.0,137.8064309121183,9994.014799999997,10131.821230912115,2004.0,47.0,21.0,228.0,144.0,30.0,27.0,0.0,72.0,3.0,135.0,18.0,0.0
206,113,10,1793.0,2159.0,433.0,0.0,319.0,2691.0,56.894016323984935,10089.538800000002,10146.432816323986,2004.0,47.0,21.0,228.0,144.0,30.0,27.0,0.0,72.0,3.0,135.0,18.0,0.0
206,114,10,1848.0,2140.0,445.0,0.0,293.0,2691.0,14.806382208012709,8156.747600000004,8171.553982208017,2004.0,47.0,21.0,228.0,144.0,30.0,27.0,0.0,72.0,3.0,135.0,18.0,0.0
206,115,10,1828.0,2096.0,493.0,0.0,278.0,2691.0,17.317611957694012,9354.605199999995,9371.922811957687,2004.0,47.0,21.0,228.0,144.0,30.0,27.0,0.0,72.0,3.0,135.0,18.0,0.0
206,116,10,1820.0,2069.0,501.0,0.0,264.0,2691.0,57.53583774486378,9969.766399999997,10027.30223774486,2004.0,47.0,21.0,228.0,144.0,30.0,27.0,0.0,72.0,3.0,135.0,18.0,0.0
206,117,10,1843.0,2118.0,465.0,0.0,339.0,2691.0,16.84177297741171,8731.227599999998,8748.06937297741,2004.0,47.0,21.0,228.0,144.0,30.0,27.0,0.0,72.0,3.0,135.0,18.0,0.0
206,118,10,1855.0,2109.0,474.0,0.0,300.0,2691.0,55.91617290779996,9655.138399999996,9711.054572907797,2004.0,47.0,21.0,228.0,144.0,30.0,27.0,0.0,72.0,3.0,135.0,18.0,0.0
206,119,10,1867.0,2120.0,458.0,0.0,336.0,2691.0,16.65952593498595,9259.949600000004,9276.609125934989,2004.0,47.0,21.0,228.0,144.0,30.0,27.0,0.0,72.0,3.0,135.0,18.0,0.0
207,0,1,1860.0,2147.0,434.0,0.0,316.0,2691.0,19.73374738530968,9693.548399999992,9713.2821473853,2004.0,47.0,21.0,228.0,144.0,30.0,27.0,0.0,72.0,3.0,135.0,18.0,0.0
207,1,1,1836.0,2110.0,481.0,0.0,283.0,2691.0,61.55653032767894,8793.1512,8854.707730327678,2004.0,47.0,21.0,228.0,144.0,30.0,27.0,0.0,72.0,3.0,135.0,18.0,0.0
207,2,1,1833.0,2105.0,455.0,0.0,312.0,2691.0,21.91038120271474,8833.431599999996,8855.34198120271,2004.0,47.0,21.0,228.0,144.0,30.0,27.0,0.0,72.0,3.0,135.0,18.0,0.0
207,3,1,1829.0,2073.0,502.0,0.0,303.0,2691.0,100.78850235688351,9461.351599999995,9562.14010235688,2004.0,47.0,21.0,228.0,144.0,30.0,27.0,0.0,72.0,3.0,135.0,18.0,0.0
207,4,1,1910.0,2138.0,468.0,0.0,253.0,2691.0,59.840746843541865,9425.346399999999,9485.18714684354,2004.0,47.0,21.0,228.0,144.0,30.0,27.0,0.0,72.0,3.0,135.0,18.0,0.0
207,5,1,1880.0,2116.0,473.0,0.0,279.0,2691.0,59.828811988995085,8766.832000000002,8826.660811988999,2004.0,47.0,21.0,228.0,144.0,30.0,27.0,0.0,72.0,3.0,135.0,18.0,0.0
207,6,1,1836.0,2132.0,447.0,0.0,326.0,2691.0,98.50454851193344,9875.979199999998,9974.483748511931,2004.0,47.0,21.0,228.0,144.0,30.0,27.0,0.0,72.0,3.0,135.0,18.0,0.0
207,7,1,1866.0,2107.0,461.0,0.0,314.0,2691.0,59.44837703306847,7621.212000000001,7680.660377033069,2004.0,47.0,21.0,228.0,144.0,30.0,27.0,0.0,72.0,3.0,135.0,18.0,0.0
207,8,1,1902.0,2081.0,478.0,0.0,311.0,2691.0,19.347344231573736,8588.8768,8608.224144231574,2004.0,47.0,21.0,228.0,144.0,30.0,27.0,0.0,72.0,3.0,135.0,18.0,0.0
207,9,1,1895.0,2091.0,492.0,0.0,297.0,2691.0,60.72444691072693,9850.929199999991,9911.65364691072,2004.0,47.0,21.0,228.0,144.0,30.0,27.0,0.0,72.0,3.0,135.0,18.0,0.0
207,10,1,1848.0,2123.0,444.0,0.0,311.0,2691.0,59.59340942375115,9713.321199999998,9772.91460942375,2004.0,47.0,21.0,228.0,144.0,30.0,27.0,0.0,72.0,3.0,135.0,18.0,0.0
207,11,1,1832.0,2118.0,456.0,0.0,349.0,2691.0,59.8242785194188,7901.170799999996,7960.995078519416,2004.0,47.0,21.0,228.0,144.0,30.0,27.0,0.0,72.0,3.0,135.0,18.0,0.0
207,12,2,1818.0,2089.0,504.0,0.0,333.0,2691.0,100.18184689904734,9484.865200000002,9585.04704689905,2004.0,47.0,21.0,228.0,144.0,30.0,27.0,0.0,72.0,3.0,135.0,18.0,0.0
207,13,2,1872.0,2089.0,494.0,0.0,268.0,2691.0,18.06697602067514,9595.085199999992,9613.152176020667,2004.0,47.0,21.0,228.0,144.0,30.0,27.0,0.0,72.0,3.0,135.0,18.0,0.0
207,14,2,1902.0,2070.0,502.0,0.0,317.0,2691.0,20.236201414819362,9681.858399999994,9702.094601414814,2004.0,47.0,21.0,228.0,144.0,30.0,27.0,0.0,72.0,3.0,135.0,18.0,0.0
207,15,2,1849.0,2129.0,448.0,0.0,310.0,2691.0,19.249178932053972,9903.76799999999,9923.017178932045,2004.0,47.0,21.0,228.0,144.0,30.0,27.0,0.0,72.0,3.0,135.0,18.0,0.0
207,16,2,1868.0,2088.0,498.0,0.0,317.0,2691.0,102.19107725493879,9411.785999999998,9513.977077254938,2004.0,47.0,21.0,228.0,144.0,30.0,27.0,0.0,72.0,3.0,135.0,18.0,0.0
207,17,2,1901.0,2103.0,468.0,0.0,322.0,2691.0,57.52377000849425,7817.203200000001,7874.726970008495,2004.0,47.0,21.0,228.0,144.0,30.0,27.0,0.0,72.0,3.0,135.0,18.0,0.0
207,18,2,1881.0,2140.0,458.0,0.0,264.0,2691.0,60.216332845317154,8917.599600000001,8977.815932845318,2004.0,47.0,21.0,228.0,144.0,30.0,27.0,0.0,72.0,3.0,135.0,18.0,0.0
207,19,2,1901.0,2065.0,517.0,0.0,347.0,2691.0,101.29071067605582,9166.696799999998,9267.987510676056,2004.0,47.0,21.0,228.0,144.0,30.0,27.0,0.0,72.0,3.0,135.0,18.0,0.0
207,20,2,1800.0,2088.0,492.0,0.0,323.0,2691.0,19.68511496688833,10434.093199999996,10453.778314966883,2004.0,47.0,21.0,228.0,144.0,30.0,27.0,0.0,72.0,3.0,135.0,18.0,0.0
207,21,2,1882.0,2098.0,464.0,0.0,312.0,2691.0,18.847783784215927,8543.920399999999,8562.768183784216,2004.0,47.0,21.0,228.0,144.0,30.0,27.0,0.0,72.0,3.0,135.0,18.0,0.0
207,22,2,1838.0,2098.0,487.0,0.0,323.0,2691.0,18.123958003331833,9428.2188,9446.342758003331,2004.0,47.0,21.0,228.0,144.0,30.0,27.0,0.0,72.0,3.0,135.0,18.0,0.0
207,23,2,1865.0,2118.0,467.0,0.0,264.0,2691.0,102.94245766744224,10294.280799999997,10397.22325766744,2004.0,47.0,21.0,228.0,144.0,30.0,27.0,0.0,72.0,3.0,135.0,18.0,0.0
207,24,3,1861.0,2136.0,441.0,0.0,318.0,2691.0,99.5274837173088,9129.4892,9229.01668371731,2004.0,47.0,21.0,228.0,144.0,30.0,27.0,0.0,72.0,3.0,135.0,18.0,0.0
207,25,3,1828.0,2123.0,452.0,0.0,311.0,2691.0,61.219678624674955,8429.425200000005,8490.64487862468,2004.0,47.0,21.0,228.0,144.0,30.0,27.0,0.0,72.0,3.0,135.0,18.0,0.0
207,26,3,1867.0,2096.0,496.0,0.0,324.0,2691.0,19.360976162369617,9250.330399999999,9269.69137616237,2004.0,47.0,21.0,228.0,144.0,30.0,27.0,0.0,72.0,3.0,135.0,18.0,0.0
207,27,3,1851.0,2089.0,479.0,0.0,261.0,2691.0,60.46553412128932,8585.2028,8645.668334121288,2004.0,47.0,21.0,228.0,144.0,30.0,27.0,0.0,72.0,3.0,135.0,18.0,0.0
207,28,3,1844.0,2071.0,509.0,0.0,303.0,2691.0,61.36041416194065,9091.680399999992,9153.040814161934,2004.0,47.0,21.0,228.0,144.0,30.0,27.0,0.0,72.0,3.0,135.0,18.0,0.0
207,29,3,1849.0,2090.0,501.0,0.0,274.0,2691.0,17.821298474223262,8386.072,8403.893298474224,2004.0,47.0,21.0,228.0,144.0,30.0,27.0,0.0,72.0,3.0,135.0,18.0,0.0
207,30,3,1888.0,2097.0,497.0,0.0,314.0,2691.0,20.2247743086892,9232.361199999996,9252.585974308686,2004.0,47.0,21.0,228.0,144.0,30.0,27.0,0.0,72.0,3.0,135.0,18.0,0.0
207,31,3,1837.0,2147.0,445.0,0.0,285.0,2691.0,99.16531911361885,9116.329599999997,9215.494919113617,2004.0,47.0,21.0,228.0,144.0,30.0,27.0,0.0,72.0,3.0,135.0,18.0,0.0
207,32,3,1850.0,2136.0,459.0,0.0,307.0,2691.0,58.73615817099365,9551.531599999995,9610.267758170989,2004.0,47.0,21.0,228.0,144.0,30.0,27.0,0.0,72.0,3.0,135.0,18.0,0.0
207,33,3,1836.0,2092.0,495.0,0.0,330.0,2691.0,18.75030872804883,9128.487200000003,9147.237508728052,2004.0,47.0,21.0,228.0,144.0,30.0,27.0,0.0,72.0,3.0,135.0,18.0,0.0
207,34,3,1835.0,2130.0,465.0,0.0,289.0,2691.0,20.30956584788621,9218.2664,9238.575965847887,2004.0,47.0,21.0,228.0,144.0,30.0,27.0,0.0,72.0,3.0,135.0,18.0,0.0
207,35,3,1857.0,2089.0,493.0,0.0,323.0,2691.0,59.09675606310848,8302.238,8361.334756063108,2004.0,47.0,21.0,228.0,144.0,30.0,27.0,0.0,72.0,3.0,135.0,18.0,0.0
207,36,4,1866.0,2068.0,518.0,0.0,268.0,2691.0,58.823071937664146,10224.875599999998,10283.698671937662,2004.0,47.0,21.0,228.0,144.0,30.0,27.0,0.0,72.0,3.0,135.0,18.0,0.0
207,37,4,1841.0,2126.0,464.0,0.0,277.0,2691.0,19.21104651216466,8949.3296,8968.540646512163,2004.0,47.0,21.0,228.0,144.0,30.0,27.0,0.0,72.0,3.0,135.0,18.0,0.0
207,38,4,1828.0,2141.0,439.0,0.0,275.0,2691.0,57.580753651288354,9144.385600000001,9201.966353651289,2004.0,47.0,21.0,228.0,144.0,30.0,27.0,0.0,72.0,3.0,135.0,18.0,0.0
207,39,4,1883.0,2126.0,467.0,0.0,276.0,2691.0,17.46905438699844,8999.429599999996,9016.898654386994,2004.0,47.0,21.0,228.0,144.0,30.0,27.0,0.0,72.0,3.0,135.0,18.0,0.0
207,40,4,1923.0,2107.0,468.0,0.0,301.0,2691.0,21.80812588277076,9769.166000000001,9790.97412588277,2004.0,47.0,21.0,228.0,144.0,30.0,27.0,0.0,72.0,3.0,135.0,18.0,0.0
207,41,4,1842.0,2077.0,499.0,0.0,311.0,2691.0,18.401682115586187,8651.134400000003,8669.536082115588,2004.0,47.0,21.0,228.0,144.0,30.0,27.0,0.0,72.0,3.0,135.0,18.0,0.0
207,42,4,1874.0,2073.0,510.0,0.0,299.0,2691.0,18.74681497227066,8938.307599999996,8957.054414972266,2004.0,47.0,21.0,228.0,144.0,30.0,27.0,0.0,72.0,3.0,135.0,18.0,0.0
207,43,4,1859.0,2101.0,483.0,0.0,297.0,2691.0,62.36573222625249,9265.761200000003,9328.126932226254,2004.0,47.0,21.0,228.0,144.0,30.0,27.0,0.0,72.0,3.0,135.0,18.0,0.0
207,44,4,1845.0,2103.0,476.0,0.0,290.0,2691.0,142.14426214270813,8898.160799999998,9040.305062142706,2004.0,47.0,21.0,228.0,144.0,30.0,27.0,0.0,72.0,3.0,135.0,18.0,0.0
207,45,4,1905.0,2129.0,456.0,0.0,330.0,2691.0,18.84030480315998,8943.2508,8962.09110480316,2004.0,47.0,21.0,228.0,144.0,30.0,27.0,0.0,72.0,3.0,135.0,18.0,0.0
207,46,4,1846.0,2089.0,486.0,0.0,347.0,2691.0,20.145045815700087,8880.859600000002,8901.004645815701,2004.0,47.0,21.0,228.0,144.0,30.0,27.0,0.0,72.0,3.0,135.0,18.0,0.0
207,47,4,1848.0,2099.0,477.0,0.0,261.0,2691.0,140.89071797011323,9300.964800000003,9441.855517970116,2004.0,47.0,21.0,228.0,144.0,30.0,27.0,0.0,72.0,3.0,135.0,18.0,0.0
207,48,5,1860.0,2106.0,474.0,0.0,290.0,2691.0,20.06075247330599,10987.731599999996,11007.792352473301,2004.0,47.0,21.0,228.0,144.0,30.0,27.0,0.0,72.0,3.0,135.0,18.0,0.0
207,49,5,1865.0,2118.0,466.0,0.0,286.0,2691.0,100.99032300280203,9735.6992,9836.689523002802,2004.0,47.0,21.0,228.0,144.0,30.0,27.0,0.0,72.0,3.0,135.0,18.0,0.0
207,50,5,1885.0,2103.0,472.0,0.0,312.0,2691.0,60.786658884012006,8250.935600000004,8311.722258884016,2004.0,47.0,21.0,228.0,144.0,30.0,27.0,0.0,72.0,3.0,135.0,18.0,0.0
207,51,5,1839.0,2102.0,478.0,0.0,312.0,2691.0,22.191518948530664,8337.975999999999,8360.16751894853,2004.0,47.0,21.0,228.0,144.0,30.0,27.0,0.0,72.0,3.0,135.0,18.0,0.0
207,52,5,1852.0,2118.0,467.0,0.0,322.0,2691.0,18.995869488081315,8359.151599999996,8378.147469488078,2004.0,47.0,21.0,228.0,144.0,30.0,27.0,0.0,72.0,3.0,135.0,18.0,0.0
207,53,5,1856.0,2087.0,488.0,0.0,332.0,2691.0,61.34871014864502,9004.105599999997,9065.454310148643,2004.0,47.0,21.0,228.0,144.0,30.0,27.0,0.0,72.0,3.0,135.0,18.0,0.0
207,54,5,1830.0,2128.0,452.0,0.0,295.0,2691.0,57.994389715518196,8507.848399999999,8565.842789715516,2004.0,47.0,21.0,228.0,144.0,30.0,27.0,0.0,72.0,3.0,135.0,18.0,0.0
207,55,5,1840.0,2118.0,474.0,0.0,326.0,2691.0,100.59051123192157,10163.3528,10263.943311231922,2004.0,47.0,21.0,228.0,144.0,30.0,27.0,0.0,72.0,3.0,135.0,18.0,0.0
207,56,5,1854.0,2085.0,482.0,0.0,315.0,2691.0,100.67568790641255,8872.643200000002,8973.318887906415,2004.0,47.0,21.0,228.0,144.0,30.0,27.0,0.0,72.0,3.0,135.0,18.0,0.0
207,57,5,1843.0,2107.0,485.0,0.0,301.0,2691.0,58.7456191210497,8554.274400000002,8613.020019121052,2004.0,47.0,21.0,228.0,144.0,30.0,27.0,0.0,72.0,3.0,135.0,18.0,0.0
207,58,5,1852.0,2117.0,472.0,0.0,325.0,2691.0,60.573188829984424,8417.000399999997,8477.573588829982,2004.0,47.0,21.0,228.0,144.0,30.0,27.0,0.0,72.0,3.0,135.0,18.0,0.0
207,59,5,1887.0,2090.0,489.0,0.0,340.0,2691.0,58.44419269049021,8975.515199999996,9033.959392690487,2004.0,47.0,21.0,228.0,144.0,30.0,27.0,0.0,72.0,3.0,135.0,18.0,0.0
207,60,6,1853.0,2072.0,511.0,0.0,314.0,2691.0,101.10133273674998,9445.252799999991,9546.354132736742,2004.0,47.0,21.0,228.0,144.0,30.0,27.0,0.0,72.0,3.0,135.0,18.0,0.0
207,61,6,1865.0,2116.0,471.0,0.0,246.0,2691.0,101.25723117264661,8464.2948,8565.552031172647,2004.0,47.0,21.0,228.0,144.0,30.0,27.0,0.0,72.0,3.0,135.0,18.0,0.0
207,62,6,1854.0,2118.0,459.0,0.0,287.0,2691.0,101.26786196229628,8696.692000000001,8797.959861962298,2004.0,47.0,21.0,228.0,144.0,30.0,27.0,0.0,72.0,3.0,135.0,18.0,0.0
207,63,6,1855.0,2124.0,476.0,0.0,264.0,2691.0,99.98605042221621,7863.4956,7963.481650422216,2004.0,47.0,21.0,228.0,144.0,30.0,27.0,0.0,72.0,3.0,135.0,18.0,0.0
207,64,6,1911.0,2054.0,532.0,0.0,281.0,2691.0,20.01600904454152,9480.990799999996,9501.006809044538,2004.0,47.0,21.0,228.0,144.0,30.0,27.0,0.0,72.0,3.0,135.0,18.0,0.0
207,65,6,1844.0,2133.0,450.0,0.0,313.0,2691.0,16.4510340572771,9211.920400000003,9228.37143405728,2004.0,47.0,21.0,228.0,144.0,30.0,27.0,0.0,72.0,3.0,135.0,18.0,0.0
207,66,6,1848.0,2138.0,452.0,0.0,267.0,2691.0,60.13515191410186,7926.955600000006,7987.090751914107,2004.0,47.0,21.0,228.0,144.0,30.0,27.0,0.0,72.0,3.0,135.0,18.0,0.0
207,67,6,1847.0,2117.0,474.0,0.0,244.0,2691.0,100.0919527336039,9717.596399999995,9817.6883527336,2004.0,47.0,21.0,228.0,144.0,30.0,27.0,0.0,72.0,3.0,135.0,18.0,0.0
207,68,6,1867.0,2106.0,467.0,0.0,322.0,2691.0,58.829194143740914,9450.930800000002,9509.759994143742,2004.0,47.0,21.0,228.0,144.0,30.0,27.0,0.0,72.0,3.0,135.0,18.0,0.0
207,69,6,1834.0,2095.0,471.0,0.0,346.0,2691.0,101.825549136239,9940.908799999997,10042.734349136237,2004.0,47.0,21.0,228.0,144.0,30.0,27.0,0.0,72.0,3.0,135.0,18.0,0.0
207,70,6,1826.0,2091.0,484.0,0.0,299.0,2691.0,60.36528359011194,9689.406799999997,9749.77208359011,2004.0,47.0,21.0,228.0,144.0,30.0,27.0,0.0,72.0,3.0,135.0,18.0,0.0
207,71,6,1824.0,2114.0,467.0,0.0,293.0,2691.0,62.57461819788252,9643.7156,9706.29021819788,2004.0,47.0,21.0,228.0,144.0,30.0,27.0,0.0,72.0,3.0,135.0,18.0,0.0
207,72,7,1865.0,2093.0,500.0,0.0,318.0,2691.0,140.59860030016196,10034.228400000004,10174.827000300165,2004.0,47.0,21.0,228.0,144.0,30.0,27.0,0.0,72.0,3.0,135.0,18.0,0.0
207,73,7,1867.0,2068.0,513.0,0.0,321.0,2691.0,101.37772165286997,9588.538799999995,9689.916521652865,2004.0,47.0,21.0,228.0,144.0,30.0,27.0,0.0,72.0,3.0,135.0,18.0,0.0
207,74,7,1885.0,2123.0,458.0,0.0,300.0,2691.0,98.69300662404076,9285.400399999999,9384.09340662404,2004.0,47.0,21.0,228.0,144.0,30.0,27.0,0.0,72.0,3.0,135.0,18.0,0.0
207,75,7,1838.0,2114.0,466.0,0.0,308.0,2691.0,18.990085179905986,9747.723200000004,9766.71328517991,2004.0,47.0,21.0,228.0,144.0,30.0,27.0,0.0,72.0,3.0,135.0,18.0,0.0
207,76,7,1776.0,2120.0,467.0,0.0,266.0,2691.0,19.024707850892508,8336.973999999998,8355.998707850891,2004.0,47.0,21.0,228.0,144.0,30.0,27.0,0.0,72.0,3.0,135.0,18.0,0.0
207,77,7,1854.0,2063.0,500.0,0.0,351.0,2691.0,19.275624739207185,9134.098399999999,9153.374024739205,2004.0,47.0,21.0,228.0,144.0,30.0,27.0,0.0,72.0,3.0,135.0,18.0,0.0
207,78,7,1844.0,2113.0,469.0,0.0,336.0,2691.0,20.566571564009056,9111.4532,9132.019771564008,2004.0,47.0,21.0,228.0,144.0,30.0,27.0,0.0,72.0,3.0,135.0,18.0,0.0
207,79,7,1896.0,2093.0,478.0,0.0,300.0,2691.0,18.660502999834527,8297.0276,8315.688102999833,2004.0,47.0,21.0,228.0,144.0,30.0,27.0,0.0,72.0,3.0,135.0,18.0,0.0
207,80,7,1872.0,2086.0,490.0,0.0,284.0,2691.0,57.61253712142687,9680.5892,9738.201737121428,2004.0,47.0,21.0,228.0,144.0,30.0,27.0,0.0,72.0,3.0,135.0,18.0,0.0
207,81,7,1863.0,2118.0,464.0,0.0,301.0,2691.0,17.428984446318047,8720.339200000002,8737.76818444632,2004.0,47.0,21.0,228.0,144.0,30.0,27.0,0.0,72.0,3.0,135.0,18.0,0.0
207,82,7,1840.0,2096.0,482.0,0.0,305.0,2691.0,19.22456441762789,9223.3432,9242.567764417628,2004.0,47.0,21.0,228.0,144.0,30.0,27.0,0.0,72.0,3.0,135.0,18.0,0.0
207,83,7,1844.0,2145.0,445.0,0.0,302.0,2691.0,19.167436671736855,8697.760800000007,8716.928236671743,2004.0,47.0,21.0,228.0,144.0,30.0,27.0,0.0,72.0,3.0,135.0,18.0,0.0
207,84,8,1856.0,2125.0,443.0,0.0,303.0,2691.0,139.55131317842458,10256.939599999998,10396.490913178422,2004.0,47.0,21.0,228.0,144.0,30.0,27.0,0.0,72.0,3.0,135.0,18.0,0.0
207,85,8,1885.0,2109.0,483.0,0.0,288.0,2691.0,139.6025394998903,8708.048000000003,8847.650539499893,2004.0,47.0,21.0,228.0,144.0,30.0,27.0,0.0,72.0,3.0,135.0,18.0,0.0
207,86,8,1880.0,2070.0,490.0,0.0,339.0,2691.0,100.39606085297412,9018.734800000002,9119.130860852976,2004.0,47.0,21.0,228.0,144.0,30.0,27.0,0.0,72.0,3.0,135.0,18.0,0.0
207,87,8,1837.0,2102.0,471.0,0.0,278.0,2691.0,100.92162600879419,9363.021999999997,9463.943626008791,2004.0,47.0,21.0,228.0,144.0,30.0,27.0,0.0,72.0,3.0,135.0,18.0,0.0
207,88,8,1844.0,2129.0,454.0,0.0,326.0,2691.0,59.65168738475393,8392.217600000002,8451.869287384754,2004.0,47.0,21.0,228.0,144.0,30.0,27.0,0.0,72.0,3.0,135.0,18.0,0.0
207,89,8,1859.0,2098.0,486.0,0.0,264.0,2691.0,17.72442378660506,9216.329199999995,9234.0536237866,2004.0,47.0,21.0,228.0,144.0,30.0,27.0,0.0,72.0,3.0,135.0,18.0,0.0
207,90,8,1852.0,2089.0,483.0,0.0,296.0,2691.0,19.66877227087686,9986.934,10006.602772270877,2004.0,47.0,21.0,228.0,144.0,30.0,27.0,0.0,72.0,3.0,135.0,18.0,0.0
207,91,8,1865.0,2102.0,482.0,0.0,306.0,2691.0,60.028696216349886,8058.685200000005,8118.713896216355,2004.0,47.0,21.0,228.0,144.0,30.0,27.0,0.0,72.0,3.0,135.0,18.0,0.0
207,92,8,1840.0,2059.0,500.0,0.0,328.0,2691.0,60.28186875749454,9235.968399999998,9296.250268757492,2004.0,47.0,21.0,228.0,144.0,30.0,27.0,0.0,72.0,3.0,135.0,18.0,0.0
207,93,8,1829.0,2134.0,461.0,0.0,319.0,2691.0,62.52799351818774,9487.871199999994,9550.399193518182,2004.0,47.0,21.0,228.0,144.0,30.0,27.0,0.0,72.0,3.0,135.0,18.0,0.0
207,94,8,1841.0,2131.0,456.0,0.0,350.0,2691.0,61.13846772706318,8700.366,8761.504467727063,2004.0,47.0,21.0,228.0,144.0,30.0,27.0,0.0,72.0,3.0,135.0,18.0,0.0
207,95,8,1812.0,2119.0,457.0,0.0,274.0,2691.0,58.596806982501334,9659.948000000004,9718.544806982505,2004.0,47.0,21.0,228.0,144.0,30.0,27.0,0.0,72.0,3.0,135.0,18.0,0.0
207,96,9,1855.0,2072.0,514.0,0.0,324.0,2691.0,98.18090191574763,8632.029600000002,8730.21050191575,2004.0,47.0,21.0,228.0,144.0,30.0,27.0,0.0,72.0,3.0,135.0,18.0,0.0
207,97,9,1854.0,2101.0,490.0,0.0,305.0,2691.0,62.62279224468192,9312.254000000004,9374.876792244686,2004.0,47.0,21.0,228.0,144.0,30.0,27.0,0.0,72.0,3.0,135.0,18.0,0.0
207,98,9,1870.0,2077.0,499.0,0.0,305.0,2691.0,59.784137244099654,9279.588800000001,9339.372937244101,2004.0,47.0,21.0,228.0,144.0,30.0,27.0,0.0,72.0,3.0,135.0,18.0,0.0
207,99,9,1887.0,2104.0,477.0,0.0,257.0,2691.0,142.09774982470225,7500.370800000002,7642.468549824704,2004.0,47.0,21.0,228.0,144.0,30.0,27.0,0.0,72.0,3.0,135.0,18.0,0.0
207,100,9,1865.0,2086.0,478.0,0.0,332.0,2691.0,60.34042228399653,9386.268400000004,9446.608822284,2004.0,47.0,21.0,228.0,144.0,30.0,27.0,0.0,72.0,3.0,135.0,18.0,0.0
207,101,9,1843.0,2069.0,481.0,0.0,308.0,2691.0,100.47755236917578,8270.040400000002,8370.517952369179,2004.0,47.0,21.0,228.0,144.0,30.0,27.0,0.0,72.0,3.0,135.0,18.0,0.0
207,102,9,1840.0,2118.0,456.0,0.0,299.0,2691.0,61.76511106136625,8922.676399999997,8984.441511061363,2004.0,47.0,21.0,228.0,144.0,30.0,27.0,0.0,72.0,3.0,135.0,18.0,0.0
207,103,9,1894.0,2120.0,467.0,0.0,286.0,2691.0,60.66601505212105,10774.906799999993,10835.572815052114,2004.0,47.0,21.0,228.0,144.0,30.0,27.0,0.0,72.0,3.0,135.0,18.0,0.0
207,104,9,1862.0,2134.0,461.0,0.0,293.0,2691.0,59.87687331863496,9955.871999999998,10015.748873318633,2004.0,47.0,21.0,228.0,144.0,30.0,27.0,0.0,72.0,3.0,135.0,18.0,0.0
207,105,9,1843.0,2104.0,462.0,0.0,333.0,2691.0,58.34813789915835,9370.770799999998,9429.118937899157,2004.0,47.0,21.0,228.0,144.0,30.0,27.0,0.0,72.0,3.0,135.0,18.0,0.0
207,106,9,1834.0,2062.0,536.0,0.0,287.0,2691.0,61.661081418836,8653.3388,8714.999881418835,2004.0,47.0,21.0,228.0,144.0,30.0,27.0,0.0,72.0,3.0,135.0,18.0,0.0
207,107,9,1832.0,2075.0,504.0,0.0,314.0,2691.0,60.12018715920528,9097.892799999994,9158.0129871592,2004.0,47.0,21.0,228.0,144.0,30.0,27.0,0.0,72.0,3.0,135.0,18.0,0.0
207,108,10,1847.0,2112.0,478.0,0.0,306.0,2691.0,18.996992791233648,9027.4188,9046.415792791233,2004.0,47.0,21.0,228.0,144.0,30.0,27.0,0.0,72.0,3.0,135.0,18.0,0.0
207,109,10,1796.0,2123.0,469.0,0.0,307.0,2691.0,19.63875508441147,8729.490800000001,8749.129555084412,2004.0,47.0,21.0,228.0,144.0,30.0,27.0,0.0,72.0,3.0,135.0,18.0,0.0
207,110,10,1842.0,2128.0,458.0,0.0,334.0,2691.0,60.4794521060332,9936.967600000002,9997.447052106036,2004.0,47.0,21.0,228.0,144.0,30.0,27.0,0.0,72.0,3.0,135.0,18.0,0.0
207,111,10,1858.0,2095.0,498.0,0.0,327.0,2691.0,101.32385427985301,9251.933599999991,9353.257454279845,2004.0,47.0,21.0,228.0,144.0,30.0,27.0,0.0,72.0,3.0,135.0,18.0,0.0
207,112,10,1793.0,2131.0,461.0,0.0,315.0,2691.0,57.73099676239603,9662.352800000002,9720.083796762397,2004.0,47.0,21.0,228.0,144.0,30.0,27.0,0.0,72.0,3.0,135.0,18.0,0.0
207,113,10,1848.0,2120.0,463.0,0.0,291.0,2691.0,18.77786913221231,8150.735600000005,8169.513469132218,2004.0,47.0,21.0,228.0,144.0,30.0,27.0,0.0,72.0,3.0,135.0,18.0,0.0
207,114,10,1828.0,2079.0,511.0,0.0,274.0,2691.0,20.495291897098625,8804.440399999998,8824.935691897097,2004.0,47.0,21.0,228.0,144.0,30.0,27.0,0.0,72.0,3.0,135.0,18.0,0.0
207,115,10,1820.0,2086.0,484.0,0.0,258.0,2691.0,60.91544701049398,9539.373999999996,9600.289447010491,2004.0,47.0,21.0,228.0,144.0,30.0,27.0,0.0,72.0,3.0,135.0,18.0,0.0
207,116,10,1843.0,2103.0,479.0,0.0,327.0,2691.0,19.87154817693287,8607.847999999998,8627.719548176932,2004.0,47.0,21.0,228.0,144.0,30.0,27.0,0.0,72.0,3.0,135.0,18.0,0.0
207,117,10,1855.0,2089.0,493.0,0.0,285.0,2691.0,58.84900513158234,8937.906799999999,8996.755805131581,2004.0,47.0,21.0,228.0,144.0,30.0,27.0,0.0,72.0,3.0,135.0,18.0,0.0
207,118,10,1867.0,2103.0,474.0,0.0,322.0,2691.0,19.405281162894013,8991.747600000002,9011.152881162896,2004.0,47.0,21.0,228.0,144.0,30.0,27.0,0.0,72.0,3.0,135.0,18.0,0.0
207,119,10,1845.0,2124.0,458.0,0.0,313.0,2691.0,59.848973161229246,8607.7144,8667.563373161232,2004.0,47.0,21.0,228.0,144.0,30.0,27.0,0.0,72.0,3.0,135.0,18.0,0.0
208,0,1,1836.0,2114.0,477.0,0.0,305.0,2691.0,62.01612501980075,9934.295600000001,9996.311725019803,2004.0,47.0,21.0,228.0,144.0,30.0,27.0,0.0,72.0,3.0,135.0,18.0,0.0
208,1,1,1833.0,2116.0,444.0,0.0,346.0,2691.0,21.159472385003657,9870.568399999996,9891.727872385001,2004.0,47.0,21.0,228.0,144.0,30.0,27.0,0.0,72.0,3.0,135.0,18.0,0.0
208,2,1,1829.0,2085.0,490.0,0.0,339.0,2691.0,181.73597667994767,10360.746799999995,10542.482776679943,2004.0,47.0,21.0,228.0,144.0,30.0,27.0,0.0,72.0,3.0,135.0,18.0,0.0
208,3,1,1910.0,2151.0,455.0,0.0,288.0,2691.0,60.68288688964016,10439.504,10500.186886889642,2004.0,47.0,21.0,228.0,144.0,30.0,27.0,0.0,72.0,3.0,135.0,18.0,0.0
208,4,1,1880.0,2127.0,462.0,0.0,311.0,2691.0,100.76952971805339,9833.3608,9934.130329718053,2004.0,47.0,21.0,228.0,144.0,30.0,27.0,0.0,72.0,3.0,135.0,18.0,0.0
208,5,1,1836.0,2139.0,439.0,0.0,358.0,2691.0,140.7333376276183,10859.676,11000.409337627618,2004.0,47.0,21.0,228.0,144.0,30.0,27.0,0.0,72.0,3.0,135.0,18.0,0.0
208,6,1,1866.0,2116.0,453.0,0.0,335.0,2691.0,100.2641406222584,8893.618399999998,8993.882540622257,2004.0,47.0,21.0,228.0,144.0,30.0,27.0,0.0,72.0,3.0,135.0,18.0,0.0
208,7,1,1902.0,2101.0,458.0,0.0,358.0,2691.0,60.917241812732776,10346.785600000001,10407.702841812734,2004.0,47.0,21.0,228.0,144.0,30.0,27.0,0.0,72.0,3.0,135.0,18.0,0.0
208,8,1,1895.0,2101.0,482.0,0.0,341.0,2691.0,60.856242446828205,10729.883599999994,10790.739842446823,2004.0,47.0,21.0,228.0,144.0,30.0,27.0,0.0,72.0,3.0,135.0,18.0,0.0
208,9,1,1848.0,2131.0,436.0,0.0,346.0,2691.0,60.25535507731297,10519.1296,10579.384955077314,2004.0,47.0,21.0,228.0,144.0,30.0,27.0,0.0,72.0,3.0,135.0,18.0,0.0
208,10,1,1832.0,2126.0,448.0,0.0,388.0,2691.0,60.267132072492196,8831.227199999994,8891.494332072487,2004.0,47.0,21.0,228.0,144.0,30.0,27.0,0.0,72.0,3.0,135.0,18.0,0.0
208,11,1,1818.0,2096.0,498.0,0.0,358.0,2691.0,140.3491371563294,10630.017600000001,10770.366737156332,2004.0,47.0,21.0,228.0,144.0,30.0,27.0,0.0,72.0,3.0,135.0,18.0,0.0
208,12,2,1872.0,2105.0,477.0,0.0,308.0,2691.0,19.085441296665543,10789.803199999995,10808.88864129666,2004.0,47.0,21.0,228.0,144.0,30.0,27.0,0.0,72.0,3.0,135.0,18.0,0.0
208,13,2,1902.0,2083.0,489.0,0.0,358.0,2691.0,20.636454305077944,10678.180399999994,10698.81685430507,2004.0,47.0,21.0,228.0,144.0,30.0,27.0,0.0,72.0,3.0,135.0,18.0,0.0
208,14,2,1849.0,2145.0,432.0,0.0,356.0,2691.0,20.32047864683193,11137.430399999988,11157.75087864682,2004.0,47.0,21.0,228.0,144.0,30.0,27.0,0.0,72.0,3.0,135.0,18.0,0.0
208,15,2,1868.0,2095.0,491.0,0.0,357.0,2691.0,62.870421368844504,10303.4992,10366.369621368844,2004.0,47.0,21.0,228.0,144.0,30.0,27.0,0.0,72.0,3.0,135.0,18.0,0.0
208,16,2,1901.0,2111.0,460.0,0.0,345.0,2691.0,99.78845956119457,8731.695200000004,8831.4836595612,2004.0,47.0,21.0,228.0,144.0,30.0,27.0,0.0,72.0,3.0,135.0,18.0,0.0
208,17,2,1881.0,2144.0,454.0,0.0,280.0,2691.0,60.67701426301293,9910.9824,9971.659414263013,2004.0,47.0,21.0,228.0,144.0,30.0,27.0,0.0,72.0,3.0,135.0,18.0,0.0
208,18,2,1901.0,2068.0,514.0,0.0,371.0,2691.0,102.0326390253392,10410.0452,10512.07783902534,2004.0,47.0,21.0,228.0,144.0,30.0,27.0,0.0,72.0,3.0,135.0,18.0,0.0
208,19,2,1800.0,2099.0,481.0,0.0,366.0,2691.0,20.35762212072342,11628.009599999998,11648.367222120722,2004.0,47.0,21.0,228.0,144.0,30.0,27.0,0.0,72.0,3.0,135.0,18.0,0.0
208,20,2,1882.0,2105.0,457.0,0.0,334.0,2691.0,18.866012392261098,9548.592399999996,9567.458412392258,2004.0,47.0,21.0,228.0,144.0,30.0,27.0,0.0,72.0,3.0,135.0,18.0,0.0
208,21,2,1838.0,2103.0,481.0,0.0,358.0,2691.0,59.26916028862138,10598.2208,10657.489960288618,2004.0,47.0,21.0,228.0,144.0,30.0,27.0,0.0,72.0,3.0,135.0,18.0,0.0
208,22,2,1865.0,2126.0,458.0,0.0,291.0,2691.0,103.86399447019856,10720.531599999998,10824.395594470196,2004.0,47.0,21.0,228.0,144.0,30.0,27.0,0.0,72.0,3.0,135.0,18.0,0.0
208,23,2,1861.0,2146.0,431.0,0.0,355.0,2691.0,141.357390630836,10416.123999999996,10557.481390630832,2004.0,47.0,21.0,228.0,144.0,30.0,27.0,0.0,72.0,3.0,135.0,18.0,0.0
208,24,3,1828.0,2133.0,443.0,0.0,351.0,2691.0,19.87090371047836,9590.476000000002,9610.34690371048,2004.0,47.0,21.0,228.0,144.0,30.0,27.0,0.0,72.0,3.0,135.0,18.0,0.0
208,25,3,1867.0,2104.0,488.0,0.0,360.0,2691.0,19.646395014517942,10456.0036,10475.649995014517,2004.0,47.0,21.0,228.0,144.0,30.0,27.0,0.0,72.0,3.0,135.0,18.0,0.0
208,26,3,1851.0,2107.0,461.0,0.0,289.0,2691.0,19.364436219956307,9264.7592,9284.123636219956,2004.0,47.0,21.0,228.0,144.0,30.0,27.0,0.0,72.0,3.0,135.0,18.0,0.0
208,27,3,1844.0,2083.0,497.0,0.0,328.0,2691.0,61.521666293953544,9783.060399999991,9844.582066293946,2004.0,47.0,21.0,228.0,144.0,30.0,27.0,0.0,72.0,3.0,135.0,18.0,0.0
208,28,3,1849.0,2097.0,494.0,0.0,307.0,2691.0,18.227656665801902,9290.944800000003,9309.172456665805,2004.0,47.0,21.0,228.0,144.0,30.0,27.0,0.0,72.0,3.0,135.0,18.0,0.0
208,29,3,1888.0,2106.0,488.0,0.0,339.0,2691.0,61.035667704220984,10471.434399999996,10532.470067704216,2004.0,47.0,21.0,228.0,144.0,30.0,27.0,0.0,72.0,3.0,135.0,18.0,0.0
208,30,3,1837.0,2162.0,430.0,0.0,317.0,2691.0,59.68603203047268,10556.403999999997,10616.090032030468,2004.0,47.0,21.0,228.0,144.0,30.0,27.0,0.0,72.0,3.0,135.0,18.0,0.0
208,31,3,1850.0,2144.0,450.0,0.0,344.0,2691.0,59.99146005950838,10840.704799999998,10900.696260059505,2004.0,47.0,21.0,228.0,144.0,30.0,27.0,0.0,72.0,3.0,135.0,18.0,0.0
208,32,3,1836.0,2105.0,482.0,0.0,362.0,2691.0,21.310481155239238,10601.026400000004,10622.336881155243,2004.0,47.0,21.0,228.0,144.0,30.0,27.0,0.0,72.0,3.0,135.0,18.0,0.0
208,33,3,1835.0,2140.0,455.0,0.0,317.0,2691.0,20.994792263999813,10325.676800000001,10346.671592264001,2004.0,47.0,21.0,228.0,144.0,30.0,27.0,0.0,72.0,3.0,135.0,18.0,0.0
208,34,3,1857.0,2098.0,485.0,0.0,351.0,2691.0,59.68080748557693,9597.489999999998,9657.170807485574,2004.0,47.0,21.0,228.0,144.0,30.0,27.0,0.0,72.0,3.0,135.0,18.0,0.0
208,35,3,1866.0,2075.0,511.0,0.0,299.0,2691.0,100.87600750276525,11667.889199999998,11768.765207502762,2004.0,47.0,21.0,228.0,144.0,30.0,27.0,0.0,72.0,3.0,135.0,18.0,0.0
208,36,4,1841.0,2132.0,457.0,0.0,315.0,2691.0,60.90981920919779,10096.5528,10157.462619209196,2004.0,47.0,21.0,228.0,144.0,30.0,27.0,0.0,72.0,3.0,135.0,18.0,0.0
208,37,4,1828.0,2142.0,438.0,0.0,309.0,2691.0,57.605395195898176,10434.627600000003,10492.232995195902,2004.0,47.0,21.0,228.0,144.0,30.0,27.0,0.0,72.0,3.0,135.0,18.0,0.0
208,38,4,1883.0,2131.0,462.0,0.0,311.0,2691.0,58.5058281478281,9945.183999999994,10003.689828147822,2004.0,47.0,21.0,228.0,144.0,30.0,27.0,0.0,72.0,3.0,135.0,18.0,0.0
208,39,4,1923.0,2116.0,459.0,0.0,333.0,2691.0,22.92258246892004,11517.322,11540.24458246892,2004.0,47.0,21.0,228.0,144.0,30.0,27.0,0.0,72.0,3.0,135.0,18.0,0.0
208,40,4,1842.0,2084.0,492.0,0.0,342.0,2691.0,60.01636612873142,9994.8164,10054.83276612873,2004.0,47.0,21.0,228.0,144.0,30.0,27.0,0.0,72.0,3.0,135.0,18.0,0.0
208,41,4,1874.0,2085.0,498.0,0.0,329.0,2691.0,18.22038929070376,10027.882399999997,10046.1027892907,2004.0,47.0,21.0,228.0,144.0,30.0,27.0,0.0,72.0,3.0,135.0,18.0,0.0
208,42,4,1859.0,2121.0,463.0,0.0,330.0,2691.0,102.80065540603543,10523.805600000003,10626.606255406039,2004.0,47.0,21.0,228.0,144.0,30.0,27.0,0.0,72.0,3.0,135.0,18.0,0.0
208,43,4,1845.0,2118.0,461.0,0.0,323.0,2691.0,142.88042572737282,9732.5596,9875.440025727374,2004.0,47.0,21.0,228.0,144.0,30.0,27.0,0.0,72.0,3.0,135.0,18.0,0.0
208,44,4,1905.0,2136.0,449.0,0.0,363.0,2691.0,60.21115520724542,9915.458,9975.669155207246,2004.0,47.0,21.0,228.0,144.0,30.0,27.0,0.0,72.0,3.0,135.0,18.0,0.0
208,45,4,1846.0,2097.0,478.0,0.0,378.0,2691.0,21.246753724341552,10031.155600000002,10052.402353724343,2004.0,47.0,21.0,228.0,144.0,30.0,27.0,0.0,72.0,3.0,135.0,18.0,0.0
208,46,4,1848.0,2108.0,468.0,0.0,298.0,2691.0,101.271008169476,10129.952800000001,10231.223808169476,2004.0,47.0,21.0,228.0,144.0,30.0,27.0,0.0,72.0,3.0,135.0,18.0,0.0
208,47,4,1860.0,2114.0,466.0,0.0,323.0,2691.0,61.49083417099339,12297.879999999994,12359.370834170986,2004.0,47.0,21.0,228.0,144.0,30.0,27.0,0.0,72.0,3.0,135.0,18.0,0.0
208,48,5,1865.0,2131.0,453.0,0.0,318.0,2691.0,141.98543307314037,10800.090400000003,10942.075833073142,2004.0,47.0,21.0,228.0,144.0,30.0,27.0,0.0,72.0,3.0,135.0,18.0,0.0
208,49,5,1885.0,2113.0,462.0,0.0,348.0,2691.0,60.46073788266952,9413.122000000003,9473.582737882673,2004.0,47.0,21.0,228.0,144.0,30.0,27.0,0.0,72.0,3.0,135.0,18.0,0.0
208,50,5,1839.0,2113.0,468.0,0.0,341.0,2691.0,103.72831579219763,9960.147199999998,10063.875515792195,2004.0,47.0,21.0,228.0,144.0,30.0,27.0,0.0,72.0,3.0,135.0,18.0,0.0
208,51,5,1852.0,2131.0,454.0,0.0,349.0,2691.0,18.295807599602952,9032.228399999996,9050.5242075996,2004.0,47.0,21.0,228.0,144.0,30.0,27.0,0.0,72.0,3.0,135.0,18.0,0.0
208,52,5,1856.0,2117.0,458.0,0.0,345.0,2691.0,60.50437838710661,10503.6988,10564.203178387106,2004.0,47.0,21.0,228.0,144.0,30.0,27.0,0.0,72.0,3.0,135.0,18.0,0.0
208,53,5,1830.0,2139.0,441.0,0.0,330.0,2691.0,99.86193815034045,9819.3328,9919.19473815034,2004.0,47.0,21.0,228.0,144.0,30.0,27.0,0.0,72.0,3.0,135.0,18.0,0.0
208,54,5,1840.0,2139.0,453.0,0.0,354.0,2691.0,140.96836253512757,11526.4736,11667.441962535126,2004.0,47.0,21.0,228.0,144.0,30.0,27.0,0.0,72.0,3.0,135.0,18.0,0.0
208,55,5,1854.0,2087.0,480.0,0.0,351.0,2691.0,222.7695717144201,9903.233600000001,10126.003171714421,2004.0,47.0,21.0,228.0,144.0,30.0,27.0,0.0,72.0,3.0,135.0,18.0,0.0
208,56,5,1843.0,2109.0,483.0,0.0,337.0,2691.0,100.5439461870315,9547.456800000002,9648.000746187034,2004.0,47.0,21.0,228.0,144.0,30.0,27.0,0.0,72.0,3.0,135.0,18.0,0.0
208,57,5,1852.0,2130.0,459.0,0.0,359.0,2691.0,60.410864368998496,9689.874399999993,9750.285264368991,2004.0,47.0,21.0,228.0,144.0,30.0,27.0,0.0,72.0,3.0,135.0,18.0,0.0
208,58,5,1887.0,2106.0,473.0,0.0,369.0,2691.0,18.1856275473033,10018.129599999997,10036.3152275473,2004.0,47.0,21.0,228.0,144.0,30.0,27.0,0.0,72.0,3.0,135.0,18.0,0.0
208,59,5,1853.0,2079.0,502.0,0.0,352.0,2691.0,101.85275519074085,10452.797199999994,10554.649955190735,2004.0,47.0,21.0,228.0,144.0,30.0,27.0,0.0,72.0,3.0,135.0,18.0,0.0
208,60,6,1865.0,2125.0,462.0,0.0,266.0,2691.0,101.92479138347561,9599.6944,9701.619191383477,2004.0,47.0,21.0,228.0,144.0,30.0,27.0,0.0,72.0,3.0,135.0,18.0,0.0
208,61,6,1854.0,2133.0,444.0,0.0,329.0,2691.0,101.16386020288982,9439.641600000004,9540.805460202893,2004.0,47.0,21.0,228.0,144.0,30.0,27.0,0.0,72.0,3.0,135.0,18.0,0.0
208,62,6,1855.0,2139.0,461.0,0.0,297.0,2691.0,100.59702239304538,8872.977200000001,8973.574222393047,2004.0,47.0,21.0,228.0,144.0,30.0,27.0,0.0,72.0,3.0,135.0,18.0,0.0
208,63,6,1911.0,2074.0,512.0,0.0,300.0,2691.0,21.551301472393607,10655.735599999995,10677.286901472387,2004.0,47.0,21.0,228.0,144.0,30.0,27.0,0.0,72.0,3.0,135.0,18.0,0.0
208,64,6,1844.0,2150.0,433.0,0.0,348.0,2691.0,58.59961963201177,10259.812000000005,10318.411619632017,2004.0,47.0,21.0,228.0,144.0,30.0,27.0,0.0,72.0,3.0,135.0,18.0,0.0
208,65,6,1848.0,2149.0,441.0,0.0,299.0,2691.0,19.9057044231505,9334.364800000001,9354.270504423152,2004.0,47.0,21.0,228.0,144.0,30.0,27.0,0.0,72.0,3.0,135.0,18.0,0.0
208,66,6,1847.0,2126.0,465.0,0.0,274.0,2691.0,59.903300649042826,10601.293599999997,10661.19690064904,2004.0,47.0,21.0,228.0,144.0,30.0,27.0,0.0,72.0,3.0,135.0,18.0,0.0
208,67,6,1867.0,2119.0,454.0,0.0,352.0,2691.0,59.0467319321295,10842.5752,10901.621931932128,2004.0,47.0,21.0,228.0,144.0,30.0,27.0,0.0,72.0,3.0,135.0,18.0,0.0
208,68,6,1834.0,2095.0,471.0,0.0,394.0,2691.0,102.51008237141232,11130.015599999997,11232.52568237141,2004.0,47.0,21.0,228.0,144.0,30.0,27.0,0.0,72.0,3.0,135.0,18.0,0.0
208,69,6,1826.0,2099.0,476.0,0.0,326.0,2691.0,141.60450202240057,10842.307999999995,10983.912502022396,2004.0,47.0,21.0,228.0,144.0,30.0,27.0,0.0,72.0,3.0,135.0,18.0,0.0
208,70,6,1824.0,2120.0,461.0,0.0,308.0,2691.0,103.36029367172534,10440.171999999999,10543.532293671724,2004.0,47.0,21.0,228.0,144.0,30.0,27.0,0.0,72.0,3.0,135.0,18.0,0.0
208,71,6,1865.0,2100.0,493.0,0.0,355.0,2691.0,140.43658225686096,10903.496800000004,11043.933382256866,2004.0,47.0,21.0,228.0,144.0,30.0,27.0,0.0,72.0,3.0,135.0,18.0,0.0
208,72,7,1867.0,2077.0,504.0,0.0,355.0,2691.0,141.81202380925885,10450.726399999994,10592.538423809252,2004.0,47.0,21.0,228.0,144.0,30.0,27.0,0.0,72.0,3.0,135.0,18.0,0.0
208,73,7,1885.0,2129.0,452.0,0.0,352.0,2691.0,100.59802457417086,10760.6116,10861.209624574172,2004.0,47.0,21.0,228.0,144.0,30.0,27.0,0.0,72.0,3.0,135.0,18.0,0.0
208,74,7,1838.0,2109.0,471.0,0.0,353.0,2691.0,142.8117433112677,10731.019199999999,10873.830943311266,2004.0,47.0,21.0,228.0,144.0,30.0,27.0,0.0,72.0,3.0,135.0,18.0,0.0
208,75,7,1776.0,2126.0,461.0,0.0,299.0,2691.0,19.035368079647377,9066.296399999996,9085.331768079643,2004.0,47.0,21.0,228.0,144.0,30.0,27.0,0.0,72.0,3.0,135.0,18.0,0.0
208,76,7,1854.0,2070.0,493.0,0.0,380.0,2691.0,141.19867539079382,10227.881599999997,10369.080275390792,2004.0,47.0,21.0,228.0,144.0,30.0,27.0,0.0,72.0,3.0,135.0,18.0,0.0
208,77,7,1844.0,2131.0,451.0,0.0,365.0,2691.0,21.6622598313962,10247.119999999999,10268.782259831394,2004.0,47.0,21.0,228.0,144.0,30.0,27.0,0.0,72.0,3.0,135.0,18.0,0.0
208,78,7,1896.0,2096.0,474.0,0.0,341.0,2691.0,20.812093860338244,9668.431599999996,9689.243693860335,2004.0,47.0,21.0,228.0,144.0,30.0,27.0,0.0,72.0,3.0,135.0,18.0,0.0
208,79,7,1872.0,2103.0,472.0,0.0,309.0,2691.0,99.96571561037449,11045.9812,11145.946915610375,2004.0,47.0,21.0,228.0,144.0,30.0,27.0,0.0,72.0,3.0,135.0,18.0,0.0
208,80,7,1863.0,2129.0,453.0,0.0,338.0,2691.0,58.88715516541109,9839.439600000003,9898.326755165413,2004.0,47.0,21.0,228.0,144.0,30.0,27.0,0.0,72.0,3.0,135.0,18.0,0.0
208,81,7,1840.0,2103.0,475.0,0.0,334.0,2691.0,60.40054403010643,10347.0528,10407.453344030106,2004.0,47.0,21.0,228.0,144.0,30.0,27.0,0.0,72.0,3.0,135.0,18.0,0.0
208,82,7,1844.0,2151.0,439.0,0.0,338.0,2691.0,20.22483859272259,10179.785600000007,10200.01043859273,2004.0,47.0,21.0,228.0,144.0,30.0,27.0,0.0,72.0,3.0,135.0,18.0,0.0
208,83,7,1856.0,2108.0,461.0,0.0,338.0,2691.0,182.74652759317257,10605.635600000003,10788.382127593177,2004.0,47.0,21.0,228.0,144.0,30.0,27.0,0.0,72.0,3.0,135.0,18.0,0.0
208,84,8,1885.0,2123.0,468.0,0.0,318.0,2691.0,99.35439848134314,9421.138,9520.492398481343,2004.0,47.0,21.0,228.0,144.0,30.0,27.0,0.0,72.0,3.0,135.0,18.0,0.0
208,85,8,1880.0,2077.0,483.0,0.0,370.0,2691.0,61.10541189821518,10044.048000000003,10105.153411898218,2004.0,47.0,21.0,228.0,144.0,30.0,27.0,0.0,72.0,3.0,135.0,18.0,0.0
208,86,8,1837.0,2109.0,464.0,0.0,312.0,2691.0,104.10336599652958,10673.704799999996,10777.808165996525,2004.0,47.0,21.0,228.0,144.0,30.0,27.0,0.0,72.0,3.0,135.0,18.0,0.0
208,87,8,1844.0,2136.0,447.0,0.0,351.0,2691.0,60.5652364519586,9701.030000000002,9761.59523645196,2004.0,47.0,21.0,228.0,144.0,30.0,27.0,0.0,72.0,3.0,135.0,18.0,0.0
208,88,8,1859.0,2101.0,483.0,0.0,298.0,2691.0,19.058723979986404,10279.985599999996,10299.044323979982,2004.0,47.0,21.0,228.0,144.0,30.0,27.0,0.0,72.0,3.0,135.0,18.0,0.0
208,89,8,1852.0,2097.0,475.0,0.0,331.0,2691.0,20.507391789335507,11971.695599999995,11992.202991789332,2004.0,47.0,21.0,228.0,144.0,30.0,27.0,0.0,72.0,3.0,135.0,18.0,0.0
208,90,8,1865.0,2111.0,473.0,0.0,331.0,2691.0,61.136566096255635,9534.096800000001,9595.233366096258,2004.0,47.0,21.0,228.0,144.0,30.0,27.0,0.0,72.0,3.0,135.0,18.0,0.0
208,91,8,1840.0,2064.0,495.0,0.0,370.0,2691.0,61.9464841657964,10687.331999999999,10749.278484165796,2004.0,47.0,21.0,228.0,144.0,30.0,27.0,0.0,72.0,3.0,135.0,18.0,0.0
208,92,8,1829.0,2134.0,461.0,0.0,374.0,2691.0,21.823005836763734,10004.301999999996,10026.125005836762,2004.0,47.0,21.0,228.0,144.0,30.0,27.0,0.0,72.0,3.0,135.0,18.0,0.0
208,93,8,1841.0,2144.0,443.0,0.0,379.0,2691.0,61.07647516965897,9585.3324,9646.408875169658,2004.0,47.0,21.0,228.0,144.0,30.0,27.0,0.0,72.0,3.0,135.0,18.0,0.0
208,94,8,1812.0,2120.0,456.0,0.0,307.0,2691.0,59.89580671199341,11163.682800000006,11223.578606711999,2004.0,47.0,21.0,228.0,144.0,30.0,27.0,0.0,72.0,3.0,135.0,18.0,0.0
208,95,8,1855.0,2085.0,501.0,0.0,349.0,2691.0,58.05435105615829,9438.9068,9496.961151056159,2004.0,47.0,21.0,228.0,144.0,30.0,27.0,0.0,72.0,3.0,135.0,18.0,0.0
208,96,9,1854.0,2112.0,479.0,0.0,344.0,2691.0,62.49805530883981,10309.644800000004,10372.142855308844,2004.0,47.0,21.0,228.0,144.0,30.0,27.0,0.0,72.0,3.0,135.0,18.0,0.0
208,97,9,1870.0,2091.0,485.0,0.0,338.0,2691.0,19.339937864688842,10756.870800000002,10776.21073786469,2004.0,47.0,21.0,228.0,144.0,30.0,27.0,0.0,72.0,3.0,135.0,18.0,0.0
208,98,9,1887.0,2114.0,467.0,0.0,295.0,2691.0,183.03151309875196,8658.883200000002,8841.914713098753,2004.0,47.0,21.0,228.0,144.0,30.0,27.0,0.0,72.0,3.0,135.0,18.0,0.0
208,99,9,1865.0,2095.0,469.0,0.0,373.0,2691.0,100.79638539180917,10269.564800000004,10370.361185391814,2004.0,47.0,21.0,228.0,144.0,30.0,27.0,0.0,72.0,3.0,135.0,18.0,0.0
208,100,9,1843.0,2078.0,472.0,0.0,347.0,2691.0,101.1874520024381,8990.745600000002,9091.93305200244,2004.0,47.0,21.0,228.0,144.0,30.0,27.0,0.0,72.0,3.0,135.0,18.0,0.0
208,101,9,1840.0,2126.0,448.0,0.0,343.0,2691.0,62.6040420073089,10211.649199999998,10274.253242007306,2004.0,47.0,21.0,228.0,144.0,30.0,27.0,0.0,72.0,3.0,135.0,18.0,0.0
208,102,9,1894.0,2128.0,459.0,0.0,325.0,2691.0,103.48238616529919,12182.449599999993,12285.931986165293,2004.0,47.0,21.0,228.0,144.0,30.0,27.0,0.0,72.0,3.0,135.0,18.0,0.0
208,103,9,1862.0,2143.0,452.0,0.0,315.0,2691.0,101.94244763823583,10722.669199999995,10824.61164763823,2004.0,47.0,21.0,228.0,144.0,30.0,27.0,0.0,72.0,3.0,135.0,18.0,0.0
208,104,9,1843.0,2119.0,447.0,0.0,382.0,2691.0,100.65111069943416,10625.608799999998,10726.259910699433,2004.0,47.0,21.0,228.0,144.0,30.0,27.0,0.0,72.0,3.0,135.0,18.0,0.0
208,105,9,1834.0,2078.0,520.0,0.0,313.0,2691.0,61.71297219144256,9760.214800000002,9821.927772191444,2004.0,47.0,21.0,228.0,144.0,30.0,27.0,0.0,72.0,3.0,135.0,18.0,0.0
208,106,9,1832.0,2083.0,496.0,0.0,349.0,2691.0,100.61764401254572,9981.790399999994,10082.40804401254,2004.0,47.0,21.0,228.0,144.0,30.0,27.0,0.0,72.0,3.0,135.0,18.0,0.0
208,107,9,1847.0,2122.0,468.0,0.0,348.0,2691.0,19.384955476908267,9982.057599999998,10001.442555476908,2004.0,47.0,21.0,228.0,144.0,30.0,27.0,0.0,72.0,3.0,135.0,18.0,0.0
208,108,10,1796.0,2133.0,459.0,0.0,351.0,2691.0,19.944513540892295,9994.8832,10014.827713540893,2004.0,47.0,21.0,228.0,144.0,30.0,27.0,0.0,72.0,3.0,135.0,18.0,0.0
208,109,10,1842.0,2142.0,444.0,0.0,368.0,2691.0,61.07725624342128,10727.612400000002,10788.689656243423,2004.0,47.0,21.0,228.0,144.0,30.0,27.0,0.0,72.0,3.0,135.0,18.0,0.0
208,110,10,1858.0,2101.0,492.0,0.0,361.0,2691.0,142.25338554785418,10469.897999999994,10612.151385547848,2004.0,47.0,21.0,228.0,144.0,30.0,27.0,0.0,72.0,3.0,135.0,18.0,0.0
208,111,10,1793.0,2144.0,448.0,0.0,344.0,2691.0,140.0655095018803,10634.560000000001,10774.625509501882,2004.0,47.0,21.0,228.0,144.0,30.0,27.0,0.0,72.0,3.0,135.0,18.0,0.0
208,112,10,1848.0,2131.0,451.0,0.0,324.0,2691.0,18.844467071734957,8974.980800000007,8993.825267071741,2004.0,47.0,21.0,228.0,144.0,30.0,27.0,0.0,72.0,3.0,135.0,18.0,0.0
208,113,10,1828.0,2092.0,498.0,0.0,298.0,2691.0,62.145041171792556,9827.215199999997,9889.360241171791,2004.0,47.0,21.0,228.0,144.0,30.0,27.0,0.0,72.0,3.0,135.0,18.0,0.0
208,114,10,1820.0,2092.0,478.0,0.0,278.0,2691.0,102.20508353071725,10964.551999999996,11066.757083530714,2004.0,47.0,21.0,228.0,144.0,30.0,27.0,0.0,72.0,3.0,135.0,18.0,0.0
208,115,10,1843.0,2120.0,463.0,0.0,361.0,2691.0,20.348922362956102,9216.395999999997,9236.744922362954,2004.0,47.0,21.0,228.0,144.0,30.0,27.0,0.0,72.0,3.0,135.0,18.0,0.0
208,116,10,1855.0,2101.0,482.0,0.0,319.0,2691.0,60.519605401073534,9845.117599999998,9905.637205401072,2004.0,47.0,21.0,228.0,144.0,30.0,27.0,0.0,72.0,3.0,135.0,18.0,0.0
208,117,10,1867.0,2121.0,456.0,0.0,358.0,2691.0,20.645112297338322,10058.944400000004,10079.589512297342,2004.0,47.0,21.0,228.0,144.0,30.0,27.0,0.0,72.0,3.0,135.0,18.0,0.0
208,118,10,1845.0,2127.0,456.0,0.0,348.0,2691.0,140.39694122121847,9332.694800000001,9473.091741221218,2004.0,47.0,21.0,228.0,144.0,30.0,27.0,0.0,72.0,3.0,135.0,18.0,0.0
208,119,10,1794.0,2106.0,480.0,0.0,322.0,2691.0,101.05853600724357,10576.043199999998,10677.101736007242,2004.0,47.0,21.0,228.0,144.0,30.0,27.0,0.0,72.0,3.0,135.0,18.0,0.0
209,0,1,1833.0,2113.0,448.0,0.0,341.0,2691.0,19.740954979210223,11394.209599999998,11413.950554979208,2004.0,47.0,21.0,228.0,144.0,30.0,27.0,0.0,72.0,3.0,135.0,18.0,0.0
209,1,1,1829.0,2077.0,500.0,0.0,322.0,2691.0,140.27392250764677,11384.790799999995,11525.06472250764,2004.0,47.0,21.0,228.0,144.0,30.0,27.0,0.0,72.0,3.0,135.0,18.0,0.0
209,2,1,1910.0,2136.0,471.0,0.0,258.0,2691.0,59.84182522010394,11209.374,11269.215825220104,2004.0,47.0,21.0,228.0,144.0,30.0,27.0,0.0,72.0,3.0,135.0,18.0,0.0
209,3,1,1880.0,2118.0,471.0,0.0,299.0,2691.0,59.454611866133746,10899.355199999998,10958.809811866131,2004.0,47.0,21.0,228.0,144.0,30.0,27.0,0.0,72.0,3.0,135.0,18.0,0.0
209,4,1,1836.0,2136.0,443.0,0.0,342.0,2691.0,98.88059608675033,12064.013200000001,12162.893796086752,2004.0,47.0,21.0,228.0,144.0,30.0,27.0,0.0,72.0,3.0,135.0,18.0,0.0
209,5,1,1866.0,2112.0,459.0,0.0,316.0,2691.0,58.67637050976013,10687.866399999999,10746.542770509759,2004.0,47.0,21.0,228.0,144.0,30.0,27.0,0.0,72.0,3.0,135.0,18.0,0.0
209,6,1,1902.0,2093.0,467.0,0.0,336.0,2691.0,18.77706507977763,11199.487599999999,11218.264665079776,2004.0,47.0,21.0,228.0,144.0,30.0,27.0,0.0,72.0,3.0,135.0,18.0,0.0
209,7,1,1895.0,2101.0,483.0,0.0,322.0,2691.0,60.17620809904188,11518.925199999994,11579.101408099035,2004.0,47.0,21.0,228.0,144.0,30.0,27.0,0.0,72.0,3.0,135.0,18.0,0.0
209,8,1,1848.0,2131.0,438.0,0.0,325.0,2691.0,59.355723497795616,11594.275599999997,11653.631323497793,2004.0,47.0,21.0,228.0,144.0,30.0,27.0,0.0,72.0,3.0,135.0,18.0,0.0
209,9,1,1832.0,2119.0,455.0,0.0,368.0,2691.0,60.083943588483876,10510.178399999993,10570.262343588478,2004.0,47.0,21.0,228.0,144.0,30.0,27.0,0.0,72.0,3.0,135.0,18.0,0.0
209,10,1,1818.0,2095.0,499.0,0.0,348.0,2691.0,140.04461311774207,11782.9188,11922.96341311774,2004.0,47.0,21.0,228.0,144.0,30.0,27.0,0.0,72.0,3.0,135.0,18.0,0.0
209,11,1,1872.0,2098.0,486.0,0.0,284.0,2691.0,18.639712690535102,11440.835999999992,11459.475712690528,2004.0,47.0,21.0,228.0,144.0,30.0,27.0,0.0,72.0,3.0,135.0,18.0,0.0
209,12,2,1902.0,2085.0,489.0,0.0,360.0,2691.0,19.51738440958367,12154.05959999999,12173.576984409574,2004.0,47.0,21.0,228.0,144.0,30.0,27.0,0.0,72.0,3.0,135.0,18.0,0.0
209,13,2,1849.0,2135.0,443.0,0.0,351.0,2691.0,19.33648761659027,11886.65919999999,11905.995687616578,2004.0,47.0,21.0,228.0,144.0,30.0,27.0,0.0,72.0,3.0,135.0,18.0,0.0
209,14,2,1868.0,2090.0,496.0,0.0,340.0,2691.0,101.85077592530854,11154.3976,11256.24837592531,2004.0,47.0,21.0,228.0,144.0,30.0,27.0,0.0,72.0,3.0,135.0,18.0,0.0
209,15,2,1901.0,2107.0,466.0,0.0,337.0,2691.0,98.46023199533636,9740.6424,9839.102631995338,2004.0,47.0,21.0,228.0,144.0,30.0,27.0,0.0,72.0,3.0,135.0,18.0,0.0
209,16,2,1881.0,2136.0,462.0,0.0,276.0,2691.0,59.3302136111677,10901.4928,10960.823013611167,2004.0,47.0,21.0,228.0,144.0,30.0,27.0,0.0,72.0,3.0,135.0,18.0,0.0
209,17,2,1901.0,2063.0,519.0,0.0,365.0,2691.0,101.18117576838091,11633.4204,11734.601575768382,2004.0,47.0,21.0,228.0,144.0,30.0,27.0,0.0,72.0,3.0,135.0,18.0,0.0
209,18,2,1800.0,2103.0,479.0,0.0,347.0,2691.0,19.352797073851146,12650.984799999995,12670.337597073845,2004.0,47.0,21.0,228.0,144.0,30.0,27.0,0.0,72.0,3.0,135.0,18.0,0.0
209,19,2,1882.0,2121.0,441.0,0.0,331.0,2691.0,57.51269335862547,10722.001199999997,10779.513893358622,2004.0,47.0,21.0,228.0,144.0,30.0,27.0,0.0,72.0,3.0,135.0,18.0,0.0
209,20,2,1838.0,2090.0,496.0,0.0,345.0,2691.0,58.90002263901707,12713.910399999997,12772.810422639017,2004.0,47.0,21.0,228.0,144.0,30.0,27.0,0.0,72.0,3.0,135.0,18.0,0.0
209,21,2,1865.0,2103.0,482.0,0.0,293.0,2691.0,61.10843494213123,12423.931599999996,12485.040034942125,2004.0,47.0,21.0,228.0,144.0,30.0,27.0,0.0,72.0,3.0,135.0,18.0,0.0
209,22,2,1861.0,2137.0,440.0,0.0,343.0,2691.0,140.2884223714638,11667.889199999994,11808.177622371459,2004.0,47.0,21.0,228.0,144.0,30.0,27.0,0.0,72.0,3.0,135.0,18.0,0.0
209,23,2,1828.0,2123.0,453.0,0.0,342.0,2691.0,59.42986418958907,10492.276000000003,10551.705864189593,2004.0,47.0,21.0,228.0,144.0,30.0,27.0,0.0,72.0,3.0,135.0,18.0,0.0
209,24,3,1867.0,2087.0,508.0,0.0,331.0,2691.0,138.98186434164444,11887.661199999995,12026.643064341639,2004.0,47.0,21.0,228.0,144.0,30.0,27.0,0.0,72.0,3.0,135.0,18.0,0.0
209,25,3,1851.0,2094.0,474.0,0.0,281.0,2691.0,18.363928980063648,10380.051999999998,10398.415928980061,2004.0,47.0,21.0,228.0,144.0,30.0,27.0,0.0,72.0,3.0,135.0,18.0,0.0
209,26,3,1844.0,2076.0,505.0,0.0,319.0,2691.0,61.11302361226403,11034.291199999992,11095.404223612257,2004.0,47.0,21.0,228.0,144.0,30.0,27.0,0.0,72.0,3.0,135.0,18.0,0.0
209,27,3,1849.0,2097.0,495.0,0.0,295.0,2691.0,17.821677049912623,10578.782,10596.603677049912,2004.0,47.0,21.0,228.0,144.0,30.0,27.0,0.0,72.0,3.0,135.0,18.0,0.0
209,28,3,1888.0,2100.0,494.0,0.0,327.0,2691.0,19.33898896136406,11490.802399999997,11510.141388961361,2004.0,47.0,21.0,228.0,144.0,30.0,27.0,0.0,72.0,3.0,135.0,18.0,0.0
209,29,3,1837.0,2119.0,475.0,0.0,284.0,2691.0,19.60677123862313,11318.391599999994,11337.998371238617,2004.0,47.0,21.0,228.0,144.0,30.0,27.0,0.0,72.0,3.0,135.0,18.0,0.0
209,30,3,1850.0,2131.0,464.0,0.0,343.0,2691.0,60.134979483946694,12606.896799999999,12667.031779483947,2004.0,47.0,21.0,228.0,144.0,30.0,27.0,0.0,72.0,3.0,135.0,18.0,0.0
209,31,3,1836.0,2093.0,494.0,0.0,347.0,2691.0,19.107958825941036,11156.1344,11175.242358825943,2004.0,47.0,21.0,228.0,144.0,30.0,27.0,0.0,72.0,3.0,135.0,18.0,0.0
209,32,3,1835.0,2130.0,464.0,0.0,306.0,2691.0,19.415420841210906,10930.617599999996,10950.033020841207,2004.0,47.0,21.0,228.0,144.0,30.0,27.0,0.0,72.0,3.0,135.0,18.0,0.0
209,33,3,1857.0,2098.0,485.0,0.0,337.0,2691.0,58.571593789648375,10575.709199999998,10634.280793789647,2004.0,47.0,21.0,228.0,144.0,30.0,27.0,0.0,72.0,3.0,135.0,18.0,0.0
209,34,3,1866.0,2066.0,522.0,0.0,295.0,2691.0,99.52849102616301,12774.230799999994,12873.759291026156,2004.0,47.0,21.0,228.0,144.0,30.0,27.0,0.0,72.0,3.0,135.0,18.0,0.0
209,35,3,1841.0,2129.0,461.0,0.0,303.0,2691.0,60.2271437194903,11337.763599999998,11397.990743719489,2004.0,47.0,21.0,228.0,144.0,30.0,27.0,0.0,72.0,3.0,135.0,18.0,0.0
209,36,4,1828.0,2127.0,455.0,0.0,279.0,2691.0,98.7687487213577,11930.813999999998,12029.582748721356,2004.0,47.0,21.0,228.0,144.0,30.0,27.0,0.0,72.0,3.0,135.0,18.0,0.0
209,37,4,1883.0,2126.0,467.0,0.0,308.0,2691.0,17.5856516777097,11187.99799999999,11205.5836516777,2004.0,47.0,21.0,228.0,144.0,30.0,27.0,0.0,72.0,3.0,135.0,18.0,0.0
209,38,4,1923.0,2108.0,466.0,0.0,321.0,2691.0,62.05931601928408,12239.3632,12301.422516019284,2004.0,47.0,21.0,228.0,144.0,30.0,27.0,0.0,72.0,3.0,135.0,18.0,0.0
209,39,4,1842.0,2083.0,497.0,0.0,335.0,2691.0,19.055172555963118,11101.892799999998,11120.947972555961,2004.0,47.0,21.0,228.0,144.0,30.0,27.0,0.0,72.0,3.0,135.0,18.0,0.0
209,40,4,1874.0,2082.0,503.0,0.0,317.0,2691.0,17.539003139534465,11225.405999999997,11242.945003139532,2004.0,47.0,21.0,228.0,144.0,30.0,27.0,0.0,72.0,3.0,135.0,18.0,0.0
209,41,4,1859.0,2103.0,481.0,0.0,320.0,2691.0,102.69065843539248,11529.012000000002,11631.702658435395,2004.0,47.0,21.0,228.0,144.0,30.0,27.0,0.0,72.0,3.0,135.0,18.0,0.0
209,42,4,1845.0,2117.0,462.0,0.0,283.0,2691.0,61.229957871303114,10622.535999999996,10683.7659578713,2004.0,47.0,21.0,228.0,144.0,30.0,27.0,0.0,72.0,3.0,135.0,18.0,0.0
209,43,4,1905.0,2119.0,468.0,0.0,343.0,2691.0,17.81202245277977,11780.981599999996,11798.793622452775,2004.0,47.0,21.0,228.0,144.0,30.0,27.0,0.0,72.0,3.0,135.0,18.0,0.0
209,44,4,1846.0,2087.0,489.0,0.0,363.0,2691.0,19.846090288323104,11441.17,11461.016090288324,2004.0,47.0,21.0,228.0,144.0,30.0,27.0,0.0,72.0,3.0,135.0,18.0,0.0
209,45,4,1848.0,2100.0,476.0,0.0,284.0,2691.0,100.7110768639238,11222.6004,11323.311476863924,2004.0,47.0,21.0,228.0,144.0,30.0,27.0,0.0,72.0,3.0,135.0,18.0,0.0
209,46,4,1860.0,2118.0,462.0,0.0,315.0,2691.0,61.61073247878469,12908.298399999992,12969.909132478779,2004.0,47.0,21.0,228.0,144.0,30.0,27.0,0.0,72.0,3.0,135.0,18.0,0.0
209,47,4,1865.0,2117.0,468.0,0.0,309.0,2691.0,100.55855007093342,11623.2,11723.758550070936,2004.0,47.0,21.0,228.0,144.0,30.0,27.0,0.0,72.0,3.0,135.0,18.0,0.0
209,48,5,1885.0,2106.0,470.0,0.0,333.0,2691.0,58.928227412350914,10300.092399999998,10359.020627412348,2004.0,47.0,21.0,228.0,144.0,30.0,27.0,0.0,72.0,3.0,135.0,18.0,0.0
209,49,5,1839.0,2105.0,474.0,0.0,328.0,2691.0,61.55733318010026,10469.964799999998,10531.5221331801,2004.0,47.0,21.0,228.0,144.0,30.0,27.0,0.0,72.0,3.0,135.0,18.0,0.0
209,50,5,1852.0,2121.0,464.0,0.0,339.0,2691.0,18.240980593876692,10103.967599999996,10122.208580593873,2004.0,47.0,21.0,228.0,144.0,30.0,27.0,0.0,72.0,3.0,135.0,18.0,0.0
209,51,5,1856.0,2110.0,465.0,0.0,335.0,2691.0,59.63005375782096,11594.008399999995,11653.638453757818,2004.0,47.0,21.0,228.0,144.0,30.0,27.0,0.0,72.0,3.0,135.0,18.0,0.0
209,52,5,1830.0,2134.0,446.0,0.0,320.0,2691.0,58.74421240544583,10617.3256,10676.069812405445,2004.0,47.0,21.0,228.0,144.0,30.0,27.0,0.0,72.0,3.0,135.0,18.0,0.0
209,53,5,1840.0,2124.0,468.0,0.0,335.0,2691.0,59.43050718356737,12332.816399999996,12392.246907183562,2004.0,47.0,21.0,228.0,144.0,30.0,27.0,0.0,72.0,3.0,135.0,18.0,0.0
209,54,5,1854.0,2078.0,488.0,0.0,340.0,2691.0,181.59043775271226,10956.068400000002,11137.658837752713,2004.0,47.0,21.0,228.0,144.0,30.0,27.0,0.0,72.0,3.0,135.0,18.0,0.0
209,55,5,1843.0,2107.0,485.0,0.0,322.0,2691.0,181.16745393831403,10624.005599999997,10805.17305393831,2004.0,47.0,21.0,228.0,144.0,30.0,27.0,0.0,72.0,3.0,135.0,18.0,0.0
209,56,5,1852.0,2108.0,482.0,0.0,343.0,2691.0,100.41526339978914,11560.541599999993,11660.95686339978,2004.0,47.0,21.0,228.0,144.0,30.0,27.0,0.0,72.0,3.0,135.0,18.0,0.0
209,57,5,1887.0,2094.0,486.0,0.0,362.0,2691.0,57.96440215359901,10806.436399999995,10864.400802153594,2004.0,47.0,21.0,228.0,144.0,30.0,27.0,0.0,72.0,3.0,135.0,18.0,0.0
209,58,5,1853.0,2073.0,509.0,0.0,337.0,2691.0,60.21336813284362,11555.130799999994,11615.344168132837,2004.0,47.0,21.0,228.0,144.0,30.0,27.0,0.0,72.0,3.0,135.0,18.0,0.0
209,59,5,1865.0,2105.0,484.0,0.0,271.0,2691.0,18.31319065217952,10802.6956,10821.008790652179,2004.0,47.0,21.0,228.0,144.0,30.0,27.0,0.0,72.0,3.0,135.0,18.0,0.0
209,60,6,1854.0,2127.0,452.0,0.0,313.0,2691.0,100.35595647271091,10692.676000000001,10793.031956472712,2004.0,47.0,21.0,228.0,144.0,30.0,27.0,0.0,72.0,3.0,135.0,18.0,0.0
209,61,6,1855.0,2132.0,469.0,0.0,272.0,2691.0,18.320184322033676,10260.613599999999,10278.933784322033,2004.0,47.0,21.0,228.0,144.0,30.0,27.0,0.0,72.0,3.0,135.0,18.0,0.0
209,62,6,1911.0,2063.0,526.0,0.0,286.0,2691.0,21.2767891664762,12002.757599999995,12024.03438916647,2004.0,47.0,21.0,228.0,144.0,30.0,27.0,0.0,72.0,3.0,135.0,18.0,0.0
209,63,6,1844.0,2138.0,445.0,0.0,335.0,2691.0,57.73992795847993,11469.827200000002,11527.567127958482,2004.0,47.0,21.0,228.0,144.0,30.0,27.0,0.0,72.0,3.0,135.0,18.0,0.0
209,64,6,1848.0,2142.0,449.0,0.0,288.0,2691.0,59.59142511833247,10827.0776,10886.669025118332,2004.0,47.0,21.0,228.0,144.0,30.0,27.0,0.0,72.0,3.0,135.0,18.0,0.0
209,65,6,1847.0,2108.0,485.0,0.0,262.0,2691.0,100.22821272694286,11708.637199999994,11808.865412726936,2004.0,47.0,21.0,228.0,144.0,30.0,27.0,0.0,72.0,3.0,135.0,18.0,0.0
209,66,6,1867.0,2113.0,463.0,0.0,338.0,2691.0,58.60773904667471,12091.133999999998,12149.741739046673,2004.0,47.0,21.0,228.0,144.0,30.0,27.0,0.0,72.0,3.0,135.0,18.0,0.0
209,67,6,1834.0,2090.0,477.0,0.0,390.0,2691.0,101.53473290377792,12048.248399999995,12149.783132903773,2004.0,47.0,21.0,228.0,144.0,30.0,27.0,0.0,72.0,3.0,135.0,18.0,0.0
209,68,6,1826.0,2096.0,479.0,0.0,326.0,2691.0,58.88885450917697,12307.165199999994,12366.054054509172,2004.0,47.0,21.0,228.0,144.0,30.0,27.0,0.0,72.0,3.0,135.0,18.0,0.0
209,69,6,1824.0,2117.0,465.0,0.0,295.0,2691.0,60.28529753695021,11093.809999999996,11154.095297536947,2004.0,47.0,21.0,228.0,144.0,30.0,27.0,0.0,72.0,3.0,135.0,18.0,0.0
209,70,6,1865.0,2109.0,483.0,0.0,343.0,2691.0,18.680886082480225,11941.769199999999,11960.450086082481,2004.0,47.0,21.0,228.0,144.0,30.0,27.0,0.0,72.0,3.0,135.0,18.0,0.0
209,71,6,1867.0,2067.0,515.0,0.0,339.0,2691.0,141.2149925134978,11926.939599999994,12068.154592513492,2004.0,47.0,21.0,228.0,144.0,30.0,27.0,0.0,72.0,3.0,135.0,18.0,0.0
209,72,7,1885.0,2119.0,462.0,0.0,328.0,2691.0,99.58794224858575,11827.0736,11926.661542248585,2004.0,47.0,21.0,228.0,144.0,30.0,27.0,0.0,72.0,3.0,135.0,18.0,0.0
209,73,7,1838.0,2114.0,466.0,0.0,336.0,2691.0,59.52760606693257,11885.790799999999,11945.31840606693,2004.0,47.0,21.0,228.0,144.0,30.0,27.0,0.0,72.0,3.0,135.0,18.0,0.0
209,74,7,1776.0,2120.0,468.0,0.0,286.0,2691.0,100.08655712847204,10184.194399999997,10284.28095712847,2004.0,47.0,21.0,228.0,144.0,30.0,27.0,0.0,72.0,3.0,135.0,18.0,0.0
209,75,7,1854.0,2067.0,496.0,0.0,369.0,2691.0,59.51051163471575,11218.124799999992,11277.635311634709,2004.0,47.0,21.0,228.0,144.0,30.0,27.0,0.0,72.0,3.0,135.0,18.0,0.0
209,76,7,1844.0,2128.0,457.0,0.0,355.0,2691.0,20.891681894708817,11581.049199999996,11601.940881894705,2004.0,47.0,21.0,228.0,144.0,30.0,27.0,0.0,72.0,3.0,135.0,18.0,0.0
209,77,7,1896.0,2086.0,484.0,0.0,322.0,2691.0,100.22609780921688,10446.250799999996,10546.476897809212,2004.0,47.0,21.0,228.0,144.0,30.0,27.0,0.0,72.0,3.0,135.0,18.0,0.0
209,78,7,1872.0,2094.0,482.0,0.0,302.0,2691.0,58.201224611249636,11836.626000000002,11894.82722461125,2004.0,47.0,21.0,228.0,144.0,30.0,27.0,0.0,72.0,3.0,135.0,18.0,0.0
209,79,7,1863.0,2120.0,464.0,0.0,317.0,2691.0,17.256279986115835,10942.6416,10959.897879986118,2004.0,47.0,21.0,228.0,144.0,30.0,27.0,0.0,72.0,3.0,135.0,18.0,0.0
209,80,7,1840.0,2094.0,484.0,0.0,313.0,2691.0,19.353754805355184,11682.317999999997,11701.671754805353,2004.0,47.0,21.0,228.0,144.0,30.0,27.0,0.0,72.0,3.0,135.0,18.0,0.0
209,81,7,1844.0,2150.0,442.0,0.0,320.0,2691.0,59.96674212510804,11648.383600000001,11708.350342125108,2004.0,47.0,21.0,228.0,144.0,30.0,27.0,0.0,72.0,3.0,135.0,18.0,0.0
209,82,7,1856.0,2103.0,466.0,0.0,320.0,2691.0,142.06947492808087,11686.5932,11828.66267492808,2004.0,47.0,21.0,228.0,144.0,30.0,27.0,0.0,72.0,3.0,135.0,18.0,0.0
209,83,7,1885.0,2118.0,476.0,0.0,308.0,2691.0,98.68663842813163,10621.266800000001,10719.953438428132,2004.0,47.0,21.0,228.0,144.0,30.0,27.0,0.0,72.0,3.0,135.0,18.0,0.0
209,84,8,1880.0,2071.0,489.0,0.0,356.0,2691.0,101.037131172685,10865.354000000003,10966.391131172688,2004.0,47.0,21.0,228.0,144.0,30.0,27.0,0.0,72.0,3.0,135.0,18.0,0.0
209,85,8,1837.0,2103.0,471.0,0.0,296.0,2691.0,102.15687652816166,11433.755199999992,11535.912076528153,2004.0,47.0,21.0,228.0,144.0,30.0,27.0,0.0,72.0,3.0,135.0,18.0,0.0
209,86,8,1844.0,2127.0,456.0,0.0,342.0,2691.0,59.16866676461721,10389.5376,10448.706266764617,2004.0,47.0,21.0,228.0,144.0,30.0,27.0,0.0,72.0,3.0,135.0,18.0,0.0
209,87,8,1859.0,2095.0,488.0,0.0,286.0,2691.0,17.90314734121546,11341.971999999992,11359.875147341209,2004.0,47.0,21.0,228.0,144.0,30.0,27.0,0.0,72.0,3.0,135.0,18.0,0.0
209,88,8,1852.0,2091.0,482.0,0.0,320.0,2691.0,19.756679798236227,13078.771999999994,13098.528679798232,2004.0,47.0,21.0,228.0,144.0,30.0,27.0,0.0,72.0,3.0,135.0,18.0,0.0
209,89,8,1865.0,2104.0,483.0,0.0,316.0,2691.0,140.917710905345,10597.6864,10738.604110905344,2004.0,47.0,21.0,228.0,144.0,30.0,27.0,0.0,72.0,3.0,135.0,18.0,0.0
209,90,8,1840.0,2063.0,496.0,0.0,354.0,2691.0,60.915436351549005,11989.130399999998,12050.045836351548,2004.0,47.0,21.0,228.0,144.0,30.0,27.0,0.0,72.0,3.0,135.0,18.0,0.0
209,91,8,1829.0,2136.0,459.0,0.0,351.0,2691.0,61.192488534296224,12158.735599999993,12219.928088534289,2004.0,47.0,21.0,228.0,144.0,30.0,27.0,0.0,72.0,3.0,135.0,18.0,0.0
209,92,8,1841.0,2121.0,466.0,0.0,355.0,2691.0,99.53374651963313,10264.421199999997,10363.95494651963,2004.0,47.0,21.0,228.0,144.0,30.0,27.0,0.0,72.0,3.0,135.0,18.0,0.0
209,93,8,1812.0,2131.0,444.0,0.0,292.0,2691.0,59.76758030210301,11654.996800000003,11714.764380302106,2004.0,47.0,21.0,228.0,144.0,30.0,27.0,0.0,72.0,3.0,135.0,18.0,0.0
209,94,8,1855.0,2078.0,507.0,0.0,343.0,2691.0,57.41342606731804,10884.9932,10942.406626067319,2004.0,47.0,21.0,228.0,144.0,30.0,27.0,0.0,72.0,3.0,135.0,18.0,0.0
209,95,8,1854.0,2094.0,496.0,0.0,331.0,2691.0,19.859494561804915,11544.442799999999,11564.302294561805,2004.0,47.0,21.0,228.0,144.0,30.0,27.0,0.0,72.0,3.0,135.0,18.0,0.0
209,96,9,1870.0,2091.0,486.0,0.0,318.0,2691.0,58.33608653007674,11194.1436,11252.479686530076,2004.0,47.0,21.0,228.0,144.0,30.0,27.0,0.0,72.0,3.0,135.0,18.0,0.0
209,97,9,1887.0,2106.0,475.0,0.0,277.0,2691.0,181.94419701497586,9488.004799999999,9669.948997014977,2004.0,47.0,21.0,228.0,144.0,30.0,27.0,0.0,72.0,3.0,135.0,18.0,0.0
209,98,9,1865.0,2086.0,478.0,0.0,357.0,2691.0,58.9928038417879,11372.2324,11431.22520384179,2004.0,47.0,21.0,228.0,144.0,30.0,27.0,0.0,72.0,3.0,135.0,18.0,0.0
209,99,9,1843.0,2070.0,480.0,0.0,331.0,2691.0,99.72943142564552,10114.655600000002,10214.385031425649,2004.0,47.0,21.0,228.0,144.0,30.0,27.0,0.0,72.0,3.0,135.0,18.0,0.0
209,100,9,1840.0,2121.0,454.0,0.0,328.0,2691.0,101.81826881193436,10883.8576,10985.675868811933,2004.0,47.0,21.0,228.0,144.0,30.0,27.0,0.0,72.0,3.0,135.0,18.0,0.0
209,101,9,1894.0,2094.0,494.0,0.0,306.0,2691.0,60.352317324332205,13383.379999999992,13443.732317324324,2004.0,47.0,21.0,228.0,144.0,30.0,27.0,0.0,72.0,3.0,135.0,18.0,0.0
209,102,9,1862.0,2138.0,456.0,0.0,302.0,2691.0,60.34227022160549,12049.584399999996,12109.926670221601,2004.0,47.0,21.0,228.0,144.0,30.0,27.0,0.0,72.0,3.0,135.0,18.0,0.0
209,103,9,1843.0,2114.0,452.0,0.0,370.0,2691.0,99.88929794923067,11446.380399999996,11546.269697949228,2004.0,47.0,21.0,228.0,144.0,30.0,27.0,0.0,72.0,3.0,135.0,18.0,0.0
209,104,9,1834.0,2074.0,525.0,0.0,308.0,2691.0,60.94312611749051,10483.3248,10544.26792611749,2004.0,47.0,21.0,228.0,144.0,30.0,27.0,0.0,72.0,3.0,135.0,18.0,0.0
209,105,9,1832.0,2109.0,471.0,0.0,333.0,2691.0,59.79015540287069,12274.56679999999,12334.35695540286,2004.0,47.0,21.0,228.0,144.0,30.0,27.0,0.0,72.0,3.0,135.0,18.0,0.0
209,106,9,1847.0,2116.0,474.0,0.0,320.0,2691.0,18.400358841483946,10892.942399999994,10911.342758841478,2004.0,47.0,21.0,228.0,144.0,30.0,27.0,0.0,72.0,3.0,135.0,18.0,0.0
209,107,9,1796.0,2134.0,460.0,0.0,333.0,2691.0,19.228408518172,11075.5068,11094.735208518172,2004.0,47.0,21.0,228.0,144.0,30.0,27.0,0.0,72.0,3.0,135.0,18.0,0.0
209,108,10,1842.0,2136.0,451.0,0.0,360.0,2691.0,101.78207371917073,12252.923599999998,12354.70567371917,2004.0,47.0,21.0,228.0,144.0,30.0,27.0,0.0,72.0,3.0,135.0,18.0,0.0
209,109,10,1858.0,2103.0,490.0,0.0,349.0,2691.0,140.69124163007086,11850.921199999993,11991.612441630064,2004.0,47.0,21.0,228.0,144.0,30.0,27.0,0.0,72.0,3.0,135.0,18.0,0.0
209,110,10,1793.0,2144.0,448.0,0.0,325.0,2691.0,59.24672162672511,12275.501999999999,12334.748721626725,2004.0,47.0,21.0,228.0,144.0,30.0,27.0,0.0,72.0,3.0,135.0,18.0,0.0
209,111,10,1848.0,2127.0,458.0,0.0,309.0,2691.0,18.157750857785555,10503.565200000005,10521.72295085779,2004.0,47.0,21.0,228.0,144.0,30.0,27.0,0.0,72.0,3.0,135.0,18.0,0.0
209,112,10,1828.0,2097.0,491.0,0.0,295.0,2691.0,20.364743953670295,10588.46799999999,10608.832743953659,2004.0,47.0,21.0,228.0,144.0,30.0,27.0,0.0,72.0,3.0,135.0,18.0,0.0
209,113,10,1820.0,2066.0,505.0,0.0,264.0,2691.0,60.88182627903623,11908.369199999992,11969.25102627903,2004.0,47.0,21.0,228.0,144.0,30.0,27.0,0.0,72.0,3.0,135.0,18.0,0.0
209,114,10,1843.0,2107.0,476.0,0.0,354.0,2691.0,60.543918797955186,10786.930799999996,10847.474718797952,2004.0,47.0,21.0,228.0,144.0,30.0,27.0,0.0,72.0,3.0,135.0,18.0,0.0
209,115,10,1855.0,2092.0,491.0,0.0,311.0,2691.0,99.7161354324266,11044.177599999995,11143.893735432423,2004.0,47.0,21.0,228.0,144.0,30.0,27.0,0.0,72.0,3.0,135.0,18.0,0.0
209,116,10,1867.0,2110.0,468.0,0.0,345.0,2691.0,20.173878796215014,11092.540800000002,11112.714678796216,2004.0,47.0,21.0,228.0,144.0,30.0,27.0,0.0,72.0,3.0,135.0,18.0,0.0
209,117,10,1845.0,2118.0,467.0,0.0,336.0,2691.0,18.81607937230342,11426.2068,11445.022879372304,2004.0,47.0,21.0,228.0,144.0,30.0,27.0,0.0,72.0,3.0,135.0,18.0,0.0
209,118,10,1794.0,2094.0,494.0,0.0,314.0,2691.0,100.16250229608711,12281.781199999994,12381.943702296081,2004.0,47.0,21.0,228.0,144.0,30.0,27.0,0.0,72.0,3.0,135.0,18.0,0.0
209,119,10,1856.0,2139.0,444.0,0.0,340.0,2691.0,17.134362933305606,12765.613599999993,12782.7479629333,2004.0,47.0,21.0,228.0,144.0,30.0,27.0,0.0,72.0,3.0,135.0,18.0,0.0
210,0,1,1829.0,2087.0,489.0,0.0,304.0,2691.0,97.52906344871855,10017.528399999994,10115.057463448713,2004.0,47.0,21.0,228.0,144.0,30.0,27.0,0.0,72.0,3.0,135.0,18.0,0.0
210,1,1,1910.0,2156.0,451.0,0.0,249.0,2691.0,57.282188427037994,9754.136,9811.418188427038,2004.0,47.0,21.0,228.0,144.0,30.0,27.0,0.0,72.0,3.0,135.0,18.0,0.0
210,2,1,1880.0,2132.0,457.0,0.0,277.0,2691.0,56.70084404551136,9072.8428,9129.543644045512,2004.0,47.0,21.0,228.0,144.0,30.0,27.0,0.0,72.0,3.0,135.0,18.0,0.0
210,3,1,1836.0,2147.0,432.0,0.0,327.0,2691.0,56.28561891561634,10487.3996,10543.685218915616,2004.0,47.0,21.0,228.0,144.0,30.0,27.0,0.0,72.0,3.0,135.0,18.0,0.0
210,4,1,1866.0,2121.0,449.0,0.0,314.0,2691.0,96.96833507816262,8451.669599999997,8548.637935078163,2004.0,47.0,21.0,228.0,144.0,30.0,27.0,0.0,72.0,3.0,135.0,18.0,0.0
210,5,1,1902.0,2106.0,454.0,0.0,313.0,2691.0,16.015982076265363,9560.549599999998,9576.565582076262,2004.0,47.0,21.0,228.0,144.0,30.0,27.0,0.0,72.0,3.0,135.0,18.0,0.0
210,6,1,1895.0,2114.0,470.0,0.0,300.0,2691.0,57.61200523766484,10099.825999999994,10157.438005237658,2004.0,47.0,21.0,228.0,144.0,30.0,27.0,0.0,72.0,3.0,135.0,18.0,0.0
210,7,1,1848.0,2137.0,432.0,0.0,306.0,2691.0,57.155296225309904,9917.328399999999,9974.483696225308,2004.0,47.0,21.0,228.0,144.0,30.0,27.0,0.0,72.0,3.0,135.0,18.0,0.0
210,8,1,1832.0,2131.0,443.0,0.0,346.0,2691.0,16.54024104888834,8305.711599999995,8322.251841048885,2004.0,47.0,21.0,228.0,144.0,30.0,27.0,0.0,72.0,3.0,135.0,18.0,0.0
210,9,1,1818.0,2103.0,491.0,0.0,333.0,2691.0,97.3354093385136,9839.5732,9936.908609338514,2004.0,47.0,21.0,228.0,144.0,30.0,27.0,0.0,72.0,3.0,135.0,18.0,0.0
210,10,1,1872.0,2104.0,480.0,0.0,269.0,2691.0,16.411242671012918,10089.204799999992,10105.616042671005,2004.0,47.0,21.0,228.0,144.0,30.0,27.0,0.0,72.0,3.0,135.0,18.0,0.0
210,11,1,1902.0,2089.0,484.0,0.0,322.0,2691.0,16.84545637021907,10334.961999999992,10351.807456370212,2004.0,47.0,21.0,228.0,144.0,30.0,27.0,0.0,72.0,3.0,135.0,18.0,0.0
210,12,2,1849.0,2146.0,431.0,0.0,316.0,2691.0,16.303018356526053,10283.12519999999,10299.428218356516,2004.0,47.0,21.0,228.0,144.0,30.0,27.0,0.0,72.0,3.0,135.0,18.0,0.0
210,13,2,1868.0,2100.0,486.0,0.0,321.0,2691.0,99.32033050087641,9533.295199999999,9632.615530500876,2004.0,47.0,21.0,228.0,144.0,30.0,27.0,0.0,72.0,3.0,135.0,18.0,0.0
210,14,2,1901.0,2116.0,455.0,0.0,323.0,2691.0,55.71812488818151,8281.930800000002,8337.648924888184,2004.0,47.0,21.0,228.0,144.0,30.0,27.0,0.0,72.0,3.0,135.0,18.0,0.0
210,15,2,1881.0,2154.0,445.0,0.0,265.0,2691.0,56.77524659675073,9271.773200000001,9328.548446596753,2004.0,47.0,21.0,228.0,144.0,30.0,27.0,0.0,72.0,3.0,135.0,18.0,0.0
210,16,2,1901.0,2077.0,505.0,0.0,349.0,2691.0,98.48556867346622,9959.9468,10058.432368673466,2004.0,47.0,21.0,228.0,144.0,30.0,27.0,0.0,72.0,3.0,135.0,18.0,0.0
210,17,2,1800.0,2104.0,477.0,0.0,325.0,2691.0,16.680372790921844,10813.450399999994,10830.130772790917,2004.0,47.0,21.0,228.0,144.0,30.0,27.0,0.0,72.0,3.0,135.0,18.0,0.0
210,18,2,1882.0,2135.0,427.0,0.0,306.0,2691.0,55.664966660808226,9480.456399999997,9536.121366660806,2004.0,47.0,21.0,228.0,144.0,30.0,27.0,0.0,72.0,3.0,135.0,18.0,0.0
210,19,2,1838.0,2111.0,475.0,0.0,325.0,2691.0,15.869214344496527,9996.954000000002,10012.823214344497,2004.0,47.0,21.0,228.0,144.0,30.0,27.0,0.0,72.0,3.0,135.0,18.0,0.0
210,20,2,1865.0,2120.0,465.0,0.0,271.0,2691.0,98.49677921996502,11128.946799999994,11227.44357921996,2004.0,47.0,21.0,228.0,144.0,30.0,27.0,0.0,72.0,3.0,135.0,18.0,0.0
210,21,2,1861.0,2149.0,428.0,0.0,316.0,2691.0,97.22699341939541,9410.3164,9507.543393419397,2004.0,47.0,21.0,228.0,144.0,30.0,27.0,0.0,72.0,3.0,135.0,18.0,0.0
210,22,2,1828.0,2134.0,442.0,0.0,316.0,2691.0,57.27283628970892,8799.831200000002,8857.104036289711,2004.0,47.0,21.0,228.0,144.0,30.0,27.0,0.0,72.0,3.0,135.0,18.0,0.0
210,23,2,1867.0,2108.0,485.0,0.0,324.0,2691.0,15.84390239350723,9810.715599999998,9826.559502393506,2004.0,47.0,21.0,228.0,144.0,30.0,27.0,0.0,72.0,3.0,135.0,18.0,0.0
210,24,3,1851.0,2109.0,458.0,0.0,262.0,2691.0,15.682321420853288,8780.659599999999,8796.341921420852,2004.0,47.0,21.0,228.0,144.0,30.0,27.0,0.0,72.0,3.0,135.0,18.0,0.0
210,25,3,1844.0,2088.0,492.0,0.0,303.0,2691.0,58.634404160526486,9507.710799999992,9566.34520416052,2004.0,47.0,21.0,228.0,144.0,30.0,27.0,0.0,72.0,3.0,135.0,18.0,0.0
210,26,3,1849.0,2102.0,489.0,0.0,274.0,2691.0,15.254582851132696,8820.138400000002,8835.392982851134,2004.0,47.0,21.0,228.0,144.0,30.0,27.0,0.0,72.0,3.0,135.0,18.0,0.0
210,27,3,1888.0,2114.0,480.0,0.0,313.0,2691.0,17.09993846578155,9910.581599999996,9927.681538465778,2004.0,47.0,21.0,228.0,144.0,30.0,27.0,0.0,72.0,3.0,135.0,18.0,0.0
210,28,3,1837.0,2134.0,459.0,0.0,274.0,2691.0,17.190114842351456,10012.451599999995,10029.641714842346,2004.0,47.0,21.0,228.0,144.0,30.0,27.0,0.0,72.0,3.0,135.0,18.0,0.0
210,29,3,1850.0,2148.0,446.0,0.0,306.0,2691.0,96.96450948816435,9966.493199999997,10063.45770948816,2004.0,47.0,21.0,228.0,144.0,30.0,27.0,0.0,72.0,3.0,135.0,18.0,0.0
210,30,3,1836.0,2117.0,470.0,0.0,334.0,2691.0,16.586772890131897,9532.426800000003,9549.013572890135,2004.0,47.0,21.0,228.0,144.0,30.0,27.0,0.0,72.0,3.0,135.0,18.0,0.0
210,31,3,1835.0,2142.0,452.0,0.0,289.0,2691.0,17.57741548783641,9518.265199999996,9535.842615487833,2004.0,47.0,21.0,228.0,144.0,30.0,27.0,0.0,72.0,3.0,135.0,18.0,0.0
210,32,3,1857.0,2104.0,479.0,0.0,325.0,2691.0,56.38628500074512,8777.252799999998,8833.639085000745,2004.0,47.0,21.0,228.0,144.0,30.0,27.0,0.0,72.0,3.0,135.0,18.0,0.0
210,33,3,1866.0,2086.0,501.0,0.0,272.0,2691.0,97.22408958028242,11080.516799999998,11177.740889580278,2004.0,47.0,21.0,228.0,144.0,30.0,27.0,0.0,72.0,3.0,135.0,18.0,0.0
210,34,3,1841.0,2133.0,457.0,0.0,283.0,2691.0,17.257724080043015,9604.771199999997,9622.02892408004,2004.0,47.0,21.0,228.0,144.0,30.0,27.0,0.0,72.0,3.0,135.0,18.0,0.0
210,35,3,1828.0,2149.0,432.0,0.0,272.0,2691.0,55.16717209124177,9627.216,9682.383172091242,2004.0,47.0,21.0,228.0,144.0,30.0,27.0,0.0,72.0,3.0,135.0,18.0,0.0
210,36,4,1883.0,2132.0,461.0,0.0,281.0,2691.0,15.186078864090497,9556.675199999994,9571.861278864082,2004.0,47.0,21.0,228.0,144.0,30.0,27.0,0.0,72.0,3.0,135.0,18.0,0.0
210,37,4,1923.0,2112.0,463.0,0.0,299.0,2691.0,18.527242118436718,10488.000800000002,10506.52804211844,2004.0,47.0,21.0,228.0,144.0,30.0,27.0,0.0,72.0,3.0,135.0,18.0,0.0
210,38,4,1842.0,2092.0,486.0,0.0,310.0,2691.0,57.143915068989415,9361.084800000002,9418.228715068992,2004.0,47.0,21.0,228.0,144.0,30.0,27.0,0.0,72.0,3.0,135.0,18.0,0.0
210,39,4,1874.0,2094.0,492.0,0.0,291.0,2691.0,15.330126005936942,9439.173999999995,9454.504126005932,2004.0,47.0,21.0,228.0,144.0,30.0,27.0,0.0,72.0,3.0,135.0,18.0,0.0
210,40,4,1859.0,2123.0,461.0,0.0,298.0,2691.0,58.67350607585754,9748.057200000003,9806.730706075861,2004.0,47.0,21.0,228.0,144.0,30.0,27.0,0.0,72.0,3.0,135.0,18.0,0.0
210,41,4,1845.0,2131.0,448.0,0.0,280.0,2691.0,58.462246449541894,9400.095999999998,9458.55824644954,2004.0,47.0,21.0,228.0,144.0,30.0,27.0,0.0,72.0,3.0,135.0,18.0,0.0
210,42,4,1905.0,2135.0,452.0,0.0,319.0,2691.0,15.245868984206762,9740.174799999995,9755.420668984203,2004.0,47.0,21.0,228.0,144.0,30.0,27.0,0.0,72.0,3.0,135.0,18.0,0.0
210,43,4,1846.0,2097.0,478.0,0.0,349.0,2691.0,17.239441933836382,9643.982800000002,9661.22224193384,2004.0,47.0,21.0,228.0,144.0,30.0,27.0,0.0,72.0,3.0,135.0,18.0,0.0
210,44,4,1848.0,2112.0,464.0,0.0,260.0,2691.0,98.42390627187385,9821.002800000002,9919.426706271875,2004.0,47.0,21.0,228.0,144.0,30.0,27.0,0.0,72.0,3.0,135.0,18.0,0.0
210,45,4,1860.0,2117.0,463.0,0.0,286.0,2691.0,17.047632186448038,11407.970399999997,11425.018032186445,2004.0,47.0,21.0,228.0,144.0,30.0,27.0,0.0,72.0,3.0,135.0,18.0,0.0
210,46,4,1865.0,2130.0,455.0,0.0,287.0,2691.0,97.78221982338214,10557.739999999998,10655.522219823382,2004.0,47.0,21.0,228.0,144.0,30.0,27.0,0.0,72.0,3.0,135.0,18.0,0.0
210,47,4,1885.0,2118.0,458.0,0.0,310.0,2691.0,56.826032800825494,8813.658800000001,8870.484832800827,2004.0,47.0,21.0,228.0,144.0,30.0,27.0,0.0,72.0,3.0,135.0,18.0,0.0
210,48,5,1839.0,2116.0,464.0,0.0,311.0,2691.0,18.83201381039468,8876.584399999998,8895.416413810393,2004.0,47.0,21.0,228.0,144.0,30.0,27.0,0.0,72.0,3.0,135.0,18.0,0.0
210,49,5,1852.0,2133.0,452.0,0.0,317.0,2691.0,15.416458668402175,8433.566799999995,8448.983258668397,2004.0,47.0,21.0,228.0,144.0,30.0,27.0,0.0,72.0,3.0,135.0,18.0,0.0
210,50,5,1856.0,2121.0,454.0,0.0,320.0,2691.0,16.86693551285046,9688.338,9705.204935512851,2004.0,47.0,21.0,228.0,144.0,30.0,27.0,0.0,72.0,3.0,135.0,18.0,0.0
210,51,5,1830.0,2142.0,438.0,0.0,297.0,2691.0,56.24930670367421,9141.58,9197.829306703674,2004.0,47.0,21.0,228.0,144.0,30.0,27.0,0.0,72.0,3.0,135.0,18.0,0.0
210,52,5,1840.0,2142.0,451.0,0.0,320.0,2691.0,56.931965901209296,10597.485999999999,10654.417965901208,2004.0,47.0,21.0,228.0,144.0,30.0,27.0,0.0,72.0,3.0,135.0,18.0,0.0
210,53,5,1854.0,2092.0,474.0,0.0,317.0,2691.0,98.0181107572104,9355.473600000001,9453.491710757213,2004.0,47.0,21.0,228.0,144.0,30.0,27.0,0.0,72.0,3.0,135.0,18.0,0.0
210,54,5,1843.0,2112.0,480.0,0.0,301.0,2691.0,56.26925098628999,8974.513200000003,9030.782450986293,2004.0,47.0,21.0,228.0,144.0,30.0,27.0,0.0,72.0,3.0,135.0,18.0,0.0
210,55,5,1852.0,2134.0,456.0,0.0,326.0,2691.0,57.335736950302525,8747.059199999994,8804.394936950297,2004.0,47.0,21.0,228.0,144.0,30.0,27.0,0.0,72.0,3.0,135.0,18.0,0.0
210,56,5,1887.0,2113.0,466.0,0.0,341.0,2691.0,14.826419475199845,9446.254799999993,9461.081219475194,2004.0,47.0,21.0,228.0,144.0,30.0,27.0,0.0,72.0,3.0,135.0,18.0,0.0
210,57,5,1853.0,2078.0,504.0,0.0,310.0,2691.0,98.15622483998607,9952.665599999991,10050.821824839977,2004.0,47.0,21.0,228.0,144.0,30.0,27.0,0.0,72.0,3.0,135.0,18.0,0.0
210,58,5,1865.0,2131.0,458.0,0.0,249.0,2691.0,98.23480841981105,8702.4368,8800.671608419809,2004.0,47.0,21.0,228.0,144.0,30.0,27.0,0.0,72.0,3.0,135.0,18.0,0.0
210,59,5,1854.0,2136.0,443.0,0.0,287.0,2691.0,97.83942997060416,8780.192000000003,8878.031429970606,2004.0,47.0,21.0,228.0,144.0,30.0,27.0,0.0,72.0,3.0,135.0,18.0,0.0
210,60,6,1855.0,2141.0,460.0,0.0,264.0,2691.0,96.88994675310263,8602.503999999999,8699.393946753102,2004.0,47.0,21.0,228.0,144.0,30.0,27.0,0.0,72.0,3.0,135.0,18.0,0.0
210,61,6,1911.0,2075.0,513.0,0.0,275.0,2691.0,18.012740087349805,10024.007999999996,10042.020740087346,2004.0,47.0,21.0,228.0,144.0,30.0,27.0,0.0,72.0,3.0,135.0,18.0,0.0
210,62,6,1844.0,2155.0,428.0,0.0,313.0,2691.0,55.2468530361769,9759.146000000004,9814.39285303618,2004.0,47.0,21.0,228.0,144.0,30.0,27.0,0.0,72.0,3.0,135.0,18.0,0.0
210,63,6,1848.0,2159.0,432.0,0.0,270.0,2691.0,16.219529639112935,9093.016400000004,9109.235929639117,2004.0,47.0,21.0,228.0,144.0,30.0,27.0,0.0,72.0,3.0,135.0,18.0,0.0
210,64,6,1847.0,2134.0,458.0,0.0,242.0,2691.0,57.02078160028219,10238.903599999996,10295.924381600278,2004.0,47.0,21.0,228.0,144.0,30.0,27.0,0.0,72.0,3.0,135.0,18.0,0.0
210,65,6,1867.0,2121.0,454.0,0.0,318.0,2691.0,56.022495303321634,9736.500799999998,9792.523295303321,2004.0,47.0,21.0,228.0,144.0,30.0,27.0,0.0,72.0,3.0,135.0,18.0,0.0
210,66,6,1834.0,2099.0,468.0,0.0,351.0,2691.0,98.5015080579141,10412.182799999997,10510.684308057911,2004.0,47.0,21.0,228.0,144.0,30.0,27.0,0.0,72.0,3.0,135.0,18.0,0.0
210,67,6,1826.0,2106.0,469.0,0.0,311.0,2691.0,56.41734469330673,10685.728799999997,10742.146144693304,2004.0,47.0,21.0,228.0,144.0,30.0,27.0,0.0,72.0,3.0,135.0,18.0,0.0
210,68,6,1824.0,2128.0,454.0,0.0,277.0,2691.0,57.48399556941293,9664.490399999999,9721.97439556941,2004.0,47.0,21.0,228.0,144.0,30.0,27.0,0.0,72.0,3.0,135.0,18.0,0.0
210,69,6,1865.0,2119.0,473.0,0.0,317.0,2691.0,15.959547506618174,10288.335600000002,10304.29514750662,2004.0,47.0,21.0,228.0,144.0,30.0,27.0,0.0,72.0,3.0,135.0,18.0,0.0
210,70,6,1867.0,2084.0,497.0,0.0,325.0,2691.0,97.77588641369294,10003.500399999995,10101.27628641369,2004.0,47.0,21.0,228.0,144.0,30.0,27.0,0.0,72.0,3.0,135.0,18.0,0.0
210,71,6,1885.0,2130.0,451.0,0.0,305.0,2691.0,96.95626135597492,10092.2776,10189.233861355973,2004.0,47.0,21.0,228.0,144.0,30.0,27.0,0.0,72.0,3.0,135.0,18.0,0.0
210,72,7,1838.0,2117.0,463.0,0.0,304.0,2691.0,57.42380034187013,10267.5608,10324.98460034187,2004.0,47.0,21.0,228.0,144.0,30.0,27.0,0.0,72.0,3.0,135.0,18.0,0.0
210,73,7,1776.0,2131.0,457.0,0.0,269.0,2691.0,97.55884395701237,8794.6208,8892.179643957013,2004.0,47.0,21.0,228.0,144.0,30.0,27.0,0.0,72.0,3.0,135.0,18.0,0.0
210,74,7,1854.0,2072.0,491.0,0.0,350.0,2691.0,56.93983338368021,9446.121199999998,9503.061033383678,2004.0,47.0,21.0,228.0,144.0,30.0,27.0,0.0,72.0,3.0,135.0,18.0,0.0
210,75,7,1844.0,2127.0,457.0,0.0,317.0,2691.0,57.09237797324819,9521.471599999999,9578.563977973248,2004.0,47.0,21.0,228.0,144.0,30.0,27.0,0.0,72.0,3.0,135.0,18.0,0.0
210,76,7,1896.0,2099.0,470.0,0.0,303.0,2691.0,97.8261020229664,8753.605599999999,8851.431702022966,2004.0,47.0,21.0,228.0,144.0,30.0,27.0,0.0,72.0,3.0,135.0,18.0,0.0
210,77,7,1872.0,2107.0,470.0,0.0,287.0,2691.0,56.155268879855974,10536.1636,10592.318868879855,2004.0,47.0,21.0,228.0,144.0,30.0,27.0,0.0,72.0,3.0,135.0,18.0,0.0
210,78,7,1863.0,2131.0,453.0,0.0,294.0,2691.0,14.988695759548126,9203.169600000003,9218.158295759553,2004.0,47.0,21.0,228.0,144.0,30.0,27.0,0.0,72.0,3.0,135.0,18.0,0.0
210,79,7,1840.0,2103.0,475.0,0.0,298.0,2691.0,16.687920274579966,9779.519999999999,9796.207920274579,2004.0,47.0,21.0,228.0,144.0,30.0,27.0,0.0,72.0,3.0,135.0,18.0,0.0
210,80,7,1844.0,2140.0,450.0,0.0,296.0,2691.0,17.055263103478772,9286.202000000001,9303.25726310348,2004.0,47.0,21.0,228.0,144.0,30.0,27.0,0.0,72.0,3.0,135.0,18.0,0.0
210,81,7,1856.0,2113.0,456.0,0.0,302.0,2691.0,139.24410705039392,9973.173200000005,10112.417307050398,2004.0,47.0,21.0,228.0,144.0,30.0,27.0,0.0,72.0,3.0,135.0,18.0,0.0
210,82,7,1885.0,2131.0,463.0,0.0,288.0,2691.0,136.83451477286343,9056.744000000002,9193.578514772866,2004.0,47.0,21.0,228.0,144.0,30.0,27.0,0.0,72.0,3.0,135.0,18.0,0.0
210,83,7,1880.0,2081.0,479.0,0.0,343.0,2691.0,58.03011406374651,9482.928000000002,9540.95811406375,2004.0,47.0,21.0,228.0,144.0,30.0,27.0,0.0,72.0,3.0,135.0,18.0,0.0
210,84,8,1837.0,2110.0,464.0,0.0,279.0,2691.0,100.00957499091336,9852.398799999995,9952.408374990908,2004.0,47.0,21.0,228.0,144.0,30.0,27.0,0.0,72.0,3.0,135.0,18.0,0.0
210,85,8,1844.0,2139.0,444.0,0.0,325.0,2691.0,57.09632722833008,8753.472,8810.568327228331,2004.0,47.0,21.0,228.0,144.0,30.0,27.0,0.0,72.0,3.0,135.0,18.0,0.0
210,86,8,1859.0,2109.0,474.0,0.0,262.0,2691.0,15.190222129781846,9442.914799999995,9458.105022129776,2004.0,47.0,21.0,228.0,144.0,30.0,27.0,0.0,72.0,3.0,135.0,18.0,0.0
210,87,8,1852.0,2104.0,469.0,0.0,291.0,2691.0,16.900172039938283,10964.0844,10980.984572039937,2004.0,47.0,21.0,228.0,144.0,30.0,27.0,0.0,72.0,3.0,135.0,18.0,0.0
210,88,8,1865.0,2116.0,471.0,0.0,298.0,2691.0,57.37934843039854,8664.628000000006,8722.007348430405,2004.0,47.0,21.0,228.0,144.0,30.0,27.0,0.0,72.0,3.0,135.0,18.0,0.0
210,89,8,1840.0,2077.0,482.0,0.0,335.0,2691.0,58.39786768970518,10354.868399999998,10413.266267689703,2004.0,47.0,21.0,228.0,144.0,30.0,27.0,0.0,72.0,3.0,135.0,18.0,0.0
210,90,8,1829.0,2150.0,445.0,0.0,323.0,2691.0,58.982763804485046,9884.729999999994,9943.712763804479,2004.0,47.0,21.0,228.0,144.0,30.0,27.0,0.0,72.0,3.0,135.0,18.0,0.0
210,91,8,1841.0,2158.0,430.0,0.0,346.0,2691.0,57.760827675180394,8951.0664,9008.827227675181,2004.0,47.0,21.0,228.0,144.0,30.0,27.0,0.0,72.0,3.0,135.0,18.0,0.0
210,92,8,1812.0,2141.0,434.0,0.0,274.0,2691.0,57.305028796939496,9549.193600000006,9606.498628796946,2004.0,47.0,21.0,228.0,144.0,30.0,27.0,0.0,72.0,3.0,135.0,18.0,0.0
210,93,8,1855.0,2094.0,491.0,0.0,326.0,2691.0,95.34069480346564,9133.430400000001,9228.771094803467,2004.0,47.0,21.0,228.0,144.0,30.0,27.0,0.0,72.0,3.0,135.0,18.0,0.0
210,94,8,1854.0,2108.0,482.0,0.0,301.0,2691.0,16.6070862992473,9786.266800000001,9802.873886299249,2004.0,47.0,21.0,228.0,144.0,30.0,27.0,0.0,72.0,3.0,135.0,18.0,0.0
210,95,8,1870.0,2099.0,477.0,0.0,298.0,2691.0,15.542197558402478,9620.6696,9636.211797558404,2004.0,47.0,21.0,228.0,144.0,30.0,27.0,0.0,72.0,3.0,135.0,18.0,0.0
210,96,9,1887.0,2119.0,462.0,0.0,262.0,2691.0,139.63783335571395,8344.455600000001,8484.093433355712,2004.0,47.0,21.0,228.0,144.0,30.0,27.0,0.0,72.0,3.0,135.0,18.0,0.0
210,97,9,1865.0,2094.0,470.0,0.0,328.0,2691.0,56.86288178710703,9606.307600000004,9663.17048178711,2004.0,47.0,21.0,228.0,144.0,30.0,27.0,0.0,72.0,3.0,135.0,18.0,0.0
210,98,9,1843.0,2083.0,467.0,0.0,312.0,2691.0,97.82519080774338,8443.186000000002,8541.011190807745,2004.0,47.0,21.0,228.0,144.0,30.0,27.0,0.0,72.0,3.0,135.0,18.0,0.0
210,99,9,1840.0,2134.0,440.0,0.0,309.0,2691.0,99.29657569994592,9454.203999999996,9553.500575699942,2004.0,47.0,21.0,228.0,144.0,30.0,27.0,0.0,72.0,3.0,135.0,18.0,0.0
210,100,9,1894.0,2135.0,452.0,0.0,289.0,2691.0,59.07102506881501,11495.81239999999,11554.883425068807,2004.0,47.0,21.0,228.0,144.0,30.0,27.0,0.0,72.0,3.0,135.0,18.0,0.0
210,101,9,1862.0,2147.0,448.0,0.0,290.0,2691.0,57.49192156450066,10455.469199999996,10512.961121564496,2004.0,47.0,21.0,228.0,144.0,30.0,27.0,0.0,72.0,3.0,135.0,18.0,0.0
210,102,9,1843.0,2122.0,444.0,0.0,341.0,2691.0,97.49425714576633,10042.979199999998,10140.473457145765,2004.0,47.0,21.0,228.0,144.0,30.0,27.0,0.0,72.0,3.0,135.0,18.0,0.0
210,103,9,1834.0,2087.0,512.0,0.0,296.0,2691.0,58.804015489288574,8966.964800000002,9025.76881548929,2004.0,47.0,21.0,228.0,144.0,30.0,27.0,0.0,72.0,3.0,135.0,18.0,0.0
210,104,9,1832.0,2122.0,458.0,0.0,315.0,2691.0,56.551173024366975,10562.282399999993,10618.833573024362,2004.0,47.0,21.0,228.0,144.0,30.0,27.0,0.0,72.0,3.0,135.0,18.0,0.0
210,105,9,1847.0,2126.0,464.0,0.0,309.0,2691.0,16.3784516436879,9571.504799999997,9587.883251643685,2004.0,47.0,21.0,228.0,144.0,30.0,27.0,0.0,72.0,3.0,135.0,18.0,0.0
210,106,9,1796.0,2141.0,452.0,0.0,314.0,2691.0,17.197018217844683,9223.6104,9240.807418217844,2004.0,47.0,21.0,228.0,144.0,30.0,27.0,0.0,72.0,3.0,135.0,18.0,0.0
210,107,9,1842.0,2148.0,439.0,0.0,332.0,2691.0,57.879225142881225,10426.344400000002,10484.223625142884,2004.0,47.0,21.0,228.0,144.0,30.0,27.0,0.0,72.0,3.0,135.0,18.0,0.0
210,108,10,1858.0,2112.0,481.0,0.0,332.0,2691.0,138.41242603834246,10141.776399999995,10280.188826038337,2004.0,47.0,21.0,228.0,144.0,30.0,27.0,0.0,72.0,3.0,135.0,18.0,0.0
210,109,10,1793.0,2150.0,442.0,0.0,311.0,2691.0,56.78301142343882,10599.423200000001,10656.20621142344,2004.0,47.0,21.0,228.0,144.0,30.0,27.0,0.0,72.0,3.0,135.0,18.0,0.0
210,110,10,1848.0,2134.0,451.0,0.0,290.0,2691.0,15.808646003926956,8510.186400000002,8525.995046003929,2004.0,47.0,21.0,228.0,144.0,30.0,27.0,0.0,72.0,3.0,135.0,18.0,0.0
210,111,10,1828.0,2098.0,490.0,0.0,275.0,2691.0,17.831629195488826,9427.951599999995,9445.783229195484,2004.0,47.0,21.0,228.0,144.0,30.0,27.0,0.0,72.0,3.0,135.0,18.0,0.0
210,112,10,1820.0,2075.0,495.0,0.0,257.0,2691.0,99.24418378349216,10041.309199999992,10140.553383783485,2004.0,47.0,21.0,228.0,144.0,30.0,27.0,0.0,72.0,3.0,135.0,18.0,0.0
210,113,10,1843.0,2123.0,460.0,0.0,326.0,2691.0,16.798706983473345,8842.315999999999,8859.114706983471,2004.0,47.0,21.0,228.0,144.0,30.0,27.0,0.0,72.0,3.0,135.0,18.0,0.0
210,114,10,1855.0,2108.0,475.0,0.0,290.0,2691.0,97.19937545903238,9554.069999999996,9651.26937545903,2004.0,47.0,21.0,228.0,144.0,30.0,27.0,0.0,72.0,3.0,135.0,18.0,0.0
210,115,10,1867.0,2126.0,452.0,0.0,320.0,2691.0,17.251627500611875,9425.279600000002,9442.531227500614,2004.0,47.0,21.0,228.0,144.0,30.0,27.0,0.0,72.0,3.0,135.0,18.0,0.0
210,116,10,1845.0,2126.0,458.0,0.0,315.0,2691.0,16.062469216874362,9452.2668,9468.329269216872,2004.0,47.0,21.0,228.0,144.0,30.0,27.0,0.0,72.0,3.0,135.0,18.0,0.0
210,117,10,1794.0,2133.0,455.0,0.0,285.0,2691.0,55.86913811059303,10360.746799999994,10416.615938110586,2004.0,47.0,21.0,228.0,144.0,30.0,27.0,0.0,72.0,3.0,135.0,18.0,0.0
210,118,10,1856.0,2144.0,439.0,0.0,320.0,2691.0,14.933466993926015,10875.240399999995,10890.173866993922,2004.0,47.0,21.0,228.0,144.0,30.0,27.0,0.0,72.0,3.0,135.0,18.0,0.0
210,119,10,1848.0,2100.0,481.0,0.0,282.0,2691.0,17.99158694488317,9107.177999999998,9125.169586944881,2004.0,47.0,21.0,228.0,144.0,30.0,27.0,0.0,72.0,3.0,135.0,18.0,0.0
211,0,1,1910.0,2132.0,475.0,0.0,256.0,2691.0,57.45362967336113,9413.122,9470.575629673362,2004.0,47.0,21.0,228.0,144.0,30.0,27.0,0.0,72.0,3.0,135.0,18.0,0.0
211,1,1,1880.0,2116.0,473.0,0.0,297.0,2691.0,57.84549241141448,9407.1768,9465.022292411413,2004.0,47.0,21.0,228.0,144.0,30.0,27.0,0.0,72.0,3.0,135.0,18.0,0.0
211,2,1,1836.0,2138.0,443.0,0.0,338.0,2691.0,57.12129015620815,10324.0068,10381.128090156208,2004.0,47.0,21.0,228.0,144.0,30.0,27.0,0.0,72.0,3.0,135.0,18.0,0.0
211,3,1,1866.0,2112.0,459.0,0.0,315.0,2691.0,97.32344194195332,8098.030399999998,8195.353841941951,2004.0,47.0,21.0,228.0,144.0,30.0,27.0,0.0,72.0,3.0,135.0,18.0,0.0
211,4,1,1902.0,2085.0,475.0,0.0,320.0,2691.0,58.05669065458523,9223.743999999999,9281.800690654585,2004.0,47.0,21.0,228.0,144.0,30.0,27.0,0.0,72.0,3.0,135.0,18.0,0.0
211,5,1,1895.0,2100.0,484.0,0.0,314.0,2691.0,98.93969974144898,10063.687199999995,10162.626899741443,2004.0,47.0,21.0,228.0,144.0,30.0,27.0,0.0,72.0,3.0,135.0,18.0,0.0
211,6,1,1848.0,2130.0,439.0,0.0,319.0,2691.0,57.95326941939347,10174.2412,10232.194469419393,2004.0,47.0,21.0,228.0,144.0,30.0,27.0,0.0,72.0,3.0,135.0,18.0,0.0
211,7,1,1832.0,2121.0,453.0,0.0,358.0,2691.0,56.92367109629372,8498.295999999995,8555.219671096289,2004.0,47.0,21.0,228.0,144.0,30.0,27.0,0.0,72.0,3.0,135.0,18.0,0.0
211,8,1,1818.0,2099.0,495.0,0.0,342.0,2691.0,178.12958960707206,9780.7224,9958.851989607072,2004.0,47.0,21.0,228.0,144.0,30.0,27.0,0.0,72.0,3.0,135.0,18.0,0.0
211,9,1,1872.0,2096.0,488.0,0.0,280.0,2691.0,15.983640268391309,10232.357199999993,10248.340840268384,2004.0,47.0,21.0,228.0,144.0,30.0,27.0,0.0,72.0,3.0,135.0,18.0,0.0
211,10,1,1902.0,2080.0,494.0,0.0,321.0,2691.0,16.658345502789523,9603.034399999997,9619.692745502787,2004.0,47.0,21.0,228.0,144.0,30.0,27.0,0.0,72.0,3.0,135.0,18.0,0.0
211,11,1,1849.0,2137.0,441.0,0.0,326.0,2691.0,17.305308199107504,10428.815999999988,10446.121308199097,2004.0,47.0,21.0,228.0,144.0,30.0,27.0,0.0,72.0,3.0,135.0,18.0,0.0
211,12,2,1868.0,2090.0,496.0,0.0,330.0,2691.0,140.59857218970865,9992.0776,10132.67617218971,2004.0,47.0,21.0,228.0,144.0,30.0,27.0,0.0,72.0,3.0,135.0,18.0,0.0
211,13,2,1901.0,2105.0,466.0,0.0,334.0,2691.0,97.48663442835863,8307.916000000001,8405.402634428361,2004.0,47.0,21.0,228.0,144.0,30.0,27.0,0.0,72.0,3.0,135.0,18.0,0.0
211,14,2,1881.0,2141.0,458.0,0.0,275.0,2691.0,57.65739062018889,9400.697200000002,9458.35459062019,2004.0,47.0,21.0,228.0,144.0,30.0,27.0,0.0,72.0,3.0,135.0,18.0,0.0
211,15,2,1901.0,2064.0,518.0,0.0,357.0,2691.0,98.37969849495713,9429.488000000001,9527.867698494958,2004.0,47.0,21.0,228.0,144.0,30.0,27.0,0.0,72.0,3.0,135.0,18.0,0.0
211,16,2,1800.0,2095.0,487.0,0.0,336.0,2691.0,17.508723369526464,11331.217199999994,11348.72592336952,2004.0,47.0,21.0,228.0,144.0,30.0,27.0,0.0,72.0,3.0,135.0,18.0,0.0
211,17,2,1882.0,2123.0,439.0,0.0,318.0,2691.0,14.647681085604816,9210.450799999999,9225.098481085603,2004.0,47.0,21.0,228.0,144.0,30.0,27.0,0.0,72.0,3.0,135.0,18.0,0.0
211,18,2,1838.0,2099.0,487.0,0.0,336.0,2691.0,15.945124479479777,9926.0792,9942.02432447948,2004.0,47.0,21.0,228.0,144.0,30.0,27.0,0.0,72.0,3.0,135.0,18.0,0.0
211,19,2,1865.0,2100.0,484.0,0.0,291.0,2691.0,59.43745155858039,10922.601599999996,10982.039051558577,2004.0,47.0,21.0,228.0,144.0,30.0,27.0,0.0,72.0,3.0,135.0,18.0,0.0
211,20,2,1861.0,2135.0,442.0,0.0,328.0,2691.0,98.14996297794968,9573.7092,9671.859162977948,2004.0,47.0,21.0,228.0,144.0,30.0,27.0,0.0,72.0,3.0,135.0,18.0,0.0
211,21,2,1828.0,2123.0,453.0,0.0,322.0,2691.0,58.50030267399184,8985.134400000003,9043.634702673995,2004.0,47.0,21.0,228.0,144.0,30.0,27.0,0.0,72.0,3.0,135.0,18.0,0.0
211,22,2,1867.0,2082.0,512.0,0.0,325.0,2691.0,96.73324804316835,10733.290399999996,10830.023648043165,2004.0,47.0,21.0,228.0,144.0,30.0,27.0,0.0,72.0,3.0,135.0,18.0,0.0
211,23,2,1851.0,2098.0,470.0,0.0,275.0,2691.0,17.26778358079131,8752.9376,8770.20538358079,2004.0,47.0,21.0,228.0,144.0,30.0,27.0,0.0,72.0,3.0,135.0,18.0,0.0
211,24,3,1844.0,2079.0,502.0,0.0,303.0,2691.0,58.175643605709986,9297.958799999993,9356.134443605704,2004.0,47.0,21.0,228.0,144.0,30.0,27.0,0.0,72.0,3.0,135.0,18.0,0.0
211,25,3,1849.0,2096.0,496.0,0.0,287.0,2691.0,16.61989952574581,8930.759200000002,8947.379099525748,2004.0,47.0,21.0,228.0,144.0,30.0,27.0,0.0,72.0,3.0,135.0,18.0,0.0
211,26,3,1888.0,2098.0,496.0,0.0,322.0,2691.0,17.594383726458478,9727.816799999997,9745.411183726454,2004.0,47.0,21.0,228.0,144.0,30.0,27.0,0.0,72.0,3.0,135.0,18.0,0.0
211,27,3,1837.0,2128.0,467.0,0.0,281.0,2691.0,57.619996214763624,9638.438399999995,9696.05839621476,2004.0,47.0,21.0,228.0,144.0,30.0,27.0,0.0,72.0,3.0,135.0,18.0,0.0
211,28,3,1850.0,2131.0,463.0,0.0,336.0,2691.0,58.08667626283476,11128.145199999997,11186.231876262831,2004.0,47.0,21.0,228.0,144.0,30.0,27.0,0.0,72.0,3.0,135.0,18.0,0.0
211,29,3,1836.0,2094.0,493.0,0.0,335.0,2691.0,17.080777796700275,9693.882400000004,9710.963177796704,2004.0,47.0,21.0,228.0,144.0,30.0,27.0,0.0,72.0,3.0,135.0,18.0,0.0
211,30,3,1835.0,2130.0,464.0,0.0,301.0,2691.0,17.18356921773801,9248.2596,9265.443169217739,2004.0,47.0,21.0,228.0,144.0,30.0,27.0,0.0,72.0,3.0,135.0,18.0,0.0
211,31,3,1857.0,2098.0,486.0,0.0,327.0,2691.0,96.62008880415858,8670.9072,8767.527288804158,2004.0,47.0,21.0,228.0,144.0,30.0,27.0,0.0,72.0,3.0,135.0,18.0,0.0
211,32,3,1866.0,2069.0,518.0,0.0,283.0,2691.0,97.27668500260572,10584.994399999998,10682.271085002603,2004.0,47.0,21.0,228.0,144.0,30.0,27.0,0.0,72.0,3.0,135.0,18.0,0.0
211,33,3,1841.0,2131.0,459.0,0.0,292.0,2691.0,17.064933607283365,9212.722,9229.786933607284,2004.0,47.0,21.0,228.0,144.0,30.0,27.0,0.0,72.0,3.0,135.0,18.0,0.0
211,34,3,1828.0,2143.0,439.0,0.0,281.0,2691.0,55.99154450761982,9847.8564,9903.847944507623,2004.0,47.0,21.0,228.0,144.0,30.0,27.0,0.0,72.0,3.0,135.0,18.0,0.0
211,35,3,1883.0,2127.0,466.0,0.0,293.0,2691.0,15.616264956197895,9342.180399999994,9357.796664956191,2004.0,47.0,21.0,228.0,144.0,30.0,27.0,0.0,72.0,3.0,135.0,18.0,0.0
211,36,4,1923.0,2111.0,464.0,0.0,307.0,2691.0,18.162468699854806,10323.806400000001,10341.968868699856,2004.0,47.0,21.0,228.0,144.0,30.0,27.0,0.0,72.0,3.0,135.0,18.0,0.0
211,37,4,1842.0,2086.0,494.0,0.0,317.0,2691.0,17.839097585677266,9048.594400000002,9066.43349758568,2004.0,47.0,21.0,228.0,144.0,30.0,27.0,0.0,72.0,3.0,135.0,18.0,0.0
211,38,4,1874.0,2080.0,506.0,0.0,302.0,2691.0,16.444733527817956,9493.281999999997,9509.726733527816,2004.0,47.0,21.0,228.0,144.0,30.0,27.0,0.0,72.0,3.0,135.0,18.0,0.0
211,39,4,1859.0,2104.0,480.0,0.0,310.0,2691.0,99.35255254825265,9918.731200000004,10018.083752548257,2004.0,47.0,21.0,228.0,144.0,30.0,27.0,0.0,72.0,3.0,135.0,18.0,0.0
211,40,4,1845.0,2122.0,457.0,0.0,286.0,2691.0,58.94824259325693,8978.120399999998,9037.068642593256,2004.0,47.0,21.0,228.0,144.0,30.0,27.0,0.0,72.0,3.0,135.0,18.0,0.0
211,41,4,1905.0,2124.0,463.0,0.0,329.0,2691.0,16.033058667766156,9789.539999999994,9805.57305866776,2004.0,47.0,21.0,228.0,144.0,30.0,27.0,0.0,72.0,3.0,135.0,18.0,0.0
211,42,4,1846.0,2088.0,488.0,0.0,351.0,2691.0,58.29439761821135,9376.315200000001,9434.609597618213,2004.0,47.0,21.0,228.0,144.0,30.0,27.0,0.0,72.0,3.0,135.0,18.0,0.0
211,43,4,1848.0,2101.0,475.0,0.0,274.0,2691.0,99.29535319552906,9958.143200000006,10057.438553195534,2004.0,47.0,21.0,228.0,144.0,30.0,27.0,0.0,72.0,3.0,135.0,18.0,0.0
211,44,4,1860.0,2106.0,474.0,0.0,297.0,2691.0,17.880288863047696,11689.198399999994,11707.078688863041,2004.0,47.0,21.0,228.0,144.0,30.0,27.0,0.0,72.0,3.0,135.0,18.0,0.0
211,45,4,1865.0,2118.0,467.0,0.0,295.0,2691.0,97.66579060165272,10026.011999999999,10123.677790601652,2004.0,47.0,21.0,228.0,144.0,30.0,27.0,0.0,72.0,3.0,135.0,18.0,0.0
211,46,4,1885.0,2106.0,470.0,0.0,322.0,2691.0,56.42347521861873,8604.641600000003,8661.06507521862,2004.0,47.0,21.0,228.0,144.0,30.0,27.0,0.0,72.0,3.0,135.0,18.0,0.0
211,47,4,1839.0,2108.0,472.0,0.0,318.0,2691.0,18.126989687986992,8302.438400000001,8320.565389687987,2004.0,47.0,21.0,228.0,144.0,30.0,27.0,0.0,72.0,3.0,135.0,18.0,0.0
211,48,5,1852.0,2122.0,463.0,0.0,329.0,2691.0,16.80824438617372,8917.065199999997,8933.87344438617,2004.0,47.0,21.0,228.0,144.0,30.0,27.0,0.0,72.0,3.0,135.0,18.0,0.0
211,49,5,1856.0,2106.0,469.0,0.0,324.0,2691.0,56.6719638141673,10347.0528,10403.724763814167,2004.0,47.0,21.0,228.0,144.0,30.0,27.0,0.0,72.0,3.0,135.0,18.0,0.0
211,50,5,1830.0,2134.0,446.0,0.0,308.0,2691.0,55.430633980929265,9103.9048,9159.335433980928,2004.0,47.0,21.0,228.0,144.0,30.0,27.0,0.0,72.0,3.0,135.0,18.0,0.0
211,51,5,1840.0,2126.0,466.0,0.0,334.0,2691.0,58.32599621504117,10776.176000000001,10834.501996215044,2004.0,47.0,21.0,228.0,144.0,30.0,27.0,0.0,72.0,3.0,135.0,18.0,0.0
211,52,5,1854.0,2086.0,480.0,0.0,322.0,2691.0,98.45150966364307,9411.3184,9509.769909663642,2004.0,47.0,21.0,228.0,144.0,30.0,27.0,0.0,72.0,3.0,135.0,18.0,0.0
211,53,5,1843.0,2109.0,483.0,0.0,312.0,2691.0,179.89161461876054,9474.7784,9654.67001461876,2004.0,47.0,21.0,228.0,144.0,30.0,27.0,0.0,72.0,3.0,135.0,18.0,0.0
211,54,5,1852.0,2110.0,480.0,0.0,339.0,2691.0,58.128458243502706,9286.335599999995,9344.464058243497,2004.0,47.0,21.0,228.0,144.0,30.0,27.0,0.0,72.0,3.0,135.0,18.0,0.0
211,55,5,1887.0,2094.0,486.0,0.0,351.0,2691.0,15.480406298722706,9339.975999999997,9355.45640629872,2004.0,47.0,21.0,228.0,144.0,30.0,27.0,0.0,72.0,3.0,135.0,18.0,0.0
211,56,5,1853.0,2076.0,506.0,0.0,324.0,2691.0,57.08337833902921,10152.397599999993,10209.480978339021,2004.0,47.0,21.0,228.0,144.0,30.0,27.0,0.0,72.0,3.0,135.0,18.0,0.0
211,57,5,1865.0,2107.0,482.0,0.0,270.0,2691.0,17.556510961436878,8822.743600000002,8840.300110961438,2004.0,47.0,21.0,228.0,144.0,30.0,27.0,0.0,72.0,3.0,135.0,18.0,0.0
211,58,5,1854.0,2127.0,452.0,0.0,302.0,2691.0,16.81003881923254,8801.234000000004,8818.044038819236,2004.0,47.0,21.0,228.0,144.0,30.0,27.0,0.0,72.0,3.0,135.0,18.0,0.0
211,59,5,1855.0,2130.0,471.0,0.0,278.0,2691.0,98.21512301541267,8660.8204,8759.035523015415,2004.0,47.0,21.0,228.0,144.0,30.0,27.0,0.0,72.0,3.0,135.0,18.0,0.0
211,60,6,1911.0,2064.0,525.0,0.0,288.0,2691.0,18.56801186543067,10039.037999999995,10057.606011865426,2004.0,47.0,21.0,228.0,144.0,30.0,27.0,0.0,72.0,3.0,135.0,18.0,0.0
211,61,6,1844.0,2136.0,447.0,0.0,329.0,2691.0,56.10425361353541,9911.45,9967.554253613536,2004.0,47.0,21.0,228.0,144.0,30.0,27.0,0.0,72.0,3.0,135.0,18.0,0.0
211,62,6,1848.0,2149.0,442.0,0.0,282.0,2691.0,97.27586061415957,8893.484800000002,8990.760660614162,2004.0,47.0,21.0,228.0,144.0,30.0,27.0,0.0,72.0,3.0,135.0,18.0,0.0
211,63,6,1847.0,2103.0,489.0,0.0,254.0,2691.0,138.08151845275847,10080.520799999993,10218.602318452753,2004.0,47.0,21.0,228.0,144.0,30.0,27.0,0.0,72.0,3.0,135.0,18.0,0.0
211,64,6,1867.0,2113.0,463.0,0.0,329.0,2691.0,57.01879573499959,10116.392399999997,10173.411195734998,2004.0,47.0,21.0,228.0,144.0,30.0,27.0,0.0,72.0,3.0,135.0,18.0,0.0
211,65,6,1834.0,2095.0,472.0,0.0,364.0,2691.0,140.10229925999005,10694.412799999995,10834.515099259985,2004.0,47.0,21.0,228.0,144.0,30.0,27.0,0.0,72.0,3.0,135.0,18.0,0.0
211,66,6,1826.0,2102.0,473.0,0.0,320.0,2691.0,97.45737439652495,10779.382399999997,10876.839774396522,2004.0,47.0,21.0,228.0,144.0,30.0,27.0,0.0,72.0,3.0,135.0,18.0,0.0
211,67,6,1824.0,2116.0,466.0,0.0,281.0,2691.0,58.969564623025576,9293.616800000002,9352.586364623026,2004.0,47.0,21.0,228.0,144.0,30.0,27.0,0.0,72.0,3.0,135.0,18.0,0.0
211,68,6,1865.0,2104.0,488.0,0.0,330.0,2691.0,16.797753451305006,10119.999600000001,10136.797353451306,2004.0,47.0,21.0,228.0,144.0,30.0,27.0,0.0,72.0,3.0,135.0,18.0,0.0
211,69,6,1867.0,2071.0,510.0,0.0,329.0,2691.0,138.93655508569162,10067.027199999995,10205.963755085686,2004.0,47.0,21.0,228.0,144.0,30.0,27.0,0.0,72.0,3.0,135.0,18.0,0.0
211,70,6,1885.0,2125.0,456.0,0.0,307.0,2691.0,97.3956039569002,9894.015200000002,9991.4108039569,2004.0,47.0,21.0,228.0,144.0,30.0,27.0,0.0,72.0,3.0,135.0,18.0,0.0
211,71,6,1838.0,2119.0,461.0,0.0,312.0,2691.0,57.39560673012899,10234.628400000001,10292.024006730131,2004.0,47.0,21.0,228.0,144.0,30.0,27.0,0.0,72.0,3.0,135.0,18.0,0.0
211,72,7,1776.0,2123.0,466.0,0.0,282.0,2691.0,97.19834114149552,8632.230000000003,8729.428341141498,2004.0,47.0,21.0,228.0,144.0,30.0,27.0,0.0,72.0,3.0,135.0,18.0,0.0
211,73,7,1854.0,2064.0,499.0,0.0,349.0,2691.0,57.88217236657733,9602.032399999995,9659.914572366572,2004.0,47.0,21.0,228.0,144.0,30.0,27.0,0.0,72.0,3.0,135.0,18.0,0.0
211,74,7,1844.0,2120.0,465.0,0.0,347.0,2691.0,19.337667821257604,9759.0792,9778.416867821257,2004.0,47.0,21.0,228.0,144.0,30.0,27.0,0.0,72.0,3.0,135.0,18.0,0.0
211,75,7,1896.0,2087.0,483.0,0.0,311.0,2691.0,56.32405057620667,8564.227599999998,8620.551650576206,2004.0,47.0,21.0,228.0,144.0,30.0,27.0,0.0,72.0,3.0,135.0,18.0,0.0
211,76,7,1872.0,2092.0,485.0,0.0,293.0,2691.0,56.55583098449521,10092.478,10149.033830984494,2004.0,47.0,21.0,228.0,144.0,30.0,27.0,0.0,72.0,3.0,135.0,18.0,0.0
211,77,7,1863.0,2123.0,461.0,0.0,309.0,2691.0,15.389374293537614,9337.8384,9353.227774293538,2004.0,47.0,21.0,228.0,144.0,30.0,27.0,0.0,72.0,3.0,135.0,18.0,0.0
211,78,7,1840.0,2096.0,482.0,0.0,312.0,2691.0,18.13302030023003,9938.170000000002,9956.30302030023,2004.0,47.0,21.0,228.0,144.0,30.0,27.0,0.0,72.0,3.0,135.0,18.0,0.0
211,79,7,1844.0,2150.0,441.0,0.0,314.0,2691.0,18.19784215694982,9372.64120000001,9390.839042156958,2004.0,47.0,21.0,228.0,144.0,30.0,27.0,0.0,72.0,3.0,135.0,18.0,0.0
211,80,7,1856.0,2108.0,461.0,0.0,310.0,2691.0,139.78792425774768,10237.6344,10377.422324257748,2004.0,47.0,21.0,228.0,144.0,30.0,27.0,0.0,72.0,3.0,135.0,18.0,0.0
211,81,7,1885.0,2115.0,479.0,0.0,299.0,2691.0,96.78870267508077,9304.638799999999,9401.427502675078,2004.0,47.0,21.0,228.0,144.0,30.0,27.0,0.0,72.0,3.0,135.0,18.0,0.0
211,82,7,1880.0,2069.0,491.0,0.0,344.0,2691.0,57.83277339549353,9377.183600000004,9435.016373395496,2004.0,47.0,21.0,228.0,144.0,30.0,27.0,0.0,72.0,3.0,135.0,18.0,0.0
211,83,7,1837.0,2109.0,465.0,0.0,288.0,2691.0,98.9950631102541,9879.519599999996,9978.514663110249,2004.0,47.0,21.0,228.0,144.0,30.0,27.0,0.0,72.0,3.0,135.0,18.0,0.0
211,84,8,1844.0,2129.0,454.0,0.0,326.0,2691.0,56.16034930893172,9114.125199999999,9170.285549308932,2004.0,47.0,21.0,228.0,144.0,30.0,27.0,0.0,72.0,3.0,135.0,18.0,0.0
211,85,8,1859.0,2099.0,484.0,0.0,276.0,2691.0,15.939245952208896,9966.960799999997,9982.900045952207,2004.0,47.0,21.0,228.0,144.0,30.0,27.0,0.0,72.0,3.0,135.0,18.0,0.0
211,86,8,1852.0,2092.0,481.0,0.0,311.0,2691.0,17.85979602673099,10719.329199999998,10737.188996026729,2004.0,47.0,21.0,228.0,144.0,30.0,27.0,0.0,72.0,3.0,135.0,18.0,0.0
211,87,8,1865.0,2109.0,478.0,0.0,311.0,2691.0,97.85420549552562,8498.095600000004,8595.949805495531,2004.0,47.0,21.0,228.0,144.0,30.0,27.0,0.0,72.0,3.0,135.0,18.0,0.0
211,88,8,1840.0,2067.0,492.0,0.0,340.0,2691.0,58.88943109608944,10077.514799999999,10136.404231096089,2004.0,47.0,21.0,228.0,144.0,30.0,27.0,0.0,72.0,3.0,135.0,18.0,0.0
211,89,8,1829.0,2140.0,455.0,0.0,336.0,2691.0,59.08836807625642,9889.606399999993,9948.69476807625,2004.0,47.0,21.0,228.0,144.0,30.0,27.0,0.0,72.0,3.0,135.0,18.0,0.0
211,90,8,1841.0,2120.0,468.0,0.0,349.0,2691.0,178.829762982209,8870.706,9049.53576298221,2004.0,47.0,21.0,228.0,144.0,30.0,27.0,0.0,72.0,3.0,135.0,18.0,0.0
211,91,8,1812.0,2133.0,442.0,0.0,290.0,2691.0,56.99162039899176,9687.068800000005,9744.060420398995,2004.0,47.0,21.0,228.0,144.0,30.0,27.0,0.0,72.0,3.0,135.0,18.0,0.0
211,92,8,1855.0,2076.0,509.0,0.0,336.0,2691.0,55.19865735213384,9190.0768,9245.275457352134,2004.0,47.0,21.0,228.0,144.0,30.0,27.0,0.0,72.0,3.0,135.0,18.0,0.0
211,93,8,1854.0,2095.0,495.0,0.0,318.0,2691.0,17.14230281235692,9849.526400000002,9866.668702812358,2004.0,47.0,21.0,228.0,144.0,30.0,27.0,0.0,72.0,3.0,135.0,18.0,0.0
211,94,8,1870.0,2091.0,486.0,0.0,318.0,2691.0,97.07114008778547,9490.61,9587.681140087785,2004.0,47.0,21.0,228.0,144.0,30.0,27.0,0.0,72.0,3.0,135.0,18.0,0.0
211,95,8,1887.0,2110.0,471.0,0.0,266.0,2691.0,98.38575599026191,7753.542800000003,7851.9285559902655,2004.0,47.0,21.0,228.0,144.0,30.0,27.0,0.0,72.0,3.0,135.0,18.0,0.0
211,96,9,1865.0,2085.0,479.0,0.0,337.0,2691.0,139.2648081393261,9774.242800000005,9913.50760813933,2004.0,47.0,21.0,228.0,144.0,30.0,27.0,0.0,72.0,3.0,135.0,18.0,0.0
211,97,9,1843.0,2070.0,480.0,0.0,320.0,2691.0,98.57140142268483,8556.9464,8655.517801422686,2004.0,47.0,21.0,228.0,144.0,30.0,27.0,0.0,72.0,3.0,135.0,18.0,0.0
211,98,9,1840.0,2122.0,453.0,0.0,317.0,2691.0,59.20646421040576,9300.23,9359.436464210405,2004.0,47.0,21.0,228.0,144.0,30.0,27.0,0.0,72.0,3.0,135.0,18.0,0.0
211,99,9,1894.0,2122.0,466.0,0.0,303.0,2691.0,98.53882881743587,11458.67159999999,11557.210428817429,2004.0,47.0,21.0,228.0,144.0,30.0,27.0,0.0,72.0,3.0,135.0,18.0,0.0
211,100,9,1862.0,2134.0,461.0,0.0,295.0,2691.0,57.83807622588013,10243.111999999997,10300.950076225878,2004.0,47.0,21.0,228.0,144.0,30.0,27.0,0.0,72.0,3.0,135.0,18.0,0.0
211,101,9,1843.0,2112.0,454.0,0.0,344.0,2691.0,97.88540685947628,9708.778799999998,9806.664206859476,2004.0,47.0,21.0,228.0,144.0,30.0,27.0,0.0,72.0,3.0,135.0,18.0,0.0
211,102,9,1834.0,2074.0,525.0,0.0,301.0,2691.0,59.06163809704132,8656.612000000001,8715.673638097043,2004.0,47.0,21.0,228.0,144.0,30.0,27.0,0.0,72.0,3.0,135.0,18.0,0.0
211,103,9,1832.0,2114.0,466.0,0.0,328.0,2691.0,57.215113924648236,10221.802799999996,10279.017913924645,2004.0,47.0,21.0,228.0,144.0,30.0,27.0,0.0,72.0,3.0,135.0,18.0,0.0
211,104,9,1847.0,2113.0,477.0,0.0,317.0,2691.0,17.1686988396043,9170.504399999998,9187.673098839601,2004.0,47.0,21.0,228.0,144.0,30.0,27.0,0.0,72.0,3.0,135.0,18.0,0.0
211,105,9,1796.0,2133.0,461.0,0.0,322.0,2691.0,17.07293480065253,9093.2168,9110.289734800654,2004.0,47.0,21.0,228.0,144.0,30.0,27.0,0.0,72.0,3.0,135.0,18.0,0.0
211,106,9,1842.0,2142.0,445.0,0.0,340.0,2691.0,138.72685026906453,9907.241600000001,10045.968450269065,2004.0,47.0,21.0,228.0,144.0,30.0,27.0,0.0,72.0,3.0,135.0,18.0,0.0
211,107,9,1858.0,2111.0,483.0,0.0,338.0,2691.0,137.73691579238127,9823.273999999998,9961.01091579238,2004.0,47.0,21.0,228.0,144.0,30.0,27.0,0.0,72.0,3.0,135.0,18.0,0.0
211,108,10,1793.0,2149.0,443.0,0.0,320.0,2691.0,57.08843033619092,10105.637600000005,10162.726030336196,2004.0,47.0,21.0,228.0,144.0,30.0,27.0,0.0,72.0,3.0,135.0,18.0,0.0
211,109,10,1848.0,2126.0,459.0,0.0,302.0,2691.0,16.832065291251826,8754.941600000006,8771.773665291257,2004.0,47.0,21.0,228.0,144.0,30.0,27.0,0.0,72.0,3.0,135.0,18.0,0.0
211,110,10,1828.0,2084.0,504.0,0.0,281.0,2691.0,17.25128125487756,8931.493999999999,8948.745281254878,2004.0,47.0,21.0,228.0,144.0,30.0,27.0,0.0,72.0,3.0,135.0,18.0,0.0
211,111,10,1820.0,2070.0,500.0,0.0,267.0,2691.0,58.16382950103119,10004.168399999993,10062.332229501024,2004.0,47.0,21.0,228.0,144.0,30.0,27.0,0.0,72.0,3.0,135.0,18.0,0.0
211,112,10,1843.0,2108.0,475.0,0.0,344.0,2691.0,16.946676876057957,9058.013199999996,9074.959876876053,2004.0,47.0,21.0,228.0,144.0,30.0,27.0,0.0,72.0,3.0,135.0,18.0,0.0
211,113,10,1855.0,2091.0,492.0,0.0,309.0,2691.0,96.69610438656643,9452.7344,9549.430504386566,2004.0,47.0,21.0,228.0,144.0,30.0,27.0,0.0,72.0,3.0,135.0,18.0,0.0
211,114,10,1867.0,2108.0,470.0,0.0,334.0,2691.0,16.93323243552185,9620.803200000002,9637.736432435524,2004.0,47.0,21.0,228.0,144.0,30.0,27.0,0.0,72.0,3.0,135.0,18.0,0.0
211,115,10,1845.0,2120.0,464.0,0.0,333.0,2691.0,16.399419645009147,9769.099199999999,9785.498619645008,2004.0,47.0,21.0,228.0,144.0,30.0,27.0,0.0,72.0,3.0,135.0,18.0,0.0
211,116,10,1794.0,2102.0,486.0,0.0,303.0,2691.0,98.62529425911589,9961.015599999999,10059.640894259115,2004.0,47.0,21.0,228.0,144.0,30.0,27.0,0.0,72.0,3.0,135.0,18.0,0.0
211,117,10,1856.0,2134.0,449.0,0.0,324.0,2691.0,15.511866409429258,10868.693999999992,10884.205866409422,2004.0,47.0,21.0,228.0,144.0,30.0,27.0,0.0,72.0,3.0,135.0,18.0,0.0
211,118,10,1848.0,2093.0,488.0,0.0,285.0,2691.0,18.045367128447083,9036.236399999998,9054.281767128445,2004.0,47.0,21.0,228.0,144.0,30.0,27.0,0.0,72.0,3.0,135.0,18.0,0.0
211,119,10,1824.0,2127.0,470.0,0.0,310.0,2691.0,18.203171961067323,10411.247599999992,10429.45077196106,2004.0,47.0,21.0,228.0,144.0,30.0,27.0,0.0,72.0,3.0,135.0,18.0,0.0
212,0,1,1880.0,2116.0,473.0,0.0,295.0,2691.0,59.194678564430546,9450.396400000001,9509.591078564432,2004.0,47.0,21.0,228.0,144.0,30.0,27.0,0.0,72.0,3.0,135.0,18.0,0.0
212,1,1,1836.0,2140.0,441.0,0.0,333.0,2691.0,17.6955315840355,10504.968,10522.663531584036,2004.0,47.0,21.0,228.0,144.0,30.0,27.0,0.0,72.0,3.0,135.0,18.0,0.0
212,2,1,1866.0,2118.0,453.0,0.0,317.0,2691.0,59.36291444842089,9106.376399999997,9165.73931444842,2004.0,47.0,21.0,228.0,144.0,30.0,27.0,0.0,72.0,3.0,135.0,18.0,0.0
212,3,1,1902.0,2098.0,463.0,0.0,321.0,2691.0,19.30058580810874,10105.169999999998,10124.470585808107,2004.0,47.0,21.0,228.0,144.0,30.0,27.0,0.0,72.0,3.0,135.0,18.0,0.0
212,4,1,1895.0,2101.0,483.0,0.0,318.0,2691.0,60.60040369064258,10601.226799999993,10661.827203690636,2004.0,47.0,21.0,228.0,144.0,30.0,27.0,0.0,72.0,3.0,135.0,18.0,0.0
212,5,1,1848.0,2129.0,440.0,0.0,319.0,2691.0,60.22759076732497,10635.695599999997,10695.923190767322,2004.0,47.0,21.0,228.0,144.0,30.0,27.0,0.0,72.0,3.0,135.0,18.0,0.0
212,6,1,1832.0,2122.0,453.0,0.0,359.0,2691.0,59.20973975582357,9213.924399999994,9273.134139755817,2004.0,47.0,21.0,228.0,144.0,30.0,27.0,0.0,72.0,3.0,135.0,18.0,0.0
212,7,1,1818.0,2097.0,497.0,0.0,344.0,2691.0,180.2354696637416,10492.676800000001,10672.912269663744,2004.0,47.0,21.0,228.0,144.0,30.0,27.0,0.0,72.0,3.0,135.0,18.0,0.0
212,8,1,1872.0,2094.0,490.0,0.0,275.0,2691.0,18.38826288581656,10522.803599999992,10541.19186288581,2004.0,47.0,21.0,228.0,144.0,30.0,27.0,0.0,72.0,3.0,135.0,18.0,0.0
212,9,1,1902.0,2095.0,479.0,0.0,345.0,2691.0,19.939126891812087,10876.442799999993,10896.381926891805,2004.0,47.0,21.0,228.0,144.0,30.0,27.0,0.0,72.0,3.0,135.0,18.0,0.0
212,10,1,1849.0,2135.0,443.0,0.0,327.0,2691.0,19.023061345533073,10828.012799999988,10847.035861345521,2004.0,47.0,21.0,228.0,144.0,30.0,27.0,0.0,72.0,3.0,135.0,18.0,0.0
212,11,1,1868.0,2089.0,498.0,0.0,328.0,2691.0,101.7947412942243,10214.4548,10316.249541294224,2004.0,47.0,21.0,228.0,144.0,30.0,27.0,0.0,72.0,3.0,135.0,18.0,0.0
212,12,2,1901.0,2098.0,474.0,0.0,334.0,2691.0,98.97991003787415,8910.184799999999,9009.164710037874,2004.0,47.0,21.0,228.0,144.0,30.0,27.0,0.0,72.0,3.0,135.0,18.0,0.0
212,13,2,1881.0,2142.0,457.0,0.0,275.0,2691.0,60.02088108743426,9833.4276,9893.448481087435,2004.0,47.0,21.0,228.0,144.0,30.0,27.0,0.0,72.0,3.0,135.0,18.0,0.0
212,14,2,1901.0,2069.0,513.0,0.0,352.0,2691.0,99.65570873880773,10723.07,10822.72570873881,2004.0,47.0,21.0,228.0,144.0,30.0,27.0,0.0,72.0,3.0,135.0,18.0,0.0
212,15,2,1800.0,2095.0,487.0,0.0,335.0,2691.0,19.319065522035487,11270.896799999995,11290.21586552203,2004.0,47.0,21.0,228.0,144.0,30.0,27.0,0.0,72.0,3.0,135.0,18.0,0.0
212,16,2,1882.0,2123.0,439.0,0.0,318.0,2691.0,17.892577700452083,9718.598399999997,9736.49097770045,2004.0,47.0,21.0,228.0,144.0,30.0,27.0,0.0,72.0,3.0,135.0,18.0,0.0
212,17,2,1838.0,2085.0,502.0,0.0,334.0,2691.0,60.1535817757582,11217.256399999998,11277.409981775756,2004.0,47.0,21.0,228.0,144.0,30.0,27.0,0.0,72.0,3.0,135.0,18.0,0.0
212,18,2,1865.0,2102.0,483.0,0.0,282.0,2691.0,61.142020660137085,11701.890399999995,11763.032420660133,2004.0,47.0,21.0,228.0,144.0,30.0,27.0,0.0,72.0,3.0,135.0,18.0,0.0
212,19,2,1861.0,2142.0,435.0,0.0,332.0,2691.0,99.97819732494705,9826.3468,9926.324997324946,2004.0,47.0,21.0,228.0,144.0,30.0,27.0,0.0,72.0,3.0,135.0,18.0,0.0
212,20,2,1828.0,2124.0,452.0,0.0,323.0,2691.0,60.012337410802644,9775.712400000002,9835.724737410805,2004.0,47.0,21.0,228.0,144.0,30.0,27.0,0.0,72.0,3.0,135.0,18.0,0.0
212,21,2,1867.0,2083.0,511.0,0.0,329.0,2691.0,140.010151799676,10830.551199999998,10970.561351799675,2004.0,47.0,21.0,228.0,144.0,30.0,27.0,0.0,72.0,3.0,135.0,18.0,0.0
212,22,2,1851.0,2105.0,463.0,0.0,267.0,2691.0,18.36782296178545,9171.506399999998,9189.874222961784,2004.0,47.0,21.0,228.0,144.0,30.0,27.0,0.0,72.0,3.0,135.0,18.0,0.0
212,23,2,1844.0,2080.0,501.0,0.0,309.0,2691.0,60.74038876549947,9732.759999999993,9793.500388765493,2004.0,47.0,21.0,228.0,144.0,30.0,27.0,0.0,72.0,3.0,135.0,18.0,0.0
212,24,3,1849.0,2097.0,496.0,0.0,285.0,2691.0,17.7263640708233,9648.258,9665.984364070822,2004.0,47.0,21.0,228.0,144.0,30.0,27.0,0.0,72.0,3.0,135.0,18.0,0.0
212,25,3,1888.0,2100.0,494.0,0.0,314.0,2691.0,19.99735867236053,10624.205999999998,10644.20335867236,2004.0,47.0,21.0,228.0,144.0,30.0,27.0,0.0,72.0,3.0,135.0,18.0,0.0
212,26,3,1837.0,2126.0,469.0,0.0,277.0,2691.0,19.16062800374466,10701.426799999994,10720.587428003739,2004.0,47.0,21.0,228.0,144.0,30.0,27.0,0.0,72.0,3.0,135.0,18.0,0.0
212,27,3,1850.0,2135.0,460.0,0.0,331.0,2691.0,59.34637250815239,11509.974,11569.320372508151,2004.0,47.0,21.0,228.0,144.0,30.0,27.0,0.0,72.0,3.0,135.0,18.0,0.0
212,28,3,1836.0,2099.0,488.0,0.0,334.0,2691.0,18.573777807179802,10148.322800000004,10166.896577807183,2004.0,47.0,21.0,228.0,144.0,30.0,27.0,0.0,72.0,3.0,135.0,18.0,0.0
212,29,3,1835.0,2136.0,458.0,0.0,300.0,2691.0,19.754183870629728,10476.845199999998,10496.599383870627,2004.0,47.0,21.0,228.0,144.0,30.0,27.0,0.0,72.0,3.0,135.0,18.0,0.0
212,30,3,1857.0,2094.0,489.0,0.0,326.0,2691.0,57.20177295539363,9518.131599999997,9575.33337295539,2004.0,47.0,21.0,228.0,144.0,30.0,27.0,0.0,72.0,3.0,135.0,18.0,0.0
212,31,3,1866.0,2069.0,519.0,0.0,281.0,2691.0,99.39024636719662,11686.726799999997,11786.117046367193,2004.0,47.0,21.0,228.0,144.0,30.0,27.0,0.0,72.0,3.0,135.0,18.0,0.0
212,32,3,1841.0,2126.0,464.0,0.0,296.0,2691.0,19.324018702319435,9951.663599999998,9970.987618702318,2004.0,47.0,21.0,228.0,144.0,30.0,27.0,0.0,72.0,3.0,135.0,18.0,0.0
212,33,3,1828.0,2141.0,441.0,0.0,279.0,2691.0,57.401831206670316,10321.735600000002,10379.137431206673,2004.0,47.0,21.0,228.0,144.0,30.0,27.0,0.0,72.0,3.0,135.0,18.0,0.0
212,34,3,1883.0,2125.0,468.0,0.0,291.0,2691.0,17.04194201343386,9974.041599999991,9991.083542013424,2004.0,47.0,21.0,228.0,144.0,30.0,27.0,0.0,72.0,3.0,135.0,18.0,0.0
212,35,3,1923.0,2110.0,464.0,0.0,310.0,2691.0,21.867266365177706,11457.869999999999,11479.737266365177,2004.0,47.0,21.0,228.0,144.0,30.0,27.0,0.0,72.0,3.0,135.0,18.0,0.0
212,36,4,1842.0,2081.0,499.0,0.0,317.0,2691.0,18.732813809321236,9867.4956,9886.228413809322,2004.0,47.0,21.0,228.0,144.0,30.0,27.0,0.0,72.0,3.0,135.0,18.0,0.0
212,37,4,1874.0,2076.0,510.0,0.0,304.0,2691.0,17.968459603447933,9996.486399999996,10014.454859603444,2004.0,47.0,21.0,228.0,144.0,30.0,27.0,0.0,72.0,3.0,135.0,18.0,0.0
212,38,4,1859.0,2107.0,477.0,0.0,308.0,2691.0,101.59409325551829,10517.192400000004,10618.78649325552,2004.0,47.0,21.0,228.0,144.0,30.0,27.0,0.0,72.0,3.0,135.0,18.0,0.0
212,39,4,1845.0,2116.0,463.0,0.0,281.0,2691.0,60.41289552853006,9662.8872,9723.300095528528,2004.0,47.0,21.0,228.0,144.0,30.0,27.0,0.0,72.0,3.0,135.0,18.0,0.0
212,40,4,1905.0,2118.0,469.0,0.0,328.0,2691.0,17.693076202556984,10251.328399999995,10269.021476202552,2004.0,47.0,21.0,228.0,144.0,30.0,27.0,0.0,72.0,3.0,135.0,18.0,0.0
212,41,4,1846.0,2094.0,482.0,0.0,353.0,2691.0,20.03574106408371,10251.2616,10271.297341064084,2004.0,47.0,21.0,228.0,144.0,30.0,27.0,0.0,72.0,3.0,135.0,18.0,0.0
212,42,4,1848.0,2101.0,475.0,0.0,275.0,2691.0,99.88340771571518,10472.837200000002,10572.720607715717,2004.0,47.0,21.0,228.0,144.0,30.0,27.0,0.0,72.0,3.0,135.0,18.0,0.0
212,43,4,1860.0,2111.0,469.0,0.0,294.0,2691.0,19.654511499815182,12191.333999999995,12210.98851149981,2004.0,47.0,21.0,228.0,144.0,30.0,27.0,0.0,72.0,3.0,135.0,18.0,0.0
212,44,4,1865.0,2119.0,466.0,0.0,299.0,2691.0,99.70606222474605,10741.707199999999,10841.413262224743,2004.0,47.0,21.0,228.0,144.0,30.0,27.0,0.0,72.0,3.0,135.0,18.0,0.0
212,45,4,1885.0,2111.0,465.0,0.0,319.0,2691.0,59.22382050570999,9362.754800000002,9421.978620505712,2004.0,47.0,21.0,228.0,144.0,30.0,27.0,0.0,72.0,3.0,135.0,18.0,0.0
212,46,4,1839.0,2105.0,474.0,0.0,319.0,2691.0,20.850492794148877,9650.996799999999,9671.847292794148,2004.0,47.0,21.0,228.0,144.0,30.0,27.0,0.0,72.0,3.0,135.0,18.0,0.0
212,47,4,1852.0,2129.0,456.0,0.0,330.0,2691.0,18.015793114500354,9468.365599999996,9486.381393114496,2004.0,47.0,21.0,228.0,144.0,30.0,27.0,0.0,72.0,3.0,135.0,18.0,0.0
212,48,5,1856.0,2110.0,465.0,0.0,324.0,2691.0,58.96328489452489,10465.889999999996,10524.853284894521,2004.0,47.0,21.0,228.0,144.0,30.0,27.0,0.0,72.0,3.0,135.0,18.0,0.0
212,49,5,1830.0,2133.0,447.0,0.0,311.0,2691.0,58.0857957694591,9685.1984,9743.284195769458,2004.0,47.0,21.0,228.0,144.0,30.0,27.0,0.0,72.0,3.0,135.0,18.0,0.0
212,50,5,1840.0,2127.0,465.0,0.0,328.0,2691.0,59.89100980802445,11398.3512,11458.242209808024,2004.0,47.0,21.0,228.0,144.0,30.0,27.0,0.0,72.0,3.0,135.0,18.0,0.0
212,51,5,1854.0,2082.0,484.0,0.0,328.0,2691.0,100.26807594033556,9855.070800000001,9955.338875940337,2004.0,47.0,21.0,228.0,144.0,30.0,27.0,0.0,72.0,3.0,135.0,18.0,0.0
212,52,5,1843.0,2104.0,488.0,0.0,312.0,2691.0,180.92432448418157,9758.077199999998,9939.001524484178,2004.0,47.0,21.0,228.0,144.0,30.0,27.0,0.0,72.0,3.0,135.0,18.0,0.0
212,53,5,1852.0,2109.0,481.0,0.0,333.0,2691.0,60.11946658641259,10499.490399999993,10559.609866586405,2004.0,47.0,21.0,228.0,144.0,30.0,27.0,0.0,72.0,3.0,135.0,18.0,0.0
212,54,5,1887.0,2103.0,477.0,0.0,353.0,2691.0,17.117570050051746,9804.903999999995,9822.021570050045,2004.0,47.0,21.0,228.0,144.0,30.0,27.0,0.0,72.0,3.0,135.0,18.0,0.0
212,55,5,1853.0,2075.0,508.0,0.0,321.0,2691.0,59.96408678702245,10594.212799999996,10654.176886787018,2004.0,47.0,21.0,228.0,144.0,30.0,27.0,0.0,72.0,3.0,135.0,18.0,0.0
212,56,5,1865.0,2103.0,486.0,0.0,263.0,2691.0,18.83212991114479,9696.354,9715.186129911144,2004.0,47.0,21.0,228.0,144.0,30.0,27.0,0.0,72.0,3.0,135.0,18.0,0.0
212,57,5,1854.0,2131.0,448.0,0.0,298.0,2691.0,60.20108592228708,9484.330800000003,9544.53188592229,2004.0,47.0,21.0,228.0,144.0,30.0,27.0,0.0,72.0,3.0,135.0,18.0,0.0
212,58,5,1855.0,2135.0,466.0,0.0,257.0,2691.0,17.74802745176936,9067.832800000002,9085.580827451771,2004.0,47.0,21.0,228.0,144.0,30.0,27.0,0.0,72.0,3.0,135.0,18.0,0.0
212,59,5,1911.0,2068.0,521.0,0.0,287.0,2691.0,19.89106020762334,10615.054399999994,10634.945460207617,2004.0,47.0,21.0,228.0,144.0,30.0,27.0,0.0,72.0,3.0,135.0,18.0,0.0
212,60,6,1844.0,2139.0,444.0,0.0,322.0,2691.0,57.76600470989068,10406.237600000004,10464.003604709895,2004.0,47.0,21.0,228.0,144.0,30.0,27.0,0.0,72.0,3.0,135.0,18.0,0.0
212,61,6,1848.0,2146.0,445.0,0.0,276.0,2691.0,57.90771898735223,9513.255200000003,9571.162918987355,2004.0,47.0,21.0,228.0,144.0,30.0,27.0,0.0,72.0,3.0,135.0,18.0,0.0
212,62,6,1847.0,2104.0,488.0,0.0,252.0,2691.0,140.0691261830951,10742.441999999995,10882.51112618309,2004.0,47.0,21.0,228.0,144.0,30.0,27.0,0.0,72.0,3.0,135.0,18.0,0.0
212,63,6,1867.0,2115.0,461.0,0.0,329.0,2691.0,58.889147973736016,10592.6096,10651.498747973736,2004.0,47.0,21.0,228.0,144.0,30.0,27.0,0.0,72.0,3.0,135.0,18.0,0.0
212,64,6,1834.0,2095.0,472.0,0.0,360.0,2691.0,101.2207694469233,10828.213199999997,10929.43396944692,2004.0,47.0,21.0,228.0,144.0,30.0,27.0,0.0,72.0,3.0,135.0,18.0,0.0
212,65,6,1826.0,2104.0,472.0,0.0,316.0,2691.0,58.82016956810166,11157.069599999997,11215.889769568099,2004.0,47.0,21.0,228.0,144.0,30.0,27.0,0.0,72.0,3.0,135.0,18.0,0.0
212,66,6,1824.0,2119.0,464.0,0.0,281.0,2691.0,61.09911312900808,10213.586399999997,10274.685513129005,2004.0,47.0,21.0,228.0,144.0,30.0,27.0,0.0,72.0,3.0,135.0,18.0,0.0
212,67,6,1865.0,2103.0,489.0,0.0,331.0,2691.0,19.09777740703296,10621.400399999999,10640.498177407031,2004.0,47.0,21.0,228.0,144.0,30.0,27.0,0.0,72.0,3.0,135.0,18.0,0.0
212,68,6,1867.0,2077.0,505.0,0.0,330.0,2691.0,100.67499463877553,10301.695599999995,10402.37059463877,2004.0,47.0,21.0,228.0,144.0,30.0,27.0,0.0,72.0,3.0,135.0,18.0,0.0
212,69,6,1885.0,2124.0,457.0,0.0,315.0,2691.0,99.03616292600799,10752.9964,10852.032562926008,2004.0,47.0,21.0,228.0,144.0,30.0,27.0,0.0,72.0,3.0,135.0,18.0,0.0
212,70,6,1838.0,2116.0,464.0,0.0,320.0,2691.0,58.633784900831316,10565.9564,10624.590184900831,2004.0,47.0,21.0,228.0,144.0,30.0,27.0,0.0,72.0,3.0,135.0,18.0,0.0
212,71,6,1776.0,2121.0,467.0,0.0,275.0,2691.0,99.52349363666832,9466.094400000002,9565.617893636669,2004.0,47.0,21.0,228.0,144.0,30.0,27.0,0.0,72.0,3.0,135.0,18.0,0.0
212,72,7,1854.0,2065.0,498.0,0.0,356.0,2691.0,18.3063850033894,10075.109999999995,10093.416385003384,2004.0,47.0,21.0,228.0,144.0,30.0,27.0,0.0,72.0,3.0,135.0,18.0,0.0
212,73,7,1844.0,2127.0,458.0,0.0,348.0,2691.0,20.660857557897746,10321.802399999997,10342.463257557894,2004.0,47.0,21.0,228.0,144.0,30.0,27.0,0.0,72.0,3.0,135.0,18.0,0.0
212,74,7,1896.0,2093.0,478.0,0.0,308.0,2691.0,59.055561394943076,9516.728799999997,9575.78436139494,2004.0,47.0,21.0,228.0,144.0,30.0,27.0,0.0,72.0,3.0,135.0,18.0,0.0
212,75,7,1872.0,2094.0,483.0,0.0,295.0,2691.0,58.45138453891767,10821.1992,10879.650584538917,2004.0,47.0,21.0,228.0,144.0,30.0,27.0,0.0,72.0,3.0,135.0,18.0,0.0
212,76,7,1863.0,2128.0,456.0,0.0,307.0,2691.0,17.59475659582148,9624.6776,9642.272356595822,2004.0,47.0,21.0,228.0,144.0,30.0,27.0,0.0,72.0,3.0,135.0,18.0,0.0
212,77,7,1840.0,2092.0,486.0,0.0,305.0,2691.0,60.33664731615275,10373.438799999996,10433.77544731615,2004.0,47.0,21.0,228.0,144.0,30.0,27.0,0.0,72.0,3.0,135.0,18.0,0.0
212,78,7,1844.0,2154.0,437.0,0.0,308.0,2691.0,19.01181660225668,10438.568800000006,10457.580616602263,2004.0,47.0,21.0,228.0,144.0,30.0,27.0,0.0,72.0,3.0,135.0,18.0,0.0
212,79,7,1856.0,2107.0,463.0,0.0,301.0,2691.0,141.9289246921759,10895.547600000002,11037.476524692178,2004.0,47.0,21.0,228.0,144.0,30.0,27.0,0.0,72.0,3.0,135.0,18.0,0.0
212,80,7,1885.0,2121.0,473.0,0.0,302.0,2691.0,98.88914595077196,9612.386400000001,9711.275545950773,2004.0,47.0,21.0,228.0,144.0,30.0,27.0,0.0,72.0,3.0,135.0,18.0,0.0
212,81,7,1880.0,2070.0,490.0,0.0,350.0,2691.0,60.72898013131223,10107.174000000003,10167.902980131315,2004.0,47.0,21.0,228.0,144.0,30.0,27.0,0.0,72.0,3.0,135.0,18.0,0.0
212,82,7,1837.0,2104.0,470.0,0.0,291.0,2691.0,101.69078311520431,10427.145999999995,10528.836783115199,2004.0,47.0,21.0,228.0,144.0,30.0,27.0,0.0,72.0,3.0,135.0,18.0,0.0
212,83,7,1844.0,2131.0,453.0,0.0,329.0,2691.0,57.696204365547075,9526.0808,9583.777004365547,2004.0,47.0,21.0,228.0,144.0,30.0,27.0,0.0,72.0,3.0,135.0,18.0,0.0
212,84,8,1859.0,2098.0,485.0,0.0,276.0,2691.0,18.003848216259197,10449.657599999995,10467.661448216255,2004.0,47.0,21.0,228.0,144.0,30.0,27.0,0.0,72.0,3.0,135.0,18.0,0.0
212,85,8,1852.0,2094.0,479.0,0.0,310.0,2691.0,19.676427548609723,11391.604399999997,11411.280827548608,2004.0,47.0,21.0,228.0,144.0,30.0,27.0,0.0,72.0,3.0,135.0,18.0,0.0
212,86,8,1865.0,2107.0,480.0,0.0,304.0,2691.0,99.7468161252928,9225.547600000002,9325.294416125296,2004.0,47.0,21.0,228.0,144.0,30.0,27.0,0.0,72.0,3.0,135.0,18.0,0.0
212,87,8,1840.0,2058.0,501.0,0.0,342.0,2691.0,61.33689822004311,10936.228799999997,10997.56569822004,2004.0,47.0,21.0,228.0,144.0,30.0,27.0,0.0,72.0,3.0,135.0,18.0,0.0
212,88,8,1829.0,2143.0,452.0,0.0,338.0,2691.0,60.98861343480685,10375.175599999995,10436.164213434802,2004.0,47.0,21.0,228.0,144.0,30.0,27.0,0.0,72.0,3.0,135.0,18.0,0.0
212,89,8,1841.0,2124.0,463.0,0.0,348.0,2691.0,99.15669736499805,9287.4712,9386.627897364999,2004.0,47.0,21.0,228.0,144.0,30.0,27.0,0.0,72.0,3.0,135.0,18.0,0.0
212,90,8,1812.0,2128.0,448.0,0.0,288.0,2691.0,59.50482578279105,10318.328800000003,10377.833625782794,2004.0,47.0,21.0,228.0,144.0,30.0,27.0,0.0,72.0,3.0,135.0,18.0,0.0
212,91,8,1855.0,2079.0,506.0,0.0,337.0,2691.0,57.338316317873605,9541.1108,9598.449116317875,2004.0,47.0,21.0,228.0,144.0,30.0,27.0,0.0,72.0,3.0,135.0,18.0,0.0
212,92,8,1854.0,2093.0,497.0,0.0,315.0,2691.0,18.95222901337772,10571.1668,10590.119029013378,2004.0,47.0,21.0,228.0,144.0,30.0,27.0,0.0,72.0,3.0,135.0,18.0,0.0
212,93,8,1870.0,2091.0,486.0,0.0,311.0,2691.0,58.113468047041195,10192.344,10250.45746804704,2004.0,47.0,21.0,228.0,144.0,30.0,27.0,0.0,72.0,3.0,135.0,18.0,0.0
212,94,8,1887.0,2105.0,476.0,0.0,270.0,2691.0,141.77459943587542,8409.986400000002,8551.760999435877,2004.0,47.0,21.0,228.0,144.0,30.0,27.0,0.0,72.0,3.0,135.0,18.0,0.0
212,95,8,1865.0,2089.0,475.0,0.0,342.0,2691.0,59.54769106546344,10443.311600000005,10502.85929106547,2004.0,47.0,21.0,228.0,144.0,30.0,27.0,0.0,72.0,3.0,135.0,18.0,0.0
212,96,9,1843.0,2073.0,477.0,0.0,320.0,2691.0,100.37034879837907,9125.681600000002,9226.05194879838,2004.0,47.0,21.0,228.0,144.0,30.0,27.0,0.0,72.0,3.0,135.0,18.0,0.0
212,97,9,1840.0,2125.0,450.0,0.0,320.0,2691.0,61.34729364030544,9772.773199999996,9834.120493640301,2004.0,47.0,21.0,228.0,144.0,30.0,27.0,0.0,72.0,3.0,135.0,18.0,0.0
212,98,9,1894.0,2095.0,493.0,0.0,299.0,2691.0,60.54856334592095,12076.037199999993,12136.585763345915,2004.0,47.0,21.0,228.0,144.0,30.0,27.0,0.0,72.0,3.0,135.0,18.0,0.0
212,99,9,1862.0,2139.0,455.0,0.0,293.0,2691.0,59.8395842459696,10594.346399999995,10654.185984245965,2004.0,47.0,21.0,228.0,144.0,30.0,27.0,0.0,72.0,3.0,135.0,18.0,0.0
212,100,9,1843.0,2112.0,454.0,0.0,358.0,2691.0,100.48417010355722,10952.060399999998,11052.544570103557,2004.0,47.0,21.0,228.0,144.0,30.0,27.0,0.0,72.0,3.0,135.0,18.0,0.0
212,101,9,1834.0,2077.0,522.0,0.0,299.0,2691.0,60.827907137682615,9249.395200000003,9310.223107137685,2004.0,47.0,21.0,228.0,144.0,30.0,27.0,0.0,72.0,3.0,135.0,18.0,0.0
212,102,9,1832.0,2117.0,463.0,0.0,324.0,2691.0,59.57897121513422,10936.161999999995,10995.740971215131,2004.0,47.0,21.0,228.0,144.0,30.0,27.0,0.0,72.0,3.0,135.0,18.0,0.0
212,103,9,1847.0,2121.0,469.0,0.0,314.0,2691.0,18.93173438205246,10211.983199999997,10230.91493438205,2004.0,47.0,21.0,228.0,144.0,30.0,27.0,0.0,72.0,3.0,135.0,18.0,0.0
212,104,9,1796.0,2133.0,461.0,0.0,323.0,2691.0,19.156021379620363,9524.1436,9543.29962137962,2004.0,47.0,21.0,228.0,144.0,30.0,27.0,0.0,72.0,3.0,135.0,18.0,0.0
212,105,9,1842.0,2145.0,442.0,0.0,340.0,2691.0,141.4967271446518,10863.683999999997,11005.180727144649,2004.0,47.0,21.0,228.0,144.0,30.0,27.0,0.0,72.0,3.0,135.0,18.0,0.0
212,106,9,1858.0,2111.0,483.0,0.0,342.0,2691.0,140.22436871125805,10811.112399999995,10951.336768711253,2004.0,47.0,21.0,228.0,144.0,30.0,27.0,0.0,72.0,3.0,135.0,18.0,0.0
212,107,9,1793.0,2145.0,447.0,0.0,320.0,2691.0,58.87191627887698,10679.048800000006,10737.920716278883,2004.0,47.0,21.0,228.0,144.0,30.0,27.0,0.0,72.0,3.0,135.0,18.0,0.0
212,108,10,1848.0,2127.0,458.0,0.0,305.0,2691.0,18.516050785432377,9022.609200000008,9041.12525078544,2004.0,47.0,21.0,228.0,144.0,30.0,27.0,0.0,72.0,3.0,135.0,18.0,0.0
212,109,10,1828.0,2089.0,500.0,0.0,285.0,2691.0,20.284846567816263,9763.554799999994,9783.83964656781,2004.0,47.0,21.0,228.0,144.0,30.0,27.0,0.0,72.0,3.0,135.0,18.0,0.0
212,110,10,1820.0,2070.0,500.0,0.0,261.0,2691.0,60.73352769106391,11157.269999999993,11218.003527691057,2004.0,47.0,21.0,228.0,144.0,30.0,27.0,0.0,72.0,3.0,135.0,18.0,0.0
212,111,10,1843.0,2107.0,476.0,0.0,345.0,2691.0,20.481385966788622,10003.433599999993,10023.914985966781,2004.0,47.0,21.0,228.0,144.0,30.0,27.0,0.0,72.0,3.0,135.0,18.0,0.0
212,112,10,1855.0,2096.0,487.0,0.0,298.0,2691.0,58.10894089817604,9896.219599999997,9954.328540898172,2004.0,47.0,21.0,228.0,144.0,30.0,27.0,0.0,72.0,3.0,135.0,18.0,0.0
212,113,10,1867.0,2114.0,464.0,0.0,333.0,2691.0,19.849577911107207,10048.790800000002,10068.64037791111,2004.0,47.0,21.0,228.0,144.0,30.0,27.0,0.0,72.0,3.0,135.0,18.0,0.0
212,114,10,1845.0,2122.0,463.0,0.0,328.0,2691.0,18.930584578589304,10601.761199999999,10620.691784578588,2004.0,47.0,21.0,228.0,144.0,30.0,27.0,0.0,72.0,3.0,135.0,18.0,0.0
212,115,10,1794.0,2100.0,488.0,0.0,304.0,2691.0,59.35066805613927,10517.1256,10576.47626805614,2004.0,47.0,21.0,228.0,144.0,30.0,27.0,0.0,72.0,3.0,135.0,18.0,0.0
212,116,10,1856.0,2135.0,448.0,0.0,329.0,2691.0,17.849783956873644,11774.034399999993,11791.884183956867,2004.0,47.0,21.0,228.0,144.0,30.0,27.0,0.0,72.0,3.0,135.0,18.0,0.0
212,117,10,1848.0,2098.0,483.0,0.0,292.0,2691.0,20.37084031338707,9699.493599999996,9719.864440313384,2004.0,47.0,21.0,228.0,144.0,30.0,27.0,0.0,72.0,3.0,135.0,18.0,0.0
212,118,10,1824.0,2127.0,471.0,0.0,307.0,2691.0,20.21907771149989,11264.41719999999,11284.63627771149,2004.0,47.0,21.0,228.0,144.0,30.0,27.0,0.0,72.0,3.0,135.0,18.0,0.0
212,119,10,1870.0,2104.0,480.0,0.0,300.0,2691.0,20.899299961479326,10923.803999999993,10944.703299961473,2004.0,47.0,21.0,228.0,144.0,30.0,27.0,0.0,72.0,3.0,135.0,18.0,0.0
213,0,1,1836.0,2129.0,451.0,0.0,323.0,2691.0,16.460662460184857,10602.295599999998,10618.756262460181,2004.0,47.0,21.0,228.0,144.0,30.0,27.0,0.0,72.0,3.0,135.0,18.0,0.0
213,1,1,1866.0,2110.0,463.0,0.0,303.0,2691.0,58.89525908536308,8734.767999999996,8793.66325908536,2004.0,47.0,21.0,228.0,144.0,30.0,27.0,0.0,72.0,3.0,135.0,18.0,0.0
213,2,1,1902.0,2088.0,472.0,0.0,320.0,2691.0,18.30601276044287,9476.3148,9494.620812760442,2004.0,47.0,21.0,228.0,144.0,30.0,27.0,0.0,72.0,3.0,135.0,18.0,0.0
213,3,1,1895.0,2098.0,487.0,0.0,290.0,2691.0,59.9397826750271,10127.414399999992,10187.354182675019,2004.0,47.0,21.0,228.0,144.0,30.0,27.0,0.0,72.0,3.0,135.0,18.0,0.0
213,4,1,1848.0,2124.0,446.0,0.0,306.0,2691.0,18.331801158361884,10425.943599999997,10444.275401158358,2004.0,47.0,21.0,228.0,144.0,30.0,27.0,0.0,72.0,3.0,135.0,18.0,0.0
213,5,1,1832.0,2112.0,463.0,0.0,339.0,2691.0,58.25727644909473,8917.265599999993,8975.52287644909,2004.0,47.0,21.0,228.0,144.0,30.0,27.0,0.0,72.0,3.0,135.0,18.0,0.0
213,6,1,1818.0,2090.0,504.0,0.0,324.0,2691.0,98.23713051903117,10206.438799999996,10304.675930519028,2004.0,47.0,21.0,228.0,144.0,30.0,27.0,0.0,72.0,3.0,135.0,18.0,0.0
213,7,1,1872.0,2078.0,506.0,0.0,272.0,2691.0,18.58301560019516,10184.19439999999,10202.777415600185,2004.0,47.0,21.0,228.0,144.0,30.0,27.0,0.0,72.0,3.0,135.0,18.0,0.0
213,8,1,1902.0,2062.0,512.0,0.0,329.0,2691.0,18.718504320869656,10218.99719999999,10237.71570432086,2004.0,47.0,21.0,228.0,144.0,30.0,27.0,0.0,72.0,3.0,135.0,18.0,0.0
213,9,1,1849.0,2128.0,450.0,0.0,314.0,2691.0,18.845485948497434,10198.89039999999,10217.735885948487,2004.0,47.0,21.0,228.0,144.0,30.0,27.0,0.0,72.0,3.0,135.0,18.0,0.0
213,10,1,1868.0,2080.0,507.0,0.0,308.0,2691.0,18.765791129873577,9281.392399999999,9300.15819112987,2004.0,47.0,21.0,228.0,144.0,30.0,27.0,0.0,72.0,3.0,135.0,18.0,0.0
213,11,1,1901.0,2096.0,478.0,0.0,320.0,2691.0,57.29972769559352,8270.508000000002,8327.807727695596,2004.0,47.0,21.0,228.0,144.0,30.0,27.0,0.0,72.0,3.0,135.0,18.0,0.0
213,12,2,1881.0,2133.0,465.0,0.0,253.0,2691.0,98.51206679952541,9630.155200000001,9728.667266799524,2004.0,47.0,21.0,228.0,144.0,30.0,27.0,0.0,72.0,3.0,135.0,18.0,0.0
213,13,2,1901.0,2064.0,520.0,0.0,344.0,2691.0,99.50684926105843,10205.770799999998,10305.277649261057,2004.0,47.0,21.0,228.0,144.0,30.0,27.0,0.0,72.0,3.0,135.0,18.0,0.0
213,14,2,1800.0,2081.0,502.0,0.0,315.0,2691.0,17.894643882146486,10128.282799999994,10146.177443882141,2004.0,47.0,21.0,228.0,144.0,30.0,27.0,0.0,72.0,3.0,135.0,18.0,0.0
213,15,2,1882.0,2118.0,444.0,0.0,304.0,2691.0,16.771917979663655,9463.021599999998,9479.793517979662,2004.0,47.0,21.0,228.0,144.0,30.0,27.0,0.0,72.0,3.0,135.0,18.0,0.0
213,16,2,1838.0,2076.0,510.0,0.0,325.0,2691.0,58.75170574867364,10853.797599999998,10912.549305748671,2004.0,47.0,21.0,228.0,144.0,30.0,27.0,0.0,72.0,3.0,135.0,18.0,0.0
213,17,2,1865.0,2096.0,488.0,0.0,272.0,2691.0,101.10165490121797,11246.113999999994,11347.215654901212,2004.0,47.0,21.0,228.0,144.0,30.0,27.0,0.0,72.0,3.0,135.0,18.0,0.0
213,18,2,1861.0,2132.0,445.0,0.0,315.0,2691.0,99.04389139508669,10084.862799999997,10183.906691395085,2004.0,47.0,21.0,228.0,144.0,30.0,27.0,0.0,72.0,3.0,135.0,18.0,0.0
213,19,2,1828.0,2114.0,462.0,0.0,313.0,2691.0,18.656973341718494,9627.149200000003,9645.806173341722,2004.0,47.0,21.0,228.0,144.0,30.0,27.0,0.0,72.0,3.0,135.0,18.0,0.0
213,20,2,1867.0,2083.0,512.0,0.0,312.0,2691.0,97.78540055938754,10704.766799999994,10802.552200559381,2004.0,47.0,21.0,228.0,144.0,30.0,27.0,0.0,72.0,3.0,135.0,18.0,0.0
213,21,2,1851.0,2087.0,482.0,0.0,257.0,2691.0,17.967521097569595,8707.9144,8725.881921097569,2004.0,47.0,21.0,228.0,144.0,30.0,27.0,0.0,72.0,3.0,135.0,18.0,0.0
213,22,2,1844.0,2072.0,509.0,0.0,301.0,2691.0,60.03016227294289,9294.35159999999,9354.381762272933,2004.0,47.0,21.0,228.0,144.0,30.0,27.0,0.0,72.0,3.0,135.0,18.0,0.0
213,23,2,1849.0,2089.0,503.0,0.0,269.0,2691.0,16.878183630357128,9033.764799999997,9050.642983630356,2004.0,47.0,21.0,228.0,144.0,30.0,27.0,0.0,72.0,3.0,135.0,18.0,0.0
213,24,3,1888.0,2094.0,500.0,0.0,311.0,2691.0,19.000862629011014,10150.393599999996,10169.394462629007,2004.0,47.0,21.0,228.0,144.0,30.0,27.0,0.0,72.0,3.0,135.0,18.0,0.0
213,25,3,1837.0,2149.0,446.0,0.0,277.0,2691.0,57.498483080620176,9746.988399999993,9804.486883080614,2004.0,47.0,21.0,228.0,144.0,30.0,27.0,0.0,72.0,3.0,135.0,18.0,0.0
213,26,3,1850.0,2133.0,462.0,0.0,309.0,2691.0,58.04141242499317,10512.783599999999,10570.825012424992,2004.0,47.0,21.0,228.0,144.0,30.0,27.0,0.0,72.0,3.0,135.0,18.0,0.0
213,27,3,1836.0,2092.0,495.0,0.0,332.0,2691.0,17.34649717368831,9721.938400000003,9739.28489717369,2004.0,47.0,21.0,228.0,144.0,30.0,27.0,0.0,72.0,3.0,135.0,18.0,0.0
213,28,3,1835.0,2128.0,468.0,0.0,286.0,2691.0,18.864683611139508,9812.318799999997,9831.183483611136,2004.0,47.0,21.0,228.0,144.0,30.0,27.0,0.0,72.0,3.0,135.0,18.0,0.0
213,29,3,1857.0,2094.0,490.0,0.0,316.0,2691.0,57.20371216974078,9091.680399999997,9148.884112169739,2004.0,47.0,21.0,228.0,144.0,30.0,27.0,0.0,72.0,3.0,135.0,18.0,0.0
213,30,3,1866.0,2060.0,529.0,0.0,264.0,2691.0,98.27635639358897,10841.439599999996,10939.715956393584,2004.0,47.0,21.0,228.0,144.0,30.0,27.0,0.0,72.0,3.0,135.0,18.0,0.0
213,31,3,1841.0,2123.0,466.0,0.0,277.0,2691.0,18.177657444885714,9152.535199999997,9170.712857444883,2004.0,47.0,21.0,228.0,144.0,30.0,27.0,0.0,72.0,3.0,135.0,18.0,0.0
213,32,3,1828.0,2131.0,451.0,0.0,264.0,2691.0,97.23005384030597,9696.4876,9793.717653840306,2004.0,47.0,21.0,228.0,144.0,30.0,27.0,0.0,72.0,3.0,135.0,18.0,0.0
213,33,3,1883.0,2121.0,472.0,0.0,282.0,2691.0,17.00563185735143,9667.362799999992,9684.368431857343,2004.0,47.0,21.0,228.0,144.0,30.0,27.0,0.0,72.0,3.0,135.0,18.0,0.0
213,34,3,1923.0,2103.0,471.0,0.0,291.0,2691.0,21.103959148495406,11092.340399999997,11113.444359148492,2004.0,47.0,21.0,228.0,144.0,30.0,27.0,0.0,72.0,3.0,135.0,18.0,0.0
213,35,3,1842.0,2079.0,501.0,0.0,304.0,2691.0,17.460282387004284,9520.001999999997,9537.462282387003,2004.0,47.0,21.0,228.0,144.0,30.0,27.0,0.0,72.0,3.0,135.0,18.0,0.0
213,36,4,1874.0,2069.0,517.0,0.0,298.0,2691.0,17.610393358878273,9599.694399999995,9617.304793358873,2004.0,47.0,21.0,228.0,144.0,30.0,27.0,0.0,72.0,3.0,135.0,18.0,0.0
213,37,4,1859.0,2092.0,492.0,0.0,294.0,2691.0,60.76207905780062,10182.7916,10243.5536790578,2004.0,47.0,21.0,228.0,144.0,30.0,27.0,0.0,72.0,3.0,135.0,18.0,0.0
213,38,4,1845.0,2099.0,480.0,0.0,285.0,2691.0,141.0382938895117,9437.4372,9578.475493889511,2004.0,47.0,21.0,228.0,144.0,30.0,27.0,0.0,72.0,3.0,135.0,18.0,0.0
213,39,4,1905.0,2111.0,476.0,0.0,314.0,2691.0,16.87215389959907,9562.954399999995,9579.826553899595,2004.0,47.0,21.0,228.0,144.0,30.0,27.0,0.0,72.0,3.0,135.0,18.0,0.0
213,40,4,1846.0,2087.0,489.0,0.0,346.0,2691.0,19.467154460959755,9778.718400000002,9798.18555446096,2004.0,47.0,21.0,228.0,144.0,30.0,27.0,0.0,72.0,3.0,135.0,18.0,0.0
213,41,4,1848.0,2099.0,477.0,0.0,259.0,2691.0,99.22414648956581,10127.1472,10226.371346489566,2004.0,47.0,21.0,228.0,144.0,30.0,27.0,0.0,72.0,3.0,135.0,18.0,0.0
213,42,4,1860.0,2113.0,467.0,0.0,287.0,2691.0,19.090478069082444,11635.958799999991,11655.049278069075,2004.0,47.0,21.0,228.0,144.0,30.0,27.0,0.0,72.0,3.0,135.0,18.0,0.0
213,43,4,1865.0,2117.0,468.0,0.0,283.0,2691.0,99.23218466669374,10133.225999999995,10232.45818466669,2004.0,47.0,21.0,228.0,144.0,30.0,27.0,0.0,72.0,3.0,135.0,18.0,0.0
213,44,4,1885.0,2103.0,474.0,0.0,309.0,2691.0,58.5329514040144,9188.8744,9247.407351404014,2004.0,47.0,21.0,228.0,144.0,30.0,27.0,0.0,72.0,3.0,135.0,18.0,0.0
213,45,4,1839.0,2095.0,484.0,0.0,311.0,2691.0,20.33498690387212,9066.630399999998,9086.96538690387,2004.0,47.0,21.0,228.0,144.0,30.0,27.0,0.0,72.0,3.0,135.0,18.0,0.0
213,46,4,1852.0,2115.0,472.0,0.0,318.0,2691.0,17.66674282327665,9497.82439999999,9515.491142823266,2004.0,47.0,21.0,228.0,144.0,30.0,27.0,0.0,72.0,3.0,135.0,18.0,0.0
213,47,4,1856.0,2097.0,479.0,0.0,314.0,2691.0,18.185002118103945,10222.403999999995,10240.589002118099,2004.0,47.0,21.0,228.0,144.0,30.0,27.0,0.0,72.0,3.0,135.0,18.0,0.0
213,48,5,1830.0,2127.0,453.0,0.0,292.0,2691.0,57.36593268935112,9110.451199999996,9167.817132689348,2004.0,47.0,21.0,228.0,144.0,30.0,27.0,0.0,72.0,3.0,135.0,18.0,0.0
213,49,5,1840.0,2111.0,481.0,0.0,326.0,2691.0,17.94618984421505,8894.954400000004,8912.90058984422,2004.0,47.0,21.0,228.0,144.0,30.0,27.0,0.0,72.0,3.0,135.0,18.0,0.0
213,50,5,1854.0,2075.0,491.0,0.0,302.0,2691.0,100.52926771021647,9081.727200000001,9182.256467710216,2004.0,47.0,21.0,228.0,144.0,30.0,27.0,0.0,72.0,3.0,135.0,18.0,0.0
213,51,5,1843.0,2104.0,488.0,0.0,298.0,2691.0,139.48750376773557,9401.966399999996,9541.453903767731,2004.0,47.0,21.0,228.0,144.0,30.0,27.0,0.0,72.0,3.0,135.0,18.0,0.0
213,52,5,1852.0,2102.0,490.0,0.0,322.0,2691.0,59.080557984567115,9752.198799999995,9811.279357984562,2004.0,47.0,21.0,228.0,144.0,30.0,27.0,0.0,72.0,3.0,135.0,18.0,0.0
213,53,5,1887.0,2085.0,495.0,0.0,338.0,2691.0,17.452003732986036,10164.421599999996,10181.873603732982,2004.0,47.0,21.0,228.0,144.0,30.0,27.0,0.0,72.0,3.0,135.0,18.0,0.0
213,54,5,1853.0,2069.0,512.0,0.0,314.0,2691.0,99.7501035473434,10175.710799999993,10275.460903547337,2004.0,47.0,21.0,228.0,144.0,30.0,27.0,0.0,72.0,3.0,135.0,18.0,0.0
213,55,5,1865.0,2102.0,488.0,0.0,253.0,2691.0,18.88643123896442,9497.891199999998,9516.777631238963,2004.0,47.0,21.0,228.0,144.0,30.0,27.0,0.0,72.0,3.0,135.0,18.0,0.0
213,56,5,1854.0,2121.0,458.0,0.0,289.0,2691.0,18.016879967762648,9468.031600000002,9486.048479967765,2004.0,47.0,21.0,228.0,144.0,30.0,27.0,0.0,72.0,3.0,135.0,18.0,0.0
213,57,5,1855.0,2130.0,471.0,0.0,255.0,2691.0,17.276396212109407,8983.063600000001,9000.339996212111,2004.0,47.0,21.0,228.0,144.0,30.0,27.0,0.0,72.0,3.0,135.0,18.0,0.0
213,58,5,1911.0,2057.0,532.0,0.0,273.0,2691.0,18.885095311678498,9915.725199999995,9934.610295311673,2004.0,47.0,21.0,228.0,144.0,30.0,27.0,0.0,72.0,3.0,135.0,18.0,0.0
213,59,5,1844.0,2115.0,467.0,0.0,325.0,2691.0,98.64334667415073,9412.788000000002,9511.431346674153,2004.0,47.0,21.0,228.0,144.0,30.0,27.0,0.0,72.0,3.0,135.0,18.0,0.0
213,60,6,1848.0,2137.0,454.0,0.0,268.0,2691.0,17.69703300891623,9058.614400000004,9076.311433008921,2004.0,47.0,21.0,228.0,144.0,30.0,27.0,0.0,72.0,3.0,135.0,18.0,0.0
213,61,6,1847.0,2118.0,476.0,0.0,244.0,2691.0,98.94535839978113,10730.751999999993,10829.697358399773,2004.0,47.0,21.0,228.0,144.0,30.0,27.0,0.0,72.0,3.0,135.0,18.0,0.0
213,62,6,1867.0,2104.0,473.0,0.0,315.0,2691.0,57.90450336720108,9838.036799999998,9895.941303367197,2004.0,47.0,21.0,228.0,144.0,30.0,27.0,0.0,72.0,3.0,135.0,18.0,0.0
213,63,6,1834.0,2090.0,477.0,0.0,349.0,2691.0,100.93885568248642,10394.280399999996,10495.219255682483,2004.0,47.0,21.0,228.0,144.0,30.0,27.0,0.0,72.0,3.0,135.0,18.0,0.0
213,64,6,1826.0,2093.0,482.0,0.0,307.0,2691.0,57.8190151301221,10493.077599999995,10550.896615130117,2004.0,47.0,21.0,228.0,144.0,30.0,27.0,0.0,72.0,3.0,135.0,18.0,0.0
213,65,6,1824.0,2111.0,472.0,0.0,271.0,2691.0,59.67854462410424,9850.862399999998,9910.540944624103,2004.0,47.0,21.0,228.0,144.0,30.0,27.0,0.0,72.0,3.0,135.0,18.0,0.0
213,66,6,1865.0,2102.0,491.0,0.0,312.0,2691.0,18.11128159618941,10045.985199999997,10064.096481596187,2004.0,47.0,21.0,228.0,144.0,30.0,27.0,0.0,72.0,3.0,135.0,18.0,0.0
213,67,6,1867.0,2067.0,515.0,0.0,315.0,2691.0,99.56955473281445,9960.748399999997,10060.317954732809,2004.0,47.0,21.0,228.0,144.0,30.0,27.0,0.0,72.0,3.0,135.0,18.0,0.0
213,68,6,1885.0,2118.0,463.0,0.0,304.0,2691.0,98.34099959802646,10423.004399999998,10521.345399598024,2004.0,47.0,21.0,228.0,144.0,30.0,27.0,0.0,72.0,3.0,135.0,18.0,0.0
213,69,6,1838.0,2109.0,471.0,0.0,306.0,2691.0,17.647968916566736,10182.4576,10200.105568916568,2004.0,47.0,21.0,228.0,144.0,30.0,27.0,0.0,72.0,3.0,135.0,18.0,0.0
213,70,6,1776.0,2115.0,473.0,0.0,264.0,2691.0,98.4749014678014,8997.7596,9096.234501467801,2004.0,47.0,21.0,228.0,144.0,30.0,27.0,0.0,72.0,3.0,135.0,18.0,0.0
213,71,6,1854.0,2064.0,500.0,0.0,348.0,2691.0,18.160118539429348,9806.440399999996,9824.600518539426,2004.0,47.0,21.0,228.0,144.0,30.0,27.0,0.0,72.0,3.0,135.0,18.0,0.0
213,72,7,1844.0,2114.0,471.0,0.0,333.0,2691.0,19.98879970249181,9749.994399999998,9769.98319970249,2004.0,47.0,21.0,228.0,144.0,30.0,27.0,0.0,72.0,3.0,135.0,18.0,0.0
213,73,7,1896.0,2079.0,492.0,0.0,296.0,2691.0,57.766697617040045,8901.500799999996,8959.267497617038,2004.0,47.0,21.0,228.0,144.0,30.0,27.0,0.0,72.0,3.0,135.0,18.0,0.0
213,74,7,1872.0,2097.0,480.0,0.0,290.0,2691.0,58.57877781512492,10558.541600000002,10617.120377815128,2004.0,47.0,21.0,228.0,144.0,30.0,27.0,0.0,72.0,3.0,135.0,18.0,0.0
213,75,7,1863.0,2119.0,465.0,0.0,300.0,2691.0,17.310252299357337,9479.1872,9496.497452299358,2004.0,47.0,21.0,228.0,144.0,30.0,27.0,0.0,72.0,3.0,135.0,18.0,0.0
213,76,7,1840.0,2086.0,493.0,0.0,300.0,2691.0,18.442336910546594,10355.269199999995,10373.711536910543,2004.0,47.0,21.0,228.0,144.0,30.0,27.0,0.0,72.0,3.0,135.0,18.0,0.0
213,77,7,1844.0,2143.0,449.0,0.0,300.0,2691.0,18.394921854428247,9776.781200000005,9795.176121854432,2004.0,47.0,21.0,228.0,144.0,30.0,27.0,0.0,72.0,3.0,135.0,18.0,0.0
213,78,7,1856.0,2114.0,455.0,0.0,299.0,2691.0,139.2889771737101,11355.532399999991,11494.821377173701,2004.0,47.0,21.0,228.0,144.0,30.0,27.0,0.0,72.0,3.0,135.0,18.0,0.0
213,79,7,1885.0,2112.0,484.0,0.0,285.0,2691.0,97.92593060700919,9472.306799999997,9570.232730607006,2004.0,47.0,21.0,228.0,144.0,30.0,27.0,0.0,72.0,3.0,135.0,18.0,0.0
213,80,7,1880.0,2064.0,496.0,0.0,331.0,2691.0,99.60913203216582,9722.205600000001,9821.814732032168,2004.0,47.0,21.0,228.0,144.0,30.0,27.0,0.0,72.0,3.0,135.0,18.0,0.0
213,81,7,1837.0,2098.0,476.0,0.0,277.0,2691.0,100.74160035523295,10226.946399999992,10327.688000355225,2004.0,47.0,21.0,228.0,144.0,30.0,27.0,0.0,72.0,3.0,135.0,18.0,0.0
213,82,7,1844.0,2125.0,459.0,0.0,318.0,2691.0,57.38634950067579,9378.920399999997,9436.306749500673,2004.0,47.0,21.0,228.0,144.0,30.0,27.0,0.0,72.0,3.0,135.0,18.0,0.0
213,83,7,1859.0,2092.0,492.0,0.0,264.0,2691.0,17.093287407754204,10132.825199999992,10149.918487407747,2004.0,47.0,21.0,228.0,144.0,30.0,27.0,0.0,72.0,3.0,135.0,18.0,0.0
213,84,8,1852.0,2082.0,493.0,0.0,298.0,2691.0,18.05643131634973,10208.709999999995,10226.766431316346,2004.0,47.0,21.0,228.0,144.0,30.0,27.0,0.0,72.0,3.0,135.0,18.0,0.0
213,85,8,1865.0,2105.0,482.0,0.0,299.0,2691.0,58.68826538599632,8463.827200000005,8522.515465386,2004.0,47.0,21.0,228.0,144.0,30.0,27.0,0.0,72.0,3.0,135.0,18.0,0.0
213,86,8,1840.0,2055.0,503.0,0.0,332.0,2691.0,60.2108747479942,10515.856399999997,10576.06727474799,2004.0,47.0,21.0,228.0,144.0,30.0,27.0,0.0,72.0,3.0,135.0,18.0,0.0
213,87,8,1829.0,2130.0,465.0,0.0,321.0,2691.0,61.001660997836254,10180.987999999988,10241.989660997826,2004.0,47.0,21.0,228.0,144.0,30.0,27.0,0.0,72.0,3.0,135.0,18.0,0.0
213,88,8,1841.0,2118.0,469.0,0.0,340.0,2691.0,57.976357839073415,8934.4332,8992.409557839073,2004.0,47.0,21.0,228.0,144.0,30.0,27.0,0.0,72.0,3.0,135.0,18.0,0.0
213,89,8,1812.0,2121.0,454.0,0.0,280.0,2691.0,58.34329821971585,10222.070000000002,10280.413298219717,2004.0,47.0,21.0,228.0,144.0,30.0,27.0,0.0,72.0,3.0,135.0,18.0,0.0
213,90,8,1855.0,2069.0,515.0,0.0,325.0,2691.0,56.43158943528975,9141.3796,9197.811189435288,2004.0,47.0,21.0,228.0,144.0,30.0,27.0,0.0,72.0,3.0,135.0,18.0,0.0
213,91,8,1854.0,2089.0,501.0,0.0,308.0,2691.0,18.673402353999503,10165.223199999999,10183.896602353998,2004.0,47.0,21.0,228.0,144.0,30.0,27.0,0.0,72.0,3.0,135.0,18.0,0.0
213,92,8,1870.0,2083.0,494.0,0.0,299.0,2691.0,17.52126382275093,9921.803999999996,9939.325263822748,2004.0,47.0,21.0,228.0,144.0,30.0,27.0,0.0,72.0,3.0,135.0,18.0,0.0
213,93,8,1887.0,2099.0,483.0,0.0,259.0,2691.0,100.21193783645495,8021.611200000001,8121.823137836457,2004.0,47.0,21.0,228.0,144.0,30.0,27.0,0.0,72.0,3.0,135.0,18.0,0.0
213,94,8,1865.0,2083.0,481.0,0.0,336.0,2691.0,58.83540713904773,9814.389600000002,9873.225007139052,2004.0,47.0,21.0,228.0,144.0,30.0,27.0,0.0,72.0,3.0,135.0,18.0,0.0
213,95,8,1843.0,2065.0,485.0,0.0,302.0,2691.0,100.2116949324089,8726.818800000001,8827.030494932409,2004.0,47.0,21.0,228.0,144.0,30.0,27.0,0.0,72.0,3.0,135.0,18.0,0.0
213,96,9,1840.0,2112.0,463.0,0.0,294.0,2691.0,99.52737586365295,9492.680799999995,9592.208175863649,2004.0,47.0,21.0,228.0,144.0,30.0,27.0,0.0,72.0,3.0,135.0,18.0,0.0
213,97,9,1894.0,2086.0,502.0,0.0,288.0,2691.0,18.595135495211853,11607.56879999999,11626.163935495202,2004.0,47.0,21.0,228.0,144.0,30.0,27.0,0.0,72.0,3.0,135.0,18.0,0.0
213,98,9,1862.0,2132.0,462.0,0.0,292.0,2691.0,58.986609887280494,10162.684799999995,10221.671409887276,2004.0,47.0,21.0,228.0,144.0,30.0,27.0,0.0,72.0,3.0,135.0,18.0,0.0
213,99,9,1843.0,2108.0,458.0,0.0,343.0,2691.0,59.28638500648228,10227.013199999998,10286.29958500648,2004.0,47.0,21.0,228.0,144.0,30.0,27.0,0.0,72.0,3.0,135.0,18.0,0.0
213,100,9,1834.0,2058.0,541.0,0.0,284.0,2691.0,60.48032399138311,9235.834799999997,9296.315123991382,2004.0,47.0,21.0,228.0,144.0,30.0,27.0,0.0,72.0,3.0,135.0,18.0,0.0
213,101,9,1832.0,2109.0,472.0,0.0,313.0,2691.0,58.141034928200085,10900.624399999993,10958.765434928195,2004.0,47.0,21.0,228.0,144.0,30.0,27.0,0.0,72.0,3.0,135.0,18.0,0.0
213,102,9,1847.0,2108.0,482.0,0.0,302.0,2691.0,18.526953078781098,9938.370399999994,9956.897353078775,2004.0,47.0,21.0,228.0,144.0,30.0,27.0,0.0,72.0,3.0,135.0,18.0,0.0
213,103,9,1796.0,2123.0,470.0,0.0,310.0,2691.0,18.071288785616897,9647.656799999999,9665.728088785616,2004.0,47.0,21.0,228.0,144.0,30.0,27.0,0.0,72.0,3.0,135.0,18.0,0.0
213,104,9,1842.0,2128.0,460.0,0.0,325.0,2691.0,59.2520955252093,10592.275599999997,10651.527695525207,2004.0,47.0,21.0,228.0,144.0,30.0,27.0,0.0,72.0,3.0,135.0,18.0,0.0
213,105,9,1858.0,2089.0,505.0,0.0,321.0,2691.0,100.0175669134893,10145.91799999999,10245.93556691348,2004.0,47.0,21.0,228.0,144.0,30.0,27.0,0.0,72.0,3.0,135.0,18.0,0.0
213,106,9,1793.0,2139.0,453.0,0.0,307.0,2691.0,57.147496606946895,10418.5288,10475.676296606947,2004.0,47.0,21.0,228.0,144.0,30.0,27.0,0.0,72.0,3.0,135.0,18.0,0.0
213,107,9,1848.0,2119.0,466.0,0.0,277.0,2691.0,58.104876939918356,8992.415600000008,9050.520476939924,2004.0,47.0,21.0,228.0,144.0,30.0,27.0,0.0,72.0,3.0,135.0,18.0,0.0
213,108,10,1828.0,2093.0,495.0,0.0,278.0,2691.0,18.89439679184578,9446.12119999999,9465.015596791836,2004.0,47.0,21.0,228.0,144.0,30.0,27.0,0.0,72.0,3.0,135.0,18.0,0.0
213,109,10,1820.0,2067.0,504.0,0.0,251.0,2691.0,100.1022096710833,10659.943999999996,10760.046209671076,2004.0,47.0,21.0,228.0,144.0,30.0,27.0,0.0,72.0,3.0,135.0,18.0,0.0
213,110,10,1843.0,2100.0,483.0,0.0,343.0,2691.0,19.11132464677143,9716.661199999993,9735.772524646765,2004.0,47.0,21.0,228.0,144.0,30.0,27.0,0.0,72.0,3.0,135.0,18.0,0.0
213,111,10,1855.0,2082.0,502.0,0.0,290.0,2691.0,57.26156538045448,9435.032399999995,9492.29396538045,2004.0,47.0,21.0,228.0,144.0,30.0,27.0,0.0,72.0,3.0,135.0,18.0,0.0
213,112,10,1867.0,2065.0,515.0,0.0,319.0,2691.0,18.480220427235846,8989.075599999998,9007.555820427235,2004.0,47.0,21.0,228.0,144.0,30.0,27.0,0.0,72.0,3.0,135.0,18.0,0.0
213,113,10,1845.0,2120.0,465.0,0.0,311.0,2691.0,59.06637697932723,9179.7896,9238.855976979326,2004.0,47.0,21.0,228.0,144.0,30.0,27.0,0.0,72.0,3.0,135.0,18.0,0.0
213,114,10,1794.0,2092.0,496.0,0.0,285.0,2691.0,58.87331240076857,10255.536799999994,10314.410112400765,2004.0,47.0,21.0,228.0,144.0,30.0,27.0,0.0,72.0,3.0,135.0,18.0,0.0
213,115,10,1856.0,2130.0,453.0,0.0,319.0,2691.0,16.626353964396603,11413.91559999999,11430.541953964388,2004.0,47.0,21.0,228.0,144.0,30.0,27.0,0.0,72.0,3.0,135.0,18.0,0.0
213,116,10,1848.0,2088.0,494.0,0.0,279.0,2691.0,19.412662167711176,9525.145599999996,9544.558262167708,2004.0,47.0,21.0,228.0,144.0,30.0,27.0,0.0,72.0,3.0,135.0,18.0,0.0
213,117,10,1824.0,2124.0,474.0,0.0,294.0,2691.0,19.438749340350377,11053.195599999988,11072.634349340336,2004.0,47.0,21.0,228.0,144.0,30.0,27.0,0.0,72.0,3.0,135.0,18.0,0.0
213,118,10,1870.0,2093.0,491.0,0.0,280.0,2691.0,19.955249762210485,10531.754799999992,10551.7100497622,2004.0,47.0,21.0,228.0,144.0,30.0,27.0,0.0,72.0,3.0,135.0,18.0,0.0
213,119,10,1846.0,2114.0,469.0,0.0,261.0,2691.0,18.677922154106117,10346.5852,10365.263122154105,2004.0,47.0,21.0,228.0,144.0,30.0,27.0,0.0,72.0,3.0,135.0,18.0,0.0
214,0,1,1866.0,2115.0,458.0,0.0,312.0,2691.0,59.19744804757505,7963.428400000001,8022.625848047575,2004.0,47.0,21.0,228.0,144.0,30.0,27.0,0.0,72.0,3.0,135.0,18.0,0.0
214,1,1,1902.0,2090.0,471.0,0.0,319.0,2691.0,19.353215134491244,9297.8252,9317.178415134491,2004.0,47.0,21.0,228.0,144.0,30.0,27.0,0.0,72.0,3.0,135.0,18.0,0.0
214,2,1,1895.0,2105.0,480.0,0.0,310.0,2691.0,20.60638551393709,10060.747999999992,10081.35438551393,2004.0,47.0,21.0,228.0,144.0,30.0,27.0,0.0,72.0,3.0,135.0,18.0,0.0
214,3,1,1848.0,2127.0,443.0,0.0,310.0,2691.0,61.14525719087396,10001.963999999998,10063.109257190872,2004.0,47.0,21.0,228.0,144.0,30.0,27.0,0.0,72.0,3.0,135.0,18.0,0.0
214,4,1,1832.0,2114.0,461.0,0.0,351.0,2691.0,60.17304701677503,8650.933999999994,8711.107047016769,2004.0,47.0,21.0,228.0,144.0,30.0,27.0,0.0,72.0,3.0,135.0,18.0,0.0
214,5,1,1818.0,2094.0,499.0,0.0,336.0,2691.0,140.58613043195453,9742.178800000002,9882.764930431955,2004.0,47.0,21.0,228.0,144.0,30.0,27.0,0.0,72.0,3.0,135.0,18.0,0.0
214,6,1,1872.0,2082.0,502.0,0.0,275.0,2691.0,59.98609116695766,9390.543599999994,9450.529691166952,2004.0,47.0,21.0,228.0,144.0,30.0,27.0,0.0,72.0,3.0,135.0,18.0,0.0
214,7,1,1902.0,2071.0,503.0,0.0,328.0,2691.0,19.856997066784814,9503.969999999996,9523.82699706678,2004.0,47.0,21.0,228.0,144.0,30.0,27.0,0.0,72.0,3.0,135.0,18.0,0.0
214,8,1,1849.0,2130.0,448.0,0.0,334.0,2691.0,20.457129739533684,10005.971999999989,10026.429129739521,2004.0,47.0,21.0,228.0,144.0,30.0,27.0,0.0,72.0,3.0,135.0,18.0,0.0
214,9,1,1868.0,2087.0,501.0,0.0,318.0,2691.0,19.911845940571858,8684.2672,8704.179045940571,2004.0,47.0,21.0,228.0,144.0,30.0,27.0,0.0,72.0,3.0,135.0,18.0,0.0
214,10,1,1901.0,2105.0,469.0,0.0,333.0,2691.0,58.33708863754053,8163.4944000000005,8221.831488637541,2004.0,47.0,21.0,228.0,144.0,30.0,27.0,0.0,72.0,3.0,135.0,18.0,0.0
214,11,1,1881.0,2131.0,466.0,0.0,264.0,2691.0,140.31793711566974,9040.912400000001,9181.230337115674,2004.0,47.0,21.0,228.0,144.0,30.0,27.0,0.0,72.0,3.0,135.0,18.0,0.0
214,12,2,1901.0,2067.0,517.0,0.0,350.0,2691.0,100.86527082141194,9402.968399999998,9503.833670821412,2004.0,47.0,21.0,228.0,144.0,30.0,27.0,0.0,72.0,3.0,135.0,18.0,0.0
214,13,2,1800.0,2085.0,498.0,0.0,324.0,2691.0,20.14192816288533,9871.971199999996,9892.113128162882,2004.0,47.0,21.0,228.0,144.0,30.0,27.0,0.0,72.0,3.0,135.0,18.0,0.0
214,14,2,1882.0,2122.0,440.0,0.0,317.0,2691.0,18.633893350327565,8949.997599999999,8968.631493350327,2004.0,47.0,21.0,228.0,144.0,30.0,27.0,0.0,72.0,3.0,135.0,18.0,0.0
214,15,2,1838.0,2080.0,506.0,0.0,337.0,2691.0,61.30856815649892,11049.855599999999,11111.164168156498,2004.0,47.0,21.0,228.0,144.0,30.0,27.0,0.0,72.0,3.0,135.0,18.0,0.0
214,16,2,1865.0,2097.0,488.0,0.0,276.0,2691.0,102.67204432087517,10124.007599999997,10226.679644320873,2004.0,47.0,21.0,228.0,144.0,30.0,27.0,0.0,72.0,3.0,135.0,18.0,0.0
214,17,2,1861.0,2135.0,442.0,0.0,330.0,2691.0,141.48565148549767,9264.6924,9406.178051485498,2004.0,47.0,21.0,228.0,144.0,30.0,27.0,0.0,72.0,3.0,135.0,18.0,0.0
214,18,2,1828.0,2122.0,454.0,0.0,315.0,2691.0,60.71757003537615,8600.767200000004,8661.484770035378,2004.0,47.0,21.0,228.0,144.0,30.0,27.0,0.0,72.0,3.0,135.0,18.0,0.0
214,19,2,1867.0,2085.0,509.0,0.0,319.0,2691.0,57.71321196520793,10082.391199999995,10140.104411965203,2004.0,47.0,21.0,228.0,144.0,30.0,27.0,0.0,72.0,3.0,135.0,18.0,0.0
214,20,2,1851.0,2091.0,478.0,0.0,271.0,2691.0,101.29417580868706,8449.799200000001,8551.093375808687,2004.0,47.0,21.0,228.0,144.0,30.0,27.0,0.0,72.0,3.0,135.0,18.0,0.0
214,21,2,1844.0,2078.0,503.0,0.0,303.0,2691.0,61.0850548761193,9303.903999999993,9364.989054876112,2004.0,47.0,21.0,228.0,144.0,30.0,27.0,0.0,72.0,3.0,135.0,18.0,0.0
214,22,2,1849.0,2098.0,495.0,0.0,275.0,2691.0,19.81264277986262,8791.882,8811.694642779863,2004.0,47.0,21.0,228.0,144.0,30.0,27.0,0.0,72.0,3.0,135.0,18.0,0.0
214,23,2,1888.0,2099.0,495.0,0.0,313.0,2691.0,59.344888484201306,9461.351599999996,9520.696488484196,2004.0,47.0,21.0,228.0,144.0,30.0,27.0,0.0,72.0,3.0,135.0,18.0,0.0
214,24,3,1837.0,2151.0,443.0,0.0,283.0,2691.0,140.79468040229963,9739.506799999996,9880.301480402295,2004.0,47.0,21.0,228.0,144.0,30.0,27.0,0.0,72.0,3.0,135.0,18.0,0.0
214,25,3,1850.0,2140.0,456.0,0.0,309.0,2691.0,99.07914533921264,10147.788399999996,10246.867545339206,2004.0,47.0,21.0,228.0,144.0,30.0,27.0,0.0,72.0,3.0,135.0,18.0,0.0
214,26,3,1836.0,2091.0,496.0,0.0,336.0,2691.0,19.128307608258208,9397.824800000004,9416.953107608262,2004.0,47.0,21.0,228.0,144.0,30.0,27.0,0.0,72.0,3.0,135.0,18.0,0.0
214,27,3,1835.0,2129.0,467.0,0.0,292.0,2691.0,19.854178017894938,8884.8676,8904.721778017894,2004.0,47.0,21.0,228.0,144.0,30.0,27.0,0.0,72.0,3.0,135.0,18.0,0.0
214,28,3,1857.0,2097.0,487.0,0.0,325.0,2691.0,99.28952091062587,8384.5356,8483.825120910627,2004.0,47.0,21.0,228.0,144.0,30.0,27.0,0.0,72.0,3.0,135.0,18.0,0.0
214,29,3,1866.0,2067.0,521.0,0.0,276.0,2691.0,59.54531159942783,10211.782799999997,10271.328111599425,2004.0,47.0,21.0,228.0,144.0,30.0,27.0,0.0,72.0,3.0,135.0,18.0,0.0
214,30,3,1841.0,2131.0,458.0,0.0,283.0,2691.0,18.737244477139527,9025.615199999998,9044.352444477137,2004.0,47.0,21.0,228.0,144.0,30.0,27.0,0.0,72.0,3.0,135.0,18.0,0.0
214,31,3,1828.0,2128.0,454.0,0.0,260.0,2691.0,99.08844471240377,9484.1972,9583.285644712403,2004.0,47.0,21.0,228.0,144.0,30.0,27.0,0.0,72.0,3.0,135.0,18.0,0.0
214,32,3,1883.0,2126.0,467.0,0.0,289.0,2691.0,18.00526584211805,9157.945999999994,9175.951265842112,2004.0,47.0,21.0,228.0,144.0,30.0,27.0,0.0,72.0,3.0,135.0,18.0,0.0
214,33,3,1923.0,2102.0,473.0,0.0,302.0,2691.0,22.007516802320023,10237.1,10259.10751680232,2004.0,47.0,21.0,228.0,144.0,30.0,27.0,0.0,72.0,3.0,135.0,18.0,0.0
214,34,3,1842.0,2082.0,498.0,0.0,314.0,2691.0,60.19675759649803,8667.366800000003,8727.5635575965,2004.0,47.0,21.0,228.0,144.0,30.0,27.0,0.0,72.0,3.0,135.0,18.0,0.0
214,35,3,1874.0,2066.0,519.0,0.0,306.0,2691.0,18.762593054074813,9336.836399999997,9355.59899305407,2004.0,47.0,21.0,228.0,144.0,30.0,27.0,0.0,72.0,3.0,135.0,18.0,0.0
214,36,4,1859.0,2098.0,486.0,0.0,305.0,2691.0,61.418582150398926,9986.733600000003,10048.152182150401,2004.0,47.0,21.0,228.0,144.0,30.0,27.0,0.0,72.0,3.0,135.0,18.0,0.0
214,37,4,1845.0,2099.0,480.0,0.0,292.0,2691.0,141.59500649010027,8898.160799999998,9039.755806490099,2004.0,47.0,21.0,228.0,144.0,30.0,27.0,0.0,72.0,3.0,135.0,18.0,0.0
214,38,4,1905.0,2118.0,468.0,0.0,321.0,2691.0,18.529706111162795,9727.616399999994,9746.146106111157,2004.0,47.0,21.0,228.0,144.0,30.0,27.0,0.0,72.0,3.0,135.0,18.0,0.0
214,39,4,1846.0,2089.0,487.0,0.0,350.0,2691.0,62.463106315364,9297.6248,9360.087906315362,2004.0,47.0,21.0,228.0,144.0,30.0,27.0,0.0,72.0,3.0,135.0,18.0,0.0
214,40,4,1848.0,2100.0,476.0,0.0,265.0,2691.0,141.88420942259134,9420.470000000003,9562.354209422596,2004.0,47.0,21.0,228.0,144.0,30.0,27.0,0.0,72.0,3.0,135.0,18.0,0.0
214,41,4,1860.0,2112.0,468.0,0.0,293.0,2691.0,102.47141282816943,10390.940399999994,10493.411812828163,2004.0,47.0,21.0,228.0,144.0,30.0,27.0,0.0,72.0,3.0,135.0,18.0,0.0
214,42,4,1865.0,2115.0,470.0,0.0,297.0,2691.0,100.27476145245245,10029.685999999998,10129.96076145245,2004.0,47.0,21.0,228.0,144.0,30.0,27.0,0.0,72.0,3.0,135.0,18.0,0.0
214,43,4,1885.0,2103.0,474.0,0.0,313.0,2691.0,60.05065007595163,8796.892000000003,8856.942650075955,2004.0,47.0,21.0,228.0,144.0,30.0,27.0,0.0,72.0,3.0,135.0,18.0,0.0
214,44,4,1839.0,2098.0,481.0,0.0,317.0,2691.0,20.830836868181823,8310.988800000001,8331.819636868182,2004.0,47.0,21.0,228.0,144.0,30.0,27.0,0.0,72.0,3.0,135.0,18.0,0.0
214,45,4,1852.0,2117.0,469.0,0.0,327.0,2691.0,18.88230193623589,8863.491599999996,8882.373901936233,2004.0,47.0,21.0,228.0,144.0,30.0,27.0,0.0,72.0,3.0,135.0,18.0,0.0
214,46,4,1856.0,2104.0,472.0,0.0,318.0,2691.0,57.971014193034534,9866.293199999996,9924.26421419303,2004.0,47.0,21.0,228.0,144.0,30.0,27.0,0.0,72.0,3.0,135.0,18.0,0.0
214,47,4,1830.0,2130.0,450.0,0.0,299.0,2691.0,57.49592811121451,8449.6656,8507.161528111214,2004.0,47.0,21.0,228.0,144.0,30.0,27.0,0.0,72.0,3.0,135.0,18.0,0.0
214,48,5,1840.0,2114.0,477.0,0.0,332.0,2691.0,20.061679869582342,8763.892800000009,8783.95447986959,2004.0,47.0,21.0,228.0,144.0,30.0,27.0,0.0,72.0,3.0,135.0,18.0,0.0
214,49,5,1854.0,2079.0,487.0,0.0,319.0,2691.0,100.90318554080761,9233.3632,9334.266385540806,2004.0,47.0,21.0,228.0,144.0,30.0,27.0,0.0,72.0,3.0,135.0,18.0,0.0
214,50,5,1843.0,2107.0,485.0,0.0,304.0,2691.0,141.94583529852076,8846.3908,8988.336635298521,2004.0,47.0,21.0,228.0,144.0,30.0,27.0,0.0,72.0,3.0,135.0,18.0,0.0
214,51,5,1852.0,2114.0,478.0,0.0,334.0,2691.0,60.15442412237114,9176.449599999994,9236.604024122365,2004.0,47.0,21.0,228.0,144.0,30.0,27.0,0.0,72.0,3.0,135.0,18.0,0.0
214,52,5,1887.0,2086.0,494.0,0.0,350.0,2691.0,19.83427988836069,10138.57,10158.40427988836,2004.0,47.0,21.0,228.0,144.0,30.0,27.0,0.0,72.0,3.0,135.0,18.0,0.0
214,53,5,1853.0,2075.0,507.0,0.0,317.0,2691.0,99.82652966112163,10005.571199999995,10105.397729661116,2004.0,47.0,21.0,228.0,144.0,30.0,27.0,0.0,72.0,3.0,135.0,18.0,0.0
214,54,5,1865.0,2100.0,490.0,0.0,257.0,2691.0,19.973908466651523,8555.209599999998,8575.18350846665,2004.0,47.0,21.0,228.0,144.0,30.0,27.0,0.0,72.0,3.0,135.0,18.0,0.0
214,55,5,1854.0,2126.0,453.0,0.0,299.0,2691.0,60.228083130784015,8777.119200000001,8837.347283130786,2004.0,47.0,21.0,228.0,144.0,30.0,27.0,0.0,72.0,3.0,135.0,18.0,0.0
214,56,5,1855.0,2132.0,469.0,0.0,263.0,2691.0,18.901671599371376,8530.293200000002,8549.194871599373,2004.0,47.0,21.0,228.0,144.0,30.0,27.0,0.0,72.0,3.0,135.0,18.0,0.0
214,57,5,1911.0,2061.0,528.0,0.0,285.0,2691.0,20.746469804989786,9340.309999999998,9361.05646980499,2004.0,47.0,21.0,228.0,144.0,30.0,27.0,0.0,72.0,3.0,135.0,18.0,0.0
214,58,5,1844.0,2136.0,445.0,0.0,323.0,2691.0,18.19858264555789,9847.990000000002,9866.18858264556,2004.0,47.0,21.0,228.0,144.0,30.0,27.0,0.0,72.0,3.0,135.0,18.0,0.0
214,59,5,1848.0,2142.0,449.0,0.0,278.0,2691.0,59.88238848887627,8874.046000000006,8933.928388488883,2004.0,47.0,21.0,228.0,144.0,30.0,27.0,0.0,72.0,3.0,135.0,18.0,0.0
214,60,6,1847.0,2123.0,470.0,0.0,250.0,2691.0,100.66045993140142,9993.480399999995,10094.140859931396,2004.0,47.0,21.0,228.0,144.0,30.0,27.0,0.0,72.0,3.0,135.0,18.0,0.0
214,61,6,1867.0,2104.0,473.0,0.0,324.0,2691.0,58.91091680126888,9573.3084,9632.219316801267,2004.0,47.0,21.0,228.0,144.0,30.0,27.0,0.0,72.0,3.0,135.0,18.0,0.0
214,62,6,1834.0,2091.0,476.0,0.0,365.0,2691.0,142.0239158109941,10201.829599999995,10343.85351581099,2004.0,47.0,21.0,228.0,144.0,30.0,27.0,0.0,72.0,3.0,135.0,18.0,0.0
214,63,6,1826.0,2101.0,475.0,0.0,321.0,2691.0,100.58835930092175,10613.4512,10714.03955930092,2004.0,47.0,21.0,228.0,144.0,30.0,27.0,0.0,72.0,3.0,135.0,18.0,0.0
214,64,6,1824.0,2117.0,466.0,0.0,273.0,2691.0,61.649391101309874,9452.2668,9513.916191101309,2004.0,47.0,21.0,228.0,144.0,30.0,27.0,0.0,72.0,3.0,135.0,18.0,0.0
214,65,6,1865.0,2102.0,491.0,0.0,318.0,2691.0,20.05402317234304,10038.2364,10058.290423172342,2004.0,47.0,21.0,228.0,144.0,30.0,27.0,0.0,72.0,3.0,135.0,18.0,0.0
214,66,6,1867.0,2069.0,513.0,0.0,327.0,2691.0,100.78967871130243,9860.281199999998,9961.0708787113,2004.0,47.0,21.0,228.0,144.0,30.0,27.0,0.0,72.0,3.0,135.0,18.0,0.0
214,67,6,1885.0,2123.0,458.0,0.0,311.0,2691.0,100.00415397452386,9280.457199999999,9380.461353974524,2004.0,47.0,21.0,228.0,144.0,30.0,27.0,0.0,72.0,3.0,135.0,18.0,0.0
214,68,6,1838.0,2114.0,466.0,0.0,314.0,2691.0,18.45011823832133,9886.066000000003,9904.516118238324,2004.0,47.0,21.0,228.0,144.0,30.0,27.0,0.0,72.0,3.0,135.0,18.0,0.0
214,69,6,1776.0,2120.0,469.0,0.0,274.0,2691.0,100.84291675585341,8366.5664,8467.409316755855,2004.0,47.0,21.0,228.0,144.0,30.0,27.0,0.0,72.0,3.0,135.0,18.0,0.0
214,70,6,1854.0,2063.0,501.0,0.0,354.0,2691.0,60.09383682734829,9175.714799999996,9235.808636827345,2004.0,47.0,21.0,228.0,144.0,30.0,27.0,0.0,72.0,3.0,135.0,18.0,0.0
214,71,6,1844.0,2117.0,468.0,0.0,342.0,2691.0,20.2457057826954,9626.7484,9646.994105782695,2004.0,47.0,21.0,228.0,144.0,30.0,27.0,0.0,72.0,3.0,135.0,18.0,0.0
214,72,7,1896.0,2085.0,486.0,0.0,303.0,2691.0,58.58075567844438,8327.354799999997,8385.935555678441,2004.0,47.0,21.0,228.0,144.0,30.0,27.0,0.0,72.0,3.0,135.0,18.0,0.0
214,73,7,1872.0,2086.0,491.0,0.0,296.0,2691.0,58.680027104753506,10062.8188,10121.498827104751,2004.0,47.0,21.0,228.0,144.0,30.0,27.0,0.0,72.0,3.0,135.0,18.0,0.0
214,74,7,1863.0,2122.0,462.0,0.0,309.0,2691.0,18.207362824454822,9019.736799999997,9037.944162824453,2004.0,47.0,21.0,228.0,144.0,30.0,27.0,0.0,72.0,3.0,135.0,18.0,0.0
214,75,7,1840.0,2092.0,487.0,0.0,303.0,2691.0,19.553740113194678,9976.045599999998,9995.599340113191,2004.0,47.0,21.0,228.0,144.0,30.0,27.0,0.0,72.0,3.0,135.0,18.0,0.0
214,76,7,1844.0,2145.0,447.0,0.0,314.0,2691.0,20.80340785621712,9470.904000000006,9491.707407856222,2004.0,47.0,21.0,228.0,144.0,30.0,27.0,0.0,72.0,3.0,135.0,18.0,0.0
214,77,7,1856.0,2121.0,448.0,0.0,309.0,2691.0,182.08420036438346,10451.795199999997,10633.879400364382,2004.0,47.0,21.0,228.0,144.0,30.0,27.0,0.0,72.0,3.0,135.0,18.0,0.0
214,78,7,1885.0,2112.0,484.0,0.0,288.0,2691.0,140.3505375191225,9050.1976,9190.548137519123,2004.0,47.0,21.0,228.0,144.0,30.0,27.0,0.0,72.0,3.0,135.0,18.0,0.0
214,79,7,1880.0,2071.0,489.0,0.0,340.0,2691.0,60.01457902572985,9108.848000000002,9168.862579025732,2004.0,47.0,21.0,228.0,144.0,30.0,27.0,0.0,72.0,3.0,135.0,18.0,0.0
214,80,7,1837.0,2105.0,469.0,0.0,285.0,2691.0,101.23407977455976,9554.804799999994,9656.038879774555,2004.0,47.0,21.0,228.0,144.0,30.0,27.0,0.0,72.0,3.0,135.0,18.0,0.0
214,81,7,1844.0,2131.0,453.0,0.0,335.0,2691.0,60.22134063632067,9021.7408,9081.962140636322,2004.0,47.0,21.0,228.0,144.0,30.0,27.0,0.0,72.0,3.0,135.0,18.0,0.0
214,82,7,1859.0,2094.0,490.0,0.0,272.0,2691.0,18.985718318352472,9674.042799999996,9693.02851831835,2004.0,47.0,21.0,228.0,144.0,30.0,27.0,0.0,72.0,3.0,135.0,18.0,0.0
214,83,7,1852.0,2085.0,490.0,0.0,306.0,2691.0,60.334849814652095,9204.438799999996,9264.773649814648,2004.0,47.0,21.0,228.0,144.0,30.0,27.0,0.0,72.0,3.0,135.0,18.0,0.0
214,84,8,1865.0,2104.0,483.0,0.0,300.0,2691.0,59.86466143754311,8365.764800000006,8425.62946143755,2004.0,47.0,21.0,228.0,144.0,30.0,27.0,0.0,72.0,3.0,135.0,18.0,0.0
214,85,8,1840.0,2058.0,501.0,0.0,342.0,2691.0,103.09648649683996,9867.8964,9970.992886496839,2004.0,47.0,21.0,228.0,144.0,30.0,27.0,0.0,72.0,3.0,135.0,18.0,0.0
214,86,8,1829.0,2135.0,461.0,0.0,329.0,2691.0,61.73205536040188,9793.948799999993,9855.680855360395,2004.0,47.0,21.0,228.0,144.0,30.0,27.0,0.0,72.0,3.0,135.0,18.0,0.0
214,87,8,1841.0,2120.0,467.0,0.0,342.0,2691.0,181.00881186886943,8543.5196,8724.528411868869,2004.0,47.0,21.0,228.0,144.0,30.0,27.0,0.0,72.0,3.0,135.0,18.0,0.0
214,88,8,1812.0,2124.0,452.0,0.0,285.0,2691.0,19.46388461831815,9435.032400000004,9454.496284618323,2004.0,47.0,21.0,228.0,144.0,30.0,27.0,0.0,72.0,3.0,135.0,18.0,0.0
214,89,8,1855.0,2071.0,513.0,0.0,340.0,2691.0,98.82022419401989,8722.8776,8821.69782419402,2004.0,47.0,21.0,228.0,144.0,30.0,27.0,0.0,72.0,3.0,135.0,18.0,0.0
214,90,8,1854.0,2092.0,498.0,0.0,313.0,2691.0,19.400891587219313,9371.906400000002,9391.30729158722,2004.0,47.0,21.0,228.0,144.0,30.0,27.0,0.0,72.0,3.0,135.0,18.0,0.0
214,91,8,1870.0,2090.0,487.0,0.0,302.0,2691.0,18.23165499960332,9648.258,9666.489654999603,2004.0,47.0,21.0,228.0,144.0,30.0,27.0,0.0,72.0,3.0,135.0,18.0,0.0
214,92,8,1887.0,2102.0,479.0,0.0,273.0,2691.0,143.06518635773526,7729.361200000001,7872.426386357736,2004.0,47.0,21.0,228.0,144.0,30.0,27.0,0.0,72.0,3.0,135.0,18.0,0.0
214,93,8,1865.0,2087.0,477.0,0.0,337.0,2691.0,140.58426005614655,9569.634400000004,9710.21866005615,2004.0,47.0,21.0,228.0,144.0,30.0,27.0,0.0,72.0,3.0,135.0,18.0,0.0
214,94,8,1843.0,2069.0,481.0,0.0,308.0,2691.0,100.76332458881771,8317.468400000002,8418.231724588819,2004.0,47.0,21.0,228.0,144.0,30.0,27.0,0.0,72.0,3.0,135.0,18.0,0.0
214,95,8,1840.0,2110.0,465.0,0.0,304.0,2691.0,100.37243378213451,9321.271999999997,9421.64443378213,2004.0,47.0,21.0,228.0,144.0,30.0,27.0,0.0,72.0,3.0,135.0,18.0,0.0
214,96,9,1894.0,2091.0,497.0,0.0,292.0,2691.0,20.403636393731425,11269.159999999993,11289.563636393723,2004.0,47.0,21.0,228.0,144.0,30.0,27.0,0.0,72.0,3.0,135.0,18.0,0.0
214,97,9,1862.0,2135.0,459.0,0.0,296.0,2691.0,60.18732758967463,9759.145999999997,9819.333327589673,2004.0,47.0,21.0,228.0,144.0,30.0,27.0,0.0,72.0,3.0,135.0,18.0,0.0
214,98,9,1843.0,2112.0,454.0,0.0,350.0,2691.0,141.33350039593375,9559.681199999995,9701.01470039593,2004.0,47.0,21.0,228.0,144.0,30.0,27.0,0.0,72.0,3.0,135.0,18.0,0.0
214,99,9,1834.0,2063.0,536.0,0.0,290.0,2691.0,60.552068994371965,9014.058799999999,9074.610868994372,2004.0,47.0,21.0,228.0,144.0,30.0,27.0,0.0,72.0,3.0,135.0,18.0,0.0
214,100,9,1832.0,2113.0,468.0,0.0,319.0,2691.0,59.82077793797676,10180.921199999995,10240.741977937972,2004.0,47.0,21.0,228.0,144.0,30.0,27.0,0.0,72.0,3.0,135.0,18.0,0.0
214,101,9,1847.0,2116.0,473.0,0.0,312.0,2691.0,19.77328963120486,9143.984799999998,9163.758089631203,2004.0,47.0,21.0,228.0,144.0,30.0,27.0,0.0,72.0,3.0,135.0,18.0,0.0
214,102,9,1796.0,2124.0,470.0,0.0,318.0,2691.0,19.621343070246,8861.5544,8881.175743070247,2004.0,47.0,21.0,228.0,144.0,30.0,27.0,0.0,72.0,3.0,135.0,18.0,0.0
214,103,9,1842.0,2130.0,458.0,0.0,330.0,2691.0,101.90538238768508,10392.0092,10493.914582387686,2004.0,47.0,21.0,228.0,144.0,30.0,27.0,0.0,72.0,3.0,135.0,18.0,0.0
214,104,9,1858.0,2093.0,501.0,0.0,328.0,2691.0,102.02120877865147,9630.021599999993,9732.042808778644,2004.0,47.0,21.0,228.0,144.0,30.0,27.0,0.0,72.0,3.0,135.0,18.0,0.0
214,105,9,1793.0,2142.0,450.0,0.0,311.0,2691.0,59.259099600068396,9867.696000000004,9926.95509960007,2004.0,47.0,21.0,228.0,144.0,30.0,27.0,0.0,72.0,3.0,135.0,18.0,0.0
214,106,9,1848.0,2120.0,465.0,0.0,299.0,2691.0,18.976837785600956,8503.105600000004,8522.082437785604,2004.0,47.0,21.0,228.0,144.0,30.0,27.0,0.0,72.0,3.0,135.0,18.0,0.0
214,107,9,1828.0,2098.0,490.0,0.0,282.0,2691.0,20.30219863778088,8949.596799999996,8969.898998637775,2004.0,47.0,21.0,228.0,144.0,30.0,27.0,0.0,72.0,3.0,135.0,18.0,0.0
214,108,10,1820.0,2071.0,500.0,0.0,259.0,2691.0,100.9769821117618,9597.022399999996,9697.999382111757,2004.0,47.0,21.0,228.0,144.0,30.0,27.0,0.0,72.0,3.0,135.0,18.0,0.0
214,109,10,1843.0,2105.0,478.0,0.0,342.0,2691.0,20.157392377152625,8978.788399999996,8998.945792377148,2004.0,47.0,21.0,228.0,144.0,30.0,27.0,0.0,72.0,3.0,135.0,18.0,0.0
214,110,10,1855.0,2085.0,499.0,0.0,300.0,2691.0,99.07808275024024,9371.973199999997,9471.051282750239,2004.0,47.0,21.0,228.0,144.0,30.0,27.0,0.0,72.0,3.0,135.0,18.0,0.0
214,111,10,1867.0,2070.0,509.0,0.0,334.0,2691.0,100.5530876234947,8575.516800000001,8676.069887623496,2004.0,47.0,21.0,228.0,144.0,30.0,27.0,0.0,72.0,3.0,135.0,18.0,0.0
214,112,10,1845.0,2125.0,460.0,0.0,320.0,2691.0,19.612320959079163,8887.606399999999,8907.218720959077,2004.0,47.0,21.0,228.0,144.0,30.0,27.0,0.0,72.0,3.0,135.0,18.0,0.0
214,113,10,1794.0,2100.0,488.0,0.0,296.0,2691.0,59.79838391551152,10193.613199999998,10253.411583915511,2004.0,47.0,21.0,228.0,144.0,30.0,27.0,0.0,72.0,3.0,135.0,18.0,0.0
214,114,10,1856.0,2132.0,451.0,0.0,327.0,2691.0,17.619281407460395,10938.366399999994,10955.985681407456,2004.0,47.0,21.0,228.0,144.0,30.0,27.0,0.0,72.0,3.0,135.0,18.0,0.0
214,115,10,1848.0,2091.0,490.0,0.0,285.0,2691.0,19.630042581439454,8904.105999999996,8923.736042581437,2004.0,47.0,21.0,228.0,144.0,30.0,27.0,0.0,72.0,3.0,135.0,18.0,0.0
214,116,10,1824.0,2126.0,472.0,0.0,304.0,2691.0,20.61408085491972,10428.481999999989,10449.09608085491,2004.0,47.0,21.0,228.0,144.0,30.0,27.0,0.0,72.0,3.0,135.0,18.0,0.0
214,117,10,1870.0,2092.0,492.0,0.0,295.0,2691.0,23.301538725472277,10128.750399999994,10152.051938725466,2004.0,47.0,21.0,228.0,144.0,30.0,27.0,0.0,72.0,3.0,135.0,18.0,0.0
214,118,10,1846.0,2120.0,463.0,0.0,272.0,2691.0,19.036412855812916,9762.820000000002,9781.856412855814,2004.0,47.0,21.0,228.0,144.0,30.0,27.0,0.0,72.0,3.0,135.0,18.0,0.0
214,119,10,1859.0,2115.0,480.0,0.0,288.0,2691.0,19.688943262001345,8875.649199999998,8895.338143262,2004.0,47.0,21.0,228.0,144.0,30.0,27.0,0.0,72.0,3.0,135.0,18.0,0.0
215,0,1,1902.0,2101.0,459.0,0.0,310.0,2691.0,20.779199542599294,9671.036799999996,9691.815999542596,2004.0,47.0,21.0,228.0,144.0,30.0,27.0,0.0,72.0,3.0,135.0,18.0,0.0
215,1,1,1895.0,2106.0,478.0,0.0,294.0,2691.0,62.66294761747124,10443.111199999992,10505.774147617463,2004.0,47.0,21.0,228.0,144.0,30.0,27.0,0.0,72.0,3.0,135.0,18.0,0.0
215,2,1,1848.0,2135.0,434.0,0.0,300.0,2691.0,21.701969452455263,10675.040799999995,10696.74276945245,2004.0,47.0,21.0,228.0,144.0,30.0,27.0,0.0,72.0,3.0,135.0,18.0,0.0
215,3,1,1832.0,2122.0,452.0,0.0,340.0,2691.0,61.2088360465476,8835.034799999994,8896.243636046542,2004.0,47.0,21.0,228.0,144.0,30.0,27.0,0.0,72.0,3.0,135.0,18.0,0.0
215,4,1,1818.0,2101.0,493.0,0.0,325.0,2691.0,101.35487106881943,9941.843999999997,10043.198871068818,2004.0,47.0,21.0,228.0,144.0,30.0,27.0,0.0,72.0,3.0,135.0,18.0,0.0
215,5,1,1872.0,2099.0,485.0,0.0,264.0,2691.0,20.341637120012336,10490.806399999992,10511.148037120005,2004.0,47.0,21.0,228.0,144.0,30.0,27.0,0.0,72.0,3.0,135.0,18.0,0.0
215,6,1,1902.0,2081.0,493.0,0.0,318.0,2691.0,21.506965683311577,10079.919599999994,10101.426565683303,2004.0,47.0,21.0,228.0,144.0,30.0,27.0,0.0,72.0,3.0,135.0,18.0,0.0
215,7,1,1849.0,2139.0,439.0,0.0,307.0,2691.0,21.01447166563367,10617.525999999987,10638.54047166562,2004.0,47.0,21.0,228.0,144.0,30.0,27.0,0.0,72.0,3.0,135.0,18.0,0.0
215,8,1,1868.0,2091.0,495.0,0.0,312.0,2691.0,103.69817423327564,10017.862399999995,10121.560574233272,2004.0,47.0,21.0,228.0,144.0,30.0,27.0,0.0,72.0,3.0,135.0,18.0,0.0
215,9,1,1901.0,2107.0,464.0,0.0,316.0,2691.0,59.43403089582207,8481.6628,8541.096830895822,2004.0,47.0,21.0,228.0,144.0,30.0,27.0,0.0,72.0,3.0,135.0,18.0,0.0
215,10,1,1881.0,2154.0,446.0,0.0,255.0,2691.0,62.42936286239631,9745.585599999999,9808.014962862397,2004.0,47.0,21.0,228.0,144.0,30.0,27.0,0.0,72.0,3.0,135.0,18.0,0.0
215,11,1,1901.0,2074.0,508.0,0.0,345.0,2691.0,102.62242498689912,9809.446399999999,9912.068824986898,2004.0,47.0,21.0,228.0,144.0,30.0,27.0,0.0,72.0,3.0,135.0,18.0,0.0
215,12,2,1800.0,2100.0,482.0,0.0,319.0,2691.0,21.966878813446435,11418.324399999994,11440.291278813438,2004.0,47.0,21.0,228.0,144.0,30.0,27.0,0.0,72.0,3.0,135.0,18.0,0.0
215,13,2,1882.0,2130.0,432.0,0.0,304.0,2691.0,19.080222748080274,9461.217999999997,9480.298222748075,2004.0,47.0,21.0,228.0,144.0,30.0,27.0,0.0,72.0,3.0,135.0,18.0,0.0
215,14,2,1838.0,2108.0,478.0,0.0,313.0,2691.0,20.786845126754763,10129.217999999999,10150.004845126754,2004.0,47.0,21.0,228.0,144.0,30.0,27.0,0.0,72.0,3.0,135.0,18.0,0.0
215,15,2,1865.0,2107.0,478.0,0.0,266.0,2691.0,104.58041531309337,11380.114799999992,11484.695215313088,2004.0,47.0,21.0,228.0,144.0,30.0,27.0,0.0,72.0,3.0,135.0,18.0,0.0
215,16,2,1861.0,2143.0,434.0,0.0,309.0,2691.0,61.21624365179428,9941.643599999994,10002.85984365179,2004.0,47.0,21.0,228.0,144.0,30.0,27.0,0.0,72.0,3.0,135.0,18.0,0.0
215,17,2,1828.0,2133.0,443.0,0.0,302.0,2691.0,61.85143722162293,9212.8556,9274.707037221624,2004.0,47.0,21.0,228.0,144.0,30.0,27.0,0.0,72.0,3.0,135.0,18.0,0.0
215,18,2,1867.0,2086.0,508.0,0.0,310.0,2691.0,99.89406492292828,10898.419999999995,10998.314064922923,2004.0,47.0,21.0,228.0,144.0,30.0,27.0,0.0,72.0,3.0,135.0,18.0,0.0
215,19,2,1851.0,2109.0,459.0,0.0,255.0,2691.0,62.14123514247236,9012.054799999998,9074.196035142471,2004.0,47.0,21.0,228.0,144.0,30.0,27.0,0.0,72.0,3.0,135.0,18.0,0.0
215,20,2,1844.0,2084.0,497.0,0.0,291.0,2691.0,21.955249366436522,9519.133599999992,9541.088849366428,2004.0,47.0,21.0,228.0,144.0,30.0,27.0,0.0,72.0,3.0,135.0,18.0,0.0
215,21,2,1849.0,2102.0,490.0,0.0,264.0,2691.0,20.09766127185257,8870.572399999997,8890.67006127185,2004.0,47.0,21.0,228.0,144.0,30.0,27.0,0.0,72.0,3.0,135.0,18.0,0.0
215,22,2,1888.0,2106.0,488.0,0.0,309.0,2691.0,21.454537692505372,9770.568799999997,9792.023337692503,2004.0,47.0,21.0,228.0,144.0,30.0,27.0,0.0,72.0,3.0,135.0,18.0,0.0
215,23,2,1837.0,2131.0,464.0,0.0,268.0,2691.0,61.43027064454986,10171.101599999995,10232.531870644543,2004.0,47.0,21.0,228.0,144.0,30.0,27.0,0.0,72.0,3.0,135.0,18.0,0.0
215,24,3,1850.0,2147.0,449.0,0.0,302.0,2691.0,60.553539461807745,10581.988399999997,10642.541939461804,2004.0,47.0,21.0,228.0,144.0,30.0,27.0,0.0,72.0,3.0,135.0,18.0,0.0
215,25,3,1836.0,2107.0,480.0,0.0,326.0,2691.0,20.20765382441804,9890.942400000002,9911.15005382442,2004.0,47.0,21.0,228.0,144.0,30.0,27.0,0.0,72.0,3.0,135.0,18.0,0.0
215,26,3,1835.0,2141.0,453.0,0.0,285.0,2691.0,22.110789275081522,9792.479199999996,9814.589989275077,2004.0,47.0,21.0,228.0,144.0,30.0,27.0,0.0,72.0,3.0,135.0,18.0,0.0
215,27,3,1857.0,2100.0,483.0,0.0,309.0,2691.0,100.5845790754483,9185.534399999995,9286.118979075443,2004.0,47.0,21.0,228.0,144.0,30.0,27.0,0.0,72.0,3.0,135.0,18.0,0.0
215,28,3,1866.0,2077.0,510.0,0.0,264.0,2691.0,101.80691019018656,10879.782799999995,10981.589710190181,2004.0,47.0,21.0,228.0,144.0,30.0,27.0,0.0,72.0,3.0,135.0,18.0,0.0
215,29,3,1841.0,2130.0,460.0,0.0,275.0,2691.0,21.22395337407072,9451.999599999997,9473.223553374068,2004.0,47.0,21.0,228.0,144.0,30.0,27.0,0.0,72.0,3.0,135.0,18.0,0.0
215,30,3,1828.0,2146.0,436.0,0.0,265.0,2691.0,60.07190231589969,10119.665599999998,10179.737502315898,2004.0,47.0,21.0,228.0,144.0,30.0,27.0,0.0,72.0,3.0,135.0,18.0,0.0
215,31,3,1883.0,2128.0,465.0,0.0,274.0,2691.0,19.864027281659133,9538.705999999991,9558.57002728165,2004.0,47.0,21.0,228.0,144.0,30.0,27.0,0.0,72.0,3.0,135.0,18.0,0.0
215,32,3,1923.0,2114.0,460.0,0.0,294.0,2691.0,23.468033797342855,10552.8636,10576.331633797343,2004.0,47.0,21.0,228.0,144.0,30.0,27.0,0.0,72.0,3.0,135.0,18.0,0.0
215,33,3,1842.0,2088.0,493.0,0.0,301.0,2691.0,20.332738044652714,9312.454399999999,9332.78713804465,2004.0,47.0,21.0,228.0,144.0,30.0,27.0,0.0,72.0,3.0,135.0,18.0,0.0
215,34,3,1874.0,2085.0,503.0,0.0,284.0,2691.0,20.044363458334114,9659.747599999995,9679.791963458329,2004.0,47.0,21.0,228.0,144.0,30.0,27.0,0.0,72.0,3.0,135.0,18.0,0.0
215,35,3,1859.0,2119.0,465.0,0.0,288.0,2691.0,63.93996925446835,10198.890400000002,10262.830369254469,2004.0,47.0,21.0,228.0,144.0,30.0,27.0,0.0,72.0,3.0,135.0,18.0,0.0
215,36,4,1845.0,2119.0,460.0,0.0,271.0,2691.0,62.60690876982658,9228.353199999998,9290.960108769825,2004.0,47.0,21.0,228.0,144.0,30.0,27.0,0.0,72.0,3.0,135.0,18.0,0.0
215,37,4,1905.0,2131.0,456.0,0.0,316.0,2691.0,20.04973859762771,10096.151999999993,10116.20173859762,2004.0,47.0,21.0,228.0,144.0,30.0,27.0,0.0,72.0,3.0,135.0,18.0,0.0
215,38,4,1846.0,2098.0,477.0,0.0,345.0,2691.0,21.871034930199563,9431.625600000001,9453.496634930201,2004.0,47.0,21.0,228.0,144.0,30.0,27.0,0.0,72.0,3.0,135.0,18.0,0.0
215,39,4,1848.0,2102.0,474.0,0.0,257.0,2691.0,62.08268381560242,9933.560800000003,9995.643483815607,2004.0,47.0,21.0,228.0,144.0,30.0,27.0,0.0,72.0,3.0,135.0,18.0,0.0
215,40,4,1860.0,2117.0,463.0,0.0,284.0,2691.0,20.889404011983324,12111.841999999993,12132.731404011978,2004.0,47.0,21.0,228.0,144.0,30.0,27.0,0.0,72.0,3.0,135.0,18.0,0.0
215,41,4,1865.0,2129.0,456.0,0.0,277.0,2691.0,101.75074702538883,10118.5968,10220.347547025387,2004.0,47.0,21.0,228.0,144.0,30.0,27.0,0.0,72.0,3.0,135.0,18.0,0.0
215,42,4,1885.0,2115.0,461.0,0.0,308.0,2691.0,60.713945908569045,8770.506000000001,8831.21994590857,2004.0,47.0,21.0,228.0,144.0,30.0,27.0,0.0,72.0,3.0,135.0,18.0,0.0
215,43,4,1839.0,2117.0,463.0,0.0,305.0,2691.0,23.128768277759267,8883.798799999997,8906.927568277757,2004.0,47.0,21.0,228.0,144.0,30.0,27.0,0.0,72.0,3.0,135.0,18.0,0.0
215,44,4,1852.0,2133.0,452.0,0.0,317.0,2691.0,20.53968743637106,9401.765999999992,9422.305687436365,2004.0,47.0,21.0,228.0,144.0,30.0,27.0,0.0,72.0,3.0,135.0,18.0,0.0
215,45,4,1856.0,2114.0,461.0,0.0,316.0,2691.0,21.480873084476137,10536.297199999994,10557.778073084468,2004.0,47.0,21.0,228.0,144.0,30.0,27.0,0.0,72.0,3.0,135.0,18.0,0.0
215,46,4,1830.0,2135.0,445.0,0.0,292.0,2691.0,60.10657872373966,9343.716799999998,9403.823378723739,2004.0,47.0,21.0,228.0,144.0,30.0,27.0,0.0,72.0,3.0,135.0,18.0,0.0
215,47,4,1840.0,2126.0,467.0,0.0,319.0,2691.0,61.68787661382764,10722.6024,10784.290276613829,2004.0,47.0,21.0,228.0,144.0,30.0,27.0,0.0,72.0,3.0,135.0,18.0,0.0
215,48,5,1854.0,2088.0,478.0,0.0,304.0,2691.0,102.98240020944894,9723.408,9826.390400209448,2004.0,47.0,21.0,228.0,144.0,30.0,27.0,0.0,72.0,3.0,135.0,18.0,0.0
215,49,5,1843.0,2119.0,473.0,0.0,295.0,2691.0,19.841157930415743,9088.073200000003,9107.914357930418,2004.0,47.0,21.0,228.0,144.0,30.0,27.0,0.0,72.0,3.0,135.0,18.0,0.0
215,50,5,1852.0,2132.0,458.0,0.0,317.0,2691.0,61.507360740753455,9354.271199999992,9415.778560740746,2004.0,47.0,21.0,228.0,144.0,30.0,27.0,0.0,72.0,3.0,135.0,18.0,0.0
215,51,5,1887.0,2113.0,467.0,0.0,334.0,2691.0,18.920209378314677,9621.938799999993,9640.859009378306,2004.0,47.0,21.0,228.0,144.0,30.0,27.0,0.0,72.0,3.0,135.0,18.0,0.0
215,52,5,1853.0,2078.0,505.0,0.0,309.0,2691.0,102.63326961283065,10398.221599999986,10500.854869612818,2004.0,47.0,21.0,228.0,144.0,30.0,27.0,0.0,72.0,3.0,135.0,18.0,0.0
215,53,5,1865.0,2111.0,478.0,0.0,246.0,2691.0,22.617050255363928,9306.709599999998,9329.326650255362,2004.0,47.0,21.0,228.0,144.0,30.0,27.0,0.0,72.0,3.0,135.0,18.0,0.0
215,54,5,1854.0,2135.0,444.0,0.0,288.0,2691.0,21.62131821301096,8629.224000000002,8650.845318213012,2004.0,47.0,21.0,228.0,144.0,30.0,27.0,0.0,72.0,3.0,135.0,18.0,0.0
215,55,5,1855.0,2137.0,465.0,0.0,255.0,2691.0,101.42528518660728,8635.503199999997,8736.928485186605,2004.0,47.0,21.0,228.0,144.0,30.0,27.0,0.0,72.0,3.0,135.0,18.0,0.0
215,56,5,1911.0,2072.0,517.0,0.0,272.0,2691.0,21.69259349410405,10230.152799999993,10251.845393494097,2004.0,47.0,21.0,228.0,144.0,30.0,27.0,0.0,72.0,3.0,135.0,18.0,0.0
215,57,5,1844.0,2148.0,435.0,0.0,309.0,2691.0,59.36914536430388,10018.3968,10077.765945364305,2004.0,47.0,21.0,228.0,144.0,30.0,27.0,0.0,72.0,3.0,135.0,18.0,0.0
215,58,5,1848.0,2156.0,435.0,0.0,261.0,2691.0,20.558778801559146,8997.024800000005,9017.583578801563,2004.0,47.0,21.0,228.0,144.0,30.0,27.0,0.0,72.0,3.0,135.0,18.0,0.0
215,59,5,1847.0,2138.0,454.0,0.0,240.0,2691.0,61.69150238165251,10897.751999999993,10959.443502381644,2004.0,47.0,21.0,228.0,144.0,30.0,27.0,0.0,72.0,3.0,135.0,18.0,0.0
215,60,6,1867.0,2120.0,456.0,0.0,310.0,2691.0,60.880954600771865,10311.915999999997,10372.79695460077,2004.0,47.0,21.0,228.0,144.0,30.0,27.0,0.0,72.0,3.0,135.0,18.0,0.0
215,61,6,1834.0,2104.0,463.0,0.0,341.0,2691.0,103.11694947816432,10738.233599999994,10841.350549478157,2004.0,47.0,21.0,228.0,144.0,30.0,27.0,0.0,72.0,3.0,135.0,18.0,0.0
215,62,6,1826.0,2105.0,470.0,0.0,302.0,2691.0,60.94134474419849,10711.580399999993,10772.52174474419,2004.0,47.0,21.0,228.0,144.0,30.0,27.0,0.0,72.0,3.0,135.0,18.0,0.0
215,63,6,1824.0,2126.0,456.0,0.0,272.0,2691.0,22.08669984465686,9705.305199999997,9727.391899844653,2004.0,47.0,21.0,228.0,144.0,30.0,27.0,0.0,72.0,3.0,135.0,18.0,0.0
215,64,6,1865.0,2106.0,486.0,0.0,310.0,2691.0,20.73691947601033,10378.448799999998,10399.185719476009,2004.0,47.0,21.0,228.0,144.0,30.0,27.0,0.0,72.0,3.0,135.0,18.0,0.0
215,65,6,1867.0,2085.0,496.0,0.0,316.0,2691.0,102.24860915341146,10385.195599999994,10487.444209153406,2004.0,47.0,21.0,228.0,144.0,30.0,27.0,0.0,72.0,3.0,135.0,18.0,0.0
215,66,6,1885.0,2129.0,452.0,0.0,295.0,2691.0,101.03945966156589,10236.766,10337.805459661562,2004.0,47.0,21.0,228.0,144.0,30.0,27.0,0.0,72.0,3.0,135.0,18.0,0.0
215,67,6,1838.0,2124.0,456.0,0.0,295.0,2691.0,20.535527993618622,10625.542,10646.077527993617,2004.0,47.0,21.0,228.0,144.0,30.0,27.0,0.0,72.0,3.0,135.0,18.0,0.0
215,68,6,1776.0,2124.0,463.0,0.0,265.0,2691.0,101.83919325626678,8670.573200000003,8772.412393256267,2004.0,47.0,21.0,228.0,144.0,30.0,27.0,0.0,72.0,3.0,135.0,18.0,0.0
215,69,6,1854.0,2067.0,496.0,0.0,351.0,2691.0,21.743653788233654,9656.073599999994,9677.81725378823,2004.0,47.0,21.0,228.0,144.0,30.0,27.0,0.0,72.0,3.0,135.0,18.0,0.0
215,70,6,1844.0,2128.0,457.0,0.0,333.0,2691.0,23.581524676815235,9870.234399999998,9893.815924676812,2004.0,47.0,21.0,228.0,144.0,30.0,27.0,0.0,72.0,3.0,135.0,18.0,0.0
215,71,6,1896.0,2095.0,475.0,0.0,297.0,2691.0,60.8001749840507,9047.124799999998,9107.924974984047,2004.0,47.0,21.0,228.0,144.0,30.0,27.0,0.0,72.0,3.0,135.0,18.0,0.0
215,72,7,1872.0,2097.0,479.0,0.0,284.0,2691.0,59.99595100042435,10538.701999999996,10598.69795100042,2004.0,47.0,21.0,228.0,144.0,30.0,27.0,0.0,72.0,3.0,135.0,18.0,0.0
215,73,7,1863.0,2130.0,455.0,0.0,287.0,2691.0,19.11325210449101,9467.096399999999,9486.20965210449,2004.0,47.0,21.0,228.0,144.0,30.0,27.0,0.0,72.0,3.0,135.0,18.0,0.0
215,74,7,1840.0,2102.0,476.0,0.0,297.0,2691.0,21.358097140285107,9998.223199999997,10019.581297140281,2004.0,47.0,21.0,228.0,144.0,30.0,27.0,0.0,72.0,3.0,135.0,18.0,0.0
215,75,7,1844.0,2154.0,437.0,0.0,296.0,2691.0,21.201811545442876,9617.730400000006,9638.932211545447,2004.0,47.0,21.0,228.0,144.0,30.0,27.0,0.0,72.0,3.0,135.0,18.0,0.0
215,76,7,1856.0,2111.0,458.0,0.0,295.0,2691.0,144.19877219948296,10366.357999999997,10510.556772199481,2004.0,47.0,21.0,228.0,144.0,30.0,27.0,0.0,72.0,3.0,135.0,18.0,0.0
215,77,7,1885.0,2123.0,471.0,0.0,284.0,2691.0,100.3883644883227,9208.313199999997,9308.701564488321,2004.0,47.0,21.0,228.0,144.0,30.0,27.0,0.0,72.0,3.0,135.0,18.0,0.0
215,78,7,1880.0,2077.0,483.0,0.0,326.0,2691.0,61.46404212607905,9818.3976,9879.86164212608,2004.0,47.0,21.0,228.0,144.0,30.0,27.0,0.0,72.0,3.0,135.0,18.0,0.0
215,79,7,1837.0,2109.0,465.0,0.0,272.0,2691.0,103.68810187333773,10374.774799999994,10478.462901873332,2004.0,47.0,21.0,228.0,144.0,30.0,27.0,0.0,72.0,3.0,135.0,18.0,0.0
215,80,7,1844.0,2134.0,449.0,0.0,314.0,2691.0,61.01309038245137,9245.3872,9306.400290382451,2004.0,47.0,21.0,228.0,144.0,30.0,27.0,0.0,72.0,3.0,135.0,18.0,0.0
215,81,7,1859.0,2103.0,480.0,0.0,261.0,2691.0,19.58256254153687,10280.119199999992,10299.701762541528,2004.0,47.0,21.0,228.0,144.0,30.0,27.0,0.0,72.0,3.0,135.0,18.0,0.0
215,82,7,1852.0,2098.0,475.0,0.0,292.0,2691.0,21.71671880520268,11066.755999999992,11088.472718805195,2004.0,47.0,21.0,228.0,144.0,30.0,27.0,0.0,72.0,3.0,135.0,18.0,0.0
215,83,7,1865.0,2115.0,472.0,0.0,291.0,2691.0,61.68707123889605,8672.911200000004,8734.5982712389,2004.0,47.0,21.0,228.0,144.0,30.0,27.0,0.0,72.0,3.0,135.0,18.0,0.0
215,84,8,1840.0,2068.0,491.0,0.0,327.0,2691.0,63.86245911593842,10464.553999999995,10528.416459115933,2004.0,47.0,21.0,228.0,144.0,30.0,27.0,0.0,72.0,3.0,135.0,18.0,0.0
215,85,8,1829.0,2145.0,450.0,0.0,319.0,2691.0,63.95288845917747,10496.150399999988,10560.103288459166,2004.0,47.0,21.0,228.0,144.0,30.0,27.0,0.0,72.0,3.0,135.0,18.0,0.0
215,86,8,1841.0,2145.0,443.0,0.0,332.0,2691.0,62.21434684779525,9132.7624,9194.976746847793,2004.0,47.0,21.0,228.0,144.0,30.0,27.0,0.0,72.0,3.0,135.0,18.0,0.0
215,87,8,1812.0,2135.0,440.0,0.0,273.0,2691.0,61.33327440621259,9964.088400000002,10025.421674406214,2004.0,47.0,21.0,228.0,144.0,30.0,27.0,0.0,72.0,3.0,135.0,18.0,0.0
215,88,8,1855.0,2085.0,500.0,0.0,318.0,2691.0,58.732096246850446,9154.0048,9212.73689624685,2004.0,47.0,21.0,228.0,144.0,30.0,27.0,0.0,72.0,3.0,135.0,18.0,0.0
215,89,8,1854.0,2104.0,486.0,0.0,302.0,2691.0,20.564504129417408,9990.808399999996,10011.372904129414,2004.0,47.0,21.0,228.0,144.0,30.0,27.0,0.0,72.0,3.0,135.0,18.0,0.0
215,90,8,1870.0,2097.0,480.0,0.0,290.0,2691.0,19.709917806243137,10042.645199999997,10062.35511780624,2004.0,47.0,21.0,228.0,144.0,30.0,27.0,0.0,72.0,3.0,135.0,18.0,0.0
215,91,8,1887.0,2112.0,469.0,0.0,252.0,2691.0,102.83538018627907,8304.843200000001,8407.67858018628,2004.0,47.0,21.0,228.0,144.0,30.0,27.0,0.0,72.0,3.0,135.0,18.0,0.0
215,92,8,1865.0,2092.0,472.0,0.0,326.0,2691.0,102.42655422480932,10269.698400000003,10372.124954224812,2004.0,47.0,21.0,228.0,144.0,30.0,27.0,0.0,72.0,3.0,135.0,18.0,0.0
215,93,8,1843.0,2082.0,468.0,0.0,298.0,2691.0,102.89670066557778,8721.0072,8823.903900665578,2004.0,47.0,21.0,228.0,144.0,30.0,27.0,0.0,72.0,3.0,135.0,18.0,0.0
215,94,8,1840.0,2128.0,446.0,0.0,295.0,2691.0,63.24283539904063,9448.058399999996,9511.301235399038,2004.0,47.0,21.0,228.0,144.0,30.0,27.0,0.0,72.0,3.0,135.0,18.0,0.0
215,95,8,1894.0,2130.0,458.0,0.0,284.0,2691.0,63.16015972342554,11661.27599999999,11724.436159723415,2004.0,47.0,21.0,228.0,144.0,30.0,27.0,0.0,72.0,3.0,135.0,18.0,0.0
215,96,9,1862.0,2144.0,451.0,0.0,285.0,2691.0,61.76237003383312,10336.965999999995,10398.728370033828,2004.0,47.0,21.0,228.0,144.0,30.0,27.0,0.0,72.0,3.0,135.0,18.0,0.0
215,97,9,1843.0,2112.0,454.0,0.0,337.0,2691.0,62.11120879878797,10185.129599999997,10247.240808798784,2004.0,47.0,21.0,228.0,144.0,30.0,27.0,0.0,72.0,3.0,135.0,18.0,0.0
215,98,9,1834.0,2078.0,521.0,0.0,283.0,2691.0,64.29165638805792,8840.0448,8904.336456388059,2004.0,47.0,21.0,228.0,144.0,30.0,27.0,0.0,72.0,3.0,135.0,18.0,0.0
215,99,9,1832.0,2124.0,456.0,0.0,306.0,2691.0,60.62121740729258,10411.247599999995,10471.868817407287,2004.0,47.0,21.0,228.0,144.0,30.0,27.0,0.0,72.0,3.0,135.0,18.0,0.0
215,100,9,1847.0,2126.0,464.0,0.0,301.0,2691.0,21.85493879175707,9759.012399999996,9780.867338791753,2004.0,47.0,21.0,228.0,144.0,30.0,27.0,0.0,72.0,3.0,135.0,18.0,0.0
215,101,9,1796.0,2134.0,459.0,0.0,305.0,2691.0,21.526613225255897,9430.489999999998,9452.016613225254,2004.0,47.0,21.0,228.0,144.0,30.0,27.0,0.0,72.0,3.0,135.0,18.0,0.0
215,102,9,1842.0,2141.0,446.0,0.0,326.0,2691.0,62.79241480219574,10553.798799999999,10616.591214802194,2004.0,47.0,21.0,228.0,144.0,30.0,27.0,0.0,72.0,3.0,135.0,18.0,0.0
215,103,9,1858.0,2115.0,478.0,0.0,327.0,2691.0,141.81837334036123,9929.485999999994,10071.304373340356,2004.0,47.0,21.0,228.0,144.0,30.0,27.0,0.0,72.0,3.0,135.0,18.0,0.0
215,104,9,1793.0,2155.0,437.0,0.0,304.0,2691.0,60.8321377289954,10407.573600000003,10468.405737729,2004.0,47.0,21.0,228.0,144.0,30.0,27.0,0.0,72.0,3.0,135.0,18.0,0.0
215,105,9,1848.0,2130.0,455.0,0.0,280.0,2691.0,20.29697437802003,9122.341600000002,9142.638574378023,2004.0,47.0,21.0,228.0,144.0,30.0,27.0,0.0,72.0,3.0,135.0,18.0,0.0
215,106,9,1828.0,2096.0,493.0,0.0,267.0,2691.0,22.322279446592418,9028.754799999995,9051.077079446586,2004.0,47.0,21.0,228.0,144.0,30.0,27.0,0.0,72.0,3.0,135.0,18.0,0.0
215,107,9,1820.0,2079.0,491.0,0.0,251.0,2691.0,102.5591197305394,10225.877599999994,10328.436719730533,2004.0,47.0,21.0,228.0,144.0,30.0,27.0,0.0,72.0,3.0,135.0,18.0,0.0
215,108,10,1843.0,2116.0,467.0,0.0,323.0,2691.0,21.20583156893492,9343.64999999999,9364.855831568926,2004.0,47.0,21.0,228.0,144.0,30.0,27.0,0.0,72.0,3.0,135.0,18.0,0.0
215,109,10,1855.0,2106.0,477.0,0.0,285.0,2691.0,101.06484972228444,9600.562799999994,9701.627649722279,2004.0,47.0,21.0,228.0,144.0,30.0,27.0,0.0,72.0,3.0,135.0,18.0,0.0
215,110,10,1867.0,2117.0,461.0,0.0,321.0,2691.0,21.619203889811807,10026.479599999999,10048.09880388981,2004.0,47.0,21.0,228.0,144.0,30.0,27.0,0.0,72.0,3.0,135.0,18.0,0.0
215,111,10,1845.0,2123.0,461.0,0.0,308.0,2691.0,20.160324282063293,10117.862,10138.022324282063,2004.0,47.0,21.0,228.0,144.0,30.0,27.0,0.0,72.0,3.0,135.0,18.0,0.0
215,112,10,1794.0,2106.0,482.0,0.0,279.0,2691.0,62.05875940154708,10366.157599999995,10428.216359401544,2004.0,47.0,21.0,228.0,144.0,30.0,27.0,0.0,72.0,3.0,135.0,18.0,0.0
215,113,10,1856.0,2138.0,445.0,0.0,310.0,2691.0,18.943021792009894,11175.30599999999,11194.249021791999,2004.0,47.0,21.0,228.0,144.0,30.0,27.0,0.0,72.0,3.0,135.0,18.0,0.0
215,114,10,1848.0,2100.0,482.0,0.0,272.0,2691.0,22.52658957337567,9789.539999999994,9812.06658957337,2004.0,47.0,21.0,228.0,144.0,30.0,27.0,0.0,72.0,3.0,135.0,18.0,0.0
215,115,10,1824.0,2131.0,466.0,0.0,292.0,2691.0,22.166048949856815,10936.095199999987,10958.261248949842,2004.0,47.0,21.0,228.0,144.0,30.0,27.0,0.0,72.0,3.0,135.0,18.0,0.0
215,116,10,1870.0,2133.0,451.0,0.0,278.0,2691.0,62.04168613027476,11186.795599999987,11248.837286130263,2004.0,47.0,21.0,228.0,144.0,30.0,27.0,0.0,72.0,3.0,135.0,18.0,0.0
215,117,10,1846.0,2126.0,457.0,0.0,261.0,2691.0,21.23482230253451,10035.898400000002,10057.133222302535,2004.0,47.0,21.0,228.0,144.0,30.0,27.0,0.0,72.0,3.0,135.0,18.0,0.0
215,118,10,1859.0,2127.0,468.0,0.0,278.0,2691.0,22.29725547909931,9615.325599999996,9637.622855479096,2004.0,47.0,21.0,228.0,144.0,30.0,27.0,0.0,72.0,3.0,135.0,18.0,0.0
215,119,10,1877.0,2114.0,466.0,0.0,296.0,2691.0,104.2469941217642,9752.8,9857.046994121765,2004.0,47.0,21.0,228.0,144.0,30.0,27.0,0.0,72.0,3.0,135.0,18.0,0.0
216,0,1,1895.0,2109.0,475.0,0.0,307.0,2691.0,58.46565626104535,11302.493199999994,11360.958856261039,2004.0,47.0,21.0,228.0,144.0,30.0,27.0,0.0,72.0,3.0,135.0,18.0,0.0
216,1,1,1848.0,2134.0,435.0,0.0,316.0,2691.0,57.41818568661791,11831.081600000001,11888.49978568662,2004.0,47.0,21.0,228.0,144.0,30.0,27.0,0.0,72.0,3.0,135.0,18.0,0.0
216,2,1,1832.0,2131.0,444.0,0.0,353.0,2691.0,16.95242227000157,9577.049199999996,9594.001622269998,2004.0,47.0,21.0,228.0,144.0,30.0,27.0,0.0,72.0,3.0,135.0,18.0,0.0
216,3,1,1818.0,2104.0,490.0,0.0,338.0,2691.0,138.8407903073463,11166.154400000003,11304.995190307349,2004.0,47.0,21.0,228.0,144.0,30.0,27.0,0.0,72.0,3.0,135.0,18.0,0.0
216,4,1,1872.0,2107.0,477.0,0.0,274.0,2691.0,57.32263131674811,11399.019199999995,11456.341831316742,2004.0,47.0,21.0,228.0,144.0,30.0,27.0,0.0,72.0,3.0,135.0,18.0,0.0
216,5,1,1902.0,2097.0,477.0,0.0,338.0,2691.0,17.24485017691559,11558.804799999993,11576.049650176908,2004.0,47.0,21.0,228.0,144.0,30.0,27.0,0.0,72.0,3.0,135.0,18.0,0.0
216,6,1,1849.0,2149.0,429.0,0.0,328.0,2691.0,17.833240707308434,11882.183599999991,11900.0168407073,2004.0,47.0,21.0,228.0,144.0,30.0,27.0,0.0,72.0,3.0,135.0,18.0,0.0
216,7,1,1868.0,2100.0,487.0,0.0,322.0,2691.0,100.10487556885715,11199.687999999998,11299.792875568855,2004.0,47.0,21.0,228.0,144.0,30.0,27.0,0.0,72.0,3.0,135.0,18.0,0.0
216,8,1,1901.0,2111.0,461.0,0.0,327.0,2691.0,96.62725453072024,9591.010400000003,9687.637654530723,2004.0,47.0,21.0,228.0,144.0,30.0,27.0,0.0,72.0,3.0,135.0,18.0,0.0
216,9,1,1881.0,2145.0,454.0,0.0,269.0,2691.0,57.772469920547934,10858.2064,10915.97886992055,2004.0,47.0,21.0,228.0,144.0,30.0,27.0,0.0,72.0,3.0,135.0,18.0,0.0
216,10,1,1901.0,2069.0,513.0,0.0,349.0,2691.0,99.28411833673727,11361.477600000002,11460.761718336737,2004.0,47.0,21.0,228.0,144.0,30.0,27.0,0.0,72.0,3.0,135.0,18.0,0.0
216,11,1,1800.0,2105.0,477.0,0.0,333.0,2691.0,18.305130176079324,12999.814399999996,13018.119530176074,2004.0,47.0,21.0,228.0,144.0,30.0,27.0,0.0,72.0,3.0,135.0,18.0,0.0
216,12,2,1882.0,2130.0,432.0,0.0,315.0,2691.0,56.64974570128518,10443.712399999997,10500.362145701281,2004.0,47.0,21.0,228.0,144.0,30.0,27.0,0.0,72.0,3.0,135.0,18.0,0.0
216,13,2,1838.0,2096.0,490.0,0.0,330.0,2691.0,57.33617448761338,12351.520400000001,12408.856574487614,2004.0,47.0,21.0,228.0,144.0,30.0,27.0,0.0,72.0,3.0,135.0,18.0,0.0
216,14,2,1865.0,2114.0,471.0,0.0,277.0,2691.0,59.330679885488436,12490.731599999997,12550.062279885486,2004.0,47.0,21.0,228.0,144.0,30.0,27.0,0.0,72.0,3.0,135.0,18.0,0.0
216,15,2,1861.0,2147.0,430.0,0.0,329.0,2691.0,98.58952965013516,11086.461999999998,11185.051529650133,2004.0,47.0,21.0,228.0,144.0,30.0,27.0,0.0,72.0,3.0,135.0,18.0,0.0
216,16,2,1828.0,2133.0,443.0,0.0,324.0,2691.0,17.117199791712423,10400.492800000004,10417.609999791717,2004.0,47.0,21.0,228.0,144.0,30.0,27.0,0.0,72.0,3.0,135.0,18.0,0.0
216,17,2,1867.0,2092.0,502.0,0.0,321.0,2691.0,137.5664256786531,12023.599199999997,12161.16562567865,2004.0,47.0,21.0,228.0,144.0,30.0,27.0,0.0,72.0,3.0,135.0,18.0,0.0
216,18,2,1851.0,2110.0,458.0,0.0,265.0,2691.0,56.5477744345942,10075.2436,10131.791374434593,2004.0,47.0,21.0,228.0,144.0,30.0,27.0,0.0,72.0,3.0,135.0,18.0,0.0
216,19,2,1844.0,2085.0,496.0,0.0,307.0,2691.0,59.215564331599076,10753.664399999994,10812.879964331594,2004.0,47.0,21.0,228.0,144.0,30.0,27.0,0.0,72.0,3.0,135.0,18.0,0.0
216,20,2,1849.0,2102.0,490.0,0.0,283.0,2691.0,16.415032896291972,9990.340800000002,10006.755832896295,2004.0,47.0,21.0,228.0,144.0,30.0,27.0,0.0,72.0,3.0,135.0,18.0,0.0
216,21,2,1888.0,2106.0,488.0,0.0,317.0,2691.0,19.02757948496322,11252.660399999997,11271.687979484961,2004.0,47.0,21.0,228.0,144.0,30.0,27.0,0.0,72.0,3.0,135.0,18.0,0.0
216,22,2,1837.0,2131.0,464.0,0.0,276.0,2691.0,17.2500873154089,11512.178399999993,11529.428487315403,2004.0,47.0,21.0,228.0,144.0,30.0,27.0,0.0,72.0,3.0,135.0,18.0,0.0
216,23,2,1850.0,2143.0,453.0,0.0,327.0,2691.0,58.591384480764304,12665.0128,12723.604184480764,2004.0,47.0,21.0,228.0,144.0,30.0,27.0,0.0,72.0,3.0,135.0,18.0,0.0
216,24,3,1836.0,2107.0,480.0,0.0,335.0,2691.0,17.690195130692587,11618.123200000002,11635.813395130695,2004.0,47.0,21.0,228.0,144.0,30.0,27.0,0.0,72.0,3.0,135.0,18.0,0.0
216,25,3,1835.0,2140.0,454.0,0.0,292.0,2691.0,18.16179697850232,11099.755199999998,11117.9169969785,2004.0,47.0,21.0,228.0,144.0,30.0,27.0,0.0,72.0,3.0,135.0,18.0,0.0
216,26,3,1857.0,2101.0,482.0,0.0,329.0,2691.0,97.5674184644781,10142.110399999998,10239.677818464475,2004.0,47.0,21.0,228.0,144.0,30.0,27.0,0.0,72.0,3.0,135.0,18.0,0.0
216,27,3,1866.0,2082.0,506.0,0.0,283.0,2691.0,98.92046561941444,12778.639599999991,12877.560065619407,2004.0,47.0,21.0,228.0,144.0,30.0,27.0,0.0,72.0,3.0,135.0,18.0,0.0
216,28,3,1841.0,2136.0,454.0,0.0,289.0,2691.0,18.95675856956664,10983.5232,11002.479958569565,2004.0,47.0,21.0,228.0,144.0,30.0,27.0,0.0,72.0,3.0,135.0,18.0,0.0
216,29,3,1828.0,2150.0,432.0,0.0,277.0,2691.0,56.057001474694914,11460.675600000002,11516.732601474698,2004.0,47.0,21.0,228.0,144.0,30.0,27.0,0.0,72.0,3.0,135.0,18.0,0.0
216,30,3,1883.0,2134.0,459.0,0.0,292.0,2691.0,57.589858327790324,10942.708399999992,11000.29825832778,2004.0,47.0,21.0,228.0,144.0,30.0,27.0,0.0,72.0,3.0,135.0,18.0,0.0
216,31,3,1923.0,2115.0,460.0,0.0,307.0,2691.0,60.76604962437973,12522.194399999998,12582.960449624377,2004.0,47.0,21.0,228.0,144.0,30.0,27.0,0.0,72.0,3.0,135.0,18.0,0.0
216,32,3,1842.0,2090.0,490.0,0.0,316.0,2691.0,58.995147002478234,10683.190399999998,10742.185547002477,2004.0,47.0,21.0,228.0,144.0,30.0,27.0,0.0,72.0,3.0,135.0,18.0,0.0
216,33,3,1874.0,2092.0,495.0,0.0,299.0,2691.0,16.573962197369557,11245.445999999998,11262.019962197366,2004.0,47.0,21.0,228.0,144.0,30.0,27.0,0.0,72.0,3.0,135.0,18.0,0.0
216,34,3,1859.0,2117.0,467.0,0.0,306.0,2691.0,100.4962177146377,11223.001200000004,11323.497417714643,2004.0,47.0,21.0,228.0,144.0,30.0,27.0,0.0,72.0,3.0,135.0,18.0,0.0
216,35,3,1845.0,2124.0,455.0,0.0,283.0,2691.0,100.24233539056607,10489.871199999998,10590.113535390563,2004.0,47.0,21.0,228.0,144.0,30.0,27.0,0.0,72.0,3.0,135.0,18.0,0.0
216,36,4,1905.0,2128.0,459.0,0.0,330.0,2691.0,16.842430280081082,11164.551199999998,11181.393630280078,2004.0,47.0,21.0,228.0,144.0,30.0,27.0,0.0,72.0,3.0,135.0,18.0,0.0
216,37,4,1846.0,2102.0,474.0,0.0,348.0,2691.0,18.55506119032173,10725.074000000002,10743.629061190324,2004.0,47.0,21.0,228.0,144.0,30.0,27.0,0.0,72.0,3.0,135.0,18.0,0.0
216,38,4,1848.0,2108.0,468.0,0.0,267.0,2691.0,98.84316689072232,11393.942400000004,11492.785566890725,2004.0,47.0,21.0,228.0,144.0,30.0,27.0,0.0,72.0,3.0,135.0,18.0,0.0
216,39,4,1860.0,2110.0,470.0,0.0,291.0,2691.0,59.019085463592404,13251.516799999994,13310.535885463587,2004.0,47.0,21.0,228.0,144.0,30.0,27.0,0.0,72.0,3.0,135.0,18.0,0.0
216,40,4,1865.0,2131.0,454.0,0.0,292.0,2691.0,99.18855569338066,11453.394400000001,11552.582955693382,2004.0,47.0,21.0,228.0,144.0,30.0,27.0,0.0,72.0,3.0,135.0,18.0,0.0
216,41,4,1885.0,2113.0,463.0,0.0,320.0,2691.0,58.253293376614764,9968.363599999997,10026.616893376613,2004.0,47.0,21.0,228.0,144.0,30.0,27.0,0.0,72.0,3.0,135.0,18.0,0.0
216,42,4,1839.0,2111.0,468.0,0.0,318.0,2691.0,19.237378057369884,10338.1684,10357.405778057371,2004.0,47.0,21.0,228.0,144.0,30.0,27.0,0.0,72.0,3.0,135.0,18.0,0.0
216,43,4,1852.0,2125.0,460.0,0.0,327.0,2691.0,17.08537272748714,10024.542399999997,10041.627772727483,2004.0,47.0,21.0,228.0,144.0,30.0,27.0,0.0,72.0,3.0,135.0,18.0,0.0
216,44,4,1856.0,2117.0,458.0,0.0,321.0,2691.0,17.26910968141993,11021.5324,11038.80150968142,2004.0,47.0,21.0,228.0,144.0,30.0,27.0,0.0,72.0,3.0,135.0,18.0,0.0
216,45,4,1830.0,2139.0,441.0,0.0,312.0,2691.0,57.57962931097043,10206.037999999999,10263.61762931097,2004.0,47.0,21.0,228.0,144.0,30.0,27.0,0.0,72.0,3.0,135.0,18.0,0.0
216,46,4,1840.0,2135.0,457.0,0.0,325.0,2691.0,58.41263295284916,12349.315999999997,12407.728632952847,2004.0,47.0,21.0,228.0,144.0,30.0,27.0,0.0,72.0,3.0,135.0,18.0,0.0
216,47,4,1854.0,2093.0,473.0,0.0,330.0,2691.0,98.91988408546476,11042.04,11140.959884085467,2004.0,47.0,21.0,228.0,144.0,30.0,27.0,0.0,72.0,3.0,135.0,18.0,0.0
216,48,5,1843.0,2111.0,481.0,0.0,309.0,2691.0,179.40792742773635,10263.686399999999,10443.094327427734,2004.0,47.0,21.0,228.0,144.0,30.0,27.0,0.0,72.0,3.0,135.0,18.0,0.0
216,49,5,1852.0,2111.0,479.0,0.0,329.0,2691.0,99.36986369409688,11113.783199999993,11213.15306369409,2004.0,47.0,21.0,228.0,144.0,30.0,27.0,0.0,72.0,3.0,135.0,18.0,0.0
216,50,5,1887.0,2104.0,476.0,0.0,349.0,2691.0,55.85689024689694,10908.239599999992,10964.09649024689,2004.0,47.0,21.0,228.0,144.0,30.0,27.0,0.0,72.0,3.0,135.0,18.0,0.0
216,51,5,1853.0,2084.0,499.0,0.0,320.0,2691.0,58.412159723165466,11386.661199999991,11445.073359723156,2004.0,47.0,21.0,228.0,144.0,30.0,27.0,0.0,72.0,3.0,135.0,18.0,0.0
216,52,5,1865.0,2111.0,478.0,0.0,261.0,2691.0,17.357832890722428,10467.894,10485.251832890723,2004.0,47.0,21.0,228.0,144.0,30.0,27.0,0.0,72.0,3.0,135.0,18.0,0.0
216,53,5,1854.0,2133.0,446.0,0.0,296.0,2691.0,99.2827679267803,10178.249200000004,10277.531967926785,2004.0,47.0,21.0,228.0,144.0,30.0,27.0,0.0,72.0,3.0,135.0,18.0,0.0
216,54,5,1855.0,2135.0,466.0,0.0,273.0,2691.0,98.16074970740914,9679.453599999999,9777.614349707408,2004.0,47.0,21.0,228.0,144.0,30.0,27.0,0.0,72.0,3.0,135.0,18.0,0.0
216,55,5,1911.0,2075.0,514.0,0.0,283.0,2691.0,18.742184056009286,11369.760799999993,11388.502984056004,2004.0,47.0,21.0,228.0,144.0,30.0,27.0,0.0,72.0,3.0,135.0,18.0,0.0
216,56,5,1844.0,2149.0,434.0,0.0,328.0,2691.0,56.697167613351006,11109.307600000007,11166.004767613358,2004.0,47.0,21.0,228.0,144.0,30.0,27.0,0.0,72.0,3.0,135.0,18.0,0.0
216,57,5,1848.0,2149.0,442.0,0.0,275.0,2691.0,57.62829649544252,10263.018399999997,10320.64669649544,2004.0,47.0,21.0,228.0,144.0,30.0,27.0,0.0,72.0,3.0,135.0,18.0,0.0
216,58,5,1847.0,2110.0,482.0,0.0,249.0,2691.0,97.80062998463997,11667.955999999993,11765.756629984633,2004.0,47.0,21.0,228.0,144.0,30.0,27.0,0.0,72.0,3.0,135.0,18.0,0.0
216,59,5,1867.0,2118.0,458.0,0.0,324.0,2691.0,57.0822037707147,11409.907599999999,11466.989803770713,2004.0,47.0,21.0,228.0,144.0,30.0,27.0,0.0,72.0,3.0,135.0,18.0,0.0
216,60,6,1834.0,2097.0,470.0,0.0,373.0,2691.0,100.61449105265244,12037.293199999996,12137.90769105265,2004.0,47.0,21.0,228.0,144.0,30.0,27.0,0.0,72.0,3.0,135.0,18.0,0.0
216,61,6,1826.0,2101.0,475.0,0.0,314.0,2691.0,56.97169615183046,12040.633199999997,12097.604896151826,2004.0,47.0,21.0,228.0,144.0,30.0,27.0,0.0,72.0,3.0,135.0,18.0,0.0
216,62,6,1824.0,2127.0,455.0,0.0,279.0,2691.0,58.59634117098222,11207.503599999995,11266.099941170978,2004.0,47.0,21.0,228.0,144.0,30.0,27.0,0.0,72.0,3.0,135.0,18.0,0.0
216,63,6,1865.0,2115.0,477.0,0.0,328.0,2691.0,17.351184005583974,11917.253600000002,11934.604784005585,2004.0,47.0,21.0,228.0,144.0,30.0,27.0,0.0,72.0,3.0,135.0,18.0,0.0
216,64,6,1867.0,2081.0,501.0,0.0,329.0,2691.0,139.79572789605953,11416.921599999996,11556.717327896056,2004.0,47.0,21.0,228.0,144.0,30.0,27.0,0.0,72.0,3.0,135.0,18.0,0.0
216,65,6,1885.0,2127.0,454.0,0.0,316.0,2691.0,98.44689229098452,11609.038399999998,11707.485292290983,2004.0,47.0,21.0,228.0,144.0,30.0,27.0,0.0,72.0,3.0,135.0,18.0,0.0
216,66,6,1838.0,2120.0,460.0,0.0,321.0,2691.0,58.46651900902134,12323.731599999996,12382.198119009017,2004.0,47.0,21.0,228.0,144.0,30.0,27.0,0.0,72.0,3.0,135.0,18.0,0.0
216,67,6,1776.0,2135.0,454.0,0.0,277.0,2691.0,98.88174643631818,10257.474000000002,10356.35574643632,2004.0,47.0,21.0,228.0,144.0,30.0,27.0,0.0,72.0,3.0,135.0,18.0,0.0
216,68,6,1854.0,2068.0,495.0,0.0,358.0,2691.0,57.93610779738468,10696.951199999996,10754.88730779738,2004.0,47.0,21.0,228.0,144.0,30.0,27.0,0.0,72.0,3.0,135.0,18.0,0.0
216,69,6,1844.0,2135.0,450.0,0.0,343.0,2691.0,19.594816865637288,11309.841199999997,11329.436016865635,2004.0,47.0,21.0,228.0,144.0,30.0,27.0,0.0,72.0,3.0,135.0,18.0,0.0
216,70,6,1896.0,2090.0,481.0,0.0,308.0,2691.0,98.39604444740678,10090.340399999997,10188.736444447404,2004.0,47.0,21.0,228.0,144.0,30.0,27.0,0.0,72.0,3.0,135.0,18.0,0.0
216,71,6,1872.0,2102.0,475.0,0.0,291.0,2691.0,57.19727273609077,11991.936000000002,12049.133272736093,2004.0,47.0,21.0,228.0,144.0,30.0,27.0,0.0,72.0,3.0,135.0,18.0,0.0
216,72,7,1863.0,2130.0,454.0,0.0,301.0,2691.0,16.06790438896362,10921.666400000002,10937.734304388965,2004.0,47.0,21.0,228.0,144.0,30.0,27.0,0.0,72.0,3.0,135.0,18.0,0.0
216,73,7,1840.0,2104.0,474.0,0.0,308.0,2691.0,17.878455501918058,11271.898799999999,11289.777255501918,2004.0,47.0,21.0,228.0,144.0,30.0,27.0,0.0,72.0,3.0,135.0,18.0,0.0
216,74,7,1844.0,2157.0,434.0,0.0,304.0,2691.0,16.60788019916508,11108.105200000005,11124.71308019917,2004.0,47.0,21.0,228.0,144.0,30.0,27.0,0.0,72.0,3.0,135.0,18.0,0.0
216,75,7,1856.0,2104.0,465.0,0.0,309.0,2691.0,140.18912188522535,11048.052000000001,11188.241121885227,2004.0,47.0,21.0,228.0,144.0,30.0,27.0,0.0,72.0,3.0,135.0,18.0,0.0
216,76,7,1885.0,2123.0,471.0,0.0,295.0,2691.0,97.0431073640274,10733.290400000002,10830.333507364028,2004.0,47.0,21.0,228.0,144.0,30.0,27.0,0.0,72.0,3.0,135.0,18.0,0.0
216,77,7,1880.0,2078.0,482.0,0.0,350.0,2691.0,58.702879742242594,10577.9804,10636.683279742243,2004.0,47.0,21.0,228.0,144.0,30.0,27.0,0.0,72.0,3.0,135.0,18.0,0.0
216,78,7,1837.0,2110.0,464.0,0.0,286.0,2691.0,100.62373726661723,11466.754399999994,11567.37813726661,2004.0,47.0,21.0,228.0,144.0,30.0,27.0,0.0,72.0,3.0,135.0,18.0,0.0
216,79,7,1844.0,2132.0,451.0,0.0,328.0,2691.0,57.87135513960307,10381.6552,10439.526555139602,2004.0,47.0,21.0,228.0,144.0,30.0,27.0,0.0,72.0,3.0,135.0,18.0,0.0
216,80,7,1859.0,2109.0,474.0,0.0,268.0,2691.0,15.818436066254424,11112.179999999993,11127.998436066247,2004.0,47.0,21.0,228.0,144.0,30.0,27.0,0.0,72.0,3.0,135.0,18.0,0.0
216,81,7,1852.0,2099.0,474.0,0.0,306.0,2691.0,18.124910588060875,12766.949599999998,12785.07451058806,2004.0,47.0,21.0,228.0,144.0,30.0,27.0,0.0,72.0,3.0,135.0,18.0,0.0
216,82,7,1865.0,2118.0,469.0,0.0,313.0,2691.0,99.23222915843006,10137.835200000001,10237.067429158431,2004.0,47.0,21.0,228.0,144.0,30.0,27.0,0.0,72.0,3.0,135.0,18.0,0.0
216,83,7,1840.0,2078.0,481.0,0.0,340.0,2691.0,58.60563437144043,12293.938799999998,12352.544434371437,2004.0,47.0,21.0,228.0,144.0,30.0,27.0,0.0,72.0,3.0,135.0,18.0,0.0
216,84,8,1829.0,2144.0,451.0,0.0,337.0,2691.0,59.75210150086552,11564.749999999993,11624.50210150086,2004.0,47.0,21.0,228.0,144.0,30.0,27.0,0.0,72.0,3.0,135.0,18.0,0.0
216,85,8,1841.0,2132.0,456.0,0.0,345.0,2691.0,98.16243873747807,10469.163199999999,10567.325638737477,2004.0,47.0,21.0,228.0,144.0,30.0,27.0,0.0,72.0,3.0,135.0,18.0,0.0
216,86,8,1812.0,2140.0,436.0,0.0,278.0,2691.0,57.81355669515594,10938.900800000005,10996.714356695162,2004.0,47.0,21.0,228.0,144.0,30.0,27.0,0.0,72.0,3.0,135.0,18.0,0.0
216,87,8,1855.0,2088.0,497.0,0.0,331.0,2691.0,96.63974868555823,10594.145999999999,10690.785748685557,2004.0,47.0,21.0,228.0,144.0,30.0,27.0,0.0,72.0,3.0,135.0,18.0,0.0
216,88,8,1854.0,2099.0,491.0,0.0,319.0,2691.0,18.40277422526613,11142.5072,11160.909974225266,2004.0,47.0,21.0,228.0,144.0,30.0,27.0,0.0,72.0,3.0,135.0,18.0,0.0
216,89,8,1870.0,2098.0,479.0,0.0,309.0,2691.0,56.69776096476461,10820.1972,10876.894960964764,2004.0,47.0,21.0,228.0,144.0,30.0,27.0,0.0,72.0,3.0,135.0,18.0,0.0
216,90,8,1887.0,2118.0,463.0,0.0,265.0,2691.0,98.67398688189337,9224.679199999999,9323.353186881892,2004.0,47.0,21.0,228.0,144.0,30.0,27.0,0.0,72.0,3.0,135.0,18.0,0.0
216,91,8,1865.0,2094.0,470.0,0.0,336.0,2691.0,57.98604178713117,11153.462400000004,11211.448441787135,2004.0,47.0,21.0,228.0,144.0,30.0,27.0,0.0,72.0,3.0,135.0,18.0,0.0
216,92,8,1843.0,2081.0,469.0,0.0,317.0,2691.0,98.22998016325664,9956.606800000001,10054.836780163258,2004.0,47.0,21.0,228.0,144.0,30.0,27.0,0.0,72.0,3.0,135.0,18.0,0.0
216,93,8,1840.0,2132.0,443.0,0.0,320.0,2691.0,101.0721648043104,10923.803999999996,11024.876164804307,2004.0,47.0,21.0,228.0,144.0,30.0,27.0,0.0,72.0,3.0,135.0,18.0,0.0
216,94,8,1894.0,2106.0,482.0,0.0,293.0,2691.0,18.490862897849787,13357.528399999994,13376.019262897842,2004.0,47.0,21.0,228.0,144.0,30.0,27.0,0.0,72.0,3.0,135.0,18.0,0.0
216,95,8,1862.0,2144.0,451.0,0.0,291.0,2691.0,58.20014920844186,11559.472799999996,11617.672949208436,2004.0,47.0,21.0,228.0,144.0,30.0,27.0,0.0,72.0,3.0,135.0,18.0,0.0
216,96,9,1843.0,2121.0,445.0,0.0,355.0,2691.0,98.46619127101408,11742.638399999996,11841.10459127101,2004.0,47.0,21.0,228.0,144.0,30.0,27.0,0.0,72.0,3.0,135.0,18.0,0.0
216,97,9,1834.0,2085.0,514.0,0.0,295.0,2691.0,58.77934921429771,9972.104400000002,10030.8837492143,2004.0,47.0,21.0,228.0,144.0,30.0,27.0,0.0,72.0,3.0,135.0,18.0,0.0
216,98,9,1832.0,2118.0,462.0,0.0,323.0,2691.0,58.01164024623575,12345.775599999992,12403.787240246227,2004.0,47.0,21.0,228.0,144.0,30.0,27.0,0.0,72.0,3.0,135.0,18.0,0.0
216,99,9,1847.0,2124.0,466.0,0.0,308.0,2691.0,16.865300661779454,10787.865999999996,10804.731300661777,2004.0,47.0,21.0,228.0,144.0,30.0,27.0,0.0,72.0,3.0,135.0,18.0,0.0
216,100,9,1796.0,2139.0,455.0,0.0,321.0,2691.0,18.790710936084274,11084.5916,11103.382310936086,2004.0,47.0,21.0,228.0,144.0,30.0,27.0,0.0,72.0,3.0,135.0,18.0,0.0
216,101,9,1842.0,2149.0,438.0,0.0,342.0,2691.0,99.75736483261171,11538.497599999997,11638.25496483261,2004.0,47.0,21.0,228.0,144.0,30.0,27.0,0.0,72.0,3.0,135.0,18.0,0.0
216,102,9,1858.0,2106.0,488.0,0.0,339.0,2691.0,139.09633116514075,11951.187999999995,12090.284331165138,2004.0,47.0,21.0,228.0,144.0,30.0,27.0,0.0,72.0,3.0,135.0,18.0,0.0
216,103,9,1793.0,2154.0,438.0,0.0,318.0,2691.0,99.18310734242161,11893.472800000001,11992.655907342423,2004.0,47.0,21.0,228.0,144.0,30.0,27.0,0.0,72.0,3.0,135.0,18.0,0.0
216,104,9,1848.0,2133.0,452.0,0.0,297.0,2691.0,16.66283985197427,9987.869200000005,10004.53203985198,2004.0,47.0,21.0,228.0,144.0,30.0,27.0,0.0,72.0,3.0,135.0,18.0,0.0
216,105,9,1828.0,2096.0,493.0,0.0,280.0,2691.0,18.026528712918783,10607.305599999996,10625.332128712915,2004.0,47.0,21.0,228.0,144.0,30.0,27.0,0.0,72.0,3.0,135.0,18.0,0.0
216,106,9,1820.0,2072.0,498.0,0.0,263.0,2691.0,59.20024419548893,11977.239999999994,12036.440244195484,2004.0,47.0,21.0,228.0,144.0,30.0,27.0,0.0,72.0,3.0,135.0,18.0,0.0
216,107,9,1843.0,2118.0,465.0,0.0,342.0,2691.0,18.438346564492303,10736.897599999997,10755.33594656449,2004.0,47.0,21.0,228.0,144.0,30.0,27.0,0.0,72.0,3.0,135.0,18.0,0.0
216,108,10,1855.0,2109.0,474.0,0.0,301.0,2691.0,57.597789889948366,11158.004799999995,11215.602589889942,2004.0,47.0,21.0,228.0,144.0,30.0,27.0,0.0,72.0,3.0,135.0,18.0,0.0
216,109,10,1867.0,2119.0,459.0,0.0,334.0,2691.0,18.690676182471,11049.989200000002,11068.679876182472,2004.0,47.0,21.0,228.0,144.0,30.0,27.0,0.0,72.0,3.0,135.0,18.0,0.0
216,110,10,1845.0,2128.0,457.0,0.0,325.0,2691.0,17.375454669605727,10960.4104,10977.785854669608,2004.0,47.0,21.0,228.0,144.0,30.0,27.0,0.0,72.0,3.0,135.0,18.0,0.0
216,111,10,1794.0,2108.0,480.0,0.0,297.0,2691.0,98.54484481656002,11592.939599999998,11691.484444816557,2004.0,47.0,21.0,228.0,144.0,30.0,27.0,0.0,72.0,3.0,135.0,18.0,0.0
216,112,10,1856.0,2138.0,445.0,0.0,332.0,2691.0,16.36022269169491,12340.631999999996,12356.99222269169,2004.0,47.0,21.0,228.0,144.0,30.0,27.0,0.0,72.0,3.0,135.0,18.0,0.0
216,113,10,1848.0,2102.0,479.0,0.0,285.0,2691.0,59.60747009010099,10610.044399999995,10669.651870090096,2004.0,47.0,21.0,228.0,144.0,30.0,27.0,0.0,72.0,3.0,135.0,18.0,0.0
216,114,10,1824.0,2136.0,462.0,0.0,311.0,2691.0,18.172422907802957,11888.66319999999,11906.835622907793,2004.0,47.0,21.0,228.0,144.0,30.0,27.0,0.0,72.0,3.0,135.0,18.0,0.0
216,115,10,1870.0,2113.0,471.0,0.0,300.0,2691.0,17.92374860830019,12327.672799999991,12345.596548608293,2004.0,47.0,21.0,228.0,144.0,30.0,27.0,0.0,72.0,3.0,135.0,18.0,0.0
216,116,10,1846.0,2131.0,452.0,0.0,265.0,2691.0,17.420377620459206,11006.368800000004,11023.789177620463,2004.0,47.0,21.0,228.0,144.0,30.0,27.0,0.0,72.0,3.0,135.0,18.0,0.0
216,117,10,1859.0,2133.0,462.0,0.0,290.0,2691.0,99.04762929312456,10813.717599999996,10912.76522929312,2004.0,47.0,21.0,228.0,144.0,30.0,27.0,0.0,72.0,3.0,135.0,18.0,0.0
216,118,10,1877.0,2113.0,467.0,0.0,311.0,2691.0,99.99666918967051,10821.533200000003,10921.529869189673,2004.0,47.0,21.0,228.0,144.0,30.0,27.0,0.0,72.0,3.0,135.0,18.0,0.0
216,119,10,1889.0,2086.0,501.0,0.0,285.0,2691.0,97.57541335979701,12168.822399999995,12266.397813359794,2004.0,47.0,21.0,228.0,144.0,30.0,27.0,0.0,72.0,3.0,135.0,18.0,0.0
217,0,1,1848.0,2125.0,444.0,0.0,319.0,2691.0,57.628329510165116,10067.962399999997,10125.590729510162,2004.0,47.0,21.0,228.0,144.0,30.0,27.0,0.0,72.0,3.0,135.0,18.0,0.0
217,1,1,1832.0,2123.0,451.0,0.0,358.0,2691.0,17.184827050396727,8334.168399999993,8351.35322705039,2004.0,47.0,21.0,228.0,144.0,30.0,27.0,0.0,72.0,3.0,135.0,18.0,0.0
217,2,1,1818.0,2093.0,501.0,0.0,343.0,2691.0,138.67205136834545,9566.695200000002,9705.367251368347,2004.0,47.0,21.0,228.0,144.0,30.0,27.0,0.0,72.0,3.0,135.0,18.0,0.0
217,3,1,1872.0,2095.0,489.0,0.0,282.0,2691.0,16.686468198387217,10068.429999999991,10085.11646819838,2004.0,47.0,21.0,228.0,144.0,30.0,27.0,0.0,72.0,3.0,135.0,18.0,0.0
217,4,1,1902.0,2077.0,497.0,0.0,326.0,2691.0,16.942721898644066,10003.166399999995,10020.109121898638,2004.0,47.0,21.0,228.0,144.0,30.0,27.0,0.0,72.0,3.0,135.0,18.0,0.0
217,5,1,1849.0,2137.0,440.0,0.0,337.0,2691.0,17.440749571348793,9954.53599999999,9971.976749571339,2004.0,47.0,21.0,228.0,144.0,30.0,27.0,0.0,72.0,3.0,135.0,18.0,0.0
217,6,1,1868.0,2088.0,498.0,0.0,327.0,2691.0,99.66746592887434,9237.705199999997,9337.372665928873,2004.0,47.0,21.0,228.0,144.0,30.0,27.0,0.0,72.0,3.0,135.0,18.0,0.0
217,7,1,1901.0,2107.0,464.0,0.0,336.0,2691.0,96.68018491497742,8440.647600000006,8537.327784914984,2004.0,47.0,21.0,228.0,144.0,30.0,27.0,0.0,72.0,3.0,135.0,18.0,0.0
217,8,1,1881.0,2137.0,462.0,0.0,273.0,2691.0,57.31939203273167,9269.502,9326.821392032733,2004.0,47.0,21.0,228.0,144.0,30.0,27.0,0.0,72.0,3.0,135.0,18.0,0.0
217,9,1,1901.0,2057.0,525.0,0.0,354.0,2691.0,98.96707297712425,9868.430799999998,9967.397872977122,2004.0,47.0,21.0,228.0,144.0,30.0,27.0,0.0,72.0,3.0,135.0,18.0,0.0
217,10,1,1800.0,2098.0,483.0,0.0,338.0,2691.0,18.0735209698409,10685.528399999996,10703.601920969837,2004.0,47.0,21.0,228.0,144.0,30.0,27.0,0.0,72.0,3.0,135.0,18.0,0.0
217,11,1,1882.0,2118.0,444.0,0.0,319.0,2691.0,56.62290712790315,8986.27,9042.892907127904,2004.0,47.0,21.0,228.0,144.0,30.0,27.0,0.0,72.0,3.0,135.0,18.0,0.0
217,12,2,1838.0,2094.0,492.0,0.0,338.0,2691.0,17.108940298327724,9953.3336,9970.442540298327,2004.0,47.0,21.0,228.0,144.0,30.0,27.0,0.0,72.0,3.0,135.0,18.0,0.0
217,13,2,1865.0,2098.0,485.0,0.0,282.0,2691.0,58.808911887860525,11287.596799999996,11346.405711887857,2004.0,47.0,21.0,228.0,144.0,30.0,27.0,0.0,72.0,3.0,135.0,18.0,0.0
217,14,2,1861.0,2129.0,448.0,0.0,330.0,2691.0,138.49901272388314,9436.234800000002,9574.733812723884,2004.0,47.0,21.0,228.0,144.0,30.0,27.0,0.0,72.0,3.0,135.0,18.0,0.0
217,15,2,1828.0,2123.0,453.0,0.0,329.0,2691.0,58.2032967796204,9114.392400000002,9172.595696779623,2004.0,47.0,21.0,228.0,144.0,30.0,27.0,0.0,72.0,3.0,135.0,18.0,0.0
217,16,2,1867.0,2100.0,493.0,0.0,336.0,2691.0,16.681603231359666,9852.866399999999,9869.548003231359,2004.0,47.0,21.0,228.0,144.0,30.0,27.0,0.0,72.0,3.0,135.0,18.0,0.0
217,17,2,1851.0,2090.0,477.0,0.0,276.0,2691.0,16.719431221285667,8859.016,8875.735431221285,2004.0,47.0,21.0,228.0,144.0,30.0,27.0,0.0,72.0,3.0,135.0,18.0,0.0
217,18,2,1844.0,2069.0,512.0,0.0,313.0,2691.0,59.342095800175635,9286.001599999994,9345.34369580017,2004.0,47.0,21.0,228.0,144.0,30.0,27.0,0.0,72.0,3.0,135.0,18.0,0.0
217,19,2,1849.0,2088.0,503.0,0.0,287.0,2691.0,16.05570190899009,8810.586000000003,8826.641701908993,2004.0,47.0,21.0,228.0,144.0,30.0,27.0,0.0,72.0,3.0,135.0,18.0,0.0
217,20,2,1888.0,2098.0,496.0,0.0,320.0,2691.0,17.886972272659566,9694.082799999998,9711.969772272658,2004.0,47.0,21.0,228.0,144.0,30.0,27.0,0.0,72.0,3.0,135.0,18.0,0.0
217,21,2,1837.0,2114.0,480.0,0.0,286.0,2691.0,17.78303751074674,10009.445599999994,10027.22863751074,2004.0,47.0,21.0,228.0,144.0,30.0,27.0,0.0,72.0,3.0,135.0,18.0,0.0
217,22,2,1850.0,2127.0,467.0,0.0,317.0,2691.0,56.535490056541136,10033.159599999999,10089.695090056539,2004.0,47.0,21.0,228.0,144.0,30.0,27.0,0.0,72.0,3.0,135.0,18.0,0.0
217,23,2,1836.0,2095.0,492.0,0.0,337.0,2691.0,17.19455908397154,9235.701200000003,9252.895759083975,2004.0,47.0,21.0,228.0,144.0,30.0,27.0,0.0,72.0,3.0,135.0,18.0,0.0
217,24,3,1835.0,2129.0,465.0,0.0,299.0,2691.0,18.032041467700545,9541.711999999998,9559.744041467698,2004.0,47.0,21.0,228.0,144.0,30.0,27.0,0.0,72.0,3.0,135.0,18.0,0.0
217,25,3,1857.0,2095.0,488.0,0.0,330.0,2691.0,56.598766902470686,8537.1736,8593.77236690247,2004.0,47.0,21.0,228.0,144.0,30.0,27.0,0.0,72.0,3.0,135.0,18.0,0.0
217,26,3,1866.0,2068.0,519.0,0.0,288.0,2691.0,98.32359109684754,11096.749199999995,11195.072791096844,2004.0,47.0,21.0,228.0,144.0,30.0,27.0,0.0,72.0,3.0,135.0,18.0,0.0
217,27,3,1841.0,2122.0,468.0,0.0,300.0,2691.0,17.740419371279664,9258.9476,9276.688019371279,2004.0,47.0,21.0,228.0,144.0,30.0,27.0,0.0,72.0,3.0,135.0,18.0,0.0
217,28,3,1828.0,2138.0,444.0,0.0,284.0,2691.0,56.29301572712432,9458.3456,9514.638615727124,2004.0,47.0,21.0,228.0,144.0,30.0,27.0,0.0,72.0,3.0,135.0,18.0,0.0
217,29,3,1883.0,2121.0,472.0,0.0,297.0,2691.0,16.19315255801515,9329.621999999994,9345.815152558009,2004.0,47.0,21.0,228.0,144.0,30.0,27.0,0.0,72.0,3.0,135.0,18.0,0.0
217,30,3,1923.0,2096.0,478.0,0.0,311.0,2691.0,19.442335276495683,10073.172800000004,10092.6151352765,2004.0,47.0,21.0,228.0,144.0,30.0,27.0,0.0,72.0,3.0,135.0,18.0,0.0
217,31,3,1842.0,2072.0,506.0,0.0,325.0,2691.0,17.88682092270626,8884.266400000002,8902.153220922708,2004.0,47.0,21.0,228.0,144.0,30.0,27.0,0.0,72.0,3.0,135.0,18.0,0.0
217,32,3,1874.0,2076.0,511.0,0.0,302.0,2691.0,16.162841501073565,9197.558399999996,9213.72124150107,2004.0,47.0,21.0,228.0,144.0,30.0,27.0,0.0,72.0,3.0,135.0,18.0,0.0
217,33,3,1859.0,2104.0,480.0,0.0,316.0,2691.0,100.00031406514,9675.178400000004,9775.178714065143,2004.0,47.0,21.0,228.0,144.0,30.0,27.0,0.0,72.0,3.0,135.0,18.0,0.0
217,34,3,1845.0,2115.0,464.0,0.0,286.0,2691.0,59.134818206614526,9465.225999999999,9524.360818206615,2004.0,47.0,21.0,228.0,144.0,30.0,27.0,0.0,72.0,3.0,135.0,18.0,0.0
217,35,3,1905.0,2120.0,467.0,0.0,335.0,2691.0,16.43984572151475,9616.461199999996,9632.901045721512,2004.0,47.0,21.0,228.0,144.0,30.0,27.0,0.0,72.0,3.0,135.0,18.0,0.0
217,36,4,1846.0,2083.0,492.0,0.0,356.0,2691.0,18.55240400682608,9385.533600000002,9404.08600400683,2004.0,47.0,21.0,228.0,144.0,30.0,27.0,0.0,72.0,3.0,135.0,18.0,0.0
217,37,4,1848.0,2095.0,481.0,0.0,269.0,2691.0,139.4875621959975,9614.256800000006,9753.744362196003,2004.0,47.0,21.0,228.0,144.0,30.0,27.0,0.0,72.0,3.0,135.0,18.0,0.0
217,38,4,1860.0,2100.0,480.0,0.0,297.0,2691.0,58.99924989747112,11353.194399999993,11412.193649897465,2004.0,47.0,21.0,228.0,144.0,30.0,27.0,0.0,72.0,3.0,135.0,18.0,0.0
217,39,4,1865.0,2114.0,471.0,0.0,299.0,2691.0,99.34312888222553,10069.5656,10168.908728882225,2004.0,47.0,21.0,228.0,144.0,30.0,27.0,0.0,72.0,3.0,135.0,18.0,0.0
217,40,4,1885.0,2109.0,467.0,0.0,326.0,2691.0,57.77160809271212,8756.878800000002,8814.650408092715,2004.0,47.0,21.0,228.0,144.0,30.0,27.0,0.0,72.0,3.0,135.0,18.0,0.0
217,41,4,1839.0,2099.0,481.0,0.0,317.0,2691.0,18.869168133904832,8907.913599999998,8926.782768133904,2004.0,47.0,21.0,228.0,144.0,30.0,27.0,0.0,72.0,3.0,135.0,18.0,0.0
217,42,4,1852.0,2117.0,468.0,0.0,329.0,2691.0,16.83953748940124,8484.067599999998,8500.907137489401,2004.0,47.0,21.0,228.0,144.0,30.0,27.0,0.0,72.0,3.0,135.0,18.0,0.0
217,43,4,1856.0,2105.0,470.0,0.0,328.0,2691.0,16.74750828434254,9639.774400000002,9656.521908284343,2004.0,47.0,21.0,228.0,144.0,30.0,27.0,0.0,72.0,3.0,135.0,18.0,0.0
217,44,4,1830.0,2134.0,446.0,0.0,317.0,2691.0,56.17106482481678,9193.349999999999,9249.521064824816,2004.0,47.0,21.0,228.0,144.0,30.0,27.0,0.0,72.0,3.0,135.0,18.0,0.0
217,45,4,1840.0,2126.0,467.0,0.0,332.0,2691.0,58.09142454657066,10579.5836,10637.67502454657,2004.0,47.0,21.0,228.0,144.0,30.0,27.0,0.0,72.0,3.0,135.0,18.0,0.0
217,46,4,1854.0,2077.0,489.0,0.0,333.0,2691.0,98.13800805253315,9244.318400000004,9342.456408052538,2004.0,47.0,21.0,228.0,144.0,30.0,27.0,0.0,72.0,3.0,135.0,18.0,0.0
217,47,4,1843.0,2104.0,488.0,0.0,314.0,2691.0,57.273481194887125,8777.920800000004,8835.19428119489,2004.0,47.0,21.0,228.0,144.0,30.0,27.0,0.0,72.0,3.0,135.0,18.0,0.0
217,48,5,1852.0,2110.0,480.0,0.0,341.0,2691.0,58.89366149157068,8703.772799999997,8762.666461491568,2004.0,47.0,21.0,228.0,144.0,30.0,27.0,0.0,72.0,3.0,135.0,18.0,0.0
217,49,5,1887.0,2090.0,490.0,0.0,350.0,2691.0,16.34445766864821,9375.647199999998,9391.991657668645,2004.0,47.0,21.0,228.0,144.0,30.0,27.0,0.0,72.0,3.0,135.0,18.0,0.0
217,50,5,1853.0,2073.0,508.0,0.0,331.0,2691.0,58.304104640100775,9576.381199999994,9634.685304640096,2004.0,47.0,21.0,228.0,144.0,30.0,27.0,0.0,72.0,3.0,135.0,18.0,0.0
217,51,5,1865.0,2102.0,487.0,0.0,267.0,2691.0,17.200602368021105,9223.1428,9240.34340236802,2004.0,47.0,21.0,228.0,144.0,30.0,27.0,0.0,72.0,3.0,135.0,18.0,0.0
217,52,5,1854.0,2122.0,457.0,0.0,300.0,2691.0,97.99794021925274,8677.386800000004,8775.384740219257,2004.0,47.0,21.0,228.0,144.0,30.0,27.0,0.0,72.0,3.0,135.0,18.0,0.0
217,53,5,1855.0,2126.0,475.0,0.0,275.0,2691.0,98.08356418404446,8244.856800000001,8342.940364184045,2004.0,47.0,21.0,228.0,144.0,30.0,27.0,0.0,72.0,3.0,135.0,18.0,0.0
217,54,5,1911.0,2063.0,526.0,0.0,285.0,2691.0,18.56879558699415,9646.387599999995,9664.956395586989,2004.0,47.0,21.0,228.0,144.0,30.0,27.0,0.0,72.0,3.0,135.0,18.0,0.0
217,55,5,1844.0,2138.0,445.0,0.0,329.0,2691.0,56.22660362624819,9618.665600000002,9674.892203626252,2004.0,47.0,21.0,228.0,144.0,30.0,27.0,0.0,72.0,3.0,135.0,18.0,0.0
217,56,5,1848.0,2145.0,446.0,0.0,280.0,2691.0,56.92903338228119,8643.920000000006,8700.849033382287,2004.0,47.0,21.0,228.0,144.0,30.0,27.0,0.0,72.0,3.0,135.0,18.0,0.0
217,57,5,1847.0,2118.0,474.0,0.0,256.0,2691.0,97.8152956401878,10383.926399999995,10481.741695640183,2004.0,47.0,21.0,228.0,144.0,30.0,27.0,0.0,72.0,3.0,135.0,18.0,0.0
217,58,5,1867.0,2108.0,468.0,0.0,327.0,2691.0,56.52227910197455,9300.6976,9357.219879101973,2004.0,47.0,21.0,228.0,144.0,30.0,27.0,0.0,72.0,3.0,135.0,18.0,0.0
217,59,5,1834.0,2087.0,480.0,0.0,372.0,2691.0,100.72164420860273,10349.056799999995,10449.778444208598,2004.0,47.0,21.0,228.0,144.0,30.0,27.0,0.0,72.0,3.0,135.0,18.0,0.0
217,60,6,1826.0,2095.0,480.0,0.0,315.0,2691.0,57.02087117192275,10514.587199999998,10571.608071171919,2004.0,47.0,21.0,228.0,144.0,30.0,27.0,0.0,72.0,3.0,135.0,18.0,0.0
217,61,6,1824.0,2117.0,465.0,0.0,287.0,2691.0,58.653847975661435,9644.717599999998,9703.37144797566,2004.0,47.0,21.0,228.0,144.0,30.0,27.0,0.0,72.0,3.0,135.0,18.0,0.0
217,62,6,1865.0,2107.0,485.0,0.0,332.0,2691.0,17.238115526844062,9820.1344,9837.372515526844,2004.0,47.0,21.0,228.0,144.0,30.0,27.0,0.0,72.0,3.0,135.0,18.0,0.0
217,63,6,1867.0,2066.0,515.0,0.0,332.0,2691.0,139.4502855865853,9778.451199999996,9917.90148558658,2004.0,47.0,21.0,228.0,144.0,30.0,27.0,0.0,72.0,3.0,135.0,18.0,0.0
217,64,6,1885.0,2120.0,461.0,0.0,314.0,2691.0,98.14624470912113,9625.2788,9723.42504470912,2004.0,47.0,21.0,228.0,144.0,30.0,27.0,0.0,72.0,3.0,135.0,18.0,0.0
217,65,6,1838.0,2115.0,465.0,0.0,326.0,2691.0,57.48920618990216,10309.911999999998,10367.401206189901,2004.0,47.0,21.0,228.0,144.0,30.0,27.0,0.0,72.0,3.0,135.0,18.0,0.0
217,66,6,1776.0,2123.0,464.0,0.0,285.0,2691.0,98.70181202535856,8617.667600000004,8716.369412025362,2004.0,47.0,21.0,228.0,144.0,30.0,27.0,0.0,72.0,3.0,135.0,18.0,0.0
217,67,6,1854.0,2061.0,502.0,0.0,356.0,2691.0,16.857834835175584,9179.789599999996,9196.647434835173,2004.0,47.0,21.0,228.0,144.0,30.0,27.0,0.0,72.0,3.0,135.0,18.0,0.0
217,68,6,1844.0,2116.0,468.0,0.0,335.0,2691.0,57.73987237291704,9579.1868,9636.926672372916,2004.0,47.0,21.0,228.0,144.0,30.0,27.0,0.0,72.0,3.0,135.0,18.0,0.0
217,69,6,1896.0,2084.0,486.0,0.0,311.0,2691.0,97.97713859908289,8741.6484,8839.625538599083,2004.0,47.0,21.0,228.0,144.0,30.0,27.0,0.0,72.0,3.0,135.0,18.0,0.0
217,70,6,1872.0,2091.0,485.0,0.0,291.0,2691.0,56.62067450349835,10092.5448,10149.165474503498,2004.0,47.0,21.0,228.0,144.0,30.0,27.0,0.0,72.0,3.0,135.0,18.0,0.0
217,71,6,1863.0,2115.0,469.0,0.0,304.0,2691.0,15.761164910008574,9028.354000000003,9044.115164910014,2004.0,47.0,21.0,228.0,144.0,30.0,27.0,0.0,72.0,3.0,135.0,18.0,0.0
217,72,7,1840.0,2091.0,487.0,0.0,313.0,2691.0,17.633616480222045,9213.056,9230.689616480222,2004.0,47.0,21.0,228.0,144.0,30.0,27.0,0.0,72.0,3.0,135.0,18.0,0.0
217,73,7,1844.0,2123.0,467.0,0.0,307.0,2691.0,16.772265670452114,9390.410000000003,9407.182265670455,2004.0,47.0,21.0,228.0,144.0,30.0,27.0,0.0,72.0,3.0,135.0,18.0,0.0
217,74,7,1856.0,2096.0,473.0,0.0,314.0,2691.0,139.57510074266852,10080.253600000002,10219.82870074267,2004.0,47.0,21.0,228.0,144.0,30.0,27.0,0.0,72.0,3.0,135.0,18.0,0.0
217,75,7,1885.0,2116.0,478.0,0.0,299.0,2691.0,97.41351708505869,8991.346800000001,9088.76031708506,2004.0,47.0,21.0,228.0,144.0,30.0,27.0,0.0,72.0,3.0,135.0,18.0,0.0
217,76,7,1880.0,2067.0,493.0,0.0,356.0,2691.0,99.18863236051703,9545.452800000003,9644.64143236052,2004.0,47.0,21.0,228.0,144.0,30.0,27.0,0.0,72.0,3.0,135.0,18.0,0.0
217,77,7,1837.0,2103.0,471.0,0.0,285.0,2691.0,99.7069042991491,9969.699599999994,10069.406504299144,2004.0,47.0,21.0,228.0,144.0,30.0,27.0,0.0,72.0,3.0,135.0,18.0,0.0
217,78,7,1844.0,2132.0,451.0,0.0,333.0,2691.0,57.07096800724447,8959.0824,9016.153368007244,2004.0,47.0,21.0,228.0,144.0,30.0,27.0,0.0,72.0,3.0,135.0,18.0,0.0
217,79,7,1859.0,2097.0,486.0,0.0,273.0,2691.0,16.837827573661986,9703.501599999996,9720.339427573657,2004.0,47.0,21.0,228.0,144.0,30.0,27.0,0.0,72.0,3.0,135.0,18.0,0.0
217,80,7,1852.0,2094.0,479.0,0.0,302.0,2691.0,17.946059739480273,10882.120799999999,10900.066859739478,2004.0,47.0,21.0,228.0,144.0,30.0,27.0,0.0,72.0,3.0,135.0,18.0,0.0
217,81,7,1865.0,2104.0,483.0,0.0,313.0,2691.0,138.62549534766833,8428.890800000006,8567.516295347674,2004.0,47.0,21.0,228.0,144.0,30.0,27.0,0.0,72.0,3.0,135.0,18.0,0.0
217,82,7,1840.0,2063.0,496.0,0.0,341.0,2691.0,58.26503131087826,9994.816399999998,10053.081431310875,2004.0,47.0,21.0,228.0,144.0,30.0,27.0,0.0,72.0,3.0,135.0,18.0,0.0
217,83,7,1829.0,2130.0,465.0,0.0,342.0,2691.0,59.15336387913446,9529.420799999993,9588.57416387913,2004.0,47.0,21.0,228.0,144.0,30.0,27.0,0.0,72.0,3.0,135.0,18.0,0.0
217,84,8,1841.0,2137.0,451.0,0.0,358.0,2691.0,58.092002140595866,8470.173200000001,8528.265202140597,2004.0,47.0,21.0,228.0,144.0,30.0,27.0,0.0,72.0,3.0,135.0,18.0,0.0
217,85,8,1812.0,2130.0,445.0,0.0,287.0,2691.0,58.346718264629146,9656.942000000003,9715.288718264634,2004.0,47.0,21.0,228.0,144.0,30.0,27.0,0.0,72.0,3.0,135.0,18.0,0.0
217,86,8,1855.0,2076.0,509.0,0.0,337.0,2691.0,55.907356298198515,8780.4592,8836.366556298199,2004.0,47.0,21.0,228.0,144.0,30.0,27.0,0.0,72.0,3.0,135.0,18.0,0.0
217,87,8,1854.0,2091.0,499.0,0.0,321.0,2691.0,17.756500678871827,9939.906800000002,9957.663300678872,2004.0,47.0,21.0,228.0,144.0,30.0,27.0,0.0,72.0,3.0,135.0,18.0,0.0
217,88,8,1870.0,2088.0,488.0,0.0,315.0,2691.0,56.45025715028435,9366.9632,9423.413457150285,2004.0,47.0,21.0,228.0,144.0,30.0,27.0,0.0,72.0,3.0,135.0,18.0,0.0
217,89,8,1887.0,2104.0,477.0,0.0,270.0,2691.0,98.93428611182729,7850.2692000000025,7949.20348611183,2004.0,47.0,21.0,228.0,144.0,30.0,27.0,0.0,72.0,3.0,135.0,18.0,0.0
217,90,8,1865.0,2083.0,481.0,0.0,338.0,2691.0,57.76082409410491,9388.740000000003,9446.50082409411,2004.0,47.0,21.0,228.0,144.0,30.0,27.0,0.0,72.0,3.0,135.0,18.0,0.0
217,91,8,1843.0,2069.0,481.0,0.0,325.0,2691.0,98.01736590002186,8659.751600000003,8757.768965900026,2004.0,47.0,21.0,228.0,144.0,30.0,27.0,0.0,72.0,3.0,135.0,18.0,0.0
217,92,8,1840.0,2120.0,454.0,0.0,323.0,2691.0,100.12968422663106,9434.431199999997,9534.560884226627,2004.0,47.0,21.0,228.0,144.0,30.0,27.0,0.0,72.0,3.0,135.0,18.0,0.0
217,93,8,1894.0,2124.0,464.0,0.0,302.0,2691.0,99.3434511040848,11264.417199999993,11363.760651104076,2004.0,47.0,21.0,228.0,144.0,30.0,27.0,0.0,72.0,3.0,135.0,18.0,0.0
217,94,8,1862.0,2135.0,460.0,0.0,293.0,2691.0,58.320318960602684,10079.719199999998,10138.0395189606,2004.0,47.0,21.0,228.0,144.0,30.0,27.0,0.0,72.0,3.0,135.0,18.0,0.0
217,95,8,1843.0,2110.0,456.0,0.0,354.0,2691.0,98.03309630013484,9801.564,9899.597096300135,2004.0,47.0,21.0,228.0,144.0,30.0,27.0,0.0,72.0,3.0,135.0,18.0,0.0
217,96,9,1834.0,2072.0,527.0,0.0,304.0,2691.0,59.09900789292502,8331.296000000002,8390.395007892928,2004.0,47.0,21.0,228.0,144.0,30.0,27.0,0.0,72.0,3.0,135.0,18.0,0.0
217,97,9,1832.0,2103.0,477.0,0.0,327.0,2691.0,57.69441338102999,10494.012799999993,10551.707213381023,2004.0,47.0,21.0,228.0,144.0,30.0,27.0,0.0,72.0,3.0,135.0,18.0,0.0
217,98,9,1847.0,2106.0,484.0,0.0,318.0,2691.0,16.79161466627683,9712.118799999997,9728.910414666274,2004.0,47.0,21.0,228.0,144.0,30.0,27.0,0.0,72.0,3.0,135.0,18.0,0.0
217,99,9,1796.0,2131.0,462.0,0.0,329.0,2691.0,17.601562159040192,9299.495200000001,9317.096762159043,2004.0,47.0,21.0,228.0,144.0,30.0,27.0,0.0,72.0,3.0,135.0,18.0,0.0
217,100,9,1842.0,2134.0,453.0,0.0,343.0,2691.0,58.71757613863432,10139.638800000002,10198.356376138636,2004.0,47.0,21.0,228.0,144.0,30.0,27.0,0.0,72.0,3.0,135.0,18.0,0.0
217,101,9,1858.0,2099.0,493.0,0.0,340.0,2691.0,139.4133183315978,10159.4784,10298.891718331597,2004.0,47.0,21.0,228.0,144.0,30.0,27.0,0.0,72.0,3.0,135.0,18.0,0.0
217,102,9,1793.0,2140.0,452.0,0.0,326.0,2691.0,58.248082733434885,10434.226800000004,10492.474882733439,2004.0,47.0,21.0,228.0,144.0,30.0,27.0,0.0,72.0,3.0,135.0,18.0,0.0
217,103,9,1848.0,2123.0,462.0,0.0,298.0,2691.0,16.62068800421094,8254.876800000005,8271.497488004215,2004.0,47.0,21.0,228.0,144.0,30.0,27.0,0.0,72.0,3.0,135.0,18.0,0.0
217,104,9,1828.0,2081.0,508.0,0.0,281.0,2691.0,18.725409830462752,9080.123999999998,9098.84940983046,2004.0,47.0,21.0,228.0,144.0,30.0,27.0,0.0,72.0,3.0,135.0,18.0,0.0
217,105,9,1820.0,2064.0,506.0,0.0,271.0,2691.0,99.39135945523986,10230.286399999994,10329.677759455233,2004.0,47.0,21.0,228.0,144.0,30.0,27.0,0.0,72.0,3.0,135.0,18.0,0.0
217,106,9,1843.0,2107.0,476.0,0.0,344.0,2691.0,17.96040478986915,8866.564399999997,8884.524804789866,2004.0,47.0,21.0,228.0,144.0,30.0,27.0,0.0,72.0,3.0,135.0,18.0,0.0
217,107,9,1855.0,2089.0,494.0,0.0,303.0,2691.0,57.36581610193984,9308.446399999995,9365.812216101936,2004.0,47.0,21.0,228.0,144.0,30.0,27.0,0.0,72.0,3.0,135.0,18.0,0.0
217,108,10,1867.0,2110.0,468.0,0.0,339.0,2691.0,18.016536730846333,9316.4624,9334.478936730848,2004.0,47.0,21.0,228.0,144.0,30.0,27.0,0.0,72.0,3.0,135.0,18.0,0.0
217,109,10,1845.0,2117.0,467.0,0.0,326.0,2691.0,17.39652940480985,9721.537599999998,9738.934129404808,2004.0,47.0,21.0,228.0,144.0,30.0,27.0,0.0,72.0,3.0,135.0,18.0,0.0
217,110,10,1794.0,2123.0,465.0,0.0,301.0,2691.0,97.66434615325011,10190.339999999997,10288.004346153246,2004.0,47.0,21.0,228.0,144.0,30.0,27.0,0.0,72.0,3.0,135.0,18.0,0.0
217,111,10,1856.0,2131.0,452.0,0.0,332.0,2691.0,15.572262217727474,10562.015199999994,10577.587462217722,2004.0,47.0,21.0,228.0,144.0,30.0,27.0,0.0,72.0,3.0,135.0,18.0,0.0
217,112,10,1848.0,2090.0,491.0,0.0,289.0,2691.0,18.0314982468371,9137.972799999998,9156.004298246835,2004.0,47.0,21.0,228.0,144.0,30.0,27.0,0.0,72.0,3.0,135.0,18.0,0.0
217,113,10,1824.0,2124.0,473.0,0.0,313.0,2691.0,18.046141206502067,10592.87679999999,10610.922941206492,2004.0,47.0,21.0,228.0,144.0,30.0,27.0,0.0,72.0,3.0,135.0,18.0,0.0
217,114,10,1870.0,2122.0,462.0,0.0,293.0,2691.0,16.821882865962504,10446.651599999994,10463.473482865955,2004.0,47.0,21.0,228.0,144.0,30.0,27.0,0.0,72.0,3.0,135.0,18.0,0.0
217,115,10,1846.0,2116.0,467.0,0.0,270.0,2691.0,16.637716641481077,9513.255200000001,9529.892916641482,2004.0,47.0,21.0,228.0,144.0,30.0,27.0,0.0,72.0,3.0,135.0,18.0,0.0
217,116,10,1859.0,2122.0,473.0,0.0,296.0,2691.0,58.258581536506355,8998.427599999999,9056.686181536505,2004.0,47.0,21.0,228.0,144.0,30.0,27.0,0.0,72.0,3.0,135.0,18.0,0.0
217,117,10,1877.0,2102.0,478.0,0.0,316.0,2691.0,99.95517484643429,9482.460400000004,9582.415574846438,2004.0,47.0,21.0,228.0,144.0,30.0,27.0,0.0,72.0,3.0,135.0,18.0,0.0
217,118,10,1889.0,2071.0,516.0,0.0,291.0,2691.0,138.05897216860322,10059.612399999996,10197.6713721686,2004.0,47.0,21.0,228.0,144.0,30.0,27.0,0.0,72.0,3.0,135.0,18.0,0.0
217,119,10,1892.0,2078.0,496.0,0.0,309.0,2691.0,56.14160907866221,9305.1732,9361.314809078662,2004.0,47.0,21.0,228.0,144.0,30.0,27.0,0.0,72.0,3.0,135.0,18.0,0.0
218,0,1,1832.0,2121.0,454.0,0.0,379.0,2691.0,99.51448905673223,7050.339200000002,7149.853689056734,2004.0,47.0,21.0,228.0,144.0,30.0,27.0,0.0,72.0,3.0,135.0,18.0,0.0
218,1,1,1818.0,2099.0,495.0,0.0,355.0,2691.0,181.1557938047508,8685.67,8866.82579380475,2004.0,47.0,21.0,228.0,144.0,30.0,27.0,0.0,72.0,3.0,135.0,18.0,0.0
218,2,1,1872.0,2093.0,491.0,0.0,296.0,2691.0,18.47272900381083,8644.521199999996,8662.993929003807,2004.0,47.0,21.0,228.0,144.0,30.0,27.0,0.0,72.0,3.0,135.0,18.0,0.0
218,3,1,1902.0,2077.0,497.0,0.0,338.0,2691.0,20.368329258975116,8624.882,8645.250329258975,2004.0,47.0,21.0,228.0,144.0,30.0,27.0,0.0,72.0,3.0,135.0,18.0,0.0
218,4,1,1849.0,2134.0,444.0,0.0,347.0,2691.0,19.075329205341575,8733.097999999994,8752.173329205336,2004.0,47.0,21.0,228.0,144.0,30.0,27.0,0.0,72.0,3.0,135.0,18.0,0.0
218,5,1,1868.0,2089.0,498.0,0.0,341.0,2691.0,101.79365731091828,8159.352800000004,8261.146457310922,2004.0,47.0,21.0,228.0,144.0,30.0,27.0,0.0,72.0,3.0,135.0,18.0,0.0
218,6,1,1901.0,2103.0,468.0,0.0,345.0,2691.0,99.05053733327146,6920.212800000003,7019.263337333275,2004.0,47.0,21.0,228.0,144.0,30.0,27.0,0.0,72.0,3.0,135.0,18.0,0.0
218,7,1,1881.0,2138.0,461.0,0.0,277.0,2691.0,59.328715687302704,8217.869600000004,8277.198315687307,2004.0,47.0,21.0,228.0,144.0,30.0,27.0,0.0,72.0,3.0,135.0,18.0,0.0
218,8,1,1901.0,2064.0,518.0,0.0,370.0,2691.0,100.02286646337319,8366.1656,8466.188466463373,2004.0,47.0,21.0,228.0,144.0,30.0,27.0,0.0,72.0,3.0,135.0,18.0,0.0
218,9,1,1800.0,2096.0,486.0,0.0,352.0,2691.0,19.788095470229887,9218.4,9238.18809547023,2004.0,47.0,21.0,228.0,144.0,30.0,27.0,0.0,72.0,3.0,135.0,18.0,0.0
218,10,1,1882.0,2123.0,439.0,0.0,325.0,2691.0,17.3700053469773,7782.467200000005,7799.837205346983,2004.0,47.0,21.0,228.0,144.0,30.0,27.0,0.0,72.0,3.0,135.0,18.0,0.0
218,11,1,1838.0,2100.0,487.0,0.0,353.0,2691.0,58.62218972818621,8641.849200000002,8700.471389728187,2004.0,47.0,21.0,228.0,144.0,30.0,27.0,0.0,72.0,3.0,135.0,18.0,0.0
218,12,2,1865.0,2097.0,488.0,0.0,287.0,2691.0,61.38381973916606,9753.8688,9815.252619739165,2004.0,47.0,21.0,228.0,144.0,30.0,27.0,0.0,72.0,3.0,135.0,18.0,0.0
218,13,2,1861.0,2136.0,441.0,0.0,341.0,2691.0,181.0487768341213,8157.883200000002,8338.931976834123,2004.0,47.0,21.0,228.0,144.0,30.0,27.0,0.0,72.0,3.0,135.0,18.0,0.0
218,14,2,1828.0,2122.0,454.0,0.0,340.0,2691.0,60.32314643744445,7689.414800000005,7749.73794643745,2004.0,47.0,21.0,228.0,144.0,30.0,27.0,0.0,72.0,3.0,135.0,18.0,0.0
218,15,2,1867.0,2082.0,512.0,0.0,347.0,2691.0,179.43161967734227,9183.663999999999,9363.09561967734,2004.0,47.0,21.0,228.0,144.0,30.0,27.0,0.0,72.0,3.0,135.0,18.0,0.0
218,16,2,1851.0,2096.0,472.0,0.0,290.0,2691.0,19.19094956980286,7686.9432000000015,7706.134149569804,2004.0,47.0,21.0,228.0,144.0,30.0,27.0,0.0,72.0,3.0,135.0,18.0,0.0
218,17,2,1844.0,2074.0,507.0,0.0,322.0,2691.0,60.7540240317021,8295.090399999997,8355.844424031699,2004.0,47.0,21.0,228.0,144.0,30.0,27.0,0.0,72.0,3.0,135.0,18.0,0.0
218,18,2,1849.0,2092.0,501.0,0.0,302.0,2691.0,18.012455352484785,7708.386000000001,7726.398455352487,2004.0,47.0,21.0,228.0,144.0,30.0,27.0,0.0,72.0,3.0,135.0,18.0,0.0
218,19,2,1888.0,2097.0,497.0,0.0,336.0,2691.0,60.738387151588014,8220.407999999998,8281.146387151586,2004.0,47.0,21.0,228.0,144.0,30.0,27.0,0.0,72.0,3.0,135.0,18.0,0.0
218,20,2,1837.0,2126.0,469.0,0.0,292.0,2691.0,59.26353622059592,8221.743999999999,8281.007536220595,2004.0,47.0,21.0,228.0,144.0,30.0,27.0,0.0,72.0,3.0,135.0,18.0,0.0
218,21,2,1850.0,2128.0,467.0,0.0,354.0,2691.0,59.802806929042106,9499.160399999997,9558.96320692904,2004.0,47.0,21.0,228.0,144.0,30.0,27.0,0.0,72.0,3.0,135.0,18.0,0.0
218,22,2,1836.0,2095.0,492.0,0.0,343.0,2691.0,17.59692040766891,8396.626400000003,8414.223320407673,2004.0,47.0,21.0,228.0,144.0,30.0,27.0,0.0,72.0,3.0,135.0,18.0,0.0
218,23,2,1835.0,2128.0,466.0,0.0,315.0,2691.0,20.06868228553617,8139.847200000002,8159.915882285537,2004.0,47.0,21.0,228.0,144.0,30.0,27.0,0.0,72.0,3.0,135.0,18.0,0.0
218,24,3,1857.0,2098.0,485.0,0.0,341.0,2691.0,57.941286499072675,7563.296400000005,7621.2376864990765,2004.0,47.0,21.0,228.0,144.0,30.0,27.0,0.0,72.0,3.0,135.0,18.0,0.0
218,25,3,1866.0,2069.0,518.0,0.0,294.0,2691.0,100.3444550378417,9276.115200000004,9376.459655037845,2004.0,47.0,21.0,228.0,144.0,30.0,27.0,0.0,72.0,3.0,135.0,18.0,0.0
218,26,3,1841.0,2126.0,464.0,0.0,312.0,2691.0,60.04006755150371,7906.782000000003,7966.822067551507,2004.0,47.0,21.0,228.0,144.0,30.0,27.0,0.0,72.0,3.0,135.0,18.0,0.0
218,27,3,1828.0,2145.0,437.0,0.0,296.0,2691.0,57.93164318007143,8295.958800000004,8353.890443180075,2004.0,47.0,21.0,228.0,144.0,30.0,27.0,0.0,72.0,3.0,135.0,18.0,0.0
218,28,3,1883.0,2131.0,462.0,0.0,312.0,2691.0,58.12531605404225,8180.328000000001,8238.453316054041,2004.0,47.0,21.0,228.0,144.0,30.0,27.0,0.0,72.0,3.0,135.0,18.0,0.0
218,29,3,1923.0,2105.0,469.0,0.0,321.0,2691.0,20.661646151276457,9224.612400000005,9245.274046151282,2004.0,47.0,21.0,228.0,144.0,30.0,27.0,0.0,72.0,3.0,135.0,18.0,0.0
218,30,3,1842.0,2081.0,499.0,0.0,332.0,2691.0,19.887571332808704,7860.556400000005,7880.443971332814,2004.0,47.0,21.0,228.0,144.0,30.0,27.0,0.0,72.0,3.0,135.0,18.0,0.0
218,31,3,1874.0,2078.0,509.0,0.0,316.0,2691.0,18.246000233247216,8009.4536,8027.699600233247,2004.0,47.0,21.0,228.0,144.0,30.0,27.0,0.0,72.0,3.0,135.0,18.0,0.0
218,32,3,1859.0,2106.0,478.0,0.0,322.0,2691.0,102.39367624200648,8459.485200000006,8561.878876242014,2004.0,47.0,21.0,228.0,144.0,30.0,27.0,0.0,72.0,3.0,135.0,18.0,0.0
218,33,3,1845.0,2116.0,463.0,0.0,303.0,2691.0,101.22064614458134,8361.155600000002,8462.376246144584,2004.0,47.0,21.0,228.0,144.0,30.0,27.0,0.0,72.0,3.0,135.0,18.0,0.0
218,34,3,1905.0,2124.0,463.0,0.0,354.0,2691.0,18.35328763262921,8353.1396,8371.49288763263,2004.0,47.0,21.0,228.0,144.0,30.0,27.0,0.0,72.0,3.0,135.0,18.0,0.0
218,35,3,1846.0,2088.0,488.0,0.0,372.0,2691.0,19.640301330221654,8191.884400000005,8211.524701330227,2004.0,47.0,21.0,228.0,144.0,30.0,27.0,0.0,72.0,3.0,135.0,18.0,0.0
218,36,4,1848.0,2099.0,477.0,0.0,290.0,2691.0,100.33699363223747,8325.751600000003,8426.088593632241,2004.0,47.0,21.0,228.0,144.0,30.0,27.0,0.0,72.0,3.0,135.0,18.0,0.0
218,37,4,1860.0,2106.0,474.0,0.0,315.0,2691.0,19.316754665941712,9921.269599999998,9940.58635466594,2004.0,47.0,21.0,228.0,144.0,30.0,27.0,0.0,72.0,3.0,135.0,18.0,0.0
218,38,4,1865.0,2117.0,468.0,0.0,319.0,2691.0,141.82528896487722,8817.600000000002,8959.425288964878,2004.0,47.0,21.0,228.0,144.0,30.0,27.0,0.0,72.0,3.0,135.0,18.0,0.0
218,39,4,1885.0,2107.0,469.0,0.0,349.0,2691.0,99.93322274257343,7805.379600000006,7905.312822742579,2004.0,47.0,21.0,228.0,144.0,30.0,27.0,0.0,72.0,3.0,135.0,18.0,0.0
218,40,4,1839.0,2102.0,478.0,0.0,338.0,2691.0,62.0175450382378,7655.614000000001,7717.631545038239,2004.0,47.0,21.0,228.0,144.0,30.0,27.0,0.0,72.0,3.0,135.0,18.0,0.0
218,41,4,1852.0,2118.0,467.0,0.0,343.0,2691.0,19.475343052057646,7660.8243999999995,7680.299743052057,2004.0,47.0,21.0,228.0,144.0,30.0,27.0,0.0,72.0,3.0,135.0,18.0,0.0
218,42,4,1856.0,2107.0,468.0,0.0,340.0,2691.0,59.987556355190094,8613.3256,8673.31315635519,2004.0,47.0,21.0,228.0,144.0,30.0,27.0,0.0,72.0,3.0,135.0,18.0,0.0
218,43,4,1830.0,2134.0,446.0,0.0,324.0,2691.0,58.4409172767432,7863.963199999998,7922.404117276743,2004.0,47.0,21.0,228.0,144.0,30.0,27.0,0.0,72.0,3.0,135.0,18.0,0.0
218,44,4,1840.0,2122.0,470.0,0.0,344.0,2691.0,100.45175806778374,8790.145200000003,8890.596958067787,2004.0,47.0,21.0,228.0,144.0,30.0,27.0,0.0,72.0,3.0,135.0,18.0,0.0
218,45,4,1854.0,2084.0,482.0,0.0,334.0,2691.0,222.02156773974474,7902.106000000005,8124.12756773975,2004.0,47.0,21.0,228.0,144.0,30.0,27.0,0.0,72.0,3.0,135.0,18.0,0.0
218,46,4,1843.0,2108.0,484.0,0.0,329.0,2691.0,99.06634049762052,7489.950000000004,7589.016340497625,2004.0,47.0,21.0,228.0,144.0,30.0,27.0,0.0,72.0,3.0,135.0,18.0,0.0
218,47,4,1852.0,2118.0,472.0,0.0,355.0,2691.0,60.48730328435244,7581.866800000003,7642.354103284357,2004.0,47.0,21.0,228.0,144.0,30.0,27.0,0.0,72.0,3.0,135.0,18.0,0.0
218,48,5,1887.0,2092.0,488.0,0.0,361.0,2691.0,57.34294395617353,8300.434400000006,8357.777343956179,2004.0,47.0,21.0,228.0,144.0,30.0,27.0,0.0,72.0,3.0,135.0,18.0,0.0
218,49,5,1853.0,2075.0,508.0,0.0,350.0,2691.0,60.200886019955135,8668.302,8728.502886019955,2004.0,47.0,21.0,228.0,144.0,30.0,27.0,0.0,72.0,3.0,135.0,18.0,0.0
218,50,5,1865.0,2108.0,481.0,0.0,281.0,2691.0,19.502208240083895,7835.372800000001,7854.875008240086,2004.0,47.0,21.0,228.0,144.0,30.0,27.0,0.0,72.0,3.0,135.0,18.0,0.0
218,51,5,1854.0,2126.0,453.0,0.0,315.0,2691.0,19.280590984690065,7338.915200000005,7358.195790984695,2004.0,47.0,21.0,228.0,144.0,30.0,27.0,0.0,72.0,3.0,135.0,18.0,0.0
218,52,5,1855.0,2130.0,471.0,0.0,287.0,2691.0,140.33158295497407,6953.278800000004,7093.6103829549775,2004.0,47.0,21.0,228.0,144.0,30.0,27.0,0.0,72.0,3.0,135.0,18.0,0.0
218,53,5,1911.0,2064.0,525.0,0.0,286.0,2691.0,61.10736740995057,8425.283599999997,8486.390967409949,2004.0,47.0,21.0,228.0,144.0,30.0,27.0,0.0,72.0,3.0,135.0,18.0,0.0
218,54,5,1844.0,2137.0,446.0,0.0,339.0,2691.0,98.40115848632452,8264.963600000006,8363.36475848633,2004.0,47.0,21.0,228.0,144.0,30.0,27.0,0.0,72.0,3.0,135.0,18.0,0.0
218,55,5,1848.0,2146.0,445.0,0.0,295.0,2691.0,98.85572650585043,7847.730800000005,7946.586526505856,2004.0,47.0,21.0,228.0,144.0,30.0,27.0,0.0,72.0,3.0,135.0,18.0,0.0
218,56,5,1847.0,2122.0,470.0,0.0,272.0,2691.0,99.31541017594864,9227.484799999998,9326.800210175947,2004.0,47.0,21.0,228.0,144.0,30.0,27.0,0.0,72.0,3.0,135.0,18.0,0.0
218,57,5,1867.0,2111.0,465.0,0.0,339.0,2691.0,58.64260321177036,8116.5340000000015,8175.176603211772,2004.0,47.0,21.0,228.0,144.0,30.0,27.0,0.0,72.0,3.0,135.0,18.0,0.0
218,58,5,1834.0,2093.0,474.0,0.0,369.0,2691.0,102.71732953251575,8974.0456,9076.762929532515,2004.0,47.0,21.0,228.0,144.0,30.0,27.0,0.0,72.0,3.0,135.0,18.0,0.0
218,59,5,1826.0,2100.0,476.0,0.0,331.0,2691.0,98.69253888012769,8834.968,8933.660538880127,2004.0,47.0,21.0,228.0,144.0,30.0,27.0,0.0,72.0,3.0,135.0,18.0,0.0
218,60,6,1824.0,2119.0,464.0,0.0,308.0,2691.0,142.46946653666188,8479.391600000003,8621.861066536665,2004.0,47.0,21.0,228.0,144.0,30.0,27.0,0.0,72.0,3.0,135.0,18.0,0.0
218,61,6,1865.0,2105.0,487.0,0.0,347.0,2691.0,100.20652440854478,8389.679200000004,8489.885724408548,2004.0,47.0,21.0,228.0,144.0,30.0,27.0,0.0,72.0,3.0,135.0,18.0,0.0
218,62,6,1867.0,2067.0,514.0,0.0,343.0,2691.0,263.6915587358185,8615.730399999997,8879.421958735817,2004.0,47.0,21.0,228.0,144.0,30.0,27.0,0.0,72.0,3.0,135.0,18.0,0.0
218,63,6,1885.0,2123.0,458.0,0.0,321.0,2691.0,99.67627831089025,8382.197600000005,8481.873878310895,2004.0,47.0,21.0,228.0,144.0,30.0,27.0,0.0,72.0,3.0,135.0,18.0,0.0
218,64,6,1838.0,2116.0,464.0,0.0,332.0,2691.0,99.87558244467223,9145.254000000003,9245.129582444675,2004.0,47.0,21.0,228.0,144.0,30.0,27.0,0.0,72.0,3.0,135.0,18.0,0.0
218,65,6,1776.0,2122.0,466.0,0.0,298.0,2691.0,100.08687280734149,7433.236800000004,7533.323672807344,2004.0,47.0,21.0,228.0,144.0,30.0,27.0,0.0,72.0,3.0,135.0,18.0,0.0
218,66,6,1854.0,2064.0,499.0,0.0,359.0,2691.0,140.77175086212816,8248.464,8389.235750862128,2004.0,47.0,21.0,228.0,144.0,30.0,27.0,0.0,72.0,3.0,135.0,18.0,0.0
218,67,6,1844.0,2118.0,467.0,0.0,351.0,2691.0,21.162663616086398,8282.866000000002,8304.028663616089,2004.0,47.0,21.0,228.0,144.0,30.0,27.0,0.0,72.0,3.0,135.0,18.0,0.0
218,68,6,1896.0,2087.0,483.0,0.0,329.0,2691.0,58.94441342438466,7435.107200000004,7494.051613424388,2004.0,47.0,21.0,228.0,144.0,30.0,27.0,0.0,72.0,3.0,135.0,18.0,0.0
218,69,6,1872.0,2091.0,485.0,0.0,302.0,2691.0,97.91768050653752,8726.351200000003,8824.26888050654,2004.0,47.0,21.0,228.0,144.0,30.0,27.0,0.0,72.0,3.0,135.0,18.0,0.0
218,70,6,1863.0,2119.0,465.0,0.0,326.0,2691.0,57.49561662279245,7889.414000000005,7946.909616622796,2004.0,47.0,21.0,228.0,144.0,30.0,27.0,0.0,72.0,3.0,135.0,18.0,0.0
218,71,6,1840.0,2094.0,484.0,0.0,329.0,2691.0,60.294927343327686,8164.563200000002,8224.85812734333,2004.0,47.0,21.0,228.0,144.0,30.0,27.0,0.0,72.0,3.0,135.0,18.0,0.0
218,72,7,1844.0,2146.0,445.0,0.0,331.0,2691.0,59.210118898381765,7699.501600000005,7758.7117188983875,2004.0,47.0,21.0,228.0,144.0,30.0,27.0,0.0,72.0,3.0,135.0,18.0,0.0
218,73,7,1856.0,2105.0,465.0,0.0,332.0,2691.0,181.9457473150834,8771.842000000004,8953.787747315087,2004.0,47.0,21.0,228.0,144.0,30.0,27.0,0.0,72.0,3.0,135.0,18.0,0.0
218,74,7,1885.0,2115.0,479.0,0.0,317.0,2691.0,99.2097079333144,7908.318400000004,8007.528107933318,2004.0,47.0,21.0,228.0,144.0,30.0,27.0,0.0,72.0,3.0,135.0,18.0,0.0
218,75,7,1880.0,2069.0,491.0,0.0,367.0,2691.0,101.38486880311565,8089.814000000004,8191.19886880312,2004.0,47.0,21.0,228.0,144.0,30.0,27.0,0.0,72.0,3.0,135.0,18.0,0.0
218,76,7,1837.0,2106.0,468.0,0.0,303.0,2691.0,101.82375693081265,8351.068799999997,8452.89255693081,2004.0,47.0,21.0,228.0,144.0,30.0,27.0,0.0,72.0,3.0,135.0,18.0,0.0
218,77,7,1844.0,2133.0,451.0,0.0,341.0,2691.0,57.94156559632843,7889.013200000004,7946.954765596332,2004.0,47.0,21.0,228.0,144.0,30.0,27.0,0.0,72.0,3.0,135.0,18.0,0.0
218,78,7,1859.0,2098.0,486.0,0.0,292.0,2691.0,18.3332711179279,8410.587599999999,8428.920871117927,2004.0,47.0,21.0,228.0,144.0,30.0,27.0,0.0,72.0,3.0,135.0,18.0,0.0
218,79,7,1852.0,2095.0,478.0,0.0,316.0,2691.0,19.722083994992175,9044.1856,9063.907683994992,2004.0,47.0,21.0,228.0,144.0,30.0,27.0,0.0,72.0,3.0,135.0,18.0,0.0
218,80,7,1865.0,2108.0,479.0,0.0,320.0,2691.0,139.96516273287597,7308.7216000000035,7448.68676273288,2004.0,47.0,21.0,228.0,144.0,30.0,27.0,0.0,72.0,3.0,135.0,18.0,0.0
218,81,7,1840.0,2066.0,493.0,0.0,358.0,2691.0,60.45221246974719,8309.986800000002,8370.43901246975,2004.0,47.0,21.0,228.0,144.0,30.0,27.0,0.0,72.0,3.0,135.0,18.0,0.0
218,82,7,1829.0,2135.0,460.0,0.0,359.0,2691.0,102.26793859389075,8509.7856,8612.05353859389,2004.0,47.0,21.0,228.0,144.0,30.0,27.0,0.0,72.0,3.0,135.0,18.0,0.0
218,83,7,1841.0,2133.0,455.0,0.0,357.0,2691.0,59.44133399441722,7752.874800000003,7812.31613399442,2004.0,47.0,21.0,228.0,144.0,30.0,27.0,0.0,72.0,3.0,135.0,18.0,0.0
218,84,8,1812.0,2134.0,442.0,0.0,301.0,2691.0,58.38545673769078,8696.024000000007,8754.409456737696,2004.0,47.0,21.0,228.0,144.0,30.0,27.0,0.0,72.0,3.0,135.0,18.0,0.0
218,85,8,1855.0,2077.0,508.0,0.0,345.0,2691.0,56.810201668030466,7780.129200000003,7836.939401668033,2004.0,47.0,21.0,228.0,144.0,30.0,27.0,0.0,72.0,3.0,135.0,18.0,0.0
218,86,8,1854.0,2095.0,495.0,0.0,344.0,2691.0,19.4772639312298,8448.463200000006,8467.940463931236,2004.0,47.0,21.0,228.0,144.0,30.0,27.0,0.0,72.0,3.0,135.0,18.0,0.0
218,87,8,1870.0,2094.0,483.0,0.0,327.0,2691.0,98.87594435873235,8512.390800000001,8611.266744358734,2004.0,47.0,21.0,228.0,144.0,30.0,27.0,0.0,72.0,3.0,135.0,18.0,0.0
218,88,8,1887.0,2110.0,471.0,0.0,287.0,2691.0,140.84407564655942,6634.642800000003,6775.486875646563,2004.0,47.0,21.0,228.0,144.0,30.0,27.0,0.0,72.0,3.0,135.0,18.0,0.0
218,89,8,1865.0,2085.0,479.0,0.0,352.0,2691.0,140.3384041057913,8402.104000000005,8542.442404105797,2004.0,47.0,21.0,228.0,144.0,30.0,27.0,0.0,72.0,3.0,135.0,18.0,0.0
218,90,8,1843.0,2073.0,477.0,0.0,334.0,2691.0,99.78722875134522,7133.906000000004,7233.69322875135,2004.0,47.0,21.0,228.0,144.0,30.0,27.0,0.0,72.0,3.0,135.0,18.0,0.0
218,91,8,1840.0,2123.0,451.0,0.0,326.0,2691.0,60.85062766920954,8157.8164,8218.66702766921,2004.0,47.0,21.0,228.0,144.0,30.0,27.0,0.0,72.0,3.0,135.0,18.0,0.0
218,92,8,1894.0,2125.0,463.0,0.0,322.0,2691.0,101.4934666018186,9741.978399999993,9843.47186660181,2004.0,47.0,21.0,228.0,144.0,30.0,27.0,0.0,72.0,3.0,135.0,18.0,0.0
218,93,8,1862.0,2136.0,459.0,0.0,316.0,2691.0,100.43065233192682,9041.981199999998,9142.411852331927,2004.0,47.0,21.0,228.0,144.0,30.0,27.0,0.0,72.0,3.0,135.0,18.0,0.0
218,94,8,1843.0,2111.0,455.0,0.0,354.0,2691.0,139.3749070126304,8444.254800000004,8583.629707012635,2004.0,47.0,21.0,228.0,144.0,30.0,27.0,0.0,72.0,3.0,135.0,18.0,0.0
218,95,8,1834.0,2076.0,523.0,0.0,315.0,2691.0,61.26521934714095,7781.866000000004,7843.131219347146,2004.0,47.0,21.0,228.0,144.0,30.0,27.0,0.0,72.0,3.0,135.0,18.0,0.0
218,96,9,1832.0,2110.0,470.0,0.0,339.0,2691.0,99.5113220002162,9264.024399999997,9363.535722000213,2004.0,47.0,21.0,228.0,144.0,30.0,27.0,0.0,72.0,3.0,135.0,18.0,0.0
218,97,9,1847.0,2112.0,478.0,0.0,335.0,2691.0,18.537595919792757,8441.181999999999,8459.719595919792,2004.0,47.0,21.0,228.0,144.0,30.0,27.0,0.0,72.0,3.0,135.0,18.0,0.0
218,98,9,1796.0,2128.0,465.0,0.0,346.0,2691.0,19.288751967881684,7987.409600000003,8006.698351967883,2004.0,47.0,21.0,228.0,144.0,30.0,27.0,0.0,72.0,3.0,135.0,18.0,0.0
218,99,9,1842.0,2135.0,452.0,0.0,361.0,2691.0,61.06518304787137,9059.148800000004,9120.213983047875,2004.0,47.0,21.0,228.0,144.0,30.0,27.0,0.0,72.0,3.0,135.0,18.0,0.0
218,100,9,1858.0,2105.0,488.0,0.0,352.0,2691.0,181.19836253736426,8685.536399999997,8866.734762537362,2004.0,47.0,21.0,228.0,144.0,30.0,27.0,0.0,72.0,3.0,135.0,18.0,0.0
218,101,9,1793.0,2146.0,446.0,0.0,332.0,2691.0,19.12254335915814,8685.469600000004,8704.592143359161,2004.0,47.0,21.0,228.0,144.0,30.0,27.0,0.0,72.0,3.0,135.0,18.0,0.0
218,102,9,1848.0,2128.0,457.0,0.0,312.0,2691.0,18.620090604344835,7189.350000000004,7207.970090604349,2004.0,47.0,21.0,228.0,144.0,30.0,27.0,0.0,72.0,3.0,135.0,18.0,0.0
218,103,9,1828.0,2084.0,506.0,0.0,294.0,2691.0,19.44037304241629,8133.568000000001,8153.008373042418,2004.0,47.0,21.0,228.0,144.0,30.0,27.0,0.0,72.0,3.0,135.0,18.0,0.0
218,104,9,1820.0,2069.0,501.0,0.0,274.0,2691.0,61.48154294697179,8823.946,8885.42754294697,2004.0,47.0,21.0,228.0,144.0,30.0,27.0,0.0,72.0,3.0,135.0,18.0,0.0
218,105,9,1843.0,2107.0,476.0,0.0,362.0,2691.0,60.53994792330735,7830.362800000001,7890.902747923309,2004.0,47.0,21.0,228.0,144.0,30.0,27.0,0.0,72.0,3.0,135.0,18.0,0.0
218,106,9,1855.0,2092.0,491.0,0.0,322.0,2691.0,99.78228605395203,8260.220800000001,8360.003086053954,2004.0,47.0,21.0,228.0,144.0,30.0,27.0,0.0,72.0,3.0,135.0,18.0,0.0
218,107,9,1867.0,2109.0,469.0,0.0,348.0,2691.0,19.756175272770356,7877.5904000000055,7897.346575272777,2004.0,47.0,21.0,228.0,144.0,30.0,27.0,0.0,72.0,3.0,135.0,18.0,0.0
218,108,10,1845.0,2120.0,464.0,0.0,347.0,2691.0,18.60536771995763,8250.401200000004,8269.006567719962,2004.0,47.0,21.0,228.0,144.0,30.0,27.0,0.0,72.0,3.0,135.0,18.0,0.0
218,109,10,1794.0,2103.0,485.0,0.0,319.0,2691.0,100.44794391663412,8618.402400000003,8718.850343916636,2004.0,47.0,21.0,228.0,144.0,30.0,27.0,0.0,72.0,3.0,135.0,18.0,0.0
218,110,10,1856.0,2131.0,452.0,0.0,334.0,2691.0,17.6942392633174,9472.440399999996,9490.134639263313,2004.0,47.0,21.0,228.0,144.0,30.0,27.0,0.0,72.0,3.0,135.0,18.0,0.0
218,111,10,1848.0,2094.0,487.0,0.0,303.0,2691.0,20.677949168571214,8114.596799999999,8135.27474916857,2004.0,47.0,21.0,228.0,144.0,30.0,27.0,0.0,72.0,3.0,135.0,18.0,0.0
218,112,10,1824.0,2123.0,474.0,0.0,329.0,2691.0,20.12425749075465,8972.709599999995,8992.833857490748,2004.0,47.0,21.0,228.0,144.0,30.0,27.0,0.0,72.0,3.0,135.0,18.0,0.0
218,113,10,1870.0,2100.0,484.0,0.0,304.0,2691.0,21.47049531772647,9152.401599999997,9173.872095317724,2004.0,47.0,21.0,228.0,144.0,30.0,27.0,0.0,72.0,3.0,135.0,18.0,0.0
218,114,10,1846.0,2119.0,464.0,0.0,282.0,2691.0,59.33626007300479,8673.846400000004,8733.182660073007,2004.0,47.0,21.0,228.0,144.0,30.0,27.0,0.0,72.0,3.0,135.0,18.0,0.0
218,115,10,1859.0,2122.0,473.0,0.0,318.0,2691.0,61.15355628139328,7983.134399999999,8044.287956281392,2004.0,47.0,21.0,228.0,144.0,30.0,27.0,0.0,72.0,3.0,135.0,18.0,0.0
218,116,10,1877.0,2108.0,472.0,0.0,340.0,2691.0,142.81011640764987,8195.758800000005,8338.568916407656,2004.0,47.0,21.0,228.0,144.0,30.0,27.0,0.0,72.0,3.0,135.0,18.0,0.0
218,117,10,1889.0,2072.0,515.0,0.0,302.0,2691.0,99.56585723772646,8739.7112,8839.277057237727,2004.0,47.0,21.0,228.0,144.0,30.0,27.0,0.0,72.0,3.0,135.0,18.0,0.0
218,118,10,1892.0,2083.0,491.0,0.0,324.0,2691.0,17.791217845069234,8159.219199999998,8177.010417845067,2004.0,47.0,21.0,228.0,144.0,30.0,27.0,0.0,72.0,3.0,135.0,18.0,0.0
218,119,10,1853.0,2118.0,479.0,0.0,329.0,2691.0,57.988669356599615,7787.744400000003,7845.733069356603,2004.0,47.0,21.0,228.0,144.0,30.0,27.0,0.0,72.0,3.0,135.0,18.0,0.0
219,0,1,1818.0,2107.0,487.0,0.0,320.0,2691.0,95.50996132116602,10255.603599999999,10351.113561321166,2004.0,47.0,21.0,228.0,144.0,30.0,27.0,0.0,72.0,3.0,135.0,18.0,0.0
219,1,1,1872.0,2098.0,486.0,0.0,269.0,2691.0,14.692889433083748,9920.735199999996,9935.42808943308,2004.0,47.0,21.0,228.0,144.0,30.0,27.0,0.0,72.0,3.0,135.0,18.0,0.0
219,2,1,1902.0,2094.0,480.0,0.0,312.0,2691.0,15.30133879858933,10316.859199999995,10332.160538798584,2004.0,47.0,21.0,228.0,144.0,30.0,27.0,0.0,72.0,3.0,135.0,18.0,0.0
219,3,1,1849.0,2144.0,435.0,0.0,304.0,2691.0,15.398923051424797,10441.841999999988,10457.240923051413,2004.0,47.0,21.0,228.0,144.0,30.0,27.0,0.0,72.0,3.0,135.0,18.0,0.0
219,4,1,1868.0,2100.0,489.0,0.0,308.0,2691.0,15.168316915193373,9362.487599999999,9377.655916915193,2004.0,47.0,21.0,228.0,144.0,30.0,27.0,0.0,72.0,3.0,135.0,18.0,0.0
219,5,1,1901.0,2119.0,456.0,0.0,313.0,2691.0,53.99945146429692,8601.234799999998,8655.234251464295,2004.0,47.0,21.0,228.0,144.0,30.0,27.0,0.0,72.0,3.0,135.0,18.0,0.0
219,6,1,1881.0,2147.0,451.0,0.0,254.0,2691.0,54.52771326954555,9481.5252,9536.052913269546,2004.0,47.0,21.0,228.0,144.0,30.0,27.0,0.0,72.0,3.0,135.0,18.0,0.0
219,7,1,1901.0,2091.0,494.0,0.0,332.0,2691.0,55.246421688244354,10179.184400000002,10234.430821688247,2004.0,47.0,21.0,228.0,144.0,30.0,27.0,0.0,72.0,3.0,135.0,18.0,0.0
219,8,1,1800.0,2102.0,481.0,0.0,312.0,2691.0,15.065913313819747,10226.077999999994,10241.143913313816,2004.0,47.0,21.0,228.0,144.0,30.0,27.0,0.0,72.0,3.0,135.0,18.0,0.0
219,9,1,1882.0,2111.0,452.0,0.0,301.0,2691.0,15.189648087703507,9374.311199999998,9389.500848087702,2004.0,47.0,21.0,228.0,144.0,30.0,27.0,0.0,72.0,3.0,135.0,18.0,0.0
219,10,1,1838.0,2098.0,488.0,0.0,324.0,2691.0,55.81426603363999,11224.270399999998,11280.084666033637,2004.0,47.0,21.0,228.0,144.0,30.0,27.0,0.0,72.0,3.0,135.0,18.0,0.0
219,11,1,1865.0,2116.0,468.0,0.0,266.0,2691.0,56.671095776900415,11032.754799999995,11089.425895776896,2004.0,47.0,21.0,228.0,144.0,30.0,27.0,0.0,72.0,3.0,135.0,18.0,0.0
219,12,2,1861.0,2149.0,428.0,0.0,309.0,2691.0,96.06134998713864,9727.015199999998,9823.076549987136,2004.0,47.0,21.0,228.0,144.0,30.0,27.0,0.0,72.0,3.0,135.0,18.0,0.0
219,13,2,1828.0,2129.0,447.0,0.0,312.0,2691.0,14.981633768793946,9603.101200000005,9618.082833768798,2004.0,47.0,21.0,228.0,144.0,30.0,27.0,0.0,72.0,3.0,135.0,18.0,0.0
219,14,2,1867.0,2095.0,500.0,0.0,308.0,2691.0,94.38291939858189,10699.289199999992,10793.672119398574,2004.0,47.0,21.0,228.0,144.0,30.0,27.0,0.0,72.0,3.0,135.0,18.0,0.0
219,15,2,1851.0,2122.0,448.0,0.0,252.0,2691.0,16.081168914574704,9372.440799999997,9388.52196891457,2004.0,47.0,21.0,228.0,144.0,30.0,27.0,0.0,72.0,3.0,135.0,18.0,0.0
219,16,2,1844.0,2093.0,489.0,0.0,296.0,2691.0,56.81736712740512,9395.286399999994,9452.103767127397,2004.0,47.0,21.0,228.0,144.0,30.0,27.0,0.0,72.0,3.0,135.0,18.0,0.0
219,17,2,1849.0,2109.0,483.0,0.0,267.0,2691.0,14.058927790224956,9064.292399999998,9078.351327790224,2004.0,47.0,21.0,228.0,144.0,30.0,27.0,0.0,72.0,3.0,135.0,18.0,0.0
219,18,2,1888.0,2114.0,481.0,0.0,303.0,2691.0,15.461074167474079,10053.600399999996,10069.061474167469,2004.0,47.0,21.0,228.0,144.0,30.0,27.0,0.0,72.0,3.0,135.0,18.0,0.0
219,19,2,1837.0,2169.0,427.0,0.0,272.0,2691.0,54.21003285328538,10111.515999999992,10165.72603285328,2004.0,47.0,21.0,228.0,144.0,30.0,27.0,0.0,72.0,3.0,135.0,18.0,0.0
219,20,2,1850.0,2152.0,443.0,0.0,306.0,2691.0,55.01793873961485,10592.809999999996,10647.827938739612,2004.0,47.0,21.0,228.0,144.0,30.0,27.0,0.0,72.0,3.0,135.0,18.0,0.0
219,21,2,1836.0,2113.0,474.0,0.0,326.0,2691.0,14.33204050021148,10063.954400000002,10078.286440500215,2004.0,47.0,21.0,228.0,144.0,30.0,27.0,0.0,72.0,3.0,135.0,18.0,0.0
219,22,2,1835.0,2148.0,448.0,0.0,279.0,2691.0,15.483739885969127,10061.2824,10076.766139885971,2004.0,47.0,21.0,228.0,144.0,30.0,27.0,0.0,72.0,3.0,135.0,18.0,0.0
219,23,2,1857.0,2106.0,478.0,0.0,313.0,2691.0,54.494681543443654,9068.767999999996,9123.262681543441,2004.0,47.0,21.0,228.0,144.0,30.0,27.0,0.0,72.0,3.0,135.0,18.0,0.0
219,24,3,1866.0,2088.0,501.0,0.0,260.0,2691.0,54.459200582821836,11164.818399999996,11219.277600582818,2004.0,47.0,21.0,228.0,144.0,30.0,27.0,0.0,72.0,3.0,135.0,18.0,0.0
219,25,3,1841.0,2129.0,460.0,0.0,271.0,2691.0,15.582059184760187,9495.219199999996,9510.801259184756,2004.0,47.0,21.0,228.0,144.0,30.0,27.0,0.0,72.0,3.0,135.0,18.0,0.0
219,26,3,1828.0,2148.0,434.0,0.0,258.0,2691.0,54.3225504017085,9895.752,9950.074550401709,2004.0,47.0,21.0,228.0,144.0,30.0,27.0,0.0,72.0,3.0,135.0,18.0,0.0
219,27,3,1883.0,2135.0,459.0,0.0,266.0,2691.0,13.960347726733115,10125.07639999999,10139.036747726725,2004.0,47.0,21.0,228.0,144.0,30.0,27.0,0.0,72.0,3.0,135.0,18.0,0.0
219,28,3,1923.0,2116.0,458.0,0.0,291.0,2691.0,16.787383770206212,10657.271999999999,10674.059383770204,2004.0,47.0,21.0,228.0,144.0,30.0,27.0,0.0,72.0,3.0,135.0,18.0,0.0
219,29,3,1842.0,2078.0,502.0,0.0,307.0,2691.0,55.27817039736091,9031.961200000003,9087.239370397365,2004.0,47.0,21.0,228.0,144.0,30.0,27.0,0.0,72.0,3.0,135.0,18.0,0.0
219,30,3,1874.0,2105.0,482.0,0.0,302.0,2691.0,13.367298813140653,9946.653599999998,9960.020898813138,2004.0,47.0,21.0,228.0,144.0,30.0,27.0,0.0,72.0,3.0,135.0,18.0,0.0
219,31,3,1859.0,2131.0,453.0,0.0,286.0,2691.0,55.55079460032549,10653.531199999998,10709.081994600325,2004.0,47.0,21.0,228.0,144.0,30.0,27.0,0.0,72.0,3.0,135.0,18.0,0.0
219,32,3,1845.0,2120.0,459.0,0.0,282.0,2691.0,137.5362619775842,9411.585599999999,9549.121861977583,2004.0,47.0,21.0,228.0,144.0,30.0,27.0,0.0,72.0,3.0,135.0,18.0,0.0
219,33,3,1905.0,2135.0,452.0,0.0,314.0,2691.0,14.329789673735087,10265.155999999995,10279.48578967373,2004.0,47.0,21.0,228.0,144.0,30.0,27.0,0.0,72.0,3.0,135.0,18.0,0.0
219,34,3,1846.0,2092.0,485.0,0.0,340.0,2691.0,15.533171452454386,9563.488800000005,9579.02197145246,2004.0,47.0,21.0,228.0,144.0,30.0,27.0,0.0,72.0,3.0,135.0,18.0,0.0
219,35,3,1848.0,2113.0,462.0,0.0,255.0,2691.0,96.15330447659517,10348.322,10444.475304476595,2004.0,47.0,21.0,228.0,144.0,30.0,27.0,0.0,72.0,3.0,135.0,18.0,0.0
219,36,4,1860.0,2128.0,452.0,0.0,281.0,2691.0,15.667145442622736,10978.780399999994,10994.447545442617,2004.0,47.0,21.0,228.0,144.0,30.0,27.0,0.0,72.0,3.0,135.0,18.0,0.0
219,37,4,1865.0,2115.0,470.0,0.0,276.0,2691.0,55.528470999807006,10828.1464,10883.674870999806,2004.0,47.0,21.0,228.0,144.0,30.0,27.0,0.0,72.0,3.0,135.0,18.0,0.0
219,38,4,1885.0,2116.0,462.0,0.0,305.0,2691.0,55.141670315586175,9082.3952,9137.536870315587,2004.0,47.0,21.0,228.0,144.0,30.0,27.0,0.0,72.0,3.0,135.0,18.0,0.0
219,39,4,1839.0,2121.0,459.0,0.0,308.0,2691.0,16.966124000102795,8897.759999999998,8914.7261240001,2004.0,47.0,21.0,228.0,144.0,30.0,27.0,0.0,72.0,3.0,135.0,18.0,0.0
219,40,4,1852.0,2141.0,447.0,0.0,317.0,2691.0,14.139389906744825,10380.385999999999,10394.525389906743,2004.0,47.0,21.0,228.0,144.0,30.0,27.0,0.0,72.0,3.0,135.0,18.0,0.0
219,41,4,1856.0,2108.0,468.0,0.0,319.0,2691.0,56.09853821787066,9925.411199999995,9981.509738217866,2004.0,47.0,21.0,228.0,144.0,30.0,27.0,0.0,72.0,3.0,135.0,18.0,0.0
219,42,4,1830.0,2141.0,440.0,0.0,289.0,2691.0,53.90300420886309,9134.966799999998,9188.869804208864,2004.0,47.0,21.0,228.0,144.0,30.0,27.0,0.0,72.0,3.0,135.0,18.0,0.0
219,43,4,1840.0,2127.0,465.0,0.0,318.0,2691.0,55.18275905886337,8896.156800000006,8951.33955905887,2004.0,47.0,21.0,228.0,144.0,30.0,27.0,0.0,72.0,3.0,135.0,18.0,0.0
219,44,4,1854.0,2093.0,473.0,0.0,312.0,2691.0,96.28708817428765,9710.114800000001,9806.401888174289,2004.0,47.0,21.0,228.0,144.0,30.0,27.0,0.0,72.0,3.0,135.0,18.0,0.0
219,45,4,1843.0,2115.0,477.0,0.0,295.0,2691.0,136.46279975906964,9343.583199999997,9480.045999759066,2004.0,47.0,21.0,228.0,144.0,30.0,27.0,0.0,72.0,3.0,135.0,18.0,0.0
219,46,4,1852.0,2114.0,478.0,0.0,320.0,2691.0,55.7850963658199,9657.409599999992,9713.194696365812,2004.0,47.0,21.0,228.0,144.0,30.0,27.0,0.0,72.0,3.0,135.0,18.0,0.0
219,47,4,1887.0,2109.0,471.0,0.0,331.0,2691.0,13.695792240263778,10474.640799999997,10488.336592240263,2004.0,47.0,21.0,228.0,144.0,30.0,27.0,0.0,72.0,3.0,135.0,18.0,0.0
219,48,5,1853.0,2080.0,500.0,0.0,305.0,2691.0,56.16345997878115,10194.414799999991,10250.578259978774,2004.0,47.0,21.0,228.0,144.0,30.0,27.0,0.0,72.0,3.0,135.0,18.0,0.0
219,49,5,1865.0,2121.0,470.0,0.0,248.0,2691.0,14.35494509069106,9111.319599999999,9125.674545090691,2004.0,47.0,21.0,228.0,144.0,30.0,27.0,0.0,72.0,3.0,135.0,18.0,0.0
219,50,5,1854.0,2125.0,454.0,0.0,286.0,2691.0,97.16960797975436,9582.9276,9680.097207979756,2004.0,47.0,21.0,228.0,144.0,30.0,27.0,0.0,72.0,3.0,135.0,18.0,0.0
219,51,5,1855.0,2143.0,458.0,0.0,253.0,2691.0,14.190504171121358,8900.098000000002,8914.288504171123,2004.0,47.0,21.0,228.0,144.0,30.0,27.0,0.0,72.0,3.0,135.0,18.0,0.0
219,52,5,1911.0,2077.0,513.0,0.0,272.0,2691.0,15.438022517935188,10293.879999999997,10309.318022517931,2004.0,47.0,21.0,228.0,144.0,30.0,27.0,0.0,72.0,3.0,135.0,18.0,0.0
219,53,5,1844.0,2133.0,449.0,0.0,318.0,2691.0,95.22178683063564,9576.381200000003,9671.60298683064,2004.0,47.0,21.0,228.0,144.0,30.0,27.0,0.0,72.0,3.0,135.0,18.0,0.0
219,54,5,1848.0,2159.0,432.0,0.0,268.0,2691.0,54.28247188945271,9135.701600000004,9189.984071889457,2004.0,47.0,21.0,228.0,144.0,30.0,27.0,0.0,72.0,3.0,135.0,18.0,0.0
219,55,5,1847.0,2139.0,456.0,0.0,236.0,2691.0,54.8401070816834,10555.602399999994,10610.442507081676,2004.0,47.0,21.0,228.0,144.0,30.0,27.0,0.0,72.0,3.0,135.0,18.0,0.0
219,56,5,1867.0,2124.0,453.0,0.0,312.0,2691.0,55.05259952937713,10212.9852,10268.037799529375,2004.0,47.0,21.0,228.0,144.0,30.0,27.0,0.0,72.0,3.0,135.0,18.0,0.0
219,57,5,1834.0,2105.0,462.0,0.0,340.0,2691.0,97.1536250313565,10718.928399999995,10816.082025031352,2004.0,47.0,21.0,228.0,144.0,30.0,27.0,0.0,72.0,3.0,135.0,18.0,0.0
219,58,5,1826.0,2110.0,466.0,0.0,302.0,2691.0,54.67482995304943,11068.693199999998,11123.368029953046,2004.0,47.0,21.0,228.0,144.0,30.0,27.0,0.0,72.0,3.0,135.0,18.0,0.0
219,59,5,1824.0,2130.0,453.0,0.0,266.0,2691.0,56.13344078081495,9954.201999999997,10010.335440780813,2004.0,47.0,21.0,228.0,144.0,30.0,27.0,0.0,72.0,3.0,135.0,18.0,0.0
219,60,6,1865.0,2119.0,474.0,0.0,312.0,2691.0,15.078387015246825,10498.6888,10513.767187015246,2004.0,47.0,21.0,228.0,144.0,30.0,27.0,0.0,72.0,3.0,135.0,18.0,0.0
219,61,6,1867.0,2094.0,489.0,0.0,313.0,2691.0,96.88551412459321,10285.396399999996,10382.28191412459,2004.0,47.0,21.0,228.0,144.0,30.0,27.0,0.0,72.0,3.0,135.0,18.0,0.0
219,62,6,1885.0,2137.0,445.0,0.0,292.0,2691.0,95.4906831980729,10136.565999999999,10232.056683198072,2004.0,47.0,21.0,228.0,144.0,30.0,27.0,0.0,72.0,3.0,135.0,18.0,0.0
219,63,6,1838.0,2129.0,452.0,0.0,288.0,2691.0,14.53144609156323,10279.250800000002,10293.782246091565,2004.0,47.0,21.0,228.0,144.0,30.0,27.0,0.0,72.0,3.0,135.0,18.0,0.0
219,64,6,1776.0,2132.0,457.0,0.0,258.0,2691.0,96.11699748877538,9106.6436,9202.760597488776,2004.0,47.0,21.0,228.0,144.0,30.0,27.0,0.0,72.0,3.0,135.0,18.0,0.0
219,65,6,1854.0,2104.0,460.0,0.0,314.0,2691.0,53.592062333808165,9386.869599999995,9440.4616623338,2004.0,47.0,21.0,228.0,144.0,30.0,27.0,0.0,72.0,3.0,135.0,18.0,0.0
219,66,6,1844.0,2137.0,447.0,0.0,330.0,2691.0,16.498977263286875,10091.475999999999,10107.974977263286,2004.0,47.0,21.0,228.0,144.0,30.0,27.0,0.0,72.0,3.0,135.0,18.0,0.0
219,67,6,1896.0,2099.0,472.0,0.0,294.0,2691.0,54.541099490689234,9162.488399999997,9217.029499490685,2004.0,47.0,21.0,228.0,144.0,30.0,27.0,0.0,72.0,3.0,135.0,18.0,0.0
219,68,6,1872.0,2116.0,461.0,0.0,283.0,2691.0,54.99651696576785,10351.127600000003,10406.124116965773,2004.0,47.0,21.0,228.0,144.0,30.0,27.0,0.0,72.0,3.0,135.0,18.0,0.0
219,69,6,1863.0,2112.0,471.0,0.0,305.0,2691.0,15.303182119876436,9314.124400000002,9329.427582119879,2004.0,47.0,21.0,228.0,144.0,30.0,27.0,0.0,72.0,3.0,135.0,18.0,0.0
219,70,6,1840.0,2104.0,475.0,0.0,296.0,2691.0,15.589752925905842,10313.385599999998,10328.975352925903,2004.0,47.0,21.0,228.0,144.0,30.0,27.0,0.0,72.0,3.0,135.0,18.0,0.0
219,71,6,1844.0,2163.0,429.0,0.0,293.0,2691.0,14.714944452101836,9764.757200000005,9779.472144452107,2004.0,47.0,21.0,228.0,144.0,30.0,27.0,0.0,72.0,3.0,135.0,18.0,0.0
219,72,7,1856.0,2126.0,443.0,0.0,300.0,2691.0,135.74233109351718,10968.159199999998,11103.901531093516,2004.0,47.0,21.0,228.0,144.0,30.0,27.0,0.0,72.0,3.0,135.0,18.0,0.0
219,73,7,1885.0,2114.0,481.0,0.0,278.0,2691.0,14.613036917971504,8784.2668,8798.879836917971,2004.0,47.0,21.0,228.0,144.0,30.0,27.0,0.0,72.0,3.0,135.0,18.0,0.0
219,74,7,1880.0,2084.0,477.0,0.0,330.0,2691.0,55.71576362352534,9625.412400000001,9681.128163623527,2004.0,47.0,21.0,228.0,144.0,30.0,27.0,0.0,72.0,3.0,135.0,18.0,0.0
219,75,7,1837.0,2117.0,457.0,0.0,276.0,2691.0,96.24573639747852,10120.066399999996,10216.312136397473,2004.0,47.0,21.0,228.0,144.0,30.0,27.0,0.0,72.0,3.0,135.0,18.0,0.0
219,76,7,1844.0,2141.0,443.0,0.0,310.0,2691.0,54.276636158227944,9072.776,9127.052636158227,2004.0,47.0,21.0,228.0,144.0,30.0,27.0,0.0,72.0,3.0,135.0,18.0,0.0
219,77,7,1859.0,2124.0,460.0,0.0,265.0,2691.0,55.47694096365245,10462.817199999994,10518.294140963646,2004.0,47.0,21.0,228.0,144.0,30.0,27.0,0.0,72.0,3.0,135.0,18.0,0.0
219,78,7,1852.0,2101.0,474.0,0.0,290.0,2691.0,55.20061910719995,9729.353199999998,9784.553819107197,2004.0,47.0,21.0,228.0,144.0,30.0,27.0,0.0,72.0,3.0,135.0,18.0,0.0
219,79,7,1865.0,2134.0,453.0,0.0,294.0,2691.0,95.30106543885395,9546.655199999996,9641.95626543885,2004.0,47.0,21.0,228.0,144.0,30.0,27.0,0.0,72.0,3.0,135.0,18.0,0.0
219,80,7,1840.0,2079.0,479.0,0.0,325.0,2691.0,56.76580079378493,10490.806399999998,10547.572200793784,2004.0,47.0,21.0,228.0,144.0,30.0,27.0,0.0,72.0,3.0,135.0,18.0,0.0
219,81,7,1829.0,2151.0,445.0,0.0,314.0,2691.0,57.61846228776685,10514.253199999992,10571.87166228776,2004.0,47.0,21.0,228.0,144.0,30.0,27.0,0.0,72.0,3.0,135.0,18.0,0.0
219,82,7,1841.0,2157.0,431.0,0.0,332.0,2691.0,55.771310726247194,9084.6664,9140.437710726248,2004.0,47.0,21.0,228.0,144.0,30.0,27.0,0.0,72.0,3.0,135.0,18.0,0.0
219,83,7,1812.0,2140.0,435.0,0.0,273.0,2691.0,55.311545657942816,9648.992800000004,9704.304345657947,2004.0,47.0,21.0,228.0,144.0,30.0,27.0,0.0,72.0,3.0,135.0,18.0,0.0
219,84,8,1855.0,2088.0,496.0,0.0,322.0,2691.0,52.98784434105444,9141.246000000001,9194.233844341055,2004.0,47.0,21.0,228.0,144.0,30.0,27.0,0.0,72.0,3.0,135.0,18.0,0.0
219,85,8,1854.0,2123.0,467.0,0.0,298.0,2691.0,57.120637326066614,9947.789200000001,10004.909837326068,2004.0,47.0,21.0,228.0,144.0,30.0,27.0,0.0,72.0,3.0,135.0,18.0,0.0
219,86,8,1870.0,2099.0,478.0,0.0,291.0,2691.0,14.57618728709971,9915.123999999998,9929.700187287099,2004.0,47.0,21.0,228.0,144.0,30.0,27.0,0.0,72.0,3.0,135.0,18.0,0.0
219,87,8,1887.0,2117.0,465.0,0.0,253.0,2691.0,96.83875677939925,8230.227600000002,8327.066356779402,2004.0,47.0,21.0,228.0,144.0,30.0,27.0,0.0,72.0,3.0,135.0,18.0,0.0
219,88,8,1865.0,2100.0,465.0,0.0,317.0,2691.0,55.79952090070696,10241.842800000002,10297.64232090071,2004.0,47.0,21.0,228.0,144.0,30.0,27.0,0.0,72.0,3.0,135.0,18.0,0.0
219,89,8,1843.0,2083.0,468.0,0.0,301.0,2691.0,96.52986089241618,8910.786,9007.315860892417,2004.0,47.0,21.0,228.0,144.0,30.0,27.0,0.0,72.0,3.0,135.0,18.0,0.0
219,90,8,1840.0,2133.0,442.0,0.0,293.0,2691.0,95.90673616982355,9907.508799999994,10003.415536169818,2004.0,47.0,21.0,228.0,144.0,30.0,27.0,0.0,72.0,3.0,135.0,18.0,0.0
219,91,8,1894.0,2134.0,454.0,0.0,279.0,2691.0,56.61456366377631,11869.892399999992,11926.506963663767,2004.0,47.0,21.0,228.0,144.0,30.0,27.0,0.0,72.0,3.0,135.0,18.0,0.0
219,92,8,1862.0,2146.0,448.0,0.0,286.0,2691.0,55.976898268284316,10467.493199999997,10523.470098268283,2004.0,47.0,21.0,228.0,144.0,30.0,27.0,0.0,72.0,3.0,135.0,18.0,0.0
219,93,8,1843.0,2122.0,444.0,0.0,326.0,2691.0,54.52066633081725,10555.936399999997,10610.457066330813,2004.0,47.0,21.0,228.0,144.0,30.0,27.0,0.0,72.0,3.0,135.0,18.0,0.0
219,94,8,1834.0,2082.0,518.0,0.0,278.0,2691.0,56.60987305315407,9234.097999999998,9290.707873053154,2004.0,47.0,21.0,228.0,144.0,30.0,27.0,0.0,72.0,3.0,135.0,18.0,0.0
219,95,8,1832.0,2124.0,458.0,0.0,309.0,2691.0,55.36975381173071,10779.181999999995,10834.551753811727,2004.0,47.0,21.0,228.0,144.0,30.0,27.0,0.0,72.0,3.0,135.0,18.0,0.0
219,96,9,1847.0,2131.0,459.0,0.0,297.0,2691.0,14.470091731863368,9730.755999999996,9745.22609173186,2004.0,47.0,21.0,228.0,144.0,30.0,27.0,0.0,72.0,3.0,135.0,18.0,0.0
219,97,9,1796.0,2141.0,452.0,0.0,307.0,2691.0,15.354256035518233,9405.6404,9420.994656035517,2004.0,47.0,21.0,228.0,144.0,30.0,27.0,0.0,72.0,3.0,135.0,18.0,0.0
219,98,9,1842.0,2142.0,446.0,0.0,323.0,2691.0,56.13766526969997,10763.6844,10819.822065269702,2004.0,47.0,21.0,228.0,144.0,30.0,27.0,0.0,72.0,3.0,135.0,18.0,0.0
219,99,9,1858.0,2104.0,491.0,0.0,315.0,2691.0,96.94520620719857,10181.388799999993,10278.334006207191,2004.0,47.0,21.0,228.0,144.0,30.0,27.0,0.0,72.0,3.0,135.0,18.0,0.0
219,100,9,1793.0,2156.0,437.0,0.0,305.0,2691.0,54.26298094411929,10601.961600000004,10656.224580944125,2004.0,47.0,21.0,228.0,144.0,30.0,27.0,0.0,72.0,3.0,135.0,18.0,0.0
219,101,9,1848.0,2141.0,444.0,0.0,272.0,2691.0,55.5631497531316,9423.409200000007,9478.97234975314,2004.0,47.0,21.0,228.0,144.0,30.0,27.0,0.0,72.0,3.0,135.0,18.0,0.0
219,102,9,1828.0,2096.0,492.0,0.0,267.0,2691.0,15.29025146851248,9610.248799999994,9625.539051468506,2004.0,47.0,21.0,228.0,144.0,30.0,27.0,0.0,72.0,3.0,135.0,18.0,0.0
219,103,9,1820.0,2092.0,479.0,0.0,248.0,2691.0,56.47721865957963,10585.395199999995,10641.872418659575,2004.0,47.0,21.0,228.0,144.0,30.0,27.0,0.0,72.0,3.0,135.0,18.0,0.0
219,104,9,1843.0,2116.0,466.0,0.0,342.0,2691.0,15.655599439728746,9710.715999999997,9726.371599439724,2004.0,47.0,21.0,228.0,144.0,30.0,27.0,0.0,72.0,3.0,135.0,18.0,0.0
219,105,9,1855.0,2121.0,463.0,0.0,289.0,2691.0,55.44568166236581,10144.515199999993,10199.960881662359,2004.0,47.0,21.0,228.0,144.0,30.0,27.0,0.0,72.0,3.0,135.0,18.0,0.0
219,106,9,1867.0,2098.0,483.0,0.0,312.0,2691.0,95.77039129998829,8868.9024,8964.672791299989,2004.0,47.0,21.0,228.0,144.0,30.0,27.0,0.0,72.0,3.0,135.0,18.0,0.0
219,107,9,1845.0,2137.0,449.0,0.0,306.0,2691.0,55.85140967145122,9306.909999999998,9362.76140967145,2004.0,47.0,21.0,228.0,144.0,30.0,27.0,0.0,72.0,3.0,135.0,18.0,0.0
219,108,10,1794.0,2111.0,477.0,0.0,284.0,2691.0,55.53276030697837,10535.695999999996,10591.228760306974,2004.0,47.0,21.0,228.0,144.0,30.0,27.0,0.0,72.0,3.0,135.0,18.0,0.0
219,109,10,1856.0,2150.0,433.0,0.0,307.0,2691.0,13.52931580546796,11353.795599999994,11367.324915805462,2004.0,47.0,21.0,228.0,144.0,30.0,27.0,0.0,72.0,3.0,135.0,18.0,0.0
219,110,10,1848.0,2101.0,481.0,0.0,277.0,2691.0,15.806045949978355,9433.028399999997,9448.834445949975,2004.0,47.0,21.0,228.0,144.0,30.0,27.0,0.0,72.0,3.0,135.0,18.0,0.0
219,111,10,1824.0,2126.0,474.0,0.0,286.0,2691.0,16.344148616904103,10965.15319999999,10981.497348616895,2004.0,47.0,21.0,228.0,144.0,30.0,27.0,0.0,72.0,3.0,135.0,18.0,0.0
219,112,10,1870.0,2140.0,445.0,0.0,274.0,2691.0,55.32789359944115,10814.719599999993,10870.047493599433,2004.0,47.0,21.0,228.0,144.0,30.0,27.0,0.0,72.0,3.0,135.0,18.0,0.0
219,113,10,1846.0,2136.0,447.0,0.0,257.0,2691.0,15.511163924173438,10065.8916,10081.402763924174,2004.0,47.0,21.0,228.0,144.0,30.0,27.0,0.0,72.0,3.0,135.0,18.0,0.0
219,114,10,1859.0,2120.0,475.0,0.0,290.0,2691.0,15.008158542141384,9300.497199999994,9315.505358542137,2004.0,47.0,21.0,228.0,144.0,30.0,27.0,0.0,72.0,3.0,135.0,18.0,0.0
219,115,10,1877.0,2117.0,466.0,0.0,297.0,2691.0,97.00803137260564,9766.694400000002,9863.702431372607,2004.0,47.0,21.0,228.0,144.0,30.0,27.0,0.0,72.0,3.0,135.0,18.0,0.0
219,116,10,1889.0,2095.0,492.0,0.0,274.0,2691.0,54.82553967845391,10548.788799999998,10603.61433967845,2004.0,47.0,21.0,228.0,144.0,30.0,27.0,0.0,72.0,3.0,135.0,18.0,0.0
219,117,10,1892.0,2095.0,479.0,0.0,298.0,2691.0,13.679923404075575,9529.955199999999,9543.635123404074,2004.0,47.0,21.0,228.0,144.0,30.0,27.0,0.0,72.0,3.0,135.0,18.0,0.0
219,118,10,1853.0,2126.0,471.0,0.0,303.0,2691.0,14.546660321399468,9169.235200000003,9183.781860321402,2004.0,47.0,21.0,228.0,144.0,30.0,27.0,0.0,72.0,3.0,135.0,18.0,0.0
219,119,10,1875.0,2157.0,448.0,0.0,247.0,2691.0,96.13230743846091,9620.469200000001,9716.601507438463,2004.0,47.0,21.0,228.0,144.0,30.0,27.0,0.0,72.0,3.0,135.0,18.0,0.0
220,0,1,1872.0,2094.0,490.0,0.0,276.0,2691.0,55.504497544835885,9184.398799999994,9239.903297544828,2004.0,47.0,21.0,228.0,144.0,30.0,27.0,0.0,72.0,3.0,135.0,18.0,0.0
220,1,1,1902.0,2081.0,493.0,0.0,338.0,2691.0,16.036248456730362,9228.152799999994,9244.189048456725,2004.0,47.0,21.0,228.0,144.0,30.0,27.0,0.0,72.0,3.0,135.0,18.0,0.0
220,2,1,1849.0,2126.0,452.0,0.0,328.0,2691.0,16.283588216518073,9319.33479999999,9335.618388216508,2004.0,47.0,21.0,228.0,144.0,30.0,27.0,0.0,72.0,3.0,135.0,18.0,0.0
220,3,1,1868.0,2087.0,500.0,0.0,335.0,2691.0,139.52931799127364,8939.242800000002,9078.772117991275,2004.0,47.0,21.0,228.0,144.0,30.0,27.0,0.0,72.0,3.0,135.0,18.0,0.0
220,4,1,1901.0,2093.0,480.0,0.0,341.0,2691.0,96.21443437097835,7558.620400000004,7654.834834370983,2004.0,47.0,21.0,228.0,144.0,30.0,27.0,0.0,72.0,3.0,135.0,18.0,0.0
220,5,1,1881.0,2133.0,465.0,0.0,279.0,2691.0,57.36716999887767,8850.465600000001,8907.83276999888,2004.0,47.0,21.0,228.0,144.0,30.0,27.0,0.0,72.0,3.0,135.0,18.0,0.0
220,6,1,1901.0,2057.0,525.0,0.0,360.0,2691.0,137.69004788028835,9159.616,9297.306047880289,2004.0,47.0,21.0,228.0,144.0,30.0,27.0,0.0,72.0,3.0,135.0,18.0,0.0
220,7,1,1800.0,2086.0,496.0,0.0,341.0,2691.0,17.16860206065634,10097.487999999996,10114.656602060651,2004.0,47.0,21.0,228.0,144.0,30.0,27.0,0.0,72.0,3.0,135.0,18.0,0.0
220,8,1,1882.0,2113.0,449.0,0.0,322.0,2691.0,14.655677120493959,8681.461599999999,8696.117277120493,2004.0,47.0,21.0,228.0,144.0,30.0,27.0,0.0,72.0,3.0,135.0,18.0,0.0
220,9,1,1838.0,2072.0,515.0,0.0,341.0,2691.0,56.80920986630194,10162.5512,10219.360409866302,2004.0,47.0,21.0,228.0,144.0,30.0,27.0,0.0,72.0,3.0,135.0,18.0,0.0
220,10,1,1865.0,2092.0,493.0,0.0,288.0,2691.0,99.38286095408168,9920.735199999997,10020.118060954079,2004.0,47.0,21.0,228.0,144.0,30.0,27.0,0.0,72.0,3.0,135.0,18.0,0.0
220,11,1,1861.0,2129.0,448.0,0.0,330.0,2691.0,97.25846961678106,8720.6064,8817.864869616784,2004.0,47.0,21.0,228.0,144.0,30.0,27.0,0.0,72.0,3.0,135.0,18.0,0.0
220,12,2,1828.0,2119.0,457.0,0.0,326.0,2691.0,57.25889741735131,8173.781600000006,8231.040497417356,2004.0,47.0,21.0,228.0,144.0,30.0,27.0,0.0,72.0,3.0,135.0,18.0,0.0
220,13,2,1867.0,2084.0,511.0,0.0,326.0,2691.0,54.87920966129627,9673.174399999996,9728.053609661292,2004.0,47.0,21.0,228.0,144.0,30.0,27.0,0.0,72.0,3.0,135.0,18.0,0.0
220,14,2,1851.0,2084.0,484.0,0.0,274.0,2691.0,17.17172509996169,8261.6904,8278.862125099964,2004.0,47.0,21.0,228.0,144.0,30.0,27.0,0.0,72.0,3.0,135.0,18.0,0.0
220,15,2,1844.0,2074.0,507.0,0.0,311.0,2691.0,57.33837892498091,8640.847199999995,8698.185578924977,2004.0,47.0,21.0,228.0,144.0,30.0,27.0,0.0,72.0,3.0,135.0,18.0,0.0
220,16,2,1849.0,2093.0,500.0,0.0,287.0,2691.0,16.03892843427879,8204.509600000001,8220.54852843428,2004.0,47.0,21.0,228.0,144.0,30.0,27.0,0.0,72.0,3.0,135.0,18.0,0.0
220,17,2,1888.0,2095.0,499.0,0.0,322.0,2691.0,56.76576616768675,9098.293599999994,9155.059366167681,2004.0,47.0,21.0,228.0,144.0,30.0,27.0,0.0,72.0,3.0,135.0,18.0,0.0
220,18,2,1837.0,2120.0,475.0,0.0,281.0,2691.0,56.88443963082954,9064.8936,9121.778039630828,2004.0,47.0,21.0,228.0,144.0,30.0,27.0,0.0,72.0,3.0,135.0,18.0,0.0
220,19,2,1850.0,2121.0,474.0,0.0,338.0,2691.0,57.16435375423585,10219.798799999999,10276.963153754234,2004.0,47.0,21.0,228.0,144.0,30.0,27.0,0.0,72.0,3.0,135.0,18.0,0.0
220,20,2,1836.0,2092.0,495.0,0.0,332.0,2691.0,15.982564938162984,8989.142400000004,9005.124964938168,2004.0,47.0,21.0,228.0,144.0,30.0,27.0,0.0,72.0,3.0,135.0,18.0,0.0
220,21,2,1835.0,2128.0,466.0,0.0,307.0,2691.0,16.83178516573573,8487.474400000001,8504.306185165737,2004.0,47.0,21.0,228.0,144.0,30.0,27.0,0.0,72.0,3.0,135.0,18.0,0.0
220,22,2,1857.0,2095.0,489.0,0.0,332.0,2691.0,96.49240694369719,8137.509200000002,8234.0016069437,2004.0,47.0,21.0,228.0,144.0,30.0,27.0,0.0,72.0,3.0,135.0,18.0,0.0
220,23,2,1866.0,2065.0,523.0,0.0,287.0,2691.0,55.906439503137115,9807.843199999998,9863.749639503134,2004.0,47.0,21.0,228.0,144.0,30.0,27.0,0.0,72.0,3.0,135.0,18.0,0.0
220,24,3,1841.0,2124.0,466.0,0.0,296.0,2691.0,16.372283115684844,8490.6808,8507.053083115685,2004.0,47.0,21.0,228.0,144.0,30.0,27.0,0.0,72.0,3.0,135.0,18.0,0.0
220,25,3,1828.0,2124.0,458.0,0.0,268.0,2691.0,95.51431345648037,9305.0396,9400.553913456479,2004.0,47.0,21.0,228.0,144.0,30.0,27.0,0.0,72.0,3.0,135.0,18.0,0.0
220,26,3,1883.0,2120.0,473.0,0.0,300.0,2691.0,15.479782278551884,8695.289199999996,8710.768982278547,2004.0,47.0,21.0,228.0,144.0,30.0,27.0,0.0,72.0,3.0,135.0,18.0,0.0
220,27,3,1923.0,2104.0,471.0,0.0,324.0,2691.0,20.142907273390463,9711.5844,9731.72730727339,2004.0,47.0,21.0,228.0,144.0,30.0,27.0,0.0,72.0,3.0,135.0,18.0,0.0
220,28,3,1842.0,2075.0,505.0,0.0,323.0,2691.0,17.305765421447873,8364.295200000004,8381.600965421452,2004.0,47.0,21.0,228.0,144.0,30.0,27.0,0.0,72.0,3.0,135.0,18.0,0.0
220,29,3,1874.0,2067.0,518.0,0.0,313.0,2691.0,15.527124747110605,8663.559199999996,8679.086324747106,2004.0,47.0,21.0,228.0,144.0,30.0,27.0,0.0,72.0,3.0,135.0,18.0,0.0
220,30,3,1859.0,2096.0,488.0,0.0,314.0,2691.0,98.47008978711362,9215.995200000007,9314.46528978712,2004.0,47.0,21.0,228.0,144.0,30.0,27.0,0.0,72.0,3.0,135.0,18.0,0.0
220,31,3,1845.0,2119.0,460.0,0.0,289.0,2691.0,58.85535228272548,8470.6408,8529.496152282725,2004.0,47.0,21.0,228.0,144.0,30.0,27.0,0.0,72.0,3.0,135.0,18.0,0.0
220,32,3,1905.0,2115.0,472.0,0.0,328.0,2691.0,15.435422984564095,9303.770399999998,9319.205822984562,2004.0,47.0,21.0,228.0,144.0,30.0,27.0,0.0,72.0,3.0,135.0,18.0,0.0
220,33,3,1846.0,2086.0,490.0,0.0,357.0,2691.0,58.04193900514942,8877.252400000001,8935.294339005151,2004.0,47.0,21.0,228.0,144.0,30.0,27.0,0.0,72.0,3.0,135.0,18.0,0.0
220,34,3,1848.0,2095.0,481.0,0.0,282.0,2691.0,97.79269676596775,9145.187200000004,9242.979896765974,2004.0,47.0,21.0,228.0,144.0,30.0,27.0,0.0,72.0,3.0,135.0,18.0,0.0
220,35,3,1860.0,2114.0,466.0,0.0,307.0,2691.0,57.99706652333724,10088.603599999995,10146.600666523333,2004.0,47.0,21.0,228.0,144.0,30.0,27.0,0.0,72.0,3.0,135.0,18.0,0.0
220,36,4,1865.0,2115.0,470.0,0.0,298.0,2691.0,96.21793742163001,9174.111599999998,9270.329537421629,2004.0,47.0,21.0,228.0,144.0,30.0,27.0,0.0,72.0,3.0,135.0,18.0,0.0
220,37,4,1885.0,2101.0,475.0,0.0,323.0,2691.0,55.69259505465101,8232.365200000004,8288.057795054654,2004.0,47.0,21.0,228.0,144.0,30.0,27.0,0.0,72.0,3.0,135.0,18.0,0.0
220,38,4,1839.0,2097.0,482.0,0.0,322.0,2691.0,17.472336806958253,8317.535200000002,8335.00753680696,2004.0,47.0,21.0,228.0,144.0,30.0,27.0,0.0,72.0,3.0,135.0,18.0,0.0
220,39,4,1852.0,2112.0,473.0,0.0,334.0,2691.0,16.55646352917337,8534.167599999997,8550.724063529171,2004.0,47.0,21.0,228.0,144.0,30.0,27.0,0.0,72.0,3.0,135.0,18.0,0.0
220,40,4,1856.0,2097.0,478.0,0.0,324.0,2691.0,55.43500271328548,9255.607599999998,9311.042602713282,2004.0,47.0,21.0,228.0,144.0,30.0,27.0,0.0,72.0,3.0,135.0,18.0,0.0
220,41,4,1830.0,2123.0,457.0,0.0,308.0,2691.0,54.124282401568394,8293.286799999998,8347.411082401566,2004.0,47.0,21.0,228.0,144.0,30.0,27.0,0.0,72.0,3.0,135.0,18.0,0.0
220,42,4,1840.0,2114.0,478.0,0.0,330.0,2691.0,57.52047196303684,9753.9356,9811.456071963035,2004.0,47.0,21.0,228.0,144.0,30.0,27.0,0.0,72.0,3.0,135.0,18.0,0.0
220,43,4,1854.0,2081.0,485.0,0.0,317.0,2691.0,97.60726296054692,8684.5344,8782.141662960548,2004.0,47.0,21.0,228.0,144.0,30.0,27.0,0.0,72.0,3.0,135.0,18.0,0.0
220,44,4,1843.0,2099.0,493.0,0.0,315.0,2691.0,179.17136334252055,8424.415200000003,8603.586563342524,2004.0,47.0,21.0,228.0,144.0,30.0,27.0,0.0,72.0,3.0,135.0,18.0,0.0
220,45,4,1852.0,2106.0,484.0,0.0,341.0,2691.0,57.12790290089465,8925.548799999997,8982.676702900893,2004.0,47.0,21.0,228.0,144.0,30.0,27.0,0.0,72.0,3.0,135.0,18.0,0.0
220,46,4,1887.0,2083.0,497.0,0.0,352.0,2691.0,14.325537266939705,8597.494,8611.81953726694,2004.0,47.0,21.0,228.0,144.0,30.0,27.0,0.0,72.0,3.0,135.0,18.0,0.0
220,47,4,1853.0,2070.0,513.0,0.0,328.0,2691.0,56.33528304629023,9337.036799999998,9393.372083046288,2004.0,47.0,21.0,228.0,144.0,30.0,27.0,0.0,72.0,3.0,135.0,18.0,0.0
220,48,5,1865.0,2100.0,489.0,0.0,272.0,2691.0,16.680375008851815,8149.934000000001,8166.614375008852,2004.0,47.0,21.0,228.0,144.0,30.0,27.0,0.0,72.0,3.0,135.0,18.0,0.0
220,49,5,1854.0,2122.0,457.0,0.0,304.0,2691.0,16.829612085592288,7939.046400000005,7955.876012085598,2004.0,47.0,21.0,228.0,144.0,30.0,27.0,0.0,72.0,3.0,135.0,18.0,0.0
220,50,5,1855.0,2129.0,472.0,0.0,268.0,2691.0,56.61168492175049,7935.840000000002,7992.451684921753,2004.0,47.0,21.0,228.0,144.0,30.0,27.0,0.0,72.0,3.0,135.0,18.0,0.0
220,51,5,1911.0,2052.0,537.0,0.0,287.0,2691.0,17.213951472737822,8979.055599999998,8996.269551472735,2004.0,47.0,21.0,228.0,144.0,30.0,27.0,0.0,72.0,3.0,135.0,18.0,0.0
220,52,5,1844.0,2131.0,452.0,0.0,329.0,2691.0,15.005851873692333,9129.155200000005,9144.161051873696,2004.0,47.0,21.0,228.0,144.0,30.0,27.0,0.0,72.0,3.0,135.0,18.0,0.0
220,53,5,1848.0,2140.0,451.0,0.0,286.0,2691.0,96.76925773452021,8336.706800000007,8433.476057734526,2004.0,47.0,21.0,228.0,144.0,30.0,27.0,0.0,72.0,3.0,135.0,18.0,0.0
220,54,5,1847.0,2098.0,495.0,0.0,257.0,2691.0,137.33005026790153,9501.498399999995,9638.828450267896,2004.0,47.0,21.0,228.0,144.0,30.0,27.0,0.0,72.0,3.0,135.0,18.0,0.0
220,55,5,1867.0,2101.0,475.0,0.0,334.0,2691.0,56.09732270491298,8981.260000000002,9037.357322704915,2004.0,47.0,21.0,228.0,144.0,30.0,27.0,0.0,72.0,3.0,135.0,18.0,0.0
220,56,5,1834.0,2087.0,480.0,0.0,365.0,2691.0,139.10309776876753,9745.518799999998,9884.621897768764,2004.0,47.0,21.0,228.0,144.0,30.0,27.0,0.0,72.0,3.0,135.0,18.0,0.0
220,57,5,1826.0,2102.0,474.0,0.0,323.0,2691.0,136.77064203374968,9773.374399999997,9910.145042033748,2004.0,47.0,21.0,228.0,144.0,30.0,27.0,0.0,72.0,3.0,135.0,18.0,0.0
220,58,5,1824.0,2116.0,467.0,0.0,283.0,2691.0,58.70479257628575,8808.3816,8867.086392576286,2004.0,47.0,21.0,228.0,144.0,30.0,27.0,0.0,72.0,3.0,135.0,18.0,0.0
220,59,5,1865.0,2098.0,494.0,0.0,337.0,2691.0,17.14649651609982,9369.702000000001,9386.8484965161,2004.0,47.0,21.0,228.0,144.0,30.0,27.0,0.0,72.0,3.0,135.0,18.0,0.0
220,60,6,1867.0,2069.0,513.0,0.0,330.0,2691.0,137.86529010532897,9055.808799999995,9193.674090105325,2004.0,47.0,21.0,228.0,144.0,30.0,27.0,0.0,72.0,3.0,135.0,18.0,0.0
220,61,6,1885.0,2122.0,459.0,0.0,298.0,2691.0,137.12424664977098,8956.410400000002,9093.534646649772,2004.0,47.0,21.0,228.0,144.0,30.0,27.0,0.0,72.0,3.0,135.0,18.0,0.0
220,62,6,1838.0,2109.0,471.0,0.0,317.0,2691.0,56.62790263044228,9242.114000000001,9298.741902630443,2004.0,47.0,21.0,228.0,144.0,30.0,27.0,0.0,72.0,3.0,135.0,18.0,0.0
220,63,6,1776.0,2117.0,472.0,0.0,281.0,2691.0,96.33191153562002,8116.400400000002,8212.732311535623,2004.0,47.0,21.0,228.0,144.0,30.0,27.0,0.0,72.0,3.0,135.0,18.0,0.0
220,64,6,1854.0,2053.0,510.0,0.0,353.0,2691.0,56.84136599373943,8565.3632,8622.20456599374,2004.0,47.0,21.0,228.0,144.0,30.0,27.0,0.0,72.0,3.0,135.0,18.0,0.0
220,65,6,1844.0,2116.0,469.0,0.0,347.0,2691.0,17.75127224121063,8935.9696,8953.72087224121,2004.0,47.0,21.0,228.0,144.0,30.0,27.0,0.0,72.0,3.0,135.0,18.0,0.0
220,66,6,1896.0,2082.0,488.0,0.0,316.0,2691.0,55.675108112835645,8039.246400000002,8094.921508112839,2004.0,47.0,21.0,228.0,144.0,30.0,27.0,0.0,72.0,3.0,135.0,18.0,0.0
220,67,6,1872.0,2081.0,496.0,0.0,295.0,2691.0,55.20252058645426,9390.8776,9446.080120586455,2004.0,47.0,21.0,228.0,144.0,30.0,27.0,0.0,72.0,3.0,135.0,18.0,0.0
220,68,6,1863.0,2119.0,465.0,0.0,311.0,2691.0,15.062893061346998,8317.468400000003,8332.53129306135,2004.0,47.0,21.0,228.0,144.0,30.0,27.0,0.0,72.0,3.0,135.0,18.0,0.0
220,69,6,1840.0,2091.0,487.0,0.0,310.0,2691.0,16.487928296246007,9029.556400000001,9046.044328296248,2004.0,47.0,21.0,228.0,144.0,30.0,27.0,0.0,72.0,3.0,135.0,18.0,0.0
220,70,6,1844.0,2143.0,449.0,0.0,317.0,2691.0,17.020670237533146,8589.411200000006,8606.43187023754,2004.0,47.0,21.0,228.0,144.0,30.0,27.0,0.0,72.0,3.0,135.0,18.0,0.0
220,71,6,1856.0,2106.0,464.0,0.0,310.0,2691.0,138.96090938095915,9350.998000000001,9489.958909380959,2004.0,47.0,21.0,228.0,144.0,30.0,27.0,0.0,72.0,3.0,135.0,18.0,0.0
220,72,7,1885.0,2108.0,486.0,0.0,305.0,2691.0,136.09451836172832,8537.307200000001,8673.401718361729,2004.0,47.0,21.0,228.0,144.0,30.0,27.0,0.0,72.0,3.0,135.0,18.0,0.0
220,73,7,1880.0,2069.0,491.0,0.0,344.0,2691.0,57.15968354436353,8738.442000000003,8795.601683544364,2004.0,47.0,21.0,228.0,144.0,30.0,27.0,0.0,72.0,3.0,135.0,18.0,0.0
220,74,7,1837.0,2101.0,473.0,0.0,292.0,2691.0,97.67675260035188,9064.158799999996,9161.835552600347,2004.0,47.0,21.0,228.0,144.0,30.0,27.0,0.0,72.0,3.0,135.0,18.0,0.0
220,75,7,1844.0,2129.0,455.0,0.0,332.0,2691.0,55.668154471080015,8403.2396,8458.90775447108,2004.0,47.0,21.0,228.0,144.0,30.0,27.0,0.0,72.0,3.0,135.0,18.0,0.0
220,76,7,1859.0,2092.0,492.0,0.0,280.0,2691.0,14.938028464496401,9320.603999999998,9335.542028464493,2004.0,47.0,21.0,228.0,144.0,30.0,27.0,0.0,72.0,3.0,135.0,18.0,0.0
220,77,7,1852.0,2087.0,486.0,0.0,310.0,2691.0,16.557087256931446,9578.051199999998,9594.60828725693,2004.0,47.0,21.0,228.0,144.0,30.0,27.0,0.0,72.0,3.0,135.0,18.0,0.0
220,78,7,1865.0,2103.0,484.0,0.0,311.0,2691.0,137.36954558029635,7883.468800000006,8020.838345580303,2004.0,47.0,21.0,228.0,144.0,30.0,27.0,0.0,72.0,3.0,135.0,18.0,0.0
220,79,7,1840.0,2062.0,497.0,0.0,338.0,2691.0,58.429231417646115,8961.754399999998,9020.183631417643,2004.0,47.0,21.0,228.0,144.0,30.0,27.0,0.0,72.0,3.0,135.0,18.0,0.0
220,80,7,1829.0,2125.0,470.0,0.0,334.0,2691.0,58.431854808391236,9031.560399999998,9089.992254808389,2004.0,47.0,21.0,228.0,144.0,30.0,27.0,0.0,72.0,3.0,135.0,18.0,0.0
220,81,7,1841.0,2112.0,475.0,0.0,349.0,2691.0,137.5058041117324,8126.420400000001,8263.926204111733,2004.0,47.0,21.0,228.0,144.0,30.0,27.0,0.0,72.0,3.0,135.0,18.0,0.0
220,82,7,1812.0,2130.0,446.0,0.0,294.0,2691.0,56.59188966537172,8803.638800000006,8860.230689665377,2004.0,47.0,21.0,228.0,144.0,30.0,27.0,0.0,72.0,3.0,135.0,18.0,0.0
220,83,7,1855.0,2066.0,519.0,0.0,337.0,2691.0,94.78741722320966,8218.6044,8313.391817223212,2004.0,47.0,21.0,228.0,144.0,30.0,27.0,0.0,72.0,3.0,135.0,18.0,0.0
220,84,8,1854.0,2090.0,500.0,0.0,326.0,2691.0,16.38663361559457,8912.122000000007,8928.508633615602,2004.0,47.0,21.0,228.0,144.0,30.0,27.0,0.0,72.0,3.0,135.0,18.0,0.0
220,85,8,1870.0,2090.0,487.0,0.0,316.0,2691.0,96.37477734913524,8935.702400000002,9032.077177349138,2004.0,47.0,21.0,228.0,144.0,30.0,27.0,0.0,72.0,3.0,135.0,18.0,0.0
220,86,8,1887.0,2103.0,478.0,0.0,271.0,2691.0,138.6365091184987,7022.350000000004,7160.986509118502,2004.0,47.0,21.0,228.0,144.0,30.0,27.0,0.0,72.0,3.0,135.0,18.0,0.0
220,87,8,1865.0,2086.0,478.0,0.0,335.0,2691.0,97.75871088099198,9168.032800000003,9265.791510880996,2004.0,47.0,21.0,228.0,144.0,30.0,27.0,0.0,72.0,3.0,135.0,18.0,0.0
220,88,8,1843.0,2069.0,481.0,0.0,318.0,2691.0,98.17988626902499,7692.688000000002,7790.867886269027,2004.0,47.0,21.0,228.0,144.0,30.0,27.0,0.0,72.0,3.0,135.0,18.0,0.0
220,89,8,1840.0,2114.0,461.0,0.0,321.0,2691.0,58.8965585994671,8485.470399999998,8544.366958599465,2004.0,47.0,21.0,228.0,144.0,30.0,27.0,0.0,72.0,3.0,135.0,18.0,0.0
220,90,8,1894.0,2090.0,498.0,0.0,297.0,2691.0,56.150463548967586,10431.688399999992,10487.838863548961,2004.0,47.0,21.0,228.0,144.0,30.0,27.0,0.0,72.0,3.0,135.0,18.0,0.0
220,91,8,1862.0,2134.0,460.0,0.0,298.0,2691.0,56.70943708379284,9593.348399999999,9650.05783708379,2004.0,47.0,21.0,228.0,144.0,30.0,27.0,0.0,72.0,3.0,135.0,18.0,0.0
220,92,8,1843.0,2108.0,458.0,0.0,340.0,2691.0,97.35152068958445,9105.708400000001,9203.059920689586,2004.0,47.0,21.0,228.0,144.0,30.0,27.0,0.0,72.0,3.0,135.0,18.0,0.0
220,93,8,1834.0,2071.0,528.0,0.0,306.0,2691.0,17.763450960327287,8216.466800000002,8234.23025096033,2004.0,47.0,21.0,228.0,144.0,30.0,27.0,0.0,72.0,3.0,135.0,18.0,0.0
220,94,8,1832.0,2107.0,473.0,0.0,330.0,2691.0,57.55339070736362,9648.859199999997,9706.412590707361,2004.0,47.0,21.0,228.0,144.0,30.0,27.0,0.0,72.0,3.0,135.0,18.0,0.0
220,95,8,1847.0,2109.0,481.0,0.0,312.0,2691.0,16.348302867333295,8770.706399999997,8787.05470286733,2004.0,47.0,21.0,228.0,144.0,30.0,27.0,0.0,72.0,3.0,135.0,18.0,0.0
220,96,9,1796.0,2123.0,471.0,0.0,328.0,2691.0,16.679205161291932,8431.162000000002,8447.841205161294,2004.0,47.0,21.0,228.0,144.0,30.0,27.0,0.0,72.0,3.0,135.0,18.0,0.0
220,97,9,1842.0,2131.0,456.0,0.0,342.0,2691.0,138.41484477161325,9408.112000000001,9546.526844771615,2004.0,47.0,21.0,228.0,144.0,30.0,27.0,0.0,72.0,3.0,135.0,18.0,0.0
220,98,9,1858.0,2100.0,494.0,0.0,342.0,2691.0,137.2052501625232,9096.289599999998,9233.494850162522,2004.0,47.0,21.0,228.0,144.0,30.0,27.0,0.0,72.0,3.0,135.0,18.0,0.0
220,99,9,1793.0,2141.0,451.0,0.0,314.0,2691.0,55.52445114269061,9074.512800000004,9130.037251142696,2004.0,47.0,21.0,228.0,144.0,30.0,27.0,0.0,72.0,3.0,135.0,18.0,0.0
220,100,9,1848.0,2120.0,465.0,0.0,303.0,2691.0,16.07360999403355,7912.126000000005,7928.199609994039,2004.0,47.0,21.0,228.0,144.0,30.0,27.0,0.0,72.0,3.0,135.0,18.0,0.0
220,101,9,1828.0,2097.0,491.0,0.0,288.0,2691.0,17.009370133713645,8717.466799999995,8734.476170133708,2004.0,47.0,21.0,228.0,144.0,30.0,27.0,0.0,72.0,3.0,135.0,18.0,0.0
220,102,9,1820.0,2068.0,503.0,0.0,264.0,2691.0,57.868369837422,9512.921199999997,9570.78956983742,2004.0,47.0,21.0,228.0,144.0,30.0,27.0,0.0,72.0,3.0,135.0,18.0,0.0
220,103,9,1843.0,2098.0,485.0,0.0,350.0,2691.0,16.679126976251432,8448.396399999998,8465.075526976249,2004.0,47.0,21.0,228.0,144.0,30.0,27.0,0.0,72.0,3.0,135.0,18.0,0.0
220,104,9,1855.0,2083.0,500.0,0.0,309.0,2691.0,95.20756054382345,8785.736399999998,8880.943960543822,2004.0,47.0,21.0,228.0,144.0,30.0,27.0,0.0,72.0,3.0,135.0,18.0,0.0
220,105,9,1867.0,2098.0,480.0,0.0,339.0,2691.0,16.705146698710134,8816.264000000003,8832.969146698713,2004.0,47.0,21.0,228.0,144.0,30.0,27.0,0.0,72.0,3.0,135.0,18.0,0.0
220,106,9,1845.0,2114.0,471.0,0.0,334.0,2691.0,16.543094681043517,8771.1072,8787.650294681043,2004.0,47.0,21.0,228.0,144.0,30.0,27.0,0.0,72.0,3.0,135.0,18.0,0.0
220,107,9,1794.0,2099.0,489.0,0.0,301.0,2691.0,97.00133345968673,9436.7692,9533.770533459687,2004.0,47.0,21.0,228.0,144.0,30.0,27.0,0.0,72.0,3.0,135.0,18.0,0.0
220,108,10,1856.0,2127.0,456.0,0.0,325.0,2691.0,14.391816760269815,10550.659199999993,10565.051016760264,2004.0,47.0,21.0,228.0,144.0,30.0,27.0,0.0,72.0,3.0,135.0,18.0,0.0
220,109,10,1848.0,2085.0,496.0,0.0,291.0,2691.0,17.53828515614345,8393.553599999997,8411.09188515614,2004.0,47.0,21.0,228.0,144.0,30.0,27.0,0.0,72.0,3.0,135.0,18.0,0.0
220,110,10,1824.0,2119.0,479.0,0.0,314.0,2691.0,17.277056885449863,9853.200399999992,9870.477456885441,2004.0,47.0,21.0,228.0,144.0,30.0,27.0,0.0,72.0,3.0,135.0,18.0,0.0
220,111,10,1870.0,2090.0,494.0,0.0,308.0,2691.0,17.76332826186736,9443.916799999995,9461.680128261862,2004.0,47.0,21.0,228.0,144.0,30.0,27.0,0.0,72.0,3.0,135.0,18.0,0.0
220,112,10,1846.0,2114.0,469.0,0.0,275.0,2691.0,16.85152645918341,9137.505200000003,9154.356726459187,2004.0,47.0,21.0,228.0,144.0,30.0,27.0,0.0,72.0,3.0,135.0,18.0,0.0
220,113,10,1859.0,2113.0,482.0,0.0,295.0,2691.0,57.21991928192293,8300.3676,8357.587519281922,2004.0,47.0,21.0,228.0,144.0,30.0,27.0,0.0,72.0,3.0,135.0,18.0,0.0
220,114,10,1877.0,2099.0,481.0,0.0,329.0,2691.0,138.33149343998113,8727.754000000004,8866.085493439985,2004.0,47.0,21.0,228.0,144.0,30.0,27.0,0.0,72.0,3.0,135.0,18.0,0.0
220,115,10,1889.0,2071.0,516.0,0.0,290.0,2691.0,97.67969291794955,9652.933999999997,9750.613692917947,2004.0,47.0,21.0,228.0,144.0,30.0,27.0,0.0,72.0,3.0,135.0,18.0,0.0
220,116,10,1892.0,2077.0,497.0,0.0,303.0,2691.0,14.608966801201252,8448.5968,8463.2057668012,2004.0,47.0,21.0,228.0,144.0,30.0,27.0,0.0,72.0,3.0,135.0,18.0,0.0
220,117,10,1853.0,2115.0,482.0,0.0,305.0,2691.0,15.064783945708973,8129.894,8144.958783945709,2004.0,47.0,21.0,228.0,144.0,30.0,27.0,0.0,72.0,3.0,135.0,18.0,0.0
220,118,10,1875.0,2143.0,463.0,0.0,266.0,2691.0,301.0608493810571,8606.712400000004,8907.77324938106,2004.0,47.0,21.0,228.0,144.0,30.0,27.0,0.0,72.0,3.0,135.0,18.0,0.0
220,119,10,1885.0,2111.0,469.0,0.0,313.0,2691.0,58.51967490187147,8750.466,8808.985674901873,2004.0,47.0,21.0,228.0,144.0,30.0,27.0,0.0,72.0,3.0,135.0,18.0,0.0
221,0,1,1902.0,2084.0,490.0,0.0,318.0,2691.0,16.77618049939236,9944.649599999993,9961.425780499387,2004.0,47.0,21.0,228.0,144.0,30.0,27.0,0.0,72.0,3.0,135.0,18.0,0.0
221,1,1,1849.0,2141.0,437.0,0.0,308.0,2691.0,16.049329123047094,9800.89599999999,9816.945329123035,2004.0,47.0,21.0,228.0,144.0,30.0,27.0,0.0,72.0,3.0,135.0,18.0,0.0
221,2,1,1868.0,2092.0,495.0,0.0,318.0,2691.0,98.58894391645501,9232.628399999998,9331.217343916454,2004.0,47.0,21.0,228.0,144.0,30.0,27.0,0.0,72.0,3.0,135.0,18.0,0.0
221,3,1,1901.0,2105.0,466.0,0.0,322.0,2691.0,55.85827688249825,8164.63,8220.488276882497,2004.0,47.0,21.0,228.0,144.0,30.0,27.0,0.0,72.0,3.0,135.0,18.0,0.0
221,4,1,1881.0,2143.0,455.0,0.0,264.0,2691.0,57.1467832842648,9212.8556,9270.002383284265,2004.0,47.0,21.0,228.0,144.0,30.0,27.0,0.0,72.0,3.0,135.0,18.0,0.0
221,5,1,1901.0,2069.0,513.0,0.0,349.0,2691.0,97.48877234820031,9460.683599999998,9558.1723723482,2004.0,47.0,21.0,228.0,144.0,30.0,27.0,0.0,72.0,3.0,135.0,18.0,0.0
221,6,1,1800.0,2096.0,485.0,0.0,326.0,2691.0,16.810653943757302,10482.122399999995,10498.933053943752,2004.0,47.0,21.0,228.0,144.0,30.0,27.0,0.0,72.0,3.0,135.0,18.0,0.0
221,7,1,1882.0,2130.0,432.0,0.0,302.0,2691.0,14.314279414523709,8925.4152,8939.729479414524,2004.0,47.0,21.0,228.0,144.0,30.0,27.0,0.0,72.0,3.0,135.0,18.0,0.0
221,8,1,1838.0,2109.0,477.0,0.0,323.0,2691.0,15.548041546128488,9862.351999999999,9877.900041546127,2004.0,47.0,21.0,228.0,144.0,30.0,27.0,0.0,72.0,3.0,135.0,18.0,0.0
221,9,1,1865.0,2106.0,478.0,0.0,274.0,2691.0,59.17483450014908,10719.997199999994,10779.172034500145,2004.0,47.0,21.0,228.0,144.0,30.0,27.0,0.0,72.0,3.0,135.0,18.0,0.0
221,10,1,1861.0,2146.0,431.0,0.0,308.0,2691.0,96.64767117911421,9044.653199999999,9141.300871179114,2004.0,47.0,21.0,228.0,144.0,30.0,27.0,0.0,72.0,3.0,135.0,18.0,0.0
221,11,1,1828.0,2128.0,448.0,0.0,310.0,2691.0,58.04543777197799,8793.886000000004,8851.931437771982,2004.0,47.0,21.0,228.0,144.0,30.0,27.0,0.0,72.0,3.0,135.0,18.0,0.0
221,12,2,1867.0,2104.0,488.0,0.0,327.0,2691.0,16.126955990302854,9516.795599999998,9532.9225559903,2004.0,47.0,21.0,228.0,144.0,30.0,27.0,0.0,72.0,3.0,135.0,18.0,0.0
221,13,2,1851.0,2109.0,459.0,0.0,256.0,2691.0,16.4661914853033,8786.6716,8803.137791485304,2004.0,47.0,21.0,228.0,144.0,30.0,27.0,0.0,72.0,3.0,135.0,18.0,0.0
221,14,2,1844.0,2086.0,495.0,0.0,298.0,2691.0,57.94512048442577,8810.919999999991,8868.865120484417,2004.0,47.0,21.0,228.0,144.0,30.0,27.0,0.0,72.0,3.0,135.0,18.0,0.0
221,15,2,1849.0,2099.0,493.0,0.0,270.0,2691.0,15.48290050289171,8496.091599999998,8511.574500502891,2004.0,47.0,21.0,228.0,144.0,30.0,27.0,0.0,72.0,3.0,135.0,18.0,0.0
221,16,2,1888.0,2107.0,487.0,0.0,312.0,2691.0,16.95099683534978,9471.571999999995,9488.522996835345,2004.0,47.0,21.0,228.0,144.0,30.0,27.0,0.0,72.0,3.0,135.0,18.0,0.0
221,17,2,1837.0,2126.0,468.0,0.0,271.0,2691.0,56.92868709044295,9658.812399999995,9715.741087090437,2004.0,47.0,21.0,228.0,144.0,30.0,27.0,0.0,72.0,3.0,135.0,18.0,0.0
221,18,2,1850.0,2143.0,451.0,0.0,307.0,2691.0,56.21575867422579,10260.413199999997,10316.628958674222,2004.0,47.0,21.0,228.0,144.0,30.0,27.0,0.0,72.0,3.0,135.0,18.0,0.0
221,19,2,1836.0,2102.0,485.0,0.0,329.0,2691.0,15.086256252692579,9562.086000000003,9577.172256252696,2004.0,47.0,21.0,228.0,144.0,30.0,27.0,0.0,72.0,3.0,135.0,18.0,0.0
221,20,2,1835.0,2136.0,458.0,0.0,286.0,2691.0,17.01873661780123,9427.417199999998,9444.4359366178,2004.0,47.0,21.0,228.0,144.0,30.0,27.0,0.0,72.0,3.0,135.0,18.0,0.0
221,21,2,1857.0,2098.0,485.0,0.0,322.0,2691.0,96.38653808011138,8610.119199999997,8706.505738080108,2004.0,47.0,21.0,228.0,144.0,30.0,27.0,0.0,72.0,3.0,135.0,18.0,0.0
221,22,2,1866.0,2073.0,514.0,0.0,273.0,2691.0,97.08012650733207,10291.207999999997,10388.28812650733,2004.0,47.0,21.0,228.0,144.0,30.0,27.0,0.0,72.0,3.0,135.0,18.0,0.0
221,23,2,1841.0,2130.0,459.0,0.0,278.0,2691.0,16.4769460220518,8888.073999999997,8904.55094602205,2004.0,47.0,21.0,228.0,144.0,30.0,27.0,0.0,72.0,3.0,135.0,18.0,0.0
221,24,3,1828.0,2144.0,438.0,0.0,270.0,2691.0,55.651016040844006,9635.6328,9691.283816040846,2004.0,47.0,21.0,228.0,144.0,30.0,27.0,0.0,72.0,3.0,135.0,18.0,0.0
221,25,3,1883.0,2131.0,462.0,0.0,283.0,2691.0,15.784858830688707,9345.052799999994,9360.837658830682,2004.0,47.0,21.0,228.0,144.0,30.0,27.0,0.0,72.0,3.0,135.0,18.0,0.0
221,26,3,1923.0,2117.0,458.0,0.0,294.0,2691.0,17.25923730130974,10210.1128,10227.372037301311,2004.0,47.0,21.0,228.0,144.0,30.0,27.0,0.0,72.0,3.0,135.0,18.0,0.0
221,27,3,1842.0,2086.0,492.0,0.0,310.0,2691.0,16.90262938197081,8517.066800000002,8533.969429381972,2004.0,47.0,21.0,228.0,144.0,30.0,27.0,0.0,72.0,3.0,135.0,18.0,0.0
221,28,3,1874.0,2083.0,503.0,0.0,295.0,2691.0,15.533094113785726,8993.684799999995,9009.217894113783,2004.0,47.0,21.0,228.0,144.0,30.0,27.0,0.0,72.0,3.0,135.0,18.0,0.0
221,29,3,1859.0,2118.0,466.0,0.0,295.0,2691.0,58.475752710592026,9588.806,9647.281752710594,2004.0,47.0,21.0,228.0,144.0,30.0,27.0,0.0,72.0,3.0,135.0,18.0,0.0
221,30,3,1845.0,2121.0,458.0,0.0,278.0,2691.0,58.23770943673644,8947.993599999998,9006.231309436735,2004.0,47.0,21.0,228.0,144.0,30.0,27.0,0.0,72.0,3.0,135.0,18.0,0.0
221,31,3,1905.0,2125.0,461.0,0.0,319.0,2691.0,15.273397137590518,9524.410799999996,9539.684197137585,2004.0,47.0,21.0,228.0,144.0,30.0,27.0,0.0,72.0,3.0,135.0,18.0,0.0
221,32,3,1846.0,2096.0,479.0,0.0,347.0,2691.0,16.668356847406578,9132.695600000001,9149.363956847406,2004.0,47.0,21.0,228.0,144.0,30.0,27.0,0.0,72.0,3.0,135.0,18.0,0.0
221,33,3,1848.0,2102.0,474.0,0.0,263.0,2691.0,98.45755724241317,9623.274800000005,9721.732357242417,2004.0,47.0,21.0,228.0,144.0,30.0,27.0,0.0,72.0,3.0,135.0,18.0,0.0
221,34,3,1860.0,2114.0,466.0,0.0,290.0,2691.0,17.419851051875042,11243.775999999996,11261.195851051873,2004.0,47.0,21.0,228.0,144.0,30.0,27.0,0.0,72.0,3.0,135.0,18.0,0.0
221,35,3,1865.0,2131.0,454.0,0.0,281.0,2691.0,97.08837824676509,9778.4512,9875.539578246764,2004.0,47.0,21.0,228.0,144.0,30.0,27.0,0.0,72.0,3.0,135.0,18.0,0.0
221,36,4,1885.0,2112.0,464.0,0.0,311.0,2691.0,56.07636253160137,8458.416400000002,8514.492762531601,2004.0,47.0,21.0,228.0,144.0,30.0,27.0,0.0,72.0,3.0,135.0,18.0,0.0
221,37,4,1839.0,2109.0,471.0,0.0,310.0,2691.0,18.622550608383307,8539.9792,8558.601750608383,2004.0,47.0,21.0,228.0,144.0,30.0,27.0,0.0,72.0,3.0,135.0,18.0,0.0
221,38,4,1852.0,2130.0,455.0,0.0,319.0,2691.0,16.00138633711391,8766.030399999994,8782.031786337107,2004.0,47.0,21.0,228.0,144.0,30.0,27.0,0.0,72.0,3.0,135.0,18.0,0.0
221,39,4,1856.0,2115.0,460.0,0.0,320.0,2691.0,56.4732797866012,9982.591999999997,10039.065279786599,2004.0,47.0,21.0,228.0,144.0,30.0,27.0,0.0,72.0,3.0,135.0,18.0,0.0
221,40,4,1830.0,2134.0,446.0,0.0,297.0,2691.0,55.54212165576555,8941.447199999999,8996.989321655765,2004.0,47.0,21.0,228.0,144.0,30.0,27.0,0.0,72.0,3.0,135.0,18.0,0.0
221,41,4,1840.0,2128.0,464.0,0.0,321.0,2691.0,56.96802505919587,10175.978000000001,10232.946025059196,2004.0,47.0,21.0,228.0,144.0,30.0,27.0,0.0,72.0,3.0,135.0,18.0,0.0
221,42,4,1854.0,2086.0,480.0,0.0,316.0,2691.0,98.04001871194507,9323.008800000001,9421.048818711946,2004.0,47.0,21.0,228.0,144.0,30.0,27.0,0.0,72.0,3.0,135.0,18.0,0.0
221,43,4,1843.0,2114.0,478.0,0.0,298.0,2691.0,15.49864318219073,8911.387200000005,8926.885843182194,2004.0,47.0,21.0,228.0,144.0,30.0,27.0,0.0,72.0,3.0,135.0,18.0,0.0
221,44,4,1852.0,2128.0,462.0,0.0,328.0,2691.0,57.22104454078794,8656.211199999996,8713.432244540785,2004.0,47.0,21.0,228.0,144.0,30.0,27.0,0.0,72.0,3.0,135.0,18.0,0.0
221,45,4,1887.0,2104.0,476.0,0.0,340.0,2691.0,55.08300274863255,9280.457199999997,9335.54020274863,2004.0,47.0,21.0,228.0,144.0,30.0,27.0,0.0,72.0,3.0,135.0,18.0,0.0
221,46,4,1853.0,2081.0,502.0,0.0,312.0,2691.0,56.91869010176548,9476.448399999994,9533.36709010176,2004.0,47.0,21.0,228.0,144.0,30.0,27.0,0.0,72.0,3.0,135.0,18.0,0.0
221,47,4,1865.0,2106.0,483.0,0.0,253.0,2691.0,17.104456078345518,8920.6724,8937.776856078344,2004.0,47.0,21.0,228.0,144.0,30.0,27.0,0.0,72.0,3.0,135.0,18.0,0.0
221,48,5,1854.0,2133.0,446.0,0.0,288.0,2691.0,16.689258168615684,8389.879600000004,8406.568858168619,2004.0,47.0,21.0,228.0,144.0,30.0,27.0,0.0,72.0,3.0,135.0,18.0,0.0
221,49,5,1855.0,2137.0,464.0,0.0,264.0,2691.0,97.47916536329932,8004.2432,8101.7223653633,2004.0,47.0,21.0,228.0,144.0,30.0,27.0,0.0,72.0,3.0,135.0,18.0,0.0
221,50,5,1911.0,2073.0,516.0,0.0,280.0,2691.0,17.465228105058934,9662.018799999994,9679.484028105053,2004.0,47.0,21.0,228.0,144.0,30.0,27.0,0.0,72.0,3.0,135.0,18.0,0.0
221,51,5,1844.0,2149.0,434.0,0.0,311.0,2691.0,54.912304941954275,9539.173600000002,9594.085904941956,2004.0,47.0,21.0,228.0,144.0,30.0,27.0,0.0,72.0,3.0,135.0,18.0,0.0
221,52,5,1848.0,2155.0,436.0,0.0,266.0,2691.0,55.96738220871163,8675.783600000002,8731.750982208716,2004.0,47.0,21.0,228.0,144.0,30.0,27.0,0.0,72.0,3.0,135.0,18.0,0.0
221,53,5,1847.0,2130.0,461.0,0.0,244.0,2691.0,56.553287684579466,10262.283599999995,10318.836887684574,2004.0,47.0,21.0,228.0,144.0,30.0,27.0,0.0,72.0,3.0,135.0,18.0,0.0
221,54,5,1867.0,2120.0,456.0,0.0,318.0,2691.0,56.16743256706123,9579.587599999997,9635.755032567058,2004.0,47.0,21.0,228.0,144.0,30.0,27.0,0.0,72.0,3.0,135.0,18.0,0.0
221,55,5,1834.0,2097.0,470.0,0.0,347.0,2691.0,98.675953957437,10167.561199999996,10266.237153957434,2004.0,47.0,21.0,228.0,144.0,30.0,27.0,0.0,72.0,3.0,135.0,18.0,0.0
221,56,5,1826.0,2107.0,469.0,0.0,311.0,2691.0,55.867232046877746,10456.604799999997,10512.472032046875,2004.0,47.0,21.0,228.0,144.0,30.0,27.0,0.0,72.0,3.0,135.0,18.0,0.0
221,57,5,1824.0,2122.0,460.0,0.0,274.0,2691.0,58.35329549143438,9572.5736,9630.926895491433,2004.0,47.0,21.0,228.0,144.0,30.0,27.0,0.0,72.0,3.0,135.0,18.0,0.0
221,58,5,1865.0,2108.0,484.0,0.0,317.0,2691.0,16.517278363315988,9621.471199999998,9637.988478363313,2004.0,47.0,21.0,228.0,144.0,30.0,27.0,0.0,72.0,3.0,135.0,18.0,0.0
221,59,5,1867.0,2080.0,501.0,0.0,325.0,2691.0,98.3444108080077,9556.675199999996,9655.019610808002,2004.0,47.0,21.0,228.0,144.0,30.0,27.0,0.0,72.0,3.0,135.0,18.0,0.0
221,60,6,1885.0,2126.0,455.0,0.0,298.0,2691.0,96.57101235065133,9793.9488,9890.519812350653,2004.0,47.0,21.0,228.0,144.0,30.0,27.0,0.0,72.0,3.0,135.0,18.0,0.0
221,61,6,1838.0,2121.0,459.0,0.0,308.0,2691.0,16.691112220119905,9765.625600000001,9782.316712220121,2004.0,47.0,21.0,228.0,144.0,30.0,27.0,0.0,72.0,3.0,135.0,18.0,0.0
221,62,6,1776.0,2124.0,464.0,0.0,267.0,2691.0,97.13237897399355,8482.3976,8579.529978973995,2004.0,47.0,21.0,228.0,144.0,30.0,27.0,0.0,72.0,3.0,135.0,18.0,0.0
221,63,6,1854.0,2067.0,496.0,0.0,350.0,2691.0,16.77289747705622,9427.016399999997,9443.789297477051,2004.0,47.0,21.0,228.0,144.0,30.0,27.0,0.0,72.0,3.0,135.0,18.0,0.0
221,64,6,1844.0,2130.0,454.0,0.0,339.0,2691.0,18.14974213756252,9400.697199999999,9418.846942137561,2004.0,47.0,21.0,228.0,144.0,30.0,27.0,0.0,72.0,3.0,135.0,18.0,0.0
221,65,6,1896.0,2095.0,475.0,0.0,300.0,2691.0,56.19431430281735,8601.435199999998,8657.629514302815,2004.0,47.0,21.0,228.0,144.0,30.0,27.0,0.0,72.0,3.0,135.0,18.0,0.0
221,66,6,1872.0,2099.0,478.0,0.0,290.0,2691.0,55.523580451370876,9839.372799999997,9894.89638045137,2004.0,47.0,21.0,228.0,144.0,30.0,27.0,0.0,72.0,3.0,135.0,18.0,0.0
221,67,6,1863.0,2128.0,456.0,0.0,296.0,2691.0,15.029400489062972,8775.115200000004,8790.144600489068,2004.0,47.0,21.0,228.0,144.0,30.0,27.0,0.0,72.0,3.0,135.0,18.0,0.0
221,68,6,1840.0,2101.0,477.0,0.0,302.0,2691.0,16.917778025097505,9479.921999999999,9496.839778025096,2004.0,47.0,21.0,228.0,144.0,30.0,27.0,0.0,72.0,3.0,135.0,18.0,0.0
221,69,6,1844.0,2156.0,435.0,0.0,299.0,2691.0,16.555524842326836,8820.405600000007,8836.961124842335,2004.0,47.0,21.0,228.0,144.0,30.0,27.0,0.0,72.0,3.0,135.0,18.0,0.0
221,70,6,1856.0,2111.0,458.0,0.0,299.0,2691.0,139.12568253992842,10050.995200000001,10190.120882539928,2004.0,47.0,21.0,228.0,144.0,30.0,27.0,0.0,72.0,3.0,135.0,18.0,0.0
221,71,6,1885.0,2123.0,471.0,0.0,289.0,2691.0,96.1530803536175,8928.688400000001,9024.841480353618,2004.0,47.0,21.0,228.0,144.0,30.0,27.0,0.0,72.0,3.0,135.0,18.0,0.0
221,72,7,1880.0,2079.0,481.0,0.0,336.0,2691.0,57.73287553611351,9476.916000000001,9534.648875536113,2004.0,47.0,21.0,228.0,144.0,30.0,27.0,0.0,72.0,3.0,135.0,18.0,0.0
221,73,7,1837.0,2108.0,466.0,0.0,275.0,2691.0,98.65863799088693,9687.669999999995,9786.328637990882,2004.0,47.0,21.0,228.0,144.0,30.0,27.0,0.0,72.0,3.0,135.0,18.0,0.0
221,74,7,1844.0,2136.0,447.0,0.0,317.0,2691.0,55.432942921866925,8806.444399999998,8861.877342921865,2004.0,47.0,21.0,228.0,144.0,30.0,27.0,0.0,72.0,3.0,135.0,18.0,0.0
221,75,7,1859.0,2102.0,481.0,0.0,264.0,2691.0,15.074045312996994,9624.744399999996,9639.818445312992,2004.0,47.0,21.0,228.0,144.0,30.0,27.0,0.0,72.0,3.0,135.0,18.0,0.0
221,76,7,1852.0,2098.0,475.0,0.0,298.0,2691.0,16.577907631587813,10146.786399999997,10163.364307631584,2004.0,47.0,21.0,228.0,144.0,30.0,27.0,0.0,72.0,3.0,135.0,18.0,0.0
221,77,7,1865.0,2111.0,476.0,0.0,303.0,2691.0,57.24694697859729,8480.527200000004,8537.774146978601,2004.0,47.0,21.0,228.0,144.0,30.0,27.0,0.0,72.0,3.0,135.0,18.0,0.0
221,78,7,1840.0,2068.0,491.0,0.0,331.0,2691.0,58.637123042750396,9640.509199999997,9699.146323042747,2004.0,47.0,21.0,228.0,144.0,30.0,27.0,0.0,72.0,3.0,135.0,18.0,0.0
221,79,7,1829.0,2146.0,449.0,0.0,321.0,2691.0,58.98762956114431,9611.050399999993,9670.038029561138,2004.0,47.0,21.0,228.0,144.0,30.0,27.0,0.0,72.0,3.0,135.0,18.0,0.0
221,80,7,1841.0,2144.0,444.0,0.0,338.0,2691.0,57.53298423921749,8492.4176,8549.950584239217,2004.0,47.0,21.0,228.0,144.0,30.0,27.0,0.0,72.0,3.0,135.0,18.0,0.0
221,81,7,1812.0,2133.0,443.0,0.0,276.0,2691.0,56.152275508125804,9634.630800000004,9690.78307550813,2004.0,47.0,21.0,228.0,144.0,30.0,27.0,0.0,72.0,3.0,135.0,18.0,0.0
221,82,7,1855.0,2085.0,500.0,0.0,328.0,2691.0,54.63482689480586,8687.34,8741.974826894806,2004.0,47.0,21.0,228.0,144.0,30.0,27.0,0.0,72.0,3.0,135.0,18.0,0.0
221,83,7,1854.0,2098.0,492.0,0.0,306.0,2691.0,16.31699034548467,9699.8276,9716.144590345484,2004.0,47.0,21.0,228.0,144.0,30.0,27.0,0.0,72.0,3.0,135.0,18.0,0.0
221,84,8,1870.0,2094.0,482.0,0.0,296.0,2691.0,15.384569394650846,9369.768799999998,9385.153369394651,2004.0,47.0,21.0,228.0,144.0,30.0,27.0,0.0,72.0,3.0,135.0,18.0,0.0
221,85,8,1887.0,2113.0,468.0,0.0,258.0,2691.0,98.12801880516732,7537.645200000003,7635.7732188051705,2004.0,47.0,21.0,228.0,144.0,30.0,27.0,0.0,72.0,3.0,135.0,18.0,0.0
221,86,8,1865.0,2091.0,473.0,0.0,331.0,2691.0,98.50000225496154,9985.130400000004,10083.630402254967,2004.0,47.0,21.0,228.0,144.0,30.0,27.0,0.0,72.0,3.0,135.0,18.0,0.0
221,87,8,1843.0,2078.0,472.0,0.0,304.0,2691.0,97.91260012492681,8228.424,8326.336600124929,2004.0,47.0,21.0,228.0,144.0,30.0,27.0,0.0,72.0,3.0,135.0,18.0,0.0
221,88,8,1840.0,2126.0,448.0,0.0,299.0,2691.0,58.54358080659141,9026.683999999997,9085.22758080659,2004.0,47.0,21.0,228.0,144.0,30.0,27.0,0.0,72.0,3.0,135.0,18.0,0.0
221,89,8,1894.0,2123.0,465.0,0.0,293.0,2691.0,58.2133317924799,11488.26399999999,11546.47733179247,2004.0,47.0,21.0,228.0,144.0,30.0,27.0,0.0,72.0,3.0,135.0,18.0,0.0
221,90,8,1862.0,2142.0,453.0,0.0,286.0,2691.0,57.27876846544057,9887.268399999999,9944.547168465439,2004.0,47.0,21.0,228.0,144.0,30.0,27.0,0.0,72.0,3.0,135.0,18.0,0.0
221,91,8,1843.0,2119.0,447.0,0.0,324.0,2691.0,56.067818270882775,9796.553999999996,9852.62181827088,2004.0,47.0,21.0,228.0,144.0,30.0,27.0,0.0,72.0,3.0,135.0,18.0,0.0
221,92,8,1834.0,2076.0,523.0,0.0,293.0,2691.0,58.64553659410165,8521.943200000002,8580.588736594103,2004.0,47.0,21.0,228.0,144.0,30.0,27.0,0.0,72.0,3.0,135.0,18.0,0.0
221,93,8,1832.0,2121.0,459.0,0.0,316.0,2691.0,56.324997925703244,10508.107599999994,10564.432597925697,2004.0,47.0,21.0,228.0,144.0,30.0,27.0,0.0,72.0,3.0,135.0,18.0,0.0
221,94,8,1847.0,2122.0,467.0,0.0,309.0,2691.0,16.66891379829367,9344.384799999996,9361.05371379829,2004.0,47.0,21.0,228.0,144.0,30.0,27.0,0.0,72.0,3.0,135.0,18.0,0.0
221,95,8,1796.0,2133.0,460.0,0.0,308.0,2691.0,16.763223544614124,8944.653599999998,8961.416823544612,2004.0,47.0,21.0,228.0,144.0,30.0,27.0,0.0,72.0,3.0,135.0,18.0,0.0
221,96,9,1842.0,2142.0,445.0,0.0,327.0,2691.0,57.92414057527358,10132.424400000004,10190.348540575276,2004.0,47.0,21.0,228.0,144.0,30.0,27.0,0.0,72.0,3.0,135.0,18.0,0.0
221,97,9,1858.0,2112.0,481.0,0.0,332.0,2691.0,137.43760551657505,9785.264799999994,9922.702405516571,2004.0,47.0,21.0,228.0,144.0,30.0,27.0,0.0,72.0,3.0,135.0,18.0,0.0
221,98,9,1793.0,2154.0,438.0,0.0,311.0,2691.0,56.52399692345952,10264.621600000002,10321.145596923463,2004.0,47.0,21.0,228.0,144.0,30.0,27.0,0.0,72.0,3.0,135.0,18.0,0.0
221,99,9,1848.0,2132.0,453.0,0.0,288.0,2691.0,16.573717690764788,8407.514800000006,8424.08851769077,2004.0,47.0,21.0,228.0,144.0,30.0,27.0,0.0,72.0,3.0,135.0,18.0,0.0
221,100,9,1828.0,2104.0,484.0,0.0,279.0,2691.0,17.43828456510423,9084.265599999995,9101.703884565099,2004.0,47.0,21.0,228.0,144.0,30.0,27.0,0.0,72.0,3.0,135.0,18.0,0.0
221,101,9,1820.0,2077.0,493.0,0.0,257.0,2691.0,57.96347062131337,10139.304799999994,10197.268270621307,2004.0,47.0,21.0,228.0,144.0,30.0,27.0,0.0,72.0,3.0,135.0,18.0,0.0
221,102,9,1843.0,2118.0,465.0,0.0,329.0,2691.0,17.04372692067583,8829.757599999997,8846.801326920673,2004.0,47.0,21.0,228.0,144.0,30.0,27.0,0.0,72.0,3.0,135.0,18.0,0.0
221,103,9,1855.0,2098.0,485.0,0.0,291.0,2691.0,56.18451106593522,9213.256399999998,9269.440911065933,2004.0,47.0,21.0,228.0,144.0,30.0,27.0,0.0,72.0,3.0,135.0,18.0,0.0
221,104,9,1867.0,2117.0,461.0,0.0,320.0,2691.0,16.80427200340845,9297.224000000002,9314.028272003412,2004.0,47.0,21.0,228.0,144.0,30.0,27.0,0.0,72.0,3.0,135.0,18.0,0.0
221,105,9,1845.0,2124.0,460.0,0.0,322.0,2691.0,16.078356924967757,9789.473199999999,9805.551556924966,2004.0,47.0,21.0,228.0,144.0,30.0,27.0,0.0,72.0,3.0,135.0,18.0,0.0
221,106,9,1794.0,2105.0,483.0,0.0,288.0,2691.0,57.500375975942525,9661.0168,9718.517175975941,2004.0,47.0,21.0,228.0,144.0,30.0,27.0,0.0,72.0,3.0,135.0,18.0,0.0
221,107,9,1856.0,2137.0,446.0,0.0,316.0,2691.0,14.901975876487935,10911.913599999994,10926.815575876482,2004.0,47.0,21.0,228.0,144.0,30.0,27.0,0.0,72.0,3.0,135.0,18.0,0.0
221,108,10,1848.0,2099.0,482.0,0.0,280.0,2691.0,17.86468350349669,8911.253599999998,8929.118283503494,2004.0,47.0,21.0,228.0,144.0,30.0,27.0,0.0,72.0,3.0,135.0,18.0,0.0
221,109,10,1824.0,2132.0,465.0,0.0,294.0,2691.0,17.64376089911891,10415.92359999999,10433.56736089911,2004.0,47.0,21.0,228.0,144.0,30.0,27.0,0.0,72.0,3.0,135.0,18.0,0.0
221,110,10,1870.0,2132.0,452.0,0.0,282.0,2691.0,56.48398679068149,10132.89199999999,10189.375986790674,2004.0,47.0,21.0,228.0,144.0,30.0,27.0,0.0,72.0,3.0,135.0,18.0,0.0
221,111,10,1846.0,2126.0,457.0,0.0,263.0,2691.0,16.759590066528062,9810.248000000001,9827.007590066529,2004.0,47.0,21.0,228.0,144.0,30.0,27.0,0.0,72.0,3.0,135.0,18.0,0.0
221,112,10,1859.0,2124.0,471.0,0.0,285.0,2691.0,17.522645776989584,8928.821999999998,8946.344645776988,2004.0,47.0,21.0,228.0,144.0,30.0,27.0,0.0,72.0,3.0,135.0,18.0,0.0
221,113,10,1877.0,2111.0,469.0,0.0,305.0,2691.0,138.7064821233392,8983.998800000001,9122.70528212334,2004.0,47.0,21.0,228.0,144.0,30.0,27.0,0.0,72.0,3.0,135.0,18.0,0.0
221,114,10,1889.0,2085.0,501.0,0.0,278.0,2691.0,56.70724460968527,10194.681999999995,10251.389244609682,2004.0,47.0,21.0,228.0,144.0,30.0,27.0,0.0,72.0,3.0,135.0,18.0,0.0
221,115,10,1892.0,2088.0,486.0,0.0,299.0,2691.0,14.622046429745168,9005.8424,9020.464446429745,2004.0,47.0,21.0,228.0,144.0,30.0,27.0,0.0,72.0,3.0,135.0,18.0,0.0
221,116,10,1853.0,2124.0,472.0,0.0,301.0,2691.0,15.155082376860147,8667.967999999999,8683.12308237686,2004.0,47.0,21.0,228.0,144.0,30.0,27.0,0.0,72.0,3.0,135.0,18.0,0.0
221,117,10,1875.0,2158.0,448.0,0.0,263.0,2691.0,96.90600861448392,10075.8448,10172.750808614484,2004.0,47.0,21.0,228.0,144.0,30.0,27.0,0.0,72.0,3.0,135.0,18.0,0.0
221,118,10,1885.0,2117.0,462.0,0.0,294.0,2691.0,58.74271918963062,8825.0816,8883.82431918963,2004.0,47.0,21.0,228.0,144.0,30.0,27.0,0.0,72.0,3.0,135.0,18.0,0.0
221,119,10,1885.0,2113.0,463.0,0.0,324.0,2691.0,57.45615438723642,9946.58679999999,10004.042954387227,2004.0,47.0,21.0,228.0,144.0,30.0,27.0,0.0,72.0,3.0,135.0,18.0,0.0
222,0,1,1849.0,2146.0,432.0,0.0,332.0,2691.0,15.48629066423648,8721.073999999993,8736.560290664229,2004.0,47.0,21.0,228.0,144.0,30.0,27.0,0.0,72.0,3.0,135.0,18.0,0.0
222,1,1,1868.0,2095.0,493.0,0.0,324.0,2691.0,15.811141180272436,7639.314800000004,7655.125941180277,2004.0,47.0,21.0,228.0,144.0,30.0,27.0,0.0,72.0,3.0,135.0,18.0,0.0
222,2,1,1901.0,2113.0,461.0,0.0,336.0,2691.0,94.88259832252824,7169.644000000002,7264.526598322532,2004.0,47.0,21.0,228.0,144.0,30.0,27.0,0.0,72.0,3.0,135.0,18.0,0.0
222,3,1,1881.0,2147.0,451.0,0.0,270.0,2691.0,136.05427385257983,7938.846000000005,8074.900273852585,2004.0,47.0,21.0,228.0,144.0,30.0,27.0,0.0,72.0,3.0,135.0,18.0,0.0
222,4,1,1901.0,2070.0,514.0,0.0,363.0,2691.0,97.38380647892394,8368.036,8465.419806478923,2004.0,47.0,21.0,228.0,144.0,30.0,27.0,0.0,72.0,3.0,135.0,18.0,0.0
222,5,1,1800.0,2103.0,479.0,0.0,342.0,2691.0,16.202346075143435,9230.423999999995,9246.62634607514,2004.0,47.0,21.0,228.0,144.0,30.0,27.0,0.0,72.0,3.0,135.0,18.0,0.0
222,6,1,1882.0,2128.0,434.0,0.0,316.0,2691.0,13.656691902986143,7861.825600000004,7875.48229190299,2004.0,47.0,21.0,228.0,144.0,30.0,27.0,0.0,72.0,3.0,135.0,18.0,0.0
222,7,1,1838.0,2090.0,497.0,0.0,345.0,2691.0,15.55712287288669,9318.332800000002,9333.889922872888,2004.0,47.0,21.0,228.0,144.0,30.0,27.0,0.0,72.0,3.0,135.0,18.0,0.0
222,8,1,1865.0,2109.0,476.0,0.0,294.0,2691.0,98.36636132164041,9894.5496,9992.915961321642,2004.0,47.0,21.0,228.0,144.0,30.0,27.0,0.0,72.0,3.0,135.0,18.0,0.0
222,9,1,1861.0,2142.0,435.0,0.0,342.0,2691.0,137.57723652288917,8178.858400000005,8316.435636522892,2004.0,47.0,21.0,228.0,144.0,30.0,27.0,0.0,72.0,3.0,135.0,18.0,0.0
222,10,1,1828.0,2130.0,446.0,0.0,336.0,2691.0,16.025685785536933,7725.553600000005,7741.579285785541,2004.0,47.0,21.0,228.0,144.0,30.0,27.0,0.0,72.0,3.0,135.0,18.0,0.0
222,11,1,1867.0,2090.0,505.0,0.0,335.0,2691.0,176.26798091255463,8859.6172,9035.885180912555,2004.0,47.0,21.0,228.0,144.0,30.0,27.0,0.0,72.0,3.0,135.0,18.0,0.0
222,12,2,1851.0,2101.0,468.0,0.0,285.0,2691.0,56.57964331785915,7946.7952000000005,8003.374843317859,2004.0,47.0,21.0,228.0,144.0,30.0,27.0,0.0,72.0,3.0,135.0,18.0,0.0
222,13,2,1844.0,2077.0,504.0,0.0,314.0,2691.0,57.41449921429717,8120.074399999996,8177.488899214293,2004.0,47.0,21.0,228.0,144.0,30.0,27.0,0.0,72.0,3.0,135.0,18.0,0.0
222,14,2,1849.0,2096.0,497.0,0.0,294.0,2691.0,14.545149037518431,7769.174000000002,7783.719149037521,2004.0,47.0,21.0,228.0,144.0,30.0,27.0,0.0,72.0,3.0,135.0,18.0,0.0
222,15,2,1888.0,2103.0,491.0,0.0,330.0,2691.0,56.90447038739495,8089.9475999999995,8146.852070387394,2004.0,47.0,21.0,228.0,144.0,30.0,27.0,0.0,72.0,3.0,135.0,18.0,0.0
222,16,2,1837.0,2157.0,437.0,0.0,310.0,2691.0,15.035898170543039,8218.604400000002,8233.640298170543,2004.0,47.0,21.0,228.0,144.0,30.0,27.0,0.0,72.0,3.0,135.0,18.0,0.0
222,17,2,1850.0,2137.0,458.0,0.0,322.0,2691.0,55.41249746871925,8940.111200000001,8995.52369746872,2004.0,47.0,21.0,228.0,144.0,30.0,27.0,0.0,72.0,3.0,135.0,18.0,0.0
222,18,2,1836.0,2100.0,487.0,0.0,339.0,2691.0,14.991463111396868,8023.281200000003,8038.2726631114,2004.0,47.0,21.0,228.0,144.0,30.0,27.0,0.0,72.0,3.0,135.0,18.0,0.0
222,19,2,1835.0,2133.0,462.0,0.0,308.0,2691.0,16.476418110476764,7925.8200000000015,7942.296418110477,2004.0,47.0,21.0,228.0,144.0,30.0,27.0,0.0,72.0,3.0,135.0,18.0,0.0
222,20,2,1857.0,2101.0,483.0,0.0,331.0,2691.0,55.6725977321576,7709.989200000004,7765.66179773216,2004.0,47.0,21.0,228.0,144.0,30.0,27.0,0.0,72.0,3.0,135.0,18.0,0.0
222,21,2,1866.0,2078.0,510.0,0.0,288.0,2691.0,96.58088669096963,9342.915200000003,9439.496086690971,2004.0,47.0,21.0,228.0,144.0,30.0,27.0,0.0,72.0,3.0,135.0,18.0,0.0
222,22,2,1841.0,2131.0,459.0,0.0,299.0,2691.0,56.819147401797565,7879.794800000001,7936.613947401798,2004.0,47.0,21.0,228.0,144.0,30.0,27.0,0.0,72.0,3.0,135.0,18.0,0.0
222,23,2,1828.0,2137.0,445.0,0.0,265.0,2691.0,95.30426273236833,8157.883199999999,8253.187462732369,2004.0,47.0,21.0,228.0,144.0,30.0,27.0,0.0,72.0,3.0,135.0,18.0,0.0
222,24,3,1883.0,2130.0,463.0,0.0,305.0,2691.0,55.117171415285526,8120.876,8175.993171415286,2004.0,47.0,21.0,228.0,144.0,30.0,27.0,0.0,72.0,3.0,135.0,18.0,0.0
222,25,3,1923.0,2112.0,462.0,0.0,323.0,2691.0,58.78419960402528,8867.299200000001,8926.083399604027,2004.0,47.0,21.0,228.0,144.0,30.0,27.0,0.0,72.0,3.0,135.0,18.0,0.0
222,26,3,1842.0,2093.0,488.0,0.0,324.0,2691.0,15.43333477701806,7802.173200000005,7817.606534777024,2004.0,47.0,21.0,228.0,144.0,30.0,27.0,0.0,72.0,3.0,135.0,18.0,0.0
222,27,3,1874.0,2082.0,502.0,0.0,318.0,2691.0,14.874992046932286,7851.2044000000005,7866.079392046933,2004.0,47.0,21.0,228.0,144.0,30.0,27.0,0.0,72.0,3.0,135.0,18.0,0.0
222,28,3,1859.0,2113.0,471.0,0.0,318.0,2691.0,99.00785784102263,8165.030800000004,8264.038657841027,2004.0,47.0,21.0,228.0,144.0,30.0,27.0,0.0,72.0,3.0,135.0,18.0,0.0
222,29,3,1845.0,2112.0,467.0,0.0,299.0,2691.0,138.49768523524222,8033.501600000005,8171.999285235246,2004.0,47.0,21.0,228.0,144.0,30.0,27.0,0.0,72.0,3.0,135.0,18.0,0.0
222,30,3,1905.0,2127.0,459.0,0.0,352.0,2691.0,15.41210139490889,8413.9276,8429.33970139491,2004.0,47.0,21.0,228.0,144.0,30.0,27.0,0.0,72.0,3.0,135.0,18.0,0.0
222,31,3,1846.0,2093.0,483.0,0.0,359.0,2691.0,15.599994471347607,8212.325200000003,8227.92519447135,2004.0,47.0,21.0,228.0,144.0,30.0,27.0,0.0,72.0,3.0,135.0,18.0,0.0
222,32,3,1848.0,2104.0,472.0,0.0,274.0,2691.0,97.65433385710473,8298.764400000004,8396.41873385711,2004.0,47.0,21.0,228.0,144.0,30.0,27.0,0.0,72.0,3.0,135.0,18.0,0.0
222,33,3,1860.0,2114.0,466.0,0.0,316.0,2691.0,58.63062372329423,9618.197999999997,9676.828623723291,2004.0,47.0,21.0,228.0,144.0,30.0,27.0,0.0,72.0,3.0,135.0,18.0,0.0
222,34,3,1865.0,2122.0,463.0,0.0,312.0,2691.0,97.1988142065619,8525.483600000001,8622.682414206563,2004.0,47.0,21.0,228.0,144.0,30.0,27.0,0.0,72.0,3.0,135.0,18.0,0.0
222,35,3,1885.0,2108.0,469.0,0.0,335.0,2691.0,56.58386588046674,7806.715600000005,7863.299465880471,2004.0,47.0,21.0,228.0,144.0,30.0,27.0,0.0,72.0,3.0,135.0,18.0,0.0
222,36,4,1839.0,2104.0,475.0,0.0,328.0,2691.0,58.0955652087335,7254.012400000002,7312.107965208736,2004.0,47.0,21.0,228.0,144.0,30.0,27.0,0.0,72.0,3.0,135.0,18.0,0.0
222,37,4,1852.0,2123.0,463.0,0.0,331.0,2691.0,15.125159951290161,7724.751999999999,7739.877159951289,2004.0,47.0,21.0,228.0,144.0,30.0,27.0,0.0,72.0,3.0,135.0,18.0,0.0
222,38,4,1856.0,2116.0,460.0,0.0,333.0,2691.0,56.536643698945554,8766.0304,8822.567043698946,2004.0,47.0,21.0,228.0,144.0,30.0,27.0,0.0,72.0,3.0,135.0,18.0,0.0
222,39,4,1830.0,2136.0,444.0,0.0,317.0,2691.0,54.657568394501396,7715.4668,7770.124368394503,2004.0,47.0,21.0,228.0,144.0,30.0,27.0,0.0,72.0,3.0,135.0,18.0,0.0
222,40,4,1840.0,2130.0,461.0,0.0,336.0,2691.0,97.3309773964015,9069.703200000002,9167.034177396405,2004.0,47.0,21.0,228.0,144.0,30.0,27.0,0.0,72.0,3.0,135.0,18.0,0.0
222,41,4,1854.0,2086.0,480.0,0.0,332.0,2691.0,218.24159513027985,8249.198800000002,8467.440395130283,2004.0,47.0,21.0,228.0,144.0,30.0,27.0,0.0,72.0,3.0,135.0,18.0,0.0
222,42,4,1843.0,2116.0,476.0,0.0,312.0,2691.0,136.8392051818439,7604.244800000004,7741.084005181847,2004.0,47.0,21.0,228.0,144.0,30.0,27.0,0.0,72.0,3.0,135.0,18.0,0.0
222,43,4,1852.0,2111.0,481.0,0.0,340.0,2691.0,97.36546562520233,7955.2119999999995,8052.5774656252015,2004.0,47.0,21.0,228.0,144.0,30.0,27.0,0.0,72.0,3.0,135.0,18.0,0.0
222,44,4,1887.0,2096.0,484.0,0.0,357.0,2691.0,14.606854116405398,8409.318400000004,8423.92525411641,2004.0,47.0,21.0,228.0,144.0,30.0,27.0,0.0,72.0,3.0,135.0,18.0,0.0
222,45,4,1853.0,2080.0,502.0,0.0,341.0,2691.0,56.48947991845774,8702.637199999997,8759.126679918454,2004.0,47.0,21.0,228.0,144.0,30.0,27.0,0.0,72.0,3.0,135.0,18.0,0.0
222,46,4,1865.0,2106.0,484.0,0.0,271.0,2691.0,15.536498632750476,7590.684400000004,7606.220898632753,2004.0,47.0,21.0,228.0,144.0,30.0,27.0,0.0,72.0,3.0,135.0,18.0,0.0
222,47,4,1854.0,2130.0,449.0,0.0,308.0,2691.0,16.297210274984803,7595.694400000004,7611.9916102749885,2004.0,47.0,21.0,228.0,144.0,30.0,27.0,0.0,72.0,3.0,135.0,18.0,0.0
222,48,5,1855.0,2142.0,459.0,0.0,275.0,2691.0,14.614844308274183,7085.542800000004,7100.157644308279,2004.0,47.0,21.0,228.0,144.0,30.0,27.0,0.0,72.0,3.0,135.0,18.0,0.0
222,49,5,1911.0,2074.0,515.0,0.0,291.0,2691.0,16.683771322846216,8251.603599999999,8268.287371322844,2004.0,47.0,21.0,228.0,144.0,30.0,27.0,0.0,72.0,3.0,135.0,18.0,0.0
222,50,5,1844.0,2144.0,438.0,0.0,337.0,2691.0,54.42719549250852,7993.8224000000055,8048.249595492514,2004.0,47.0,21.0,228.0,144.0,30.0,27.0,0.0,72.0,3.0,135.0,18.0,0.0
222,51,5,1848.0,2153.0,438.0,0.0,290.0,2691.0,55.70434116484115,7456.884000000005,7512.5883411648465,2004.0,47.0,21.0,228.0,144.0,30.0,27.0,0.0,72.0,3.0,135.0,18.0,0.0
222,52,5,1847.0,2124.0,469.0,0.0,263.0,2691.0,96.66242455537383,9218.600399999998,9315.262824555371,2004.0,47.0,21.0,228.0,144.0,30.0,27.0,0.0,72.0,3.0,135.0,18.0,0.0
222,53,5,1867.0,2112.0,464.0,0.0,333.0,2691.0,55.713237396740645,8151.4036000000015,8207.116837396743,2004.0,47.0,21.0,228.0,144.0,30.0,27.0,0.0,72.0,3.0,135.0,18.0,0.0
222,54,5,1834.0,2093.0,474.0,0.0,371.0,2691.0,57.29069530022696,9049.262399999998,9106.553095300225,2004.0,47.0,21.0,228.0,144.0,30.0,27.0,0.0,72.0,3.0,135.0,18.0,0.0
222,55,5,1826.0,2101.0,475.0,0.0,320.0,2691.0,55.57885053576406,8865.695999999998,8921.274850535763,2004.0,47.0,21.0,228.0,144.0,30.0,27.0,0.0,72.0,3.0,135.0,18.0,0.0
222,56,5,1824.0,2125.0,459.0,0.0,300.0,2691.0,98.63763891972934,8615.864,8714.50163891973,2004.0,47.0,21.0,228.0,144.0,30.0,27.0,0.0,72.0,3.0,135.0,18.0,0.0
222,57,5,1865.0,2110.0,483.0,0.0,333.0,2691.0,56.571676708830466,8681.261200000004,8737.832876708835,2004.0,47.0,21.0,228.0,144.0,30.0,27.0,0.0,72.0,3.0,135.0,18.0,0.0
222,58,5,1867.0,2072.0,510.0,0.0,335.0,2691.0,138.32935196572438,8580.860799999999,8719.190151965722,2004.0,47.0,21.0,228.0,144.0,30.0,27.0,0.0,72.0,3.0,135.0,18.0,0.0
222,59,5,1885.0,2125.0,456.0,0.0,321.0,2691.0,95.64737728652861,8173.6480000000065,8269.295377286535,2004.0,47.0,21.0,228.0,144.0,30.0,27.0,0.0,72.0,3.0,135.0,18.0,0.0
222,60,6,1838.0,2121.0,459.0,0.0,330.0,2691.0,56.18844071125468,8637.039600000004,8693.22804071126,2004.0,47.0,21.0,228.0,144.0,30.0,27.0,0.0,72.0,3.0,135.0,18.0,0.0
222,61,6,1776.0,2131.0,457.0,0.0,289.0,2691.0,96.5187730155464,7103.111200000004,7199.629973015551,2004.0,47.0,21.0,228.0,144.0,30.0,27.0,0.0,72.0,3.0,135.0,18.0,0.0
222,62,6,1854.0,2069.0,495.0,0.0,357.0,2691.0,56.4432322352587,8194.222399999999,8250.665632235257,2004.0,47.0,21.0,228.0,144.0,30.0,27.0,0.0,72.0,3.0,135.0,18.0,0.0
222,63,6,1844.0,2128.0,458.0,0.0,350.0,2691.0,17.631335495425056,8147.128400000001,8164.759735495427,2004.0,47.0,21.0,228.0,144.0,30.0,27.0,0.0,72.0,3.0,135.0,18.0,0.0
222,64,6,1896.0,2088.0,482.0,0.0,315.0,2691.0,55.773732741975024,7500.638000000004,7556.411732741979,2004.0,47.0,21.0,228.0,144.0,30.0,27.0,0.0,72.0,3.0,135.0,18.0,0.0
222,65,6,1872.0,2098.0,479.0,0.0,302.0,2691.0,54.763985415733,8559.150800000003,8613.914785415738,2004.0,47.0,21.0,228.0,144.0,30.0,27.0,0.0,72.0,3.0,135.0,18.0,0.0
222,66,6,1863.0,2122.0,462.0,0.0,314.0,2691.0,14.07895286505352,7755.8808000000045,7769.959752865057,2004.0,47.0,21.0,228.0,144.0,30.0,27.0,0.0,72.0,3.0,135.0,18.0,0.0
222,67,6,1840.0,2099.0,480.0,0.0,314.0,2691.0,15.98586337728042,8405.043200000004,8421.029063377282,2004.0,47.0,21.0,228.0,144.0,30.0,27.0,0.0,72.0,3.0,135.0,18.0,0.0
222,68,6,1844.0,2155.0,437.0,0.0,318.0,2691.0,56.26002252329776,7459.0216000000055,7515.281622523304,2004.0,47.0,21.0,228.0,144.0,30.0,27.0,0.0,72.0,3.0,135.0,18.0,0.0
222,69,6,1856.0,2105.0,465.0,0.0,320.0,2691.0,137.6649458692293,8727.353200000003,8865.018145869231,2004.0,47.0,21.0,228.0,144.0,30.0,27.0,0.0,72.0,3.0,135.0,18.0,0.0
222,70,6,1885.0,2123.0,472.0,0.0,303.0,2691.0,95.5415519228311,7901.7720000000045,7997.313551922836,2004.0,47.0,21.0,228.0,144.0,30.0,27.0,0.0,72.0,3.0,135.0,18.0,0.0
222,71,6,1880.0,2076.0,484.0,0.0,355.0,2691.0,96.45193992464918,8063.160800000005,8159.612739924654,2004.0,47.0,21.0,228.0,144.0,30.0,27.0,0.0,72.0,3.0,135.0,18.0,0.0
222,72,7,1837.0,2110.0,464.0,0.0,296.0,2691.0,57.86614655266191,8379.391999999998,8437.25814655266,2004.0,47.0,21.0,228.0,144.0,30.0,27.0,0.0,72.0,3.0,135.0,18.0,0.0
222,73,7,1844.0,2139.0,446.0,0.0,334.0,2691.0,56.5429000378458,7819.875200000004,7876.41810003785,2004.0,47.0,21.0,228.0,144.0,30.0,27.0,0.0,72.0,3.0,135.0,18.0,0.0
222,74,7,1859.0,2108.0,477.0,0.0,282.0,2691.0,14.651035971033998,8556.211599999999,8570.862635971032,2004.0,47.0,21.0,228.0,144.0,30.0,27.0,0.0,72.0,3.0,135.0,18.0,0.0
222,75,7,1852.0,2099.0,476.0,0.0,311.0,2691.0,56.63513096563554,8211.857599999998,8268.492730965634,2004.0,47.0,21.0,228.0,144.0,30.0,27.0,0.0,72.0,3.0,135.0,18.0,0.0
222,76,7,1865.0,2113.0,474.0,0.0,304.0,2691.0,96.00759061359626,7418.741200000004,7514.748790613599,2004.0,47.0,21.0,228.0,144.0,30.0,27.0,0.0,72.0,3.0,135.0,18.0,0.0
222,77,7,1840.0,2073.0,486.0,0.0,354.0,2691.0,56.71803959469951,8189.746800000003,8246.464839594702,2004.0,47.0,21.0,228.0,144.0,30.0,27.0,0.0,72.0,3.0,135.0,18.0,0.0
222,78,7,1829.0,2143.0,453.0,0.0,349.0,2691.0,57.80389962616177,8228.9584,8286.76229962616,2004.0,47.0,21.0,228.0,144.0,30.0,27.0,0.0,72.0,3.0,135.0,18.0,0.0
222,79,7,1841.0,2127.0,460.0,0.0,348.0,2691.0,137.25878293847114,8004.3768,8141.63558293847,2004.0,47.0,21.0,228.0,144.0,30.0,27.0,0.0,72.0,3.0,135.0,18.0,0.0
222,80,7,1812.0,2134.0,442.0,0.0,293.0,2691.0,55.82633401829154,8499.298000000006,8555.124334018297,2004.0,47.0,21.0,228.0,144.0,30.0,27.0,0.0,72.0,3.0,135.0,18.0,0.0
222,81,7,1855.0,2082.0,503.0,0.0,341.0,2691.0,54.52064142346984,7955.679600000002,8010.200241423472,2004.0,47.0,21.0,228.0,144.0,30.0,27.0,0.0,72.0,3.0,135.0,18.0,0.0
222,82,7,1854.0,2096.0,494.0,0.0,330.0,2691.0,16.06514990737156,8442.985600000004,8459.050749907377,2004.0,47.0,21.0,228.0,144.0,30.0,27.0,0.0,72.0,3.0,135.0,18.0,0.0
222,83,7,1870.0,2099.0,478.0,0.0,319.0,2691.0,55.158177030404026,8101.103200000001,8156.261377030406,2004.0,47.0,21.0,228.0,144.0,30.0,27.0,0.0,72.0,3.0,135.0,18.0,0.0
222,84,8,1887.0,2115.0,466.0,0.0,276.0,2691.0,138.0249254078266,6785.5440000000035,6923.56892540783,2004.0,47.0,21.0,228.0,144.0,30.0,27.0,0.0,72.0,3.0,135.0,18.0,0.0
222,85,8,1865.0,2091.0,473.0,0.0,339.0,2691.0,96.77328109507856,8341.850400000007,8438.623681095083,2004.0,47.0,21.0,228.0,144.0,30.0,27.0,0.0,72.0,3.0,135.0,18.0,0.0
222,86,8,1843.0,2076.0,474.0,0.0,331.0,2691.0,96.81852699644207,7120.813200000005,7217.631726996447,2004.0,47.0,21.0,228.0,144.0,30.0,27.0,0.0,72.0,3.0,135.0,18.0,0.0
222,87,8,1840.0,2123.0,452.0,0.0,311.0,2691.0,96.68665483812825,7928.6255999999985,8025.312254838127,2004.0,47.0,21.0,228.0,144.0,30.0,27.0,0.0,72.0,3.0,135.0,18.0,0.0
222,88,8,1894.0,2099.0,489.0,0.0,308.0,2691.0,17.54052911392002,10176.111599999993,10193.652129113914,2004.0,47.0,21.0,228.0,144.0,30.0,27.0,0.0,72.0,3.0,135.0,18.0,0.0
222,89,8,1862.0,2141.0,453.0,0.0,309.0,2691.0,97.70206505922374,9237.371199999998,9335.073265059222,2004.0,47.0,21.0,228.0,144.0,30.0,27.0,0.0,72.0,3.0,135.0,18.0,0.0
222,90,8,1843.0,2121.0,445.0,0.0,356.0,2691.0,96.50768029658934,8539.845600000002,8636.353280296593,2004.0,47.0,21.0,228.0,144.0,30.0,27.0,0.0,72.0,3.0,135.0,18.0,0.0
222,91,8,1834.0,2076.0,523.0,0.0,296.0,2691.0,57.106932431962136,7603.4432000000015,7660.550132431965,2004.0,47.0,21.0,228.0,144.0,30.0,27.0,0.0,72.0,3.0,135.0,18.0,0.0
222,92,8,1832.0,2114.0,467.0,0.0,330.0,2691.0,55.60367003152895,9010.985999999997,9066.589670031526,2004.0,47.0,21.0,228.0,144.0,30.0,27.0,0.0,72.0,3.0,135.0,18.0,0.0
222,93,8,1847.0,2118.0,471.0,0.0,318.0,2691.0,15.379387278401968,8234.77,8250.149387278401,2004.0,47.0,21.0,228.0,144.0,30.0,27.0,0.0,72.0,3.0,135.0,18.0,0.0
222,94,8,1796.0,2136.0,458.0,0.0,327.0,2691.0,15.11730048671929,7988.7456,8003.86290048672,2004.0,47.0,21.0,228.0,144.0,30.0,27.0,0.0,72.0,3.0,135.0,18.0,0.0
222,95,8,1842.0,2141.0,447.0,0.0,348.0,2691.0,57.63039139567307,9051.333200000003,9108.963591395677,2004.0,47.0,21.0,228.0,144.0,30.0,27.0,0.0,72.0,3.0,135.0,18.0,0.0
222,96,9,1858.0,2102.0,491.0,0.0,346.0,2691.0,138.3201860464368,8659.150399999997,8797.470586046433,2004.0,47.0,21.0,228.0,144.0,30.0,27.0,0.0,72.0,3.0,135.0,18.0,0.0
222,97,9,1793.0,2149.0,443.0,0.0,319.0,2691.0,14.97378794117964,8685.469600000004,8700.443387941184,2004.0,47.0,21.0,228.0,144.0,30.0,27.0,0.0,72.0,3.0,135.0,18.0,0.0
222,98,9,1848.0,2131.0,454.0,0.0,308.0,2691.0,14.800880050067377,7374.586400000004,7389.38728005007,2004.0,47.0,21.0,228.0,144.0,30.0,27.0,0.0,72.0,3.0,135.0,18.0,0.0
222,99,9,1828.0,2108.0,481.0,0.0,297.0,2691.0,17.213570119604118,8155.879199999996,8173.0927701196,2004.0,47.0,21.0,228.0,144.0,30.0,27.0,0.0,72.0,3.0,135.0,18.0,0.0
222,100,9,1820.0,2067.0,504.0,0.0,273.0,2691.0,98.11023975732759,8834.166399999998,8932.276639757329,2004.0,47.0,21.0,228.0,144.0,30.0,27.0,0.0,72.0,3.0,135.0,18.0,0.0
222,101,9,1843.0,2114.0,470.0,0.0,348.0,2691.0,56.82112609741723,7720.944400000002,7777.765526097421,2004.0,47.0,21.0,228.0,144.0,30.0,27.0,0.0,72.0,3.0,135.0,18.0,0.0
222,102,9,1855.0,2095.0,489.0,0.0,310.0,2691.0,96.75170156824665,8388.3432,8485.094901568245,2004.0,47.0,21.0,228.0,144.0,30.0,27.0,0.0,72.0,3.0,135.0,18.0,0.0
222,103,9,1867.0,2111.0,467.0,0.0,343.0,2691.0,16.120061113767335,8039.847600000005,8055.967661113773,2004.0,47.0,21.0,228.0,144.0,30.0,27.0,0.0,72.0,3.0,135.0,18.0,0.0
222,104,9,1845.0,2131.0,454.0,0.0,331.0,2691.0,55.85453942495405,7393.557600000006,7449.412139424959,2004.0,47.0,21.0,228.0,144.0,30.0,27.0,0.0,72.0,3.0,135.0,18.0,0.0
222,105,9,1794.0,2107.0,481.0,0.0,308.0,2691.0,96.54370496389679,8219.205600000003,8315.7493049639,2004.0,47.0,21.0,228.0,144.0,30.0,27.0,0.0,72.0,3.0,135.0,18.0,0.0
222,106,9,1856.0,2137.0,446.0,0.0,331.0,2691.0,14.710398486382843,9383.596399999997,9398.30679848638,2004.0,47.0,21.0,228.0,144.0,30.0,27.0,0.0,72.0,3.0,135.0,18.0,0.0
222,107,9,1848.0,2093.0,488.0,0.0,296.0,2691.0,16.06828841314307,7794.758400000001,7810.826688413143,2004.0,47.0,21.0,228.0,144.0,30.0,27.0,0.0,72.0,3.0,135.0,18.0,0.0
222,108,10,1824.0,2129.0,469.0,0.0,323.0,2691.0,16.44456906904169,8777.853999999994,8794.298569069037,2004.0,47.0,21.0,228.0,144.0,30.0,27.0,0.0,72.0,3.0,135.0,18.0,0.0
222,109,10,1870.0,2106.0,478.0,0.0,312.0,2691.0,17.929690462670408,8991.814399999996,9009.744090462667,2004.0,47.0,21.0,228.0,144.0,30.0,27.0,0.0,72.0,3.0,135.0,18.0,0.0
222,110,10,1846.0,2130.0,453.0,0.0,271.0,2691.0,15.502350473660872,8601.234800000004,8616.737150473666,2004.0,47.0,21.0,228.0,144.0,30.0,27.0,0.0,72.0,3.0,135.0,18.0,0.0
222,111,10,1859.0,2130.0,465.0,0.0,306.0,2691.0,98.34897280373613,7705.179600000001,7803.528572803736,2004.0,47.0,21.0,228.0,144.0,30.0,27.0,0.0,72.0,3.0,135.0,18.0,0.0
222,112,10,1877.0,2114.0,468.0,0.0,322.0,2691.0,99.29559254230514,8049.066000000005,8148.36159254231,2004.0,47.0,21.0,228.0,144.0,30.0,27.0,0.0,72.0,3.0,135.0,18.0,0.0
222,113,10,1889.0,2075.0,511.0,0.0,293.0,2691.0,55.089625936787186,8438.977599999998,8494.067225936788,2004.0,47.0,21.0,228.0,144.0,30.0,27.0,0.0,72.0,3.0,135.0,18.0,0.0
222,114,10,1892.0,2088.0,486.0,0.0,319.0,2691.0,14.47135728018404,7883.8696,7898.340957280183,2004.0,47.0,21.0,228.0,144.0,30.0,27.0,0.0,72.0,3.0,135.0,18.0,0.0
222,115,10,1853.0,2123.0,474.0,0.0,316.0,2691.0,54.154838512186714,7429.3624000000045,7483.517238512191,2004.0,47.0,21.0,228.0,144.0,30.0,27.0,0.0,72.0,3.0,135.0,18.0,0.0
222,116,10,1875.0,2149.0,457.0,0.0,283.0,2691.0,299.181323811088,7943.655600000005,8242.836923811092,2004.0,47.0,21.0,228.0,144.0,30.0,27.0,0.0,72.0,3.0,135.0,18.0,0.0
222,117,10,1885.0,2106.0,474.0,0.0,322.0,2691.0,97.87246319566555,7982.934000000005,8080.8064631956695,2004.0,47.0,21.0,228.0,144.0,30.0,27.0,0.0,72.0,3.0,135.0,18.0,0.0
222,118,10,1885.0,2116.0,460.0,0.0,339.0,2691.0,57.148858570140284,8813.124399999993,8870.273258570134,2004.0,47.0,21.0,228.0,144.0,30.0,27.0,0.0,72.0,3.0,135.0,18.0,0.0
222,119,10,1872.0,2079.0,496.0,0.0,318.0,2691.0,14.812964892373333,7362.228400000004,7377.041364892377,2004.0,47.0,21.0,228.0,144.0,30.0,27.0,0.0,72.0,3.0,135.0,18.0,0.0
223,0,1,1868.0,2092.0,496.0,0.0,303.0,2691.0,15.903679848748514,8509.318,8525.22167984875,2004.0,47.0,21.0,228.0,144.0,30.0,27.0,0.0,72.0,3.0,135.0,18.0,0.0
223,1,1,1901.0,2113.0,460.0,0.0,317.0,2691.0,54.275416872040886,7571.245600000004,7625.521016872044,2004.0,47.0,21.0,228.0,144.0,30.0,27.0,0.0,72.0,3.0,135.0,18.0,0.0
223,2,1,1881.0,2140.0,458.0,0.0,254.0,2691.0,96.51856445565764,8887.472800000003,8983.99136445566,2004.0,47.0,21.0,228.0,144.0,30.0,27.0,0.0,72.0,3.0,135.0,18.0,0.0
223,3,1,1901.0,2068.0,515.0,0.0,344.0,2691.0,97.22531371156145,9086.804,9184.02931371156,2004.0,47.0,21.0,228.0,144.0,30.0,27.0,0.0,72.0,3.0,135.0,18.0,0.0
223,4,1,1800.0,2098.0,485.0,0.0,320.0,2691.0,15.80393009373026,10378.114799999998,10393.918730093728,2004.0,47.0,21.0,228.0,144.0,30.0,27.0,0.0,72.0,3.0,135.0,18.0,0.0
223,5,1,1882.0,2128.0,434.0,0.0,304.0,2691.0,14.095578583014863,8733.632399999999,8747.727978583014,2004.0,47.0,21.0,228.0,144.0,30.0,27.0,0.0,72.0,3.0,135.0,18.0,0.0
223,6,1,1838.0,2086.0,501.0,0.0,322.0,2691.0,56.45996864713578,10312.918,10369.377968647135,2004.0,47.0,21.0,228.0,144.0,30.0,27.0,0.0,72.0,3.0,135.0,18.0,0.0
223,7,1,1865.0,2105.0,480.0,0.0,270.0,2691.0,99.34578584791822,10472.970799999997,10572.316585847915,2004.0,47.0,21.0,228.0,144.0,30.0,27.0,0.0,72.0,3.0,135.0,18.0,0.0
223,8,1,1861.0,2141.0,436.0,0.0,312.0,2691.0,96.49407219202917,8699.6312,8796.125272192028,2004.0,47.0,21.0,228.0,144.0,30.0,27.0,0.0,72.0,3.0,135.0,18.0,0.0
223,9,1,1828.0,2128.0,448.0,0.0,303.0,2691.0,16.19743678593511,8505.710800000004,8521.908236785937,2004.0,47.0,21.0,228.0,144.0,30.0,27.0,0.0,72.0,3.0,135.0,18.0,0.0
223,10,1,1867.0,2086.0,509.0,0.0,309.0,2691.0,95.2091846321971,9676.647999999997,9771.857184632194,2004.0,47.0,21.0,228.0,144.0,30.0,27.0,0.0,72.0,3.0,135.0,18.0,0.0
223,11,1,1851.0,2099.0,469.0,0.0,257.0,2691.0,56.4841943696626,8387.9424,8444.426594369661,2004.0,47.0,21.0,228.0,144.0,30.0,27.0,0.0,72.0,3.0,135.0,18.0,0.0
223,12,2,1844.0,2084.0,497.0,0.0,300.0,2691.0,56.9588115517919,9029.155599999993,9086.114411551785,2004.0,47.0,21.0,228.0,144.0,30.0,27.0,0.0,72.0,3.0,135.0,18.0,0.0
223,13,2,1849.0,2098.0,495.0,0.0,267.0,2691.0,14.568778825218724,8506.312000000002,8520.88077882522,2004.0,47.0,21.0,228.0,144.0,30.0,27.0,0.0,72.0,3.0,135.0,18.0,0.0
223,14,2,1888.0,2103.0,491.0,0.0,306.0,2691.0,16.586647790967092,9255.206799999996,9271.793447790962,2004.0,47.0,21.0,228.0,144.0,30.0,27.0,0.0,72.0,3.0,135.0,18.0,0.0
223,15,2,1837.0,2156.0,439.0,0.0,273.0,2691.0,54.96531160093804,9083.864799999996,9138.830111600935,2004.0,47.0,21.0,228.0,144.0,30.0,27.0,0.0,72.0,3.0,135.0,18.0,0.0
223,16,2,1850.0,2145.0,451.0,0.0,305.0,2691.0,55.54687327525843,9622.539999999995,9678.086873275253,2004.0,47.0,21.0,228.0,144.0,30.0,27.0,0.0,72.0,3.0,135.0,18.0,0.0
223,17,2,1836.0,2102.0,485.0,0.0,326.0,2691.0,14.775821440282566,8832.763600000002,8847.539421440286,2004.0,47.0,21.0,228.0,144.0,30.0,27.0,0.0,72.0,3.0,135.0,18.0,0.0
223,18,2,1835.0,2132.0,463.0,0.0,287.0,2691.0,17.026864151461197,8779.791199999998,8796.81806415146,2004.0,47.0,21.0,228.0,144.0,30.0,27.0,0.0,72.0,3.0,135.0,18.0,0.0
223,19,2,1857.0,2101.0,482.0,0.0,313.0,2691.0,55.30004373404199,8205.378,8260.678043734042,2004.0,47.0,21.0,228.0,144.0,30.0,27.0,0.0,72.0,3.0,135.0,18.0,0.0
223,20,2,1866.0,2079.0,509.0,0.0,261.0,2691.0,96.25864140851374,9987.334799999999,10083.593441408511,2004.0,47.0,21.0,228.0,144.0,30.0,27.0,0.0,72.0,3.0,135.0,18.0,0.0
223,21,2,1841.0,2130.0,460.0,0.0,277.0,2691.0,15.97183786907226,8520.006000000001,8535.977837869073,2004.0,47.0,21.0,228.0,144.0,30.0,27.0,0.0,72.0,3.0,135.0,18.0,0.0
223,22,2,1828.0,2139.0,443.0,0.0,247.0,2691.0,95.84543345131877,8967.6328,9063.478233451317,2004.0,47.0,21.0,228.0,144.0,30.0,27.0,0.0,72.0,3.0,135.0,18.0,0.0
223,23,2,1883.0,2130.0,463.0,0.0,274.0,2691.0,15.016745862331696,8805.108399999997,8820.125145862328,2004.0,47.0,21.0,228.0,144.0,30.0,27.0,0.0,72.0,3.0,135.0,18.0,0.0
223,24,3,1923.0,2110.0,465.0,0.0,287.0,2691.0,18.472357151671346,9278.520000000002,9296.992357151674,2004.0,47.0,21.0,228.0,144.0,30.0,27.0,0.0,72.0,3.0,135.0,18.0,0.0
223,25,3,1842.0,2087.0,493.0,0.0,301.0,2691.0,15.425398453823197,8571.776000000002,8587.201398453824,2004.0,47.0,21.0,228.0,144.0,30.0,27.0,0.0,72.0,3.0,135.0,18.0,0.0
223,26,3,1874.0,2088.0,497.0,0.0,291.0,2691.0,15.02451498557512,8907.713199999997,8922.737714985571,2004.0,47.0,21.0,228.0,144.0,30.0,27.0,0.0,72.0,3.0,135.0,18.0,0.0
223,27,3,1859.0,2108.0,476.0,0.0,290.0,2691.0,57.47654189239509,8855.609200000003,8913.085741892399,2004.0,47.0,21.0,228.0,144.0,30.0,27.0,0.0,72.0,3.0,135.0,18.0,0.0
223,28,3,1845.0,2126.0,453.0,0.0,271.0,2691.0,57.29403674742581,8691.214399999997,8748.508436747423,2004.0,47.0,21.0,228.0,144.0,30.0,27.0,0.0,72.0,3.0,135.0,18.0,0.0
223,29,3,1905.0,2125.0,462.0,0.0,316.0,2691.0,14.564271435511309,9058.347199999997,9072.91147143551,2004.0,47.0,21.0,228.0,144.0,30.0,27.0,0.0,72.0,3.0,135.0,18.0,0.0
223,30,3,1846.0,2092.0,484.0,0.0,344.0,2691.0,16.082778231512375,8679.992000000002,8696.074778231514,2004.0,47.0,21.0,228.0,144.0,30.0,27.0,0.0,72.0,3.0,135.0,18.0,0.0
223,31,3,1848.0,2103.0,473.0,0.0,257.0,2691.0,96.78313760718738,8880.058000000005,8976.84113760719,2004.0,47.0,21.0,228.0,144.0,30.0,27.0,0.0,72.0,3.0,135.0,18.0,0.0
223,32,3,1860.0,2117.0,463.0,0.0,289.0,2691.0,17.584473567887088,10289.337599999997,10306.922073567885,2004.0,47.0,21.0,228.0,144.0,30.0,27.0,0.0,72.0,3.0,135.0,18.0,0.0
223,33,3,1865.0,2122.0,463.0,0.0,278.0,2691.0,96.68273958941552,9386.268399999997,9482.951139589415,2004.0,47.0,21.0,228.0,144.0,30.0,27.0,0.0,72.0,3.0,135.0,18.0,0.0
223,34,3,1885.0,2107.0,470.0,0.0,308.0,2691.0,55.87328444141208,8091.684400000004,8147.557684441415,2004.0,47.0,21.0,228.0,144.0,30.0,27.0,0.0,72.0,3.0,135.0,18.0,0.0
223,35,3,1839.0,2105.0,474.0,0.0,307.0,2691.0,17.376434064290805,8169.573200000001,8186.949634064291,2004.0,47.0,21.0,228.0,144.0,30.0,27.0,0.0,72.0,3.0,135.0,18.0,0.0
223,36,4,1852.0,2123.0,462.0,0.0,317.0,2691.0,15.109071806485822,8246.593599999997,8261.702671806483,2004.0,47.0,21.0,228.0,144.0,30.0,27.0,0.0,72.0,3.0,135.0,18.0,0.0
223,37,4,1856.0,2111.0,464.0,0.0,316.0,2691.0,15.453693548198249,9143.7176,9159.171293548197,2004.0,47.0,21.0,228.0,144.0,30.0,27.0,0.0,72.0,3.0,135.0,18.0,0.0
223,38,4,1830.0,2136.0,444.0,0.0,296.0,2691.0,55.10757972065798,8490.3468,8545.454379720657,2004.0,47.0,21.0,228.0,144.0,30.0,27.0,0.0,72.0,3.0,135.0,18.0,0.0
223,39,4,1840.0,2130.0,462.0,0.0,319.0,2691.0,97.06851037082293,9802.0984,9899.166910370823,2004.0,47.0,21.0,228.0,144.0,30.0,27.0,0.0,72.0,3.0,135.0,18.0,0.0
223,40,4,1854.0,2086.0,480.0,0.0,308.0,2691.0,97.05493378061274,8766.832000000002,8863.886933780614,2004.0,47.0,21.0,228.0,144.0,30.0,27.0,0.0,72.0,3.0,135.0,18.0,0.0
223,41,4,1843.0,2115.0,477.0,0.0,296.0,2691.0,136.83203471942852,8388.2764,8525.108434719428,2004.0,47.0,21.0,228.0,144.0,30.0,27.0,0.0,72.0,3.0,135.0,18.0,0.0
223,42,4,1852.0,2114.0,478.0,0.0,320.0,2691.0,56.37198357101791,8679.591199999995,8735.963183571013,2004.0,47.0,21.0,228.0,144.0,30.0,27.0,0.0,72.0,3.0,135.0,18.0,0.0
223,43,4,1887.0,2095.0,485.0,0.0,333.0,2691.0,14.799599690608726,9093.550799999999,9108.35039969061,2004.0,47.0,21.0,228.0,144.0,30.0,27.0,0.0,72.0,3.0,135.0,18.0,0.0
223,44,4,1853.0,2079.0,504.0,0.0,314.0,2691.0,97.19432435818328,9445.252799999993,9542.447124358176,2004.0,47.0,21.0,228.0,144.0,30.0,27.0,0.0,72.0,3.0,135.0,18.0,0.0
223,45,4,1865.0,2109.0,481.0,0.0,248.0,2691.0,15.985331427252,8151.0028,8166.988131427252,2004.0,47.0,21.0,228.0,144.0,30.0,27.0,0.0,72.0,3.0,135.0,18.0,0.0
223,46,4,1854.0,2129.0,450.0,0.0,280.0,2691.0,15.827536000601164,7992.486400000005,8008.313936000605,2004.0,47.0,21.0,228.0,144.0,30.0,27.0,0.0,72.0,3.0,135.0,18.0,0.0
223,47,4,1855.0,2139.0,462.0,0.0,255.0,2691.0,14.864542126303395,7948.398400000002,7963.262942126305,2004.0,47.0,21.0,228.0,144.0,30.0,27.0,0.0,72.0,3.0,135.0,18.0,0.0
223,48,5,1911.0,2069.0,520.0,0.0,267.0,2691.0,16.13441311283256,8995.822399999995,9011.956813112829,2004.0,47.0,21.0,228.0,144.0,30.0,27.0,0.0,72.0,3.0,135.0,18.0,0.0
223,49,5,1844.0,2142.0,440.0,0.0,310.0,2691.0,54.48506197987582,9153.737600000004,9208.222661979878,2004.0,47.0,21.0,228.0,144.0,30.0,27.0,0.0,72.0,3.0,135.0,18.0,0.0
223,50,5,1848.0,2149.0,442.0,0.0,265.0,2691.0,14.978477374001965,8386.539600000004,8401.518077374007,2004.0,47.0,21.0,228.0,144.0,30.0,27.0,0.0,72.0,3.0,135.0,18.0,0.0
223,51,5,1847.0,2126.0,468.0,0.0,240.0,2691.0,96.76475041463331,9636.434399999995,9733.199150414628,2004.0,47.0,21.0,228.0,144.0,30.0,27.0,0.0,72.0,3.0,135.0,18.0,0.0
223,52,5,1867.0,2112.0,464.0,0.0,312.0,2691.0,55.865846522822245,9235.1,9290.965846522824,2004.0,47.0,21.0,228.0,144.0,30.0,27.0,0.0,72.0,3.0,135.0,18.0,0.0
223,53,5,1834.0,2095.0,472.0,0.0,340.0,2691.0,97.89421527337365,9902.966399999998,10000.86061527337,2004.0,47.0,21.0,228.0,144.0,30.0,27.0,0.0,72.0,3.0,135.0,18.0,0.0
223,54,5,1826.0,2103.0,473.0,0.0,303.0,2691.0,55.03962766893969,9831.289999999995,9886.329627668934,2004.0,47.0,21.0,228.0,144.0,30.0,27.0,0.0,72.0,3.0,135.0,18.0,0.0
223,55,5,1824.0,2120.0,463.0,0.0,268.0,2691.0,57.37797009280897,8943.0504,9000.428370092808,2004.0,47.0,21.0,228.0,144.0,30.0,27.0,0.0,72.0,3.0,135.0,18.0,0.0
223,56,5,1865.0,2113.0,480.0,0.0,309.0,2691.0,15.241660487720534,9269.836000000003,9285.077660487723,2004.0,47.0,21.0,228.0,144.0,30.0,27.0,0.0,72.0,3.0,135.0,18.0,0.0
223,57,5,1867.0,2077.0,505.0,0.0,317.0,2691.0,97.09101435828225,9324.010799999995,9421.101814358277,2004.0,47.0,21.0,228.0,144.0,30.0,27.0,0.0,72.0,3.0,135.0,18.0,0.0
223,58,5,1885.0,2127.0,454.0,0.0,290.0,2691.0,54.37079630235364,8881.4608,8935.831596302356,2004.0,47.0,21.0,228.0,144.0,30.0,27.0,0.0,72.0,3.0,135.0,18.0,0.0
223,59,5,1838.0,2123.0,457.0,0.0,295.0,2691.0,15.653983064327285,9447.590800000004,9463.24478306433,2004.0,47.0,21.0,228.0,144.0,30.0,27.0,0.0,72.0,3.0,135.0,18.0,0.0
223,60,6,1776.0,2127.0,462.0,0.0,259.0,2691.0,96.44224777562277,7759.087200000003,7855.529447775625,2004.0,47.0,21.0,228.0,144.0,30.0,27.0,0.0,72.0,3.0,135.0,18.0,0.0
223,61,6,1854.0,2068.0,496.0,0.0,338.0,2691.0,15.57700426892654,8676.451599999999,8692.028604268926,2004.0,47.0,21.0,228.0,144.0,30.0,27.0,0.0,72.0,3.0,135.0,18.0,0.0
223,62,6,1844.0,2128.0,457.0,0.0,329.0,2691.0,17.001453143146392,8720.606399999999,8737.607853143145,2004.0,47.0,21.0,228.0,144.0,30.0,27.0,0.0,72.0,3.0,135.0,18.0,0.0
223,63,6,1896.0,2089.0,482.0,0.0,294.0,2691.0,55.539404113940115,8124.6168,8180.1562041139405,2004.0,47.0,21.0,228.0,144.0,30.0,27.0,0.0,72.0,3.0,135.0,18.0,0.0
223,64,6,1872.0,2096.0,481.0,0.0,289.0,2691.0,54.97479962113293,9417.8648,9472.839599621131,2004.0,47.0,21.0,228.0,144.0,30.0,27.0,0.0,72.0,3.0,135.0,18.0,0.0
223,65,6,1863.0,2121.0,463.0,0.0,291.0,2691.0,14.45035507642535,8524.414800000004,8538.86515507643,2004.0,47.0,21.0,228.0,144.0,30.0,27.0,0.0,72.0,3.0,135.0,18.0,0.0
223,66,6,1840.0,2098.0,481.0,0.0,294.0,2691.0,15.08129719422557,8887.272400000002,8902.353697194227,2004.0,47.0,21.0,228.0,144.0,30.0,27.0,0.0,72.0,3.0,135.0,18.0,0.0
223,67,6,1844.0,2150.0,442.0,0.0,296.0,2691.0,15.726938388379448,8428.490000000007,8444.216938388387,2004.0,47.0,21.0,228.0,144.0,30.0,27.0,0.0,72.0,3.0,135.0,18.0,0.0
223,68,6,1856.0,2111.0,459.0,0.0,294.0,2691.0,138.0142934230898,9273.242800000002,9411.257093423093,2004.0,47.0,21.0,228.0,144.0,30.0,27.0,0.0,72.0,3.0,135.0,18.0,0.0
223,69,6,1885.0,2120.0,475.0,0.0,284.0,2691.0,95.57406559146628,8726.685200000002,8822.259265591469,2004.0,47.0,21.0,228.0,144.0,30.0,27.0,0.0,72.0,3.0,135.0,18.0,0.0
223,70,6,1880.0,2071.0,489.0,0.0,330.0,2691.0,56.06806012438001,8872.042000000001,8928.110060124382,2004.0,47.0,21.0,228.0,144.0,30.0,27.0,0.0,72.0,3.0,135.0,18.0,0.0
223,71,6,1837.0,2110.0,464.0,0.0,271.0,2691.0,98.37119731507522,9249.929599999996,9348.300797315072,2004.0,47.0,21.0,228.0,144.0,30.0,27.0,0.0,72.0,3.0,135.0,18.0,0.0
223,72,7,1844.0,2137.0,447.0,0.0,316.0,2691.0,55.662311259922156,8437.842,8493.504311259921,2004.0,47.0,21.0,228.0,144.0,30.0,27.0,0.0,72.0,3.0,135.0,18.0,0.0
223,73,7,1859.0,2103.0,481.0,0.0,262.0,2691.0,14.355442227453356,9142.982799999994,9157.338242227448,2004.0,47.0,21.0,228.0,144.0,30.0,27.0,0.0,72.0,3.0,135.0,18.0,0.0
223,74,7,1852.0,2095.0,478.0,0.0,292.0,2691.0,16.150566735345176,9943.513999999997,9959.664566735344,2004.0,47.0,21.0,228.0,144.0,30.0,27.0,0.0,72.0,3.0,135.0,18.0,0.0
223,75,7,1865.0,2112.0,475.0,0.0,295.0,2691.0,56.163710219971186,7855.947200000006,7912.110910219977,2004.0,47.0,21.0,228.0,144.0,30.0,27.0,0.0,72.0,3.0,135.0,18.0,0.0
223,76,7,1840.0,2073.0,486.0,0.0,326.0,2691.0,56.775468005425125,9160.284,9217.059468005424,2004.0,47.0,21.0,228.0,144.0,30.0,27.0,0.0,72.0,3.0,135.0,18.0,0.0
223,77,7,1829.0,2140.0,456.0,0.0,314.0,2691.0,58.144666087117415,9207.043999999994,9265.188666087113,2004.0,47.0,21.0,228.0,144.0,30.0,27.0,0.0,72.0,3.0,135.0,18.0,0.0
223,78,7,1841.0,2125.0,462.0,0.0,334.0,2691.0,95.70585364762977,8582.797999999999,8678.50385364763,2004.0,47.0,21.0,228.0,144.0,30.0,27.0,0.0,72.0,3.0,135.0,18.0,0.0
223,79,7,1812.0,2137.0,439.0,0.0,273.0,2691.0,55.42942746400922,9125.347600000005,9180.777027464013,2004.0,47.0,21.0,228.0,144.0,30.0,27.0,0.0,72.0,3.0,135.0,18.0,0.0
223,80,7,1855.0,2082.0,503.0,0.0,322.0,2691.0,13.612177151910878,8421.676400000002,8435.288577151912,2004.0,47.0,21.0,228.0,144.0,30.0,27.0,0.0,72.0,3.0,135.0,18.0,0.0
223,81,7,1854.0,2098.0,492.0,0.0,308.0,2691.0,16.286828138619043,9038.908400000004,9055.195228138622,2004.0,47.0,21.0,228.0,144.0,30.0,27.0,0.0,72.0,3.0,135.0,18.0,0.0
223,82,7,1870.0,2095.0,482.0,0.0,292.0,2691.0,14.972447876168856,8917.599600000001,8932.57204787617,2004.0,47.0,21.0,228.0,144.0,30.0,27.0,0.0,72.0,3.0,135.0,18.0,0.0
223,83,7,1887.0,2116.0,465.0,0.0,252.0,2691.0,97.28521060888284,7488.346800000001,7585.632010608884,2004.0,47.0,21.0,228.0,144.0,30.0,27.0,0.0,72.0,3.0,135.0,18.0,0.0
223,84,8,1865.0,2089.0,475.0,0.0,323.0,2691.0,96.97079730048353,9056.744000000004,9153.714797300487,2004.0,47.0,21.0,228.0,144.0,30.0,27.0,0.0,72.0,3.0,135.0,18.0,0.0
223,85,8,1843.0,2075.0,475.0,0.0,299.0,2691.0,97.34747779052603,7999.433600000002,8096.781077790527,2004.0,47.0,21.0,228.0,144.0,30.0,27.0,0.0,72.0,3.0,135.0,18.0,0.0
223,86,8,1840.0,2125.0,450.0,0.0,291.0,2691.0,97.27512042395472,8581.662399999997,8678.937520423951,2004.0,47.0,21.0,228.0,144.0,30.0,27.0,0.0,72.0,3.0,135.0,18.0,0.0
223,87,8,1894.0,2099.0,489.0,0.0,283.0,2691.0,15.826668214646357,10749.723199999993,10765.549868214639,2004.0,47.0,21.0,228.0,144.0,30.0,27.0,0.0,72.0,3.0,135.0,18.0,0.0
223,88,8,1862.0,2139.0,455.0,0.0,287.0,2691.0,56.316799409383464,9755.538799999998,9811.85559940938,2004.0,47.0,21.0,228.0,144.0,30.0,27.0,0.0,72.0,3.0,135.0,18.0,0.0
223,89,8,1843.0,2117.0,449.0,0.0,333.0,2691.0,55.66147945618745,9191.6132,9247.274679456186,2004.0,47.0,21.0,228.0,144.0,30.0,27.0,0.0,72.0,3.0,135.0,18.0,0.0
223,90,8,1834.0,2072.0,527.0,0.0,279.0,2691.0,57.599162567625285,8542.784800000001,8600.383962567626,2004.0,47.0,21.0,228.0,144.0,30.0,27.0,0.0,72.0,3.0,135.0,18.0,0.0
223,91,8,1832.0,2117.0,464.0,0.0,311.0,2691.0,55.85070806951291,9798.691599999995,9854.542308069507,2004.0,47.0,21.0,228.0,144.0,30.0,27.0,0.0,72.0,3.0,135.0,18.0,0.0
223,92,8,1847.0,2113.0,476.0,0.0,306.0,2691.0,16.560807121597875,8994.953999999998,9011.514807121595,2004.0,47.0,21.0,228.0,144.0,30.0,27.0,0.0,72.0,3.0,135.0,18.0,0.0
223,93,8,1796.0,2135.0,459.0,0.0,302.0,2691.0,15.952324171326897,8489.5452,8505.497524171327,2004.0,47.0,21.0,228.0,144.0,30.0,27.0,0.0,72.0,3.0,135.0,18.0,0.0
223,94,8,1842.0,2141.0,447.0,0.0,324.0,2691.0,56.65019801967512,9910.514800000003,9967.164998019678,2004.0,47.0,21.0,228.0,144.0,30.0,27.0,0.0,72.0,3.0,135.0,18.0,0.0
223,95,8,1858.0,2102.0,492.0,0.0,319.0,2691.0,97.30287443129941,9112.321599999992,9209.624474431293,2004.0,47.0,21.0,228.0,144.0,30.0,27.0,0.0,72.0,3.0,135.0,18.0,0.0
223,96,9,1793.0,2149.0,443.0,0.0,304.0,2691.0,55.52860246864695,9415.326400000004,9470.855002468652,2004.0,47.0,21.0,228.0,144.0,30.0,27.0,0.0,72.0,3.0,135.0,18.0,0.0
223,97,9,1848.0,2133.0,452.0,0.0,284.0,2691.0,15.339167767987737,7898.766000000005,7914.105167767993,2004.0,47.0,21.0,228.0,144.0,30.0,27.0,0.0,72.0,3.0,135.0,18.0,0.0
223,98,9,1828.0,2102.0,486.0,0.0,278.0,2691.0,16.33912086747132,8627.887999999994,8644.227120867465,2004.0,47.0,21.0,228.0,144.0,30.0,27.0,0.0,72.0,3.0,135.0,18.0,0.0
223,99,9,1820.0,2070.0,501.0,0.0,251.0,2691.0,97.22580916787291,9460.549999999996,9557.77580916787,2004.0,47.0,21.0,228.0,144.0,30.0,27.0,0.0,72.0,3.0,135.0,18.0,0.0
223,100,9,1843.0,2114.0,469.0,0.0,336.0,2691.0,16.300495062633534,8482.664799999999,8498.965295062633,2004.0,47.0,21.0,228.0,144.0,30.0,27.0,0.0,72.0,3.0,135.0,18.0,0.0
223,101,9,1855.0,2093.0,490.0,0.0,284.0,2691.0,55.18921828410513,8945.789199999997,9000.978418284103,2004.0,47.0,21.0,228.0,144.0,30.0,27.0,0.0,72.0,3.0,135.0,18.0,0.0
223,102,9,1867.0,2111.0,467.0,0.0,320.0,2691.0,16.26031900446743,8849.263200000001,8865.52351900447,2004.0,47.0,21.0,228.0,144.0,30.0,27.0,0.0,72.0,3.0,135.0,18.0,0.0
223,103,9,1845.0,2122.0,463.0,0.0,310.0,2691.0,14.709970896295353,8938.307599999998,8953.017570896292,2004.0,47.0,21.0,228.0,144.0,30.0,27.0,0.0,72.0,3.0,135.0,18.0,0.0
223,104,9,1794.0,2103.0,485.0,0.0,281.0,2691.0,56.33778247476386,9249.194800000001,9305.532582474763,2004.0,47.0,21.0,228.0,144.0,30.0,27.0,0.0,72.0,3.0,135.0,18.0,0.0
223,105,9,1856.0,2140.0,443.0,0.0,308.0,2691.0,14.155467711035758,10122.604799999996,10136.76026771103,2004.0,47.0,21.0,228.0,144.0,30.0,27.0,0.0,72.0,3.0,135.0,18.0,0.0
223,106,9,1848.0,2095.0,486.0,0.0,276.0,2691.0,17.067501632888874,8570.373199999998,8587.440701632888,2004.0,47.0,21.0,228.0,144.0,30.0,27.0,0.0,72.0,3.0,135.0,18.0,0.0
223,107,9,1824.0,2134.0,464.0,0.0,292.0,2691.0,16.30323395673748,9674.510399999992,9690.81363395673,2004.0,47.0,21.0,228.0,144.0,30.0,27.0,0.0,72.0,3.0,135.0,18.0,0.0
223,108,10,1870.0,2108.0,476.0,0.0,280.0,2691.0,17.77296831225036,9665.291999999992,9683.064968312241,2004.0,47.0,21.0,228.0,144.0,30.0,27.0,0.0,72.0,3.0,135.0,18.0,0.0
223,109,10,1846.0,2128.0,455.0,0.0,258.0,2691.0,15.365895404150084,9198.8276,9214.193495404152,2004.0,47.0,21.0,228.0,144.0,30.0,27.0,0.0,72.0,3.0,135.0,18.0,0.0
223,110,10,1859.0,2125.0,470.0,0.0,280.0,2691.0,16.81855433131311,8394.689199999997,8411.507754331311,2004.0,47.0,21.0,228.0,144.0,30.0,27.0,0.0,72.0,3.0,135.0,18.0,0.0
223,111,10,1877.0,2113.0,468.0,0.0,298.0,2691.0,98.48470260625542,8848.060800000003,8946.545502606257,2004.0,47.0,21.0,228.0,144.0,30.0,27.0,0.0,72.0,3.0,135.0,18.0,0.0
223,112,10,1889.0,2075.0,512.0,0.0,276.0,2691.0,55.777045336179036,9375.780799999997,9431.557845336176,2004.0,47.0,21.0,228.0,144.0,30.0,27.0,0.0,72.0,3.0,135.0,18.0,0.0
223,113,10,1892.0,2086.0,488.0,0.0,294.0,2691.0,14.059414212369536,8893.484799999998,8907.544214212368,2004.0,47.0,21.0,228.0,144.0,30.0,27.0,0.0,72.0,3.0,135.0,18.0,0.0
223,114,10,1853.0,2126.0,471.0,0.0,293.0,2691.0,14.689799023121546,8179.125600000001,8193.815399023122,2004.0,47.0,21.0,228.0,144.0,30.0,27.0,0.0,72.0,3.0,135.0,18.0,0.0
223,115,10,1875.0,2154.0,452.0,0.0,247.0,2691.0,96.59296098830228,8710.118800000002,8806.711760988303,2004.0,47.0,21.0,228.0,144.0,30.0,27.0,0.0,72.0,3.0,135.0,18.0,0.0
223,116,10,1885.0,2104.0,476.0,0.0,292.0,2691.0,16.080221680025925,8669.5712,8685.651421680028,2004.0,47.0,21.0,228.0,144.0,30.0,27.0,0.0,72.0,3.0,135.0,18.0,0.0
223,117,10,1885.0,2117.0,459.0,0.0,323.0,2691.0,57.20331317926665,9647.72359999999,9704.926913179257,2004.0,47.0,21.0,228.0,144.0,30.0,27.0,0.0,72.0,3.0,135.0,18.0,0.0
223,118,10,1872.0,2080.0,495.0,0.0,287.0,2691.0,55.27326027944282,7866.501600000005,7921.774860279447,2004.0,47.0,21.0,228.0,144.0,30.0,27.0,0.0,72.0,3.0,135.0,18.0,0.0
223,119,10,1805.0,2105.0,456.0,0.0,303.0,2691.0,16.298273018324835,9880.25439999999,9896.552673018316,2004.0,47.0,21.0,228.0,144.0,30.0,27.0,0.0,72.0,3.0,135.0,18.0,0.0
224,0,1,1901.0,2097.0,474.0,0.0,323.0,2691.0,55.22321898336163,8493.6868,8548.910018983363,2004.0,47.0,21.0,228.0,144.0,30.0,27.0,0.0,72.0,3.0,135.0,18.0,0.0
224,1,1,1881.0,2135.0,464.0,0.0,260.0,2691.0,57.55441909431406,9700.4288,9757.983219094313,2004.0,47.0,21.0,228.0,144.0,30.0,27.0,0.0,72.0,3.0,135.0,18.0,0.0
224,2,1,1901.0,2065.0,517.0,0.0,344.0,2691.0,97.24328588728257,9961.015599999999,10058.25888588728,2004.0,47.0,21.0,228.0,144.0,30.0,27.0,0.0,72.0,3.0,135.0,18.0,0.0
224,3,1,1800.0,2085.0,495.0,0.0,323.0,2691.0,17.1672134338501,11350.388799999993,11367.556013433845,2004.0,47.0,21.0,228.0,144.0,30.0,27.0,0.0,72.0,3.0,135.0,18.0,0.0
224,4,1,1882.0,2118.0,444.0,0.0,302.0,2691.0,13.959469459593098,9442.580799999996,9456.54026945959,2004.0,47.0,21.0,228.0,144.0,30.0,27.0,0.0,72.0,3.0,135.0,18.0,0.0
224,5,1,1838.0,2096.0,490.0,0.0,317.0,2691.0,15.32212116188408,10154.535199999998,10169.857321161882,2004.0,47.0,21.0,228.0,144.0,30.0,27.0,0.0,72.0,3.0,135.0,18.0,0.0
224,6,1,1865.0,2095.0,489.0,0.0,273.0,2691.0,58.69124031212036,11109.641599999997,11168.332840312116,2004.0,47.0,21.0,228.0,144.0,30.0,27.0,0.0,72.0,3.0,135.0,18.0,0.0
224,7,1,1861.0,2137.0,440.0,0.0,308.0,2691.0,96.3033363209093,9846.720799999996,9943.024136320904,2004.0,47.0,21.0,228.0,144.0,30.0,27.0,0.0,72.0,3.0,135.0,18.0,0.0
224,8,1,1828.0,2121.0,455.0,0.0,308.0,2691.0,57.88918734289424,9500.964000000002,9558.853187342895,2004.0,47.0,21.0,228.0,144.0,30.0,27.0,0.0,72.0,3.0,135.0,18.0,0.0
224,9,1,1867.0,2093.0,500.0,0.0,321.0,2691.0,16.385501988133136,10381.387999999995,10397.77350198813,2004.0,47.0,21.0,228.0,144.0,30.0,27.0,0.0,72.0,3.0,135.0,18.0,0.0
224,10,1,1851.0,2085.0,482.0,0.0,257.0,2691.0,16.366023377890524,8883.9324,8900.29842337789,2004.0,47.0,21.0,228.0,144.0,30.0,27.0,0.0,72.0,3.0,135.0,18.0,0.0
224,11,1,1844.0,2077.0,503.0,0.0,300.0,2691.0,17.309083370506556,9487.40359999999,9504.712683370497,2004.0,47.0,21.0,228.0,144.0,30.0,27.0,0.0,72.0,3.0,135.0,18.0,0.0
224,12,2,1849.0,2082.0,509.0,0.0,272.0,2691.0,15.415415357721292,8971.6408,8987.05621535772,2004.0,47.0,21.0,228.0,144.0,30.0,27.0,0.0,72.0,3.0,135.0,18.0,0.0
224,13,2,1888.0,2097.0,497.0,0.0,311.0,2691.0,16.64469505601233,9717.596399999995,9734.241095056008,2004.0,47.0,21.0,228.0,144.0,30.0,27.0,0.0,72.0,3.0,135.0,18.0,0.0
224,14,2,1837.0,2120.0,474.0,0.0,272.0,2691.0,56.803688802623576,9860.080799999994,9916.884488802618,2004.0,47.0,21.0,228.0,144.0,30.0,27.0,0.0,72.0,3.0,135.0,18.0,0.0
224,15,2,1850.0,2137.0,457.0,0.0,307.0,2691.0,96.84199814283686,10418.461999999996,10515.303998142834,2004.0,47.0,21.0,228.0,144.0,30.0,27.0,0.0,72.0,3.0,135.0,18.0,0.0
224,16,2,1836.0,2096.0,491.0,0.0,331.0,2691.0,15.673876155184267,9865.224400000005,9880.898276155189,2004.0,47.0,21.0,228.0,144.0,30.0,27.0,0.0,72.0,3.0,135.0,18.0,0.0
224,17,2,1835.0,2130.0,464.0,0.0,289.0,2691.0,17.134294061747006,9689.673999999995,9706.808294061744,2004.0,47.0,21.0,228.0,144.0,30.0,27.0,0.0,72.0,3.0,135.0,18.0,0.0
224,18,2,1857.0,2091.0,491.0,0.0,314.0,2691.0,95.84240588558347,8909.583599999996,9005.42600588558,2004.0,47.0,21.0,228.0,144.0,30.0,27.0,0.0,72.0,3.0,135.0,18.0,0.0
224,19,2,1866.0,2060.0,527.0,0.0,266.0,2691.0,56.37670305443016,10579.717199999996,10636.093903054427,2004.0,47.0,21.0,228.0,144.0,30.0,27.0,0.0,72.0,3.0,135.0,18.0,0.0
224,20,2,1841.0,2126.0,464.0,0.0,278.0,2691.0,16.480614407422586,9492.279999999997,9508.76061440742,2004.0,47.0,21.0,228.0,144.0,30.0,27.0,0.0,72.0,3.0,135.0,18.0,0.0
224,21,2,1828.0,2132.0,449.0,0.0,268.0,2691.0,55.450959588553374,10093.880799999999,10149.331759588553,2004.0,47.0,21.0,228.0,144.0,30.0,27.0,0.0,72.0,3.0,135.0,18.0,0.0
224,22,2,1883.0,2122.0,471.0,0.0,280.0,2691.0,56.191258161211096,9539.240399999991,9595.431658161202,2004.0,47.0,21.0,228.0,144.0,30.0,27.0,0.0,72.0,3.0,135.0,18.0,0.0
224,23,2,1923.0,2102.0,472.0,0.0,294.0,2691.0,98.32675743608613,10556.470800000001,10654.797557436086,2004.0,47.0,21.0,228.0,144.0,30.0,27.0,0.0,72.0,3.0,135.0,18.0,0.0
224,24,3,1842.0,2076.0,502.0,0.0,306.0,2691.0,57.09514556805308,9415.927599999997,9473.02274556805,2004.0,47.0,21.0,228.0,144.0,30.0,27.0,0.0,72.0,3.0,135.0,18.0,0.0
224,25,3,1874.0,2064.0,521.0,0.0,294.0,2691.0,15.411398067115442,9575.579599999997,9590.990998067111,2004.0,47.0,21.0,228.0,144.0,30.0,27.0,0.0,72.0,3.0,135.0,18.0,0.0
224,26,3,1859.0,2098.0,486.0,0.0,289.0,2691.0,58.26433325435902,9967.428400000003,10025.692733254362,2004.0,47.0,21.0,228.0,144.0,30.0,27.0,0.0,72.0,3.0,135.0,18.0,0.0
224,27,3,1845.0,2100.0,479.0,0.0,289.0,2691.0,138.8831359162098,9193.2832,9332.16633591621,2004.0,47.0,21.0,228.0,144.0,30.0,27.0,0.0,72.0,3.0,135.0,18.0,0.0
224,28,3,1905.0,2115.0,472.0,0.0,316.0,2691.0,15.085354756102038,9716.727999999996,9731.813354756097,2004.0,47.0,21.0,228.0,144.0,30.0,27.0,0.0,72.0,3.0,135.0,18.0,0.0
224,29,3,1846.0,2087.0,488.0,0.0,347.0,2691.0,57.55722657657526,9515.1924,9572.749626576577,2004.0,47.0,21.0,228.0,144.0,30.0,27.0,0.0,72.0,3.0,135.0,18.0,0.0
224,30,3,1848.0,2097.0,479.0,0.0,262.0,2691.0,97.3725631197239,10228.750000000002,10326.122563119727,2004.0,47.0,21.0,228.0,144.0,30.0,27.0,0.0,72.0,3.0,135.0,18.0,0.0
224,31,3,1860.0,2100.0,480.0,0.0,287.0,2691.0,16.1918653250593,11685.724799999993,11701.916665325054,2004.0,47.0,21.0,228.0,144.0,30.0,27.0,0.0,72.0,3.0,135.0,18.0,0.0
224,32,3,1865.0,2118.0,466.0,0.0,282.0,2691.0,96.59915872922537,10311.047599999998,10407.646758729223,2004.0,47.0,21.0,228.0,144.0,30.0,27.0,0.0,72.0,3.0,135.0,18.0,0.0
224,33,3,1885.0,2103.0,473.0,0.0,310.0,2691.0,55.93496323292254,8776.518,8832.452963232923,2004.0,47.0,21.0,228.0,144.0,30.0,27.0,0.0,72.0,3.0,135.0,18.0,0.0
224,34,3,1839.0,2095.0,485.0,0.0,307.0,2691.0,17.490563940635504,8901.834799999999,8919.325363940632,2004.0,47.0,21.0,228.0,144.0,30.0,27.0,0.0,72.0,3.0,135.0,18.0,0.0
224,35,3,1852.0,2113.0,472.0,0.0,320.0,2691.0,16.45996979706969,9360.082799999993,9376.542769797063,2004.0,47.0,21.0,228.0,144.0,30.0,27.0,0.0,72.0,3.0,135.0,18.0,0.0
224,36,4,1856.0,2100.0,475.0,0.0,319.0,2691.0,15.190427995514105,10176.779599999996,10191.97002799551,2004.0,47.0,21.0,228.0,144.0,30.0,27.0,0.0,72.0,3.0,135.0,18.0,0.0
224,37,4,1830.0,2126.0,454.0,0.0,293.0,2691.0,54.18873202605122,9174.111599999998,9228.300332026049,2004.0,47.0,21.0,228.0,144.0,30.0,27.0,0.0,72.0,3.0,135.0,18.0,0.0
224,38,4,1840.0,2112.0,481.0,0.0,322.0,2691.0,56.468617005456046,10625.809200000002,10682.277817005457,2004.0,47.0,21.0,228.0,144.0,30.0,27.0,0.0,72.0,3.0,135.0,18.0,0.0
224,39,4,1854.0,2081.0,485.0,0.0,310.0,2691.0,97.66134047992175,9556.2076,9653.86894047992,2004.0,47.0,21.0,228.0,144.0,30.0,27.0,0.0,72.0,3.0,135.0,18.0,0.0
224,40,4,1843.0,2104.0,488.0,0.0,299.0,2691.0,15.153291894572458,8726.217600000002,8741.370891894574,2004.0,47.0,21.0,228.0,144.0,30.0,27.0,0.0,72.0,3.0,135.0,18.0,0.0
224,41,4,1852.0,2121.0,469.0,0.0,322.0,2691.0,57.28426160981025,9104.038399999994,9161.322661609804,2004.0,47.0,21.0,228.0,144.0,30.0,27.0,0.0,72.0,3.0,135.0,18.0,0.0
224,42,4,1887.0,2089.0,490.0,0.0,340.0,2691.0,14.17106015797772,9327.951999999994,9342.123060157972,2004.0,47.0,21.0,228.0,144.0,30.0,27.0,0.0,72.0,3.0,135.0,18.0,0.0
224,43,4,1853.0,2069.0,513.0,0.0,311.0,2691.0,56.69551225210199,10500.559199999989,10557.254712252092,2004.0,47.0,21.0,228.0,144.0,30.0,27.0,0.0,72.0,3.0,135.0,18.0,0.0
224,44,4,1865.0,2117.0,472.0,0.0,252.0,2691.0,97.86829634276094,9205.039999999997,9302.908296342759,2004.0,47.0,21.0,228.0,144.0,30.0,27.0,0.0,72.0,3.0,135.0,18.0,0.0
224,45,4,1854.0,2120.0,459.0,0.0,288.0,2691.0,16.455846471407668,9081.326400000002,9097.78224647141,2004.0,47.0,21.0,228.0,144.0,30.0,27.0,0.0,72.0,3.0,135.0,18.0,0.0
224,46,4,1855.0,2126.0,475.0,0.0,257.0,2691.0,96.83901079012664,8380.527599999998,8477.366610790124,2004.0,47.0,21.0,228.0,144.0,30.0,27.0,0.0,72.0,3.0,135.0,18.0,0.0
224,47,4,1911.0,2058.0,529.0,0.0,281.0,2691.0,17.14199202399596,9980.654799999997,9997.796792023993,2004.0,47.0,21.0,228.0,144.0,30.0,27.0,0.0,72.0,3.0,135.0,18.0,0.0
224,48,5,1844.0,2136.0,447.0,0.0,314.0,2691.0,14.286562759113405,10374.908400000004,10389.194962759117,2004.0,47.0,21.0,228.0,144.0,30.0,27.0,0.0,72.0,3.0,135.0,18.0,0.0
224,49,5,1848.0,2140.0,451.0,0.0,265.0,2691.0,16.010115880287916,9089.476000000002,9105.48611588029,2004.0,47.0,21.0,228.0,144.0,30.0,27.0,0.0,72.0,3.0,135.0,18.0,0.0
224,50,5,1847.0,2118.0,474.0,0.0,242.0,2691.0,96.93839319438558,10529.817599999995,10626.75599319438,2004.0,47.0,21.0,228.0,144.0,30.0,27.0,0.0,72.0,3.0,135.0,18.0,0.0
224,51,5,1867.0,2107.0,468.0,0.0,315.0,2691.0,55.69295778061474,10130.286799999998,10185.979757780613,2004.0,47.0,21.0,228.0,144.0,30.0,27.0,0.0,72.0,3.0,135.0,18.0,0.0
224,52,5,1834.0,2087.0,479.0,0.0,346.0,2691.0,179.33906006037654,10642.575999999994,10821.915060060372,2004.0,47.0,21.0,228.0,144.0,30.0,27.0,0.0,72.0,3.0,135.0,18.0,0.0
224,53,5,1826.0,2098.0,477.0,0.0,309.0,2691.0,96.21520326201878,10596.016399999995,10692.231603262015,2004.0,47.0,21.0,228.0,144.0,30.0,27.0,0.0,72.0,3.0,135.0,18.0,0.0
224,54,5,1824.0,2115.0,467.0,0.0,283.0,2691.0,58.74013063260426,10047.788799999998,10106.528930632601,2004.0,47.0,21.0,228.0,144.0,30.0,27.0,0.0,72.0,3.0,135.0,18.0,0.0
224,55,5,1865.0,2100.0,492.0,0.0,313.0,2691.0,16.44385955529187,10243.1788,10259.62265955529,2004.0,47.0,21.0,228.0,144.0,30.0,27.0,0.0,72.0,3.0,135.0,18.0,0.0
224,56,5,1867.0,2068.0,513.0,0.0,318.0,2691.0,97.4746785281041,10207.240399999995,10304.7150785281,2004.0,47.0,21.0,228.0,144.0,30.0,27.0,0.0,72.0,3.0,135.0,18.0,0.0
224,57,5,1885.0,2119.0,462.0,0.0,292.0,2691.0,96.20502888945761,9951.663599999998,10047.868628889455,2004.0,47.0,21.0,228.0,144.0,30.0,27.0,0.0,72.0,3.0,135.0,18.0,0.0
224,58,5,1838.0,2097.0,483.0,0.0,303.0,2691.0,97.62614306124746,10219.999199999997,10317.625343061245,2004.0,47.0,21.0,228.0,144.0,30.0,27.0,0.0,72.0,3.0,135.0,18.0,0.0
224,59,5,1776.0,2116.0,471.0,0.0,263.0,2691.0,96.80367659905544,8932.763200000001,9029.566876599056,2004.0,47.0,21.0,228.0,144.0,30.0,27.0,0.0,72.0,3.0,135.0,18.0,0.0
224,60,6,1854.0,2060.0,503.0,0.0,347.0,2691.0,56.98881921684762,9621.203999999994,9678.192819216843,2004.0,47.0,21.0,228.0,144.0,30.0,27.0,0.0,72.0,3.0,135.0,18.0,0.0
224,61,6,1844.0,2114.0,470.0,0.0,325.0,2691.0,57.15068692325657,9540.643199999999,9597.793886923255,2004.0,47.0,21.0,228.0,144.0,30.0,27.0,0.0,72.0,3.0,135.0,18.0,0.0
224,62,6,1896.0,2080.0,490.0,0.0,301.0,2691.0,56.018051332423695,8876.784799999998,8932.80285133242,2004.0,47.0,21.0,228.0,144.0,30.0,27.0,0.0,72.0,3.0,135.0,18.0,0.0
224,63,6,1872.0,2082.0,493.0,0.0,286.0,2691.0,54.911332596968705,10216.391999999998,10271.303332596966,2004.0,47.0,21.0,228.0,144.0,30.0,27.0,0.0,72.0,3.0,135.0,18.0,0.0
224,64,6,1863.0,2121.0,463.0,0.0,298.0,2691.0,14.879295292625933,9728.752,9743.631295292626,2004.0,47.0,21.0,228.0,144.0,30.0,27.0,0.0,72.0,3.0,135.0,18.0,0.0
224,65,6,1840.0,2091.0,487.0,0.0,299.0,2691.0,16.3015399169196,10030.621199999996,10046.922739916916,2004.0,47.0,21.0,228.0,144.0,30.0,27.0,0.0,72.0,3.0,135.0,18.0,0.0
224,66,6,1844.0,2124.0,466.0,0.0,297.0,2691.0,17.024245636924203,9789.606800000003,9806.631045636927,2004.0,47.0,21.0,228.0,144.0,30.0,27.0,0.0,72.0,3.0,135.0,18.0,0.0
224,67,6,1856.0,2098.0,471.0,0.0,302.0,2691.0,138.27715342244696,10567.225599999998,10705.502753422446,2004.0,47.0,21.0,228.0,144.0,30.0,27.0,0.0,72.0,3.0,135.0,18.0,0.0
224,68,6,1885.0,2108.0,486.0,0.0,287.0,2691.0,136.10035561987644,9484.865199999997,9620.965555619874,2004.0,47.0,21.0,228.0,144.0,30.0,27.0,0.0,72.0,3.0,135.0,18.0,0.0
224,69,6,1880.0,2065.0,495.0,0.0,330.0,2691.0,57.12364991996593,9769.834,9826.957649919967,2004.0,47.0,21.0,228.0,144.0,30.0,27.0,0.0,72.0,3.0,135.0,18.0,0.0
224,70,6,1837.0,2101.0,473.0,0.0,277.0,2691.0,97.76157970334145,10312.851199999992,10410.612779703333,2004.0,47.0,21.0,228.0,144.0,30.0,27.0,0.0,72.0,3.0,135.0,18.0,0.0
224,71,6,1844.0,2126.0,457.0,0.0,321.0,2691.0,55.186012166731416,9378.72,9433.906012166732,2004.0,47.0,21.0,228.0,144.0,30.0,27.0,0.0,72.0,3.0,135.0,18.0,0.0
224,72,7,1859.0,2092.0,491.0,0.0,265.0,2691.0,14.643338520643082,10174.975999999993,10189.619338520635,2004.0,47.0,21.0,228.0,144.0,30.0,27.0,0.0,72.0,3.0,135.0,18.0,0.0
224,73,7,1852.0,2086.0,487.0,0.0,298.0,2691.0,16.994147254240723,10693.878399999994,10710.872547254236,2004.0,47.0,21.0,228.0,144.0,30.0,27.0,0.0,72.0,3.0,135.0,18.0,0.0
224,74,7,1865.0,2100.0,485.0,0.0,296.0,2691.0,56.7553595715796,8694.821600000003,8751.576959571583,2004.0,47.0,21.0,228.0,144.0,30.0,27.0,0.0,72.0,3.0,135.0,18.0,0.0
224,75,7,1840.0,2054.0,505.0,0.0,331.0,2691.0,58.08896570963743,10507.172399999998,10565.261365709635,2004.0,47.0,21.0,228.0,144.0,30.0,27.0,0.0,72.0,3.0,135.0,18.0,0.0
224,76,7,1829.0,2131.0,464.0,0.0,318.0,2691.0,58.91391789098832,10198.489599999992,10257.40351789098,2004.0,47.0,21.0,228.0,144.0,30.0,27.0,0.0,72.0,3.0,135.0,18.0,0.0
224,77,7,1841.0,2127.0,460.0,0.0,335.0,2691.0,57.511638564798524,8955.3416,9012.8532385648,2004.0,47.0,21.0,228.0,144.0,30.0,27.0,0.0,72.0,3.0,135.0,18.0,0.0
224,78,7,1812.0,2130.0,445.0,0.0,281.0,2691.0,55.74200416241557,9792.145200000004,9847.88720416242,2004.0,47.0,21.0,228.0,144.0,30.0,27.0,0.0,72.0,3.0,135.0,18.0,0.0
224,79,7,1855.0,2074.0,512.0,0.0,321.0,2691.0,53.86385186149529,9105.2408,9159.104651861495,2004.0,47.0,21.0,228.0,144.0,30.0,27.0,0.0,72.0,3.0,135.0,18.0,0.0
224,80,7,1854.0,2094.0,496.0,0.0,305.0,2691.0,15.869530009678908,9890.408000000001,9906.27753000968,2004.0,47.0,21.0,228.0,144.0,30.0,27.0,0.0,72.0,3.0,135.0,18.0,0.0
224,81,7,1870.0,2083.0,493.0,0.0,296.0,2691.0,15.58316588089081,9761.751199999999,9777.33436588089,2004.0,47.0,21.0,228.0,144.0,30.0,27.0,0.0,72.0,3.0,135.0,18.0,0.0
224,82,7,1887.0,2105.0,476.0,0.0,260.0,2691.0,138.63454573586702,8014.463600000002,8153.0981457358685,2004.0,47.0,21.0,228.0,144.0,30.0,27.0,0.0,72.0,3.0,135.0,18.0,0.0
224,83,7,1865.0,2085.0,479.0,0.0,328.0,2691.0,97.99973618376134,9982.792400000004,10080.792136183765,2004.0,47.0,21.0,228.0,144.0,30.0,27.0,0.0,72.0,3.0,135.0,18.0,0.0
224,84,8,1843.0,2070.0,480.0,0.0,304.0,2691.0,98.53007425431022,8972.442400000002,9070.972474254311,2004.0,47.0,21.0,228.0,144.0,30.0,27.0,0.0,72.0,3.0,135.0,18.0,0.0
224,85,8,1840.0,2116.0,458.0,0.0,296.0,2691.0,58.13679611407318,9321.205199999997,9379.341996114072,2004.0,47.0,21.0,228.0,144.0,30.0,27.0,0.0,72.0,3.0,135.0,18.0,0.0
224,86,8,1894.0,2116.0,471.0,0.0,291.0,2691.0,57.56700234476706,11734.021199999992,11791.588202344758,2004.0,47.0,21.0,228.0,144.0,30.0,27.0,0.0,72.0,3.0,135.0,18.0,0.0
224,87,8,1862.0,2133.0,462.0,0.0,289.0,2691.0,56.55308454218643,10061.549599999998,10118.102684542184,2004.0,47.0,21.0,228.0,144.0,30.0,27.0,0.0,72.0,3.0,135.0,18.0,0.0
224,88,8,1843.0,2107.0,459.0,0.0,332.0,2691.0,56.23496030881486,10206.572399999997,10262.807360308812,2004.0,47.0,21.0,228.0,144.0,30.0,27.0,0.0,72.0,3.0,135.0,18.0,0.0
224,89,8,1834.0,2067.0,532.0,0.0,287.0,2691.0,58.50902514935257,8962.622800000001,9021.131825149354,2004.0,47.0,21.0,228.0,144.0,30.0,27.0,0.0,72.0,3.0,135.0,18.0,0.0
224,90,8,1832.0,2111.0,469.0,0.0,310.0,2691.0,55.6969044187284,10455.001599999996,10510.698504418724,2004.0,47.0,21.0,228.0,144.0,30.0,27.0,0.0,72.0,3.0,135.0,18.0,0.0
224,91,8,1847.0,2108.0,482.0,0.0,305.0,2691.0,15.889526043076991,9683.461599999999,9699.351126043075,2004.0,47.0,21.0,228.0,144.0,30.0,27.0,0.0,72.0,3.0,135.0,18.0,0.0
224,92,8,1796.0,2122.0,471.0,0.0,308.0,2691.0,16.45291129876143,9506.909199999998,9523.36211129876,2004.0,47.0,21.0,228.0,144.0,30.0,27.0,0.0,72.0,3.0,135.0,18.0,0.0
224,93,8,1842.0,2133.0,454.0,0.0,326.0,2691.0,57.27755066018753,10449.189999999999,10506.467550660187,2004.0,47.0,21.0,228.0,144.0,30.0,27.0,0.0,72.0,3.0,135.0,18.0,0.0
224,94,8,1858.0,2100.0,493.0,0.0,330.0,2691.0,137.1632416719064,10279.117199999993,10416.2804416719,2004.0,47.0,21.0,228.0,144.0,30.0,27.0,0.0,72.0,3.0,135.0,18.0,0.0
224,95,8,1793.0,2140.0,452.0,0.0,308.0,2691.0,96.14176933101687,9998.022800000002,10094.164569331018,2004.0,47.0,21.0,228.0,144.0,30.0,27.0,0.0,72.0,3.0,135.0,18.0,0.0
224,96,9,1848.0,2119.0,466.0,0.0,287.0,2691.0,15.643580768587789,9105.508000000002,9121.15158076859,2004.0,47.0,21.0,228.0,144.0,30.0,27.0,0.0,72.0,3.0,135.0,18.0,0.0
224,97,9,1828.0,2078.0,511.0,0.0,273.0,2691.0,16.80773337528133,9140.577999999994,9157.385733375277,2004.0,47.0,21.0,228.0,144.0,30.0,27.0,0.0,72.0,3.0,135.0,18.0,0.0
224,98,9,1820.0,2066.0,504.0,0.0,255.0,2691.0,56.907285656558805,10403.164799999995,10460.072085656553,2004.0,47.0,21.0,228.0,144.0,30.0,27.0,0.0,72.0,3.0,135.0,18.0,0.0
224,99,9,1843.0,2101.0,482.0,0.0,320.0,2691.0,15.486501779486847,8922.275599999995,8937.76210177948,2004.0,47.0,21.0,228.0,144.0,30.0,27.0,0.0,72.0,3.0,135.0,18.0,0.0
224,100,9,1855.0,2084.0,499.0,0.0,290.0,2691.0,55.07729241831065,9528.485599999996,9583.562892418307,2004.0,47.0,21.0,228.0,144.0,30.0,27.0,0.0,72.0,3.0,135.0,18.0,0.0
224,101,9,1867.0,2104.0,474.0,0.0,318.0,2691.0,16.456176894640514,9833.561199999998,9850.017376894639,2004.0,47.0,21.0,228.0,144.0,30.0,27.0,0.0,72.0,3.0,135.0,18.0,0.0
224,102,9,1845.0,2116.0,468.0,0.0,313.0,2691.0,16.31703861508747,10113.052399999999,10129.369438615086,2004.0,47.0,21.0,228.0,144.0,30.0,27.0,0.0,72.0,3.0,135.0,18.0,0.0
224,103,9,1794.0,2116.0,472.0,0.0,284.0,2691.0,56.90925919511673,10370.299199999996,10427.208459195113,2004.0,47.0,21.0,228.0,144.0,30.0,27.0,0.0,72.0,3.0,135.0,18.0,0.0
224,104,9,1856.0,2085.0,497.0,0.0,323.0,2691.0,15.017410777253291,9719.600399999992,9734.617810777245,2004.0,47.0,21.0,228.0,144.0,30.0,27.0,0.0,72.0,3.0,135.0,18.0,0.0
224,105,9,1848.0,2112.0,469.0,0.0,275.0,2691.0,15.74438120305582,9348.259199999995,9364.003581203051,2004.0,47.0,21.0,228.0,144.0,30.0,27.0,0.0,72.0,3.0,135.0,18.0,0.0
224,106,9,1824.0,2124.0,473.0,0.0,292.0,2691.0,16.81271813789046,10893.877599999989,10910.690318137878,2004.0,47.0,21.0,228.0,144.0,30.0,27.0,0.0,72.0,3.0,135.0,18.0,0.0
224,107,9,1870.0,2115.0,469.0,0.0,281.0,2691.0,56.86913482469803,10436.564799999991,10493.433934824689,2004.0,47.0,21.0,228.0,144.0,30.0,27.0,0.0,72.0,3.0,135.0,18.0,0.0
224,108,10,1846.0,2114.0,469.0,0.0,265.0,2691.0,15.936282673475153,9998.958,10014.894282673475,2004.0,47.0,21.0,228.0,144.0,30.0,27.0,0.0,72.0,3.0,135.0,18.0,0.0
224,109,10,1859.0,2109.0,486.0,0.0,294.0,2691.0,15.63937752345504,9218.132799999994,9233.77217752345,2004.0,47.0,21.0,228.0,144.0,30.0,27.0,0.0,72.0,3.0,135.0,18.0,0.0
224,110,10,1877.0,2103.0,477.0,0.0,301.0,2691.0,98.49959505410148,9690.342000000002,9788.841595054102,2004.0,47.0,21.0,228.0,144.0,30.0,27.0,0.0,72.0,3.0,135.0,18.0,0.0
224,111,10,1889.0,2070.0,517.0,0.0,278.0,2691.0,56.674460138302734,10571.701199999996,10628.375660138297,2004.0,47.0,21.0,228.0,144.0,30.0,27.0,0.0,72.0,3.0,135.0,18.0,0.0
224,112,10,1892.0,2074.0,499.0,0.0,299.0,2691.0,14.208480065143611,9499.4944,9513.702880065144,2004.0,47.0,21.0,228.0,144.0,30.0,27.0,0.0,72.0,3.0,135.0,18.0,0.0
224,113,10,1853.0,2114.0,482.0,0.0,297.0,2691.0,15.07904806006859,8894.6204,8909.69944806007,2004.0,47.0,21.0,228.0,144.0,30.0,27.0,0.0,72.0,3.0,135.0,18.0,0.0
224,114,10,1875.0,2153.0,453.0,0.0,262.0,2691.0,96.78054576864535,10223.1388,10319.919345768645,2004.0,47.0,21.0,228.0,144.0,30.0,27.0,0.0,72.0,3.0,135.0,18.0,0.0
224,115,10,1885.0,2109.0,470.0,0.0,294.0,2691.0,17.90453910203476,9268.9008,9286.805339102033,2004.0,47.0,21.0,228.0,144.0,30.0,27.0,0.0,72.0,3.0,135.0,18.0,0.0
224,116,10,1885.0,2100.0,476.0,0.0,315.0,2691.0,56.98265149957544,10389.13679999999,10446.119451499564,2004.0,47.0,21.0,228.0,144.0,30.0,27.0,0.0,72.0,3.0,135.0,18.0,0.0
224,117,10,1872.0,2070.0,505.0,0.0,293.0,2691.0,15.379296092805111,8850.265200000002,8865.644496092806,2004.0,47.0,21.0,228.0,144.0,30.0,27.0,0.0,72.0,3.0,135.0,18.0,0.0
224,118,10,1805.0,2091.0,469.0,0.0,303.0,2691.0,16.71389040368526,10453.79919999999,10470.513090403674,2004.0,47.0,21.0,228.0,144.0,30.0,27.0,0.0,72.0,3.0,135.0,18.0,0.0
224,119,10,1841.0,2086.0,491.0,0.0,316.0,2691.0,57.4395388840315,9476.581999999999,9534.02153888403,2004.0,47.0,21.0,228.0,144.0,30.0,27.0,0.0,72.0,3.0,135.0,18.0,0.0
225,0,1,1881.0,2143.0,456.0,0.0,273.0,2691.0,58.42729862350725,9206.242400000001,9264.669698623507,2004.0,47.0,21.0,228.0,144.0,30.0,27.0,0.0,72.0,3.0,135.0,18.0,0.0
225,1,1,1901.0,2069.0,513.0,0.0,356.0,2691.0,99.34136081156942,9894.2156,9993.55696081157,2004.0,47.0,21.0,228.0,144.0,30.0,27.0,0.0,72.0,3.0,135.0,18.0,0.0
225,2,1,1800.0,2094.0,487.0,0.0,334.0,2691.0,18.68249499929092,11138.098399999993,11156.780894999285,2004.0,47.0,21.0,228.0,144.0,30.0,27.0,0.0,72.0,3.0,135.0,18.0,0.0
225,3,1,1882.0,2130.0,432.0,0.0,315.0,2691.0,15.969488819693272,9390.142799999998,9406.11228881969,2004.0,47.0,21.0,228.0,144.0,30.0,27.0,0.0,72.0,3.0,135.0,18.0,0.0
225,4,1,1838.0,2106.0,481.0,0.0,329.0,2691.0,16.45068669641015,9972.905999999999,9989.35668669641,2004.0,47.0,21.0,228.0,144.0,30.0,27.0,0.0,72.0,3.0,135.0,18.0,0.0
225,5,1,1865.0,2104.0,480.0,0.0,280.0,2691.0,60.14465714316852,11092.273599999995,11152.418257143163,2004.0,47.0,21.0,228.0,144.0,30.0,27.0,0.0,72.0,3.0,135.0,18.0,0.0
225,6,1,1861.0,2144.0,433.0,0.0,324.0,2691.0,99.07840288798047,9658.478399999998,9757.556802887979,2004.0,47.0,21.0,228.0,144.0,30.0,27.0,0.0,72.0,3.0,135.0,18.0,0.0
225,7,1,1828.0,2129.0,447.0,0.0,321.0,2691.0,18.160970277629637,9106.5768,9124.737770277632,2004.0,47.0,21.0,228.0,144.0,30.0,27.0,0.0,72.0,3.0,135.0,18.0,0.0
225,8,1,1867.0,2100.0,493.0,0.0,334.0,2691.0,17.629929324726188,9830.622,9848.251929324724,2004.0,47.0,21.0,228.0,144.0,30.0,27.0,0.0,72.0,3.0,135.0,18.0,0.0
225,9,1,1851.0,2102.0,465.0,0.0,266.0,2691.0,17.164738530944962,9052.5356,9069.700338530944,2004.0,47.0,21.0,228.0,144.0,30.0,27.0,0.0,72.0,3.0,135.0,18.0,0.0
225,10,1,1844.0,2080.0,501.0,0.0,307.0,2691.0,59.704686043741006,9422.340399999994,9482.045086043734,2004.0,47.0,21.0,228.0,144.0,30.0,27.0,0.0,72.0,3.0,135.0,18.0,0.0
225,11,1,1849.0,2096.0,496.0,0.0,286.0,2691.0,16.264826245598154,8630.760400000001,8647.025226245598,2004.0,47.0,21.0,228.0,144.0,30.0,27.0,0.0,72.0,3.0,135.0,18.0,0.0
225,12,2,1888.0,2103.0,491.0,0.0,318.0,2691.0,19.209144594758662,9959.278799999996,9978.487944594755,2004.0,47.0,21.0,228.0,144.0,30.0,27.0,0.0,72.0,3.0,135.0,18.0,0.0
225,13,2,1837.0,2123.0,472.0,0.0,277.0,2691.0,16.789795670477154,10037.100799999995,10053.890595670473,2004.0,47.0,21.0,228.0,144.0,30.0,27.0,0.0,72.0,3.0,135.0,18.0,0.0
225,14,2,1850.0,2141.0,453.0,0.0,314.0,2691.0,57.825839279828365,10280.853999999998,10338.679839279826,2004.0,47.0,21.0,228.0,144.0,30.0,27.0,0.0,72.0,3.0,135.0,18.0,0.0
225,15,2,1836.0,2103.0,484.0,0.0,334.0,2691.0,17.394900598397186,10027.815600000004,10045.210500598401,2004.0,47.0,21.0,228.0,144.0,30.0,27.0,0.0,72.0,3.0,135.0,18.0,0.0
225,16,2,1835.0,2136.0,458.0,0.0,293.0,2691.0,18.0108772844217,9440.509999999998,9458.52087728442,2004.0,47.0,21.0,228.0,144.0,30.0,27.0,0.0,72.0,3.0,135.0,18.0,0.0
225,17,2,1857.0,2097.0,486.0,0.0,328.0,2691.0,57.13515478033032,8628.689599999998,8685.824754780328,2004.0,47.0,21.0,228.0,144.0,30.0,27.0,0.0,72.0,3.0,135.0,18.0,0.0
225,18,2,1866.0,2072.0,515.0,0.0,281.0,2691.0,98.1003284855255,10973.636799999998,11071.737128485523,2004.0,47.0,21.0,228.0,144.0,30.0,27.0,0.0,72.0,3.0,135.0,18.0,0.0
225,19,2,1841.0,2128.0,462.0,0.0,289.0,2691.0,18.904858986462276,9095.554799999998,9114.459658986461,2004.0,47.0,21.0,228.0,144.0,30.0,27.0,0.0,72.0,3.0,135.0,18.0,0.0
225,20,2,1828.0,2144.0,438.0,0.0,279.0,2691.0,56.682962243583795,9456.942800000003,9513.625762243586,2004.0,47.0,21.0,228.0,144.0,30.0,27.0,0.0,72.0,3.0,135.0,18.0,0.0
225,21,2,1883.0,2128.0,465.0,0.0,288.0,2691.0,16.549467353852485,9483.863199999993,9500.412667353845,2004.0,47.0,21.0,228.0,144.0,30.0,27.0,0.0,72.0,3.0,135.0,18.0,0.0
225,22,2,1923.0,2113.0,461.0,0.0,307.0,2691.0,19.50669910214654,10732.689200000003,10752.19589910215,2004.0,47.0,21.0,228.0,144.0,30.0,27.0,0.0,72.0,3.0,135.0,18.0,0.0
225,23,2,1842.0,2083.0,495.0,0.0,321.0,2691.0,18.3687699713926,9636.4344,9654.803169971392,2004.0,47.0,21.0,228.0,144.0,30.0,27.0,0.0,72.0,3.0,135.0,18.0,0.0
225,24,3,1874.0,2078.0,509.0,0.0,301.0,2691.0,17.198812044109182,9561.818799999997,9579.017612044106,2004.0,47.0,21.0,228.0,144.0,30.0,27.0,0.0,72.0,3.0,135.0,18.0,0.0
225,25,3,1859.0,2114.0,470.0,0.0,307.0,2691.0,101.00460922096879,9838.972000000003,9939.976609220972,2004.0,47.0,21.0,228.0,144.0,30.0,27.0,0.0,72.0,3.0,135.0,18.0,0.0
225,26,3,1845.0,2119.0,460.0,0.0,286.0,2691.0,60.36605279343734,9455.6736,9516.039652793435,2004.0,47.0,21.0,228.0,144.0,30.0,27.0,0.0,72.0,3.0,135.0,18.0,0.0
225,27,3,1905.0,2126.0,461.0,0.0,327.0,2691.0,17.08606861320619,10077.381199999994,10094.4672686132,2004.0,47.0,21.0,228.0,144.0,30.0,27.0,0.0,72.0,3.0,135.0,18.0,0.0
225,28,3,1846.0,2093.0,482.0,0.0,354.0,2691.0,18.51508268839113,9452.2,9470.715082688394,2004.0,47.0,21.0,228.0,144.0,30.0,27.0,0.0,72.0,3.0,135.0,18.0,0.0
225,29,3,1848.0,2101.0,475.0,0.0,269.0,2691.0,98.21136791668562,9821.604000000003,9919.81536791669,2004.0,47.0,21.0,228.0,144.0,30.0,27.0,0.0,72.0,3.0,135.0,18.0,0.0
225,30,3,1860.0,2111.0,469.0,0.0,292.0,2691.0,59.18401614351516,11299.219999999998,11358.404016143513,2004.0,47.0,21.0,228.0,144.0,30.0,27.0,0.0,72.0,3.0,135.0,18.0,0.0
225,31,3,1865.0,2126.0,459.0,0.0,295.0,2691.0,99.05383214741997,10352.1296,10451.18343214742,2004.0,47.0,21.0,228.0,144.0,30.0,27.0,0.0,72.0,3.0,135.0,18.0,0.0
225,32,3,1885.0,2113.0,463.0,0.0,319.0,2691.0,58.027477842325,8874.981200000002,8933.008677842327,2004.0,47.0,21.0,228.0,144.0,30.0,27.0,0.0,72.0,3.0,135.0,18.0,0.0
225,33,3,1839.0,2107.0,473.0,0.0,320.0,2691.0,19.726897350197234,8533.9672,8553.694097350197,2004.0,47.0,21.0,228.0,144.0,30.0,27.0,0.0,72.0,3.0,135.0,18.0,0.0
225,34,3,1852.0,2128.0,457.0,0.0,326.0,2691.0,17.328513303348572,8714.460799999997,8731.789313303345,2004.0,47.0,21.0,228.0,144.0,30.0,27.0,0.0,72.0,3.0,135.0,18.0,0.0
225,35,3,1856.0,2114.0,461.0,0.0,326.0,2691.0,18.231592761246564,9940.173999999999,9958.405592761246,2004.0,47.0,21.0,228.0,144.0,30.0,27.0,0.0,72.0,3.0,135.0,18.0,0.0
225,36,4,1830.0,2132.0,448.0,0.0,311.0,2691.0,57.44263474870343,8987.806399999998,9045.249034748702,2004.0,47.0,21.0,228.0,144.0,30.0,27.0,0.0,72.0,3.0,135.0,18.0,0.0
225,37,4,1840.0,2130.0,463.0,0.0,326.0,2691.0,58.16245845465582,10459.1432,10517.305658454658,2004.0,47.0,21.0,228.0,144.0,30.0,27.0,0.0,72.0,3.0,135.0,18.0,0.0
225,38,4,1854.0,2087.0,479.0,0.0,323.0,2691.0,99.60056271948005,9410.182800000002,9509.783362719481,2004.0,47.0,21.0,228.0,144.0,30.0,27.0,0.0,72.0,3.0,135.0,18.0,0.0
225,39,4,1843.0,2110.0,482.0,0.0,308.0,2691.0,57.6214453301625,9035.301200000002,9092.922645330165,2004.0,47.0,21.0,228.0,144.0,30.0,27.0,0.0,72.0,3.0,135.0,18.0,0.0
225,40,4,1852.0,2127.0,463.0,0.0,331.0,2691.0,58.79186738285307,8725.883599999996,8784.67546738285,2004.0,47.0,21.0,228.0,144.0,30.0,27.0,0.0,72.0,3.0,135.0,18.0,0.0
225,41,4,1887.0,2102.0,478.0,0.0,354.0,2691.0,56.476672873785375,9559.948399999994,9616.425072873779,2004.0,47.0,21.0,228.0,144.0,30.0,27.0,0.0,72.0,3.0,135.0,18.0,0.0
225,42,4,1853.0,2077.0,506.0,0.0,317.0,2691.0,58.31240392313059,10218.329199999991,10276.641603923123,2004.0,47.0,21.0,228.0,144.0,30.0,27.0,0.0,72.0,3.0,135.0,18.0,0.0
225,43,4,1865.0,2105.0,484.0,0.0,269.0,2691.0,17.024531807759217,9051.667199999998,9068.691731807758,2004.0,47.0,21.0,228.0,144.0,30.0,27.0,0.0,72.0,3.0,135.0,18.0,0.0
225,44,4,1854.0,2132.0,447.0,0.0,299.0,2691.0,18.28858393477645,8670.239200000004,8688.52778393478,2004.0,47.0,21.0,228.0,144.0,30.0,27.0,0.0,72.0,3.0,135.0,18.0,0.0
225,45,4,1855.0,2134.0,467.0,0.0,275.0,2691.0,98.84137380707824,8756.344400000002,8855.18577380708,2004.0,47.0,21.0,228.0,144.0,30.0,27.0,0.0,72.0,3.0,135.0,18.0,0.0
225,46,4,1911.0,2073.0,516.0,0.0,284.0,2691.0,18.685007849661936,9792.479199999996,9811.164207849657,2004.0,47.0,21.0,228.0,144.0,30.0,27.0,0.0,72.0,3.0,135.0,18.0,0.0
225,47,4,1844.0,2145.0,438.0,0.0,321.0,2691.0,56.29580182264803,9777.783200000003,9834.07900182265,2004.0,47.0,21.0,228.0,144.0,30.0,27.0,0.0,72.0,3.0,135.0,18.0,0.0
225,48,5,1848.0,2152.0,439.0,0.0,278.0,2691.0,58.05407153379766,9093.617600000005,9151.671671533803,2004.0,47.0,21.0,228.0,144.0,30.0,27.0,0.0,72.0,3.0,135.0,18.0,0.0
225,49,5,1847.0,2129.0,463.0,0.0,250.0,2691.0,98.55797711471217,10424.139999999996,10522.697977114707,2004.0,47.0,21.0,228.0,144.0,30.0,27.0,0.0,72.0,3.0,135.0,18.0,0.0
225,50,5,1867.0,2117.0,459.0,0.0,328.0,2691.0,58.191607238311526,9921.47,9979.661607238311,2004.0,47.0,21.0,228.0,144.0,30.0,27.0,0.0,72.0,3.0,135.0,18.0,0.0
225,51,5,1834.0,2097.0,470.0,0.0,356.0,2691.0,100.47891340047707,10705.635199999995,10806.114113400472,2004.0,47.0,21.0,228.0,144.0,30.0,27.0,0.0,72.0,3.0,135.0,18.0,0.0
225,52,5,1826.0,2103.0,473.0,0.0,315.0,2691.0,57.32784404006142,10564.753999999997,10622.081844040058,2004.0,47.0,21.0,228.0,144.0,30.0,27.0,0.0,72.0,3.0,135.0,18.0,0.0
225,53,5,1824.0,2122.0,461.0,0.0,281.0,2691.0,58.70697786919685,9567.563600000001,9626.270577869196,2004.0,47.0,21.0,228.0,144.0,30.0,27.0,0.0,72.0,3.0,135.0,18.0,0.0
225,54,5,1865.0,2109.0,483.0,0.0,326.0,2691.0,17.693015566609855,10515.5224,10533.21541556661,2004.0,47.0,21.0,228.0,144.0,30.0,27.0,0.0,72.0,3.0,135.0,18.0,0.0
225,55,5,1867.0,2078.0,503.0,0.0,324.0,2691.0,140.56325921976523,10168.095599999993,10308.658859219759,2004.0,47.0,21.0,228.0,144.0,30.0,27.0,0.0,72.0,3.0,135.0,18.0,0.0
225,56,5,1885.0,2127.0,454.0,0.0,308.0,2691.0,97.76132175723318,9977.3148,10075.076121757233,2004.0,47.0,21.0,228.0,144.0,30.0,27.0,0.0,72.0,3.0,135.0,18.0,0.0
225,57,5,1838.0,2119.0,461.0,0.0,321.0,2691.0,58.07158050812906,10227.414,10285.48558050813,2004.0,47.0,21.0,228.0,144.0,30.0,27.0,0.0,72.0,3.0,135.0,18.0,0.0
225,58,5,1776.0,2120.0,467.0,0.0,281.0,2691.0,98.93539499756648,8623.813200000002,8722.748594997569,2004.0,47.0,21.0,228.0,144.0,30.0,27.0,0.0,72.0,3.0,135.0,18.0,0.0
225,59,5,1854.0,2065.0,498.0,0.0,352.0,2691.0,17.67346634184355,9512.921199999997,9530.59466634184,2004.0,47.0,21.0,228.0,144.0,30.0,27.0,0.0,72.0,3.0,135.0,18.0,0.0
225,60,6,1844.0,2126.0,458.0,0.0,346.0,2691.0,19.78760336116143,9828.2172,9848.00480336116,2004.0,47.0,21.0,228.0,144.0,30.0,27.0,0.0,72.0,3.0,135.0,18.0,0.0
225,61,6,1896.0,2093.0,477.0,0.0,309.0,2691.0,57.44059773476368,8771.708399999998,8829.148997734761,2004.0,47.0,21.0,228.0,144.0,30.0,27.0,0.0,72.0,3.0,135.0,18.0,0.0
225,62,6,1872.0,2096.0,481.0,0.0,291.0,2691.0,57.16056670547299,10144.7824,10201.942966705474,2004.0,47.0,21.0,228.0,144.0,30.0,27.0,0.0,72.0,3.0,135.0,18.0,0.0
225,63,6,1863.0,2129.0,455.0,0.0,304.0,2691.0,16.457171808981705,9236.703200000004,9253.160371808986,2004.0,47.0,21.0,228.0,144.0,30.0,27.0,0.0,72.0,3.0,135.0,18.0,0.0
225,64,6,1840.0,2096.0,482.0,0.0,310.0,2691.0,18.222314833465706,10281.521999999997,10299.744314833462,2004.0,47.0,21.0,228.0,144.0,30.0,27.0,0.0,72.0,3.0,135.0,18.0,0.0
225,65,6,1844.0,2153.0,438.0,0.0,302.0,2691.0,17.25212816376129,9205.240400000008,9222.49252816377,2004.0,47.0,21.0,228.0,144.0,30.0,27.0,0.0,72.0,3.0,135.0,18.0,0.0
225,66,6,1856.0,2107.0,463.0,0.0,309.0,2691.0,139.94101131984553,10164.221200000002,10304.162211319846,2004.0,47.0,21.0,228.0,144.0,30.0,27.0,0.0,72.0,3.0,135.0,18.0,0.0
225,67,6,1885.0,2118.0,476.0,0.0,299.0,2691.0,97.81777673389367,9422.474,9520.291776733893,2004.0,47.0,21.0,228.0,144.0,30.0,27.0,0.0,72.0,3.0,135.0,18.0,0.0
225,68,6,1880.0,2076.0,484.0,0.0,347.0,2691.0,58.89813723983575,9471.972800000001,9530.870937239837,2004.0,47.0,21.0,228.0,144.0,30.0,27.0,0.0,72.0,3.0,135.0,18.0,0.0
225,69,6,1837.0,2105.0,469.0,0.0,289.0,2691.0,100.67374833405762,9999.692799999993,10100.366548334052,2004.0,47.0,21.0,228.0,144.0,30.0,27.0,0.0,72.0,3.0,135.0,18.0,0.0
225,70,6,1844.0,2133.0,451.0,0.0,330.0,2691.0,57.31283605683447,8876.9184,8934.231236056836,2004.0,47.0,21.0,228.0,144.0,30.0,27.0,0.0,72.0,3.0,135.0,18.0,0.0
225,71,6,1859.0,2105.0,479.0,0.0,272.0,2691.0,16.38995580394527,10255.336399999997,10271.726355803941,2004.0,47.0,21.0,228.0,144.0,30.0,27.0,0.0,72.0,3.0,135.0,18.0,0.0
225,72,7,1852.0,2093.0,480.0,0.0,303.0,2691.0,18.22960450193467,10538.9692,10557.198804501935,2004.0,47.0,21.0,228.0,144.0,30.0,27.0,0.0,72.0,3.0,135.0,18.0,0.0
225,73,7,1865.0,2110.0,477.0,0.0,312.0,2691.0,98.49555763669159,8750.065200000005,8848.560757636697,2004.0,47.0,21.0,228.0,144.0,30.0,27.0,0.0,72.0,3.0,135.0,18.0,0.0
225,74,7,1840.0,2065.0,494.0,0.0,341.0,2691.0,59.87159026811327,10579.383199999998,10639.254790268113,2004.0,47.0,21.0,228.0,144.0,30.0,27.0,0.0,72.0,3.0,135.0,18.0,0.0
225,75,7,1829.0,2143.0,452.0,0.0,334.0,2691.0,60.771932943673626,10222.003199999992,10282.775132943665,2004.0,47.0,21.0,228.0,144.0,30.0,27.0,0.0,72.0,3.0,135.0,18.0,0.0
225,76,7,1841.0,2143.0,445.0,0.0,348.0,2691.0,58.68048798232914,9012.3888,9071.06928798233,2004.0,47.0,21.0,228.0,144.0,30.0,27.0,0.0,72.0,3.0,135.0,18.0,0.0
225,77,7,1812.0,2132.0,444.0,0.0,286.0,2691.0,58.07516968852842,9934.095200000003,9992.170369688532,2004.0,47.0,21.0,228.0,144.0,30.0,27.0,0.0,72.0,3.0,135.0,18.0,0.0
225,78,7,1855.0,2085.0,500.0,0.0,333.0,2691.0,55.64499719572578,9006.109600000002,9061.754597195726,2004.0,47.0,21.0,228.0,144.0,30.0,27.0,0.0,72.0,3.0,135.0,18.0,0.0
225,79,7,1854.0,2096.0,494.0,0.0,318.0,2691.0,18.103854907426832,9762.218800000002,9780.322654907428,2004.0,47.0,21.0,228.0,144.0,30.0,27.0,0.0,72.0,3.0,135.0,18.0,0.0
225,80,7,1870.0,2094.0,482.0,0.0,306.0,2691.0,57.59668373599762,9561.0172,9618.613883735998,2004.0,47.0,21.0,228.0,144.0,30.0,27.0,0.0,72.0,3.0,135.0,18.0,0.0
225,81,7,1887.0,2107.0,474.0,0.0,269.0,2691.0,99.7251293179639,8179.726800000002,8279.451929317966,2004.0,47.0,21.0,228.0,144.0,30.0,27.0,0.0,72.0,3.0,135.0,18.0,0.0
225,82,7,1865.0,2087.0,477.0,0.0,338.0,2691.0,58.52677136139283,9747.522800000002,9806.049571361395,2004.0,47.0,21.0,228.0,144.0,30.0,27.0,0.0,72.0,3.0,135.0,18.0,0.0
225,83,7,1843.0,2075.0,475.0,0.0,318.0,2691.0,99.1651330782476,8525.4168,8624.581933078249,2004.0,47.0,21.0,228.0,144.0,30.0,27.0,0.0,72.0,3.0,135.0,18.0,0.0
225,84,8,1840.0,2122.0,452.0,0.0,318.0,2691.0,60.15544916075554,9595.953599999997,9656.109049160754,2004.0,47.0,21.0,228.0,144.0,30.0,27.0,0.0,72.0,3.0,135.0,18.0,0.0
225,85,8,1894.0,2123.0,465.0,0.0,302.0,2691.0,60.01055088083058,11406.767999999991,11466.77855088082,2004.0,47.0,21.0,228.0,144.0,30.0,27.0,0.0,72.0,3.0,135.0,18.0,0.0
225,86,8,1862.0,2141.0,454.0,0.0,296.0,2691.0,59.04694618814017,10631.019599999996,10690.066546188136,2004.0,47.0,21.0,228.0,144.0,30.0,27.0,0.0,72.0,3.0,135.0,18.0,0.0
225,87,8,1843.0,2113.0,453.0,0.0,348.0,2691.0,98.10893604570414,10061.081999999999,10159.190936045703,2004.0,47.0,21.0,228.0,144.0,30.0,27.0,0.0,72.0,3.0,135.0,18.0,0.0
225,88,8,1834.0,2078.0,521.0,0.0,298.0,2691.0,59.596339994912206,9064.960400000002,9124.556739994914,2004.0,47.0,21.0,228.0,144.0,30.0,27.0,0.0,72.0,3.0,135.0,18.0,0.0
225,89,8,1832.0,2119.0,461.0,0.0,323.0,2691.0,58.202687288225604,10807.505199999996,10865.707887288223,2004.0,47.0,21.0,228.0,144.0,30.0,27.0,0.0,72.0,3.0,135.0,18.0,0.0
225,90,8,1847.0,2120.0,470.0,0.0,310.0,2691.0,17.322447477329654,9572.573599999996,9589.896047477327,2004.0,47.0,21.0,228.0,144.0,30.0,27.0,0.0,72.0,3.0,135.0,18.0,0.0
225,91,8,1796.0,2133.0,460.0,0.0,324.0,2691.0,18.196438749277206,9696.2204,9714.416838749277,2004.0,47.0,21.0,228.0,144.0,30.0,27.0,0.0,72.0,3.0,135.0,18.0,0.0
225,92,8,1842.0,2143.0,444.0,0.0,339.0,2691.0,58.943578567454814,10597.152000000002,10656.095578567456,2004.0,47.0,21.0,228.0,144.0,30.0,27.0,0.0,72.0,3.0,135.0,18.0,0.0
225,93,8,1858.0,2109.0,484.0,0.0,342.0,2691.0,139.39959755297727,10381.788799999995,10521.188397552973,2004.0,47.0,21.0,228.0,144.0,30.0,27.0,0.0,72.0,3.0,135.0,18.0,0.0
225,94,8,1793.0,2149.0,443.0,0.0,319.0,2691.0,17.285132803854957,10517.1256,10534.410732803855,2004.0,47.0,21.0,228.0,144.0,30.0,27.0,0.0,72.0,3.0,135.0,18.0,0.0
225,95,8,1848.0,2134.0,451.0,0.0,297.0,2691.0,16.764836310534832,8681.261200000006,8698.02603631054,2004.0,47.0,21.0,228.0,144.0,30.0,27.0,0.0,72.0,3.0,135.0,18.0,0.0
225,96,9,1828.0,2092.0,498.0,0.0,277.0,2691.0,18.339160452638666,9421.939599999996,9440.278760452635,2004.0,47.0,21.0,228.0,144.0,30.0,27.0,0.0,72.0,3.0,135.0,18.0,0.0
225,97,9,1820.0,2071.0,499.0,0.0,263.0,2691.0,59.36926931162502,10071.970399999995,10131.339669311621,2004.0,47.0,21.0,228.0,144.0,30.0,27.0,0.0,72.0,3.0,135.0,18.0,0.0
225,98,9,1843.0,2115.0,468.0,0.0,341.0,2691.0,18.387432776202616,9035.367999999999,9053.7554327762,2004.0,47.0,21.0,228.0,144.0,30.0,27.0,0.0,72.0,3.0,135.0,18.0,0.0
225,99,9,1855.0,2098.0,485.0,0.0,295.0,2691.0,57.60188347245436,9781.991599999998,9839.593483472452,2004.0,47.0,21.0,228.0,144.0,30.0,27.0,0.0,72.0,3.0,135.0,18.0,0.0
225,100,9,1867.0,2117.0,461.0,0.0,332.0,2691.0,18.58205717076309,9904.970400000004,9923.552457170767,2004.0,47.0,21.0,228.0,144.0,30.0,27.0,0.0,72.0,3.0,135.0,18.0,0.0
225,101,9,1845.0,2123.0,461.0,0.0,325.0,2691.0,17.40808443748084,9709.045999999998,9726.454084437479,2004.0,47.0,21.0,228.0,144.0,30.0,27.0,0.0,72.0,3.0,135.0,18.0,0.0
225,102,9,1794.0,2102.0,486.0,0.0,294.0,2691.0,58.25640428631709,9851.463599999997,9909.720004286315,2004.0,47.0,21.0,228.0,144.0,30.0,27.0,0.0,72.0,3.0,135.0,18.0,0.0
225,103,9,1856.0,2133.0,450.0,0.0,328.0,2691.0,16.4567589714582,11058.071999999993,11074.528758971452,2004.0,47.0,21.0,228.0,144.0,30.0,27.0,0.0,72.0,3.0,135.0,18.0,0.0
225,104,9,1848.0,2098.0,483.0,0.0,290.0,2691.0,18.856820966892663,9267.765199999996,9286.62202096689,2004.0,47.0,21.0,228.0,144.0,30.0,27.0,0.0,72.0,3.0,135.0,18.0,0.0
225,105,9,1824.0,2128.0,469.0,0.0,309.0,2691.0,18.15442669745075,10782.655599999991,10800.810026697443,2004.0,47.0,21.0,228.0,144.0,30.0,27.0,0.0,72.0,3.0,135.0,18.0,0.0
225,106,9,1870.0,2130.0,454.0,0.0,293.0,2691.0,57.38743976605691,10727.545599999992,10784.933039766049,2004.0,47.0,21.0,228.0,144.0,30.0,27.0,0.0,72.0,3.0,135.0,18.0,0.0
225,107,9,1846.0,2122.0,461.0,0.0,271.0,2691.0,18.197096497586447,9900.628400000003,9918.82549649759,2004.0,47.0,21.0,228.0,144.0,30.0,27.0,0.0,72.0,3.0,135.0,18.0,0.0
225,108,10,1859.0,2125.0,470.0,0.0,295.0,2691.0,19.28035669524955,9334.565199999997,9353.845556695249,2004.0,47.0,21.0,228.0,144.0,30.0,27.0,0.0,72.0,3.0,135.0,18.0,0.0
225,109,10,1877.0,2109.0,471.0,0.0,316.0,2691.0,100.24747828186531,9338.706800000004,9438.954278281868,2004.0,47.0,21.0,228.0,144.0,30.0,27.0,0.0,72.0,3.0,135.0,18.0,0.0
225,110,10,1889.0,2083.0,504.0,0.0,286.0,2691.0,56.67669373366374,10369.631199999996,10426.30789373366,2004.0,47.0,21.0,228.0,144.0,30.0,27.0,0.0,72.0,3.0,135.0,18.0,0.0
225,111,10,1892.0,2088.0,486.0,0.0,303.0,2691.0,17.010752484655036,9783.862,9800.872752484654,2004.0,47.0,21.0,228.0,144.0,30.0,27.0,0.0,72.0,3.0,135.0,18.0,0.0
225,112,10,1853.0,2121.0,475.0,0.0,317.0,2691.0,16.02305630875016,8842.3828,8858.405856308751,2004.0,47.0,21.0,228.0,144.0,30.0,27.0,0.0,72.0,3.0,135.0,18.0,0.0
225,113,10,1875.0,2157.0,449.0,0.0,271.0,2691.0,97.49601076531573,10497.887200000003,10595.383210765318,2004.0,47.0,21.0,228.0,144.0,30.0,27.0,0.0,72.0,3.0,135.0,18.0,0.0
225,114,10,1885.0,2117.0,462.0,0.0,307.0,2691.0,60.307108619315095,9016.263200000001,9076.570308619315,2004.0,47.0,21.0,228.0,144.0,30.0,27.0,0.0,72.0,3.0,135.0,18.0,0.0
225,115,10,1885.0,2113.0,463.0,0.0,327.0,2691.0,58.81568521503053,9943.44719999999,10002.262885215021,2004.0,47.0,21.0,228.0,144.0,30.0,27.0,0.0,72.0,3.0,135.0,18.0,0.0
225,116,10,1872.0,2081.0,494.0,0.0,304.0,2691.0,16.694601878153648,8908.581600000007,8925.27620187816,2004.0,47.0,21.0,228.0,144.0,30.0,27.0,0.0,72.0,3.0,135.0,18.0,0.0
225,117,10,1805.0,2106.0,454.0,0.0,317.0,2691.0,99.4564412657057,10680.585199999992,10780.041641265698,2004.0,47.0,21.0,228.0,144.0,30.0,27.0,0.0,72.0,3.0,135.0,18.0,0.0
225,118,10,1841.0,2096.0,482.0,0.0,330.0,2691.0,58.36306111601685,9555.405999999999,9613.769061116018,2004.0,47.0,21.0,228.0,144.0,30.0,27.0,0.0,72.0,3.0,135.0,18.0,0.0
225,119,10,1860.0,2084.0,478.0,0.0,298.0,2691.0,96.20441549011849,9617.129199999998,9713.333615490115,2004.0,47.0,21.0,228.0,144.0,30.0,27.0,0.0,72.0,3.0,135.0,18.0,0.0
226,0,1,1901.0,2059.0,523.0,0.0,354.0,2691.0,98.55317372345247,9185.8684,9284.421573723452,2004.0,47.0,21.0,228.0,144.0,30.0,27.0,0.0,72.0,3.0,135.0,18.0,0.0
226,1,1,1800.0,2086.0,495.0,0.0,334.0,2691.0,18.51372246889126,10512.850399999996,10531.364122468887,2004.0,47.0,21.0,228.0,144.0,30.0,27.0,0.0,72.0,3.0,135.0,18.0,0.0
226,2,1,1882.0,2117.0,445.0,0.0,305.0,2691.0,15.520562355078097,8638.0416,8653.562162355078,2004.0,47.0,21.0,228.0,144.0,30.0,27.0,0.0,72.0,3.0,135.0,18.0,0.0
226,3,1,1838.0,2095.0,491.0,0.0,326.0,2691.0,17.170277252178323,9386.1348,9403.305077252178,2004.0,47.0,21.0,228.0,144.0,30.0,27.0,0.0,72.0,3.0,135.0,18.0,0.0
226,4,1,1865.0,2094.0,491.0,0.0,275.0,2691.0,60.480565710431236,10567.292399999995,10627.772965710426,2004.0,47.0,21.0,228.0,144.0,30.0,27.0,0.0,72.0,3.0,135.0,18.0,0.0
226,5,1,1861.0,2129.0,448.0,0.0,322.0,2691.0,98.51677443432447,8935.2348,9033.751574434324,2004.0,47.0,21.0,228.0,144.0,30.0,27.0,0.0,72.0,3.0,135.0,18.0,0.0
226,6,1,1828.0,2120.0,456.0,0.0,315.0,2691.0,58.891148543255596,8326.018800000005,8384.90994854326,2004.0,47.0,21.0,228.0,144.0,30.0,27.0,0.0,72.0,3.0,135.0,18.0,0.0
226,7,1,1867.0,2080.0,514.0,0.0,315.0,2691.0,137.652719603542,9517.931199999995,9655.583919603538,2004.0,47.0,21.0,228.0,144.0,30.0,27.0,0.0,72.0,3.0,135.0,18.0,0.0
226,8,1,1851.0,2089.0,479.0,0.0,259.0,2691.0,17.26916842536196,8421.008399999999,8438.277568425361,2004.0,47.0,21.0,228.0,144.0,30.0,27.0,0.0,72.0,3.0,135.0,18.0,0.0
226,9,1,1844.0,2076.0,505.0,0.0,301.0,2691.0,58.801281413952445,8792.883999999993,8851.685281413946,2004.0,47.0,21.0,228.0,144.0,30.0,27.0,0.0,72.0,3.0,135.0,18.0,0.0
226,10,1,1849.0,2087.0,505.0,0.0,279.0,2691.0,17.17355801058398,8270.0404,8287.213958010583,2004.0,47.0,21.0,228.0,144.0,30.0,27.0,0.0,72.0,3.0,135.0,18.0,0.0
226,11,1,1888.0,2093.0,501.0,0.0,312.0,2691.0,18.00066180276483,8958.147199999996,8976.147861802763,2004.0,47.0,21.0,228.0,144.0,30.0,27.0,0.0,72.0,3.0,135.0,18.0,0.0
226,12,2,1837.0,2119.0,475.0,0.0,277.0,2691.0,18.037448995749436,9029.355999999996,9047.393448995746,2004.0,47.0,21.0,228.0,144.0,30.0,27.0,0.0,72.0,3.0,135.0,18.0,0.0
226,13,2,1850.0,2133.0,461.0,0.0,308.0,2691.0,57.64488232458653,9991.676799999997,10049.321682324584,2004.0,47.0,21.0,228.0,144.0,30.0,27.0,0.0,72.0,3.0,135.0,18.0,0.0
226,14,2,1836.0,2094.0,493.0,0.0,333.0,2691.0,16.95560394865486,9299.896000000002,9316.851603948657,2004.0,47.0,21.0,228.0,144.0,30.0,27.0,0.0,72.0,3.0,135.0,18.0,0.0
226,15,2,1835.0,2127.0,467.0,0.0,292.0,2691.0,18.06260339503645,8927.6196,8945.682203395036,2004.0,47.0,21.0,228.0,144.0,30.0,27.0,0.0,72.0,3.0,135.0,18.0,0.0
226,16,2,1857.0,2096.0,487.0,0.0,324.0,2691.0,97.43887564098115,8204.843599999998,8302.28247564098,2004.0,47.0,21.0,228.0,144.0,30.0,27.0,0.0,72.0,3.0,135.0,18.0,0.0
226,17,2,1866.0,2063.0,524.0,0.0,275.0,2691.0,98.50224547915434,9907.442,10005.944245479153,2004.0,47.0,21.0,228.0,144.0,30.0,27.0,0.0,72.0,3.0,135.0,18.0,0.0
226,18,2,1841.0,2123.0,467.0,0.0,287.0,2691.0,18.089297461708398,8417.868800000002,8435.95809746171,2004.0,47.0,21.0,228.0,144.0,30.0,27.0,0.0,72.0,3.0,135.0,18.0,0.0
226,19,2,1828.0,2132.0,450.0,0.0,275.0,2691.0,56.749325803301865,9123.2768,9180.0261258033,2004.0,47.0,21.0,228.0,144.0,30.0,27.0,0.0,72.0,3.0,135.0,18.0,0.0
226,20,2,1883.0,2121.0,472.0,0.0,289.0,2691.0,16.618083744219128,8637.239999999998,8653.858083744217,2004.0,47.0,21.0,228.0,144.0,30.0,27.0,0.0,72.0,3.0,135.0,18.0,0.0
226,21,2,1923.0,2104.0,470.0,0.0,299.0,2691.0,59.38733951677645,9725.478800000003,9784.866139516778,2004.0,47.0,21.0,228.0,144.0,30.0,27.0,0.0,72.0,3.0,135.0,18.0,0.0
226,22,2,1842.0,2079.0,501.0,0.0,312.0,2691.0,18.21736760995949,8438.242800000002,8456.460167609963,2004.0,47.0,21.0,228.0,144.0,30.0,27.0,0.0,72.0,3.0,135.0,18.0,0.0
226,23,2,1874.0,2065.0,521.0,0.0,298.0,2691.0,17.137971286130224,8534.969199999998,8552.10717128613,2004.0,47.0,21.0,228.0,144.0,30.0,27.0,0.0,72.0,3.0,135.0,18.0,0.0
226,24,3,1859.0,2101.0,483.0,0.0,301.0,2691.0,59.70292633328982,9118.600800000004,9178.303726333292,2004.0,47.0,21.0,228.0,144.0,30.0,27.0,0.0,72.0,3.0,135.0,18.0,0.0
226,25,3,1845.0,2117.0,462.0,0.0,280.0,2691.0,59.00199367972609,8764.6276,8823.629593679725,2004.0,47.0,21.0,228.0,144.0,30.0,27.0,0.0,72.0,3.0,135.0,18.0,0.0
226,26,3,1905.0,2115.0,472.0,0.0,320.0,2691.0,16.934247135113758,9043.450799999997,9060.38504713511,2004.0,47.0,21.0,228.0,144.0,30.0,27.0,0.0,72.0,3.0,135.0,18.0,0.0
226,27,3,1846.0,2085.0,491.0,0.0,345.0,2691.0,18.19957309767871,8869.971200000002,8888.170773097681,2004.0,47.0,21.0,228.0,144.0,30.0,27.0,0.0,72.0,3.0,135.0,18.0,0.0
226,28,3,1848.0,2094.0,482.0,0.0,264.0,2691.0,98.57951550942622,9006.376800000005,9104.956315509433,2004.0,47.0,21.0,228.0,144.0,30.0,27.0,0.0,72.0,3.0,135.0,18.0,0.0
226,29,3,1860.0,2101.0,479.0,0.0,290.0,2691.0,17.64489095795323,10904.765999999998,10922.41089095795,2004.0,47.0,21.0,228.0,144.0,30.0,27.0,0.0,72.0,3.0,135.0,18.0,0.0
226,30,3,1865.0,2117.0,468.0,0.0,295.0,2691.0,99.0214757252254,9344.3848,9443.406275725225,2004.0,47.0,21.0,228.0,144.0,30.0,27.0,0.0,72.0,3.0,135.0,18.0,0.0
226,31,3,1885.0,2107.0,469.0,0.0,311.0,2691.0,56.8932203845137,8160.087600000003,8216.980820384517,2004.0,47.0,21.0,228.0,144.0,30.0,27.0,0.0,72.0,3.0,135.0,18.0,0.0
226,32,3,1839.0,2101.0,479.0,0.0,313.0,2691.0,18.724752321203873,8203.9084,8222.633152321203,2004.0,47.0,21.0,228.0,144.0,30.0,27.0,0.0,72.0,3.0,135.0,18.0,0.0
226,33,3,1852.0,2116.0,469.0,0.0,329.0,2691.0,18.01165105655892,8705.309199999996,8723.320851056555,2004.0,47.0,21.0,228.0,144.0,30.0,27.0,0.0,72.0,3.0,135.0,18.0,0.0
226,34,3,1856.0,2099.0,476.0,0.0,323.0,2691.0,58.05567431968224,9315.660799999998,9373.716474319679,2004.0,47.0,21.0,228.0,144.0,30.0,27.0,0.0,72.0,3.0,135.0,18.0,0.0
226,35,3,1830.0,2123.0,457.0,0.0,301.0,2691.0,56.388018763356236,8439.511999999999,8495.900018763356,2004.0,47.0,21.0,228.0,144.0,30.0,27.0,0.0,72.0,3.0,135.0,18.0,0.0
226,36,4,1840.0,2112.0,481.0,0.0,325.0,2691.0,57.78190274647045,9889.1388,9946.92070274647,2004.0,47.0,21.0,228.0,144.0,30.0,27.0,0.0,72.0,3.0,135.0,18.0,0.0
226,37,4,1854.0,2082.0,484.0,0.0,316.0,2691.0,99.1404203672659,8799.8312,8898.971620367267,2004.0,47.0,21.0,228.0,144.0,30.0,27.0,0.0,72.0,3.0,135.0,18.0,0.0
226,38,4,1843.0,2105.0,487.0,0.0,301.0,2691.0,17.403125180376282,8347.394800000002,8364.797925180377,2004.0,47.0,21.0,228.0,144.0,30.0,27.0,0.0,72.0,3.0,135.0,18.0,0.0
226,39,4,1852.0,2121.0,469.0,0.0,331.0,2691.0,58.419455883051754,8460.821199999997,8519.240655883048,2004.0,47.0,21.0,228.0,144.0,30.0,27.0,0.0,72.0,3.0,135.0,18.0,0.0
226,40,4,1887.0,2093.0,487.0,0.0,345.0,2691.0,15.862359145419704,8883.598399999999,8899.460759145419,2004.0,47.0,21.0,228.0,144.0,30.0,27.0,0.0,72.0,3.0,135.0,18.0,0.0
226,41,4,1853.0,2072.0,509.0,0.0,315.0,2691.0,58.204589946949895,9379.053999999995,9437.258589946945,2004.0,47.0,21.0,228.0,144.0,30.0,27.0,0.0,72.0,3.0,135.0,18.0,0.0
226,42,4,1865.0,2097.0,492.0,0.0,259.0,2691.0,17.70618088689189,8342.7856,8360.49178088689,2004.0,47.0,21.0,228.0,144.0,30.0,27.0,0.0,72.0,3.0,135.0,18.0,0.0
226,43,4,1854.0,2122.0,457.0,0.0,292.0,2691.0,17.576593628101968,8182.465600000005,8200.042193628107,2004.0,47.0,21.0,228.0,144.0,30.0,27.0,0.0,72.0,3.0,135.0,18.0,0.0
226,44,4,1855.0,2126.0,475.0,0.0,265.0,2691.0,98.54223759236422,7803.91,7902.452237592363,2004.0,47.0,21.0,228.0,144.0,30.0,27.0,0.0,72.0,3.0,135.0,18.0,0.0
226,45,4,1911.0,2058.0,531.0,0.0,284.0,2691.0,18.397966647942575,9211.719999999996,9230.117966647938,2004.0,47.0,21.0,228.0,144.0,30.0,27.0,0.0,72.0,3.0,135.0,18.0,0.0
226,46,4,1844.0,2130.0,453.0,0.0,313.0,2691.0,56.762272961418375,9033.364000000001,9090.12627296142,2004.0,47.0,21.0,228.0,144.0,30.0,27.0,0.0,72.0,3.0,135.0,18.0,0.0
226,47,4,1848.0,2142.0,449.0,0.0,273.0,2691.0,57.98290444974099,8342.585200000005,8400.568104449747,2004.0,47.0,21.0,228.0,144.0,30.0,27.0,0.0,72.0,3.0,135.0,18.0,0.0
226,48,5,1847.0,2116.0,476.0,0.0,246.0,2691.0,98.43131040356836,10060.881599999995,10159.312910403563,2004.0,47.0,21.0,228.0,144.0,30.0,27.0,0.0,72.0,3.0,135.0,18.0,0.0
226,49,5,1867.0,2105.0,471.0,0.0,321.0,2691.0,57.58510841238704,9200.8316,9258.416708412386,2004.0,47.0,21.0,228.0,144.0,30.0,27.0,0.0,72.0,3.0,135.0,18.0,0.0
226,50,5,1834.0,2088.0,479.0,0.0,356.0,2691.0,140.89424962078695,9972.171199999997,10113.065449620783,2004.0,47.0,21.0,228.0,144.0,30.0,27.0,0.0,72.0,3.0,135.0,18.0,0.0
226,51,5,1826.0,2097.0,478.0,0.0,313.0,2691.0,57.28720559829222,9759.546799999996,9816.834005598288,2004.0,47.0,21.0,228.0,144.0,30.0,27.0,0.0,72.0,3.0,135.0,18.0,0.0
226,52,5,1824.0,2116.0,466.0,0.0,275.0,2691.0,58.89733493046381,9047.057999999999,9105.955334930464,2004.0,47.0,21.0,228.0,144.0,30.0,27.0,0.0,72.0,3.0,135.0,18.0,0.0
226,53,5,1865.0,2097.0,495.0,0.0,320.0,2691.0,17.618134280665252,9181.392800000001,9199.010934280665,2004.0,47.0,21.0,228.0,144.0,30.0,27.0,0.0,72.0,3.0,135.0,18.0,0.0
226,54,5,1867.0,2071.0,510.0,0.0,326.0,2691.0,99.33971058991989,9355.273199999996,9454.612910589914,2004.0,47.0,21.0,228.0,144.0,30.0,27.0,0.0,72.0,3.0,135.0,18.0,0.0
226,55,5,1885.0,2119.0,462.0,0.0,302.0,2691.0,98.12117727462758,9121.206000000002,9219.327177274628,2004.0,47.0,21.0,228.0,144.0,30.0,27.0,0.0,72.0,3.0,135.0,18.0,0.0
226,56,5,1838.0,2107.0,473.0,0.0,313.0,2691.0,17.382957332474724,9514.925200000001,9532.308157332476,2004.0,47.0,21.0,228.0,144.0,30.0,27.0,0.0,72.0,3.0,135.0,18.0,0.0
226,57,5,1776.0,2113.0,475.0,0.0,275.0,2691.0,98.30786423189615,7846.328000000003,7944.635864231898,2004.0,47.0,21.0,228.0,144.0,30.0,27.0,0.0,72.0,3.0,135.0,18.0,0.0
226,58,5,1854.0,2059.0,504.0,0.0,356.0,2691.0,58.50106138870637,8657.3468,8715.847861388705,2004.0,47.0,21.0,228.0,144.0,30.0,27.0,0.0,72.0,3.0,135.0,18.0,0.0
226,59,5,1844.0,2120.0,465.0,0.0,338.0,2691.0,19.47052739074447,9254.0044,9273.474927390744,2004.0,47.0,21.0,228.0,144.0,30.0,27.0,0.0,72.0,3.0,135.0,18.0,0.0
226,60,6,1896.0,2081.0,489.0,0.0,300.0,2691.0,57.093374438993564,8063.361200000001,8120.454574438994,2004.0,47.0,21.0,228.0,144.0,30.0,27.0,0.0,72.0,3.0,135.0,18.0,0.0
226,61,6,1872.0,2081.0,495.0,0.0,289.0,2691.0,57.088012549214106,9247.124000000002,9304.212012549215,2004.0,47.0,21.0,228.0,144.0,30.0,27.0,0.0,72.0,3.0,135.0,18.0,0.0
226,62,6,1863.0,2119.0,465.0,0.0,296.0,2691.0,15.978439248366556,8609.852000000003,8625.830439248368,2004.0,47.0,21.0,228.0,144.0,30.0,27.0,0.0,72.0,3.0,135.0,18.0,0.0
226,63,6,1840.0,2092.0,486.0,0.0,300.0,2691.0,18.100721770734914,9235.834800000002,9253.935521770738,2004.0,47.0,21.0,228.0,144.0,30.0,27.0,0.0,72.0,3.0,135.0,18.0,0.0
226,64,6,1844.0,2143.0,448.0,0.0,304.0,2691.0,17.543797127819442,8198.030000000006,8215.573797127825,2004.0,47.0,21.0,228.0,144.0,30.0,27.0,0.0,72.0,3.0,135.0,18.0,0.0
226,65,6,1856.0,2103.0,466.0,0.0,304.0,2691.0,139.70098011519104,9551.197600000001,9690.898580115192,2004.0,47.0,21.0,228.0,144.0,30.0,27.0,0.0,72.0,3.0,135.0,18.0,0.0
226,66,6,1885.0,2110.0,484.0,0.0,295.0,2691.0,97.27747768147968,8874.513599999998,8971.791077681479,2004.0,47.0,21.0,228.0,144.0,30.0,27.0,0.0,72.0,3.0,135.0,18.0,0.0
226,67,6,1880.0,2068.0,492.0,0.0,341.0,2691.0,99.27842610836018,9001.233200000002,9100.511626108362,2004.0,47.0,21.0,228.0,144.0,30.0,27.0,0.0,72.0,3.0,135.0,18.0,0.0
226,68,6,1837.0,2097.0,477.0,0.0,280.0,2691.0,99.98127729819493,8966.229999999996,9066.211277298189,2004.0,47.0,21.0,228.0,144.0,30.0,27.0,0.0,72.0,3.0,135.0,18.0,0.0
226,69,6,1844.0,2127.0,456.0,0.0,323.0,2691.0,56.46436061779147,8385.0032,8441.46756061779,2004.0,47.0,21.0,228.0,144.0,30.0,27.0,0.0,72.0,3.0,135.0,18.0,0.0
226,70,6,1859.0,2092.0,491.0,0.0,269.0,2691.0,16.465991185227956,9233.429999999997,9249.895991185225,2004.0,47.0,21.0,228.0,144.0,30.0,27.0,0.0,72.0,3.0,135.0,18.0,0.0
226,71,6,1852.0,2086.0,487.0,0.0,301.0,2691.0,18.27702370663708,9964.021599999996,9982.298623706632,2004.0,47.0,21.0,228.0,144.0,30.0,27.0,0.0,72.0,3.0,135.0,18.0,0.0
226,72,7,1865.0,2102.0,485.0,0.0,303.0,2691.0,58.094967165978524,8072.379200000005,8130.474167165983,2004.0,47.0,21.0,228.0,144.0,30.0,27.0,0.0,72.0,3.0,135.0,18.0,0.0
226,73,7,1840.0,2061.0,498.0,0.0,334.0,2691.0,58.98475803577033,9053.738,9112.722758035768,2004.0,47.0,21.0,228.0,144.0,30.0,27.0,0.0,72.0,3.0,135.0,18.0,0.0
226,74,7,1829.0,2134.0,461.0,0.0,327.0,2691.0,60.388042314773706,9300.163199999994,9360.551242314767,2004.0,47.0,21.0,228.0,144.0,30.0,27.0,0.0,72.0,3.0,135.0,18.0,0.0
226,75,7,1841.0,2133.0,455.0,0.0,337.0,2691.0,58.395639309202764,8382.932400000002,8441.328039309205,2004.0,47.0,21.0,228.0,144.0,30.0,27.0,0.0,72.0,3.0,135.0,18.0,0.0
226,76,7,1812.0,2130.0,445.0,0.0,284.0,2691.0,57.6647255747716,9506.575200000003,9564.239925574777,2004.0,47.0,21.0,228.0,144.0,30.0,27.0,0.0,72.0,3.0,135.0,18.0,0.0
226,77,7,1855.0,2070.0,515.0,0.0,330.0,2691.0,55.37726992013185,8546.6592,8602.036469920131,2004.0,47.0,21.0,228.0,144.0,30.0,27.0,0.0,72.0,3.0,135.0,18.0,0.0
226,78,7,1854.0,2092.0,498.0,0.0,310.0,2691.0,18.546378334706194,9248.794000000002,9267.340378334708,2004.0,47.0,21.0,228.0,144.0,30.0,27.0,0.0,72.0,3.0,135.0,18.0,0.0
226,79,7,1870.0,2089.0,488.0,0.0,307.0,2691.0,57.59651883397744,9176.783599999999,9234.380118833978,2004.0,47.0,21.0,228.0,144.0,30.0,27.0,0.0,72.0,3.0,135.0,18.0,0.0
226,80,7,1887.0,2103.0,478.0,0.0,263.0,2691.0,139.3989089823079,7164.901200000004,7304.300108982312,2004.0,47.0,21.0,228.0,144.0,30.0,27.0,0.0,72.0,3.0,135.0,18.0,0.0
226,81,7,1865.0,2090.0,474.0,0.0,330.0,2691.0,99.01872352811145,9228.086000000005,9327.104723528117,2004.0,47.0,21.0,228.0,144.0,30.0,27.0,0.0,72.0,3.0,135.0,18.0,0.0
226,82,7,1843.0,2066.0,484.0,0.0,314.0,2691.0,98.89838396828222,7702.908400000004,7801.806783968286,2004.0,47.0,21.0,228.0,144.0,30.0,27.0,0.0,72.0,3.0,135.0,18.0,0.0
226,83,7,1840.0,2116.0,458.0,0.0,305.0,2691.0,59.87924126029102,8819.804399999997,8879.683641260288,2004.0,47.0,21.0,228.0,144.0,30.0,27.0,0.0,72.0,3.0,135.0,18.0,0.0
226,84,8,1894.0,2116.0,472.0,0.0,295.0,2691.0,58.900223712426836,10799.088399999991,10857.988623712417,2004.0,47.0,21.0,228.0,144.0,30.0,27.0,0.0,72.0,3.0,135.0,18.0,0.0
226,85,8,1862.0,2136.0,459.0,0.0,291.0,2691.0,58.368764759966716,9581.858799999998,9640.227564759964,2004.0,47.0,21.0,228.0,144.0,30.0,27.0,0.0,72.0,3.0,135.0,18.0,0.0
226,86,8,1843.0,2112.0,454.0,0.0,333.0,2691.0,97.49560270476518,9161.018799999998,9258.514402704763,2004.0,47.0,21.0,228.0,144.0,30.0,27.0,0.0,72.0,3.0,135.0,18.0,0.0
226,87,8,1834.0,2067.0,532.0,0.0,292.0,2691.0,59.81681448112684,8338.577200000002,8398.394014481128,2004.0,47.0,21.0,228.0,144.0,30.0,27.0,0.0,72.0,3.0,135.0,18.0,0.0
226,88,8,1832.0,2112.0,468.0,0.0,320.0,2691.0,57.835978433326765,10068.563599999994,10126.399578433322,2004.0,47.0,21.0,228.0,144.0,30.0,27.0,0.0,72.0,3.0,135.0,18.0,0.0
226,89,8,1847.0,2110.0,480.0,0.0,308.0,2691.0,16.848853615004668,8838.040799999999,8854.889653615004,2004.0,47.0,21.0,228.0,144.0,30.0,27.0,0.0,72.0,3.0,135.0,18.0,0.0
226,90,8,1796.0,2118.0,475.0,0.0,320.0,2691.0,18.460552633292913,8528.6232,8547.083752633293,2004.0,47.0,21.0,228.0,144.0,30.0,27.0,0.0,72.0,3.0,135.0,18.0,0.0
226,91,8,1842.0,2133.0,454.0,0.0,332.0,2691.0,59.563105535944715,9875.712000000001,9935.275105535946,2004.0,47.0,21.0,228.0,144.0,30.0,27.0,0.0,72.0,3.0,135.0,18.0,0.0
226,92,8,1858.0,2097.0,495.0,0.0,335.0,2691.0,139.14059517215964,9563.421999999995,9702.562595172154,2004.0,47.0,21.0,228.0,144.0,30.0,27.0,0.0,72.0,3.0,135.0,18.0,0.0
226,93,8,1793.0,2143.0,449.0,0.0,315.0,2691.0,57.673217013354204,9319.735600000004,9377.408817013356,2004.0,47.0,21.0,228.0,144.0,30.0,27.0,0.0,72.0,3.0,135.0,18.0,0.0
226,94,8,1848.0,2124.0,461.0,0.0,294.0,2691.0,17.250358012704417,7991.551200000005,8008.801558012709,2004.0,47.0,21.0,228.0,144.0,30.0,27.0,0.0,72.0,3.0,135.0,18.0,0.0
226,95,8,1828.0,2075.0,513.0,0.0,276.0,2691.0,18.97859004589871,8639.711599999999,8658.690190045896,2004.0,47.0,21.0,228.0,144.0,30.0,27.0,0.0,72.0,3.0,135.0,18.0,0.0
226,96,9,1820.0,2066.0,504.0,0.0,260.0,2691.0,58.647299148369385,9552.533599999995,9611.180899148365,2004.0,47.0,21.0,228.0,144.0,30.0,27.0,0.0,72.0,3.0,135.0,18.0,0.0
226,97,9,1843.0,2100.0,483.0,0.0,337.0,2691.0,17.646876188233644,8253.741199999997,8271.388076188232,2004.0,47.0,21.0,228.0,144.0,30.0,27.0,0.0,72.0,3.0,135.0,18.0,0.0
226,98,9,1855.0,2088.0,495.0,0.0,294.0,2691.0,97.46248764749008,8669.704799999998,8767.16728764749,2004.0,47.0,21.0,228.0,144.0,30.0,27.0,0.0,72.0,3.0,135.0,18.0,0.0
226,99,9,1867.0,2098.0,480.0,0.0,325.0,2691.0,17.491968554937667,8894.887600000002,8912.37956855494,2004.0,47.0,21.0,228.0,144.0,30.0,27.0,0.0,72.0,3.0,135.0,18.0,0.0
226,100,9,1845.0,2118.0,466.0,0.0,324.0,2691.0,17.3862394321075,9562.8876,9580.273839432106,2004.0,47.0,21.0,228.0,144.0,30.0,27.0,0.0,72.0,3.0,135.0,18.0,0.0
226,101,9,1794.0,2093.0,495.0,0.0,290.0,2691.0,58.57285720616807,9502.8344,9561.407257206167,2004.0,47.0,21.0,228.0,144.0,30.0,27.0,0.0,72.0,3.0,135.0,18.0,0.0
226,102,9,1856.0,2128.0,455.0,0.0,322.0,2691.0,16.297817162302053,10649.189199999995,10665.487017162297,2004.0,47.0,21.0,228.0,144.0,30.0,27.0,0.0,72.0,3.0,135.0,18.0,0.0
226,103,9,1848.0,2083.0,498.0,0.0,289.0,2691.0,19.30811013963754,8526.4188,8545.726910139636,2004.0,47.0,21.0,228.0,144.0,30.0,27.0,0.0,72.0,3.0,135.0,18.0,0.0
226,104,9,1824.0,2125.0,472.0,0.0,300.0,2691.0,18.79737601611464,9982.39159999999,10001.188976016105,2004.0,47.0,21.0,228.0,144.0,30.0,27.0,0.0,72.0,3.0,135.0,18.0,0.0
226,105,9,1870.0,2115.0,469.0,0.0,287.0,2691.0,58.26759242913535,9897.154799999993,9955.422392429127,2004.0,47.0,21.0,228.0,144.0,30.0,27.0,0.0,72.0,3.0,135.0,18.0,0.0
226,106,9,1846.0,2119.0,464.0,0.0,266.0,2691.0,17.550686205958783,9453.202000000001,9470.75268620596,2004.0,47.0,21.0,228.0,144.0,30.0,27.0,0.0,72.0,3.0,135.0,18.0,0.0
226,107,9,1859.0,2115.0,480.0,0.0,285.0,2691.0,18.249178214221498,8509.718799999999,8527.96797821422,2004.0,47.0,21.0,228.0,144.0,30.0,27.0,0.0,72.0,3.0,135.0,18.0,0.0
226,108,10,1877.0,2104.0,476.0,0.0,310.0,2691.0,140.52295604800685,8800.632800000001,8941.155756048007,2004.0,47.0,21.0,228.0,144.0,30.0,27.0,0.0,72.0,3.0,135.0,18.0,0.0
226,109,10,1889.0,2074.0,513.0,0.0,278.0,2691.0,57.33258680288592,9791.811199999996,9849.14378680288,2004.0,47.0,21.0,228.0,144.0,30.0,27.0,0.0,72.0,3.0,135.0,18.0,0.0
226,110,10,1892.0,2080.0,494.0,0.0,301.0,2691.0,16.199234472131742,8726.885599999998,8743.08483447213,2004.0,47.0,21.0,228.0,144.0,30.0,27.0,0.0,72.0,3.0,135.0,18.0,0.0
226,111,10,1853.0,2118.0,478.0,0.0,301.0,2691.0,16.049756429756446,8334.2352,8350.284956429758,2004.0,47.0,21.0,228.0,144.0,30.0,27.0,0.0,72.0,3.0,135.0,18.0,0.0
226,112,10,1875.0,2151.0,455.0,0.0,267.0,2691.0,98.29412457435916,9740.3084,9838.602524574359,2004.0,47.0,21.0,228.0,144.0,30.0,27.0,0.0,72.0,3.0,135.0,18.0,0.0
226,113,10,1885.0,2112.0,467.0,0.0,301.0,2691.0,59.07001171351439,8532.2304,8591.300411713513,2004.0,47.0,21.0,228.0,144.0,30.0,27.0,0.0,72.0,3.0,135.0,18.0,0.0
226,114,10,1885.0,2099.0,477.0,0.0,327.0,2691.0,58.78930468561548,9606.30759999999,9665.096904685604,2004.0,47.0,21.0,228.0,144.0,30.0,27.0,0.0,72.0,3.0,135.0,18.0,0.0
226,115,10,1872.0,2073.0,502.0,0.0,295.0,2691.0,17.14883767194209,8183.534400000004,8200.683237671947,2004.0,47.0,21.0,228.0,144.0,30.0,27.0,0.0,72.0,3.0,135.0,18.0,0.0
226,116,10,1805.0,2090.0,471.0,0.0,313.0,2691.0,99.41690490249799,9678.85239999999,9778.26930490249,2004.0,47.0,21.0,228.0,144.0,30.0,27.0,0.0,72.0,3.0,135.0,18.0,0.0
226,117,10,1841.0,2088.0,490.0,0.0,323.0,2691.0,57.903306050447014,8657.680799999998,8715.584106050446,2004.0,47.0,21.0,228.0,144.0,30.0,27.0,0.0,72.0,3.0,135.0,18.0,0.0
226,118,10,1860.0,2071.0,491.0,0.0,287.0,2691.0,96.68822269226823,8992.949999999999,9089.638222692267,2004.0,47.0,21.0,228.0,144.0,30.0,27.0,0.0,72.0,3.0,135.0,18.0,0.0
226,119,10,1883.0,2134.0,441.0,0.0,295.0,2691.0,96.92869092052207,8368.169599999994,8465.098290920516,2004.0,47.0,21.0,228.0,144.0,30.0,27.0,0.0,72.0,3.0,135.0,18.0,0.0
227,0,1,1800.0,2086.0,497.0,0.0,338.0,2691.0,56.87335960817905,9040.377999999997,9097.251359608175,2004.0,47.0,21.0,228.0,144.0,30.0,27.0,0.0,72.0,3.0,135.0,18.0,0.0
227,1,1,1882.0,2120.0,442.0,0.0,323.0,2691.0,14.464204583162513,8268.236800000002,8282.701004583163,2004.0,47.0,21.0,228.0,144.0,30.0,27.0,0.0,72.0,3.0,135.0,18.0,0.0
227,2,1,1838.0,2082.0,504.0,0.0,350.0,2691.0,56.56254403723713,9626.214,9682.776544037237,2004.0,47.0,21.0,228.0,144.0,30.0,27.0,0.0,72.0,3.0,135.0,18.0,0.0
227,3,1,1865.0,2102.0,483.0,0.0,286.0,2691.0,58.47335434917303,10140.907999999996,10199.381354349167,2004.0,47.0,21.0,228.0,144.0,30.0,27.0,0.0,72.0,3.0,135.0,18.0,0.0
227,4,1,1861.0,2135.0,442.0,0.0,344.0,2691.0,178.76920371220376,9101.767200000002,9280.536403712205,2004.0,47.0,21.0,228.0,144.0,30.0,27.0,0.0,72.0,3.0,135.0,18.0,0.0
227,5,1,1828.0,2121.0,455.0,0.0,332.0,2691.0,57.23859449580254,8651.134400000004,8708.372994495807,2004.0,47.0,21.0,228.0,144.0,30.0,27.0,0.0,72.0,3.0,135.0,18.0,0.0
227,6,1,1867.0,2089.0,506.0,0.0,331.0,2691.0,176.362931426655,10045.985199999996,10222.348131426652,2004.0,47.0,21.0,228.0,144.0,30.0,27.0,0.0,72.0,3.0,135.0,18.0,0.0
227,7,1,1851.0,2094.0,475.0,0.0,283.0,2691.0,17.69807018206371,8326.753600000002,8344.451670182065,2004.0,47.0,21.0,228.0,144.0,30.0,27.0,0.0,72.0,3.0,135.0,18.0,0.0
227,8,1,1844.0,2079.0,502.0,0.0,315.0,2691.0,57.53998353392952,8713.592399999994,8771.132383533923,2004.0,47.0,21.0,228.0,144.0,30.0,27.0,0.0,72.0,3.0,135.0,18.0,0.0
227,9,1,1849.0,2096.0,496.0,0.0,294.0,2691.0,16.4401223836812,8166.634000000002,8183.074122383683,2004.0,47.0,21.0,228.0,144.0,30.0,27.0,0.0,72.0,3.0,135.0,18.0,0.0
227,10,1,1888.0,2097.0,497.0,0.0,328.0,2691.0,16.738459735591587,8999.095599999997,9015.83405973559,2004.0,47.0,21.0,228.0,144.0,30.0,27.0,0.0,72.0,3.0,135.0,18.0,0.0
227,11,1,1837.0,2156.0,440.0,0.0,303.0,2691.0,136.5110815053435,8789.477200000001,8925.988281505344,2004.0,47.0,21.0,228.0,144.0,30.0,27.0,0.0,72.0,3.0,135.0,18.0,0.0
227,12,2,1850.0,2140.0,455.0,0.0,331.0,2691.0,96.70785369650034,9616.127200000003,9712.835053696504,2004.0,47.0,21.0,228.0,144.0,30.0,27.0,0.0,72.0,3.0,135.0,18.0,0.0
227,13,2,1836.0,2094.0,493.0,0.0,346.0,2691.0,56.378993187764856,9218.934400000002,9275.313393187767,2004.0,47.0,21.0,228.0,144.0,30.0,27.0,0.0,72.0,3.0,135.0,18.0,0.0
227,14,2,1835.0,2132.0,464.0,0.0,307.0,2691.0,17.374502372367,8853.8056,8871.180102372367,2004.0,47.0,21.0,228.0,144.0,30.0,27.0,0.0,72.0,3.0,135.0,18.0,0.0
227,15,2,1857.0,2098.0,486.0,0.0,333.0,2691.0,55.87373655927742,8177.722800000001,8233.596536559278,2004.0,47.0,21.0,228.0,144.0,30.0,27.0,0.0,72.0,3.0,135.0,18.0,0.0
227,16,2,1866.0,2071.0,518.0,0.0,283.0,2691.0,97.42509622686416,9999.5592,10096.984296226863,2004.0,47.0,21.0,228.0,144.0,30.0,27.0,0.0,72.0,3.0,135.0,18.0,0.0
227,17,2,1841.0,2125.0,464.0,0.0,302.0,2691.0,56.913824829098786,8533.8336,8590.747424829098,2004.0,47.0,21.0,228.0,144.0,30.0,27.0,0.0,72.0,3.0,135.0,18.0,0.0
227,18,2,1828.0,2132.0,450.0,0.0,273.0,2691.0,95.70903382178983,9323.275999999998,9418.98503382179,2004.0,47.0,21.0,228.0,144.0,30.0,27.0,0.0,72.0,3.0,135.0,18.0,0.0
227,19,2,1883.0,2125.0,468.0,0.0,294.0,2691.0,96.87211694354156,8863.023999999998,8959.896116943539,2004.0,47.0,21.0,228.0,144.0,30.0,27.0,0.0,72.0,3.0,135.0,18.0,0.0
227,20,2,1923.0,2103.0,471.0,0.0,330.0,2691.0,19.295214606173367,9732.6932,9751.988414606172,2004.0,47.0,21.0,228.0,144.0,30.0,27.0,0.0,72.0,3.0,135.0,18.0,0.0
227,21,2,1842.0,2082.0,498.0,0.0,326.0,2691.0,57.44038372171809,8239.245600000002,8296.68598372172,2004.0,47.0,21.0,228.0,144.0,30.0,27.0,0.0,72.0,3.0,135.0,18.0,0.0
227,22,2,1874.0,2077.0,509.0,0.0,317.0,2691.0,16.053270313495766,8678.655999999997,8694.709270313493,2004.0,47.0,21.0,228.0,144.0,30.0,27.0,0.0,72.0,3.0,135.0,18.0,0.0
227,23,2,1859.0,2102.0,482.0,0.0,321.0,2691.0,99.99115825021497,9294.017600000003,9394.008758250218,2004.0,47.0,21.0,228.0,144.0,30.0,27.0,0.0,72.0,3.0,135.0,18.0,0.0
227,24,3,1845.0,2103.0,476.0,0.0,302.0,2691.0,138.9694172376862,8907.245600000002,9046.215017237686,2004.0,47.0,21.0,228.0,144.0,30.0,27.0,0.0,72.0,3.0,135.0,18.0,0.0
227,25,3,1905.0,2119.0,468.0,0.0,347.0,2691.0,15.573936797482911,9020.003999999999,9035.577936797481,2004.0,47.0,21.0,228.0,144.0,30.0,27.0,0.0,72.0,3.0,135.0,18.0,0.0
227,26,3,1846.0,2091.0,485.0,0.0,362.0,2691.0,17.226824528502313,8739.778000000002,8757.004824528505,2004.0,47.0,21.0,228.0,144.0,30.0,27.0,0.0,72.0,3.0,135.0,18.0,0.0
227,27,3,1848.0,2103.0,473.0,0.0,281.0,2691.0,139.10125197145103,9236.770000000004,9375.871251971455,2004.0,47.0,21.0,228.0,144.0,30.0,27.0,0.0,72.0,3.0,135.0,18.0,0.0
227,28,3,1860.0,2115.0,465.0,0.0,317.0,2691.0,58.32605006425521,10734.893599999994,10793.21965006425,2004.0,47.0,21.0,228.0,144.0,30.0,27.0,0.0,72.0,3.0,135.0,18.0,0.0
227,29,3,1865.0,2118.0,467.0,0.0,316.0,2691.0,138.42866537951494,9065.962400000002,9204.391065379517,2004.0,47.0,21.0,228.0,144.0,30.0,27.0,0.0,72.0,3.0,135.0,18.0,0.0
227,30,3,1885.0,2108.0,469.0,0.0,338.0,2691.0,55.969711791542814,8300.501200000004,8356.470911791546,2004.0,47.0,21.0,228.0,144.0,30.0,27.0,0.0,72.0,3.0,135.0,18.0,0.0
227,31,3,1839.0,2100.0,479.0,0.0,332.0,2691.0,58.56043009950691,7946.528,8005.088430099508,2004.0,47.0,21.0,228.0,144.0,30.0,27.0,0.0,72.0,3.0,135.0,18.0,0.0
227,32,3,1852.0,2124.0,463.0,0.0,339.0,2691.0,16.18864589224837,8600.6336,8616.822245892248,2004.0,47.0,21.0,228.0,144.0,30.0,27.0,0.0,72.0,3.0,135.0,18.0,0.0
227,33,3,1856.0,2108.0,468.0,0.0,332.0,2691.0,97.44843019302186,9415.5936,9513.04203019302,2004.0,47.0,21.0,228.0,144.0,30.0,27.0,0.0,72.0,3.0,135.0,18.0,0.0
227,34,3,1830.0,2133.0,447.0,0.0,320.0,2691.0,55.2376020745733,8690.880399999998,8746.118002074572,2004.0,47.0,21.0,228.0,144.0,30.0,27.0,0.0,72.0,3.0,135.0,18.0,0.0
227,35,3,1840.0,2112.0,480.0,0.0,348.0,2691.0,57.08528009277807,8385.003200000005,8442.088480092783,2004.0,47.0,21.0,228.0,144.0,30.0,27.0,0.0,72.0,3.0,135.0,18.0,0.0
227,36,4,1854.0,2078.0,488.0,0.0,333.0,2691.0,98.70473218529936,8583.265600000002,8681.970332185301,2004.0,47.0,21.0,228.0,144.0,30.0,27.0,0.0,72.0,3.0,135.0,18.0,0.0
227,37,4,1843.0,2107.0,485.0,0.0,322.0,2691.0,219.8024255259379,8399.766000000005,8619.568425525942,2004.0,47.0,21.0,228.0,144.0,30.0,27.0,0.0,72.0,3.0,135.0,18.0,0.0
227,38,4,1852.0,2107.0,485.0,0.0,343.0,2691.0,57.78760504995601,8451.803199999998,8509.590805049955,2004.0,47.0,21.0,228.0,144.0,30.0,27.0,0.0,72.0,3.0,135.0,18.0,0.0
227,39,4,1887.0,2090.0,490.0,0.0,361.0,2691.0,15.578795671155422,9328.954000000002,9344.532795671157,2004.0,47.0,21.0,228.0,144.0,30.0,27.0,0.0,72.0,3.0,135.0,18.0,0.0
227,40,4,1853.0,2075.0,507.0,0.0,340.0,2691.0,57.394145309909206,9373.108799999995,9430.502945309905,2004.0,47.0,21.0,228.0,144.0,30.0,27.0,0.0,72.0,3.0,135.0,18.0,0.0
227,41,4,1865.0,2106.0,484.0,0.0,278.0,2691.0,16.972156605500594,8436.7064,8453.6785566055,2004.0,47.0,21.0,228.0,144.0,30.0,27.0,0.0,72.0,3.0,135.0,18.0,0.0
227,42,4,1854.0,2126.0,453.0,0.0,310.0,2691.0,16.33822532047252,8121.744400000003,8138.082625320476,2004.0,47.0,21.0,228.0,144.0,30.0,27.0,0.0,72.0,3.0,135.0,18.0,0.0
227,43,4,1855.0,2136.0,465.0,0.0,274.0,2691.0,137.39338884688078,7814.197200000002,7951.590588846884,2004.0,47.0,21.0,228.0,144.0,30.0,27.0,0.0,72.0,3.0,135.0,18.0,0.0
227,44,4,1911.0,2059.0,530.0,0.0,286.0,2691.0,58.45124705245956,9085.000399999995,9143.451647052454,2004.0,47.0,21.0,228.0,144.0,30.0,27.0,0.0,72.0,3.0,135.0,18.0,0.0
227,45,4,1844.0,2121.0,461.0,0.0,348.0,2691.0,178.00634917450836,8856.143600000007,9034.149949174514,2004.0,47.0,21.0,228.0,144.0,30.0,27.0,0.0,72.0,3.0,135.0,18.0,0.0
227,46,4,1848.0,2147.0,444.0,0.0,290.0,2691.0,95.74624832400464,8293.420400000006,8389.16664832401,2004.0,47.0,21.0,228.0,144.0,30.0,27.0,0.0,72.0,3.0,135.0,18.0,0.0
227,47,4,1847.0,2121.0,473.0,0.0,267.0,2691.0,97.3126299753867,9993.613999999994,10090.926629975382,2004.0,47.0,21.0,228.0,144.0,30.0,27.0,0.0,72.0,3.0,135.0,18.0,0.0
227,48,5,1867.0,2107.0,470.0,0.0,338.0,2691.0,57.125375825619024,9008.380800000003,9065.506175825622,2004.0,47.0,21.0,228.0,144.0,30.0,27.0,0.0,72.0,3.0,135.0,18.0,0.0
227,49,5,1834.0,2095.0,472.0,0.0,370.0,2691.0,99.59938937165411,9847.655999999995,9947.25538937165,2004.0,47.0,21.0,228.0,144.0,30.0,27.0,0.0,72.0,3.0,135.0,18.0,0.0
227,50,5,1826.0,2098.0,478.0,0.0,324.0,2691.0,95.81972906588851,9405.439999999997,9501.259729065887,2004.0,47.0,21.0,228.0,144.0,30.0,27.0,0.0,72.0,3.0,135.0,18.0,0.0
227,51,5,1824.0,2117.0,466.0,0.0,292.0,2691.0,98.96672768712028,9096.957600000002,9195.92432768712,2004.0,47.0,21.0,228.0,144.0,30.0,27.0,0.0,72.0,3.0,135.0,18.0,0.0
227,52,5,1865.0,2106.0,487.0,0.0,341.0,2691.0,16.417837234645777,9089.542800000001,9105.960637234646,2004.0,47.0,21.0,228.0,144.0,30.0,27.0,0.0,72.0,3.0,135.0,18.0,0.0
227,53,5,1867.0,2077.0,505.0,0.0,338.0,2691.0,179.59582819900353,9240.911599999996,9420.507428198998,2004.0,47.0,21.0,228.0,144.0,30.0,27.0,0.0,72.0,3.0,135.0,18.0,0.0
227,54,5,1885.0,2121.0,460.0,0.0,322.0,2691.0,137.76542944276596,9295.220000000001,9432.985429442768,2004.0,47.0,21.0,228.0,144.0,30.0,27.0,0.0,72.0,3.0,135.0,18.0,0.0
227,55,5,1838.0,2116.0,464.0,0.0,339.0,2691.0,57.89814841236091,9724.1428,9782.040948412361,2004.0,47.0,21.0,228.0,144.0,30.0,27.0,0.0,72.0,3.0,135.0,18.0,0.0
227,56,5,1776.0,2121.0,467.0,0.0,286.0,2691.0,97.09951444894136,7820.476400000003,7917.575914448944,2004.0,47.0,21.0,228.0,144.0,30.0,27.0,0.0,72.0,3.0,135.0,18.0,0.0
227,57,5,1854.0,2063.0,501.0,0.0,366.0,2691.0,57.0623273795742,8597.961599999999,8655.023927379572,2004.0,47.0,21.0,228.0,144.0,30.0,27.0,0.0,72.0,3.0,135.0,18.0,0.0
227,58,5,1844.0,2121.0,463.0,0.0,354.0,2691.0,18.212919445459036,8892.015200000002,8910.22811944546,2004.0,47.0,21.0,228.0,144.0,30.0,27.0,0.0,72.0,3.0,135.0,18.0,0.0
227,59,5,1896.0,2088.0,483.0,0.0,317.0,2691.0,55.81683236090111,7855.412800000002,7911.229632360903,2004.0,47.0,21.0,228.0,144.0,30.0,27.0,0.0,72.0,3.0,135.0,18.0,0.0
227,60,6,1872.0,2105.0,472.0,0.0,302.0,2691.0,55.943755454116406,9636.234000000002,9692.177755454119,2004.0,47.0,21.0,228.0,144.0,30.0,27.0,0.0,72.0,3.0,135.0,18.0,0.0
227,61,6,1863.0,2123.0,461.0,0.0,323.0,2691.0,14.9091152045582,8454.608800000005,8469.517915204564,2004.0,47.0,21.0,228.0,144.0,30.0,27.0,0.0,72.0,3.0,135.0,18.0,0.0
227,62,6,1840.0,2097.0,482.0,0.0,316.0,2691.0,17.13173479129184,9167.832400000003,9184.964134791295,2004.0,47.0,21.0,228.0,144.0,30.0,27.0,0.0,72.0,3.0,135.0,18.0,0.0
227,63,6,1844.0,2152.0,440.0,0.0,325.0,2691.0,56.453623481879035,8165.832400000007,8222.286023481885,2004.0,47.0,21.0,228.0,144.0,30.0,27.0,0.0,72.0,3.0,135.0,18.0,0.0
227,64,6,1856.0,2122.0,447.0,0.0,322.0,2691.0,179.05375872785817,10370.031999999996,10549.085758727853,2004.0,47.0,21.0,228.0,144.0,30.0,27.0,0.0,72.0,3.0,135.0,18.0,0.0
227,65,6,1885.0,2116.0,480.0,0.0,307.0,2691.0,137.08508016798032,8717.867600000001,8854.952680167982,2004.0,47.0,21.0,228.0,144.0,30.0,27.0,0.0,72.0,3.0,135.0,18.0,0.0
227,66,6,1880.0,2074.0,486.0,0.0,353.0,2691.0,57.07382903105966,8986.403600000001,9043.477429031062,2004.0,47.0,21.0,228.0,144.0,30.0,27.0,0.0,72.0,3.0,135.0,18.0,0.0
227,67,6,1837.0,2104.0,470.0,0.0,295.0,2691.0,98.91437345932431,9340.243199999997,9439.15757345932,2004.0,47.0,21.0,228.0,144.0,30.0,27.0,0.0,72.0,3.0,135.0,18.0,0.0
227,68,6,1844.0,2130.0,454.0,0.0,334.0,2691.0,55.500616478637696,8374.649200000003,8430.149816478643,2004.0,47.0,21.0,228.0,144.0,30.0,27.0,0.0,72.0,3.0,135.0,18.0,0.0
227,69,6,1859.0,2099.0,485.0,0.0,288.0,2691.0,15.602570666615806,9034.432799999999,9050.035370666614,2004.0,47.0,21.0,228.0,144.0,30.0,27.0,0.0,72.0,3.0,135.0,18.0,0.0
227,70,6,1852.0,2088.0,487.0,0.0,306.0,2691.0,56.59062194040113,9019.4028,9075.993421940402,2004.0,47.0,21.0,228.0,144.0,30.0,27.0,0.0,72.0,3.0,135.0,18.0,0.0
227,71,6,1865.0,2109.0,478.0,0.0,316.0,2691.0,137.522106336702,7730.296400000005,7867.818506336706,2004.0,47.0,21.0,228.0,144.0,30.0,27.0,0.0,72.0,3.0,135.0,18.0,0.0
227,72,7,1840.0,2060.0,498.0,0.0,361.0,2691.0,58.21572882301487,9222.808800000003,9281.024528823016,2004.0,47.0,21.0,228.0,144.0,30.0,27.0,0.0,72.0,3.0,135.0,18.0,0.0
227,73,7,1829.0,2136.0,459.0,0.0,349.0,2691.0,58.80631360746085,9305.239999999994,9364.046313607456,2004.0,47.0,21.0,228.0,144.0,30.0,27.0,0.0,72.0,3.0,135.0,18.0,0.0
227,74,7,1841.0,2120.0,467.0,0.0,353.0,2691.0,137.0317954246898,8258.818000000001,8395.84979542469,2004.0,47.0,21.0,228.0,144.0,30.0,27.0,0.0,72.0,3.0,135.0,18.0,0.0
227,75,7,1812.0,2130.0,446.0,0.0,298.0,2691.0,56.69772021839111,9137.505200000003,9194.202920218395,2004.0,47.0,21.0,228.0,144.0,30.0,27.0,0.0,72.0,3.0,135.0,18.0,0.0
227,76,7,1855.0,2074.0,510.0,0.0,343.0,2691.0,94.98341864417377,8321.209200000001,8416.192618644176,2004.0,47.0,21.0,228.0,144.0,30.0,27.0,0.0,72.0,3.0,135.0,18.0,0.0
227,77,7,1854.0,2093.0,497.0,0.0,331.0,2691.0,15.922826342572243,9316.996800000003,9332.919626342575,2004.0,47.0,21.0,228.0,144.0,30.0,27.0,0.0,72.0,3.0,135.0,18.0,0.0
227,78,7,1870.0,2089.0,488.0,0.0,320.0,2691.0,96.06927681895479,8910.3852,9006.454476818955,2004.0,47.0,21.0,228.0,144.0,30.0,27.0,0.0,72.0,3.0,135.0,18.0,0.0
227,79,7,1887.0,2106.0,476.0,0.0,279.0,2691.0,178.31861326717632,7147.466400000004,7325.785013267181,2004.0,47.0,21.0,228.0,144.0,30.0,27.0,0.0,72.0,3.0,135.0,18.0,0.0
227,80,7,1865.0,2088.0,476.0,0.0,350.0,2691.0,138.1641416200158,8826.551200000004,8964.71534162002,2004.0,47.0,21.0,228.0,144.0,30.0,27.0,0.0,72.0,3.0,135.0,18.0,0.0
227,81,7,1843.0,2071.0,479.0,0.0,330.0,2691.0,98.01236885908534,7589.816000000002,7687.828368859087,2004.0,47.0,21.0,228.0,144.0,30.0,27.0,0.0,72.0,3.0,135.0,18.0,0.0
227,82,7,1840.0,2117.0,458.0,0.0,316.0,2691.0,138.26021166467243,8384.5356,8522.795811664671,2004.0,47.0,21.0,228.0,144.0,30.0,27.0,0.0,72.0,3.0,135.0,18.0,0.0
227,83,7,1894.0,2091.0,497.0,0.0,307.0,2691.0,17.06488985812561,10513.852399999992,10530.917289858118,2004.0,47.0,21.0,228.0,144.0,30.0,27.0,0.0,72.0,3.0,135.0,18.0,0.0
227,84,8,1862.0,2138.0,456.0,0.0,306.0,2691.0,97.82441286678998,9574.644399999997,9672.468812866788,2004.0,47.0,21.0,228.0,144.0,30.0,27.0,0.0,72.0,3.0,135.0,18.0,0.0
227,85,8,1843.0,2111.0,455.0,0.0,351.0,2691.0,137.460456491196,9111.319599999999,9248.780056491196,2004.0,47.0,21.0,228.0,144.0,30.0,27.0,0.0,72.0,3.0,135.0,18.0,0.0
227,86,8,1834.0,2066.0,533.0,0.0,306.0,2691.0,57.70273501351381,8471.375600000001,8529.078335013515,2004.0,47.0,21.0,228.0,144.0,30.0,27.0,0.0,72.0,3.0,135.0,18.0,0.0
227,87,8,1832.0,2111.0,470.0,0.0,338.0,2691.0,56.41910660171614,10056.272399999994,10112.69150660171,2004.0,47.0,21.0,228.0,144.0,30.0,27.0,0.0,72.0,3.0,135.0,18.0,0.0
227,88,8,1847.0,2114.0,476.0,0.0,325.0,2691.0,16.617629582912766,8968.901999999998,8985.51962958291,2004.0,47.0,21.0,228.0,144.0,30.0,27.0,0.0,72.0,3.0,135.0,18.0,0.0
227,89,8,1796.0,2127.0,466.0,0.0,334.0,2691.0,16.494971324885892,8523.7468,8540.241771324887,2004.0,47.0,21.0,228.0,144.0,30.0,27.0,0.0,72.0,3.0,135.0,18.0,0.0
227,90,8,1842.0,2132.0,456.0,0.0,350.0,2691.0,58.498258474146304,9770.502000000002,9829.000258474147,2004.0,47.0,21.0,228.0,144.0,30.0,27.0,0.0,72.0,3.0,135.0,18.0,0.0
227,91,8,1858.0,2095.0,499.0,0.0,340.0,2691.0,138.40296810702296,9429.421199999997,9567.824168107018,2004.0,47.0,21.0,228.0,144.0,30.0,27.0,0.0,72.0,3.0,135.0,18.0,0.0
227,92,8,1793.0,2143.0,449.0,0.0,330.0,2691.0,57.306841287837074,9523.876400000005,9581.183241287841,2004.0,47.0,21.0,228.0,144.0,30.0,27.0,0.0,72.0,3.0,135.0,18.0,0.0
227,93,8,1848.0,2124.0,461.0,0.0,302.0,2691.0,57.050664662203644,8304.709600000006,8361.760264662209,2004.0,47.0,21.0,228.0,144.0,30.0,27.0,0.0,72.0,3.0,135.0,18.0,0.0
227,94,8,1828.0,2101.0,487.0,0.0,299.0,2691.0,17.661306886851065,8823.411599999996,8841.072906886848,2004.0,47.0,21.0,228.0,144.0,30.0,27.0,0.0,72.0,3.0,135.0,18.0,0.0
227,95,8,1820.0,2070.0,501.0,0.0,267.0,2691.0,58.18129866768368,9678.585199999998,9736.766498667681,2004.0,47.0,21.0,228.0,144.0,30.0,27.0,0.0,72.0,3.0,135.0,18.0,0.0
227,96,9,1843.0,2104.0,479.0,0.0,360.0,2691.0,97.78447338481035,8317.468399999998,8415.252873384808,2004.0,47.0,21.0,228.0,144.0,30.0,27.0,0.0,72.0,3.0,135.0,18.0,0.0
227,97,9,1855.0,2092.0,492.0,0.0,311.0,2691.0,96.48893424612844,8471.442399999998,8567.931334246126,2004.0,47.0,21.0,228.0,144.0,30.0,27.0,0.0,72.0,3.0,135.0,18.0,0.0
227,98,9,1867.0,2072.0,508.0,0.0,348.0,2691.0,97.30666505455994,8365.096800000005,8462.403465054565,2004.0,47.0,21.0,228.0,144.0,30.0,27.0,0.0,72.0,3.0,135.0,18.0,0.0
227,99,9,1845.0,2128.0,457.0,0.0,330.0,2691.0,97.24584919994719,8239.0452,8336.291049199948,2004.0,47.0,21.0,228.0,144.0,30.0,27.0,0.0,72.0,3.0,135.0,18.0,0.0
227,100,9,1794.0,2098.0,490.0,0.0,309.0,2691.0,97.68593615460945,9216.061999999998,9313.747936154608,2004.0,47.0,21.0,228.0,144.0,30.0,27.0,0.0,72.0,3.0,135.0,18.0,0.0
227,101,9,1856.0,2135.0,448.0,0.0,329.0,2691.0,14.985407893950956,10264.421199999992,10279.406607893943,2004.0,47.0,21.0,228.0,144.0,30.0,27.0,0.0,72.0,3.0,135.0,18.0,0.0
227,102,9,1848.0,2093.0,489.0,0.0,299.0,2691.0,17.583702597203093,8625.55,8643.133702597203,2004.0,47.0,21.0,228.0,144.0,30.0,27.0,0.0,72.0,3.0,135.0,18.0,0.0
227,103,9,1824.0,2128.0,470.0,0.0,321.0,2691.0,17.889706318059744,10135.229999999996,10153.119706318053,2004.0,47.0,21.0,228.0,144.0,30.0,27.0,0.0,72.0,3.0,135.0,18.0,0.0
227,104,9,1870.0,2099.0,485.0,0.0,303.0,2691.0,18.823776111004264,9931.690399999992,9950.514176110997,2004.0,47.0,21.0,228.0,144.0,30.0,27.0,0.0,72.0,3.0,135.0,18.0,0.0
227,105,9,1846.0,2121.0,462.0,0.0,280.0,2691.0,17.05706613922187,9516.394800000002,9533.451866139225,2004.0,47.0,21.0,228.0,144.0,30.0,27.0,0.0,72.0,3.0,135.0,18.0,0.0
227,106,9,1859.0,2120.0,475.0,0.0,304.0,2691.0,98.3269355399129,8594.421199999999,8692.748135539912,2004.0,47.0,21.0,228.0,144.0,30.0,27.0,0.0,72.0,3.0,135.0,18.0,0.0
227,107,9,1877.0,2106.0,476.0,0.0,332.0,2691.0,139.43698112677876,9001.500400000004,9140.937381126783,2004.0,47.0,21.0,228.0,144.0,30.0,27.0,0.0,72.0,3.0,135.0,18.0,0.0
227,108,10,1889.0,2073.0,514.0,0.0,289.0,2691.0,137.1292797140103,9626.547999999995,9763.677279714006,2004.0,47.0,21.0,228.0,144.0,30.0,27.0,0.0,72.0,3.0,135.0,18.0,0.0
227,109,10,1892.0,2078.0,496.0,0.0,321.0,2691.0,15.323669469257068,8376.185599999999,8391.509269469256,2004.0,47.0,21.0,228.0,144.0,30.0,27.0,0.0,72.0,3.0,135.0,18.0,0.0
227,110,10,1853.0,2124.0,473.0,0.0,321.0,2691.0,14.775571054784827,8351.068800000001,8365.844371054784,2004.0,47.0,21.0,228.0,144.0,30.0,27.0,0.0,72.0,3.0,135.0,18.0,0.0
227,111,10,1875.0,2151.0,454.0,0.0,275.0,2691.0,341.59163868121146,8751.334400000003,9092.926038681215,2004.0,47.0,21.0,228.0,144.0,30.0,27.0,0.0,72.0,3.0,135.0,18.0,0.0
227,112,10,1885.0,2104.0,477.0,0.0,321.0,2691.0,139.5150938932089,8691.949200000001,8831.464293893208,2004.0,47.0,21.0,228.0,144.0,30.0,27.0,0.0,72.0,3.0,135.0,18.0,0.0
227,113,10,1885.0,2109.0,467.0,0.0,342.0,2691.0,57.54658088965916,9673.70879999999,9731.255380889648,2004.0,47.0,21.0,228.0,144.0,30.0,27.0,0.0,72.0,3.0,135.0,18.0,0.0
227,114,10,1872.0,2079.0,495.0,0.0,323.0,2691.0,56.734389372036,8060.756000000005,8117.490389372041,2004.0,47.0,21.0,228.0,144.0,30.0,27.0,0.0,72.0,3.0,135.0,18.0,0.0
227,115,10,1805.0,2097.0,464.0,0.0,325.0,2691.0,138.561941215481,9596.95559999999,9735.517541215471,2004.0,47.0,21.0,228.0,144.0,30.0,27.0,0.0,72.0,3.0,135.0,18.0,0.0
227,116,10,1841.0,2090.0,488.0,0.0,338.0,2691.0,57.089657178502776,8388.41,8445.499657178503,2004.0,47.0,21.0,228.0,144.0,30.0,27.0,0.0,72.0,3.0,135.0,18.0,0.0
227,117,10,1860.0,2088.0,476.0,0.0,318.0,2691.0,57.674935417082494,9290.7444,9348.419335417084,2004.0,47.0,21.0,228.0,144.0,30.0,27.0,0.0,72.0,3.0,135.0,18.0,0.0
227,118,10,1883.0,2135.0,440.0,0.0,305.0,2691.0,96.49471456503834,8469.371599999995,8565.866314565033,2004.0,47.0,21.0,228.0,144.0,30.0,27.0,0.0,72.0,3.0,135.0,18.0,0.0
227,119,10,1828.0,2117.0,479.0,0.0,325.0,2691.0,17.13698647679567,8182.3988000000045,8199.5357864768,2004.0,47.0,21.0,228.0,144.0,30.0,27.0,0.0,72.0,3.0,135.0,18.0,0.0
228,0,1,1882.0,2118.0,444.0,0.0,321.0,2691.0,16.16724343063085,8797.3596,8813.52684343063,2004.0,47.0,21.0,228.0,144.0,30.0,27.0,0.0,72.0,3.0,135.0,18.0,0.0
228,1,1,1838.0,2077.0,509.0,0.0,340.0,2691.0,58.30566660723976,10246.7192,10305.024866607238,2004.0,47.0,21.0,228.0,144.0,30.0,27.0,0.0,72.0,3.0,135.0,18.0,0.0
228,2,1,1865.0,2096.0,489.0,0.0,287.0,2691.0,100.52341407933667,10661.079599999995,10761.603014079334,2004.0,47.0,21.0,228.0,144.0,30.0,27.0,0.0,72.0,3.0,135.0,18.0,0.0
228,3,1,1861.0,2136.0,441.0,0.0,336.0,2691.0,98.42977208470244,8890.1448,8988.574572084703,2004.0,47.0,21.0,228.0,144.0,30.0,27.0,0.0,72.0,3.0,135.0,18.0,0.0
228,4,1,1828.0,2124.0,452.0,0.0,323.0,2691.0,59.29166288222343,8373.647200000003,8432.938862882227,2004.0,47.0,21.0,228.0,144.0,30.0,27.0,0.0,72.0,3.0,135.0,18.0,0.0
228,5,1,1867.0,2087.0,507.0,0.0,325.0,2691.0,137.79722744005628,9893.079999999996,10030.877227440053,2004.0,47.0,21.0,228.0,144.0,30.0,27.0,0.0,72.0,3.0,135.0,18.0,0.0
228,6,1,1851.0,2089.0,480.0,0.0,272.0,2691.0,58.25571860222837,8407.8488,8466.104518602227,2004.0,47.0,21.0,228.0,144.0,30.0,27.0,0.0,72.0,3.0,135.0,18.0,0.0
228,7,1,1844.0,2074.0,507.0,0.0,312.0,2691.0,58.872848934147584,8778.455199999993,8837.328048934141,2004.0,47.0,21.0,228.0,144.0,30.0,27.0,0.0,72.0,3.0,135.0,18.0,0.0
228,8,1,1849.0,2092.0,500.0,0.0,290.0,2691.0,16.77274903307233,8301.236,8318.008749033073,2004.0,47.0,21.0,228.0,144.0,30.0,27.0,0.0,72.0,3.0,135.0,18.0,0.0
228,9,1,1888.0,2100.0,494.0,0.0,319.0,2691.0,18.144055308847083,9094.619599999996,9112.763655308843,2004.0,47.0,21.0,228.0,144.0,30.0,27.0,0.0,72.0,3.0,135.0,18.0,0.0
228,10,1,1837.0,2150.0,444.0,0.0,297.0,2691.0,97.15778517269685,8931.894799999998,9029.052585172696,2004.0,47.0,21.0,228.0,144.0,30.0,27.0,0.0,72.0,3.0,135.0,18.0,0.0
228,11,1,1850.0,2139.0,457.0,0.0,317.0,2691.0,57.29554472995277,9793.080399999999,9850.37594472995,2004.0,47.0,21.0,228.0,144.0,30.0,27.0,0.0,72.0,3.0,135.0,18.0,0.0
228,12,2,1836.0,2095.0,492.0,0.0,338.0,2691.0,17.64032649296546,9172.308000000003,9189.948326492968,2004.0,47.0,21.0,228.0,144.0,30.0,27.0,0.0,72.0,3.0,135.0,18.0,0.0
228,13,2,1835.0,2132.0,464.0,0.0,301.0,2691.0,18.515814402083258,8836.7048,8855.220614402084,2004.0,47.0,21.0,228.0,144.0,30.0,27.0,0.0,72.0,3.0,135.0,18.0,0.0
228,14,2,1857.0,2094.0,490.0,0.0,329.0,2691.0,97.99119427432674,8261.9576,8359.948794274327,2004.0,47.0,21.0,228.0,144.0,30.0,27.0,0.0,72.0,3.0,135.0,18.0,0.0
228,15,2,1866.0,2069.0,519.0,0.0,285.0,2691.0,98.49529548690347,10076.446,10174.941295486902,2004.0,47.0,21.0,228.0,144.0,30.0,27.0,0.0,72.0,3.0,135.0,18.0,0.0
228,16,2,1841.0,2127.0,462.0,0.0,289.0,2691.0,17.245437143869562,8572.9784,8590.223837143869,2004.0,47.0,21.0,228.0,144.0,30.0,27.0,0.0,72.0,3.0,135.0,18.0,0.0
228,17,2,1828.0,2131.0,451.0,0.0,267.0,2691.0,97.4729149595705,9537.704,9635.17691495957,2004.0,47.0,21.0,228.0,144.0,30.0,27.0,0.0,72.0,3.0,135.0,18.0,0.0
228,18,2,1883.0,2127.0,466.0,0.0,293.0,2691.0,15.975389135653788,8705.843599999997,8721.818989135652,2004.0,47.0,21.0,228.0,144.0,30.0,27.0,0.0,72.0,3.0,135.0,18.0,0.0
228,19,2,1923.0,2103.0,471.0,0.0,320.0,2691.0,61.6289436236978,10132.958799999999,10194.587743623695,2004.0,47.0,21.0,228.0,144.0,30.0,27.0,0.0,72.0,3.0,135.0,18.0,0.0
228,20,2,1842.0,2082.0,498.0,0.0,320.0,2691.0,17.53730315582548,8453.940800000004,8471.478103155829,2004.0,47.0,21.0,228.0,144.0,30.0,27.0,0.0,72.0,3.0,135.0,18.0,0.0
228,21,2,1874.0,2071.0,514.0,0.0,307.0,2691.0,17.41097864084799,8748.996399999996,8766.407378640844,2004.0,47.0,21.0,228.0,144.0,30.0,27.0,0.0,72.0,3.0,135.0,18.0,0.0
228,22,2,1859.0,2097.0,487.0,0.0,315.0,2691.0,100.35822570784146,9271.840000000004,9372.198225707845,2004.0,47.0,21.0,228.0,144.0,30.0,27.0,0.0,72.0,3.0,135.0,18.0,0.0
228,23,2,1845.0,2101.0,478.0,0.0,297.0,2691.0,139.5370508264607,8691.281200000001,8830.818250826462,2004.0,47.0,21.0,228.0,144.0,30.0,27.0,0.0,72.0,3.0,135.0,18.0,0.0
228,24,3,1905.0,2115.0,471.0,0.0,331.0,2691.0,17.14139427488439,9049.997199999998,9067.138594274884,2004.0,47.0,21.0,228.0,144.0,30.0,27.0,0.0,72.0,3.0,135.0,18.0,0.0
228,25,3,1846.0,2089.0,487.0,0.0,353.0,2691.0,18.73593183438119,9105.908800000001,9124.644731834382,2004.0,47.0,21.0,228.0,144.0,30.0,27.0,0.0,72.0,3.0,135.0,18.0,0.0
228,26,3,1848.0,2100.0,476.0,0.0,276.0,2691.0,139.4807472917634,9236.636400000003,9376.117147291767,2004.0,47.0,21.0,228.0,144.0,30.0,27.0,0.0,72.0,3.0,135.0,18.0,0.0
228,27,3,1860.0,2112.0,468.0,0.0,308.0,2691.0,60.28307852848454,10447.853999999996,10508.137078528482,2004.0,47.0,21.0,228.0,144.0,30.0,27.0,0.0,72.0,3.0,135.0,18.0,0.0
228,28,3,1865.0,2119.0,466.0,0.0,303.0,2691.0,98.94423736327269,9258.212800000001,9357.157037363273,2004.0,47.0,21.0,228.0,144.0,30.0,27.0,0.0,72.0,3.0,135.0,18.0,0.0
228,29,3,1885.0,2106.0,471.0,0.0,326.0,2691.0,57.897630736895586,8418.136000000004,8476.0336307369,2004.0,47.0,21.0,228.0,144.0,30.0,27.0,0.0,72.0,3.0,135.0,18.0,0.0
228,30,3,1839.0,2099.0,480.0,0.0,321.0,2691.0,18.97690421217632,8329.626,8348.602904212177,2004.0,47.0,21.0,228.0,144.0,30.0,27.0,0.0,72.0,3.0,135.0,18.0,0.0
228,31,3,1852.0,2118.0,468.0,0.0,333.0,2691.0,17.430778021463674,8721.007199999996,8738.43797802146,2004.0,47.0,21.0,228.0,144.0,30.0,27.0,0.0,72.0,3.0,135.0,18.0,0.0
228,32,3,1856.0,2106.0,470.0,0.0,326.0,2691.0,57.38550583061098,9446.121199999998,9503.506705830609,2004.0,47.0,21.0,228.0,144.0,30.0,27.0,0.0,72.0,3.0,135.0,18.0,0.0
228,33,3,1830.0,2128.0,452.0,0.0,311.0,2691.0,56.24499675259638,8358.283199999998,8414.528196752595,2004.0,47.0,21.0,228.0,144.0,30.0,27.0,0.0,72.0,3.0,135.0,18.0,0.0
228,34,3,1840.0,2111.0,480.0,0.0,346.0,2691.0,17.97389888146273,8543.118800000006,8561.092698881468,2004.0,47.0,21.0,228.0,144.0,30.0,27.0,0.0,72.0,3.0,135.0,18.0,0.0
228,35,3,1854.0,2081.0,485.0,0.0,336.0,2691.0,99.13649036441004,8941.046400000001,9040.182890364411,2004.0,47.0,21.0,228.0,144.0,30.0,27.0,0.0,72.0,3.0,135.0,18.0,0.0
228,36,4,1843.0,2104.0,488.0,0.0,309.0,2691.0,180.04787578607198,8744.854800000001,8924.902675786072,2004.0,47.0,21.0,228.0,144.0,30.0,27.0,0.0,72.0,3.0,135.0,18.0,0.0
228,37,4,1852.0,2109.0,483.0,0.0,339.0,2691.0,58.74050025230185,8674.313999999997,8733.0545002523,2004.0,47.0,21.0,228.0,144.0,30.0,27.0,0.0,72.0,3.0,135.0,18.0,0.0
228,38,4,1887.0,2085.0,495.0,0.0,357.0,2691.0,16.622864458778864,9284.0644,9300.68726445878,2004.0,47.0,21.0,228.0,144.0,30.0,27.0,0.0,72.0,3.0,135.0,18.0,0.0
228,39,4,1853.0,2072.0,510.0,0.0,324.0,2691.0,98.75142905692189,9157.144399999996,9255.895829056917,2004.0,47.0,21.0,228.0,144.0,30.0,27.0,0.0,72.0,3.0,135.0,18.0,0.0
228,40,4,1865.0,2108.0,482.0,0.0,272.0,2691.0,19.128068710105286,8452.2708,8471.398868710105,2004.0,47.0,21.0,228.0,144.0,30.0,27.0,0.0,72.0,3.0,135.0,18.0,0.0
228,41,4,1854.0,2127.0,452.0,0.0,301.0,2691.0,17.448282873283887,8471.709600000002,8489.157882873285,2004.0,47.0,21.0,228.0,144.0,30.0,27.0,0.0,72.0,3.0,135.0,18.0,0.0
228,42,4,1855.0,2130.0,471.0,0.0,270.0,2691.0,16.907407610034586,8132.365600000003,8149.273007610038,2004.0,47.0,21.0,228.0,144.0,30.0,27.0,0.0,72.0,3.0,135.0,18.0,0.0
228,43,4,1911.0,2060.0,529.0,0.0,290.0,2691.0,18.28540359924841,9232.695199999998,9250.980603599246,2004.0,47.0,21.0,228.0,144.0,30.0,27.0,0.0,72.0,3.0,135.0,18.0,0.0
228,44,4,1844.0,2134.0,448.0,0.0,325.0,2691.0,56.62210092778755,9023.143600000003,9079.76570092779,2004.0,47.0,21.0,228.0,144.0,30.0,27.0,0.0,72.0,3.0,135.0,18.0,0.0
228,45,4,1848.0,2140.0,451.0,0.0,282.0,2691.0,97.72438642413712,8311.924000000005,8409.648386424142,2004.0,47.0,21.0,228.0,144.0,30.0,27.0,0.0,72.0,3.0,135.0,18.0,0.0
228,46,4,1847.0,2123.0,470.0,0.0,260.0,2691.0,98.44877232299677,9981.456399999995,10079.905172322991,2004.0,47.0,21.0,228.0,144.0,30.0,27.0,0.0,72.0,3.0,135.0,18.0,0.0
228,47,4,1867.0,2106.0,471.0,0.0,332.0,2691.0,57.23461680994433,8966.096400000002,9023.331016809945,2004.0,47.0,21.0,228.0,144.0,30.0,27.0,0.0,72.0,3.0,135.0,18.0,0.0
228,48,5,1834.0,2091.0,476.0,0.0,375.0,2691.0,140.8331501248792,10065.423999999997,10206.257150124875,2004.0,47.0,21.0,228.0,144.0,30.0,27.0,0.0,72.0,3.0,135.0,18.0,0.0
228,49,5,1826.0,2100.0,475.0,0.0,319.0,2691.0,57.0174731957767,9872.171599999994,9929.189073195772,2004.0,47.0,21.0,228.0,144.0,30.0,27.0,0.0,72.0,3.0,135.0,18.0,0.0
228,50,5,1824.0,2114.0,469.0,0.0,287.0,2691.0,59.535192070995585,8902.7032,8962.238392070994,2004.0,47.0,21.0,228.0,144.0,30.0,27.0,0.0,72.0,3.0,135.0,18.0,0.0
228,51,5,1865.0,2104.0,489.0,0.0,329.0,2691.0,17.723079396048632,9276.449200000001,9294.172279396049,2004.0,47.0,21.0,228.0,144.0,30.0,27.0,0.0,72.0,3.0,135.0,18.0,0.0
228,52,5,1867.0,2070.0,512.0,0.0,329.0,2691.0,139.33043529490027,9236.836799999995,9376.167235294895,2004.0,47.0,21.0,228.0,144.0,30.0,27.0,0.0,72.0,3.0,135.0,18.0,0.0
228,53,5,1885.0,2121.0,460.0,0.0,314.0,2691.0,97.79500919870245,9262.4212,9360.216209198703,2004.0,47.0,21.0,228.0,144.0,30.0,27.0,0.0,72.0,3.0,135.0,18.0,0.0
228,54,5,1838.0,2112.0,468.0,0.0,327.0,2691.0,57.857770994805776,9572.039200000001,9629.896970994807,2004.0,47.0,21.0,228.0,144.0,30.0,27.0,0.0,72.0,3.0,135.0,18.0,0.0
228,55,5,1776.0,2119.0,469.0,0.0,282.0,2691.0,98.08017994784679,7872.780800000004,7970.86097994785,2004.0,47.0,21.0,228.0,144.0,30.0,27.0,0.0,72.0,3.0,135.0,18.0,0.0
228,56,5,1854.0,2060.0,504.0,0.0,361.0,2691.0,58.67322643578409,8993.484399999996,9052.15762643578,2004.0,47.0,21.0,228.0,144.0,30.0,27.0,0.0,72.0,3.0,135.0,18.0,0.0
228,57,5,1844.0,2119.0,466.0,0.0,347.0,2691.0,19.41994800034474,9333.3628,9352.782748000345,2004.0,47.0,21.0,228.0,144.0,30.0,27.0,0.0,72.0,3.0,135.0,18.0,0.0
228,58,5,1896.0,2084.0,487.0,0.0,310.0,2691.0,57.179582912183804,8205.3112,8262.490782912184,2004.0,47.0,21.0,228.0,144.0,30.0,27.0,0.0,72.0,3.0,135.0,18.0,0.0
228,59,5,1872.0,2087.0,490.0,0.0,297.0,2691.0,56.491681685165,9493.616000000002,9550.107681685167,2004.0,47.0,21.0,228.0,144.0,30.0,27.0,0.0,72.0,3.0,135.0,18.0,0.0
228,60,6,1863.0,2121.0,463.0,0.0,315.0,2691.0,16.637005435164685,8463.626800000004,8480.263805435168,2004.0,47.0,21.0,228.0,144.0,30.0,27.0,0.0,72.0,3.0,135.0,18.0,0.0
228,61,6,1840.0,2094.0,485.0,0.0,308.0,2691.0,58.18591752551452,9330.891200000002,9389.077117525516,2004.0,47.0,21.0,228.0,144.0,30.0,27.0,0.0,72.0,3.0,135.0,18.0,0.0
228,62,6,1844.0,2149.0,443.0,0.0,314.0,2691.0,17.954661708145856,8309.853200000007,8327.807861708152,2004.0,47.0,21.0,228.0,144.0,30.0,27.0,0.0,72.0,3.0,135.0,18.0,0.0
228,63,6,1856.0,2122.0,447.0,0.0,315.0,2691.0,139.58209393887483,10541.240399999999,10680.822493938873,2004.0,47.0,21.0,228.0,144.0,30.0,27.0,0.0,72.0,3.0,135.0,18.0,0.0
228,64,6,1885.0,2113.0,483.0,0.0,299.0,2691.0,97.36039075871267,8973.244,9070.604390758712,2004.0,47.0,21.0,228.0,144.0,30.0,27.0,0.0,72.0,3.0,135.0,18.0,0.0
228,65,6,1880.0,2071.0,489.0,0.0,350.0,2691.0,98.5877361548241,9051.266400000002,9149.854136154825,2004.0,47.0,21.0,228.0,144.0,30.0,27.0,0.0,72.0,3.0,135.0,18.0,0.0
228,66,6,1837.0,2102.0,472.0,0.0,290.0,2691.0,100.58891794817659,9233.897599999995,9334.486517948171,2004.0,47.0,21.0,228.0,144.0,30.0,27.0,0.0,72.0,3.0,135.0,18.0,0.0
228,67,6,1844.0,2131.0,453.0,0.0,329.0,2691.0,57.416982701558865,8309.786399999999,8367.203382701558,2004.0,47.0,21.0,228.0,144.0,30.0,27.0,0.0,72.0,3.0,135.0,18.0,0.0
228,68,6,1859.0,2096.0,488.0,0.0,279.0,2691.0,16.222459382054257,9515.325999999997,9531.548459382051,2004.0,47.0,21.0,228.0,144.0,30.0,27.0,0.0,72.0,3.0,135.0,18.0,0.0
228,69,6,1852.0,2091.0,484.0,0.0,308.0,2691.0,57.914674175794254,8831.694799999997,8889.609474175792,2004.0,47.0,21.0,228.0,144.0,30.0,27.0,0.0,72.0,3.0,135.0,18.0,0.0
228,70,6,1865.0,2106.0,481.0,0.0,317.0,2691.0,98.612602196297,7936.441200000006,8035.053802196303,2004.0,47.0,21.0,228.0,144.0,30.0,27.0,0.0,72.0,3.0,135.0,18.0,0.0
228,71,6,1840.0,2058.0,501.0,0.0,344.0,2691.0,59.12551190009448,9116.863999999998,9175.989511900094,2004.0,47.0,21.0,228.0,144.0,30.0,27.0,0.0,72.0,3.0,135.0,18.0,0.0
228,72,7,1829.0,2135.0,461.0,0.0,340.0,2691.0,60.277825461861696,9428.285599999992,9488.563425461853,2004.0,47.0,21.0,228.0,144.0,30.0,27.0,0.0,72.0,3.0,135.0,18.0,0.0
228,73,7,1841.0,2117.0,470.0,0.0,348.0,2691.0,98.21514395324215,8494.288,8592.503143953243,2004.0,47.0,21.0,228.0,144.0,30.0,27.0,0.0,72.0,3.0,135.0,18.0,0.0
228,74,7,1812.0,2129.0,447.0,0.0,287.0,2691.0,57.307983969844656,9326.081600000003,9383.389583969847,2004.0,47.0,21.0,228.0,144.0,30.0,27.0,0.0,72.0,3.0,135.0,18.0,0.0
228,75,7,1855.0,2071.0,513.0,0.0,344.0,2691.0,56.02844231958433,8446.3256,8502.354042319585,2004.0,47.0,21.0,228.0,144.0,30.0,27.0,0.0,72.0,3.0,135.0,18.0,0.0
228,76,7,1854.0,2094.0,496.0,0.0,321.0,2691.0,18.036133898356688,9322.674800000004,9340.710933898361,2004.0,47.0,21.0,228.0,144.0,30.0,27.0,0.0,72.0,3.0,135.0,18.0,0.0
228,77,7,1870.0,2090.0,487.0,0.0,320.0,2691.0,57.30215543195538,9226.0152,9283.317355431955,2004.0,47.0,21.0,228.0,144.0,30.0,27.0,0.0,72.0,3.0,135.0,18.0,0.0
228,78,7,1887.0,2100.0,481.0,0.0,271.0,2691.0,99.75429471008351,7264.700400000004,7364.454694710087,2004.0,47.0,21.0,228.0,144.0,30.0,27.0,0.0,72.0,3.0,135.0,18.0,0.0
228,79,7,1865.0,2086.0,478.0,0.0,347.0,2691.0,99.18340689865087,9294.886000000004,9394.069406898654,2004.0,47.0,21.0,228.0,144.0,30.0,27.0,0.0,72.0,3.0,135.0,18.0,0.0
228,80,7,1843.0,2067.0,483.0,0.0,319.0,2691.0,98.81670286962603,7569.308400000002,7668.125102869628,2004.0,47.0,21.0,228.0,144.0,30.0,27.0,0.0,72.0,3.0,135.0,18.0,0.0
228,81,7,1840.0,2114.0,461.0,0.0,308.0,2691.0,99.28461387003408,8655.609999999997,8754.89461387003,2004.0,47.0,21.0,228.0,144.0,30.0,27.0,0.0,72.0,3.0,135.0,18.0,0.0
228,82,7,1894.0,2087.0,501.0,0.0,301.0,2691.0,58.56804686142485,10899.355199999993,10957.923246861417,2004.0,47.0,21.0,228.0,144.0,30.0,27.0,0.0,72.0,3.0,135.0,18.0,0.0
228,83,7,1862.0,2135.0,459.0,0.0,296.0,2691.0,58.244748082369846,9806.106399999997,9864.351148082367,2004.0,47.0,21.0,228.0,144.0,30.0,27.0,0.0,72.0,3.0,135.0,18.0,0.0
228,84,8,1843.0,2107.0,459.0,0.0,362.0,2691.0,139.660123775526,9225.9484,9365.608523775525,2004.0,47.0,21.0,228.0,144.0,30.0,27.0,0.0,72.0,3.0,135.0,18.0,0.0
228,85,8,1834.0,2062.0,537.0,0.0,300.0,2691.0,59.35714107278921,8592.6176,8651.974741072789,2004.0,47.0,21.0,228.0,144.0,30.0,27.0,0.0,72.0,3.0,135.0,18.0,0.0
228,86,8,1832.0,2113.0,468.0,0.0,329.0,2691.0,57.80710547199675,10070.367199999995,10128.174305471992,2004.0,47.0,21.0,228.0,144.0,30.0,27.0,0.0,72.0,3.0,135.0,18.0,0.0
228,87,8,1847.0,2113.0,476.0,0.0,314.0,2691.0,17.99434877626555,8972.709599999996,8990.703948776263,2004.0,47.0,21.0,228.0,144.0,30.0,27.0,0.0,72.0,3.0,135.0,18.0,0.0
228,88,8,1796.0,2128.0,466.0,0.0,325.0,2691.0,17.378234404379025,8622.944800000001,8640.32303440438,2004.0,47.0,21.0,228.0,144.0,30.0,27.0,0.0,72.0,3.0,135.0,18.0,0.0
228,89,8,1842.0,2130.0,458.0,0.0,340.0,2691.0,59.571407381712625,9822.806400000001,9882.377807381714,2004.0,47.0,21.0,228.0,144.0,30.0,27.0,0.0,72.0,3.0,135.0,18.0,0.0
228,90,8,1858.0,2095.0,499.0,0.0,339.0,2691.0,99.99083192817305,9204.305199999995,9304.296031928166,2004.0,47.0,21.0,228.0,144.0,30.0,27.0,0.0,72.0,3.0,135.0,18.0,0.0
228,91,8,1793.0,2140.0,452.0,0.0,323.0,2691.0,57.79777646287366,9411.118000000004,9468.915776462878,2004.0,47.0,21.0,228.0,144.0,30.0,27.0,0.0,72.0,3.0,135.0,18.0,0.0
228,92,8,1848.0,2120.0,465.0,0.0,307.0,2691.0,17.2369703183332,8071.978400000005,8089.215370318338,2004.0,47.0,21.0,228.0,144.0,30.0,27.0,0.0,72.0,3.0,135.0,18.0,0.0
228,93,8,1828.0,2098.0,490.0,0.0,290.0,2691.0,18.077660443556947,8942.315599999996,8960.39326044355,2004.0,47.0,21.0,228.0,144.0,30.0,27.0,0.0,72.0,3.0,135.0,18.0,0.0
228,94,8,1820.0,2067.0,504.0,0.0,266.0,2691.0,99.10839127254917,9928.417199999996,10027.525591272544,2004.0,47.0,21.0,228.0,144.0,30.0,27.0,0.0,72.0,3.0,135.0,18.0,0.0
228,95,8,1843.0,2102.0,481.0,0.0,347.0,2691.0,18.93841303157673,8361.890399999997,8380.828813031574,2004.0,47.0,21.0,228.0,144.0,30.0,27.0,0.0,72.0,3.0,135.0,18.0,0.0
228,96,9,1855.0,2088.0,496.0,0.0,304.0,2691.0,97.96970804747795,8690.679999999997,8788.649708047475,2004.0,47.0,21.0,228.0,144.0,30.0,27.0,0.0,72.0,3.0,135.0,18.0,0.0
228,97,9,1867.0,2105.0,474.0,0.0,333.0,2691.0,17.750955380112764,8763.291600000004,8781.042555380118,2004.0,47.0,21.0,228.0,144.0,30.0,27.0,0.0,72.0,3.0,135.0,18.0,0.0
228,98,9,1845.0,2126.0,459.0,0.0,330.0,2691.0,58.5138492527195,8239.512800000002,8298.026649252723,2004.0,47.0,21.0,228.0,144.0,30.0,27.0,0.0,72.0,3.0,135.0,18.0,0.0
228,99,9,1794.0,2099.0,489.0,0.0,306.0,2691.0,98.73781804949817,9294.8192,9393.557018049498,2004.0,47.0,21.0,228.0,144.0,30.0,27.0,0.0,72.0,3.0,135.0,18.0,0.0
228,100,9,1856.0,2132.0,451.0,0.0,331.0,2691.0,15.99152435163965,10614.853999999994,10630.845524351635,2004.0,47.0,21.0,228.0,144.0,30.0,27.0,0.0,72.0,3.0,135.0,18.0,0.0
228,101,9,1848.0,2090.0,491.0,0.0,291.0,2691.0,18.442539081381504,8583.532799999999,8601.97533908138,2004.0,47.0,21.0,228.0,144.0,30.0,27.0,0.0,72.0,3.0,135.0,18.0,0.0
228,102,9,1824.0,2121.0,477.0,0.0,313.0,2691.0,18.87936239350361,9974.509199999991,9993.388562393495,2004.0,47.0,21.0,228.0,144.0,30.0,27.0,0.0,72.0,3.0,135.0,18.0,0.0
228,103,9,1870.0,2094.0,490.0,0.0,305.0,2691.0,20.043893753784943,9756.540799999993,9776.584693753779,2004.0,47.0,21.0,228.0,144.0,30.0,27.0,0.0,72.0,3.0,135.0,18.0,0.0
228,104,9,1846.0,2118.0,465.0,0.0,274.0,2691.0,18.396722939924377,9468.900000000003,9487.296722939927,2004.0,47.0,21.0,228.0,144.0,30.0,27.0,0.0,72.0,3.0,135.0,18.0,0.0
228,105,9,1859.0,2117.0,478.0,0.0,303.0,2691.0,59.29176385010143,8552.9384,8612.2301638501,2004.0,47.0,21.0,228.0,144.0,30.0,27.0,0.0,72.0,3.0,135.0,18.0,0.0
228,106,9,1877.0,2106.0,476.0,0.0,322.0,2691.0,141.20369053979658,8837.840400000003,8979.0440905398,2004.0,47.0,21.0,228.0,144.0,30.0,27.0,0.0,72.0,3.0,135.0,18.0,0.0
228,107,9,1889.0,2072.0,514.0,0.0,292.0,2691.0,98.48342837720017,9844.716799999997,9943.200228377198,2004.0,47.0,21.0,228.0,144.0,30.0,27.0,0.0,72.0,3.0,135.0,18.0,0.0
228,108,10,1892.0,2083.0,491.0,0.0,309.0,2691.0,16.276649785280014,8984.666799999997,9000.943449785276,2004.0,47.0,21.0,228.0,144.0,30.0,27.0,0.0,72.0,3.0,135.0,18.0,0.0
228,109,10,1853.0,2118.0,479.0,0.0,318.0,2691.0,15.653990581157123,8050.4688,8066.122790581157,2004.0,47.0,21.0,228.0,144.0,30.0,27.0,0.0,72.0,3.0,135.0,18.0,0.0
228,110,10,1875.0,2148.0,458.0,0.0,268.0,2691.0,302.7383908250939,8831.160400000004,9133.898790825098,2004.0,47.0,21.0,228.0,144.0,30.0,27.0,0.0,72.0,3.0,135.0,18.0,0.0
228,111,10,1885.0,2102.0,478.0,0.0,317.0,2691.0,59.10875017144518,8414.662400000001,8473.771150171446,2004.0,47.0,21.0,228.0,144.0,30.0,27.0,0.0,72.0,3.0,135.0,18.0,0.0
228,112,10,1885.0,2103.0,473.0,0.0,337.0,2691.0,58.90773677528816,9429.48799999999,9488.395736775277,2004.0,47.0,21.0,228.0,144.0,30.0,27.0,0.0,72.0,3.0,135.0,18.0,0.0
228,113,10,1872.0,2079.0,496.0,0.0,314.0,2691.0,17.614123398918533,8034.436800000005,8052.050923398924,2004.0,47.0,21.0,228.0,144.0,30.0,27.0,0.0,72.0,3.0,135.0,18.0,0.0
228,114,10,1805.0,2093.0,468.0,0.0,321.0,2691.0,99.92036903774246,9592.145999999992,9692.066369037735,2004.0,47.0,21.0,228.0,144.0,30.0,27.0,0.0,72.0,3.0,135.0,18.0,0.0
228,115,10,1841.0,2090.0,488.0,0.0,335.0,2691.0,57.97088200116134,8765.829999999998,8823.80088200116,2004.0,47.0,21.0,228.0,144.0,30.0,27.0,0.0,72.0,3.0,135.0,18.0,0.0
228,116,10,1860.0,2082.0,481.0,0.0,312.0,2691.0,59.04522592010839,9483.3956,9542.440825920108,2004.0,47.0,21.0,228.0,144.0,30.0,27.0,0.0,72.0,3.0,135.0,18.0,0.0
228,117,10,1883.0,2135.0,440.0,0.0,302.0,2691.0,137.6250472504506,8477.654799999997,8615.279847250447,2004.0,47.0,21.0,228.0,144.0,30.0,27.0,0.0,72.0,3.0,135.0,18.0,0.0
228,118,10,1828.0,2110.0,485.0,0.0,318.0,2691.0,58.43354903722502,8440.647600000006,8499.08114903723,2004.0,47.0,21.0,228.0,144.0,30.0,27.0,0.0,72.0,3.0,135.0,18.0,0.0
228,119,10,1879.0,2086.0,474.0,0.0,345.0,2691.0,58.70722563157517,10119.999599999992,10178.706825631567,2004.0,47.0,21.0,228.0,144.0,30.0,27.0,0.0,72.0,3.0,135.0,18.0,0.0
229,0,1,1838.0,2109.0,478.0,0.0,346.0,2691.0,18.56699202435877,9589.340400000001,9607.907392024357,2004.0,47.0,21.0,228.0,144.0,30.0,27.0,0.0,72.0,3.0,135.0,18.0,0.0
229,1,1,1865.0,2109.0,476.0,0.0,293.0,2691.0,101.29266678707906,10943.175999999998,11044.468666787076,2004.0,47.0,21.0,228.0,144.0,30.0,27.0,0.0,72.0,3.0,135.0,18.0,0.0
229,2,1,1861.0,2147.0,430.0,0.0,343.0,2691.0,139.77698739140718,8830.024800000003,8969.80178739141,2004.0,47.0,21.0,228.0,144.0,30.0,27.0,0.0,72.0,3.0,135.0,18.0,0.0
229,3,1,1828.0,2130.0,446.0,0.0,337.0,2691.0,59.36110581826529,8819.737600000004,8879.09870581827,2004.0,47.0,21.0,228.0,144.0,30.0,27.0,0.0,72.0,3.0,135.0,18.0,0.0
229,4,1,1867.0,2089.0,506.0,0.0,332.0,2691.0,178.5981311983676,10039.171599999998,10217.769731198365,2004.0,47.0,21.0,228.0,144.0,30.0,27.0,0.0,72.0,3.0,135.0,18.0,0.0
229,5,1,1851.0,2108.0,460.0,0.0,285.0,2691.0,140.02336455123992,8584.134,8724.15736455124,2004.0,47.0,21.0,228.0,144.0,30.0,27.0,0.0,72.0,3.0,135.0,18.0,0.0
229,6,1,1844.0,2081.0,500.0,0.0,316.0,2691.0,60.65371233282927,8875.315199999992,8935.96891233282,2004.0,47.0,21.0,228.0,144.0,30.0,27.0,0.0,72.0,3.0,135.0,18.0,0.0
229,7,1,1849.0,2100.0,493.0,0.0,295.0,2691.0,17.635894426430628,8758.348400000003,8775.984294426435,2004.0,47.0,21.0,228.0,144.0,30.0,27.0,0.0,72.0,3.0,135.0,18.0,0.0
229,8,1,1888.0,2101.0,493.0,0.0,331.0,2691.0,59.63242409744973,9699.426799999997,9759.059224097447,2004.0,47.0,21.0,228.0,144.0,30.0,27.0,0.0,72.0,3.0,135.0,18.0,0.0
229,9,1,1837.0,2122.0,473.0,0.0,288.0,2691.0,61.610515857720856,10037.635199999999,10099.245715857718,2004.0,47.0,21.0,228.0,144.0,30.0,27.0,0.0,72.0,3.0,135.0,18.0,0.0
229,10,1,1850.0,2141.0,455.0,0.0,319.0,2691.0,57.35723115287587,9744.5836,9801.940831152875,2004.0,47.0,21.0,228.0,144.0,30.0,27.0,0.0,72.0,3.0,135.0,18.0,0.0
229,11,1,1836.0,2108.0,479.0,0.0,346.0,2691.0,18.659996803790524,9088.140000000005,9106.799996803795,2004.0,47.0,21.0,228.0,144.0,30.0,27.0,0.0,72.0,3.0,135.0,18.0,0.0
229,12,2,1835.0,2138.0,456.0,0.0,303.0,2691.0,20.031715509140867,9239.575599999998,9259.60731550914,2004.0,47.0,21.0,228.0,144.0,30.0,27.0,0.0,72.0,3.0,135.0,18.0,0.0
229,13,2,1857.0,2103.0,480.0,0.0,337.0,2691.0,99.7146603813809,8669.0368,8768.751460381382,2004.0,47.0,21.0,228.0,144.0,30.0,27.0,0.0,72.0,3.0,135.0,18.0,0.0
229,14,2,1866.0,2080.0,507.0,0.0,290.0,2691.0,99.37857468980953,10651.193199999998,10750.571774689806,2004.0,47.0,21.0,228.0,144.0,30.0,27.0,0.0,72.0,3.0,135.0,18.0,0.0
229,15,2,1841.0,2130.0,461.0,0.0,305.0,2691.0,60.59481525297439,9240.9116,9301.506415252974,2004.0,47.0,21.0,228.0,144.0,30.0,27.0,0.0,72.0,3.0,135.0,18.0,0.0
229,16,2,1828.0,2142.0,440.0,0.0,288.0,2691.0,98.97375362048543,9189.475600000002,9288.449353620488,2004.0,47.0,21.0,228.0,144.0,30.0,27.0,0.0,72.0,3.0,135.0,18.0,0.0
229,17,2,1883.0,2129.0,464.0,0.0,303.0,2691.0,57.70181758443214,9486.468399999996,9544.17021758443,2004.0,47.0,21.0,228.0,144.0,30.0,27.0,0.0,72.0,3.0,135.0,18.0,0.0
229,18,2,1923.0,2114.0,461.0,0.0,315.0,2691.0,20.42912021635341,10411.514800000004,10431.943920216358,2004.0,47.0,21.0,228.0,144.0,30.0,27.0,0.0,72.0,3.0,135.0,18.0,0.0
229,19,2,1842.0,2087.0,494.0,0.0,326.0,2691.0,18.686217207309323,8972.843200000003,8991.529417207312,2004.0,47.0,21.0,228.0,144.0,30.0,27.0,0.0,72.0,3.0,135.0,18.0,0.0
229,20,2,1874.0,2086.0,502.0,0.0,308.0,2691.0,17.76468336699851,9317.130399999998,9334.895083366995,2004.0,47.0,21.0,228.0,144.0,30.0,27.0,0.0,72.0,3.0,135.0,18.0,0.0
229,21,2,1859.0,2115.0,469.0,0.0,318.0,2691.0,102.42252410900821,9741.510800000004,9843.933324109013,2004.0,47.0,21.0,228.0,144.0,30.0,27.0,0.0,72.0,3.0,135.0,18.0,0.0
229,22,2,1845.0,2122.0,457.0,0.0,295.0,2691.0,101.36085220169188,9149.3956,9250.756452201693,2004.0,47.0,21.0,228.0,144.0,30.0,27.0,0.0,72.0,3.0,135.0,18.0,0.0
229,23,2,1905.0,2126.0,461.0,0.0,352.0,2691.0,18.56883608468401,9373.442799999999,9392.01163608468,2004.0,47.0,21.0,228.0,144.0,30.0,27.0,0.0,72.0,3.0,135.0,18.0,0.0
229,24,3,1846.0,2092.0,484.0,0.0,364.0,2691.0,19.53743579307044,9156.944000000003,9176.481435793072,2004.0,47.0,21.0,228.0,144.0,30.0,27.0,0.0,72.0,3.0,135.0,18.0,0.0
229,25,3,1848.0,2102.0,474.0,0.0,282.0,2691.0,101.0296633990226,9309.916000000003,9410.945663399025,2004.0,47.0,21.0,228.0,144.0,30.0,27.0,0.0,72.0,3.0,135.0,18.0,0.0
229,26,3,1860.0,2116.0,464.0,0.0,302.0,2691.0,59.53319409574468,11095.413199999995,11154.94639409574,2004.0,47.0,21.0,228.0,144.0,30.0,27.0,0.0,72.0,3.0,135.0,18.0,0.0
229,27,3,1865.0,2126.0,459.0,0.0,310.0,2691.0,141.1873055610834,10217.460799999999,10358.648105561084,2004.0,47.0,21.0,228.0,144.0,30.0,27.0,0.0,72.0,3.0,135.0,18.0,0.0
229,28,3,1885.0,2113.0,463.0,0.0,335.0,2691.0,60.06364209938471,8593.619600000002,8653.683242099387,2004.0,47.0,21.0,228.0,144.0,30.0,27.0,0.0,72.0,3.0,135.0,18.0,0.0
229,29,3,1839.0,2109.0,470.0,0.0,329.0,2691.0,61.11955119768239,8767.9008,8829.020351197683,2004.0,47.0,21.0,228.0,144.0,30.0,27.0,0.0,72.0,3.0,135.0,18.0,0.0
229,30,3,1852.0,2127.0,458.0,0.0,333.0,2691.0,17.408390659153735,8320.407599999999,8337.815990659154,2004.0,47.0,21.0,228.0,144.0,30.0,27.0,0.0,72.0,3.0,135.0,18.0,0.0
229,31,3,1856.0,2116.0,459.0,0.0,338.0,2691.0,59.38560476055877,9499.4944,9558.880004760558,2004.0,47.0,21.0,228.0,144.0,30.0,27.0,0.0,72.0,3.0,135.0,18.0,0.0
229,32,3,1830.0,2136.0,444.0,0.0,320.0,2691.0,58.115255139134966,8860.752799999998,8918.868055139134,2004.0,47.0,21.0,228.0,144.0,30.0,27.0,0.0,72.0,3.0,135.0,18.0,0.0
229,33,3,1840.0,2134.0,458.0,0.0,338.0,2691.0,59.623030940483005,10388.9364,10448.559430940484,2004.0,47.0,21.0,228.0,144.0,30.0,27.0,0.0,72.0,3.0,135.0,18.0,0.0
229,34,3,1854.0,2084.0,482.0,0.0,334.0,2691.0,221.56867298417325,9229.221600000004,9450.790272984177,2004.0,47.0,21.0,228.0,144.0,30.0,27.0,0.0,72.0,3.0,135.0,18.0,0.0
229,35,3,1843.0,2110.0,482.0,0.0,317.0,2691.0,221.20042022478845,8710.519600000005,8931.720020224793,2004.0,47.0,21.0,228.0,144.0,30.0,27.0,0.0,72.0,3.0,135.0,18.0,0.0
229,36,4,1852.0,2109.0,481.0,0.0,350.0,2691.0,100.50141231920331,9164.8932,9265.394612319204,2004.0,47.0,21.0,228.0,144.0,30.0,27.0,0.0,72.0,3.0,135.0,18.0,0.0
229,37,4,1887.0,2107.0,473.0,0.0,361.0,2691.0,58.34409049839135,9084.466,9142.810090498391,2004.0,47.0,21.0,228.0,144.0,30.0,27.0,0.0,72.0,3.0,135.0,18.0,0.0
229,38,4,1853.0,2081.0,502.0,0.0,344.0,2691.0,60.42794597296481,9975.444399999995,10035.872345972959,2004.0,47.0,21.0,228.0,144.0,30.0,27.0,0.0,72.0,3.0,135.0,18.0,0.0
229,39,4,1865.0,2124.0,465.0,0.0,265.0,2691.0,100.10399961396533,8733.098000000002,8833.201999613966,2004.0,47.0,21.0,228.0,144.0,30.0,27.0,0.0,72.0,3.0,135.0,18.0,0.0
229,40,4,1854.0,2128.0,451.0,0.0,309.0,2691.0,59.539134773515244,8660.486400000005,8720.02553477352,2004.0,47.0,21.0,228.0,144.0,30.0,27.0,0.0,72.0,3.0,135.0,18.0,0.0
229,41,4,1855.0,2140.0,462.0,0.0,286.0,2691.0,99.97401410202289,8151.670800000002,8251.644814102025,2004.0,47.0,21.0,228.0,144.0,30.0,27.0,0.0,72.0,3.0,135.0,18.0,0.0
229,42,4,1911.0,2076.0,513.0,0.0,288.0,2691.0,20.350768557109895,9652.332799999995,9672.683568557106,2004.0,47.0,21.0,228.0,144.0,30.0,27.0,0.0,72.0,3.0,135.0,18.0,0.0
229,43,4,1844.0,2144.0,439.0,0.0,337.0,2691.0,97.87576339989874,9523.408800000005,9621.284563399902,2004.0,47.0,21.0,228.0,144.0,30.0,27.0,0.0,72.0,3.0,135.0,18.0,0.0
229,44,4,1848.0,2148.0,443.0,0.0,291.0,2691.0,58.740529562067714,8720.806800000006,8779.547329562074,2004.0,47.0,21.0,228.0,144.0,30.0,27.0,0.0,72.0,3.0,135.0,18.0,0.0
229,45,4,1847.0,2102.0,490.0,0.0,255.0,2691.0,100.62066603689092,9985.063599999998,10085.68426603689,2004.0,47.0,21.0,228.0,144.0,30.0,27.0,0.0,72.0,3.0,135.0,18.0,0.0
229,46,4,1867.0,2116.0,460.0,0.0,336.0,2691.0,58.24711533711692,9411.652399999999,9469.899515337114,2004.0,47.0,21.0,228.0,144.0,30.0,27.0,0.0,72.0,3.0,135.0,18.0,0.0
229,47,4,1834.0,2098.0,469.0,0.0,378.0,2691.0,102.1987464656961,9963.687599999997,10065.886346465693,2004.0,47.0,21.0,228.0,144.0,30.0,27.0,0.0,72.0,3.0,135.0,18.0,0.0
229,48,5,1826.0,2102.0,474.0,0.0,322.0,2691.0,58.64546258094425,10071.3692,10130.014662580943,2004.0,47.0,21.0,228.0,144.0,30.0,27.0,0.0,72.0,3.0,135.0,18.0,0.0
229,49,5,1824.0,2125.0,458.0,0.0,298.0,2691.0,102.04009608351775,9645.919999999998,9747.960096083516,2004.0,47.0,21.0,228.0,144.0,30.0,27.0,0.0,72.0,3.0,135.0,18.0,0.0
229,50,5,1865.0,2113.0,479.0,0.0,339.0,2691.0,18.634835704679638,9489.875200000002,9508.510035704681,2004.0,47.0,21.0,228.0,144.0,30.0,27.0,0.0,72.0,3.0,135.0,18.0,0.0
229,51,5,1867.0,2077.0,504.0,0.0,340.0,2691.0,140.78623864234086,9564.490799999998,9705.277038642338,2004.0,47.0,21.0,228.0,144.0,30.0,27.0,0.0,72.0,3.0,135.0,18.0,0.0
229,52,5,1885.0,2130.0,451.0,0.0,326.0,2691.0,99.54421216517699,9665.826400000002,9765.37061216518,2004.0,47.0,21.0,228.0,144.0,30.0,27.0,0.0,72.0,3.0,135.0,18.0,0.0
229,53,5,1838.0,2121.0,459.0,0.0,341.0,2691.0,59.58915413740881,10018.864400000002,10078.453554137412,2004.0,47.0,21.0,228.0,144.0,30.0,27.0,0.0,72.0,3.0,135.0,18.0,0.0
229,54,5,1776.0,2127.0,462.0,0.0,293.0,2691.0,99.85976709084511,8435.504000000004,8535.363767090848,2004.0,47.0,21.0,228.0,144.0,30.0,27.0,0.0,72.0,3.0,135.0,18.0,0.0
229,55,5,1854.0,2067.0,496.0,0.0,361.0,2691.0,99.68763541971362,9152.2012,9251.888835419712,2004.0,47.0,21.0,228.0,144.0,30.0,27.0,0.0,72.0,3.0,135.0,18.0,0.0
229,56,5,1844.0,2131.0,455.0,0.0,349.0,2691.0,20.92535391176692,9071.106,9092.031353911767,2004.0,47.0,21.0,228.0,144.0,30.0,27.0,0.0,72.0,3.0,135.0,18.0,0.0
229,57,5,1896.0,2092.0,479.0,0.0,314.0,2691.0,99.62636130085528,8376.5864,8476.212761300856,2004.0,47.0,21.0,228.0,144.0,30.0,27.0,0.0,72.0,3.0,135.0,18.0,0.0
229,58,5,1872.0,2101.0,477.0,0.0,299.0,2691.0,57.81752675245441,9972.705600000001,10030.523126752456,2004.0,47.0,21.0,228.0,144.0,30.0,27.0,0.0,72.0,3.0,135.0,18.0,0.0
229,59,5,1863.0,2127.0,457.0,0.0,320.0,2691.0,16.551675826492236,8690.746800000004,8707.298475826496,2004.0,47.0,21.0,228.0,144.0,30.0,27.0,0.0,72.0,3.0,135.0,18.0,0.0
229,60,6,1840.0,2093.0,485.0,0.0,318.0,2691.0,60.09274576991675,9331.5592,9391.651945769918,2004.0,47.0,21.0,228.0,144.0,30.0,27.0,0.0,72.0,3.0,135.0,18.0,0.0
229,61,6,1844.0,2151.0,440.0,0.0,324.0,2691.0,58.96386871002226,8877.519600000007,8936.48346871003,2004.0,47.0,21.0,228.0,144.0,30.0,27.0,0.0,72.0,3.0,135.0,18.0,0.0
229,62,6,1856.0,2105.0,465.0,0.0,324.0,2691.0,181.2618070528982,9855.805600000003,10037.067407052902,2004.0,47.0,21.0,228.0,144.0,30.0,27.0,0.0,72.0,3.0,135.0,18.0,0.0
229,63,6,1885.0,2122.0,472.0,0.0,303.0,2691.0,98.96105796312042,8709.851600000004,8808.812657963124,2004.0,47.0,21.0,228.0,144.0,30.0,27.0,0.0,72.0,3.0,135.0,18.0,0.0
229,64,6,1880.0,2074.0,486.0,0.0,361.0,2691.0,59.28734194827163,9244.251600000003,9303.538941948274,2004.0,47.0,21.0,228.0,144.0,30.0,27.0,0.0,72.0,3.0,135.0,18.0,0.0
229,65,6,1837.0,2107.0,467.0,0.0,303.0,2691.0,101.51136396640786,9653.267999999998,9754.779363966407,2004.0,47.0,21.0,228.0,144.0,30.0,27.0,0.0,72.0,3.0,135.0,18.0,0.0
229,66,6,1844.0,2137.0,447.0,0.0,340.0,2691.0,58.65109863015051,8868.969200000001,8927.62029863015,2004.0,47.0,21.0,228.0,144.0,30.0,27.0,0.0,72.0,3.0,135.0,18.0,0.0
229,67,6,1859.0,2105.0,479.0,0.0,282.0,2691.0,18.185442614690345,9326.348799999996,9344.534242614685,2004.0,47.0,21.0,228.0,144.0,30.0,27.0,0.0,72.0,3.0,135.0,18.0,0.0
229,68,6,1852.0,2101.0,473.0,0.0,309.0,2691.0,19.277210953550224,10388.001199999999,10407.27841095355,2004.0,47.0,21.0,228.0,144.0,30.0,27.0,0.0,72.0,3.0,135.0,18.0,0.0
229,69,6,1865.0,2112.0,475.0,0.0,318.0,2691.0,139.19180830168494,8373.580400000006,8512.772208301692,2004.0,47.0,21.0,228.0,144.0,30.0,27.0,0.0,72.0,3.0,135.0,18.0,0.0
229,70,6,1840.0,2072.0,487.0,0.0,358.0,2691.0,59.54224182215545,10020.601200000001,10080.143441822156,2004.0,47.0,21.0,228.0,144.0,30.0,27.0,0.0,72.0,3.0,135.0,18.0,0.0
229,71,6,1829.0,2141.0,454.0,0.0,355.0,2691.0,101.50027890166274,9725.478799999995,9826.979078901659,2004.0,47.0,21.0,228.0,144.0,30.0,27.0,0.0,72.0,3.0,135.0,18.0,0.0
229,72,7,1841.0,2129.0,459.0,0.0,354.0,2691.0,180.80604965798415,9043.317200000001,9224.123249657985,2004.0,47.0,21.0,228.0,144.0,30.0,27.0,0.0,72.0,3.0,135.0,18.0,0.0
229,73,7,1812.0,2135.0,441.0,0.0,290.0,2691.0,59.648363805110485,9418.198800000004,9477.847163805116,2004.0,47.0,21.0,228.0,144.0,30.0,27.0,0.0,72.0,3.0,135.0,18.0,0.0
229,74,7,1855.0,2086.0,499.0,0.0,340.0,2691.0,57.030379857585174,8711.387999999999,8768.418379857585,2004.0,47.0,21.0,228.0,144.0,30.0,27.0,0.0,72.0,3.0,135.0,18.0,0.0
229,75,7,1854.0,2096.0,494.0,0.0,327.0,2691.0,18.386909004095024,9627.550000000003,9645.936909004098,2004.0,47.0,21.0,228.0,144.0,30.0,27.0,0.0,72.0,3.0,135.0,18.0,0.0
229,76,7,1870.0,2098.0,479.0,0.0,321.0,2691.0,98.51034531304518,9516.1276,9614.637945313047,2004.0,47.0,21.0,228.0,144.0,30.0,27.0,0.0,72.0,3.0,135.0,18.0,0.0
229,77,7,1887.0,2107.0,474.0,0.0,287.0,2691.0,141.48708168583934,7906.180800000003,8047.667881685842,2004.0,47.0,21.0,228.0,144.0,30.0,27.0,0.0,72.0,3.0,135.0,18.0,0.0
229,78,7,1865.0,2091.0,473.0,0.0,350.0,2691.0,98.86945252391038,9532.961200000005,9631.830652523915,2004.0,47.0,21.0,228.0,144.0,30.0,27.0,0.0,72.0,3.0,135.0,18.0,0.0
229,79,7,1843.0,2073.0,477.0,0.0,340.0,2691.0,99.52023443669508,8310.922000000002,8410.442234436698,2004.0,47.0,21.0,228.0,144.0,30.0,27.0,0.0,72.0,3.0,135.0,18.0,0.0
229,80,7,1840.0,2127.0,448.0,0.0,325.0,2691.0,101.5883792800298,9178.653999999999,9280.242379280027,2004.0,47.0,21.0,228.0,144.0,30.0,27.0,0.0,72.0,3.0,135.0,18.0,0.0
229,81,7,1894.0,2127.0,461.0,0.0,317.0,2691.0,102.1397375145625,11116.455199999991,11218.594937514554,2004.0,47.0,21.0,228.0,144.0,30.0,27.0,0.0,72.0,3.0,135.0,18.0,0.0
229,82,7,1862.0,2138.0,457.0,0.0,309.0,2691.0,101.16845940786044,10019.599199999997,10120.767659407857,2004.0,47.0,21.0,228.0,144.0,30.0,27.0,0.0,72.0,3.0,135.0,18.0,0.0
229,83,7,1843.0,2116.0,450.0,0.0,361.0,2691.0,98.9597376835835,9776.0464,9875.006137683584,2004.0,47.0,21.0,228.0,144.0,30.0,27.0,0.0,72.0,3.0,135.0,18.0,0.0
229,84,8,1834.0,2082.0,517.0,0.0,311.0,2691.0,61.25182749030275,8619.337600000003,8680.589427490304,2004.0,47.0,21.0,228.0,144.0,30.0,27.0,0.0,72.0,3.0,135.0,18.0,0.0
229,85,8,1832.0,2120.0,460.0,0.0,336.0,2691.0,59.1339779469812,10338.569199999996,10397.703177946976,2004.0,47.0,21.0,228.0,144.0,30.0,27.0,0.0,72.0,3.0,135.0,18.0,0.0
229,86,8,1847.0,2117.0,472.0,0.0,331.0,2691.0,19.462474105616433,9558.411999999997,9577.874474105613,2004.0,47.0,21.0,228.0,144.0,30.0,27.0,0.0,72.0,3.0,135.0,18.0,0.0
229,87,8,1796.0,2140.0,454.0,0.0,332.0,2691.0,18.59715954525164,8928.888800000002,8947.485959545254,2004.0,47.0,21.0,228.0,144.0,30.0,27.0,0.0,72.0,3.0,135.0,18.0,0.0
229,88,8,1842.0,2148.0,439.0,0.0,353.0,2691.0,100.74723423577663,9655.7396,9756.486834235777,2004.0,47.0,21.0,228.0,144.0,30.0,27.0,0.0,72.0,3.0,135.0,18.0,0.0
229,89,8,1858.0,2110.0,484.0,0.0,347.0,2691.0,181.551606600157,10108.777199999997,10290.328806600153,2004.0,47.0,21.0,228.0,144.0,30.0,27.0,0.0,72.0,3.0,135.0,18.0,0.0
229,90,8,1793.0,2147.0,445.0,0.0,329.0,2691.0,59.40125678071774,9832.826400000005,9892.227656780724,2004.0,47.0,21.0,228.0,144.0,30.0,27.0,0.0,72.0,3.0,135.0,18.0,0.0
229,91,8,1848.0,2133.0,452.0,0.0,309.0,2691.0,17.990245306208116,8050.4020000000055,8068.392245306213,2004.0,47.0,21.0,228.0,144.0,30.0,27.0,0.0,72.0,3.0,135.0,18.0,0.0
229,92,8,1828.0,2092.0,498.0,0.0,298.0,2691.0,20.20186183401263,9158.680799999998,9178.88266183401,2004.0,47.0,21.0,228.0,144.0,30.0,27.0,0.0,72.0,3.0,135.0,18.0,0.0
229,93,8,1820.0,2072.0,498.0,0.0,274.0,2691.0,101.49638189514008,10126.145199999997,10227.641581895135,2004.0,47.0,21.0,228.0,144.0,30.0,27.0,0.0,72.0,3.0,135.0,18.0,0.0
229,94,8,1843.0,2114.0,470.0,0.0,354.0,2691.0,60.25918720284936,9069.1688,9129.427987202847,2004.0,47.0,21.0,228.0,144.0,30.0,27.0,0.0,72.0,3.0,135.0,18.0,0.0
229,95,8,1855.0,2098.0,485.0,0.0,315.0,2691.0,99.72536585478238,9078.587599999997,9178.31296585478,2004.0,47.0,21.0,228.0,144.0,30.0,27.0,0.0,72.0,3.0,135.0,18.0,0.0
229,96,9,1867.0,2119.0,459.0,0.0,346.0,2691.0,19.450561316526525,9129.489200000004,9148.93976131653,2004.0,47.0,21.0,228.0,144.0,30.0,27.0,0.0,72.0,3.0,135.0,18.0,0.0
229,97,9,1845.0,2122.0,463.0,0.0,341.0,2691.0,18.790731061369193,9160.684799999999,9179.475531061367,2004.0,47.0,21.0,228.0,144.0,30.0,27.0,0.0,72.0,3.0,135.0,18.0,0.0
229,98,9,1794.0,2107.0,481.0,0.0,314.0,2691.0,100.11350816128937,9636.902,9737.01550816129,2004.0,47.0,21.0,228.0,144.0,30.0,27.0,0.0,72.0,3.0,135.0,18.0,0.0
229,99,9,1856.0,2138.0,445.0,0.0,334.0,2691.0,17.26171314559152,10657.539199999996,10674.800913145586,2004.0,47.0,21.0,228.0,144.0,30.0,27.0,0.0,72.0,3.0,135.0,18.0,0.0
229,100,9,1848.0,2100.0,481.0,0.0,298.0,2691.0,19.35562796106369,8982.729599999997,9002.085227961063,2004.0,47.0,21.0,228.0,144.0,30.0,27.0,0.0,72.0,3.0,135.0,18.0,0.0
229,101,9,1824.0,2130.0,468.0,0.0,320.0,2691.0,19.55891439385121,10011.115599999994,10030.674514393844,2004.0,47.0,21.0,228.0,144.0,30.0,27.0,0.0,72.0,3.0,135.0,18.0,0.0
229,102,9,1870.0,2106.0,478.0,0.0,308.0,2691.0,20.421461220122033,10193.947199999993,10214.368661220115,2004.0,47.0,21.0,228.0,144.0,30.0,27.0,0.0,72.0,3.0,135.0,18.0,0.0
229,103,9,1846.0,2127.0,456.0,0.0,273.0,2691.0,18.813606927193646,9498.759600000003,9517.573206927196,2004.0,47.0,21.0,228.0,144.0,30.0,27.0,0.0,72.0,3.0,135.0,18.0,0.0
229,104,9,1859.0,2127.0,468.0,0.0,298.0,2691.0,100.33999102760751,9144.1184,9244.458391027607,2004.0,47.0,21.0,228.0,144.0,30.0,27.0,0.0,72.0,3.0,135.0,18.0,0.0
229,105,9,1877.0,2111.0,470.0,0.0,325.0,2691.0,101.5677989740746,9167.364800000003,9268.93259897408,2004.0,47.0,21.0,228.0,144.0,30.0,27.0,0.0,72.0,3.0,135.0,18.0,0.0
229,106,9,1889.0,2086.0,501.0,0.0,292.0,2691.0,57.937231498130565,9582.6604,9640.59763149813,2004.0,47.0,21.0,228.0,144.0,30.0,27.0,0.0,72.0,3.0,135.0,18.0,0.0
229,107,9,1892.0,2088.0,486.0,0.0,320.0,2691.0,57.88045070641609,9196.556399999998,9254.436850706415,2004.0,47.0,21.0,228.0,144.0,30.0,27.0,0.0,72.0,3.0,135.0,18.0,0.0
229,108,10,1853.0,2124.0,473.0,0.0,326.0,2691.0,57.48706571545307,8374.5156,8432.002665715454,2004.0,47.0,21.0,228.0,144.0,30.0,27.0,0.0,72.0,3.0,135.0,18.0,0.0
229,109,10,1875.0,2153.0,453.0,0.0,284.0,2691.0,261.7468207089761,8471.442400000004,8733.18922070898,2004.0,47.0,21.0,228.0,144.0,30.0,27.0,0.0,72.0,3.0,135.0,18.0,0.0
229,110,10,1885.0,2115.0,465.0,0.0,317.0,2691.0,61.209665494340165,8570.640400000002,8631.850065494342,2004.0,47.0,21.0,228.0,144.0,30.0,27.0,0.0,72.0,3.0,135.0,18.0,0.0
229,111,10,1885.0,2116.0,460.0,0.0,344.0,2691.0,59.60603735232587,9861.14959999999,9920.755637352315,2004.0,47.0,21.0,228.0,144.0,30.0,27.0,0.0,72.0,3.0,135.0,18.0,0.0
229,112,10,1872.0,2081.0,494.0,0.0,322.0,2691.0,58.76840796309243,8384.134800000005,8442.903207963098,2004.0,47.0,21.0,228.0,144.0,30.0,27.0,0.0,72.0,3.0,135.0,18.0,0.0
229,113,10,1805.0,2107.0,454.0,0.0,321.0,2691.0,101.12698246561419,10207.975199999992,10309.102182465605,2004.0,47.0,21.0,228.0,144.0,30.0,27.0,0.0,72.0,3.0,135.0,18.0,0.0
229,114,10,1841.0,2095.0,483.0,0.0,338.0,2691.0,100.23309720603552,9344.985999999999,9445.219097206034,2004.0,47.0,21.0,228.0,144.0,30.0,27.0,0.0,72.0,3.0,135.0,18.0,0.0
229,115,10,1860.0,2084.0,480.0,0.0,311.0,2691.0,140.13808975342334,9243.784,9383.922089753425,2004.0,47.0,21.0,228.0,144.0,30.0,27.0,0.0,72.0,3.0,135.0,18.0,0.0
229,116,10,1883.0,2143.0,432.0,0.0,306.0,2691.0,137.99183967311296,8483.132399999995,8621.124239673107,2004.0,47.0,21.0,228.0,144.0,30.0,27.0,0.0,72.0,3.0,135.0,18.0,0.0
229,117,10,1828.0,2118.0,478.0,0.0,323.0,2691.0,59.64037642026361,9280.657600000002,9340.297976420266,2004.0,47.0,21.0,228.0,144.0,30.0,27.0,0.0,72.0,3.0,135.0,18.0,0.0
229,118,10,1879.0,2095.0,466.0,0.0,351.0,2691.0,99.65110220167843,10785.59479999999,10885.245902201668,2004.0,47.0,21.0,228.0,144.0,30.0,27.0,0.0,72.0,3.0,135.0,18.0,0.0
229,119,10,1860.0,2122.0,465.0,0.0,337.0,2691.0,17.908122502493264,9198.092800000002,9216.000922502495,2004.0,47.0,21.0,228.0,144.0,30.0,27.0,0.0,72.0,3.0,135.0,18.0,0.0
230,0,1,1865.0,2107.0,477.0,0.0,264.0,2691.0,57.88064852071758,11346.514399999995,11404.395048520711,2004.0,47.0,21.0,228.0,144.0,30.0,27.0,0.0,72.0,3.0,135.0,18.0,0.0
230,1,1,1861.0,2134.0,443.0,0.0,310.0,2691.0,97.09841274219033,10024.609199999997,10121.707612742188,2004.0,47.0,21.0,228.0,144.0,30.0,27.0,0.0,72.0,3.0,135.0,18.0,0.0
230,2,1,1828.0,2124.0,452.0,0.0,309.0,2691.0,56.818143947285506,9820.535200000004,9877.353343947289,2004.0,47.0,21.0,228.0,144.0,30.0,27.0,0.0,72.0,3.0,135.0,18.0,0.0
230,3,1,1867.0,2087.0,508.0,0.0,307.0,2691.0,95.38310315554813,10953.129199999996,11048.512303155543,2004.0,47.0,21.0,228.0,144.0,30.0,27.0,0.0,72.0,3.0,135.0,18.0,0.0
230,4,1,1851.0,2098.0,471.0,0.0,257.0,2691.0,56.14846902627964,8986.336799999997,9042.485269026278,2004.0,47.0,21.0,228.0,144.0,30.0,27.0,0.0,72.0,3.0,135.0,18.0,0.0
230,5,1,1844.0,2082.0,499.0,0.0,301.0,2691.0,58.30020819543127,9500.496399999993,9558.796608195424,2004.0,47.0,21.0,228.0,144.0,30.0,27.0,0.0,72.0,3.0,135.0,18.0,0.0
230,6,1,1849.0,2100.0,492.0,0.0,268.0,2691.0,14.367530604791583,8783.532,8797.899530604791,2004.0,47.0,21.0,228.0,144.0,30.0,27.0,0.0,72.0,3.0,135.0,18.0,0.0
230,7,1,1888.0,2105.0,489.0,0.0,314.0,2691.0,18.057359967510344,10337.967999999997,10356.025359967509,2004.0,47.0,21.0,228.0,144.0,30.0,27.0,0.0,72.0,3.0,135.0,18.0,0.0
230,8,1,1837.0,2158.0,437.0,0.0,272.0,2691.0,55.40191987565177,9884.195599999992,9939.597519875646,2004.0,47.0,21.0,228.0,144.0,30.0,27.0,0.0,72.0,3.0,135.0,18.0,0.0
230,9,1,1850.0,2139.0,456.0,0.0,302.0,2691.0,56.31226681921361,10066.158799999997,10122.47106681921,2004.0,47.0,21.0,228.0,144.0,30.0,27.0,0.0,72.0,3.0,135.0,18.0,0.0
230,10,1,1836.0,2098.0,489.0,0.0,332.0,2691.0,16.23617413213972,9890.341200000003,9906.57737413214,2004.0,47.0,21.0,228.0,144.0,30.0,27.0,0.0,72.0,3.0,135.0,18.0,0.0
230,11,1,1835.0,2133.0,463.0,0.0,280.0,2691.0,16.604545635980056,9640.976799999997,9657.581345635976,2004.0,47.0,21.0,228.0,144.0,30.0,27.0,0.0,72.0,3.0,135.0,18.0,0.0
230,12,2,1857.0,2103.0,482.0,0.0,314.0,2691.0,96.65336521397263,8960.485199999997,9057.138565213969,2004.0,47.0,21.0,228.0,144.0,30.0,27.0,0.0,72.0,3.0,135.0,18.0,0.0
230,13,2,1866.0,2080.0,509.0,0.0,262.0,2691.0,96.45766986012134,11232.085999999996,11328.543669860119,2004.0,47.0,21.0,228.0,144.0,30.0,27.0,0.0,72.0,3.0,135.0,18.0,0.0
230,14,2,1841.0,2129.0,461.0,0.0,274.0,2691.0,17.15877248063606,9494.083599999996,9511.242372480632,2004.0,47.0,21.0,228.0,144.0,30.0,27.0,0.0,72.0,3.0,135.0,18.0,0.0
230,15,2,1828.0,2139.0,443.0,0.0,245.0,2691.0,95.51165528295745,9930.220799999997,10025.732455282954,2004.0,47.0,21.0,228.0,144.0,30.0,27.0,0.0,72.0,3.0,135.0,18.0,0.0
230,16,2,1883.0,2131.0,462.0,0.0,279.0,2691.0,14.983553665535268,9770.234799999993,9785.218353665528,2004.0,47.0,21.0,228.0,144.0,30.0,27.0,0.0,72.0,3.0,135.0,18.0,0.0
230,17,2,1923.0,2108.0,467.0,0.0,291.0,2691.0,19.265788132993848,10629.0824,10648.348188132994,2004.0,47.0,21.0,228.0,144.0,30.0,27.0,0.0,72.0,3.0,135.0,18.0,0.0
230,18,2,1842.0,2086.0,494.0,0.0,301.0,2691.0,16.382779056975703,9506.5752,9522.957979056975,2004.0,47.0,21.0,228.0,144.0,30.0,27.0,0.0,72.0,3.0,135.0,18.0,0.0
230,19,2,1874.0,2090.0,496.0,0.0,294.0,2691.0,15.59176857613774,9749.459999999997,9765.051768576135,2004.0,47.0,21.0,228.0,144.0,30.0,27.0,0.0,72.0,3.0,135.0,18.0,0.0
230,20,2,1859.0,2109.0,475.0,0.0,291.0,2691.0,59.05387199140155,10228.950400000002,10288.004271991404,2004.0,47.0,21.0,228.0,144.0,30.0,27.0,0.0,72.0,3.0,135.0,18.0,0.0
230,21,2,1845.0,2111.0,468.0,0.0,281.0,2691.0,139.104857831173,9635.9668,9775.071657831173,2004.0,47.0,21.0,228.0,144.0,30.0,27.0,0.0,72.0,3.0,135.0,18.0,0.0
230,22,2,1905.0,2124.0,463.0,0.0,320.0,2691.0,16.168579173936227,9993.881199999994,10010.04977917393,2004.0,47.0,21.0,228.0,144.0,30.0,27.0,0.0,72.0,3.0,135.0,18.0,0.0
230,23,2,1846.0,2094.0,482.0,0.0,342.0,2691.0,16.95745096403323,9619.200000000003,9636.157450964034,2004.0,47.0,21.0,228.0,144.0,30.0,27.0,0.0,72.0,3.0,135.0,18.0,0.0
230,24,3,1848.0,2107.0,469.0,0.0,255.0,2691.0,97.13268605465623,10151.729600000002,10248.862286054658,2004.0,47.0,21.0,228.0,144.0,30.0,27.0,0.0,72.0,3.0,135.0,18.0,0.0
230,25,3,1860.0,2120.0,460.0,0.0,288.0,2691.0,18.69787461919226,11287.329599999994,11306.027474619184,2004.0,47.0,21.0,228.0,144.0,30.0,27.0,0.0,72.0,3.0,135.0,18.0,0.0
230,26,3,1865.0,2121.0,464.0,0.0,279.0,2691.0,98.13163106117597,10508.307999999999,10606.439631061176,2004.0,47.0,21.0,228.0,144.0,30.0,27.0,0.0,72.0,3.0,135.0,18.0,0.0
230,27,3,1885.0,2108.0,469.0,0.0,308.0,2691.0,57.54561473439888,8959.349600000001,9016.895214734399,2004.0,47.0,21.0,228.0,144.0,30.0,27.0,0.0,72.0,3.0,135.0,18.0,0.0
230,28,3,1839.0,2107.0,473.0,0.0,309.0,2691.0,18.249353434629022,8989.609999999999,9007.859353434627,2004.0,47.0,21.0,228.0,144.0,30.0,27.0,0.0,72.0,3.0,135.0,18.0,0.0
230,29,3,1852.0,2123.0,463.0,0.0,315.0,2691.0,15.248374513523057,8857.613199999993,8872.861574513518,2004.0,47.0,21.0,228.0,144.0,30.0,27.0,0.0,72.0,3.0,135.0,18.0,0.0
230,30,3,1856.0,2114.0,462.0,0.0,312.0,2691.0,16.169522234157355,10028.2164,10044.385922234156,2004.0,47.0,21.0,228.0,144.0,30.0,27.0,0.0,72.0,3.0,135.0,18.0,0.0
230,31,3,1830.0,2135.0,445.0,0.0,295.0,2691.0,55.938423169626155,9445.854,9501.792423169623,2004.0,47.0,21.0,228.0,144.0,30.0,27.0,0.0,72.0,3.0,135.0,18.0,0.0
230,32,3,1840.0,2115.0,477.0,0.0,323.0,2691.0,56.288769615811844,9068.701200000007,9124.989969615817,2004.0,47.0,21.0,228.0,144.0,30.0,27.0,0.0,72.0,3.0,135.0,18.0,0.0
230,33,3,1854.0,2086.0,480.0,0.0,311.0,2691.0,98.23279136347911,9563.5556,9661.78839136348,2004.0,47.0,21.0,228.0,144.0,30.0,27.0,0.0,72.0,3.0,135.0,18.0,0.0
230,34,3,1843.0,2113.0,479.0,0.0,297.0,2691.0,137.00816305242378,9174.044799999998,9311.052963052422,2004.0,47.0,21.0,228.0,144.0,30.0,27.0,0.0,72.0,3.0,135.0,18.0,0.0
230,35,3,1852.0,2111.0,480.0,0.0,324.0,2691.0,98.59446264861067,9571.37119999999,9669.965662648601,2004.0,47.0,21.0,228.0,144.0,30.0,27.0,0.0,72.0,3.0,135.0,18.0,0.0
230,36,4,1887.0,2095.0,485.0,0.0,335.0,2691.0,14.64479020175039,10027.882399999997,10042.527190201748,2004.0,47.0,21.0,228.0,144.0,30.0,27.0,0.0,72.0,3.0,135.0,18.0,0.0
230,37,4,1853.0,2076.0,504.0,0.0,309.0,2691.0,57.379922232337314,10423.538799999988,10480.918722232325,2004.0,47.0,21.0,228.0,144.0,30.0,27.0,0.0,72.0,3.0,135.0,18.0,0.0
230,38,4,1865.0,2108.0,482.0,0.0,246.0,2691.0,14.893167415335657,9190.076799999997,9204.969967415333,2004.0,47.0,21.0,228.0,144.0,30.0,27.0,0.0,72.0,3.0,135.0,18.0,0.0
230,39,4,1854.0,2129.0,450.0,0.0,279.0,2691.0,16.159340611225073,8872.242400000003,8888.401740611227,2004.0,47.0,21.0,228.0,144.0,30.0,27.0,0.0,72.0,3.0,135.0,18.0,0.0
230,40,4,1855.0,2136.0,464.0,0.0,257.0,2691.0,15.840384691111122,8811.7216,8827.56198469111,2004.0,47.0,21.0,228.0,144.0,30.0,27.0,0.0,72.0,3.0,135.0,18.0,0.0
230,41,4,1911.0,2068.0,521.0,0.0,267.0,2691.0,17.04922955225514,9929.552799999996,9946.60202955225,2004.0,47.0,21.0,228.0,144.0,30.0,27.0,0.0,72.0,3.0,135.0,18.0,0.0
230,42,4,1844.0,2121.0,461.0,0.0,316.0,2691.0,96.5224332622061,9639.640800000005,9736.16323326221,2004.0,47.0,21.0,228.0,144.0,30.0,27.0,0.0,72.0,3.0,135.0,18.0,0.0
230,43,4,1848.0,2146.0,445.0,0.0,270.0,2691.0,15.944242791233004,9125.080400000006,9141.024642791239,2004.0,47.0,21.0,228.0,144.0,30.0,27.0,0.0,72.0,3.0,135.0,18.0,0.0
230,44,4,1847.0,2125.0,469.0,0.0,241.0,2691.0,56.608940456333386,10419.263599999995,10475.872540456328,2004.0,47.0,21.0,228.0,144.0,30.0,27.0,0.0,72.0,3.0,135.0,18.0,0.0
230,45,4,1867.0,2114.0,463.0,0.0,314.0,2691.0,56.66275972977204,10225.944399999997,10282.607159729769,2004.0,47.0,21.0,228.0,144.0,30.0,27.0,0.0,72.0,3.0,135.0,18.0,0.0
230,46,4,1834.0,2095.0,472.0,0.0,344.0,2691.0,98.72451758826287,10809.709599999995,10908.434117588258,2004.0,47.0,21.0,228.0,144.0,30.0,27.0,0.0,72.0,3.0,135.0,18.0,0.0
230,47,4,1826.0,2099.0,476.0,0.0,304.0,2691.0,55.70175874716573,10734.025199999996,10789.726958747162,2004.0,47.0,21.0,228.0,144.0,30.0,27.0,0.0,72.0,3.0,135.0,18.0,0.0
230,48,5,1824.0,2120.0,463.0,0.0,268.0,2691.0,57.42456057607237,9827.482399999997,9884.90696057607,2004.0,47.0,21.0,228.0,144.0,30.0,27.0,0.0,72.0,3.0,135.0,18.0,0.0
230,49,5,1865.0,2108.0,485.0,0.0,310.0,2691.0,16.355473400622017,10638.4344,10654.789873400623,2004.0,47.0,21.0,228.0,144.0,30.0,27.0,0.0,72.0,3.0,135.0,18.0,0.0
230,50,5,1867.0,2080.0,502.0,0.0,317.0,2691.0,98.08082447924232,10314.320799999994,10412.401624479236,2004.0,47.0,21.0,228.0,144.0,30.0,27.0,0.0,72.0,3.0,135.0,18.0,0.0
230,51,5,1885.0,2129.0,452.0,0.0,287.0,2691.0,55.219073066859416,10241.642399999999,10296.861473066858,2004.0,47.0,21.0,228.0,144.0,30.0,27.0,0.0,72.0,3.0,135.0,18.0,0.0
230,52,5,1838.0,2123.0,457.0,0.0,295.0,2691.0,16.054861754136443,10741.5736,10757.628461754135,2004.0,47.0,21.0,228.0,144.0,30.0,27.0,0.0,72.0,3.0,135.0,18.0,0.0
230,53,5,1776.0,2123.0,466.0,0.0,267.0,2691.0,97.33700624536996,8815.662800000002,8912.999806245372,2004.0,47.0,21.0,228.0,144.0,30.0,27.0,0.0,72.0,3.0,135.0,18.0,0.0
230,54,5,1854.0,2066.0,498.0,0.0,344.0,2691.0,56.358001960237246,9747.455999999996,9803.814001960234,2004.0,47.0,21.0,228.0,144.0,30.0,27.0,0.0,72.0,3.0,135.0,18.0,0.0
230,55,5,1844.0,2129.0,456.0,0.0,331.0,2691.0,18.02821255159205,9750.9296,9768.95781255159,2004.0,47.0,21.0,228.0,144.0,30.0,27.0,0.0,72.0,3.0,135.0,18.0,0.0
230,56,5,1896.0,2090.0,481.0,0.0,295.0,2691.0,56.305200064387066,9077.719199999998,9134.024400064383,2004.0,47.0,21.0,228.0,144.0,30.0,27.0,0.0,72.0,3.0,135.0,18.0,0.0
230,57,5,1872.0,2110.0,467.0,0.0,287.0,2691.0,55.933251200096564,10427.546800000004,10483.480051200102,2004.0,47.0,21.0,228.0,144.0,30.0,27.0,0.0,72.0,3.0,135.0,18.0,0.0
230,58,5,1863.0,2124.0,460.0,0.0,294.0,2691.0,15.375111469632376,9314.324800000004,9329.699911469635,2004.0,47.0,21.0,228.0,144.0,30.0,27.0,0.0,72.0,3.0,135.0,18.0,0.0
230,59,5,1840.0,2099.0,480.0,0.0,296.0,2691.0,16.374215738605614,10021.202399999996,10037.576615738602,2004.0,47.0,21.0,228.0,144.0,30.0,27.0,0.0,72.0,3.0,135.0,18.0,0.0
230,60,6,1844.0,2150.0,442.0,0.0,289.0,2691.0,15.264271709927927,9487.938000000007,9503.202271709935,2004.0,47.0,21.0,228.0,144.0,30.0,27.0,0.0,72.0,3.0,135.0,18.0,0.0
230,61,6,1856.0,2123.0,447.0,0.0,299.0,2691.0,138.67302032898297,11365.752799999995,11504.425820328976,2004.0,47.0,21.0,228.0,144.0,30.0,27.0,0.0,72.0,3.0,135.0,18.0,0.0
230,62,6,1885.0,2118.0,477.0,0.0,281.0,2691.0,95.83532168563971,9272.908800000001,9368.744121685639,2004.0,47.0,21.0,228.0,144.0,30.0,27.0,0.0,72.0,3.0,135.0,18.0,0.0
230,63,6,1880.0,2072.0,488.0,0.0,336.0,2691.0,56.76133682472123,9625.546,9682.30733682472,2004.0,47.0,21.0,228.0,144.0,30.0,27.0,0.0,72.0,3.0,135.0,18.0,0.0
230,64,6,1837.0,2110.0,464.0,0.0,275.0,2691.0,99.19848787003936,10362.149599999995,10461.348087870034,2004.0,47.0,21.0,228.0,144.0,30.0,27.0,0.0,72.0,3.0,135.0,18.0,0.0
230,65,6,1844.0,2133.0,451.0,0.0,317.0,2691.0,56.57612032398466,9093.684399999998,9150.260520323984,2004.0,47.0,21.0,228.0,144.0,30.0,27.0,0.0,72.0,3.0,135.0,18.0,0.0
230,66,6,1859.0,2103.0,481.0,0.0,260.0,2691.0,15.348901092488564,10026.212399999993,10041.56130109248,2004.0,47.0,21.0,228.0,144.0,30.0,27.0,0.0,72.0,3.0,135.0,18.0,0.0
230,67,6,1852.0,2095.0,480.0,0.0,287.0,2691.0,56.74271944795695,9926.012399999996,9982.755119447953,2004.0,47.0,21.0,228.0,144.0,30.0,27.0,0.0,72.0,3.0,135.0,18.0,0.0
230,68,6,1865.0,2126.0,460.0,0.0,295.0,2691.0,136.9399767230443,9581.591599999996,9718.531576723039,2004.0,47.0,21.0,228.0,144.0,30.0,27.0,0.0,72.0,3.0,135.0,18.0,0.0
230,69,6,1840.0,2076.0,482.0,0.0,324.0,2691.0,57.90012187885716,10591.540799999997,10649.440921878853,2004.0,47.0,21.0,228.0,144.0,30.0,27.0,0.0,72.0,3.0,135.0,18.0,0.0
230,70,6,1829.0,2143.0,452.0,0.0,320.0,2691.0,58.83628575147427,10304.300799999992,10363.137085751465,2004.0,47.0,21.0,228.0,144.0,30.0,27.0,0.0,72.0,3.0,135.0,18.0,0.0
230,71,6,1841.0,2120.0,467.0,0.0,335.0,2691.0,56.88547335621943,9242.9824,9299.86787335622,2004.0,47.0,21.0,228.0,144.0,30.0,27.0,0.0,72.0,3.0,135.0,18.0,0.0
230,72,7,1812.0,2132.0,443.0,0.0,274.0,2691.0,56.83537406630128,9656.942000000005,9713.777374066307,2004.0,47.0,21.0,228.0,144.0,30.0,27.0,0.0,72.0,3.0,135.0,18.0,0.0
230,73,7,1855.0,2079.0,505.0,0.0,317.0,2691.0,13.61852814421788,9174.913200000003,9188.531728144219,2004.0,47.0,21.0,228.0,144.0,30.0,27.0,0.0,72.0,3.0,135.0,18.0,0.0
230,74,7,1854.0,2094.0,496.0,0.0,308.0,2691.0,17.220441102799132,10129.819199999998,10147.039641102798,2004.0,47.0,21.0,228.0,144.0,30.0,27.0,0.0,72.0,3.0,135.0,18.0,0.0
230,75,7,1870.0,2094.0,483.0,0.0,297.0,2691.0,15.701056287554863,9766.159999999998,9781.861056287551,2004.0,47.0,21.0,228.0,144.0,30.0,27.0,0.0,72.0,3.0,135.0,18.0,0.0
230,76,7,1887.0,2109.0,473.0,0.0,255.0,2691.0,98.33300821449879,8424.482,8522.815008214498,2004.0,47.0,21.0,228.0,144.0,30.0,27.0,0.0,72.0,3.0,135.0,18.0,0.0
230,77,7,1865.0,2091.0,473.0,0.0,327.0,2691.0,56.93380954396939,9926.212800000003,9983.146609543972,2004.0,47.0,21.0,228.0,144.0,30.0,27.0,0.0,72.0,3.0,135.0,18.0,0.0
230,78,7,1843.0,2072.0,477.0,0.0,304.0,2691.0,97.36256515563453,8708.382000000001,8805.744565155635,2004.0,47.0,21.0,228.0,144.0,30.0,27.0,0.0,72.0,3.0,135.0,18.0,0.0
230,79,7,1840.0,2124.0,451.0,0.0,293.0,2691.0,98.03489828880278,9442.580799999994,9540.615698288797,2004.0,47.0,21.0,228.0,144.0,30.0,27.0,0.0,72.0,3.0,135.0,18.0,0.0
230,80,7,1894.0,2099.0,489.0,0.0,283.0,2691.0,17.142007414981023,11751.856799999992,11768.998807414975,2004.0,47.0,21.0,228.0,144.0,30.0,27.0,0.0,72.0,3.0,135.0,18.0,0.0
230,81,7,1862.0,2140.0,454.0,0.0,287.0,2691.0,57.484121385799085,10615.388399999994,10672.872521385794,2004.0,47.0,21.0,228.0,144.0,30.0,27.0,0.0,72.0,3.0,135.0,18.0,0.0
230,82,7,1843.0,2114.0,452.0,0.0,330.0,2691.0,55.77998703889601,10368.428799999996,10424.208787038891,2004.0,47.0,21.0,228.0,144.0,30.0,27.0,0.0,72.0,3.0,135.0,18.0,0.0
230,83,7,1834.0,2068.0,531.0,0.0,277.0,2691.0,57.73009941398844,9252.801999999998,9310.532099413987,2004.0,47.0,21.0,228.0,144.0,30.0,27.0,0.0,72.0,3.0,135.0,18.0,0.0
230,84,8,1832.0,2114.0,467.0,0.0,311.0,2691.0,55.60494739111343,10689.135599999994,10744.740547391108,2004.0,47.0,21.0,228.0,144.0,30.0,27.0,0.0,72.0,3.0,135.0,18.0,0.0
230,85,8,1847.0,2114.0,476.0,0.0,299.0,2691.0,15.79561554815865,9964.622799999997,9980.418415548156,2004.0,47.0,21.0,228.0,144.0,30.0,27.0,0.0,72.0,3.0,135.0,18.0,0.0
230,86,8,1796.0,2136.0,458.0,0.0,310.0,2691.0,16.526266063395152,9523.1416,9539.667866063397,2004.0,47.0,21.0,228.0,144.0,30.0,27.0,0.0,72.0,3.0,135.0,18.0,0.0
230,87,8,1842.0,2136.0,452.0,0.0,326.0,2691.0,57.256158452867865,10569.43,10626.686158452869,2004.0,47.0,21.0,228.0,144.0,30.0,27.0,0.0,72.0,3.0,135.0,18.0,0.0
230,88,8,1858.0,2097.0,497.0,0.0,320.0,2691.0,98.48530428996767,10150.326799999992,10248.81210428996,2004.0,47.0,21.0,228.0,144.0,30.0,27.0,0.0,72.0,3.0,135.0,18.0,0.0
230,89,8,1793.0,2148.0,444.0,0.0,306.0,2691.0,56.182559179156456,10583.257600000003,10639.44015917916,2004.0,47.0,21.0,228.0,144.0,30.0,27.0,0.0,72.0,3.0,135.0,18.0,0.0
230,90,8,1848.0,2134.0,450.0,0.0,279.0,2691.0,16.42879768917629,9673.708800000008,9690.137597689183,2004.0,47.0,21.0,228.0,144.0,30.0,27.0,0.0,72.0,3.0,135.0,18.0,0.0
230,91,8,1828.0,2101.0,487.0,0.0,275.0,2691.0,17.76178927493517,9387.40399999999,9405.165789274924,2004.0,47.0,21.0,228.0,144.0,30.0,27.0,0.0,72.0,3.0,135.0,18.0,0.0
230,92,8,1820.0,2070.0,501.0,0.0,253.0,2691.0,58.13157556811341,10228.950399999994,10287.081975568108,2004.0,47.0,21.0,228.0,144.0,30.0,27.0,0.0,72.0,3.0,135.0,18.0,0.0
230,93,8,1843.0,2115.0,468.0,0.0,338.0,2691.0,17.062622055520826,9378.118799999997,9395.181422055517,2004.0,47.0,21.0,228.0,144.0,30.0,27.0,0.0,72.0,3.0,135.0,18.0,0.0
230,94,8,1855.0,2097.0,487.0,0.0,285.0,2691.0,55.93065926485989,9723.8756,9779.806259264858,2004.0,47.0,21.0,228.0,144.0,30.0,27.0,0.0,72.0,3.0,135.0,18.0,0.0
230,95,8,1867.0,2081.0,499.0,0.0,317.0,2691.0,97.63529677106487,8945.856,9043.491296771062,2004.0,47.0,21.0,228.0,144.0,30.0,27.0,0.0,72.0,3.0,135.0,18.0,0.0
230,96,9,1845.0,2131.0,454.0,0.0,308.0,2691.0,56.1890314117494,9230.5576,9286.746631411748,2004.0,47.0,21.0,228.0,144.0,30.0,27.0,0.0,72.0,3.0,135.0,18.0,0.0
230,97,9,1794.0,2099.0,489.0,0.0,281.0,2691.0,56.272481866523975,10199.691999999997,10255.964481866522,2004.0,47.0,21.0,228.0,144.0,30.0,27.0,0.0,72.0,3.0,135.0,18.0,0.0
230,98,9,1856.0,2139.0,444.0,0.0,317.0,2691.0,15.177137329042454,10880.784799999992,10895.961937329033,2004.0,47.0,21.0,228.0,144.0,30.0,27.0,0.0,72.0,3.0,135.0,18.0,0.0
230,99,9,1848.0,2097.0,484.0,0.0,278.0,2691.0,17.880052045426112,9414.324399999998,9432.204452045422,2004.0,47.0,21.0,228.0,144.0,30.0,27.0,0.0,72.0,3.0,135.0,18.0,0.0
230,100,9,1824.0,2132.0,466.0,0.0,290.0,2691.0,17.07741918869771,10656.470399999991,10673.547819188689,2004.0,47.0,21.0,228.0,144.0,30.0,27.0,0.0,72.0,3.0,135.0,18.0,0.0
230,101,9,1870.0,2106.0,478.0,0.0,283.0,2691.0,17.553113903484114,10742.709199999992,10760.262313903477,2004.0,47.0,21.0,228.0,144.0,30.0,27.0,0.0,72.0,3.0,135.0,18.0,0.0
230,102,9,1846.0,2127.0,456.0,0.0,257.0,2691.0,16.68609963198621,9996.286,10012.972099631987,2004.0,47.0,21.0,228.0,144.0,30.0,27.0,0.0,72.0,3.0,135.0,18.0,0.0
230,103,9,1859.0,2119.0,476.0,0.0,283.0,2691.0,17.80905857144021,9516.194399999997,9534.003458571438,2004.0,47.0,21.0,228.0,144.0,30.0,27.0,0.0,72.0,3.0,135.0,18.0,0.0
230,104,9,1877.0,2114.0,468.0,0.0,298.0,2691.0,58.69407923383442,9807.509200000004,9866.20327923384,2004.0,47.0,21.0,228.0,144.0,30.0,27.0,0.0,72.0,3.0,135.0,18.0,0.0
230,105,9,1889.0,2080.0,507.0,0.0,271.0,2691.0,54.95423575931314,10484.727599999995,10539.681835759307,2004.0,47.0,21.0,228.0,144.0,30.0,27.0,0.0,72.0,3.0,135.0,18.0,0.0
230,106,9,1892.0,2087.0,487.0,0.0,295.0,2691.0,55.230210977694924,9890.3412,9945.571410977695,2004.0,47.0,21.0,228.0,144.0,30.0,27.0,0.0,72.0,3.0,135.0,18.0,0.0
230,107,9,1853.0,2130.0,467.0,0.0,297.0,2691.0,14.309177584647859,8737.7072,8752.016377584647,2004.0,47.0,21.0,228.0,144.0,30.0,27.0,0.0,72.0,3.0,135.0,18.0,0.0
230,108,10,1875.0,2152.0,452.0,0.0,246.0,2691.0,96.59214865531347,9232.5616,9329.153748655313,2004.0,47.0,21.0,228.0,144.0,30.0,27.0,0.0,72.0,3.0,135.0,18.0,0.0
230,109,10,1885.0,2108.0,473.0,0.0,292.0,2691.0,17.291025040366527,9293.6836,9310.974625040366,2004.0,47.0,21.0,228.0,144.0,30.0,27.0,0.0,72.0,3.0,135.0,18.0,0.0
230,110,10,1885.0,2116.0,460.0,0.0,317.0,2691.0,57.22878363912401,10356.671999999991,10413.900783639116,2004.0,47.0,21.0,228.0,144.0,30.0,27.0,0.0,72.0,3.0,135.0,18.0,0.0
230,111,10,1872.0,2082.0,493.0,0.0,288.0,2691.0,55.56134512486415,9004.573200000003,9060.134545124867,2004.0,47.0,21.0,228.0,144.0,30.0,27.0,0.0,72.0,3.0,135.0,18.0,0.0
230,112,10,1805.0,2106.0,455.0,0.0,303.0,2691.0,16.559815758636176,11000.490399999991,11017.050215758629,2004.0,47.0,21.0,228.0,144.0,30.0,27.0,0.0,72.0,3.0,135.0,18.0,0.0
230,113,10,1841.0,2094.0,484.0,0.0,313.0,2691.0,56.24190429390252,9793.013599999998,9849.2555042939,2004.0,47.0,21.0,228.0,144.0,30.0,27.0,0.0,72.0,3.0,135.0,18.0,0.0
230,114,10,1860.0,2093.0,471.0,0.0,288.0,2691.0,57.19979422883587,10325.6768,10382.876594228836,2004.0,47.0,21.0,228.0,144.0,30.0,27.0,0.0,72.0,3.0,135.0,18.0,0.0
230,115,10,1883.0,2138.0,437.0,0.0,283.0,2691.0,94.90182664015941,9153.069599999993,9247.971426640153,2004.0,47.0,21.0,228.0,144.0,30.0,27.0,0.0,72.0,3.0,135.0,18.0,0.0
230,116,10,1828.0,2123.0,473.0,0.0,306.0,2691.0,17.15049654638322,9735.832800000002,9752.983296546385,2004.0,47.0,21.0,228.0,144.0,30.0,27.0,0.0,72.0,3.0,135.0,18.0,0.0
230,117,10,1879.0,2090.0,470.0,0.0,328.0,2691.0,56.67076182662473,11143.84319999999,11200.513961826615,2004.0,47.0,21.0,228.0,144.0,30.0,27.0,0.0,72.0,3.0,135.0,18.0,0.0
230,118,10,1860.0,2128.0,459.0,0.0,309.0,2691.0,15.536474075902193,10246.251599999996,10261.7880740759,2004.0,47.0,21.0,228.0,144.0,30.0,27.0,0.0,72.0,3.0,135.0,18.0,0.0
230,119,10,1848.0,2106.0,471.0,0.0,294.0,2691.0,58.13888582969267,8638.576000000001,8696.714885829695,2004.0,47.0,21.0,228.0,144.0,30.0,27.0,0.0,72.0,3.0,135.0,18.0,0.0
231,0,1,1861.0,2138.0,439.0,0.0,333.0,2691.0,97.3700610389651,9835.231199999998,9932.601261038963,2004.0,47.0,21.0,228.0,144.0,30.0,27.0,0.0,72.0,3.0,135.0,18.0,0.0
231,1,1,1828.0,2125.0,451.0,0.0,333.0,2691.0,58.92445833224899,9425.146000000004,9484.070458332253,2004.0,47.0,21.0,228.0,144.0,30.0,27.0,0.0,72.0,3.0,135.0,18.0,0.0
231,2,1,1867.0,2099.0,493.0,0.0,348.0,2691.0,17.688617339850108,10596.550799999995,10614.239417339844,2004.0,47.0,21.0,228.0,144.0,30.0,27.0,0.0,72.0,3.0,135.0,18.0,0.0
231,3,1,1851.0,2098.0,469.0,0.0,279.0,2691.0,17.436867172854694,8989.1424,9006.579267172854,2004.0,47.0,21.0,228.0,144.0,30.0,27.0,0.0,72.0,3.0,135.0,18.0,0.0
231,4,1,1844.0,2080.0,501.0,0.0,318.0,2691.0,58.00625833128155,9945.985599999993,10003.991858331276,2004.0,47.0,21.0,228.0,144.0,30.0,27.0,0.0,72.0,3.0,135.0,18.0,0.0
231,5,1,1849.0,2095.0,496.0,0.0,286.0,2691.0,16.438558991496162,9236.1688,9252.607358991496,2004.0,47.0,21.0,228.0,144.0,30.0,27.0,0.0,72.0,3.0,135.0,18.0,0.0
231,6,1,1888.0,2102.0,492.0,0.0,325.0,2691.0,57.34720320947305,10225.476799999997,10282.824003209469,2004.0,47.0,21.0,228.0,144.0,30.0,27.0,0.0,72.0,3.0,135.0,18.0,0.0
231,7,1,1837.0,2123.0,470.0,0.0,290.0,2691.0,57.925155943105395,9666.627999999997,9724.553155943102,2004.0,47.0,21.0,228.0,144.0,30.0,27.0,0.0,72.0,3.0,135.0,18.0,0.0
231,8,1,1850.0,2144.0,451.0,0.0,320.0,2691.0,96.96439679975286,10948.853999999998,11045.81839679975,2004.0,47.0,21.0,228.0,144.0,30.0,27.0,0.0,72.0,3.0,135.0,18.0,0.0
231,9,1,1836.0,2101.0,486.0,0.0,341.0,2691.0,16.344418648330272,9900.494800000006,9916.839218648336,2004.0,47.0,21.0,228.0,144.0,30.0,27.0,0.0,72.0,3.0,135.0,18.0,0.0
231,10,1,1835.0,2134.0,460.0,0.0,309.0,2691.0,17.603541242883814,9343.583199999997,9361.186741242882,2004.0,47.0,21.0,228.0,144.0,30.0,27.0,0.0,72.0,3.0,135.0,18.0,0.0
231,11,1,1857.0,2095.0,489.0,0.0,336.0,2691.0,96.47103687783681,8751.2676,8847.738636877835,2004.0,47.0,21.0,228.0,144.0,30.0,27.0,0.0,72.0,3.0,135.0,18.0,0.0
231,12,2,1866.0,2068.0,519.0,0.0,294.0,2691.0,56.72274556370394,10930.8848,10987.607545563704,2004.0,47.0,21.0,228.0,144.0,30.0,27.0,0.0,72.0,3.0,135.0,18.0,0.0
231,13,2,1841.0,2125.0,464.0,0.0,299.0,2691.0,17.000607717916466,9628.885999999999,9645.886607717915,2004.0,47.0,21.0,228.0,144.0,30.0,27.0,0.0,72.0,3.0,135.0,18.0,0.0
231,14,2,1828.0,2138.0,444.0,0.0,290.0,2691.0,96.62041251862522,9963.086400000002,10059.706812518627,2004.0,47.0,21.0,228.0,144.0,30.0,27.0,0.0,72.0,3.0,135.0,18.0,0.0
231,15,2,1883.0,2124.0,469.0,0.0,305.0,2691.0,15.91714533966902,9524.677999999993,9540.595145339663,2004.0,47.0,21.0,228.0,144.0,30.0,27.0,0.0,72.0,3.0,135.0,18.0,0.0
231,16,2,1923.0,2107.0,468.0,0.0,313.0,2691.0,58.65198002420901,10668.227200000003,10726.87918002421,2004.0,47.0,21.0,228.0,144.0,30.0,27.0,0.0,72.0,3.0,135.0,18.0,0.0
231,17,2,1842.0,2084.0,494.0,0.0,327.0,2691.0,57.90869610443229,9620.936799999998,9678.84549610443,2004.0,47.0,21.0,228.0,144.0,30.0,27.0,0.0,72.0,3.0,135.0,18.0,0.0
231,18,2,1874.0,2074.0,512.0,0.0,311.0,2691.0,15.594582114250494,9630.956799999998,9646.551382114249,2004.0,47.0,21.0,228.0,144.0,30.0,27.0,0.0,72.0,3.0,135.0,18.0,0.0
231,19,2,1859.0,2110.0,474.0,0.0,319.0,2691.0,99.75504749852475,10473.972800000003,10573.727847498529,2004.0,47.0,21.0,228.0,144.0,30.0,27.0,0.0,72.0,3.0,135.0,18.0,0.0
231,20,2,1845.0,2122.0,457.0,0.0,291.0,2691.0,58.471143070684406,9387.737999999998,9446.209143070682,2004.0,47.0,21.0,228.0,144.0,30.0,27.0,0.0,72.0,3.0,135.0,18.0,0.0
231,21,2,1905.0,2124.0,462.0,0.0,333.0,2691.0,16.681107953421353,10028.149599999993,10044.830707953415,2004.0,47.0,21.0,228.0,144.0,30.0,27.0,0.0,72.0,3.0,135.0,18.0,0.0
231,22,2,1846.0,2089.0,486.0,0.0,361.0,2691.0,59.11212896204172,9737.7032,9796.815328962042,2004.0,47.0,21.0,228.0,144.0,30.0,27.0,0.0,72.0,3.0,135.0,18.0,0.0
231,23,2,1848.0,2100.0,476.0,0.0,285.0,2691.0,99.09019906430552,10037.434800000003,10136.52499906431,2004.0,47.0,21.0,228.0,144.0,30.0,27.0,0.0,72.0,3.0,135.0,18.0,0.0
231,24,3,1860.0,2113.0,467.0,0.0,303.0,2691.0,57.64959420966124,11588.397199999998,11646.046794209658,2004.0,47.0,21.0,228.0,144.0,30.0,27.0,0.0,72.0,3.0,135.0,18.0,0.0
231,25,3,1865.0,2122.0,463.0,0.0,300.0,2691.0,96.91225748949203,10384.393999999998,10481.30625748949,2004.0,47.0,21.0,228.0,144.0,30.0,27.0,0.0,72.0,3.0,135.0,18.0,0.0
231,26,3,1885.0,2107.0,469.0,0.0,328.0,2691.0,56.284421732602695,8917.666400000004,8973.950821732607,2004.0,47.0,21.0,228.0,144.0,30.0,27.0,0.0,72.0,3.0,135.0,18.0,0.0
231,27,3,1839.0,2106.0,475.0,0.0,326.0,2691.0,18.304018901793675,8694.5544,8712.858418901793,2004.0,47.0,21.0,228.0,144.0,30.0,27.0,0.0,72.0,3.0,135.0,18.0,0.0
231,28,3,1852.0,2127.0,458.0,0.0,336.0,2691.0,16.759247548174017,9177.317999999997,9194.07724754817,2004.0,47.0,21.0,228.0,144.0,30.0,27.0,0.0,72.0,3.0,135.0,18.0,0.0
231,29,3,1856.0,2105.0,470.0,0.0,330.0,2691.0,56.1481997520827,10293.8132,10349.961399752083,2004.0,47.0,21.0,228.0,144.0,30.0,27.0,0.0,72.0,3.0,135.0,18.0,0.0
231,30,3,1830.0,2125.0,455.0,0.0,314.0,2691.0,54.38094539910262,8945.054399999997,8999.435345399103,2004.0,47.0,21.0,228.0,144.0,30.0,27.0,0.0,72.0,3.0,135.0,18.0,0.0
231,31,3,1840.0,2125.0,467.0,0.0,338.0,2691.0,57.970850346796354,10712.916400000002,10770.887250346797,2004.0,47.0,21.0,228.0,144.0,30.0,27.0,0.0,72.0,3.0,135.0,18.0,0.0
231,32,3,1854.0,2082.0,484.0,0.0,334.0,2691.0,97.9421609711035,9516.528400000001,9614.470560971105,2004.0,47.0,21.0,228.0,144.0,30.0,27.0,0.0,72.0,3.0,135.0,18.0,0.0
231,33,3,1843.0,2107.0,485.0,0.0,316.0,2691.0,15.99349205486191,9054.6064,9070.599892054863,2004.0,47.0,21.0,228.0,144.0,30.0,27.0,0.0,72.0,3.0,135.0,18.0,0.0
231,34,3,1852.0,2131.0,459.0,0.0,347.0,2691.0,57.841919279220846,9060.351199999997,9118.193119279218,2004.0,47.0,21.0,228.0,144.0,30.0,27.0,0.0,72.0,3.0,135.0,18.0,0.0
231,35,3,1887.0,2101.0,479.0,0.0,354.0,2691.0,15.46214930009118,9354.805599999998,9370.267749300088,2004.0,47.0,21.0,228.0,144.0,30.0,27.0,0.0,72.0,3.0,135.0,18.0,0.0
231,36,4,1853.0,2074.0,509.0,0.0,332.0,2691.0,57.5378915349538,10494.413599999993,10551.951491534945,2004.0,47.0,21.0,228.0,144.0,30.0,27.0,0.0,72.0,3.0,135.0,18.0,0.0
231,37,4,1865.0,2096.0,493.0,0.0,270.0,2691.0,17.509932111340806,9042.1816,9059.691532111341,2004.0,47.0,21.0,228.0,144.0,30.0,27.0,0.0,72.0,3.0,135.0,18.0,0.0
231,38,4,1854.0,2127.0,452.0,0.0,309.0,2691.0,16.96023472497123,9212.454800000003,9229.415034724974,2004.0,47.0,21.0,228.0,144.0,30.0,27.0,0.0,72.0,3.0,135.0,18.0,0.0
231,39,4,1855.0,2137.0,464.0,0.0,279.0,2691.0,97.40039047609176,9270.3704,9367.770790476094,2004.0,47.0,21.0,228.0,144.0,30.0,27.0,0.0,72.0,3.0,135.0,18.0,0.0
231,40,4,1911.0,2068.0,521.0,0.0,290.0,2691.0,18.661229326487664,9928.951599999997,9947.612829326485,2004.0,47.0,21.0,228.0,144.0,30.0,27.0,0.0,72.0,3.0,135.0,18.0,0.0
231,41,4,1844.0,2140.0,442.0,0.0,333.0,2691.0,15.417247000570683,10208.710000000003,10224.127247000573,2004.0,47.0,21.0,228.0,144.0,30.0,27.0,0.0,72.0,3.0,135.0,18.0,0.0
231,42,4,1848.0,2148.0,443.0,0.0,289.0,2691.0,97.41354199753887,9362.888400000003,9460.301941997543,2004.0,47.0,21.0,228.0,144.0,30.0,27.0,0.0,72.0,3.0,135.0,18.0,0.0
231,43,4,1847.0,2124.0,467.0,0.0,262.0,2691.0,57.13710088034988,10624.807199999996,10681.944300880345,2004.0,47.0,21.0,228.0,144.0,30.0,27.0,0.0,72.0,3.0,135.0,18.0,0.0
231,44,4,1867.0,2112.0,464.0,0.0,338.0,2691.0,56.73834561072986,10140.9748,10197.713145610729,2004.0,47.0,21.0,228.0,144.0,30.0,27.0,0.0,72.0,3.0,135.0,18.0,0.0
231,45,4,1834.0,2094.0,473.0,0.0,368.0,2691.0,140.21976716215127,10806.703599999995,10946.923367162146,2004.0,47.0,21.0,228.0,144.0,30.0,27.0,0.0,72.0,3.0,135.0,18.0,0.0
231,46,4,1826.0,2106.0,469.0,0.0,328.0,2691.0,137.3910042460003,11069.761999999997,11207.153004245998,2004.0,47.0,21.0,228.0,144.0,30.0,27.0,0.0,72.0,3.0,135.0,18.0,0.0
231,47,4,1824.0,2122.0,460.0,0.0,289.0,2691.0,59.4131998212095,9994.5492,10053.962399821208,2004.0,47.0,21.0,228.0,144.0,30.0,27.0,0.0,72.0,3.0,135.0,18.0,0.0
231,48,5,1865.0,2101.0,491.0,0.0,337.0,2691.0,17.377351444814988,10861.2792,10878.656551444816,2004.0,47.0,21.0,228.0,144.0,30.0,27.0,0.0,72.0,3.0,135.0,18.0,0.0
231,49,5,1867.0,2073.0,508.0,0.0,337.0,2691.0,138.15714394402207,10329.217199999996,10467.374343944017,2004.0,47.0,21.0,228.0,144.0,30.0,27.0,0.0,72.0,3.0,135.0,18.0,0.0
231,50,5,1885.0,2126.0,455.0,0.0,315.0,2691.0,138.29065570395483,9860.682,9998.972655703956,2004.0,47.0,21.0,228.0,144.0,30.0,27.0,0.0,72.0,3.0,135.0,18.0,0.0
231,51,5,1838.0,2115.0,465.0,0.0,323.0,2691.0,57.34170224369105,10197.287200000002,10254.628902243694,2004.0,47.0,21.0,228.0,144.0,30.0,27.0,0.0,72.0,3.0,135.0,18.0,0.0
231,52,5,1776.0,2116.0,472.0,0.0,285.0,2691.0,98.1108710496969,8813.191200000001,8911.302071049697,2004.0,47.0,21.0,228.0,144.0,30.0,27.0,0.0,72.0,3.0,135.0,18.0,0.0
231,53,5,1854.0,2061.0,502.0,0.0,365.0,2691.0,57.580333309719634,9818.330799999998,9875.911133309717,2004.0,47.0,21.0,228.0,144.0,30.0,27.0,0.0,72.0,3.0,135.0,18.0,0.0
231,54,5,1844.0,2121.0,463.0,0.0,342.0,2691.0,58.32822637788001,10109.845999999998,10168.174226377878,2004.0,47.0,21.0,228.0,144.0,30.0,27.0,0.0,72.0,3.0,135.0,18.0,0.0
231,55,5,1896.0,2091.0,479.0,0.0,320.0,2691.0,55.68517488677518,8559.417999999998,8615.103174886774,2004.0,47.0,21.0,228.0,144.0,30.0,27.0,0.0,72.0,3.0,135.0,18.0,0.0
231,56,5,1872.0,2092.0,485.0,0.0,296.0,2691.0,55.62946655769623,10380.319200000002,10435.948666557699,2004.0,47.0,21.0,228.0,144.0,30.0,27.0,0.0,72.0,3.0,135.0,18.0,0.0
231,57,5,1863.0,2130.0,454.0,0.0,314.0,2691.0,15.09744091920044,9660.7496,9675.847040919198,2004.0,47.0,21.0,228.0,144.0,30.0,27.0,0.0,72.0,3.0,135.0,18.0,0.0
231,58,5,1840.0,2089.0,489.0,0.0,322.0,2691.0,17.06581057635958,10705.367999999999,10722.433810576358,2004.0,47.0,21.0,228.0,144.0,30.0,27.0,0.0,72.0,3.0,135.0,18.0,0.0
231,59,5,1844.0,2133.0,457.0,0.0,312.0,2691.0,18.39982573138978,9883.060000000001,9901.459825731392,2004.0,47.0,21.0,228.0,144.0,30.0,27.0,0.0,72.0,3.0,135.0,18.0,0.0
231,60,6,1856.0,2107.0,463.0,0.0,313.0,2691.0,139.74874565812917,10329.1504,10468.899145658132,2004.0,47.0,21.0,228.0,144.0,30.0,27.0,0.0,72.0,3.0,135.0,18.0,0.0
231,61,6,1885.0,2115.0,480.0,0.0,305.0,2691.0,137.71020809612938,9682.5932,9820.30340809613,2004.0,47.0,21.0,228.0,144.0,30.0,27.0,0.0,72.0,3.0,135.0,18.0,0.0
231,62,6,1880.0,2072.0,488.0,0.0,346.0,2691.0,57.9375192383977,9646.922000000002,9704.8595192384,2004.0,47.0,21.0,228.0,144.0,30.0,27.0,0.0,72.0,3.0,135.0,18.0,0.0
231,63,6,1837.0,2104.0,470.0,0.0,294.0,2691.0,98.29993848709823,9951.663599999994,10049.963538487093,2004.0,47.0,21.0,228.0,144.0,30.0,27.0,0.0,72.0,3.0,135.0,18.0,0.0
231,64,6,1844.0,2133.0,450.0,0.0,339.0,2691.0,56.62551481904011,9297.090400000001,9353.71591481904,2004.0,47.0,21.0,228.0,144.0,30.0,27.0,0.0,72.0,3.0,135.0,18.0,0.0
231,65,6,1859.0,2099.0,484.0,0.0,281.0,2691.0,56.6889193684364,10388.936399999997,10445.625319368433,2004.0,47.0,21.0,228.0,144.0,30.0,27.0,0.0,72.0,3.0,135.0,18.0,0.0
231,66,6,1852.0,2093.0,480.0,0.0,315.0,2691.0,17.868709375059808,10627.746399999998,10645.615109375058,2004.0,47.0,21.0,228.0,144.0,30.0,27.0,0.0,72.0,3.0,135.0,18.0,0.0
231,67,6,1865.0,2106.0,481.0,0.0,315.0,2691.0,138.03937866459873,8684.534400000006,8822.573778664602,2004.0,47.0,21.0,228.0,144.0,30.0,27.0,0.0,72.0,3.0,135.0,18.0,0.0
231,68,6,1840.0,2063.0,496.0,0.0,349.0,2691.0,58.91105749758472,10692.8096,10751.720657497584,2004.0,47.0,21.0,228.0,144.0,30.0,27.0,0.0,72.0,3.0,135.0,18.0,0.0
231,69,6,1829.0,2142.0,453.0,0.0,349.0,2691.0,59.53331273408665,10410.312399999995,10469.845712734083,2004.0,47.0,21.0,228.0,144.0,30.0,27.0,0.0,72.0,3.0,135.0,18.0,0.0
231,70,6,1841.0,2143.0,445.0,0.0,354.0,2691.0,58.15641014946357,9145.1872,9203.343610149464,2004.0,47.0,21.0,228.0,144.0,30.0,27.0,0.0,72.0,3.0,135.0,18.0,0.0
231,71,6,1812.0,2127.0,448.0,0.0,299.0,2691.0,58.45434316868531,9786.066400000005,9844.52074316869,2004.0,47.0,21.0,228.0,144.0,30.0,27.0,0.0,72.0,3.0,135.0,18.0,0.0
231,72,7,1855.0,2079.0,506.0,0.0,341.0,2691.0,95.50983720884287,9297.624800000001,9393.134637208845,2004.0,47.0,21.0,228.0,144.0,30.0,27.0,0.0,72.0,3.0,135.0,18.0,0.0
231,73,7,1854.0,2093.0,497.0,0.0,323.0,2691.0,15.926662210519286,10086.800000000001,10102.72666221052,2004.0,47.0,21.0,228.0,144.0,30.0,27.0,0.0,72.0,3.0,135.0,18.0,0.0
231,74,7,1870.0,2095.0,481.0,0.0,323.0,2691.0,96.92634272903027,9871.169600000001,9968.09594272903,2004.0,47.0,21.0,228.0,144.0,30.0,27.0,0.0,72.0,3.0,135.0,18.0,0.0
231,75,7,1887.0,2108.0,473.0,0.0,272.0,2691.0,139.40654599081205,7961.4912,8100.897745990813,2004.0,47.0,21.0,228.0,144.0,30.0,27.0,0.0,72.0,3.0,135.0,18.0,0.0
231,76,7,1865.0,2089.0,475.0,0.0,337.0,2691.0,98.39818755644023,10025.945200000006,10124.343387556444,2004.0,47.0,21.0,228.0,144.0,30.0,27.0,0.0,72.0,3.0,135.0,18.0,0.0
231,77,7,1843.0,2072.0,478.0,0.0,328.0,2691.0,98.69891633889918,8860.4856,8959.1845163389,2004.0,47.0,21.0,228.0,144.0,30.0,27.0,0.0,72.0,3.0,135.0,18.0,0.0
231,78,7,1840.0,2119.0,455.0,0.0,325.0,2691.0,59.544906418925095,9699.4268,9758.971706418924,2004.0,47.0,21.0,228.0,144.0,30.0,27.0,0.0,72.0,3.0,135.0,18.0,0.0
231,79,7,1894.0,2120.0,468.0,0.0,308.0,2691.0,98.38611749402021,11604.228799999992,11702.614917494013,2004.0,47.0,21.0,228.0,144.0,30.0,27.0,0.0,72.0,3.0,135.0,18.0,0.0
231,80,7,1862.0,2136.0,458.0,0.0,301.0,2691.0,58.0257591042101,10535.361999999997,10593.387759104207,2004.0,47.0,21.0,228.0,144.0,30.0,27.0,0.0,72.0,3.0,135.0,18.0,0.0
231,81,7,1843.0,2116.0,450.0,0.0,352.0,2691.0,98.18087591849998,9788.604800000001,9886.785675918502,2004.0,47.0,21.0,228.0,144.0,30.0,27.0,0.0,72.0,3.0,135.0,18.0,0.0
231,82,7,1834.0,2073.0,526.0,0.0,305.0,2691.0,18.45037008086653,9628.218000000003,9646.668370080868,2004.0,47.0,21.0,228.0,144.0,30.0,27.0,0.0,72.0,3.0,135.0,18.0,0.0
231,83,7,1832.0,2121.0,459.0,0.0,332.0,2691.0,57.51385123771788,11018.392799999996,11075.906651237714,2004.0,47.0,21.0,228.0,144.0,30.0,27.0,0.0,72.0,3.0,135.0,18.0,0.0
231,84,8,1847.0,2123.0,466.0,0.0,320.0,2691.0,17.1289665135037,9468.031599999997,9485.1605665135,2004.0,47.0,21.0,228.0,144.0,30.0,27.0,0.0,72.0,3.0,135.0,18.0,0.0
231,85,8,1796.0,2124.0,469.0,0.0,327.0,2691.0,16.264336520042846,9279.588800000001,9295.853136520045,2004.0,47.0,21.0,228.0,144.0,30.0,27.0,0.0,72.0,3.0,135.0,18.0,0.0
231,86,8,1842.0,2136.0,451.0,0.0,343.0,2691.0,58.88793641647163,10773.370400000002,10832.258336416471,2004.0,47.0,21.0,228.0,144.0,30.0,27.0,0.0,72.0,3.0,135.0,18.0,0.0
231,87,8,1858.0,2107.0,486.0,0.0,347.0,2691.0,138.54529127570584,10060.614399999999,10199.159691275705,2004.0,47.0,21.0,228.0,144.0,30.0,27.0,0.0,72.0,3.0,135.0,18.0,0.0
231,88,8,1793.0,2144.0,448.0,0.0,323.0,2691.0,57.14034530926804,10836.162400000003,10893.302745309273,2004.0,47.0,21.0,228.0,144.0,30.0,27.0,0.0,72.0,3.0,135.0,18.0,0.0
231,89,8,1848.0,2125.0,460.0,0.0,306.0,2691.0,15.904852716109026,9003.972000000009,9019.876852716117,2004.0,47.0,21.0,228.0,144.0,30.0,27.0,0.0,72.0,3.0,135.0,18.0,0.0
231,90,8,1828.0,2102.0,486.0,0.0,295.0,2691.0,16.887097590749242,9585.666399999991,9602.55349759074,2004.0,47.0,21.0,228.0,144.0,30.0,27.0,0.0,72.0,3.0,135.0,18.0,0.0
231,91,8,1820.0,2071.0,499.0,0.0,275.0,2691.0,58.345379800243144,10130.887999999995,10189.233379800238,2004.0,47.0,21.0,228.0,144.0,30.0,27.0,0.0,72.0,3.0,135.0,18.0,0.0
231,92,8,1843.0,2104.0,479.0,0.0,343.0,2691.0,17.45487603319716,9045.053999999996,9062.508876033195,2004.0,47.0,21.0,228.0,144.0,30.0,27.0,0.0,72.0,3.0,135.0,18.0,0.0
231,93,8,1855.0,2090.0,493.0,0.0,314.0,2691.0,96.61328336924134,9916.059199999998,10012.672483369239,2004.0,47.0,21.0,228.0,144.0,30.0,27.0,0.0,72.0,3.0,135.0,18.0,0.0
231,94,8,1867.0,2109.0,469.0,0.0,339.0,2691.0,17.374970697144704,9814.790400000004,9832.165370697148,2004.0,47.0,21.0,228.0,144.0,30.0,27.0,0.0,72.0,3.0,135.0,18.0,0.0
231,95,8,1845.0,2123.0,461.0,0.0,341.0,2691.0,17.26730213537273,10260.947599999998,10278.21490213537,2004.0,47.0,21.0,228.0,144.0,30.0,27.0,0.0,72.0,3.0,135.0,18.0,0.0
231,96,9,1794.0,2123.0,465.0,0.0,306.0,2691.0,98.0600951192472,10740.638399999998,10838.698495119246,2004.0,47.0,21.0,228.0,144.0,30.0,27.0,0.0,72.0,3.0,135.0,18.0,0.0
231,97,9,1856.0,2132.0,451.0,0.0,334.0,2691.0,15.005304442635662,11361.677999999993,11376.683304442628,2004.0,47.0,21.0,228.0,144.0,30.0,27.0,0.0,72.0,3.0,135.0,18.0,0.0
231,98,9,1848.0,2088.0,493.0,0.0,297.0,2691.0,18.33664424958976,9670.635999999995,9688.972644249585,2004.0,47.0,21.0,228.0,144.0,30.0,27.0,0.0,72.0,3.0,135.0,18.0,0.0
231,99,9,1824.0,2128.0,469.0,0.0,318.0,2691.0,17.46620954836834,10868.560399999991,10886.02660954836,2004.0,47.0,21.0,228.0,144.0,30.0,27.0,0.0,72.0,3.0,135.0,18.0,0.0
231,100,9,1870.0,2123.0,461.0,0.0,304.0,2691.0,57.84383854667159,10943.376399999994,11001.220238546666,2004.0,47.0,21.0,228.0,144.0,30.0,27.0,0.0,72.0,3.0,135.0,18.0,0.0
231,101,9,1846.0,2122.0,461.0,0.0,280.0,2691.0,16.584465004322546,10028.684000000001,10045.268465004323,2004.0,47.0,21.0,228.0,144.0,30.0,27.0,0.0,72.0,3.0,135.0,18.0,0.0
231,102,9,1859.0,2121.0,474.0,0.0,302.0,2691.0,57.85805693882022,9694.550399999998,9752.408456938818,2004.0,47.0,21.0,228.0,144.0,30.0,27.0,0.0,72.0,3.0,135.0,18.0,0.0
231,103,9,1877.0,2111.0,469.0,0.0,326.0,2691.0,139.66591118515097,9541.177600000003,9680.843511185154,2004.0,47.0,21.0,228.0,144.0,30.0,27.0,0.0,72.0,3.0,135.0,18.0,0.0
231,104,9,1889.0,2080.0,506.0,0.0,292.0,2691.0,97.2536356666305,10610.111199999998,10707.364835666627,2004.0,47.0,21.0,228.0,144.0,30.0,27.0,0.0,72.0,3.0,135.0,18.0,0.0
231,105,9,1892.0,2086.0,488.0,0.0,310.0,2691.0,15.024385576343557,9943.1132,9958.137585576344,2004.0,47.0,21.0,228.0,144.0,30.0,27.0,0.0,72.0,3.0,135.0,18.0,0.0
231,106,9,1853.0,2125.0,471.0,0.0,313.0,2691.0,16.00319804338092,9094.886799999998,9110.88999804338,2004.0,47.0,21.0,228.0,144.0,30.0,27.0,0.0,72.0,3.0,135.0,18.0,0.0
231,107,9,1875.0,2151.0,455.0,0.0,280.0,2691.0,97.17972162024378,10556.804800000002,10653.984521620245,2004.0,47.0,21.0,228.0,144.0,30.0,27.0,0.0,72.0,3.0,135.0,18.0,0.0
231,108,10,1885.0,2117.0,462.0,0.0,312.0,2691.0,58.49768619076608,9330.624000000002,9389.121686190767,2004.0,47.0,21.0,228.0,144.0,30.0,27.0,0.0,72.0,3.0,135.0,18.0,0.0
231,109,10,1885.0,2106.0,470.0,0.0,337.0,2691.0,57.91122277987352,10050.52759999999,10108.438822779864,2004.0,47.0,21.0,228.0,144.0,30.0,27.0,0.0,72.0,3.0,135.0,18.0,0.0
231,110,10,1872.0,2076.0,499.0,0.0,316.0,2691.0,15.630325896536608,9230.824800000006,9246.455125896544,2004.0,47.0,21.0,228.0,144.0,30.0,27.0,0.0,72.0,3.0,135.0,18.0,0.0
231,111,10,1805.0,2094.0,466.0,0.0,327.0,2691.0,99.31681872555791,10685.261199999994,10784.578018725551,2004.0,47.0,21.0,228.0,144.0,30.0,27.0,0.0,72.0,3.0,135.0,18.0,0.0
231,112,10,1841.0,2092.0,486.0,0.0,334.0,2691.0,57.71532937988636,9450.5968,9508.312129379887,2004.0,47.0,21.0,228.0,144.0,30.0,27.0,0.0,72.0,3.0,135.0,18.0,0.0
231,113,10,1860.0,2091.0,471.0,0.0,317.0,2691.0,57.218132941255554,10727.211600000002,10784.429732941258,2004.0,47.0,21.0,228.0,144.0,30.0,27.0,0.0,72.0,3.0,135.0,18.0,0.0
231,114,10,1883.0,2144.0,431.0,0.0,306.0,2691.0,136.69730874625554,9180.991999999995,9317.68930874625,2004.0,47.0,21.0,228.0,144.0,30.0,27.0,0.0,72.0,3.0,135.0,18.0,0.0
231,115,10,1828.0,2113.0,482.0,0.0,326.0,2691.0,97.97685497172802,9359.014000000003,9456.99085497173,2004.0,47.0,21.0,228.0,144.0,30.0,27.0,0.0,72.0,3.0,135.0,18.0,0.0
231,116,10,1879.0,2089.0,471.0,0.0,349.0,2691.0,58.28609579627705,11109.107199999991,11167.393295796268,2004.0,47.0,21.0,228.0,144.0,30.0,27.0,0.0,72.0,3.0,135.0,18.0,0.0
231,117,10,1860.0,2116.0,470.0,0.0,331.0,2691.0,15.702745193521812,9186.002000000002,9201.704745193525,2004.0,47.0,21.0,228.0,144.0,30.0,27.0,0.0,72.0,3.0,135.0,18.0,0.0
231,118,10,1848.0,2113.0,463.0,0.0,332.0,2691.0,58.216918294024595,8723.812800000002,8782.029718294027,2004.0,47.0,21.0,228.0,144.0,30.0,27.0,0.0,72.0,3.0,135.0,18.0,0.0
231,119,10,1854.0,2104.0,478.0,0.0,322.0,2691.0,15.906133168781679,10849.589199999991,10865.495333168772,2004.0,47.0,21.0,228.0,144.0,30.0,27.0,0.0,72.0,3.0,135.0,18.0,0.0
232,0,1,1828.0,2128.0,448.0,0.0,340.0,2691.0,62.222901638855184,9896.486800000002,9958.709701638858,2004.0,47.0,21.0,228.0,144.0,30.0,27.0,0.0,72.0,3.0,135.0,18.0,0.0
232,1,1,1867.0,2100.0,493.0,0.0,345.0,2691.0,21.694014478497397,11362.1456,11383.839614478497,2004.0,47.0,21.0,228.0,144.0,30.0,27.0,0.0,72.0,3.0,135.0,18.0,0.0
232,2,1,1851.0,2103.0,464.0,0.0,287.0,2691.0,102.08187079056681,9486.134399999999,9588.216270790568,2004.0,47.0,21.0,228.0,144.0,30.0,27.0,0.0,72.0,3.0,135.0,18.0,0.0
232,3,1,1844.0,2078.0,502.0,0.0,318.0,2691.0,61.970557416565285,10245.984399999994,10307.95495741656,2004.0,47.0,21.0,228.0,144.0,30.0,27.0,0.0,72.0,3.0,135.0,18.0,0.0
232,4,1,1849.0,2095.0,497.0,0.0,297.0,2691.0,19.525437537491214,9450.196,9469.721437537492,2004.0,47.0,21.0,228.0,144.0,30.0,27.0,0.0,72.0,3.0,135.0,18.0,0.0
232,5,1,1888.0,2102.0,492.0,0.0,328.0,2691.0,20.92072334089947,10947.250799999996,10968.171523340898,2004.0,47.0,21.0,228.0,144.0,30.0,27.0,0.0,72.0,3.0,135.0,18.0,0.0
232,6,1,1837.0,2156.0,438.0,0.0,305.0,2691.0,141.5579335635143,10671.366799999996,10812.924733563508,2004.0,47.0,21.0,228.0,144.0,30.0,27.0,0.0,72.0,3.0,135.0,18.0,0.0
232,7,1,1850.0,2143.0,451.0,0.0,327.0,2691.0,101.0025644830368,11398.484799999998,11499.487364483037,2004.0,47.0,21.0,228.0,144.0,30.0,27.0,0.0,72.0,3.0,135.0,18.0,0.0
232,8,1,1836.0,2099.0,488.0,0.0,349.0,2691.0,20.633697898599415,10810.578000000003,10831.211697898603,2004.0,47.0,21.0,228.0,144.0,30.0,27.0,0.0,72.0,3.0,135.0,18.0,0.0
232,9,1,1835.0,2132.0,463.0,0.0,306.0,2691.0,21.726345840789676,10553.865599999997,10575.591945840786,2004.0,47.0,21.0,228.0,144.0,30.0,27.0,0.0,72.0,3.0,135.0,18.0,0.0
232,10,1,1857.0,2098.0,484.0,0.0,339.0,2691.0,99.65070821017183,9519.935199999998,9619.585908210169,2004.0,47.0,21.0,228.0,144.0,30.0,27.0,0.0,72.0,3.0,135.0,18.0,0.0
232,11,1,1866.0,2067.0,520.0,0.0,293.0,2691.0,142.24743256728226,12282.515999999996,12424.763432567277,2004.0,47.0,21.0,228.0,144.0,30.0,27.0,0.0,72.0,3.0,135.0,18.0,0.0
232,12,2,1841.0,2128.0,463.0,0.0,302.0,2691.0,62.70283255168866,10634.359599999996,10697.062432551686,2004.0,47.0,21.0,228.0,144.0,30.0,27.0,0.0,72.0,3.0,135.0,18.0,0.0
232,13,2,1828.0,2142.0,439.0,0.0,294.0,2691.0,140.45665959703877,10697.151600000003,10837.608259597042,2004.0,47.0,21.0,228.0,144.0,30.0,27.0,0.0,72.0,3.0,135.0,18.0,0.0
232,14,2,1883.0,2129.0,464.0,0.0,304.0,2691.0,59.246896688138094,10740.771999999992,10800.01889668813,2004.0,47.0,21.0,228.0,144.0,30.0,27.0,0.0,72.0,3.0,135.0,18.0,0.0
232,15,2,1923.0,2112.0,462.0,0.0,319.0,2691.0,23.44466418687158,11487.395600000003,11510.840264186874,2004.0,47.0,21.0,228.0,144.0,30.0,27.0,0.0,72.0,3.0,135.0,18.0,0.0
232,16,2,1842.0,2084.0,494.0,0.0,332.0,2691.0,60.26778151246171,10256.472,10316.739781512462,2004.0,47.0,21.0,228.0,144.0,30.0,27.0,0.0,72.0,3.0,135.0,18.0,0.0
232,17,2,1874.0,2083.0,502.0,0.0,317.0,2691.0,20.10314873751387,10715.588399999997,10735.691548737512,2004.0,47.0,21.0,228.0,144.0,30.0,27.0,0.0,72.0,3.0,135.0,18.0,0.0
232,18,2,1859.0,2111.0,473.0,0.0,319.0,2691.0,105.09550130423972,10851.860400000005,10956.955901304245,2004.0,47.0,21.0,228.0,144.0,30.0,27.0,0.0,72.0,3.0,135.0,18.0,0.0
232,19,2,1845.0,2113.0,466.0,0.0,311.0,2691.0,142.59783319896172,10053.1996,10195.797433198963,2004.0,47.0,21.0,228.0,144.0,30.0,27.0,0.0,72.0,3.0,135.0,18.0,0.0
232,20,2,1905.0,2120.0,467.0,0.0,342.0,2691.0,20.340114427033107,10907.838799999996,10928.17891442703,2004.0,47.0,21.0,228.0,144.0,30.0,27.0,0.0,72.0,3.0,135.0,18.0,0.0
232,21,2,1846.0,2092.0,483.0,0.0,370.0,2691.0,22.71243077998597,10583.925600000002,10606.638030779988,2004.0,47.0,21.0,228.0,144.0,30.0,27.0,0.0,72.0,3.0,135.0,18.0,0.0
232,22,2,1848.0,2100.0,476.0,0.0,284.0,2691.0,102.76573997652183,10756.069200000002,10858.834939976525,2004.0,47.0,21.0,228.0,144.0,30.0,27.0,0.0,72.0,3.0,135.0,18.0,0.0
232,23,2,1860.0,2111.0,469.0,0.0,305.0,2691.0,62.182900966259815,12817.183199999996,12879.366100966254,2004.0,47.0,21.0,228.0,144.0,30.0,27.0,0.0,72.0,3.0,135.0,18.0,0.0
232,24,3,1865.0,2127.0,457.0,0.0,308.0,2691.0,102.86178512155468,11192.006000000001,11294.867785121556,2004.0,47.0,21.0,228.0,144.0,30.0,27.0,0.0,72.0,3.0,135.0,18.0,0.0
232,25,3,1885.0,2111.0,465.0,0.0,339.0,2691.0,62.09549710833679,10085.464,10147.559497108337,2004.0,47.0,21.0,228.0,144.0,30.0,27.0,0.0,72.0,3.0,135.0,18.0,0.0
232,26,3,1839.0,2109.0,471.0,0.0,328.0,2691.0,63.55213150295407,10141.4424,10204.994531502954,2004.0,47.0,21.0,228.0,144.0,30.0,27.0,0.0,72.0,3.0,135.0,18.0,0.0
232,27,3,1852.0,2120.0,465.0,0.0,340.0,2691.0,19.767583361350475,9381.725999999999,9401.493583361349,2004.0,47.0,21.0,228.0,144.0,30.0,27.0,0.0,72.0,3.0,135.0,18.0,0.0
232,28,3,1856.0,2109.0,466.0,0.0,338.0,2691.0,102.18150919537763,10767.6924,10869.873909195376,2004.0,47.0,21.0,228.0,144.0,30.0,27.0,0.0,72.0,3.0,135.0,18.0,0.0
232,29,3,1830.0,2134.0,446.0,0.0,318.0,2691.0,59.551134678425,9878.8516,9938.402734678424,2004.0,47.0,21.0,228.0,144.0,30.0,27.0,0.0,72.0,3.0,135.0,18.0,0.0
232,30,3,1840.0,2126.0,467.0,0.0,337.0,2691.0,102.55213869179542,11629.412400000001,11731.964538691796,2004.0,47.0,21.0,228.0,144.0,30.0,27.0,0.0,72.0,3.0,135.0,18.0,0.0
232,31,3,1854.0,2082.0,484.0,0.0,341.0,2691.0,101.92545685866864,10254.534800000001,10356.460256858669,2004.0,47.0,21.0,228.0,144.0,30.0,27.0,0.0,72.0,3.0,135.0,18.0,0.0
232,32,3,1843.0,2106.0,486.0,0.0,323.0,2691.0,60.72357350295322,10049.659200000002,10110.382773502955,2004.0,47.0,21.0,228.0,144.0,30.0,27.0,0.0,72.0,3.0,135.0,18.0,0.0
232,33,3,1852.0,2124.0,466.0,0.0,350.0,2691.0,61.4614669210292,9842.913199999992,9904.374666921021,2004.0,47.0,21.0,228.0,144.0,30.0,27.0,0.0,72.0,3.0,135.0,18.0,0.0
232,34,3,1887.0,2101.0,478.0,0.0,368.0,2691.0,60.705905041426945,10032.758799999994,10093.464705041422,2004.0,47.0,21.0,228.0,144.0,30.0,27.0,0.0,72.0,3.0,135.0,18.0,0.0
232,35,3,1853.0,2077.0,506.0,0.0,340.0,2691.0,61.94680248060766,11190.736799999993,11252.683602480602,2004.0,47.0,21.0,228.0,144.0,30.0,27.0,0.0,72.0,3.0,135.0,18.0,0.0
232,36,4,1865.0,2123.0,466.0,0.0,269.0,2691.0,142.89189512589724,9851.4636,9994.355495125896,2004.0,47.0,21.0,228.0,144.0,30.0,27.0,0.0,72.0,3.0,135.0,18.0,0.0
232,37,4,1854.0,2131.0,447.0,0.0,315.0,2691.0,102.61482268260912,9530.489600000004,9633.104422682612,2004.0,47.0,21.0,228.0,144.0,30.0,27.0,0.0,72.0,3.0,135.0,18.0,0.0
232,38,4,1855.0,2131.0,469.0,0.0,290.0,2691.0,101.58964711457341,9581.5248,9683.114447114574,2004.0,47.0,21.0,228.0,144.0,30.0,27.0,0.0,72.0,3.0,135.0,18.0,0.0
232,39,4,1911.0,2069.0,518.0,0.0,297.0,2691.0,22.272419895507284,11069.828799999996,11092.101219895503,2004.0,47.0,21.0,228.0,144.0,30.0,27.0,0.0,72.0,3.0,135.0,18.0,0.0
232,40,4,1844.0,2140.0,443.0,0.0,337.0,2691.0,59.61965641427718,11075.573600000003,11135.19325641428,2004.0,47.0,21.0,228.0,144.0,30.0,27.0,0.0,72.0,3.0,135.0,18.0,0.0
232,41,4,1848.0,2146.0,445.0,0.0,290.0,2691.0,61.06998296512912,9864.4896,9925.55958296513,2004.0,47.0,21.0,228.0,144.0,30.0,27.0,0.0,72.0,3.0,135.0,18.0,0.0
232,42,4,1847.0,2124.0,468.0,0.0,270.0,2691.0,101.81405771675745,11213.515599999997,11315.329657716753,2004.0,47.0,21.0,228.0,144.0,30.0,27.0,0.0,72.0,3.0,135.0,18.0,0.0
232,43,4,1867.0,2116.0,459.0,0.0,342.0,2691.0,60.86885974509147,11025.673999999999,11086.54285974509,2004.0,47.0,21.0,228.0,144.0,30.0,27.0,0.0,72.0,3.0,135.0,18.0,0.0
232,44,4,1834.0,2094.0,472.0,0.0,383.0,2691.0,103.4114012939978,11403.761999999999,11507.173401293996,2004.0,47.0,21.0,228.0,144.0,30.0,27.0,0.0,72.0,3.0,135.0,18.0,0.0
232,45,4,1826.0,2099.0,477.0,0.0,332.0,2691.0,61.41447910738877,11857.801599999997,11919.216079107386,2004.0,47.0,21.0,228.0,144.0,30.0,27.0,0.0,72.0,3.0,135.0,18.0,0.0
232,46,4,1824.0,2120.0,462.0,0.0,300.0,2691.0,63.74416862154502,10733.824799999999,10797.568968621545,2004.0,47.0,21.0,228.0,144.0,30.0,27.0,0.0,72.0,3.0,135.0,18.0,0.0
232,47,4,1865.0,2107.0,485.0,0.0,349.0,2691.0,21.298702605504452,11859.1376,11880.436302605503,2004.0,47.0,21.0,228.0,144.0,30.0,27.0,0.0,72.0,3.0,135.0,18.0,0.0
232,48,5,1867.0,2077.0,504.0,0.0,340.0,2691.0,102.42797791562447,11183.188399999994,11285.61637791562,2004.0,47.0,21.0,228.0,144.0,30.0,27.0,0.0,72.0,3.0,135.0,18.0,0.0
232,49,5,1885.0,2121.0,460.0,0.0,333.0,2691.0,141.46356115763388,11048.987200000001,11190.450761157635,2004.0,47.0,21.0,228.0,144.0,30.0,27.0,0.0,72.0,3.0,135.0,18.0,0.0
232,50,5,1838.0,2106.0,474.0,0.0,341.0,2691.0,102.98227349881026,11281.785199999995,11384.767473498807,2004.0,47.0,21.0,228.0,144.0,30.0,27.0,0.0,72.0,3.0,135.0,18.0,0.0
232,51,5,1776.0,2119.0,468.0,0.0,289.0,2691.0,21.41280025798425,9677.249199999995,9698.66200025798,2004.0,47.0,21.0,228.0,144.0,30.0,27.0,0.0,72.0,3.0,135.0,18.0,0.0
232,52,5,1854.0,2069.0,494.0,0.0,372.0,2691.0,102.00853619148049,10407.039199999996,10509.047736191478,2004.0,47.0,21.0,228.0,144.0,30.0,27.0,0.0,72.0,3.0,135.0,18.0,0.0
232,53,5,1844.0,2131.0,452.0,0.0,361.0,2691.0,22.894516637695194,11279.246799999997,11302.141316637693,2004.0,47.0,21.0,228.0,144.0,30.0,27.0,0.0,72.0,3.0,135.0,18.0,0.0
232,54,5,1896.0,2089.0,481.0,0.0,323.0,2691.0,60.5160186015929,9741.711199999998,9802.22721860159,2004.0,47.0,21.0,228.0,144.0,30.0,27.0,0.0,72.0,3.0,135.0,18.0,0.0
232,55,5,1872.0,2095.0,481.0,0.0,304.0,2691.0,60.47071532025185,11744.1748,11804.645515320253,2004.0,47.0,21.0,228.0,144.0,30.0,27.0,0.0,72.0,3.0,135.0,18.0,0.0
232,56,5,1863.0,2129.0,455.0,0.0,326.0,2691.0,59.60585370937152,10441.708400000001,10501.314253709374,2004.0,47.0,21.0,228.0,144.0,30.0,27.0,0.0,72.0,3.0,135.0,18.0,0.0
232,57,5,1840.0,2094.0,484.0,0.0,321.0,2691.0,21.230303899176715,11127.410399999997,11148.640703899175,2004.0,47.0,21.0,228.0,144.0,30.0,27.0,0.0,72.0,3.0,135.0,18.0,0.0
232,58,5,1844.0,2131.0,459.0,0.0,318.0,2691.0,20.793126939256467,10273.038400000001,10293.831526939259,2004.0,47.0,21.0,228.0,144.0,30.0,27.0,0.0,72.0,3.0,135.0,18.0,0.0
232,59,5,1856.0,2106.0,464.0,0.0,316.0,2691.0,143.23670248271262,10682.121600000002,10825.358302482715,2004.0,47.0,21.0,228.0,144.0,30.0,27.0,0.0,72.0,3.0,135.0,18.0,0.0
232,60,6,1885.0,2117.0,477.0,0.0,311.0,2691.0,142.1851625935442,9836.634,9978.819162593545,2004.0,47.0,21.0,228.0,144.0,30.0,27.0,0.0,72.0,3.0,135.0,18.0,0.0
232,61,6,1880.0,2067.0,493.0,0.0,354.0,2691.0,61.33666321993351,10194.949200000003,10256.285863219937,2004.0,47.0,21.0,228.0,144.0,30.0,27.0,0.0,72.0,3.0,135.0,18.0,0.0
232,62,6,1837.0,2107.0,467.0,0.0,302.0,2691.0,103.45948653468207,11087.998399999995,11191.457886534678,2004.0,47.0,21.0,228.0,144.0,30.0,27.0,0.0,72.0,3.0,135.0,18.0,0.0
232,63,6,1844.0,2124.0,460.0,0.0,347.0,2691.0,61.5207855084991,9963.0864,10024.6071855085,2004.0,47.0,21.0,228.0,144.0,30.0,27.0,0.0,72.0,3.0,135.0,18.0,0.0
232,64,6,1859.0,2101.0,483.0,0.0,290.0,2691.0,20.194979649921713,10681.787599999996,10701.982579649917,2004.0,47.0,21.0,228.0,144.0,30.0,27.0,0.0,72.0,3.0,135.0,18.0,0.0
232,65,6,1852.0,2094.0,479.0,0.0,317.0,2691.0,21.710267375882122,12033.218399999998,12054.92866737588,2004.0,47.0,21.0,228.0,144.0,30.0,27.0,0.0,72.0,3.0,135.0,18.0,0.0
232,66,6,1865.0,2105.0,480.0,0.0,323.0,2691.0,142.08571773254005,9598.826000000003,9740.911717732542,2004.0,47.0,21.0,228.0,144.0,30.0,27.0,0.0,72.0,3.0,135.0,18.0,0.0
232,67,6,1840.0,2066.0,493.0,0.0,356.0,2691.0,63.477342679767695,11336.294,11399.771342679767,2004.0,47.0,21.0,228.0,144.0,30.0,27.0,0.0,72.0,3.0,135.0,18.0,0.0
232,68,6,1829.0,2126.0,469.0,0.0,360.0,2691.0,104.40507509167259,10350.058799999997,10454.46387509167,2004.0,47.0,21.0,228.0,144.0,30.0,27.0,0.0,72.0,3.0,135.0,18.0,0.0
232,69,6,1841.0,2141.0,446.0,0.0,370.0,2691.0,62.74165254238268,9877.649199999998,9940.390852542381,2004.0,47.0,21.0,228.0,144.0,30.0,27.0,0.0,72.0,3.0,135.0,18.0,0.0
232,70,6,1812.0,2133.0,443.0,0.0,297.0,2691.0,61.62884612472311,10341.708800000006,10403.337646124728,2004.0,47.0,21.0,228.0,144.0,30.0,27.0,0.0,72.0,3.0,135.0,18.0,0.0
232,71,6,1855.0,2084.0,502.0,0.0,346.0,2691.0,100.12789775598118,10087.802000000001,10187.929897755983,2004.0,47.0,21.0,228.0,144.0,30.0,27.0,0.0,72.0,3.0,135.0,18.0,0.0
232,72,7,1854.0,2092.0,498.0,0.0,331.0,2691.0,20.184299152774564,10496.551200000004,10516.735499152779,2004.0,47.0,21.0,228.0,144.0,30.0,27.0,0.0,72.0,3.0,135.0,18.0,0.0
232,73,7,1870.0,2089.0,487.0,0.0,321.0,2691.0,60.9472779811609,10826.8104,10887.75767798116,2004.0,47.0,21.0,228.0,144.0,30.0,27.0,0.0,72.0,3.0,135.0,18.0,0.0
232,74,7,1887.0,2111.0,470.0,0.0,285.0,2691.0,184.3182994816311,8975.8492,9160.167499481633,2004.0,47.0,21.0,228.0,144.0,30.0,27.0,0.0,72.0,3.0,135.0,18.0,0.0
232,75,7,1865.0,2087.0,477.0,0.0,357.0,2691.0,61.12418494494355,10513.718800000004,10574.842984944948,2004.0,47.0,21.0,228.0,144.0,30.0,27.0,0.0,72.0,3.0,135.0,18.0,0.0
232,76,7,1843.0,2074.0,476.0,0.0,335.0,2691.0,101.3909035006281,9142.448400000001,9243.83930350063,2004.0,47.0,21.0,228.0,144.0,30.0,27.0,0.0,72.0,3.0,135.0,18.0,0.0
232,77,7,1840.0,2123.0,451.0,0.0,324.0,2691.0,63.33827819044078,10217.059999999998,10280.39827819044,2004.0,47.0,21.0,228.0,144.0,30.0,27.0,0.0,72.0,3.0,135.0,18.0,0.0
232,78,7,1894.0,2120.0,467.0,0.0,317.0,2691.0,104.08061629535001,12789.928799999992,12894.009416295341,2004.0,47.0,21.0,228.0,144.0,30.0,27.0,0.0,72.0,3.0,135.0,18.0,0.0
232,79,7,1862.0,2138.0,457.0,0.0,309.0,2691.0,62.656272707355384,11485.591999999995,11548.248272707351,2004.0,47.0,21.0,228.0,144.0,30.0,27.0,0.0,72.0,3.0,135.0,18.0,0.0
232,80,7,1843.0,2116.0,450.0,0.0,372.0,2691.0,102.42462688655387,11302.292799999997,11404.717426886551,2004.0,47.0,21.0,228.0,144.0,30.0,27.0,0.0,72.0,3.0,135.0,18.0,0.0
232,81,7,1834.0,2074.0,525.0,0.0,312.0,2691.0,63.51420922007402,9523.676000000001,9587.190209220076,2004.0,47.0,21.0,228.0,144.0,30.0,27.0,0.0,72.0,3.0,135.0,18.0,0.0
232,82,7,1832.0,2116.0,464.0,0.0,335.0,2691.0,61.60717803041642,11442.505999999992,11504.11317803041,2004.0,47.0,21.0,228.0,144.0,30.0,27.0,0.0,72.0,3.0,135.0,18.0,0.0
232,83,7,1847.0,2117.0,473.0,0.0,330.0,2691.0,21.072197687475242,10263.419199999997,10284.49139768747,2004.0,47.0,21.0,228.0,144.0,30.0,27.0,0.0,72.0,3.0,135.0,18.0,0.0
232,84,8,1796.0,2132.0,461.0,0.0,334.0,2691.0,20.381219343132152,10355.870400000002,10376.251619343135,2004.0,47.0,21.0,228.0,144.0,30.0,27.0,0.0,72.0,3.0,135.0,18.0,0.0
232,85,8,1842.0,2138.0,449.0,0.0,349.0,2691.0,62.07765950843188,11163.549200000001,11225.626859508433,2004.0,47.0,21.0,228.0,144.0,30.0,27.0,0.0,72.0,3.0,135.0,18.0,0.0
232,86,8,1858.0,2109.0,484.0,0.0,353.0,2691.0,142.4423624527993,10971.231999999996,11113.674362452795,2004.0,47.0,21.0,228.0,144.0,30.0,27.0,0.0,72.0,3.0,135.0,18.0,0.0
232,87,8,1793.0,2148.0,444.0,0.0,330.0,2691.0,61.35745428433361,11439.032400000002,11500.389854284336,2004.0,47.0,21.0,228.0,144.0,30.0,27.0,0.0,72.0,3.0,135.0,18.0,0.0
232,88,8,1848.0,2131.0,454.0,0.0,316.0,2691.0,19.496772967173378,9615.459200000007,9634.955972967178,2004.0,47.0,21.0,228.0,144.0,30.0,27.0,0.0,72.0,3.0,135.0,18.0,0.0
232,89,8,1828.0,2087.0,503.0,0.0,295.0,2691.0,22.072609309577928,10459.543999999994,10481.616609309573,2004.0,47.0,21.0,228.0,144.0,30.0,27.0,0.0,72.0,3.0,135.0,18.0,0.0
232,90,8,1820.0,2091.0,479.0,0.0,281.0,2691.0,62.923512198735665,11453.394399999997,11516.317912198734,2004.0,47.0,21.0,228.0,144.0,30.0,27.0,0.0,72.0,3.0,135.0,18.0,0.0
232,91,8,1843.0,2112.0,472.0,0.0,352.0,2691.0,62.180368949829976,9871.837599999997,9934.017968949825,2004.0,47.0,21.0,228.0,144.0,30.0,27.0,0.0,72.0,3.0,135.0,18.0,0.0
232,92,8,1855.0,2097.0,486.0,0.0,309.0,2691.0,101.30163494987181,10431.421199999997,10532.72283494987,2004.0,47.0,21.0,228.0,144.0,30.0,27.0,0.0,72.0,3.0,135.0,18.0,0.0
232,93,8,1867.0,2117.0,461.0,0.0,347.0,2691.0,21.933571962476137,10653.731600000003,10675.665171962479,2004.0,47.0,21.0,228.0,144.0,30.0,27.0,0.0,72.0,3.0,135.0,18.0,0.0
232,94,8,1845.0,2124.0,460.0,0.0,331.0,2691.0,60.06845487666805,9779.052399999999,9839.120854876666,2004.0,47.0,21.0,228.0,144.0,30.0,27.0,0.0,72.0,3.0,135.0,18.0,0.0
232,95,8,1794.0,2124.0,464.0,0.0,305.0,2691.0,142.18478579067462,11582.652399999997,11724.837185790671,2004.0,47.0,21.0,228.0,144.0,30.0,27.0,0.0,72.0,3.0,135.0,18.0,0.0
232,96,9,1856.0,2087.0,495.0,0.0,349.0,2691.0,21.072034371436473,10304.768399999994,10325.84043437143,2004.0,47.0,21.0,228.0,144.0,30.0,27.0,0.0,72.0,3.0,135.0,18.0,0.0
232,97,9,1848.0,2127.0,454.0,0.0,303.0,2691.0,20.284093465984316,10058.944399999997,10079.228493465982,2004.0,47.0,21.0,228.0,144.0,30.0,27.0,0.0,72.0,3.0,135.0,18.0,0.0
232,98,9,1824.0,2113.0,484.0,0.0,318.0,2691.0,63.336629681677316,11677.040799999992,11740.377429681668,2004.0,47.0,21.0,228.0,144.0,30.0,27.0,0.0,72.0,3.0,135.0,18.0,0.0
232,99,9,1870.0,2128.0,456.0,0.0,306.0,2691.0,101.77582870510268,11531.349999999993,11633.125828705097,2004.0,47.0,21.0,228.0,144.0,30.0,27.0,0.0,72.0,3.0,135.0,18.0,0.0
232,100,9,1846.0,2124.0,459.0,0.0,282.0,2691.0,20.745429891406413,10598.220800000003,10618.966229891408,2004.0,47.0,21.0,228.0,144.0,30.0,27.0,0.0,72.0,3.0,135.0,18.0,0.0
232,101,9,1859.0,2114.0,481.0,0.0,319.0,2691.0,21.622483862975734,9919.866799999996,9941.489283862971,2004.0,47.0,21.0,228.0,144.0,30.0,27.0,0.0,72.0,3.0,135.0,18.0,0.0
232,102,9,1877.0,2112.0,468.0,0.0,330.0,2691.0,103.36468738816967,10514.253200000005,10617.617887388174,2004.0,47.0,21.0,228.0,144.0,30.0,27.0,0.0,72.0,3.0,135.0,18.0,0.0
232,103,9,1889.0,2079.0,507.0,0.0,300.0,2691.0,60.75484650323863,11700.420799999996,11761.175646503234,2004.0,47.0,21.0,228.0,144.0,30.0,27.0,0.0,72.0,3.0,135.0,18.0,0.0
232,104,9,1892.0,2084.0,489.0,0.0,317.0,2691.0,19.068897560706407,10762.3484,10781.417297560707,2004.0,47.0,21.0,228.0,144.0,30.0,27.0,0.0,72.0,3.0,135.0,18.0,0.0
232,105,9,1853.0,2122.0,474.0,0.0,332.0,2691.0,59.789003792752524,9966.0256,10025.81460379275,2004.0,47.0,21.0,228.0,144.0,30.0,27.0,0.0,72.0,3.0,135.0,18.0,0.0
232,106,9,1875.0,2154.0,452.0,0.0,287.0,2691.0,182.29537206661328,11172.700800000002,11354.996172066616,2004.0,47.0,21.0,228.0,144.0,30.0,27.0,0.0,72.0,3.0,135.0,18.0,0.0
232,107,9,1885.0,2113.0,466.0,0.0,316.0,2691.0,62.43127216047946,10100.3604,10162.79167216048,2004.0,47.0,21.0,228.0,144.0,30.0,27.0,0.0,72.0,3.0,135.0,18.0,0.0
232,108,10,1885.0,2115.0,461.0,0.0,339.0,2691.0,62.01882011376521,11214.784799999992,11276.803620113758,2004.0,47.0,21.0,228.0,144.0,30.0,27.0,0.0,72.0,3.0,135.0,18.0,0.0
232,109,10,1872.0,2087.0,488.0,0.0,324.0,2691.0,21.026708529053423,10117.060400000006,10138.08710852906,2004.0,47.0,21.0,228.0,144.0,30.0,27.0,0.0,72.0,3.0,135.0,18.0,0.0
232,110,10,1805.0,2106.0,454.0,0.0,328.0,2691.0,143.763573568934,11556.065999999992,11699.829573568926,2004.0,47.0,21.0,228.0,144.0,30.0,27.0,0.0,72.0,3.0,135.0,18.0,0.0
232,111,10,1841.0,2093.0,483.0,0.0,340.0,2691.0,61.02327354491655,10622.6696,10683.692873544915,2004.0,47.0,21.0,228.0,144.0,30.0,27.0,0.0,72.0,3.0,135.0,18.0,0.0
232,112,10,1860.0,2075.0,486.0,0.0,316.0,2691.0,101.44224010541585,10272.036399999999,10373.478640105415,2004.0,47.0,21.0,228.0,144.0,30.0,27.0,0.0,72.0,3.0,135.0,18.0,0.0
232,113,10,1883.0,2141.0,434.0,0.0,312.0,2691.0,139.68956242795838,9723.007199999995,9862.696762427953,2004.0,47.0,21.0,228.0,144.0,30.0,27.0,0.0,72.0,3.0,135.0,18.0,0.0
232,114,10,1828.0,2111.0,485.0,0.0,329.0,2691.0,102.14209086442182,10170.634,10272.776090864423,2004.0,47.0,21.0,228.0,144.0,30.0,27.0,0.0,72.0,3.0,135.0,18.0,0.0
232,115,10,1879.0,2092.0,468.0,0.0,354.0,2691.0,61.92040248456613,11673.700799999991,11735.621202484557,2004.0,47.0,21.0,228.0,144.0,30.0,27.0,0.0,72.0,3.0,135.0,18.0,0.0
232,116,10,1860.0,2118.0,468.0,0.0,335.0,2691.0,20.059534224034905,10142.243999999999,10162.303534224035,2004.0,47.0,21.0,228.0,144.0,30.0,27.0,0.0,72.0,3.0,135.0,18.0,0.0
232,117,10,1848.0,2119.0,457.0,0.0,335.0,2691.0,22.447691849470118,9205.574400000003,9228.022091849472,2004.0,47.0,21.0,228.0,144.0,30.0,27.0,0.0,72.0,3.0,135.0,18.0,0.0
232,118,10,1854.0,2103.0,479.0,0.0,334.0,2691.0,20.708323178714586,11354.19639999999,11374.904723178706,2004.0,47.0,21.0,228.0,144.0,30.0,27.0,0.0,72.0,3.0,135.0,18.0,0.0
232,119,10,1869.0,2133.0,449.0,0.0,353.0,2691.0,101.66434360370343,11042.507599999995,11144.171943603698,2004.0,47.0,21.0,228.0,144.0,30.0,27.0,0.0,72.0,3.0,135.0,18.0,0.0
233,0,1,1867.0,2096.0,499.0,0.0,308.0,2691.0,95.35866630456339,10500.29199999999,10595.650666304555,2004.0,47.0,21.0,228.0,144.0,30.0,27.0,0.0,72.0,3.0,135.0,18.0,0.0
233,1,1,1851.0,2101.0,468.0,0.0,255.0,2691.0,14.737211444881448,8855.8096,8870.546811444881,2004.0,47.0,21.0,228.0,144.0,30.0,27.0,0.0,72.0,3.0,135.0,18.0,0.0
233,2,1,1844.0,2079.0,502.0,0.0,300.0,2691.0,57.86979696304703,9403.703199999993,9461.57299696304,2004.0,47.0,21.0,228.0,144.0,30.0,27.0,0.0,72.0,3.0,135.0,18.0,0.0
233,3,1,1849.0,2101.0,491.0,0.0,268.0,2691.0,14.641119877523234,8844.253200000001,8858.894319877523,2004.0,47.0,21.0,228.0,144.0,30.0,27.0,0.0,72.0,3.0,135.0,18.0,0.0
233,4,1,1888.0,2106.0,488.0,0.0,307.0,2691.0,16.76346833046942,9634.430399999997,9651.193868330465,2004.0,47.0,21.0,228.0,144.0,30.0,27.0,0.0,72.0,3.0,135.0,18.0,0.0
233,5,1,1837.0,2159.0,435.0,0.0,276.0,2691.0,55.435291961326726,9994.682799999993,10050.11809196132,2004.0,47.0,21.0,228.0,144.0,30.0,27.0,0.0,72.0,3.0,135.0,18.0,0.0
233,6,1,1850.0,2137.0,458.0,0.0,302.0,2691.0,55.72556033794429,9789.606799999996,9845.33236033794,2004.0,47.0,21.0,228.0,144.0,30.0,27.0,0.0,72.0,3.0,135.0,18.0,0.0
233,7,1,1836.0,2100.0,487.0,0.0,324.0,2691.0,15.746539464945613,9758.478000000003,9774.224539464949,2004.0,47.0,21.0,228.0,144.0,30.0,27.0,0.0,72.0,3.0,135.0,18.0,0.0
233,8,1,1835.0,2137.0,459.0,0.0,281.0,2691.0,16.335073757403812,9565.426,9581.761073757403,2004.0,47.0,21.0,228.0,144.0,30.0,27.0,0.0,72.0,3.0,135.0,18.0,0.0
233,9,1,1857.0,2102.0,482.0,0.0,312.0,2691.0,55.89989813227263,8724.8148,8780.714698132271,2004.0,47.0,21.0,228.0,144.0,30.0,27.0,0.0,72.0,3.0,135.0,18.0,0.0
233,10,1,1866.0,2080.0,508.0,0.0,260.0,2691.0,96.72054509111143,10934.358399999997,11031.078945091109,2004.0,47.0,21.0,228.0,144.0,30.0,27.0,0.0,72.0,3.0,135.0,18.0,0.0
233,11,1,1841.0,2134.0,455.0,0.0,273.0,2691.0,16.61864800255288,9699.092799999997,9715.71144800255,2004.0,47.0,21.0,228.0,144.0,30.0,27.0,0.0,72.0,3.0,135.0,18.0,0.0
233,12,2,1828.0,2138.0,444.0,0.0,246.0,2691.0,95.186417780363,9866.493599999996,9961.68001778036,2004.0,47.0,21.0,228.0,144.0,30.0,27.0,0.0,72.0,3.0,135.0,18.0,0.0
233,13,2,1883.0,2132.0,461.0,0.0,278.0,2691.0,14.720830358516983,9969.231999999993,9983.95283035851,2004.0,47.0,21.0,228.0,144.0,30.0,27.0,0.0,72.0,3.0,135.0,18.0,0.0
233,14,2,1923.0,2111.0,463.0,0.0,290.0,2691.0,17.687959678224512,10540.906399999998,10558.594359678224,2004.0,47.0,21.0,228.0,144.0,30.0,27.0,0.0,72.0,3.0,135.0,18.0,0.0
233,15,2,1842.0,2089.0,492.0,0.0,303.0,2691.0,15.784672304640559,9401.966399999998,9417.75107230464,2004.0,47.0,21.0,228.0,144.0,30.0,27.0,0.0,72.0,3.0,135.0,18.0,0.0
233,16,2,1874.0,2089.0,496.0,0.0,293.0,2691.0,14.63451681484531,9496.287999999997,9510.922516814842,2004.0,47.0,21.0,228.0,144.0,30.0,27.0,0.0,72.0,3.0,135.0,18.0,0.0
233,17,2,1859.0,2110.0,474.0,0.0,291.0,2691.0,57.6366881772828,9864.155600000002,9921.792288177285,2004.0,47.0,21.0,228.0,144.0,30.0,27.0,0.0,72.0,3.0,135.0,18.0,0.0
233,18,2,1845.0,2117.0,462.0,0.0,279.0,2691.0,138.36252698423124,9352.667999999998,9491.030526984228,2004.0,47.0,21.0,228.0,144.0,30.0,27.0,0.0,72.0,3.0,135.0,18.0,0.0
233,19,2,1905.0,2127.0,459.0,0.0,319.0,2691.0,14.768166444341757,9972.839199999995,9987.607366444337,2004.0,47.0,21.0,228.0,144.0,30.0,27.0,0.0,72.0,3.0,135.0,18.0,0.0
233,20,2,1846.0,2094.0,482.0,0.0,342.0,2691.0,16.66088649005637,9507.443600000002,9524.10448649006,2004.0,47.0,21.0,228.0,144.0,30.0,27.0,0.0,72.0,3.0,135.0,18.0,0.0
233,21,2,1848.0,2108.0,468.0,0.0,256.0,2691.0,137.91108705549308,9754.202800000003,9892.113887055495,2004.0,47.0,21.0,228.0,144.0,30.0,27.0,0.0,72.0,3.0,135.0,18.0,0.0
233,22,2,1860.0,2119.0,461.0,0.0,285.0,2691.0,17.334327661894836,11123.669599999992,11141.003927661886,2004.0,47.0,21.0,228.0,144.0,30.0,27.0,0.0,72.0,3.0,135.0,18.0,0.0
233,23,2,1865.0,2123.0,462.0,0.0,281.0,2691.0,97.90477892061313,10445.115199999998,10543.019978920613,2004.0,47.0,21.0,228.0,144.0,30.0,27.0,0.0,72.0,3.0,135.0,18.0,0.0
233,24,3,1885.0,2113.0,464.0,0.0,304.0,2691.0,56.189393567231406,9008.581199999999,9064.770593567231,2004.0,47.0,21.0,228.0,144.0,30.0,27.0,0.0,72.0,3.0,135.0,18.0,0.0
233,25,3,1839.0,2108.0,471.0,0.0,309.0,2691.0,18.01717144212695,8838.842399999998,8856.859571442124,2004.0,47.0,21.0,228.0,144.0,30.0,27.0,0.0,72.0,3.0,135.0,18.0,0.0
233,26,3,1852.0,2122.0,464.0,0.0,315.0,2691.0,15.222574088639313,8542.317199999998,8557.539774088636,2004.0,47.0,21.0,228.0,144.0,30.0,27.0,0.0,72.0,3.0,135.0,18.0,0.0
233,27,3,1856.0,2114.0,462.0,0.0,313.0,2691.0,16.010155063617553,10069.5656,10085.575755063617,2004.0,47.0,21.0,228.0,144.0,30.0,27.0,0.0,72.0,3.0,135.0,18.0,0.0
233,28,3,1830.0,2140.0,440.0,0.0,294.0,2691.0,55.18634293081121,9062.221599999999,9117.40794293081,2004.0,47.0,21.0,228.0,144.0,30.0,27.0,0.0,72.0,3.0,135.0,18.0,0.0
233,29,3,1840.0,2132.0,459.0,0.0,319.0,2691.0,55.933479197023175,10823.537199999999,10879.470679197024,2004.0,47.0,21.0,228.0,144.0,30.0,27.0,0.0,72.0,3.0,135.0,18.0,0.0
233,30,3,1854.0,2087.0,479.0,0.0,309.0,2691.0,97.19481128371166,9748.6584,9845.853211283713,2004.0,47.0,21.0,228.0,144.0,30.0,27.0,0.0,72.0,3.0,135.0,18.0,0.0
233,31,3,1843.0,2113.0,479.0,0.0,295.0,2691.0,136.81169932807862,9173.443599999997,9310.255299328075,2004.0,47.0,21.0,228.0,144.0,30.0,27.0,0.0,72.0,3.0,135.0,18.0,0.0
233,32,3,1852.0,2110.0,482.0,0.0,319.0,2691.0,56.72846152332193,8950.865999999996,9007.594461523318,2004.0,47.0,21.0,228.0,144.0,30.0,27.0,0.0,72.0,3.0,135.0,18.0,0.0
233,33,3,1887.0,2097.0,483.0,0.0,339.0,2691.0,15.279972383535771,10101.362399999998,10116.642372383532,2004.0,47.0,21.0,228.0,144.0,30.0,27.0,0.0,72.0,3.0,135.0,18.0,0.0
233,34,3,1853.0,2080.0,503.0,0.0,308.0,2691.0,56.93371702134458,10042.77879999999,10099.712517021333,2004.0,47.0,21.0,228.0,144.0,30.0,27.0,0.0,72.0,3.0,135.0,18.0,0.0
233,35,3,1865.0,2109.0,481.0,0.0,247.0,2691.0,15.143080023874345,8902.035199999998,8917.178280023873,2004.0,47.0,21.0,228.0,144.0,30.0,27.0,0.0,72.0,3.0,135.0,18.0,0.0
233,36,4,1854.0,2130.0,449.0,0.0,275.0,2691.0,56.02811816680989,9040.6452,9096.67331816681,2004.0,47.0,21.0,228.0,144.0,30.0,27.0,0.0,72.0,3.0,135.0,18.0,0.0
233,37,4,1855.0,2143.0,458.0,0.0,250.0,2691.0,15.468810142518684,8609.651600000001,8625.12041014252,2004.0,47.0,21.0,228.0,144.0,30.0,27.0,0.0,72.0,3.0,135.0,18.0,0.0
233,38,4,1911.0,2067.0,522.0,0.0,267.0,2691.0,17.054837320450556,9853.801599999995,9870.856437320446,2004.0,47.0,21.0,228.0,144.0,30.0,27.0,0.0,72.0,3.0,135.0,18.0,0.0
233,39,4,1844.0,2145.0,437.0,0.0,311.0,2691.0,54.14686224018347,9676.648000000001,9730.794862240185,2004.0,47.0,21.0,228.0,144.0,30.0,27.0,0.0,72.0,3.0,135.0,18.0,0.0
233,40,4,1848.0,2147.0,444.0,0.0,264.0,2691.0,14.860804662709922,8922.810000000003,8937.670804662714,2004.0,47.0,21.0,228.0,144.0,30.0,27.0,0.0,72.0,3.0,135.0,18.0,0.0
233,41,4,1847.0,2128.0,466.0,0.0,236.0,2691.0,96.35460694837101,10245.984399999992,10342.339006948363,2004.0,47.0,21.0,228.0,144.0,30.0,27.0,0.0,72.0,3.0,135.0,18.0,0.0
233,42,4,1867.0,2112.0,465.0,0.0,311.0,2691.0,55.573864843502434,9784.463199999997,9840.037064843498,2004.0,47.0,21.0,228.0,144.0,30.0,27.0,0.0,72.0,3.0,135.0,18.0,0.0
233,43,4,1834.0,2100.0,467.0,0.0,337.0,2691.0,97.19969019418198,10236.632399999995,10333.832090194177,2004.0,47.0,21.0,228.0,144.0,30.0,27.0,0.0,72.0,3.0,135.0,18.0,0.0
233,44,4,1826.0,2102.0,473.0,0.0,304.0,2691.0,55.655543844572755,10636.964799999996,10692.62034384457,2004.0,47.0,21.0,228.0,144.0,30.0,27.0,0.0,72.0,3.0,135.0,18.0,0.0
233,45,4,1824.0,2120.0,463.0,0.0,270.0,2691.0,56.985074965989114,10088.870799999995,10145.855874965984,2004.0,47.0,21.0,228.0,144.0,30.0,27.0,0.0,72.0,3.0,135.0,18.0,0.0
233,46,4,1865.0,2114.0,479.0,0.0,309.0,2691.0,15.842583329660854,10196.886400000001,10212.728983329662,2004.0,47.0,21.0,228.0,144.0,30.0,27.0,0.0,72.0,3.0,135.0,18.0,0.0
233,47,4,1867.0,2074.0,508.0,0.0,321.0,2691.0,97.33451654634237,9795.819199999994,9893.153716546338,2004.0,47.0,21.0,228.0,144.0,30.0,27.0,0.0,72.0,3.0,135.0,18.0,0.0
233,48,5,1885.0,2131.0,450.0,0.0,288.0,2691.0,95.99741057444113,9977.3148,10073.31221057444,2004.0,47.0,21.0,228.0,144.0,30.0,27.0,0.0,72.0,3.0,135.0,18.0,0.0
233,49,5,1838.0,2122.0,458.0,0.0,302.0,2691.0,15.945160011560182,10434.894800000002,10450.839960011563,2004.0,47.0,21.0,228.0,144.0,30.0,27.0,0.0,72.0,3.0,135.0,18.0,0.0
233,50,5,1776.0,2129.0,459.0,0.0,266.0,2691.0,96.61459625886613,8801.7016,8898.316196258867,2004.0,47.0,21.0,228.0,144.0,30.0,27.0,0.0,72.0,3.0,135.0,18.0,0.0
233,51,5,1854.0,2068.0,496.0,0.0,338.0,2691.0,15.658743182757348,9610.916799999997,9626.575543182755,2004.0,47.0,21.0,228.0,144.0,30.0,27.0,0.0,72.0,3.0,135.0,18.0,0.0
233,52,5,1844.0,2129.0,456.0,0.0,328.0,2691.0,16.75515719517764,9232.1608,9248.915957195179,2004.0,47.0,21.0,228.0,144.0,30.0,27.0,0.0,72.0,3.0,135.0,18.0,0.0
233,53,5,1896.0,2091.0,480.0,0.0,295.0,2691.0,96.97791435855405,8609.250799999996,8706.22871435855,2004.0,47.0,21.0,228.0,144.0,30.0,27.0,0.0,72.0,3.0,135.0,18.0,0.0
233,54,5,1872.0,2098.0,478.0,0.0,287.0,2691.0,55.55111427041837,10478.515199999998,10534.066314270416,2004.0,47.0,21.0,228.0,144.0,30.0,27.0,0.0,72.0,3.0,135.0,18.0,0.0
233,55,5,1863.0,2119.0,465.0,0.0,294.0,2691.0,15.208529790812268,8992.749600000001,9007.958129790813,2004.0,47.0,21.0,228.0,144.0,30.0,27.0,0.0,72.0,3.0,135.0,18.0,0.0
233,56,5,1840.0,2100.0,479.0,0.0,293.0,2691.0,16.239261895095662,9930.421199999997,9946.660461895091,2004.0,47.0,21.0,228.0,144.0,30.0,27.0,0.0,72.0,3.0,135.0,18.0,0.0
233,57,5,1844.0,2155.0,437.0,0.0,295.0,2691.0,15.416597930018366,9452.266800000005,9467.683397930025,2004.0,47.0,21.0,228.0,144.0,30.0,27.0,0.0,72.0,3.0,135.0,18.0,0.0
233,58,5,1856.0,2122.0,447.0,0.0,297.0,2691.0,137.51015847082556,10704.900399999995,10842.410558470821,2004.0,47.0,21.0,228.0,144.0,30.0,27.0,0.0,72.0,3.0,135.0,18.0,0.0
233,59,5,1885.0,2126.0,470.0,0.0,278.0,2691.0,95.58117217998117,9414.5248,9510.10597217998,2004.0,47.0,21.0,228.0,144.0,30.0,27.0,0.0,72.0,3.0,135.0,18.0,0.0
233,60,6,1880.0,2080.0,480.0,0.0,337.0,2691.0,97.7006612199908,9457.544000000002,9555.244661219993,2004.0,47.0,21.0,228.0,144.0,30.0,27.0,0.0,72.0,3.0,135.0,18.0,0.0
233,61,6,1837.0,2109.0,465.0,0.0,270.0,2691.0,58.458889586876126,9631.023599999993,9689.48248958687,2004.0,47.0,21.0,228.0,144.0,30.0,27.0,0.0,72.0,3.0,135.0,18.0,0.0
233,62,6,1844.0,2138.0,446.0,0.0,312.0,2691.0,55.975368303687,9051.065999999999,9107.041368303688,2004.0,47.0,21.0,228.0,144.0,30.0,27.0,0.0,72.0,3.0,135.0,18.0,0.0
233,63,6,1859.0,2104.0,480.0,0.0,258.0,2691.0,14.772113373949345,10164.421599999992,10179.193713373941,2004.0,47.0,21.0,228.0,144.0,30.0,27.0,0.0,72.0,3.0,135.0,18.0,0.0
233,64,6,1852.0,2101.0,474.0,0.0,293.0,2691.0,56.57931002223079,9582.727199999996,9639.306510022228,2004.0,47.0,21.0,228.0,144.0,30.0,27.0,0.0,72.0,3.0,135.0,18.0,0.0
233,65,6,1865.0,2114.0,473.0,0.0,293.0,2691.0,56.21116645161028,8701.301200000005,8757.512366451614,2004.0,47.0,21.0,228.0,144.0,30.0,27.0,0.0,72.0,3.0,135.0,18.0,0.0
233,66,6,1840.0,2076.0,483.0,0.0,324.0,2691.0,57.253743770837666,10691.740799999998,10748.994543770836,2004.0,47.0,21.0,228.0,144.0,30.0,27.0,0.0,72.0,3.0,135.0,18.0,0.0
233,67,6,1829.0,2145.0,451.0,0.0,318.0,2691.0,57.94397169531128,10068.697199999991,10126.641171695303,2004.0,47.0,21.0,228.0,144.0,30.0,27.0,0.0,72.0,3.0,135.0,18.0,0.0
233,68,6,1841.0,2122.0,465.0,0.0,335.0,2691.0,55.93899923083419,9212.788799999998,9268.727799230834,2004.0,47.0,21.0,228.0,144.0,30.0,27.0,0.0,72.0,3.0,135.0,18.0,0.0
233,69,6,1812.0,2133.0,442.0,0.0,270.0,2691.0,56.38856146885465,9616.528000000004,9672.916561468859,2004.0,47.0,21.0,228.0,144.0,30.0,27.0,0.0,72.0,3.0,135.0,18.0,0.0
233,70,6,1855.0,2078.0,507.0,0.0,322.0,2691.0,54.189616453024655,9039.108800000002,9093.298416453026,2004.0,47.0,21.0,228.0,144.0,30.0,27.0,0.0,72.0,3.0,135.0,18.0,0.0
233,71,6,1854.0,2099.0,491.0,0.0,302.0,2691.0,16.51913301512936,9847.5892,9864.10833301513,2004.0,47.0,21.0,228.0,144.0,30.0,27.0,0.0,72.0,3.0,135.0,18.0,0.0
233,72,7,1870.0,2099.0,478.0,0.0,295.0,2691.0,14.965675238586858,9656.0736,9671.039275238587,2004.0,47.0,21.0,228.0,144.0,30.0,27.0,0.0,72.0,3.0,135.0,18.0,0.0
233,73,7,1887.0,2110.0,471.0,0.0,259.0,2691.0,138.86480269388457,8364.8964,8503.761202693884,2004.0,47.0,21.0,228.0,144.0,30.0,27.0,0.0,72.0,3.0,135.0,18.0,0.0
233,74,7,1865.0,2089.0,475.0,0.0,324.0,2691.0,56.52970450631628,9819.266000000003,9875.79570450632,2004.0,47.0,21.0,228.0,144.0,30.0,27.0,0.0,72.0,3.0,135.0,18.0,0.0
233,75,7,1843.0,2073.0,477.0,0.0,306.0,2691.0,97.47675459702563,8654.073600000002,8751.550354597028,2004.0,47.0,21.0,228.0,144.0,30.0,27.0,0.0,72.0,3.0,135.0,18.0,0.0
233,76,7,1840.0,2128.0,447.0,0.0,292.0,2691.0,97.06435702799793,9653.601999999995,9750.666357027992,2004.0,47.0,21.0,228.0,144.0,30.0,27.0,0.0,72.0,3.0,135.0,18.0,0.0
233,77,7,1894.0,2099.0,489.0,0.0,285.0,2691.0,16.608530741576836,11663.480399999993,11680.08893074157,2004.0,47.0,21.0,228.0,144.0,30.0,27.0,0.0,72.0,3.0,135.0,18.0,0.0
233,78,7,1862.0,2140.0,454.0,0.0,282.0,2691.0,56.60800503552962,10466.958799999999,10523.566805035527,2004.0,47.0,21.0,228.0,144.0,30.0,27.0,0.0,72.0,3.0,135.0,18.0,0.0
233,79,7,1843.0,2121.0,445.0,0.0,321.0,2691.0,55.679032559994496,9999.759599999996,10055.438632559992,2004.0,47.0,21.0,228.0,144.0,30.0,27.0,0.0,72.0,3.0,135.0,18.0,0.0
233,80,7,1834.0,2077.0,522.0,0.0,277.0,2691.0,57.32755532572187,9516.060799999994,9573.388355325716,2004.0,47.0,21.0,228.0,144.0,30.0,27.0,0.0,72.0,3.0,135.0,18.0,0.0
233,81,7,1832.0,2111.0,470.0,0.0,311.0,2691.0,56.16775376720883,10628.280799999995,10684.448553767204,2004.0,47.0,21.0,228.0,144.0,30.0,27.0,0.0,72.0,3.0,135.0,18.0,0.0
233,82,7,1847.0,2117.0,473.0,0.0,300.0,2691.0,15.090428759933157,9609.246799999997,9624.33722875993,2004.0,47.0,21.0,228.0,144.0,30.0,27.0,0.0,72.0,3.0,135.0,18.0,0.0
233,83,7,1796.0,2137.0,457.0,0.0,308.0,2691.0,16.583818637545072,9804.904,9821.487818637544,2004.0,47.0,21.0,228.0,144.0,30.0,27.0,0.0,72.0,3.0,135.0,18.0,0.0
233,84,8,1842.0,2138.0,450.0,0.0,320.0,2691.0,56.76061363182592,10633.224000000002,10689.984613631827,2004.0,47.0,21.0,228.0,144.0,30.0,27.0,0.0,72.0,3.0,135.0,18.0,0.0
233,85,8,1858.0,2102.0,492.0,0.0,322.0,2691.0,97.24885367201462,10028.68399999999,10125.932853672006,2004.0,47.0,21.0,228.0,144.0,30.0,27.0,0.0,72.0,3.0,135.0,18.0,0.0
233,86,8,1793.0,2149.0,443.0,0.0,304.0,2691.0,55.91796248142798,10343.1784,10399.096362481429,2004.0,47.0,21.0,228.0,144.0,30.0,27.0,0.0,72.0,3.0,135.0,18.0,0.0
233,87,8,1848.0,2130.0,455.0,0.0,286.0,2691.0,15.037674664937455,8411.656400000005,8426.694074664943,2004.0,47.0,21.0,228.0,144.0,30.0,27.0,0.0,72.0,3.0,135.0,18.0,0.0
233,88,8,1828.0,2098.0,490.0,0.0,275.0,2691.0,17.613015025851187,9445.51999999999,9463.13301502584,2004.0,47.0,21.0,228.0,144.0,30.0,27.0,0.0,72.0,3.0,135.0,18.0,0.0
233,89,8,1820.0,2068.0,503.0,0.0,250.0,2691.0,57.19030727715205,10098.423199999994,10155.613507277147,2004.0,47.0,21.0,228.0,144.0,30.0,27.0,0.0,72.0,3.0,135.0,18.0,0.0
233,90,8,1843.0,2111.0,472.0,0.0,333.0,2691.0,16.59176616511376,9295.754399999998,9312.34616616511,2004.0,47.0,21.0,228.0,144.0,30.0,27.0,0.0,72.0,3.0,135.0,18.0,0.0
233,91,8,1855.0,2099.0,485.0,0.0,285.0,2691.0,56.03088321280723,9618.999599999997,9675.030483212806,2004.0,47.0,21.0,228.0,144.0,30.0,27.0,0.0,72.0,3.0,135.0,18.0,0.0
233,92,8,1867.0,2111.0,468.0,0.0,317.0,2691.0,16.55170220828277,9747.456000000004,9764.007702208286,2004.0,47.0,21.0,228.0,144.0,30.0,27.0,0.0,72.0,3.0,135.0,18.0,0.0
233,93,8,1845.0,2133.0,452.0,0.0,310.0,2691.0,96.78468685178758,9039.2424,9136.027086851787,2004.0,47.0,21.0,228.0,144.0,30.0,27.0,0.0,72.0,3.0,135.0,18.0,0.0
233,94,8,1794.0,2102.0,486.0,0.0,282.0,2691.0,56.47490427691779,10019.866399999997,10076.341304276913,2004.0,47.0,21.0,228.0,144.0,30.0,27.0,0.0,72.0,3.0,135.0,18.0,0.0
233,95,8,1856.0,2139.0,444.0,0.0,312.0,2691.0,14.307543622970964,10402.630399999995,10416.937943622966,2004.0,47.0,21.0,228.0,144.0,30.0,27.0,0.0,72.0,3.0,135.0,18.0,0.0
233,96,9,1848.0,2098.0,483.0,0.0,277.0,2691.0,17.2016526577843,9273.777199999999,9290.978852657783,2004.0,47.0,21.0,228.0,144.0,30.0,27.0,0.0,72.0,3.0,135.0,18.0,0.0
233,97,9,1824.0,2131.0,467.0,0.0,290.0,2691.0,16.71702346481176,10354.53439999999,10371.2514234648,2004.0,47.0,21.0,228.0,144.0,30.0,27.0,0.0,72.0,3.0,135.0,18.0,0.0
233,98,9,1870.0,2105.0,479.0,0.0,283.0,2691.0,17.038667097074047,10965.21999999999,10982.258667097065,2004.0,47.0,21.0,228.0,144.0,30.0,27.0,0.0,72.0,3.0,135.0,18.0,0.0
233,99,9,1846.0,2133.0,450.0,0.0,253.0,2691.0,16.44341877432104,9755.472000000002,9771.915418774322,2004.0,47.0,21.0,228.0,144.0,30.0,27.0,0.0,72.0,3.0,135.0,18.0,0.0
233,100,9,1859.0,2130.0,465.0,0.0,281.0,2691.0,17.122778341657924,9302.835199999998,9319.957978341656,2004.0,47.0,21.0,228.0,144.0,30.0,27.0,0.0,72.0,3.0,135.0,18.0,0.0
233,101,9,1877.0,2109.0,473.0,0.0,299.0,2691.0,98.12599284230788,9381.392000000002,9479.51799284231,2004.0,47.0,21.0,228.0,144.0,30.0,27.0,0.0,72.0,3.0,135.0,18.0,0.0
233,102,9,1889.0,2079.0,508.0,0.0,274.0,2691.0,55.561813828937105,10073.840799999996,10129.402613828934,2004.0,47.0,21.0,228.0,144.0,30.0,27.0,0.0,72.0,3.0,135.0,18.0,0.0
233,103,9,1892.0,2089.0,485.0,0.0,297.0,2691.0,54.63856351602111,9595.552799999998,9650.19136351602,2004.0,47.0,21.0,228.0,144.0,30.0,27.0,0.0,72.0,3.0,135.0,18.0,0.0
233,104,9,1853.0,2125.0,472.0,0.0,299.0,2691.0,14.617247326079477,8765.362399999998,8779.979647326078,2004.0,47.0,21.0,228.0,144.0,30.0,27.0,0.0,72.0,3.0,135.0,18.0,0.0
233,105,9,1875.0,2155.0,451.0,0.0,247.0,2691.0,136.8811646319548,9091.279600000002,9228.160764631957,2004.0,47.0,21.0,228.0,144.0,30.0,27.0,0.0,72.0,3.0,135.0,18.0,0.0
233,106,9,1885.0,2107.0,473.0,0.0,289.0,2691.0,16.758261138014582,9178.7876,9195.545861138015,2004.0,47.0,21.0,228.0,144.0,30.0,27.0,0.0,72.0,3.0,135.0,18.0,0.0
233,107,9,1885.0,2115.0,461.0,0.0,322.0,2691.0,56.86269512533546,10277.71439999999,10334.577095125325,2004.0,47.0,21.0,228.0,144.0,30.0,27.0,0.0,72.0,3.0,135.0,18.0,0.0
233,108,10,1872.0,2083.0,492.0,0.0,284.0,2691.0,55.81055582005283,8995.020800000002,9050.831355820055,2004.0,47.0,21.0,228.0,144.0,30.0,27.0,0.0,72.0,3.0,135.0,18.0,0.0
233,109,10,1805.0,2104.0,457.0,0.0,301.0,2691.0,16.43199198681447,10404.433999999994,10420.865991986808,2004.0,47.0,21.0,228.0,144.0,30.0,27.0,0.0,72.0,3.0,135.0,18.0,0.0
233,110,10,1841.0,2099.0,479.0,0.0,318.0,2691.0,56.18515105662195,9638.906,9695.091151056622,2004.0,47.0,21.0,228.0,144.0,30.0,27.0,0.0,72.0,3.0,135.0,18.0,0.0
233,111,10,1860.0,2092.0,471.0,0.0,285.0,2691.0,56.20580745079507,9990.5412,10046.747007450795,2004.0,47.0,21.0,228.0,144.0,30.0,27.0,0.0,72.0,3.0,135.0,18.0,0.0
233,112,10,1883.0,2141.0,434.0,0.0,285.0,2691.0,135.78838969482084,9094.552799999996,9230.341189694816,2004.0,47.0,21.0,228.0,144.0,30.0,27.0,0.0,72.0,3.0,135.0,18.0,0.0
233,113,10,1828.0,2116.0,480.0,0.0,298.0,2691.0,56.58901582291596,9509.1136,9565.702615822915,2004.0,47.0,21.0,228.0,144.0,30.0,27.0,0.0,72.0,3.0,135.0,18.0,0.0
233,114,10,1879.0,2086.0,474.0,0.0,326.0,2691.0,56.02092690810475,10914.78599999999,10970.806926908095,2004.0,47.0,21.0,228.0,144.0,30.0,27.0,0.0,72.0,3.0,135.0,18.0,0.0
233,115,10,1860.0,2128.0,459.0,0.0,308.0,2691.0,14.72229900481228,10052.598399999997,10067.32069900481,2004.0,47.0,21.0,228.0,144.0,30.0,27.0,0.0,72.0,3.0,135.0,18.0,0.0
233,116,10,1848.0,2110.0,467.0,0.0,294.0,2691.0,57.16962389801252,8829.156400000002,8886.326023898015,2004.0,47.0,21.0,228.0,144.0,30.0,27.0,0.0,72.0,3.0,135.0,18.0,0.0
233,117,10,1854.0,2102.0,480.0,0.0,310.0,2691.0,15.831332565068678,10460.813199999991,10476.64453256506,2004.0,47.0,21.0,228.0,144.0,30.0,27.0,0.0,72.0,3.0,135.0,18.0,0.0
233,118,10,1869.0,2140.0,445.0,0.0,320.0,2691.0,56.11053832962584,10448.187999999995,10504.298538329622,2004.0,47.0,21.0,228.0,144.0,30.0,27.0,0.0,72.0,3.0,135.0,18.0,0.0
233,119,10,1911.0,2124.0,453.0,0.0,295.0,2691.0,57.26009209184629,9524.477599999998,9581.737692091845,2004.0,47.0,21.0,228.0,144.0,30.0,27.0,0.0,72.0,3.0,135.0,18.0,0.0
234,0,1,1851.0,2118.0,452.0,0.0,265.0,2691.0,19.83648479021665,10289.938799999996,10309.775284790212,2004.0,47.0,21.0,228.0,144.0,30.0,27.0,0.0,72.0,3.0,135.0,18.0,0.0
234,1,1,1844.0,2078.0,503.0,0.0,316.0,2691.0,60.34129932002898,9950.193999999992,10010.53529932002,2004.0,47.0,21.0,228.0,144.0,30.0,27.0,0.0,72.0,3.0,135.0,18.0,0.0
234,2,1,1849.0,2094.0,498.0,0.0,287.0,2691.0,17.716094215431408,9309.515200000002,9327.231294215433,2004.0,47.0,21.0,228.0,144.0,30.0,27.0,0.0,72.0,3.0,135.0,18.0,0.0
234,3,1,1888.0,2104.0,491.0,0.0,315.0,2691.0,19.194015136986422,10565.221599999997,10584.415615136983,2004.0,47.0,21.0,228.0,144.0,30.0,27.0,0.0,72.0,3.0,135.0,18.0,0.0
234,4,1,1837.0,2161.0,435.0,0.0,298.0,2691.0,98.3349357446143,10459.677599999994,10558.012535744609,2004.0,47.0,21.0,228.0,144.0,30.0,27.0,0.0,72.0,3.0,135.0,18.0,0.0
234,5,1,1850.0,2142.0,453.0,0.0,318.0,2691.0,98.1226153086934,10867.625199999999,10965.747815308692,2004.0,47.0,21.0,228.0,144.0,30.0,27.0,0.0,72.0,3.0,135.0,18.0,0.0
234,6,1,1836.0,2103.0,485.0,0.0,337.0,2691.0,18.425686575196863,10944.178000000004,10962.6036865752,2004.0,47.0,21.0,228.0,144.0,30.0,27.0,0.0,72.0,3.0,135.0,18.0,0.0
234,7,1,1835.0,2138.0,457.0,0.0,304.0,2691.0,19.717677942704157,10611.981600000001,10631.699277942706,2004.0,47.0,21.0,228.0,144.0,30.0,27.0,0.0,72.0,3.0,135.0,18.0,0.0
234,8,1,1857.0,2096.0,490.0,0.0,332.0,2691.0,98.51566987720477,9447.590799999998,9546.106469877202,2004.0,47.0,21.0,228.0,144.0,30.0,27.0,0.0,72.0,3.0,135.0,18.0,0.0
234,9,1,1866.0,2070.0,519.0,0.0,285.0,2691.0,139.2971405046262,11799.0844,11938.381540504626,2004.0,47.0,21.0,228.0,144.0,30.0,27.0,0.0,72.0,3.0,135.0,18.0,0.0
234,10,1,1841.0,2118.0,471.0,0.0,284.0,2691.0,19.439198091394026,10278.248799999994,10297.687998091389,2004.0,47.0,21.0,228.0,144.0,30.0,27.0,0.0,72.0,3.0,135.0,18.0,0.0
234,11,1,1828.0,2138.0,445.0,0.0,276.0,2691.0,57.673863321674744,10386.398000000001,10444.071863321677,2004.0,47.0,21.0,228.0,144.0,30.0,27.0,0.0,72.0,3.0,135.0,18.0,0.0
234,12,2,1883.0,2129.0,465.0,0.0,287.0,2691.0,58.57638278493974,10643.511199999994,10702.087582784934,2004.0,47.0,21.0,228.0,144.0,30.0,27.0,0.0,72.0,3.0,135.0,18.0,0.0
234,13,2,1923.0,2111.0,465.0,0.0,315.0,2691.0,62.364580880072936,11656.1992,11718.563780880071,2004.0,47.0,21.0,228.0,144.0,30.0,27.0,0.0,72.0,3.0,135.0,18.0,0.0
234,14,2,1842.0,2073.0,508.0,0.0,327.0,2691.0,60.32449103990608,9637.436399999999,9697.760891039907,2004.0,47.0,21.0,228.0,144.0,30.0,27.0,0.0,72.0,3.0,135.0,18.0,0.0
234,15,2,1874.0,2080.0,507.0,0.0,310.0,2691.0,17.796698175649357,10319.931999999997,10337.728698175648,2004.0,47.0,21.0,228.0,144.0,30.0,27.0,0.0,72.0,3.0,135.0,18.0,0.0
234,16,2,1859.0,2128.0,456.0,0.0,307.0,2691.0,60.11293740851658,11692.538399999998,11752.651337408515,2004.0,47.0,21.0,228.0,144.0,30.0,27.0,0.0,72.0,3.0,135.0,18.0,0.0
234,17,2,1845.0,2110.0,469.0,0.0,296.0,2691.0,140.42137793218546,10016.526399999999,10156.947777932184,2004.0,47.0,21.0,228.0,144.0,30.0,27.0,0.0,72.0,3.0,135.0,18.0,0.0
234,18,2,1905.0,2128.0,458.0,0.0,337.0,2691.0,17.696571852343332,10699.289199999994,10716.985771852338,2004.0,47.0,21.0,228.0,144.0,30.0,27.0,0.0,72.0,3.0,135.0,18.0,0.0
234,19,2,1846.0,2083.0,493.0,0.0,359.0,2691.0,60.49292719487411,10227.347200000007,10287.84012719488,2004.0,47.0,21.0,228.0,144.0,30.0,27.0,0.0,72.0,3.0,135.0,18.0,0.0
234,20,2,1848.0,2102.0,474.0,0.0,271.0,2691.0,99.76084163388288,10678.982000000002,10778.742841633884,2004.0,47.0,21.0,228.0,144.0,30.0,27.0,0.0,72.0,3.0,135.0,18.0,0.0
234,21,2,1860.0,2119.0,461.0,0.0,314.0,2691.0,20.249946182304313,11914.848799999994,11935.098746182299,2004.0,47.0,21.0,228.0,144.0,30.0,27.0,0.0,72.0,3.0,135.0,18.0,0.0
234,22,2,1865.0,2106.0,480.0,0.0,295.0,2691.0,99.5702584975169,11233.355200000002,11332.925458497519,2004.0,47.0,21.0,228.0,144.0,30.0,27.0,0.0,72.0,3.0,135.0,18.0,0.0
234,23,2,1885.0,2114.0,464.0,0.0,324.0,2691.0,59.989610860376125,9682.5932,9742.582810860375,2004.0,47.0,21.0,228.0,144.0,30.0,27.0,0.0,72.0,3.0,135.0,18.0,0.0
234,24,3,1839.0,2105.0,476.0,0.0,316.0,2691.0,20.87874735372847,9244.652399999997,9265.531147353726,2004.0,47.0,21.0,228.0,144.0,30.0,27.0,0.0,72.0,3.0,135.0,18.0,0.0
234,25,3,1852.0,2134.0,454.0,0.0,337.0,2691.0,17.825446001108105,10826.5432,10844.368646001109,2004.0,47.0,21.0,228.0,144.0,30.0,27.0,0.0,72.0,3.0,135.0,18.0,0.0
234,26,3,1856.0,2099.0,477.0,0.0,330.0,2691.0,59.93513777643994,10573.037199999997,10632.972337776437,2004.0,47.0,21.0,228.0,144.0,30.0,27.0,0.0,72.0,3.0,135.0,18.0,0.0
234,27,3,1830.0,2137.0,444.0,0.0,313.0,2691.0,58.074101412348504,9628.819199999998,9686.893301412347,2004.0,47.0,21.0,228.0,144.0,30.0,27.0,0.0,72.0,3.0,135.0,18.0,0.0
234,28,3,1840.0,2113.0,479.0,0.0,343.0,2691.0,19.312919157587466,9909.245600000007,9928.558519157596,2004.0,47.0,21.0,228.0,144.0,30.0,27.0,0.0,72.0,3.0,135.0,18.0,0.0
234,29,3,1854.0,2083.0,483.0,0.0,341.0,2691.0,141.0509493815698,10523.004000000003,10664.054949381572,2004.0,47.0,21.0,228.0,144.0,30.0,27.0,0.0,72.0,3.0,135.0,18.0,0.0
234,30,3,1843.0,2107.0,485.0,0.0,310.0,2691.0,58.867246219646475,9990.1404,10049.007646219647,2004.0,47.0,21.0,228.0,144.0,30.0,27.0,0.0,72.0,3.0,135.0,18.0,0.0
234,31,3,1852.0,2111.0,482.0,0.0,333.0,2691.0,100.42989090644754,9911.583599999993,10012.01349090644,2004.0,47.0,21.0,228.0,144.0,30.0,27.0,0.0,72.0,3.0,135.0,18.0,0.0
234,32,3,1887.0,2099.0,481.0,0.0,355.0,2691.0,17.88702881945978,10908.773999999998,10926.661028819457,2004.0,47.0,21.0,228.0,144.0,30.0,27.0,0.0,72.0,3.0,135.0,18.0,0.0
234,33,3,1853.0,2076.0,506.0,0.0,332.0,2691.0,100.16165661749791,10641.640799999992,10741.80245661749,2004.0,47.0,21.0,228.0,144.0,30.0,27.0,0.0,72.0,3.0,135.0,18.0,0.0
234,34,3,1865.0,2105.0,486.0,0.0,261.0,2691.0,20.612576793327342,9558.011199999997,9578.623776793325,2004.0,47.0,21.0,228.0,144.0,30.0,27.0,0.0,72.0,3.0,135.0,18.0,0.0
234,35,3,1854.0,2125.0,454.0,0.0,298.0,2691.0,61.19918863606392,9894.416000000001,9955.615188636066,2004.0,47.0,21.0,228.0,144.0,30.0,27.0,0.0,72.0,3.0,135.0,18.0,0.0
234,36,4,1855.0,2139.0,462.0,0.0,263.0,2691.0,58.1651559466642,9605.9068,9664.071955946665,2004.0,47.0,21.0,228.0,144.0,30.0,27.0,0.0,72.0,3.0,135.0,18.0,0.0
234,37,4,1911.0,2063.0,526.0,0.0,281.0,2691.0,19.866049900416602,10705.167599999993,10725.03364990041,2004.0,47.0,21.0,228.0,144.0,30.0,27.0,0.0,72.0,3.0,135.0,18.0,0.0
234,38,4,1844.0,2129.0,453.0,0.0,340.0,2691.0,99.11474532233821,9839.706800000004,9938.821545322342,2004.0,47.0,21.0,228.0,144.0,30.0,27.0,0.0,72.0,3.0,135.0,18.0,0.0
234,39,4,1848.0,2148.0,443.0,0.0,280.0,2691.0,98.63838749452498,9821.069600000003,9919.707987494527,2004.0,47.0,21.0,228.0,144.0,30.0,27.0,0.0,72.0,3.0,135.0,18.0,0.0
234,40,4,1847.0,2127.0,467.0,0.0,265.0,2691.0,140.17180771461577,11100.289599999995,11240.46140771461,2004.0,47.0,21.0,228.0,144.0,30.0,27.0,0.0,72.0,3.0,135.0,18.0,0.0
234,41,4,1867.0,2111.0,466.0,0.0,336.0,2691.0,58.91227823430743,10807.171199999999,10866.083478234306,2004.0,47.0,21.0,228.0,144.0,30.0,27.0,0.0,72.0,3.0,135.0,18.0,0.0
234,42,4,1834.0,2095.0,472.0,0.0,373.0,2691.0,101.39193263151722,11385.659199999996,11487.051132631514,2004.0,47.0,21.0,228.0,144.0,30.0,27.0,0.0,72.0,3.0,135.0,18.0,0.0
234,43,4,1826.0,2100.0,477.0,0.0,302.0,2691.0,99.9051963310704,11685.323999999993,11785.229196331064,2004.0,47.0,21.0,228.0,144.0,30.0,27.0,0.0,72.0,3.0,135.0,18.0,0.0
234,44,4,1824.0,2119.0,464.0,0.0,284.0,2691.0,61.0605861281517,10577.713199999997,10638.77378612815,2004.0,47.0,21.0,228.0,144.0,30.0,27.0,0.0,72.0,3.0,135.0,18.0,0.0
234,45,4,1865.0,2108.0,485.0,0.0,338.0,2691.0,18.5611623311679,11305.566,11324.12716233117,2004.0,47.0,21.0,228.0,144.0,30.0,27.0,0.0,72.0,3.0,135.0,18.0,0.0
234,46,4,1867.0,2082.0,502.0,0.0,330.0,2691.0,140.43638472635035,10896.883599999996,11037.319984726346,2004.0,47.0,21.0,228.0,144.0,30.0,27.0,0.0,72.0,3.0,135.0,18.0,0.0
234,47,4,1885.0,2117.0,465.0,0.0,324.0,2691.0,98.98324036049873,11510.642,11609.625240360498,2004.0,47.0,21.0,228.0,144.0,30.0,27.0,0.0,72.0,3.0,135.0,18.0,0.0
234,48,5,1838.0,2122.0,459.0,0.0,329.0,2691.0,58.348702047643755,10933.957600000002,10992.306302047646,2004.0,47.0,21.0,228.0,144.0,30.0,27.0,0.0,72.0,3.0,135.0,18.0,0.0
234,49,5,1776.0,2122.0,470.0,0.0,273.0,2691.0,99.50525204336009,9436.702400000002,9536.207652043362,2004.0,47.0,21.0,228.0,144.0,30.0,27.0,0.0,72.0,3.0,135.0,18.0,0.0
234,50,5,1854.0,2094.0,470.0,0.0,338.0,2691.0,57.23384250420158,9846.119599999995,9903.353442504196,2004.0,47.0,21.0,228.0,144.0,30.0,27.0,0.0,72.0,3.0,135.0,18.0,0.0
234,51,5,1844.0,2123.0,462.0,0.0,349.0,2691.0,21.07436733233387,10525.5424,10546.616767332333,2004.0,47.0,21.0,228.0,144.0,30.0,27.0,0.0,72.0,3.0,135.0,18.0,0.0
234,52,5,1896.0,2093.0,479.0,0.0,310.0,2691.0,58.54019675822073,9361.418799999996,9419.958996758216,2004.0,47.0,21.0,228.0,144.0,30.0,27.0,0.0,72.0,3.0,135.0,18.0,0.0
234,53,5,1872.0,2107.0,471.0,0.0,300.0,2691.0,99.43412686429593,11205.499600000005,11304.9337268643,2004.0,47.0,21.0,228.0,144.0,30.0,27.0,0.0,72.0,3.0,135.0,18.0,0.0
234,54,5,1863.0,2104.0,479.0,0.0,317.0,2691.0,58.59410906420693,9986.3996,10044.993709064209,2004.0,47.0,21.0,228.0,144.0,30.0,27.0,0.0,72.0,3.0,135.0,18.0,0.0
234,55,5,1840.0,2106.0,473.0,0.0,325.0,2691.0,139.97402004701016,10491.808400000002,10631.782420047011,2004.0,47.0,21.0,228.0,144.0,30.0,27.0,0.0,72.0,3.0,135.0,18.0,0.0
234,56,5,1844.0,2151.0,441.0,0.0,308.0,2691.0,59.099829019104334,10445.649600000004,10504.74942901911,2004.0,47.0,21.0,228.0,144.0,30.0,27.0,0.0,72.0,3.0,135.0,18.0,0.0
234,57,5,1856.0,2117.0,451.0,0.0,318.0,2691.0,181.0367476126451,11720.3272,11901.363947612645,2004.0,47.0,21.0,228.0,144.0,30.0,27.0,0.0,72.0,3.0,135.0,18.0,0.0
234,58,5,1885.0,2107.0,489.0,0.0,292.0,2691.0,17.57789855430812,9591.144,9608.721898554308,2004.0,47.0,21.0,228.0,144.0,30.0,27.0,0.0,72.0,3.0,135.0,18.0,0.0
234,59,5,1880.0,2075.0,486.0,0.0,347.0,2691.0,59.54684335907923,10206.238400000002,10265.78524335908,2004.0,47.0,21.0,228.0,144.0,30.0,27.0,0.0,72.0,3.0,135.0,18.0,0.0
234,60,6,1837.0,2108.0,466.0,0.0,292.0,2691.0,101.50837298579916,10595.081199999995,10696.589572985795,2004.0,47.0,21.0,228.0,144.0,30.0,27.0,0.0,72.0,3.0,135.0,18.0,0.0
234,61,6,1844.0,2132.0,453.0,0.0,324.0,2691.0,58.45452161903312,9654.938,9713.392521619033,2004.0,47.0,21.0,228.0,144.0,30.0,27.0,0.0,72.0,3.0,135.0,18.0,0.0
234,62,6,1859.0,2115.0,470.0,0.0,289.0,2691.0,59.48407412276136,11213.916399999995,11273.400474122758,2004.0,47.0,21.0,228.0,144.0,30.0,27.0,0.0,72.0,3.0,135.0,18.0,0.0
234,63,6,1852.0,2091.0,483.0,0.0,304.0,2691.0,99.85503204100269,10242.377199999999,10342.232232041,2004.0,47.0,21.0,228.0,144.0,30.0,27.0,0.0,72.0,3.0,135.0,18.0,0.0
234,64,6,1865.0,2111.0,476.0,0.0,315.0,2691.0,140.47276576023086,9593.081200000004,9733.553965760235,2004.0,47.0,21.0,228.0,144.0,30.0,27.0,0.0,72.0,3.0,135.0,18.0,0.0
234,65,6,1840.0,2064.0,494.0,0.0,350.0,2691.0,60.55731544112771,11253.9296,11314.486915441126,2004.0,47.0,21.0,228.0,144.0,30.0,27.0,0.0,72.0,3.0,135.0,18.0,0.0
234,66,6,1829.0,2144.0,451.0,0.0,343.0,2691.0,61.77976010593247,11285.058399999994,11346.838160105926,2004.0,47.0,21.0,228.0,144.0,30.0,27.0,0.0,72.0,3.0,135.0,18.0,0.0
234,67,6,1841.0,2146.0,443.0,0.0,358.0,2691.0,60.18784190790921,9787.536,9847.72384190791,2004.0,47.0,21.0,228.0,144.0,30.0,27.0,0.0,72.0,3.0,135.0,18.0,0.0
234,68,6,1812.0,2134.0,444.0,0.0,286.0,2691.0,58.42327909229107,10551.527600000005,10609.950879092296,2004.0,47.0,21.0,228.0,144.0,30.0,27.0,0.0,72.0,3.0,135.0,18.0,0.0
234,69,6,1855.0,2078.0,506.0,0.0,341.0,2691.0,97.74292153256746,9630.890000000001,9728.632921532568,2004.0,47.0,21.0,228.0,144.0,30.0,27.0,0.0,72.0,3.0,135.0,18.0,0.0
234,70,6,1854.0,2110.0,480.0,0.0,320.0,2691.0,60.21087520925728,10601.961600000002,10662.17247520926,2004.0,47.0,21.0,228.0,144.0,30.0,27.0,0.0,72.0,3.0,135.0,18.0,0.0
234,71,6,1870.0,2083.0,494.0,0.0,322.0,2691.0,59.58529194571593,10540.2384,10599.823691945718,2004.0,47.0,21.0,228.0,144.0,30.0,27.0,0.0,72.0,3.0,135.0,18.0,0.0
234,72,7,1887.0,2107.0,475.0,0.0,268.0,2691.0,141.44778893637618,8780.3924,8921.840188936376,2004.0,47.0,21.0,228.0,144.0,30.0,27.0,0.0,72.0,3.0,135.0,18.0,0.0
234,73,7,1865.0,2091.0,475.0,0.0,347.0,2691.0,59.37347515232637,10761.346400000004,10820.71987515233,2004.0,47.0,21.0,228.0,144.0,30.0,27.0,0.0,72.0,3.0,135.0,18.0,0.0
234,74,7,1843.0,2072.0,481.0,0.0,320.0,2691.0,100.13619828912931,9319.7356,9419.87179828913,2004.0,47.0,21.0,228.0,144.0,30.0,27.0,0.0,72.0,3.0,135.0,18.0,0.0
234,75,7,1840.0,2123.0,453.0,0.0,312.0,2691.0,100.11697867996743,10524.941199999994,10625.058178679963,2004.0,47.0,21.0,228.0,144.0,30.0,27.0,0.0,72.0,3.0,135.0,18.0,0.0
234,76,7,1894.0,2125.0,463.0,0.0,309.0,2691.0,101.05906578770376,12383.383999999993,12484.443065787695,2004.0,47.0,21.0,228.0,144.0,30.0,27.0,0.0,72.0,3.0,135.0,18.0,0.0
234,77,7,1862.0,2138.0,456.0,0.0,300.0,2691.0,60.03522553260517,10899.755999999998,10959.791225532603,2004.0,47.0,21.0,228.0,144.0,30.0,27.0,0.0,72.0,3.0,135.0,18.0,0.0
234,78,7,1843.0,2117.0,449.0,0.0,364.0,2691.0,181.32452478267632,10929.482,11110.806524782674,2004.0,47.0,21.0,228.0,144.0,30.0,27.0,0.0,72.0,3.0,135.0,18.0,0.0
234,79,7,1834.0,2072.0,528.0,0.0,298.0,2691.0,61.32155468601951,9912.919600000001,9974.24115468602,2004.0,47.0,21.0,228.0,144.0,30.0,27.0,0.0,72.0,3.0,135.0,18.0,0.0
234,80,7,1832.0,2116.0,466.0,0.0,327.0,2691.0,59.85914128502129,11548.851599999995,11608.710741285016,2004.0,47.0,21.0,228.0,144.0,30.0,27.0,0.0,72.0,3.0,135.0,18.0,0.0
234,81,7,1847.0,2114.0,475.0,0.0,323.0,2691.0,19.778120769132077,11655.798399999996,11675.57652076913,2004.0,47.0,21.0,228.0,144.0,30.0,27.0,0.0,72.0,3.0,135.0,18.0,0.0
234,82,7,1796.0,2131.0,462.0,0.0,344.0,2691.0,59.57081045409515,9980.120399999998,10039.691210454093,2004.0,47.0,21.0,228.0,144.0,30.0,27.0,0.0,72.0,3.0,135.0,18.0,0.0
234,83,7,1842.0,2137.0,451.0,0.0,339.0,2691.0,59.95197749162513,11411.844800000003,11471.796777491627,2004.0,47.0,21.0,228.0,144.0,30.0,27.0,0.0,72.0,3.0,135.0,18.0,0.0
234,84,8,1858.0,2099.0,496.0,0.0,339.0,2691.0,100.6518218704569,10847.585199999994,10948.237021870451,2004.0,47.0,21.0,228.0,144.0,30.0,27.0,0.0,72.0,3.0,135.0,18.0,0.0
234,85,8,1793.0,2148.0,445.0,0.0,317.0,2691.0,58.517524390388175,11278.912800000002,11337.430324390389,2004.0,47.0,21.0,228.0,144.0,30.0,27.0,0.0,72.0,3.0,135.0,18.0,0.0
234,86,8,1848.0,2133.0,452.0,0.0,286.0,2691.0,59.01092311918836,10349.524400000004,10408.535323119193,2004.0,47.0,21.0,228.0,144.0,30.0,27.0,0.0,72.0,3.0,135.0,18.0,0.0
234,87,8,1828.0,2085.0,505.0,0.0,284.0,2691.0,20.1478585408974,9851.263199999998,9871.411058540894,2004.0,47.0,21.0,228.0,144.0,30.0,27.0,0.0,72.0,3.0,135.0,18.0,0.0
234,88,8,1820.0,2075.0,496.0,0.0,261.0,2691.0,101.15212695659275,11034.691999999994,11135.844126956585,2004.0,47.0,21.0,228.0,144.0,30.0,27.0,0.0,72.0,3.0,135.0,18.0,0.0
234,89,8,1843.0,2108.0,474.0,0.0,354.0,2691.0,19.744365674937114,10145.316799999997,10165.061165674935,2004.0,47.0,21.0,228.0,144.0,30.0,27.0,0.0,72.0,3.0,135.0,18.0,0.0
234,90,8,1855.0,2117.0,469.0,0.0,305.0,2691.0,99.72398631076281,10648.320799999992,10748.044786310755,2004.0,47.0,21.0,228.0,144.0,30.0,27.0,0.0,72.0,3.0,135.0,18.0,0.0
234,91,8,1867.0,2082.0,499.0,0.0,337.0,2691.0,58.8601168785143,9710.649199999998,9769.509316878513,2004.0,47.0,21.0,228.0,144.0,30.0,27.0,0.0,72.0,3.0,135.0,18.0,0.0
234,92,8,1845.0,2131.0,455.0,0.0,324.0,2691.0,59.10869304823394,9985.731599999997,10044.840293048232,2004.0,47.0,21.0,228.0,144.0,30.0,27.0,0.0,72.0,3.0,135.0,18.0,0.0
234,93,8,1794.0,2101.0,487.0,0.0,310.0,2691.0,100.146093212988,10884.391999999998,10984.538093212985,2004.0,47.0,21.0,228.0,144.0,30.0,27.0,0.0,72.0,3.0,135.0,18.0,0.0
234,94,8,1856.0,2139.0,444.0,0.0,327.0,2691.0,17.57140101047326,11855.263199999992,11872.834601010465,2004.0,47.0,21.0,228.0,144.0,30.0,27.0,0.0,72.0,3.0,135.0,18.0,0.0
234,95,8,1848.0,2100.0,481.0,0.0,292.0,2691.0,19.12657751121718,10140.640799999996,10159.767377511213,2004.0,47.0,21.0,228.0,144.0,30.0,27.0,0.0,72.0,3.0,135.0,18.0,0.0
234,96,9,1824.0,2116.0,485.0,0.0,308.0,2691.0,20.784508530578854,11820.059599999993,11840.844108530571,2004.0,47.0,21.0,228.0,144.0,30.0,27.0,0.0,72.0,3.0,135.0,18.0,0.0
234,97,9,1870.0,2127.0,458.0,0.0,293.0,2691.0,100.20771156959003,11444.777199999993,11544.984911569583,2004.0,47.0,21.0,228.0,144.0,30.0,27.0,0.0,72.0,3.0,135.0,18.0,0.0
234,98,9,1846.0,2126.0,457.0,0.0,276.0,2691.0,19.356540945519743,10574.640400000002,10593.99694094552,2004.0,47.0,21.0,228.0,144.0,30.0,27.0,0.0,72.0,3.0,135.0,18.0,0.0
234,99,9,1859.0,2113.0,483.0,0.0,312.0,2691.0,18.447861709891374,9599.961599999995,9618.409461709887,2004.0,47.0,21.0,228.0,144.0,30.0,27.0,0.0,72.0,3.0,135.0,18.0,0.0
234,100,9,1877.0,2110.0,473.0,0.0,318.0,2691.0,101.56671674980574,10200.293200000004,10301.859916749809,2004.0,47.0,21.0,228.0,144.0,30.0,27.0,0.0,72.0,3.0,135.0,18.0,0.0
234,101,9,1889.0,2080.0,507.0,0.0,287.0,2691.0,99.16881851623063,11323.201199999996,11422.370018516227,2004.0,47.0,21.0,228.0,144.0,30.0,27.0,0.0,72.0,3.0,135.0,18.0,0.0
234,102,9,1892.0,2081.0,493.0,0.0,321.0,2691.0,18.47080872393189,10268.228799999997,10286.69960872393,2004.0,47.0,21.0,228.0,144.0,30.0,27.0,0.0,72.0,3.0,135.0,18.0,0.0
234,103,9,1853.0,2121.0,476.0,0.0,316.0,2691.0,98.91813581278241,9848.0568,9946.974935812783,2004.0,47.0,21.0,228.0,144.0,30.0,27.0,0.0,72.0,3.0,135.0,18.0,0.0
234,104,9,1875.0,2148.0,457.0,0.0,268.0,2691.0,343.2594987325756,10078.850800000002,10422.110298732578,2004.0,47.0,21.0,228.0,144.0,30.0,27.0,0.0,72.0,3.0,135.0,18.0,0.0
234,105,9,1885.0,2106.0,476.0,0.0,314.0,2691.0,141.45368501753543,9880.5884,10022.042085017538,2004.0,47.0,21.0,228.0,144.0,30.0,27.0,0.0,72.0,3.0,135.0,18.0,0.0
234,106,9,1885.0,2110.0,466.0,0.0,341.0,2691.0,59.66948943657768,10831.48639999999,10891.155889436568,2004.0,47.0,21.0,228.0,144.0,30.0,27.0,0.0,72.0,3.0,135.0,18.0,0.0
234,107,9,1872.0,2081.0,493.0,0.0,315.0,2691.0,18.224778842849847,9776.180000000008,9794.404778842856,2004.0,47.0,21.0,228.0,144.0,30.0,27.0,0.0,72.0,3.0,135.0,18.0,0.0
234,108,10,1805.0,2109.0,454.0,0.0,314.0,2691.0,141.56618485364731,11375.572399999994,11517.138584853641,2004.0,47.0,21.0,228.0,144.0,30.0,27.0,0.0,72.0,3.0,135.0,18.0,0.0
234,109,10,1841.0,2094.0,484.0,0.0,337.0,2691.0,59.12024730630887,10070.634399999999,10129.754647306308,2004.0,47.0,21.0,228.0,144.0,30.0,27.0,0.0,72.0,3.0,135.0,18.0,0.0
234,110,10,1860.0,2096.0,470.0,0.0,311.0,2691.0,60.15935683578448,11314.784399999999,11374.943756835784,2004.0,47.0,21.0,228.0,144.0,30.0,27.0,0.0,72.0,3.0,135.0,18.0,0.0
234,111,10,1883.0,2141.0,434.0,0.0,301.0,2691.0,138.49559774394046,9864.222399999995,10002.717997743934,2004.0,47.0,21.0,228.0,144.0,30.0,27.0,0.0,72.0,3.0,135.0,18.0,0.0
234,112,10,1828.0,2127.0,469.0,0.0,317.0,2691.0,20.211291991381522,10631.1532,10651.364491991382,2004.0,47.0,21.0,228.0,144.0,30.0,27.0,0.0,72.0,3.0,135.0,18.0,0.0
234,113,10,1879.0,2095.0,469.0,0.0,339.0,2691.0,59.37679381652918,11776.906799999992,11836.283593816519,2004.0,47.0,21.0,228.0,144.0,30.0,27.0,0.0,72.0,3.0,135.0,18.0,0.0
234,114,10,1860.0,2122.0,464.0,0.0,317.0,2691.0,17.62219481550688,10887.1976,10904.819794815507,2004.0,47.0,21.0,228.0,144.0,30.0,27.0,0.0,72.0,3.0,135.0,18.0,0.0
234,115,10,1848.0,2105.0,472.0,0.0,315.0,2691.0,60.46008857568855,9475.4464,9535.90648857569,2004.0,47.0,21.0,228.0,144.0,30.0,27.0,0.0,72.0,3.0,135.0,18.0,0.0
234,116,10,1854.0,2103.0,479.0,0.0,327.0,2691.0,18.136828815238175,11149.587999999992,11167.724828815231,2004.0,47.0,21.0,228.0,144.0,30.0,27.0,0.0,72.0,3.0,135.0,18.0,0.0
234,117,10,1869.0,2148.0,439.0,0.0,346.0,2691.0,19.56327002012178,11221.731999999996,11241.295270020117,2004.0,47.0,21.0,228.0,144.0,30.0,27.0,0.0,72.0,3.0,135.0,18.0,0.0
234,118,10,1911.0,2115.0,463.0,0.0,313.0,2691.0,59.05528567421515,10493.8124,10552.867685674217,2004.0,47.0,21.0,228.0,144.0,30.0,27.0,0.0,72.0,3.0,135.0,18.0,0.0
234,119,10,1879.0,2129.0,457.0,0.0,329.0,2691.0,18.488822791631094,10463.217999999997,10481.706822791628,2004.0,47.0,21.0,228.0,144.0,30.0,27.0,0.0,72.0,3.0,135.0,18.0,0.0
235,0,1,1844.0,2083.0,498.0,0.0,299.0,2691.0,57.953628696577354,8652.203199999993,8710.156828696568,2004.0,47.0,21.0,228.0,144.0,30.0,27.0,0.0,72.0,3.0,135.0,18.0,0.0
235,1,1,1849.0,2107.0,486.0,0.0,266.0,2691.0,15.289315565948339,8173.1804,8188.469715565949,2004.0,47.0,21.0,228.0,144.0,30.0,27.0,0.0,72.0,3.0,135.0,18.0,0.0
235,2,1,1888.0,2104.0,490.0,0.0,307.0,2691.0,17.035121524531263,8799.964799999996,8816.999921524526,2004.0,47.0,21.0,228.0,144.0,30.0,27.0,0.0,72.0,3.0,135.0,18.0,0.0
235,3,1,1837.0,2133.0,461.0,0.0,268.0,2691.0,56.925874706325715,8999.295999999998,9056.221874706323,2004.0,47.0,21.0,228.0,144.0,30.0,27.0,0.0,72.0,3.0,135.0,18.0,0.0
235,4,1,1850.0,2140.0,456.0,0.0,313.0,2691.0,17.119600594426647,10015.791599999997,10032.911200594424,2004.0,47.0,21.0,228.0,144.0,30.0,27.0,0.0,72.0,3.0,135.0,18.0,0.0
235,5,1,1836.0,2107.0,480.0,0.0,324.0,2691.0,15.533574642555806,8762.890800000003,8778.42437464256,2004.0,47.0,21.0,228.0,144.0,30.0,27.0,0.0,72.0,3.0,135.0,18.0,0.0
235,6,1,1835.0,2136.0,458.0,0.0,289.0,2691.0,17.16988266553109,8561.9564,8579.126282665531,2004.0,47.0,21.0,228.0,144.0,30.0,27.0,0.0,72.0,3.0,135.0,18.0,0.0
235,7,1,1857.0,2099.0,484.0,0.0,313.0,2691.0,96.14190506387726,8020.742800000002,8116.88470506388,2004.0,47.0,21.0,228.0,144.0,30.0,27.0,0.0,72.0,3.0,135.0,18.0,0.0
235,8,1,1866.0,2079.0,509.0,0.0,263.0,2691.0,96.87425928920737,9852.732800000002,9949.607059289208,2004.0,47.0,21.0,228.0,144.0,30.0,27.0,0.0,72.0,3.0,135.0,18.0,0.0
235,9,1,1841.0,2130.0,460.0,0.0,275.0,2691.0,16.512113934021528,8431.028400000001,8447.540513934022,2004.0,47.0,21.0,228.0,144.0,30.0,27.0,0.0,72.0,3.0,135.0,18.0,0.0
235,10,1,1828.0,2140.0,442.0,0.0,247.0,2691.0,95.91575232373972,9261.686399999995,9357.602152323736,2004.0,47.0,21.0,228.0,144.0,30.0,27.0,0.0,72.0,3.0,135.0,18.0,0.0
235,11,1,1883.0,2127.0,466.0,0.0,275.0,2691.0,15.45167986731577,8646.391599999995,8661.843279867311,2004.0,47.0,21.0,228.0,144.0,30.0,27.0,0.0,72.0,3.0,135.0,18.0,0.0
235,12,2,1923.0,2112.0,462.0,0.0,289.0,2691.0,18.810305221658744,9224.412,9243.222305221658,2004.0,47.0,21.0,228.0,144.0,30.0,27.0,0.0,72.0,3.0,135.0,18.0,0.0
235,13,2,1842.0,2090.0,490.0,0.0,302.0,2691.0,57.05263604580353,8242.8528,8299.905436045805,2004.0,47.0,21.0,228.0,144.0,30.0,27.0,0.0,72.0,3.0,135.0,18.0,0.0
235,14,2,1874.0,2086.0,499.0,0.0,291.0,2691.0,15.323656210096498,8559.618399999996,8574.942056210093,2004.0,47.0,21.0,228.0,144.0,30.0,27.0,0.0,72.0,3.0,135.0,18.0,0.0
235,15,2,1859.0,2116.0,468.0,0.0,287.0,2691.0,59.00412680429006,9211.6532,9270.65732680429,2004.0,47.0,21.0,228.0,144.0,30.0,27.0,0.0,72.0,3.0,135.0,18.0,0.0
235,16,2,1845.0,2125.0,454.0,0.0,272.0,2691.0,58.68735023141062,8685.269199999999,8743.95655023141,2004.0,47.0,21.0,228.0,144.0,30.0,27.0,0.0,72.0,3.0,135.0,18.0,0.0
235,17,2,1905.0,2129.0,458.0,0.0,315.0,2691.0,15.38132789205996,8873.177599999995,8888.558927892056,2004.0,47.0,21.0,228.0,144.0,30.0,27.0,0.0,72.0,3.0,135.0,18.0,0.0
235,18,2,1846.0,2099.0,477.0,0.0,343.0,2691.0,17.293558027683144,8654.073600000002,8671.367158027686,2004.0,47.0,21.0,228.0,144.0,30.0,27.0,0.0,72.0,3.0,135.0,18.0,0.0
235,19,2,1848.0,2107.0,469.0,0.0,257.0,2691.0,97.38852821092101,8829.557200000003,8926.945728210925,2004.0,47.0,21.0,228.0,144.0,30.0,27.0,0.0,72.0,3.0,135.0,18.0,0.0
235,20,2,1860.0,2114.0,466.0,0.0,282.0,2691.0,16.908265897870706,10568.160799999994,10585.069065897866,2004.0,47.0,21.0,228.0,144.0,30.0,27.0,0.0,72.0,3.0,135.0,18.0,0.0
235,21,2,1865.0,2127.0,458.0,0.0,280.0,2691.0,97.21395764446075,9198.827599999999,9296.04155764446,2004.0,47.0,21.0,228.0,144.0,30.0,27.0,0.0,72.0,3.0,135.0,18.0,0.0
235,22,2,1885.0,2112.0,464.0,0.0,308.0,2691.0,55.975694101278876,8024.951200000002,8080.926894101281,2004.0,47.0,21.0,228.0,144.0,30.0,27.0,0.0,72.0,3.0,135.0,18.0,0.0
235,23,2,1839.0,2110.0,469.0,0.0,307.0,2691.0,17.757612894971814,7831.164400000001,7848.922012894973,2004.0,47.0,21.0,228.0,144.0,30.0,27.0,0.0,72.0,3.0,135.0,18.0,0.0
235,24,3,1852.0,2131.0,454.0,0.0,316.0,2691.0,15.838248491200861,8295.357599999994,8311.195848491196,2004.0,47.0,21.0,228.0,144.0,30.0,27.0,0.0,72.0,3.0,135.0,18.0,0.0
235,25,3,1856.0,2114.0,461.0,0.0,317.0,2691.0,16.310555301265886,9323.543199999998,9339.853755301265,2004.0,47.0,21.0,228.0,144.0,30.0,27.0,0.0,72.0,3.0,135.0,18.0,0.0
235,26,3,1830.0,2136.0,444.0,0.0,294.0,2691.0,55.530211573758315,8556.679199999999,8612.209411573756,2004.0,47.0,21.0,228.0,144.0,30.0,27.0,0.0,72.0,3.0,135.0,18.0,0.0
235,27,3,1840.0,2132.0,460.0,0.0,320.0,2691.0,56.989774543785295,9883.1936,9940.183374543785,2004.0,47.0,21.0,228.0,144.0,30.0,27.0,0.0,72.0,3.0,135.0,18.0,0.0
235,28,3,1854.0,2088.0,478.0,0.0,306.0,2691.0,97.9700746879806,8610.520000000002,8708.490074687983,2004.0,47.0,21.0,228.0,144.0,30.0,27.0,0.0,72.0,3.0,135.0,18.0,0.0
235,29,3,1843.0,2114.0,478.0,0.0,297.0,2691.0,137.7965394266277,8418.2696,8556.066139426628,2004.0,47.0,21.0,228.0,144.0,30.0,27.0,0.0,72.0,3.0,135.0,18.0,0.0
235,30,3,1852.0,2117.0,473.0,0.0,325.0,2691.0,57.11864527348234,8680.927199999995,8738.045845273478,2004.0,47.0,21.0,228.0,144.0,30.0,27.0,0.0,72.0,3.0,135.0,18.0,0.0
235,31,3,1887.0,2112.0,468.0,0.0,330.0,2691.0,14.98629077430634,8751.868799999997,8766.855090774301,2004.0,47.0,21.0,228.0,144.0,30.0,27.0,0.0,72.0,3.0,135.0,18.0,0.0
235,32,3,1853.0,2083.0,500.0,0.0,311.0,2691.0,57.12128980988234,9214.859599999992,9271.980889809874,2004.0,47.0,21.0,228.0,144.0,30.0,27.0,0.0,72.0,3.0,135.0,18.0,0.0
235,33,3,1865.0,2108.0,481.0,0.0,250.0,2691.0,16.637972263186505,8172.0448,8188.682772263186,2004.0,47.0,21.0,228.0,144.0,30.0,27.0,0.0,72.0,3.0,135.0,18.0,0.0
235,34,3,1854.0,2135.0,444.0,0.0,278.0,2691.0,15.796359491612451,7981.063600000005,7996.859959491617,2004.0,47.0,21.0,228.0,144.0,30.0,27.0,0.0,72.0,3.0,135.0,18.0,0.0
235,35,3,1855.0,2142.0,459.0,0.0,254.0,2691.0,15.497451982161639,7784.270800000003,7799.768251982165,2004.0,47.0,21.0,228.0,144.0,30.0,27.0,0.0,72.0,3.0,135.0,18.0,0.0
235,36,4,1911.0,2072.0,517.0,0.0,271.0,2691.0,17.25426892558518,9016.864399999995,9034.118668925581,2004.0,47.0,21.0,228.0,144.0,30.0,27.0,0.0,72.0,3.0,135.0,18.0,0.0
235,37,4,1844.0,2149.0,434.0,0.0,312.0,2691.0,55.0885287051127,8900.565600000002,8955.654128705115,2004.0,47.0,21.0,228.0,144.0,30.0,27.0,0.0,72.0,3.0,135.0,18.0,0.0
235,38,4,1848.0,2153.0,438.0,0.0,265.0,2691.0,15.610709297660925,8281.329600000005,8296.940309297666,2004.0,47.0,21.0,228.0,144.0,30.0,27.0,0.0,72.0,3.0,135.0,18.0,0.0
235,39,4,1847.0,2107.0,485.0,0.0,238.0,2691.0,56.799989029955306,9542.313199999993,9599.113189029948,2004.0,47.0,21.0,228.0,144.0,30.0,27.0,0.0,72.0,3.0,135.0,18.0,0.0
235,40,4,1867.0,2116.0,460.0,0.0,314.0,2691.0,56.677485111664474,9073.310399999998,9129.987885111663,2004.0,47.0,21.0,228.0,144.0,30.0,27.0,0.0,72.0,3.0,135.0,18.0,0.0
235,41,4,1834.0,2098.0,469.0,0.0,336.0,2691.0,98.63379797647869,9599.427199999995,9698.060997976474,2004.0,47.0,21.0,228.0,144.0,30.0,27.0,0.0,72.0,3.0,135.0,18.0,0.0
235,42,4,1826.0,2108.0,468.0,0.0,305.0,2691.0,55.58424319866205,9404.304399999995,9459.888643198656,2004.0,47.0,21.0,228.0,144.0,30.0,27.0,0.0,72.0,3.0,135.0,18.0,0.0
235,43,4,1824.0,2122.0,461.0,0.0,267.0,2691.0,57.94434621421722,8901.500799999998,8959.445146214215,2004.0,47.0,21.0,228.0,144.0,30.0,27.0,0.0,72.0,3.0,135.0,18.0,0.0
235,44,4,1865.0,2108.0,484.0,0.0,311.0,2691.0,16.469183050668637,9389.474800000002,9405.943983050669,2004.0,47.0,21.0,228.0,144.0,30.0,27.0,0.0,72.0,3.0,135.0,18.0,0.0
235,45,4,1867.0,2077.0,505.0,0.0,318.0,2691.0,98.12280818740311,9105.641599999997,9203.7644081874,2004.0,47.0,21.0,228.0,144.0,30.0,27.0,0.0,72.0,3.0,135.0,18.0,0.0
235,46,4,1885.0,2130.0,451.0,0.0,290.0,2691.0,96.32561909480171,8851.9352,8948.260819094801,2004.0,47.0,21.0,228.0,144.0,30.0,27.0,0.0,72.0,3.0,135.0,18.0,0.0
235,47,4,1838.0,2121.0,459.0,0.0,300.0,2691.0,16.73780843742195,9474.110400000001,9490.848208437423,2004.0,47.0,21.0,228.0,144.0,30.0,27.0,0.0,72.0,3.0,135.0,18.0,0.0
235,48,5,1776.0,2127.0,461.0,0.0,264.0,2691.0,97.14034852794501,7754.945600000004,7852.085948527949,2004.0,47.0,21.0,228.0,144.0,30.0,27.0,0.0,72.0,3.0,135.0,18.0,0.0
235,49,5,1854.0,2068.0,495.0,0.0,340.0,2691.0,16.6207222426213,8469.571999999998,8486.19272224262,2004.0,47.0,21.0,228.0,144.0,30.0,27.0,0.0,72.0,3.0,135.0,18.0,0.0
235,50,5,1844.0,2124.0,461.0,0.0,326.0,2691.0,18.01684577333572,8623.7464,8641.763245773338,2004.0,47.0,21.0,228.0,144.0,30.0,27.0,0.0,72.0,3.0,135.0,18.0,0.0
235,51,5,1896.0,2100.0,471.0,0.0,297.0,2691.0,56.359638400379545,8039.847600000001,8096.20723840038,2004.0,47.0,21.0,228.0,144.0,30.0,27.0,0.0,72.0,3.0,135.0,18.0,0.0
235,52,5,1872.0,2102.0,475.0,0.0,285.0,2691.0,55.84809107793984,9277.785199999998,9333.633291077938,2004.0,47.0,21.0,228.0,144.0,30.0,27.0,0.0,72.0,3.0,135.0,18.0,0.0
235,53,5,1863.0,2128.0,456.0,0.0,290.0,2691.0,14.897495105391535,8257.348400000003,8272.245895105396,2004.0,47.0,21.0,228.0,144.0,30.0,27.0,0.0,72.0,3.0,135.0,18.0,0.0
235,54,5,1840.0,2098.0,480.0,0.0,298.0,2691.0,16.977817219059443,8850.465600000001,8867.443417219061,2004.0,47.0,21.0,228.0,144.0,30.0,27.0,0.0,72.0,3.0,135.0,18.0,0.0
235,55,5,1844.0,2156.0,436.0,0.0,298.0,2691.0,16.861136899734785,8106.647600000006,8123.508736899741,2004.0,47.0,21.0,228.0,144.0,30.0,27.0,0.0,72.0,3.0,135.0,18.0,0.0
235,56,5,1856.0,2113.0,457.0,0.0,293.0,2691.0,138.78520612520455,9406.1748,9544.960006125206,2004.0,47.0,21.0,228.0,144.0,30.0,27.0,0.0,72.0,3.0,135.0,18.0,0.0
235,57,5,1885.0,2123.0,471.0,0.0,286.0,2691.0,136.65500549687337,8605.7772,8742.432205496874,2004.0,47.0,21.0,228.0,144.0,30.0,27.0,0.0,72.0,3.0,135.0,18.0,0.0
235,58,5,1880.0,2079.0,481.0,0.0,330.0,2691.0,57.05477207912131,8976.650800000003,9033.705572079123,2004.0,47.0,21.0,228.0,144.0,30.0,27.0,0.0,72.0,3.0,135.0,18.0,0.0
235,59,5,1837.0,2109.0,465.0,0.0,270.0,2691.0,98.93394535124754,9229.555599999996,9328.489545351244,2004.0,47.0,21.0,228.0,144.0,30.0,27.0,0.0,72.0,3.0,135.0,18.0,0.0
235,60,6,1844.0,2140.0,444.0,0.0,315.0,2691.0,55.9944946583949,8502.9052,8558.899694658394,2004.0,47.0,21.0,228.0,144.0,30.0,27.0,0.0,72.0,3.0,135.0,18.0,0.0
235,61,6,1859.0,2106.0,478.0,0.0,259.0,2691.0,14.88420066602421,9040.177599999995,9055.061800666019,2004.0,47.0,21.0,228.0,144.0,30.0,27.0,0.0,72.0,3.0,135.0,18.0,0.0
235,62,6,1852.0,2096.0,477.0,0.0,292.0,2691.0,17.013226035369115,9566.628400000001,9583.641626035369,2004.0,47.0,21.0,228.0,144.0,30.0,27.0,0.0,72.0,3.0,135.0,18.0,0.0
235,63,6,1865.0,2111.0,476.0,0.0,298.0,2691.0,57.24903316398304,7876.989200000005,7934.238233163989,2004.0,47.0,21.0,228.0,144.0,30.0,27.0,0.0,72.0,3.0,135.0,18.0,0.0
235,64,6,1840.0,2070.0,489.0,0.0,322.0,2691.0,58.18502223258198,8797.559999999998,8855.745022232579,2004.0,47.0,21.0,228.0,144.0,30.0,27.0,0.0,72.0,3.0,135.0,18.0,0.0
235,65,6,1829.0,2146.0,449.0,0.0,314.0,2691.0,59.14056809556943,9244.91959999999,9304.06016809556,2004.0,47.0,21.0,228.0,144.0,30.0,27.0,0.0,72.0,3.0,135.0,18.0,0.0
235,66,6,1841.0,2129.0,458.0,0.0,335.0,2691.0,96.99523365115856,8402.371200000001,8499.36643365116,2004.0,47.0,21.0,228.0,144.0,30.0,27.0,0.0,72.0,3.0,135.0,18.0,0.0
235,67,6,1812.0,2134.0,442.0,0.0,276.0,2691.0,56.13914159478272,8866.096800000003,8922.235941594787,2004.0,47.0,21.0,228.0,144.0,30.0,27.0,0.0,72.0,3.0,135.0,18.0,0.0
235,68,6,1855.0,2083.0,502.0,0.0,319.0,2691.0,94.96021557028126,8261.156,8356.116215570282,2004.0,47.0,21.0,228.0,144.0,30.0,27.0,0.0,72.0,3.0,135.0,18.0,0.0
235,69,6,1854.0,2099.0,491.0,0.0,303.0,2691.0,16.285418253156088,8925.281600000006,8941.567018253161,2004.0,47.0,21.0,228.0,144.0,30.0,27.0,0.0,72.0,3.0,135.0,18.0,0.0
235,70,6,1870.0,2100.0,477.0,0.0,293.0,2691.0,15.027111577325877,8816.598000000002,8831.625111577328,2004.0,47.0,21.0,228.0,144.0,30.0,27.0,0.0,72.0,3.0,135.0,18.0,0.0
235,71,6,1887.0,2115.0,466.0,0.0,251.0,2691.0,139.10116214738215,7208.187600000004,7347.288762147386,2004.0,47.0,21.0,228.0,144.0,30.0,27.0,0.0,72.0,3.0,135.0,18.0,0.0
235,72,7,1865.0,2090.0,474.0,0.0,323.0,2691.0,97.6864891282864,8794.019600000005,8891.70608912829,2004.0,47.0,21.0,228.0,144.0,30.0,27.0,0.0,72.0,3.0,135.0,18.0,0.0
235,73,7,1843.0,2077.0,473.0,0.0,304.0,2691.0,98.82624043842779,7771.578800000003,7870.405040438431,2004.0,47.0,21.0,228.0,144.0,30.0,27.0,0.0,72.0,3.0,135.0,18.0,0.0
235,74,7,1840.0,2129.0,446.0,0.0,296.0,2691.0,58.127384145539025,8693.017999999996,8751.145384145537,2004.0,47.0,21.0,228.0,144.0,30.0,27.0,0.0,72.0,3.0,135.0,18.0,0.0
235,75,7,1894.0,2101.0,487.0,0.0,285.0,2691.0,16.75816327155558,10945.781199999992,10962.53936327155,2004.0,47.0,21.0,228.0,144.0,30.0,27.0,0.0,72.0,3.0,135.0,18.0,0.0
235,76,7,1862.0,2140.0,454.0,0.0,284.0,2691.0,57.214193621613234,9661.818399999998,9719.03259362161,2004.0,47.0,21.0,228.0,144.0,30.0,27.0,0.0,72.0,3.0,135.0,18.0,0.0
235,77,7,1843.0,2116.0,450.0,0.0,324.0,2691.0,56.2099540018751,8863.9592,8920.169154001873,2004.0,47.0,21.0,228.0,144.0,30.0,27.0,0.0,72.0,3.0,135.0,18.0,0.0
235,78,7,1834.0,2085.0,514.0,0.0,284.0,2691.0,58.64532703187451,8381.8636,8440.508927031875,2004.0,47.0,21.0,228.0,144.0,30.0,27.0,0.0,72.0,3.0,135.0,18.0,0.0
235,79,7,1832.0,2123.0,457.0,0.0,312.0,2691.0,56.176331659242834,9568.231599999996,9624.407931659238,2004.0,47.0,21.0,228.0,144.0,30.0,27.0,0.0,72.0,3.0,135.0,18.0,0.0
235,80,7,1847.0,2123.0,466.0,0.0,303.0,2691.0,16.552958055508665,8771.841999999997,8788.394958055505,2004.0,47.0,21.0,228.0,144.0,30.0,27.0,0.0,72.0,3.0,135.0,18.0,0.0
235,81,7,1796.0,2134.0,460.0,0.0,305.0,2691.0,17.375681502104328,8626.6856,8644.061281502105,2004.0,47.0,21.0,228.0,144.0,30.0,27.0,0.0,72.0,3.0,135.0,18.0,0.0
235,82,7,1842.0,2150.0,437.0,0.0,318.0,2691.0,138.11054014045328,9084.6664,9222.776940140453,2004.0,47.0,21.0,228.0,144.0,30.0,27.0,0.0,72.0,3.0,135.0,18.0,0.0
235,83,7,1858.0,2113.0,481.0,0.0,330.0,2691.0,137.12122987537663,9193.550399999995,9330.67162987537,2004.0,47.0,21.0,228.0,144.0,30.0,27.0,0.0,72.0,3.0,135.0,18.0,0.0
235,84,8,1793.0,2152.0,440.0,0.0,306.0,2691.0,56.39804448201934,9491.678800000003,9548.076844482024,2004.0,47.0,21.0,228.0,144.0,30.0,27.0,0.0,72.0,3.0,135.0,18.0,0.0
235,85,8,1848.0,2135.0,450.0,0.0,283.0,2691.0,16.12760657909144,7938.445200000006,7954.572806579095,2004.0,47.0,21.0,228.0,144.0,30.0,27.0,0.0,72.0,3.0,135.0,18.0,0.0
235,86,8,1828.0,2108.0,481.0,0.0,275.0,2691.0,16.82976945512423,8534.167599999995,8550.997369455119,2004.0,47.0,21.0,228.0,144.0,30.0,27.0,0.0,72.0,3.0,135.0,18.0,0.0
235,87,8,1820.0,2077.0,493.0,0.0,251.0,2691.0,57.35639983589056,9387.804799999998,9445.16119983589,2004.0,47.0,21.0,228.0,144.0,30.0,27.0,0.0,72.0,3.0,135.0,18.0,0.0
235,88,8,1843.0,2113.0,471.0,0.0,335.0,2691.0,16.411262773086893,8153.741599999998,8170.152862773084,2004.0,47.0,21.0,228.0,144.0,30.0,27.0,0.0,72.0,3.0,135.0,18.0,0.0
235,89,8,1855.0,2098.0,485.0,0.0,288.0,2691.0,56.203420030160814,8719.0032,8775.20662003016,2004.0,47.0,21.0,228.0,144.0,30.0,27.0,0.0,72.0,3.0,135.0,18.0,0.0
235,90,8,1867.0,2118.0,460.0,0.0,317.0,2691.0,16.788647707032045,8749.530800000002,8766.319447707036,2004.0,47.0,21.0,228.0,144.0,30.0,27.0,0.0,72.0,3.0,135.0,18.0,0.0
235,91,8,1845.0,2126.0,459.0,0.0,314.0,2691.0,15.657640927204577,8836.504399999998,8852.162040927204,2004.0,47.0,21.0,228.0,144.0,30.0,27.0,0.0,72.0,3.0,135.0,18.0,0.0
235,92,8,1794.0,2109.0,479.0,0.0,282.0,2691.0,57.19309373022064,9156.543199999996,9213.736293730219,2004.0,47.0,21.0,228.0,144.0,30.0,27.0,0.0,72.0,3.0,135.0,18.0,0.0
235,93,8,1856.0,2136.0,447.0,0.0,306.0,2691.0,14.24118665696427,10081.055199999992,10095.296386656957,2004.0,47.0,21.0,228.0,144.0,30.0,27.0,0.0,72.0,3.0,135.0,18.0,0.0
235,94,8,1848.0,2099.0,482.0,0.0,277.0,2691.0,17.675771196578665,8540.9144,8558.590171196578,2004.0,47.0,21.0,228.0,144.0,30.0,27.0,0.0,72.0,3.0,135.0,18.0,0.0
235,95,8,1824.0,2131.0,467.0,0.0,293.0,2691.0,17.053077855982792,9696.687999999991,9713.741077855972,2004.0,47.0,21.0,228.0,144.0,30.0,27.0,0.0,72.0,3.0,135.0,18.0,0.0
235,96,9,1870.0,2111.0,473.0,0.0,284.0,2691.0,18.068585519221916,9757.141999999993,9775.210585519213,2004.0,47.0,21.0,228.0,144.0,30.0,27.0,0.0,72.0,3.0,135.0,18.0,0.0
235,97,9,1846.0,2125.0,458.0,0.0,259.0,2691.0,16.63523261559127,9026.216400000001,9042.851632615593,2004.0,47.0,21.0,228.0,144.0,30.0,27.0,0.0,72.0,3.0,135.0,18.0,0.0
235,98,9,1859.0,2126.0,469.0,0.0,279.0,2691.0,17.16181659850698,8357.013999999997,8374.175816598505,2004.0,47.0,21.0,228.0,144.0,30.0,27.0,0.0,72.0,3.0,135.0,18.0,0.0
235,99,9,1877.0,2112.0,468.0,0.0,302.0,2691.0,98.62819577793937,8422.411200000002,8521.039395777942,2004.0,47.0,21.0,228.0,144.0,30.0,27.0,0.0,72.0,3.0,135.0,18.0,0.0
235,100,9,1889.0,2085.0,502.0,0.0,273.0,2691.0,56.385804108172955,9407.577599999993,9463.963404108168,2004.0,47.0,21.0,228.0,144.0,30.0,27.0,0.0,72.0,3.0,135.0,18.0,0.0
235,101,9,1892.0,2087.0,487.0,0.0,298.0,2691.0,14.775940947985845,8845.923199999997,8860.699140947982,2004.0,47.0,21.0,228.0,144.0,30.0,27.0,0.0,72.0,3.0,135.0,18.0,0.0
235,102,9,1853.0,2129.0,468.0,0.0,291.0,2691.0,15.135290208044584,8090.148000000001,8105.283290208045,2004.0,47.0,21.0,228.0,144.0,30.0,27.0,0.0,72.0,3.0,135.0,18.0,0.0
235,103,9,1875.0,2157.0,449.0,0.0,251.0,2691.0,138.26619308178138,8625.3496,8763.615793081783,2004.0,47.0,21.0,228.0,144.0,30.0,27.0,0.0,72.0,3.0,135.0,18.0,0.0
235,104,9,1885.0,2119.0,461.0,0.0,287.0,2691.0,18.72633571662848,8369.8396,8388.565935716626,2004.0,47.0,21.0,228.0,144.0,30.0,27.0,0.0,72.0,3.0,135.0,18.0,0.0
235,105,9,1885.0,2116.0,460.0,0.0,317.0,2691.0,57.53356599385005,9606.908799999988,9664.44236599384,2004.0,47.0,21.0,228.0,144.0,30.0,27.0,0.0,72.0,3.0,135.0,18.0,0.0
235,106,9,1872.0,2088.0,487.0,0.0,288.0,2691.0,55.81270956010418,7770.977600000004,7826.790309560109,2004.0,47.0,21.0,228.0,144.0,30.0,27.0,0.0,72.0,3.0,135.0,18.0,0.0
235,107,9,1805.0,2107.0,454.0,0.0,303.0,2691.0,17.405480657136557,9698.023999999992,9715.429480657127,2004.0,47.0,21.0,228.0,144.0,30.0,27.0,0.0,72.0,3.0,135.0,18.0,0.0
235,108,10,1841.0,2098.0,480.0,0.0,314.0,2691.0,56.64519421215004,8915.729199999998,8972.37439421215,2004.0,47.0,21.0,228.0,144.0,30.0,27.0,0.0,72.0,3.0,135.0,18.0,0.0
235,109,10,1860.0,2096.0,467.0,0.0,286.0,2691.0,56.557564706914626,9399.160800000001,9455.718364706916,2004.0,47.0,21.0,228.0,144.0,30.0,27.0,0.0,72.0,3.0,135.0,18.0,0.0
235,110,10,1883.0,2147.0,428.0,0.0,289.0,2691.0,136.02293687614628,8203.975199999995,8339.998136876142,2004.0,47.0,21.0,228.0,144.0,30.0,27.0,0.0,72.0,3.0,135.0,18.0,0.0
235,111,10,1828.0,2121.0,475.0,0.0,302.0,2691.0,56.924035653453195,8393.286400000005,8450.210435653458,2004.0,47.0,21.0,228.0,144.0,30.0,27.0,0.0,72.0,3.0,135.0,18.0,0.0
235,112,10,1879.0,2094.0,467.0,0.0,330.0,2691.0,56.854967682273305,10379.71799999999,10436.572967682263,2004.0,47.0,21.0,228.0,144.0,30.0,27.0,0.0,72.0,3.0,135.0,18.0,0.0
235,113,10,1860.0,2118.0,469.0,0.0,306.0,2691.0,15.276967689237171,8172.312,8187.588967689237,2004.0,47.0,21.0,228.0,144.0,30.0,27.0,0.0,72.0,3.0,135.0,18.0,0.0
235,114,10,1848.0,2103.0,473.0,0.0,297.0,2691.0,58.41965828570168,7717.537600000003,7775.957258285705,2004.0,47.0,21.0,228.0,144.0,30.0,27.0,0.0,72.0,3.0,135.0,18.0,0.0
235,115,10,1854.0,2112.0,470.0,0.0,308.0,2691.0,15.917284239390579,9553.802799999996,9569.720084239387,2004.0,47.0,21.0,228.0,144.0,30.0,27.0,0.0,72.0,3.0,135.0,18.0,0.0
235,116,10,1869.0,2141.0,444.0,0.0,315.0,2691.0,97.18236690885098,9409.848799999994,9507.031166908846,2004.0,47.0,21.0,228.0,144.0,30.0,27.0,0.0,72.0,3.0,135.0,18.0,0.0
235,117,10,1911.0,2126.0,451.0,0.0,299.0,2691.0,57.4646571940592,8800.6328,8858.09745719406,2004.0,47.0,21.0,228.0,144.0,30.0,27.0,0.0,72.0,3.0,135.0,18.0,0.0
235,118,10,1879.0,2138.0,449.0,0.0,308.0,2691.0,15.939538958203102,9068.901599999997,9084.841138958202,2004.0,47.0,21.0,228.0,144.0,30.0,27.0,0.0,72.0,3.0,135.0,18.0,0.0
235,119,10,1803.0,2146.0,443.0,0.0,295.0,2691.0,58.063571701234736,9225.480799999998,9283.544371701231,2004.0,47.0,21.0,228.0,144.0,30.0,27.0,0.0,72.0,3.0,135.0,18.0,0.0
236,0,1,1849.0,2095.0,497.0,0.0,306.0,2691.0,16.80814362475659,8827.486400000002,8844.29454362476,2004.0,47.0,21.0,228.0,144.0,30.0,27.0,0.0,72.0,3.0,135.0,18.0,0.0
236,1,1,1888.0,2106.0,488.0,0.0,346.0,2691.0,221.33060970191298,10113.6536,10334.984209701912,2004.0,47.0,21.0,228.0,144.0,30.0,27.0,0.0,72.0,3.0,135.0,18.0,0.0
236,2,1,1837.0,2125.0,469.0,0.0,300.0,2691.0,57.71340431770506,9637.837199999998,9695.550604317705,2004.0,47.0,21.0,228.0,144.0,30.0,27.0,0.0,72.0,3.0,135.0,18.0,0.0
236,3,1,1850.0,2138.0,456.0,0.0,344.0,2691.0,97.61479865111494,10588.9356,10686.550398651114,2004.0,47.0,21.0,228.0,144.0,30.0,27.0,0.0,72.0,3.0,135.0,18.0,0.0
236,4,1,1836.0,2098.0,489.0,0.0,371.0,2691.0,17.10698552824379,9727.349200000006,9744.45618552825,2004.0,47.0,21.0,228.0,144.0,30.0,27.0,0.0,72.0,3.0,135.0,18.0,0.0
236,5,1,1835.0,2133.0,461.0,0.0,324.0,2691.0,17.796955775129828,9574.11,9591.90695577513,2004.0,47.0,21.0,228.0,144.0,30.0,27.0,0.0,72.0,3.0,135.0,18.0,0.0
236,6,1,1857.0,2097.0,486.0,0.0,350.0,2691.0,56.29224312932145,8730.8936,8787.185843129322,2004.0,47.0,21.0,228.0,144.0,30.0,27.0,0.0,72.0,3.0,135.0,18.0,0.0
236,7,1,1866.0,2070.0,517.0,0.0,290.0,2691.0,98.5724661194287,10839.502400000001,10938.074866119428,2004.0,47.0,21.0,228.0,144.0,30.0,27.0,0.0,72.0,3.0,135.0,18.0,0.0
236,8,1,1841.0,2129.0,461.0,0.0,322.0,2691.0,58.71043585267327,9191.1456,9249.856035852674,2004.0,47.0,21.0,228.0,144.0,30.0,27.0,0.0,72.0,3.0,135.0,18.0,0.0
236,9,1,1828.0,2143.0,439.0,0.0,297.0,2691.0,55.99661245939293,9356.609200000003,9412.605812459395,2004.0,47.0,21.0,228.0,144.0,30.0,27.0,0.0,72.0,3.0,135.0,18.0,0.0
236,10,1,1883.0,2128.0,465.0,0.0,308.0,2691.0,56.79841048954888,9391.946399999997,9448.744810489547,2004.0,47.0,21.0,228.0,144.0,30.0,27.0,0.0,72.0,3.0,135.0,18.0,0.0
236,11,1,1923.0,2113.0,461.0,0.0,324.0,2691.0,59.50884017685139,10438.769200000004,10498.278040176856,2004.0,47.0,21.0,228.0,144.0,30.0,27.0,0.0,72.0,3.0,135.0,18.0,0.0
236,12,2,1842.0,2083.0,495.0,0.0,346.0,2691.0,179.9716405996399,9287.7384,9467.71004059964,2004.0,47.0,21.0,228.0,144.0,30.0,27.0,0.0,72.0,3.0,135.0,18.0,0.0
236,13,2,1874.0,2085.0,501.0,0.0,343.0,2691.0,57.08270505856278,9507.1096,9564.192305058563,2004.0,47.0,21.0,228.0,144.0,30.0,27.0,0.0,72.0,3.0,135.0,18.0,0.0
236,14,2,1859.0,2106.0,478.0,0.0,335.0,2691.0,99.93245352082292,9633.896000000004,9733.828453520828,2004.0,47.0,21.0,228.0,144.0,30.0,27.0,0.0,72.0,3.0,135.0,18.0,0.0
236,15,2,1845.0,2119.0,460.0,0.0,312.0,2691.0,99.42312677820874,9192.1476,9291.570726778209,2004.0,47.0,21.0,228.0,144.0,30.0,27.0,0.0,72.0,3.0,135.0,18.0,0.0
236,16,2,1905.0,2122.0,465.0,0.0,365.0,2691.0,57.19064497710457,10013.186399999999,10070.377044977104,2004.0,47.0,21.0,228.0,144.0,30.0,27.0,0.0,72.0,3.0,135.0,18.0,0.0
236,17,2,1846.0,2090.0,485.0,0.0,387.0,2691.0,18.89519379723899,9506.775600000003,9525.67079379724,2004.0,47.0,21.0,228.0,144.0,30.0,27.0,0.0,72.0,3.0,135.0,18.0,0.0
236,18,2,1848.0,2102.0,474.0,0.0,289.0,2691.0,179.11423988383646,9567.964400000004,9747.07863988384,2004.0,47.0,21.0,228.0,144.0,30.0,27.0,0.0,72.0,3.0,135.0,18.0,0.0
236,19,2,1860.0,2105.0,475.0,0.0,326.0,2691.0,99.06122332073606,11388.865599999997,11487.926823320735,2004.0,47.0,21.0,228.0,144.0,30.0,27.0,0.0,72.0,3.0,135.0,18.0,0.0
236,20,2,1865.0,2125.0,460.0,0.0,321.0,2691.0,139.46375225184858,10465.8232,10605.28695225185,2004.0,47.0,21.0,228.0,144.0,30.0,27.0,0.0,72.0,3.0,135.0,18.0,0.0
236,21,2,1885.0,2111.0,465.0,0.0,360.0,2691.0,98.17134618847976,8770.439200000004,8868.610546188484,2004.0,47.0,21.0,228.0,144.0,30.0,27.0,0.0,72.0,3.0,135.0,18.0,0.0
236,22,2,1839.0,2107.0,473.0,0.0,347.0,2691.0,60.07488206812033,8488.944,8549.01888206812,2004.0,47.0,21.0,228.0,144.0,30.0,27.0,0.0,72.0,3.0,135.0,18.0,0.0
236,23,2,1852.0,2124.0,461.0,0.0,354.0,2691.0,16.021459703357607,8710.2524,8726.273859703357,2004.0,47.0,21.0,228.0,144.0,30.0,27.0,0.0,72.0,3.0,135.0,18.0,0.0
236,24,3,1856.0,2111.0,464.0,0.0,349.0,2691.0,57.90644795763263,10025.2772,10083.183647957632,2004.0,47.0,21.0,228.0,144.0,30.0,27.0,0.0,72.0,3.0,135.0,18.0,0.0
236,25,3,1830.0,2133.0,447.0,0.0,339.0,2691.0,97.24184072079181,8913.1908,9010.432640720792,2004.0,47.0,21.0,228.0,144.0,30.0,27.0,0.0,72.0,3.0,135.0,18.0,0.0
236,26,3,1840.0,2127.0,466.0,0.0,359.0,2691.0,98.70301896244126,10573.371200000001,10672.074218962442,2004.0,47.0,21.0,228.0,144.0,30.0,27.0,0.0,72.0,3.0,135.0,18.0,0.0
236,27,3,1854.0,2086.0,480.0,0.0,358.0,2691.0,179.58539508396825,9262.955600000005,9442.540995083971,2004.0,47.0,21.0,228.0,144.0,30.0,27.0,0.0,72.0,3.0,135.0,18.0,0.0
236,28,3,1843.0,2109.0,483.0,0.0,341.0,2691.0,137.82729988672173,9156.877200000004,9294.704499886726,2004.0,47.0,21.0,228.0,144.0,30.0,27.0,0.0,72.0,3.0,135.0,18.0,0.0
236,29,3,1852.0,2122.0,468.0,0.0,359.0,2691.0,57.706152186854304,8894.887599999998,8952.593752186853,2004.0,47.0,21.0,228.0,144.0,30.0,27.0,0.0,72.0,3.0,135.0,18.0,0.0
236,30,3,1887.0,2098.0,482.0,0.0,379.0,2691.0,56.576336486866545,9603.4352,9660.011536486865,2004.0,47.0,21.0,228.0,144.0,30.0,27.0,0.0,72.0,3.0,135.0,18.0,0.0
236,31,3,1853.0,2076.0,507.0,0.0,354.0,2691.0,99.51297271708222,10148.122399999997,10247.635372717079,2004.0,47.0,21.0,228.0,144.0,30.0,27.0,0.0,72.0,3.0,135.0,18.0,0.0
236,32,3,1865.0,2106.0,483.0,0.0,269.0,2691.0,17.314556780336787,9018.668000000001,9035.982556780338,2004.0,47.0,21.0,228.0,144.0,30.0,27.0,0.0,72.0,3.0,135.0,18.0,0.0
236,33,3,1854.0,2131.0,448.0,0.0,335.0,2691.0,17.78621238626487,8824.747600000004,8842.53381238627,2004.0,47.0,21.0,228.0,144.0,30.0,27.0,0.0,72.0,3.0,135.0,18.0,0.0
236,34,3,1855.0,2133.0,468.0,0.0,280.0,2691.0,139.6628808253639,8748.7292,8888.392080825364,2004.0,47.0,21.0,228.0,144.0,30.0,27.0,0.0,72.0,3.0,135.0,18.0,0.0
236,35,3,1911.0,2073.0,516.0,0.0,276.0,2691.0,59.49575726851184,9861.082799999996,9920.578557268507,2004.0,47.0,21.0,228.0,144.0,30.0,27.0,0.0,72.0,3.0,135.0,18.0,0.0
236,36,4,1844.0,2139.0,444.0,0.0,349.0,2691.0,96.53606599430607,10141.642800000005,10238.178865994312,2004.0,47.0,21.0,228.0,144.0,30.0,27.0,0.0,72.0,3.0,135.0,18.0,0.0
236,37,4,1848.0,2147.0,444.0,0.0,314.0,2691.0,97.74122300020188,9183.196400000006,9280.937623000209,2004.0,47.0,21.0,228.0,144.0,30.0,27.0,0.0,72.0,3.0,135.0,18.0,0.0
236,38,4,1847.0,2124.0,468.0,0.0,261.0,2691.0,138.74325627954107,10317.059599999995,10455.802856279537,2004.0,47.0,21.0,228.0,144.0,30.0,27.0,0.0,72.0,3.0,135.0,18.0,0.0
236,39,4,1867.0,2115.0,461.0,0.0,356.0,2691.0,57.163626637892264,9852.599199999999,9909.762826637892,2004.0,47.0,21.0,228.0,144.0,30.0,27.0,0.0,72.0,3.0,135.0,18.0,0.0
236,40,4,1834.0,2099.0,468.0,0.0,389.0,2691.0,99.79252296794925,10497.62,10597.412522967948,2004.0,47.0,21.0,228.0,144.0,30.0,27.0,0.0,72.0,3.0,135.0,18.0,0.0
236,41,4,1826.0,2101.0,475.0,0.0,345.0,2691.0,97.04229334801596,10917.925599999999,11014.967893348015,2004.0,47.0,21.0,228.0,144.0,30.0,27.0,0.0,72.0,3.0,135.0,18.0,0.0
236,42,4,1824.0,2120.0,463.0,0.0,302.0,2691.0,140.0648839736418,9595.8868,9735.95168397364,2004.0,47.0,21.0,228.0,144.0,30.0,27.0,0.0,72.0,3.0,135.0,18.0,0.0
236,43,4,1865.0,2107.0,485.0,0.0,363.0,2691.0,98.37607368686325,10315.924000000003,10414.300073686867,2004.0,47.0,21.0,228.0,144.0,30.0,27.0,0.0,72.0,3.0,135.0,18.0,0.0
236,44,4,1867.0,2075.0,506.0,0.0,359.0,2691.0,220.42007303851256,10142.911999999998,10363.332073038511,2004.0,47.0,21.0,228.0,144.0,30.0,27.0,0.0,72.0,3.0,135.0,18.0,0.0
236,45,4,1885.0,2125.0,456.0,0.0,351.0,2691.0,178.8467470164025,10176.111600000004,10354.958347016405,2004.0,47.0,21.0,228.0,144.0,30.0,27.0,0.0,72.0,3.0,135.0,18.0,0.0
236,46,4,1838.0,2118.0,462.0,0.0,358.0,2691.0,98.47810416629564,9918.864800000001,10017.342904166298,2004.0,47.0,21.0,228.0,144.0,30.0,27.0,0.0,72.0,3.0,135.0,18.0,0.0
236,47,4,1776.0,2121.0,466.0,0.0,302.0,2691.0,139.24730697711556,8414.528800000002,8553.776106977119,2004.0,47.0,21.0,228.0,144.0,30.0,27.0,0.0,72.0,3.0,135.0,18.0,0.0
236,48,5,1854.0,2067.0,496.0,0.0,386.0,2691.0,179.503464399473,9384.264399999998,9563.76786439947,2004.0,47.0,21.0,228.0,144.0,30.0,27.0,0.0,72.0,3.0,135.0,18.0,0.0
236,49,5,1844.0,2126.0,458.0,0.0,370.0,2691.0,19.336534811520217,9839.172400000001,9858.508934811523,2004.0,47.0,21.0,228.0,144.0,30.0,27.0,0.0,72.0,3.0,135.0,18.0,0.0
236,50,5,1896.0,2089.0,481.0,0.0,345.0,2691.0,97.67707235371022,8746.524800000001,8844.201872353711,2004.0,47.0,21.0,228.0,144.0,30.0,27.0,0.0,72.0,3.0,135.0,18.0,0.0
236,51,5,1872.0,2095.0,482.0,0.0,318.0,2691.0,97.49455989407255,10050.260400000005,10147.754959894077,2004.0,47.0,21.0,228.0,144.0,30.0,27.0,0.0,72.0,3.0,135.0,18.0,0.0
236,52,5,1863.0,2127.0,457.0,0.0,346.0,2691.0,56.83650483525747,9377.651200000006,9434.487704835265,2004.0,47.0,21.0,228.0,144.0,30.0,27.0,0.0,72.0,3.0,135.0,18.0,0.0
236,53,5,1840.0,2096.0,482.0,0.0,338.0,2691.0,58.229239248960596,9938.838,9997.067239248961,2004.0,47.0,21.0,228.0,144.0,30.0,27.0,0.0,72.0,3.0,135.0,18.0,0.0
236,54,5,1844.0,2129.0,461.0,0.0,327.0,2691.0,17.978416179802412,9330.557200000005,9348.535616179808,2004.0,47.0,21.0,228.0,144.0,30.0,27.0,0.0,72.0,3.0,135.0,18.0,0.0
236,55,5,1856.0,2106.0,464.0,0.0,346.0,2691.0,180.76596205211075,10314.788400000005,10495.554362052117,2004.0,47.0,21.0,228.0,144.0,30.0,27.0,0.0,72.0,3.0,135.0,18.0,0.0
236,56,5,1885.0,2118.0,476.0,0.0,324.0,2691.0,137.8019574509437,9141.646800000004,9279.448757450948,2004.0,47.0,21.0,228.0,144.0,30.0,27.0,0.0,72.0,3.0,135.0,18.0,0.0
236,57,5,1880.0,2070.0,490.0,0.0,380.0,2691.0,99.19269754490522,9393.349200000002,9492.541897544908,2004.0,47.0,21.0,228.0,144.0,30.0,27.0,0.0,72.0,3.0,135.0,18.0,0.0
236,58,5,1837.0,2108.0,466.0,0.0,318.0,2691.0,100.59468647782555,9959.612799999995,10060.20748647782,2004.0,47.0,21.0,228.0,144.0,30.0,27.0,0.0,72.0,3.0,135.0,18.0,0.0
236,59,5,1844.0,2127.0,457.0,0.0,360.0,2691.0,56.91374997075771,8873.244400000003,8930.15814997076,2004.0,47.0,21.0,228.0,144.0,30.0,27.0,0.0,72.0,3.0,135.0,18.0,0.0
236,60,6,1859.0,2103.0,481.0,0.0,303.0,2691.0,57.270218420275405,9888.537599999998,9945.807818420273,2004.0,47.0,21.0,228.0,144.0,30.0,27.0,0.0,72.0,3.0,135.0,18.0,0.0
236,61,6,1852.0,2093.0,480.0,0.0,337.0,2691.0,58.386812095305416,10726.0092,10784.396012095305,2004.0,47.0,21.0,228.0,144.0,30.0,27.0,0.0,72.0,3.0,135.0,18.0,0.0
236,62,6,1865.0,2108.0,479.0,0.0,333.0,2691.0,138.6829869267694,8712.857600000007,8851.540586926776,2004.0,47.0,21.0,228.0,144.0,30.0,27.0,0.0,72.0,3.0,135.0,18.0,0.0
236,63,6,1840.0,2068.0,491.0,0.0,378.0,2691.0,58.86417206895386,10236.498800000005,10295.362972068957,2004.0,47.0,21.0,228.0,144.0,30.0,27.0,0.0,72.0,3.0,135.0,18.0,0.0
236,64,6,1829.0,2143.0,452.0,0.0,379.0,2691.0,141.00155682977498,9854.135600000001,9995.137156829776,2004.0,47.0,21.0,228.0,144.0,30.0,27.0,0.0,72.0,3.0,135.0,18.0,0.0
236,65,6,1841.0,2140.0,448.0,0.0,380.0,2691.0,58.297135016927186,8841.581200000004,8899.878335016932,2004.0,47.0,21.0,228.0,144.0,30.0,27.0,0.0,72.0,3.0,135.0,18.0,0.0
236,66,6,1812.0,2132.0,444.0,0.0,316.0,2691.0,98.06084513915484,9907.642400000004,10005.70324513916,2004.0,47.0,21.0,228.0,144.0,30.0,27.0,0.0,72.0,3.0,135.0,18.0,0.0
236,67,6,1855.0,2081.0,504.0,0.0,357.0,2691.0,96.40604773069924,9204.438800000002,9300.844847730701,2004.0,47.0,21.0,228.0,144.0,30.0,27.0,0.0,72.0,3.0,135.0,18.0,0.0
236,68,6,1854.0,2095.0,495.0,0.0,336.0,2691.0,17.29161550850116,9973.8412,9991.132815508501,2004.0,47.0,21.0,228.0,144.0,30.0,27.0,0.0,72.0,3.0,135.0,18.0,0.0
236,69,6,1870.0,2089.0,487.0,0.0,335.0,2691.0,97.22339042535235,9358.279199999999,9455.502590425353,2004.0,47.0,21.0,228.0,144.0,30.0,27.0,0.0,72.0,3.0,135.0,18.0,0.0
236,70,6,1887.0,2107.0,474.0,0.0,293.0,2691.0,261.28565034572694,8179.726800000002,8441.012450345728,2004.0,47.0,21.0,228.0,144.0,30.0,27.0,0.0,72.0,3.0,135.0,18.0,0.0
236,71,6,1865.0,2087.0,477.0,0.0,386.0,2691.0,138.8004570397931,9606.842000000008,9745.6424570398,2004.0,47.0,21.0,228.0,144.0,30.0,27.0,0.0,72.0,3.0,135.0,18.0,0.0
236,72,7,1843.0,2073.0,477.0,0.0,356.0,2691.0,139.46562249925256,8573.646400000003,8713.112022499256,2004.0,47.0,21.0,228.0,144.0,30.0,27.0,0.0,72.0,3.0,135.0,18.0,0.0
236,73,7,1840.0,2124.0,450.0,0.0,351.0,2691.0,100.11624887340805,9556.9424,9657.058648873406,2004.0,47.0,21.0,228.0,144.0,30.0,27.0,0.0,72.0,3.0,135.0,18.0,0.0
236,74,7,1894.0,2122.0,466.0,0.0,336.0,2691.0,99.92053888427365,11389.466799999995,11489.387338884268,2004.0,47.0,21.0,228.0,144.0,30.0,27.0,0.0,72.0,3.0,135.0,18.0,0.0
236,75,7,1862.0,2139.0,456.0,0.0,326.0,2691.0,139.5542250888783,10527.011999999995,10666.566225088873,2004.0,47.0,21.0,228.0,144.0,30.0,27.0,0.0,72.0,3.0,135.0,18.0,0.0
236,76,7,1843.0,2115.0,451.0,0.0,383.0,2691.0,179.61556444919083,10138.6368,10318.252364449192,2004.0,47.0,21.0,228.0,144.0,30.0,27.0,0.0,72.0,3.0,135.0,18.0,0.0
236,77,7,1834.0,2077.0,522.0,0.0,328.0,2691.0,59.75554435977956,8893.618400000001,8953.37394435978,2004.0,47.0,21.0,228.0,144.0,30.0,27.0,0.0,72.0,3.0,135.0,18.0,0.0
236,78,7,1832.0,2116.0,464.0,0.0,356.0,2691.0,98.73050267281171,10799.889999999998,10898.620502672808,2004.0,47.0,21.0,228.0,144.0,30.0,27.0,0.0,72.0,3.0,135.0,18.0,0.0
236,79,7,1847.0,2114.0,476.0,0.0,355.0,2691.0,17.311804065540848,9358.011999999997,9375.323804065538,2004.0,47.0,21.0,228.0,144.0,30.0,27.0,0.0,72.0,3.0,135.0,18.0,0.0
236,80,7,1796.0,2135.0,458.0,0.0,356.0,2691.0,17.598110243470227,9290.944800000003,9308.542910243474,2004.0,47.0,21.0,228.0,144.0,30.0,27.0,0.0,72.0,3.0,135.0,18.0,0.0
236,81,7,1842.0,2139.0,448.0,0.0,381.0,2691.0,58.4642861157547,10533.491600000005,10591.955886115758,2004.0,47.0,21.0,228.0,144.0,30.0,27.0,0.0,72.0,3.0,135.0,18.0,0.0
236,82,7,1858.0,2107.0,486.0,0.0,368.0,2691.0,179.2722343091066,10223.806799999998,10403.079034309107,2004.0,47.0,21.0,228.0,144.0,30.0,27.0,0.0,72.0,3.0,135.0,18.0,0.0
236,83,7,1793.0,2149.0,443.0,0.0,348.0,2691.0,98.42188062189052,10828.614000000005,10927.035880621894,2004.0,47.0,21.0,228.0,144.0,30.0,27.0,0.0,72.0,3.0,135.0,18.0,0.0
236,84,8,1848.0,2130.0,455.0,0.0,321.0,2691.0,97.55917683702745,8382.865600000006,8480.424776837033,2004.0,47.0,21.0,228.0,144.0,30.0,27.0,0.0,72.0,3.0,135.0,18.0,0.0
236,85,8,1828.0,2083.0,506.0,0.0,291.0,2691.0,99.61836287103444,9473.241999999997,9572.86036287103,2004.0,47.0,21.0,228.0,144.0,30.0,27.0,0.0,72.0,3.0,135.0,18.0,0.0
236,86,8,1820.0,2068.0,502.0,0.0,264.0,2691.0,59.09186748781536,10050.460799999997,10109.552667487811,2004.0,47.0,21.0,228.0,144.0,30.0,27.0,0.0,72.0,3.0,135.0,18.0,0.0
236,87,8,1843.0,2115.0,469.0,0.0,377.0,2691.0,58.65824673844784,8902.569599999999,8961.227846738446,2004.0,47.0,21.0,228.0,144.0,30.0,27.0,0.0,72.0,3.0,135.0,18.0,0.0
236,88,8,1855.0,2094.0,489.0,0.0,318.0,2691.0,57.263093030932275,9672.172399999998,9729.435493030931,2004.0,47.0,21.0,228.0,144.0,30.0,27.0,0.0,72.0,3.0,135.0,18.0,0.0
236,89,8,1867.0,2113.0,465.0,0.0,363.0,2691.0,18.332231162369673,9668.164400000005,9686.496631162376,2004.0,47.0,21.0,228.0,144.0,30.0,27.0,0.0,72.0,3.0,135.0,18.0,0.0
236,90,8,1845.0,2123.0,461.0,0.0,357.0,2691.0,17.085704260954905,9757.743199999999,9774.828904260954,2004.0,47.0,21.0,228.0,144.0,30.0,27.0,0.0,72.0,3.0,135.0,18.0,0.0
236,91,8,1794.0,2126.0,462.0,0.0,319.0,2691.0,139.18724122618138,10591.607599999996,10730.794841226178,2004.0,47.0,21.0,228.0,144.0,30.0,27.0,0.0,72.0,3.0,135.0,18.0,0.0
236,92,8,1856.0,2136.0,447.0,0.0,355.0,2691.0,16.04322092493657,11088.198799999995,11104.242020924932,2004.0,47.0,21.0,228.0,144.0,30.0,27.0,0.0,72.0,3.0,135.0,18.0,0.0
236,93,8,1848.0,2097.0,484.0,0.0,312.0,2691.0,18.439653969324837,9039.843599999998,9058.283253969323,2004.0,47.0,21.0,228.0,144.0,30.0,27.0,0.0,72.0,3.0,135.0,18.0,0.0
236,94,8,1824.0,2129.0,468.0,0.0,335.0,2691.0,18.38101667577483,10541.641199999995,10560.022216675769,2004.0,47.0,21.0,228.0,144.0,30.0,27.0,0.0,72.0,3.0,135.0,18.0,0.0
236,95,8,1870.0,2127.0,457.0,0.0,320.0,2691.0,138.85453730209278,10729.415999999994,10868.270537302087,2004.0,47.0,21.0,228.0,144.0,30.0,27.0,0.0,72.0,3.0,135.0,18.0,0.0
236,96,9,1846.0,2122.0,461.0,0.0,295.0,2691.0,58.81158039888065,9752.065200000005,9810.876780398885,2004.0,47.0,21.0,228.0,144.0,30.0,27.0,0.0,72.0,3.0,135.0,18.0,0.0
236,97,9,1859.0,2123.0,472.0,0.0,324.0,2691.0,59.24426430117772,9363.422799999998,9422.667064301177,2004.0,47.0,21.0,228.0,144.0,30.0,27.0,0.0,72.0,3.0,135.0,18.0,0.0
236,98,9,1877.0,2110.0,470.0,0.0,352.0,2691.0,100.58987513212796,9368.833600000005,9469.423475132133,2004.0,47.0,21.0,228.0,144.0,30.0,27.0,0.0,72.0,3.0,135.0,18.0,0.0
236,99,9,1889.0,2078.0,509.0,0.0,304.0,2691.0,97.70850761438747,10405.502799999998,10503.211307614387,2004.0,47.0,21.0,228.0,144.0,30.0,27.0,0.0,72.0,3.0,135.0,18.0,0.0
236,100,9,1892.0,2087.0,487.0,0.0,332.0,2691.0,56.308142221422855,9750.328399999999,9806.636542221422,2004.0,47.0,21.0,228.0,144.0,30.0,27.0,0.0,72.0,3.0,135.0,18.0,0.0
236,101,9,1853.0,2120.0,476.0,0.0,351.0,2691.0,56.27881832869026,8856.277200000004,8912.556018328694,2004.0,47.0,21.0,228.0,144.0,30.0,27.0,0.0,72.0,3.0,135.0,18.0,0.0
236,102,9,1875.0,2156.0,450.0,0.0,300.0,2691.0,178.9343243019033,10163.620000000003,10342.554324301907,2004.0,47.0,21.0,228.0,144.0,30.0,27.0,0.0,72.0,3.0,135.0,18.0,0.0
236,103,9,1885.0,2116.0,463.0,0.0,333.0,2691.0,100.40920537564563,9086.536800000002,9186.946005375648,2004.0,47.0,21.0,228.0,144.0,30.0,27.0,0.0,72.0,3.0,135.0,18.0,0.0
236,104,9,1885.0,2112.0,464.0,0.0,357.0,2691.0,98.58499373493643,9964.68959999999,10063.274593734926,2004.0,47.0,21.0,228.0,144.0,30.0,27.0,0.0,72.0,3.0,135.0,18.0,0.0
236,105,9,1872.0,2082.0,493.0,0.0,329.0,2691.0,58.43903732442704,8975.381600000006,9033.820637324434,2004.0,47.0,21.0,228.0,144.0,30.0,27.0,0.0,72.0,3.0,135.0,18.0,0.0
236,106,9,1805.0,2103.0,457.0,0.0,351.0,2691.0,140.21197927092015,10570.031199999994,10710.243179270914,2004.0,47.0,21.0,228.0,144.0,30.0,27.0,0.0,72.0,3.0,135.0,18.0,0.0
236,107,9,1841.0,2093.0,485.0,0.0,359.0,2691.0,98.03707458446632,9444.852,9542.889074584467,2004.0,47.0,21.0,228.0,144.0,30.0,27.0,0.0,72.0,3.0,135.0,18.0,0.0
236,108,10,1860.0,2081.0,481.0,0.0,326.0,2691.0,137.2836840303305,9828.8184,9966.102084030332,2004.0,47.0,21.0,228.0,144.0,30.0,27.0,0.0,72.0,3.0,135.0,18.0,0.0
236,109,10,1883.0,2141.0,434.0,0.0,320.0,2691.0,177.75627071425095,9056.877599999996,9234.633870714248,2004.0,47.0,21.0,228.0,144.0,30.0,27.0,0.0,72.0,3.0,135.0,18.0,0.0
236,110,10,1828.0,2112.0,484.0,0.0,342.0,2691.0,98.92873590636805,9328.686800000003,9427.61553590637,2004.0,47.0,21.0,228.0,144.0,30.0,27.0,0.0,72.0,3.0,135.0,18.0,0.0
236,111,10,1879.0,2093.0,468.0,0.0,371.0,2691.0,98.41151180080664,10970.831199999993,11069.242711800798,2004.0,47.0,21.0,228.0,144.0,30.0,27.0,0.0,72.0,3.0,135.0,18.0,0.0
236,112,10,1860.0,2118.0,468.0,0.0,349.0,2691.0,15.316127357410302,9213.056000000004,9228.372127357414,2004.0,47.0,21.0,228.0,144.0,30.0,27.0,0.0,72.0,3.0,135.0,18.0,0.0
236,113,10,1848.0,2119.0,457.0,0.0,360.0,2691.0,99.06472143869658,8580.259600000001,8679.324321438697,2004.0,47.0,21.0,228.0,144.0,30.0,27.0,0.0,72.0,3.0,135.0,18.0,0.0
236,114,10,1854.0,2100.0,482.0,0.0,347.0,2691.0,57.55719037132621,10210.981199999998,10268.538390371325,2004.0,47.0,21.0,228.0,144.0,30.0,27.0,0.0,72.0,3.0,135.0,18.0,0.0
236,115,10,1869.0,2131.0,453.0,0.0,369.0,2691.0,98.34841734070571,10250.393199999995,10348.741617340702,2004.0,47.0,21.0,228.0,144.0,30.0,27.0,0.0,72.0,3.0,135.0,18.0,0.0
236,116,10,1911.0,2117.0,460.0,0.0,334.0,2691.0,98.70970766909397,9415.860800000002,9514.570507669096,2004.0,47.0,21.0,228.0,144.0,30.0,27.0,0.0,72.0,3.0,135.0,18.0,0.0
236,117,10,1879.0,2120.0,467.0,0.0,366.0,2691.0,98.91180878853676,9818.330799999998,9917.242608788534,2004.0,47.0,21.0,228.0,144.0,30.0,27.0,0.0,72.0,3.0,135.0,18.0,0.0
236,118,10,1803.0,2135.0,454.0,0.0,343.0,2691.0,59.98444024484667,10156.138399999998,10216.122840244845,2004.0,47.0,21.0,228.0,144.0,30.0,27.0,0.0,72.0,3.0,135.0,18.0,0.0
236,119,10,1819.0,2115.0,474.0,0.0,375.0,2691.0,58.343502143102334,8934.0992,8992.442702143104,2004.0,47.0,21.0,228.0,144.0,30.0,27.0,0.0,72.0,3.0,135.0,18.0,0.0
237,0,1,1888.0,2098.0,496.0,0.0,323.0,2691.0,18.665688178366747,10423.271599999996,10441.937288178362,2004.0,47.0,21.0,228.0,144.0,30.0,27.0,0.0,72.0,3.0,135.0,18.0,0.0
237,1,1,1837.0,2112.0,481.0,0.0,291.0,2691.0,59.80936507215305,10540.371999999994,10600.181365072147,2004.0,47.0,21.0,228.0,144.0,30.0,27.0,0.0,72.0,3.0,135.0,18.0,0.0
237,2,1,1850.0,2133.0,461.0,0.0,328.0,2691.0,58.198712005681855,10768.894799999998,10827.09351200568,2004.0,47.0,21.0,228.0,144.0,30.0,27.0,0.0,72.0,3.0,135.0,18.0,0.0
237,3,1,1836.0,2091.0,496.0,0.0,349.0,2691.0,18.379301824578576,10118.730400000004,10137.109701824582,2004.0,47.0,21.0,228.0,144.0,30.0,27.0,0.0,72.0,3.0,135.0,18.0,0.0
237,4,1,1835.0,2124.0,470.0,0.0,314.0,2691.0,20.210050938022153,10015.858399999997,10036.06845093802,2004.0,47.0,21.0,228.0,144.0,30.0,27.0,0.0,72.0,3.0,135.0,18.0,0.0
237,5,1,1857.0,2090.0,492.0,0.0,340.0,2691.0,98.36705285001942,9226.816799999997,9325.183852850018,2004.0,47.0,21.0,228.0,144.0,30.0,27.0,0.0,72.0,3.0,135.0,18.0,0.0
237,6,1,1866.0,2059.0,528.0,0.0,301.0,2691.0,99.30754191320784,11575.437999999998,11674.745541913206,2004.0,47.0,21.0,228.0,144.0,30.0,27.0,0.0,72.0,3.0,135.0,18.0,0.0
237,7,1,1841.0,2121.0,468.0,0.0,306.0,2691.0,59.89037920250991,9991.275999999998,10051.166379202507,2004.0,47.0,21.0,228.0,144.0,30.0,27.0,0.0,72.0,3.0,135.0,18.0,0.0
237,8,1,1828.0,2132.0,449.0,0.0,293.0,2691.0,98.39165640369899,10180.854400000002,10279.246056403701,2004.0,47.0,21.0,228.0,144.0,30.0,27.0,0.0,72.0,3.0,135.0,18.0,0.0
237,9,1,1883.0,2122.0,471.0,0.0,307.0,2691.0,17.69853730440229,9890.942399999993,9908.640937304395,2004.0,47.0,21.0,228.0,144.0,30.0,27.0,0.0,72.0,3.0,135.0,18.0,0.0
237,10,1,1923.0,2099.0,476.0,0.0,324.0,2691.0,21.52947333238906,11094.144000000002,11115.67347333239,2004.0,47.0,21.0,228.0,144.0,30.0,27.0,0.0,72.0,3.0,135.0,18.0,0.0
237,11,1,1842.0,2077.0,501.0,0.0,334.0,2691.0,18.66230567397157,9700.896399999998,9719.558705673971,2004.0,47.0,21.0,228.0,144.0,30.0,27.0,0.0,72.0,3.0,135.0,18.0,0.0
237,12,2,1874.0,2066.0,519.0,0.0,315.0,2691.0,18.11091553402674,10164.154399999996,10182.265315534023,2004.0,47.0,21.0,228.0,144.0,30.0,27.0,0.0,72.0,3.0,135.0,18.0,0.0
237,13,2,1859.0,2092.0,492.0,0.0,324.0,2691.0,101.45763542540537,10450.993600000003,10552.45123542541,2004.0,47.0,21.0,228.0,144.0,30.0,27.0,0.0,72.0,3.0,135.0,18.0,0.0
237,14,2,1845.0,2101.0,478.0,0.0,308.0,2691.0,140.15852712279656,9824.543199999998,9964.701727122796,2004.0,47.0,21.0,228.0,144.0,30.0,27.0,0.0,72.0,3.0,135.0,18.0,0.0
237,15,2,1905.0,2110.0,476.0,0.0,344.0,2691.0,17.803687768908798,10547.653199999993,10565.456887768903,2004.0,47.0,21.0,228.0,144.0,30.0,27.0,0.0,72.0,3.0,135.0,18.0,0.0
237,16,2,1846.0,2085.0,490.0,0.0,369.0,2691.0,20.12182117356071,9987.401600000001,10007.523421173562,2004.0,47.0,21.0,228.0,144.0,30.0,27.0,0.0,72.0,3.0,135.0,18.0,0.0
237,17,2,1848.0,2095.0,481.0,0.0,289.0,2691.0,141.49771662120378,10490.138400000002,10631.636116621206,2004.0,47.0,21.0,228.0,144.0,30.0,27.0,0.0,72.0,3.0,135.0,18.0,0.0
237,18,2,1860.0,2102.0,478.0,0.0,309.0,2691.0,19.156271310415026,12293.67159999999,12312.827871310406,2004.0,47.0,21.0,228.0,144.0,30.0,27.0,0.0,72.0,3.0,135.0,18.0,0.0
237,19,2,1865.0,2117.0,467.0,0.0,310.0,2691.0,99.49541906430791,10898.6204,10998.115819064307,2004.0,47.0,21.0,228.0,144.0,30.0,27.0,0.0,72.0,3.0,135.0,18.0,0.0
237,20,2,1885.0,2102.0,474.0,0.0,338.0,2691.0,58.862023950661445,9775.1112,9833.973223950661,2004.0,47.0,21.0,228.0,144.0,30.0,27.0,0.0,72.0,3.0,135.0,18.0,0.0
237,21,2,1839.0,2096.0,484.0,0.0,325.0,2691.0,61.322226549083986,9451.398399999998,9512.720626549082,2004.0,47.0,21.0,228.0,144.0,30.0,27.0,0.0,72.0,3.0,135.0,18.0,0.0
237,22,2,1852.0,2114.0,471.0,0.0,344.0,2691.0,18.54617704686686,9179.722799999998,9198.268977046864,2004.0,47.0,21.0,228.0,144.0,30.0,27.0,0.0,72.0,3.0,135.0,18.0,0.0
237,23,2,1856.0,2098.0,477.0,0.0,335.0,2691.0,58.484048821844745,10687.064799999996,10745.54884882184,2004.0,47.0,21.0,228.0,144.0,30.0,27.0,0.0,72.0,3.0,135.0,18.0,0.0
237,24,3,1830.0,2127.0,453.0,0.0,323.0,2691.0,57.96274350857131,9587.2028,9645.16554350857,2004.0,47.0,21.0,228.0,144.0,30.0,27.0,0.0,72.0,3.0,135.0,18.0,0.0
237,25,3,1840.0,2113.0,479.0,0.0,338.0,2691.0,59.694914183903215,11227.5436,11287.238514183904,2004.0,47.0,21.0,228.0,144.0,30.0,27.0,0.0,72.0,3.0,135.0,18.0,0.0
237,26,3,1854.0,2077.0,489.0,0.0,342.0,2691.0,99.89968939812414,10209.244400000001,10309.144089398125,2004.0,47.0,21.0,228.0,144.0,30.0,27.0,0.0,72.0,3.0,135.0,18.0,0.0
237,27,3,1843.0,2101.0,491.0,0.0,328.0,2691.0,18.82956328664189,9682.326000000001,9701.155563286642,2004.0,47.0,21.0,228.0,144.0,30.0,27.0,0.0,72.0,3.0,135.0,18.0,0.0
237,28,3,1852.0,2114.0,476.0,0.0,351.0,2691.0,59.66769836852014,9623.675599999995,9683.343298368516,2004.0,47.0,21.0,228.0,144.0,30.0,27.0,0.0,72.0,3.0,135.0,18.0,0.0
237,29,3,1887.0,2081.0,498.0,0.0,361.0,2691.0,17.77324898138672,9812.519199999995,9830.292448981381,2004.0,47.0,21.0,228.0,144.0,30.0,27.0,0.0,72.0,3.0,135.0,18.0,0.0
237,30,3,1853.0,2070.0,513.0,0.0,337.0,2691.0,99.96188808143505,10678.380799999994,10778.34268808143,2004.0,47.0,21.0,228.0,144.0,30.0,27.0,0.0,72.0,3.0,135.0,18.0,0.0
237,31,3,1865.0,2114.0,475.0,0.0,266.0,2691.0,142.34590984245978,9582.192799999999,9724.53870984246,2004.0,47.0,21.0,228.0,144.0,30.0,27.0,0.0,72.0,3.0,135.0,18.0,0.0
237,32,3,1854.0,2125.0,454.0,0.0,311.0,2691.0,19.62337956298849,9604.437200000002,9624.06057956299,2004.0,47.0,21.0,228.0,144.0,30.0,27.0,0.0,72.0,3.0,135.0,18.0,0.0
237,33,3,1855.0,2121.0,480.0,0.0,283.0,2691.0,59.461765894016594,9501.966,9561.427765894017,2004.0,47.0,21.0,228.0,144.0,30.0,27.0,0.0,72.0,3.0,135.0,18.0,0.0
237,34,3,1911.0,2053.0,534.0,0.0,297.0,2691.0,19.783400677857387,10681.653999999995,10701.437400677853,2004.0,47.0,21.0,228.0,144.0,30.0,27.0,0.0,72.0,3.0,135.0,18.0,0.0
237,35,3,1844.0,2132.0,451.0,0.0,334.0,2691.0,57.34468890833098,10644.713600000003,10702.058288908333,2004.0,47.0,21.0,228.0,144.0,30.0,27.0,0.0,72.0,3.0,135.0,18.0,0.0
237,36,4,1848.0,2136.0,455.0,0.0,286.0,2691.0,98.45749762195084,9693.014000000003,9791.471497621955,2004.0,47.0,21.0,228.0,144.0,30.0,27.0,0.0,72.0,3.0,135.0,18.0,0.0
237,37,4,1847.0,2118.0,474.0,0.0,270.0,2691.0,100.23336134432874,10737.231599999994,10837.464961344323,2004.0,47.0,21.0,228.0,144.0,30.0,27.0,0.0,72.0,3.0,135.0,18.0,0.0
237,38,4,1867.0,2105.0,470.0,0.0,343.0,2691.0,58.66168398415606,10606.837999999998,10665.499683984155,2004.0,47.0,21.0,228.0,144.0,30.0,27.0,0.0,72.0,3.0,135.0,18.0,0.0
237,39,4,1834.0,2090.0,476.0,0.0,382.0,2691.0,141.86400709139903,11092.807999999995,11234.672007091394,2004.0,47.0,21.0,228.0,144.0,30.0,27.0,0.0,72.0,3.0,135.0,18.0,0.0
237,40,4,1826.0,2097.0,479.0,0.0,330.0,2691.0,99.48542145141869,11297.149199999996,11396.634621451414,2004.0,47.0,21.0,228.0,144.0,30.0,27.0,0.0,72.0,3.0,135.0,18.0,0.0
237,41,4,1824.0,2113.0,469.0,0.0,300.0,2691.0,102.7482888702975,10488.935999999998,10591.684288870296,2004.0,47.0,21.0,228.0,144.0,30.0,27.0,0.0,72.0,3.0,135.0,18.0,0.0
237,42,4,1865.0,2104.0,488.0,0.0,343.0,2691.0,19.01423174992462,11033.222399999999,11052.236631749924,2004.0,47.0,21.0,228.0,144.0,30.0,27.0,0.0,72.0,3.0,135.0,18.0,0.0
237,43,4,1867.0,2065.0,516.0,0.0,339.0,2691.0,100.48669442180547,10634.693599999995,10735.180294421802,2004.0,47.0,21.0,228.0,144.0,30.0,27.0,0.0,72.0,3.0,135.0,18.0,0.0
237,44,4,1885.0,2116.0,465.0,0.0,329.0,2691.0,98.95056128887317,10558.6752,10657.625761288873,2004.0,47.0,21.0,228.0,144.0,30.0,27.0,0.0,72.0,3.0,135.0,18.0,0.0
237,45,4,1838.0,2092.0,488.0,0.0,340.0,2691.0,101.03041432668773,10488.134399999999,10589.164814326688,2004.0,47.0,21.0,228.0,144.0,30.0,27.0,0.0,72.0,3.0,135.0,18.0,0.0
237,46,4,1776.0,2112.0,476.0,0.0,289.0,2691.0,99.31032952922456,9369.434800000003,9468.745129529227,2004.0,47.0,21.0,228.0,144.0,30.0,27.0,0.0,72.0,3.0,135.0,18.0,0.0
237,47,4,1854.0,2057.0,506.0,0.0,370.0,2691.0,19.247860352223704,10124.408399999997,10143.65626035222,2004.0,47.0,21.0,228.0,144.0,30.0,27.0,0.0,72.0,3.0,135.0,18.0,0.0
237,48,5,1844.0,2113.0,471.0,0.0,351.0,2691.0,100.61943749006193,10135.831199999997,10236.45063749006,2004.0,47.0,21.0,228.0,144.0,30.0,27.0,0.0,72.0,3.0,135.0,18.0,0.0
237,49,5,1896.0,2081.0,489.0,0.0,323.0,2691.0,58.864425787495136,9184.599199999997,9243.463625787492,2004.0,47.0,21.0,228.0,144.0,30.0,27.0,0.0,72.0,3.0,135.0,18.0,0.0
237,50,5,1872.0,2083.0,493.0,0.0,304.0,2691.0,58.83171992620768,11241.438,11300.269719926207,2004.0,47.0,21.0,228.0,144.0,30.0,27.0,0.0,72.0,3.0,135.0,18.0,0.0
237,51,5,1863.0,2119.0,465.0,0.0,323.0,2691.0,17.395393521088003,9939.038399999998,9956.433793521086,2004.0,47.0,21.0,228.0,144.0,30.0,27.0,0.0,72.0,3.0,135.0,18.0,0.0
237,52,5,1840.0,2087.0,491.0,0.0,319.0,2691.0,60.19468714231808,11079.247599999997,11139.442287142316,2004.0,47.0,21.0,228.0,144.0,30.0,27.0,0.0,72.0,3.0,135.0,18.0,0.0
237,53,5,1844.0,2123.0,467.0,0.0,320.0,2691.0,19.7490388862416,10397.6872,10417.436238886241,2004.0,47.0,21.0,228.0,144.0,30.0,27.0,0.0,72.0,3.0,135.0,18.0,0.0
237,54,5,1856.0,2101.0,468.0,0.0,315.0,2691.0,142.90871388097418,10698.8884,10841.797113880973,2004.0,47.0,21.0,228.0,144.0,30.0,27.0,0.0,72.0,3.0,135.0,18.0,0.0
237,55,5,1885.0,2108.0,486.0,0.0,312.0,2691.0,98.88596927189317,9629.153199999999,9728.039169271891,2004.0,47.0,21.0,228.0,144.0,30.0,27.0,0.0,72.0,3.0,135.0,18.0,0.0
237,56,5,1880.0,2062.0,498.0,0.0,356.0,2691.0,101.30447983410548,10169.565200000003,10270.869679834108,2004.0,47.0,21.0,228.0,144.0,30.0,27.0,0.0,72.0,3.0,135.0,18.0,0.0
237,57,5,1837.0,2097.0,477.0,0.0,294.0,2691.0,101.2549552923916,10649.656799999993,10750.911755292384,2004.0,47.0,21.0,228.0,144.0,30.0,27.0,0.0,72.0,3.0,135.0,18.0,0.0
237,58,5,1844.0,2125.0,458.0,0.0,343.0,2691.0,59.01092450950063,9499.0936,9558.104524509501,2004.0,47.0,21.0,228.0,144.0,30.0,27.0,0.0,72.0,3.0,135.0,18.0,0.0
237,59,5,1859.0,2089.0,494.0,0.0,290.0,2691.0,18.22600591202669,10694.947199999995,10713.173205912022,2004.0,47.0,21.0,228.0,144.0,30.0,27.0,0.0,72.0,3.0,135.0,18.0,0.0
237,60,6,1852.0,2089.0,484.0,0.0,317.0,2691.0,19.435391120309006,11294.009599999998,11313.444991120306,2004.0,47.0,21.0,228.0,144.0,30.0,27.0,0.0,72.0,3.0,135.0,18.0,0.0
237,61,6,1865.0,2100.0,485.0,0.0,320.0,2691.0,140.06825121379276,9144.385600000007,9284.453851213799,2004.0,47.0,21.0,228.0,144.0,30.0,27.0,0.0,72.0,3.0,135.0,18.0,0.0
237,62,6,1840.0,2051.0,508.0,0.0,354.0,2691.0,62.02318425545053,11126.9428,11188.96598425545,2004.0,47.0,21.0,228.0,144.0,30.0,27.0,0.0,72.0,3.0,135.0,18.0,0.0
237,63,6,1829.0,2130.0,465.0,0.0,351.0,2691.0,61.15700233631124,10936.963599999994,10998.120602336305,2004.0,47.0,21.0,228.0,144.0,30.0,27.0,0.0,72.0,3.0,135.0,18.0,0.0
237,64,6,1841.0,2127.0,460.0,0.0,364.0,2691.0,60.0801018872683,9456.7424,9516.822501887267,2004.0,47.0,21.0,228.0,144.0,30.0,27.0,0.0,72.0,3.0,135.0,18.0,0.0
237,65,6,1812.0,2128.0,448.0,0.0,303.0,2691.0,59.501140174320646,10258.676400000004,10318.177540174325,2004.0,47.0,21.0,228.0,144.0,30.0,27.0,0.0,72.0,3.0,135.0,18.0,0.0
237,66,6,1855.0,2071.0,515.0,0.0,351.0,2691.0,57.39272366977448,9475.580000000002,9532.972723669776,2004.0,47.0,21.0,228.0,144.0,30.0,27.0,0.0,72.0,3.0,135.0,18.0,0.0
237,67,6,1854.0,2092.0,498.0,0.0,329.0,2691.0,18.278243996699175,10101.228800000003,10119.507043996702,2004.0,47.0,21.0,228.0,144.0,30.0,27.0,0.0,72.0,3.0,135.0,18.0,0.0
237,68,6,1870.0,2086.0,490.0,0.0,329.0,2691.0,98.97896586701518,10377.5804,10476.559365867015,2004.0,47.0,21.0,228.0,144.0,30.0,27.0,0.0,72.0,3.0,135.0,18.0,0.0
237,69,6,1887.0,2100.0,481.0,0.0,284.0,2691.0,101.33791764032208,8750.8668,8852.204717640321,2004.0,47.0,21.0,228.0,144.0,30.0,27.0,0.0,72.0,3.0,135.0,18.0,0.0
237,70,6,1865.0,2082.0,482.0,0.0,348.0,2691.0,100.13788940299582,10295.282800000004,10395.420689403,2004.0,47.0,21.0,228.0,144.0,30.0,27.0,0.0,72.0,3.0,135.0,18.0,0.0
237,71,6,1843.0,2069.0,481.0,0.0,332.0,2691.0,100.50365427163786,9363.556400000001,9464.060054271638,2004.0,47.0,21.0,228.0,144.0,30.0,27.0,0.0,72.0,3.0,135.0,18.0,0.0
237,72,7,1840.0,2115.0,459.0,0.0,322.0,2691.0,61.22491578738169,10188.870399999998,10250.09531578738,2004.0,47.0,21.0,228.0,144.0,30.0,27.0,0.0,72.0,3.0,135.0,18.0,0.0
237,73,7,1894.0,2118.0,469.0,0.0,326.0,2691.0,100.51952351605945,12065.349199999991,12165.86872351605,2004.0,47.0,21.0,228.0,144.0,30.0,27.0,0.0,72.0,3.0,135.0,18.0,0.0
237,74,7,1862.0,2132.0,463.0,0.0,309.0,2691.0,59.74045223868089,10638.300799999997,10698.04125223868,2004.0,47.0,21.0,228.0,144.0,30.0,27.0,0.0,72.0,3.0,135.0,18.0,0.0
237,75,7,1843.0,2105.0,461.0,0.0,371.0,2691.0,101.31090361493928,10674.372799999997,10775.683703614937,2004.0,47.0,21.0,228.0,144.0,30.0,27.0,0.0,72.0,3.0,135.0,18.0,0.0
237,76,7,1834.0,2065.0,534.0,0.0,311.0,2691.0,61.2128135347658,9579.520800000002,9640.733613534769,2004.0,47.0,21.0,228.0,144.0,30.0,27.0,0.0,72.0,3.0,135.0,18.0,0.0
237,77,7,1832.0,2105.0,475.0,0.0,338.0,2691.0,59.337618104694236,11270.429199999995,11329.76681810469,2004.0,47.0,21.0,228.0,144.0,30.0,27.0,0.0,72.0,3.0,135.0,18.0,0.0
237,78,7,1847.0,2107.0,483.0,0.0,327.0,2691.0,19.487271651334016,10122.270799999995,10141.75807165133,2004.0,47.0,21.0,228.0,144.0,30.0,27.0,0.0,72.0,3.0,135.0,18.0,0.0
237,79,7,1796.0,2120.0,473.0,0.0,331.0,2691.0,18.75742703546948,9965.558,9984.31542703547,2004.0,47.0,21.0,228.0,144.0,30.0,27.0,0.0,72.0,3.0,135.0,18.0,0.0
237,80,7,1842.0,2128.0,459.0,0.0,347.0,2691.0,101.09835238432555,10904.9664,11006.064752384325,2004.0,47.0,21.0,228.0,144.0,30.0,27.0,0.0,72.0,3.0,135.0,18.0,0.0
237,81,7,1858.0,2106.0,487.0,0.0,350.0,2691.0,140.350142052192,10885.059999999998,11025.410142052191,2004.0,47.0,21.0,228.0,144.0,30.0,27.0,0.0,72.0,3.0,135.0,18.0,0.0
237,82,7,1793.0,2138.0,454.0,0.0,330.0,2691.0,59.17221186571989,10963.2828,11022.45501186572,2004.0,47.0,21.0,228.0,144.0,30.0,27.0,0.0,72.0,3.0,135.0,18.0,0.0
237,83,7,1848.0,2121.0,464.0,0.0,313.0,2691.0,18.436964300661828,9642.513200000005,9660.950164300666,2004.0,47.0,21.0,228.0,144.0,30.0,27.0,0.0,72.0,3.0,135.0,18.0,0.0
237,84,8,1828.0,2073.0,516.0,0.0,293.0,2691.0,20.16951850931381,10015.524399999995,10035.693918509309,2004.0,47.0,21.0,228.0,144.0,30.0,27.0,0.0,72.0,3.0,135.0,18.0,0.0
237,85,8,1820.0,2064.0,506.0,0.0,277.0,2691.0,101.32465611283519,10686.329999999994,10787.654656112829,2004.0,47.0,21.0,228.0,144.0,30.0,27.0,0.0,72.0,3.0,135.0,18.0,0.0
237,86,8,1843.0,2101.0,482.0,0.0,355.0,2691.0,19.430554196647506,9755.071199999995,9774.501754196643,2004.0,47.0,21.0,228.0,144.0,30.0,27.0,0.0,72.0,3.0,135.0,18.0,0.0
237,87,8,1855.0,2085.0,498.0,0.0,314.0,2691.0,99.04236148465773,9985.798399999996,10084.840761484655,2004.0,47.0,21.0,228.0,144.0,30.0,27.0,0.0,72.0,3.0,135.0,18.0,0.0
237,88,8,1867.0,2105.0,473.0,0.0,343.0,2691.0,19.93722373100437,10470.833200000001,10490.770423731006,2004.0,47.0,21.0,228.0,144.0,30.0,27.0,0.0,72.0,3.0,135.0,18.0,0.0
237,89,8,1845.0,2115.0,469.0,0.0,344.0,2691.0,18.673247260345065,10641.4404,10660.113647260345,2004.0,47.0,21.0,228.0,144.0,30.0,27.0,0.0,72.0,3.0,135.0,18.0,0.0
237,90,8,1794.0,2114.0,474.0,0.0,308.0,2691.0,99.96029844071035,11111.111199999998,11211.071498440708,2004.0,47.0,21.0,228.0,144.0,30.0,27.0,0.0,72.0,3.0,135.0,18.0,0.0
237,91,8,1856.0,2082.0,500.0,0.0,348.0,2691.0,17.473101950601734,10134.495199999996,10151.968301950597,2004.0,47.0,21.0,228.0,144.0,30.0,27.0,0.0,72.0,3.0,135.0,18.0,0.0
237,92,8,1848.0,2113.0,468.0,0.0,301.0,2691.0,18.479377360838846,9760.081199999997,9778.560577360835,2004.0,47.0,21.0,228.0,144.0,30.0,27.0,0.0,72.0,3.0,135.0,18.0,0.0
237,93,8,1824.0,2103.0,494.0,0.0,317.0,2691.0,21.194991727940113,11255.532799999992,11276.727791727932,2004.0,47.0,21.0,228.0,144.0,30.0,27.0,0.0,72.0,3.0,135.0,18.0,0.0
237,94,8,1870.0,2112.0,472.0,0.0,310.0,2691.0,60.71553756332335,11164.016799999994,11224.732337563315,2004.0,47.0,21.0,228.0,144.0,30.0,27.0,0.0,72.0,3.0,135.0,18.0,0.0
237,95,8,1846.0,2114.0,469.0,0.0,288.0,2691.0,19.518440505672615,10671.9012,10691.419640505674,2004.0,47.0,21.0,228.0,144.0,30.0,27.0,0.0,72.0,3.0,135.0,18.0,0.0
237,96,9,1859.0,2105.0,490.0,0.0,317.0,2691.0,19.097481944791944,9663.688799999996,9682.786281944787,2004.0,47.0,21.0,228.0,144.0,30.0,27.0,0.0,72.0,3.0,135.0,18.0,0.0
237,97,9,1877.0,2102.0,478.0,0.0,328.0,2691.0,141.77964577504775,10189.338000000003,10331.11764577505,2004.0,47.0,21.0,228.0,144.0,30.0,27.0,0.0,72.0,3.0,135.0,18.0,0.0
237,98,9,1889.0,2069.0,518.0,0.0,303.0,2691.0,141.26894058147562,10959.608799999996,11100.877740581473,2004.0,47.0,21.0,228.0,144.0,30.0,27.0,0.0,72.0,3.0,135.0,18.0,0.0
237,99,9,1892.0,2073.0,500.0,0.0,317.0,2691.0,57.7277624782715,10398.288399999998,10456.016162478269,2004.0,47.0,21.0,228.0,144.0,30.0,27.0,0.0,72.0,3.0,135.0,18.0,0.0
237,100,9,1853.0,2111.0,485.0,0.0,329.0,2691.0,58.53384376471194,9450.196,9508.729843764711,2004.0,47.0,21.0,228.0,144.0,30.0,27.0,0.0,72.0,3.0,135.0,18.0,0.0
237,101,9,1875.0,2151.0,455.0,0.0,284.0,2691.0,99.20092684381109,10880.384000000002,10979.584926843812,2004.0,47.0,21.0,228.0,144.0,30.0,27.0,0.0,72.0,3.0,135.0,18.0,0.0
237,102,9,1885.0,2109.0,470.0,0.0,313.0,2691.0,60.405844311968096,9521.338,9581.743844311968,2004.0,47.0,21.0,228.0,144.0,30.0,27.0,0.0,72.0,3.0,135.0,18.0,0.0
237,103,9,1885.0,2099.0,477.0,0.0,342.0,2691.0,100.03951663555424,10448.521999999992,10548.561516635546,2004.0,47.0,21.0,228.0,144.0,30.0,27.0,0.0,72.0,3.0,135.0,18.0,0.0
237,104,9,1872.0,2069.0,506.0,0.0,319.0,2691.0,60.35017714000114,9675.178400000006,9735.528577140007,2004.0,47.0,21.0,228.0,144.0,30.0,27.0,0.0,72.0,3.0,135.0,18.0,0.0
237,105,9,1805.0,2093.0,467.0,0.0,328.0,2691.0,141.94624429194815,11394.743999999993,11536.690244291942,2004.0,47.0,21.0,228.0,144.0,30.0,27.0,0.0,72.0,3.0,135.0,18.0,0.0
237,106,9,1841.0,2083.0,494.0,0.0,340.0,2691.0,58.9772953658028,10151.1284,10210.105695365803,2004.0,47.0,21.0,228.0,144.0,30.0,27.0,0.0,72.0,3.0,135.0,18.0,0.0
237,107,9,1860.0,2065.0,496.0,0.0,316.0,2691.0,58.17918920886369,10303.031599999998,10361.21078920886,2004.0,47.0,21.0,228.0,144.0,30.0,27.0,0.0,72.0,3.0,135.0,18.0,0.0
237,108,10,1883.0,2133.0,442.0,0.0,314.0,2691.0,179.7737663349472,9731.223599999996,9910.997366334943,2004.0,47.0,21.0,228.0,144.0,30.0,27.0,0.0,72.0,3.0,135.0,18.0,0.0
237,109,10,1828.0,2107.0,489.0,0.0,330.0,2691.0,60.07089107583865,10018.998000000001,10079.06889107584,2004.0,47.0,21.0,228.0,144.0,30.0,27.0,0.0,72.0,3.0,135.0,18.0,0.0
237,110,10,1879.0,2086.0,473.0,0.0,355.0,2691.0,60.08683772982844,11734.28839999999,11794.375237729819,2004.0,47.0,21.0,228.0,144.0,30.0,27.0,0.0,72.0,3.0,135.0,18.0,0.0
237,111,10,1860.0,2109.0,477.0,0.0,332.0,2691.0,17.239604489648443,9981.456399999997,9998.696004489646,2004.0,47.0,21.0,228.0,144.0,30.0,27.0,0.0,72.0,3.0,135.0,18.0,0.0
237,112,10,1848.0,2105.0,471.0,0.0,333.0,2691.0,60.8832676517256,9136.970800000003,9197.854067651726,2004.0,47.0,21.0,228.0,144.0,30.0,27.0,0.0,72.0,3.0,135.0,18.0,0.0
237,113,10,1854.0,2091.0,491.0,0.0,339.0,2691.0,19.139261700878635,10950.724399999992,10969.86366170087,2004.0,47.0,21.0,228.0,144.0,30.0,27.0,0.0,72.0,3.0,135.0,18.0,0.0
237,114,10,1869.0,2126.0,458.0,0.0,352.0,2691.0,59.31349485914612,10609.309599999993,10668.62309485914,2004.0,47.0,21.0,228.0,144.0,30.0,27.0,0.0,72.0,3.0,135.0,18.0,0.0
237,115,10,1911.0,2105.0,472.0,0.0,321.0,2691.0,18.830826003875902,9798.090400000003,9816.921226003878,2004.0,47.0,21.0,228.0,144.0,30.0,27.0,0.0,72.0,3.0,135.0,18.0,0.0
237,116,10,1879.0,2110.0,477.0,0.0,341.0,2691.0,101.10114895328043,10108.109199999995,10209.210348953275,2004.0,47.0,21.0,228.0,144.0,30.0,27.0,0.0,72.0,3.0,135.0,18.0,0.0
237,117,10,1803.0,2133.0,455.0,0.0,326.0,2691.0,60.58945608305532,10309.043599999997,10369.633056083054,2004.0,47.0,21.0,228.0,144.0,30.0,27.0,0.0,72.0,3.0,135.0,18.0,0.0
237,118,10,1819.0,2110.0,479.0,0.0,362.0,2691.0,19.94071480944025,9735.2316,9755.172314809439,2004.0,47.0,21.0,228.0,144.0,30.0,27.0,0.0,72.0,3.0,135.0,18.0,0.0
237,119,10,1860.0,2103.0,482.0,0.0,314.0,2691.0,141.8480641731528,9420.002400000003,9561.850464173156,2004.0,47.0,21.0,228.0,144.0,30.0,27.0,0.0,72.0,3.0,135.0,18.0,0.0
238,0,1,1837.0,2147.0,447.0,0.0,314.0,2691.0,56.678810687393735,9757.9436,9814.622410687394,2004.0,47.0,21.0,228.0,144.0,30.0,27.0,0.0,72.0,3.0,135.0,18.0,0.0
238,1,1,1850.0,2127.0,467.0,0.0,335.0,2691.0,57.411034324131876,10267.026399999999,10324.43743432413,2004.0,47.0,21.0,228.0,144.0,30.0,27.0,0.0,72.0,3.0,135.0,18.0,0.0
238,2,1,1836.0,2094.0,493.0,0.0,352.0,2691.0,16.80685463922601,9648.057600000006,9664.864454639232,2004.0,47.0,21.0,228.0,144.0,30.0,27.0,0.0,72.0,3.0,135.0,18.0,0.0
238,3,1,1835.0,2126.0,469.0,0.0,319.0,2691.0,17.97510027358376,9787.602800000002,9805.577900273587,2004.0,47.0,21.0,228.0,144.0,30.0,27.0,0.0,72.0,3.0,135.0,18.0,0.0
238,4,1,1857.0,2092.0,490.0,0.0,339.0,2691.0,96.24446244082101,8579.992400000001,8676.236862440823,2004.0,47.0,21.0,228.0,144.0,30.0,27.0,0.0,72.0,3.0,135.0,18.0,0.0
238,5,1,1866.0,2058.0,528.0,0.0,294.0,2691.0,56.884027013595784,10540.639199999998,10597.523227013593,2004.0,47.0,21.0,228.0,144.0,30.0,27.0,0.0,72.0,3.0,135.0,18.0,0.0
238,6,1,1841.0,2126.0,465.0,0.0,307.0,2691.0,57.2968715477641,9230.8248,9288.121671547764,2004.0,47.0,21.0,228.0,144.0,30.0,27.0,0.0,72.0,3.0,135.0,18.0,0.0
238,7,1,1828.0,2131.0,450.0,0.0,300.0,2691.0,136.87705333093882,9646.988800000003,9783.865853330939,2004.0,47.0,21.0,228.0,144.0,30.0,27.0,0.0,72.0,3.0,135.0,18.0,0.0
238,8,1,1883.0,2120.0,473.0,0.0,317.0,2691.0,56.34285992920968,9293.950799999995,9350.293659929204,2004.0,47.0,21.0,228.0,144.0,30.0,27.0,0.0,72.0,3.0,135.0,18.0,0.0
238,9,1,1923.0,2101.0,474.0,0.0,326.0,2691.0,58.427606820140454,10301.562000000005,10359.989606820145,2004.0,47.0,21.0,228.0,144.0,30.0,27.0,0.0,72.0,3.0,135.0,18.0,0.0
238,10,1,1842.0,2077.0,500.0,0.0,338.0,2691.0,18.022522847679834,9115.928800000002,9133.95132284768,2004.0,47.0,21.0,228.0,144.0,30.0,27.0,0.0,72.0,3.0,135.0,18.0,0.0
238,11,1,1874.0,2064.0,519.0,0.0,326.0,2691.0,16.063108746897704,9306.776399999997,9322.839508746894,2004.0,47.0,21.0,228.0,144.0,30.0,27.0,0.0,72.0,3.0,135.0,18.0,0.0
238,12,2,1859.0,2098.0,486.0,0.0,330.0,2691.0,99.46572612960192,9804.436400000006,9903.902126129607,2004.0,47.0,21.0,228.0,144.0,30.0,27.0,0.0,72.0,3.0,135.0,18.0,0.0
238,13,2,1845.0,2103.0,476.0,0.0,314.0,2691.0,138.9778563923203,8956.4104,9095.388256392322,2004.0,47.0,21.0,228.0,144.0,30.0,27.0,0.0,72.0,3.0,135.0,18.0,0.0
238,14,2,1905.0,2113.0,474.0,0.0,352.0,2691.0,16.20441415969568,9740.241599999996,9756.446014159692,2004.0,47.0,21.0,228.0,144.0,30.0,27.0,0.0,72.0,3.0,135.0,18.0,0.0
238,15,2,1846.0,2085.0,490.0,0.0,373.0,2691.0,59.184602492138964,9340.911200000002,9400.095802492142,2004.0,47.0,21.0,228.0,144.0,30.0,27.0,0.0,72.0,3.0,135.0,18.0,0.0
238,16,2,1848.0,2095.0,481.0,0.0,292.0,2691.0,98.5211274983491,9832.358800000002,9930.879927498352,2004.0,47.0,21.0,228.0,144.0,30.0,27.0,0.0,72.0,3.0,135.0,18.0,0.0
238,17,2,1860.0,2102.0,478.0,0.0,316.0,2691.0,16.258219013487953,11609.973599999994,11626.231819013483,2004.0,47.0,21.0,228.0,144.0,30.0,27.0,0.0,72.0,3.0,135.0,18.0,0.0
238,18,2,1865.0,2115.0,469.0,0.0,314.0,2691.0,137.40306048655634,10044.649200000002,10182.052260486558,2004.0,47.0,21.0,228.0,144.0,30.0,27.0,0.0,72.0,3.0,135.0,18.0,0.0
238,19,2,1885.0,2097.0,478.0,0.0,344.0,2691.0,56.476328754431215,8415.731200000004,8472.207528754436,2004.0,47.0,21.0,228.0,144.0,30.0,27.0,0.0,72.0,3.0,135.0,18.0,0.0
238,20,2,1839.0,2098.0,482.0,0.0,338.0,2691.0,57.913255667025304,8557.3472,8615.260455667027,2004.0,47.0,21.0,228.0,144.0,30.0,27.0,0.0,72.0,3.0,135.0,18.0,0.0
238,21,2,1852.0,2111.0,474.0,0.0,354.0,2691.0,16.79021600524705,8892.415999999997,8909.206216005243,2004.0,47.0,21.0,228.0,144.0,30.0,27.0,0.0,72.0,3.0,135.0,18.0,0.0
238,22,2,1856.0,2097.0,478.0,0.0,347.0,2691.0,97.76090644137548,10006.5064,10104.267306441376,2004.0,47.0,21.0,228.0,144.0,30.0,27.0,0.0,72.0,3.0,135.0,18.0,0.0
238,23,2,1830.0,2123.0,457.0,0.0,323.0,2691.0,54.31063794684077,8608.4492,8662.75983794684,2004.0,47.0,21.0,228.0,144.0,30.0,27.0,0.0,72.0,3.0,135.0,18.0,0.0
238,24,3,1840.0,2110.0,483.0,0.0,348.0,2691.0,58.06665667939491,10604.633600000001,10662.700256679396,2004.0,47.0,21.0,228.0,144.0,30.0,27.0,0.0,72.0,3.0,135.0,18.0,0.0
238,25,3,1854.0,2078.0,488.0,0.0,336.0,2691.0,178.7500344067738,9129.956800000002,9308.706834406776,2004.0,47.0,21.0,228.0,144.0,30.0,27.0,0.0,72.0,3.0,135.0,18.0,0.0
238,26,3,1843.0,2104.0,488.0,0.0,331.0,2691.0,15.476612665732208,8616.131200000003,8631.607812665736,2004.0,47.0,21.0,228.0,144.0,30.0,27.0,0.0,72.0,3.0,135.0,18.0,0.0
238,27,3,1852.0,2117.0,473.0,0.0,357.0,2691.0,98.73089500684024,8733.031199999998,8831.762095006838,2004.0,47.0,21.0,228.0,144.0,30.0,27.0,0.0,72.0,3.0,135.0,18.0,0.0
238,28,3,1887.0,2087.0,492.0,0.0,367.0,2691.0,15.577522303863047,9181.7268,9197.304322303862,2004.0,47.0,21.0,228.0,144.0,30.0,27.0,0.0,72.0,3.0,135.0,18.0,0.0
238,29,3,1853.0,2071.0,512.0,0.0,350.0,2691.0,57.755947067811576,10038.703999999996,10096.459947067808,2004.0,47.0,21.0,228.0,144.0,30.0,27.0,0.0,72.0,3.0,135.0,18.0,0.0
238,30,3,1865.0,2112.0,476.0,0.0,265.0,2691.0,99.74011842436173,8821.474400000001,8921.214518424362,2004.0,47.0,21.0,228.0,144.0,30.0,27.0,0.0,72.0,3.0,135.0,18.0,0.0
238,31,3,1854.0,2121.0,457.0,0.0,316.0,2691.0,57.70891371234824,8355.076800000006,8412.785713712354,2004.0,47.0,21.0,228.0,144.0,30.0,27.0,0.0,72.0,3.0,135.0,18.0,0.0
238,32,3,1855.0,2125.0,475.0,0.0,294.0,2691.0,98.06839706889555,8542.384000000002,8640.452397068897,2004.0,47.0,21.0,228.0,144.0,30.0,27.0,0.0,72.0,3.0,135.0,18.0,0.0
238,33,3,1911.0,2060.0,527.0,0.0,298.0,2691.0,58.63564064279242,9896.553599999997,9955.18924064279,2004.0,47.0,21.0,228.0,144.0,30.0,27.0,0.0,72.0,3.0,135.0,18.0,0.0
238,34,3,1844.0,2131.0,452.0,0.0,335.0,2691.0,15.462233517104274,9952.665600000002,9968.127833517106,2004.0,47.0,21.0,228.0,144.0,30.0,27.0,0.0,72.0,3.0,135.0,18.0,0.0
238,35,3,1848.0,2136.0,455.0,0.0,298.0,2691.0,97.32154301592979,8823.545200000008,8920.866743015938,2004.0,47.0,21.0,228.0,144.0,30.0,27.0,0.0,72.0,3.0,135.0,18.0,0.0
238,36,4,1847.0,2114.0,478.0,0.0,269.0,2691.0,98.21435979710523,10319.998799999996,10418.213159797102,2004.0,47.0,21.0,228.0,144.0,30.0,27.0,0.0,72.0,3.0,135.0,18.0,0.0
238,37,4,1867.0,2102.0,471.0,0.0,349.0,2691.0,56.60749566694997,9955.0704,10011.677895666951,2004.0,47.0,21.0,228.0,144.0,30.0,27.0,0.0,72.0,3.0,135.0,18.0,0.0
238,38,4,1834.0,2086.0,480.0,0.0,373.0,2691.0,139.77017250131883,10418.328399999999,10558.098572501316,2004.0,47.0,21.0,228.0,144.0,30.0,27.0,0.0,72.0,3.0,135.0,18.0,0.0
238,39,4,1826.0,2096.0,480.0,0.0,344.0,2691.0,137.99779396198818,10589.937599999997,10727.935393961987,2004.0,47.0,21.0,228.0,144.0,30.0,27.0,0.0,72.0,3.0,135.0,18.0,0.0
238,40,4,1824.0,2116.0,466.0,0.0,309.0,2691.0,141.1489800068827,10383.391999999998,10524.540980006881,2004.0,47.0,21.0,228.0,144.0,30.0,27.0,0.0,72.0,3.0,135.0,18.0,0.0
238,41,4,1865.0,2098.0,494.0,0.0,353.0,2691.0,18.02214516507916,10192.0768,10210.09894516508,2004.0,47.0,21.0,228.0,144.0,30.0,27.0,0.0,72.0,3.0,135.0,18.0,0.0
238,42,4,1867.0,2065.0,516.0,0.0,349.0,2691.0,139.94704654210864,10101.362399999996,10241.309446542105,2004.0,47.0,21.0,228.0,144.0,30.0,27.0,0.0,72.0,3.0,135.0,18.0,0.0
238,43,4,1885.0,2122.0,460.0,0.0,319.0,2691.0,97.68771582863879,9763.822,9861.509715828639,2004.0,47.0,21.0,228.0,144.0,30.0,27.0,0.0,72.0,3.0,135.0,18.0,0.0
238,44,4,1838.0,2099.0,481.0,0.0,327.0,2691.0,139.01878421337474,9952.4652,10091.483984213375,2004.0,47.0,21.0,228.0,144.0,30.0,27.0,0.0,72.0,3.0,135.0,18.0,0.0
238,45,4,1776.0,2114.0,474.0,0.0,294.0,2691.0,16.32341137216305,8931.16,8947.48341137216,2004.0,47.0,21.0,228.0,144.0,30.0,27.0,0.0,72.0,3.0,135.0,18.0,0.0
238,46,4,1854.0,2057.0,506.0,0.0,367.0,2691.0,98.09045861861003,9316.996799999997,9415.087258618607,2004.0,47.0,21.0,228.0,144.0,30.0,27.0,0.0,72.0,3.0,135.0,18.0,0.0
238,47,4,1844.0,2118.0,466.0,0.0,364.0,2691.0,18.771173719285375,9810.7156,9829.486773719285,2004.0,47.0,21.0,228.0,144.0,30.0,27.0,0.0,72.0,3.0,135.0,18.0,0.0
238,48,5,1896.0,2083.0,488.0,0.0,326.0,2691.0,55.40729760481137,8632.163199999999,8687.570497604811,2004.0,47.0,21.0,228.0,144.0,30.0,27.0,0.0,72.0,3.0,135.0,18.0,0.0
238,49,5,1872.0,2078.0,499.0,0.0,308.0,2691.0,55.2633520253718,10039.572400000001,10094.835752025374,2004.0,47.0,21.0,228.0,144.0,30.0,27.0,0.0,72.0,3.0,135.0,18.0,0.0
238,50,5,1863.0,2122.0,461.0,0.0,329.0,2691.0,14.666252514438145,9290.21,9304.876252514438,2004.0,47.0,21.0,228.0,144.0,30.0,27.0,0.0,72.0,3.0,135.0,18.0,0.0
238,51,5,1840.0,2092.0,486.0,0.0,326.0,2691.0,56.96013165992734,10122.0704,10179.030531659926,2004.0,47.0,21.0,228.0,144.0,30.0,27.0,0.0,72.0,3.0,135.0,18.0,0.0
238,52,5,1844.0,2124.0,466.0,0.0,328.0,2691.0,17.57802304994054,9087.004400000003,9104.582423049946,2004.0,47.0,21.0,228.0,144.0,30.0,27.0,0.0,72.0,3.0,135.0,18.0,0.0
238,53,5,1856.0,2102.0,468.0,0.0,325.0,2691.0,139.62025568378382,10022.538400000001,10162.158655683786,2004.0,47.0,21.0,228.0,144.0,30.0,27.0,0.0,72.0,3.0,135.0,18.0,0.0
238,54,5,1885.0,2106.0,487.0,0.0,313.0,2691.0,97.20391847279637,9154.806400000001,9252.010318472798,2004.0,47.0,21.0,228.0,144.0,30.0,27.0,0.0,72.0,3.0,135.0,18.0,0.0
238,55,5,1880.0,2063.0,497.0,0.0,358.0,2691.0,58.04109140324138,9095.554800000004,9153.595891403245,2004.0,47.0,21.0,228.0,144.0,30.0,27.0,0.0,72.0,3.0,135.0,18.0,0.0
238,56,5,1837.0,2098.0,476.0,0.0,310.0,2691.0,58.31589230338788,9681.657999999998,9739.973892303386,2004.0,47.0,21.0,228.0,144.0,30.0,27.0,0.0,72.0,3.0,135.0,18.0,0.0
238,57,5,1844.0,2126.0,458.0,0.0,355.0,2691.0,56.82711124756098,9090.210800000003,9147.037911247562,2004.0,47.0,21.0,228.0,144.0,30.0,27.0,0.0,72.0,3.0,135.0,18.0,0.0
238,58,5,1859.0,2090.0,494.0,0.0,299.0,2691.0,16.518004130837895,9875.511599999998,9892.029604130834,2004.0,47.0,21.0,228.0,144.0,30.0,27.0,0.0,72.0,3.0,135.0,18.0,0.0
238,59,5,1852.0,2082.0,490.0,0.0,321.0,2691.0,17.490836507383094,9904.502799999998,9921.993636507383,2004.0,47.0,21.0,228.0,144.0,30.0,27.0,0.0,72.0,3.0,135.0,18.0,0.0
238,60,6,1865.0,2100.0,485.0,0.0,323.0,2691.0,97.48790864355307,8841.314000000006,8938.80190864356,2004.0,47.0,21.0,228.0,144.0,30.0,27.0,0.0,72.0,3.0,135.0,18.0,0.0
238,61,6,1840.0,2055.0,504.0,0.0,359.0,2691.0,98.89146849611568,9681.457600000002,9780.349068496118,2004.0,47.0,21.0,228.0,144.0,30.0,27.0,0.0,72.0,3.0,135.0,18.0,0.0
238,62,6,1829.0,2121.0,474.0,0.0,368.0,2691.0,98.81907725970345,9129.556,9228.375077259705,2004.0,47.0,21.0,228.0,144.0,30.0,27.0,0.0,72.0,3.0,135.0,18.0,0.0
238,63,6,1841.0,2126.0,461.0,0.0,356.0,2691.0,57.91825382579488,8707.513600000002,8765.431853825798,2004.0,47.0,21.0,228.0,144.0,30.0,27.0,0.0,72.0,3.0,135.0,18.0,0.0
238,64,6,1812.0,2130.0,446.0,0.0,307.0,2691.0,57.122618766840375,9396.555600000003,9453.678218766843,2004.0,47.0,21.0,228.0,144.0,30.0,27.0,0.0,72.0,3.0,135.0,18.0,0.0
238,65,6,1855.0,2072.0,514.0,0.0,348.0,2691.0,54.7765466253233,8951.9348,9006.711346625325,2004.0,47.0,21.0,228.0,144.0,30.0,27.0,0.0,72.0,3.0,135.0,18.0,0.0
238,66,6,1854.0,2091.0,499.0,0.0,340.0,2691.0,16.107906535584096,9316.662800000007,9332.770706535592,2004.0,47.0,21.0,228.0,144.0,30.0,27.0,0.0,72.0,3.0,135.0,18.0,0.0
238,67,6,1870.0,2083.0,493.0,0.0,323.0,2691.0,137.76383536545495,9708.3112,9846.075035365455,2004.0,47.0,21.0,228.0,144.0,30.0,27.0,0.0,72.0,3.0,135.0,18.0,0.0
238,68,6,1887.0,2100.0,481.0,0.0,287.0,2691.0,138.54625821942534,7587.478000000003,7726.024258219428,2004.0,47.0,21.0,228.0,144.0,30.0,27.0,0.0,72.0,3.0,135.0,18.0,0.0
238,69,6,1865.0,2089.0,475.0,0.0,346.0,2691.0,139.17545381674438,9771.103200000005,9910.27865381675,2004.0,47.0,21.0,228.0,144.0,30.0,27.0,0.0,72.0,3.0,135.0,18.0,0.0
238,70,6,1843.0,2066.0,484.0,0.0,337.0,2691.0,98.44478147074908,8366.766800000001,8465.21158147075,2004.0,47.0,21.0,228.0,144.0,30.0,27.0,0.0,72.0,3.0,135.0,18.0,0.0
238,71,6,1840.0,2108.0,466.0,0.0,330.0,2691.0,99.9573916364937,8970.7056,9070.662991636493,2004.0,47.0,21.0,228.0,144.0,30.0,27.0,0.0,72.0,3.0,135.0,18.0,0.0
238,72,7,1894.0,2111.0,476.0,0.0,321.0,2691.0,98.26990602340395,11253.061199999993,11351.331106023397,2004.0,47.0,21.0,228.0,144.0,30.0,27.0,0.0,72.0,3.0,135.0,18.0,0.0
238,73,7,1862.0,2128.0,467.0,0.0,316.0,2691.0,98.39554753228356,10197.487599999999,10295.88314753228,2004.0,47.0,21.0,228.0,144.0,30.0,27.0,0.0,72.0,3.0,135.0,18.0,0.0
238,74,7,1843.0,2105.0,460.0,0.0,359.0,2691.0,99.09761977327405,9706.9752,9806.072819773275,2004.0,47.0,21.0,228.0,144.0,30.0,27.0,0.0,72.0,3.0,135.0,18.0,0.0
238,75,7,1834.0,2063.0,535.0,0.0,319.0,2691.0,18.932159904640805,8895.288400000001,8914.220559904643,2004.0,47.0,21.0,228.0,144.0,30.0,27.0,0.0,72.0,3.0,135.0,18.0,0.0
238,76,7,1832.0,2111.0,469.0,0.0,346.0,2691.0,58.08343076742177,10246.451999999997,10304.535430767419,2004.0,47.0,21.0,228.0,144.0,30.0,27.0,0.0,72.0,3.0,135.0,18.0,0.0
238,77,7,1847.0,2109.0,481.0,0.0,339.0,2691.0,17.359923648854632,9413.389199999996,9430.74912364885,2004.0,47.0,21.0,228.0,144.0,30.0,27.0,0.0,72.0,3.0,135.0,18.0,0.0
238,78,7,1796.0,2121.0,471.0,0.0,342.0,2691.0,16.540624913841825,9204.906400000003,9221.447024913847,2004.0,47.0,21.0,228.0,144.0,30.0,27.0,0.0,72.0,3.0,135.0,18.0,0.0
238,79,7,1842.0,2132.0,455.0,0.0,360.0,2691.0,59.33078881763535,10506.838400000002,10566.169188817637,2004.0,47.0,21.0,228.0,144.0,30.0,27.0,0.0,72.0,3.0,135.0,18.0,0.0
238,80,7,1858.0,2102.0,491.0,0.0,354.0,2691.0,179.07821862498105,9699.426800000001,9878.505018624981,2004.0,47.0,21.0,228.0,144.0,30.0,27.0,0.0,72.0,3.0,135.0,18.0,0.0
238,81,7,1793.0,2136.0,456.0,0.0,333.0,2691.0,57.15812873163501,10111.716400000005,10168.87452873164,2004.0,47.0,21.0,228.0,144.0,30.0,27.0,0.0,72.0,3.0,135.0,18.0,0.0
238,82,7,1848.0,2115.0,469.0,0.0,319.0,2691.0,16.239034904947946,9062.288400000005,9078.527434904952,2004.0,47.0,21.0,228.0,144.0,30.0,27.0,0.0,72.0,3.0,135.0,18.0,0.0
238,83,7,1828.0,2076.0,514.0,0.0,302.0,2691.0,17.187561549413765,8951.400399999997,8968.587961549412,2004.0,47.0,21.0,228.0,144.0,30.0,27.0,0.0,72.0,3.0,135.0,18.0,0.0
238,84,8,1820.0,2077.0,493.0,0.0,282.0,2691.0,98.26249910162763,10122.671599999998,10220.934099101625,2004.0,47.0,21.0,228.0,144.0,30.0,27.0,0.0,72.0,3.0,135.0,18.0,0.0
238,85,8,1843.0,2096.0,488.0,0.0,352.0,2691.0,16.74601133423241,8808.581999999997,8825.32801133423,2004.0,47.0,21.0,228.0,144.0,30.0,27.0,0.0,72.0,3.0,135.0,18.0,0.0
238,86,8,1855.0,2081.0,502.0,0.0,325.0,2691.0,96.03625295653606,9715.258399999999,9811.294652956534,2004.0,47.0,21.0,228.0,144.0,30.0,27.0,0.0,72.0,3.0,135.0,18.0,0.0
238,87,8,1867.0,2098.0,480.0,0.0,354.0,2691.0,17.59405534626147,9500.362800000004,9517.956855346267,2004.0,47.0,21.0,228.0,144.0,30.0,27.0,0.0,72.0,3.0,135.0,18.0,0.0
238,88,8,1845.0,2120.0,464.0,0.0,339.0,2691.0,97.74592783572763,9250.9984,9348.744327835728,2004.0,47.0,21.0,228.0,144.0,30.0,27.0,0.0,72.0,3.0,135.0,18.0,0.0
238,89,8,1794.0,2116.0,472.0,0.0,323.0,2691.0,139.90099510085398,10209.712,10349.612995100855,2004.0,47.0,21.0,228.0,144.0,30.0,27.0,0.0,72.0,3.0,135.0,18.0,0.0
238,90,8,1856.0,2081.0,501.0,0.0,354.0,2691.0,16.237043264431925,9147.191200000001,9163.428243264432,2004.0,47.0,21.0,228.0,144.0,30.0,27.0,0.0,72.0,3.0,135.0,18.0,0.0
238,91,8,1848.0,2118.0,463.0,0.0,313.0,2691.0,16.697649390718635,9010.852400000002,9027.55004939072,2004.0,47.0,21.0,228.0,144.0,30.0,27.0,0.0,72.0,3.0,135.0,18.0,0.0
238,92,8,1824.0,2106.0,490.0,0.0,331.0,2691.0,18.153189310767026,10595.949599999993,10614.10278931076,2004.0,47.0,21.0,228.0,144.0,30.0,27.0,0.0,72.0,3.0,135.0,18.0,0.0
238,93,8,1870.0,2120.0,464.0,0.0,319.0,2691.0,58.651038615334926,10581.45399999999,10640.105038615327,2004.0,47.0,21.0,228.0,144.0,30.0,27.0,0.0,72.0,3.0,135.0,18.0,0.0
238,94,8,1846.0,2115.0,467.0,0.0,300.0,2691.0,17.229086832615987,9573.442000000003,9590.671086832619,2004.0,47.0,21.0,228.0,144.0,30.0,27.0,0.0,72.0,3.0,135.0,18.0,0.0
238,95,8,1859.0,2103.0,492.0,0.0,323.0,2691.0,15.981121080799149,8677.653999999997,8693.635121080797,2004.0,47.0,21.0,228.0,144.0,30.0,27.0,0.0,72.0,3.0,135.0,18.0,0.0
238,96,9,1877.0,2101.0,478.0,0.0,339.0,2691.0,139.82297341555267,9180.524400000004,9320.347373415558,2004.0,47.0,21.0,228.0,144.0,30.0,27.0,0.0,72.0,3.0,135.0,18.0,0.0
238,97,9,1889.0,2071.0,515.0,0.0,307.0,2691.0,138.659282975212,10193.412799999998,10332.07208297521,2004.0,47.0,21.0,228.0,144.0,30.0,27.0,0.0,72.0,3.0,135.0,18.0,0.0
238,98,9,1892.0,2070.0,503.0,0.0,330.0,2691.0,16.209327349619965,9198.1596,9214.36892734962,2004.0,47.0,21.0,228.0,144.0,30.0,27.0,0.0,72.0,3.0,135.0,18.0,0.0
238,99,9,1853.0,2114.0,482.0,0.0,324.0,2691.0,96.38694724862418,8951.2,9047.586947248625,2004.0,47.0,21.0,228.0,144.0,30.0,27.0,0.0,72.0,3.0,135.0,18.0,0.0
238,100,9,1875.0,2148.0,458.0,0.0,299.0,2691.0,97.88710573246489,10260.346400000002,10358.233505732467,2004.0,47.0,21.0,228.0,144.0,30.0,27.0,0.0,72.0,3.0,135.0,18.0,0.0
238,101,9,1885.0,2112.0,466.0,0.0,328.0,2691.0,58.68416934167422,9027.0848,9085.768969341676,2004.0,47.0,21.0,228.0,144.0,30.0,27.0,0.0,72.0,3.0,135.0,18.0,0.0
238,102,9,1885.0,2102.0,474.0,0.0,343.0,2691.0,58.14513409084045,10122.13719999999,10180.282334090833,2004.0,47.0,21.0,228.0,144.0,30.0,27.0,0.0,72.0,3.0,135.0,18.0,0.0
238,103,9,1872.0,2071.0,504.0,0.0,327.0,2691.0,15.789718904214709,9000.632000000005,9016.42171890422,2004.0,47.0,21.0,228.0,144.0,30.0,27.0,0.0,72.0,3.0,135.0,18.0,0.0
238,104,9,1805.0,2084.0,476.0,0.0,336.0,2691.0,139.2856801723796,10455.602799999993,10594.88848017237,2004.0,47.0,21.0,228.0,144.0,30.0,27.0,0.0,72.0,3.0,135.0,18.0,0.0
238,105,9,1841.0,2079.0,497.0,0.0,340.0,2691.0,98.44969768260889,9439.173999999999,9537.623697682608,2004.0,47.0,21.0,228.0,144.0,30.0,27.0,0.0,72.0,3.0,135.0,18.0,0.0
238,106,9,1860.0,2068.0,493.0,0.0,328.0,2691.0,137.26524664812084,9733.761999999999,9871.02724664812,2004.0,47.0,21.0,228.0,144.0,30.0,27.0,0.0,72.0,3.0,135.0,18.0,0.0
238,107,9,1883.0,2132.0,443.0,0.0,316.0,2691.0,96.12591918684713,8961.553999999996,9057.679919186841,2004.0,47.0,21.0,228.0,144.0,30.0,27.0,0.0,72.0,3.0,135.0,18.0,0.0
238,108,10,1828.0,2110.0,486.0,0.0,326.0,2691.0,96.84179614278956,8764.2268,8861.06859614279,2004.0,47.0,21.0,228.0,144.0,30.0,27.0,0.0,72.0,3.0,135.0,18.0,0.0
238,109,10,1879.0,2100.0,460.0,0.0,375.0,2691.0,138.41486857592798,10373.906399999993,10512.32126857592,2004.0,47.0,21.0,228.0,144.0,30.0,27.0,0.0,72.0,3.0,135.0,18.0,0.0
238,110,10,1860.0,2104.0,482.0,0.0,345.0,2691.0,15.527817003737923,9251.065200000001,9266.593017003739,2004.0,47.0,21.0,228.0,144.0,30.0,27.0,0.0,72.0,3.0,135.0,18.0,0.0
238,111,10,1848.0,2107.0,469.0,0.0,347.0,2691.0,57.29352316258413,8492.284000000001,8549.577523162585,2004.0,47.0,21.0,228.0,144.0,30.0,27.0,0.0,72.0,3.0,135.0,18.0,0.0
238,112,10,1854.0,2093.0,489.0,0.0,338.0,2691.0,15.657478031035513,10219.397999999997,10235.055478031032,2004.0,47.0,21.0,228.0,144.0,30.0,27.0,0.0,72.0,3.0,135.0,18.0,0.0
238,113,10,1869.0,2119.0,463.0,0.0,350.0,2691.0,57.508078262917095,9821.603999999992,9879.112078262911,2004.0,47.0,21.0,228.0,144.0,30.0,27.0,0.0,72.0,3.0,135.0,18.0,0.0
238,114,10,1911.0,2108.0,469.0,0.0,326.0,2691.0,57.279216641296244,9210.784800000003,9268.0640166413,2004.0,47.0,21.0,228.0,144.0,30.0,27.0,0.0,72.0,3.0,135.0,18.0,0.0
238,115,10,1879.0,2106.0,481.0,0.0,349.0,2691.0,98.67996573529905,9526.615199999997,9625.295165735297,2004.0,47.0,21.0,228.0,144.0,30.0,27.0,0.0,72.0,3.0,135.0,18.0,0.0
238,116,10,1803.0,2128.0,460.0,0.0,333.0,2691.0,58.78410485909901,9433.4292,9492.213304859099,2004.0,47.0,21.0,228.0,144.0,30.0,27.0,0.0,72.0,3.0,135.0,18.0,0.0
238,117,10,1819.0,2073.0,516.0,0.0,356.0,2691.0,139.2594547824932,9176.182400000005,9315.441854782497,2004.0,47.0,21.0,228.0,144.0,30.0,27.0,0.0,72.0,3.0,135.0,18.0,0.0
238,118,10,1860.0,2095.0,490.0,0.0,323.0,2691.0,179.8330471807256,8991.948000000008,9171.781047180732,2004.0,47.0,21.0,228.0,144.0,30.0,27.0,0.0,72.0,3.0,135.0,18.0,0.0
238,119,10,1871.0,2088.0,469.0,0.0,354.0,2691.0,139.4629089171798,9291.879999999996,9431.342908917175,2004.0,47.0,21.0,228.0,144.0,30.0,27.0,0.0,72.0,3.0,135.0,18.0,0.0
239,0,1,1850.0,2138.0,457.0,0.0,312.0,2691.0,99.61002079860418,10668.093599999997,10767.703620798598,2004.0,47.0,21.0,228.0,144.0,30.0,27.0,0.0,72.0,3.0,135.0,18.0,0.0
239,1,1,1836.0,2102.0,485.0,0.0,343.0,2691.0,19.560851061724343,10281.188000000004,10300.748851061728,2004.0,47.0,21.0,228.0,144.0,30.0,27.0,0.0,72.0,3.0,135.0,18.0,0.0
239,2,1,1835.0,2137.0,459.0,0.0,294.0,2691.0,62.13237991664376,10416.591600000002,10478.723979916645,2004.0,47.0,21.0,228.0,144.0,30.0,27.0,0.0,72.0,3.0,135.0,18.0,0.0
239,3,1,1857.0,2095.0,490.0,0.0,323.0,2691.0,59.312451369850706,9520.469599999999,9579.78205136985,2004.0,47.0,21.0,228.0,144.0,30.0,27.0,0.0,72.0,3.0,135.0,18.0,0.0
239,4,1,1866.0,2084.0,505.0,0.0,270.0,2691.0,100.7473254884917,11486.460399999998,11587.20772548849,2004.0,47.0,21.0,228.0,144.0,30.0,27.0,0.0,72.0,3.0,135.0,18.0,0.0
239,5,1,1841.0,2118.0,471.0,0.0,282.0,2691.0,20.234175763434692,9934.829999999996,9955.06417576343,2004.0,47.0,21.0,228.0,144.0,30.0,27.0,0.0,72.0,3.0,135.0,18.0,0.0
239,6,1,1828.0,2140.0,442.0,0.0,272.0,2691.0,99.4945447624621,10218.2624,10317.756944762463,2004.0,47.0,21.0,228.0,144.0,30.0,27.0,0.0,72.0,3.0,135.0,18.0,0.0
239,7,1,1883.0,2125.0,469.0,0.0,276.0,2691.0,18.819227723961916,10475.642799999992,10494.462027723954,2004.0,47.0,21.0,228.0,144.0,30.0,27.0,0.0,72.0,3.0,135.0,18.0,0.0
239,8,1,1923.0,2109.0,466.0,0.0,302.0,2691.0,63.561009837317606,11600.7552,11664.316209837316,2004.0,47.0,21.0,228.0,144.0,30.0,27.0,0.0,72.0,3.0,135.0,18.0,0.0
239,9,1,1842.0,2085.0,495.0,0.0,312.0,2691.0,59.77916913275686,9964.9568,10024.735969132755,2004.0,47.0,21.0,228.0,144.0,30.0,27.0,0.0,72.0,3.0,135.0,18.0,0.0
239,10,1,1874.0,2089.0,499.0,0.0,313.0,2691.0,18.764623882549326,9981.0556,9999.820223882547,2004.0,47.0,21.0,228.0,144.0,30.0,27.0,0.0,72.0,3.0,135.0,18.0,0.0
239,11,1,1859.0,2106.0,478.0,0.0,305.0,2691.0,104.12121007000783,10640.906000000003,10745.02721007001,2004.0,47.0,21.0,228.0,144.0,30.0,27.0,0.0,72.0,3.0,135.0,18.0,0.0
239,12,2,1845.0,2102.0,477.0,0.0,288.0,2691.0,142.15151663078524,9876.4468,10018.598316630785,2004.0,47.0,21.0,228.0,144.0,30.0,27.0,0.0,72.0,3.0,135.0,18.0,0.0
239,13,2,1905.0,2123.0,464.0,0.0,327.0,2691.0,19.412549392019493,10634.893999999995,10654.306549392015,2004.0,47.0,21.0,228.0,144.0,30.0,27.0,0.0,72.0,3.0,135.0,18.0,0.0
239,14,2,1846.0,2093.0,484.0,0.0,349.0,2691.0,21.17942931868659,10212.2504,10233.429829318688,2004.0,47.0,21.0,228.0,144.0,30.0,27.0,0.0,72.0,3.0,135.0,18.0,0.0
239,15,2,1848.0,2100.0,476.0,0.0,264.0,2691.0,100.73255847363808,10782.522000000003,10883.25455847364,2004.0,47.0,21.0,228.0,144.0,30.0,27.0,0.0,72.0,3.0,135.0,18.0,0.0
239,16,2,1860.0,2117.0,463.0,0.0,299.0,2691.0,63.53289783839162,11623.333599999994,11686.866497838386,2004.0,47.0,21.0,228.0,144.0,30.0,27.0,0.0,72.0,3.0,135.0,18.0,0.0
239,17,2,1865.0,2103.0,482.0,0.0,284.0,2691.0,60.89620912747607,10961.212,11022.108209127477,2004.0,47.0,21.0,228.0,144.0,30.0,27.0,0.0,72.0,3.0,135.0,18.0,0.0
239,18,2,1885.0,2111.0,467.0,0.0,311.0,2691.0,60.43401704772652,9456.542,9516.976017047726,2004.0,47.0,21.0,228.0,144.0,30.0,27.0,0.0,72.0,3.0,135.0,18.0,0.0
239,19,2,1839.0,2104.0,476.0,0.0,318.0,2691.0,22.159800662525676,9334.097599999997,9356.257400662524,2004.0,47.0,21.0,228.0,144.0,30.0,27.0,0.0,72.0,3.0,135.0,18.0,0.0
239,20,2,1852.0,2126.0,461.0,0.0,329.0,2691.0,19.26491233444968,9637.970799999996,9657.235712334445,2004.0,47.0,21.0,228.0,144.0,30.0,27.0,0.0,72.0,3.0,135.0,18.0,0.0
239,21,2,1856.0,2096.0,480.0,0.0,329.0,2691.0,62.06714063529373,10102.297599999996,10164.36474063529,2004.0,47.0,21.0,228.0,144.0,30.0,27.0,0.0,72.0,3.0,135.0,18.0,0.0
239,22,2,1830.0,2135.0,446.0,0.0,300.0,2691.0,58.71584022641481,9566.0272,9624.743040226414,2004.0,47.0,21.0,228.0,144.0,30.0,27.0,0.0,72.0,3.0,135.0,18.0,0.0
239,23,2,1840.0,2113.0,479.0,0.0,335.0,2691.0,60.467185286082184,9345.253200000006,9405.72038528609,2004.0,47.0,21.0,228.0,144.0,30.0,27.0,0.0,72.0,3.0,135.0,18.0,0.0
239,24,3,1854.0,2082.0,484.0,0.0,322.0,2691.0,102.18284214101764,10131.155200000001,10233.338042141018,2004.0,47.0,21.0,228.0,144.0,30.0,27.0,0.0,72.0,3.0,135.0,18.0,0.0
239,25,3,1843.0,2106.0,486.0,0.0,308.0,2691.0,182.30142106846534,9899.893599999998,10082.195021068463,2004.0,47.0,21.0,228.0,144.0,30.0,27.0,0.0,72.0,3.0,135.0,18.0,0.0
239,26,3,1852.0,2108.0,484.0,0.0,330.0,2691.0,102.08286614585981,10362.550399999993,10464.633266145853,2004.0,47.0,21.0,228.0,144.0,30.0,27.0,0.0,72.0,3.0,135.0,18.0,0.0
239,27,3,1887.0,2097.0,483.0,0.0,349.0,2691.0,18.051422052682724,10510.846399999995,10528.897822052679,2004.0,47.0,21.0,228.0,144.0,30.0,27.0,0.0,72.0,3.0,135.0,18.0,0.0
239,28,3,1853.0,2097.0,483.0,0.0,322.0,2691.0,100.74647190264787,10063.687199999997,10164.433671902645,2004.0,47.0,21.0,228.0,144.0,30.0,27.0,0.0,72.0,3.0,135.0,18.0,0.0
239,29,3,1865.0,2102.0,488.0,0.0,257.0,2691.0,19.22489246517632,9787.268799999998,9806.493692465176,2004.0,47.0,21.0,228.0,144.0,30.0,27.0,0.0,72.0,3.0,135.0,18.0,0.0
239,30,3,1854.0,2122.0,457.0,0.0,292.0,2691.0,62.123765658737035,10065.824799999999,10127.948565658735,2004.0,47.0,21.0,228.0,144.0,30.0,27.0,0.0,72.0,3.0,135.0,18.0,0.0
239,31,3,1855.0,2138.0,463.0,0.0,261.0,2691.0,18.47599358167009,9171.840400000001,9190.316393581672,2004.0,47.0,21.0,228.0,144.0,30.0,27.0,0.0,72.0,3.0,135.0,18.0,0.0
239,32,3,1911.0,2066.0,523.0,0.0,283.0,2691.0,20.468579919604785,10762.348399999995,10782.816979919602,2004.0,47.0,21.0,228.0,144.0,30.0,27.0,0.0,72.0,3.0,135.0,18.0,0.0
239,33,3,1844.0,2127.0,455.0,0.0,337.0,2691.0,100.50215837095865,9933.026400000004,10033.528558370963,2004.0,47.0,21.0,228.0,144.0,30.0,27.0,0.0,72.0,3.0,135.0,18.0,0.0
239,34,3,1848.0,2142.0,449.0,0.0,281.0,2691.0,101.3511086749599,9556.541600000004,9657.892708674963,2004.0,47.0,21.0,228.0,144.0,30.0,27.0,0.0,72.0,3.0,135.0,18.0,0.0
239,35,3,1847.0,2124.0,470.0,0.0,249.0,2691.0,100.80175117859412,10828.680799999996,10929.48255117859,2004.0,47.0,21.0,228.0,144.0,30.0,27.0,0.0,72.0,3.0,135.0,18.0,0.0
239,36,4,1867.0,2108.0,469.0,0.0,324.0,2691.0,60.19759486072836,10770.030399999996,10830.227994860725,2004.0,47.0,21.0,228.0,144.0,30.0,27.0,0.0,72.0,3.0,135.0,18.0,0.0
239,37,4,1834.0,2096.0,471.0,0.0,369.0,2691.0,103.71086581989623,11020.797599999996,11124.508465819892,2004.0,47.0,21.0,228.0,144.0,30.0,27.0,0.0,72.0,3.0,135.0,18.0,0.0
239,38,4,1826.0,2099.0,476.0,0.0,312.0,2691.0,59.093392444783184,11420.395199999995,11479.488592444779,2004.0,47.0,21.0,228.0,144.0,30.0,27.0,0.0,72.0,3.0,135.0,18.0,0.0
239,39,4,1824.0,2122.0,461.0,0.0,279.0,2691.0,61.97322492240765,10375.242399999997,10437.215624922406,2004.0,47.0,21.0,228.0,144.0,30.0,27.0,0.0,72.0,3.0,135.0,18.0,0.0
239,40,4,1865.0,2107.0,486.0,0.0,324.0,2691.0,20.327906520975056,10902.761999999999,10923.089906520974,2004.0,47.0,21.0,228.0,144.0,30.0,27.0,0.0,72.0,3.0,135.0,18.0,0.0
239,41,4,1867.0,2080.0,502.0,0.0,322.0,2691.0,102.02207320173221,10817.525199999995,10919.547273201728,2004.0,47.0,21.0,228.0,144.0,30.0,27.0,0.0,72.0,3.0,135.0,18.0,0.0
239,42,4,1885.0,2124.0,458.0,0.0,310.0,2691.0,99.5100325895417,11081.5188,11181.028832589542,2004.0,47.0,21.0,228.0,144.0,30.0,27.0,0.0,72.0,3.0,135.0,18.0,0.0
239,43,4,1838.0,2119.0,462.0,0.0,323.0,2691.0,60.18456335325053,10632.222000000002,10692.406563353252,2004.0,47.0,21.0,228.0,144.0,30.0,27.0,0.0,72.0,3.0,135.0,18.0,0.0
239,44,4,1776.0,2121.0,468.0,0.0,274.0,2691.0,101.12095449996525,9658.678800000002,9759.799754499967,2004.0,47.0,21.0,228.0,144.0,30.0,27.0,0.0,72.0,3.0,135.0,18.0,0.0
239,45,4,1854.0,2067.0,497.0,0.0,350.0,2691.0,60.47315123353393,10172.571199999993,10233.044351233528,2004.0,47.0,21.0,228.0,144.0,30.0,27.0,0.0,72.0,3.0,135.0,18.0,0.0
239,46,4,1844.0,2120.0,464.0,0.0,340.0,2691.0,22.273269448788543,10525.074799999995,10547.348069448784,2004.0,47.0,21.0,228.0,144.0,30.0,27.0,0.0,72.0,3.0,135.0,18.0,0.0
239,47,4,1896.0,2091.0,480.0,0.0,304.0,2691.0,59.08060005864227,9573.107999999997,9632.188600058638,2004.0,47.0,21.0,228.0,144.0,30.0,27.0,0.0,72.0,3.0,135.0,18.0,0.0
239,48,5,1872.0,2106.0,472.0,0.0,288.0,2691.0,59.612320442423545,10838.767600000003,10898.379920442427,2004.0,47.0,21.0,228.0,144.0,30.0,27.0,0.0,72.0,3.0,135.0,18.0,0.0
239,49,5,1863.0,2125.0,459.0,0.0,306.0,2691.0,18.219019973204436,9869.366000000002,9887.585019973205,2004.0,47.0,21.0,228.0,144.0,30.0,27.0,0.0,72.0,3.0,135.0,18.0,0.0
239,50,5,1840.0,2091.0,488.0,0.0,305.0,2691.0,20.502675155891524,10648.855199999996,10669.357875155889,2004.0,47.0,21.0,228.0,144.0,30.0,27.0,0.0,72.0,3.0,135.0,18.0,0.0
239,51,5,1844.0,2148.0,444.0,0.0,302.0,2691.0,19.983421343802142,10176.913200000005,10196.896621343807,2004.0,47.0,21.0,228.0,144.0,30.0,27.0,0.0,72.0,3.0,135.0,18.0,0.0
239,52,5,1856.0,2119.0,450.0,0.0,309.0,2691.0,183.15798353616515,11657.267999999995,11840.42598353616,2004.0,47.0,21.0,228.0,144.0,30.0,27.0,0.0,72.0,3.0,135.0,18.0,0.0
239,53,5,1885.0,2118.0,478.0,0.0,295.0,2691.0,141.4785898182111,9801.2968,9942.775389818213,2004.0,47.0,21.0,228.0,144.0,30.0,27.0,0.0,72.0,3.0,135.0,18.0,0.0
239,54,5,1880.0,2073.0,488.0,0.0,340.0,2691.0,60.81440428748014,10063.754,10124.568404287482,2004.0,47.0,21.0,228.0,144.0,30.0,27.0,0.0,72.0,3.0,135.0,18.0,0.0
239,55,5,1837.0,2104.0,470.0,0.0,288.0,2691.0,102.29121230264742,10487.800399999995,10590.091612302642,2004.0,47.0,21.0,228.0,144.0,30.0,27.0,0.0,72.0,3.0,135.0,18.0,0.0
239,56,5,1844.0,2132.0,452.0,0.0,329.0,2691.0,59.87855751716094,9624.0764,9683.954957517162,2004.0,47.0,21.0,228.0,144.0,30.0,27.0,0.0,72.0,3.0,135.0,18.0,0.0
239,57,5,1859.0,2099.0,485.0,0.0,274.0,2691.0,18.16372582897277,10730.551599999995,10748.715325828969,2004.0,47.0,21.0,228.0,144.0,30.0,27.0,0.0,72.0,3.0,135.0,18.0,0.0
239,58,5,1852.0,2087.0,488.0,0.0,294.0,2691.0,60.37291583070429,10328.883199999997,10389.256115830702,2004.0,47.0,21.0,228.0,144.0,30.0,27.0,0.0,72.0,3.0,135.0,18.0,0.0
239,59,5,1865.0,2125.0,462.0,0.0,300.0,2691.0,140.06901764068886,9743.982399999997,9884.051417640687,2004.0,47.0,21.0,228.0,144.0,30.0,27.0,0.0,72.0,3.0,135.0,18.0,0.0
239,60,6,1840.0,2059.0,499.0,0.0,339.0,2691.0,61.71200820557509,10902.695199999998,10964.407208205574,2004.0,47.0,21.0,228.0,144.0,30.0,27.0,0.0,72.0,3.0,135.0,18.0,0.0
239,61,6,1829.0,2140.0,456.0,0.0,331.0,2691.0,63.5968393212226,10784.726399999992,10848.323239321213,2004.0,47.0,21.0,228.0,144.0,30.0,27.0,0.0,72.0,3.0,135.0,18.0,0.0
239,62,6,1841.0,2123.0,464.0,0.0,347.0,2691.0,182.51434814707113,9494.2172,9676.73154814707,2004.0,47.0,21.0,228.0,144.0,30.0,27.0,0.0,72.0,3.0,135.0,18.0,0.0
239,63,6,1812.0,2125.0,450.0,0.0,277.0,2691.0,60.47116713083699,10426.077200000003,10486.54836713084,2004.0,47.0,21.0,228.0,144.0,30.0,27.0,0.0,72.0,3.0,135.0,18.0,0.0
239,64,6,1855.0,2077.0,507.0,0.0,336.0,2691.0,98.63461044635434,9485.800400000002,9584.435010446357,2004.0,47.0,21.0,228.0,144.0,30.0,27.0,0.0,72.0,3.0,135.0,18.0,0.0
239,65,6,1854.0,2108.0,482.0,0.0,308.0,2691.0,61.96214899322809,10336.8992,10398.861348993229,2004.0,47.0,21.0,228.0,144.0,30.0,27.0,0.0,72.0,3.0,135.0,18.0,0.0
239,66,6,1870.0,2092.0,485.0,0.0,311.0,2691.0,59.89960843259218,10308.4424,10368.342008432592,2004.0,47.0,21.0,228.0,144.0,30.0,27.0,0.0,72.0,3.0,135.0,18.0,0.0
239,67,6,1887.0,2102.0,480.0,0.0,267.0,2691.0,142.11867744914406,8418.4032,8560.521877449144,2004.0,47.0,21.0,228.0,144.0,30.0,27.0,0.0,72.0,3.0,135.0,18.0,0.0
239,68,6,1865.0,2088.0,476.0,0.0,342.0,2691.0,60.579568679003835,10547.319200000004,10607.898768679008,2004.0,47.0,21.0,228.0,144.0,30.0,27.0,0.0,72.0,3.0,135.0,18.0,0.0
239,69,6,1843.0,2069.0,481.0,0.0,319.0,2691.0,101.04147400228183,9282.594799999999,9383.636274002281,2004.0,47.0,21.0,228.0,144.0,30.0,27.0,0.0,72.0,3.0,135.0,18.0,0.0
239,70,6,1840.0,2117.0,458.0,0.0,302.0,2691.0,101.60338571544972,10176.846399999995,10278.449785715444,2004.0,47.0,21.0,228.0,144.0,30.0,27.0,0.0,72.0,3.0,135.0,18.0,0.0
239,71,6,1894.0,2127.0,461.0,0.0,299.0,2691.0,62.366398890103696,12283.584799999991,12345.951198890094,2004.0,47.0,21.0,228.0,144.0,30.0,27.0,0.0,72.0,3.0,135.0,18.0,0.0
239,72,7,1862.0,2135.0,459.0,0.0,293.0,2691.0,61.12471703678985,10782.455199999995,10843.579917036785,2004.0,47.0,21.0,228.0,144.0,30.0,27.0,0.0,72.0,3.0,135.0,18.0,0.0
239,73,7,1843.0,2107.0,459.0,0.0,352.0,2691.0,141.5087436966395,10804.833199999997,10946.341943696636,2004.0,47.0,21.0,228.0,144.0,30.0,27.0,0.0,72.0,3.0,135.0,18.0,0.0
239,74,7,1834.0,2068.0,531.0,0.0,291.0,2691.0,62.45260577810663,9834.095599999999,9896.548205778105,2004.0,47.0,21.0,228.0,144.0,30.0,27.0,0.0,72.0,3.0,135.0,18.0,0.0
239,75,7,1832.0,2114.0,468.0,0.0,316.0,2691.0,60.53137309846232,11070.296399999996,11130.827773098457,2004.0,47.0,21.0,228.0,144.0,30.0,27.0,0.0,72.0,3.0,135.0,18.0,0.0
239,76,7,1847.0,2120.0,470.0,0.0,309.0,2691.0,19.879916613299997,10192.143599999998,10212.023516613299,2004.0,47.0,21.0,228.0,144.0,30.0,27.0,0.0,72.0,3.0,135.0,18.0,0.0
239,77,7,1796.0,2132.0,461.0,0.0,320.0,2691.0,19.88859231514035,10000.427599999999,10020.31619231514,2004.0,47.0,21.0,228.0,144.0,30.0,27.0,0.0,72.0,3.0,135.0,18.0,0.0
239,78,7,1842.0,2133.0,455.0,0.0,335.0,2691.0,61.73884409725683,11121.398400000002,11183.137244097257,2004.0,47.0,21.0,228.0,144.0,30.0,27.0,0.0,72.0,3.0,135.0,18.0,0.0
239,79,7,1858.0,2099.0,496.0,0.0,330.0,2691.0,102.33589773211342,10395.48279999999,10497.818697732104,2004.0,47.0,21.0,228.0,144.0,30.0,27.0,0.0,72.0,3.0,135.0,18.0,0.0
239,80,7,1793.0,2142.0,450.0,0.0,316.0,2691.0,59.39689161807952,11033.756800000003,11093.153691618083,2004.0,47.0,21.0,228.0,144.0,30.0,27.0,0.0,72.0,3.0,135.0,18.0,0.0
239,81,7,1848.0,2132.0,453.0,0.0,285.0,2691.0,60.2526127133811,9691.544400000006,9751.797012713387,2004.0,47.0,21.0,228.0,144.0,30.0,27.0,0.0,72.0,3.0,135.0,18.0,0.0
239,82,7,1828.0,2107.0,482.0,0.0,280.0,2691.0,21.544028436157987,9835.097599999988,9856.641628436148,2004.0,47.0,21.0,228.0,144.0,30.0,27.0,0.0,72.0,3.0,135.0,18.0,0.0
239,83,7,1820.0,2073.0,498.0,0.0,261.0,2691.0,102.29084217004517,10898.753999999994,11001.044842170038,2004.0,47.0,21.0,228.0,144.0,30.0,27.0,0.0,72.0,3.0,135.0,18.0,0.0
239,84,8,1843.0,2107.0,476.0,0.0,349.0,2691.0,21.288778154161008,10119.465199999995,10140.753978154156,2004.0,47.0,21.0,228.0,144.0,30.0,27.0,0.0,72.0,3.0,135.0,18.0,0.0
239,85,8,1855.0,2095.0,489.0,0.0,294.0,2691.0,100.09590163045439,9911.984399999998,10012.080301630453,2004.0,47.0,21.0,228.0,144.0,30.0,27.0,0.0,72.0,3.0,135.0,18.0,0.0
239,86,8,1867.0,2078.0,503.0,0.0,328.0,2691.0,102.06206243344917,9402.7012,9504.763262433447,2004.0,47.0,21.0,228.0,144.0,30.0,27.0,0.0,72.0,3.0,135.0,18.0,0.0
239,87,8,1845.0,2127.0,458.0,0.0,315.0,2691.0,59.92490051085034,9806.0396,9865.964500510849,2004.0,47.0,21.0,228.0,144.0,30.0,27.0,0.0,72.0,3.0,135.0,18.0,0.0
239,88,8,1794.0,2099.0,489.0,0.0,299.0,2691.0,60.737951654639815,10900.691199999997,10961.429151654636,2004.0,47.0,21.0,228.0,144.0,30.0,27.0,0.0,72.0,3.0,135.0,18.0,0.0
239,89,8,1856.0,2135.0,448.0,0.0,321.0,2691.0,18.489110963866622,11590.133999999995,11608.62311096386,2004.0,47.0,21.0,228.0,144.0,30.0,27.0,0.0,72.0,3.0,135.0,18.0,0.0
239,90,8,1848.0,2098.0,484.0,0.0,289.0,2691.0,21.038104243917346,9797.489199999996,9818.527304243915,2004.0,47.0,21.0,228.0,144.0,30.0,27.0,0.0,72.0,3.0,135.0,18.0,0.0
239,91,8,1824.0,2127.0,471.0,0.0,301.0,2691.0,21.10849989240906,11417.72319999999,11438.831699892398,2004.0,47.0,21.0,228.0,144.0,30.0,27.0,0.0,72.0,3.0,135.0,18.0,0.0
239,92,8,1870.0,2129.0,456.0,0.0,287.0,2691.0,100.48352345272237,11170.028799999991,11270.512323452713,2004.0,47.0,21.0,228.0,144.0,30.0,27.0,0.0,72.0,3.0,135.0,18.0,0.0
239,93,8,1846.0,2119.0,464.0,0.0,265.0,2691.0,20.035156206463075,10545.6492,10565.684356206464,2004.0,47.0,21.0,228.0,144.0,30.0,27.0,0.0,72.0,3.0,135.0,18.0,0.0
239,94,8,1859.0,2119.0,476.0,0.0,290.0,2691.0,20.934636610211705,10330.953999999996,10351.888636610209,2004.0,47.0,21.0,228.0,144.0,30.0,27.0,0.0,72.0,3.0,135.0,18.0,0.0
239,95,8,1877.0,2112.0,470.0,0.0,309.0,2691.0,143.27703005769456,10139.572000000004,10282.849030057696,2004.0,47.0,21.0,228.0,144.0,30.0,27.0,0.0,72.0,3.0,135.0,18.0,0.0
239,96,9,1889.0,2079.0,508.0,0.0,281.0,2691.0,58.76286058814974,11043.709999999995,11102.472860588145,2004.0,47.0,21.0,228.0,144.0,30.0,27.0,0.0,72.0,3.0,135.0,18.0,0.0
239,97,9,1892.0,2076.0,498.0,0.0,311.0,2691.0,19.917066181797466,9905.1708,9925.087866181797,2004.0,47.0,21.0,228.0,144.0,30.0,27.0,0.0,72.0,3.0,135.0,18.0,0.0
239,98,9,1853.0,2124.0,473.0,0.0,311.0,2691.0,19.162513967703422,9787.335600000002,9806.498113967706,2004.0,47.0,21.0,228.0,144.0,30.0,27.0,0.0,72.0,3.0,135.0,18.0,0.0
239,99,9,1875.0,2145.0,460.0,0.0,257.0,2691.0,222.70316963281874,9847.1216,10069.82476963282,2004.0,47.0,21.0,228.0,144.0,30.0,27.0,0.0,72.0,3.0,135.0,18.0,0.0
239,100,9,1885.0,2100.0,481.0,0.0,304.0,2691.0,20.975928968968105,9752.3324,9773.30832896897,2004.0,47.0,21.0,228.0,144.0,30.0,27.0,0.0,72.0,3.0,135.0,18.0,0.0
239,101,9,1885.0,2106.0,470.0,0.0,336.0,2691.0,61.00824362708321,10591.07319999999,10652.081443627074,2004.0,47.0,21.0,228.0,144.0,30.0,27.0,0.0,72.0,3.0,135.0,18.0,0.0
239,102,9,1872.0,2080.0,494.0,0.0,306.0,2691.0,19.65807086483337,9621.671600000005,9641.329670864838,2004.0,47.0,21.0,228.0,144.0,30.0,27.0,0.0,72.0,3.0,135.0,18.0,0.0
239,103,9,1805.0,2102.0,459.0,0.0,314.0,2691.0,102.46393464981693,11133.288799999993,11235.752734649812,2004.0,47.0,21.0,228.0,144.0,30.0,27.0,0.0,72.0,3.0,135.0,18.0,0.0
239,104,9,1841.0,2092.0,486.0,0.0,327.0,2691.0,60.635421109350645,10092.9456,10153.58102110935,2004.0,47.0,21.0,228.0,144.0,30.0,27.0,0.0,72.0,3.0,135.0,18.0,0.0
239,105,9,1860.0,2092.0,474.0,0.0,298.0,2691.0,61.71973540159955,10958.807199999997,11020.526935401596,2004.0,47.0,21.0,228.0,144.0,30.0,27.0,0.0,72.0,3.0,135.0,18.0,0.0
239,106,9,1883.0,2137.0,438.0,0.0,293.0,2691.0,138.74183147252603,9546.254399999994,9684.99623147252,2004.0,47.0,21.0,228.0,144.0,30.0,27.0,0.0,72.0,3.0,135.0,18.0,0.0
239,107,9,1828.0,2127.0,469.0,0.0,311.0,2691.0,21.010023314021197,10306.371600000002,10327.381623314022,2004.0,47.0,21.0,228.0,144.0,30.0,27.0,0.0,72.0,3.0,135.0,18.0,0.0
239,108,10,1879.0,2092.0,471.0,0.0,334.0,2691.0,60.610362469585034,11452.92679999999,11513.537162469574,2004.0,47.0,21.0,228.0,144.0,30.0,27.0,0.0,72.0,3.0,135.0,18.0,0.0
239,109,10,1860.0,2120.0,466.0,0.0,316.0,2691.0,19.56380933744015,10774.1052,10793.669009337438,2004.0,47.0,21.0,228.0,144.0,30.0,27.0,0.0,72.0,3.0,135.0,18.0,0.0
239,110,10,1848.0,2101.0,476.0,0.0,304.0,2691.0,62.05706463669089,8966.7644,9028.82146463669,2004.0,47.0,21.0,228.0,144.0,30.0,27.0,0.0,72.0,3.0,135.0,18.0,0.0
239,111,10,1854.0,2099.0,483.0,0.0,319.0,2691.0,19.609295934781077,11031.218399999992,11050.827695934773,2004.0,47.0,21.0,228.0,144.0,30.0,27.0,0.0,72.0,3.0,135.0,18.0,0.0
239,112,10,1869.0,2134.0,451.0,0.0,337.0,2691.0,101.30222310213453,10769.362399999995,10870.66462310213,2004.0,47.0,21.0,228.0,144.0,30.0,27.0,0.0,72.0,3.0,135.0,18.0,0.0
239,113,10,1911.0,2112.0,465.0,0.0,312.0,2691.0,60.951435149764684,10124.7424,10185.693835149763,2004.0,47.0,21.0,228.0,144.0,30.0,27.0,0.0,72.0,3.0,135.0,18.0,0.0
239,114,10,1879.0,2134.0,453.0,0.0,314.0,2691.0,20.693013712995842,10826.8772,10847.570213712996,2004.0,47.0,21.0,228.0,144.0,30.0,27.0,0.0,72.0,3.0,135.0,18.0,0.0
239,115,10,1803.0,2136.0,453.0,0.0,304.0,2691.0,61.23307253961798,10295.015599999999,10356.248672539616,2004.0,47.0,21.0,228.0,144.0,30.0,27.0,0.0,72.0,3.0,135.0,18.0,0.0
239,116,10,1819.0,2117.0,472.0,0.0,347.0,2691.0,20.08872883680249,9475.847199999997,9495.9359288368,2004.0,47.0,21.0,228.0,144.0,30.0,27.0,0.0,72.0,3.0,135.0,18.0,0.0
239,117,10,1860.0,2111.0,474.0,0.0,298.0,2691.0,143.09250107265834,9931.089200000004,10074.181701072663,2004.0,47.0,21.0,228.0,144.0,30.0,27.0,0.0,72.0,3.0,135.0,18.0,0.0
239,118,10,1871.0,2093.0,465.0,0.0,332.0,2691.0,103.18626450478914,10239.437999999995,10342.624264504784,2004.0,47.0,21.0,228.0,144.0,30.0,27.0,0.0,72.0,3.0,135.0,18.0,0.0
239,119,10,1823.0,2128.0,442.0,0.0,321.0,2691.0,59.76332769923575,10388.1348,10447.898127699234,2004.0,47.0,21.0,228.0,144.0,30.0,27.0,0.0,72.0,3.0,135.0,18.0,0.0
240,0,1,1836.0,2098.0,489.0,0.0,332.0,2691.0,15.131171983368425,10472.970800000003,10488.101971983371,2004.0,47.0,21.0,228.0,144.0,30.0,27.0,0.0,72.0,3.0,135.0,18.0,0.0
240,1,1,1835.0,2133.0,462.0,0.0,288.0,2691.0,57.036412710801066,10411.114,10468.1504127108,2004.0,47.0,21.0,228.0,144.0,30.0,27.0,0.0,72.0,3.0,135.0,18.0,0.0
240,2,1,1857.0,2097.0,487.0,0.0,323.0,2691.0,55.39137264682599,9416.461999999998,9471.853372646823,2004.0,47.0,21.0,228.0,144.0,30.0,27.0,0.0,72.0,3.0,135.0,18.0,0.0
240,3,1,1866.0,2067.0,522.0,0.0,271.0,2691.0,96.40650767847674,11746.779999999995,11843.186507678472,2004.0,47.0,21.0,228.0,144.0,30.0,27.0,0.0,72.0,3.0,135.0,18.0,0.0
240,4,1,1841.0,2115.0,473.0,0.0,278.0,2691.0,17.417621747452408,10160.947999999995,10178.365621747447,2004.0,47.0,21.0,228.0,144.0,30.0,27.0,0.0,72.0,3.0,135.0,18.0,0.0
240,5,1,1828.0,2132.0,450.0,0.0,266.0,2691.0,55.37941249562236,10416.591599999998,10471.97101249562,2004.0,47.0,21.0,228.0,144.0,30.0,27.0,0.0,72.0,3.0,135.0,18.0,0.0
240,6,1,1883.0,2128.0,466.0,0.0,274.0,2691.0,14.927910182460577,10593.544799999992,10608.472710182452,2004.0,47.0,21.0,228.0,144.0,30.0,27.0,0.0,72.0,3.0,135.0,18.0,0.0
240,7,1,1923.0,2106.0,468.0,0.0,301.0,2691.0,18.554187630753304,11580.3144,11598.868587630752,2004.0,47.0,21.0,228.0,144.0,30.0,27.0,0.0,72.0,3.0,135.0,18.0,0.0
240,8,1,1842.0,2064.0,516.0,0.0,318.0,2691.0,56.96754413568475,10079.451999999997,10136.419544135682,2004.0,47.0,21.0,228.0,144.0,30.0,27.0,0.0,72.0,3.0,135.0,18.0,0.0
240,9,1,1874.0,2077.0,510.0,0.0,302.0,2691.0,15.036136211217094,10234.628399999994,10249.664536211212,2004.0,47.0,21.0,228.0,144.0,30.0,27.0,0.0,72.0,3.0,135.0,18.0,0.0
240,10,1,1859.0,2119.0,465.0,0.0,299.0,2691.0,57.32496424608451,11501.891199999998,11559.216164246081,2004.0,47.0,21.0,228.0,144.0,30.0,27.0,0.0,72.0,3.0,135.0,18.0,0.0
240,11,1,1845.0,2109.0,470.0,0.0,287.0,2691.0,138.49918870011402,10092.2776,10230.776788700114,2004.0,47.0,21.0,228.0,144.0,30.0,27.0,0.0,72.0,3.0,135.0,18.0,0.0
240,12,2,1905.0,2117.0,470.0,0.0,326.0,2691.0,15.540654033062847,10791.807199999996,10807.347854033058,2004.0,47.0,21.0,228.0,144.0,30.0,27.0,0.0,72.0,3.0,135.0,18.0,0.0
240,13,2,1846.0,2085.0,492.0,0.0,348.0,2691.0,17.70586798197271,10179.184400000002,10196.890267981975,2004.0,47.0,21.0,228.0,144.0,30.0,27.0,0.0,72.0,3.0,135.0,18.0,0.0
240,14,2,1848.0,2101.0,474.0,0.0,263.0,2691.0,96.75675115770181,10628.4812,10725.237951157702,2004.0,47.0,21.0,228.0,144.0,30.0,27.0,0.0,72.0,3.0,135.0,18.0,0.0
240,15,2,1860.0,2119.0,461.0,0.0,291.0,2691.0,58.314415836549024,11817.454399999993,11875.768815836542,2004.0,47.0,21.0,228.0,144.0,30.0,27.0,0.0,72.0,3.0,135.0,18.0,0.0
240,16,2,1865.0,2106.0,479.0,0.0,281.0,2691.0,56.28221935611611,11206.9692,11263.251419356116,2004.0,47.0,21.0,228.0,144.0,30.0,27.0,0.0,72.0,3.0,135.0,18.0,0.0
240,17,2,1885.0,2114.0,464.0,0.0,309.0,2691.0,56.94072339385919,9597.757199999998,9654.697923393858,2004.0,47.0,21.0,228.0,144.0,30.0,27.0,0.0,72.0,3.0,135.0,18.0,0.0
240,18,2,1839.0,2098.0,482.0,0.0,315.0,2691.0,18.115470241436306,9630.021599999996,9648.137070241433,2004.0,47.0,21.0,228.0,144.0,30.0,27.0,0.0,72.0,3.0,135.0,18.0,0.0
240,19,2,1852.0,2126.0,462.0,0.0,326.0,2691.0,15.852503284565618,10751.393199999999,10767.245703284565,2004.0,47.0,21.0,228.0,144.0,30.0,27.0,0.0,72.0,3.0,135.0,18.0,0.0
240,20,2,1856.0,2091.0,485.0,0.0,321.0,2691.0,57.70914356699059,10304.835199999996,10362.544343566986,2004.0,47.0,21.0,228.0,144.0,30.0,27.0,0.0,72.0,3.0,135.0,18.0,0.0
240,21,2,1830.0,2131.0,450.0,0.0,302.0,2691.0,55.217158671084846,9800.6956,9855.912758671084,2004.0,47.0,21.0,228.0,144.0,30.0,27.0,0.0,72.0,3.0,135.0,18.0,0.0
240,22,2,1840.0,2110.0,482.0,0.0,333.0,2691.0,56.92504901437529,9402.901600000007,9459.826649014381,2004.0,47.0,21.0,228.0,144.0,30.0,27.0,0.0,72.0,3.0,135.0,18.0,0.0
240,23,2,1854.0,2083.0,483.0,0.0,324.0,2691.0,97.96052180818732,10127.4812,10225.441721808187,2004.0,47.0,21.0,228.0,144.0,30.0,27.0,0.0,72.0,3.0,135.0,18.0,0.0
240,24,3,1843.0,2106.0,486.0,0.0,303.0,2691.0,177.82299969868302,9847.522399999996,10025.34539969868,2004.0,47.0,21.0,228.0,144.0,30.0,27.0,0.0,72.0,3.0,135.0,18.0,0.0
240,25,3,1852.0,2109.0,483.0,0.0,325.0,2691.0,57.05582232346423,10351.728799999992,10408.784622323456,2004.0,47.0,21.0,228.0,144.0,30.0,27.0,0.0,72.0,3.0,135.0,18.0,0.0
240,26,3,1887.0,2091.0,489.0,0.0,347.0,2691.0,55.76462949035287,10781.252799999997,10837.017429490352,2004.0,47.0,21.0,228.0,144.0,30.0,27.0,0.0,72.0,3.0,135.0,18.0,0.0
240,27,3,1853.0,2069.0,511.0,0.0,313.0,2691.0,97.43647579624943,10519.06279999999,10616.49927579624,2004.0,47.0,21.0,228.0,144.0,30.0,27.0,0.0,72.0,3.0,135.0,18.0,0.0
240,28,3,1865.0,2104.0,487.0,0.0,253.0,2691.0,15.00533853423102,9838.905199999997,9853.910538534228,2004.0,47.0,21.0,228.0,144.0,30.0,27.0,0.0,72.0,3.0,135.0,18.0,0.0
240,29,3,1854.0,2120.0,459.0,0.0,289.0,2691.0,98.25153789290175,10133.693599999999,10231.945137892899,2004.0,47.0,21.0,228.0,144.0,30.0,27.0,0.0,72.0,3.0,135.0,18.0,0.0
240,30,3,1855.0,2134.0,467.0,0.0,264.0,2691.0,55.56090189848362,9202.5016,9258.062501898483,2004.0,47.0,21.0,228.0,144.0,30.0,27.0,0.0,72.0,3.0,135.0,18.0,0.0
240,31,3,1911.0,2059.0,531.0,0.0,283.0,2691.0,17.058007794007572,11094.811999999996,11111.870007794003,2004.0,47.0,21.0,228.0,144.0,30.0,27.0,0.0,72.0,3.0,135.0,18.0,0.0
240,32,3,1844.0,2120.0,462.0,0.0,330.0,2691.0,96.6992466955912,9821.670800000004,9918.370046695596,2004.0,47.0,21.0,228.0,144.0,30.0,27.0,0.0,72.0,3.0,135.0,18.0,0.0
240,33,3,1848.0,2142.0,449.0,0.0,272.0,2691.0,14.954674152097303,9974.3756,9989.330274152097,2004.0,47.0,21.0,228.0,144.0,30.0,27.0,0.0,72.0,3.0,135.0,18.0,0.0
240,34,3,1847.0,2122.0,473.0,0.0,249.0,2691.0,96.80670084456676,11112.914799999991,11209.721500844558,2004.0,47.0,21.0,228.0,144.0,30.0,27.0,0.0,72.0,3.0,135.0,18.0,0.0
240,35,3,1867.0,2106.0,471.0,0.0,320.0,2691.0,56.53340799995265,10805.901999999995,10862.435407999947,2004.0,47.0,21.0,228.0,144.0,30.0,27.0,0.0,72.0,3.0,135.0,18.0,0.0
240,36,4,1834.0,2092.0,475.0,0.0,360.0,2691.0,98.43613156412131,11349.587199999994,11448.023331564116,2004.0,47.0,21.0,228.0,144.0,30.0,27.0,0.0,72.0,3.0,135.0,18.0,0.0
240,37,4,1826.0,2093.0,483.0,0.0,299.0,2691.0,97.13555105721409,11162.547199999995,11259.682751057207,2004.0,47.0,21.0,228.0,144.0,30.0,27.0,0.0,72.0,3.0,135.0,18.0,0.0
240,38,4,1824.0,2119.0,464.0,0.0,272.0,2691.0,57.29711305604713,10363.752799999995,10421.049913056042,2004.0,47.0,21.0,228.0,144.0,30.0,27.0,0.0,72.0,3.0,135.0,18.0,0.0
240,39,4,1865.0,2104.0,489.0,0.0,327.0,2691.0,15.919301602158276,11048.920399999999,11064.839701602159,2004.0,47.0,21.0,228.0,144.0,30.0,27.0,0.0,72.0,3.0,135.0,18.0,0.0
240,40,4,1867.0,2080.0,503.0,0.0,327.0,2691.0,97.66755125961141,10931.753199999996,11029.420751259606,2004.0,47.0,21.0,228.0,144.0,30.0,27.0,0.0,72.0,3.0,135.0,18.0,0.0
240,41,4,1885.0,2124.0,458.0,0.0,307.0,2691.0,95.85710350900999,10888.733999999997,10984.591103509007,2004.0,47.0,21.0,228.0,144.0,30.0,27.0,0.0,72.0,3.0,135.0,18.0,0.0
240,42,4,1838.0,2115.0,466.0,0.0,319.0,2691.0,56.49682162917059,10910.444,10966.940821629169,2004.0,47.0,21.0,228.0,144.0,30.0,27.0,0.0,72.0,3.0,135.0,18.0,0.0
240,43,4,1776.0,2119.0,470.0,0.0,272.0,2691.0,97.79421788067069,9858.811599999999,9956.605817880669,2004.0,47.0,21.0,228.0,144.0,30.0,27.0,0.0,72.0,3.0,135.0,18.0,0.0
240,44,4,1854.0,2084.0,480.0,0.0,335.0,2691.0,54.816824098207455,9919.532799999994,9974.3496240982,2004.0,47.0,21.0,228.0,144.0,30.0,27.0,0.0,72.0,3.0,135.0,18.0,0.0
240,45,4,1844.0,2121.0,463.0,0.0,342.0,2691.0,17.362344652961085,10727.077999999998,10744.440344652958,2004.0,47.0,21.0,228.0,144.0,30.0,27.0,0.0,72.0,3.0,135.0,18.0,0.0
240,46,4,1896.0,2083.0,488.0,0.0,302.0,2691.0,56.059694296217884,9640.976799999997,9697.036494296213,2004.0,47.0,21.0,228.0,144.0,30.0,27.0,0.0,72.0,3.0,135.0,18.0,0.0
240,47,4,1872.0,2100.0,476.0,0.0,294.0,2691.0,56.16700318834267,10975.774400000002,11031.941403188346,2004.0,47.0,21.0,228.0,144.0,30.0,27.0,0.0,72.0,3.0,135.0,18.0,0.0
240,48,5,1863.0,2097.0,486.0,0.0,312.0,2691.0,16.16949287563135,10240.039200000001,10256.208692875633,2004.0,47.0,21.0,228.0,144.0,30.0,27.0,0.0,72.0,3.0,135.0,18.0,0.0
240,49,5,1840.0,2101.0,478.0,0.0,313.0,2691.0,97.13644790378017,11055.132799999996,11152.269247903776,2004.0,47.0,21.0,228.0,144.0,30.0,27.0,0.0,72.0,3.0,135.0,18.0,0.0
240,50,5,1844.0,2152.0,440.0,0.0,299.0,2691.0,15.649202238928241,10600.024400000002,10615.67360223893,2004.0,47.0,21.0,228.0,144.0,30.0,27.0,0.0,72.0,3.0,135.0,18.0,0.0
240,51,5,1856.0,2116.0,452.0,0.0,305.0,2691.0,178.30847486739472,11738.429999999995,11916.73847486739,2004.0,47.0,21.0,228.0,144.0,30.0,27.0,0.0,72.0,3.0,135.0,18.0,0.0
240,52,5,1885.0,2100.0,495.0,0.0,284.0,2691.0,15.28324267954697,9419.868800000002,9435.152042679547,2004.0,47.0,21.0,228.0,144.0,30.0,27.0,0.0,72.0,3.0,135.0,18.0,0.0
240,53,5,1880.0,2070.0,491.0,0.0,344.0,2691.0,57.15186355862166,10267.0264,10324.17826355862,2004.0,47.0,21.0,228.0,144.0,30.0,27.0,0.0,72.0,3.0,135.0,18.0,0.0
240,54,5,1837.0,2103.0,471.0,0.0,286.0,2691.0,98.97740109876005,10739.235599999995,10838.213001098755,2004.0,47.0,21.0,228.0,144.0,30.0,27.0,0.0,72.0,3.0,135.0,18.0,0.0
240,55,5,1844.0,2128.0,457.0,0.0,318.0,2691.0,55.91167018753889,9771.3036,9827.215270187538,2004.0,47.0,21.0,228.0,144.0,30.0,27.0,0.0,72.0,3.0,135.0,18.0,0.0
240,56,5,1859.0,2107.0,477.0,0.0,276.0,2691.0,56.21317239816777,11110.977599999991,11167.19077239816,2004.0,47.0,21.0,228.0,144.0,30.0,27.0,0.0,72.0,3.0,135.0,18.0,0.0
240,57,5,1852.0,2088.0,486.0,0.0,297.0,2691.0,56.484728331467764,10632.489199999996,10688.973928331465,2004.0,47.0,21.0,228.0,144.0,30.0,27.0,0.0,72.0,3.0,135.0,18.0,0.0
240,58,5,1865.0,2125.0,462.0,0.0,300.0,2691.0,136.84152212422654,9901.964399999997,10038.805922124224,2004.0,47.0,21.0,228.0,144.0,30.0,27.0,0.0,72.0,3.0,135.0,18.0,0.0
240,59,5,1840.0,2060.0,498.0,0.0,341.0,2691.0,57.88541421325991,11480.381599999997,11538.267014213256,2004.0,47.0,21.0,228.0,144.0,30.0,27.0,0.0,72.0,3.0,135.0,18.0,0.0
240,60,6,1829.0,2139.0,457.0,0.0,326.0,2691.0,59.13815093099679,10962.614799999992,11021.75295093099,2004.0,47.0,21.0,228.0,144.0,30.0,27.0,0.0,72.0,3.0,135.0,18.0,0.0
240,61,6,1841.0,2141.0,447.0,0.0,350.0,2691.0,57.33816225728913,9800.6956,9858.033762257288,2004.0,47.0,21.0,228.0,144.0,30.0,27.0,0.0,72.0,3.0,135.0,18.0,0.0
240,62,6,1812.0,2126.0,449.0,0.0,277.0,2691.0,56.74815684963958,10593.745200000003,10650.493356849642,2004.0,47.0,21.0,228.0,144.0,30.0,27.0,0.0,72.0,3.0,135.0,18.0,0.0
240,63,6,1855.0,2075.0,509.0,0.0,336.0,2691.0,95.0306830622252,9772.6396,9867.670283062225,2004.0,47.0,21.0,228.0,144.0,30.0,27.0,0.0,72.0,3.0,135.0,18.0,0.0
240,64,6,1854.0,2103.0,487.0,0.0,309.0,2691.0,58.40035854859628,10401.094,10459.494358548596,2004.0,47.0,21.0,228.0,144.0,30.0,27.0,0.0,72.0,3.0,135.0,18.0,0.0
240,65,6,1870.0,2086.0,491.0,0.0,306.0,2691.0,55.60750173014851,10410.045199999999,10465.652701730149,2004.0,47.0,21.0,228.0,144.0,30.0,27.0,0.0,72.0,3.0,135.0,18.0,0.0
240,66,6,1887.0,2106.0,476.0,0.0,256.0,2691.0,138.8558180677668,8846.457599999998,8985.313418067766,2004.0,47.0,21.0,228.0,144.0,30.0,27.0,0.0,72.0,3.0,135.0,18.0,0.0
240,67,6,1865.0,2093.0,472.0,0.0,340.0,2691.0,56.87517832380782,10584.526800000001,10641.401978323809,2004.0,47.0,21.0,228.0,144.0,30.0,27.0,0.0,72.0,3.0,135.0,18.0,0.0
240,68,6,1843.0,2071.0,481.0,0.0,311.0,2691.0,97.41631970612457,9269.234799999998,9366.651119706125,2004.0,47.0,21.0,228.0,144.0,30.0,27.0,0.0,72.0,3.0,135.0,18.0,0.0
240,69,6,1840.0,2119.0,456.0,0.0,300.0,2691.0,97.04586274025728,10409.510799999996,10506.556662740253,2004.0,47.0,21.0,228.0,144.0,30.0,27.0,0.0,72.0,3.0,135.0,18.0,0.0
240,70,6,1894.0,2120.0,468.0,0.0,292.0,2691.0,58.67968015691909,12628.07239999999,12686.752080156908,2004.0,47.0,21.0,228.0,144.0,30.0,27.0,0.0,72.0,3.0,135.0,18.0,0.0
240,71,6,1862.0,2135.0,459.0,0.0,291.0,2691.0,56.65537269632284,10804.165199999996,10860.820572696317,2004.0,47.0,21.0,228.0,144.0,30.0,27.0,0.0,72.0,3.0,135.0,18.0,0.0
240,72,7,1843.0,2113.0,453.0,0.0,348.0,2691.0,96.9607716887421,11075.974399999997,11172.93517168874,2004.0,47.0,21.0,228.0,144.0,30.0,27.0,0.0,72.0,3.0,135.0,18.0,0.0
240,73,7,1834.0,2070.0,530.0,0.0,283.0,2691.0,57.6776489827076,10010.915199999998,10068.592848982706,2004.0,47.0,21.0,228.0,144.0,30.0,27.0,0.0,72.0,3.0,135.0,18.0,0.0
240,74,7,1832.0,2112.0,470.0,0.0,319.0,2691.0,56.298029595470226,11412.980399999995,11469.278429595464,2004.0,47.0,21.0,228.0,144.0,30.0,27.0,0.0,72.0,3.0,135.0,18.0,0.0
240,75,7,1847.0,2119.0,471.0,0.0,310.0,2691.0,15.721516087187249,10293.545999999997,10309.267516087184,2004.0,47.0,21.0,228.0,144.0,30.0,27.0,0.0,72.0,3.0,135.0,18.0,0.0
240,76,7,1796.0,2130.0,463.0,0.0,330.0,2691.0,17.131373384971653,9903.701199999998,9920.832573384969,2004.0,47.0,21.0,228.0,144.0,30.0,27.0,0.0,72.0,3.0,135.0,18.0,0.0
240,77,7,1842.0,2129.0,459.0,0.0,333.0,2691.0,57.12641233836911,11220.663199999999,11277.789612338369,2004.0,47.0,21.0,228.0,144.0,30.0,27.0,0.0,72.0,3.0,135.0,18.0,0.0
240,78,7,1858.0,2092.0,503.0,0.0,327.0,2691.0,98.14974583967424,11099.421199999993,11197.570945839667,2004.0,47.0,21.0,228.0,144.0,30.0,27.0,0.0,72.0,3.0,135.0,18.0,0.0
240,79,7,1793.0,2141.0,452.0,0.0,315.0,2691.0,55.50694186680984,11333.755600000002,11389.262541866812,2004.0,47.0,21.0,228.0,144.0,30.0,27.0,0.0,72.0,3.0,135.0,18.0,0.0
240,80,7,1848.0,2123.0,461.0,0.0,302.0,2691.0,15.38690285963041,9690.475600000005,9705.862502859634,2004.0,47.0,21.0,228.0,144.0,30.0,27.0,0.0,72.0,3.0,135.0,18.0,0.0
240,81,7,1828.0,2080.0,508.0,0.0,280.0,2691.0,16.458946916809545,9921.002399999994,9937.461346916803,2004.0,47.0,21.0,228.0,144.0,30.0,27.0,0.0,72.0,3.0,135.0,18.0,0.0
240,82,7,1820.0,2071.0,500.0,0.0,259.0,2691.0,57.77637530139938,11110.977599999993,11168.753975301392,2004.0,47.0,21.0,228.0,144.0,30.0,27.0,0.0,72.0,3.0,135.0,18.0,0.0
240,83,7,1843.0,2102.0,480.0,0.0,350.0,2691.0,16.923628726079713,10104.501999999993,10121.425628726074,2004.0,47.0,21.0,228.0,144.0,30.0,27.0,0.0,72.0,3.0,135.0,18.0,0.0
240,84,8,1855.0,2111.0,474.0,0.0,296.0,2691.0,96.82286889856161,10577.980399999991,10674.803268898553,2004.0,47.0,21.0,228.0,144.0,30.0,27.0,0.0,72.0,3.0,135.0,18.0,0.0
240,85,8,1867.0,2076.0,505.0,0.0,323.0,2691.0,96.81614076882573,9476.047599999998,9572.863740768822,2004.0,47.0,21.0,228.0,144.0,30.0,27.0,0.0,72.0,3.0,135.0,18.0,0.0
240,86,8,1845.0,2126.0,460.0,0.0,313.0,2691.0,56.097470777771306,9754.7372,9810.834670777771,2004.0,47.0,21.0,228.0,144.0,30.0,27.0,0.0,72.0,3.0,135.0,18.0,0.0
240,87,8,1794.0,2101.0,487.0,0.0,296.0,2691.0,56.71705527028486,11062.347199999995,11119.06425527028,2004.0,47.0,21.0,228.0,144.0,30.0,27.0,0.0,72.0,3.0,135.0,18.0,0.0
240,88,8,1856.0,2136.0,447.0,0.0,319.0,2691.0,14.564536679365531,11712.778799999993,11727.343336679358,2004.0,47.0,21.0,228.0,144.0,30.0,27.0,0.0,72.0,3.0,135.0,18.0,0.0
240,89,8,1848.0,2094.0,488.0,0.0,288.0,2691.0,57.727920349603366,10006.038799999995,10063.766720349597,2004.0,47.0,21.0,228.0,144.0,30.0,27.0,0.0,72.0,3.0,135.0,18.0,0.0
240,90,8,1824.0,2117.0,483.0,0.0,298.0,2691.0,17.351059294890327,11763.54679999999,11780.897859294879,2004.0,47.0,21.0,228.0,144.0,30.0,27.0,0.0,72.0,3.0,135.0,18.0,0.0
240,91,8,1870.0,2120.0,465.0,0.0,285.0,2691.0,55.85750382939267,11216.922399999989,11272.779903829382,2004.0,47.0,21.0,228.0,144.0,30.0,27.0,0.0,72.0,3.0,135.0,18.0,0.0
240,92,8,1846.0,2119.0,464.0,0.0,264.0,2691.0,16.227926715979272,10501.0936,10517.32152671598,2004.0,47.0,21.0,228.0,144.0,30.0,27.0,0.0,72.0,3.0,135.0,18.0,0.0
240,93,8,1859.0,2111.0,484.0,0.0,300.0,2691.0,15.906147091657495,9581.925599999995,9597.831747091652,2004.0,47.0,21.0,228.0,144.0,30.0,27.0,0.0,72.0,3.0,135.0,18.0,0.0
240,94,8,1877.0,2107.0,476.0,0.0,306.0,2691.0,98.03012452250537,10139.572000000002,10237.602124522507,2004.0,47.0,21.0,228.0,144.0,30.0,27.0,0.0,72.0,3.0,135.0,18.0,0.0
240,95,8,1889.0,2077.0,510.0,0.0,274.0,2691.0,55.14310100305782,11347.850399999996,11402.993501003053,2004.0,47.0,21.0,228.0,144.0,30.0,27.0,0.0,72.0,3.0,135.0,18.0,0.0
240,96,9,1892.0,2072.0,502.0,0.0,309.0,2691.0,15.277774535481576,9864.8236,9880.101374535481,2004.0,47.0,21.0,228.0,144.0,30.0,27.0,0.0,72.0,3.0,135.0,18.0,0.0
240,97,9,1853.0,2117.0,480.0,0.0,307.0,2691.0,55.38749655161147,9693.548400000001,9748.935896551613,2004.0,47.0,21.0,228.0,144.0,30.0,27.0,0.0,72.0,3.0,135.0,18.0,0.0
240,98,9,1875.0,2147.0,458.0,0.0,256.0,2691.0,218.36947641215147,9883.794800000001,10102.164276412153,2004.0,47.0,21.0,228.0,144.0,30.0,27.0,0.0,72.0,3.0,135.0,18.0,0.0
240,99,9,1885.0,2100.0,482.0,0.0,299.0,2691.0,16.86251014956597,9794.4832,9811.345710149566,2004.0,47.0,21.0,228.0,144.0,30.0,27.0,0.0,72.0,3.0,135.0,18.0,0.0
240,100,9,1885.0,2104.0,472.0,0.0,330.0,2691.0,57.55309366490529,10720.197599999989,10777.750693664895,2004.0,47.0,21.0,228.0,144.0,30.0,27.0,0.0,72.0,3.0,135.0,18.0,0.0
240,101,9,1872.0,2079.0,495.0,0.0,302.0,2691.0,15.31013299629386,9782.793200000004,9798.103332996297,2004.0,47.0,21.0,228.0,144.0,30.0,27.0,0.0,72.0,3.0,135.0,18.0,0.0
240,102,9,1805.0,2106.0,456.0,0.0,308.0,2691.0,97.56218260514439,11355.665999999992,11453.228182605137,2004.0,47.0,21.0,228.0,144.0,30.0,27.0,0.0,72.0,3.0,135.0,18.0,0.0
240,103,9,1841.0,2093.0,485.0,0.0,320.0,2691.0,56.70024132780419,10009.913199999999,10066.613441327803,2004.0,47.0,21.0,228.0,144.0,30.0,27.0,0.0,72.0,3.0,135.0,18.0,0.0
240,104,9,1860.0,2088.0,478.0,0.0,292.0,2691.0,56.651074351319245,11258.805999999993,11315.457074351314,2004.0,47.0,21.0,228.0,144.0,30.0,27.0,0.0,72.0,3.0,135.0,18.0,0.0
240,105,9,1883.0,2138.0,437.0,0.0,292.0,2691.0,135.73359305506892,9723.608399999994,9859.341993055063,2004.0,47.0,21.0,228.0,144.0,30.0,27.0,0.0,72.0,3.0,135.0,18.0,0.0
240,106,9,1828.0,2121.0,476.0,0.0,305.0,2691.0,17.203446466305667,10421.134000000002,10438.337446466307,2004.0,47.0,21.0,228.0,144.0,30.0,27.0,0.0,72.0,3.0,135.0,18.0,0.0
240,107,9,1879.0,2090.0,474.0,0.0,329.0,2691.0,56.465087119672255,11654.863199999987,11711.32828711966,2004.0,47.0,21.0,228.0,144.0,30.0,27.0,0.0,72.0,3.0,135.0,18.0,0.0
240,108,10,1860.0,2116.0,470.0,0.0,313.0,2691.0,14.95064442684038,10839.0348,10853.985444426839,2004.0,47.0,21.0,228.0,144.0,30.0,27.0,0.0,72.0,3.0,135.0,18.0,0.0
240,109,10,1848.0,2099.0,478.0,0.0,303.0,2691.0,57.62729588314134,9029.8904,9087.517695883143,2004.0,47.0,21.0,228.0,144.0,30.0,27.0,0.0,72.0,3.0,135.0,18.0,0.0
240,110,10,1854.0,2100.0,481.0,0.0,314.0,2691.0,16.0910069229596,11125.53999999999,11141.63100692295,2004.0,47.0,21.0,228.0,144.0,30.0,27.0,0.0,72.0,3.0,135.0,18.0,0.0
240,111,10,1869.0,2144.0,442.0,0.0,337.0,2691.0,16.547605763368868,10916.322399999995,10932.870005763365,2004.0,47.0,21.0,228.0,144.0,30.0,27.0,0.0,72.0,3.0,135.0,18.0,0.0
240,112,10,1911.0,2110.0,468.0,0.0,309.0,2691.0,57.23940244442343,10353.7328,10410.972202444422,2004.0,47.0,21.0,228.0,144.0,30.0,27.0,0.0,72.0,3.0,135.0,18.0,0.0
240,113,10,1879.0,2127.0,460.0,0.0,315.0,2691.0,15.730910388551157,10755.935599999997,10771.66651038855,2004.0,47.0,21.0,228.0,144.0,30.0,27.0,0.0,72.0,3.0,135.0,18.0,0.0
240,114,10,1803.0,2138.0,451.0,0.0,307.0,2691.0,17.108239704449463,10687.131599999997,10704.239839704447,2004.0,47.0,21.0,228.0,144.0,30.0,27.0,0.0,72.0,3.0,135.0,18.0,0.0
240,115,10,1819.0,2117.0,471.0,0.0,348.0,2691.0,16.33659658503806,9673.374799999998,9689.711396585033,2004.0,47.0,21.0,228.0,144.0,30.0,27.0,0.0,72.0,3.0,135.0,18.0,0.0
240,116,10,1860.0,2096.0,489.0,0.0,288.0,2691.0,56.0596059180873,9327.284000000003,9383.34360591809,2004.0,47.0,21.0,228.0,144.0,30.0,27.0,0.0,72.0,3.0,135.0,18.0,0.0
240,117,10,1871.0,2096.0,462.0,0.0,327.0,2691.0,99.3876249582033,10257.473999999995,10356.8616249582,2004.0,47.0,21.0,228.0,144.0,30.0,27.0,0.0,72.0,3.0,135.0,18.0,0.0
240,118,10,1823.0,2128.0,441.0,0.0,319.0,2691.0,56.15304900546865,10858.941199999996,10915.094249005464,2004.0,47.0,21.0,228.0,144.0,30.0,27.0,0.0,72.0,3.0,135.0,18.0,0.0
240,119,10,1854.0,2161.0,418.0,0.0,324.0,2691.0,18.24156950880074,10174.241199999999,10192.482769508799,2004.0,47.0,21.0,228.0,144.0,30.0,27.0,0.0,72.0,3.0,135.0,18.0,0.0
241,0,1,1835.0,2129.0,465.0,0.0,308.0,2691.0,18.650142509425976,8775.3824,8794.032542509427,2004.0,47.0,21.0,228.0,144.0,30.0,27.0,0.0,72.0,3.0,135.0,18.0,0.0
241,1,1,1857.0,2094.0,488.0,0.0,335.0,2691.0,97.68910207526196,8373.3132,8471.002302075263,2004.0,47.0,21.0,228.0,144.0,30.0,27.0,0.0,72.0,3.0,135.0,18.0,0.0
241,2,1,1866.0,2074.0,513.0,0.0,298.0,2691.0,98.32772944457422,10164.221199999998,10262.548929444572,2004.0,47.0,21.0,228.0,144.0,30.0,27.0,0.0,72.0,3.0,135.0,18.0,0.0
241,3,1,1841.0,2127.0,462.0,0.0,301.0,2691.0,58.22292267787259,8958.347600000001,9016.570522677874,2004.0,47.0,21.0,228.0,144.0,30.0,27.0,0.0,72.0,3.0,135.0,18.0,0.0
241,4,1,1828.0,2134.0,447.0,0.0,287.0,2691.0,56.29884489774641,9422.140000000001,9478.438844897748,2004.0,47.0,21.0,228.0,144.0,30.0,27.0,0.0,72.0,3.0,135.0,18.0,0.0
241,5,1,1883.0,2126.0,467.0,0.0,301.0,2691.0,57.4876758548248,8943.451199999996,9000.93887585482,2004.0,47.0,21.0,228.0,144.0,30.0,27.0,0.0,72.0,3.0,135.0,18.0,0.0
241,6,1,1923.0,2106.0,468.0,0.0,310.0,2691.0,59.84973440171435,10201.762800000004,10261.61253440172,2004.0,47.0,21.0,228.0,144.0,30.0,27.0,0.0,72.0,3.0,135.0,18.0,0.0
241,7,1,1842.0,2082.0,496.0,0.0,332.0,2691.0,58.93476795534462,8619.270800000004,8678.205567955349,2004.0,47.0,21.0,228.0,144.0,30.0,27.0,0.0,72.0,3.0,135.0,18.0,0.0
241,8,1,1874.0,2075.0,511.0,0.0,308.0,2691.0,16.897217249850986,8885.468799999995,8902.366017249848,2004.0,47.0,21.0,228.0,144.0,30.0,27.0,0.0,72.0,3.0,135.0,18.0,0.0
241,9,1,1859.0,2108.0,476.0,0.0,319.0,2691.0,100.17138393343342,9620.536000000004,9720.707383933437,2004.0,47.0,21.0,228.0,144.0,30.0,27.0,0.0,72.0,3.0,135.0,18.0,0.0
241,10,1,1845.0,2102.0,477.0,0.0,302.0,2691.0,139.90513227238318,8679.257200000002,8819.162332272384,2004.0,47.0,21.0,228.0,144.0,30.0,27.0,0.0,72.0,3.0,135.0,18.0,0.0
241,11,1,1905.0,2122.0,465.0,0.0,338.0,2691.0,16.483984235373924,8933.898799999995,8950.382784235371,2004.0,47.0,21.0,228.0,144.0,30.0,27.0,0.0,72.0,3.0,135.0,18.0,0.0
241,12,2,1846.0,2087.0,488.0,0.0,360.0,2691.0,59.51225954317157,8729.424000000003,8788.936259543174,2004.0,47.0,21.0,228.0,144.0,30.0,27.0,0.0,72.0,3.0,135.0,18.0,0.0
241,13,2,1848.0,2100.0,476.0,0.0,283.0,2691.0,139.73374967998535,9169.836400000006,9309.570149679992,2004.0,47.0,21.0,228.0,144.0,30.0,27.0,0.0,72.0,3.0,135.0,18.0,0.0
241,14,2,1860.0,2105.0,475.0,0.0,304.0,2691.0,17.105871612187542,10937.965599999996,10955.071471612184,2004.0,47.0,21.0,228.0,144.0,30.0,27.0,0.0,72.0,3.0,135.0,18.0,0.0
241,15,2,1865.0,2119.0,465.0,0.0,307.0,2691.0,98.3100590721828,9412.2536,9510.563659072184,2004.0,47.0,21.0,228.0,144.0,30.0,27.0,0.0,72.0,3.0,135.0,18.0,0.0
241,16,2,1885.0,2106.0,470.0,0.0,338.0,2691.0,57.5399051293932,8110.321600000005,8167.861505129398,2004.0,47.0,21.0,228.0,144.0,30.0,27.0,0.0,72.0,3.0,135.0,18.0,0.0
241,17,2,1839.0,2105.0,475.0,0.0,324.0,2691.0,59.11241949875717,8248.464,8307.576419498757,2004.0,47.0,21.0,228.0,144.0,30.0,27.0,0.0,72.0,3.0,135.0,18.0,0.0
241,18,2,1852.0,2118.0,467.0,0.0,334.0,2691.0,17.429761007081993,8786.003599999996,8803.433361007079,2004.0,47.0,21.0,228.0,144.0,30.0,27.0,0.0,72.0,3.0,135.0,18.0,0.0
241,19,2,1856.0,2103.0,472.0,0.0,334.0,2691.0,58.20846344117085,9524.2104,9582.418863441171,2004.0,47.0,21.0,228.0,144.0,30.0,27.0,0.0,72.0,3.0,135.0,18.0,0.0
241,20,2,1830.0,2123.0,457.0,0.0,313.0,2691.0,55.79396980157701,8694.420799999998,8750.214769801576,2004.0,47.0,21.0,228.0,144.0,30.0,27.0,0.0,72.0,3.0,135.0,18.0,0.0
241,21,2,1840.0,2123.0,470.0,0.0,335.0,2691.0,58.606725897535796,10410.5128,10469.119525897537,2004.0,47.0,21.0,228.0,144.0,30.0,27.0,0.0,72.0,3.0,135.0,18.0,0.0
241,22,2,1854.0,2084.0,482.0,0.0,328.0,2691.0,180.14537132375588,9063.758000000002,9243.903371323757,2004.0,47.0,21.0,228.0,144.0,30.0,27.0,0.0,72.0,3.0,135.0,18.0,0.0
241,23,2,1843.0,2107.0,485.0,0.0,318.0,2691.0,16.247072707400648,8267.435200000004,8283.682272707403,2004.0,47.0,21.0,228.0,144.0,30.0,27.0,0.0,72.0,3.0,135.0,18.0,0.0
241,24,3,1852.0,2125.0,465.0,0.0,342.0,2691.0,58.68794841008474,8591.281599999998,8649.969548410085,2004.0,47.0,21.0,228.0,144.0,30.0,27.0,0.0,72.0,3.0,135.0,18.0,0.0
241,25,3,1887.0,2096.0,483.0,0.0,366.0,2691.0,17.153893267252997,9122.274800000001,9139.428693267253,2004.0,47.0,21.0,228.0,144.0,30.0,27.0,0.0,72.0,3.0,135.0,18.0,0.0
241,26,3,1853.0,2075.0,508.0,0.0,335.0,2691.0,58.50277454316189,9439.040399999996,9497.543174543158,2004.0,47.0,21.0,228.0,144.0,30.0,27.0,0.0,72.0,3.0,135.0,18.0,0.0
241,27,3,1865.0,2125.0,464.0,0.0,270.0,2691.0,100.5689210908819,8422.745200000001,8523.314121090883,2004.0,47.0,21.0,228.0,144.0,30.0,27.0,0.0,72.0,3.0,135.0,18.0,0.0
241,28,3,1854.0,2123.0,456.0,0.0,304.0,2691.0,58.091984363651086,8549.798800000004,8607.890784363657,2004.0,47.0,21.0,228.0,144.0,30.0,27.0,0.0,72.0,3.0,135.0,18.0,0.0
241,29,3,1855.0,2129.0,472.0,0.0,281.0,2691.0,139.44091321505115,7919.474,8058.914913215051,2004.0,47.0,21.0,228.0,144.0,30.0,27.0,0.0,72.0,3.0,135.0,18.0,0.0
241,30,3,1911.0,2066.0,521.0,0.0,297.0,2691.0,58.8796746684872,9275.380399999995,9334.260074668482,2004.0,47.0,21.0,228.0,144.0,30.0,27.0,0.0,72.0,3.0,135.0,18.0,0.0
241,31,3,1844.0,2135.0,448.0,0.0,333.0,2691.0,56.65118194665095,9377.851600000002,9434.502781946652,2004.0,47.0,21.0,228.0,144.0,30.0,27.0,0.0,72.0,3.0,135.0,18.0,0.0
241,32,3,1848.0,2147.0,444.0,0.0,288.0,2691.0,98.444370669882,8522.544400000006,8620.988770669886,2004.0,47.0,21.0,228.0,144.0,30.0,27.0,0.0,72.0,3.0,135.0,18.0,0.0
241,33,3,1847.0,2120.0,472.0,0.0,262.0,2691.0,98.7889868617581,9724.743999999995,9823.532986861754,2004.0,47.0,21.0,228.0,144.0,30.0,27.0,0.0,72.0,3.0,135.0,18.0,0.0
241,34,3,1867.0,2106.0,469.0,0.0,339.0,2691.0,57.90727100120164,9414.5916,9472.498871001204,2004.0,47.0,21.0,228.0,144.0,30.0,27.0,0.0,72.0,3.0,135.0,18.0,0.0
241,35,3,1834.0,2091.0,475.0,0.0,372.0,2691.0,182.1215755877875,10018.530399999996,10200.651975587785,2004.0,47.0,21.0,228.0,144.0,30.0,27.0,0.0,72.0,3.0,135.0,18.0,0.0
241,36,4,1826.0,2100.0,476.0,0.0,327.0,2691.0,138.2319136911332,9641.310799999997,9779.542713691131,2004.0,47.0,21.0,228.0,144.0,30.0,27.0,0.0,72.0,3.0,135.0,18.0,0.0
241,37,4,1824.0,2118.0,464.0,0.0,297.0,2691.0,60.68919822438955,9804.703599999997,9865.392798224388,2004.0,47.0,21.0,228.0,144.0,30.0,27.0,0.0,72.0,3.0,135.0,18.0,0.0
241,38,4,1865.0,2100.0,492.0,0.0,339.0,2691.0,18.22424523504394,9497.0896,9515.313845235045,2004.0,47.0,21.0,228.0,144.0,30.0,27.0,0.0,72.0,3.0,135.0,18.0,0.0
241,39,4,1867.0,2074.0,507.0,0.0,336.0,2691.0,139.84108253097796,9455.606799999998,9595.447882530974,2004.0,47.0,21.0,228.0,144.0,30.0,27.0,0.0,72.0,3.0,135.0,18.0,0.0
241,40,4,1885.0,2125.0,456.0,0.0,315.0,2691.0,138.59511078693603,9274.445200000002,9413.040310786937,2004.0,47.0,21.0,228.0,144.0,30.0,27.0,0.0,72.0,3.0,135.0,18.0,0.0
241,41,4,1838.0,2108.0,472.0,0.0,326.0,2691.0,99.52851302773648,9397.557600000002,9497.086113027739,2004.0,47.0,21.0,228.0,144.0,30.0,27.0,0.0,72.0,3.0,135.0,18.0,0.0
241,42,4,1776.0,2119.0,468.0,0.0,287.0,2691.0,98.20661526532308,8260.020400000005,8358.227015265327,2004.0,47.0,21.0,228.0,144.0,30.0,27.0,0.0,72.0,3.0,135.0,18.0,0.0
241,43,4,1854.0,2062.0,501.0,0.0,359.0,2691.0,58.419911044274755,9006.042799999997,9064.462711044273,2004.0,47.0,21.0,228.0,144.0,30.0,27.0,0.0,72.0,3.0,135.0,18.0,0.0
241,44,4,1844.0,2119.0,465.0,0.0,342.0,2691.0,99.66219017896982,8997.626,9097.28819017897,2004.0,47.0,21.0,228.0,144.0,30.0,27.0,0.0,72.0,3.0,135.0,18.0,0.0
241,45,4,1896.0,2089.0,481.0,0.0,317.0,2691.0,57.06265296187388,8382.665199999996,8439.72785296187,2004.0,47.0,21.0,228.0,144.0,30.0,27.0,0.0,72.0,3.0,135.0,18.0,0.0
241,46,4,1872.0,2087.0,488.0,0.0,298.0,2691.0,56.87915766520904,9571.7052,9628.58435766521,2004.0,47.0,21.0,228.0,144.0,30.0,27.0,0.0,72.0,3.0,135.0,18.0,0.0
241,47,4,1863.0,2123.0,461.0,0.0,317.0,2691.0,15.77652356416569,8642.116400000003,8657.892923564168,2004.0,47.0,21.0,228.0,144.0,30.0,27.0,0.0,72.0,3.0,135.0,18.0,0.0
241,48,5,1840.0,2093.0,485.0,0.0,317.0,2691.0,18.37345132503418,9330.356800000001,9348.730251325036,2004.0,47.0,21.0,228.0,144.0,30.0,27.0,0.0,72.0,3.0,135.0,18.0,0.0
241,49,5,1844.0,2128.0,462.0,0.0,321.0,2691.0,18.633258138645125,9002.903200000004,9021.53645813865,2004.0,47.0,21.0,228.0,144.0,30.0,27.0,0.0,72.0,3.0,135.0,18.0,0.0
241,50,5,1856.0,2104.0,465.0,0.0,318.0,2691.0,140.48956175638816,9880.521600000002,10021.01116175639,2004.0,47.0,21.0,228.0,144.0,30.0,27.0,0.0,72.0,3.0,135.0,18.0,0.0
241,51,5,1885.0,2113.0,481.0,0.0,312.0,2691.0,138.452851570619,9068.300399999996,9206.753251570617,2004.0,47.0,21.0,228.0,144.0,30.0,27.0,0.0,72.0,3.0,135.0,18.0,0.0
241,52,5,1880.0,2073.0,487.0,0.0,350.0,2691.0,58.78309699066596,9012.722800000005,9071.505896990671,2004.0,47.0,21.0,228.0,144.0,30.0,27.0,0.0,72.0,3.0,135.0,18.0,0.0
241,53,5,1837.0,2102.0,472.0,0.0,291.0,2691.0,100.50090383782361,9231.292399999995,9331.793303837818,2004.0,47.0,21.0,228.0,144.0,30.0,27.0,0.0,72.0,3.0,135.0,18.0,0.0
241,54,5,1844.0,2130.0,453.0,0.0,340.0,2691.0,56.77623593794354,8783.131200000002,8839.907435937945,2004.0,47.0,21.0,228.0,144.0,30.0,27.0,0.0,72.0,3.0,135.0,18.0,0.0
241,55,5,1859.0,2101.0,482.0,0.0,286.0,2691.0,16.517998079136987,9291.612799999999,9308.130798079135,2004.0,47.0,21.0,228.0,144.0,30.0,27.0,0.0,72.0,3.0,135.0,18.0,0.0
241,56,5,1852.0,2087.0,486.0,0.0,314.0,2691.0,18.277031505285137,9545.586400000002,9563.863431505286,2004.0,47.0,21.0,228.0,144.0,30.0,27.0,0.0,72.0,3.0,135.0,18.0,0.0
241,57,5,1865.0,2103.0,483.0,0.0,317.0,2691.0,139.05127324850199,8175.852400000005,8314.903673248507,2004.0,47.0,21.0,228.0,144.0,30.0,27.0,0.0,72.0,3.0,135.0,18.0,0.0
241,58,5,1840.0,2064.0,495.0,0.0,347.0,2691.0,59.74781112354894,9189.676000000001,9249.42381112355,2004.0,47.0,21.0,228.0,144.0,30.0,27.0,0.0,72.0,3.0,135.0,18.0,0.0
241,59,5,1829.0,2139.0,456.0,0.0,339.0,2691.0,60.19591414333603,9416.461999999996,9476.657914143332,2004.0,47.0,21.0,228.0,144.0,30.0,27.0,0.0,72.0,3.0,135.0,18.0,0.0
241,60,6,1841.0,2139.0,448.0,0.0,353.0,2691.0,58.754175746839834,8346.793600000005,8405.547775746843,2004.0,47.0,21.0,228.0,144.0,30.0,27.0,0.0,72.0,3.0,135.0,18.0,0.0
241,61,6,1812.0,2131.0,445.0,0.0,296.0,2691.0,57.673573651976795,9184.866400000003,9242.539973651981,2004.0,47.0,21.0,228.0,144.0,30.0,27.0,0.0,72.0,3.0,135.0,18.0,0.0
241,62,6,1855.0,2073.0,512.0,0.0,341.0,2691.0,96.25611296026592,8462.0236,8558.279712960266,2004.0,47.0,21.0,228.0,144.0,30.0,27.0,0.0,72.0,3.0,135.0,18.0,0.0
241,63,6,1854.0,2093.0,497.0,0.0,326.0,2691.0,17.539710722341503,9249.328400000004,9266.868110722346,2004.0,47.0,21.0,228.0,144.0,30.0,27.0,0.0,72.0,3.0,135.0,18.0,0.0
241,64,6,1870.0,2094.0,482.0,0.0,322.0,2691.0,97.45764218762905,9007.779600000002,9105.237242187632,2004.0,47.0,21.0,228.0,144.0,30.0,27.0,0.0,72.0,3.0,135.0,18.0,0.0
241,65,6,1887.0,2109.0,472.0,0.0,281.0,2691.0,180.35178541875428,7442.588800000003,7622.940585418758,2004.0,47.0,21.0,228.0,144.0,30.0,27.0,0.0,72.0,3.0,135.0,18.0,0.0
241,66,6,1865.0,2088.0,476.0,0.0,346.0,2691.0,140.16892565138565,9436.301600000006,9576.470525651392,2004.0,47.0,21.0,228.0,144.0,30.0,27.0,0.0,72.0,3.0,135.0,18.0,0.0
241,67,6,1843.0,2070.0,480.0,0.0,338.0,2691.0,99.8915643112569,8147.996800000001,8247.888364311259,2004.0,47.0,21.0,228.0,144.0,30.0,27.0,0.0,72.0,3.0,135.0,18.0,0.0
241,68,6,1840.0,2118.0,456.0,0.0,316.0,2691.0,60.138152560919394,8674.380799999997,8734.518952560917,2004.0,47.0,21.0,228.0,144.0,30.0,27.0,0.0,72.0,3.0,135.0,18.0,0.0
241,69,6,1894.0,2119.0,468.0,0.0,318.0,2691.0,99.66146269286222,10658.875199999993,10758.536662692855,2004.0,47.0,21.0,228.0,144.0,30.0,27.0,0.0,72.0,3.0,135.0,18.0,0.0
241,70,6,1862.0,2135.0,460.0,0.0,310.0,2691.0,58.94027718029078,9820.000799999998,9878.941077180289,2004.0,47.0,21.0,228.0,144.0,30.0,27.0,0.0,72.0,3.0,135.0,18.0,0.0
241,71,6,1843.0,2108.0,458.0,0.0,353.0,2691.0,99.01845197275998,9214.458799999999,9313.47725197276,2004.0,47.0,21.0,228.0,144.0,30.0,27.0,0.0,72.0,3.0,135.0,18.0,0.0
241,72,7,1834.0,2071.0,528.0,0.0,311.0,2691.0,60.348943194118036,8510.4536,8570.80254319412,2004.0,47.0,21.0,228.0,144.0,30.0,27.0,0.0,72.0,3.0,135.0,18.0,0.0
241,73,7,1832.0,2114.0,466.0,0.0,338.0,2691.0,57.9535619213509,9951.195999999996,10009.149561921346,2004.0,47.0,21.0,228.0,144.0,30.0,27.0,0.0,72.0,3.0,135.0,18.0,0.0
241,74,7,1847.0,2114.0,476.0,0.0,329.0,2691.0,18.08920035209483,9101.366399999997,9119.455600352092,2004.0,47.0,21.0,228.0,144.0,30.0,27.0,0.0,72.0,3.0,135.0,18.0,0.0
241,75,7,1796.0,2127.0,466.0,0.0,334.0,2691.0,18.1487326865968,8762.957600000002,8781.106332686597,2004.0,47.0,21.0,228.0,144.0,30.0,27.0,0.0,72.0,3.0,135.0,18.0,0.0
241,76,7,1842.0,2137.0,450.0,0.0,343.0,2691.0,59.77792735973352,9959.078400000002,10018.856327359736,2004.0,47.0,21.0,228.0,144.0,30.0,27.0,0.0,72.0,3.0,135.0,18.0,0.0
241,77,7,1858.0,2105.0,488.0,0.0,343.0,2691.0,138.71803870284447,9646.454399999999,9785.17243870284,2004.0,47.0,21.0,228.0,144.0,30.0,27.0,0.0,72.0,3.0,135.0,18.0,0.0
241,78,7,1793.0,2144.0,448.0,0.0,325.0,2691.0,98.19228397924581,9741.778000000006,9839.970283979252,2004.0,47.0,21.0,228.0,144.0,30.0,27.0,0.0,72.0,3.0,135.0,18.0,0.0
241,79,7,1848.0,2121.0,464.0,0.0,304.0,2691.0,16.80594809408048,7972.7136000000055,7989.519548094086,2004.0,47.0,21.0,228.0,144.0,30.0,27.0,0.0,72.0,3.0,135.0,18.0,0.0
241,80,7,1828.0,2078.0,511.0,0.0,292.0,2691.0,18.374290027018727,8567.634399999999,8586.00869002702,2004.0,47.0,21.0,228.0,144.0,30.0,27.0,0.0,72.0,3.0,135.0,18.0,0.0
241,81,7,1820.0,2070.0,500.0,0.0,275.0,2691.0,58.52576165668237,9579.520799999995,9638.046561656678,2004.0,47.0,21.0,228.0,144.0,30.0,27.0,0.0,72.0,3.0,135.0,18.0,0.0
241,82,7,1843.0,2108.0,475.0,0.0,345.0,2691.0,57.98564391164268,8556.812799999996,8614.79844391164,2004.0,47.0,21.0,228.0,144.0,30.0,27.0,0.0,72.0,3.0,135.0,18.0,0.0
241,83,7,1855.0,2089.0,494.0,0.0,311.0,2691.0,97.49032946779215,9055.073999999997,9152.56432946779,2004.0,47.0,21.0,228.0,144.0,30.0,27.0,0.0,72.0,3.0,135.0,18.0,0.0
241,84,8,1867.0,2100.0,478.0,0.0,341.0,2691.0,18.201856038537848,9015.328000000003,9033.529856038542,2004.0,47.0,21.0,228.0,144.0,30.0,27.0,0.0,72.0,3.0,135.0,18.0,0.0
241,85,8,1845.0,2121.0,463.0,0.0,337.0,2691.0,17.25145526677668,9065.6952,9082.946655266776,2004.0,47.0,21.0,228.0,144.0,30.0,27.0,0.0,72.0,3.0,135.0,18.0,0.0
241,86,8,1794.0,2119.0,469.0,0.0,308.0,2691.0,140.01138634878234,9672.907199999998,9812.91858634878,2004.0,47.0,21.0,228.0,144.0,30.0,27.0,0.0,72.0,3.0,135.0,18.0,0.0
241,87,8,1856.0,2087.0,496.0,0.0,345.0,2691.0,17.091418096355582,9686.601199999994,9703.69261809635,2004.0,47.0,21.0,228.0,144.0,30.0,27.0,0.0,72.0,3.0,135.0,18.0,0.0
241,88,8,1848.0,2119.0,462.0,0.0,301.0,2691.0,17.43842786797369,8812.523199999998,8829.961627867971,2004.0,47.0,21.0,228.0,144.0,30.0,27.0,0.0,72.0,3.0,135.0,18.0,0.0
241,89,8,1824.0,2125.0,472.0,0.0,317.0,2691.0,18.59361746127358,9977.448399999992,9996.042017461266,2004.0,47.0,21.0,228.0,144.0,30.0,27.0,0.0,72.0,3.0,135.0,18.0,0.0
241,90,8,1870.0,2125.0,459.0,0.0,305.0,2691.0,59.10274512106322,10087.868799999991,10146.971545121054,2004.0,47.0,21.0,228.0,144.0,30.0,27.0,0.0,72.0,3.0,135.0,18.0,0.0
241,91,8,1846.0,2122.0,461.0,0.0,282.0,2691.0,17.543998004871472,9352.066800000002,9369.610798004875,2004.0,47.0,21.0,228.0,144.0,30.0,27.0,0.0,72.0,3.0,135.0,18.0,0.0
241,92,8,1859.0,2109.0,486.0,0.0,315.0,2691.0,17.747616265389645,8135.371599999997,8153.119216265386,2004.0,47.0,21.0,228.0,144.0,30.0,27.0,0.0,72.0,3.0,135.0,18.0,0.0
241,93,8,1877.0,2111.0,469.0,0.0,331.0,2691.0,140.7269263303616,8844.386800000004,8985.113726330366,2004.0,47.0,21.0,228.0,144.0,30.0,27.0,0.0,72.0,3.0,135.0,18.0,0.0
241,94,8,1889.0,2073.0,514.0,0.0,292.0,2691.0,139.1718662407548,9823.006799999996,9962.17866624075,2004.0,47.0,21.0,228.0,144.0,30.0,27.0,0.0,72.0,3.0,135.0,18.0,0.0
241,95,8,1892.0,2082.0,491.0,0.0,315.0,2691.0,16.388522987676232,8985.468399999998,9001.856922987674,2004.0,47.0,21.0,228.0,144.0,30.0,27.0,0.0,72.0,3.0,135.0,18.0,0.0
241,96,9,1853.0,2125.0,471.0,0.0,316.0,2691.0,56.9379114335776,8167.1016,8224.039511433577,2004.0,47.0,21.0,228.0,144.0,30.0,27.0,0.0,72.0,3.0,135.0,18.0,0.0
241,97,9,1875.0,2154.0,452.0,0.0,289.0,2691.0,139.37121000532665,9665.091600000002,9804.462810005327,2004.0,47.0,21.0,228.0,144.0,30.0,27.0,0.0,72.0,3.0,135.0,18.0,0.0
241,98,9,1885.0,2114.0,465.0,0.0,311.0,2691.0,60.19806089940121,8689.878400000001,8750.076460899401,2004.0,47.0,21.0,228.0,144.0,30.0,27.0,0.0,72.0,3.0,135.0,18.0,0.0
241,99,9,1885.0,2107.0,469.0,0.0,338.0,2691.0,58.9100191048114,9671.838399999991,9730.748419104802,2004.0,47.0,21.0,228.0,144.0,30.0,27.0,0.0,72.0,3.0,135.0,18.0,0.0
241,100,9,1872.0,2073.0,502.0,0.0,319.0,2691.0,17.135499947290803,8133.501200000006,8150.636699947297,2004.0,47.0,21.0,228.0,144.0,30.0,27.0,0.0,72.0,3.0,135.0,18.0,0.0
241,101,9,1805.0,2091.0,469.0,0.0,327.0,2691.0,140.26395255577924,9940.841999999991,10081.10595255577,2004.0,47.0,21.0,228.0,144.0,30.0,27.0,0.0,72.0,3.0,135.0,18.0,0.0
241,102,9,1841.0,2090.0,487.0,0.0,338.0,2691.0,59.08385138819249,9070.771999999999,9129.85585138819,2004.0,47.0,21.0,228.0,144.0,30.0,27.0,0.0,72.0,3.0,135.0,18.0,0.0
241,103,9,1860.0,2076.0,485.0,0.0,314.0,2691.0,97.19302643676355,9398.2256,9495.418626436764,2004.0,47.0,21.0,228.0,144.0,30.0,27.0,0.0,72.0,3.0,135.0,18.0,0.0
241,104,9,1883.0,2140.0,435.0,0.0,309.0,2691.0,137.7936992624821,8557.614399999997,8695.408099262477,2004.0,47.0,21.0,228.0,144.0,30.0,27.0,0.0,72.0,3.0,135.0,18.0,0.0
241,105,9,1828.0,2113.0,483.0,0.0,315.0,2691.0,98.28184478379376,8602.504000000004,8700.785844783797,2004.0,47.0,21.0,228.0,144.0,30.0,27.0,0.0,72.0,3.0,135.0,18.0,0.0
241,106,9,1879.0,2088.0,471.0,0.0,353.0,2691.0,58.76712735052695,10389.33719999999,10448.104327350517,2004.0,47.0,21.0,228.0,144.0,30.0,27.0,0.0,72.0,3.0,135.0,18.0,0.0
241,107,9,1860.0,2115.0,471.0,0.0,325.0,2691.0,16.523700188930782,8716.398,8732.92170018893,2004.0,47.0,21.0,228.0,144.0,30.0,27.0,0.0,72.0,3.0,135.0,18.0,0.0
241,108,10,1848.0,2111.0,465.0,0.0,337.0,2691.0,58.83480593156361,8243.387200000001,8302.222005931566,2004.0,47.0,21.0,228.0,144.0,30.0,27.0,0.0,72.0,3.0,135.0,18.0,0.0
241,109,10,1854.0,2103.0,479.0,0.0,327.0,2691.0,16.77992201467,9748.858799999996,9765.638722014666,2004.0,47.0,21.0,228.0,144.0,30.0,27.0,0.0,72.0,3.0,135.0,18.0,0.0
241,110,10,1869.0,2127.0,457.0,0.0,344.0,2691.0,99.56688095138345,9668.899199999994,9768.466080951379,2004.0,47.0,21.0,228.0,144.0,30.0,27.0,0.0,72.0,3.0,135.0,18.0,0.0
241,111,10,1911.0,2111.0,466.0,0.0,318.0,2691.0,58.232423724389434,8932.830000000002,8991.062423724394,2004.0,47.0,21.0,228.0,144.0,30.0,27.0,0.0,72.0,3.0,135.0,18.0,0.0
241,112,10,1879.0,2115.0,472.0,0.0,338.0,2691.0,100.1736726125855,9118.934799999997,9219.108472612583,2004.0,47.0,21.0,228.0,144.0,30.0,27.0,0.0,72.0,3.0,135.0,18.0,0.0
241,113,10,1803.0,2132.0,456.0,0.0,324.0,2691.0,59.47324547683069,9117.198,9176.671245476831,2004.0,47.0,21.0,228.0,144.0,30.0,27.0,0.0,72.0,3.0,135.0,18.0,0.0
241,114,10,1819.0,2111.0,478.0,0.0,343.0,2691.0,59.49169334593919,8574.1808,8633.672493345939,2004.0,47.0,21.0,228.0,144.0,30.0,27.0,0.0,72.0,3.0,135.0,18.0,0.0
241,115,10,1860.0,2103.0,482.0,0.0,315.0,2691.0,140.36510389051327,8661.354800000005,8801.719903890518,2004.0,47.0,21.0,228.0,144.0,30.0,27.0,0.0,72.0,3.0,135.0,18.0,0.0
241,116,10,1871.0,2088.0,469.0,0.0,351.0,2691.0,141.40949048155647,9194.418799999998,9335.828290481553,2004.0,47.0,21.0,228.0,144.0,30.0,27.0,0.0,72.0,3.0,135.0,18.0,0.0
241,117,10,1823.0,2116.0,454.0,0.0,348.0,2691.0,59.80112985037716,9334.231200000004,9394.03232985038,2004.0,47.0,21.0,228.0,144.0,30.0,27.0,0.0,72.0,3.0,135.0,18.0,0.0
241,118,10,1854.0,2138.0,440.0,0.0,334.0,2691.0,99.65257854536011,9178.520400000001,9278.172978545363,2004.0,47.0,21.0,228.0,144.0,30.0,27.0,0.0,72.0,3.0,135.0,18.0,0.0
241,119,10,1828.0,2121.0,464.0,0.0,342.0,2691.0,17.499741426040618,9132.0276,9149.52734142604,2004.0,47.0,21.0,228.0,144.0,30.0,27.0,0.0,72.0,3.0,135.0,18.0,0.0
242,0,1,1857.0,2097.0,487.0,0.0,325.0,2691.0,94.72541012859921,9038.173599999998,9132.899010128596,2004.0,47.0,21.0,228.0,144.0,30.0,27.0,0.0,72.0,3.0,135.0,18.0,0.0
242,1,1,1866.0,2065.0,522.0,0.0,285.0,2691.0,96.1344348174699,11493.207199999997,11589.341634817465,2004.0,47.0,21.0,228.0,144.0,30.0,27.0,0.0,72.0,3.0,135.0,18.0,0.0
242,2,1,1841.0,2129.0,461.0,0.0,291.0,2691.0,15.33803054037989,10233.091999999999,10248.430030540378,2004.0,47.0,21.0,228.0,144.0,30.0,27.0,0.0,72.0,3.0,135.0,18.0,0.0
242,3,1,1828.0,2134.0,448.0,0.0,279.0,2691.0,53.78460613768886,10347.654000000002,10401.43860613769,2004.0,47.0,21.0,228.0,144.0,30.0,27.0,0.0,72.0,3.0,135.0,18.0,0.0
242,4,1,1883.0,2129.0,464.0,0.0,296.0,2691.0,14.17640442906797,9770.702399999995,9784.878804429061,2004.0,47.0,21.0,228.0,144.0,30.0,27.0,0.0,72.0,3.0,135.0,18.0,0.0
242,5,1,1923.0,2109.0,466.0,0.0,307.0,2691.0,56.97395417813463,10987.063600000005,11044.03755417814,2004.0,47.0,21.0,228.0,144.0,30.0,27.0,0.0,72.0,3.0,135.0,18.0,0.0
242,6,1,1842.0,2085.0,495.0,0.0,319.0,2691.0,15.551114739084415,9835.030799999999,9850.581914739083,2004.0,47.0,21.0,228.0,144.0,30.0,27.0,0.0,72.0,3.0,135.0,18.0,0.0
242,7,1,1874.0,2076.0,510.0,0.0,303.0,2691.0,13.890477144548194,10157.073599999996,10170.964077144545,2004.0,47.0,21.0,228.0,144.0,30.0,27.0,0.0,72.0,3.0,135.0,18.0,0.0
242,8,1,1859.0,2108.0,476.0,0.0,309.0,2691.0,96.88259323326155,10800.958800000006,10897.841393233266,2004.0,47.0,21.0,228.0,144.0,30.0,27.0,0.0,72.0,3.0,135.0,18.0,0.0
242,9,1,1845.0,2118.0,461.0,0.0,288.0,2691.0,97.99584733850105,9744.9176,9842.9134473385,2004.0,47.0,21.0,228.0,144.0,30.0,27.0,0.0,72.0,3.0,135.0,18.0,0.0
242,10,1,1905.0,2122.0,465.0,0.0,328.0,2691.0,13.940290736053594,10417.192799999995,10431.133090736048,2004.0,47.0,21.0,228.0,144.0,30.0,27.0,0.0,72.0,3.0,135.0,18.0,0.0
242,11,1,1846.0,2091.0,485.0,0.0,351.0,2691.0,56.46403139603025,9929.0184,9985.482431396033,2004.0,47.0,21.0,228.0,144.0,30.0,27.0,0.0,72.0,3.0,135.0,18.0,0.0
242,12,2,1848.0,2100.0,476.0,0.0,273.0,2691.0,96.18336972809439,10794.345600000004,10890.528969728099,2004.0,47.0,21.0,228.0,144.0,30.0,27.0,0.0,72.0,3.0,135.0,18.0,0.0
242,13,2,1860.0,2105.0,475.0,0.0,293.0,2691.0,14.980983796259824,12441.032399999993,12456.013383796253,2004.0,47.0,21.0,228.0,144.0,30.0,27.0,0.0,72.0,3.0,135.0,18.0,0.0
242,14,2,1865.0,2122.0,463.0,0.0,295.0,2691.0,95.70242924215147,10705.501599999996,10801.204029242148,2004.0,47.0,21.0,228.0,144.0,30.0,27.0,0.0,72.0,3.0,135.0,18.0,0.0
242,15,2,1885.0,2109.0,467.0,0.0,315.0,2691.0,54.3044079095916,9353.803600000003,9408.108007909595,2004.0,47.0,21.0,228.0,144.0,30.0,27.0,0.0,72.0,3.0,135.0,18.0,0.0
242,16,2,1839.0,2103.0,477.0,0.0,323.0,2691.0,16.21738231565248,9649.994799999999,9666.212182315652,2004.0,47.0,21.0,228.0,144.0,30.0,27.0,0.0,72.0,3.0,135.0,18.0,0.0
242,17,2,1852.0,2119.0,466.0,0.0,331.0,2691.0,14.835806184629309,9497.757599999997,9512.593406184627,2004.0,47.0,21.0,228.0,144.0,30.0,27.0,0.0,72.0,3.0,135.0,18.0,0.0
242,18,2,1856.0,2103.0,472.0,0.0,329.0,2691.0,55.12523706723452,10520.665999999997,10575.791237067231,2004.0,47.0,21.0,228.0,144.0,30.0,27.0,0.0,72.0,3.0,135.0,18.0,0.0
242,19,2,1830.0,2131.0,449.0,0.0,312.0,2691.0,53.2454922789183,9576.9824,9630.22789227892,2004.0,47.0,21.0,228.0,144.0,30.0,27.0,0.0,72.0,3.0,135.0,18.0,0.0
242,20,2,1840.0,2118.0,474.0,0.0,328.0,2691.0,55.74569668050579,10969.762400000003,11025.508096680507,2004.0,47.0,21.0,228.0,144.0,30.0,27.0,0.0,72.0,3.0,135.0,18.0,0.0
242,21,2,1854.0,2082.0,484.0,0.0,323.0,2691.0,95.83044616554999,9849.5932,9945.42364616555,2004.0,47.0,21.0,228.0,144.0,30.0,27.0,0.0,72.0,3.0,135.0,18.0,0.0
242,22,2,1843.0,2109.0,483.0,0.0,303.0,2691.0,14.105093527759301,9381.325200000005,9395.430293527763,2004.0,47.0,21.0,228.0,144.0,30.0,27.0,0.0,72.0,3.0,135.0,18.0,0.0
242,23,2,1852.0,2124.0,466.0,0.0,334.0,2691.0,56.168403736864676,9809.980799999992,9866.149203736857,2004.0,47.0,21.0,228.0,144.0,30.0,27.0,0.0,72.0,3.0,135.0,18.0,0.0
242,24,3,1887.0,2096.0,484.0,0.0,353.0,2691.0,94.13106016618843,9621.537999999997,9715.669060166185,2004.0,47.0,21.0,228.0,144.0,30.0,27.0,0.0,72.0,3.0,135.0,18.0,0.0
242,25,3,1853.0,2075.0,508.0,0.0,318.0,2691.0,54.40413616628702,10932.220799999992,10986.62493616628,2004.0,47.0,21.0,228.0,144.0,30.0,27.0,0.0,72.0,3.0,135.0,18.0,0.0
242,26,3,1865.0,2116.0,473.0,0.0,266.0,2691.0,137.67120380025273,9792.011599999998,9929.68280380025,2004.0,47.0,21.0,228.0,144.0,30.0,27.0,0.0,72.0,3.0,135.0,18.0,0.0
242,27,3,1854.0,2129.0,450.0,0.0,300.0,2691.0,15.096344131104718,9183.597200000004,9198.69354413111,2004.0,47.0,21.0,228.0,144.0,30.0,27.0,0.0,72.0,3.0,135.0,18.0,0.0
242,28,3,1855.0,2131.0,470.0,0.0,272.0,2691.0,95.74217426513488,8995.2212,9090.963374265135,2004.0,47.0,21.0,228.0,144.0,30.0,27.0,0.0,72.0,3.0,135.0,18.0,0.0
242,29,3,1911.0,2063.0,526.0,0.0,287.0,2691.0,16.119358863989966,10549.055999999997,10565.175358863988,2004.0,47.0,21.0,228.0,144.0,30.0,27.0,0.0,72.0,3.0,135.0,18.0,0.0
242,30,3,1844.0,2138.0,445.0,0.0,326.0,2691.0,54.02469330625195,10788.200000000004,10842.224693306256,2004.0,47.0,21.0,228.0,144.0,30.0,27.0,0.0,72.0,3.0,135.0,18.0,0.0
242,31,3,1848.0,2143.0,448.0,0.0,282.0,2691.0,95.55998204522054,9741.711200000002,9837.271182045222,2004.0,47.0,21.0,228.0,144.0,30.0,27.0,0.0,72.0,3.0,135.0,18.0,0.0
242,32,3,1847.0,2101.0,491.0,0.0,245.0,2691.0,95.04828046170877,10628.748399999993,10723.7966804617,2004.0,47.0,21.0,228.0,144.0,30.0,27.0,0.0,72.0,3.0,135.0,18.0,0.0
242,33,3,1867.0,2106.0,469.0,0.0,332.0,2691.0,54.29278894897881,10649.9908,10704.283588948978,2004.0,47.0,21.0,228.0,144.0,30.0,27.0,0.0,72.0,3.0,135.0,18.0,0.0
242,34,3,1834.0,2090.0,477.0,0.0,369.0,2691.0,137.7330651619116,11282.853999999998,11420.587065161908,2004.0,47.0,21.0,228.0,144.0,30.0,27.0,0.0,72.0,3.0,135.0,18.0,0.0
242,35,3,1826.0,2103.0,473.0,0.0,321.0,2691.0,95.11230840072685,11469.092399999998,11564.204708400724,2004.0,47.0,21.0,228.0,144.0,30.0,27.0,0.0,72.0,3.0,135.0,18.0,0.0
242,36,4,1824.0,2114.0,469.0,0.0,279.0,2691.0,56.2159940375957,10583.5248,10639.740794037592,2004.0,47.0,21.0,228.0,144.0,30.0,27.0,0.0,72.0,3.0,135.0,18.0,0.0
242,37,4,1865.0,2102.0,490.0,0.0,330.0,2691.0,15.242209222477449,11248.251600000001,11263.493809222478,2004.0,47.0,21.0,228.0,144.0,30.0,27.0,0.0,72.0,3.0,135.0,18.0,0.0
242,38,4,1867.0,2077.0,505.0,0.0,333.0,2691.0,96.72141655033643,10774.105199999996,10870.826616550332,2004.0,47.0,21.0,228.0,144.0,30.0,27.0,0.0,72.0,3.0,135.0,18.0,0.0
242,39,4,1885.0,2124.0,457.0,0.0,309.0,2691.0,95.61742835486764,10376.244400000001,10471.861828354868,2004.0,47.0,21.0,228.0,144.0,30.0,27.0,0.0,72.0,3.0,135.0,18.0,0.0
242,40,4,1838.0,2114.0,466.0,0.0,315.0,2691.0,55.03744724240386,10830.016800000001,10885.054247242404,2004.0,47.0,21.0,228.0,144.0,30.0,27.0,0.0,72.0,3.0,135.0,18.0,0.0
242,41,4,1776.0,2118.0,471.0,0.0,280.0,2691.0,96.03974373890239,9448.258800000001,9544.298543738903,2004.0,47.0,21.0,228.0,144.0,30.0,27.0,0.0,72.0,3.0,135.0,18.0,0.0
242,42,4,1854.0,2063.0,500.0,0.0,361.0,2691.0,15.573735394765496,10297.754399999994,10313.328135394759,2004.0,47.0,21.0,228.0,144.0,30.0,27.0,0.0,72.0,3.0,135.0,18.0,0.0
242,43,4,1844.0,2121.0,465.0,0.0,343.0,2691.0,16.494551578251954,10554.1328,10570.627351578252,2004.0,47.0,21.0,228.0,144.0,30.0,27.0,0.0,72.0,3.0,135.0,18.0,0.0
242,44,4,1896.0,2089.0,481.0,0.0,310.0,2691.0,54.568311858527835,9265.961599999999,9320.529911858528,2004.0,47.0,21.0,228.0,144.0,30.0,27.0,0.0,72.0,3.0,135.0,18.0,0.0
242,45,4,1872.0,2092.0,486.0,0.0,296.0,2691.0,54.54518626154235,11153.729600000002,11208.274786261545,2004.0,47.0,21.0,228.0,144.0,30.0,27.0,0.0,72.0,3.0,135.0,18.0,0.0
242,46,4,1863.0,2126.0,458.0,0.0,305.0,2691.0,12.823302259109461,10041.442800000003,10054.266102259111,2004.0,47.0,21.0,228.0,144.0,30.0,27.0,0.0,72.0,3.0,135.0,18.0,0.0
242,47,4,1840.0,2093.0,485.0,0.0,309.0,2691.0,56.0743331531412,10479.851199999997,10535.925533153139,2004.0,47.0,21.0,228.0,144.0,30.0,27.0,0.0,72.0,3.0,135.0,18.0,0.0
242,48,5,1844.0,2146.0,445.0,0.0,310.0,2691.0,15.770491623344366,10249.190800000006,10264.96129162335,2004.0,47.0,21.0,228.0,144.0,30.0,27.0,0.0,72.0,3.0,135.0,18.0,0.0
242,49,5,1856.0,2105.0,465.0,0.0,314.0,2691.0,137.58440811520953,10927.010400000001,11064.594808115211,2004.0,47.0,21.0,228.0,144.0,30.0,27.0,0.0,72.0,3.0,135.0,18.0,0.0
242,50,5,1885.0,2111.0,483.0,0.0,302.0,2691.0,94.97396198321782,9457.276800000001,9552.25076198322,2004.0,47.0,21.0,228.0,144.0,30.0,27.0,0.0,72.0,3.0,135.0,18.0,0.0
242,51,5,1880.0,2068.0,492.0,0.0,346.0,2691.0,56.23850877801351,9937.502000000002,9993.740508778015,2004.0,47.0,21.0,228.0,144.0,30.0,27.0,0.0,72.0,3.0,135.0,18.0,0.0
242,52,5,1837.0,2105.0,469.0,0.0,285.0,2691.0,97.19785783683257,10677.979999999996,10775.177857836828,2004.0,47.0,21.0,228.0,144.0,30.0,27.0,0.0,72.0,3.0,135.0,18.0,0.0
242,53,5,1844.0,2126.0,458.0,0.0,332.0,2691.0,54.93077006785168,9972.237999999998,10027.16877006785,2004.0,47.0,21.0,228.0,144.0,30.0,27.0,0.0,72.0,3.0,135.0,18.0,0.0
242,54,5,1859.0,2098.0,486.0,0.0,276.0,2691.0,53.762690707549844,10837.698799999995,10891.461490707545,2004.0,47.0,21.0,228.0,144.0,30.0,27.0,0.0,72.0,3.0,135.0,18.0,0.0
242,55,5,1852.0,2090.0,484.0,0.0,307.0,2691.0,14.948945222719171,11115.319599999999,11130.268545222718,2004.0,47.0,21.0,228.0,144.0,30.0,27.0,0.0,72.0,3.0,135.0,18.0,0.0
242,56,5,1865.0,2106.0,481.0,0.0,308.0,2691.0,55.12850945160921,8981.594000000003,9036.72250945161,2004.0,47.0,21.0,228.0,144.0,30.0,27.0,0.0,72.0,3.0,135.0,18.0,0.0
242,57,5,1840.0,2060.0,499.0,0.0,346.0,2691.0,57.309588668961815,11215.1856,11272.495188668961,2004.0,47.0,21.0,228.0,144.0,30.0,27.0,0.0,72.0,3.0,135.0,18.0,0.0
242,58,5,1829.0,2137.0,458.0,0.0,335.0,2691.0,57.616702965187706,10685.661999999995,10743.27870296518,2004.0,47.0,21.0,228.0,144.0,30.0,27.0,0.0,72.0,3.0,135.0,18.0,0.0
242,59,5,1841.0,2123.0,465.0,0.0,345.0,2691.0,176.77302478378675,9381.792800000001,9558.56582478379,2004.0,47.0,21.0,228.0,144.0,30.0,27.0,0.0,72.0,3.0,135.0,18.0,0.0
242,60,6,1812.0,2129.0,447.0,0.0,289.0,2691.0,55.73182538210044,10278.783200000005,10334.515025382105,2004.0,47.0,21.0,228.0,144.0,30.0,27.0,0.0,72.0,3.0,135.0,18.0,0.0
242,61,6,1855.0,2077.0,508.0,0.0,337.0,2691.0,53.14844166167153,9841.844399999998,9894.992841661671,2004.0,47.0,21.0,228.0,144.0,30.0,27.0,0.0,72.0,3.0,135.0,18.0,0.0
242,62,6,1854.0,2091.0,499.0,0.0,316.0,2691.0,14.868533235718054,10318.128399999998,10332.996933235716,2004.0,47.0,21.0,228.0,144.0,30.0,27.0,0.0,72.0,3.0,135.0,18.0,0.0
242,63,6,1870.0,2090.0,487.0,0.0,313.0,2691.0,95.31416509471181,10398.755999999998,10494.07016509471,2004.0,47.0,21.0,228.0,144.0,30.0,27.0,0.0,72.0,3.0,135.0,18.0,0.0
242,64,6,1887.0,2107.0,474.0,0.0,270.0,2691.0,137.3930780315835,8526.8196,8664.212678031585,2004.0,47.0,21.0,228.0,144.0,30.0,27.0,0.0,72.0,3.0,135.0,18.0,0.0
242,65,6,1865.0,2089.0,475.0,0.0,341.0,2691.0,137.30439342270694,10707.438800000004,10844.74319342271,2004.0,47.0,21.0,228.0,144.0,30.0,27.0,0.0,72.0,3.0,135.0,18.0,0.0
242,66,6,1843.0,2069.0,481.0,0.0,323.0,2691.0,97.25894964302069,9512.587200000002,9609.84614964302,2004.0,47.0,21.0,228.0,144.0,30.0,27.0,0.0,72.0,3.0,135.0,18.0,0.0
242,67,6,1840.0,2118.0,456.0,0.0,317.0,2691.0,57.444564883568844,9935.230799999998,9992.675364883567,2004.0,47.0,21.0,228.0,144.0,30.0,27.0,0.0,72.0,3.0,135.0,18.0,0.0
242,68,6,1894.0,2122.0,466.0,0.0,302.0,2691.0,56.29094913322447,12206.831599999992,12263.122549133217,2004.0,47.0,21.0,228.0,144.0,30.0,27.0,0.0,72.0,3.0,135.0,18.0,0.0
242,69,6,1862.0,2136.0,459.0,0.0,296.0,2691.0,56.01512571299485,11053.596399999999,11109.611525712993,2004.0,47.0,21.0,228.0,144.0,30.0,27.0,0.0,72.0,3.0,135.0,18.0,0.0
242,70,6,1843.0,2114.0,452.0,0.0,339.0,2691.0,95.53411009344552,10460.612799999999,10556.146910093443,2004.0,47.0,21.0,228.0,144.0,30.0,27.0,0.0,72.0,3.0,135.0,18.0,0.0
242,71,6,1834.0,2074.0,525.0,0.0,295.0,2691.0,15.632618806920677,9339.5752,9355.20781880692,2004.0,47.0,21.0,228.0,144.0,30.0,27.0,0.0,72.0,3.0,135.0,18.0,0.0
242,72,7,1832.0,2116.0,464.0,0.0,322.0,2691.0,55.109059414549726,11209.373999999996,11264.483059414546,2004.0,47.0,21.0,228.0,144.0,30.0,27.0,0.0,72.0,3.0,135.0,18.0,0.0
242,73,7,1847.0,2116.0,473.0,0.0,313.0,2691.0,15.011826656282565,9924.475999999999,9939.487826656281,2004.0,47.0,21.0,228.0,144.0,30.0,27.0,0.0,72.0,3.0,135.0,18.0,0.0
242,74,7,1796.0,2125.0,469.0,0.0,324.0,2691.0,16.34089397467982,9818.5312,9834.87209397468,2004.0,47.0,21.0,228.0,144.0,30.0,27.0,0.0,72.0,3.0,135.0,18.0,0.0
242,75,7,1842.0,2146.0,441.0,0.0,340.0,2691.0,137.21596119796158,10706.9712,10844.187161197962,2004.0,47.0,21.0,228.0,144.0,30.0,27.0,0.0,72.0,3.0,135.0,18.0,0.0
242,76,7,1858.0,2104.0,489.0,0.0,340.0,2691.0,136.06235027016555,10759.542799999994,10895.60515027016,2004.0,47.0,21.0,228.0,144.0,30.0,27.0,0.0,72.0,3.0,135.0,18.0,0.0
242,77,7,1793.0,2146.0,446.0,0.0,326.0,2691.0,55.059507899929606,11007.237200000003,11062.296707899934,2004.0,47.0,21.0,228.0,144.0,30.0,27.0,0.0,72.0,3.0,135.0,18.0,0.0
242,78,7,1848.0,2127.0,458.0,0.0,303.0,2691.0,54.83387847505918,9164.024800000007,9218.858678475064,2004.0,47.0,21.0,228.0,144.0,30.0,27.0,0.0,72.0,3.0,135.0,18.0,0.0
242,79,7,1828.0,2085.0,504.0,0.0,283.0,2691.0,14.602113665840418,9849.192399999996,9863.794513665836,2004.0,47.0,21.0,228.0,144.0,30.0,27.0,0.0,72.0,3.0,135.0,18.0,0.0
242,80,7,1820.0,2068.0,502.0,0.0,264.0,2691.0,55.9491793829099,10767.224799999995,10823.173979382904,2004.0,47.0,21.0,228.0,144.0,30.0,27.0,0.0,72.0,3.0,135.0,18.0,0.0
242,81,7,1843.0,2102.0,482.0,0.0,343.0,2691.0,14.438444109011062,9715.258399999995,9729.696844109007,2004.0,47.0,21.0,228.0,144.0,30.0,27.0,0.0,72.0,3.0,135.0,18.0,0.0
242,82,7,1855.0,2089.0,494.0,0.0,307.0,2691.0,94.4918386271646,10168.897199999998,10263.389038627161,2004.0,47.0,21.0,228.0,144.0,30.0,27.0,0.0,72.0,3.0,135.0,18.0,0.0
242,83,7,1867.0,2108.0,470.0,0.0,332.0,2691.0,15.297121068409341,10311.047600000002,10326.34472106841,2004.0,47.0,21.0,228.0,144.0,30.0,27.0,0.0,72.0,3.0,135.0,18.0,0.0
242,84,8,1845.0,2117.0,467.0,0.0,332.0,2691.0,15.10419213668582,10709.710000000001,10724.814192136688,2004.0,47.0,21.0,228.0,144.0,30.0,27.0,0.0,72.0,3.0,135.0,18.0,0.0
242,85,8,1794.0,2103.0,485.0,0.0,299.0,2691.0,55.646531241453516,10821.5332,10877.179731241453,2004.0,47.0,21.0,228.0,144.0,30.0,27.0,0.0,72.0,3.0,135.0,18.0,0.0
242,86,8,1856.0,2130.0,453.0,0.0,328.0,2691.0,13.677953881032865,11592.739199999993,11606.417153881028,2004.0,47.0,21.0,228.0,144.0,30.0,27.0,0.0,72.0,3.0,135.0,18.0,0.0
242,87,8,1848.0,2093.0,488.0,0.0,293.0,2691.0,17.0848555888483,9959.612799999997,9976.697655588845,2004.0,47.0,21.0,228.0,144.0,30.0,27.0,0.0,72.0,3.0,135.0,18.0,0.0
242,88,8,1824.0,2127.0,470.0,0.0,311.0,2691.0,15.72857672516384,11296.948799999991,11312.677376725156,2004.0,47.0,21.0,228.0,144.0,30.0,27.0,0.0,72.0,3.0,135.0,18.0,0.0
242,89,8,1870.0,2097.0,487.0,0.0,297.0,2691.0,16.372983977496038,11104.097199999993,11120.47018397749,2004.0,47.0,21.0,228.0,144.0,30.0,27.0,0.0,72.0,3.0,135.0,18.0,0.0
242,90,8,1846.0,2120.0,463.0,0.0,273.0,2691.0,14.939866373817152,10310.646800000002,10325.58666637382,2004.0,47.0,21.0,228.0,144.0,30.0,27.0,0.0,72.0,3.0,135.0,18.0,0.0
242,91,8,1859.0,2118.0,477.0,0.0,291.0,2691.0,15.546613409224207,9887.6692,9903.215813409224,2004.0,47.0,21.0,228.0,144.0,30.0,27.0,0.0,72.0,3.0,135.0,18.0,0.0
242,92,8,1877.0,2107.0,474.0,0.0,317.0,2691.0,178.00046294851626,10182.324000000004,10360.32446294852,2004.0,47.0,21.0,228.0,144.0,30.0,27.0,0.0,72.0,3.0,135.0,18.0,0.0
242,93,8,1889.0,2074.0,513.0,0.0,286.0,2691.0,55.175785142673625,11099.755199999996,11154.93098514267,2004.0,47.0,21.0,228.0,144.0,30.0,27.0,0.0,72.0,3.0,135.0,18.0,0.0
242,94,8,1892.0,2082.0,492.0,0.0,307.0,2691.0,13.36571511252409,10269.0972,10282.462915112526,2004.0,47.0,21.0,228.0,144.0,30.0,27.0,0.0,72.0,3.0,135.0,18.0,0.0
242,95,8,1853.0,2121.0,476.0,0.0,312.0,2691.0,54.33328275185107,9638.572,9692.90528275185,2004.0,47.0,21.0,228.0,144.0,30.0,27.0,0.0,72.0,3.0,135.0,18.0,0.0
242,96,9,1875.0,2153.0,453.0,0.0,272.0,2691.0,96.09585165323276,10834.759600000001,10930.855451653235,2004.0,47.0,21.0,228.0,144.0,30.0,27.0,0.0,72.0,3.0,135.0,18.0,0.0
242,97,9,1885.0,2113.0,466.0,0.0,303.0,2691.0,56.790957047765225,9951.864000000001,10008.654957047765,2004.0,47.0,21.0,228.0,144.0,30.0,27.0,0.0,72.0,3.0,135.0,18.0,0.0
242,98,9,1885.0,2105.0,471.0,0.0,333.0,2691.0,56.54792217719972,10514.253199999992,10570.801122177192,2004.0,47.0,21.0,228.0,144.0,30.0,27.0,0.0,72.0,3.0,135.0,18.0,0.0
242,99,9,1872.0,2079.0,496.0,0.0,310.0,2691.0,14.029680721304238,9563.355200000004,9577.384880721307,2004.0,47.0,21.0,228.0,144.0,30.0,27.0,0.0,72.0,3.0,135.0,18.0,0.0
242,100,9,1805.0,2098.0,463.0,0.0,317.0,2691.0,96.2286704223785,11128.011599999993,11224.240270422371,2004.0,47.0,21.0,228.0,144.0,30.0,27.0,0.0,72.0,3.0,135.0,18.0,0.0
242,101,9,1841.0,2092.0,486.0,0.0,330.0,2691.0,55.673406050812815,9832.5592,9888.232606050813,2004.0,47.0,21.0,228.0,144.0,30.0,27.0,0.0,72.0,3.0,135.0,18.0,0.0
242,102,9,1860.0,2084.0,479.0,0.0,297.0,2691.0,54.278369922463156,10906.435999999998,10960.714369922462,2004.0,47.0,21.0,228.0,144.0,30.0,27.0,0.0,72.0,3.0,135.0,18.0,0.0
242,103,9,1883.0,2139.0,436.0,0.0,299.0,2691.0,94.50659354885889,9750.261599999993,9844.768193548853,2004.0,47.0,21.0,228.0,144.0,30.0,27.0,0.0,72.0,3.0,135.0,18.0,0.0
242,104,9,1828.0,2109.0,487.0,0.0,313.0,2691.0,54.75841333051143,9864.1556,9918.914013330512,2004.0,47.0,21.0,228.0,144.0,30.0,27.0,0.0,72.0,3.0,135.0,18.0,0.0
242,105,9,1879.0,2093.0,468.0,0.0,339.0,2691.0,56.11073222904478,11166.28799999999,11222.398732229034,2004.0,47.0,21.0,228.0,144.0,30.0,27.0,0.0,72.0,3.0,135.0,18.0,0.0
242,106,9,1860.0,2116.0,471.0,0.0,318.0,2691.0,13.365091925840186,9871.637200000001,9885.002291925843,2004.0,47.0,21.0,228.0,144.0,30.0,27.0,0.0,72.0,3.0,135.0,18.0,0.0
242,107,9,1848.0,2113.0,463.0,0.0,327.0,2691.0,55.9418678269832,9151.065600000002,9207.007467826987,2004.0,47.0,21.0,228.0,144.0,30.0,27.0,0.0,72.0,3.0,135.0,18.0,0.0
242,108,10,1854.0,2100.0,482.0,0.0,320.0,2691.0,14.264747526658393,11027.21039999999,11041.47514752665,2004.0,47.0,21.0,228.0,144.0,30.0,27.0,0.0,72.0,3.0,135.0,18.0,0.0
242,109,10,1869.0,2133.0,452.0,0.0,340.0,2691.0,54.98514777907788,10967.357599999998,11022.342747779076,2004.0,47.0,21.0,228.0,144.0,30.0,27.0,0.0,72.0,3.0,135.0,18.0,0.0
242,110,10,1911.0,2112.0,466.0,0.0,317.0,2691.0,54.82816312622328,9669.634,9724.462163126223,2004.0,47.0,21.0,228.0,144.0,30.0,27.0,0.0,72.0,3.0,135.0,18.0,0.0
242,111,10,1879.0,2129.0,458.0,0.0,324.0,2691.0,14.626107226938394,10833.2232,10847.849307226938,2004.0,47.0,21.0,228.0,144.0,30.0,27.0,0.0,72.0,3.0,135.0,18.0,0.0
242,112,10,1803.0,2139.0,450.0,0.0,317.0,2691.0,97.07735390863519,10493.344799999997,10590.422153908632,2004.0,47.0,21.0,228.0,144.0,30.0,27.0,0.0,72.0,3.0,135.0,18.0,0.0
242,113,10,1819.0,2119.0,470.0,0.0,347.0,2691.0,15.097842483560889,9779.519999999997,9794.617842483556,2004.0,47.0,21.0,228.0,144.0,30.0,27.0,0.0,72.0,3.0,135.0,18.0,0.0
242,114,10,1860.0,2103.0,482.0,0.0,310.0,2691.0,137.41729986094197,9760.281600000006,9897.698899860947,2004.0,47.0,21.0,228.0,144.0,30.0,27.0,0.0,72.0,3.0,135.0,18.0,0.0
242,115,10,1871.0,2095.0,462.0,0.0,334.0,2691.0,137.78523205870061,10116.258799999996,10254.044032058697,2004.0,47.0,21.0,228.0,144.0,30.0,27.0,0.0,72.0,3.0,135.0,18.0,0.0
242,116,10,1823.0,2116.0,454.0,0.0,336.0,2691.0,57.11814577242298,10966.288800000002,11023.406945772425,2004.0,47.0,21.0,228.0,144.0,30.0,27.0,0.0,72.0,3.0,135.0,18.0,0.0
242,117,10,1854.0,2141.0,437.0,0.0,327.0,2691.0,56.3549161812399,10718.327200000002,10774.68211618124,2004.0,47.0,21.0,228.0,144.0,30.0,27.0,0.0,72.0,3.0,135.0,18.0,0.0
242,118,10,1828.0,2116.0,469.0,0.0,333.0,2691.0,56.419357051237085,10975.774399999998,11032.193757051236,2004.0,47.0,21.0,228.0,144.0,30.0,27.0,0.0,72.0,3.0,135.0,18.0,0.0
242,119,10,1851.0,2099.0,490.0,0.0,315.0,2691.0,15.996901277993476,10076.646400000001,10092.643301277996,2004.0,47.0,21.0,228.0,144.0,30.0,27.0,0.0,72.0,3.0,135.0,18.0,0.0
243,0,1,1866.0,2075.0,512.0,0.0,290.0,2691.0,102.08230856680763,10769.028400000001,10871.110708566808,2004.0,47.0,21.0,228.0,144.0,30.0,27.0,0.0,72.0,3.0,135.0,18.0,0.0
243,1,1,1841.0,2131.0,460.0,0.0,303.0,2691.0,63.10203884461865,9630.6896,9693.791638844617,2004.0,47.0,21.0,228.0,144.0,30.0,27.0,0.0,72.0,3.0,135.0,18.0,0.0
243,2,1,1828.0,2141.0,441.0,0.0,285.0,2691.0,58.734370319310706,9473.709600000002,9532.443970319313,2004.0,47.0,21.0,228.0,144.0,30.0,27.0,0.0,72.0,3.0,135.0,18.0,0.0
243,3,1,1883.0,2133.0,460.0,0.0,299.0,2691.0,59.141955355848374,9511.050799999994,9570.192755355842,2004.0,47.0,21.0,228.0,144.0,30.0,27.0,0.0,72.0,3.0,135.0,18.0,0.0
243,4,1,1923.0,2106.0,469.0,0.0,312.0,2691.0,22.54109711679542,9970.234000000004,9992.775097116799,2004.0,47.0,21.0,228.0,144.0,30.0,27.0,0.0,72.0,3.0,135.0,18.0,0.0
243,5,1,1842.0,2080.0,500.0,0.0,323.0,2691.0,61.266936701898686,9499.360799999999,9560.627736701897,2004.0,47.0,21.0,228.0,144.0,30.0,27.0,0.0,72.0,3.0,135.0,18.0,0.0
243,6,1,1874.0,2088.0,498.0,0.0,313.0,2691.0,18.499376899305027,9175.113599999997,9193.612976899303,2004.0,47.0,21.0,228.0,144.0,30.0,27.0,0.0,72.0,3.0,135.0,18.0,0.0
243,7,1,1859.0,2108.0,476.0,0.0,311.0,2691.0,103.20743864852663,9338.640000000003,9441.847438648529,2004.0,47.0,21.0,228.0,144.0,30.0,27.0,0.0,72.0,3.0,135.0,18.0,0.0
243,8,1,1845.0,2123.0,456.0,0.0,292.0,2691.0,104.03184413808624,9346.121599999999,9450.153444138086,2004.0,47.0,21.0,228.0,144.0,30.0,27.0,0.0,72.0,3.0,135.0,18.0,0.0
243,9,1,1905.0,2118.0,469.0,0.0,349.0,2691.0,19.09791101854661,9832.692799999997,9851.790711018544,2004.0,47.0,21.0,228.0,144.0,30.0,27.0,0.0,72.0,3.0,135.0,18.0,0.0
243,10,1,1846.0,2092.0,484.0,0.0,360.0,2691.0,20.46305707583165,9482.794400000002,9503.257457075835,2004.0,47.0,21.0,228.0,144.0,30.0,27.0,0.0,72.0,3.0,135.0,18.0,0.0
243,11,1,1848.0,2103.0,473.0,0.0,280.0,2691.0,141.92717208003018,9588.872800000003,9730.799972080034,2004.0,47.0,21.0,228.0,144.0,30.0,27.0,0.0,72.0,3.0,135.0,18.0,0.0
243,12,2,1860.0,2107.0,473.0,0.0,303.0,2691.0,21.706002122092666,10805.634799999996,10827.34080212209,2004.0,47.0,21.0,228.0,144.0,30.0,27.0,0.0,72.0,3.0,135.0,18.0,0.0
243,13,2,1865.0,2117.0,468.0,0.0,311.0,2691.0,143.43143597521342,10187.868400000001,10331.299835975215,2004.0,47.0,21.0,228.0,144.0,30.0,27.0,0.0,72.0,3.0,135.0,18.0,0.0
243,14,2,1885.0,2109.0,467.0,0.0,332.0,2691.0,61.24106085611993,8795.088400000002,8856.329460856123,2004.0,47.0,21.0,228.0,144.0,30.0,27.0,0.0,72.0,3.0,135.0,18.0,0.0
243,15,2,1839.0,2108.0,472.0,0.0,333.0,2691.0,104.26996593217385,8598.362399999998,8702.632365932172,2004.0,47.0,21.0,228.0,144.0,30.0,27.0,0.0,72.0,3.0,135.0,18.0,0.0
243,16,2,1852.0,2122.0,463.0,0.0,330.0,2691.0,19.552964651778268,8450.867999999999,8470.420964651777,2004.0,47.0,21.0,228.0,144.0,30.0,27.0,0.0,72.0,3.0,135.0,18.0,0.0
243,17,2,1856.0,2107.0,468.0,0.0,334.0,2691.0,21.82468273954528,9658.2112,9680.035882739545,2004.0,47.0,21.0,228.0,144.0,30.0,27.0,0.0,72.0,3.0,135.0,18.0,0.0
243,18,2,1830.0,2138.0,442.0,0.0,319.0,2691.0,59.85148498033199,8597.493999999999,8657.345484980331,2004.0,47.0,21.0,228.0,144.0,30.0,27.0,0.0,72.0,3.0,135.0,18.0,0.0
243,19,2,1840.0,2127.0,465.0,0.0,335.0,2691.0,60.698466386872504,10517.526399999999,10578.22486638687,2004.0,47.0,21.0,228.0,144.0,30.0,27.0,0.0,72.0,3.0,135.0,18.0,0.0
243,20,2,1854.0,2090.0,476.0,0.0,330.0,2691.0,223.00520377491412,9401.766000000003,9624.771203774915,2004.0,47.0,21.0,228.0,144.0,30.0,27.0,0.0,72.0,3.0,135.0,18.0,0.0
243,21,2,1843.0,2108.0,484.0,0.0,312.0,2691.0,140.43732520015698,8582.397200000001,8722.834525200158,2004.0,47.0,21.0,228.0,144.0,30.0,27.0,0.0,72.0,3.0,135.0,18.0,0.0
243,22,2,1852.0,2098.0,492.0,0.0,347.0,2691.0,62.26753907226822,9268.366399999997,9330.633939072264,2004.0,47.0,21.0,228.0,144.0,30.0,27.0,0.0,72.0,3.0,135.0,18.0,0.0
243,23,2,1887.0,2095.0,485.0,0.0,359.0,2691.0,18.01583187618425,9408.445999999998,9426.461831876182,2004.0,47.0,21.0,228.0,144.0,30.0,27.0,0.0,72.0,3.0,135.0,18.0,0.0
243,24,3,1853.0,2081.0,502.0,0.0,343.0,2691.0,62.08976379364515,10268.829999999996,10330.919763793641,2004.0,47.0,21.0,228.0,144.0,30.0,27.0,0.0,72.0,3.0,135.0,18.0,0.0
243,25,3,1865.0,2122.0,467.0,0.0,270.0,2691.0,101.18568989465007,8846.257200000002,8947.442889894652,2004.0,47.0,21.0,228.0,144.0,30.0,27.0,0.0,72.0,3.0,135.0,18.0,0.0
243,26,3,1854.0,2131.0,448.0,0.0,306.0,2691.0,101.73259383371365,8916.731200000002,9018.463793833715,2004.0,47.0,21.0,228.0,144.0,30.0,27.0,0.0,72.0,3.0,135.0,18.0,0.0
243,27,3,1855.0,2137.0,464.0,0.0,278.0,2691.0,99.89813030814027,8403.9744,8503.872530308141,2004.0,47.0,21.0,228.0,144.0,30.0,27.0,0.0,72.0,3.0,135.0,18.0,0.0
243,28,3,1911.0,2060.0,529.0,0.0,287.0,2691.0,21.75861286363149,9651.798399999996,9673.557012863628,2004.0,47.0,21.0,228.0,144.0,30.0,27.0,0.0,72.0,3.0,135.0,18.0,0.0
243,29,3,1844.0,2142.0,441.0,0.0,336.0,2691.0,98.98224251141423,9554.003200000005,9652.985442511419,2004.0,47.0,21.0,228.0,144.0,30.0,27.0,0.0,72.0,3.0,135.0,18.0,0.0
243,30,3,1848.0,2150.0,441.0,0.0,285.0,2691.0,59.12869353937828,8996.156400000003,9055.285093539382,2004.0,47.0,21.0,228.0,144.0,30.0,27.0,0.0,72.0,3.0,135.0,18.0,0.0
243,31,3,1847.0,2110.0,482.0,0.0,258.0,2691.0,100.98699388626221,10386.130799999995,10487.117793886258,2004.0,47.0,21.0,228.0,144.0,30.0,27.0,0.0,72.0,3.0,135.0,18.0,0.0
243,32,3,1867.0,2115.0,461.0,0.0,332.0,2691.0,59.24459481511963,9412.7212,9471.96579481512,2004.0,47.0,21.0,228.0,144.0,30.0,27.0,0.0,72.0,3.0,135.0,18.0,0.0
243,33,3,1834.0,2097.0,470.0,0.0,370.0,2691.0,63.00640530696461,10163.820399999997,10226.826805306962,2004.0,47.0,21.0,228.0,144.0,30.0,27.0,0.0,72.0,3.0,135.0,18.0,0.0
243,34,3,1826.0,2101.0,475.0,0.0,323.0,2691.0,59.676055274704936,10880.584399999998,10940.260455274703,2004.0,47.0,21.0,228.0,144.0,30.0,27.0,0.0,72.0,3.0,135.0,18.0,0.0
243,35,3,1824.0,2120.0,463.0,0.0,296.0,2691.0,61.6390932108017,10031.222399999995,10092.8614932108,2004.0,47.0,21.0,228.0,144.0,30.0,27.0,0.0,72.0,3.0,135.0,18.0,0.0
243,36,4,1865.0,2108.0,484.0,0.0,336.0,2691.0,101.55256851385798,10136.098400000003,10237.65096851386,2004.0,47.0,21.0,228.0,144.0,30.0,27.0,0.0,72.0,3.0,135.0,18.0,0.0
243,37,4,1867.0,2074.0,507.0,0.0,339.0,2691.0,142.5435279110865,9954.535999999996,10097.079527911083,2004.0,47.0,21.0,228.0,144.0,30.0,27.0,0.0,72.0,3.0,135.0,18.0,0.0
243,38,4,1885.0,2123.0,458.0,0.0,318.0,2691.0,142.1449971200878,9732.626400000001,9874.77139712009,2004.0,47.0,21.0,228.0,144.0,30.0,27.0,0.0,72.0,3.0,135.0,18.0,0.0
243,39,4,1838.0,2118.0,462.0,0.0,332.0,2691.0,61.38983464325705,10173.172400000001,10234.56223464326,2004.0,47.0,21.0,228.0,144.0,30.0,27.0,0.0,72.0,3.0,135.0,18.0,0.0
243,40,4,1776.0,2136.0,453.0,0.0,289.0,2691.0,101.34842863704887,8661.0208,8762.36922863705,2004.0,47.0,21.0,228.0,144.0,30.0,27.0,0.0,72.0,3.0,135.0,18.0,0.0
243,41,4,1854.0,2062.0,501.0,0.0,359.0,2691.0,141.24829801502275,9342.113599999997,9483.36189801502,2004.0,47.0,21.0,228.0,144.0,30.0,27.0,0.0,72.0,3.0,135.0,18.0,0.0
243,42,4,1844.0,2126.0,460.0,0.0,342.0,2691.0,21.815763460077847,9408.9804,9430.796163460078,2004.0,47.0,21.0,228.0,144.0,30.0,27.0,0.0,72.0,3.0,135.0,18.0,0.0
243,43,4,1896.0,2093.0,478.0,0.0,316.0,2691.0,101.468389201485,8419.271600000004,8520.739989201487,2004.0,47.0,21.0,228.0,144.0,30.0,27.0,0.0,72.0,3.0,135.0,18.0,0.0
243,44,4,1872.0,2096.0,482.0,0.0,297.0,2691.0,101.29915142714958,10310.045600000005,10411.344751427154,2004.0,47.0,21.0,228.0,144.0,30.0,27.0,0.0,72.0,3.0,135.0,18.0,0.0
243,45,4,1863.0,2122.0,462.0,0.0,312.0,2691.0,18.51159828106243,8858.615200000004,8877.126798281066,2004.0,47.0,21.0,228.0,144.0,30.0,27.0,0.0,72.0,3.0,135.0,18.0,0.0
243,46,4,1840.0,2104.0,474.0,0.0,316.0,2691.0,61.59384394161262,10113.252799999998,10174.84664394161,2004.0,47.0,21.0,228.0,144.0,30.0,27.0,0.0,72.0,3.0,135.0,18.0,0.0
243,47,4,1844.0,2153.0,438.0,0.0,323.0,2691.0,59.79022826113203,9280.924800000008,9340.71502826114,2004.0,47.0,21.0,228.0,144.0,30.0,27.0,0.0,72.0,3.0,135.0,18.0,0.0
243,48,5,1856.0,2105.0,465.0,0.0,325.0,2691.0,142.93153372879576,9614.724400000005,9757.6559337288,2004.0,47.0,21.0,228.0,144.0,30.0,27.0,0.0,72.0,3.0,135.0,18.0,0.0
243,49,5,1885.0,2118.0,476.0,0.0,306.0,2691.0,140.30591188013196,9243.1828,9383.488711880133,2004.0,47.0,21.0,228.0,144.0,30.0,27.0,0.0,72.0,3.0,135.0,18.0,0.0
243,50,5,1880.0,2075.0,485.0,0.0,361.0,2691.0,62.32156797327097,9177.986000000004,9240.307567973276,2004.0,47.0,21.0,228.0,144.0,30.0,27.0,0.0,72.0,3.0,135.0,18.0,0.0
243,51,5,1837.0,2110.0,464.0,0.0,293.0,2691.0,63.18539483209598,9579.921599999994,9643.106994832091,2004.0,47.0,21.0,228.0,144.0,30.0,27.0,0.0,72.0,3.0,135.0,18.0,0.0
243,52,5,1844.0,2133.0,451.0,0.0,336.0,2691.0,60.39379245536324,8983.7316,9044.125392455364,2004.0,47.0,21.0,228.0,144.0,30.0,27.0,0.0,72.0,3.0,135.0,18.0,0.0
243,53,5,1859.0,2102.0,482.0,0.0,280.0,2691.0,18.436605042292463,9748.925599999995,9767.36220504229,2004.0,47.0,21.0,228.0,144.0,30.0,27.0,0.0,72.0,3.0,135.0,18.0,0.0
243,54,5,1852.0,2102.0,472.0,0.0,309.0,2691.0,20.85989006494863,10883.9244,10904.784290064948,2004.0,47.0,21.0,228.0,144.0,30.0,27.0,0.0,72.0,3.0,135.0,18.0,0.0
243,55,5,1865.0,2109.0,478.0,0.0,309.0,2691.0,101.39643794986675,8707.847600000006,8809.244037949873,2004.0,47.0,21.0,228.0,144.0,30.0,27.0,0.0,72.0,3.0,135.0,18.0,0.0
243,56,5,1840.0,2069.0,490.0,0.0,361.0,2691.0,62.24335404355381,10331.020800000002,10393.264154043554,2004.0,47.0,21.0,228.0,144.0,30.0,27.0,0.0,72.0,3.0,135.0,18.0,0.0
243,57,5,1829.0,2144.0,451.0,0.0,349.0,2691.0,103.02221693037328,9402.500799999994,9505.523016930369,2004.0,47.0,21.0,228.0,144.0,30.0,27.0,0.0,72.0,3.0,135.0,18.0,0.0
243,58,5,1841.0,2121.0,467.0,0.0,351.0,2691.0,100.60552013064333,9158.0128,9258.618320130641,2004.0,47.0,21.0,228.0,144.0,30.0,27.0,0.0,72.0,3.0,135.0,18.0,0.0
243,59,5,1812.0,2137.0,439.0,0.0,291.0,2691.0,60.60572564783027,9488.405600000006,9549.011325647836,2004.0,47.0,21.0,228.0,144.0,30.0,27.0,0.0,72.0,3.0,135.0,18.0,0.0
243,60,6,1855.0,2081.0,504.0,0.0,337.0,2691.0,98.45985219756574,9123.4104,9221.870252197567,2004.0,47.0,21.0,228.0,144.0,30.0,27.0,0.0,72.0,3.0,135.0,18.0,0.0
243,61,6,1854.0,2098.0,492.0,0.0,330.0,2691.0,21.574377473621286,9558.879600000006,9580.453977473626,2004.0,47.0,21.0,228.0,144.0,30.0,27.0,0.0,72.0,3.0,135.0,18.0,0.0
243,62,6,1870.0,2093.0,484.0,0.0,316.0,2691.0,100.66375810333344,9216.462800000003,9317.126558103337,2004.0,47.0,21.0,228.0,144.0,30.0,27.0,0.0,72.0,3.0,135.0,18.0,0.0
243,63,6,1887.0,2113.0,468.0,0.0,279.0,2691.0,142.3938708015294,8272.912800000002,8415.30667080153,2004.0,47.0,21.0,228.0,144.0,30.0,27.0,0.0,72.0,3.0,135.0,18.0,0.0
243,64,6,1865.0,2087.0,477.0,0.0,342.0,2691.0,60.7582039955199,9552.066000000006,9612.824203995526,2004.0,47.0,21.0,228.0,144.0,30.0,27.0,0.0,72.0,3.0,135.0,18.0,0.0
243,65,6,1843.0,2081.0,469.0,0.0,332.0,2691.0,101.31210525383429,8476.719600000004,8578.031705253838,2004.0,47.0,21.0,228.0,144.0,30.0,27.0,0.0,72.0,3.0,135.0,18.0,0.0
243,66,6,1840.0,2127.0,448.0,0.0,328.0,2691.0,103.82146694591938,9668.765599999999,9772.58706694592,2004.0,47.0,21.0,228.0,144.0,30.0,27.0,0.0,72.0,3.0,135.0,18.0,0.0
243,67,6,1894.0,2127.0,461.0,0.0,309.0,2691.0,103.16841643653699,11234.290399999993,11337.458816436529,2004.0,47.0,21.0,228.0,144.0,30.0,27.0,0.0,72.0,3.0,135.0,18.0,0.0
243,68,6,1862.0,2139.0,456.0,0.0,303.0,2691.0,100.99399782415801,10435.763199999998,10536.757197824158,2004.0,47.0,21.0,228.0,144.0,30.0,27.0,0.0,72.0,3.0,135.0,18.0,0.0
243,69,6,1843.0,2121.0,445.0,0.0,358.0,2691.0,100.51259121485802,9800.0944,9900.606991214858,2004.0,47.0,21.0,228.0,144.0,30.0,27.0,0.0,72.0,3.0,135.0,18.0,0.0
243,70,6,1834.0,2080.0,519.0,0.0,306.0,2691.0,60.85707358552237,9131.693600000002,9192.550673585523,2004.0,47.0,21.0,228.0,144.0,30.0,27.0,0.0,72.0,3.0,135.0,18.0,0.0
243,71,6,1832.0,2110.0,470.0,0.0,334.0,2691.0,60.73289307137988,10396.150799999996,10456.883693071377,2004.0,47.0,21.0,228.0,144.0,30.0,27.0,0.0,72.0,3.0,135.0,18.0,0.0
243,72,7,1847.0,2111.0,478.0,0.0,323.0,2691.0,19.020773984493623,9365.092799999997,9384.11357398449,2004.0,47.0,21.0,228.0,144.0,30.0,27.0,0.0,72.0,3.0,135.0,18.0,0.0
243,73,7,1796.0,2136.0,458.0,0.0,333.0,2691.0,21.107281226576042,9432.093200000001,9453.200481226579,2004.0,47.0,21.0,228.0,144.0,30.0,27.0,0.0,72.0,3.0,135.0,18.0,0.0
243,74,7,1842.0,2139.0,448.0,0.0,354.0,2691.0,103.22798624434219,9272.374400000004,9375.602386244345,2004.0,47.0,21.0,228.0,144.0,30.0,27.0,0.0,72.0,3.0,135.0,18.0,0.0
243,75,7,1858.0,2102.0,492.0,0.0,340.0,2691.0,182.84994571220957,10202.564399999996,10385.414345712206,2004.0,47.0,21.0,228.0,144.0,30.0,27.0,0.0,72.0,3.0,135.0,18.0,0.0
243,76,7,1793.0,2149.0,443.0,0.0,325.0,2691.0,61.27912277129458,10350.994000000002,10412.273122771297,2004.0,47.0,21.0,228.0,144.0,30.0,27.0,0.0,72.0,3.0,135.0,18.0,0.0
243,77,7,1848.0,2134.0,451.0,0.0,306.0,2691.0,19.627887316385078,8417.668400000006,8437.296287316392,2004.0,47.0,21.0,228.0,144.0,30.0,27.0,0.0,72.0,3.0,135.0,18.0,0.0
243,78,7,1828.0,2089.0,500.0,0.0,294.0,2691.0,21.988669407022087,9464.624799999994,9486.613469407017,2004.0,47.0,21.0,228.0,144.0,30.0,27.0,0.0,72.0,3.0,135.0,18.0,0.0
243,79,7,1820.0,2065.0,505.0,0.0,272.0,2691.0,62.88763066321613,10229.083999999997,10291.971630663214,2004.0,47.0,21.0,228.0,144.0,30.0,27.0,0.0,72.0,3.0,135.0,18.0,0.0
243,80,7,1843.0,2108.0,476.0,0.0,350.0,2691.0,102.10715452522098,8696.357999999997,8798.46515452522,2004.0,47.0,21.0,228.0,144.0,30.0,27.0,0.0,72.0,3.0,135.0,18.0,0.0
243,81,7,1855.0,2102.0,481.0,0.0,309.0,2691.0,60.15225458571554,9679.720799999997,9739.873054585714,2004.0,47.0,21.0,228.0,144.0,30.0,27.0,0.0,72.0,3.0,135.0,18.0,0.0
243,82,7,1867.0,2110.0,468.0,0.0,344.0,2691.0,21.065198263125154,9490.209200000005,9511.27439826313,2004.0,47.0,21.0,228.0,144.0,30.0,27.0,0.0,72.0,3.0,135.0,18.0,0.0
243,83,7,1845.0,2121.0,464.0,0.0,337.0,2691.0,19.90090195346241,9166.696800000002,9186.597701953462,2004.0,47.0,21.0,228.0,144.0,30.0,27.0,0.0,72.0,3.0,135.0,18.0,0.0
243,84,8,1794.0,2109.0,479.0,0.0,304.0,2691.0,101.86942270104129,9775.712399999999,9877.581822701039,2004.0,47.0,21.0,228.0,144.0,30.0,27.0,0.0,72.0,3.0,135.0,18.0,0.0
243,85,8,1856.0,2137.0,446.0,0.0,334.0,2691.0,18.804111168907188,10383.993199999995,10402.797311168903,2004.0,47.0,21.0,228.0,144.0,30.0,27.0,0.0,72.0,3.0,135.0,18.0,0.0
243,86,8,1848.0,2099.0,482.0,0.0,292.0,2691.0,22.319557588402095,9145.1204,9167.4399575884,2004.0,47.0,21.0,228.0,144.0,30.0,27.0,0.0,72.0,3.0,135.0,18.0,0.0
243,87,8,1824.0,2129.0,469.0,0.0,316.0,2691.0,22.101325151525852,10036.499599999992,10058.600925151517,2004.0,47.0,21.0,228.0,144.0,30.0,27.0,0.0,72.0,3.0,135.0,18.0,0.0
243,88,8,1870.0,2103.0,481.0,0.0,314.0,2691.0,21.817666157165775,10647.118399999994,10668.93606615716,2004.0,47.0,21.0,228.0,144.0,30.0,27.0,0.0,72.0,3.0,135.0,18.0,0.0
243,89,8,1846.0,2127.0,456.0,0.0,272.0,2691.0,20.450931664199775,9651.464400000003,9671.915331664204,2004.0,47.0,21.0,228.0,144.0,30.0,27.0,0.0,72.0,3.0,135.0,18.0,0.0
243,90,8,1859.0,2128.0,467.0,0.0,297.0,2691.0,103.14111062121731,8899.8976,9003.038710621217,2004.0,47.0,21.0,228.0,144.0,30.0,27.0,0.0,72.0,3.0,135.0,18.0,0.0
243,91,8,1877.0,2103.0,478.0,0.0,319.0,2691.0,102.31459984090625,9167.364800000001,9269.679399840908,2004.0,47.0,21.0,228.0,144.0,30.0,27.0,0.0,72.0,3.0,135.0,18.0,0.0
243,92,8,1889.0,2076.0,511.0,0.0,298.0,2691.0,141.57106979608153,9975.845199999996,10117.416269796078,2004.0,47.0,21.0,228.0,144.0,30.0,27.0,0.0,72.0,3.0,135.0,18.0,0.0
243,93,8,1892.0,2083.0,491.0,0.0,316.0,2691.0,59.37044115605399,9642.646799999999,9702.017241156054,2004.0,47.0,21.0,228.0,144.0,30.0,27.0,0.0,72.0,3.0,135.0,18.0,0.0
243,94,8,1853.0,2118.0,479.0,0.0,319.0,2691.0,58.85424192894784,8675.716800000002,8734.57104192895,2004.0,47.0,21.0,228.0,144.0,30.0,27.0,0.0,72.0,3.0,135.0,18.0,0.0
243,95,8,1875.0,2152.0,454.0,0.0,278.0,2691.0,263.1057826831918,8936.170000000004,9199.275782683197,2004.0,47.0,21.0,228.0,144.0,30.0,27.0,0.0,72.0,3.0,135.0,18.0,0.0
243,96,9,1885.0,2119.0,461.0,0.0,307.0,2691.0,61.970248704317,8602.370400000003,8664.34064870432,2004.0,47.0,21.0,228.0,144.0,30.0,27.0,0.0,72.0,3.0,135.0,18.0,0.0
243,97,9,1885.0,2117.0,459.0,0.0,346.0,2691.0,101.37622948471574,9960.948799999991,10062.325029484706,2004.0,47.0,21.0,228.0,144.0,30.0,27.0,0.0,72.0,3.0,135.0,18.0,0.0
243,98,9,1872.0,2074.0,501.0,0.0,317.0,2691.0,60.92301937486022,8813.458400000007,8874.381419374866,2004.0,47.0,21.0,228.0,144.0,30.0,27.0,0.0,72.0,3.0,135.0,18.0,0.0
243,99,9,1805.0,2099.0,462.0,0.0,323.0,2691.0,102.36888567872246,10165.757599999992,10268.126485678715,2004.0,47.0,21.0,228.0,144.0,30.0,27.0,0.0,72.0,3.0,135.0,18.0,0.0
243,100,9,1841.0,2101.0,477.0,0.0,334.0,2691.0,100.90402260112828,9583.128,9684.032022601128,2004.0,47.0,21.0,228.0,144.0,30.0,27.0,0.0,72.0,3.0,135.0,18.0,0.0
243,101,9,1860.0,2080.0,483.0,0.0,313.0,2691.0,140.9638161566817,9468.0316,9608.995416156684,2004.0,47.0,21.0,228.0,144.0,30.0,27.0,0.0,72.0,3.0,135.0,18.0,0.0
243,102,9,1883.0,2140.0,435.0,0.0,303.0,2691.0,139.5591159928179,8820.271999999995,8959.831115992814,2004.0,47.0,21.0,228.0,144.0,30.0,27.0,0.0,72.0,3.0,135.0,18.0,0.0
243,103,9,1828.0,2116.0,480.0,0.0,319.0,2691.0,142.03094128427705,9399.828800000001,9541.85974128428,2004.0,47.0,21.0,228.0,144.0,30.0,27.0,0.0,72.0,3.0,135.0,18.0,0.0
243,104,9,1879.0,2087.0,474.0,0.0,345.0,2691.0,101.08572843139994,11012.714799999989,11113.800528431388,2004.0,47.0,21.0,228.0,144.0,30.0,27.0,0.0,72.0,3.0,135.0,18.0,0.0
243,105,9,1860.0,2116.0,471.0,0.0,328.0,2691.0,18.255052130409673,9210.1168,9228.371852130409,2004.0,47.0,21.0,228.0,144.0,30.0,27.0,0.0,72.0,3.0,135.0,18.0,0.0
243,106,9,1848.0,2122.0,454.0,0.0,339.0,2691.0,20.63516185215337,8327.688800000002,8348.323961852155,2004.0,47.0,21.0,228.0,144.0,30.0,27.0,0.0,72.0,3.0,135.0,18.0,0.0
243,107,9,1854.0,2102.0,480.0,0.0,326.0,2691.0,60.87206062095028,10668.828399999993,10729.700460620943,2004.0,47.0,21.0,228.0,144.0,30.0,27.0,0.0,72.0,3.0,135.0,18.0,0.0
243,108,10,1869.0,2136.0,449.0,0.0,351.0,2691.0,101.01417878447384,9977.915999999996,10078.93017878447,2004.0,47.0,21.0,228.0,144.0,30.0,27.0,0.0,72.0,3.0,135.0,18.0,0.0
243,109,10,1911.0,2126.0,452.0,0.0,320.0,2691.0,61.6202578206085,9334.5652,9396.185457820608,2004.0,47.0,21.0,228.0,144.0,30.0,27.0,0.0,72.0,3.0,135.0,18.0,0.0
243,110,10,1879.0,2133.0,454.0,0.0,336.0,2691.0,19.90482678635835,9695.351999999999,9715.256826786357,2004.0,47.0,21.0,228.0,144.0,30.0,27.0,0.0,72.0,3.0,135.0,18.0,0.0
243,111,10,1803.0,2141.0,448.0,0.0,329.0,2691.0,22.487378245396638,9827.0148,9849.502178245397,2004.0,47.0,21.0,228.0,144.0,30.0,27.0,0.0,72.0,3.0,135.0,18.0,0.0
243,112,10,1819.0,2123.0,466.0,0.0,348.0,2691.0,61.84307404450523,9184.532400000002,9246.375474044507,2004.0,47.0,21.0,228.0,144.0,30.0,27.0,0.0,72.0,3.0,135.0,18.0,0.0
243,113,10,1860.0,2121.0,464.0,0.0,320.0,2691.0,101.72673015441927,9144.118400000003,9245.845130154423,2004.0,47.0,21.0,228.0,144.0,30.0,27.0,0.0,72.0,3.0,135.0,18.0,0.0
243,114,10,1871.0,2101.0,456.0,0.0,350.0,2691.0,104.00371753280312,9339.441599999995,9443.445317532798,2004.0,47.0,21.0,228.0,144.0,30.0,27.0,0.0,72.0,3.0,135.0,18.0,0.0
243,115,10,1823.0,2117.0,453.0,0.0,346.0,2691.0,61.85247730744635,9285.400400000002,9347.252877307448,2004.0,47.0,21.0,228.0,144.0,30.0,27.0,0.0,72.0,3.0,135.0,18.0,0.0
243,116,10,1854.0,2140.0,438.0,0.0,333.0,2691.0,102.51719357723128,9343.249200000002,9445.766393577234,2004.0,47.0,21.0,228.0,144.0,30.0,27.0,0.0,72.0,3.0,135.0,18.0,0.0
243,117,10,1828.0,2121.0,464.0,0.0,340.0,2691.0,61.40409338733015,10407.239599999997,10468.643693387328,2004.0,47.0,21.0,228.0,144.0,30.0,27.0,0.0,72.0,3.0,135.0,18.0,0.0
243,118,10,1851.0,2111.0,478.0,0.0,323.0,2691.0,20.235314102819864,9088.674400000005,9108.909714102825,2004.0,47.0,21.0,228.0,144.0,30.0,27.0,0.0,72.0,3.0,135.0,18.0,0.0
243,119,10,1818.0,2110.0,458.0,0.0,350.0,2691.0,141.6414143864774,10044.983199999999,10186.624614386474,2004.0,47.0,21.0,228.0,144.0,30.0,27.0,0.0,72.0,3.0,135.0,18.0,0.0
244,0,1,1841.0,2122.0,467.0,0.0,308.0,2691.0,62.344201099218964,9342.581200000002,9404.92540109922,2004.0,47.0,21.0,228.0,144.0,30.0,27.0,0.0,72.0,3.0,135.0,18.0,0.0
244,1,1,1828.0,2128.0,454.0,0.0,290.0,2691.0,102.46172457436296,10281.4552,10383.916924574365,2004.0,47.0,21.0,228.0,144.0,30.0,27.0,0.0,72.0,3.0,135.0,18.0,0.0
244,2,1,1883.0,2121.0,472.0,0.0,304.0,2691.0,101.46953507909015,10036.031999999994,10137.501535079084,2004.0,47.0,21.0,228.0,144.0,30.0,27.0,0.0,72.0,3.0,135.0,18.0,0.0
244,3,1,1923.0,2103.0,471.0,0.0,341.0,2691.0,67.00271553465873,10511.180400000001,10578.18311553466,2004.0,47.0,21.0,228.0,144.0,30.0,27.0,0.0,72.0,3.0,135.0,18.0,0.0
244,4,1,1842.0,2082.0,498.0,0.0,343.0,2691.0,62.7495911831644,9327.016800000001,9389.766391183166,2004.0,47.0,21.0,228.0,144.0,30.0,27.0,0.0,72.0,3.0,135.0,18.0,0.0
244,5,1,1874.0,2074.0,511.0,0.0,325.0,2691.0,20.58775266515935,9691.009999999997,9711.597752665157,2004.0,47.0,21.0,228.0,144.0,30.0,27.0,0.0,72.0,3.0,135.0,18.0,0.0
244,6,1,1859.0,2100.0,484.0,0.0,331.0,2691.0,105.54395527554422,10194.214400000004,10299.75835527555,2004.0,47.0,21.0,228.0,144.0,30.0,27.0,0.0,72.0,3.0,135.0,18.0,0.0
244,7,1,1845.0,2102.0,477.0,0.0,309.0,2691.0,144.3580390150235,9381.525599999999,9525.883639015025,2004.0,47.0,21.0,228.0,144.0,30.0,27.0,0.0,72.0,3.0,135.0,18.0,0.0
244,8,1,1905.0,2114.0,473.0,0.0,351.0,2691.0,20.958538254715858,9709.580399999995,9730.538938254711,2004.0,47.0,21.0,228.0,144.0,30.0,27.0,0.0,72.0,3.0,135.0,18.0,0.0
244,9,1,1846.0,2087.0,489.0,0.0,370.0,2691.0,64.09548578558557,9472.640800000001,9536.736285785588,2004.0,47.0,21.0,228.0,144.0,30.0,27.0,0.0,72.0,3.0,135.0,18.0,0.0
244,10,1,1848.0,2097.0,479.0,0.0,286.0,2691.0,144.0529419222487,9933.427200000002,10077.480141922251,2004.0,47.0,21.0,228.0,144.0,30.0,27.0,0.0,72.0,3.0,135.0,18.0,0.0
244,11,1,1860.0,2116.0,464.0,0.0,324.0,2691.0,63.754873753647914,10862.815599999996,10926.570473753645,2004.0,47.0,21.0,228.0,144.0,30.0,27.0,0.0,72.0,3.0,135.0,18.0,0.0
244,12,2,1865.0,2118.0,467.0,0.0,331.0,2691.0,103.18662605658973,10401.160800000001,10504.347426056589,2004.0,47.0,21.0,228.0,144.0,30.0,27.0,0.0,72.0,3.0,135.0,18.0,0.0
244,13,2,1885.0,2106.0,471.0,0.0,351.0,2691.0,62.378889846974744,8943.584800000006,9005.96368984698,2004.0,47.0,21.0,228.0,144.0,30.0,27.0,0.0,72.0,3.0,135.0,18.0,0.0
244,14,2,1839.0,2100.0,479.0,0.0,336.0,2691.0,63.18747984121554,9128.6208,9191.808279841214,2004.0,47.0,21.0,228.0,144.0,30.0,27.0,0.0,72.0,3.0,135.0,18.0,0.0
244,15,2,1852.0,2117.0,469.0,0.0,350.0,2691.0,22.213133942725424,9106.376399999997,9128.589533942724,2004.0,47.0,21.0,228.0,144.0,30.0,27.0,0.0,72.0,3.0,135.0,18.0,0.0
244,16,2,1856.0,2101.0,475.0,0.0,339.0,2691.0,102.1197878717526,10002.231199999998,10104.350987871752,2004.0,47.0,21.0,228.0,144.0,30.0,27.0,0.0,72.0,3.0,135.0,18.0,0.0
244,17,2,1830.0,2124.0,456.0,0.0,324.0,2691.0,58.69518833535689,8914.3932,8973.088388335356,2004.0,47.0,21.0,228.0,144.0,30.0,27.0,0.0,72.0,3.0,135.0,18.0,0.0
244,18,2,1840.0,2113.0,479.0,0.0,356.0,2691.0,22.287161198016832,9042.916400000006,9065.203561198025,2004.0,47.0,21.0,228.0,144.0,30.0,27.0,0.0,72.0,3.0,135.0,18.0,0.0
244,19,2,1854.0,2083.0,483.0,0.0,346.0,2691.0,224.0517890833509,9551.398000000001,9775.449789083352,2004.0,47.0,21.0,228.0,144.0,30.0,27.0,0.0,72.0,3.0,135.0,18.0,0.0
244,20,2,1843.0,2104.0,488.0,0.0,326.0,2691.0,224.78962825813588,9358.078800000003,9582.868428258138,2004.0,47.0,21.0,228.0,144.0,30.0,27.0,0.0,72.0,3.0,135.0,18.0,0.0
244,21,2,1852.0,2110.0,482.0,0.0,354.0,2691.0,62.63784903787875,9572.573599999996,9635.211449037875,2004.0,47.0,21.0,228.0,144.0,30.0,27.0,0.0,72.0,3.0,135.0,18.0,0.0
244,22,2,1887.0,2088.0,492.0,0.0,372.0,2691.0,21.824950402560525,10322.4704,10344.29535040256,2004.0,47.0,21.0,228.0,144.0,30.0,27.0,0.0,72.0,3.0,135.0,18.0,0.0
244,23,2,1853.0,2070.0,510.0,0.0,350.0,2691.0,102.16742485630479,10237.701199999996,10339.868624856299,2004.0,47.0,21.0,228.0,144.0,30.0,27.0,0.0,72.0,3.0,135.0,18.0,0.0
244,24,3,1865.0,2100.0,490.0,0.0,272.0,2691.0,23.287096914122557,8886.337200000002,8909.624296914122,2004.0,47.0,21.0,228.0,144.0,30.0,27.0,0.0,72.0,3.0,135.0,18.0,0.0
244,25,3,1854.0,2124.0,455.0,0.0,326.0,2691.0,63.290310500979196,9094.619600000005,9157.909910500985,2004.0,47.0,21.0,228.0,144.0,30.0,27.0,0.0,72.0,3.0,135.0,18.0,0.0
244,26,3,1855.0,2131.0,470.0,0.0,272.0,2691.0,101.5187034242706,8633.7664,8735.28510342427,2004.0,47.0,21.0,228.0,144.0,30.0,27.0,0.0,72.0,3.0,135.0,18.0,0.0
244,27,3,1911.0,2059.0,530.0,0.0,278.0,2691.0,62.9148079286806,9916.927599999997,9979.842407928678,2004.0,47.0,21.0,228.0,144.0,30.0,27.0,0.0,72.0,3.0,135.0,18.0,0.0
244,28,3,1844.0,2117.0,465.0,0.0,358.0,2691.0,102.77552639826256,9545.786800000003,9648.562326398267,2004.0,47.0,21.0,228.0,144.0,30.0,27.0,0.0,72.0,3.0,135.0,18.0,0.0
244,29,3,1848.0,2142.0,449.0,0.0,303.0,2691.0,102.04780154456752,9038.841600000005,9140.889401544573,2004.0,47.0,21.0,228.0,144.0,30.0,27.0,0.0,72.0,3.0,135.0,18.0,0.0
244,30,3,1847.0,2119.0,475.0,0.0,256.0,2691.0,102.58190800401236,10493.077599999995,10595.659508004008,2004.0,47.0,21.0,228.0,144.0,30.0,27.0,0.0,72.0,3.0,135.0,18.0,0.0
244,31,3,1867.0,2103.0,474.0,0.0,349.0,2691.0,61.18059962028781,9955.538,10016.71859962029,2004.0,47.0,21.0,228.0,144.0,30.0,27.0,0.0,72.0,3.0,135.0,18.0,0.0
244,32,3,1834.0,2090.0,477.0,0.0,395.0,2691.0,144.93338020564818,10664.2192,10809.152580205648,2004.0,47.0,21.0,228.0,144.0,30.0,27.0,0.0,72.0,3.0,135.0,18.0,0.0
244,33,3,1826.0,2100.0,475.0,0.0,333.0,2691.0,142.39140482532906,10801.025599999997,10943.417004825327,2004.0,47.0,21.0,228.0,144.0,30.0,27.0,0.0,72.0,3.0,135.0,18.0,0.0
244,34,3,1824.0,2113.0,470.0,0.0,302.0,2691.0,105.5136660169805,9617.5968,9723.11046601698,2004.0,47.0,21.0,228.0,144.0,30.0,27.0,0.0,72.0,3.0,135.0,18.0,0.0
244,35,3,1865.0,2102.0,491.0,0.0,348.0,2691.0,22.788811186887443,10211.382,10234.170811186887,2004.0,47.0,21.0,228.0,144.0,30.0,27.0,0.0,72.0,3.0,135.0,18.0,0.0
244,36,4,1867.0,2072.0,510.0,0.0,349.0,2691.0,184.94726248189858,10201.896399999996,10386.843662481893,2004.0,47.0,21.0,228.0,144.0,30.0,27.0,0.0,72.0,3.0,135.0,18.0,0.0
244,37,4,1885.0,2121.0,460.0,0.0,337.0,2691.0,142.24126785645456,9775.846000000003,9918.087267856457,2004.0,47.0,21.0,228.0,144.0,30.0,27.0,0.0,72.0,3.0,135.0,18.0,0.0
244,38,4,1838.0,2110.0,470.0,0.0,350.0,2691.0,62.084968537553856,10205.704000000002,10267.788968537556,2004.0,47.0,21.0,228.0,144.0,30.0,27.0,0.0,72.0,3.0,135.0,18.0,0.0
244,39,4,1776.0,2115.0,473.0,0.0,293.0,2691.0,102.1109880410376,8721.808800000003,8823.91978804104,2004.0,47.0,21.0,228.0,144.0,30.0,27.0,0.0,72.0,3.0,135.0,18.0,0.0
244,40,4,1854.0,2061.0,503.0,0.0,378.0,2691.0,21.994058863109977,9714.389999999998,9736.384058863106,2004.0,47.0,21.0,228.0,144.0,30.0,27.0,0.0,72.0,3.0,135.0,18.0,0.0
244,41,4,1844.0,2118.0,467.0,0.0,362.0,2691.0,23.404432813615095,10011.583200000001,10034.987632813616,2004.0,47.0,21.0,228.0,144.0,30.0,27.0,0.0,72.0,3.0,135.0,18.0,0.0
244,42,4,1896.0,2085.0,486.0,0.0,328.0,2691.0,60.55406798624621,8899.2296,8959.783667986245,2004.0,47.0,21.0,228.0,144.0,30.0,27.0,0.0,72.0,3.0,135.0,18.0,0.0
244,43,4,1872.0,2096.0,481.0,0.0,310.0,2691.0,61.461470111082406,10357.740800000003,10419.202270111085,2004.0,47.0,21.0,228.0,144.0,30.0,27.0,0.0,72.0,3.0,135.0,18.0,0.0
244,44,4,1863.0,2121.0,463.0,0.0,337.0,2691.0,20.285664021460825,9520.603200000001,9540.888864021463,2004.0,47.0,21.0,228.0,144.0,30.0,27.0,0.0,72.0,3.0,135.0,18.0,0.0
244,45,4,1840.0,2089.0,490.0,0.0,324.0,2691.0,20.9517945793272,10027.147599999997,10048.099394579325,2004.0,47.0,21.0,228.0,144.0,30.0,27.0,0.0,72.0,3.0,135.0,18.0,0.0
244,46,4,1844.0,2145.0,447.0,0.0,344.0,2691.0,63.560097245534834,9953.734400000007,10017.29449724554,2004.0,47.0,21.0,228.0,144.0,30.0,27.0,0.0,72.0,3.0,135.0,18.0,0.0
244,47,4,1856.0,2119.0,450.0,0.0,334.0,2691.0,184.77120448040506,11235.693199999998,11420.464404480403,2004.0,47.0,21.0,228.0,144.0,30.0,27.0,0.0,72.0,3.0,135.0,18.0,0.0
244,48,5,1885.0,2112.0,484.0,0.0,316.0,2691.0,141.73040235258372,9480.1224,9621.852802352583,2004.0,47.0,21.0,228.0,144.0,30.0,27.0,0.0,72.0,3.0,135.0,18.0,0.0
244,49,5,1880.0,2067.0,493.0,0.0,356.0,2691.0,62.026672644975704,9529.821600000003,9591.848272644978,2004.0,47.0,21.0,228.0,144.0,30.0,27.0,0.0,72.0,3.0,135.0,18.0,0.0
244,50,5,1837.0,2101.0,473.0,0.0,304.0,2691.0,103.66424311335375,10016.125599999996,10119.789843113349,2004.0,47.0,21.0,228.0,144.0,30.0,27.0,0.0,72.0,3.0,135.0,18.0,0.0
244,51,5,1844.0,2126.0,458.0,0.0,348.0,2691.0,61.19593517668942,9177.384800000002,9238.58073517669,2004.0,47.0,21.0,228.0,144.0,30.0,27.0,0.0,72.0,3.0,135.0,18.0,0.0
244,52,5,1859.0,2096.0,488.0,0.0,304.0,2691.0,20.880850895858075,10309.577999999998,10330.458850895855,2004.0,47.0,21.0,228.0,144.0,30.0,27.0,0.0,72.0,3.0,135.0,18.0,0.0
244,53,5,1852.0,2083.0,492.0,0.0,316.0,2691.0,63.02373461104832,9565.158799999997,9628.182534611045,2004.0,47.0,21.0,228.0,144.0,30.0,27.0,0.0,72.0,3.0,135.0,18.0,0.0
244,54,5,1865.0,2103.0,484.0,0.0,322.0,2691.0,142.82014497054985,8407.180800000006,8550.000944970556,2004.0,47.0,21.0,228.0,144.0,30.0,27.0,0.0,72.0,3.0,135.0,18.0,0.0
244,55,5,1840.0,2060.0,499.0,0.0,374.0,2691.0,63.92262234749025,10320.0656,10383.98822234749,2004.0,47.0,21.0,228.0,144.0,30.0,27.0,0.0,72.0,3.0,135.0,18.0,0.0
244,56,5,1829.0,2131.0,464.0,0.0,363.0,2691.0,64.67322413266979,10331.488399999995,10396.161624132665,2004.0,47.0,21.0,228.0,144.0,30.0,27.0,0.0,72.0,3.0,135.0,18.0,0.0
244,57,5,1841.0,2118.0,469.0,0.0,358.0,2691.0,141.64847015070632,9092.615600000001,9234.264070150708,2004.0,47.0,21.0,228.0,144.0,30.0,27.0,0.0,72.0,3.0,135.0,18.0,0.0
244,58,5,1812.0,2127.0,448.0,0.0,308.0,2691.0,61.42639783871843,9820.936000000003,9882.362397838722,2004.0,47.0,21.0,228.0,144.0,30.0,27.0,0.0,72.0,3.0,135.0,18.0,0.0
244,59,5,1855.0,2070.0,514.0,0.0,355.0,2691.0,100.03372865866291,9002.4356,9102.469328658663,2004.0,47.0,21.0,228.0,144.0,30.0,27.0,0.0,72.0,3.0,135.0,18.0,0.0
244,60,6,1854.0,2090.0,500.0,0.0,345.0,2691.0,22.24795479184138,9762.753200000006,9785.00115479185,2004.0,47.0,21.0,228.0,144.0,30.0,27.0,0.0,72.0,3.0,135.0,18.0,0.0
244,61,6,1870.0,2088.0,489.0,0.0,334.0,2691.0,61.17747945015986,9983.594000000001,10044.77147945016,2004.0,47.0,21.0,228.0,144.0,30.0,27.0,0.0,72.0,3.0,135.0,18.0,0.0
244,62,6,1887.0,2105.0,477.0,0.0,287.0,2691.0,183.94947743424933,8175.518400000001,8359.46787743425,2004.0,47.0,21.0,228.0,144.0,30.0,27.0,0.0,72.0,3.0,135.0,18.0,0.0
244,63,6,1865.0,2086.0,478.0,0.0,364.0,2691.0,143.8832275246494,9888.203600000004,10032.086827524654,2004.0,47.0,21.0,228.0,144.0,30.0,27.0,0.0,72.0,3.0,135.0,18.0,0.0
244,64,6,1843.0,2069.0,481.0,0.0,338.0,2691.0,103.93772860244067,8725.082000000002,8829.019728602441,2004.0,47.0,21.0,228.0,144.0,30.0,27.0,0.0,72.0,3.0,135.0,18.0,0.0
244,65,6,1840.0,2110.0,465.0,0.0,323.0,2691.0,142.96792459836598,9540.776799999996,9683.744724598364,2004.0,47.0,21.0,228.0,144.0,30.0,27.0,0.0,72.0,3.0,135.0,18.0,0.0
244,66,6,1894.0,2089.0,499.0,0.0,321.0,2691.0,63.158409166201956,11626.807199999996,11689.965609166198,2004.0,47.0,21.0,228.0,144.0,30.0,27.0,0.0,72.0,3.0,135.0,18.0,0.0
244,67,6,1862.0,2133.0,461.0,0.0,316.0,2691.0,103.38394941949815,10429.550799999997,10532.934749419495,2004.0,47.0,21.0,228.0,144.0,30.0,27.0,0.0,72.0,3.0,135.0,18.0,0.0
244,68,6,1843.0,2110.0,456.0,0.0,375.0,2691.0,144.53802925450785,9946.854000000001,10091.392029254508,2004.0,47.0,21.0,228.0,144.0,30.0,27.0,0.0,72.0,3.0,135.0,18.0,0.0
244,69,6,1834.0,2062.0,537.0,0.0,314.0,2691.0,62.5915230357155,9032.696,9095.287523035717,2004.0,47.0,21.0,228.0,144.0,30.0,27.0,0.0,72.0,3.0,135.0,18.0,0.0
244,70,6,1832.0,2116.0,465.0,0.0,347.0,2691.0,61.70048702968735,10303.499199999998,10365.199687029686,2004.0,47.0,21.0,228.0,144.0,30.0,27.0,0.0,72.0,3.0,135.0,18.0,0.0
244,71,6,1847.0,2114.0,476.0,0.0,338.0,2691.0,22.462099482950414,9460.950799999999,9483.412899482948,2004.0,47.0,21.0,228.0,144.0,30.0,27.0,0.0,72.0,3.0,135.0,18.0,0.0
244,72,7,1796.0,2122.0,472.0,0.0,345.0,2691.0,21.304449283924676,9046.790800000002,9068.095249283928,2004.0,47.0,21.0,228.0,144.0,30.0,27.0,0.0,72.0,3.0,135.0,18.0,0.0
244,73,7,1842.0,2129.0,459.0,0.0,358.0,2691.0,104.38633795368894,10592.943600000002,10697.329937953691,2004.0,47.0,21.0,228.0,144.0,30.0,27.0,0.0,72.0,3.0,135.0,18.0,0.0
244,74,7,1858.0,2091.0,502.0,0.0,353.0,2691.0,144.40363083791652,9845.852399999996,9990.25603083791,2004.0,47.0,21.0,228.0,144.0,30.0,27.0,0.0,72.0,3.0,135.0,18.0,0.0
244,75,7,1793.0,2142.0,450.0,0.0,331.0,2691.0,61.30109751777624,10106.372400000004,10167.673497517782,2004.0,47.0,21.0,228.0,144.0,30.0,27.0,0.0,72.0,3.0,135.0,18.0,0.0
244,76,7,1848.0,2120.0,465.0,0.0,312.0,2691.0,63.1202546157404,8965.294800000007,9028.415054615747,2004.0,47.0,21.0,228.0,144.0,30.0,27.0,0.0,72.0,3.0,135.0,18.0,0.0
244,77,7,1828.0,2093.0,495.0,0.0,305.0,2691.0,22.212973722250897,9309.047599999993,9331.260573722244,2004.0,47.0,21.0,228.0,144.0,30.0,27.0,0.0,72.0,3.0,135.0,18.0,0.0
244,78,7,1820.0,2068.0,503.0,0.0,267.0,2691.0,103.18415190179323,10258.475999999995,10361.66015190179,2004.0,47.0,21.0,228.0,144.0,30.0,27.0,0.0,72.0,3.0,135.0,18.0,0.0
244,79,7,1843.0,2104.0,479.0,0.0,373.0,2691.0,62.66133830560912,9154.338799999998,9217.000138305608,2004.0,47.0,21.0,228.0,144.0,30.0,27.0,0.0,72.0,3.0,135.0,18.0,0.0
244,80,7,1855.0,2084.0,500.0,0.0,321.0,2691.0,100.71810717334625,9454.270799999998,9554.988907173345,2004.0,47.0,21.0,228.0,144.0,30.0,27.0,0.0,72.0,3.0,135.0,18.0,0.0
244,81,7,1867.0,2070.0,510.0,0.0,359.0,2691.0,62.64603639948979,8538.843600000006,8601.489636399496,2004.0,47.0,21.0,228.0,144.0,30.0,27.0,0.0,72.0,3.0,135.0,18.0,0.0
244,82,7,1845.0,2124.0,461.0,0.0,342.0,2691.0,102.23401259191911,8960.418399999999,9062.652412591919,2004.0,47.0,21.0,228.0,144.0,30.0,27.0,0.0,72.0,3.0,135.0,18.0,0.0
244,83,7,1794.0,2095.0,493.0,0.0,312.0,2691.0,102.6356349700665,10254.4012,10357.036834970066,2004.0,47.0,21.0,228.0,144.0,30.0,27.0,0.0,72.0,3.0,135.0,18.0,0.0
244,84,8,1856.0,2133.0,450.0,0.0,339.0,2691.0,19.642111409539712,11219.193599999991,11238.83571140953,2004.0,47.0,21.0,228.0,144.0,30.0,27.0,0.0,72.0,3.0,135.0,18.0,0.0
244,85,8,1848.0,2083.0,498.0,0.0,306.0,2691.0,23.295640320062123,9324.344799999997,9347.640440320058,2004.0,47.0,21.0,228.0,144.0,30.0,27.0,0.0,72.0,3.0,135.0,18.0,0.0
244,86,8,1824.0,2125.0,473.0,0.0,329.0,2691.0,22.85292215985109,10791.606799999992,10814.459722159843,2004.0,47.0,21.0,228.0,144.0,30.0,27.0,0.0,72.0,3.0,135.0,18.0,0.0
244,87,8,1870.0,2096.0,488.0,0.0,301.0,2691.0,25.3078801611311,10410.846799999996,10436.154680161126,2004.0,47.0,21.0,228.0,144.0,30.0,27.0,0.0,72.0,3.0,135.0,18.0,0.0
244,88,8,1846.0,2120.0,463.0,0.0,293.0,2691.0,21.897186406941728,9874.643200000002,9896.540386406943,2004.0,47.0,21.0,228.0,144.0,30.0,27.0,0.0,72.0,3.0,135.0,18.0,0.0
244,89,8,1859.0,2113.0,482.0,0.0,318.0,2691.0,103.97980706984322,9327.8184,9431.798207069844,2004.0,47.0,21.0,228.0,144.0,30.0,27.0,0.0,72.0,3.0,135.0,18.0,0.0
244,90,8,1877.0,2109.0,473.0,0.0,343.0,2691.0,145.30032120023873,9601.431200000005,9746.731521200243,2004.0,47.0,21.0,228.0,144.0,30.0,27.0,0.0,72.0,3.0,135.0,18.0,0.0
244,91,8,1889.0,2072.0,515.0,0.0,301.0,2691.0,143.88479384722717,10289.738399999998,10433.623193847227,2004.0,47.0,21.0,228.0,144.0,30.0,27.0,0.0,72.0,3.0,135.0,18.0,0.0
244,92,8,1892.0,2081.0,493.0,0.0,329.0,2691.0,20.132001120594737,9649.259999999998,9669.392001120594,2004.0,47.0,21.0,228.0,144.0,30.0,27.0,0.0,72.0,3.0,135.0,18.0,0.0
244,93,8,1853.0,2120.0,477.0,0.0,330.0,2691.0,19.0247957961722,8649.3308,8668.355595796173,2004.0,47.0,21.0,228.0,144.0,30.0,27.0,0.0,72.0,3.0,135.0,18.0,0.0
244,94,8,1875.0,2145.0,460.0,0.0,277.0,2691.0,348.11179321279076,9540.042000000003,9888.153793212792,2004.0,47.0,21.0,228.0,144.0,30.0,27.0,0.0,72.0,3.0,135.0,18.0,0.0
244,95,8,1885.0,2099.0,482.0,0.0,329.0,2691.0,103.90679286433976,9360.35,9464.25679286434,2004.0,47.0,21.0,228.0,144.0,30.0,27.0,0.0,72.0,3.0,135.0,18.0,0.0
244,96,9,1885.0,2103.0,473.0,0.0,353.0,2691.0,63.10417636256133,10022.80559999999,10085.909776362552,2004.0,47.0,21.0,228.0,144.0,30.0,27.0,0.0,72.0,3.0,135.0,18.0,0.0
244,97,9,1872.0,2073.0,502.0,0.0,334.0,2691.0,21.289721695024873,8912.255600000008,8933.545321695032,2004.0,47.0,21.0,228.0,144.0,30.0,27.0,0.0,72.0,3.0,135.0,18.0,0.0
244,98,9,1805.0,2090.0,471.0,0.0,336.0,2691.0,144.77162850019297,10533.090799999993,10677.862428500186,2004.0,47.0,21.0,228.0,144.0,30.0,27.0,0.0,72.0,3.0,135.0,18.0,0.0
244,99,9,1841.0,2088.0,490.0,0.0,351.0,2691.0,62.97720473653459,9594.9516,9657.928804736533,2004.0,47.0,21.0,228.0,144.0,30.0,27.0,0.0,72.0,3.0,135.0,18.0,0.0
244,100,9,1860.0,2081.0,482.0,0.0,323.0,2691.0,62.796467246336725,10226.345200000002,10289.141667246338,2004.0,47.0,21.0,228.0,144.0,30.0,27.0,0.0,72.0,3.0,135.0,18.0,0.0
244,101,9,1883.0,2133.0,442.0,0.0,313.0,2691.0,140.73981004206135,9005.508399999997,9146.248210042057,2004.0,47.0,21.0,228.0,144.0,30.0,27.0,0.0,72.0,3.0,135.0,18.0,0.0
244,102,9,1828.0,2112.0,484.0,0.0,331.0,2691.0,101.9458946042664,9224.144800000002,9326.090694604269,2004.0,47.0,21.0,228.0,144.0,30.0,27.0,0.0,72.0,3.0,135.0,18.0,0.0
244,103,9,1879.0,2085.0,475.0,0.0,362.0,2691.0,103.70207516930566,10944.37839999999,11048.080475169296,2004.0,47.0,21.0,228.0,144.0,30.0,27.0,0.0,72.0,3.0,135.0,18.0,0.0
244,104,9,1860.0,2118.0,469.0,0.0,334.0,2691.0,21.61070356039276,9891.4768,9913.087503560393,2004.0,47.0,21.0,228.0,144.0,30.0,27.0,0.0,72.0,3.0,135.0,18.0,0.0
244,105,9,1848.0,2095.0,482.0,0.0,331.0,2691.0,104.10009200756812,8250.267600000006,8354.367692007574,2004.0,47.0,21.0,228.0,144.0,30.0,27.0,0.0,72.0,3.0,135.0,18.0,0.0
244,106,9,1854.0,2096.0,486.0,0.0,343.0,2691.0,62.43448148376345,10586.864799999994,10649.299281483758,2004.0,47.0,21.0,228.0,144.0,30.0,27.0,0.0,72.0,3.0,135.0,18.0,0.0
244,107,9,1869.0,2128.0,457.0,0.0,364.0,2691.0,102.81866640393508,9918.463999999994,10021.28266640393,2004.0,47.0,21.0,228.0,144.0,30.0,27.0,0.0,72.0,3.0,135.0,18.0,0.0
244,108,10,1911.0,2108.0,469.0,0.0,331.0,2691.0,62.03053182492894,9448.86,9510.890531824929,2004.0,47.0,21.0,228.0,144.0,30.0,27.0,0.0,72.0,3.0,135.0,18.0,0.0
244,109,10,1879.0,2126.0,461.0,0.0,344.0,2691.0,61.57319893428544,9918.3972,9979.970398934285,2004.0,47.0,21.0,228.0,144.0,30.0,27.0,0.0,72.0,3.0,135.0,18.0,0.0
244,110,10,1803.0,2134.0,455.0,0.0,335.0,2691.0,63.26315906093886,9807.442399999998,9870.705559060938,2004.0,47.0,21.0,228.0,144.0,30.0,27.0,0.0,72.0,3.0,135.0,18.0,0.0
244,111,10,1819.0,2113.0,477.0,0.0,370.0,2691.0,62.096293683358894,9319.2012,9381.29749368336,2004.0,47.0,21.0,228.0,144.0,30.0,27.0,0.0,72.0,3.0,135.0,18.0,0.0
244,112,10,1860.0,2101.0,484.0,0.0,332.0,2691.0,185.53469722939872,9390.610400000005,9576.145097229404,2004.0,47.0,21.0,228.0,144.0,30.0,27.0,0.0,72.0,3.0,135.0,18.0,0.0
244,113,10,1871.0,2088.0,469.0,0.0,359.0,2691.0,145.23764749234203,9535.967199999997,9681.20484749234,2004.0,47.0,21.0,228.0,144.0,30.0,27.0,0.0,72.0,3.0,135.0,18.0,0.0
244,114,10,1823.0,2126.0,444.0,0.0,345.0,2691.0,102.13359568390499,9745.9864,9848.119995683905,2004.0,47.0,21.0,228.0,144.0,30.0,27.0,0.0,72.0,3.0,135.0,18.0,0.0
244,115,10,1854.0,2132.0,446.0,0.0,348.0,2691.0,103.8251408517956,10014.121600000004,10117.9467408518,2004.0,47.0,21.0,228.0,144.0,30.0,27.0,0.0,72.0,3.0,135.0,18.0,0.0
244,116,10,1828.0,2127.0,458.0,0.0,354.0,2691.0,104.30204578076945,9923.9416,10028.243645780769,2004.0,47.0,21.0,228.0,144.0,30.0,27.0,0.0,72.0,3.0,135.0,18.0,0.0
244,117,10,1851.0,2099.0,491.0,0.0,335.0,2691.0,22.656067592606824,9464.424400000007,9487.080467592614,2004.0,47.0,21.0,228.0,144.0,30.0,27.0,0.0,72.0,3.0,135.0,18.0,0.0
244,118,10,1818.0,2108.0,460.0,0.0,358.0,2691.0,142.77172922591745,10489.336799999997,10632.108529225916,2004.0,47.0,21.0,228.0,144.0,30.0,27.0,0.0,72.0,3.0,135.0,18.0,0.0
244,119,10,1875.0,2098.0,482.0,0.0,334.0,2691.0,101.57253914208877,8833.632000000005,8935.204539142094,2004.0,47.0,21.0,228.0,144.0,30.0,27.0,0.0,72.0,3.0,135.0,18.0,0.0
245,0,1,1828.0,2146.0,436.0,0.0,240.0,2691.0,94.98190797241253,8676.050799999999,8771.032707972412,2004.0,47.0,21.0,228.0,144.0,30.0,27.0,0.0,72.0,3.0,135.0,18.0,0.0
245,1,1,1883.0,2138.0,455.0,0.0,265.0,2691.0,14.859012960425492,8784.133199999997,8798.992212960422,2004.0,47.0,21.0,228.0,144.0,30.0,27.0,0.0,72.0,3.0,135.0,18.0,0.0
245,2,1,1923.0,2118.0,456.0,0.0,283.0,2691.0,17.791695061355362,9272.508000000002,9290.299695061358,2004.0,47.0,21.0,228.0,144.0,30.0,27.0,0.0,72.0,3.0,135.0,18.0,0.0
245,3,1,1842.0,2096.0,484.0,0.0,299.0,2691.0,15.969230597235088,8355.878400000001,8371.847630597236,2004.0,47.0,21.0,228.0,144.0,30.0,27.0,0.0,72.0,3.0,135.0,18.0,0.0
245,4,1,1874.0,2094.0,491.0,0.0,289.0,2691.0,14.750479236681146,8681.595199999996,8696.345679236678,2004.0,47.0,21.0,228.0,144.0,30.0,27.0,0.0,72.0,3.0,135.0,18.0,0.0
245,5,1,1859.0,2120.0,464.0,0.0,280.0,2691.0,57.15051267392366,8997.024800000003,9054.175312673928,2004.0,47.0,21.0,228.0,144.0,30.0,27.0,0.0,72.0,3.0,135.0,18.0,0.0
245,6,1,1845.0,2117.0,462.0,0.0,270.0,2691.0,97.39683655336506,8794.153199999997,8891.550036553363,2004.0,47.0,21.0,228.0,144.0,30.0,27.0,0.0,72.0,3.0,135.0,18.0,0.0
245,7,1,1905.0,2132.0,455.0,0.0,315.0,2691.0,14.234180024491645,9092.615599999996,9106.849780024488,2004.0,47.0,21.0,228.0,144.0,30.0,27.0,0.0,72.0,3.0,135.0,18.0,0.0
245,8,1,1846.0,2102.0,474.0,0.0,337.0,2691.0,15.944078102192098,8573.579600000001,8589.523678102192,2004.0,47.0,21.0,228.0,144.0,30.0,27.0,0.0,72.0,3.0,135.0,18.0,0.0
245,9,1,1848.0,2112.0,464.0,0.0,249.0,2691.0,56.362424920934735,8924.012400000003,8980.374824920938,2004.0,47.0,21.0,228.0,144.0,30.0,27.0,0.0,72.0,3.0,135.0,18.0,0.0
245,10,1,1860.0,2128.0,452.0,0.0,278.0,2691.0,16.255516191640318,10198.422799999993,10214.678316191636,2004.0,47.0,21.0,228.0,144.0,30.0,27.0,0.0,72.0,3.0,135.0,18.0,0.0
245,11,1,1865.0,2128.0,457.0,0.0,272.0,2691.0,96.46606798790908,9620.201999999997,9716.668067987906,2004.0,47.0,21.0,228.0,144.0,30.0,27.0,0.0,72.0,3.0,135.0,18.0,0.0
245,12,2,1885.0,2116.0,461.0,0.0,299.0,2691.0,55.933731787827725,8061.557600000002,8117.491331787831,2004.0,47.0,21.0,228.0,144.0,30.0,27.0,0.0,72.0,3.0,135.0,18.0,0.0
245,13,2,1839.0,2115.0,464.0,0.0,296.0,2691.0,17.42516436354792,8017.6032,8035.028364363547,2004.0,47.0,21.0,228.0,144.0,30.0,27.0,0.0,72.0,3.0,135.0,18.0,0.0
245,14,2,1852.0,2131.0,455.0,0.0,310.0,2691.0,15.008357779308138,8031.965199999998,8046.973557779306,2004.0,47.0,21.0,228.0,144.0,30.0,27.0,0.0,72.0,3.0,135.0,18.0,0.0
245,15,2,1856.0,2122.0,454.0,0.0,306.0,2691.0,15.047860888497862,9073.243599999998,9088.291460888497,2004.0,47.0,21.0,228.0,144.0,30.0,27.0,0.0,72.0,3.0,135.0,18.0,0.0
245,16,2,1830.0,2141.0,439.0,0.0,286.0,2691.0,54.89271089767053,8414.0612,8468.95391089767,2004.0,47.0,21.0,228.0,144.0,30.0,27.0,0.0,72.0,3.0,135.0,18.0,0.0
245,17,2,1840.0,2122.0,470.0,0.0,316.0,2691.0,15.456612469973816,8126.5540000000055,8142.01061246998,2004.0,47.0,21.0,228.0,144.0,30.0,27.0,0.0,72.0,3.0,135.0,18.0,0.0
245,18,2,1854.0,2091.0,475.0,0.0,299.0,2691.0,96.97426049691455,8689.8116,8786.785860496915,2004.0,47.0,21.0,228.0,144.0,30.0,27.0,0.0,72.0,3.0,135.0,18.0,0.0
245,19,2,1843.0,2118.0,474.0,0.0,287.0,2691.0,96.12429349042762,8252.338399999999,8348.462693490426,2004.0,47.0,21.0,228.0,144.0,30.0,27.0,0.0,72.0,3.0,135.0,18.0,0.0
245,20,2,1852.0,2120.0,472.0,0.0,313.0,2691.0,57.07042439904012,8423.546799999998,8480.617224399037,2004.0,47.0,21.0,228.0,144.0,30.0,27.0,0.0,72.0,3.0,135.0,18.0,0.0
245,21,2,1887.0,2109.0,471.0,0.0,323.0,2691.0,14.869984764300414,9181.326000000001,9196.195984764301,2004.0,47.0,21.0,228.0,144.0,30.0,27.0,0.0,72.0,3.0,135.0,18.0,0.0
245,22,2,1853.0,2082.0,500.0,0.0,299.0,2691.0,15.997883373574316,9290.677599999994,9306.675483373569,2004.0,47.0,21.0,228.0,144.0,30.0,27.0,0.0,72.0,3.0,135.0,18.0,0.0
245,23,2,1865.0,2117.0,473.0,0.0,238.0,2691.0,15.809775114543669,8134.770399999999,8150.580175114543,2004.0,47.0,21.0,228.0,144.0,30.0,27.0,0.0,72.0,3.0,135.0,18.0,0.0
245,24,3,1854.0,2137.0,442.0,0.0,270.0,2691.0,15.503734941003547,8183.200400000003,8198.704134941008,2004.0,47.0,21.0,228.0,144.0,30.0,27.0,0.0,72.0,3.0,135.0,18.0,0.0
245,25,3,1855.0,2144.0,457.0,0.0,248.0,2691.0,14.964029215864809,7793.890000000001,7808.854029215867,2004.0,47.0,21.0,228.0,144.0,30.0,27.0,0.0,72.0,3.0,135.0,18.0,0.0
245,26,3,1911.0,2077.0,512.0,0.0,259.0,2691.0,16.334768603110412,8985.601999999997,9001.936768603107,2004.0,47.0,21.0,228.0,144.0,30.0,27.0,0.0,72.0,3.0,135.0,18.0,0.0
245,27,3,1844.0,2152.0,430.0,0.0,304.0,2691.0,54.21974938313547,9022.5424,9076.762149383136,2004.0,47.0,21.0,228.0,144.0,30.0,27.0,0.0,72.0,3.0,135.0,18.0,0.0
245,28,3,1848.0,2158.0,433.0,0.0,255.0,2691.0,14.29464734513975,8085.2716000000055,8099.566247345147,2004.0,47.0,21.0,228.0,144.0,30.0,27.0,0.0,72.0,3.0,135.0,18.0,0.0
245,29,3,1847.0,2136.0,458.0,0.0,229.0,2691.0,56.097352626142445,9570.369199999994,9626.466552626138,2004.0,47.0,21.0,228.0,144.0,30.0,27.0,0.0,72.0,3.0,135.0,18.0,0.0
245,30,3,1867.0,2119.0,458.0,0.0,302.0,2691.0,55.55464478185301,8912.055199999999,8967.609844781851,2004.0,47.0,21.0,228.0,144.0,30.0,27.0,0.0,72.0,3.0,135.0,18.0,0.0
245,31,3,1834.0,2102.0,465.0,0.0,325.0,2691.0,97.76292500492133,9680.522399999998,9778.28532500492,2004.0,47.0,21.0,228.0,144.0,30.0,27.0,0.0,72.0,3.0,135.0,18.0,0.0
245,32,3,1826.0,2107.0,469.0,0.0,289.0,2691.0,55.39268398990575,9779.586799999995,9834.979483989902,2004.0,47.0,21.0,228.0,144.0,30.0,27.0,0.0,72.0,3.0,135.0,18.0,0.0
245,33,3,1824.0,2130.0,454.0,0.0,262.0,2691.0,16.201676586204734,8951.400399999999,8967.602076586203,2004.0,47.0,21.0,228.0,144.0,30.0,27.0,0.0,72.0,3.0,135.0,18.0,0.0
245,34,3,1865.0,2115.0,478.0,0.0,302.0,2691.0,15.024270841362531,9379.855600000003,9394.879870841365,2004.0,47.0,21.0,228.0,144.0,30.0,27.0,0.0,72.0,3.0,135.0,18.0,0.0
245,35,3,1867.0,2089.0,493.0,0.0,309.0,2691.0,96.73345849371843,9367.230399999997,9463.963858493715,2004.0,47.0,21.0,228.0,144.0,30.0,27.0,0.0,72.0,3.0,135.0,18.0,0.0
245,36,4,1885.0,2132.0,449.0,0.0,280.0,2691.0,95.4723855929892,8724.2804,8819.75278559299,2004.0,47.0,21.0,228.0,144.0,30.0,27.0,0.0,72.0,3.0,135.0,18.0,0.0
245,37,4,1838.0,2123.0,457.0,0.0,289.0,2691.0,15.759085113221229,9377.851600000002,9393.610685113223,2004.0,47.0,21.0,228.0,144.0,30.0,27.0,0.0,72.0,3.0,135.0,18.0,0.0
245,38,4,1776.0,2129.0,459.0,0.0,254.0,2691.0,95.83325759353343,7774.785200000002,7870.618457593537,2004.0,47.0,21.0,228.0,144.0,30.0,27.0,0.0,72.0,3.0,135.0,18.0,0.0
245,39,4,1854.0,2071.0,493.0,0.0,326.0,2691.0,56.22096458185504,8529.758799999998,8585.979764581853,2004.0,47.0,21.0,228.0,144.0,30.0,27.0,0.0,72.0,3.0,135.0,18.0,0.0
245,40,4,1844.0,2130.0,455.0,0.0,317.0,2691.0,17.552619950344383,8691.7488,8709.301419950343,2004.0,47.0,21.0,228.0,144.0,30.0,27.0,0.0,72.0,3.0,135.0,18.0,0.0
245,41,4,1896.0,2102.0,469.0,0.0,288.0,2691.0,55.5751088893136,8015.3319999999985,8070.907108889312,2004.0,47.0,21.0,228.0,144.0,30.0,27.0,0.0,72.0,3.0,135.0,18.0,0.0
245,42,4,1872.0,2102.0,474.0,0.0,277.0,2691.0,55.15476916633509,9488.071599999997,9543.226369166332,2004.0,47.0,21.0,228.0,144.0,30.0,27.0,0.0,72.0,3.0,135.0,18.0,0.0
245,43,4,1863.0,2130.0,454.0,0.0,279.0,2691.0,14.729821579390258,8366.1656,8380.895421579393,2004.0,47.0,21.0,228.0,144.0,30.0,27.0,0.0,72.0,3.0,135.0,18.0,0.0
245,44,4,1840.0,2102.0,477.0,0.0,284.0,2691.0,15.986969021752284,8829.0896,8845.076569021752,2004.0,47.0,21.0,228.0,144.0,30.0,27.0,0.0,72.0,3.0,135.0,18.0,0.0
245,45,4,1844.0,2161.0,431.0,0.0,285.0,2691.0,15.413077055534597,8419.338400000006,8434.75147705554,2004.0,47.0,21.0,228.0,144.0,30.0,27.0,0.0,72.0,3.0,135.0,18.0,0.0
245,46,4,1856.0,2128.0,442.0,0.0,284.0,2691.0,137.2789723738243,10069.899599999999,10207.178572373821,2004.0,47.0,21.0,228.0,144.0,30.0,27.0,0.0,72.0,3.0,135.0,18.0,0.0
245,47,4,1885.0,2128.0,468.0,0.0,271.0,2691.0,54.96304474847494,8471.776400000002,8526.739444748477,2004.0,47.0,21.0,228.0,144.0,30.0,27.0,0.0,72.0,3.0,135.0,18.0,0.0
245,48,5,1880.0,2084.0,476.0,0.0,327.0,2691.0,56.58519740496598,8697.560400000002,8754.145597404968,2004.0,47.0,21.0,228.0,144.0,30.0,27.0,0.0,72.0,3.0,135.0,18.0,0.0
245,49,5,1837.0,2113.0,461.0,0.0,266.0,2691.0,97.9944427293716,8875.983199999997,8973.97764272937,2004.0,47.0,21.0,228.0,144.0,30.0,27.0,0.0,72.0,3.0,135.0,18.0,0.0
245,50,5,1844.0,2144.0,441.0,0.0,301.0,2691.0,54.643529707878564,8298.430400000001,8353.073929707878,2004.0,47.0,21.0,228.0,144.0,30.0,27.0,0.0,72.0,3.0,135.0,18.0,0.0
245,51,5,1859.0,2110.0,475.0,0.0,250.0,2691.0,14.390038441263385,9039.509599999996,9053.89963844126,2004.0,47.0,21.0,228.0,144.0,30.0,27.0,0.0,72.0,3.0,135.0,18.0,0.0
245,52,5,1852.0,2097.0,478.0,0.0,284.0,2691.0,14.889025592558822,8580.393199999997,8595.282225592555,2004.0,47.0,21.0,228.0,144.0,30.0,27.0,0.0,72.0,3.0,135.0,18.0,0.0
245,53,5,1865.0,2117.0,470.0,0.0,284.0,2691.0,55.82324344933439,7737.510800000005,7793.33404344934,2004.0,47.0,21.0,228.0,144.0,30.0,27.0,0.0,72.0,3.0,135.0,18.0,0.0
245,54,5,1840.0,2077.0,482.0,0.0,315.0,2691.0,56.923984254114934,9091.146,9148.069984254114,2004.0,47.0,21.0,228.0,144.0,30.0,27.0,0.0,72.0,3.0,135.0,18.0,0.0
245,55,5,1829.0,2147.0,449.0,0.0,306.0,2691.0,57.8750307750259,9225.681199999992,9283.556230775019,2004.0,47.0,21.0,228.0,144.0,30.0,27.0,0.0,72.0,3.0,135.0,18.0,0.0
245,56,5,1841.0,2136.0,451.0,0.0,323.0,2691.0,55.44474350722838,8536.4388,8591.883543507229,2004.0,47.0,21.0,228.0,144.0,30.0,27.0,0.0,72.0,3.0,135.0,18.0,0.0
245,57,5,1812.0,2140.0,436.0,0.0,267.0,2691.0,55.02002423358884,9001.968000000004,9056.988024233593,2004.0,47.0,21.0,228.0,144.0,30.0,27.0,0.0,72.0,3.0,135.0,18.0,0.0
245,58,5,1855.0,2087.0,497.0,0.0,315.0,2691.0,53.83750622419064,8444.9896,8498.827106224191,2004.0,47.0,21.0,228.0,144.0,30.0,27.0,0.0,72.0,3.0,135.0,18.0,0.0
245,59,5,1854.0,2107.0,483.0,0.0,294.0,2691.0,15.724679621241478,8864.426800000001,8880.151479621243,2004.0,47.0,21.0,228.0,144.0,30.0,27.0,0.0,72.0,3.0,135.0,18.0,0.0
245,60,6,1870.0,2102.0,475.0,0.0,285.0,2691.0,13.81853725229308,8754.6744,8768.492937252295,2004.0,47.0,21.0,228.0,144.0,30.0,27.0,0.0,72.0,3.0,135.0,18.0,0.0
245,61,6,1887.0,2118.0,463.0,0.0,248.0,2691.0,97.47157133865554,7478.126400000002,7575.597971338659,2004.0,47.0,21.0,228.0,144.0,30.0,27.0,0.0,72.0,3.0,135.0,18.0,0.0
245,62,6,1865.0,2091.0,473.0,0.0,320.0,2691.0,56.32406375766267,8989.944000000003,9046.268063757667,2004.0,47.0,21.0,228.0,144.0,30.0,27.0,0.0,72.0,3.0,135.0,18.0,0.0
245,63,6,1843.0,2083.0,467.0,0.0,288.0,2691.0,96.81340947503261,7840.115600000003,7936.929009475036,2004.0,47.0,21.0,228.0,144.0,30.0,27.0,0.0,72.0,3.0,135.0,18.0,0.0
245,64,6,1840.0,2131.0,444.0,0.0,286.0,2691.0,96.49266325200125,8685.669999999995,8782.162663251996,2004.0,47.0,21.0,228.0,144.0,30.0,27.0,0.0,72.0,3.0,135.0,18.0,0.0
245,65,6,1894.0,2109.0,479.0,0.0,277.0,2691.0,15.732059836457683,10776.710399999993,10792.44245983645,2004.0,47.0,21.0,228.0,144.0,30.0,27.0,0.0,72.0,3.0,135.0,18.0,0.0
245,66,6,1862.0,2145.0,449.0,0.0,280.0,2691.0,56.271040274593375,9630.555999999997,9686.827040274591,2004.0,47.0,21.0,228.0,144.0,30.0,27.0,0.0,72.0,3.0,135.0,18.0,0.0
245,67,6,1843.0,2123.0,443.0,0.0,317.0,2691.0,54.97509591201196,8930.6924,8985.667495912012,2004.0,47.0,21.0,228.0,144.0,30.0,27.0,0.0,72.0,3.0,135.0,18.0,0.0
245,68,6,1834.0,2080.0,519.0,0.0,270.0,2691.0,57.34272797282365,8469.9728,8527.315527972823,2004.0,47.0,21.0,228.0,144.0,30.0,27.0,0.0,72.0,3.0,135.0,18.0,0.0
245,69,6,1832.0,2122.0,459.0,0.0,299.0,2691.0,55.711027327210225,9391.545599999996,9447.256627327206,2004.0,47.0,21.0,228.0,144.0,30.0,27.0,0.0,72.0,3.0,135.0,18.0,0.0
245,70,6,1847.0,2129.0,461.0,0.0,291.0,2691.0,15.430865747061535,8710.452799999995,8725.883665747058,2004.0,47.0,21.0,228.0,144.0,30.0,27.0,0.0,72.0,3.0,135.0,18.0,0.0
245,71,6,1796.0,2139.0,455.0,0.0,301.0,2691.0,16.285174603184736,8475.6508,8491.935974603184,2004.0,47.0,21.0,228.0,144.0,30.0,27.0,0.0,72.0,3.0,135.0,18.0,0.0
245,72,7,1842.0,2144.0,444.0,0.0,314.0,2691.0,56.888204367830795,9847.388800000002,9904.277004367834,2004.0,47.0,21.0,228.0,144.0,30.0,27.0,0.0,72.0,3.0,135.0,18.0,0.0
245,73,7,1858.0,2107.0,487.0,0.0,313.0,2691.0,97.18395808777753,9105.240799999994,9202.42475808777,2004.0,47.0,21.0,228.0,144.0,30.0,27.0,0.0,72.0,3.0,135.0,18.0,0.0
245,74,7,1793.0,2153.0,439.0,0.0,296.0,2691.0,55.75663561869045,9386.468800000002,9442.225435618693,2004.0,47.0,21.0,228.0,144.0,30.0,27.0,0.0,72.0,3.0,135.0,18.0,0.0
245,75,7,1848.0,2137.0,448.0,0.0,273.0,2691.0,15.08565738001942,7838.178400000006,7853.264057380025,2004.0,47.0,21.0,228.0,144.0,30.0,27.0,0.0,72.0,3.0,135.0,18.0,0.0
245,76,7,1828.0,2110.0,478.0,0.0,269.0,2691.0,16.340567498082123,8699.430799999991,8715.771367498073,2004.0,47.0,21.0,228.0,144.0,30.0,27.0,0.0,72.0,3.0,135.0,18.0,0.0
245,77,7,1820.0,2081.0,490.0,0.0,244.0,2691.0,57.42039687791782,9216.395999999997,9273.816396877915,2004.0,47.0,21.0,228.0,144.0,30.0,27.0,0.0,72.0,3.0,135.0,18.0,0.0
245,78,7,1843.0,2115.0,468.0,0.0,324.0,2691.0,16.418512138616784,8245.257599999999,8261.676112138615,2004.0,47.0,21.0,228.0,144.0,30.0,27.0,0.0,72.0,3.0,135.0,18.0,0.0
245,79,7,1855.0,2107.0,477.0,0.0,277.0,2691.0,55.10907350973799,8813.458399999998,8868.567473509735,2004.0,47.0,21.0,228.0,144.0,30.0,27.0,0.0,72.0,3.0,135.0,18.0,0.0
245,80,7,1867.0,2092.0,487.0,0.0,308.0,2691.0,15.28117040164441,7892.019200000003,7907.300370401647,2004.0,47.0,21.0,228.0,144.0,30.0,27.0,0.0,72.0,3.0,135.0,18.0,0.0
245,81,7,1845.0,2137.0,448.0,0.0,297.0,2691.0,96.25466651786094,8306.246000000001,8402.500666517863,2004.0,47.0,21.0,228.0,144.0,30.0,27.0,0.0,72.0,3.0,135.0,18.0,0.0
245,82,7,1794.0,2112.0,476.0,0.0,276.0,2691.0,56.4293308122531,9296.6228,9353.052130812252,2004.0,47.0,21.0,228.0,144.0,30.0,27.0,0.0,72.0,3.0,135.0,18.0,0.0
245,83,7,1856.0,2141.0,442.0,0.0,297.0,2691.0,14.177519329206998,10021.469599999997,10035.647119329204,2004.0,47.0,21.0,228.0,144.0,30.0,27.0,0.0,72.0,3.0,135.0,18.0,0.0
245,84,8,1848.0,2099.0,482.0,0.0,265.0,2691.0,16.504024323409006,8517.467599999998,8533.971624323407,2004.0,47.0,21.0,228.0,144.0,30.0,27.0,0.0,72.0,3.0,135.0,18.0,0.0
245,85,8,1824.0,2135.0,463.0,0.0,286.0,2691.0,16.54744951932169,9402.03319999999,9418.58064951931,2004.0,47.0,21.0,228.0,144.0,30.0,27.0,0.0,72.0,3.0,135.0,18.0,0.0
245,86,8,1870.0,2116.0,468.0,0.0,269.0,2691.0,17.368924584636456,9749.393199999991,9766.762124584628,2004.0,47.0,21.0,228.0,144.0,30.0,27.0,0.0,72.0,3.0,135.0,18.0,0.0
245,87,8,1846.0,2132.0,451.0,0.0,246.0,2691.0,15.893200647250191,8936.036400000003,8951.929600647252,2004.0,47.0,21.0,228.0,144.0,30.0,27.0,0.0,72.0,3.0,135.0,18.0,0.0
245,88,8,1859.0,2133.0,462.0,0.0,269.0,2691.0,17.286118023556494,8509.651999999998,8526.938118023554,2004.0,47.0,21.0,228.0,144.0,30.0,27.0,0.0,72.0,3.0,135.0,18.0,0.0
245,89,8,1877.0,2120.0,462.0,0.0,292.0,2691.0,57.48438125679145,8678.522400000002,8736.006781256792,2004.0,47.0,21.0,228.0,144.0,30.0,27.0,0.0,72.0,3.0,135.0,18.0,0.0
245,90,8,1889.0,2092.0,495.0,0.0,263.0,2691.0,15.426931455140476,9222.474799999996,9237.901731455137,2004.0,47.0,21.0,228.0,144.0,30.0,27.0,0.0,72.0,3.0,135.0,18.0,0.0
245,91,8,1892.0,2094.0,480.0,0.0,290.0,2691.0,54.466458347422936,8783.197999999999,8837.66445834742,2004.0,47.0,21.0,228.0,144.0,30.0,27.0,0.0,72.0,3.0,135.0,18.0,0.0
245,92,8,1853.0,2136.0,461.0,0.0,286.0,2691.0,14.126201822018803,8019.8076,8033.933801822018,2004.0,47.0,21.0,228.0,144.0,30.0,27.0,0.0,72.0,3.0,135.0,18.0,0.0
245,93,8,1875.0,2157.0,449.0,0.0,245.0,2691.0,96.15770686318731,8544.8556,8641.013306863188,2004.0,47.0,21.0,228.0,144.0,30.0,27.0,0.0,72.0,3.0,135.0,18.0,0.0
245,94,8,1885.0,2110.0,470.0,0.0,282.0,2691.0,16.99224706249398,8546.9264,8563.918647062495,2004.0,47.0,21.0,228.0,144.0,30.0,27.0,0.0,72.0,3.0,135.0,18.0,0.0
245,95,8,1885.0,2119.0,457.0,0.0,305.0,2691.0,56.00914800576306,9405.373199999989,9461.382348005753,2004.0,47.0,21.0,228.0,144.0,30.0,27.0,0.0,72.0,3.0,135.0,18.0,0.0
245,96,9,1872.0,2092.0,483.0,0.0,280.0,2691.0,55.230948011104054,7788.946800000005,7844.177748011109,2004.0,47.0,21.0,228.0,144.0,30.0,27.0,0.0,72.0,3.0,135.0,18.0,0.0
245,97,9,1805.0,2109.0,452.0,0.0,296.0,2691.0,16.140187250632003,9859.81359999999,9875.953787250623,2004.0,47.0,21.0,228.0,144.0,30.0,27.0,0.0,72.0,3.0,135.0,18.0,0.0
245,98,9,1841.0,2104.0,474.0,0.0,302.0,2691.0,55.846408056091164,8753.2048,8809.051208056091,2004.0,47.0,21.0,228.0,144.0,30.0,27.0,0.0,72.0,3.0,135.0,18.0,0.0
245,99,9,1860.0,2104.0,459.0,0.0,272.0,2691.0,56.20199385709694,9237.905600000002,9294.107593857098,2004.0,47.0,21.0,228.0,144.0,30.0,27.0,0.0,72.0,3.0,135.0,18.0,0.0
245,100,9,1883.0,2152.0,423.0,0.0,275.0,2691.0,94.81786102100997,8032.031999999996,8126.849861021006,2004.0,47.0,21.0,228.0,144.0,30.0,27.0,0.0,72.0,3.0,135.0,18.0,0.0
245,101,9,1828.0,2122.0,474.0,0.0,288.0,2691.0,15.45951506871907,8247.194800000003,8262.654315068721,2004.0,47.0,21.0,228.0,144.0,30.0,27.0,0.0,72.0,3.0,135.0,18.0,0.0
245,102,9,1879.0,2093.0,468.0,0.0,320.0,2691.0,55.445519090249554,10187.26719999999,10242.71271909024,2004.0,47.0,21.0,228.0,144.0,30.0,27.0,0.0,72.0,3.0,135.0,18.0,0.0
245,103,9,1860.0,2131.0,456.0,0.0,302.0,2691.0,14.934118034325746,9110.517999999998,9125.452118034325,2004.0,47.0,21.0,228.0,144.0,30.0,27.0,0.0,72.0,3.0,135.0,18.0,0.0
245,104,9,1848.0,2114.0,463.0,0.0,289.0,2691.0,56.59522764994581,7563.096000000004,7619.69122764995,2004.0,47.0,21.0,228.0,144.0,30.0,27.0,0.0,72.0,3.0,135.0,18.0,0.0
245,105,9,1854.0,2110.0,472.0,0.0,296.0,2691.0,14.940019593751112,9724.209599999991,9739.149619593742,2004.0,47.0,21.0,228.0,144.0,30.0,27.0,0.0,72.0,3.0,135.0,18.0,0.0
245,106,9,1869.0,2145.0,440.0,0.0,306.0,2691.0,55.51484503718587,9323.810399999995,9379.32524503718,2004.0,47.0,21.0,228.0,144.0,30.0,27.0,0.0,72.0,3.0,135.0,18.0,0.0
245,107,9,1911.0,2135.0,442.0,0.0,287.0,2691.0,56.32355932880471,8611.855999999998,8668.1795593288,2004.0,47.0,21.0,228.0,144.0,30.0,27.0,0.0,72.0,3.0,135.0,18.0,0.0
245,108,10,1879.0,2145.0,442.0,0.0,296.0,2691.0,15.406171821394153,9216.262399999998,9231.668571821392,2004.0,47.0,21.0,228.0,144.0,30.0,27.0,0.0,72.0,3.0,135.0,18.0,0.0
245,109,10,1803.0,2147.0,442.0,0.0,284.0,2691.0,17.176947357094594,9061.887599999996,9079.064547357091,2004.0,47.0,21.0,228.0,144.0,30.0,27.0,0.0,72.0,3.0,135.0,18.0,0.0
245,110,10,1819.0,2133.0,457.0,0.0,318.0,2691.0,16.272445137971978,8500.299999999997,8516.57244513797,2004.0,47.0,21.0,228.0,144.0,30.0,27.0,0.0,72.0,3.0,135.0,18.0,0.0
245,111,10,1860.0,2126.0,459.0,0.0,278.0,2691.0,56.49280812132789,8477.922000000006,8534.414808121333,2004.0,47.0,21.0,228.0,144.0,30.0,27.0,0.0,72.0,3.0,135.0,18.0,0.0
245,112,10,1871.0,2109.0,449.0,0.0,299.0,2691.0,98.24713415889723,8729.089999999997,8827.337134158892,2004.0,47.0,21.0,228.0,144.0,30.0,27.0,0.0,72.0,3.0,135.0,18.0,0.0
245,113,10,1823.0,2142.0,428.0,0.0,298.0,2691.0,55.7380897028202,8890.946399999999,8946.684489702819,2004.0,47.0,21.0,228.0,144.0,30.0,27.0,0.0,72.0,3.0,135.0,18.0,0.0
245,114,10,1854.0,2149.0,429.0,0.0,295.0,2691.0,16.79640110260832,8785.803199999998,8802.599601102607,2004.0,47.0,21.0,228.0,144.0,30.0,27.0,0.0,72.0,3.0,135.0,18.0,0.0
245,115,10,1828.0,2134.0,451.0,0.0,306.0,2691.0,56.29062849328468,9032.228399999998,9088.519028493283,2004.0,47.0,21.0,228.0,144.0,30.0,27.0,0.0,72.0,3.0,135.0,18.0,0.0
245,116,10,1851.0,2120.0,470.0,0.0,286.0,2691.0,15.858004621330114,8449.532000000005,8465.390004621335,2004.0,47.0,21.0,228.0,144.0,30.0,27.0,0.0,72.0,3.0,135.0,18.0,0.0
245,117,10,1818.0,2121.0,447.0,0.0,322.0,2691.0,96.80061139970073,9389.808799999995,9486.609411399695,2004.0,47.0,21.0,228.0,144.0,30.0,27.0,0.0,72.0,3.0,135.0,18.0,0.0
245,118,10,1875.0,2104.0,476.0,0.0,285.0,2691.0,15.169106827297488,7952.874000000004,7968.043106827303,2004.0,47.0,21.0,228.0,144.0,30.0,27.0,0.0,72.0,3.0,135.0,18.0,0.0
245,119,10,1861.0,2116.0,470.0,0.0,290.0,2691.0,54.94069722037954,8921.540799999997,8976.481497220377,2004.0,47.0,21.0,228.0,144.0,30.0,27.0,0.0,72.0,3.0,135.0,18.0,0.0
246,0,1,1883.0,2134.0,459.0,0.0,288.0,2691.0,15.578295570194062,8823.745599999997,8839.32389557019,2004.0,47.0,21.0,228.0,144.0,30.0,27.0,0.0,72.0,3.0,135.0,18.0,0.0
246,1,1,1923.0,2118.0,456.0,0.0,306.0,2691.0,18.1478032177831,9937.168000000001,9955.315803217785,2004.0,47.0,21.0,228.0,144.0,30.0,27.0,0.0,72.0,3.0,135.0,18.0,0.0
246,2,1,1842.0,2090.0,486.0,0.0,317.0,2691.0,16.45426104201662,8786.404400000001,8802.858661042017,2004.0,47.0,21.0,228.0,144.0,30.0,27.0,0.0,72.0,3.0,135.0,18.0,0.0
246,3,1,1874.0,2090.0,493.0,0.0,300.0,2691.0,15.60692977293725,9023.811599999997,9039.418529772935,2004.0,47.0,21.0,228.0,144.0,30.0,27.0,0.0,72.0,3.0,135.0,18.0,0.0
246,4,1,1859.0,2123.0,461.0,0.0,306.0,2691.0,58.898578377262034,9623.007600000003,9681.906178377265,2004.0,47.0,21.0,228.0,144.0,30.0,27.0,0.0,72.0,3.0,135.0,18.0,0.0
246,5,1,1845.0,2120.0,459.0,0.0,295.0,2691.0,138.74236029807713,8714.126800000002,8852.86916029808,2004.0,47.0,21.0,228.0,144.0,30.0,27.0,0.0,72.0,3.0,135.0,18.0,0.0
246,6,1,1905.0,2141.0,444.0,0.0,334.0,2691.0,16.41355144525913,9021.9412,9038.354751445258,2004.0,47.0,21.0,228.0,144.0,30.0,27.0,0.0,72.0,3.0,135.0,18.0,0.0
246,7,1,1846.0,2095.0,480.0,0.0,350.0,2691.0,17.94567126270015,8741.314400000003,8759.260071262703,2004.0,47.0,21.0,228.0,144.0,30.0,27.0,0.0,72.0,3.0,135.0,18.0,0.0
246,8,1,1848.0,2109.0,467.0,0.0,263.0,2691.0,98.11445343234101,9088.140000000005,9186.254453432346,2004.0,47.0,21.0,228.0,144.0,30.0,27.0,0.0,72.0,3.0,135.0,18.0,0.0
246,9,1,1860.0,2112.0,468.0,0.0,295.0,2691.0,17.745037474597197,10840.370799999997,10858.115837474594,2004.0,47.0,21.0,228.0,144.0,30.0,27.0,0.0,72.0,3.0,135.0,18.0,0.0
246,10,1,1865.0,2133.0,451.0,0.0,289.0,2691.0,97.68969174064338,9531.9592,9629.648891740642,2004.0,47.0,21.0,228.0,144.0,30.0,27.0,0.0,72.0,3.0,135.0,18.0,0.0
246,11,1,1885.0,2112.0,463.0,0.0,314.0,2691.0,57.29650340430745,8207.782800000004,8265.079303404309,2004.0,47.0,21.0,228.0,144.0,30.0,27.0,0.0,72.0,3.0,135.0,18.0,0.0
246,12,2,1839.0,2110.0,470.0,0.0,314.0,2691.0,19.05534514549025,8105.9796,8125.0349451454895,2004.0,47.0,21.0,228.0,144.0,30.0,27.0,0.0,72.0,3.0,135.0,18.0,0.0
246,13,2,1852.0,2126.0,459.0,0.0,327.0,2691.0,15.931755937772127,8474.581999999997,8490.513755937769,2004.0,47.0,21.0,228.0,144.0,30.0,27.0,0.0,72.0,3.0,135.0,18.0,0.0
246,14,2,1856.0,2116.0,459.0,0.0,323.0,2691.0,15.674772155631903,9516.5952,9532.269972155631,2004.0,47.0,21.0,228.0,144.0,30.0,27.0,0.0,72.0,3.0,135.0,18.0,0.0
246,15,2,1830.0,2138.0,442.0,0.0,305.0,2691.0,55.70475139829129,8498.295999999998,8554.00075139829,2004.0,47.0,21.0,228.0,144.0,30.0,27.0,0.0,72.0,3.0,135.0,18.0,0.0
246,16,2,1840.0,2135.0,456.0,0.0,332.0,2691.0,57.57853492626568,10242.3104,10299.888934926264,2004.0,47.0,21.0,228.0,144.0,30.0,27.0,0.0,72.0,3.0,135.0,18.0,0.0
246,17,2,1854.0,2091.0,476.0,0.0,321.0,2691.0,98.36936855334706,8763.2248,8861.594168553347,2004.0,47.0,21.0,228.0,144.0,30.0,27.0,0.0,72.0,3.0,135.0,18.0,0.0
246,18,2,1843.0,2116.0,476.0,0.0,306.0,2691.0,56.72721154283891,8225.351200000001,8282.07841154284,2004.0,47.0,21.0,228.0,144.0,30.0,27.0,0.0,72.0,3.0,135.0,18.0,0.0
246,19,2,1852.0,2130.0,459.0,0.0,332.0,2691.0,57.16558180129293,8314.662799999998,8371.82838180129,2004.0,47.0,21.0,228.0,144.0,30.0,27.0,0.0,72.0,3.0,135.0,18.0,0.0
246,20,2,1887.0,2106.0,473.0,0.0,345.0,2691.0,16.05524854889007,8908.247599999997,8924.302848548887,2004.0,47.0,21.0,228.0,144.0,30.0,27.0,0.0,72.0,3.0,135.0,18.0,0.0
246,21,2,1853.0,2078.0,503.0,0.0,315.0,2691.0,98.17486790582151,9816.86119999999,9915.03606790581,2004.0,47.0,21.0,228.0,144.0,30.0,27.0,0.0,72.0,3.0,135.0,18.0,0.0
246,22,2,1865.0,2126.0,461.0,0.0,256.0,2691.0,99.09989930323673,8487.7416,8586.841499303235,2004.0,47.0,21.0,228.0,144.0,30.0,27.0,0.0,72.0,3.0,135.0,18.0,0.0
246,23,2,1854.0,2127.0,450.0,0.0,295.0,2691.0,16.728180538851188,8232.498800000005,8249.226980538857,2004.0,47.0,21.0,228.0,144.0,30.0,27.0,0.0,72.0,3.0,135.0,18.0,0.0
246,24,3,1855.0,2136.0,464.0,0.0,273.0,2691.0,97.57128572127888,7965.0984,8062.669685721278,2004.0,47.0,21.0,228.0,144.0,30.0,27.0,0.0,72.0,3.0,135.0,18.0,0.0
246,25,3,1911.0,2073.0,513.0,0.0,285.0,2691.0,17.627865271110803,9072.909599999995,9090.537465271107,2004.0,47.0,21.0,228.0,144.0,30.0,27.0,0.0,72.0,3.0,135.0,18.0,0.0
246,26,3,1844.0,2147.0,436.0,0.0,317.0,2691.0,56.00597155196335,9372.040000000005,9428.045971551966,2004.0,47.0,21.0,228.0,144.0,30.0,27.0,0.0,72.0,3.0,135.0,18.0,0.0
246,27,3,1848.0,2151.0,440.0,0.0,275.0,2691.0,16.018194567782782,8060.088000000005,8076.106194567788,2004.0,47.0,21.0,228.0,144.0,30.0,27.0,0.0,72.0,3.0,135.0,18.0,0.0
246,28,3,1847.0,2128.0,463.0,0.0,249.0,2691.0,97.37082801941395,9643.047599999994,9740.41842801941,2004.0,47.0,21.0,228.0,144.0,30.0,27.0,0.0,72.0,3.0,135.0,18.0,0.0
246,29,3,1867.0,2119.0,454.0,0.0,328.0,2691.0,56.240992589590945,9646.454399999999,9702.695392589589,2004.0,47.0,21.0,228.0,144.0,30.0,27.0,0.0,72.0,3.0,135.0,18.0,0.0
246,30,3,1834.0,2095.0,471.0,0.0,357.0,2691.0,99.75850126218437,10265.089199999995,10364.84770126218,2004.0,47.0,21.0,228.0,144.0,30.0,27.0,0.0,72.0,3.0,135.0,18.0,0.0
246,31,3,1826.0,2102.0,473.0,0.0,303.0,2691.0,97.77709076748702,9514.858399999996,9612.635490767483,2004.0,47.0,21.0,228.0,144.0,30.0,27.0,0.0,72.0,3.0,135.0,18.0,0.0
246,32,3,1824.0,2122.0,459.0,0.0,295.0,2691.0,59.67341270299454,9590.876799999998,9650.550212702994,2004.0,47.0,21.0,228.0,144.0,30.0,27.0,0.0,72.0,3.0,135.0,18.0,0.0
246,33,3,1865.0,2098.0,494.0,0.0,323.0,2691.0,138.55950579064782,9758.210800000003,9896.770305790651,2004.0,47.0,21.0,228.0,144.0,30.0,27.0,0.0,72.0,3.0,135.0,18.0,0.0
246,34,3,1867.0,2080.0,501.0,0.0,325.0,2691.0,98.41767854119853,9619.867999999995,9718.285678541193,2004.0,47.0,21.0,228.0,144.0,30.0,27.0,0.0,72.0,3.0,135.0,18.0,0.0
246,35,3,1885.0,2129.0,452.0,0.0,303.0,2691.0,96.96671510903914,8915.796000000002,9012.762715109042,2004.0,47.0,21.0,228.0,144.0,30.0,27.0,0.0,72.0,3.0,135.0,18.0,0.0
246,36,4,1838.0,2111.0,469.0,0.0,310.0,2691.0,98.1176554036912,9615.6596,9713.777255403693,2004.0,47.0,21.0,228.0,144.0,30.0,27.0,0.0,72.0,3.0,135.0,18.0,0.0
246,37,4,1776.0,2127.0,459.0,0.0,269.0,2691.0,16.30061736367611,8291.416399999998,8307.717017363675,2004.0,47.0,21.0,228.0,144.0,30.0,27.0,0.0,72.0,3.0,135.0,18.0,0.0
246,38,4,1854.0,2070.0,493.0,0.0,347.0,2691.0,57.67723562687189,8778.655599999998,8836.33283562687,2004.0,47.0,21.0,228.0,144.0,30.0,27.0,0.0,72.0,3.0,135.0,18.0,0.0
246,39,4,1844.0,2128.0,454.0,0.0,343.0,2691.0,17.660851873696657,8962.4224,8980.083251873697,2004.0,47.0,21.0,228.0,144.0,30.0,27.0,0.0,72.0,3.0,135.0,18.0,0.0
246,40,4,1896.0,2101.0,470.0,0.0,307.0,2691.0,16.40963077995892,8014.6640000000025,8031.073630779961,2004.0,47.0,21.0,228.0,144.0,30.0,27.0,0.0,72.0,3.0,135.0,18.0,0.0
246,41,4,1872.0,2100.0,475.0,0.0,290.0,2691.0,55.28777576431214,9424.478000000001,9479.765775764314,2004.0,47.0,21.0,228.0,144.0,30.0,27.0,0.0,72.0,3.0,135.0,18.0,0.0
246,42,4,1863.0,2127.0,455.0,0.0,300.0,2691.0,15.312448131446708,8609.852000000003,8625.164448131449,2004.0,47.0,21.0,228.0,144.0,30.0,27.0,0.0,72.0,3.0,135.0,18.0,0.0
246,43,4,1840.0,2102.0,476.0,0.0,309.0,2691.0,16.890029254796726,9188.406799999999,9205.296829254796,2004.0,47.0,21.0,228.0,144.0,30.0,27.0,0.0,72.0,3.0,135.0,18.0,0.0
246,44,4,1844.0,2154.0,436.0,0.0,308.0,2691.0,17.35782791940339,8455.009600000009,8472.36742791941,2004.0,47.0,21.0,228.0,144.0,30.0,27.0,0.0,72.0,3.0,135.0,18.0,0.0
246,45,4,1856.0,2109.0,459.0,0.0,299.0,2691.0,139.23435077415775,9739.9076,9879.141950774158,2004.0,47.0,21.0,228.0,144.0,30.0,27.0,0.0,72.0,3.0,135.0,18.0,0.0
246,46,4,1885.0,2116.0,475.0,0.0,299.0,2691.0,97.35875687693608,8815.262,8912.620756876937,2004.0,47.0,21.0,228.0,144.0,30.0,27.0,0.0,72.0,3.0,135.0,18.0,0.0
246,47,4,1880.0,2077.0,483.0,0.0,342.0,2691.0,57.47418790181878,9026.684000000001,9084.158187901821,2004.0,47.0,21.0,228.0,144.0,30.0,27.0,0.0,72.0,3.0,135.0,18.0,0.0
246,48,5,1837.0,2113.0,460.0,0.0,284.0,2691.0,99.21663231295825,9662.953999999996,9762.170632312955,2004.0,47.0,21.0,228.0,144.0,30.0,27.0,0.0,72.0,3.0,135.0,18.0,0.0
246,49,5,1844.0,2137.0,446.0,0.0,329.0,2691.0,57.194469930138,8629.157200000001,8686.351669930138,2004.0,47.0,21.0,228.0,144.0,30.0,27.0,0.0,72.0,3.0,135.0,18.0,0.0
246,50,5,1859.0,2104.0,480.0,0.0,269.0,2691.0,16.26593802682951,9257.811999999996,9274.077938026825,2004.0,47.0,21.0,228.0,144.0,30.0,27.0,0.0,72.0,3.0,135.0,18.0,0.0
246,51,5,1852.0,2098.0,474.0,0.0,299.0,2691.0,17.427434534035825,10037.367999999999,10054.795434534035,2004.0,47.0,21.0,228.0,144.0,30.0,27.0,0.0,72.0,3.0,135.0,18.0,0.0
246,52,5,1865.0,2113.0,471.0,0.0,310.0,2691.0,57.57081643207166,7899.968400000005,7957.539216432077,2004.0,47.0,21.0,228.0,144.0,30.0,27.0,0.0,72.0,3.0,135.0,18.0,0.0
246,53,5,1840.0,2073.0,486.0,0.0,332.0,2691.0,58.12577465149057,9247.5916,9305.71737465149,2004.0,47.0,21.0,228.0,144.0,30.0,27.0,0.0,72.0,3.0,135.0,18.0,0.0
246,54,5,1829.0,2131.0,464.0,0.0,330.0,2691.0,19.17366434336731,8483.265999999998,8502.439664343365,2004.0,47.0,21.0,228.0,144.0,30.0,27.0,0.0,72.0,3.0,135.0,18.0,0.0
246,55,5,1841.0,2147.0,440.0,0.0,348.0,2691.0,58.27054511696456,8497.1604,8555.430945116965,2004.0,47.0,21.0,228.0,144.0,30.0,27.0,0.0,72.0,3.0,135.0,18.0,0.0
246,56,5,1812.0,2125.0,451.0,0.0,280.0,2691.0,56.39470761831585,9721.337200000004,9777.73190761832,2004.0,47.0,21.0,228.0,144.0,30.0,27.0,0.0,72.0,3.0,135.0,18.0,0.0
246,57,5,1855.0,2087.0,499.0,0.0,335.0,2691.0,55.906430923110854,8645.990800000001,8701.897230923112,2004.0,47.0,21.0,228.0,144.0,30.0,27.0,0.0,72.0,3.0,135.0,18.0,0.0
246,58,5,1854.0,2113.0,478.0,0.0,310.0,2691.0,58.71327410888398,9274.178000000002,9332.891274108886,2004.0,47.0,21.0,228.0,144.0,30.0,27.0,0.0,72.0,3.0,135.0,18.0,0.0
246,59,5,1870.0,2094.0,482.0,0.0,315.0,2691.0,57.28431576034497,9271.84,9329.124315760346,2004.0,47.0,21.0,228.0,144.0,30.0,27.0,0.0,72.0,3.0,135.0,18.0,0.0
246,60,6,1887.0,2117.0,464.0,0.0,263.0,2691.0,139.09156495979101,7690.416800000001,7829.508364959793,2004.0,47.0,21.0,228.0,144.0,30.0,27.0,0.0,72.0,3.0,135.0,18.0,0.0
246,61,6,1865.0,2096.0,468.0,0.0,334.0,2691.0,57.72802067325191,9159.682800000004,9217.410820673256,2004.0,47.0,21.0,228.0,144.0,30.0,27.0,0.0,72.0,3.0,135.0,18.0,0.0
246,62,6,1843.0,2079.0,471.0,0.0,317.0,2691.0,98.2750767596084,8391.082,8489.35707675961,2004.0,47.0,21.0,228.0,144.0,30.0,27.0,0.0,72.0,3.0,135.0,18.0,0.0
246,63,6,1840.0,2128.0,446.0,0.0,303.0,2691.0,58.997630988335374,9002.101599999998,9061.099230988333,2004.0,47.0,21.0,228.0,144.0,30.0,27.0,0.0,72.0,3.0,135.0,18.0,0.0
246,64,6,1894.0,2126.0,461.0,0.0,297.0,2691.0,58.54360015304214,10432.289599999993,10490.833200153036,2004.0,47.0,21.0,228.0,144.0,30.0,27.0,0.0,72.0,3.0,135.0,18.0,0.0
246,65,6,1862.0,2138.0,457.0,0.0,295.0,2691.0,58.050055453713135,9975.644799999998,10033.69485545371,2004.0,47.0,21.0,228.0,144.0,30.0,27.0,0.0,72.0,3.0,135.0,18.0,0.0
246,66,6,1843.0,2117.0,449.0,0.0,339.0,2691.0,97.67097711050062,9207.9124,9305.583377110499,2004.0,47.0,21.0,228.0,144.0,30.0,27.0,0.0,72.0,3.0,135.0,18.0,0.0
246,67,6,1834.0,2075.0,523.0,0.0,290.0,2691.0,58.63335641768349,8543.386,8602.019356417683,2004.0,47.0,21.0,228.0,144.0,30.0,27.0,0.0,72.0,3.0,135.0,18.0,0.0
246,68,6,1832.0,2084.0,495.0,0.0,322.0,2691.0,56.77730044075211,9139.375599999992,9196.152900440746,2004.0,47.0,21.0,228.0,144.0,30.0,27.0,0.0,72.0,3.0,135.0,18.0,0.0
246,69,6,1847.0,2123.0,466.0,0.0,314.0,2691.0,17.511283113507744,8968.3676,8985.878883113506,2004.0,47.0,21.0,228.0,144.0,30.0,27.0,0.0,72.0,3.0,135.0,18.0,0.0
246,70,6,1796.0,2135.0,457.0,0.0,315.0,2691.0,16.20247875967919,8764.427200000002,8780.62967875968,2004.0,47.0,21.0,228.0,144.0,30.0,27.0,0.0,72.0,3.0,135.0,18.0,0.0
246,71,6,1842.0,2141.0,445.0,0.0,336.0,2691.0,57.714791315841964,10024.809600000002,10082.524391315845,2004.0,47.0,21.0,228.0,144.0,30.0,27.0,0.0,72.0,3.0,135.0,18.0,0.0
246,72,7,1858.0,2104.0,489.0,0.0,333.0,2691.0,98.7719025050374,9366.228399999993,9465.00030250503,2004.0,47.0,21.0,228.0,144.0,30.0,27.0,0.0,72.0,3.0,135.0,18.0,0.0
246,73,7,1793.0,2147.0,445.0,0.0,318.0,2691.0,96.52488258186344,9661.150400000002,9757.675282581866,2004.0,47.0,21.0,228.0,144.0,30.0,27.0,0.0,72.0,3.0,135.0,18.0,0.0
246,74,7,1848.0,2135.0,448.0,0.0,300.0,2691.0,16.02417700019743,7998.0976000000055,8014.121777000202,2004.0,47.0,21.0,228.0,144.0,30.0,27.0,0.0,72.0,3.0,135.0,18.0,0.0
246,75,7,1828.0,2095.0,495.0,0.0,283.0,2691.0,18.288730346601895,8608.515999999998,8626.8047303466,2004.0,47.0,21.0,228.0,144.0,30.0,27.0,0.0,72.0,3.0,135.0,18.0,0.0
246,76,7,1820.0,2098.0,472.0,0.0,266.0,2691.0,58.13414694157271,9491.812399999999,9549.946546941572,2004.0,47.0,21.0,228.0,144.0,30.0,27.0,0.0,72.0,3.0,135.0,18.0,0.0
246,77,7,1843.0,2116.0,467.0,0.0,333.0,2691.0,16.993887957570777,8180.394799999997,8197.388687957568,2004.0,47.0,21.0,228.0,144.0,30.0,27.0,0.0,72.0,3.0,135.0,18.0,0.0
246,78,7,1855.0,2101.0,482.0,0.0,292.0,2691.0,56.61214532391959,9160.617999999999,9217.230145323918,2004.0,47.0,21.0,228.0,144.0,30.0,27.0,0.0,72.0,3.0,135.0,18.0,0.0
246,79,7,1867.0,2119.0,458.0,0.0,326.0,2691.0,16.799461216742017,9000.2312,9017.030661216744,2004.0,47.0,21.0,228.0,144.0,30.0,27.0,0.0,72.0,3.0,135.0,18.0,0.0
246,80,7,1845.0,2134.0,449.0,0.0,319.0,2691.0,57.59572922633702,8218.003200000001,8275.598929226338,2004.0,47.0,21.0,228.0,144.0,30.0,27.0,0.0,72.0,3.0,135.0,18.0,0.0
246,81,7,1794.0,2108.0,478.0,0.0,296.0,2691.0,57.216642627703365,9266.0284,9323.245042627703,2004.0,47.0,21.0,228.0,144.0,30.0,27.0,0.0,72.0,3.0,135.0,18.0,0.0
246,82,7,1856.0,2097.0,483.0,0.0,335.0,2691.0,16.28315846289708,9445.052399999991,9461.335558462888,2004.0,47.0,21.0,228.0,144.0,30.0,27.0,0.0,72.0,3.0,135.0,18.0,0.0
246,83,7,1848.0,2127.0,453.0,0.0,293.0,2691.0,15.965051259919992,8789.7444,8805.709451259918,2004.0,47.0,21.0,228.0,144.0,30.0,27.0,0.0,72.0,3.0,135.0,18.0,0.0
246,84,8,1824.0,2119.0,477.0,0.0,300.0,2691.0,18.598867453332907,10260.613599999991,10279.212467453326,2004.0,47.0,21.0,228.0,144.0,30.0,27.0,0.0,72.0,3.0,135.0,18.0,0.0
246,85,8,1870.0,2134.0,449.0,0.0,285.0,2691.0,57.3357175813998,10334.76159999999,10392.09731758139,2004.0,47.0,21.0,228.0,144.0,30.0,27.0,0.0,72.0,3.0,135.0,18.0,0.0
246,86,8,1846.0,2151.0,431.0,0.0,274.0,2691.0,57.458746703038024,9352.133600000001,9409.592346703037,2004.0,47.0,21.0,228.0,144.0,30.0,27.0,0.0,72.0,3.0,135.0,18.0,0.0
246,87,8,1859.0,2121.0,474.0,0.0,305.0,2691.0,16.068609472996073,8282.665599999997,8298.734209472994,2004.0,47.0,21.0,228.0,144.0,30.0,27.0,0.0,72.0,3.0,135.0,18.0,0.0
246,88,8,1877.0,2116.0,463.0,0.0,311.0,2691.0,58.758247236201164,8558.015200000002,8616.773447236203,2004.0,47.0,21.0,228.0,144.0,30.0,27.0,0.0,72.0,3.0,135.0,18.0,0.0
246,89,8,1889.0,2083.0,503.0,0.0,286.0,2691.0,56.72201619124018,9612.653599999998,9669.375616191237,2004.0,47.0,21.0,228.0,144.0,30.0,27.0,0.0,72.0,3.0,135.0,18.0,0.0
246,90,8,1892.0,2086.0,487.0,0.0,307.0,2691.0,16.361150839689724,8999.295999999998,9015.657150839688,2004.0,47.0,21.0,228.0,144.0,30.0,27.0,0.0,72.0,3.0,135.0,18.0,0.0
246,91,8,1853.0,2128.0,468.0,0.0,305.0,2691.0,15.550613914238642,8181.530400000001,8197.08101391424,2004.0,47.0,21.0,228.0,144.0,30.0,27.0,0.0,72.0,3.0,135.0,18.0,0.0
246,92,8,1875.0,2159.0,446.0,0.0,265.0,2691.0,96.88639448099539,9493.282000000001,9590.168394480996,2004.0,47.0,21.0,228.0,144.0,30.0,27.0,0.0,72.0,3.0,135.0,18.0,0.0
246,93,8,1885.0,2116.0,462.0,0.0,300.0,2691.0,59.23013438714801,8758.348399999999,8817.578534387147,2004.0,47.0,21.0,228.0,144.0,30.0,27.0,0.0,72.0,3.0,135.0,18.0,0.0
246,94,8,1885.0,2120.0,456.0,0.0,329.0,2691.0,58.18572086113455,9611.11719999999,9669.302920861124,2004.0,47.0,21.0,228.0,144.0,30.0,27.0,0.0,72.0,3.0,135.0,18.0,0.0
246,95,8,1872.0,2085.0,490.0,0.0,299.0,2691.0,16.38788166349102,8271.844000000005,8288.231881663496,2004.0,47.0,21.0,228.0,144.0,30.0,27.0,0.0,72.0,3.0,135.0,18.0,0.0
246,96,9,1805.0,2106.0,453.0,0.0,316.0,2691.0,99.59524704547297,10114.254799999992,10213.850047045466,2004.0,47.0,21.0,228.0,144.0,30.0,27.0,0.0,72.0,3.0,135.0,18.0,0.0
246,97,9,1841.0,2095.0,481.0,0.0,321.0,2691.0,57.75269917660701,8970.4384,9028.191099176605,2004.0,47.0,21.0,228.0,144.0,30.0,27.0,0.0,72.0,3.0,135.0,18.0,0.0
246,98,9,1860.0,2085.0,476.0,0.0,294.0,2691.0,97.249184022102,9380.924399999998,9478.1735840221,2004.0,47.0,21.0,228.0,144.0,30.0,27.0,0.0,72.0,3.0,135.0,18.0,0.0
246,99,9,1883.0,2144.0,431.0,0.0,302.0,2691.0,137.11785689376615,8518.603199999994,8655.72105689376,2004.0,47.0,21.0,228.0,144.0,30.0,27.0,0.0,72.0,3.0,135.0,18.0,0.0
246,100,9,1828.0,2118.0,477.0,0.0,311.0,2691.0,98.1141195028907,8635.035600000003,8733.149719502893,2004.0,47.0,21.0,228.0,144.0,30.0,27.0,0.0,72.0,3.0,135.0,18.0,0.0
246,101,9,1879.0,2116.0,443.0,0.0,332.0,2691.0,97.55227792929847,9925.411199999991,10022.96347792929,2004.0,47.0,21.0,228.0,144.0,30.0,27.0,0.0,72.0,3.0,135.0,18.0,0.0
246,102,9,1860.0,2119.0,467.0,0.0,317.0,2691.0,15.399866109824568,8486.6728,8502.072666109825,2004.0,47.0,21.0,228.0,144.0,30.0,27.0,0.0,72.0,3.0,135.0,18.0,0.0
246,103,9,1848.0,2122.0,454.0,0.0,315.0,2691.0,58.44938704493966,7869.574400000004,7928.023787044944,2004.0,47.0,21.0,228.0,144.0,30.0,27.0,0.0,72.0,3.0,135.0,18.0,0.0
246,104,9,1854.0,2109.0,472.0,0.0,317.0,2691.0,16.5268914045256,9784.797199999994,9801.324091404518,2004.0,47.0,21.0,228.0,144.0,30.0,27.0,0.0,72.0,3.0,135.0,18.0,0.0
246,105,9,1869.0,2137.0,445.0,0.0,334.0,2691.0,58.60255173004673,9584.263599999993,9642.86615173004,2004.0,47.0,21.0,228.0,144.0,30.0,27.0,0.0,72.0,3.0,135.0,18.0,0.0
246,106,9,1911.0,2123.0,453.0,0.0,311.0,2691.0,56.68822805385213,9010.651999999998,9067.34022805385,2004.0,47.0,21.0,228.0,144.0,30.0,27.0,0.0,72.0,3.0,135.0,18.0,0.0
246,107,9,1879.0,2131.0,455.0,0.0,323.0,2691.0,57.8091749606402,9051.600399999998,9109.409574960639,2004.0,47.0,21.0,228.0,144.0,30.0,27.0,0.0,72.0,3.0,135.0,18.0,0.0
246,108,10,1803.0,2140.0,448.0,0.0,304.0,2691.0,58.83773546871066,9701.497599999997,9760.33533546871,2004.0,47.0,21.0,228.0,144.0,30.0,27.0,0.0,72.0,3.0,135.0,18.0,0.0
246,109,10,1819.0,2083.0,503.0,0.0,347.0,2691.0,99.3291983053391,9152.869200000001,9252.19839830534,2004.0,47.0,21.0,228.0,144.0,30.0,27.0,0.0,72.0,3.0,135.0,18.0,0.0
246,110,10,1860.0,2120.0,465.0,0.0,300.0,2691.0,139.3937895390984,8550.533600000006,8689.927389539105,2004.0,47.0,21.0,228.0,144.0,30.0,27.0,0.0,72.0,3.0,135.0,18.0,0.0
246,111,10,1871.0,2102.0,454.0,0.0,331.0,2691.0,99.81778634862773,9013.457599999998,9113.275386348625,2004.0,47.0,21.0,228.0,144.0,30.0,27.0,0.0,72.0,3.0,135.0,18.0,0.0
246,112,10,1823.0,2135.0,432.0,0.0,308.0,2691.0,55.63773475095209,9199.963200000002,9255.600934750953,2004.0,47.0,21.0,228.0,144.0,30.0,27.0,0.0,72.0,3.0,135.0,18.0,0.0
246,113,10,1854.0,2166.0,411.0,0.0,323.0,2691.0,58.92185496828258,8932.5628,8991.484654968282,2004.0,47.0,21.0,228.0,144.0,30.0,27.0,0.0,72.0,3.0,135.0,18.0,0.0
246,114,10,1828.0,2125.0,459.0,0.0,321.0,2691.0,16.051997871007078,9331.1584,9347.210397871007,2004.0,47.0,21.0,228.0,144.0,30.0,27.0,0.0,72.0,3.0,135.0,18.0,0.0
246,115,10,1851.0,2112.0,477.0,0.0,310.0,2691.0,17.004158135345286,8973.244000000006,8990.248158135351,2004.0,47.0,21.0,228.0,144.0,30.0,27.0,0.0,72.0,3.0,135.0,18.0,0.0
246,116,10,1818.0,2116.0,452.0,0.0,334.0,2691.0,97.91617230444488,9889.673199999997,9987.589372304443,2004.0,47.0,21.0,228.0,144.0,30.0,27.0,0.0,72.0,3.0,135.0,18.0,0.0
246,117,10,1875.0,2107.0,471.0,0.0,301.0,2691.0,16.12889552198918,8386.539600000004,8402.668495521993,2004.0,47.0,21.0,228.0,144.0,30.0,27.0,0.0,72.0,3.0,135.0,18.0,0.0
246,118,10,1861.0,2111.0,475.0,0.0,305.0,2691.0,137.35536643398282,9438.238799999996,9575.594166433979,2004.0,47.0,21.0,228.0,144.0,30.0,27.0,0.0,72.0,3.0,135.0,18.0,0.0
246,119,10,1869.0,2100.0,483.0,0.0,306.0,2691.0,17.125673583024284,8761.6884,8778.814073583024,2004.0,47.0,21.0,228.0,144.0,30.0,27.0,0.0,72.0,3.0,135.0,18.0,0.0
247,0,1,1923.0,2102.0,473.0,0.0,310.0,2691.0,19.944265664992436,10855.333999999999,10875.27826566499,2004.0,47.0,21.0,228.0,144.0,30.0,27.0,0.0,72.0,3.0,135.0,18.0,0.0
247,1,1,1842.0,2079.0,501.0,0.0,316.0,2691.0,58.07364502949818,9561.017199999998,9619.090845029497,2004.0,47.0,21.0,228.0,144.0,30.0,27.0,0.0,72.0,3.0,135.0,18.0,0.0
247,2,1,1874.0,2069.0,516.0,0.0,306.0,2691.0,16.98143996871999,10033.226399999996,10050.207839968718,2004.0,47.0,21.0,228.0,144.0,30.0,27.0,0.0,72.0,3.0,135.0,18.0,0.0
247,3,1,1859.0,2106.0,478.0,0.0,308.0,2691.0,59.05649668000875,10416.124000000003,10475.180496680012,2004.0,47.0,21.0,228.0,144.0,30.0,27.0,0.0,72.0,3.0,135.0,18.0,0.0
247,4,1,1845.0,2120.0,459.0,0.0,285.0,2691.0,99.7481508511053,9461.4852,9561.233350851104,2004.0,47.0,21.0,228.0,144.0,30.0,27.0,0.0,72.0,3.0,135.0,18.0,0.0
247,5,1,1905.0,2121.0,466.0,0.0,328.0,2691.0,16.289663330142414,9561.083999999997,9577.37366333014,2004.0,47.0,21.0,228.0,144.0,30.0,27.0,0.0,72.0,3.0,135.0,18.0,0.0
247,6,1,1846.0,2088.0,488.0,0.0,354.0,2691.0,59.47464273903069,9982.992800000002,10042.467442739031,2004.0,47.0,21.0,228.0,144.0,30.0,27.0,0.0,72.0,3.0,135.0,18.0,0.0
247,7,1,1848.0,2090.0,486.0,0.0,273.0,2691.0,99.1993750274026,10253.866800000003,10353.066175027405,2004.0,47.0,21.0,228.0,144.0,30.0,27.0,0.0,72.0,3.0,135.0,18.0,0.0
247,8,1,1860.0,2115.0,465.0,0.0,295.0,2691.0,99.82139693959994,11445.378399999994,11545.199796939592,2004.0,47.0,21.0,228.0,144.0,30.0,27.0,0.0,72.0,3.0,135.0,18.0,0.0
247,9,1,1865.0,2117.0,468.0,0.0,295.0,2691.0,97.47278953361464,10432.089199999997,10529.561989533611,2004.0,47.0,21.0,228.0,144.0,30.0,27.0,0.0,72.0,3.0,135.0,18.0,0.0
247,10,1,1885.0,2104.0,473.0,0.0,316.0,2691.0,57.13260891952133,9296.489200000004,9353.621808919524,2004.0,47.0,21.0,228.0,144.0,30.0,27.0,0.0,72.0,3.0,135.0,18.0,0.0
247,11,1,1839.0,2098.0,482.0,0.0,320.0,2691.0,18.413888257910187,9110.5848,9128.99868825791,2004.0,47.0,21.0,228.0,144.0,30.0,27.0,0.0,72.0,3.0,135.0,18.0,0.0
247,12,2,1852.0,2117.0,468.0,0.0,329.0,2691.0,17.099961750557416,9498.559199999996,9515.659161750553,2004.0,47.0,21.0,228.0,144.0,30.0,27.0,0.0,72.0,3.0,135.0,18.0,0.0
247,13,2,1856.0,2099.0,476.0,0.0,323.0,2691.0,57.035699759983544,10122.537999999997,10179.57369975998,2004.0,47.0,21.0,228.0,144.0,30.0,27.0,0.0,72.0,3.0,135.0,18.0,0.0
247,14,2,1830.0,2126.0,454.0,0.0,309.0,2691.0,55.84176926578775,9275.18,9331.021769265788,2004.0,47.0,21.0,228.0,144.0,30.0,27.0,0.0,72.0,3.0,135.0,18.0,0.0
247,15,2,1840.0,2114.0,478.0,0.0,326.0,2691.0,58.59273347018611,10438.7692,10497.361933470187,2004.0,47.0,21.0,228.0,144.0,30.0,27.0,0.0,72.0,3.0,135.0,18.0,0.0
247,16,2,1854.0,2081.0,485.0,0.0,321.0,2691.0,98.50577966329385,9470.236,9568.741779663294,2004.0,47.0,21.0,228.0,144.0,30.0,27.0,0.0,72.0,3.0,135.0,18.0,0.0
247,17,2,1843.0,2099.0,493.0,0.0,311.0,2691.0,180.37959999038793,9337.637999999997,9518.017599990386,2004.0,47.0,21.0,228.0,144.0,30.0,27.0,0.0,72.0,3.0,135.0,18.0,0.0
247,18,2,1852.0,2111.0,481.0,0.0,334.0,2691.0,58.0669609472524,10144.849199999993,10202.916160947245,2004.0,47.0,21.0,228.0,144.0,30.0,27.0,0.0,72.0,3.0,135.0,18.0,0.0
247,19,2,1887.0,2091.0,489.0,0.0,355.0,2691.0,17.311144833866514,10040.641199999998,10057.952344833866,2004.0,47.0,21.0,228.0,144.0,30.0,27.0,0.0,72.0,3.0,135.0,18.0,0.0
247,20,2,1853.0,2071.0,512.0,0.0,325.0,2691.0,57.79595272377391,10339.838399999993,10397.634352723768,2004.0,47.0,21.0,228.0,144.0,30.0,27.0,0.0,72.0,3.0,135.0,18.0,0.0
247,21,2,1865.0,2094.0,496.0,0.0,257.0,2691.0,17.71038934318454,9336.168399999999,9353.878789343184,2004.0,47.0,21.0,228.0,144.0,30.0,27.0,0.0,72.0,3.0,135.0,18.0,0.0
247,22,2,1854.0,2124.0,455.0,0.0,297.0,2691.0,17.212587679866655,9017.064800000004,9034.27738767987,2004.0,47.0,21.0,228.0,144.0,30.0,27.0,0.0,72.0,3.0,135.0,18.0,0.0
247,23,2,1855.0,2133.0,468.0,0.0,266.0,2691.0,57.397672906843674,8933.765200000002,8991.162872906845,2004.0,47.0,21.0,228.0,144.0,30.0,27.0,0.0,72.0,3.0,135.0,18.0,0.0
247,24,3,1911.0,2064.0,525.0,0.0,287.0,2691.0,18.574706631798037,9643.982799999994,9662.557506631794,2004.0,47.0,21.0,228.0,144.0,30.0,27.0,0.0,72.0,3.0,135.0,18.0,0.0
247,25,3,1844.0,2134.0,448.0,0.0,324.0,2691.0,16.11566032840562,9888.404000000004,9904.51966032841,2004.0,47.0,21.0,228.0,144.0,30.0,27.0,0.0,72.0,3.0,135.0,18.0,0.0
247,26,3,1848.0,2139.0,452.0,0.0,281.0,2691.0,57.61987955048842,8908.915600000002,8966.53547955049,2004.0,47.0,21.0,228.0,144.0,30.0,27.0,0.0,72.0,3.0,135.0,18.0,0.0
247,27,3,1847.0,2118.0,476.0,0.0,252.0,2691.0,98.23459879833575,10951.325599999996,11049.560198798332,2004.0,47.0,21.0,228.0,144.0,30.0,27.0,0.0,72.0,3.0,135.0,18.0,0.0
247,28,3,1867.0,2106.0,470.0,0.0,333.0,2691.0,57.31791331602508,9647.9908,9705.308713316026,2004.0,47.0,21.0,228.0,144.0,30.0,27.0,0.0,72.0,3.0,135.0,18.0,0.0
247,29,3,1834.0,2088.0,479.0,0.0,370.0,2691.0,140.72809982205283,10655.8692,10796.597299822051,2004.0,47.0,21.0,228.0,144.0,30.0,27.0,0.0,72.0,3.0,135.0,18.0,0.0
247,30,3,1826.0,2101.0,475.0,0.0,321.0,2691.0,97.9299997270646,10346.318,10444.247999727064,2004.0,47.0,21.0,228.0,144.0,30.0,27.0,0.0,72.0,3.0,135.0,18.0,0.0
247,31,3,1824.0,2115.0,467.0,0.0,285.0,2691.0,59.83348275803309,10207.574399999998,10267.40788275803,2004.0,47.0,21.0,228.0,144.0,30.0,27.0,0.0,72.0,3.0,135.0,18.0,0.0
247,32,3,1865.0,2101.0,492.0,0.0,329.0,2691.0,18.135646204969767,10278.248800000001,10296.384446204971,2004.0,47.0,21.0,228.0,144.0,30.0,27.0,0.0,72.0,3.0,135.0,18.0,0.0
247,33,3,1867.0,2069.0,513.0,0.0,323.0,2691.0,98.56665147675238,10119.932799999995,10218.499451476748,2004.0,47.0,21.0,228.0,144.0,30.0,27.0,0.0,72.0,3.0,135.0,18.0,0.0
247,34,3,1885.0,2121.0,460.0,0.0,309.0,2691.0,97.82803128649188,10012.9192,10110.747231286492,2004.0,47.0,21.0,228.0,144.0,30.0,27.0,0.0,72.0,3.0,135.0,18.0,0.0
247,35,3,1838.0,2110.0,470.0,0.0,321.0,2691.0,16.666423306324617,10279.852000000003,10296.518423306328,2004.0,47.0,21.0,228.0,144.0,30.0,27.0,0.0,72.0,3.0,135.0,18.0,0.0
247,36,4,1776.0,2115.0,474.0,0.0,279.0,2691.0,98.4901257862023,8934.5668,9033.056925786203,2004.0,47.0,21.0,228.0,144.0,30.0,27.0,0.0,72.0,3.0,135.0,18.0,0.0
247,37,4,1854.0,2057.0,507.0,0.0,355.0,2691.0,17.35914219189612,9849.058799999993,9866.417942191889,2004.0,47.0,21.0,228.0,144.0,30.0,27.0,0.0,72.0,3.0,135.0,18.0,0.0
247,38,4,1844.0,2116.0,469.0,0.0,342.0,2691.0,18.561882039725347,10085.530799999997,10104.092682039722,2004.0,47.0,21.0,228.0,144.0,30.0,27.0,0.0,72.0,3.0,135.0,18.0,0.0
247,39,4,1896.0,2088.0,483.0,0.0,309.0,2691.0,56.88520460599288,8887.739999999998,8944.62520460599,2004.0,47.0,21.0,228.0,144.0,30.0,27.0,0.0,72.0,3.0,135.0,18.0,0.0
247,40,4,1872.0,2083.0,494.0,0.0,298.0,2691.0,56.72223055651445,10498.288,10555.010230556514,2004.0,47.0,21.0,228.0,144.0,30.0,27.0,0.0,72.0,3.0,135.0,18.0,0.0
247,41,4,1863.0,2120.0,464.0,0.0,306.0,2691.0,16.045650411892286,9265.0264,9281.072050411894,2004.0,47.0,21.0,228.0,144.0,30.0,27.0,0.0,72.0,3.0,135.0,18.0,0.0
247,42,4,1840.0,2087.0,492.0,0.0,312.0,2691.0,58.57187005135231,10372.703999999998,10431.275870051351,2004.0,47.0,21.0,228.0,144.0,30.0,27.0,0.0,72.0,3.0,135.0,18.0,0.0
247,43,4,1844.0,2144.0,448.0,0.0,314.0,2691.0,19.12114792218709,9743.915600000008,9763.036747922195,2004.0,47.0,21.0,228.0,144.0,30.0,27.0,0.0,72.0,3.0,135.0,18.0,0.0
247,44,4,1856.0,2102.0,468.0,0.0,303.0,2691.0,140.15547177154212,10288.869999999999,10429.025471771542,2004.0,47.0,21.0,228.0,144.0,30.0,27.0,0.0,72.0,3.0,135.0,18.0,0.0
247,45,4,1885.0,2107.0,488.0,0.0,297.0,2691.0,138.42476505935338,9393.416,9531.840765059353,2004.0,47.0,21.0,228.0,144.0,30.0,27.0,0.0,72.0,3.0,135.0,18.0,0.0
247,46,4,1880.0,2068.0,492.0,0.0,343.0,2691.0,58.31463781446997,9562.353200000001,9620.667837814472,2004.0,47.0,21.0,228.0,144.0,30.0,27.0,0.0,72.0,3.0,135.0,18.0,0.0
247,47,4,1837.0,2098.0,476.0,0.0,287.0,2691.0,58.3074413555074,10077.247599999995,10135.555041355503,2004.0,47.0,21.0,228.0,144.0,30.0,27.0,0.0,72.0,3.0,135.0,18.0,0.0
247,48,5,1844.0,2125.0,458.0,0.0,337.0,2691.0,57.83695662395837,9509.314,9567.150956623958,2004.0,47.0,21.0,228.0,144.0,30.0,27.0,0.0,72.0,3.0,135.0,18.0,0.0
247,49,5,1859.0,2092.0,492.0,0.0,274.0,2691.0,57.18983058511628,10076.379199999996,10133.569030585113,2004.0,47.0,21.0,228.0,144.0,30.0,27.0,0.0,72.0,3.0,135.0,18.0,0.0
247,50,5,1852.0,2086.0,487.0,0.0,301.0,2691.0,17.8772417236801,10097.554799999998,10115.432041723678,2004.0,47.0,21.0,228.0,144.0,30.0,27.0,0.0,72.0,3.0,135.0,18.0,0.0
247,51,5,1865.0,2105.0,482.0,0.0,303.0,2691.0,57.19019585868889,8579.792000000005,8636.982195858693,2004.0,47.0,21.0,228.0,144.0,30.0,27.0,0.0,72.0,3.0,135.0,18.0,0.0
247,52,5,1840.0,2058.0,501.0,0.0,342.0,2691.0,59.521847979232234,9982.124399999997,10041.646247979232,2004.0,47.0,21.0,228.0,144.0,30.0,27.0,0.0,72.0,3.0,135.0,18.0,0.0
247,53,5,1829.0,2134.0,462.0,0.0,334.0,2691.0,60.379520813983035,9990.407599999993,10050.787120813977,2004.0,47.0,21.0,228.0,144.0,30.0,27.0,0.0,72.0,3.0,135.0,18.0,0.0
247,54,5,1841.0,2116.0,471.0,0.0,349.0,2691.0,139.04218161237446,8781.127199999999,8920.169381612373,2004.0,47.0,21.0,228.0,144.0,30.0,27.0,0.0,72.0,3.0,135.0,18.0,0.0
247,55,5,1812.0,2124.0,452.0,0.0,288.0,2691.0,58.45070110996435,9833.761600000002,9892.212301109967,2004.0,47.0,21.0,228.0,144.0,30.0,27.0,0.0,72.0,3.0,135.0,18.0,0.0
247,56,5,1855.0,2070.0,515.0,0.0,339.0,2691.0,96.83483096694495,9968.096399999999,10064.931230966944,2004.0,47.0,21.0,228.0,144.0,30.0,27.0,0.0,72.0,3.0,135.0,18.0,0.0
247,57,5,1854.0,2090.0,500.0,0.0,318.0,2691.0,17.487298103785044,9954.268800000002,9971.756098103788,2004.0,47.0,21.0,228.0,144.0,30.0,27.0,0.0,72.0,3.0,135.0,18.0,0.0
247,58,5,1870.0,2089.0,488.0,0.0,308.0,2691.0,57.22326664856571,9797.288799999998,9854.512066648565,2004.0,47.0,21.0,228.0,144.0,30.0,27.0,0.0,72.0,3.0,135.0,18.0,0.0
247,59,5,1887.0,2100.0,481.0,0.0,272.0,2691.0,139.75930446548995,8075.786000000001,8215.545304465491,2004.0,47.0,21.0,228.0,144.0,30.0,27.0,0.0,72.0,3.0,135.0,18.0,0.0
247,60,6,1865.0,2087.0,477.0,0.0,341.0,2691.0,139.07237205059738,10149.926000000005,10288.998372050602,2004.0,47.0,21.0,228.0,144.0,30.0,27.0,0.0,72.0,3.0,135.0,18.0,0.0
247,61,6,1843.0,2068.0,482.0,0.0,316.0,2691.0,98.41082121832554,8461.088400000002,8559.499221218328,2004.0,47.0,21.0,228.0,144.0,30.0,27.0,0.0,72.0,3.0,135.0,18.0,0.0
247,62,6,1840.0,2108.0,467.0,0.0,304.0,2691.0,98.91270343991069,9388.606399999997,9487.519103439909,2004.0,47.0,21.0,228.0,144.0,30.0,27.0,0.0,72.0,3.0,135.0,18.0,0.0
247,63,6,1894.0,2091.0,497.0,0.0,301.0,2691.0,17.870021634369564,11526.473599999994,11544.343621634362,2004.0,47.0,21.0,228.0,144.0,30.0,27.0,0.0,72.0,3.0,135.0,18.0,0.0
247,64,6,1862.0,2130.0,464.0,0.0,301.0,2691.0,57.99319687840669,10385.596399999999,10443.589596878404,2004.0,47.0,21.0,228.0,144.0,30.0,27.0,0.0,72.0,3.0,135.0,18.0,0.0
247,65,6,1843.0,2107.0,459.0,0.0,343.0,2691.0,98.91284114316721,10016.593199999998,10115.506041143166,2004.0,47.0,21.0,228.0,144.0,30.0,27.0,0.0,72.0,3.0,135.0,18.0,0.0
247,66,6,1834.0,2063.0,536.0,0.0,293.0,2691.0,58.52271423120565,8818.6688,8877.191514231206,2004.0,47.0,21.0,228.0,144.0,30.0,27.0,0.0,72.0,3.0,135.0,18.0,0.0
247,67,6,1832.0,2116.0,465.0,0.0,324.0,2691.0,57.55640062546582,10662.415599999995,10719.972000625461,2004.0,47.0,21.0,228.0,144.0,30.0,27.0,0.0,72.0,3.0,135.0,18.0,0.0
247,68,6,1847.0,2116.0,474.0,0.0,310.0,2691.0,16.91794794775386,9772.439199999997,9789.35714794775,2004.0,47.0,21.0,228.0,144.0,30.0,27.0,0.0,72.0,3.0,135.0,18.0,0.0
247,69,6,1796.0,2124.0,470.0,0.0,320.0,2691.0,17.486749402614898,9139.0416,9156.528349402613,2004.0,47.0,21.0,228.0,144.0,30.0,27.0,0.0,72.0,3.0,135.0,18.0,0.0
247,70,6,1842.0,2136.0,452.0,0.0,334.0,2691.0,99.84211982899818,10854.4656,10954.307719828998,2004.0,47.0,21.0,228.0,144.0,30.0,27.0,0.0,72.0,3.0,135.0,18.0,0.0
247,71,6,1858.0,2089.0,505.0,0.0,331.0,2691.0,99.90244590364637,10199.023999999992,10298.926445903639,2004.0,47.0,21.0,228.0,144.0,30.0,27.0,0.0,72.0,3.0,135.0,18.0,0.0
247,72,7,1793.0,2140.0,452.0,0.0,309.0,2691.0,57.559894915235425,10121.335600000004,10178.89549491524,2004.0,47.0,21.0,228.0,144.0,30.0,27.0,0.0,72.0,3.0,135.0,18.0,0.0
247,73,7,1848.0,2120.0,465.0,0.0,301.0,2691.0,16.494246351555557,8755.676400000006,8772.170646351562,2004.0,47.0,21.0,228.0,144.0,30.0,27.0,0.0,72.0,3.0,135.0,18.0,0.0
247,74,7,1828.0,2098.0,490.0,0.0,286.0,2691.0,17.5672482580462,9396.288399999994,9413.855648258039,2004.0,47.0,21.0,228.0,144.0,30.0,27.0,0.0,72.0,3.0,135.0,18.0,0.0
247,75,7,1820.0,2064.0,507.0,0.0,261.0,2691.0,59.11316279557916,10341.307999999997,10400.421162795576,2004.0,47.0,21.0,228.0,144.0,30.0,27.0,0.0,72.0,3.0,135.0,18.0,0.0
247,76,7,1843.0,2102.0,481.0,0.0,350.0,2691.0,18.16941265908722,9369.501599999996,9387.671012659082,2004.0,47.0,21.0,228.0,144.0,30.0,27.0,0.0,72.0,3.0,135.0,18.0,0.0
247,77,7,1855.0,2084.0,499.0,0.0,299.0,2691.0,96.92946270785689,9683.528399999997,9780.457862707855,2004.0,47.0,21.0,228.0,144.0,30.0,27.0,0.0,72.0,3.0,135.0,18.0,0.0
247,78,7,1867.0,2102.0,476.0,0.0,334.0,2691.0,18.101393177013144,9541.177600000003,9559.278993177017,2004.0,47.0,21.0,228.0,144.0,30.0,27.0,0.0,72.0,3.0,135.0,18.0,0.0
247,79,7,1845.0,2114.0,471.0,0.0,327.0,2691.0,17.45392673256712,10088.8708,10106.324726732566,2004.0,47.0,21.0,228.0,144.0,30.0,27.0,0.0,72.0,3.0,135.0,18.0,0.0
247,80,7,1794.0,2098.0,490.0,0.0,300.0,2691.0,58.153391437793616,10180.5204,10238.673791437794,2004.0,47.0,21.0,228.0,144.0,30.0,27.0,0.0,72.0,3.0,135.0,18.0,0.0
247,81,7,1856.0,2125.0,458.0,0.0,326.0,2691.0,15.7296308649514,11303.294799999992,11319.024430864943,2004.0,47.0,21.0,228.0,144.0,30.0,27.0,0.0,72.0,3.0,135.0,18.0,0.0
247,82,7,1848.0,2090.0,491.0,0.0,292.0,2691.0,18.73389306383958,9724.142799999996,9742.876693063836,2004.0,47.0,21.0,228.0,144.0,30.0,27.0,0.0,72.0,3.0,135.0,18.0,0.0
247,83,7,1824.0,2123.0,475.0,0.0,307.0,2691.0,18.165553089523684,10960.07639999999,10978.241953089513,2004.0,47.0,21.0,228.0,144.0,30.0,27.0,0.0,72.0,3.0,135.0,18.0,0.0
247,84,8,1870.0,2097.0,487.0,0.0,302.0,2691.0,19.771382578699985,10784.191999999992,10803.963382578691,2004.0,47.0,21.0,228.0,144.0,30.0,27.0,0.0,72.0,3.0,135.0,18.0,0.0
247,85,8,1846.0,2119.0,464.0,0.0,272.0,2691.0,17.337631841927376,10056.806800000002,10074.14443184193,2004.0,47.0,21.0,228.0,144.0,30.0,27.0,0.0,72.0,3.0,135.0,18.0,0.0
247,86,8,1859.0,2118.0,477.0,0.0,293.0,2691.0,17.509875678014424,9479.521200000001,9497.031075678015,2004.0,47.0,21.0,228.0,144.0,30.0,27.0,0.0,72.0,3.0,135.0,18.0,0.0
247,87,8,1877.0,2111.0,470.0,0.0,313.0,2691.0,180.98311349246077,9919.466,10100.449113492463,2004.0,47.0,21.0,228.0,144.0,30.0,27.0,0.0,72.0,3.0,135.0,18.0,0.0
247,88,8,1889.0,2079.0,508.0,0.0,287.0,2691.0,57.89649634975856,10335.362799999999,10393.259296349757,2004.0,47.0,21.0,228.0,144.0,30.0,27.0,0.0,72.0,3.0,135.0,18.0,0.0
247,89,8,1892.0,2081.0,493.0,0.0,304.0,2691.0,15.559010061236151,9477.1832,9492.742210061235,2004.0,47.0,21.0,228.0,144.0,30.0,27.0,0.0,72.0,3.0,135.0,18.0,0.0
247,90,8,1853.0,2121.0,476.0,0.0,309.0,2691.0,56.775999020157414,9089.476,9146.251999020158,2004.0,47.0,21.0,228.0,144.0,30.0,27.0,0.0,72.0,3.0,135.0,18.0,0.0
247,91,8,1875.0,2138.0,468.0,0.0,264.0,2691.0,220.94042818906735,9394.418000000001,9615.358428189069,2004.0,47.0,21.0,228.0,144.0,30.0,27.0,0.0,72.0,3.0,135.0,18.0,0.0
247,92,8,1885.0,2098.0,482.0,0.0,310.0,2691.0,58.435941214540705,9521.538400000001,9579.974341214542,2004.0,47.0,21.0,228.0,144.0,30.0,27.0,0.0,72.0,3.0,135.0,18.0,0.0
247,93,8,1885.0,2102.0,474.0,0.0,334.0,2691.0,58.27320140757481,10245.516799999992,10303.790001407568,2004.0,47.0,21.0,228.0,144.0,30.0,27.0,0.0,72.0,3.0,135.0,18.0,0.0
247,94,8,1872.0,2073.0,502.0,0.0,305.0,2691.0,15.806124529766862,8924.880800000006,8940.686924529773,2004.0,47.0,21.0,228.0,144.0,30.0,27.0,0.0,72.0,3.0,135.0,18.0,0.0
247,95,8,1805.0,2092.0,469.0,0.0,315.0,2691.0,180.79187265857473,10443.044399999992,10623.836272658567,2004.0,47.0,21.0,228.0,144.0,30.0,27.0,0.0,72.0,3.0,135.0,18.0,0.0
247,96,9,1841.0,2087.0,491.0,0.0,325.0,2691.0,57.99008947803352,9189.208399999998,9247.19848947803,2004.0,47.0,21.0,228.0,144.0,30.0,27.0,0.0,72.0,3.0,135.0,18.0,0.0
247,97,9,1860.0,2077.0,486.0,0.0,302.0,2691.0,58.600132763715145,10328.549200000001,10387.149332763716,2004.0,47.0,21.0,228.0,144.0,30.0,27.0,0.0,72.0,3.0,135.0,18.0,0.0
247,98,9,1883.0,2136.0,439.0,0.0,297.0,2691.0,137.90290268321755,9369.969199999994,9507.872102683212,2004.0,47.0,21.0,228.0,144.0,30.0,27.0,0.0,72.0,3.0,135.0,18.0,0.0
247,99,9,1828.0,2111.0,485.0,0.0,316.0,2691.0,98.21811103958034,9251.933600000002,9350.151711039583,2004.0,47.0,21.0,228.0,144.0,30.0,27.0,0.0,72.0,3.0,135.0,18.0,0.0
247,100,9,1879.0,2085.0,475.0,0.0,340.0,2691.0,59.63500320685626,10802.695599999988,10862.330603206845,2004.0,47.0,21.0,228.0,144.0,30.0,27.0,0.0,72.0,3.0,135.0,18.0,0.0
247,101,9,1860.0,2113.0,474.0,0.0,321.0,2691.0,18.25280819611117,10058.076,10076.32880819611,2004.0,47.0,21.0,228.0,144.0,30.0,27.0,0.0,72.0,3.0,135.0,18.0,0.0
247,102,9,1848.0,2092.0,484.0,0.0,309.0,2691.0,59.058138067166766,8336.239200000002,8395.297338067168,2004.0,47.0,21.0,228.0,144.0,30.0,27.0,0.0,72.0,3.0,135.0,18.0,0.0
247,103,9,1854.0,2096.0,486.0,0.0,318.0,2691.0,16.462257836034578,10261.548799999991,10278.011057836025,2004.0,47.0,21.0,228.0,144.0,30.0,27.0,0.0,72.0,3.0,135.0,18.0,0.0
247,104,9,1869.0,2122.0,463.0,0.0,345.0,2691.0,98.36555651367087,10027.214399999993,10125.579956513664,2004.0,47.0,21.0,228.0,144.0,30.0,27.0,0.0,72.0,3.0,135.0,18.0,0.0
247,105,9,1911.0,2110.0,467.0,0.0,310.0,2691.0,57.72511795555431,9281.192000000001,9338.917117955554,2004.0,47.0,21.0,228.0,144.0,30.0,27.0,0.0,72.0,3.0,135.0,18.0,0.0
247,106,9,1879.0,2125.0,462.0,0.0,324.0,2691.0,17.724019117700678,10051.997199999998,10069.721219117699,2004.0,47.0,21.0,228.0,144.0,30.0,27.0,0.0,72.0,3.0,135.0,18.0,0.0
247,107,9,1803.0,2130.0,459.0,0.0,316.0,2691.0,99.10151004647594,10077.848799999998,10176.950310046474,2004.0,47.0,21.0,228.0,144.0,30.0,27.0,0.0,72.0,3.0,135.0,18.0,0.0
247,108,10,1819.0,2114.0,476.0,0.0,337.0,2691.0,17.336460111452613,9271.84,9289.176460111452,2004.0,47.0,21.0,228.0,144.0,30.0,27.0,0.0,72.0,3.0,135.0,18.0,0.0
247,109,10,1860.0,2101.0,484.0,0.0,305.0,2691.0,139.81606003513323,9301.098400000004,9440.914460035137,2004.0,47.0,21.0,228.0,144.0,30.0,27.0,0.0,72.0,3.0,135.0,18.0,0.0
247,110,10,1871.0,2088.0,470.0,0.0,333.0,2691.0,99.66021640202233,9653.134399999995,9752.794616402018,2004.0,47.0,21.0,228.0,144.0,30.0,27.0,0.0,72.0,3.0,135.0,18.0,0.0
247,111,10,1823.0,2128.0,442.0,0.0,324.0,2691.0,97.6089220619878,9710.448799999998,9808.057722061987,2004.0,47.0,21.0,228.0,144.0,30.0,27.0,0.0,72.0,3.0,135.0,18.0,0.0
247,112,10,1854.0,2134.0,444.0,0.0,324.0,2691.0,99.51561194510889,10038.770800000002,10138.28641194511,2004.0,47.0,21.0,228.0,144.0,30.0,27.0,0.0,72.0,3.0,135.0,18.0,0.0
247,113,10,1828.0,2123.0,462.0,0.0,337.0,2691.0,99.16574250431124,10121.803200000002,10220.968942504313,2004.0,47.0,21.0,228.0,144.0,30.0,27.0,0.0,72.0,3.0,135.0,18.0,0.0
247,114,10,1851.0,2098.0,491.0,0.0,312.0,2691.0,18.044906094479362,9139.84320000001,9157.888106094488,2004.0,47.0,21.0,228.0,144.0,30.0,27.0,0.0,72.0,3.0,135.0,18.0,0.0
247,115,10,1818.0,2104.0,464.0,0.0,341.0,2691.0,58.06262011756456,10720.397999999996,10778.460620117563,2004.0,47.0,21.0,228.0,144.0,30.0,27.0,0.0,72.0,3.0,135.0,18.0,0.0
247,116,10,1875.0,2099.0,481.0,0.0,304.0,2691.0,16.594411531599754,8801.902000000002,8818.496411531602,2004.0,47.0,21.0,228.0,144.0,30.0,27.0,0.0,72.0,3.0,135.0,18.0,0.0
247,117,10,1861.0,2103.0,483.0,0.0,314.0,2691.0,138.16188199507556,9922.071199999995,10060.23308199507,2004.0,47.0,21.0,228.0,144.0,30.0,27.0,0.0,72.0,3.0,135.0,18.0,0.0
247,118,10,1869.0,2079.0,508.0,0.0,321.0,2691.0,17.68878503584881,9195.687999999998,9213.376785035847,2004.0,47.0,21.0,228.0,144.0,30.0,27.0,0.0,72.0,3.0,135.0,18.0,0.0
247,119,10,1880.0,2147.0,435.0,0.0,271.0,2691.0,58.31747412057272,9213.189600000002,9271.507074120575,2004.0,47.0,21.0,228.0,144.0,30.0,27.0,0.0,72.0,3.0,135.0,18.0,0.0
248,0,1,1842.0,2091.0,486.0,0.0,328.0,2691.0,19.63447879871754,8939.176000000003,8958.81047879872,2004.0,47.0,21.0,228.0,144.0,30.0,27.0,0.0,72.0,3.0,135.0,18.0,0.0
248,1,1,1874.0,2093.0,490.0,0.0,316.0,2691.0,19.39420566661442,9174.779599999996,9194.17380566661,2004.0,47.0,21.0,228.0,144.0,30.0,27.0,0.0,72.0,3.0,135.0,18.0,0.0
248,2,1,1859.0,2122.0,462.0,0.0,327.0,2691.0,103.34145516263618,9821.336800000005,9924.67825516264,2004.0,47.0,21.0,228.0,144.0,30.0,27.0,0.0,72.0,3.0,135.0,18.0,0.0
248,3,1,1845.0,2121.0,458.0,0.0,304.0,2691.0,142.02633766934497,9156.0756,9298.101937669344,2004.0,47.0,21.0,228.0,144.0,30.0,27.0,0.0,72.0,3.0,135.0,18.0,0.0
248,4,1,1905.0,2133.0,454.0,0.0,342.0,2691.0,19.683188661006696,9588.137999999997,9607.821188661004,2004.0,47.0,21.0,228.0,144.0,30.0,27.0,0.0,72.0,3.0,135.0,18.0,0.0
248,5,1,1846.0,2100.0,475.0,0.0,367.0,2691.0,22.033689431169595,9344.652000000002,9366.685689431171,2004.0,47.0,21.0,228.0,144.0,30.0,27.0,0.0,72.0,3.0,135.0,18.0,0.0
248,6,1,1848.0,2113.0,463.0,0.0,276.0,2691.0,101.64383707795946,9749.660400000004,9851.304237077966,2004.0,47.0,21.0,228.0,144.0,30.0,27.0,0.0,72.0,3.0,135.0,18.0,0.0
248,7,1,1860.0,2121.0,459.0,0.0,308.0,2691.0,20.746915493457983,11299.153199999999,11319.900115493456,2004.0,47.0,21.0,228.0,144.0,30.0,27.0,0.0,72.0,3.0,135.0,18.0,0.0
248,8,1,1865.0,2135.0,449.0,0.0,308.0,2691.0,100.85704115549366,9764.0892,9864.946241155496,2004.0,47.0,21.0,228.0,144.0,30.0,27.0,0.0,72.0,3.0,135.0,18.0,0.0
248,9,1,1885.0,2115.0,460.0,0.0,337.0,2691.0,61.19389835024326,8765.763200000001,8826.957098350245,2004.0,47.0,21.0,228.0,144.0,30.0,27.0,0.0,72.0,3.0,135.0,18.0,0.0
248,10,1,1839.0,2119.0,461.0,0.0,329.0,2691.0,62.9534588079844,8814.126399999997,8877.079858807982,2004.0,47.0,21.0,228.0,144.0,30.0,27.0,0.0,72.0,3.0,135.0,18.0,0.0
248,11,1,1852.0,2131.0,454.0,0.0,344.0,2691.0,19.182229659696112,8888.0072,8907.189429659695,2004.0,47.0,21.0,228.0,144.0,30.0,27.0,0.0,72.0,3.0,135.0,18.0,0.0
248,12,2,1856.0,2120.0,455.0,0.0,338.0,2691.0,100.73966468692609,9847.2552,9947.994864686923,2004.0,47.0,21.0,228.0,144.0,30.0,27.0,0.0,72.0,3.0,135.0,18.0,0.0
248,13,2,1830.0,2138.0,442.0,0.0,321.0,2691.0,59.078100741997474,9108.714399999999,9167.792500741996,2004.0,47.0,21.0,228.0,144.0,30.0,27.0,0.0,72.0,3.0,135.0,18.0,0.0
248,14,2,1840.0,2144.0,449.0,0.0,340.0,2691.0,60.267492140801174,10562.75,10623.017492140802,2004.0,47.0,21.0,228.0,144.0,30.0,27.0,0.0,72.0,3.0,135.0,18.0,0.0
248,15,2,1854.0,2093.0,473.0,0.0,339.0,2691.0,101.37103436371979,9479.988800000001,9581.359834363722,2004.0,47.0,21.0,228.0,144.0,30.0,27.0,0.0,72.0,3.0,135.0,18.0,0.0
248,16,2,1843.0,2115.0,477.0,0.0,327.0,2691.0,60.53501994291426,8930.625600000003,8991.160619942917,2004.0,47.0,21.0,228.0,144.0,30.0,27.0,0.0,72.0,3.0,135.0,18.0,0.0
248,17,2,1852.0,2134.0,456.0,0.0,341.0,2691.0,60.12474749572377,8719.203599999997,8779.32834749572,2004.0,47.0,21.0,228.0,144.0,30.0,27.0,0.0,72.0,3.0,135.0,18.0,0.0
248,18,2,1887.0,2113.0,466.0,0.0,366.0,2691.0,60.01506556175805,9545.118799999997,9605.133865561755,2004.0,47.0,21.0,228.0,144.0,30.0,27.0,0.0,72.0,3.0,135.0,18.0,0.0
248,19,2,1853.0,2081.0,501.0,0.0,338.0,2691.0,101.56075959668345,9701.363999999994,9802.924759596677,2004.0,47.0,21.0,228.0,144.0,30.0,27.0,0.0,72.0,3.0,135.0,18.0,0.0
248,20,2,1865.0,2125.0,463.0,0.0,269.0,2691.0,102.35211222533266,8642.3168,8744.668912225332,2004.0,47.0,21.0,228.0,144.0,30.0,27.0,0.0,72.0,3.0,135.0,18.0,0.0
248,21,2,1854.0,2135.0,443.0,0.0,317.0,2691.0,21.07262431425375,8783.198000000004,8804.270624314257,2004.0,47.0,21.0,228.0,144.0,30.0,27.0,0.0,72.0,3.0,135.0,18.0,0.0
248,22,2,1855.0,2137.0,463.0,0.0,284.0,2691.0,101.45587493035411,8330.761600000002,8432.217474930356,2004.0,47.0,21.0,228.0,144.0,30.0,27.0,0.0,72.0,3.0,135.0,18.0,0.0
248,23,2,1911.0,2076.0,511.0,0.0,298.0,2691.0,21.424487154189972,9800.428399999995,9821.852887154186,2004.0,47.0,21.0,228.0,144.0,30.0,27.0,0.0,72.0,3.0,135.0,18.0,0.0
248,24,3,1844.0,2153.0,430.0,0.0,337.0,2691.0,58.713140443137334,9507.844400000004,9566.55754044314,2004.0,47.0,21.0,228.0,144.0,30.0,27.0,0.0,72.0,3.0,135.0,18.0,0.0
248,25,3,1848.0,2155.0,436.0,0.0,289.0,2691.0,99.58991819250546,8631.829200000004,8731.419118192509,2004.0,47.0,21.0,228.0,144.0,30.0,27.0,0.0,72.0,3.0,135.0,18.0,0.0
248,26,3,1847.0,2134.0,458.0,0.0,270.0,2691.0,61.40875865719951,10431.888799999995,10493.297558657196,2004.0,47.0,21.0,228.0,144.0,30.0,27.0,0.0,72.0,3.0,135.0,18.0,0.0
248,27,3,1867.0,2122.0,451.0,0.0,344.0,2691.0,59.97902668716895,9689.2064,9749.185426687167,2004.0,47.0,21.0,228.0,144.0,30.0,27.0,0.0,72.0,3.0,135.0,18.0,0.0
248,28,3,1834.0,2103.0,463.0,0.0,373.0,2691.0,102.57097728771234,10511.113599999999,10613.684577287711,2004.0,47.0,21.0,228.0,144.0,30.0,27.0,0.0,72.0,3.0,135.0,18.0,0.0
248,29,3,1826.0,2106.0,469.0,0.0,326.0,2691.0,60.17614825008062,10344.848399999995,10405.024548250076,2004.0,47.0,21.0,228.0,144.0,30.0,27.0,0.0,72.0,3.0,135.0,18.0,0.0
248,30,3,1824.0,2124.0,457.0,0.0,301.0,2691.0,63.005298092715,9152.401599999997,9215.406898092711,2004.0,47.0,21.0,228.0,144.0,30.0,27.0,0.0,72.0,3.0,135.0,18.0,0.0
248,31,3,1865.0,2115.0,477.0,0.0,342.0,2691.0,20.26987790407778,9699.6272,9719.897077904077,2004.0,47.0,21.0,228.0,144.0,30.0,27.0,0.0,72.0,3.0,135.0,18.0,0.0
248,32,3,1867.0,2085.0,496.0,0.0,338.0,2691.0,101.8607290806002,9536.301199999994,9638.161929080596,2004.0,47.0,21.0,228.0,144.0,30.0,27.0,0.0,72.0,3.0,135.0,18.0,0.0
248,33,3,1885.0,2132.0,449.0,0.0,334.0,2691.0,100.06590091151124,10005.170399999999,10105.23630091151,2004.0,47.0,21.0,228.0,144.0,30.0,27.0,0.0,72.0,3.0,135.0,18.0,0.0
248,34,3,1838.0,2110.0,470.0,0.0,339.0,2691.0,101.74426747183713,10065.4908,10167.235067471836,2004.0,47.0,21.0,228.0,144.0,30.0,27.0,0.0,72.0,3.0,135.0,18.0,0.0
248,35,3,1776.0,2132.0,455.0,0.0,290.0,2691.0,19.684123021107084,8174.115599999999,8193.799723021104,2004.0,47.0,21.0,228.0,144.0,30.0,27.0,0.0,72.0,3.0,135.0,18.0,0.0
248,36,4,1854.0,2071.0,492.0,0.0,363.0,2691.0,20.17492591206161,9132.361599999997,9152.536525912057,2004.0,47.0,21.0,228.0,144.0,30.0,27.0,0.0,72.0,3.0,135.0,18.0,0.0
248,37,4,1844.0,2136.0,447.0,0.0,359.0,2691.0,22.063683407660687,9470.9708,9493.034483407659,2004.0,47.0,21.0,228.0,144.0,30.0,27.0,0.0,72.0,3.0,135.0,18.0,0.0
248,38,4,1896.0,2103.0,468.0,0.0,317.0,2691.0,59.91090755250624,8570.3064,8630.217307552506,2004.0,47.0,21.0,228.0,144.0,30.0,27.0,0.0,72.0,3.0,135.0,18.0,0.0
248,39,4,1872.0,2103.0,473.0,0.0,300.0,2691.0,60.187436834655216,9839.974,9900.161436834656,2004.0,47.0,21.0,228.0,144.0,30.0,27.0,0.0,72.0,3.0,135.0,18.0,0.0
248,40,4,1863.0,2131.0,452.0,0.0,321.0,2691.0,18.645373919307055,8841.247200000003,8859.892573919311,2004.0,47.0,21.0,228.0,144.0,30.0,27.0,0.0,72.0,3.0,135.0,18.0,0.0
248,41,4,1840.0,2104.0,474.0,0.0,320.0,2691.0,60.58769271672958,9676.514400000002,9737.10209271673,2004.0,47.0,21.0,228.0,144.0,30.0,27.0,0.0,72.0,3.0,135.0,18.0,0.0
248,42,4,1844.0,2140.0,450.0,0.0,318.0,2691.0,20.526013244576042,9340.911200000002,9361.437213244579,2004.0,47.0,21.0,228.0,144.0,30.0,27.0,0.0,72.0,3.0,135.0,18.0,0.0
248,43,4,1856.0,2113.0,456.0,0.0,315.0,2691.0,143.45524431558553,10335.162400000001,10478.617644315585,2004.0,47.0,21.0,228.0,144.0,30.0,27.0,0.0,72.0,3.0,135.0,18.0,0.0
248,44,4,1885.0,2125.0,468.0,0.0,306.0,2691.0,99.61229190847254,9121.8072,9221.419491908471,2004.0,47.0,21.0,228.0,144.0,30.0,27.0,0.0,72.0,3.0,135.0,18.0,0.0
248,45,4,1880.0,2079.0,481.0,0.0,354.0,2691.0,61.14964775971675,9349.127600000002,9410.27724775972,2004.0,47.0,21.0,228.0,144.0,30.0,27.0,0.0,72.0,3.0,135.0,18.0,0.0
248,46,4,1837.0,2112.0,462.0,0.0,293.0,2691.0,102.94022026486246,10015.323999999995,10118.264220264857,2004.0,47.0,21.0,228.0,144.0,30.0,27.0,0.0,72.0,3.0,135.0,18.0,0.0
248,47,4,1844.0,2139.0,444.0,0.0,339.0,2691.0,60.258064643599226,8758.8828,8819.1408646436,2004.0,47.0,21.0,228.0,144.0,30.0,27.0,0.0,72.0,3.0,135.0,18.0,0.0
248,48,5,1859.0,2106.0,477.0,0.0,286.0,2691.0,19.50679536740756,9662.085599999995,9681.592395367403,2004.0,47.0,21.0,228.0,144.0,30.0,27.0,0.0,72.0,3.0,135.0,18.0,0.0
248,49,5,1852.0,2101.0,471.0,0.0,317.0,2691.0,20.573699485501024,10587.0652,10607.6388994855,2004.0,47.0,21.0,228.0,144.0,30.0,27.0,0.0,72.0,3.0,135.0,18.0,0.0
248,50,5,1865.0,2113.0,472.0,0.0,321.0,2691.0,60.573724002048664,8341.716800000006,8402.290524002054,2004.0,47.0,21.0,228.0,144.0,30.0,27.0,0.0,72.0,3.0,135.0,18.0,0.0
248,51,5,1840.0,2069.0,490.0,0.0,356.0,2691.0,61.693491797222094,10115.590799999998,10177.284291797221,2004.0,47.0,21.0,228.0,144.0,30.0,27.0,0.0,72.0,3.0,135.0,18.0,0.0
248,52,5,1829.0,2138.0,457.0,0.0,355.0,2691.0,22.0823584972047,9182.5284,9204.610758497203,2004.0,47.0,21.0,228.0,144.0,30.0,27.0,0.0,72.0,3.0,135.0,18.0,0.0
248,53,5,1841.0,2151.0,436.0,0.0,369.0,2691.0,61.18981649258386,8808.1144,8869.304216492583,2004.0,47.0,21.0,228.0,144.0,30.0,27.0,0.0,72.0,3.0,135.0,18.0,0.0
248,54,5,1812.0,2143.0,432.0,0.0,299.0,2691.0,60.42239972252048,9809.713600000005,9870.135999722525,2004.0,47.0,21.0,228.0,144.0,30.0,27.0,0.0,72.0,3.0,135.0,18.0,0.0
248,55,5,1855.0,2089.0,497.0,0.0,348.0,2691.0,58.76836103045879,8884.667200000004,8943.435561030463,2004.0,47.0,21.0,228.0,144.0,30.0,27.0,0.0,72.0,3.0,135.0,18.0,0.0
248,56,5,1854.0,2107.0,483.0,0.0,323.0,2691.0,19.951851021058207,9973.440400000001,9993.392251021058,2004.0,47.0,21.0,228.0,144.0,30.0,27.0,0.0,72.0,3.0,135.0,18.0,0.0
248,57,5,1870.0,2087.0,489.0,0.0,324.0,2691.0,60.86737440287054,9681.8584,9742.72577440287,2004.0,47.0,21.0,228.0,144.0,30.0,27.0,0.0,72.0,3.0,135.0,18.0,0.0
248,58,5,1887.0,2115.0,466.0,0.0,276.0,2691.0,183.3872754172184,7858.151600000003,8041.538875417221,2004.0,47.0,21.0,228.0,144.0,30.0,27.0,0.0,72.0,3.0,135.0,18.0,0.0
248,59,5,1865.0,2095.0,469.0,0.0,354.0,2691.0,61.377227824815066,9481.926000000003,9543.30322782482,2004.0,47.0,21.0,228.0,144.0,30.0,27.0,0.0,72.0,3.0,135.0,18.0,0.0
248,60,6,1843.0,2081.0,469.0,0.0,334.0,2691.0,101.6317519637135,8027.022000000004,8128.653751963717,2004.0,47.0,21.0,228.0,144.0,30.0,27.0,0.0,72.0,3.0,135.0,18.0,0.0
248,61,6,1840.0,2130.0,444.0,0.0,330.0,2691.0,63.21517471741907,9286.402399999999,9349.617574717417,2004.0,47.0,21.0,228.0,144.0,30.0,27.0,0.0,72.0,3.0,135.0,18.0,0.0
248,62,6,1894.0,2133.0,454.0,0.0,317.0,2691.0,102.70798101162228,11250.72319999999,11353.431181011612,2004.0,47.0,21.0,228.0,144.0,30.0,27.0,0.0,72.0,3.0,135.0,18.0,0.0
248,63,6,1862.0,2141.0,454.0,0.0,310.0,2691.0,61.95039009165488,10101.963599999997,10163.913990091653,2004.0,47.0,21.0,228.0,144.0,30.0,27.0,0.0,72.0,3.0,135.0,18.0,0.0
248,64,6,1843.0,2120.0,446.0,0.0,364.0,2691.0,101.85901867952636,9851.329999999998,9953.189018679524,2004.0,47.0,21.0,228.0,144.0,30.0,27.0,0.0,72.0,3.0,135.0,18.0,0.0
248,65,6,1834.0,2087.0,511.0,0.0,312.0,2691.0,62.6229521948542,8571.241600000001,8633.864552194855,2004.0,47.0,21.0,228.0,144.0,30.0,27.0,0.0,72.0,3.0,135.0,18.0,0.0
248,66,6,1832.0,2120.0,459.0,0.0,337.0,2691.0,61.858638764815616,10581.520799999995,10643.37943876481,2004.0,47.0,21.0,228.0,144.0,30.0,27.0,0.0,72.0,3.0,135.0,18.0,0.0
248,67,6,1847.0,2128.0,463.0,0.0,328.0,2691.0,20.996925767504244,9329.822399999995,9350.819325767501,2004.0,47.0,21.0,228.0,144.0,30.0,27.0,0.0,72.0,3.0,135.0,18.0,0.0
248,68,6,1796.0,2139.0,453.0,0.0,332.0,2691.0,19.95112133936959,9137.037600000003,9156.988721339372,2004.0,47.0,21.0,228.0,144.0,30.0,27.0,0.0,72.0,3.0,135.0,18.0,0.0
248,69,6,1842.0,2146.0,441.0,0.0,347.0,2691.0,61.13974890906035,10143.246000000003,10204.385748909062,2004.0,47.0,21.0,228.0,144.0,30.0,27.0,0.0,72.0,3.0,135.0,18.0,0.0
248,70,6,1858.0,2115.0,478.0,0.0,348.0,2691.0,141.5499947594521,10043.379999999997,10184.92999475945,2004.0,47.0,21.0,228.0,144.0,30.0,27.0,0.0,72.0,3.0,135.0,18.0,0.0
248,71,6,1793.0,2153.0,439.0,0.0,335.0,2691.0,60.63138563669743,10222.003200000005,10282.634585636702,2004.0,47.0,21.0,228.0,144.0,30.0,27.0,0.0,72.0,3.0,135.0,18.0,0.0
248,72,7,1848.0,2133.0,451.0,0.0,313.0,2691.0,19.73017588279641,8358.884400000006,8378.614575882802,2004.0,47.0,21.0,228.0,144.0,30.0,27.0,0.0,72.0,3.0,135.0,18.0,0.0
248,73,7,1828.0,2095.0,494.0,0.0,297.0,2691.0,22.165949409064115,8938.107199999997,8960.273149409059,2004.0,47.0,21.0,228.0,144.0,30.0,27.0,0.0,72.0,3.0,135.0,18.0,0.0
248,74,7,1820.0,2098.0,472.0,0.0,278.0,2691.0,61.7238742172706,9923.006399999998,9984.730274217267,2004.0,47.0,21.0,228.0,144.0,30.0,27.0,0.0,72.0,3.0,135.0,18.0,0.0
248,75,7,1843.0,2126.0,457.0,0.0,347.0,2691.0,20.266705377775438,8821.4744,8841.741105377772,2004.0,47.0,21.0,228.0,144.0,30.0,27.0,0.0,72.0,3.0,135.0,18.0,0.0
248,76,7,1855.0,2106.0,477.0,0.0,312.0,2691.0,59.923073829004274,9034.165599999997,9094.088673829001,2004.0,47.0,21.0,228.0,144.0,30.0,27.0,0.0,72.0,3.0,135.0,18.0,0.0
248,77,7,1867.0,2126.0,452.0,0.0,343.0,2691.0,20.620870110684894,9427.016400000004,9447.637270110688,2004.0,47.0,21.0,228.0,144.0,30.0,27.0,0.0,72.0,3.0,135.0,18.0,0.0
248,78,7,1845.0,2133.0,451.0,0.0,328.0,2691.0,101.16880484027956,8717.6672,8818.83600484028,2004.0,47.0,21.0,228.0,144.0,30.0,27.0,0.0,72.0,3.0,135.0,18.0,0.0
248,79,7,1794.0,2129.0,459.0,0.0,308.0,2691.0,141.4458329521048,10418.595599999999,10560.041432952103,2004.0,47.0,21.0,228.0,144.0,30.0,27.0,0.0,72.0,3.0,135.0,18.0,0.0
248,80,7,1856.0,2093.0,489.0,0.0,351.0,2691.0,59.56749044147719,9669.299999999994,9728.86749044147,2004.0,47.0,21.0,228.0,144.0,30.0,27.0,0.0,72.0,3.0,135.0,18.0,0.0
248,81,7,1848.0,2131.0,450.0,0.0,306.0,2691.0,19.878394182301413,9140.845199999998,9160.723594182298,2004.0,47.0,21.0,228.0,144.0,30.0,27.0,0.0,72.0,3.0,135.0,18.0,0.0
248,82,7,1824.0,2118.0,478.0,0.0,315.0,2691.0,22.378493117077632,10455.335599999995,10477.714093117072,2004.0,47.0,21.0,228.0,144.0,30.0,27.0,0.0,72.0,3.0,135.0,18.0,0.0
248,83,7,1870.0,2139.0,445.0,0.0,303.0,2691.0,61.81540307428885,10391.875599999992,10453.69100307428,2004.0,47.0,21.0,228.0,144.0,30.0,27.0,0.0,72.0,3.0,135.0,18.0,0.0
248,84,8,1846.0,2130.0,452.0,0.0,288.0,2691.0,20.82441596209196,9783.862000000001,9804.686415962093,2004.0,47.0,21.0,228.0,144.0,30.0,27.0,0.0,72.0,3.0,135.0,18.0,0.0
248,85,8,1859.0,2121.0,474.0,0.0,312.0,2691.0,19.77595845311796,8704.707999999995,8724.483958453113,2004.0,47.0,21.0,228.0,144.0,30.0,27.0,0.0,72.0,3.0,135.0,18.0,0.0
248,86,8,1877.0,2114.0,465.0,0.0,330.0,2691.0,103.10026934925779,9286.469200000005,9389.569469349262,2004.0,47.0,21.0,228.0,144.0,30.0,27.0,0.0,72.0,3.0,135.0,18.0,0.0
248,87,8,1889.0,2089.0,497.0,0.0,296.0,2691.0,60.04723338377092,10302.430399999994,10362.477633383765,2004.0,47.0,21.0,228.0,144.0,30.0,27.0,0.0,72.0,3.0,135.0,18.0,0.0
248,88,8,1892.0,2090.0,483.0,0.0,319.0,2691.0,20.785693954182765,9005.1076,9025.893293954181,2004.0,47.0,21.0,228.0,144.0,30.0,27.0,0.0,72.0,3.0,135.0,18.0,0.0
248,89,8,1853.0,2129.0,467.0,0.0,330.0,2691.0,18.261047219061926,8695.5564,8713.817447219062,2004.0,47.0,21.0,228.0,144.0,30.0,27.0,0.0,72.0,3.0,135.0,18.0,0.0
248,90,8,1875.0,2162.0,444.0,0.0,288.0,2691.0,100.31941625227097,10137.234000000002,10237.553416252274,2004.0,47.0,21.0,228.0,144.0,30.0,27.0,0.0,72.0,3.0,135.0,18.0,0.0
248,91,8,1885.0,2122.0,456.0,0.0,315.0,2691.0,62.13481132333629,8994.686800000001,9056.821611323336,2004.0,47.0,21.0,228.0,144.0,30.0,27.0,0.0,72.0,3.0,135.0,18.0,0.0
248,92,8,1885.0,2118.0,458.0,0.0,340.0,2691.0,61.3926042555737,10021.87039999999,10083.263004255563,2004.0,47.0,21.0,228.0,144.0,30.0,27.0,0.0,72.0,3.0,135.0,18.0,0.0
248,93,8,1872.0,2092.0,483.0,0.0,323.0,2691.0,61.246582964477426,8932.028400000005,8993.274982964482,2004.0,47.0,21.0,228.0,144.0,30.0,27.0,0.0,72.0,3.0,135.0,18.0,0.0
248,94,8,1805.0,2106.0,454.0,0.0,326.0,2691.0,143.4291424567826,10053.533599999992,10196.962742456775,2004.0,47.0,21.0,228.0,144.0,30.0,27.0,0.0,72.0,3.0,135.0,18.0,0.0
248,95,8,1841.0,2101.0,475.0,0.0,335.0,2691.0,59.861340353436695,9187.4048,9247.266140353437,2004.0,47.0,21.0,228.0,144.0,30.0,27.0,0.0,72.0,3.0,135.0,18.0,0.0
248,96,9,1860.0,2084.0,477.0,0.0,313.0,2691.0,58.88222160477986,9162.488399999998,9221.370621604778,2004.0,47.0,21.0,228.0,144.0,30.0,27.0,0.0,72.0,3.0,135.0,18.0,0.0
248,97,9,1883.0,2150.0,425.0,0.0,315.0,2691.0,140.01824948794044,9026.283199999994,9166.301449487935,2004.0,47.0,21.0,228.0,144.0,30.0,27.0,0.0,72.0,3.0,135.0,18.0,0.0
248,98,9,1828.0,2122.0,474.0,0.0,319.0,2691.0,60.532413271482056,9174.245200000001,9234.777613271484,2004.0,47.0,21.0,228.0,144.0,30.0,27.0,0.0,72.0,3.0,135.0,18.0,0.0
248,99,9,1879.0,2096.0,463.0,0.0,356.0,2691.0,60.15886947756643,10746.51679999999,10806.675669477558,2004.0,47.0,21.0,228.0,144.0,30.0,27.0,0.0,72.0,3.0,135.0,18.0,0.0
248,100,9,1860.0,2127.0,459.0,0.0,332.0,2691.0,18.847997059629606,9262.955599999998,9281.803597059628,2004.0,47.0,21.0,228.0,144.0,30.0,27.0,0.0,72.0,3.0,135.0,18.0,0.0
248,101,9,1848.0,2122.0,454.0,0.0,334.0,2691.0,61.85572792463272,8598.162,8660.017727924635,2004.0,47.0,21.0,228.0,144.0,30.0,27.0,0.0,72.0,3.0,135.0,18.0,0.0
248,102,9,1854.0,2109.0,473.0,0.0,340.0,2691.0,20.594613179105238,9986.265999999998,10006.860613179104,2004.0,47.0,21.0,228.0,144.0,30.0,27.0,0.0,72.0,3.0,135.0,18.0,0.0
248,103,9,1869.0,2139.0,443.0,0.0,349.0,2691.0,60.86388677293743,10372.035999999995,10432.899886772931,2004.0,47.0,21.0,228.0,144.0,30.0,27.0,0.0,72.0,3.0,135.0,18.0,0.0
248,104,9,1911.0,2127.0,449.0,0.0,320.0,2691.0,20.67785389020042,8934.166000000001,8954.843853890201,2004.0,47.0,21.0,228.0,144.0,30.0,27.0,0.0,72.0,3.0,135.0,18.0,0.0
248,105,9,1879.0,2134.0,452.0,0.0,336.0,2691.0,101.63535295634345,9333.028799999998,9434.664152956342,2004.0,47.0,21.0,228.0,144.0,30.0,27.0,0.0,72.0,3.0,135.0,18.0,0.0
248,106,9,1803.0,2146.0,442.0,0.0,324.0,2691.0,62.37270129526995,9791.076399999998,9853.449101295268,2004.0,47.0,21.0,228.0,144.0,30.0,27.0,0.0,72.0,3.0,135.0,18.0,0.0
248,107,9,1819.0,2084.0,505.0,0.0,366.0,2691.0,101.40148242681369,8781.194000000003,8882.595482426817,2004.0,47.0,21.0,228.0,144.0,30.0,27.0,0.0,72.0,3.0,135.0,18.0,0.0
248,108,10,1860.0,2123.0,462.0,0.0,313.0,2691.0,142.92934161805545,9186.670000000004,9329.599341618059,2004.0,47.0,21.0,228.0,144.0,30.0,27.0,0.0,72.0,3.0,135.0,18.0,0.0
248,109,10,1871.0,2105.0,452.0,0.0,350.0,2691.0,102.43961275171061,9490.275999999994,9592.715612751705,2004.0,47.0,21.0,228.0,144.0,30.0,27.0,0.0,72.0,3.0,135.0,18.0,0.0
248,110,10,1823.0,2138.0,432.0,0.0,335.0,2691.0,59.412451373205855,9566.762000000002,9626.174451373208,2004.0,47.0,21.0,228.0,144.0,30.0,27.0,0.0,72.0,3.0,135.0,18.0,0.0
248,111,10,1854.0,2149.0,428.0,0.0,344.0,2691.0,62.15338465661269,9597.490000000002,9659.643384656614,2004.0,47.0,21.0,228.0,144.0,30.0,27.0,0.0,72.0,3.0,135.0,18.0,0.0
248,112,10,1828.0,2124.0,460.0,0.0,346.0,2691.0,60.71928897544861,10315.3896,10376.10888897545,2004.0,47.0,21.0,228.0,144.0,30.0,27.0,0.0,72.0,3.0,135.0,18.0,0.0
248,113,10,1851.0,2117.0,472.0,0.0,322.0,2691.0,21.31487550365037,9219.802800000003,9241.117675503654,2004.0,47.0,21.0,228.0,144.0,30.0,27.0,0.0,72.0,3.0,135.0,18.0,0.0
248,114,10,1818.0,2116.0,452.0,0.0,353.0,2691.0,102.0527273635712,10007.641999999998,10109.694727363569,2004.0,47.0,21.0,228.0,144.0,30.0,27.0,0.0,72.0,3.0,135.0,18.0,0.0
248,115,10,1875.0,2102.0,477.0,0.0,308.0,2691.0,19.497979787982313,8954.072400000001,8973.570379787983,2004.0,47.0,21.0,228.0,144.0,30.0,27.0,0.0,72.0,3.0,135.0,18.0,0.0
248,116,10,1861.0,2113.0,473.0,0.0,321.0,2691.0,140.5898051872335,9589.14,9729.729805187231,2004.0,47.0,21.0,228.0,144.0,30.0,27.0,0.0,72.0,3.0,135.0,18.0,0.0
248,117,10,1869.0,2107.0,479.0,0.0,324.0,2691.0,20.82329643528277,9124.0784,9144.901696435283,2004.0,47.0,21.0,228.0,144.0,30.0,27.0,0.0,72.0,3.0,135.0,18.0,0.0
248,118,10,1880.0,2167.0,415.0,0.0,283.0,2691.0,60.10511275503946,9028.621200000001,9088.72631275504,2004.0,47.0,21.0,228.0,144.0,30.0,27.0,0.0,72.0,3.0,135.0,18.0,0.0
248,119,10,1827.0,2145.0,434.0,0.0,317.0,2691.0,100.79981025099528,10286.799199999998,10387.599010250993,2004.0,47.0,21.0,228.0,144.0,30.0,27.0,0.0,72.0,3.0,135.0,18.0,0.0
249,0,1,1874.0,2086.0,499.0,0.0,298.0,2691.0,17.177541671190575,8987.672799999997,9004.850341671188,2004.0,47.0,21.0,228.0,144.0,30.0,27.0,0.0,72.0,3.0,135.0,18.0,0.0
249,1,1,1859.0,2115.0,469.0,0.0,305.0,2691.0,100.47087951091329,9289.208000000004,9389.678879510917,2004.0,47.0,21.0,228.0,144.0,30.0,27.0,0.0,72.0,3.0,135.0,18.0,0.0
249,2,1,1845.0,2124.0,455.0,0.0,281.0,2691.0,60.441819807881615,8905.8428,8966.28461980788,2004.0,47.0,21.0,228.0,144.0,30.0,27.0,0.0,72.0,3.0,135.0,18.0,0.0
249,3,1,1905.0,2128.0,458.0,0.0,328.0,2691.0,16.76616324747179,9295.219999999996,9311.986163247468,2004.0,47.0,21.0,228.0,144.0,30.0,27.0,0.0,72.0,3.0,135.0,18.0,0.0
249,4,1,1846.0,2098.0,478.0,0.0,346.0,2691.0,18.75056751517691,8839.310000000001,8858.060567515178,2004.0,47.0,21.0,228.0,144.0,30.0,27.0,0.0,72.0,3.0,135.0,18.0,0.0
249,5,1,1848.0,2108.0,468.0,0.0,268.0,2691.0,99.13772885569549,9213.857600000007,9312.9953288557,2004.0,47.0,21.0,228.0,144.0,30.0,27.0,0.0,72.0,3.0,135.0,18.0,0.0
249,6,1,1860.0,2126.0,454.0,0.0,297.0,2691.0,18.913721601276325,10627.145199999995,10646.05892160127,2004.0,47.0,21.0,228.0,144.0,30.0,27.0,0.0,72.0,3.0,135.0,18.0,0.0
249,7,1,1865.0,2128.0,457.0,0.0,292.0,2691.0,99.18517028934258,9680.99,9780.175170289343,2004.0,47.0,21.0,228.0,144.0,30.0,27.0,0.0,72.0,3.0,135.0,18.0,0.0
249,8,1,1885.0,2115.0,462.0,0.0,315.0,2691.0,57.74267714914088,8415.798000000003,8473.540677149143,2004.0,47.0,21.0,228.0,144.0,30.0,27.0,0.0,72.0,3.0,135.0,18.0,0.0
249,9,1,1839.0,2110.0,469.0,0.0,314.0,2691.0,20.08144947891654,8229.092,8249.173449478916,2004.0,47.0,21.0,228.0,144.0,30.0,27.0,0.0,72.0,3.0,135.0,18.0,0.0
249,10,1,1852.0,2130.0,455.0,0.0,327.0,2691.0,17.527944175642595,8673.445599999997,8690.973544175638,2004.0,47.0,21.0,228.0,144.0,30.0,27.0,0.0,72.0,3.0,135.0,18.0,0.0
249,11,1,1856.0,2118.0,458.0,0.0,320.0,2691.0,17.535475961783987,9445.0524,9462.587875961784,2004.0,47.0,21.0,228.0,144.0,30.0,27.0,0.0,72.0,3.0,135.0,18.0,0.0
249,12,2,1830.0,2135.0,445.0,0.0,310.0,2691.0,56.987245932582255,8880.725999999999,8937.71324593258,2004.0,47.0,21.0,228.0,144.0,30.0,27.0,0.0,72.0,3.0,135.0,18.0,0.0
249,13,2,1840.0,2132.0,459.0,0.0,328.0,2691.0,58.53301990798522,10124.9428,10183.475819907986,2004.0,47.0,21.0,228.0,144.0,30.0,27.0,0.0,72.0,3.0,135.0,18.0,0.0
249,14,2,1854.0,2089.0,477.0,0.0,321.0,2691.0,99.44941153828815,8944.2528,9043.702211538288,2004.0,47.0,21.0,228.0,144.0,30.0,27.0,0.0,72.0,3.0,135.0,18.0,0.0
249,15,2,1843.0,2114.0,478.0,0.0,306.0,2691.0,179.69538145348622,8682.864399999999,8862.559781453485,2004.0,47.0,21.0,228.0,144.0,30.0,27.0,0.0,72.0,3.0,135.0,18.0,0.0
249,16,2,1852.0,2114.0,478.0,0.0,332.0,2691.0,59.64245462816321,8796.958799999997,8856.60125462816,2004.0,47.0,21.0,228.0,144.0,30.0,27.0,0.0,72.0,3.0,135.0,18.0,0.0
249,17,2,1887.0,2106.0,474.0,0.0,344.0,2691.0,17.5392693365667,9501.8324,9519.371669336566,2004.0,47.0,21.0,228.0,144.0,30.0,27.0,0.0,72.0,3.0,135.0,18.0,0.0
249,18,2,1853.0,2079.0,503.0,0.0,321.0,2691.0,59.41899466756584,9617.195999999993,9676.614994667558,2004.0,47.0,21.0,228.0,144.0,30.0,27.0,0.0,72.0,3.0,135.0,18.0,0.0
249,19,2,1865.0,2109.0,481.0,0.0,261.0,2691.0,18.243264927604166,8479.859199999999,8498.102464927604,2004.0,47.0,21.0,228.0,144.0,30.0,27.0,0.0,72.0,3.0,135.0,18.0,0.0
249,20,2,1854.0,2134.0,445.0,0.0,289.0,2691.0,17.856355852254953,8257.682400000005,8275.53875585226,2004.0,47.0,21.0,228.0,144.0,30.0,27.0,0.0,72.0,3.0,135.0,18.0,0.0
249,21,2,1855.0,2144.0,457.0,0.0,266.0,2691.0,17.327895504682726,8222.0112,8239.339095504683,2004.0,47.0,21.0,228.0,144.0,30.0,27.0,0.0,72.0,3.0,135.0,18.0,0.0
249,22,2,1911.0,2075.0,514.0,0.0,284.0,2691.0,19.22337315087219,9258.613599999997,9277.83697315087,2004.0,47.0,21.0,228.0,144.0,30.0,27.0,0.0,72.0,3.0,135.0,18.0,0.0
249,23,2,1844.0,2149.0,433.0,0.0,322.0,2691.0,56.68017155073927,9457.477200000003,9514.157371550742,2004.0,47.0,21.0,228.0,144.0,30.0,27.0,0.0,72.0,3.0,135.0,18.0,0.0
249,24,3,1848.0,2155.0,436.0,0.0,271.0,2691.0,57.27901833958586,8496.626000000004,8553.905018339588,2004.0,47.0,21.0,228.0,144.0,30.0,27.0,0.0,72.0,3.0,135.0,18.0,0.0
249,25,3,1847.0,2129.0,465.0,0.0,250.0,2691.0,58.28996769043296,9875.711999999994,9934.001967690427,2004.0,47.0,21.0,228.0,144.0,30.0,27.0,0.0,72.0,3.0,135.0,18.0,0.0
249,26,3,1867.0,2119.0,457.0,0.0,323.0,2691.0,57.45297708083442,9267.631599999999,9325.084577080834,2004.0,47.0,21.0,228.0,144.0,30.0,27.0,0.0,72.0,3.0,135.0,18.0,0.0
249,27,3,1834.0,2099.0,468.0,0.0,355.0,2691.0,101.07213334487614,9975.845199999996,10076.917333344874,2004.0,47.0,21.0,228.0,144.0,30.0,27.0,0.0,72.0,3.0,135.0,18.0,0.0
249,28,3,1826.0,2103.0,472.0,0.0,312.0,2691.0,57.52749398542859,9923.273599999997,9980.801093985425,2004.0,47.0,21.0,228.0,144.0,30.0,27.0,0.0,72.0,3.0,135.0,18.0,0.0
249,29,3,1824.0,2121.0,461.0,0.0,281.0,2691.0,59.80551028035222,9279.722399999999,9339.52791028035,2004.0,47.0,21.0,228.0,144.0,30.0,27.0,0.0,72.0,3.0,135.0,18.0,0.0
249,30,3,1865.0,2112.0,481.0,0.0,322.0,2691.0,17.78081157697229,9606.574800000002,9624.355611576973,2004.0,47.0,21.0,228.0,144.0,30.0,27.0,0.0,72.0,3.0,135.0,18.0,0.0
249,31,3,1867.0,2080.0,502.0,0.0,325.0,2691.0,140.22627964386677,9418.933599999995,9559.159879643863,2004.0,47.0,21.0,228.0,144.0,30.0,27.0,0.0,72.0,3.0,135.0,18.0,0.0
249,32,3,1885.0,2131.0,450.0,0.0,300.0,2691.0,98.13328779467389,9046.7908,9144.924087794676,2004.0,47.0,21.0,228.0,144.0,30.0,27.0,0.0,72.0,3.0,135.0,18.0,0.0
249,33,3,1838.0,2123.0,457.0,0.0,316.0,2691.0,58.61913518795272,9880.4548,9939.073935187955,2004.0,47.0,21.0,228.0,144.0,30.0,27.0,0.0,72.0,3.0,135.0,18.0,0.0
249,34,3,1776.0,2131.0,457.0,0.0,279.0,2691.0,99.05561683701731,7912.393200000004,8011.448816837021,2004.0,47.0,21.0,228.0,144.0,30.0,27.0,0.0,72.0,3.0,135.0,18.0,0.0
249,35,3,1854.0,2069.0,495.0,0.0,345.0,2691.0,58.66734589803224,8760.085199999998,8818.75254589803,2004.0,47.0,21.0,228.0,144.0,30.0,27.0,0.0,72.0,3.0,135.0,18.0,0.0
249,36,4,1844.0,2127.0,458.0,0.0,341.0,2691.0,19.623808777647433,8832.4964,8852.120208777647,2004.0,47.0,21.0,228.0,144.0,30.0,27.0,0.0,72.0,3.0,135.0,18.0,0.0
249,37,4,1896.0,2096.0,475.0,0.0,305.0,2691.0,57.456592579717054,8503.506399999998,8560.962992579716,2004.0,47.0,21.0,228.0,144.0,30.0,27.0,0.0,72.0,3.0,135.0,18.0,0.0
249,38,4,1872.0,2100.0,476.0,0.0,294.0,2691.0,57.04140970772521,9575.3792,9632.420609707722,2004.0,47.0,21.0,228.0,144.0,30.0,27.0,0.0,72.0,3.0,135.0,18.0,0.0
249,39,4,1863.0,2129.0,455.0,0.0,302.0,2691.0,16.62365522252793,8695.823600000002,8712.44725522253,2004.0,47.0,21.0,228.0,144.0,30.0,27.0,0.0,72.0,3.0,135.0,18.0,0.0
249,40,4,1840.0,2095.0,484.0,0.0,305.0,2691.0,18.87863817145389,9059.750000000002,9078.628638171454,2004.0,47.0,21.0,228.0,144.0,30.0,27.0,0.0,72.0,3.0,135.0,18.0,0.0
249,41,4,1844.0,2155.0,437.0,0.0,306.0,2691.0,18.22744898303592,8581.261600000007,8599.489048983043,2004.0,47.0,21.0,228.0,144.0,30.0,27.0,0.0,72.0,3.0,135.0,18.0,0.0
249,42,4,1856.0,2124.0,445.0,0.0,311.0,2691.0,180.5074542979395,10380.185599999997,10560.693054297935,2004.0,47.0,21.0,228.0,144.0,30.0,27.0,0.0,72.0,3.0,135.0,18.0,0.0
249,43,4,1885.0,2128.0,467.0,0.0,294.0,2691.0,138.5594603649572,8989.476400000001,9128.035860364958,2004.0,47.0,21.0,228.0,144.0,30.0,27.0,0.0,72.0,3.0,135.0,18.0,0.0
249,44,4,1880.0,2079.0,481.0,0.0,346.0,2691.0,58.92973860687624,9196.155600000002,9255.085338606877,2004.0,47.0,21.0,228.0,144.0,30.0,27.0,0.0,72.0,3.0,135.0,18.0,0.0
249,45,4,1837.0,2109.0,465.0,0.0,283.0,2691.0,100.84699554652511,9629.887999999994,9730.73499554652,2004.0,47.0,21.0,228.0,144.0,30.0,27.0,0.0,72.0,3.0,135.0,18.0,0.0
249,46,4,1844.0,2141.0,442.0,0.0,325.0,2691.0,57.557799160184935,8719.270400000001,8776.828199160185,2004.0,47.0,21.0,228.0,144.0,30.0,27.0,0.0,72.0,3.0,135.0,18.0,0.0
249,47,4,1859.0,2107.0,477.0,0.0,272.0,2691.0,17.424365503687174,9376.248399999995,9393.672765503683,2004.0,47.0,21.0,228.0,144.0,30.0,27.0,0.0,72.0,3.0,135.0,18.0,0.0
249,48,5,1852.0,2096.0,478.0,0.0,298.0,2691.0,57.79208611843894,9133.029599999998,9190.821686118437,2004.0,47.0,21.0,228.0,144.0,30.0,27.0,0.0,72.0,3.0,135.0,18.0,0.0
249,49,5,1865.0,2114.0,473.0,0.0,307.0,2691.0,98.72881027925598,8071.844800000005,8170.573610279262,2004.0,47.0,21.0,228.0,144.0,30.0,27.0,0.0,72.0,3.0,135.0,18.0,0.0
249,50,5,1840.0,2074.0,485.0,0.0,336.0,2691.0,59.49876486343091,9665.959999999997,9725.458764863428,2004.0,47.0,21.0,228.0,144.0,30.0,27.0,0.0,72.0,3.0,135.0,18.0,0.0
249,51,5,1829.0,2148.0,448.0,0.0,333.0,2691.0,60.74653020226739,9587.002399999994,9647.74893020226,2004.0,47.0,21.0,228.0,144.0,30.0,27.0,0.0,72.0,3.0,135.0,18.0,0.0
249,52,5,1841.0,2131.0,456.0,0.0,341.0,2691.0,98.41432697539211,8638.108400000001,8736.522726975392,2004.0,47.0,21.0,228.0,144.0,30.0,27.0,0.0,72.0,3.0,135.0,18.0,0.0
249,53,5,1812.0,2130.0,445.0,0.0,283.0,2691.0,57.992923462353765,9376.114800000003,9434.107723462355,2004.0,47.0,21.0,228.0,144.0,30.0,27.0,0.0,72.0,3.0,135.0,18.0,0.0
249,54,5,1855.0,2085.0,500.0,0.0,334.0,2691.0,97.12706190127898,8622.410399999999,8719.537461901278,2004.0,47.0,21.0,228.0,144.0,30.0,27.0,0.0,72.0,3.0,135.0,18.0,0.0
249,55,5,1854.0,2100.0,490.0,0.0,315.0,2691.0,18.17477637622942,9269.7692,9287.943976376231,2004.0,47.0,21.0,228.0,144.0,30.0,27.0,0.0,72.0,3.0,135.0,18.0,0.0
249,56,5,1870.0,2102.0,475.0,0.0,310.0,2691.0,56.54093797506634,9239.909600000003,9296.450537975068,2004.0,47.0,21.0,228.0,144.0,30.0,27.0,0.0,72.0,3.0,135.0,18.0,0.0
249,57,5,1887.0,2113.0,468.0,0.0,264.0,2691.0,140.3356860085601,7604.979600000002,7745.315286008561,2004.0,47.0,21.0,228.0,144.0,30.0,27.0,0.0,72.0,3.0,135.0,18.0,0.0
249,58,5,1865.0,2090.0,474.0,0.0,333.0,2691.0,99.28594463738331,9238.306400000003,9337.592344637387,2004.0,47.0,21.0,228.0,144.0,30.0,27.0,0.0,72.0,3.0,135.0,18.0,0.0
249,59,5,1843.0,2075.0,475.0,0.0,315.0,2691.0,99.75073563362977,8176.854400000002,8276.605135633632,2004.0,47.0,21.0,228.0,144.0,30.0,27.0,0.0,72.0,3.0,135.0,18.0,0.0
249,60,6,1840.0,2126.0,449.0,0.0,300.0,2691.0,98.93020326792845,8691.748799999996,8790.679003267926,2004.0,47.0,21.0,228.0,144.0,30.0,27.0,0.0,72.0,3.0,135.0,18.0,0.0
249,61,6,1894.0,2103.0,485.0,0.0,294.0,2691.0,18.558355552232463,10915.654399999992,10934.212755552226,2004.0,47.0,21.0,228.0,144.0,30.0,27.0,0.0,72.0,3.0,135.0,18.0,0.0
249,62,6,1862.0,2142.0,452.0,0.0,293.0,2691.0,59.127006874383376,9857.742799999998,9916.869806874382,2004.0,47.0,21.0,228.0,144.0,30.0,27.0,0.0,72.0,3.0,135.0,18.0,0.0
249,63,6,1843.0,2120.0,446.0,0.0,337.0,2691.0,98.48358528050454,9296.221999999998,9394.705585280504,2004.0,47.0,21.0,228.0,144.0,30.0,27.0,0.0,72.0,3.0,135.0,18.0,0.0
249,64,6,1834.0,2078.0,521.0,0.0,288.0,2691.0,59.8849169862964,8726.752,8786.636916986296,2004.0,47.0,21.0,228.0,144.0,30.0,27.0,0.0,72.0,3.0,135.0,18.0,0.0
249,65,6,1832.0,2121.0,460.0,0.0,321.0,2691.0,58.23608110610729,10025.343999999996,10083.580081106102,2004.0,47.0,21.0,228.0,144.0,30.0,27.0,0.0,72.0,3.0,135.0,18.0,0.0
249,66,6,1847.0,2123.0,466.0,0.0,308.0,2691.0,17.818925682656225,9165.026799999998,9182.845725682655,2004.0,47.0,21.0,228.0,144.0,30.0,27.0,0.0,72.0,3.0,135.0,18.0,0.0
249,67,6,1796.0,2138.0,456.0,0.0,321.0,2691.0,18.54866291972296,8876.8516,8895.400262919722,2004.0,47.0,21.0,228.0,144.0,30.0,27.0,0.0,72.0,3.0,135.0,18.0,0.0
249,68,6,1842.0,2142.0,446.0,0.0,333.0,2691.0,59.29441112950451,10100.494000000002,10159.788411129508,2004.0,47.0,21.0,228.0,144.0,30.0,27.0,0.0,72.0,3.0,135.0,18.0,0.0
249,69,6,1858.0,2104.0,489.0,0.0,327.0,2691.0,99.81454310843436,9423.342399999992,9523.156943108428,2004.0,47.0,21.0,228.0,144.0,30.0,27.0,0.0,72.0,3.0,135.0,18.0,0.0
249,70,6,1793.0,2152.0,440.0,0.0,319.0,2691.0,58.47289325060435,9919.933600000004,9978.406493250608,2004.0,47.0,21.0,228.0,144.0,30.0,27.0,0.0,72.0,3.0,135.0,18.0,0.0
249,71,6,1848.0,2131.0,454.0,0.0,302.0,2691.0,17.813972143822383,8090.081200000005,8107.895172143828,2004.0,47.0,21.0,228.0,144.0,30.0,27.0,0.0,72.0,3.0,135.0,18.0,0.0
249,72,7,1828.0,2109.0,479.0,0.0,281.0,2691.0,18.907869182470723,8838.307999999994,8857.215869182466,2004.0,47.0,21.0,228.0,144.0,30.0,27.0,0.0,72.0,3.0,135.0,18.0,0.0
249,73,7,1820.0,2077.0,494.0,0.0,258.0,2691.0,59.58610552944078,9737.970399999997,9797.556505529437,2004.0,47.0,21.0,228.0,144.0,30.0,27.0,0.0,72.0,3.0,135.0,18.0,0.0
249,74,7,1843.0,2116.0,467.0,0.0,340.0,2691.0,18.958268564479376,8743.652399999999,8762.610668564479,2004.0,47.0,21.0,228.0,144.0,30.0,27.0,0.0,72.0,3.0,135.0,18.0,0.0
249,75,7,1855.0,2097.0,486.0,0.0,298.0,2691.0,57.28179174989829,9045.120799999997,9102.402591749895,2004.0,47.0,21.0,228.0,144.0,30.0,27.0,0.0,72.0,3.0,135.0,18.0,0.0
249,76,7,1867.0,2118.0,460.0,0.0,331.0,2691.0,18.349314586520904,9142.715600000003,9161.064914586525,2004.0,47.0,21.0,228.0,144.0,30.0,27.0,0.0,72.0,3.0,135.0,18.0,0.0
249,77,7,1845.0,2125.0,460.0,0.0,322.0,2691.0,17.58692664580464,9159.482399999999,9177.069326645804,2004.0,47.0,21.0,228.0,144.0,30.0,27.0,0.0,72.0,3.0,135.0,18.0,0.0
249,78,7,1794.0,2108.0,480.0,0.0,297.0,2691.0,58.41532934568128,9578.0512,9636.466529345682,2004.0,47.0,21.0,228.0,144.0,30.0,27.0,0.0,72.0,3.0,135.0,18.0,0.0
249,79,7,1856.0,2137.0,446.0,0.0,316.0,2691.0,16.158205962333195,10386.464799999994,10402.623005962327,2004.0,47.0,21.0,228.0,144.0,30.0,27.0,0.0,72.0,3.0,135.0,18.0,0.0
249,80,7,1848.0,2098.0,483.0,0.0,287.0,2691.0,19.438833848767906,8887.739999999998,8907.178833848768,2004.0,47.0,21.0,228.0,144.0,30.0,27.0,0.0,72.0,3.0,135.0,18.0,0.0
249,81,7,1824.0,2133.0,465.0,0.0,308.0,2691.0,19.165970683527068,9989.004799999992,10008.170770683519,2004.0,47.0,21.0,228.0,144.0,30.0,27.0,0.0,72.0,3.0,135.0,18.0,0.0
249,82,7,1870.0,2112.0,472.0,0.0,297.0,2691.0,19.67530703761994,9929.753199999992,9949.428507037612,2004.0,47.0,21.0,228.0,144.0,30.0,27.0,0.0,72.0,3.0,135.0,18.0,0.0
249,83,7,1846.0,2128.0,455.0,0.0,264.0,2691.0,18.21945394077799,9369.434800000003,9387.65425394078,2004.0,47.0,21.0,228.0,144.0,30.0,27.0,0.0,72.0,3.0,135.0,18.0,0.0
249,84,8,1859.0,2129.0,466.0,0.0,293.0,2691.0,19.41722043255696,8798.161199999999,8817.578420432554,2004.0,47.0,21.0,228.0,144.0,30.0,27.0,0.0,72.0,3.0,135.0,18.0,0.0
249,85,8,1877.0,2115.0,466.0,0.0,315.0,2691.0,100.60187073949687,8964.693600000002,9065.2954707395,2004.0,47.0,21.0,228.0,144.0,30.0,27.0,0.0,72.0,3.0,135.0,18.0,0.0
249,86,8,1889.0,2086.0,501.0,0.0,279.0,2691.0,98.41325940889374,9637.302799999996,9735.71605940889,2004.0,47.0,21.0,228.0,144.0,30.0,27.0,0.0,72.0,3.0,135.0,18.0,0.0
249,87,8,1892.0,2091.0,483.0,0.0,306.0,2691.0,57.07182924276768,9286.0016,9343.073429242766,2004.0,47.0,21.0,228.0,144.0,30.0,27.0,0.0,72.0,3.0,135.0,18.0,0.0
249,88,8,1853.0,2132.0,465.0,0.0,306.0,2691.0,16.552828764860617,8405.777999999998,8422.33082876486,2004.0,47.0,21.0,228.0,144.0,30.0,27.0,0.0,72.0,3.0,135.0,18.0,0.0
249,89,8,1875.0,2155.0,451.0,0.0,263.0,2691.0,301.860301815091,8830.960000000003,9132.820301815094,2004.0,47.0,21.0,228.0,144.0,30.0,27.0,0.0,72.0,3.0,135.0,18.0,0.0
249,90,8,1885.0,2107.0,473.0,0.0,310.0,2691.0,59.841603152348455,8755.0084,8814.850003152349,2004.0,47.0,21.0,228.0,144.0,30.0,27.0,0.0,72.0,3.0,135.0,18.0,0.0
249,91,8,1885.0,2115.0,461.0,0.0,327.0,2691.0,58.97402181119383,9820.93599999999,9879.910021811183,2004.0,47.0,21.0,228.0,144.0,30.0,27.0,0.0,72.0,3.0,135.0,18.0,0.0
249,92,8,1872.0,2088.0,487.0,0.0,303.0,2691.0,57.724666293557426,8096.828000000006,8154.552666293563,2004.0,47.0,21.0,228.0,144.0,30.0,27.0,0.0,72.0,3.0,135.0,18.0,0.0
249,93,8,1805.0,2107.0,454.0,0.0,316.0,2691.0,99.73356227741235,10208.57639999999,10308.309962277404,2004.0,47.0,21.0,228.0,144.0,30.0,27.0,0.0,72.0,3.0,135.0,18.0,0.0
249,94,8,1841.0,2102.0,476.0,0.0,327.0,2691.0,58.04455521829499,9047.9932,9106.037755218294,2004.0,47.0,21.0,228.0,144.0,30.0,27.0,0.0,72.0,3.0,135.0,18.0,0.0
249,95,8,1860.0,2101.0,462.0,0.0,301.0,2691.0,58.54583545015751,9466.4284,9524.974235450158,2004.0,47.0,21.0,228.0,144.0,30.0,27.0,0.0,72.0,3.0,135.0,18.0,0.0
249,96,9,1883.0,2147.0,428.0,0.0,299.0,2691.0,137.996636551161,8612.390399999997,8750.387036551158,2004.0,47.0,21.0,228.0,144.0,30.0,27.0,0.0,72.0,3.0,135.0,18.0,0.0
249,97,9,1828.0,2121.0,474.0,0.0,312.0,2691.0,98.85983354619283,8861.621200000001,8960.481033546195,2004.0,47.0,21.0,228.0,144.0,30.0,27.0,0.0,72.0,3.0,135.0,18.0,0.0
249,98,9,1879.0,2089.0,471.0,0.0,340.0,2691.0,58.26739241293123,10583.72519999999,10641.99259241292,2004.0,47.0,21.0,228.0,144.0,30.0,27.0,0.0,72.0,3.0,135.0,18.0,0.0
249,99,9,1860.0,2130.0,457.0,0.0,315.0,2691.0,16.909060216248708,9354.5384,9371.447460216248,2004.0,47.0,21.0,228.0,144.0,30.0,27.0,0.0,72.0,3.0,135.0,18.0,0.0
249,100,9,1848.0,2106.0,470.0,0.0,301.0,2691.0,58.714079462181175,7772.781200000005,7831.495279462186,2004.0,47.0,21.0,228.0,144.0,30.0,27.0,0.0,72.0,3.0,135.0,18.0,0.0
249,101,9,1854.0,2105.0,477.0,0.0,317.0,2691.0,17.203276876738432,9949.058399999994,9966.261676876733,2004.0,47.0,21.0,228.0,144.0,30.0,27.0,0.0,72.0,3.0,135.0,18.0,0.0
249,102,9,1869.0,2140.0,445.0,0.0,329.0,2691.0,98.84031688630114,10023.874399999993,10122.714716886294,2004.0,47.0,21.0,228.0,144.0,30.0,27.0,0.0,72.0,3.0,135.0,18.0,0.0
249,103,9,1911.0,2129.0,448.0,0.0,307.0,2691.0,58.685542367463356,9062.2216,9120.907142367463,2004.0,47.0,21.0,228.0,144.0,30.0,27.0,0.0,72.0,3.0,135.0,18.0,0.0
249,104,9,1879.0,2136.0,451.0,0.0,315.0,2691.0,18.00602580166884,9408.646399999998,9426.652425801667,2004.0,47.0,21.0,228.0,144.0,30.0,27.0,0.0,72.0,3.0,135.0,18.0,0.0
249,105,9,1803.0,2143.0,446.0,0.0,311.0,2691.0,59.91307896432846,9415.393200000002,9475.30627896433,2004.0,47.0,21.0,228.0,144.0,30.0,27.0,0.0,72.0,3.0,135.0,18.0,0.0
249,106,9,1819.0,2127.0,463.0,0.0,337.0,2691.0,18.546375030914795,8609.317599999998,8627.863975030914,2004.0,47.0,21.0,228.0,144.0,30.0,27.0,0.0,72.0,3.0,135.0,18.0,0.0
249,107,9,1860.0,2118.0,467.0,0.0,302.0,2691.0,99.59286463145119,8725.015200000005,8824.608064631455,2004.0,47.0,21.0,228.0,144.0,30.0,27.0,0.0,72.0,3.0,135.0,18.0,0.0
249,108,10,1871.0,2102.0,456.0,0.0,336.0,2691.0,100.40271402516241,8895.021199999997,8995.42391402516,2004.0,47.0,21.0,228.0,144.0,30.0,27.0,0.0,72.0,3.0,135.0,18.0,0.0
249,109,10,1823.0,2134.0,436.0,0.0,318.0,2691.0,57.62554141895085,9324.946000000002,9382.571541418953,2004.0,47.0,21.0,228.0,144.0,30.0,27.0,0.0,72.0,3.0,135.0,18.0,0.0
249,110,10,1854.0,2140.0,438.0,0.0,319.0,2691.0,100.8092602380792,9245.6544,9346.46366023808,2004.0,47.0,21.0,228.0,144.0,30.0,27.0,0.0,72.0,3.0,135.0,18.0,0.0
249,111,10,1828.0,2132.0,453.0,0.0,333.0,2691.0,58.7509547622838,9174.7796,9233.530554762283,2004.0,47.0,21.0,228.0,144.0,30.0,27.0,0.0,72.0,3.0,135.0,18.0,0.0
249,112,10,1851.0,2111.0,478.0,0.0,313.0,2691.0,18.271412152045627,8851.935200000007,8870.206612152055,2004.0,47.0,21.0,228.0,144.0,30.0,27.0,0.0,72.0,3.0,135.0,18.0,0.0
249,113,10,1818.0,2113.0,455.0,0.0,340.0,2691.0,98.86727922738615,9754.269599999996,9853.136879227382,2004.0,47.0,21.0,228.0,144.0,30.0,27.0,0.0,72.0,3.0,135.0,18.0,0.0
249,114,10,1875.0,2101.0,478.0,0.0,305.0,2691.0,17.213824541635578,8608.248800000005,8625.46262454164,2004.0,47.0,21.0,228.0,144.0,30.0,27.0,0.0,72.0,3.0,135.0,18.0,0.0
249,115,10,1861.0,2113.0,473.0,0.0,306.0,2691.0,138.38603060478346,9455.005599999997,9593.391630604781,2004.0,47.0,21.0,228.0,144.0,30.0,27.0,0.0,72.0,3.0,135.0,18.0,0.0
249,116,10,1869.0,2097.0,490.0,0.0,305.0,2691.0,18.095196908936668,8005.646,8023.741196908937,2004.0,47.0,21.0,228.0,144.0,30.0,27.0,0.0,72.0,3.0,135.0,18.0,0.0
249,117,10,1880.0,2152.0,430.0,0.0,271.0,2691.0,59.10761722462927,8838.0408,8897.148417224631,2004.0,47.0,21.0,228.0,144.0,30.0,27.0,0.0,72.0,3.0,135.0,18.0,0.0
249,118,10,1827.0,2144.0,437.0,0.0,303.0,2691.0,97.6637879890926,9946.453199999996,10044.11698798909,2004.0,47.0,21.0,228.0,144.0,30.0,27.0,0.0,72.0,3.0,135.0,18.0,0.0
249,119,10,1892.0,2107.0,479.0,0.0,322.0,2691.0,99.20571369090008,8168.571200000004,8267.776913690905,2004.0,47.0,21.0,228.0,144.0,30.0,27.0,0.0,72.0,3.0,135.0,18.0,0.0
250,0,1,1859.0,2109.0,475.0,0.0,299.0,2691.0,57.40392010445164,9993.881200000002,10051.285120104452,2004.0,47.0,21.0,228.0,144.0,30.0,27.0,0.0,72.0,3.0,135.0,18.0,0.0
250,1,1,1845.0,2109.0,470.0,0.0,281.0,2691.0,138.21782784394316,9354.338,9492.555827843942,2004.0,47.0,21.0,228.0,144.0,30.0,27.0,0.0,72.0,3.0,135.0,18.0,0.0
250,2,1,1905.0,2125.0,462.0,0.0,322.0,2691.0,14.312978123523578,9933.827999999994,9948.140978123518,2004.0,47.0,21.0,228.0,144.0,30.0,27.0,0.0,72.0,3.0,135.0,18.0,0.0
250,3,1,1846.0,2093.0,484.0,0.0,343.0,2691.0,15.720889649455334,9536.835600000002,9552.556489649456,2004.0,47.0,21.0,228.0,144.0,30.0,27.0,0.0,72.0,3.0,135.0,18.0,0.0
250,4,1,1848.0,2102.0,474.0,0.0,260.0,2691.0,95.51983797461207,10023.540400000002,10119.060237974616,2004.0,47.0,21.0,228.0,144.0,30.0,27.0,0.0,72.0,3.0,135.0,18.0,0.0
250,5,1,1860.0,2120.0,460.0,0.0,291.0,2691.0,57.37022748684448,11341.437599999992,11398.807827486839,2004.0,47.0,21.0,228.0,144.0,30.0,27.0,0.0,72.0,3.0,135.0,18.0,0.0
250,6,1,1865.0,2108.0,477.0,0.0,281.0,2691.0,56.00751496826991,10632.756399999998,10688.76391496827,2004.0,47.0,21.0,228.0,144.0,30.0,27.0,0.0,72.0,3.0,135.0,18.0,0.0
250,7,1,1885.0,2113.0,465.0,0.0,307.0,2691.0,55.422543507504386,9012.7896,9068.212143507504,2004.0,47.0,21.0,228.0,144.0,30.0,27.0,0.0,72.0,3.0,135.0,18.0,0.0
250,8,1,1839.0,2106.0,474.0,0.0,315.0,2691.0,16.889161336994214,8802.770399999998,8819.659561336992,2004.0,47.0,21.0,228.0,144.0,30.0,27.0,0.0,72.0,3.0,135.0,18.0,0.0
250,9,1,1852.0,2125.0,462.0,0.0,319.0,2691.0,14.940316660570211,8854.406799999995,8869.347116660565,2004.0,47.0,21.0,228.0,144.0,30.0,27.0,0.0,72.0,3.0,135.0,18.0,0.0
250,10,1,1856.0,2097.0,479.0,0.0,324.0,2691.0,56.447536725947934,9593.882799999998,9650.330336725945,2004.0,47.0,21.0,228.0,144.0,30.0,27.0,0.0,72.0,3.0,135.0,18.0,0.0
250,11,1,1830.0,2135.0,446.0,0.0,301.0,2691.0,54.80061337391235,9391.812799999996,9446.61341337391,2004.0,47.0,21.0,228.0,144.0,30.0,27.0,0.0,72.0,3.0,135.0,18.0,0.0
250,12,2,1840.0,2113.0,479.0,0.0,331.0,2691.0,54.90824562611806,9083.798000000006,9138.706245626125,2004.0,47.0,21.0,228.0,144.0,30.0,27.0,0.0,72.0,3.0,135.0,18.0,0.0
250,13,2,1854.0,2089.0,477.0,0.0,316.0,2691.0,97.06822125712823,9682.994,9780.062221257129,2004.0,47.0,21.0,228.0,144.0,30.0,27.0,0.0,72.0,3.0,135.0,18.0,0.0
250,14,2,1843.0,2111.0,481.0,0.0,303.0,2691.0,176.54607984024534,9394.083999999995,9570.630079840243,2004.0,47.0,21.0,228.0,144.0,30.0,27.0,0.0,72.0,3.0,135.0,18.0,0.0
250,15,2,1852.0,2108.0,484.0,0.0,323.0,2691.0,97.30497552344582,9234.632399999995,9331.937375523441,2004.0,47.0,21.0,228.0,144.0,30.0,27.0,0.0,72.0,3.0,135.0,18.0,0.0
250,16,2,1887.0,2100.0,480.0,0.0,341.0,2691.0,13.485707682436576,10224.007199999996,10237.492907682434,2004.0,47.0,21.0,228.0,144.0,30.0,27.0,0.0,72.0,3.0,135.0,18.0,0.0
250,17,2,1853.0,2099.0,482.0,0.0,311.0,2691.0,95.33763870623835,9841.844399999994,9937.182038706233,2004.0,47.0,21.0,228.0,144.0,30.0,27.0,0.0,72.0,3.0,135.0,18.0,0.0
250,18,2,1865.0,2103.0,487.0,0.0,255.0,2691.0,13.945939557590838,9183.463599999995,9197.409539557586,2004.0,47.0,21.0,228.0,144.0,30.0,27.0,0.0,72.0,3.0,135.0,18.0,0.0
250,19,2,1854.0,2125.0,454.0,0.0,282.0,2691.0,97.57812991422016,9402.500799999998,9500.078929914218,2004.0,47.0,21.0,228.0,144.0,30.0,27.0,0.0,72.0,3.0,135.0,18.0,0.0
250,20,2,1855.0,2139.0,462.0,0.0,261.0,2691.0,13.941830022474878,9185.601200000001,9199.543030022474,2004.0,47.0,21.0,228.0,144.0,30.0,27.0,0.0,72.0,3.0,135.0,18.0,0.0
250,21,2,1911.0,2072.0,517.0,0.0,278.0,2691.0,15.628243318718427,10356.337999999994,10371.966243318713,2004.0,47.0,21.0,228.0,144.0,30.0,27.0,0.0,72.0,3.0,135.0,18.0,0.0
250,22,2,1844.0,2127.0,455.0,0.0,328.0,2691.0,95.27727204841554,9422.407200000003,9517.684472048419,2004.0,47.0,21.0,228.0,144.0,30.0,27.0,0.0,72.0,3.0,135.0,18.0,0.0
250,23,2,1848.0,2151.0,440.0,0.0,273.0,2691.0,14.800382607245714,9169.368800000004,9184.16918260725,2004.0,47.0,21.0,228.0,144.0,30.0,27.0,0.0,72.0,3.0,135.0,18.0,0.0
250,24,3,1847.0,2127.0,467.0,0.0,240.0,2691.0,95.51941415157489,10321.802399999993,10417.32181415157,2004.0,47.0,21.0,228.0,144.0,30.0,27.0,0.0,72.0,3.0,135.0,18.0,0.0
250,25,3,1867.0,2113.0,464.0,0.0,320.0,2691.0,55.74406368157193,10240.840799999998,10296.584863681568,2004.0,47.0,21.0,228.0,144.0,30.0,27.0,0.0,72.0,3.0,135.0,18.0,0.0
250,26,3,1834.0,2095.0,472.0,0.0,350.0,2691.0,97.80726491199306,10550.525599999995,10648.332864911989,2004.0,47.0,21.0,228.0,144.0,30.0,27.0,0.0,72.0,3.0,135.0,18.0,0.0
250,27,3,1826.0,2100.0,475.0,0.0,308.0,2691.0,54.0158762116053,10624.940799999997,10678.956676211603,2004.0,47.0,21.0,228.0,144.0,30.0,27.0,0.0,72.0,3.0,135.0,18.0,0.0
250,28,3,1824.0,2120.0,463.0,0.0,272.0,2691.0,55.60238275683916,9967.428399999995,10023.030782756832,2004.0,47.0,21.0,228.0,144.0,30.0,27.0,0.0,72.0,3.0,135.0,18.0,0.0
250,29,3,1865.0,2111.0,482.0,0.0,317.0,2691.0,15.039034386074619,10589.47,10604.509034386074,2004.0,47.0,21.0,228.0,144.0,30.0,27.0,0.0,72.0,3.0,135.0,18.0,0.0
250,30,3,1867.0,2077.0,505.0,0.0,321.0,2691.0,97.26751127029362,10249.123999999994,10346.391511270287,2004.0,47.0,21.0,228.0,144.0,30.0,27.0,0.0,72.0,3.0,135.0,18.0,0.0
250,31,3,1885.0,2129.0,453.0,0.0,299.0,2691.0,94.9053445107744,10466.758399999999,10561.663744510772,2004.0,47.0,21.0,228.0,144.0,30.0,27.0,0.0,72.0,3.0,135.0,18.0,0.0
250,32,3,1838.0,2120.0,461.0,0.0,309.0,2691.0,15.274868373170262,10538.9692,10554.24406837317,2004.0,47.0,21.0,228.0,144.0,30.0,27.0,0.0,72.0,3.0,135.0,18.0,0.0
250,33,3,1776.0,2127.0,461.0,0.0,269.0,2691.0,96.08833579217583,8932.763200000003,9028.851535792179,2004.0,47.0,21.0,228.0,144.0,30.0,27.0,0.0,72.0,3.0,135.0,18.0,0.0
250,34,3,1854.0,2070.0,494.0,0.0,348.0,2691.0,14.645666685228429,9889.405999999995,9904.051666685222,2004.0,47.0,21.0,228.0,144.0,30.0,27.0,0.0,72.0,3.0,135.0,18.0,0.0
250,35,3,1844.0,2121.0,463.0,0.0,334.0,2691.0,17.277401577647954,9626.013599999998,9643.291001577647,2004.0,47.0,21.0,228.0,144.0,30.0,27.0,0.0,72.0,3.0,135.0,18.0,0.0
250,36,4,1896.0,2091.0,479.0,0.0,297.0,2691.0,55.11304323914852,9141.379599999997,9196.492643239144,2004.0,47.0,21.0,228.0,144.0,30.0,27.0,0.0,72.0,3.0,135.0,18.0,0.0
250,37,4,1872.0,2106.0,471.0,0.0,289.0,2691.0,55.366481169412396,10366.692000000003,10422.058481169415,2004.0,47.0,21.0,228.0,144.0,30.0,27.0,0.0,72.0,3.0,135.0,18.0,0.0
250,38,4,1863.0,2126.0,458.0,0.0,292.0,2691.0,14.04135327701658,9300.4304,9314.471753277016,2004.0,47.0,21.0,228.0,144.0,30.0,27.0,0.0,72.0,3.0,135.0,18.0,0.0
250,39,4,1840.0,2092.0,487.0,0.0,301.0,2691.0,15.665155402115225,10226.2784,10241.943555402115,2004.0,47.0,21.0,228.0,144.0,30.0,27.0,0.0,72.0,3.0,135.0,18.0,0.0
250,40,4,1844.0,2151.0,441.0,0.0,295.0,2691.0,14.29939010329308,9516.528400000007,9530.827790103298,2004.0,47.0,21.0,228.0,144.0,30.0,27.0,0.0,72.0,3.0,135.0,18.0,0.0
250,41,4,1856.0,2120.0,449.0,0.0,307.0,2691.0,137.19478462848798,11016.388799999995,11153.583584628483,2004.0,47.0,21.0,228.0,144.0,30.0,27.0,0.0,72.0,3.0,135.0,18.0,0.0
250,42,4,1885.0,2121.0,475.0,0.0,287.0,2691.0,94.96634288949423,9530.689999999997,9625.656342889491,2004.0,47.0,21.0,228.0,144.0,30.0,27.0,0.0,72.0,3.0,135.0,18.0,0.0
250,43,4,1880.0,2077.0,484.0,0.0,335.0,2691.0,56.18714118324352,9640.9768,9697.163941183244,2004.0,47.0,21.0,228.0,144.0,30.0,27.0,0.0,72.0,3.0,135.0,18.0,0.0
250,44,4,1837.0,2106.0,468.0,0.0,279.0,2691.0,97.20227679166234,9973.774399999991,10070.976676791654,2004.0,47.0,21.0,228.0,144.0,30.0,27.0,0.0,72.0,3.0,135.0,18.0,0.0
250,45,4,1844.0,2130.0,454.0,0.0,318.0,2691.0,54.23813794884089,8963.3576,9017.59573794884,2004.0,47.0,21.0,228.0,144.0,30.0,27.0,0.0,72.0,3.0,135.0,18.0,0.0
250,46,4,1859.0,2106.0,478.0,0.0,263.0,2691.0,13.064678240993375,10274.574799999993,10287.639478240988,2004.0,47.0,21.0,228.0,144.0,30.0,27.0,0.0,72.0,3.0,135.0,18.0,0.0
250,47,4,1852.0,2090.0,485.0,0.0,291.0,2691.0,55.259730067572264,9894.816799999993,9950.076530067567,2004.0,47.0,21.0,228.0,144.0,30.0,27.0,0.0,72.0,3.0,135.0,18.0,0.0
250,48,5,1865.0,2126.0,461.0,0.0,300.0,2691.0,135.77588440664488,9544.918399999995,9680.69428440664,2004.0,47.0,21.0,228.0,144.0,30.0,27.0,0.0,72.0,3.0,135.0,18.0,0.0
250,49,5,1840.0,2071.0,487.0,0.0,337.0,2691.0,56.694169740874806,10432.489999999996,10489.18416974087,2004.0,47.0,21.0,228.0,144.0,30.0,27.0,0.0,72.0,3.0,135.0,18.0,0.0
250,50,5,1829.0,2145.0,451.0,0.0,324.0,2691.0,57.88380931106779,10369.29719999999,10427.181009311058,2004.0,47.0,21.0,228.0,144.0,30.0,27.0,0.0,72.0,3.0,135.0,18.0,0.0
250,51,5,1841.0,2121.0,466.0,0.0,337.0,2691.0,95.44807984805313,9141.3128,9236.760879848054,2004.0,47.0,21.0,228.0,144.0,30.0,27.0,0.0,72.0,3.0,135.0,18.0,0.0
250,52,5,1812.0,2131.0,445.0,0.0,276.0,2691.0,55.300259535132966,9777.716400000003,9833.016659535137,2004.0,47.0,21.0,228.0,144.0,30.0,27.0,0.0,72.0,3.0,135.0,18.0,0.0
250,53,5,1855.0,2080.0,504.0,0.0,330.0,2691.0,52.86902583699492,9007.1784,9060.047425836996,2004.0,47.0,21.0,228.0,144.0,30.0,27.0,0.0,72.0,3.0,135.0,18.0,0.0
250,54,5,1854.0,2109.0,481.0,0.0,304.0,2691.0,57.77689524134259,10063.1528,10120.929695241342,2004.0,47.0,21.0,228.0,144.0,30.0,27.0,0.0,72.0,3.0,135.0,18.0,0.0
250,55,5,1870.0,2093.0,484.0,0.0,302.0,2691.0,54.8766528425677,9793.1472,9848.023852842567,2004.0,47.0,21.0,228.0,144.0,30.0,27.0,0.0,72.0,3.0,135.0,18.0,0.0
250,56,5,1887.0,2111.0,471.0,0.0,262.0,2691.0,96.97793134930548,8555.476799999999,8652.454731349304,2004.0,47.0,21.0,228.0,144.0,30.0,27.0,0.0,72.0,3.0,135.0,18.0,0.0
250,57,5,1865.0,2087.0,477.0,0.0,331.0,2691.0,55.8204426489247,9924.342400000001,9980.162842648926,2004.0,47.0,21.0,228.0,144.0,30.0,27.0,0.0,72.0,3.0,135.0,18.0,0.0
250,58,5,1843.0,2070.0,480.0,0.0,310.0,2691.0,96.75646140842363,9000.4316,9097.188061408424,2004.0,47.0,21.0,228.0,144.0,30.0,27.0,0.0,72.0,3.0,135.0,18.0,0.0
250,59,5,1840.0,2123.0,452.0,0.0,296.0,2691.0,95.72165395715913,9624.677599999995,9720.399253957154,2004.0,47.0,21.0,228.0,144.0,30.0,27.0,0.0,72.0,3.0,135.0,18.0,0.0
250,60,6,1894.0,2127.0,461.0,0.0,291.0,2691.0,57.02692942077466,11736.893599999989,11793.920529420764,2004.0,47.0,21.0,228.0,144.0,30.0,27.0,0.0,72.0,3.0,135.0,18.0,0.0
250,61,6,1862.0,2137.0,457.0,0.0,292.0,2691.0,56.29275740626857,10473.571999999996,10529.864757406263,2004.0,47.0,21.0,228.0,144.0,30.0,27.0,0.0,72.0,3.0,135.0,18.0,0.0
250,62,6,1843.0,2114.0,452.0,0.0,336.0,2691.0,95.542502393755,10380.252399999998,10475.79490239375,2004.0,47.0,21.0,228.0,144.0,30.0,27.0,0.0,72.0,3.0,135.0,18.0,0.0
250,63,6,1834.0,2072.0,527.0,0.0,282.0,2691.0,56.83573677875172,9249.127999999997,9305.963736778749,2004.0,47.0,21.0,228.0,144.0,30.0,27.0,0.0,72.0,3.0,135.0,18.0,0.0
250,64,6,1832.0,2116.0,466.0,0.0,313.0,2691.0,55.35583566708848,10744.913599999994,10800.269435667084,2004.0,47.0,21.0,228.0,144.0,30.0,27.0,0.0,72.0,3.0,135.0,18.0,0.0
250,65,6,1847.0,2119.0,471.0,0.0,301.0,2691.0,14.375650511913989,9707.309199999996,9721.684850511909,2004.0,47.0,21.0,228.0,144.0,30.0,27.0,0.0,72.0,3.0,135.0,18.0,0.0
250,66,6,1796.0,2136.0,457.0,0.0,315.0,2691.0,15.157909332395,9624.009600000001,9639.167509332396,2004.0,47.0,21.0,228.0,144.0,30.0,27.0,0.0,72.0,3.0,135.0,18.0,0.0
250,67,6,1842.0,2138.0,450.0,0.0,328.0,2691.0,56.60549858838377,10572.502800000002,10629.108298588386,2004.0,47.0,21.0,228.0,144.0,30.0,27.0,0.0,72.0,3.0,135.0,18.0,0.0
250,68,6,1858.0,2099.0,495.0,0.0,322.0,2691.0,97.03367990088316,9913.988399999993,10011.022079900877,2004.0,47.0,21.0,228.0,144.0,30.0,27.0,0.0,72.0,3.0,135.0,18.0,0.0
250,69,6,1793.0,2147.0,445.0,0.0,309.0,2691.0,54.73350705109425,10842.308,10897.041507051095,2004.0,47.0,21.0,228.0,144.0,30.0,27.0,0.0,72.0,3.0,135.0,18.0,0.0
250,70,6,1848.0,2136.0,449.0,0.0,282.0,2691.0,15.215743057413112,9680.789600000007,9696.005343057419,2004.0,47.0,21.0,228.0,144.0,30.0,27.0,0.0,72.0,3.0,135.0,18.0,0.0
250,71,6,1828.0,2102.0,486.0,0.0,277.0,2691.0,16.375618188380763,9427.48399999999,9443.85961818837,2004.0,47.0,21.0,228.0,144.0,30.0,27.0,0.0,72.0,3.0,135.0,18.0,0.0
250,72,7,1820.0,2070.0,501.0,0.0,254.0,2691.0,56.53373934097044,10432.757199999995,10489.290939340965,2004.0,47.0,21.0,228.0,144.0,30.0,27.0,0.0,72.0,3.0,135.0,18.0,0.0
250,73,7,1843.0,2111.0,472.0,0.0,340.0,2691.0,15.25469372745771,9674.443599999997,9689.698293727455,2004.0,47.0,21.0,228.0,144.0,30.0,27.0,0.0,72.0,3.0,135.0,18.0,0.0
250,74,7,1855.0,2094.0,490.0,0.0,287.0,2691.0,54.74606959414031,9657.543199999998,9712.289269594137,2004.0,47.0,21.0,228.0,144.0,30.0,27.0,0.0,72.0,3.0,135.0,18.0,0.0
250,75,7,1867.0,2082.0,499.0,0.0,323.0,2691.0,96.78862283603735,8826.284000000001,8923.072622836038,2004.0,47.0,21.0,228.0,144.0,30.0,27.0,0.0,72.0,3.0,135.0,18.0,0.0
250,76,7,1845.0,2130.0,455.0,0.0,312.0,2691.0,54.943686224990834,9290.0096,9344.95328622499,2004.0,47.0,21.0,228.0,144.0,30.0,27.0,0.0,72.0,3.0,135.0,18.0,0.0
250,77,7,1794.0,2103.0,485.0,0.0,288.0,2691.0,55.37859341409448,10109.511999999995,10164.89059341409,2004.0,47.0,21.0,228.0,144.0,30.0,27.0,0.0,72.0,3.0,135.0,18.0,0.0
250,78,7,1856.0,2139.0,444.0,0.0,317.0,2691.0,13.936623892897517,11223.735999999992,11237.67262389289,2004.0,47.0,21.0,228.0,144.0,30.0,27.0,0.0,72.0,3.0,135.0,18.0,0.0
250,79,7,1848.0,2098.0,484.0,0.0,284.0,2691.0,16.238730954798502,9617.596799999998,9633.835530954795,2004.0,47.0,21.0,228.0,144.0,30.0,27.0,0.0,72.0,3.0,135.0,18.0,0.0
250,80,7,1824.0,2129.0,469.0,0.0,299.0,2691.0,15.637129984395369,10991.806399999987,11007.443529984383,2004.0,47.0,21.0,228.0,144.0,30.0,27.0,0.0,72.0,3.0,135.0,18.0,0.0
250,81,7,1870.0,2131.0,454.0,0.0,281.0,2691.0,54.999247511134584,11203.094799999992,11258.094047511126,2004.0,47.0,21.0,228.0,144.0,30.0,27.0,0.0,72.0,3.0,135.0,18.0,0.0
250,82,7,1846.0,2122.0,461.0,0.0,261.0,2691.0,15.31315796963426,10104.234800000002,10119.547957969637,2004.0,47.0,21.0,228.0,144.0,30.0,27.0,0.0,72.0,3.0,135.0,18.0,0.0
250,83,7,1859.0,2121.0,474.0,0.0,290.0,2691.0,16.670830327160388,9664.156399999996,9680.827230327159,2004.0,47.0,21.0,228.0,144.0,30.0,27.0,0.0,72.0,3.0,135.0,18.0,0.0
250,84,8,1877.0,2118.0,464.0,0.0,305.0,2691.0,97.61163880727437,9637.369600000002,9734.981238807275,2004.0,47.0,21.0,228.0,144.0,30.0,27.0,0.0,72.0,3.0,135.0,18.0,0.0
250,85,8,1889.0,2079.0,508.0,0.0,274.0,2691.0,54.13189066554752,10490.472399999995,10544.604290665542,2004.0,47.0,21.0,228.0,144.0,30.0,27.0,0.0,72.0,3.0,135.0,18.0,0.0
250,86,8,1892.0,2075.0,499.0,0.0,306.0,2691.0,14.755872945055708,9487.871199999998,9502.627072945055,2004.0,47.0,21.0,228.0,144.0,30.0,27.0,0.0,72.0,3.0,135.0,18.0,0.0
250,87,8,1853.0,2120.0,477.0,0.0,306.0,2691.0,14.217425471941278,9429.554799999998,9443.77222547194,2004.0,47.0,21.0,228.0,144.0,30.0,27.0,0.0,72.0,3.0,135.0,18.0,0.0
250,88,8,1875.0,2150.0,455.0,0.0,254.0,2691.0,176.65354808664023,9471.238000000001,9647.891548086642,2004.0,47.0,21.0,228.0,144.0,30.0,27.0,0.0,72.0,3.0,135.0,18.0,0.0
250,89,8,1885.0,2104.0,477.0,0.0,300.0,2691.0,16.066610716280085,9356.2084,9372.27501071628,2004.0,47.0,21.0,228.0,144.0,30.0,27.0,0.0,72.0,3.0,135.0,18.0,0.0
250,90,8,1885.0,2116.0,460.0,0.0,326.0,2691.0,56.172842350517136,10169.03079999999,10225.203642350505,2004.0,47.0,21.0,228.0,144.0,30.0,27.0,0.0,72.0,3.0,135.0,18.0,0.0
250,91,8,1872.0,2084.0,490.0,0.0,297.0,2691.0,54.28515423714377,8971.574000000004,9025.859154237147,2004.0,47.0,21.0,228.0,144.0,30.0,27.0,0.0,72.0,3.0,135.0,18.0,0.0
250,92,8,1805.0,2100.0,461.0,0.0,308.0,2691.0,96.3771914484855,10986.395599999993,11082.772791448479,2004.0,47.0,21.0,228.0,144.0,30.0,27.0,0.0,72.0,3.0,135.0,18.0,0.0
250,93,8,1841.0,2097.0,481.0,0.0,321.0,2691.0,55.676184211745095,9706.8416,9762.517784211743,2004.0,47.0,21.0,228.0,144.0,30.0,27.0,0.0,72.0,3.0,135.0,18.0,0.0
250,94,8,1860.0,2097.0,468.0,0.0,292.0,2691.0,55.226785178597076,10394.079999999998,10449.306785178595,2004.0,47.0,21.0,228.0,144.0,30.0,27.0,0.0,72.0,3.0,135.0,18.0,0.0
250,95,8,1883.0,2139.0,436.0,0.0,290.0,2691.0,94.35902298302278,9169.034799999994,9263.393822983016,2004.0,47.0,21.0,228.0,144.0,30.0,27.0,0.0,72.0,3.0,135.0,18.0,0.0
250,96,9,1828.0,2127.0,469.0,0.0,305.0,2691.0,15.587187341339307,9922.138,9937.72518734134,2004.0,47.0,21.0,228.0,144.0,30.0,27.0,0.0,72.0,3.0,135.0,18.0,0.0
250,97,9,1879.0,2093.0,470.0,0.0,330.0,2691.0,55.5422225771711,11286.86199999999,11342.40422257716,2004.0,47.0,21.0,228.0,144.0,30.0,27.0,0.0,72.0,3.0,135.0,18.0,0.0
250,98,9,1860.0,2121.0,465.0,0.0,309.0,2691.0,14.003497070679245,10639.5032,10653.506697070678,2004.0,47.0,21.0,228.0,144.0,30.0,27.0,0.0,72.0,3.0,135.0,18.0,0.0
250,99,9,1848.0,2103.0,474.0,0.0,298.0,2691.0,56.0614240867297,8850.732800000002,8906.794224086732,2004.0,47.0,21.0,228.0,144.0,30.0,27.0,0.0,72.0,3.0,135.0,18.0,0.0
250,100,9,1854.0,2101.0,481.0,0.0,309.0,2691.0,14.397566992437788,10396.41799999999,10410.815566992429,2004.0,47.0,21.0,228.0,144.0,30.0,27.0,0.0,72.0,3.0,135.0,18.0,0.0
250,101,9,1869.0,2149.0,436.0,0.0,328.0,2691.0,15.285710764506874,10620.665599999993,10635.951310764502,2004.0,47.0,21.0,228.0,144.0,30.0,27.0,0.0,72.0,3.0,135.0,18.0,0.0
250,102,9,1911.0,2118.0,459.0,0.0,304.0,2691.0,56.48738468535675,9909.9804,9966.467784685356,2004.0,47.0,21.0,228.0,144.0,30.0,27.0,0.0,72.0,3.0,135.0,18.0,0.0
250,103,9,1879.0,2132.0,455.0,0.0,311.0,2691.0,15.501670417478916,10183.526399999995,10199.028070417475,2004.0,47.0,21.0,228.0,144.0,30.0,27.0,0.0,72.0,3.0,135.0,18.0,0.0
250,104,9,1803.0,2138.0,451.0,0.0,302.0,2691.0,56.94217524668223,10262.751199999995,10319.693375246678,2004.0,47.0,21.0,228.0,144.0,30.0,27.0,0.0,72.0,3.0,135.0,18.0,0.0
250,105,9,1819.0,2121.0,469.0,0.0,328.0,2691.0,14.730564242198543,8916.330399999997,8931.060964242195,2004.0,47.0,21.0,228.0,144.0,30.0,27.0,0.0,72.0,3.0,135.0,18.0,0.0
250,106,9,1860.0,2114.0,471.0,0.0,294.0,2691.0,96.62693713870371,9255.808000000003,9352.434937138707,2004.0,47.0,21.0,228.0,144.0,30.0,27.0,0.0,72.0,3.0,135.0,18.0,0.0
250,107,9,1871.0,2101.0,458.0,0.0,326.0,2691.0,97.69075326405569,9603.902799999994,9701.59355326405,2004.0,47.0,21.0,228.0,144.0,30.0,27.0,0.0,72.0,3.0,135.0,18.0,0.0
250,108,10,1823.0,2128.0,442.0,0.0,312.0,2691.0,54.82355403668987,9937.568800000001,9992.392354036689,2004.0,47.0,21.0,228.0,144.0,30.0,27.0,0.0,72.0,3.0,135.0,18.0,0.0
250,109,10,1854.0,2136.0,442.0,0.0,314.0,2691.0,57.42734144503847,9919.131999999998,9976.559341445034,2004.0,47.0,21.0,228.0,144.0,30.0,27.0,0.0,72.0,3.0,135.0,18.0,0.0
250,110,10,1828.0,2130.0,455.0,0.0,327.0,2691.0,55.92213039615961,9626.147199999998,9682.069330396158,2004.0,47.0,21.0,228.0,144.0,30.0,27.0,0.0,72.0,3.0,135.0,18.0,0.0
250,111,10,1851.0,2101.0,489.0,0.0,311.0,2691.0,15.77407928106085,9562.954400000004,9578.728479281064,2004.0,47.0,21.0,228.0,144.0,30.0,27.0,0.0,72.0,3.0,135.0,18.0,0.0
250,112,10,1818.0,2098.0,470.0,0.0,343.0,2691.0,56.9192025533447,10620.531999999997,10677.451202553342,2004.0,47.0,21.0,228.0,144.0,30.0,27.0,0.0,72.0,3.0,135.0,18.0,0.0
250,113,10,1875.0,2098.0,482.0,0.0,296.0,2691.0,14.717200689047967,9033.898400000004,9048.615600689052,2004.0,47.0,21.0,228.0,144.0,30.0,27.0,0.0,72.0,3.0,135.0,18.0,0.0
250,114,10,1861.0,2109.0,478.0,0.0,297.0,2691.0,135.34576771526605,9891.944399999997,10027.290167715262,2004.0,47.0,21.0,228.0,144.0,30.0,27.0,0.0,72.0,3.0,135.0,18.0,0.0
250,115,10,1869.0,2090.0,497.0,0.0,304.0,2691.0,15.150686396513832,8600.299599999998,8615.450286396512,2004.0,47.0,21.0,228.0,144.0,30.0,27.0,0.0,72.0,3.0,135.0,18.0,0.0
250,116,10,1880.0,2147.0,435.0,0.0,261.0,2691.0,55.785582629222965,9313.1892,9368.974782629224,2004.0,47.0,21.0,228.0,144.0,30.0,27.0,0.0,72.0,3.0,135.0,18.0,0.0
250,117,10,1827.0,2123.0,460.0,0.0,291.0,2691.0,54.570537437181734,10864.886399999994,10919.456937437175,2004.0,47.0,21.0,228.0,144.0,30.0,27.0,0.0,72.0,3.0,135.0,18.0,0.0
250,118,10,1892.0,2103.0,484.0,0.0,321.0,2691.0,55.83394384422293,9268.6336,9324.467543844221,2004.0,47.0,21.0,228.0,144.0,30.0,27.0,0.0,72.0,3.0,135.0,18.0,0.0
250,119,10,1883.0,2114.0,479.0,0.0,323.0,2691.0,15.042550810063183,9174.913200000006,9189.955750810068,2004.0,47.0,21.0,228.0,144.0,30.0,27.0,0.0,72.0,3.0,135.0,18.0,0.0
