Run,Month,year,ANC,Fac non-CS,CS,Free_referrals,Emergency transfers,Live Births Final,M_DALYs,N_DALYs,DALYs,Facility_capacity_actual,Surgical_actual_L4,Surgical_actual_L5,Nurse_actual_L4,Nurse_actual_L5,Anesthetist_actual_L4,Anesthetist_actual_L5,Doppler_Actual_L23,Doppler_Actual_L4,Doppler_Actual_L5,CTG_Actual_L23,CTG_Actual_L4,CTG_Actual_L5
201,0,1,3098.0,3025.0,631.0,0.0,730.0,5645.0,512.3438943214762,20361.575199999985,20873.91909432146,2898.0,25.0,7.0,147.0,57.0,20.0,11.0,169.0,34.0,2.0,0.0,0.0,0.0
201,1,1,3105.0,3100.0,585.0,0.0,713.0,5645.0,430.6229558713699,21694.301999999974,22124.92495587134,2898.0,25.0,7.0,147.0,57.0,20.0,11.0,169.0,34.0,2.0,0.0,0.0,0.0
201,2,1,3129.0,3062.0,596.0,0.0,746.0,5645.0,674.6904428709845,20462.37639999999,21137.066842870972,2898.0,25.0,7.0,147.0,57.0,20.0,11.0,169.0,34.0,2.0,0.0,0.0,0.0
201,3,1,3113.0,3004.0,597.0,0.0,711.0,5645.0,470.87150952557573,21078.27239999999,21549.143909525566,2898.0,25.0,7.0,147.0,57.0,20.0,11.0,169.0,34.0,2.0,0.0,0.0,0.0
201,4,1,3122.0,3026.0,614.0,0.0,736.0,5645.0,470.7621178506628,20636.791199999985,21107.553317850645,2898.0,25.0,7.0,147.0,57.0,20.0,11.0,169.0,34.0,2.0,0.0,0.0,0.0
201,5,1,3140.0,3031.0,593.0,0.0,722.0,5645.0,431.9047497657145,20796.643599999974,21228.54834976569,2898.0,25.0,7.0,147.0,57.0,20.0,11.0,169.0,34.0,2.0,0.0,0.0,0.0
201,6,1,3196.0,3097.0,613.0,0.0,721.0,5645.0,306.8173904871858,19513.14839999999,19819.96579048718,2898.0,25.0,7.0,147.0,57.0,20.0,11.0,169.0,34.0,2.0,0.0,0.0,0.0
201,7,1,3144.0,3048.0,647.0,0.0,719.0,5645.0,511.84862310615796,22580.938399999966,23092.787023106124,2898.0,25.0,7.0,147.0,57.0,20.0,11.0,169.0,34.0,2.0,0.0,0.0,0.0
201,8,1,3167.0,3090.0,596.0,0.0,762.0,5645.0,391.1557342864888,22610.864799999974,23002.020534286465,2898.0,25.0,7.0,147.0,57.0,20.0,11.0,169.0,34.0,2.0,0.0,0.0,0.0
201,9,1,3197.0,3067.0,628.0,0.0,733.0,5645.0,268.45465223661495,22508.12639999998,22776.581052236594,2898.0,25.0,7.0,147.0,57.0,20.0,11.0,169.0,34.0,2.0,0.0,0.0,0.0
201,10,1,3173.0,3128.0,613.0,0.0,727.0,5645.0,348.085760025735,21013.67679999998,21361.762560025716,2898.0,25.0,7.0,147.0,57.0,20.0,11.0,169.0,34.0,2.0,0.0,0.0,0.0
201,11,1,3128.0,3114.0,554.0,0.0,729.0,5645.0,310.45099879276256,21307.062399999973,21617.513398792737,2898.0,25.0,7.0,147.0,57.0,20.0,11.0,169.0,34.0,2.0,0.0,0.0,0.0
201,12,2,3085.0,3034.0,601.0,0.0,718.0,5645.0,349.644067831744,20868.52039999998,21218.16446783172,2898.0,25.0,7.0,147.0,57.0,20.0,11.0,169.0,34.0,2.0,0.0,0.0,0.0
201,13,2,3163.0,2975.0,654.0,0.0,715.0,5645.0,429.7202351716931,21275.399199999967,21705.119435171662,2898.0,25.0,7.0,147.0,57.0,20.0,11.0,169.0,34.0,2.0,0.0,0.0,0.0
201,14,2,3144.0,3058.0,645.0,0.0,752.0,5645.0,390.24108737141387,20826.97079999998,21217.21188737139,2898.0,25.0,7.0,147.0,57.0,20.0,11.0,169.0,34.0,2.0,0.0,0.0,0.0
201,15,2,3099.0,3021.0,627.0,0.0,754.0,5645.0,512.7419807956828,19703.52839999999,20216.27038079567,2898.0,25.0,7.0,147.0,57.0,20.0,11.0,169.0,34.0,2.0,0.0,0.0,0.0
201,16,2,3114.0,3072.0,590.0,0.0,732.0,5645.0,105.84375411052929,20584.41999999999,20690.263754110518,2898.0,25.0,7.0,147.0,57.0,20.0,11.0,169.0,34.0,2.0,0.0,0.0,0.0
201,17,2,3218.0,3104.0,594.0,0.0,707.0,5645.0,429.92393477618737,18960.845999999994,19390.76993477618,2898.0,25.0,7.0,147.0,57.0,20.0,11.0,169.0,34.0,2.0,0.0,0.0,0.0
201,18,2,3134.0,3036.0,546.0,0.0,695.0,5645.0,308.40534127707525,20554.15959999998,20862.564941277058,2898.0,25.0,7.0,147.0,57.0,20.0,11.0,169.0,34.0,2.0,0.0,0.0,0.0
201,19,2,3149.0,3059.0,615.0,0.0,735.0,5645.0,432.6663728980945,20483.151199999986,20915.81757289808,2898.0,25.0,7.0,147.0,57.0,20.0,11.0,169.0,34.0,2.0,0.0,0.0,0.0
201,20,2,3093.0,3054.0,566.0,0.0,707.0,5645.0,470.7568278503836,22421.21959999998,22891.97642785036,2898.0,25.0,7.0,147.0,57.0,20.0,11.0,169.0,34.0,2.0,0.0,0.0,0.0
201,21,2,3194.0,3042.0,605.0,0.0,710.0,5645.0,348.85031018286725,20834.51919999998,21183.36951018285,2898.0,25.0,7.0,147.0,57.0,20.0,11.0,169.0,34.0,2.0,0.0,0.0,0.0
201,22,2,3150.0,3054.0,644.0,0.0,730.0,5645.0,469.1956654934354,20612.676399999975,21081.872065493408,2898.0,25.0,7.0,147.0,57.0,20.0,11.0,169.0,34.0,2.0,0.0,0.0,0.0
201,23,2,3133.0,3094.0,578.0,0.0,717.0,5645.0,106.90957060952556,21257.697199999973,21364.6067706095,2898.0,25.0,7.0,147.0,57.0,20.0,11.0,169.0,34.0,2.0,0.0,0.0,0.0
201,24,3,3124.0,3029.0,605.0,0.0,720.0,5645.0,388.9929731016038,19647.416399999987,20036.409373101593,2898.0,25.0,7.0,147.0,57.0,20.0,11.0,169.0,34.0,2.0,0.0,0.0,0.0
201,25,3,3203.0,3007.0,649.0,0.0,736.0,5645.0,390.94860064550124,22586.48279999998,22977.431400645477,2898.0,25.0,7.0,147.0,57.0,20.0,11.0,169.0,34.0,2.0,0.0,0.0,0.0
201,26,3,3102.0,3043.0,632.0,0.0,757.0,5645.0,270.2574437566722,20587.492799999978,20857.75024375665,2898.0,25.0,7.0,147.0,57.0,20.0,11.0,169.0,34.0,2.0,0.0,0.0,0.0
201,27,3,3115.0,3053.0,581.0,0.0,769.0,5645.0,471.94688151172613,21329.640799999976,21801.5876815117,2898.0,25.0,7.0,147.0,57.0,20.0,11.0,169.0,34.0,2.0,0.0,0.0,0.0
201,28,3,3124.0,3021.0,609.0,0.0,717.0,5645.0,187.91674576656823,21330.97679999998,21518.893545766547,2898.0,25.0,7.0,147.0,57.0,20.0,11.0,169.0,34.0,2.0,0.0,0.0,0.0
201,29,3,3121.0,3072.0,616.0,0.0,756.0,5645.0,430.5539292396949,21954.95559999998,22385.509529239673,2898.0,25.0,7.0,147.0,57.0,20.0,11.0,169.0,34.0,2.0,0.0,0.0,0.0
201,30,3,3184.0,3089.0,607.0,0.0,723.0,5645.0,471.5247719197814,20191.16839999998,20662.693171919764,2898.0,25.0,7.0,147.0,57.0,20.0,11.0,169.0,34.0,2.0,0.0,0.0,0.0
201,31,3,3147.0,3065.0,588.0,0.0,744.0,5645.0,390.9868310826433,21435.919599999983,21826.906431082625,2898.0,25.0,7.0,147.0,57.0,20.0,11.0,169.0,34.0,2.0,0.0,0.0,0.0
201,32,3,3112.0,3019.0,600.0,0.0,752.0,5645.0,309.04070158997405,21492.231999999975,21801.272701589944,2898.0,25.0,7.0,147.0,57.0,20.0,11.0,169.0,34.0,2.0,0.0,0.0,0.0
201,33,3,3184.0,3067.0,599.0,0.0,712.0,5645.0,227.8682422564131,20525.83639999998,20753.70464225639,2898.0,25.0,7.0,147.0,57.0,20.0,11.0,169.0,34.0,2.0,0.0,0.0,0.0
201,34,3,3219.0,3132.0,575.0,0.0,723.0,5645.0,472.4352248096561,19658.905999999988,20131.341224809647,2898.0,25.0,7.0,147.0,57.0,20.0,11.0,169.0,34.0,2.0,0.0,0.0,0.0
201,35,3,3142.0,3041.0,625.0,0.0,729.0,5645.0,350.6661755475912,22085.683199999974,22436.34937554756,2898.0,25.0,7.0,147.0,57.0,20.0,11.0,169.0,34.0,2.0,0.0,0.0,0.0
201,36,4,3191.0,3083.0,626.0,0.0,717.0,5645.0,430.620183451526,21147.81119999999,21578.431383451516,2898.0,25.0,7.0,147.0,57.0,20.0,11.0,169.0,34.0,2.0,0.0,0.0,0.0
201,37,4,3071.0,2996.0,601.0,0.0,689.0,5645.0,229.6101742768648,21597.77599999999,21827.386174276857,2898.0,25.0,7.0,147.0,57.0,20.0,11.0,169.0,34.0,2.0,0.0,0.0,0.0
201,38,4,3079.0,3057.0,599.0,0.0,741.0,5645.0,471.4105317695248,20019.959999999985,20491.37053176951,2898.0,25.0,7.0,147.0,57.0,20.0,11.0,169.0,34.0,2.0,0.0,0.0,0.0
201,39,4,3153.0,3045.0,627.0,0.0,690.0,5645.0,187.0800119367261,20716.683999999987,20903.764011936717,2898.0,25.0,7.0,147.0,57.0,20.0,11.0,169.0,34.0,2.0,0.0,0.0,0.0
201,40,4,3110.0,3009.0,592.0,0.0,688.0,5645.0,267.94303468242003,21205.993999999977,21473.9370346824,2898.0,25.0,7.0,147.0,57.0,20.0,11.0,169.0,34.0,2.0,0.0,0.0,0.0
201,41,4,3145.0,3051.0,593.0,0.0,706.0,5645.0,308.7875404933704,19277.07719999999,19585.864740493358,2898.0,25.0,7.0,147.0,57.0,20.0,11.0,169.0,34.0,2.0,0.0,0.0,0.0
201,42,4,3105.0,3112.0,566.0,0.0,746.0,5645.0,349.7563756411428,19654.029599999994,20003.785975641138,2898.0,25.0,7.0,147.0,57.0,20.0,11.0,169.0,34.0,2.0,0.0,0.0,0.0
201,43,4,3059.0,2995.0,590.0,0.0,736.0,5645.0,308.92223491441695,20529.176399999982,20838.0986349144,2898.0,25.0,7.0,147.0,57.0,20.0,11.0,169.0,34.0,2.0,0.0,0.0,0.0
201,44,4,3072.0,2969.0,632.0,0.0,726.0,5645.0,473.75538366876276,22699.90919999997,23173.664583668735,2898.0,25.0,7.0,147.0,57.0,20.0,11.0,169.0,34.0,2.0,0.0,0.0,0.0
201,45,4,3106.0,3053.0,572.0,0.0,724.0,5645.0,229.76686127584014,21750.614399999984,21980.38126127582,2898.0,25.0,7.0,147.0,57.0,20.0,11.0,169.0,34.0,2.0,0.0,0.0,0.0
201,46,4,3136.0,3078.0,591.0,0.0,749.0,5645.0,388.9751937352893,21768.583599999984,22157.558793735272,2898.0,25.0,7.0,147.0,57.0,20.0,11.0,169.0,34.0,2.0,0.0,0.0,0.0
201,47,4,3155.0,3000.0,673.0,0.0,729.0,5645.0,350.5893378245249,20431.715199999984,20782.304537824515,2898.0,25.0,7.0,147.0,57.0,20.0,11.0,169.0,34.0,2.0,0.0,0.0,0.0
201,48,5,3153.0,3092.0,576.0,0.0,748.0,5645.0,307.4727345061792,20883.015999999974,21190.48873450615,2898.0,25.0,7.0,147.0,57.0,20.0,11.0,169.0,34.0,2.0,0.0,0.0,0.0
201,49,5,3166.0,3020.0,605.0,0.0,733.0,5645.0,266.7078438171698,22084.347199999986,22351.055043817156,2898.0,25.0,7.0,147.0,57.0,20.0,11.0,169.0,34.0,2.0,0.0,0.0,0.0
201,50,5,3074.0,3048.0,594.0,0.0,718.0,5645.0,429.981365107837,20182.283999999985,20612.26536510782,2898.0,25.0,7.0,147.0,57.0,20.0,11.0,169.0,34.0,2.0,0.0,0.0,0.0
201,51,5,3159.0,3130.0,593.0,0.0,776.0,5645.0,267.312412153456,21745.60439999999,22012.916812153442,2898.0,25.0,7.0,147.0,57.0,20.0,11.0,169.0,34.0,2.0,0.0,0.0,0.0
201,52,5,3111.0,3055.0,602.0,0.0,701.0,5645.0,472.77363564217455,20205.797599999984,20678.571235642157,2898.0,25.0,7.0,147.0,57.0,20.0,11.0,169.0,34.0,2.0,0.0,0.0,0.0
201,53,5,3115.0,3013.0,606.0,0.0,706.0,5645.0,470.76607996032226,20364.91519999999,20835.681279960307,2898.0,25.0,7.0,147.0,57.0,20.0,11.0,169.0,34.0,2.0,0.0,0.0,0.0
201,54,5,3077.0,3052.0,581.0,0.0,712.0,5645.0,310.1298722082117,21844.802399999982,22154.932272208192,2898.0,25.0,7.0,147.0,57.0,20.0,11.0,169.0,34.0,2.0,0.0,0.0,0.0
201,55,5,3078.0,3022.0,638.0,0.0,712.0,5645.0,471.7013761084859,20640.598799999974,21112.300176108463,2898.0,25.0,7.0,147.0,57.0,20.0,11.0,169.0,34.0,2.0,0.0,0.0,0.0
201,56,5,3199.0,3079.0,647.0,0.0,725.0,5645.0,511.81672604158456,21508.330799999974,22020.14752604156,2898.0,25.0,7.0,147.0,57.0,20.0,11.0,169.0,34.0,2.0,0.0,0.0,0.0
201,57,5,3185.0,3083.0,643.0,0.0,743.0,5645.0,307.8200942736005,21699.846399999977,22007.66649427358,2898.0,25.0,7.0,147.0,57.0,20.0,11.0,169.0,34.0,2.0,0.0,0.0,0.0
201,58,5,3152.0,3078.0,602.0,0.0,754.0,5645.0,755.3962853165644,20636.991599999987,21392.38788531655,2898.0,25.0,7.0,147.0,57.0,20.0,11.0,169.0,34.0,2.0,0.0,0.0,0.0
201,59,5,3202.0,3073.0,646.0,0.0,748.0,5645.0,389.3164768512081,21158.03159999998,21547.348076851187,2898.0,25.0,7.0,147.0,57.0,20.0,11.0,169.0,34.0,2.0,0.0,0.0,0.0
201,60,6,3073.0,2947.0,602.0,0.0,697.0,5645.0,350.2510394715298,19725.705999999995,20075.957039471527,2898.0,25.0,7.0,147.0,57.0,20.0,11.0,169.0,34.0,2.0,0.0,0.0,0.0
201,61,6,3152.0,3139.0,586.0,0.0,699.0,5645.0,431.6858614846541,19433.522799999977,19865.20866148463,2898.0,25.0,7.0,147.0,57.0,20.0,11.0,169.0,34.0,2.0,0.0,0.0,0.0
201,62,6,3108.0,3083.0,622.0,0.0,748.0,5645.0,430.8924596126132,20468.588799999987,20899.4812596126,2898.0,25.0,7.0,147.0,57.0,20.0,11.0,169.0,34.0,2.0,0.0,0.0,0.0
201,63,6,3155.0,3057.0,651.0,0.0,707.0,5645.0,64.89673706634834,20543.671999999988,20608.568737066333,2898.0,25.0,7.0,147.0,57.0,20.0,11.0,169.0,34.0,2.0,0.0,0.0,0.0
201,64,6,3094.0,3051.0,622.0,0.0,740.0,5645.0,674.1689516527344,20340.93399999999,21015.102951652723,2898.0,25.0,7.0,147.0,57.0,20.0,11.0,169.0,34.0,2.0,0.0,0.0,0.0
201,65,6,3145.0,3055.0,612.0,0.0,753.0,5645.0,309.59776440403556,21162.106399999975,21471.70416440401,2898.0,25.0,7.0,147.0,57.0,20.0,11.0,169.0,34.0,2.0,0.0,0.0,0.0
201,66,6,3076.0,3025.0,596.0,0.0,735.0,5645.0,594.5474720851718,21770.921599999976,22365.469072085143,2898.0,25.0,7.0,147.0,57.0,20.0,11.0,169.0,34.0,2.0,0.0,0.0,0.0
201,67,6,3173.0,3132.0,631.0,0.0,772.0,5645.0,147.95308645913227,20942.33439999998,21090.287486459114,2898.0,25.0,7.0,147.0,57.0,20.0,11.0,169.0,34.0,2.0,0.0,0.0,0.0
201,68,6,3147.0,3053.0,612.0,0.0,745.0,5645.0,309.5541120880145,21047.410799999987,21356.964912088002,2898.0,25.0,7.0,147.0,57.0,20.0,11.0,169.0,34.0,2.0,0.0,0.0,0.0
201,69,6,3128.0,3028.0,615.0,0.0,736.0,5645.0,472.34404531229524,19332.25399999998,19804.598045312272,2898.0,25.0,7.0,147.0,57.0,20.0,11.0,169.0,34.0,2.0,0.0,0.0,0.0
201,70,6,3165.0,3051.0,602.0,0.0,732.0,5645.0,513.3263306867208,21685.885199999982,22199.2115306867,2898.0,25.0,7.0,147.0,57.0,20.0,11.0,169.0,34.0,2.0,0.0,0.0,0.0
201,71,6,3107.0,3065.0,628.0,0.0,773.0,5645.0,512.6166854230249,21190.162399999976,21702.779085422997,2898.0,25.0,7.0,147.0,57.0,20.0,11.0,169.0,34.0,2.0,0.0,0.0,0.0
201,72,7,3131.0,2955.0,605.0,0.0,723.0,5645.0,430.64801995050004,20655.09439999999,21085.74241995049,2898.0,25.0,7.0,147.0,57.0,20.0,11.0,169.0,34.0,2.0,0.0,0.0,0.0
201,73,7,3170.0,3108.0,616.0,0.0,756.0,5645.0,388.9947923255713,21714.208399999985,22103.203192325556,2898.0,25.0,7.0,147.0,57.0,20.0,11.0,169.0,34.0,2.0,0.0,0.0,0.0
201,74,7,3152.0,3026.0,617.0,0.0,725.0,5645.0,267.78359775357274,19548.485599999985,19816.26919775356,2898.0,25.0,7.0,147.0,57.0,20.0,11.0,169.0,34.0,2.0,0.0,0.0,0.0
201,75,7,3119.0,3079.0,587.0,0.0,733.0,5645.0,512.2440227620018,20047.214399999983,20559.458422761985,2898.0,25.0,7.0,147.0,57.0,20.0,11.0,169.0,34.0,2.0,0.0,0.0,0.0
201,76,7,3095.0,2983.0,617.0,0.0,733.0,5645.0,351.2803969720842,19198.25319999999,19549.533596972073,2898.0,25.0,7.0,147.0,57.0,20.0,11.0,169.0,34.0,2.0,0.0,0.0,0.0
201,77,7,3104.0,3024.0,628.0,0.0,780.0,5645.0,349.1734762540897,19742.33919999999,20091.512676254082,2898.0,25.0,7.0,147.0,57.0,20.0,11.0,169.0,34.0,2.0,0.0,0.0,0.0
201,78,7,3145.0,3049.0,628.0,0.0,746.0,5645.0,389.1079474155671,20646.81119999999,21035.91914741556,2898.0,25.0,7.0,147.0,57.0,20.0,11.0,169.0,34.0,2.0,0.0,0.0,0.0
201,79,7,3176.0,3097.0,592.0,0.0,728.0,5645.0,471.2035298597978,21071.993199999975,21543.196729859774,2898.0,25.0,7.0,147.0,57.0,20.0,11.0,169.0,34.0,2.0,0.0,0.0,0.0
201,80,7,3074.0,3014.0,595.0,0.0,730.0,5645.0,348.6562487015597,22601.445999999974,22950.102248701536,2898.0,25.0,7.0,147.0,57.0,20.0,11.0,169.0,34.0,2.0,0.0,0.0,0.0
201,81,7,3138.0,3066.0,597.0,0.0,768.0,5645.0,592.7909874960362,21768.984399999972,22361.775387496007,2898.0,25.0,7.0,147.0,57.0,20.0,11.0,169.0,34.0,2.0,0.0,0.0,0.0
201,82,7,3135.0,2980.0,611.0,0.0,771.0,5645.0,432.2689568036252,21558.49759999998,21990.766556803603,2898.0,25.0,7.0,147.0,57.0,20.0,11.0,169.0,34.0,2.0,0.0,0.0,0.0
201,83,7,3139.0,3013.0,612.0,0.0,741.0,5645.0,552.7811063393591,20397.84759999998,20950.62870633934,2898.0,25.0,7.0,147.0,57.0,20.0,11.0,169.0,34.0,2.0,0.0,0.0,0.0
201,84,8,3132.0,3054.0,587.0,0.0,726.0,5645.0,267.87159024993,20779.14199999997,21047.013590249902,2898.0,25.0,7.0,147.0,57.0,20.0,11.0,169.0,34.0,2.0,0.0,0.0,0.0
201,85,8,3142.0,3106.0,569.0,0.0,723.0,5645.0,228.55658137683116,22276.19679999998,22504.75338137681,2898.0,25.0,7.0,147.0,57.0,20.0,11.0,169.0,34.0,2.0,0.0,0.0,0.0
201,86,8,3074.0,3011.0,570.0,0.0,729.0,5645.0,391.34998601823315,20821.02559999998,21212.37558601821,2898.0,25.0,7.0,147.0,57.0,20.0,11.0,169.0,34.0,2.0,0.0,0.0,0.0
201,87,8,3172.0,3050.0,629.0,0.0,729.0,5645.0,636.4234650847641,21994.835199999983,22631.258665084744,2898.0,25.0,7.0,147.0,57.0,20.0,11.0,169.0,34.0,2.0,0.0,0.0,0.0
201,88,8,3148.0,3086.0,629.0,0.0,783.0,5645.0,511.92742476900594,21548.143599999978,22060.071024768986,2898.0,25.0,7.0,147.0,57.0,20.0,11.0,169.0,34.0,2.0,0.0,0.0,0.0
201,89,8,3122.0,2962.0,656.0,0.0,717.0,5645.0,512.597540604778,20576.20359999999,21088.80114060477,2898.0,25.0,7.0,147.0,57.0,20.0,11.0,169.0,34.0,2.0,0.0,0.0,0.0
201,90,8,3085.0,3070.0,588.0,0.0,726.0,5645.0,349.3236480634307,22693.696799999983,23043.02044806341,2898.0,25.0,7.0,147.0,57.0,20.0,11.0,169.0,34.0,2.0,0.0,0.0,0.0
201,91,8,3129.0,3087.0,614.0,0.0,712.0,5645.0,471.55460154101445,20098.38319999998,20569.937801540993,2898.0,25.0,7.0,147.0,57.0,20.0,11.0,169.0,34.0,2.0,0.0,0.0,0.0
201,92,8,3128.0,3039.0,604.0,0.0,717.0,5645.0,470.44536857769333,20567.185599999986,21037.63096857768,2898.0,25.0,7.0,147.0,57.0,20.0,11.0,169.0,34.0,2.0,0.0,0.0,0.0
201,93,8,3113.0,3002.0,633.0,0.0,730.0,5645.0,389.79944505439244,21274.597599999997,21664.397045054386,2898.0,25.0,7.0,147.0,57.0,20.0,11.0,169.0,34.0,2.0,0.0,0.0,0.0
201,94,8,3169.0,3070.0,669.0,0.0,795.0,5645.0,432.22625047204065,20183.41959999999,20615.64585047203,2898.0,25.0,7.0,147.0,57.0,20.0,11.0,169.0,34.0,2.0,0.0,0.0,0.0
201,95,8,3128.0,3035.0,613.0,0.0,747.0,5645.0,594.4767115420048,19781.95159999998,20376.428311541982,2898.0,25.0,7.0,147.0,57.0,20.0,11.0,169.0,34.0,2.0,0.0,0.0,0.0
201,96,9,3173.0,3072.0,622.0,0.0,678.0,5645.0,146.84337539779446,20719.355999999992,20866.199375397784,2898.0,25.0,7.0,147.0,57.0,20.0,11.0,169.0,34.0,2.0,0.0,0.0,0.0
201,97,9,3126.0,3064.0,620.0,0.0,737.0,5645.0,472.2381454077475,20489.697599999992,20961.93574540774,2898.0,25.0,7.0,147.0,57.0,20.0,11.0,169.0,34.0,2.0,0.0,0.0,0.0
201,98,9,3172.0,3030.0,657.0,0.0,742.0,5645.0,430.35946367923117,19750.355199999973,20180.714663679202,2898.0,25.0,7.0,147.0,57.0,20.0,11.0,169.0,34.0,2.0,0.0,0.0,0.0
201,99,9,3110.0,3038.0,610.0,0.0,736.0,5645.0,469.75483100146084,21957.09319999999,22426.848031001446,2898.0,25.0,7.0,147.0,57.0,20.0,11.0,169.0,34.0,2.0,0.0,0.0,0.0
201,100,9,3141.0,3050.0,553.0,0.0,690.0,5645.0,431.35799715114996,20997.51119999999,21428.869197151136,2898.0,25.0,7.0,147.0,57.0,20.0,11.0,169.0,34.0,2.0,0.0,0.0,0.0
201,101,9,3105.0,3073.0,579.0,0.0,670.0,5645.0,390.0374524041172,21047.945199999973,21437.98265240409,2898.0,25.0,7.0,147.0,57.0,20.0,11.0,169.0,34.0,2.0,0.0,0.0,0.0
201,102,9,3139.0,3046.0,600.0,0.0,766.0,5645.0,309.500124680981,22705.45359999998,23014.953724680963,2898.0,25.0,7.0,147.0,57.0,20.0,11.0,169.0,34.0,2.0,0.0,0.0,0.0
201,103,9,3126.0,2997.0,631.0,0.0,686.0,5645.0,348.2403612955414,20562.97719999998,20911.217561295518,2898.0,25.0,7.0,147.0,57.0,20.0,11.0,169.0,34.0,2.0,0.0,0.0,0.0
201,104,9,3091.0,3041.0,633.0,0.0,772.0,5645.0,390.84278708251924,20562.24239999999,20953.085187082506,2898.0,25.0,7.0,147.0,57.0,20.0,11.0,169.0,34.0,2.0,0.0,0.0,0.0
201,105,9,3127.0,3037.0,610.0,0.0,770.0,5645.0,351.5606205429461,21435.585599999977,21787.14622054292,2898.0,25.0,7.0,147.0,57.0,20.0,11.0,169.0,34.0,2.0,0.0,0.0,0.0
201,106,9,3154.0,3031.0,593.0,0.0,701.0,5645.0,389.9762100584541,20225.169599999987,20615.14581005844,2898.0,25.0,7.0,147.0,57.0,20.0,11.0,169.0,34.0,2.0,0.0,0.0,0.0
201,107,9,3174.0,3118.0,611.0,0.0,745.0,5645.0,146.01568332790217,20527.573199999984,20673.588883327884,2898.0,25.0,7.0,147.0,57.0,20.0,11.0,169.0,34.0,2.0,0.0,0.0,0.0
201,108,10,3182.0,3051.0,605.0,0.0,735.0,5645.0,431.318570397343,21720.487599999982,22151.80617039732,2898.0,25.0,7.0,147.0,57.0,20.0,11.0,169.0,34.0,2.0,0.0,0.0,0.0
201,109,10,3093.0,3007.0,612.0,0.0,727.0,5645.0,715.475910632504,20392.169599999976,21107.64551063248,2898.0,25.0,7.0,147.0,57.0,20.0,11.0,169.0,34.0,2.0,0.0,0.0,0.0
201,110,10,3160.0,3087.0,564.0,0.0,675.0,5645.0,185.10910670276428,20286.157999999978,20471.267106702744,2898.0,25.0,7.0,147.0,57.0,20.0,11.0,169.0,34.0,2.0,0.0,0.0,0.0
201,111,10,3176.0,3065.0,615.0,0.0,716.0,5645.0,267.0510953400461,19476.675599999984,19743.72669534003,2898.0,25.0,7.0,147.0,57.0,20.0,11.0,169.0,34.0,2.0,0.0,0.0,0.0
201,112,10,3163.0,3036.0,640.0,0.0,721.0,5645.0,228.7331212543864,21861.903199999968,22090.63632125435,2898.0,25.0,7.0,147.0,57.0,20.0,11.0,169.0,34.0,2.0,0.0,0.0,0.0
201,113,10,3188.0,3096.0,600.0,0.0,683.0,5645.0,310.8230575114979,21753.88759999997,22064.710657511467,2898.0,25.0,7.0,147.0,57.0,20.0,11.0,169.0,34.0,2.0,0.0,0.0,0.0
201,114,10,3114.0,3047.0,621.0,0.0,727.0,5645.0,431.53423504810235,22181.87519999998,22613.40943504808,2898.0,25.0,7.0,147.0,57.0,20.0,11.0,169.0,34.0,2.0,0.0,0.0,0.0
201,115,10,3200.0,3107.0,618.0,0.0,753.0,5645.0,309.45275077709016,22581.272399999976,22890.725150777067,2898.0,25.0,7.0,147.0,57.0,20.0,11.0,169.0,34.0,2.0,0.0,0.0,0.0
201,116,10,3182.0,3157.0,610.0,0.0,734.0,5645.0,267.60565625672973,20814.479199999976,21082.084856256704,2898.0,25.0,7.0,147.0,57.0,20.0,11.0,169.0,34.0,2.0,0.0,0.0,0.0
201,117,10,3173.0,3025.0,636.0,0.0,697.0,5645.0,513.4620673824667,21563.37399999998,22076.836067382446,2898.0,25.0,7.0,147.0,57.0,20.0,11.0,169.0,34.0,2.0,0.0,0.0,0.0
201,118,10,3079.0,3021.0,615.0,0.0,750.0,5645.0,310.17572444846604,21264.17679999999,21574.352524448455,2898.0,25.0,7.0,147.0,57.0,20.0,11.0,169.0,34.0,2.0,0.0,0.0,0.0
201,119,10,3134.0,3035.0,616.0,0.0,753.0,5645.0,268.1306741293273,19614.95159999999,19883.082274129316,2898.0,25.0,7.0,147.0,57.0,20.0,11.0,169.0,34.0,2.0,0.0,0.0,0.0
202,0,1,3019.0,3013.0,609.0,0.0,761.0,5645.0,640.709859261246,24197.965999999964,24838.675859261213,2898.0,25.0,7.0,147.0,57.0,20.0,11.0,169.0,34.0,2.0,0.0,0.0,0.0
202,1,1,3031.0,2984.0,614.0,0.0,791.0,5645.0,601.3194345376389,24350.737599999968,24952.05703453761,2898.0,25.0,7.0,147.0,57.0,20.0,11.0,169.0,34.0,2.0,0.0,0.0,0.0
202,2,1,3037.0,2963.0,591.0,0.0,742.0,5645.0,558.9411067527292,24157.35159999998,24716.292706752713,2898.0,25.0,7.0,147.0,57.0,20.0,11.0,169.0,34.0,2.0,0.0,0.0,0.0
202,3,1,3028.0,2958.0,622.0,0.0,789.0,5645.0,518.1361620130007,23408.389999999963,23926.526162012968,2898.0,25.0,7.0,147.0,57.0,20.0,11.0,169.0,34.0,2.0,0.0,0.0,0.0
202,4,1,3068.0,2978.0,599.0,0.0,726.0,5645.0,601.5680890124073,24138.580799999967,24740.148889012376,2898.0,25.0,7.0,147.0,57.0,20.0,11.0,169.0,34.0,2.0,0.0,0.0,0.0
202,5,1,3083.0,3001.0,618.0,0.0,765.0,5645.0,438.1673740234199,23398.971199999974,23837.138574023396,2898.0,25.0,7.0,147.0,57.0,20.0,11.0,169.0,34.0,2.0,0.0,0.0,0.0
202,6,1,3043.0,2923.0,709.0,0.0,821.0,5645.0,397.16870880905816,23830.69959999996,24227.868308809022,2898.0,25.0,7.0,147.0,57.0,20.0,11.0,169.0,34.0,2.0,0.0,0.0,0.0
202,7,1,3074.0,3008.0,610.0,0.0,791.0,5645.0,476.8562298545689,23998.100399999967,24474.956629854536,2898.0,25.0,7.0,147.0,57.0,20.0,11.0,169.0,34.0,2.0,0.0,0.0,0.0
202,8,1,3115.0,2996.0,647.0,0.0,801.0,5645.0,519.3365941999696,24117.538799999973,24636.875394199942,2898.0,25.0,7.0,147.0,57.0,20.0,11.0,169.0,34.0,2.0,0.0,0.0,0.0
202,9,1,3063.0,3029.0,634.0,0.0,795.0,5645.0,517.9046059305218,24447.19679999998,24965.1014059305,2898.0,25.0,7.0,147.0,57.0,20.0,11.0,169.0,34.0,2.0,0.0,0.0,0.0
202,10,1,3027.0,3031.0,570.0,0.0,776.0,5645.0,438.6934972220909,22858.82639999997,23297.51989722206,2898.0,25.0,7.0,147.0,57.0,20.0,11.0,169.0,34.0,2.0,0.0,0.0,0.0
202,11,1,2985.0,2949.0,624.0,0.0,767.0,5645.0,479.48369841134564,23335.043599999968,23814.527298411318,2898.0,25.0,7.0,147.0,57.0,20.0,11.0,169.0,34.0,2.0,0.0,0.0,0.0
202,12,2,3071.0,2884.0,673.0,0.0,759.0,5645.0,355.31021554027654,24337.64479999996,24692.955015540236,2898.0,25.0,7.0,147.0,57.0,20.0,11.0,169.0,34.0,2.0,0.0,0.0,0.0
202,13,2,3055.0,2972.0,670.0,0.0,810.0,5645.0,479.55838201799247,23594.027199999968,24073.585582017964,2898.0,25.0,7.0,147.0,57.0,20.0,11.0,169.0,34.0,2.0,0.0,0.0,0.0
202,14,2,3004.0,2938.0,633.0,0.0,805.0,5645.0,723.9878104870417,23259.82679999998,23983.81461048702,2898.0,25.0,7.0,147.0,57.0,20.0,11.0,169.0,34.0,2.0,0.0,0.0,0.0
202,15,2,3025.0,2990.0,613.0,0.0,780.0,5645.0,196.27928761848662,23061.163599999985,23257.442887618472,2898.0,25.0,7.0,147.0,57.0,20.0,11.0,169.0,34.0,2.0,0.0,0.0,0.0
202,16,2,3131.0,3010.0,626.0,0.0,759.0,5645.0,640.6778955457783,21719.552399999986,22360.23029554576,2898.0,25.0,7.0,147.0,57.0,20.0,11.0,169.0,34.0,2.0,0.0,0.0,0.0
202,17,2,3042.0,2936.0,578.0,0.0,747.0,5645.0,520.8831140863537,24177.525199999975,24698.408314086326,2898.0,25.0,7.0,147.0,57.0,20.0,11.0,169.0,34.0,2.0,0.0,0.0,0.0
202,18,2,3072.0,3033.0,589.0,0.0,773.0,5645.0,438.40188493496373,22320.819199999984,22759.221084934947,2898.0,25.0,7.0,147.0,57.0,20.0,11.0,169.0,34.0,2.0,0.0,0.0,0.0
202,19,2,3004.0,2976.0,581.0,0.0,742.0,5645.0,398.74228750250205,24886.139599999973,25284.881887502474,2898.0,25.0,7.0,147.0,57.0,20.0,11.0,169.0,34.0,2.0,0.0,0.0,0.0
202,20,2,3100.0,2964.0,623.0,0.0,755.0,5645.0,599.6350864552825,23434.17479999998,24033.80988645526,2898.0,25.0,7.0,147.0,57.0,20.0,11.0,169.0,34.0,2.0,0.0,0.0,0.0
202,21,2,3063.0,3016.0,622.0,0.0,747.0,5645.0,640.2146561817132,22984.87799999998,23625.092656181692,2898.0,25.0,7.0,147.0,57.0,20.0,11.0,169.0,34.0,2.0,0.0,0.0,0.0
202,22,2,3030.0,3000.0,595.0,0.0,784.0,5645.0,276.18421023160465,23814.33359999997,24090.517810231573,2898.0,25.0,7.0,147.0,57.0,20.0,11.0,169.0,34.0,2.0,0.0,0.0,0.0
202,23,2,3022.0,2946.0,614.0,0.0,776.0,5645.0,721.4095888106931,22118.41519999997,22839.824788810667,2898.0,25.0,7.0,147.0,57.0,20.0,11.0,169.0,34.0,2.0,0.0,0.0,0.0
202,24,3,3107.0,2934.0,662.0,0.0,778.0,5645.0,479.4847868531631,25234.100799999964,25713.585586853133,2898.0,25.0,7.0,147.0,57.0,20.0,11.0,169.0,34.0,2.0,0.0,0.0,0.0
202,25,3,3010.0,2979.0,637.0,0.0,780.0,5645.0,237.08311435994202,23776.257599999968,24013.34071435991,2898.0,25.0,7.0,147.0,57.0,20.0,11.0,169.0,34.0,2.0,0.0,0.0,0.0
202,26,3,3013.0,2975.0,597.0,0.0,813.0,5645.0,682.4437601580618,23820.345599999975,24502.789360158033,2898.0,25.0,7.0,147.0,57.0,20.0,11.0,169.0,34.0,2.0,0.0,0.0,0.0
202,27,3,3030.0,2945.0,629.0,0.0,782.0,5645.0,358.25531428398443,24270.243599999965,24628.49891428395,2898.0,25.0,7.0,147.0,57.0,20.0,11.0,169.0,34.0,2.0,0.0,0.0,0.0
202,28,3,3029.0,3001.0,632.0,0.0,768.0,5645.0,641.6281687048197,25254.80879999997,25896.43696870479,2898.0,25.0,7.0,147.0,57.0,20.0,11.0,169.0,34.0,2.0,0.0,0.0,0.0
202,29,3,3089.0,2998.0,625.0,0.0,769.0,5645.0,480.19399827630514,23589.351199999976,24069.545198276282,2898.0,25.0,7.0,147.0,57.0,20.0,11.0,169.0,34.0,2.0,0.0,0.0,0.0
202,30,3,3058.0,2990.0,597.0,0.0,781.0,5645.0,481.1528037083955,24245.794799999974,24726.947603708373,2898.0,25.0,7.0,147.0,57.0,20.0,11.0,169.0,34.0,2.0,0.0,0.0,0.0
202,31,3,3035.0,2978.0,594.0,0.0,790.0,5645.0,479.3911716407801,24950.26759999997,25429.65877164075,2898.0,25.0,7.0,147.0,57.0,20.0,11.0,169.0,34.0,2.0,0.0,0.0,0.0
202,32,3,3106.0,2983.0,630.0,0.0,753.0,5645.0,479.50576370821165,22997.569999999963,23477.075763708173,2898.0,25.0,7.0,147.0,57.0,20.0,11.0,169.0,34.0,2.0,0.0,0.0,0.0
202,33,3,3130.0,3060.0,592.0,0.0,795.0,5645.0,439.63227742407463,22151.080399999977,22590.712677424053,2898.0,25.0,7.0,147.0,57.0,20.0,11.0,169.0,34.0,2.0,0.0,0.0,0.0
202,34,3,3043.0,2955.0,654.0,0.0,787.0,5645.0,439.36475075239554,24674.784399999964,25114.14915075236,2898.0,25.0,7.0,147.0,57.0,20.0,11.0,169.0,34.0,2.0,0.0,0.0,0.0
202,35,3,3093.0,3013.0,628.0,0.0,760.0,5645.0,520.487664161948,24901.102799999975,25421.59046416192,2898.0,25.0,7.0,147.0,57.0,20.0,11.0,169.0,34.0,2.0,0.0,0.0,0.0
202,36,4,2988.0,2899.0,636.0,0.0,739.0,5645.0,358.7216539983799,24693.020799999984,25051.742453998362,2898.0,25.0,7.0,147.0,57.0,20.0,11.0,169.0,34.0,2.0,0.0,0.0,0.0
202,37,4,2997.0,2975.0,630.0,0.0,810.0,5645.0,479.196355506764,22802.58079999998,23281.777155506745,2898.0,25.0,7.0,147.0,57.0,20.0,11.0,169.0,34.0,2.0,0.0,0.0,0.0
202,38,4,3054.0,2952.0,647.0,0.0,734.0,5645.0,315.84468507264216,23977.793199999982,24293.637885072625,2898.0,25.0,7.0,147.0,57.0,20.0,11.0,169.0,34.0,2.0,0.0,0.0,0.0
202,39,4,3029.0,2939.0,615.0,0.0,726.0,5645.0,316.61125965335145,24285.540799999973,24602.152059653326,2898.0,25.0,7.0,147.0,57.0,20.0,11.0,169.0,34.0,2.0,0.0,0.0,0.0
202,40,4,3054.0,2943.0,652.0,0.0,769.0,5645.0,642.1925829502817,23443.393199999966,24085.58578295025,2898.0,25.0,7.0,147.0,57.0,20.0,11.0,169.0,34.0,2.0,0.0,0.0,0.0
202,41,4,3010.0,3012.0,598.0,0.0,799.0,5645.0,559.7557132833603,23257.822799999984,23817.578513283344,2898.0,25.0,7.0,147.0,57.0,20.0,11.0,169.0,34.0,2.0,0.0,0.0,0.0
202,42,4,2967.0,2903.0,617.0,0.0,786.0,5645.0,519.0036196174073,24662.82719999997,25181.83081961738,2898.0,25.0,7.0,147.0,57.0,20.0,11.0,169.0,34.0,2.0,0.0,0.0,0.0
202,43,4,2980.0,2906.0,634.0,0.0,763.0,5645.0,438.24684500463786,23826.424399999967,24264.67124500461,2898.0,25.0,7.0,147.0,57.0,20.0,11.0,169.0,34.0,2.0,0.0,0.0,0.0
202,44,4,3024.0,2980.0,589.0,0.0,722.0,5645.0,277.2014233293372,24741.717999999968,25018.919423329302,2898.0,25.0,7.0,147.0,57.0,20.0,11.0,169.0,34.0,2.0,0.0,0.0,0.0
202,45,4,3061.0,2996.0,626.0,0.0,778.0,5645.0,520.2269531871214,23650.005599999968,24170.23255318709,2898.0,25.0,7.0,147.0,57.0,20.0,11.0,169.0,34.0,2.0,0.0,0.0,0.0
202,46,4,3065.0,2932.0,682.0,0.0,775.0,5645.0,438.8337162471163,24048.333999999963,24487.16771624708,2898.0,25.0,7.0,147.0,57.0,20.0,11.0,169.0,34.0,2.0,0.0,0.0,0.0
202,47,4,3073.0,3000.0,614.0,0.0,806.0,5645.0,478.70054465068455,24620.409199999973,25099.109744650657,2898.0,25.0,7.0,147.0,57.0,20.0,11.0,169.0,34.0,2.0,0.0,0.0,0.0
202,48,5,3069.0,2952.0,614.0,0.0,766.0,5645.0,355.1324103385527,24577.657199999972,24932.789610338525,2898.0,25.0,7.0,147.0,57.0,20.0,11.0,169.0,34.0,2.0,0.0,0.0,0.0
202,49,5,2984.0,2990.0,596.0,0.0,777.0,5645.0,315.6974015427945,22839.187199999982,23154.884601542777,2898.0,25.0,7.0,147.0,57.0,20.0,11.0,169.0,34.0,2.0,0.0,0.0,0.0
202,50,5,3061.0,3029.0,626.0,0.0,813.0,5645.0,396.9031700846452,23876.791599999986,24273.69477008463,2898.0,25.0,7.0,147.0,57.0,20.0,11.0,169.0,34.0,2.0,0.0,0.0,0.0
202,51,5,3011.0,2966.0,627.0,0.0,762.0,5645.0,682.3776134905636,23288.283599999977,23970.66121349054,2898.0,25.0,7.0,147.0,57.0,20.0,11.0,169.0,34.0,2.0,0.0,0.0,0.0
202,52,5,3013.0,2939.0,616.0,0.0,745.0,5645.0,640.9566083922898,22448.006399999984,23088.96300839228,2898.0,25.0,7.0,147.0,57.0,20.0,11.0,169.0,34.0,2.0,0.0,0.0,0.0
202,53,5,3005.0,2973.0,613.0,0.0,778.0,5645.0,641.9909326875696,23419.612399999973,24061.603332687544,2898.0,25.0,7.0,147.0,57.0,20.0,11.0,169.0,34.0,2.0,0.0,0.0,0.0
202,54,5,2995.0,2935.0,664.0,0.0,767.0,5645.0,478.7848975215306,23529.56519999998,24008.350097521507,2898.0,25.0,7.0,147.0,57.0,20.0,11.0,169.0,34.0,2.0,0.0,0.0,0.0
202,55,5,3103.0,2992.0,677.0,0.0,788.0,5645.0,476.9280754970952,24235.24039999997,24712.168475497067,2898.0,25.0,7.0,147.0,57.0,20.0,11.0,169.0,34.0,2.0,0.0,0.0,0.0
202,56,5,3094.0,3016.0,653.0,0.0,791.0,5645.0,477.79647555051537,25128.623599999955,25606.42007555047,2898.0,25.0,7.0,147.0,57.0,20.0,11.0,169.0,34.0,2.0,0.0,0.0,0.0
202,57,5,3067.0,3061.0,558.0,0.0,731.0,5645.0,681.65303935834,24256.74999999997,24938.40303935831,2898.0,25.0,7.0,147.0,57.0,20.0,11.0,169.0,34.0,2.0,0.0,0.0,0.0
202,58,5,3105.0,2963.0,691.0,0.0,832.0,5645.0,762.1700561279586,24360.223199999968,25122.393256127925,2898.0,25.0,7.0,147.0,57.0,20.0,11.0,169.0,34.0,2.0,0.0,0.0,0.0
202,59,5,2993.0,2855.0,640.0,0.0,747.0,5645.0,763.2817057287725,24741.183599999975,25504.465305728747,2898.0,25.0,7.0,147.0,57.0,20.0,11.0,169.0,34.0,2.0,0.0,0.0,0.0
202,60,6,3055.0,3053.0,602.0,0.0,737.0,5645.0,480.2625710018246,23098.037199999973,23578.2997710018,2898.0,25.0,7.0,147.0,57.0,20.0,11.0,169.0,34.0,2.0,0.0,0.0,0.0
202,61,6,3017.0,3026.0,621.0,0.0,789.0,5645.0,316.8733180904671,22150.545999999984,22467.41931809045,2898.0,25.0,7.0,147.0,57.0,20.0,11.0,169.0,34.0,2.0,0.0,0.0,0.0
202,62,6,3071.0,3016.0,627.0,0.0,744.0,5645.0,520.2863848441373,22384.81359999998,22905.099984844117,2898.0,25.0,7.0,147.0,57.0,20.0,11.0,169.0,34.0,2.0,0.0,0.0,0.0
202,63,6,3019.0,2981.0,636.0,0.0,802.0,5645.0,722.6866520598949,23890.017999999975,24612.70465205987,2898.0,25.0,7.0,147.0,57.0,20.0,11.0,169.0,34.0,2.0,0.0,0.0,0.0
202,64,6,3043.0,2950.0,647.0,0.0,820.0,5645.0,603.025929581938,23594.962399999968,24197.98832958191,2898.0,25.0,7.0,147.0,57.0,20.0,11.0,169.0,34.0,2.0,0.0,0.0,0.0
202,65,6,2983.0,2944.0,623.0,0.0,765.0,5645.0,842.9166883752436,24069.977199999972,24912.893888375216,2898.0,25.0,7.0,147.0,57.0,20.0,11.0,169.0,34.0,2.0,0.0,0.0,0.0
202,66,6,3079.0,3050.0,643.0,0.0,806.0,5645.0,397.69586570831,23701.508399999984,24099.20426570829,2898.0,25.0,7.0,147.0,57.0,20.0,11.0,169.0,34.0,2.0,0.0,0.0,0.0
202,67,6,3054.0,2977.0,628.0,0.0,774.0,5645.0,478.55532349057773,23618.27559999998,24096.830923490557,2898.0,25.0,7.0,147.0,57.0,20.0,11.0,169.0,34.0,2.0,0.0,0.0,0.0
202,68,6,3036.0,2960.0,622.0,0.0,782.0,5645.0,479.3880557863272,21131.77919999998,21611.167255786306,2898.0,25.0,7.0,147.0,57.0,20.0,11.0,169.0,34.0,2.0,0.0,0.0,0.0
202,69,6,3062.0,2983.0,611.0,0.0,767.0,5645.0,559.5826656806396,24519.808399999965,25079.391065680607,2898.0,25.0,7.0,147.0,57.0,20.0,11.0,169.0,34.0,2.0,0.0,0.0,0.0
202,70,6,3016.0,3006.0,628.0,0.0,809.0,5645.0,723.9345068809381,24201.70679999997,24925.641306880912,2898.0,25.0,7.0,147.0,57.0,20.0,11.0,169.0,34.0,2.0,0.0,0.0,0.0
202,71,6,3052.0,2896.0,611.0,0.0,736.0,5645.0,478.27868313556263,22050.746799999983,22529.025483135545,2898.0,25.0,7.0,147.0,57.0,20.0,11.0,169.0,34.0,2.0,0.0,0.0,0.0
202,72,7,3077.0,3031.0,636.0,0.0,818.0,5645.0,395.74615662437594,24768.705199999975,25164.451356624348,2898.0,25.0,7.0,147.0,57.0,20.0,11.0,169.0,34.0,2.0,0.0,0.0,0.0
202,73,7,3061.0,2955.0,620.0,0.0,753.0,5645.0,557.8211608716152,22684.01079999998,23241.831960871594,2898.0,25.0,7.0,147.0,57.0,20.0,11.0,169.0,34.0,2.0,0.0,0.0,0.0
202,74,7,3033.0,3014.0,608.0,0.0,773.0,5645.0,640.4363907986633,22825.225999999962,23465.662390798625,2898.0,25.0,7.0,147.0,57.0,20.0,11.0,169.0,34.0,2.0,0.0,0.0,0.0
202,75,7,3016.0,2918.0,622.0,0.0,773.0,5645.0,397.40946266545143,23045.532399999982,23442.94186266543,2898.0,25.0,7.0,147.0,57.0,20.0,11.0,169.0,34.0,2.0,0.0,0.0,0.0
202,76,7,3009.0,2968.0,613.0,0.0,776.0,5645.0,478.1248700227227,23166.507199999982,23644.632070022704,2898.0,25.0,7.0,147.0,57.0,20.0,11.0,169.0,34.0,2.0,0.0,0.0,0.0
202,77,7,3036.0,2941.0,660.0,0.0,797.0,5645.0,640.6474081164525,23591.62239999997,24232.269808116427,2898.0,25.0,7.0,147.0,57.0,20.0,11.0,169.0,34.0,2.0,0.0,0.0,0.0
202,78,7,3064.0,3008.0,612.0,0.0,776.0,5645.0,682.55822285892,23814.40039999997,24496.95862285889,2898.0,25.0,7.0,147.0,57.0,20.0,11.0,169.0,34.0,2.0,0.0,0.0,0.0
202,79,7,2984.0,2953.0,603.0,0.0,785.0,5645.0,520.350521313934,22487.28479999998,23007.635321313912,2898.0,25.0,7.0,147.0,57.0,20.0,11.0,169.0,34.0,2.0,0.0,0.0,0.0
202,80,7,3048.0,2995.0,612.0,0.0,798.0,5645.0,844.0071490958788,24027.692799999968,24871.699949095848,2898.0,25.0,7.0,147.0,57.0,20.0,11.0,169.0,34.0,2.0,0.0,0.0,0.0
202,81,7,3055.0,2916.0,629.0,0.0,815.0,5645.0,681.7305456155552,24509.988799999963,25191.719345615522,2898.0,25.0,7.0,147.0,57.0,20.0,11.0,169.0,34.0,2.0,0.0,0.0,0.0
202,82,7,3056.0,2935.0,636.0,0.0,744.0,5645.0,682.8960603512547,24256.749999999975,24939.646060351228,2898.0,25.0,7.0,147.0,57.0,20.0,11.0,169.0,34.0,2.0,0.0,0.0,0.0
202,83,7,3042.0,2991.0,593.0,0.0,766.0,5645.0,476.08334143958194,24821.27679999996,25297.360141439545,2898.0,25.0,7.0,147.0,57.0,20.0,11.0,169.0,34.0,2.0,0.0,0.0,0.0
202,84,8,3063.0,3028.0,595.0,0.0,791.0,5645.0,439.4961707730996,24826.82119999997,25266.31737077307,2898.0,25.0,7.0,147.0,57.0,20.0,11.0,169.0,34.0,2.0,0.0,0.0,0.0
202,85,8,2985.0,2933.0,585.0,0.0,768.0,5645.0,521.1256028143716,23947.866799999974,24468.992402814347,2898.0,25.0,7.0,147.0,57.0,20.0,11.0,169.0,34.0,2.0,0.0,0.0,0.0
202,86,8,3097.0,2975.0,648.0,0.0,771.0,5645.0,644.7558061997903,24798.16399999997,25442.919806199767,2898.0,25.0,7.0,147.0,57.0,20.0,11.0,169.0,34.0,2.0,0.0,0.0,0.0
202,87,8,3058.0,3021.0,637.0,0.0,829.0,5645.0,682.1709639979392,23819.87799999998,24502.048963997917,2898.0,25.0,7.0,147.0,57.0,20.0,11.0,169.0,34.0,2.0,0.0,0.0,0.0
202,88,8,3043.0,2905.0,655.0,0.0,728.0,5645.0,724.090363830489,23408.92439999998,24133.01476383047,2898.0,25.0,7.0,147.0,57.0,20.0,11.0,169.0,34.0,2.0,0.0,0.0,0.0
202,89,8,2980.0,2973.0,606.0,0.0,763.0,5645.0,479.1804036868051,25632.16199999998,26111.34240368678,2898.0,25.0,7.0,147.0,57.0,20.0,11.0,169.0,34.0,2.0,0.0,0.0,0.0
202,90,8,3052.0,3008.0,639.0,0.0,766.0,5645.0,682.7651171770276,23214.53639999997,23897.301517177,2898.0,25.0,7.0,147.0,57.0,20.0,11.0,169.0,34.0,2.0,0.0,0.0,0.0
202,91,8,3046.0,2953.0,632.0,0.0,723.0,5645.0,273.96099790474227,22663.503199999977,22937.464197904723,2898.0,25.0,7.0,147.0,57.0,20.0,11.0,169.0,34.0,2.0,0.0,0.0,0.0
202,92,8,3038.0,2936.0,651.0,0.0,780.0,5645.0,518.4147292550927,24790.548799999982,25308.963529255074,2898.0,25.0,7.0,147.0,57.0,20.0,11.0,169.0,34.0,2.0,0.0,0.0,0.0
202,93,8,3084.0,3019.0,655.0,0.0,829.0,5645.0,641.3137153284318,24733.301199999976,25374.61491532841,2898.0,25.0,7.0,147.0,57.0,20.0,11.0,169.0,34.0,2.0,0.0,0.0,0.0
202,94,8,3037.0,2959.0,622.0,0.0,774.0,5645.0,844.7450957026842,22067.11279999998,22911.857895702662,2898.0,25.0,7.0,147.0,57.0,20.0,11.0,169.0,34.0,2.0,0.0,0.0,0.0
202,95,8,3068.0,2951.0,665.0,0.0,758.0,5645.0,237.05074144106695,24783.26759999997,25020.318341441038,2898.0,25.0,7.0,147.0,57.0,20.0,11.0,169.0,34.0,2.0,0.0,0.0,0.0
202,96,9,3038.0,2979.0,641.0,0.0,775.0,5645.0,520.0554602089884,23248.470799999977,23768.526260208968,2898.0,25.0,7.0,147.0,57.0,20.0,11.0,169.0,34.0,2.0,0.0,0.0,0.0
202,97,9,3086.0,2989.0,639.0,0.0,769.0,5645.0,639.7949494977025,22699.84239999997,23339.637349497672,2898.0,25.0,7.0,147.0,57.0,20.0,11.0,169.0,34.0,2.0,0.0,0.0,0.0
202,98,9,3016.0,2958.0,630.0,0.0,750.0,5645.0,764.250414369681,24753.942399999974,25518.192814369657,2898.0,25.0,7.0,147.0,57.0,20.0,11.0,169.0,34.0,2.0,0.0,0.0,0.0
202,99,9,3059.0,2972.0,574.0,0.0,740.0,5645.0,643.0175564217391,24016.40359999998,24659.42115642172,2898.0,25.0,7.0,147.0,57.0,20.0,11.0,169.0,34.0,2.0,0.0,0.0,0.0
202,100,9,3012.0,2990.0,609.0,0.0,748.0,5645.0,722.8887385082035,22716.475599999965,23439.364338508167,2898.0,25.0,7.0,147.0,57.0,20.0,11.0,169.0,34.0,2.0,0.0,0.0,0.0
202,101,9,3051.0,2974.0,621.0,0.0,824.0,5645.0,478.71536450453453,24986.807199999974,25465.522564504507,2898.0,25.0,7.0,147.0,57.0,20.0,11.0,169.0,34.0,2.0,0.0,0.0,0.0
202,102,9,3029.0,2926.0,644.0,0.0,741.0,5645.0,599.4888797225132,24496.628799999977,25096.117679722494,2898.0,25.0,7.0,147.0,57.0,20.0,11.0,169.0,34.0,2.0,0.0,0.0,0.0
202,103,9,3003.0,2939.0,671.0,0.0,835.0,5645.0,641.8074412083919,23472.918799999974,24114.726241208366,2898.0,25.0,7.0,147.0,57.0,20.0,11.0,169.0,34.0,2.0,0.0,0.0,0.0
202,104,9,3038.0,2957.0,631.0,0.0,801.0,5645.0,358.65628134039434,23527.494399999974,23886.15068134037,2898.0,25.0,7.0,147.0,57.0,20.0,11.0,169.0,34.0,2.0,0.0,0.0,0.0
202,105,9,3072.0,2968.0,605.0,0.0,773.0,5645.0,356.3476324583696,24013.865199999982,24370.212832458354,2898.0,25.0,7.0,147.0,57.0,20.0,11.0,169.0,34.0,2.0,0.0,0.0,0.0
202,106,9,3082.0,3039.0,627.0,0.0,807.0,5645.0,152.61778031014632,22878.999999999978,23031.617780310124,2898.0,25.0,7.0,147.0,57.0,20.0,11.0,169.0,34.0,2.0,0.0,0.0,0.0
202,107,9,3089.0,2957.0,634.0,0.0,802.0,5645.0,519.4234992777069,24817.068399999967,25336.491899277673,2898.0,25.0,7.0,147.0,57.0,20.0,11.0,169.0,34.0,2.0,0.0,0.0,0.0
202,108,10,2998.0,2913.0,630.0,0.0,761.0,5645.0,803.2982829105672,23102.178799999972,23905.47708291054,2898.0,25.0,7.0,147.0,57.0,20.0,11.0,169.0,34.0,2.0,0.0,0.0,0.0
202,109,10,3075.0,3006.0,588.0,0.0,723.0,5645.0,273.6086921751885,22957.690399999978,23231.299092175163,2898.0,25.0,7.0,147.0,57.0,20.0,11.0,169.0,34.0,2.0,0.0,0.0,0.0
202,110,10,3073.0,2987.0,628.0,0.0,776.0,5645.0,437.19349042478046,21560.100799999975,21997.294290424754,2898.0,25.0,7.0,147.0,57.0,20.0,11.0,169.0,34.0,2.0,0.0,0.0,0.0
202,111,10,3073.0,2956.0,659.0,0.0,792.0,5645.0,358.59737267292934,24797.495999999956,25156.093372672884,2898.0,25.0,7.0,147.0,57.0,20.0,11.0,169.0,34.0,2.0,0.0,0.0,0.0
202,112,10,3117.0,3032.0,613.0,0.0,715.0,5645.0,640.3796844974819,24837.84319999997,25478.222884497456,2898.0,25.0,7.0,147.0,57.0,20.0,11.0,169.0,34.0,2.0,0.0,0.0,0.0
202,113,10,3019.0,2963.0,643.0,0.0,788.0,5645.0,641.9814597416421,23755.482799999972,24397.464259741617,2898.0,25.0,7.0,147.0,57.0,20.0,11.0,169.0,34.0,2.0,0.0,0.0,0.0
202,114,10,3119.0,3017.0,653.0,0.0,814.0,5645.0,721.3884894267842,25611.119999999974,26332.508489426757,2898.0,25.0,7.0,147.0,57.0,20.0,11.0,169.0,34.0,2.0,0.0,0.0,0.0
202,115,10,3098.0,3056.0,663.0,0.0,810.0,5645.0,640.9875246019512,23656.284799999983,24297.272324601934,2898.0,25.0,7.0,147.0,57.0,20.0,11.0,169.0,34.0,2.0,0.0,0.0,0.0
202,116,10,3075.0,2961.0,650.0,0.0,754.0,5645.0,764.0012727824981,24184.071599999974,24948.07287278247,2898.0,25.0,7.0,147.0,57.0,20.0,11.0,169.0,34.0,2.0,0.0,0.0,0.0
202,117,10,2987.0,2945.0,627.0,0.0,794.0,5645.0,438.1783513695286,22816.80919999999,23254.987551369515,2898.0,25.0,7.0,147.0,57.0,20.0,11.0,169.0,34.0,2.0,0.0,0.0,0.0
202,118,10,3031.0,2964.0,624.0,0.0,804.0,5645.0,316.04444630967953,23236.847599999976,23552.892046309655,2898.0,25.0,7.0,147.0,57.0,20.0,11.0,169.0,34.0,2.0,0.0,0.0,0.0
202,119,10,3065.0,2953.0,624.0,0.0,812.0,5645.0,766.0816551025133,22425.828799999974,23191.91045510249,2898.0,25.0,7.0,147.0,57.0,20.0,11.0,169.0,34.0,2.0,0.0,0.0,0.0
203,0,1,2839.0,2882.0,588.0,0.0,751.0,5645.0,770.6645695983826,20482.416399999976,21253.08096959836,2898.0,25.0,7.0,147.0,57.0,20.0,11.0,169.0,34.0,2.0,0.0,0.0,0.0
203,1,1,2812.0,2854.0,556.0,0.0,697.0,5645.0,484.86450356224447,20350.887199999994,20835.751703562237,2898.0,25.0,7.0,147.0,57.0,20.0,11.0,169.0,34.0,2.0,0.0,0.0,0.0
203,2,1,2801.0,2825.0,609.0,0.0,740.0,5645.0,200.15868953138516,20981.74639999998,21181.905089531367,2898.0,25.0,7.0,147.0,57.0,20.0,11.0,169.0,34.0,2.0,0.0,0.0,0.0
203,3,1,2875.0,2876.0,582.0,0.0,701.0,5645.0,606.9883909354699,21014.211199999983,21621.199590935455,2898.0,25.0,7.0,147.0,57.0,20.0,11.0,169.0,34.0,2.0,0.0,0.0,0.0
203,4,1,2856.0,2880.0,604.0,0.0,745.0,5645.0,403.84902933378623,19325.774399999984,19729.623429333773,2898.0,25.0,7.0,147.0,57.0,20.0,11.0,169.0,34.0,2.0,0.0,0.0,0.0
203,5,1,2822.0,2849.0,646.0,0.0,740.0,5645.0,403.37867126084956,20938.059199999974,21341.437871260823,2898.0,25.0,7.0,147.0,57.0,20.0,11.0,169.0,34.0,2.0,0.0,0.0,0.0
203,6,1,2861.0,2865.0,615.0,0.0,770.0,5645.0,444.7856015114991,21004.79239999998,21449.57800151148,2898.0,25.0,7.0,147.0,57.0,20.0,11.0,169.0,34.0,2.0,0.0,0.0,0.0
203,7,1,2891.0,2887.0,612.0,0.0,755.0,5645.0,364.2359005523354,21036.455599999976,21400.691500552315,2898.0,25.0,7.0,147.0,57.0,20.0,11.0,169.0,34.0,2.0,0.0,0.0,0.0
203,8,1,2858.0,2942.0,588.0,0.0,747.0,5645.0,564.7723509815299,20765.24759999998,21330.019950981514,2898.0,25.0,7.0,147.0,57.0,20.0,11.0,169.0,34.0,2.0,0.0,0.0,0.0
203,9,1,2806.0,2961.0,497.0,0.0,711.0,5645.0,449.2896536495833,21130.175999999978,21579.46565364956,2898.0,25.0,7.0,147.0,57.0,20.0,11.0,169.0,34.0,2.0,0.0,0.0,0.0
203,10,1,2774.0,2854.0,579.0,0.0,698.0,5645.0,525.8785473564146,19352.360799999977,19878.23934735639,2898.0,25.0,7.0,147.0,57.0,20.0,11.0,169.0,34.0,2.0,0.0,0.0,0.0
203,11,1,2856.0,2785.0,633.0,0.0,704.0,5645.0,402.5592585673295,20617.485999999964,21020.04525856729,2898.0,25.0,7.0,147.0,57.0,20.0,11.0,169.0,34.0,2.0,0.0,0.0,0.0
203,12,2,2841.0,2879.0,617.0,0.0,711.0,5645.0,284.669236902431,19783.88879999998,20068.558036902406,2898.0,25.0,7.0,147.0,57.0,20.0,11.0,169.0,34.0,2.0,0.0,0.0,0.0
203,13,2,2797.0,2871.0,572.0,0.0,724.0,5645.0,445.213422724911,19414.28439999999,19859.497822724898,2898.0,25.0,7.0,147.0,57.0,20.0,11.0,169.0,34.0,2.0,0.0,0.0,0.0
203,14,2,2814.0,2891.0,574.0,0.0,724.0,5645.0,202.26752974567822,18981.88799999999,19184.15552974567,2898.0,25.0,7.0,147.0,57.0,20.0,11.0,169.0,34.0,2.0,0.0,0.0,0.0
203,15,2,2891.0,2904.0,584.0,0.0,732.0,5645.0,688.0554420989881,18454.2348,19142.290242098985,2898.0,25.0,7.0,147.0,57.0,20.0,11.0,169.0,34.0,2.0,0.0,0.0,0.0
203,16,2,2816.0,2841.0,543.0,0.0,692.0,5645.0,486.95207101685924,20266.919599999987,20753.87167101685,2898.0,25.0,7.0,147.0,57.0,20.0,11.0,169.0,34.0,2.0,0.0,0.0,0.0
203,17,2,2858.0,2900.0,585.0,0.0,755.0,5645.0,447.1778865307199,19322.10039999998,19769.2782865307,2898.0,25.0,7.0,147.0,57.0,20.0,11.0,169.0,34.0,2.0,0.0,0.0,0.0
203,18,2,2801.0,2820.0,603.0,0.0,738.0,5645.0,364.4927433541447,21212.607199999984,21577.099943354126,2898.0,25.0,7.0,147.0,57.0,20.0,11.0,169.0,34.0,2.0,0.0,0.0,0.0
203,19,2,2850.0,2817.0,614.0,0.0,720.0,5645.0,607.7117187599971,20132.183999999994,20739.895718759988,2898.0,25.0,7.0,147.0,57.0,20.0,11.0,169.0,34.0,2.0,0.0,0.0,0.0
203,20,2,2839.0,2925.0,572.0,0.0,736.0,5645.0,363.84293523525434,19644.076399999976,20007.919335235234,2898.0,25.0,7.0,147.0,57.0,20.0,11.0,169.0,34.0,2.0,0.0,0.0,0.0
203,21,2,2803.0,2857.0,584.0,0.0,759.0,5645.0,323.8115555394466,20110.67439999998,20434.48595553943,2898.0,25.0,7.0,147.0,57.0,20.0,11.0,169.0,34.0,2.0,0.0,0.0,0.0
203,22,2,2799.0,2831.0,585.0,0.0,739.0,5645.0,606.4278744236902,19536.394799999984,20142.82267442367,2898.0,25.0,7.0,147.0,57.0,20.0,11.0,169.0,34.0,2.0,0.0,0.0,0.0
203,23,2,2926.0,2835.0,635.0,0.0,748.0,5645.0,325.129816952471,21038.793599999983,21363.923416952457,2898.0,25.0,7.0,147.0,57.0,20.0,11.0,169.0,34.0,2.0,0.0,0.0,0.0
203,24,3,2790.0,2853.0,620.0,0.0,773.0,5645.0,244.24056673540008,19875.33799999998,20119.57856673538,2898.0,25.0,7.0,147.0,57.0,20.0,11.0,169.0,34.0,2.0,0.0,0.0,0.0
203,25,3,2821.0,2897.0,558.0,0.0,756.0,5645.0,609.8845179304518,21019.688799999974,21629.573317930426,2898.0,25.0,7.0,147.0,57.0,20.0,11.0,169.0,34.0,2.0,0.0,0.0,0.0
203,26,3,2831.0,2854.0,593.0,0.0,738.0,5645.0,364.3316891982609,20836.589999999975,21200.921689198236,2898.0,25.0,7.0,147.0,57.0,20.0,11.0,169.0,34.0,2.0,0.0,0.0,0.0
203,27,3,2833.0,2895.0,616.0,0.0,748.0,5645.0,648.6006322607661,21662.638799999982,22311.239432260747,2898.0,25.0,7.0,147.0,57.0,20.0,11.0,169.0,34.0,2.0,0.0,0.0,0.0
203,28,3,2882.0,2915.0,588.0,0.0,728.0,5645.0,526.8857622825122,19299.722399999984,19826.608162282493,2898.0,25.0,7.0,147.0,57.0,20.0,11.0,169.0,34.0,2.0,0.0,0.0,0.0
203,29,3,2857.0,2894.0,563.0,0.0,740.0,5645.0,570.2691396555018,21281.14399999998,21851.41313965548,2898.0,25.0,7.0,147.0,57.0,20.0,11.0,169.0,34.0,2.0,0.0,0.0,0.0
203,30,3,2829.0,2887.0,565.0,0.0,766.0,5645.0,404.36045851597635,20479.610799999984,20883.97125851596,2898.0,25.0,7.0,147.0,57.0,20.0,11.0,169.0,34.0,2.0,0.0,0.0,0.0
203,31,3,2874.0,2877.0,581.0,0.0,712.0,5645.0,565.6790024912268,20107.401199999982,20673.080202491212,2898.0,25.0,7.0,147.0,57.0,20.0,11.0,169.0,34.0,2.0,0.0,0.0,0.0
203,32,3,2885.0,2933.0,578.0,0.0,746.0,5645.0,244.2901709627612,18661.782399999986,18906.072570962744,2898.0,25.0,7.0,147.0,57.0,20.0,11.0,169.0,34.0,2.0,0.0,0.0,0.0
203,33,3,2821.0,2850.0,620.0,0.0,752.0,5645.0,488.330549000963,21567.64919999998,22055.979749000944,2898.0,25.0,7.0,147.0,57.0,20.0,11.0,169.0,34.0,2.0,0.0,0.0,0.0
203,34,3,2883.0,2905.0,610.0,0.0,711.0,5645.0,324.0208063840506,20580.211599999988,20904.23240638404,2898.0,25.0,7.0,147.0,57.0,20.0,11.0,169.0,34.0,2.0,0.0,0.0,0.0
203,35,3,2761.0,2806.0,594.0,0.0,747.0,5645.0,486.2990512487275,20099.91959999999,20586.218651248717,2898.0,25.0,7.0,147.0,57.0,20.0,11.0,169.0,34.0,2.0,0.0,0.0,0.0
203,36,4,2784.0,2881.0,588.0,0.0,764.0,5645.0,607.2091051337909,19308.47319999999,19915.68230513378,2898.0,25.0,7.0,147.0,57.0,20.0,11.0,169.0,34.0,2.0,0.0,0.0,0.0
203,37,4,2844.0,2840.0,617.0,0.0,716.0,5645.0,688.9751979614288,20905.99519999999,21594.970397961417,2898.0,25.0,7.0,147.0,57.0,20.0,11.0,169.0,34.0,2.0,0.0,0.0,0.0
203,38,4,2813.0,2827.0,577.0,0.0,683.0,5645.0,323.2048594210076,20357.633999999973,20680.83885942098,2898.0,25.0,7.0,147.0,57.0,20.0,11.0,169.0,34.0,2.0,0.0,0.0,0.0
203,39,4,2843.0,2873.0,586.0,0.0,705.0,5645.0,445.822801742892,19741.20359999998,20187.02640174287,2898.0,25.0,7.0,147.0,57.0,20.0,11.0,169.0,34.0,2.0,0.0,0.0,0.0
203,40,4,2796.0,2919.0,558.0,0.0,752.0,5645.0,567.0145001620804,19841.53719999999,20408.551700162076,2898.0,25.0,7.0,147.0,57.0,20.0,11.0,169.0,34.0,2.0,0.0,0.0,0.0
203,41,4,2750.0,2825.0,568.0,0.0,712.0,5645.0,364.21280837777186,20143.673599999976,20507.886408377748,2898.0,25.0,7.0,147.0,57.0,20.0,11.0,169.0,34.0,2.0,0.0,0.0,0.0
203,42,4,2762.0,2831.0,579.0,0.0,721.0,5645.0,404.98817263248384,21805.256799999977,22210.24497263246,2898.0,25.0,7.0,147.0,57.0,20.0,11.0,169.0,34.0,2.0,0.0,0.0,0.0
203,43,4,2803.0,2877.0,554.0,0.0,677.0,5645.0,200.61237474202866,20553.825599999982,20754.43797474201,2898.0,25.0,7.0,147.0,57.0,20.0,11.0,169.0,34.0,2.0,0.0,0.0,0.0
203,44,4,2851.0,2934.0,555.0,0.0,720.0,5645.0,565.6570820494396,20097.78199999999,20663.439082049423,2898.0,25.0,7.0,147.0,57.0,20.0,11.0,169.0,34.0,2.0,0.0,0.0,0.0
203,45,4,2878.0,2881.0,610.0,0.0,731.0,5645.0,446.10717371901484,20077.942399999985,20524.049573719,2898.0,25.0,7.0,147.0,57.0,20.0,11.0,169.0,34.0,2.0,0.0,0.0,0.0
203,46,4,2857.0,2915.0,567.0,0.0,732.0,5645.0,485.80630764708764,18933.190799999982,19418.997107647072,2898.0,25.0,7.0,147.0,57.0,20.0,11.0,169.0,34.0,2.0,0.0,0.0,0.0
203,47,4,2853.0,2837.0,579.0,0.0,739.0,5645.0,565.3418213901197,21159.835199999983,21725.177021390104,2898.0,25.0,7.0,147.0,57.0,20.0,11.0,169.0,34.0,2.0,0.0,0.0,0.0
203,48,5,2781.0,2885.0,559.0,0.0,729.0,5645.0,281.3802625762683,20228.108799999984,20509.489062576253,2898.0,25.0,7.0,147.0,57.0,20.0,11.0,169.0,34.0,2.0,0.0,0.0,0.0
203,49,5,2858.0,2933.0,582.0,0.0,752.0,5645.0,322.22550457780983,20314.41439999999,20636.639904577798,2898.0,25.0,7.0,147.0,57.0,20.0,11.0,169.0,34.0,2.0,0.0,0.0,0.0
203,50,5,2796.0,2851.0,601.0,0.0,724.0,5645.0,689.9311775336541,19880.949199999977,20570.88037753363,2898.0,25.0,7.0,147.0,57.0,20.0,11.0,169.0,34.0,2.0,0.0,0.0,0.0
203,51,5,2799.0,2823.0,594.0,0.0,725.0,5645.0,525.1650483505545,19441.47199999998,19966.637048350538,2898.0,25.0,7.0,147.0,57.0,20.0,11.0,169.0,34.0,2.0,0.0,0.0,0.0
203,52,5,2763.0,2863.0,572.0,0.0,727.0,5645.0,649.7912349523317,19767.923599999987,20417.71483495232,2898.0,25.0,7.0,147.0,57.0,20.0,11.0,169.0,34.0,2.0,0.0,0.0,0.0
203,53,5,2745.0,2839.0,596.0,0.0,713.0,5645.0,648.9666808288338,20393.973199999986,21042.939880828817,2898.0,25.0,7.0,147.0,57.0,20.0,11.0,169.0,34.0,2.0,0.0,0.0,0.0
203,54,5,2868.0,2879.0,636.0,0.0,747.0,5645.0,525.3234266100369,20108.80399999998,20634.127426610015,2898.0,25.0,7.0,147.0,57.0,20.0,11.0,169.0,34.0,2.0,0.0,0.0,0.0
203,55,5,2866.0,2888.0,622.0,0.0,772.0,5645.0,646.1879416716133,20662.909999999978,21309.09794167159,2898.0,25.0,7.0,147.0,57.0,20.0,11.0,169.0,34.0,2.0,0.0,0.0,0.0
203,56,5,2825.0,2921.0,549.0,0.0,680.0,5645.0,727.9562617466579,20069.659199999973,20797.615461746635,2898.0,25.0,7.0,147.0,57.0,20.0,11.0,169.0,34.0,2.0,0.0,0.0,0.0
203,57,5,2892.0,2866.0,659.0,0.0,785.0,5645.0,648.469451539768,20792.101199999983,21440.570651539747,2898.0,25.0,7.0,147.0,57.0,20.0,11.0,169.0,34.0,2.0,0.0,0.0,0.0
203,58,5,2805.0,2784.0,596.0,0.0,706.0,5645.0,527.1592571300198,18997.719599999993,19524.87885713001,2898.0,25.0,7.0,147.0,57.0,20.0,11.0,169.0,34.0,2.0,0.0,0.0,0.0
203,59,5,2839.0,2941.0,565.0,0.0,690.0,5645.0,607.6900500532917,19114.285599999974,19721.975650053268,2898.0,25.0,7.0,147.0,57.0,20.0,11.0,169.0,34.0,2.0,0.0,0.0,0.0
203,60,6,2799.0,2917.0,587.0,0.0,735.0,5645.0,363.4452238903179,19340.737599999986,19704.182823890304,2898.0,25.0,7.0,147.0,57.0,20.0,11.0,169.0,34.0,2.0,0.0,0.0,0.0
203,61,6,2864.0,2871.0,642.0,0.0,715.0,5645.0,242.8511389060038,18942.141999999985,19184.99313890599,2898.0,25.0,7.0,147.0,57.0,20.0,11.0,169.0,34.0,2.0,0.0,0.0,0.0
203,62,6,2819.0,2858.0,635.0,0.0,763.0,5645.0,529.1929621715398,19512.34679999999,20041.539762171527,2898.0,25.0,7.0,147.0,57.0,20.0,11.0,169.0,34.0,2.0,0.0,0.0,0.0
203,63,6,2827.0,2847.0,613.0,0.0,796.0,5645.0,446.37657658443607,19657.369599999976,20103.746176584413,2898.0,25.0,7.0,147.0,57.0,20.0,11.0,169.0,34.0,2.0,0.0,0.0,0.0
203,64,6,2788.0,2843.0,604.0,0.0,734.0,5645.0,809.4422646357325,20038.530399999996,20847.97266463573,2898.0,25.0,7.0,147.0,57.0,20.0,11.0,169.0,34.0,2.0,0.0,0.0,0.0
203,65,6,2882.0,2915.0,636.0,0.0,800.0,5645.0,324.2652841657574,20431.91559999999,20756.180884165744,2898.0,25.0,7.0,147.0,57.0,20.0,11.0,169.0,34.0,2.0,0.0,0.0,0.0
203,66,6,2854.0,2878.0,597.0,0.0,749.0,5645.0,364.24360661615145,21361.905199999983,21726.148806616136,2898.0,25.0,7.0,147.0,57.0,20.0,11.0,169.0,34.0,2.0,0.0,0.0,0.0
203,67,6,2817.0,2844.0,604.0,0.0,750.0,5645.0,568.1537849450152,18686.83239999998,19254.986184945,2898.0,25.0,7.0,147.0,57.0,20.0,11.0,169.0,34.0,2.0,0.0,0.0,0.0
203,68,6,2844.0,2866.0,584.0,0.0,732.0,5645.0,528.1721642566715,20479.009599999983,21007.181764256653,2898.0,25.0,7.0,147.0,57.0,20.0,11.0,169.0,34.0,2.0,0.0,0.0,0.0
203,69,6,2812.0,2882.0,603.0,0.0,780.0,5645.0,730.6084930785652,20153.22599999997,20883.834493078535,2898.0,25.0,7.0,147.0,57.0,20.0,11.0,169.0,34.0,2.0,0.0,0.0,0.0
203,70,6,2812.0,2784.0,569.0,0.0,703.0,5645.0,443.40306116806426,18896.784799999987,19340.18786116805,2898.0,25.0,7.0,147.0,57.0,20.0,11.0,169.0,34.0,2.0,0.0,0.0,0.0
203,71,6,2856.0,2934.0,595.0,0.0,759.0,5645.0,402.26495500970805,20991.899999999976,21394.164955009684,2898.0,25.0,7.0,147.0,57.0,20.0,11.0,169.0,34.0,2.0,0.0,0.0,0.0
203,72,7,2835.0,2853.0,583.0,0.0,706.0,5645.0,403.73123973467926,19574.938399999988,19978.669639734668,2898.0,25.0,7.0,147.0,57.0,20.0,11.0,169.0,34.0,2.0,0.0,0.0,0.0
203,73,7,2776.0,2881.0,573.0,0.0,740.0,5645.0,565.4960745376374,20281.281599999973,20846.777674537607,2898.0,25.0,7.0,147.0,57.0,20.0,11.0,169.0,34.0,2.0,0.0,0.0,0.0
203,74,7,2797.0,2818.0,590.0,0.0,731.0,5645.0,325.15529031581474,19704.53039999999,20029.6856903158,2898.0,25.0,7.0,147.0,57.0,20.0,11.0,169.0,34.0,2.0,0.0,0.0,0.0
203,75,7,2797.0,2835.0,596.0,0.0,737.0,5645.0,485.23119762446265,19267.391199999984,19752.622397624447,2898.0,25.0,7.0,147.0,57.0,20.0,11.0,169.0,34.0,2.0,0.0,0.0,0.0
203,76,7,2831.0,2862.0,605.0,0.0,759.0,5645.0,648.1621261627985,20494.507199999985,21142.669326162784,2898.0,25.0,7.0,147.0,57.0,20.0,11.0,169.0,34.0,2.0,0.0,0.0,0.0
203,77,7,2864.0,2934.0,564.0,0.0,745.0,5645.0,322.79223388856803,20497.379599999975,20820.171833888544,2898.0,25.0,7.0,147.0,57.0,20.0,11.0,169.0,34.0,2.0,0.0,0.0,0.0
203,78,7,2779.0,2840.0,583.0,0.0,749.0,5645.0,443.9345895776191,21691.62999999998,22135.564589577596,2898.0,25.0,7.0,147.0,57.0,20.0,11.0,169.0,34.0,2.0,0.0,0.0,0.0
203,79,7,2872.0,2890.0,600.0,0.0,766.0,5645.0,727.8463135828327,20565.84959999998,21293.695913582815,2898.0,25.0,7.0,147.0,57.0,20.0,11.0,169.0,34.0,2.0,0.0,0.0,0.0
203,80,7,2850.0,2799.0,623.0,0.0,756.0,5645.0,647.9451338870789,20955.961599999984,21603.906733887063,2898.0,25.0,7.0,147.0,57.0,20.0,11.0,169.0,34.0,2.0,0.0,0.0,0.0
203,81,7,2821.0,2842.0,588.0,0.0,723.0,5645.0,565.752185115631,20241.33519999998,20807.087385115607,2898.0,25.0,7.0,147.0,57.0,20.0,11.0,169.0,34.0,2.0,0.0,0.0,0.0
203,82,7,2803.0,2859.0,563.0,0.0,722.0,5645.0,199.8004160866251,20000.587999999967,20200.388416086593,2898.0,25.0,7.0,147.0,57.0,20.0,11.0,169.0,34.0,2.0,0.0,0.0,0.0
203,83,7,2839.0,2894.0,588.0,0.0,758.0,5645.0,445.7689848886158,21431.24359999998,21877.012584888595,2898.0,25.0,7.0,147.0,57.0,20.0,11.0,169.0,34.0,2.0,0.0,0.0,0.0
203,84,8,2761.0,2843.0,545.0,0.0,741.0,5645.0,489.07102862194495,21218.485599999985,21707.55662862193,2898.0,25.0,7.0,147.0,57.0,20.0,11.0,169.0,34.0,2.0,0.0,0.0,0.0
203,85,8,2882.0,2888.0,603.0,0.0,722.0,5645.0,651.5563186995422,21331.04359999998,21982.599918699525,2898.0,25.0,7.0,147.0,57.0,20.0,11.0,169.0,34.0,2.0,0.0,0.0,0.0
203,86,8,2842.0,2922.0,604.0,0.0,767.0,5645.0,607.962896818214,20549.951199999978,21157.91409681819,2898.0,25.0,7.0,147.0,57.0,20.0,11.0,169.0,34.0,2.0,0.0,0.0,0.0
203,87,8,2822.0,2790.0,613.0,0.0,704.0,5645.0,609.9810042244794,20046.279199999997,20656.260204224473,2898.0,25.0,7.0,147.0,57.0,20.0,11.0,169.0,34.0,2.0,0.0,0.0,0.0
203,88,8,2780.0,2881.0,567.0,0.0,727.0,5645.0,485.68922177677433,22135.916799999985,22621.60602177676,2898.0,25.0,7.0,147.0,57.0,20.0,11.0,169.0,34.0,2.0,0.0,0.0,0.0
203,89,8,2828.0,2894.0,613.0,0.0,768.0,5645.0,446.8328250429154,21326.233999999975,21773.06682504289,2898.0,25.0,7.0,147.0,57.0,20.0,11.0,169.0,34.0,2.0,0.0,0.0,0.0
203,90,8,2823.0,2828.0,612.0,0.0,721.0,5645.0,482.1853207736475,19873.20039999998,20355.385720773626,2898.0,25.0,7.0,147.0,57.0,20.0,11.0,169.0,34.0,2.0,0.0,0.0,0.0
203,91,8,2838.0,2848.0,616.0,0.0,721.0,5645.0,442.49434314938026,20297.580799999996,20740.07514314937,2898.0,25.0,7.0,147.0,57.0,20.0,11.0,169.0,34.0,2.0,0.0,0.0,0.0
203,92,8,2844.0,2893.0,623.0,0.0,770.0,5645.0,607.8318121825758,19877.00799999999,20484.839812182567,2898.0,25.0,7.0,147.0,57.0,20.0,11.0,169.0,34.0,2.0,0.0,0.0,0.0
203,93,8,2813.0,2862.0,586.0,0.0,723.0,5645.0,649.177950065664,19048.62119999998,19697.799150065643,2898.0,25.0,7.0,147.0,57.0,20.0,11.0,169.0,34.0,2.0,0.0,0.0,0.0
203,94,8,2835.0,2844.0,621.0,0.0,701.0,5645.0,324.85527231559007,20067.38799999998,20392.24327231557,2898.0,25.0,7.0,147.0,57.0,20.0,11.0,169.0,34.0,2.0,0.0,0.0,0.0
203,95,8,2806.0,2847.0,624.0,0.0,750.0,5645.0,485.745034248581,19761.10999999998,20246.855034248558,2898.0,25.0,7.0,147.0,57.0,20.0,11.0,169.0,34.0,2.0,0.0,0.0,0.0
203,96,9,2867.0,2887.0,617.0,0.0,741.0,5645.0,566.6032198536732,19098.854799999986,19665.458019853657,2898.0,25.0,7.0,147.0,57.0,20.0,11.0,169.0,34.0,2.0,0.0,0.0,0.0
203,97,9,2796.0,2853.0,596.0,0.0,721.0,5645.0,647.0312541557331,21329.239999999987,21976.27125415572,2898.0,25.0,7.0,147.0,57.0,20.0,11.0,169.0,34.0,2.0,0.0,0.0,0.0
203,98,9,2843.0,2859.0,544.0,0.0,708.0,5645.0,609.0691831580683,20770.79199999999,21379.861183158057,2898.0,25.0,7.0,147.0,57.0,20.0,11.0,169.0,34.0,2.0,0.0,0.0,0.0
203,99,9,2790.0,2914.0,541.0,0.0,700.0,5645.0,443.1111688623196,19509.875199999984,19952.986368862305,2898.0,25.0,7.0,147.0,57.0,20.0,11.0,169.0,34.0,2.0,0.0,0.0,0.0
203,100,9,2826.0,2885.0,569.0,0.0,724.0,5645.0,606.3469559263951,21372.79359999997,21979.140555926366,2898.0,25.0,7.0,147.0,57.0,20.0,11.0,169.0,34.0,2.0,0.0,0.0,0.0
203,101,9,2813.0,2774.0,646.0,0.0,701.0,5645.0,565.8811165009816,19394.845599999982,19960.726716500965,2898.0,25.0,7.0,147.0,57.0,20.0,11.0,169.0,34.0,2.0,0.0,0.0,0.0
203,102,9,2805.0,2842.0,637.0,0.0,790.0,5645.0,607.3844869113659,19815.685599999983,20423.070086911346,2898.0,25.0,7.0,147.0,57.0,20.0,11.0,169.0,34.0,2.0,0.0,0.0,0.0
203,103,9,2843.0,2887.0,567.0,0.0,751.0,5645.0,406.522353550402,20110.006399999977,20516.528753550374,2898.0,25.0,7.0,147.0,57.0,20.0,11.0,169.0,34.0,2.0,0.0,0.0,0.0
203,104,9,2867.0,2864.0,574.0,0.0,714.0,5645.0,281.82466391648677,20581.814799999993,20863.639463916476,2898.0,25.0,7.0,147.0,57.0,20.0,11.0,169.0,34.0,2.0,0.0,0.0,0.0
203,105,9,2855.0,2941.0,576.0,0.0,753.0,5645.0,118.23412004671604,19212.61519999998,19330.849320046695,2898.0,25.0,7.0,147.0,57.0,20.0,11.0,169.0,34.0,2.0,0.0,0.0,0.0
203,106,9,2866.0,2859.0,596.0,0.0,735.0,5645.0,566.2616945089346,21662.90599999998,22229.167694508917,2898.0,25.0,7.0,147.0,57.0,20.0,11.0,169.0,34.0,2.0,0.0,0.0,0.0
203,107,9,2785.0,2830.0,599.0,0.0,738.0,5645.0,485.9383235685377,19864.516399999982,20350.454723568524,2898.0,25.0,7.0,147.0,57.0,20.0,11.0,169.0,34.0,2.0,0.0,0.0,0.0
203,108,10,2874.0,2903.0,561.0,0.0,675.0,5645.0,198.90004563086413,19835.12439999998,20034.024445630843,2898.0,25.0,7.0,147.0,57.0,20.0,11.0,169.0,34.0,2.0,0.0,0.0,0.0
203,109,10,2867.0,2885.0,585.0,0.0,715.0,5645.0,402.5760692043679,19289.368399999985,19691.944469204354,2898.0,25.0,7.0,147.0,57.0,20.0,11.0,169.0,34.0,2.0,0.0,0.0,0.0
203,110,10,2842.0,2862.0,602.0,0.0,739.0,5645.0,366.38351121655353,21922.624399999964,22289.007911216522,2898.0,25.0,7.0,147.0,57.0,20.0,11.0,169.0,34.0,2.0,0.0,0.0,0.0
203,111,10,2872.0,2900.0,574.0,0.0,678.0,5645.0,403.9544708696578,20543.605199999973,20947.55967086963,2898.0,25.0,7.0,147.0,57.0,20.0,11.0,169.0,34.0,2.0,0.0,0.0,0.0
203,112,10,2809.0,2858.0,612.0,0.0,766.0,5645.0,447.2236349377244,22002.851199999976,22450.0748349377,2898.0,25.0,7.0,147.0,57.0,20.0,11.0,169.0,34.0,2.0,0.0,0.0,0.0
203,113,10,2922.0,2936.0,626.0,0.0,774.0,5645.0,688.1701245583291,21808.93079999998,22497.100924558308,2898.0,25.0,7.0,147.0,57.0,20.0,11.0,169.0,34.0,2.0,0.0,0.0,0.0
203,114,10,2893.0,2989.0,601.0,0.0,745.0,5645.0,485.65992610340936,20316.752399999983,20802.412326103393,2898.0,25.0,7.0,147.0,57.0,20.0,11.0,169.0,34.0,2.0,0.0,0.0,0.0
203,115,10,2832.0,2851.0,610.0,0.0,712.0,5645.0,528.460462541615,20244.007199999982,20772.467662541596,2898.0,25.0,7.0,147.0,57.0,20.0,11.0,169.0,34.0,2.0,0.0,0.0,0.0
203,116,10,2769.0,2828.0,604.0,0.0,773.0,5645.0,403.9086978872877,19025.24119999999,19429.14989788728,2898.0,25.0,7.0,147.0,57.0,20.0,11.0,169.0,34.0,2.0,0.0,0.0,0.0
203,117,10,2829.0,2844.0,609.0,0.0,767.0,5645.0,688.8880981899291,18407.140799999994,19096.02889818992,2898.0,25.0,7.0,147.0,57.0,20.0,11.0,169.0,34.0,2.0,0.0,0.0,0.0
203,118,10,2853.0,2845.0,594.0,0.0,754.0,5645.0,404.5411905130443,19278.346399999977,19682.88759051302,2898.0,25.0,7.0,147.0,57.0,20.0,11.0,169.0,34.0,2.0,0.0,0.0,0.0
203,119,10,2740.0,2838.0,592.0,0.0,765.0,5645.0,486.6408764346865,20233.586399999982,20720.227276434667,2898.0,25.0,7.0,147.0,57.0,20.0,11.0,169.0,34.0,2.0,0.0,0.0,0.0
204,0,1,3381.0,3123.0,652.0,0.0,750.0,5645.0,319.3531700956192,20642.936799999985,20962.289970095608,2898.0,25.0,7.0,147.0,57.0,20.0,11.0,169.0,34.0,2.0,0.0,0.0,0.0
204,1,1,3417.0,3124.0,674.0,0.0,728.0,5645.0,320.86415822020166,22716.341999999968,23037.206158220168,2898.0,25.0,7.0,147.0,57.0,20.0,11.0,169.0,34.0,2.0,0.0,0.0,0.0
204,2,1,3422.0,3144.0,651.0,0.0,771.0,5645.0,483.35028922182914,21963.63959999998,22446.989889221808,2898.0,25.0,7.0,147.0,57.0,20.0,11.0,169.0,34.0,2.0,0.0,0.0,0.0
204,3,1,3471.0,3210.0,660.0,0.0,742.0,5645.0,480.42296954320676,19604.597599999994,20085.020569543198,2898.0,25.0,7.0,147.0,57.0,20.0,11.0,169.0,34.0,2.0,0.0,0.0,0.0
204,4,1,3453.0,3149.0,722.0,0.0,750.0,5645.0,399.6697778567334,21604.188799999974,22003.85857785671,2898.0,25.0,7.0,147.0,57.0,20.0,11.0,169.0,34.0,2.0,0.0,0.0,0.0
204,5,1,3459.0,3197.0,661.0,0.0,797.0,5645.0,399.60117068744455,22496.03559999997,22895.636770687415,2898.0,25.0,7.0,147.0,57.0,20.0,11.0,169.0,34.0,2.0,0.0,0.0,0.0
204,6,1,3477.0,3182.0,689.0,0.0,777.0,5645.0,401.26424674197824,22366.510399999977,22767.774646741953,2898.0,25.0,7.0,147.0,57.0,20.0,11.0,169.0,34.0,2.0,0.0,0.0,0.0
204,7,1,3462.0,3219.0,699.0,0.0,787.0,5645.0,360.9842960408018,21029.44159999998,21390.425896040782,2898.0,25.0,7.0,147.0,57.0,20.0,11.0,169.0,34.0,2.0,0.0,0.0,0.0
204,8,1,3433.0,3233.0,628.0,0.0,794.0,5645.0,605.6362997545202,21066.715999999982,21672.3522997545,2898.0,25.0,7.0,147.0,57.0,20.0,11.0,169.0,34.0,2.0,0.0,0.0,0.0
204,9,1,3405.0,3151.0,678.0,0.0,791.0,5645.0,482.531468068497,21582.211599999973,22064.74306806847,2898.0,25.0,7.0,147.0,57.0,20.0,11.0,169.0,34.0,2.0,0.0,0.0,0.0
204,10,1,3442.0,3114.0,698.0,0.0,712.0,5645.0,602.3758984612401,21837.32079999998,22439.696698461223,2898.0,25.0,7.0,147.0,57.0,20.0,11.0,169.0,34.0,2.0,0.0,0.0,0.0
204,11,1,3427.0,3167.0,709.0,0.0,792.0,5645.0,401.70565740763925,21440.929599999985,21842.635257407626,2898.0,25.0,7.0,147.0,57.0,20.0,11.0,169.0,34.0,2.0,0.0,0.0,0.0
204,12,2,3390.0,3182.0,633.0,0.0,742.0,5645.0,603.0307387999171,20895.039999999994,21498.070738799914,2898.0,25.0,7.0,147.0,57.0,20.0,11.0,169.0,34.0,2.0,0.0,0.0,0.0
204,13,2,3377.0,3180.0,638.0,0.0,743.0,5645.0,359.8037515559261,20921.69319999999,21281.49695155592,2898.0,25.0,7.0,147.0,57.0,20.0,11.0,169.0,34.0,2.0,0.0,0.0,0.0
204,14,2,3478.0,3180.0,681.0,0.0,759.0,5645.0,439.42674250985806,19740.936399999984,20180.363142509843,2898.0,25.0,7.0,147.0,57.0,20.0,11.0,169.0,34.0,2.0,0.0,0.0,0.0
204,15,2,3428.0,3176.0,595.0,0.0,733.0,5645.0,440.76515602071834,21027.437599999976,21468.202756020695,2898.0,25.0,7.0,147.0,57.0,20.0,11.0,169.0,34.0,2.0,0.0,0.0,0.0
204,16,2,3441.0,3177.0,679.0,0.0,784.0,5645.0,442.79751042100605,20159.839199999988,20602.636710420993,2898.0,25.0,7.0,147.0,57.0,20.0,11.0,169.0,34.0,2.0,0.0,0.0,0.0
204,17,2,3392.0,3131.0,690.0,0.0,808.0,5645.0,401.0513952184945,21521.02279999998,21922.074195218473,2898.0,25.0,7.0,147.0,57.0,20.0,11.0,169.0,34.0,2.0,0.0,0.0,0.0
204,18,2,3472.0,3151.0,654.0,0.0,738.0,5645.0,521.2816109378122,20793.303599999985,21314.5852109378,2898.0,25.0,7.0,147.0,57.0,20.0,11.0,169.0,34.0,2.0,0.0,0.0,0.0
204,19,2,3441.0,3201.0,669.0,0.0,743.0,5645.0,359.55736800183456,20587.02519999998,20946.582568001813,2898.0,25.0,7.0,147.0,57.0,20.0,11.0,169.0,34.0,2.0,0.0,0.0,0.0
204,20,2,3418.0,3200.0,652.0,0.0,803.0,5645.0,402.7643659167188,22022.957999999984,22425.722365916703,2898.0,25.0,7.0,147.0,57.0,20.0,11.0,169.0,34.0,2.0,0.0,0.0,0.0
204,21,2,3401.0,3162.0,634.0,0.0,780.0,5645.0,482.7102620264026,21164.17719999999,21646.887462026392,2898.0,25.0,7.0,147.0,57.0,20.0,11.0,169.0,34.0,2.0,0.0,0.0,0.0
204,22,2,3492.0,3148.0,695.0,0.0,762.0,5645.0,401.51329439084884,22329.837199999976,22731.350494390823,2898.0,25.0,7.0,147.0,57.0,20.0,11.0,169.0,34.0,2.0,0.0,0.0,0.0
204,23,2,3430.0,3184.0,680.0,0.0,749.0,5645.0,362.00017384806347,21799.64559999998,22161.645773848046,2898.0,25.0,7.0,147.0,57.0,20.0,11.0,169.0,34.0,2.0,0.0,0.0,0.0
204,24,3,3413.0,3192.0,639.0,0.0,801.0,5645.0,483.04468898566785,21760.56759999998,22243.612288985645,2898.0,25.0,7.0,147.0,57.0,20.0,11.0,169.0,34.0,2.0,0.0,0.0,0.0
204,25,3,3407.0,3121.0,678.0,0.0,779.0,5645.0,442.3210269608969,20509.67079999999,20951.991826960886,2898.0,25.0,7.0,147.0,57.0,20.0,11.0,169.0,34.0,2.0,0.0,0.0,0.0
204,26,3,3405.0,3203.0,654.0,0.0,745.0,5645.0,440.9511186547598,22834.377599999974,23275.328718654735,2898.0,25.0,7.0,147.0,57.0,20.0,11.0,169.0,34.0,2.0,0.0,0.0,0.0
204,27,3,3474.0,3204.0,668.0,0.0,773.0,5645.0,603.5517664521573,20483.35159999998,21086.903366452138,2898.0,25.0,7.0,147.0,57.0,20.0,11.0,169.0,34.0,2.0,0.0,0.0,0.0
204,28,3,3451.0,3222.0,636.0,0.0,771.0,5645.0,605.4679113392883,20354.82839999999,20960.296311339283,2898.0,25.0,7.0,147.0,57.0,20.0,11.0,169.0,34.0,2.0,0.0,0.0,0.0
204,29,3,3400.0,3144.0,645.0,0.0,786.0,5645.0,198.46263601597437,21374.263199999976,21572.72583601595,2898.0,25.0,7.0,147.0,57.0,20.0,11.0,169.0,34.0,2.0,0.0,0.0,0.0
204,30,3,3510.0,3198.0,667.0,0.0,753.0,5645.0,319.7696040871188,20238.128799999984,20557.8984040871,2898.0,25.0,7.0,147.0,57.0,20.0,11.0,169.0,34.0,2.0,0.0,0.0,0.0
204,31,3,3502.0,3249.0,623.0,0.0,764.0,5645.0,362.3510128245036,20390.833599999987,20753.184612824487,2898.0,25.0,7.0,147.0,57.0,20.0,11.0,169.0,34.0,2.0,0.0,0.0,0.0
204,32,3,3438.0,3177.0,685.0,0.0,776.0,5645.0,362.10351219793966,22649.675599999973,23011.779112197917,2898.0,25.0,7.0,147.0,57.0,20.0,11.0,169.0,34.0,2.0,0.0,0.0,0.0
204,33,3,3490.0,3205.0,676.0,0.0,752.0,5645.0,237.2425223000746,21593.70119999998,21830.943722300057,2898.0,25.0,7.0,147.0,57.0,20.0,11.0,169.0,34.0,2.0,0.0,0.0,0.0
204,34,3,3378.0,3115.0,686.0,0.0,752.0,5645.0,605.1096991207187,22345.668799999978,22950.778499120697,2898.0,25.0,7.0,147.0,57.0,20.0,11.0,169.0,34.0,2.0,0.0,0.0,0.0
204,35,3,3379.0,3168.0,669.0,0.0,775.0,5645.0,482.7431117458487,21426.033199999976,21908.776311745827,2898.0,25.0,7.0,147.0,57.0,20.0,11.0,169.0,34.0,2.0,0.0,0.0,0.0
204,36,4,3444.0,3143.0,710.0,0.0,743.0,5645.0,643.6256276998931,20196.97999999999,20840.60562769988,2898.0,25.0,7.0,147.0,57.0,20.0,11.0,169.0,34.0,2.0,0.0,0.0,0.0
204,37,4,3401.0,3156.0,641.0,0.0,762.0,5645.0,237.90581750358962,21924.093999999986,22161.999817503576,2898.0,25.0,7.0,147.0,57.0,20.0,11.0,169.0,34.0,2.0,0.0,0.0,0.0
204,38,4,3424.0,3185.0,632.0,0.0,731.0,5645.0,400.3270554288186,20868.186399999977,21268.513455428798,2898.0,25.0,7.0,147.0,57.0,20.0,11.0,169.0,34.0,2.0,0.0,0.0,0.0
204,39,4,3393.0,3231.0,617.0,0.0,763.0,5645.0,400.24070074750165,19460.643599999996,19860.884300747497,2898.0,25.0,7.0,147.0,57.0,20.0,11.0,169.0,34.0,2.0,0.0,0.0,0.0
204,40,4,3352.0,3104.0,666.0,0.0,763.0,5645.0,277.7958720696337,20398.515599999977,20676.31147206961,2898.0,25.0,7.0,147.0,57.0,20.0,11.0,169.0,34.0,2.0,0.0,0.0,0.0
204,41,4,3400.0,3117.0,691.0,0.0,759.0,5645.0,440.98412103887426,22769.113999999983,23210.098121038853,2898.0,25.0,7.0,147.0,57.0,20.0,11.0,169.0,34.0,2.0,0.0,0.0,0.0
204,42,4,3386.0,3180.0,617.0,0.0,747.0,5645.0,442.45033606505484,23419.011199999983,23861.461536065035,2898.0,25.0,7.0,147.0,57.0,20.0,11.0,169.0,34.0,2.0,0.0,0.0,0.0
204,43,4,3423.0,3181.0,661.0,0.0,768.0,5645.0,522.8337913679968,21569.586399999986,22092.420191367983,2898.0,25.0,7.0,147.0,57.0,20.0,11.0,169.0,34.0,2.0,0.0,0.0,0.0
204,44,4,3465.0,3129.0,740.0,0.0,755.0,5645.0,278.84251740305905,20592.836799999983,20871.67931740304,2898.0,25.0,7.0,147.0,57.0,20.0,11.0,169.0,34.0,2.0,0.0,0.0,0.0
204,45,4,3438.0,3202.0,651.0,0.0,778.0,5645.0,482.13365902558644,20679.543199999982,21161.676859025567,2898.0,25.0,7.0,147.0,57.0,20.0,11.0,169.0,34.0,2.0,0.0,0.0,0.0
204,46,4,3457.0,3133.0,684.0,0.0,756.0,5645.0,398.59773017455746,20115.684399999987,20514.282130174546,2898.0,25.0,7.0,147.0,57.0,20.0,11.0,169.0,34.0,2.0,0.0,0.0,0.0
204,47,4,3330.0,3181.0,625.0,0.0,741.0,5645.0,398.9162688633237,20322.49719999998,20721.413468863306,2898.0,25.0,7.0,147.0,57.0,20.0,11.0,169.0,34.0,2.0,0.0,0.0,0.0
204,48,5,3425.0,3221.0,649.0,0.0,806.0,5645.0,602.9094284117634,21381.210399999985,21984.11982841175,2898.0,25.0,7.0,147.0,57.0,20.0,11.0,169.0,34.0,2.0,0.0,0.0,0.0
204,49,5,3410.0,3181.0,657.0,0.0,720.0,5645.0,562.5527013145525,20944.271599999982,21506.824301314537,2898.0,25.0,7.0,147.0,57.0,20.0,11.0,169.0,34.0,2.0,0.0,0.0,0.0
204,50,5,3378.0,3101.0,680.0,0.0,757.0,5645.0,482.02505513967174,21120.556799999988,21602.581855139662,2898.0,25.0,7.0,147.0,57.0,20.0,11.0,169.0,34.0,2.0,0.0,0.0,0.0
204,51,5,3393.0,3169.0,657.0,0.0,759.0,5645.0,404.1270752637913,21311.00359999999,21715.13067526378,2898.0,25.0,7.0,147.0,57.0,20.0,11.0,169.0,34.0,2.0,0.0,0.0,0.0
204,52,5,3425.0,3182.0,673.0,0.0,746.0,5645.0,524.6458528224615,21936.38519999998,22461.031052822436,2898.0,25.0,7.0,147.0,57.0,20.0,11.0,169.0,34.0,2.0,0.0,0.0,0.0
204,53,5,3498.0,3208.0,691.0,0.0,764.0,5645.0,563.1282391458644,21773.459999999977,22336.58823914584,2898.0,25.0,7.0,147.0,57.0,20.0,11.0,169.0,34.0,2.0,0.0,0.0,0.0
204,54,5,3471.0,3206.0,685.0,0.0,761.0,5645.0,236.0731978570828,21517.81639999998,21753.889597857065,2898.0,25.0,7.0,147.0,57.0,20.0,11.0,169.0,34.0,2.0,0.0,0.0,0.0
204,55,5,3435.0,3199.0,641.0,0.0,743.0,5645.0,401.3491935803958,19838.130399999995,20239.479593580392,2898.0,25.0,7.0,147.0,57.0,20.0,11.0,169.0,34.0,2.0,0.0,0.0,0.0
204,56,5,3485.0,3187.0,712.0,0.0,779.0,5645.0,358.58410039774554,21028.30599999999,21386.89010039773,2898.0,25.0,7.0,147.0,57.0,20.0,11.0,169.0,34.0,2.0,0.0,0.0,0.0
204,57,5,3373.0,3066.0,677.0,0.0,726.0,5645.0,725.5330387073361,21160.102399999985,21885.63543870732,2898.0,25.0,7.0,147.0,57.0,20.0,11.0,169.0,34.0,2.0,0.0,0.0,0.0
204,58,5,3464.0,3274.0,648.0,0.0,726.0,5645.0,360.8759160929671,20775.334399999978,21136.210316092944,2898.0,25.0,7.0,147.0,57.0,20.0,11.0,169.0,34.0,2.0,0.0,0.0,0.0
204,59,5,3399.0,3222.0,662.0,0.0,744.0,5645.0,438.52760677538674,20505.061599999986,20943.58920677537,2898.0,25.0,7.0,147.0,57.0,20.0,11.0,169.0,34.0,2.0,0.0,0.0,0.0
204,60,6,3456.0,3198.0,701.0,0.0,769.0,5645.0,360.0375193694282,20422.49679999999,20782.53431936942,2898.0,25.0,7.0,147.0,57.0,20.0,11.0,169.0,34.0,2.0,0.0,0.0,0.0
204,61,6,3404.0,3194.0,683.0,0.0,780.0,5645.0,646.0033542117775,21553.153599999994,22199.15695421177,2898.0,25.0,7.0,147.0,57.0,20.0,11.0,169.0,34.0,2.0,0.0,0.0,0.0
204,62,6,3440.0,3185.0,671.0,0.0,782.0,5645.0,563.1193558347265,21264.577599999986,21827.696955834712,2898.0,25.0,7.0,147.0,57.0,20.0,11.0,169.0,34.0,2.0,0.0,0.0,0.0
204,63,6,3381.0,3174.0,652.0,0.0,754.0,5645.0,605.9042614498219,21202.45359999998,21808.3578614498,2898.0,25.0,7.0,147.0,57.0,20.0,11.0,169.0,34.0,2.0,0.0,0.0,0.0
204,64,6,3442.0,3222.0,690.0,0.0,787.0,5645.0,240.28076036598938,21794.568799999986,22034.849560365976,2898.0,25.0,7.0,147.0,57.0,20.0,11.0,169.0,34.0,2.0,0.0,0.0,0.0
204,65,6,3431.0,3183.0,666.0,0.0,797.0,5645.0,361.1533750141251,21795.37039999998,22156.52377501411,2898.0,25.0,7.0,147.0,57.0,20.0,11.0,169.0,34.0,2.0,0.0,0.0,0.0
204,66,6,3418.0,3174.0,654.0,0.0,781.0,5645.0,522.8258004731151,21107.53079999999,21630.356600473104,2898.0,25.0,7.0,147.0,57.0,20.0,11.0,169.0,34.0,2.0,0.0,0.0,0.0
204,67,6,3461.0,3174.0,667.0,0.0,808.0,5645.0,399.6099387519762,21505.85919999998,21905.469138751956,2898.0,25.0,7.0,147.0,57.0,20.0,11.0,169.0,34.0,2.0,0.0,0.0,0.0
204,68,6,3398.0,3184.0,678.0,0.0,812.0,5645.0,441.53065691533976,22840.923999999977,23282.45465691532,2898.0,25.0,7.0,147.0,57.0,20.0,11.0,169.0,34.0,2.0,0.0,0.0,0.0
204,69,6,3427.0,3078.0,674.0,0.0,773.0,5645.0,439.8210262039828,20355.49639999999,20795.317426203972,2898.0,25.0,7.0,147.0,57.0,20.0,11.0,169.0,34.0,2.0,0.0,0.0,0.0
204,70,6,3461.0,3256.0,649.0,0.0,743.0,5645.0,357.77003363069196,21955.95759999999,22313.727633630682,2898.0,25.0,7.0,147.0,57.0,20.0,11.0,169.0,34.0,2.0,0.0,0.0,0.0
204,71,6,3433.0,3133.0,687.0,0.0,743.0,5645.0,438.54905028438725,19893.240399999984,20331.789450284374,2898.0,25.0,7.0,147.0,57.0,20.0,11.0,169.0,34.0,2.0,0.0,0.0,0.0
204,72,7,3408.0,3194.0,660.0,0.0,778.0,5645.0,604.1683807420261,20694.973999999987,21299.142380742018,2898.0,25.0,7.0,147.0,57.0,20.0,11.0,169.0,34.0,2.0,0.0,0.0,0.0
204,73,7,3387.0,3116.0,663.0,0.0,748.0,5645.0,400.56497661237114,20259.237599999993,20659.80257661236,2898.0,25.0,7.0,147.0,57.0,20.0,11.0,169.0,34.0,2.0,0.0,0.0,0.0
204,74,7,3394.0,3170.0,675.0,0.0,818.0,5645.0,401.124770618446,19556.100799999997,19957.22557061844,2898.0,25.0,7.0,147.0,57.0,20.0,11.0,169.0,34.0,2.0,0.0,0.0,0.0
204,75,7,3477.0,3222.0,652.0,0.0,759.0,5645.0,481.382932525907,21391.898399999984,21873.281332525894,2898.0,25.0,7.0,147.0,57.0,20.0,11.0,169.0,34.0,2.0,0.0,0.0,0.0
204,76,7,3456.0,3208.0,666.0,0.0,785.0,5645.0,521.3881573031169,20710.27119999998,21231.6593573031,2898.0,25.0,7.0,147.0,57.0,20.0,11.0,169.0,34.0,2.0,0.0,0.0,0.0
204,77,7,3375.0,3153.0,643.0,0.0,771.0,5645.0,198.97584184558667,20409.337199999987,20608.313041845577,2898.0,25.0,7.0,147.0,57.0,20.0,11.0,169.0,34.0,2.0,0.0,0.0,0.0
204,78,7,3451.0,3218.0,654.0,0.0,782.0,5645.0,522.5044609398362,21701.38279999998,22223.887260939817,2898.0,25.0,7.0,147.0,57.0,20.0,11.0,169.0,34.0,2.0,0.0,0.0,0.0
204,79,7,3405.0,3103.0,667.0,0.0,818.0,5645.0,522.7607763098565,22099.10999999998,22621.870776309835,2898.0,25.0,7.0,147.0,57.0,20.0,11.0,169.0,34.0,2.0,0.0,0.0,0.0
204,80,7,3433.0,3125.0,678.0,0.0,773.0,5645.0,482.3472958584051,21623.293599999983,22105.64089585839,2898.0,25.0,7.0,147.0,57.0,20.0,11.0,169.0,34.0,2.0,0.0,0.0,0.0
204,81,7,3412.0,3166.0,650.0,0.0,733.0,5645.0,438.7717951572447,21092.767999999985,21531.53979515723,2898.0,25.0,7.0,147.0,57.0,20.0,11.0,169.0,34.0,2.0,0.0,0.0,0.0
204,82,7,3430.0,3214.0,632.0,0.0,759.0,5645.0,402.55162178573676,21782.74519999998,22185.296821785716,2898.0,25.0,7.0,147.0,57.0,20.0,11.0,169.0,34.0,2.0,0.0,0.0,0.0
204,83,7,3376.0,3131.0,631.0,0.0,752.0,5645.0,361.3119865873784,21100.650399999977,21461.962386587355,2898.0,25.0,7.0,147.0,57.0,20.0,11.0,169.0,34.0,2.0,0.0,0.0,0.0
204,84,8,3460.0,3156.0,685.0,0.0,778.0,5645.0,360.83539044648955,21399.713999999985,21760.549390446475,2898.0,25.0,7.0,147.0,57.0,20.0,11.0,169.0,34.0,2.0,0.0,0.0,0.0
204,85,8,3447.0,3229.0,678.0,0.0,826.0,5645.0,562.2917732439593,22034.71479999998,22597.006573243936,2898.0,25.0,7.0,147.0,57.0,20.0,11.0,169.0,34.0,2.0,0.0,0.0,0.0
204,86,8,3440.0,3119.0,711.0,0.0,755.0,5645.0,481.96682220944314,20816.54999999999,21298.51682220943,2898.0,25.0,7.0,147.0,57.0,20.0,11.0,169.0,34.0,2.0,0.0,0.0,0.0
204,87,8,3377.0,3144.0,699.0,0.0,817.0,5645.0,319.4792449379247,23051.677999999978,23371.157244937905,2898.0,25.0,7.0,147.0,57.0,20.0,11.0,169.0,34.0,2.0,0.0,0.0,0.0
204,88,8,3423.0,3214.0,672.0,0.0,760.0,5645.0,525.6196843350765,21125.29959999998,21650.919284335057,2898.0,25.0,7.0,147.0,57.0,20.0,11.0,169.0,34.0,2.0,0.0,0.0,0.0
204,89,8,3417.0,3157.0,670.0,0.0,721.0,5645.0,196.84378527287734,20356.69879999999,20553.542585272866,2898.0,25.0,7.0,147.0,57.0,20.0,11.0,169.0,34.0,2.0,0.0,0.0,0.0
204,90,8,3392.0,3124.0,678.0,0.0,763.0,5645.0,399.4433515040877,22843.26199999999,23242.70535150408,2898.0,25.0,7.0,147.0,57.0,20.0,11.0,169.0,34.0,2.0,0.0,0.0,0.0
204,91,8,3424.0,3188.0,712.0,0.0,822.0,5645.0,604.9325214837453,20916.54959999998,21521.482121483725,2898.0,25.0,7.0,147.0,57.0,20.0,11.0,169.0,34.0,2.0,0.0,0.0,0.0
204,92,8,3427.0,3159.0,651.0,0.0,740.0,5645.0,481.79611784946997,20900.317199999983,21382.113317849457,2898.0,25.0,7.0,147.0,57.0,20.0,11.0,169.0,34.0,2.0,0.0,0.0,0.0
204,93,8,3445.0,3176.0,690.0,0.0,755.0,5645.0,443.1562983781343,20374.601199999994,20817.757498378127,2898.0,25.0,7.0,147.0,57.0,20.0,11.0,169.0,34.0,2.0,0.0,0.0,0.0
204,94,8,3475.0,3210.0,699.0,0.0,782.0,5645.0,483.3166104401219,21204.25719999999,21687.57381044011,2898.0,25.0,7.0,147.0,57.0,20.0,11.0,169.0,34.0,2.0,0.0,0.0,0.0
204,95,8,3470.0,3165.0,713.0,0.0,776.0,5645.0,520.1128542851159,20052.42479999998,20572.537654285094,2898.0,25.0,7.0,147.0,57.0,20.0,11.0,169.0,34.0,2.0,0.0,0.0,0.0
204,96,9,3412.0,3177.0,672.0,0.0,750.0,5645.0,604.4473361040168,21998.90999999998,22603.357336104,2898.0,25.0,7.0,147.0,57.0,20.0,11.0,169.0,34.0,2.0,0.0,0.0,0.0
204,97,9,3442.0,3155.0,647.0,0.0,711.0,5645.0,521.7491966554604,20430.111999999986,20951.861196655445,2898.0,25.0,7.0,147.0,57.0,20.0,11.0,169.0,34.0,2.0,0.0,0.0,0.0
204,98,9,3403.0,3205.0,640.0,0.0,727.0,5645.0,440.3077996721995,21080.142799999976,21520.45059967218,2898.0,25.0,7.0,147.0,57.0,20.0,11.0,169.0,34.0,2.0,0.0,0.0,0.0
204,99,9,3457.0,3221.0,633.0,0.0,776.0,5645.0,400.66963044345124,22599.57559999997,23000.24523044342,2898.0,25.0,7.0,147.0,57.0,20.0,11.0,169.0,34.0,2.0,0.0,0.0,0.0
204,100,9,3434.0,3108.0,723.0,0.0,768.0,5645.0,523.1890824211072,21669.519199999984,22192.70828242109,2898.0,25.0,7.0,147.0,57.0,20.0,11.0,169.0,34.0,2.0,0.0,0.0,0.0
204,101,9,3383.0,3139.0,717.0,0.0,810.0,5645.0,481.44121206370716,20972.995599999995,21454.4368120637,2898.0,25.0,7.0,147.0,57.0,20.0,11.0,169.0,34.0,2.0,0.0,0.0,0.0
204,102,9,3420.0,3212.0,615.0,0.0,741.0,5645.0,319.31280847071434,21218.68599999998,21537.998808470693,2898.0,25.0,7.0,147.0,57.0,20.0,11.0,169.0,34.0,2.0,0.0,0.0,0.0
204,103,9,3435.0,3162.0,630.0,0.0,751.0,5645.0,359.736568336177,21154.157199999987,21513.89376833617,2898.0,25.0,7.0,147.0,57.0,20.0,11.0,169.0,34.0,2.0,0.0,0.0,0.0
204,104,9,3462.0,3218.0,692.0,0.0,794.0,5645.0,155.25188568185933,20394.975199999983,20550.227085681843,2898.0,25.0,7.0,147.0,57.0,20.0,11.0,169.0,34.0,2.0,0.0,0.0,0.0
204,105,9,3479.0,3151.0,680.0,0.0,783.0,5645.0,523.2666625186563,22840.72359999998,23363.990262518637,2898.0,25.0,7.0,147.0,57.0,20.0,11.0,169.0,34.0,2.0,0.0,0.0,0.0
204,106,9,3407.0,3156.0,667.0,0.0,752.0,5645.0,766.7566547781779,20260.239599999986,21026.99625477816,2898.0,25.0,7.0,147.0,57.0,20.0,11.0,169.0,34.0,2.0,0.0,0.0,0.0
204,107,9,3470.0,3213.0,642.0,0.0,743.0,5645.0,480.24507845576034,20901.98719999998,21382.232278455744,2898.0,25.0,7.0,147.0,57.0,20.0,11.0,169.0,34.0,2.0,0.0,0.0,0.0
204,108,10,3456.0,3169.0,673.0,0.0,775.0,5645.0,357.95556337218676,18688.702799999992,19046.65836337218,2898.0,25.0,7.0,147.0,57.0,20.0,11.0,169.0,34.0,2.0,0.0,0.0,0.0
204,109,10,3424.0,3135.0,697.0,0.0,758.0,5645.0,280.2665318690781,22681.33879999997,22961.605331869046,2898.0,25.0,7.0,147.0,57.0,20.0,11.0,169.0,34.0,2.0,0.0,0.0,0.0
204,110,10,3471.0,3214.0,656.0,0.0,724.0,5645.0,522.9348572539799,22218.013999999977,22740.948857253956,2898.0,25.0,7.0,147.0,57.0,20.0,11.0,169.0,34.0,2.0,0.0,0.0,0.0
204,111,10,3407.0,3159.0,685.0,0.0,764.0,5645.0,482.4436394436265,22921.484799999977,23403.928439443607,2898.0,25.0,7.0,147.0,57.0,20.0,11.0,169.0,34.0,2.0,0.0,0.0,0.0
204,112,10,3486.0,3221.0,685.0,0.0,793.0,5645.0,360.0755501331365,22241.193599999977,22601.269150133114,2898.0,25.0,7.0,147.0,57.0,20.0,11.0,169.0,34.0,2.0,0.0,0.0,0.0
204,113,10,3453.0,3273.0,664.0,0.0,785.0,5645.0,279.15585051308426,21750.747999999978,22029.903850513063,2898.0,25.0,7.0,147.0,57.0,20.0,11.0,169.0,34.0,2.0,0.0,0.0,0.0
204,114,10,3470.0,3157.0,684.0,0.0,746.0,5645.0,563.6225348279622,19850.221199999993,20413.843734827955,2898.0,25.0,7.0,147.0,57.0,20.0,11.0,169.0,34.0,2.0,0.0,0.0,0.0
204,115,10,3421.0,3174.0,668.0,0.0,781.0,5645.0,603.2035465433516,19788.497999999985,20391.70154654334,2898.0,25.0,7.0,147.0,57.0,20.0,11.0,169.0,34.0,2.0,0.0,0.0,0.0
204,116,10,3412.0,3154.0,665.0,0.0,795.0,5645.0,358.52148956198823,21509.59999999999,21868.121489561978,2898.0,25.0,7.0,147.0,57.0,20.0,11.0,169.0,34.0,2.0,0.0,0.0,0.0
204,117,10,3454.0,3177.0,661.0,0.0,785.0,5645.0,605.7066302004714,19447.884799999978,20053.59143020045,2898.0,25.0,7.0,147.0,57.0,20.0,11.0,169.0,34.0,2.0,0.0,0.0,0.0
204,118,10,3315.0,3127.0,659.0,0.0,785.0,5645.0,279.1672067793175,21092.233599999985,21371.400806779304,2898.0,25.0,7.0,147.0,57.0,20.0,11.0,169.0,34.0,2.0,0.0,0.0,0.0
204,119,10,3428.0,3176.0,667.0,0.0,683.0,5645.0,235.68460660972792,20902.45479999999,21138.139406609716,2898.0,25.0,7.0,147.0,57.0,20.0,11.0,169.0,34.0,2.0,0.0,0.0,0.0
205,0,1,3178.0,3044.0,622.0,0.0,738.0,5645.0,516.4197652364331,18431.789999999986,18948.20976523642,2898.0,25.0,7.0,147.0,57.0,20.0,11.0,169.0,34.0,2.0,0.0,0.0,0.0
205,1,1,3199.0,3079.0,587.0,0.0,733.0,5645.0,558.2548533319303,18760.713199999984,19318.968053331915,2898.0,25.0,7.0,147.0,57.0,20.0,11.0,169.0,34.0,2.0,0.0,0.0,0.0
205,2,1,3265.0,3131.0,624.0,0.0,737.0,5645.0,597.4305282798608,17736.134799999993,18333.565328279856,2898.0,25.0,7.0,147.0,57.0,20.0,11.0,169.0,34.0,2.0,0.0,0.0,0.0
205,3,1,3213.0,3074.0,670.0,0.0,748.0,5645.0,517.6813273692594,20624.767199999973,21142.44852736923,2898.0,25.0,7.0,147.0,57.0,20.0,11.0,169.0,34.0,2.0,0.0,0.0,0.0
205,4,1,3228.0,3112.0,611.0,0.0,785.0,5645.0,557.8370648305898,20242.671199999982,20800.508264830572,2898.0,25.0,7.0,147.0,57.0,20.0,11.0,169.0,34.0,2.0,0.0,0.0,0.0
205,5,1,3256.0,3080.0,653.0,0.0,762.0,5645.0,517.5976178705071,20129.51199999998,20647.10961787049,2898.0,25.0,7.0,147.0,57.0,20.0,11.0,169.0,34.0,2.0,0.0,0.0,0.0
205,6,1,3237.0,3128.0,660.0,0.0,765.0,5645.0,437.9209815716927,19612.47999999998,20050.400981571674,2898.0,25.0,7.0,147.0,57.0,20.0,11.0,169.0,34.0,2.0,0.0,0.0,0.0
205,7,1,3185.0,3120.0,590.0,0.0,778.0,5645.0,720.9169181070706,18330.65479999999,19051.571718107058,2898.0,25.0,7.0,147.0,57.0,20.0,11.0,169.0,34.0,2.0,0.0,0.0,0.0
205,8,1,3153.0,3053.0,626.0,0.0,730.0,5645.0,559.362648596942,18963.31759999998,19522.680248596924,2898.0,25.0,7.0,147.0,57.0,20.0,11.0,169.0,34.0,2.0,0.0,0.0,0.0
205,9,1,3226.0,3007.0,670.0,0.0,724.0,5645.0,394.1170197767305,19802.191999999974,20196.309019776705,2898.0,25.0,7.0,147.0,57.0,20.0,11.0,169.0,34.0,2.0,0.0,0.0,0.0
205,10,1,3211.0,3082.0,661.0,0.0,767.0,5645.0,518.0626095346128,17942.68039999999,18460.743009534603,2898.0,25.0,7.0,147.0,57.0,20.0,11.0,169.0,34.0,2.0,0.0,0.0,0.0
205,11,1,3149.0,3039.0,635.0,0.0,759.0,5645.0,600.9528211965313,18394.515599999988,18995.46842119652,2898.0,25.0,7.0,147.0,57.0,20.0,11.0,169.0,34.0,2.0,0.0,0.0,0.0
205,12,2,3178.0,3085.0,620.0,0.0,733.0,5645.0,436.6279303493211,18757.306399999987,19193.934330349304,2898.0,25.0,7.0,147.0,57.0,20.0,11.0,169.0,34.0,2.0,0.0,0.0,0.0
205,13,2,3283.0,3125.0,611.0,0.0,729.0,5645.0,638.3276938891998,17884.096799999996,18522.424493889197,2898.0,25.0,7.0,147.0,57.0,20.0,11.0,169.0,34.0,2.0,0.0,0.0,0.0
205,14,2,3201.0,3062.0,562.0,0.0,708.0,5645.0,759.451303918659,17910.616399999977,18670.067703918638,2898.0,25.0,7.0,147.0,57.0,20.0,11.0,169.0,34.0,2.0,0.0,0.0,0.0
205,15,2,3214.0,3082.0,628.0,0.0,755.0,5645.0,559.2136242741288,18453.566799999982,19012.78042427411,2898.0,25.0,7.0,147.0,57.0,20.0,11.0,169.0,34.0,2.0,0.0,0.0,0.0
205,16,2,3154.0,3082.0,583.0,0.0,725.0,5645.0,476.9319992136809,21020.022799999988,21496.954799213665,2898.0,25.0,7.0,147.0,57.0,20.0,11.0,169.0,34.0,2.0,0.0,0.0,0.0
205,17,2,3248.0,3058.0,626.0,0.0,731.0,5645.0,435.6834281817499,18628.98359999999,19064.66702818174,2898.0,25.0,7.0,147.0,57.0,20.0,11.0,169.0,34.0,2.0,0.0,0.0,0.0
205,18,2,3208.0,3096.0,636.0,0.0,724.0,5645.0,556.7103251628992,18309.27879999998,18865.98912516288,2898.0,25.0,7.0,147.0,57.0,20.0,11.0,169.0,34.0,2.0,0.0,0.0,0.0
205,19,2,3194.0,3098.0,615.0,0.0,772.0,5645.0,640.980893565214,19046.884399999984,19687.8652935652,2898.0,25.0,7.0,147.0,57.0,20.0,11.0,169.0,34.0,2.0,0.0,0.0,0.0
205,20,2,3185.0,3048.0,620.0,0.0,744.0,5645.0,556.04181824966,18182.358799999995,18738.400618249652,2898.0,25.0,7.0,147.0,57.0,20.0,11.0,169.0,34.0,2.0,0.0,0.0,0.0
205,21,2,3245.0,3028.0,655.0,0.0,743.0,5645.0,477.78334534790696,20240.86759999998,20718.650945347887,2898.0,25.0,7.0,147.0,57.0,20.0,11.0,169.0,34.0,2.0,0.0,0.0,0.0
205,22,2,3186.0,3065.0,650.0,0.0,770.0,5645.0,275.753996846615,19020.832399999974,19296.58639684659,2898.0,25.0,7.0,147.0,57.0,20.0,11.0,169.0,34.0,2.0,0.0,0.0,0.0
205,23,2,3179.0,3074.0,602.0,0.0,773.0,5645.0,558.6247495895185,19617.75719999998,20176.3819495895,2898.0,25.0,7.0,147.0,57.0,20.0,11.0,169.0,34.0,2.0,0.0,0.0,0.0
205,24,3,3192.0,3033.0,641.0,0.0,770.0,5645.0,518.0902867005165,18204.001999999982,18722.0922867005,2898.0,25.0,7.0,147.0,57.0,20.0,11.0,169.0,34.0,2.0,0.0,0.0,0.0
205,25,3,3189.0,3098.0,625.0,0.0,751.0,5645.0,639.7758309885886,20230.91439999998,20870.69023098857,2898.0,25.0,7.0,147.0,57.0,20.0,11.0,169.0,34.0,2.0,0.0,0.0,0.0
205,26,3,3252.0,3127.0,613.0,0.0,732.0,5645.0,599.229489452077,18266.593599999982,18865.82308945206,2898.0,25.0,7.0,147.0,57.0,20.0,11.0,169.0,34.0,2.0,0.0,0.0,0.0
205,27,3,3216.0,3107.0,595.0,0.0,747.0,5645.0,641.2499223524337,18281.222799999992,18922.472722352424,2898.0,25.0,7.0,147.0,57.0,20.0,11.0,169.0,34.0,2.0,0.0,0.0,0.0
205,28,3,3175.0,3029.0,622.0,0.0,763.0,5645.0,395.9107814981304,19890.835599999973,20286.746381498102,2898.0,25.0,7.0,147.0,57.0,20.0,11.0,169.0,34.0,2.0,0.0,0.0,0.0
205,29,3,3252.0,3074.0,626.0,0.0,736.0,5645.0,396.32179538229,18427.58159999998,18823.903395382273,2898.0,25.0,7.0,147.0,57.0,20.0,11.0,169.0,34.0,2.0,0.0,0.0,0.0
205,30,3,3278.0,3162.0,583.0,0.0,747.0,5645.0,478.6834621940947,17736.535599999985,18215.219062194083,2898.0,25.0,7.0,147.0,57.0,20.0,11.0,169.0,34.0,2.0,0.0,0.0,0.0
205,31,3,3199.0,3067.0,640.0,0.0,751.0,5645.0,599.9658831699398,20013.012799999975,20612.978683169917,2898.0,25.0,7.0,147.0,57.0,20.0,11.0,169.0,34.0,2.0,0.0,0.0,0.0
205,32,3,3259.0,3119.0,628.0,0.0,722.0,5645.0,558.7472236838249,19411.011199999994,19969.75842368382,2898.0,25.0,7.0,147.0,57.0,20.0,11.0,169.0,34.0,2.0,0.0,0.0,0.0
205,33,3,3133.0,3008.0,630.0,0.0,714.0,5645.0,315.42599907950125,19801.65759999998,20117.083599079484,2898.0,25.0,7.0,147.0,57.0,20.0,11.0,169.0,34.0,2.0,0.0,0.0,0.0
205,34,3,3137.0,3082.0,613.0,0.0,760.0,5645.0,558.6226889050388,18211.617199999986,18770.239888905027,2898.0,25.0,7.0,147.0,57.0,20.0,11.0,169.0,34.0,2.0,0.0,0.0,0.0
205,35,3,3205.0,3060.0,650.0,0.0,693.0,5645.0,353.75780958902095,18846.217199999985,19199.975009589005,2898.0,25.0,7.0,147.0,57.0,20.0,11.0,169.0,34.0,2.0,0.0,0.0,0.0
205,36,4,3165.0,3028.0,611.0,0.0,702.0,5645.0,599.1886862976014,19059.70999999999,19658.898686297587,2898.0,25.0,7.0,147.0,57.0,20.0,11.0,169.0,34.0,2.0,0.0,0.0,0.0
205,37,4,3208.0,3079.0,606.0,0.0,726.0,5645.0,274.5881853244599,17716.963199999987,17991.55138532445,2898.0,25.0,7.0,147.0,57.0,20.0,11.0,169.0,34.0,2.0,0.0,0.0,0.0
205,38,4,3150.0,3120.0,585.0,0.0,756.0,5645.0,517.7648520325808,17900.262399999996,18418.027252032578,2898.0,25.0,7.0,147.0,57.0,20.0,11.0,169.0,34.0,2.0,0.0,0.0,0.0
205,39,4,3113.0,3022.0,601.0,0.0,748.0,5645.0,435.41424214566,18777.546799999986,19212.961042145645,2898.0,25.0,7.0,147.0,57.0,20.0,11.0,169.0,34.0,2.0,0.0,0.0,0.0
205,40,4,3134.0,2992.0,650.0,0.0,724.0,5645.0,558.0689015158623,20471.260799999982,21029.329701515846,2898.0,25.0,7.0,147.0,57.0,20.0,11.0,169.0,34.0,2.0,0.0,0.0,0.0
205,41,4,3163.0,3071.0,584.0,0.0,692.0,5645.0,152.7491783156741,19761.510799999985,19914.259978315662,2898.0,25.0,7.0,147.0,57.0,20.0,11.0,169.0,34.0,2.0,0.0,0.0,0.0
205,42,4,3191.0,3090.0,614.0,0.0,752.0,5645.0,681.0544022110639,19496.114399999988,20177.16880221105,2898.0,25.0,7.0,147.0,57.0,20.0,11.0,169.0,34.0,2.0,0.0,0.0,0.0
205,43,4,3224.0,3030.0,686.0,0.0,734.0,5645.0,355.61910597351937,18550.760799999985,18906.379905973503,2898.0,25.0,7.0,147.0,57.0,20.0,11.0,169.0,34.0,2.0,0.0,0.0,0.0
205,44,4,3213.0,3103.0,600.0,0.0,766.0,5645.0,435.5373269244058,18685.830399999977,19121.367726924385,2898.0,25.0,7.0,147.0,57.0,20.0,11.0,169.0,34.0,2.0,0.0,0.0,0.0
205,45,4,3214.0,3052.0,612.0,0.0,746.0,5645.0,352.8520161625128,19495.179199999988,19848.0312161625,2898.0,25.0,7.0,147.0,57.0,20.0,11.0,169.0,34.0,2.0,0.0,0.0,0.0
205,46,4,3131.0,3060.0,618.0,0.0,738.0,5645.0,475.93548343789894,18272.271599999982,18748.20708343788,2898.0,25.0,7.0,147.0,57.0,20.0,11.0,169.0,34.0,2.0,0.0,0.0,0.0
205,47,4,3208.0,3142.0,603.0,0.0,788.0,5645.0,352.3374979610801,18863.919199999986,19216.256697961067,2898.0,25.0,7.0,147.0,57.0,20.0,11.0,169.0,34.0,2.0,0.0,0.0,0.0
205,48,5,3183.0,3085.0,611.0,0.0,693.0,5645.0,801.6351367777187,18426.24559999998,19227.8807367777,2898.0,25.0,7.0,147.0,57.0,20.0,11.0,169.0,34.0,2.0,0.0,0.0,0.0
205,49,5,3178.0,3024.0,628.0,0.0,729.0,5645.0,475.5631794428673,18607.47399999999,19083.037179442857,2898.0,25.0,7.0,147.0,57.0,20.0,11.0,169.0,34.0,2.0,0.0,0.0,0.0
205,50,5,3134.0,3070.0,600.0,0.0,732.0,5645.0,479.17766948171277,19748.41799999998,20227.595669481692,2898.0,25.0,7.0,147.0,57.0,20.0,11.0,169.0,34.0,2.0,0.0,0.0,0.0
205,51,5,3135.0,3051.0,646.0,0.0,715.0,5645.0,557.8544747150155,18715.28919999999,19273.143674715004,2898.0,25.0,7.0,147.0,57.0,20.0,11.0,169.0,34.0,2.0,0.0,0.0,0.0
205,52,5,3269.0,3102.0,667.0,0.0,731.0,5645.0,679.1210148040623,18494.181199999985,19173.302214804044,2898.0,25.0,7.0,147.0,57.0,20.0,11.0,169.0,34.0,2.0,0.0,0.0,0.0
205,53,5,3243.0,3100.0,656.0,0.0,744.0,5645.0,434.59121331475137,19189.836399999986,19624.427613314736,2898.0,25.0,7.0,147.0,57.0,20.0,11.0,169.0,34.0,2.0,0.0,0.0,0.0
205,54,5,3211.0,3103.0,612.0,0.0,767.0,5645.0,882.1079130573689,19217.35799999999,20099.465913057356,2898.0,25.0,7.0,147.0,57.0,20.0,11.0,169.0,34.0,2.0,0.0,0.0,0.0
205,55,5,3253.0,3095.0,660.0,0.0,761.0,5645.0,393.70813730723876,18626.779199999983,19020.48733730722,2898.0,25.0,7.0,147.0,57.0,20.0,11.0,169.0,34.0,2.0,0.0,0.0,0.0
205,56,5,3139.0,2956.0,636.0,0.0,715.0,5645.0,639.6308554375455,19434.791999999983,20074.42285543753,2898.0,25.0,7.0,147.0,57.0,20.0,11.0,169.0,34.0,2.0,0.0,0.0,0.0
205,57,5,3206.0,3162.0,596.0,0.0,709.0,5645.0,559.1588291198807,17738.73999999999,18297.89882911987,2898.0,25.0,7.0,147.0,57.0,20.0,11.0,169.0,34.0,2.0,0.0,0.0,0.0
205,58,5,3169.0,3102.0,642.0,0.0,771.0,5645.0,598.4250275815131,18715.890399999986,19314.315427581496,2898.0,25.0,7.0,147.0,57.0,20.0,11.0,169.0,34.0,2.0,0.0,0.0,0.0
205,59,5,3201.0,3080.0,655.0,0.0,735.0,5645.0,477.271979382979,18434.729199999987,18912.001179382965,2898.0,25.0,7.0,147.0,57.0,20.0,11.0,169.0,34.0,2.0,0.0,0.0,0.0
205,60,6,3158.0,3083.0,641.0,0.0,748.0,5645.0,842.7924899922248,18472.203999999998,19314.996489992223,2898.0,25.0,7.0,147.0,57.0,20.0,11.0,169.0,34.0,2.0,0.0,0.0,0.0
205,61,6,3214.0,3082.0,632.0,0.0,775.0,5645.0,477.807541538834,19636.66159999998,20114.46914153882,2898.0,25.0,7.0,147.0,57.0,20.0,11.0,169.0,34.0,2.0,0.0,0.0,0.0
205,62,6,3140.0,3051.0,617.0,0.0,730.0,5645.0,720.5230070668999,19890.635199999982,20611.158207066885,2898.0,25.0,7.0,147.0,57.0,20.0,11.0,169.0,34.0,2.0,0.0,0.0,0.0
205,63,6,3231.0,3149.0,642.0,0.0,771.0,5645.0,437.9361746082508,19920.294399999988,20358.23057460824,2898.0,25.0,7.0,147.0,57.0,20.0,11.0,169.0,34.0,2.0,0.0,0.0,0.0
205,64,6,3214.0,3081.0,622.0,0.0,756.0,5645.0,598.069582422252,19103.26359999999,19701.33318242224,2898.0,25.0,7.0,147.0,57.0,20.0,11.0,169.0,34.0,2.0,0.0,0.0,0.0
205,65,6,3192.0,3047.0,634.0,0.0,779.0,5645.0,639.1282029194882,17829.18719999998,18468.31540291947,2898.0,25.0,7.0,147.0,57.0,20.0,11.0,169.0,34.0,2.0,0.0,0.0,0.0
205,66,6,3221.0,3085.0,606.0,0.0,743.0,5645.0,558.2307967329081,19750.689199999986,20308.919996732897,2898.0,25.0,7.0,147.0,57.0,20.0,11.0,169.0,34.0,2.0,0.0,0.0,0.0
205,67,6,3171.0,3091.0,637.0,0.0,780.0,5645.0,721.1492004422312,19389.234399999976,20110.38360044221,2898.0,25.0,7.0,147.0,57.0,20.0,11.0,169.0,34.0,2.0,0.0,0.0,0.0
205,68,6,3194.0,3000.0,607.0,0.0,703.0,5645.0,475.8799009223312,18309.746399999985,18785.62630092232,2898.0,25.0,7.0,147.0,57.0,20.0,11.0,169.0,34.0,2.0,0.0,0.0,0.0
205,69,6,3239.0,3125.0,644.0,0.0,767.0,5645.0,555.7025734479139,19398.719999999987,19954.422573447904,2898.0,25.0,7.0,147.0,57.0,20.0,11.0,169.0,34.0,2.0,0.0,0.0,0.0
205,70,6,3211.0,3051.0,628.0,0.0,720.0,5645.0,475.0753135495071,18047.556399999987,18522.631713549494,2898.0,25.0,7.0,147.0,57.0,20.0,11.0,169.0,34.0,2.0,0.0,0.0,0.0
205,71,6,3172.0,3095.0,602.0,0.0,764.0,5645.0,638.8862410360485,18631.58879999999,19270.475041036036,2898.0,25.0,7.0,147.0,57.0,20.0,11.0,169.0,34.0,2.0,0.0,0.0,0.0
205,72,7,3158.0,3015.0,633.0,0.0,740.0,5645.0,477.75055154409296,17900.462799999994,18378.21335154409,2898.0,25.0,7.0,147.0,57.0,20.0,11.0,169.0,34.0,2.0,0.0,0.0,0.0
205,73,7,3163.0,3067.0,625.0,0.0,775.0,5645.0,437.7534478969517,17749.027199999993,18186.780647896943,2898.0,25.0,7.0,147.0,57.0,20.0,11.0,169.0,34.0,2.0,0.0,0.0,0.0
205,74,7,3213.0,3082.0,641.0,0.0,774.0,5645.0,436.832808726407,19010.678799999987,19447.511608726396,2898.0,25.0,7.0,147.0,57.0,20.0,11.0,169.0,34.0,2.0,0.0,0.0,0.0
205,75,7,3229.0,3110.0,612.0,0.0,752.0,5645.0,558.7173465584938,18984.62679999998,19543.344146558473,2898.0,25.0,7.0,147.0,57.0,20.0,11.0,169.0,34.0,2.0,0.0,0.0,0.0
205,76,7,3121.0,3039.0,597.0,0.0,752.0,5645.0,274.2006042316799,18040.809599999986,18315.01020423167,2898.0,25.0,7.0,147.0,57.0,20.0,11.0,169.0,34.0,2.0,0.0,0.0,0.0
205,77,7,3217.0,3103.0,609.0,0.0,774.0,5645.0,760.0456240810748,19001.126399999983,19761.172024081057,2898.0,25.0,7.0,147.0,57.0,20.0,11.0,169.0,34.0,2.0,0.0,0.0,0.0
205,78,7,3198.0,3009.0,617.0,0.0,777.0,5645.0,599.6972225537261,20000.387599999984,20600.08482255371,2898.0,25.0,7.0,147.0,57.0,20.0,11.0,169.0,34.0,2.0,0.0,0.0,0.0
205,79,7,3197.0,3023.0,643.0,0.0,757.0,5645.0,518.6073647861167,19535.65999999998,20054.2673647861,2898.0,25.0,7.0,147.0,57.0,20.0,11.0,169.0,34.0,2.0,0.0,0.0,0.0
205,80,7,3185.0,3074.0,603.0,0.0,723.0,5645.0,393.4561279773804,18840.271999999983,19233.728127977363,2898.0,25.0,7.0,147.0,57.0,20.0,11.0,169.0,34.0,2.0,0.0,0.0,0.0
205,81,7,3213.0,3141.0,582.0,0.0,739.0,5645.0,315.79406813998924,19857.10159999999,20172.89566813998,2898.0,25.0,7.0,147.0,57.0,20.0,11.0,169.0,34.0,2.0,0.0,0.0,0.0
205,82,7,3154.0,3043.0,590.0,0.0,729.0,5645.0,517.9436128894148,19032.98999999998,19550.933612889396,2898.0,25.0,7.0,147.0,57.0,20.0,11.0,169.0,34.0,2.0,0.0,0.0,0.0
205,83,7,3230.0,3069.0,643.0,0.0,730.0,5645.0,804.0387288807028,19552.894399999983,20356.933128880682,2898.0,25.0,7.0,147.0,57.0,20.0,11.0,169.0,34.0,2.0,0.0,0.0,0.0
205,84,8,3217.0,3117.0,635.0,0.0,796.0,5645.0,718.6035113193127,19203.329999999987,19921.933511319297,2898.0,25.0,7.0,147.0,57.0,20.0,11.0,169.0,34.0,2.0,0.0,0.0,0.0
205,85,8,3178.0,2982.0,679.0,0.0,733.0,5645.0,681.502566575572,18815.82319999999,19497.325766575563,2898.0,25.0,7.0,147.0,57.0,20.0,11.0,169.0,34.0,2.0,0.0,0.0,0.0
205,86,8,3163.0,3104.0,601.0,0.0,726.0,5645.0,354.9585626229153,20756.029199999983,21110.9877626229,2898.0,25.0,7.0,147.0,57.0,20.0,11.0,169.0,34.0,2.0,0.0,0.0,0.0
205,87,8,3190.0,3111.0,629.0,0.0,717.0,5645.0,802.7261651566961,19344.27799999998,20147.004165156675,2898.0,25.0,7.0,147.0,57.0,20.0,11.0,169.0,34.0,2.0,0.0,0.0,0.0
205,88,8,3187.0,3058.0,623.0,0.0,694.0,5645.0,394.16931939189016,18609.143999999986,19003.31331939188,2898.0,25.0,7.0,147.0,57.0,20.0,11.0,169.0,34.0,2.0,0.0,0.0,0.0
205,89,8,3184.0,3022.0,651.0,0.0,740.0,5645.0,557.0517247201996,19593.976399999996,20151.028124720193,2898.0,25.0,7.0,147.0,57.0,20.0,11.0,169.0,34.0,2.0,0.0,0.0,0.0
205,90,8,3220.0,3094.0,680.0,0.0,805.0,5645.0,559.651487708572,18600.125999999986,19159.777487708558,2898.0,25.0,7.0,147.0,57.0,20.0,11.0,169.0,34.0,2.0,0.0,0.0,0.0
205,91,8,3197.0,3057.0,627.0,0.0,743.0,5645.0,843.8349144754964,18115.091199999973,18958.92611447547,2898.0,25.0,7.0,147.0,57.0,20.0,11.0,169.0,34.0,2.0,0.0,0.0,0.0
205,92,8,3240.0,3087.0,651.0,0.0,725.0,5645.0,559.1240635617678,18318.563999999988,18877.688063561756,2898.0,25.0,7.0,147.0,57.0,20.0,11.0,169.0,34.0,2.0,0.0,0.0,0.0
205,93,8,3193.0,3085.0,634.0,0.0,739.0,5645.0,558.7230823583477,18170.601999999988,18729.325082358337,2898.0,25.0,7.0,147.0,57.0,20.0,11.0,169.0,34.0,2.0,0.0,0.0,0.0
205,94,8,3229.0,3049.0,673.0,0.0,753.0,5645.0,557.0446540052061,17863.722799999978,18420.767454005185,2898.0,25.0,7.0,147.0,57.0,20.0,11.0,169.0,34.0,2.0,0.0,0.0,0.0
205,95,8,3176.0,3067.0,627.0,0.0,752.0,5645.0,678.4605105500145,20136.325599999993,20814.786110550005,2898.0,25.0,7.0,147.0,57.0,20.0,11.0,169.0,34.0,2.0,0.0,0.0,0.0
205,96,9,3198.0,3086.0,558.0,0.0,700.0,5645.0,559.1175499525579,19622.43319999999,20181.55074995255,2898.0,25.0,7.0,147.0,57.0,20.0,11.0,169.0,34.0,2.0,0.0,0.0,0.0
205,97,9,3163.0,3094.0,604.0,0.0,687.0,5645.0,475.9214581611249,18936.19679999999,19412.118258161114,2898.0,25.0,7.0,147.0,57.0,20.0,11.0,169.0,34.0,2.0,0.0,0.0,0.0
205,98,9,3206.0,3066.0,623.0,0.0,778.0,5645.0,436.68242594767725,20848.413599999978,21285.09602594766,2898.0,25.0,7.0,147.0,57.0,20.0,11.0,169.0,34.0,2.0,0.0,0.0,0.0
205,99,9,3203.0,3026.0,646.0,0.0,704.0,5645.0,434.22505568138547,18767.79399999998,19202.019055681365,2898.0,25.0,7.0,147.0,57.0,20.0,11.0,169.0,34.0,2.0,0.0,0.0,0.0
205,100,9,3160.0,3058.0,662.0,0.0,792.0,5645.0,640.6409865820614,18376.345999999987,19016.98698658205,2898.0,25.0,7.0,147.0,57.0,20.0,11.0,169.0,34.0,2.0,0.0,0.0,0.0
205,101,9,3187.0,3050.0,637.0,0.0,793.0,5645.0,478.0747631305606,19353.56319999998,19831.63796313054,2898.0,25.0,7.0,147.0,57.0,20.0,11.0,169.0,34.0,2.0,0.0,0.0,0.0
205,102,9,3212.0,3060.0,603.0,0.0,700.0,5645.0,436.1751462457922,18030.321999999982,18466.497146245772,2898.0,25.0,7.0,147.0,57.0,20.0,11.0,169.0,34.0,2.0,0.0,0.0,0.0
205,103,9,3224.0,3124.0,635.0,0.0,760.0,5645.0,190.9955304439779,18914.286399999986,19105.28193044396,2898.0,25.0,7.0,147.0,57.0,20.0,11.0,169.0,34.0,2.0,0.0,0.0,0.0
205,104,9,3248.0,3065.0,628.0,0.0,743.0,5645.0,558.2569415476562,19625.105199999984,20183.36214154764,2898.0,25.0,7.0,147.0,57.0,20.0,11.0,169.0,34.0,2.0,0.0,0.0,0.0
205,105,9,3145.0,3019.0,628.0,0.0,734.0,5645.0,842.2307518643838,18768.328399999977,19610.55915186436,2898.0,25.0,7.0,147.0,57.0,20.0,11.0,169.0,34.0,2.0,0.0,0.0,0.0
205,106,9,3212.0,3094.0,592.0,0.0,703.0,5645.0,556.4633587637296,18805.135199999982,19361.59855876371,2898.0,25.0,7.0,147.0,57.0,20.0,11.0,169.0,34.0,2.0,0.0,0.0,0.0
205,107,9,3230.0,3091.0,622.0,0.0,726.0,5645.0,353.6411348758505,17750.763999999985,18104.405134875837,2898.0,25.0,7.0,147.0,57.0,20.0,11.0,169.0,34.0,2.0,0.0,0.0,0.0
205,108,10,3215.0,3048.0,658.0,0.0,729.0,5645.0,355.5171928860197,19578.67919999998,19934.196392886,2898.0,25.0,7.0,147.0,57.0,20.0,11.0,169.0,34.0,2.0,0.0,0.0,0.0
205,109,10,3243.0,3121.0,612.0,0.0,695.0,5645.0,720.2715097994444,20076.806799999977,20797.07830979942,2898.0,25.0,7.0,147.0,57.0,20.0,11.0,169.0,34.0,2.0,0.0,0.0,0.0
205,110,10,3163.0,3051.0,646.0,0.0,766.0,5645.0,680.9316595629268,19470.797199999986,20151.728859562914,2898.0,25.0,7.0,147.0,57.0,20.0,11.0,169.0,34.0,2.0,0.0,0.0,0.0
205,111,10,3253.0,3131.0,631.0,0.0,770.0,5645.0,315.32868372402646,21068.58639999998,21383.915083724005,2898.0,25.0,7.0,147.0,57.0,20.0,11.0,169.0,34.0,2.0,0.0,0.0,0.0
205,112,10,3225.0,3150.0,645.0,0.0,762.0,5645.0,719.7829392006444,18554.167599999986,19273.950539200632,2898.0,25.0,7.0,147.0,57.0,20.0,11.0,169.0,34.0,2.0,0.0,0.0,0.0
205,113,10,3240.0,3056.0,652.0,0.0,717.0,5645.0,721.6935862785284,19181.352799999986,19903.046386278515,2898.0,25.0,7.0,147.0,57.0,20.0,11.0,169.0,34.0,2.0,0.0,0.0,0.0
205,114,10,3156.0,3048.0,636.0,0.0,757.0,5645.0,314.98323558479996,18696.852399999985,19011.835635584786,2898.0,25.0,7.0,147.0,57.0,20.0,11.0,169.0,34.0,2.0,0.0,0.0,0.0
205,115,10,3187.0,3043.0,635.0,0.0,771.0,5645.0,354.8768624465169,17731.592399999994,18086.46926244651,2898.0,25.0,7.0,147.0,57.0,20.0,11.0,169.0,34.0,2.0,0.0,0.0,0.0
205,116,10,3222.0,3059.0,627.0,0.0,770.0,5645.0,844.0120638165904,17316.964799999983,18160.976863816573,2898.0,25.0,7.0,147.0,57.0,20.0,11.0,169.0,34.0,2.0,0.0,0.0,0.0
205,117,10,3087.0,3029.0,623.0,0.0,790.0,5645.0,354.6526097022887,19442.407199999983,19797.059809702274,2898.0,25.0,7.0,147.0,57.0,20.0,11.0,169.0,34.0,2.0,0.0,0.0,0.0
205,118,10,3178.0,3032.0,653.0,0.0,692.0,5645.0,474.0003751962901,19197.451599999986,19671.451975196276,2898.0,25.0,7.0,147.0,57.0,20.0,11.0,169.0,34.0,2.0,0.0,0.0,0.0
205,119,10,3223.0,3081.0,630.0,0.0,731.0,5645.0,678.1902801634228,18116.360399999983,18794.550680163407,2898.0,25.0,7.0,147.0,57.0,20.0,11.0,169.0,34.0,2.0,0.0,0.0,0.0
206,0,1,2885.0,2885.0,583.0,0.0,708.0,5645.0,598.3739304006107,20465.916799999985,21064.290730400593,2898.0,25.0,7.0,147.0,57.0,20.0,11.0,169.0,34.0,2.0,0.0,0.0,0.0
206,1,1,2877.0,2922.0,578.0,0.0,734.0,5645.0,353.77400672330896,18433.05919999999,18786.8332067233,2898.0,25.0,7.0,147.0,57.0,20.0,11.0,169.0,34.0,2.0,0.0,0.0,0.0
206,2,1,2839.0,2870.0,640.0,0.0,758.0,5645.0,354.1086310709538,20898.513599999977,21252.622231070927,2898.0,25.0,7.0,147.0,57.0,20.0,11.0,169.0,34.0,2.0,0.0,0.0,0.0
206,3,1,2878.0,2906.0,588.0,0.0,744.0,5645.0,475.8240257192345,20367.386799999975,20843.210825719212,2898.0,25.0,7.0,147.0,57.0,20.0,11.0,169.0,34.0,2.0,0.0,0.0,0.0
206,4,1,2917.0,2925.0,592.0,0.0,756.0,5645.0,314.53988315740025,20466.45119999998,20780.991083157376,2898.0,25.0,7.0,147.0,57.0,20.0,11.0,169.0,34.0,2.0,0.0,0.0,0.0
206,5,1,2882.0,2970.0,575.0,0.0,732.0,5645.0,515.9259602745975,20059.63919999998,20575.565160274575,2898.0,25.0,7.0,147.0,57.0,20.0,11.0,169.0,34.0,2.0,0.0,0.0,0.0
206,6,1,2821.0,2945.0,521.0,0.0,715.0,5645.0,437.1750409385747,20360.439599999983,20797.61464093856,2898.0,25.0,7.0,147.0,57.0,20.0,11.0,169.0,34.0,2.0,0.0,0.0,0.0
206,7,1,2792.0,2875.0,574.0,0.0,708.0,5645.0,476.9674553032475,19596.047199999975,20073.014655303225,2898.0,25.0,7.0,147.0,57.0,20.0,11.0,169.0,34.0,2.0,0.0,0.0,0.0
206,8,1,2878.0,2836.0,601.0,0.0,702.0,5645.0,314.0111400475605,21373.46159999996,21687.472740047524,2898.0,25.0,7.0,147.0,57.0,20.0,11.0,169.0,34.0,2.0,0.0,0.0,0.0
206,9,1,2862.0,2908.0,601.0,0.0,714.0,5645.0,356.201586483027,19772.733199999977,20128.934786483,2898.0,25.0,7.0,147.0,57.0,20.0,11.0,169.0,34.0,2.0,0.0,0.0,0.0
206,10,1,2817.0,2890.0,569.0,0.0,729.0,5645.0,436.6093741273046,19074.806799999988,19511.416174127295,2898.0,25.0,7.0,147.0,57.0,20.0,11.0,169.0,34.0,2.0,0.0,0.0,0.0
206,11,1,2829.0,2916.0,563.0,0.0,725.0,5645.0,192.10931799421502,19376.341999999993,19568.451317994208,2898.0,25.0,7.0,147.0,57.0,20.0,11.0,169.0,34.0,2.0,0.0,0.0,0.0
206,12,2,2916.0,2949.0,555.0,0.0,711.0,5645.0,597.3688693417338,18143.815199999997,18741.184069341733,2898.0,25.0,7.0,147.0,57.0,20.0,11.0,169.0,34.0,2.0,0.0,0.0,0.0
206,13,2,2840.0,2860.0,542.0,0.0,701.0,5645.0,356.22936406724693,20001.18919999999,20357.418564067237,2898.0,25.0,7.0,147.0,57.0,20.0,11.0,169.0,34.0,2.0,0.0,0.0,0.0
206,14,2,2873.0,2929.0,567.0,0.0,743.0,5645.0,396.93952772846035,19324.77239999998,19721.711927728436,2898.0,25.0,7.0,147.0,57.0,20.0,11.0,169.0,34.0,2.0,0.0,0.0,0.0
206,15,2,2816.0,2846.0,589.0,0.0,739.0,5645.0,477.4157958127354,21282.81399999998,21760.229795812713,2898.0,25.0,7.0,147.0,57.0,20.0,11.0,169.0,34.0,2.0,0.0,0.0,0.0
206,16,2,2873.0,2849.0,596.0,0.0,713.0,5645.0,598.7073253097174,19526.040799999995,20124.748125309714,2898.0,25.0,7.0,147.0,57.0,20.0,11.0,169.0,34.0,2.0,0.0,0.0,0.0
206,17,2,2855.0,2947.0,563.0,0.0,729.0,5645.0,354.55882200172493,19551.09079999997,19905.6496220017,2898.0,25.0,7.0,147.0,57.0,20.0,11.0,169.0,34.0,2.0,0.0,0.0,0.0
206,18,2,2820.0,2889.0,567.0,0.0,759.0,5645.0,315.1052754226653,20382.68399999998,20697.78927542264,2898.0,25.0,7.0,147.0,57.0,20.0,11.0,169.0,34.0,2.0,0.0,0.0,0.0
206,19,2,2811.0,2865.0,562.0,0.0,732.0,5645.0,597.3361485600491,19875.337999999978,20472.67414856003,2898.0,25.0,7.0,147.0,57.0,20.0,11.0,169.0,34.0,2.0,0.0,0.0,0.0
206,20,2,2939.0,2875.0,609.0,0.0,732.0,5645.0,315.05389978376525,20641.46719999999,20956.52109978375,2898.0,25.0,7.0,147.0,57.0,20.0,11.0,169.0,34.0,2.0,0.0,0.0,0.0
206,21,2,2808.0,2893.0,592.0,0.0,757.0,5645.0,397.52137301659815,19554.09679999998,19951.618173016577,2898.0,25.0,7.0,147.0,57.0,20.0,11.0,169.0,34.0,2.0,0.0,0.0,0.0
206,22,2,2829.0,2913.0,550.0,0.0,761.0,5645.0,518.3337274967338,20665.04759999998,21183.381327496718,2898.0,25.0,7.0,147.0,57.0,20.0,11.0,169.0,34.0,2.0,0.0,0.0,0.0
206,23,2,2846.0,2876.0,580.0,0.0,736.0,5645.0,356.68872521996343,20851.553199999977,21208.24192521994,2898.0,25.0,7.0,147.0,57.0,20.0,11.0,169.0,34.0,2.0,0.0,0.0,0.0
206,24,3,2853.0,2931.0,593.0,0.0,728.0,5645.0,598.1151548756807,21552.68599999998,22150.801154875662,2898.0,25.0,7.0,147.0,57.0,20.0,11.0,169.0,34.0,2.0,0.0,0.0,0.0
206,25,3,2906.0,2943.0,576.0,0.0,726.0,5645.0,598.467959202876,19616.487999999976,20214.955959202853,2898.0,25.0,7.0,147.0,57.0,20.0,11.0,169.0,34.0,2.0,0.0,0.0,0.0
206,26,3,2882.0,2924.0,548.0,0.0,737.0,5645.0,518.837753886001,20870.123599999977,21388.961353885978,2898.0,25.0,7.0,147.0,57.0,20.0,11.0,169.0,34.0,2.0,0.0,0.0,0.0
206,27,3,2848.0,2914.0,551.0,0.0,758.0,5645.0,517.4684183393836,20932.915599999982,21450.384018339366,2898.0,25.0,7.0,147.0,57.0,20.0,11.0,169.0,34.0,2.0,0.0,0.0,0.0
206,28,3,2898.0,2903.0,569.0,0.0,697.0,5645.0,559.4809293123567,20358.769599999985,20918.25052931234,2898.0,25.0,7.0,147.0,57.0,20.0,11.0,169.0,34.0,2.0,0.0,0.0,0.0
206,29,3,2913.0,2980.0,548.0,0.0,723.0,5645.0,354.997269136812,18402.932399999987,18757.929669136804,2898.0,25.0,7.0,147.0,57.0,20.0,11.0,169.0,34.0,2.0,0.0,0.0,0.0
206,30,3,2845.0,2879.0,610.0,0.0,759.0,5645.0,519.0243988730446,21274.597599999983,21793.621998873023,2898.0,25.0,7.0,147.0,57.0,20.0,11.0,169.0,34.0,2.0,0.0,0.0,0.0
206,31,3,2900.0,2908.0,618.0,0.0,709.0,5645.0,234.4183282443305,19898.71799999999,20133.13632824432,2898.0,25.0,7.0,147.0,57.0,20.0,11.0,169.0,34.0,2.0,0.0,0.0,0.0
206,32,3,2782.0,2834.0,584.0,0.0,742.0,5645.0,557.2690638022198,19780.08119999999,20337.350263802207,2898.0,25.0,7.0,147.0,57.0,20.0,11.0,169.0,34.0,2.0,0.0,0.0,0.0
206,33,3,2801.0,2903.0,580.0,0.0,753.0,5645.0,598.6217694507797,19127.97959999999,19726.60136945077,2898.0,25.0,7.0,147.0,57.0,20.0,11.0,169.0,34.0,2.0,0.0,0.0,0.0
206,34,3,2860.0,2872.0,598.0,0.0,699.0,5645.0,273.2930723337384,19853.093599999997,20126.386672333734,2898.0,25.0,7.0,147.0,57.0,20.0,11.0,169.0,34.0,2.0,0.0,0.0,0.0
206,35,3,2829.0,2853.0,562.0,0.0,688.0,5645.0,395.0716814090762,20503.257999999973,20898.32968140905,2898.0,25.0,7.0,147.0,57.0,20.0,11.0,169.0,34.0,2.0,0.0,0.0,0.0
206,36,4,2865.0,2921.0,555.0,0.0,741.0,5645.0,517.1161725306836,18979.750399999983,19496.866572530664,2898.0,25.0,7.0,147.0,57.0,20.0,11.0,169.0,34.0,2.0,0.0,0.0,0.0
206,37,4,2813.0,2941.0,548.0,0.0,752.0,5645.0,638.7016510081179,19750.95639999999,20389.65805100811,2898.0,25.0,7.0,147.0,57.0,20.0,11.0,169.0,34.0,2.0,0.0,0.0,0.0
206,38,4,2775.0,2857.0,554.0,0.0,703.0,5645.0,435.1980265021507,19746.34719999997,20181.545226502123,2898.0,25.0,7.0,147.0,57.0,20.0,11.0,169.0,34.0,2.0,0.0,0.0,0.0
206,39,4,2781.0,2851.0,572.0,0.0,718.0,5645.0,435.97613535673884,21449.546799999975,21885.522935356712,2898.0,25.0,7.0,147.0,57.0,20.0,11.0,169.0,34.0,2.0,0.0,0.0,0.0
206,40,4,2817.0,2899.0,544.0,0.0,675.0,5645.0,110.93598317787337,21020.35679999998,21131.292783177854,2898.0,25.0,7.0,147.0,57.0,20.0,11.0,169.0,34.0,2.0,0.0,0.0,0.0
206,41,4,2866.0,2953.0,544.0,0.0,723.0,5645.0,515.6358442382505,20912.14079999999,21427.776644238238,2898.0,25.0,7.0,147.0,57.0,20.0,11.0,169.0,34.0,2.0,0.0,0.0,0.0
206,42,4,2895.0,2905.0,605.0,0.0,726.0,5645.0,436.1021216015786,20594.03919999998,21030.14132160156,2898.0,25.0,7.0,147.0,57.0,20.0,11.0,169.0,34.0,2.0,0.0,0.0,0.0
206,43,4,2874.0,2945.0,549.0,0.0,727.0,5645.0,516.9776140667396,18845.482399999983,19362.46001406672,2898.0,25.0,7.0,147.0,57.0,20.0,11.0,169.0,34.0,2.0,0.0,0.0,0.0
206,44,4,2871.0,2866.0,565.0,0.0,727.0,5645.0,476.65744093897956,21029.708799999982,21506.36624093896,2898.0,25.0,7.0,147.0,57.0,20.0,11.0,169.0,34.0,2.0,0.0,0.0,0.0
206,45,4,2799.0,2912.0,545.0,0.0,722.0,5645.0,312.70582600994504,20483.885999999988,20796.591826009935,2898.0,25.0,7.0,147.0,57.0,20.0,11.0,169.0,34.0,2.0,0.0,0.0,0.0
206,46,4,2878.0,2961.0,571.0,0.0,753.0,5645.0,311.98724386212547,19982.81919999999,20294.80644386212,2898.0,25.0,7.0,147.0,57.0,20.0,11.0,169.0,34.0,2.0,0.0,0.0,0.0
206,47,4,2817.0,2872.0,593.0,0.0,709.0,5645.0,638.8869409200967,19220.831599999983,19859.71854092008,2898.0,25.0,7.0,147.0,57.0,20.0,11.0,169.0,34.0,2.0,0.0,0.0,0.0
206,48,5,2818.0,2844.0,582.0,0.0,711.0,5645.0,435.4071446569939,19249.288399999983,19684.695544656974,2898.0,25.0,7.0,147.0,57.0,20.0,11.0,169.0,34.0,2.0,0.0,0.0,0.0
206,49,5,2783.0,2881.0,567.0,0.0,721.0,5645.0,641.0097162073524,19740.13479999998,20381.144516207336,2898.0,25.0,7.0,147.0,57.0,20.0,11.0,169.0,34.0,2.0,0.0,0.0,0.0
206,50,5,2765.0,2880.0,572.0,0.0,704.0,5645.0,639.8770919815804,19871.864399999988,20511.741491981567,2898.0,25.0,7.0,147.0,57.0,20.0,11.0,169.0,34.0,2.0,0.0,0.0,0.0
206,51,5,2889.0,2921.0,610.0,0.0,730.0,5645.0,719.9812809742855,20365.115599999976,21085.096880974263,2898.0,25.0,7.0,147.0,57.0,20.0,11.0,169.0,34.0,2.0,0.0,0.0,0.0
206,52,5,2879.0,2912.0,608.0,0.0,780.0,5645.0,597.8529026321378,20414.81479999998,21012.667702632116,2898.0,25.0,7.0,147.0,57.0,20.0,11.0,169.0,34.0,2.0,0.0,0.0,0.0
206,53,5,2841.0,2954.0,527.0,0.0,675.0,5645.0,719.9179820112909,20135.189999999977,20855.10798201127,2898.0,25.0,7.0,147.0,57.0,20.0,11.0,169.0,34.0,2.0,0.0,0.0,0.0
206,54,5,2908.0,2929.0,607.0,0.0,746.0,5645.0,353.316299749519,18516.358799999976,18869.675099749496,2898.0,25.0,7.0,147.0,57.0,20.0,11.0,169.0,34.0,2.0,0.0,0.0,0.0
206,55,5,2827.0,2823.0,569.0,0.0,689.0,5645.0,517.5411072830668,18894.580399999995,19412.121507283064,2898.0,25.0,7.0,147.0,57.0,20.0,11.0,169.0,34.0,2.0,0.0,0.0,0.0
206,56,5,2858.0,2981.0,544.0,0.0,688.0,5645.0,598.7142097919393,18741.94239999998,19340.65660979192,2898.0,25.0,7.0,147.0,57.0,20.0,11.0,169.0,34.0,2.0,0.0,0.0,0.0
206,57,5,2820.0,2954.0,568.0,0.0,727.0,5645.0,354.64093219435676,18991.774399999988,19346.415332194345,2898.0,25.0,7.0,147.0,57.0,20.0,11.0,169.0,34.0,2.0,0.0,0.0,0.0
206,58,5,2893.0,2909.0,626.0,0.0,710.0,5645.0,274.08105266497085,20104.99639999998,20379.07745266495,2898.0,25.0,7.0,147.0,57.0,20.0,11.0,169.0,34.0,2.0,0.0,0.0,0.0
206,59,5,2836.0,2893.0,608.0,0.0,752.0,5645.0,478.9159048629153,19069.930399999987,19548.846304862902,2898.0,25.0,7.0,147.0,57.0,20.0,11.0,169.0,34.0,2.0,0.0,0.0,0.0
206,60,6,2846.0,2879.0,597.0,0.0,782.0,5645.0,355.3546326416492,20256.699199999974,20612.05383264162,2898.0,25.0,7.0,147.0,57.0,20.0,11.0,169.0,34.0,2.0,0.0,0.0,0.0
206,61,6,2807.0,2878.0,582.0,0.0,751.0,5645.0,720.8753156923531,20924.899599999982,21645.77491569233,2898.0,25.0,7.0,147.0,57.0,20.0,11.0,169.0,34.0,2.0,0.0,0.0,0.0
206,62,6,2909.0,2961.0,616.0,0.0,800.0,5645.0,394.9659735609343,19767.589599999985,20162.55557356092,2898.0,25.0,7.0,147.0,57.0,20.0,11.0,169.0,34.0,2.0,0.0,0.0,0.0
206,63,6,2868.0,2914.0,573.0,0.0,741.0,5645.0,436.63294502518454,21695.237199999978,22131.870145025165,2898.0,25.0,7.0,147.0,57.0,20.0,11.0,169.0,34.0,2.0,0.0,0.0,0.0
206,64,6,2841.0,2881.0,586.0,0.0,758.0,5645.0,558.1715614271674,18576.34519999998,19134.51676142715,2898.0,25.0,7.0,147.0,57.0,20.0,11.0,169.0,34.0,2.0,0.0,0.0,0.0
206,65,6,2875.0,2901.0,575.0,0.0,740.0,5645.0,517.8222281900704,20828.373599999977,21346.195828190048,2898.0,25.0,7.0,147.0,57.0,20.0,11.0,169.0,34.0,2.0,0.0,0.0,0.0
206,66,6,2837.0,2920.0,582.0,0.0,765.0,5645.0,720.1531859690084,20361.44159999997,21081.594785968977,2898.0,25.0,7.0,147.0,57.0,20.0,11.0,169.0,34.0,2.0,0.0,0.0,0.0
206,67,6,2832.0,2804.0,566.0,0.0,698.0,5645.0,436.0395488118512,19150.62479999999,19586.664348811846,2898.0,25.0,7.0,147.0,57.0,20.0,11.0,169.0,34.0,2.0,0.0,0.0,0.0
206,68,6,2893.0,2967.0,583.0,0.0,748.0,5645.0,515.9633794132268,21099.11399999998,21615.077379413207,2898.0,25.0,7.0,147.0,57.0,20.0,11.0,169.0,34.0,2.0,0.0,0.0,0.0
206,69,6,2857.0,2868.0,579.0,0.0,718.0,5645.0,354.9911327152066,18793.845999999983,19148.837132715187,2898.0,25.0,7.0,147.0,57.0,20.0,11.0,169.0,34.0,2.0,0.0,0.0,0.0
206,70,6,2811.0,2920.0,559.0,0.0,753.0,5645.0,516.4034564688334,19927.64239999997,20444.04585646881,2898.0,25.0,7.0,147.0,57.0,20.0,11.0,169.0,34.0,2.0,0.0,0.0,0.0
206,71,6,2818.0,2848.0,573.0,0.0,718.0,5645.0,396.4109283607941,19388.633199999986,19785.044128360783,2898.0,25.0,7.0,147.0,57.0,20.0,11.0,169.0,34.0,2.0,0.0,0.0,0.0
206,72,7,2815.0,2871.0,576.0,0.0,722.0,5645.0,436.109677599609,19079.349199999982,19515.45887759959,2898.0,25.0,7.0,147.0,57.0,20.0,11.0,169.0,34.0,2.0,0.0,0.0,0.0
206,73,7,2854.0,2897.0,586.0,0.0,751.0,5645.0,557.2805406767874,20561.841599999985,21119.122140676773,2898.0,25.0,7.0,147.0,57.0,20.0,11.0,169.0,34.0,2.0,0.0,0.0,0.0
206,74,7,2884.0,2939.0,571.0,0.0,714.0,5645.0,599.1479035695381,19816.286799999976,20415.434703569517,2898.0,25.0,7.0,147.0,57.0,20.0,11.0,169.0,34.0,2.0,0.0,0.0,0.0
206,75,7,2790.0,2872.0,560.0,0.0,734.0,5645.0,435.2107196389519,21460.702399999976,21895.913119638928,2898.0,25.0,7.0,147.0,57.0,20.0,11.0,169.0,34.0,2.0,0.0,0.0,0.0
206,76,7,2886.0,2918.0,585.0,0.0,766.0,5645.0,679.7538285020769,20368.856399999975,21048.610228502053,2898.0,25.0,7.0,147.0,57.0,20.0,11.0,169.0,34.0,2.0,0.0,0.0,0.0
206,77,7,2863.0,2822.0,609.0,0.0,751.0,5645.0,557.4035938968348,20777.872799999976,21335.276393896813,2898.0,25.0,7.0,147.0,57.0,20.0,11.0,169.0,34.0,2.0,0.0,0.0,0.0
206,78,7,2848.0,2889.0,565.0,0.0,716.0,5645.0,637.8160132244695,20290.900799999974,20928.716813224448,2898.0,25.0,7.0,147.0,57.0,20.0,11.0,169.0,34.0,2.0,0.0,0.0,0.0
206,79,7,2819.0,2900.0,531.0,0.0,704.0,5645.0,313.49300487560845,20051.82359999998,20365.31660487559,2898.0,25.0,7.0,147.0,57.0,20.0,11.0,169.0,34.0,2.0,0.0,0.0,0.0
206,80,7,2852.0,2948.0,544.0,0.0,726.0,5645.0,356.57099298452573,21385.685999999983,21742.256992984505,2898.0,25.0,7.0,147.0,57.0,20.0,11.0,169.0,34.0,2.0,0.0,0.0,0.0
206,81,7,2782.0,2877.0,525.0,0.0,727.0,5645.0,560.5541463704288,20943.202799999985,21503.75694637041,2898.0,25.0,7.0,147.0,57.0,20.0,11.0,169.0,34.0,2.0,0.0,0.0,0.0
206,82,7,2905.0,2909.0,598.0,0.0,725.0,5645.0,641.1539453222234,21036.388799999982,21677.542745322207,2898.0,25.0,7.0,147.0,57.0,20.0,11.0,169.0,34.0,2.0,0.0,0.0,0.0
206,83,7,2872.0,2935.0,605.0,0.0,771.0,5645.0,599.4357309852039,20397.31319999998,20996.748930985184,2898.0,25.0,7.0,147.0,57.0,20.0,11.0,169.0,34.0,2.0,0.0,0.0,0.0
206,84,8,2851.0,2805.0,619.0,0.0,715.0,5645.0,721.1362054675823,19626.37439999999,20347.510605467574,2898.0,25.0,7.0,147.0,57.0,20.0,11.0,169.0,34.0,2.0,0.0,0.0,0.0
206,85,8,2799.0,2910.0,549.0,0.0,723.0,5645.0,395.3708357376439,22188.75559999999,22584.12643573763,2898.0,25.0,7.0,147.0,57.0,20.0,11.0,169.0,34.0,2.0,0.0,0.0,0.0
206,86,8,2844.0,2914.0,601.0,0.0,761.0,5645.0,436.6539369466652,20825.100399999974,21261.754336946637,2898.0,25.0,7.0,147.0,57.0,20.0,11.0,169.0,34.0,2.0,0.0,0.0,0.0
206,87,8,2837.0,2887.0,564.0,0.0,712.0,5645.0,476.02315586080846,20193.506399999984,20669.52955586079,2898.0,25.0,7.0,147.0,57.0,20.0,11.0,169.0,34.0,2.0,0.0,0.0,0.0
206,88,8,2854.0,2877.0,596.0,0.0,701.0,5645.0,435.1880472679352,20066.78679999999,20501.974847267928,2898.0,25.0,7.0,147.0,57.0,20.0,11.0,169.0,34.0,2.0,0.0,0.0,0.0
206,89,8,2861.0,2926.0,600.0,0.0,759.0,5645.0,599.3005633895763,20037.92919999999,20637.229763389572,2898.0,25.0,7.0,147.0,57.0,20.0,11.0,169.0,34.0,2.0,0.0,0.0,0.0
206,90,8,2839.0,2898.0,570.0,0.0,724.0,5645.0,843.2173002162461,19069.329199999982,19912.546500216224,2898.0,25.0,7.0,147.0,57.0,20.0,11.0,169.0,34.0,2.0,0.0,0.0,0.0
206,91,8,2857.0,2874.0,603.0,0.0,679.0,5645.0,235.57153279182631,20263.64639999998,20499.217932791806,2898.0,25.0,7.0,147.0,57.0,20.0,11.0,169.0,34.0,2.0,0.0,0.0,0.0
206,92,8,2822.0,2877.0,608.0,0.0,742.0,5645.0,476.49995020749014,19842.605999999978,20319.10595020747,2898.0,25.0,7.0,147.0,57.0,20.0,11.0,169.0,34.0,2.0,0.0,0.0,0.0
206,93,8,2896.0,2923.0,595.0,0.0,729.0,5645.0,679.2074915171928,19278.34639999998,19957.553891517175,2898.0,25.0,7.0,147.0,57.0,20.0,11.0,169.0,34.0,2.0,0.0,0.0,0.0
206,94,8,2816.0,2875.0,585.0,0.0,715.0,5645.0,516.1410727210998,21060.77079999999,21576.911872721088,2898.0,25.0,7.0,147.0,57.0,20.0,11.0,169.0,34.0,2.0,0.0,0.0,0.0
206,95,8,2860.0,2885.0,528.0,0.0,698.0,5645.0,517.7486960599708,20535.18839999999,21052.93709605996,2898.0,25.0,7.0,147.0,57.0,20.0,11.0,169.0,34.0,2.0,0.0,0.0,0.0
206,96,9,2812.0,2935.0,531.0,0.0,694.0,5645.0,556.8756634594943,19384.157599999988,19941.03326345948,2898.0,25.0,7.0,147.0,57.0,20.0,11.0,169.0,34.0,2.0,0.0,0.0,0.0
206,97,9,2845.0,2910.0,557.0,0.0,733.0,5645.0,436.31635765653414,21285.619599999973,21721.935957656508,2898.0,25.0,7.0,147.0,57.0,20.0,11.0,169.0,34.0,2.0,0.0,0.0,0.0
206,98,9,2831.0,2801.0,631.0,0.0,691.0,5645.0,516.5926914723725,19259.77599999998,19776.36869147235,2898.0,25.0,7.0,147.0,57.0,20.0,11.0,169.0,34.0,2.0,0.0,0.0,0.0
206,99,9,2825.0,2875.0,620.0,0.0,792.0,5645.0,638.797643089285,19969.72639999998,20608.524043089266,2898.0,25.0,7.0,147.0,57.0,20.0,11.0,169.0,34.0,2.0,0.0,0.0,0.0
206,100,9,2859.0,2891.0,580.0,0.0,765.0,5645.0,397.2150698062425,20085.89159999998,20483.10666980622,2898.0,25.0,7.0,147.0,57.0,20.0,11.0,169.0,34.0,2.0,0.0,0.0,0.0
206,101,9,2884.0,2889.0,562.0,0.0,722.0,5645.0,273.173493360118,20990.02959999999,21263.20309336011,2898.0,25.0,7.0,147.0,57.0,20.0,11.0,169.0,34.0,2.0,0.0,0.0,0.0
206,102,9,2874.0,2958.0,570.0,0.0,718.0,5645.0,270.333437780203,19484.891999999985,19755.225437780187,2898.0,25.0,7.0,147.0,57.0,20.0,11.0,169.0,34.0,2.0,0.0,0.0,0.0
206,103,9,2878.0,2890.0,580.0,0.0,728.0,5645.0,558.2715967455979,21440.395199999974,21998.666796745576,2898.0,25.0,7.0,147.0,57.0,20.0,11.0,169.0,34.0,2.0,0.0,0.0,0.0
206,104,9,2804.0,2872.0,574.0,0.0,732.0,5645.0,355.8078781123217,19874.06879999998,20229.8766781123,2898.0,25.0,7.0,147.0,57.0,20.0,11.0,169.0,34.0,2.0,0.0,0.0,0.0
206,105,9,2891.0,2926.0,547.0,0.0,664.0,5645.0,230.7241421628769,19306.535999999982,19537.26014216286,2898.0,25.0,7.0,147.0,57.0,20.0,11.0,169.0,34.0,2.0,0.0,0.0,0.0
206,106,9,2887.0,2908.0,575.0,0.0,713.0,5645.0,434.40198958340807,19011.480399999982,19445.882389583392,2898.0,25.0,7.0,147.0,57.0,20.0,11.0,169.0,34.0,2.0,0.0,0.0,0.0
206,107,9,2859.0,2879.0,596.0,0.0,700.0,5645.0,235.0398478414086,21102.320399999968,21337.360247841378,2898.0,25.0,7.0,147.0,57.0,20.0,11.0,169.0,34.0,2.0,0.0,0.0,0.0
206,108,10,2895.0,2929.0,564.0,0.0,671.0,5645.0,518.2074338913455,20014.749599999977,20532.95703389132,2898.0,25.0,7.0,147.0,57.0,20.0,11.0,169.0,34.0,2.0,0.0,0.0,0.0
206,109,10,2839.0,2900.0,588.0,0.0,752.0,5645.0,518.8994063812477,21401.985199999977,21920.884606381227,2898.0,25.0,7.0,147.0,57.0,20.0,11.0,169.0,34.0,2.0,0.0,0.0,0.0
206,110,10,2932.0,2956.0,610.0,0.0,772.0,5645.0,678.6997293212338,21777.401199999986,22456.100929321216,2898.0,25.0,7.0,147.0,57.0,20.0,11.0,169.0,34.0,2.0,0.0,0.0,0.0
206,111,10,2911.0,3013.0,589.0,0.0,754.0,5645.0,476.0107164883643,19291.171999999984,19767.182716488347,2898.0,25.0,7.0,147.0,57.0,20.0,11.0,169.0,34.0,2.0,0.0,0.0,0.0
206,112,10,2852.0,2878.0,601.0,0.0,704.0,5645.0,681.8478215572202,20149.084399999985,20830.932221557203,2898.0,25.0,7.0,147.0,57.0,20.0,11.0,169.0,34.0,2.0,0.0,0.0,0.0
206,113,10,2789.0,2872.0,574.0,0.0,767.0,5645.0,394.40294867154057,19235.393999999993,19629.796948671534,2898.0,25.0,7.0,147.0,57.0,20.0,11.0,169.0,34.0,2.0,0.0,0.0,0.0
206,114,10,2846.0,2861.0,606.0,0.0,753.0,5645.0,720.2653577539281,19039.26919999999,19759.53455775392,2898.0,25.0,7.0,147.0,57.0,20.0,11.0,169.0,34.0,2.0,0.0,0.0,0.0
206,115,10,2870.0,2864.0,587.0,0.0,743.0,5645.0,681.3743454158589,20635.92279999998,21317.297145415836,2898.0,25.0,7.0,147.0,57.0,20.0,11.0,169.0,34.0,2.0,0.0,0.0,0.0
206,116,10,2754.0,2867.0,573.0,0.0,754.0,5645.0,599.0906007436437,20079.879599999986,20678.97020074363,2898.0,25.0,7.0,147.0,57.0,20.0,11.0,169.0,34.0,2.0,0.0,0.0,0.0
206,117,10,2865.0,2892.0,597.0,0.0,684.0,5645.0,514.0022194372426,20024.23519999998,20538.237419437228,2898.0,25.0,7.0,147.0,57.0,20.0,11.0,169.0,34.0,2.0,0.0,0.0,0.0
206,118,10,2875.0,2914.0,597.0,0.0,738.0,5645.0,516.0783856708639,20166.85319999999,20682.93158567085,2898.0,25.0,7.0,147.0,57.0,20.0,11.0,169.0,34.0,2.0,0.0,0.0,0.0
206,119,10,2804.0,2807.0,624.0,0.0,756.0,5645.0,314.8424346391824,19275.139999999985,19589.98243463917,2898.0,25.0,7.0,147.0,57.0,20.0,11.0,169.0,34.0,2.0,0.0,0.0,0.0
207,0,1,3487.0,3181.0,706.0,0.0,747.0,5645.0,276.6176955691317,17791.84599999999,18068.463695569124,2898.0,25.0,7.0,147.0,57.0,20.0,11.0,169.0,34.0,2.0,0.0,0.0,0.0
207,1,1,3468.0,3133.0,753.0,0.0,781.0,5645.0,399.65131121719867,20400.719999999983,20800.371311217183,2898.0,25.0,7.0,147.0,57.0,20.0,11.0,169.0,34.0,2.0,0.0,0.0,0.0
207,2,1,3474.0,3169.0,707.0,0.0,819.0,5645.0,400.14649020617577,20530.579199999986,20930.72569020616,2898.0,25.0,7.0,147.0,57.0,20.0,11.0,169.0,34.0,2.0,0.0,0.0,0.0
207,3,1,3497.0,3154.0,736.0,0.0,778.0,5645.0,400.7573381505001,20703.123599999977,21103.88093815048,2898.0,25.0,7.0,147.0,57.0,20.0,11.0,169.0,34.0,2.0,0.0,0.0,0.0
207,4,1,3481.0,3201.0,730.0,0.0,792.0,5645.0,239.0470580923186,19753.89559999998,19992.942658092303,2898.0,25.0,7.0,147.0,57.0,20.0,11.0,169.0,34.0,2.0,0.0,0.0,0.0
207,5,1,3443.0,3193.0,675.0,0.0,800.0,5645.0,564.5954190736777,19220.898399999984,19785.493819073665,2898.0,25.0,7.0,147.0,57.0,20.0,11.0,169.0,34.0,2.0,0.0,0.0,0.0
207,6,1,3418.0,3123.0,716.0,0.0,798.0,5645.0,280.65546468373395,20288.36239999998,20569.017864683716,2898.0,25.0,7.0,147.0,57.0,20.0,11.0,169.0,34.0,2.0,0.0,0.0,0.0
207,7,1,3462.0,3099.0,730.0,0.0,726.0,5645.0,481.40202858284374,20419.02319999998,20900.425228582822,2898.0,25.0,7.0,147.0,57.0,20.0,11.0,169.0,34.0,2.0,0.0,0.0,0.0
207,8,1,3433.0,3145.0,737.0,0.0,802.0,5645.0,361.08120101088133,19137.66559999999,19498.746801010868,2898.0,25.0,7.0,147.0,57.0,20.0,11.0,169.0,34.0,2.0,0.0,0.0,0.0
207,9,1,3409.0,3143.0,685.0,0.0,765.0,5645.0,440.9055553310534,18809.54399999999,19250.44955533104,2898.0,25.0,7.0,147.0,57.0,20.0,11.0,169.0,34.0,2.0,0.0,0.0,0.0
207,10,1,3390.0,3149.0,677.0,0.0,752.0,5645.0,116.83634175627573,18861.113599999986,18977.949941756262,2898.0,25.0,7.0,147.0,57.0,20.0,11.0,169.0,34.0,2.0,0.0,0.0,0.0
207,11,1,3491.0,3137.0,734.0,0.0,791.0,5645.0,317.5797992318908,18277.749199999984,18595.32899923187,2898.0,25.0,7.0,147.0,57.0,20.0,11.0,169.0,34.0,2.0,0.0,0.0,0.0
207,12,2,3447.0,3102.0,680.0,0.0,730.0,5645.0,239.0937295886195,19117.825999999983,19356.919729588604,2898.0,25.0,7.0,147.0,57.0,20.0,11.0,169.0,34.0,2.0,0.0,0.0,0.0
207,13,2,3449.0,3151.0,710.0,0.0,789.0,5645.0,280.99955397039037,19121.099199999986,19402.09875397038,2898.0,25.0,7.0,147.0,57.0,20.0,11.0,169.0,34.0,2.0,0.0,0.0,0.0
207,14,2,3416.0,3098.0,734.0,0.0,819.0,5645.0,279.7425975684652,19985.891999999985,20265.634597568445,2898.0,25.0,7.0,147.0,57.0,20.0,11.0,169.0,34.0,2.0,0.0,0.0,0.0
207,15,2,3490.0,3127.0,691.0,0.0,745.0,5645.0,439.9962475232287,18882.155599999987,19322.151847523215,2898.0,25.0,7.0,147.0,57.0,20.0,11.0,169.0,34.0,2.0,0.0,0.0,0.0
207,16,2,3456.0,3166.0,716.0,0.0,761.0,5645.0,357.9412165612529,18508.14239999998,18866.08361656123,2898.0,25.0,7.0,147.0,57.0,20.0,11.0,169.0,34.0,2.0,0.0,0.0,0.0
207,17,2,3433.0,3182.0,684.0,0.0,805.0,5645.0,361.84518782778355,19610.542799999985,19972.387987827766,2898.0,25.0,7.0,147.0,57.0,20.0,11.0,169.0,34.0,2.0,0.0,0.0,0.0
207,18,2,3410.0,3129.0,672.0,0.0,787.0,5645.0,279.7236824857478,19408.940399999985,19688.664082485735,2898.0,25.0,7.0,147.0,57.0,20.0,11.0,169.0,34.0,2.0,0.0,0.0,0.0
207,19,2,3511.0,3126.0,731.0,0.0,775.0,5645.0,320.8109786032209,19878.544399999977,20199.3553786032,2898.0,25.0,7.0,147.0,57.0,20.0,11.0,169.0,34.0,2.0,0.0,0.0,0.0
207,20,2,3448.0,3160.0,717.0,0.0,766.0,5645.0,322.2516596341833,19682.820399999982,20005.072059634163,2898.0,25.0,7.0,147.0,57.0,20.0,11.0,169.0,34.0,2.0,0.0,0.0,0.0
207,21,2,3420.0,3160.0,678.0,0.0,814.0,5645.0,401.278021172505,20241.001199999977,20642.279221172485,2898.0,25.0,7.0,147.0,57.0,20.0,11.0,169.0,34.0,2.0,0.0,0.0,0.0
207,22,2,3419.0,3101.0,702.0,0.0,789.0,5645.0,401.18474079886903,18963.31759999998,19364.50234079885,2898.0,25.0,7.0,147.0,57.0,20.0,11.0,169.0,34.0,2.0,0.0,0.0,0.0
207,23,2,3421.0,3198.0,675.0,0.0,758.0,5645.0,481.2368661558957,20776.469999999976,21257.706866155873,2898.0,25.0,7.0,147.0,57.0,20.0,11.0,169.0,34.0,2.0,0.0,0.0,0.0
207,24,3,3479.0,3185.0,695.0,0.0,773.0,5645.0,522.7191135247787,18660.179199999984,19182.898313524765,2898.0,25.0,7.0,147.0,57.0,20.0,11.0,169.0,34.0,2.0,0.0,0.0,0.0
207,25,3,3463.0,3194.0,673.0,0.0,779.0,5645.0,444.02455306321974,18497.3876,18941.412153063215,2898.0,25.0,7.0,147.0,57.0,20.0,11.0,169.0,34.0,2.0,0.0,0.0,0.0
207,26,3,3406.0,3121.0,671.0,0.0,801.0,5645.0,239.75889376169084,19126.64359999999,19366.402493761678,2898.0,25.0,7.0,147.0,57.0,20.0,11.0,169.0,34.0,2.0,0.0,0.0,0.0
207,27,3,3520.0,3180.0,694.0,0.0,755.0,5645.0,279.9293128083155,18403.867599999983,18683.7969128083,2898.0,25.0,7.0,147.0,57.0,20.0,11.0,169.0,34.0,2.0,0.0,0.0,0.0
207,28,3,3518.0,3222.0,661.0,0.0,774.0,5645.0,361.76208187076554,18100.194799999997,18461.956881870763,2898.0,25.0,7.0,147.0,57.0,20.0,11.0,169.0,34.0,2.0,0.0,0.0,0.0
207,29,3,3451.0,3158.0,714.0,0.0,791.0,5645.0,403.3855974292842,20336.32479999998,20739.710397429266,2898.0,25.0,7.0,147.0,57.0,20.0,11.0,169.0,34.0,2.0,0.0,0.0,0.0
207,30,3,3501.0,3196.0,692.0,0.0,761.0,5645.0,156.62881423253913,19722.29919999998,19878.92801423252,2898.0,25.0,7.0,147.0,57.0,20.0,11.0,169.0,34.0,2.0,0.0,0.0,0.0
207,31,3,3394.0,3084.0,725.0,0.0,776.0,5645.0,482.48046998636437,20292.63759999998,20775.118069986343,2898.0,25.0,7.0,147.0,57.0,20.0,11.0,169.0,34.0,2.0,0.0,0.0,0.0
207,32,3,3396.0,3148.0,701.0,0.0,785.0,5645.0,400.75114004053466,19462.31359999998,19863.064740040514,2898.0,25.0,7.0,147.0,57.0,20.0,11.0,169.0,34.0,2.0,0.0,0.0,0.0
207,33,3,3459.0,3121.0,743.0,0.0,753.0,5645.0,561.1443044873673,18754.83479999999,19315.979104487356,2898.0,25.0,7.0,147.0,57.0,20.0,11.0,169.0,34.0,2.0,0.0,0.0,0.0
207,34,3,3415.0,3121.0,686.0,0.0,779.0,5645.0,195.98447184200938,19695.779599999987,19891.764071841997,2898.0,25.0,7.0,147.0,57.0,20.0,11.0,169.0,34.0,2.0,0.0,0.0,0.0
207,35,3,3437.0,3153.0,674.0,0.0,758.0,5645.0,280.10820720489136,19767.65639999998,20047.764607204874,2898.0,25.0,7.0,147.0,57.0,20.0,11.0,169.0,34.0,2.0,0.0,0.0,0.0
207,36,4,3413.0,3186.0,679.0,0.0,774.0,5645.0,236.75559720465043,19084.02519999999,19320.780797204643,2898.0,25.0,7.0,147.0,57.0,20.0,11.0,169.0,34.0,2.0,0.0,0.0,0.0
207,37,4,3366.0,3081.0,704.0,0.0,767.0,5645.0,317.41875465389955,18575.409999999974,18892.828754653874,2898.0,25.0,7.0,147.0,57.0,20.0,11.0,169.0,34.0,2.0,0.0,0.0,0.0
207,38,4,3418.0,3084.0,741.0,0.0,767.0,5645.0,400.23619789269463,20793.169999999984,21193.406197892677,2898.0,25.0,7.0,147.0,57.0,20.0,11.0,169.0,34.0,2.0,0.0,0.0,0.0
207,39,4,3401.0,3158.0,647.0,0.0,762.0,5645.0,442.27970821502174,21003.122399999986,21445.40210821501,2898.0,25.0,7.0,147.0,57.0,20.0,11.0,169.0,34.0,2.0,0.0,0.0,0.0
207,40,4,3433.0,3168.0,684.0,0.0,758.0,5645.0,361.1092010697111,19992.23799999999,20353.3472010697,2898.0,25.0,7.0,147.0,57.0,20.0,11.0,169.0,34.0,2.0,0.0,0.0,0.0
207,41,4,3478.0,3133.0,745.0,0.0,756.0,5645.0,399.6445281464511,19803.527999999988,20203.17252814644,2898.0,25.0,7.0,147.0,57.0,20.0,11.0,169.0,34.0,2.0,0.0,0.0,0.0
207,42,4,3446.0,3173.0,687.0,0.0,791.0,5645.0,360.40996083189015,19242.875599999978,19603.28556083187,2898.0,25.0,7.0,147.0,57.0,20.0,11.0,169.0,34.0,2.0,0.0,0.0,0.0
207,43,4,3472.0,3103.0,724.0,0.0,766.0,5645.0,317.3736051765231,19106.135999999988,19423.509605176514,2898.0,25.0,7.0,147.0,57.0,20.0,11.0,169.0,34.0,2.0,0.0,0.0,0.0
207,44,4,3347.0,3148.0,664.0,0.0,768.0,5645.0,399.3647022426673,18924.97439999998,19324.339102242648,2898.0,25.0,7.0,147.0,57.0,20.0,11.0,169.0,34.0,2.0,0.0,0.0,0.0
207,45,4,3442.0,3192.0,690.0,0.0,816.0,5645.0,481.7997197182094,19487.43039999999,19969.230119718202,2898.0,25.0,7.0,147.0,57.0,20.0,11.0,169.0,34.0,2.0,0.0,0.0,0.0
207,46,4,3422.0,3144.0,704.0,0.0,735.0,5645.0,441.6489690452708,19187.36479999998,19629.013769045254,2898.0,25.0,7.0,147.0,57.0,20.0,11.0,169.0,34.0,2.0,0.0,0.0,0.0
207,47,4,3388.0,3074.0,713.0,0.0,755.0,5645.0,359.57514544154094,19501.85919999999,19861.43434544153,2898.0,25.0,7.0,147.0,57.0,20.0,11.0,169.0,34.0,2.0,0.0,0.0,0.0
207,48,5,3411.0,3142.0,697.0,0.0,773.0,5645.0,364.5478794552989,19066.991199999982,19431.539079455284,2898.0,25.0,7.0,147.0,57.0,20.0,11.0,169.0,34.0,2.0,0.0,0.0,0.0
207,49,5,3439.0,3148.0,721.0,0.0,770.0,5645.0,523.9295651619167,19931.783999999985,20455.713565161906,2898.0,25.0,7.0,147.0,57.0,20.0,11.0,169.0,34.0,2.0,0.0,0.0,0.0
207,50,5,3518.0,3183.0,728.0,0.0,761.0,5645.0,400.7656738732594,20114.214799999972,20514.980473873235,2898.0,25.0,7.0,147.0,57.0,20.0,11.0,169.0,34.0,2.0,0.0,0.0,0.0
207,51,5,3487.0,3173.0,732.0,0.0,788.0,5645.0,276.7423617041296,19891.503599999975,20168.245961704106,2898.0,25.0,7.0,147.0,57.0,20.0,11.0,169.0,34.0,2.0,0.0,0.0,0.0
207,52,5,3445.0,3179.0,668.0,0.0,751.0,5645.0,400.05505630468934,18369.66599999999,18769.72105630468,2898.0,25.0,7.0,147.0,57.0,20.0,11.0,169.0,34.0,2.0,0.0,0.0,0.0
207,53,5,3497.0,3176.0,733.0,0.0,783.0,5645.0,317.37103577933465,19194.846399999984,19512.217435779316,2898.0,25.0,7.0,147.0,57.0,20.0,11.0,169.0,34.0,2.0,0.0,0.0,0.0
207,54,5,3389.0,3048.0,709.0,0.0,739.0,5645.0,481.76210720271825,19239.06799999999,19720.83010720271,2898.0,25.0,7.0,147.0,57.0,20.0,11.0,169.0,34.0,2.0,0.0,0.0,0.0
207,55,5,3484.0,3253.0,683.0,0.0,752.0,5645.0,361.1007528606684,19393.64319999999,19754.74395286066,2898.0,25.0,7.0,147.0,57.0,20.0,11.0,169.0,34.0,2.0,0.0,0.0,0.0
207,56,5,3414.0,3195.0,700.0,0.0,746.0,5645.0,438.3044312172077,18761.180799999987,19199.485231217197,2898.0,25.0,7.0,147.0,57.0,20.0,11.0,169.0,34.0,2.0,0.0,0.0,0.0
207,57,5,3469.0,3151.0,758.0,0.0,783.0,5645.0,159.97504303262028,18791.641599999988,18951.616643032605,2898.0,25.0,7.0,147.0,57.0,20.0,11.0,169.0,34.0,2.0,0.0,0.0,0.0
207,58,5,3422.0,3165.0,727.0,0.0,799.0,5645.0,523.9237702810273,19776.473999999995,20300.397770281023,2898.0,25.0,7.0,147.0,57.0,20.0,11.0,169.0,34.0,2.0,0.0,0.0,0.0
207,59,5,3454.0,3160.0,705.0,0.0,791.0,5645.0,481.0326717676485,19648.017599999985,20129.050271767635,2898.0,25.0,7.0,147.0,57.0,20.0,11.0,169.0,34.0,2.0,0.0,0.0,0.0
207,60,6,3400.0,3152.0,683.0,0.0,769.0,5645.0,524.8944638677574,19476.875999999986,20001.77046386774,2898.0,25.0,7.0,147.0,57.0,20.0,11.0,169.0,34.0,2.0,0.0,0.0,0.0
207,61,6,3457.0,3198.0,725.0,0.0,807.0,5645.0,242.45387456895446,19602.125999999986,19844.57987456894,2898.0,25.0,7.0,147.0,57.0,20.0,11.0,169.0,34.0,2.0,0.0,0.0,0.0
207,62,6,3447.0,3171.0,691.0,0.0,803.0,5645.0,279.85914075317277,19920.227599999984,20200.086740753155,2898.0,25.0,7.0,147.0,57.0,20.0,11.0,169.0,34.0,2.0,0.0,0.0,0.0
207,63,6,3435.0,3138.0,702.0,0.0,805.0,5645.0,321.66690346680195,19402.72799999999,19724.394903466786,2898.0,25.0,7.0,147.0,57.0,20.0,11.0,169.0,34.0,2.0,0.0,0.0,0.0
207,64,6,3477.0,3168.0,683.0,0.0,789.0,5645.0,318.1016948213947,19737.395999999982,20055.497694821377,2898.0,25.0,7.0,147.0,57.0,20.0,11.0,169.0,34.0,2.0,0.0,0.0,0.0
207,65,6,3411.0,3154.0,718.0,0.0,830.0,5645.0,360.816424450112,20652.689599999983,21013.506024450096,2898.0,25.0,7.0,147.0,57.0,20.0,11.0,169.0,34.0,2.0,0.0,0.0,0.0
207,66,6,3449.0,3088.0,682.0,0.0,762.0,5645.0,358.2681449647451,18881.353999999992,19239.622144964735,2898.0,25.0,7.0,147.0,57.0,20.0,11.0,169.0,34.0,2.0,0.0,0.0,0.0
207,67,6,3480.0,3226.0,689.0,0.0,763.0,5645.0,236.58868053744192,20578.073999999986,20814.662680537425,2898.0,25.0,7.0,147.0,57.0,20.0,11.0,169.0,34.0,2.0,0.0,0.0,0.0
207,68,6,3448.0,3115.0,713.0,0.0,756.0,5645.0,276.1873514966394,18561.515599999984,18837.702951496623,2898.0,25.0,7.0,147.0,57.0,20.0,11.0,169.0,34.0,2.0,0.0,0.0,0.0
207,69,6,3423.0,3176.0,688.0,0.0,782.0,5645.0,399.9385042864004,18489.37159999999,18889.310104286393,2898.0,25.0,7.0,147.0,57.0,20.0,11.0,169.0,34.0,2.0,0.0,0.0,0.0
207,70,6,3409.0,3125.0,669.0,0.0,743.0,5645.0,522.4202943776285,18861.180399999997,19383.600694377626,2898.0,25.0,7.0,147.0,57.0,20.0,11.0,169.0,34.0,2.0,0.0,0.0,0.0
207,71,6,3409.0,3158.0,703.0,0.0,811.0,5645.0,401.5212023284333,18497.253999999994,18898.77520232843,2898.0,25.0,7.0,147.0,57.0,20.0,11.0,169.0,34.0,2.0,0.0,0.0,0.0
207,72,7,3488.0,3181.0,697.0,0.0,768.0,5645.0,440.78657906658515,19161.112399999987,19601.89897906657,2898.0,25.0,7.0,147.0,57.0,20.0,11.0,169.0,34.0,2.0,0.0,0.0,0.0
207,73,7,3471.0,3195.0,691.0,0.0,788.0,5645.0,277.66775690440255,19574.40399999998,19852.07175690438,2898.0,25.0,7.0,147.0,57.0,20.0,11.0,169.0,34.0,2.0,0.0,0.0,0.0
207,74,7,3389.0,3125.0,680.0,0.0,784.0,5645.0,279.56164441440194,18294.582799999986,18574.144444414385,2898.0,25.0,7.0,147.0,57.0,20.0,11.0,169.0,34.0,2.0,0.0,0.0,0.0
207,75,7,3460.0,3204.0,679.0,0.0,773.0,5645.0,400.69933209679107,19851.022799999977,20251.722132096766,2898.0,25.0,7.0,147.0,57.0,20.0,11.0,169.0,34.0,2.0,0.0,0.0,0.0
207,76,7,3417.0,3076.0,709.0,0.0,820.0,5645.0,562.9988401634598,20196.97999999998,20759.978840163443,2898.0,25.0,7.0,147.0,57.0,20.0,11.0,169.0,34.0,2.0,0.0,0.0,0.0
207,77,7,3448.0,3089.0,723.0,0.0,776.0,5645.0,442.75648281546125,18931.253599999978,19374.010082815443,2898.0,25.0,7.0,147.0,57.0,20.0,11.0,169.0,34.0,2.0,0.0,0.0,0.0
207,78,7,3425.0,3127.0,701.0,0.0,755.0,5645.0,356.95992275576174,19329.047599999987,19686.007522755746,2898.0,25.0,7.0,147.0,57.0,20.0,11.0,169.0,34.0,2.0,0.0,0.0,0.0
207,79,7,3452.0,3182.0,681.0,0.0,778.0,5645.0,363.52602045794623,19425.840799999984,19789.36682045793,2898.0,25.0,7.0,147.0,57.0,20.0,11.0,169.0,34.0,2.0,0.0,0.0,0.0
207,80,7,3389.0,3110.0,666.0,0.0,759.0,5645.0,157.75057152591216,19222.90239999997,19380.652971525884,2898.0,25.0,7.0,147.0,57.0,20.0,11.0,169.0,34.0,2.0,0.0,0.0,0.0
207,81,7,3471.0,3118.0,735.0,0.0,786.0,5645.0,320.2531265205743,19244.879599999982,19565.132726520555,2898.0,25.0,7.0,147.0,57.0,20.0,11.0,169.0,34.0,2.0,0.0,0.0,0.0
207,82,7,3455.0,3214.0,700.0,0.0,826.0,5645.0,358.55585394992045,19845.277999999977,20203.833853949895,2898.0,25.0,7.0,147.0,57.0,20.0,11.0,169.0,34.0,2.0,0.0,0.0,0.0
207,83,7,3460.0,3091.0,753.0,0.0,769.0,5645.0,400.8845789842413,19033.32399999999,19434.20857898423,2898.0,25.0,7.0,147.0,57.0,20.0,11.0,169.0,34.0,2.0,0.0,0.0,0.0
207,84,8,3387.0,3113.0,736.0,0.0,823.0,5645.0,401.021398323118,21210.00199999997,21611.023398323094,2898.0,25.0,7.0,147.0,57.0,20.0,11.0,169.0,34.0,2.0,0.0,0.0,0.0
207,85,8,3434.0,3180.0,716.0,0.0,769.0,5645.0,526.4016503355032,19555.900399999984,20082.302050335486,2898.0,25.0,7.0,147.0,57.0,20.0,11.0,169.0,34.0,2.0,0.0,0.0,0.0
207,86,8,3433.0,3140.0,703.0,0.0,741.0,5645.0,195.2903712777695,18722.770799999995,18918.06117127776,2898.0,25.0,7.0,147.0,57.0,20.0,11.0,169.0,34.0,2.0,0.0,0.0,0.0
207,87,8,3406.0,3096.0,715.0,0.0,769.0,5645.0,398.609308585687,20363.4456,20762.054908585684,2898.0,25.0,7.0,147.0,57.0,20.0,11.0,169.0,34.0,2.0,0.0,0.0,0.0
207,88,8,3435.0,3171.0,740.0,0.0,823.0,5645.0,400.0595208904432,19905.39799999999,20305.457520890435,2898.0,25.0,7.0,147.0,57.0,20.0,11.0,169.0,34.0,2.0,0.0,0.0,0.0
207,89,8,3441.0,3129.0,687.0,0.0,744.0,5645.0,440.9605149244887,19402.727999999985,19843.68851492447,2898.0,25.0,7.0,147.0,57.0,20.0,11.0,169.0,34.0,2.0,0.0,0.0,0.0
207,90,8,3470.0,3152.0,732.0,0.0,766.0,5645.0,321.3665747428024,18566.32519999999,18887.691774742794,2898.0,25.0,7.0,147.0,57.0,20.0,11.0,169.0,34.0,2.0,0.0,0.0,0.0
207,91,8,3491.0,3203.0,724.0,0.0,788.0,5645.0,441.3976222926404,18882.088799999994,19323.486422292634,2898.0,25.0,7.0,147.0,57.0,20.0,11.0,169.0,34.0,2.0,0.0,0.0,0.0
207,92,8,3483.0,3152.0,741.0,0.0,786.0,5645.0,400.7597525536763,18692.91119999998,19093.670952553657,2898.0,25.0,7.0,147.0,57.0,20.0,11.0,169.0,34.0,2.0,0.0,0.0,0.0
207,93,8,3422.0,3158.0,703.0,0.0,761.0,5645.0,483.0958665080806,19303.32959999998,19786.42546650806,2898.0,25.0,7.0,147.0,57.0,20.0,11.0,169.0,34.0,2.0,0.0,0.0,0.0
207,94,8,3457.0,3143.0,675.0,0.0,706.0,5645.0,563.0708164361763,18627.380399999987,19190.451216436166,2898.0,25.0,7.0,147.0,57.0,20.0,11.0,169.0,34.0,2.0,0.0,0.0,0.0
207,95,8,3419.0,3181.0,679.0,0.0,743.0,5645.0,318.37484474616963,19215.153599999987,19533.528444746156,2898.0,25.0,7.0,147.0,57.0,20.0,11.0,169.0,34.0,2.0,0.0,0.0,0.0
207,96,9,3471.0,3174.0,694.0,0.0,805.0,5645.0,360.08269595288186,20851.887199999972,21211.969895952858,2898.0,25.0,7.0,147.0,57.0,20.0,11.0,169.0,34.0,2.0,0.0,0.0,0.0
207,97,9,3447.0,3096.0,745.0,0.0,765.0,5645.0,319.4270115438735,19480.282799999975,19799.709811543853,2898.0,25.0,7.0,147.0,57.0,20.0,11.0,169.0,34.0,2.0,0.0,0.0,0.0
207,98,9,3397.0,3129.0,739.0,0.0,817.0,5645.0,482.3427172462843,19598.65239999999,20080.995117246275,2898.0,25.0,7.0,147.0,57.0,20.0,11.0,169.0,34.0,2.0,0.0,0.0,0.0
207,99,9,3443.0,3192.0,649.0,0.0,769.0,5645.0,280.25709922516916,19895.043999999983,20175.301099225155,2898.0,25.0,7.0,147.0,57.0,20.0,11.0,169.0,34.0,2.0,0.0,0.0,0.0
207,100,9,3451.0,3147.0,661.0,0.0,743.0,5645.0,278.31976736748044,18801.327599999982,19079.647367367463,2898.0,25.0,7.0,147.0,57.0,20.0,11.0,169.0,34.0,2.0,0.0,0.0,0.0
207,101,9,3470.0,3188.0,728.0,0.0,800.0,5645.0,195.76042189771758,18902.061999999987,19097.822421897705,2898.0,25.0,7.0,147.0,57.0,20.0,11.0,169.0,34.0,2.0,0.0,0.0,0.0
207,102,9,3495.0,3125.0,722.0,0.0,809.0,5645.0,523.9922589937154,21238.325199999985,21762.3174589937,2898.0,25.0,7.0,147.0,57.0,20.0,11.0,169.0,34.0,2.0,0.0,0.0,0.0
207,103,9,3421.0,3143.0,695.0,0.0,741.0,5645.0,725.4545307258595,18612.751199999988,19338.205730725844,2898.0,25.0,7.0,147.0,57.0,20.0,11.0,169.0,34.0,2.0,0.0,0.0,0.0
207,104,9,3489.0,3176.0,696.0,0.0,747.0,5645.0,399.33191945210285,19012.081599999983,19411.41351945209,2898.0,25.0,7.0,147.0,57.0,20.0,11.0,169.0,34.0,2.0,0.0,0.0,0.0
207,105,9,3467.0,3141.0,708.0,0.0,791.0,5645.0,318.14038831318436,17453.63759999999,17771.777988313177,2898.0,25.0,7.0,147.0,57.0,20.0,11.0,169.0,34.0,2.0,0.0,0.0,0.0
207,106,9,3435.0,3112.0,730.0,0.0,765.0,5645.0,199.17992408282961,20216.21839999998,20415.39832408281,2898.0,25.0,7.0,147.0,57.0,20.0,11.0,169.0,34.0,2.0,0.0,0.0,0.0
207,107,9,3485.0,3194.0,685.0,0.0,737.0,5645.0,281.2404420678676,20045.34399999998,20326.584442067848,2898.0,25.0,7.0,147.0,57.0,20.0,11.0,169.0,34.0,2.0,0.0,0.0,0.0
207,108,10,3423.0,3142.0,715.0,0.0,777.0,5645.0,361.02836321973047,21119.955599999987,21480.98396321971,2898.0,25.0,7.0,147.0,57.0,20.0,11.0,169.0,34.0,2.0,0.0,0.0,0.0
207,109,10,3504.0,3200.0,715.0,0.0,800.0,5645.0,198.18599123397624,20876.937199999986,21075.123191233957,2898.0,25.0,7.0,147.0,57.0,20.0,11.0,169.0,34.0,2.0,0.0,0.0,0.0
207,110,10,3464.0,3240.0,710.0,0.0,797.0,5645.0,198.3886655133532,19342.14039999999,19540.52906551334,2898.0,25.0,7.0,147.0,57.0,20.0,11.0,169.0,34.0,2.0,0.0,0.0,0.0
207,111,10,3482.0,3137.0,715.0,0.0,752.0,5645.0,523.5005293996365,18404.001199999984,18927.50172939962,2898.0,25.0,7.0,147.0,57.0,20.0,11.0,169.0,34.0,2.0,0.0,0.0,0.0
207,112,10,3438.0,3143.0,713.0,0.0,787.0,5645.0,359.68556331213443,18220.367999999988,18580.053563312125,2898.0,25.0,7.0,147.0,57.0,20.0,11.0,169.0,34.0,2.0,0.0,0.0,0.0
207,113,10,3426.0,3122.0,709.0,0.0,796.0,5645.0,359.24325926781165,19429.781999999992,19789.025259267804,2898.0,25.0,7.0,147.0,57.0,20.0,11.0,169.0,34.0,2.0,0.0,0.0,0.0
207,114,10,3469.0,3154.0,697.0,0.0,801.0,5645.0,484.5134297655546,17563.590399999983,18048.103829765536,2898.0,25.0,7.0,147.0,57.0,20.0,11.0,169.0,34.0,2.0,0.0,0.0,0.0
207,115,10,3325.0,3091.0,706.0,0.0,809.0,5645.0,239.0284554457513,19309.141199999984,19548.169655445734,2898.0,25.0,7.0,147.0,57.0,20.0,11.0,169.0,34.0,2.0,0.0,0.0,0.0
207,116,10,3444.0,3150.0,706.0,0.0,716.0,5645.0,154.6950558654728,19311.27879999999,19465.97385586546,2898.0,25.0,7.0,147.0,57.0,20.0,11.0,169.0,34.0,2.0,0.0,0.0,0.0
207,117,10,3450.0,3138.0,712.0,0.0,776.0,5645.0,440.74243632212404,18852.830399999984,19293.57283632211,2898.0,25.0,7.0,147.0,57.0,20.0,11.0,169.0,34.0,2.0,0.0,0.0,0.0
207,118,10,3405.0,3117.0,719.0,0.0,764.0,5645.0,360.27036066947596,17978.618799999986,18338.889160669463,2898.0,25.0,7.0,147.0,57.0,20.0,11.0,169.0,34.0,2.0,0.0,0.0,0.0
207,119,10,3435.0,3139.0,730.0,0.0,787.0,5645.0,277.7793112481562,19213.015999999985,19490.795311248145,2898.0,25.0,7.0,147.0,57.0,20.0,11.0,169.0,34.0,2.0,0.0,0.0,0.0
208,0,1,3028.0,2939.0,683.0,0.0,806.0,5645.0,645.3392553114458,22114.340399999972,22759.679655311418,2898.0,25.0,7.0,147.0,57.0,20.0,11.0,169.0,34.0,2.0,0.0,0.0,0.0
208,1,1,3049.0,3009.0,592.0,0.0,782.0,5645.0,847.818068415035,22255.421999999977,23103.240068415013,2898.0,25.0,7.0,147.0,57.0,20.0,11.0,169.0,34.0,2.0,0.0,0.0,0.0
208,2,1,3096.0,3006.0,628.0,0.0,785.0,5645.0,523.8866479842827,22312.936799999974,22836.823447984258,2898.0,25.0,7.0,147.0,57.0,20.0,11.0,169.0,34.0,2.0,0.0,0.0,0.0
208,3,1,3045.0,3030.0,615.0,0.0,795.0,5645.0,767.1061865629093,22144.600799999982,22911.706986562895,2898.0,25.0,7.0,147.0,57.0,20.0,11.0,169.0,34.0,2.0,0.0,0.0,0.0
208,4,1,3008.0,3042.0,545.0,0.0,759.0,5645.0,729.2064564486639,21687.020799999977,22416.22725644864,2898.0,25.0,7.0,147.0,57.0,20.0,11.0,169.0,34.0,2.0,0.0,0.0,0.0
208,5,1,2965.0,2956.0,601.0,0.0,750.0,5645.0,930.3148866106538,21413.675199999972,22343.990086610633,2898.0,25.0,7.0,147.0,57.0,20.0,11.0,169.0,34.0,2.0,0.0,0.0,0.0
208,6,1,3051.0,2898.0,644.0,0.0,753.0,5645.0,564.0240805477255,22471.58679999997,23035.610880547694,2898.0,25.0,7.0,147.0,57.0,20.0,11.0,169.0,34.0,2.0,0.0,0.0,0.0
208,7,1,3031.0,3011.0,614.0,0.0,753.0,5645.0,485.4091615568037,20938.927599999977,21424.33676155678,2898.0,25.0,7.0,147.0,57.0,20.0,11.0,169.0,34.0,2.0,0.0,0.0,0.0
208,8,1,2988.0,2937.0,623.0,0.0,808.0,5645.0,931.9191519676823,20733.383999999984,21665.303151967666,2898.0,25.0,7.0,147.0,57.0,20.0,11.0,169.0,34.0,2.0,0.0,0.0,0.0
208,9,1,2996.0,2984.0,597.0,0.0,752.0,5645.0,322.33679714731085,20558.83559999999,20881.1723971473,2898.0,25.0,7.0,147.0,57.0,20.0,11.0,169.0,34.0,2.0,0.0,0.0,0.0
208,10,1,3094.0,3026.0,582.0,0.0,743.0,5645.0,727.1989489020787,20009.13839999999,20736.337348902067,2898.0,25.0,7.0,147.0,57.0,20.0,11.0,169.0,34.0,2.0,0.0,0.0,0.0
208,11,1,3021.0,2947.0,558.0,0.0,749.0,5645.0,607.9799584149456,22322.288799999977,22930.268758414924,2898.0,25.0,7.0,147.0,57.0,20.0,11.0,169.0,34.0,2.0,0.0,0.0,0.0
208,12,2,3048.0,3013.0,590.0,0.0,795.0,5645.0,809.6799397954035,20618.020399999983,21427.70033979539,2898.0,25.0,7.0,147.0,57.0,20.0,11.0,169.0,34.0,2.0,0.0,0.0,0.0
208,13,2,2991.0,2951.0,595.0,0.0,789.0,5645.0,444.8590666190001,23847.66679999996,24292.525866618962,2898.0,25.0,7.0,147.0,57.0,20.0,11.0,169.0,34.0,2.0,0.0,0.0,0.0
208,14,2,3069.0,2964.0,601.0,0.0,739.0,5645.0,847.1712219334705,21198.178399999986,22045.349621933456,2898.0,25.0,7.0,147.0,57.0,20.0,11.0,169.0,34.0,2.0,0.0,0.0,0.0
208,15,2,3036.0,3004.0,614.0,0.0,759.0,5645.0,645.9048034189727,21004.05759999998,21649.962403418955,2898.0,25.0,7.0,147.0,57.0,20.0,11.0,169.0,34.0,2.0,0.0,0.0,0.0
208,16,2,3005.0,2997.0,581.0,0.0,788.0,5645.0,525.954864300131,21769.051199999973,22295.0060643001,2898.0,25.0,7.0,147.0,57.0,20.0,11.0,169.0,34.0,2.0,0.0,0.0,0.0
208,17,2,3003.0,2954.0,590.0,0.0,778.0,5645.0,928.4060642175314,20361.30799999998,21289.71406421751,2898.0,25.0,7.0,147.0,57.0,20.0,11.0,169.0,34.0,2.0,0.0,0.0,0.0
208,18,2,3089.0,2940.0,642.0,0.0,784.0,5645.0,769.3032899840588,23286.279599999973,24055.582889984027,2898.0,25.0,7.0,147.0,57.0,20.0,11.0,169.0,34.0,2.0,0.0,0.0,0.0
208,19,2,2995.0,2981.0,625.0,0.0,797.0,5645.0,405.87470082715305,21239.52759999998,21645.402300827132,2898.0,25.0,7.0,147.0,57.0,20.0,11.0,169.0,34.0,2.0,0.0,0.0,0.0
208,20,2,2992.0,2985.0,576.0,0.0,815.0,5645.0,892.8269073051424,22586.683199999978,23479.51010730512,2898.0,25.0,7.0,147.0,57.0,20.0,11.0,169.0,34.0,2.0,0.0,0.0,0.0
208,21,2,3006.0,2955.0,601.0,0.0,764.0,5645.0,525.3348118727952,22057.359999999975,22582.694811872774,2898.0,25.0,7.0,147.0,57.0,20.0,11.0,169.0,34.0,2.0,0.0,0.0,0.0
208,22,2,3007.0,3005.0,611.0,0.0,783.0,5645.0,850.7186516556163,24141.853999999978,24992.57265165559,2898.0,25.0,7.0,147.0,57.0,20.0,11.0,169.0,34.0,2.0,0.0,0.0,0.0
208,23,2,3069.0,3023.0,592.0,0.0,771.0,5645.0,809.8589916546052,21071.859599999978,21881.718591654582,2898.0,25.0,7.0,147.0,57.0,20.0,11.0,169.0,34.0,2.0,0.0,0.0,0.0
208,24,3,3039.0,2983.0,590.0,0.0,791.0,5645.0,486.7163556106148,21920.419999999984,22407.136355610593,2898.0,25.0,7.0,147.0,57.0,20.0,11.0,169.0,34.0,2.0,0.0,0.0,0.0
208,25,3,3010.0,2971.0,581.0,0.0,811.0,5645.0,485.0046555131936,22892.29319999998,23377.29785551317,2898.0,25.0,7.0,147.0,57.0,20.0,11.0,169.0,34.0,2.0,0.0,0.0,0.0
208,26,3,3081.0,2994.0,608.0,0.0,738.0,5645.0,687.0188970776671,20965.714399999975,21652.73329707764,2898.0,25.0,7.0,147.0,57.0,20.0,11.0,169.0,34.0,2.0,0.0,0.0,0.0
208,27,3,3095.0,3051.0,577.0,0.0,777.0,5645.0,850.5443573133837,20054.69599999999,20905.24035731337,2898.0,25.0,7.0,147.0,57.0,20.0,11.0,169.0,34.0,2.0,0.0,0.0,0.0
208,28,3,3018.0,2964.0,632.0,0.0,802.0,5645.0,851.8115093654379,23293.560799999974,24145.37230936541,2898.0,25.0,7.0,147.0,57.0,20.0,11.0,169.0,34.0,2.0,0.0,0.0,0.0
208,29,3,3068.0,3000.0,622.0,0.0,757.0,5645.0,646.8962571704322,21819.952799999992,22466.849057170424,2898.0,25.0,7.0,147.0,57.0,20.0,11.0,169.0,34.0,2.0,0.0,0.0,0.0
208,30,3,2965.0,2914.0,610.0,0.0,716.0,5645.0,404.59832039657005,22364.907199999987,22769.505520396557,2898.0,25.0,7.0,147.0,57.0,20.0,11.0,169.0,34.0,2.0,0.0,0.0,0.0
208,31,3,2972.0,3004.0,589.0,0.0,798.0,5645.0,848.7918982640974,20427.239599999983,21276.031498264078,2898.0,25.0,7.0,147.0,57.0,20.0,11.0,169.0,34.0,2.0,0.0,0.0,0.0
208,32,3,3026.0,2959.0,618.0,0.0,731.0,5645.0,523.0031192073966,21067.45079999999,21590.45391920739,2898.0,25.0,7.0,147.0,57.0,20.0,11.0,169.0,34.0,2.0,0.0,0.0,0.0
208,33,3,2994.0,2934.0,593.0,0.0,729.0,5645.0,565.7293662513741,22750.877599999974,23316.60696625135,2898.0,25.0,7.0,147.0,57.0,20.0,11.0,169.0,34.0,2.0,0.0,0.0,0.0
208,34,3,3031.0,2964.0,616.0,0.0,762.0,5645.0,688.4283408522082,21333.047599999976,22021.475940852182,2898.0,25.0,7.0,147.0,57.0,20.0,11.0,169.0,34.0,2.0,0.0,0.0,0.0
208,35,3,2982.0,3019.0,568.0,0.0,801.0,5645.0,647.0234311437803,20749.215599999992,21396.239031143774,2898.0,25.0,7.0,147.0,57.0,20.0,11.0,169.0,34.0,2.0,0.0,0.0,0.0
208,36,4,2941.0,2929.0,579.0,0.0,774.0,5645.0,645.8069966999373,21596.974399999977,22242.781396699917,2898.0,25.0,7.0,147.0,57.0,20.0,11.0,169.0,34.0,2.0,0.0,0.0,0.0
208,37,4,2948.0,2916.0,601.0,0.0,757.0,5645.0,809.4309730715272,21767.715199999977,22577.146173071502,2898.0,25.0,7.0,147.0,57.0,20.0,11.0,169.0,34.0,2.0,0.0,0.0,0.0
208,38,4,3003.0,2991.0,566.0,0.0,735.0,5645.0,442.69428954503866,22677.865199999982,23120.55948954502,2898.0,25.0,7.0,147.0,57.0,20.0,11.0,169.0,34.0,2.0,0.0,0.0,0.0
208,39,4,3040.0,3007.0,603.0,0.0,793.0,5645.0,851.0536545505258,22017.747599999973,22868.801254550497,2898.0,25.0,7.0,147.0,57.0,20.0,11.0,169.0,34.0,2.0,0.0,0.0,0.0
208,40,4,3050.0,2957.0,645.0,0.0,757.0,5645.0,441.9570381547768,21076.468799999977,21518.42583815475,2898.0,25.0,7.0,147.0,57.0,20.0,11.0,169.0,34.0,2.0,0.0,0.0,0.0
208,41,4,3044.0,3005.0,591.0,0.0,785.0,5645.0,849.265990817633,20455.362399999984,21304.628390817616,2898.0,25.0,7.0,147.0,57.0,20.0,11.0,169.0,34.0,2.0,0.0,0.0,0.0
208,42,4,3043.0,2954.0,594.0,0.0,787.0,5645.0,727.1303063647802,22231.50759999998,22958.63790636476,2898.0,25.0,7.0,147.0,57.0,20.0,11.0,169.0,34.0,2.0,0.0,0.0,0.0
208,43,4,2968.0,2998.0,574.0,0.0,770.0,5645.0,442.57984736762273,21902.85159999998,22345.431447367606,2898.0,25.0,7.0,147.0,57.0,20.0,11.0,169.0,34.0,2.0,0.0,0.0,0.0
208,44,4,3043.0,3046.0,593.0,0.0,792.0,5645.0,443.1098754984099,21746.205599999983,22189.315475498395,2898.0,25.0,7.0,147.0,57.0,20.0,11.0,169.0,34.0,2.0,0.0,0.0,0.0
208,45,4,2989.0,2967.0,612.0,0.0,765.0,5645.0,1053.9516098398663,21459.49999999998,22513.451609839845,2898.0,25.0,7.0,147.0,57.0,20.0,11.0,169.0,34.0,2.0,0.0,0.0,0.0
208,46,4,2990.0,2932.0,609.0,0.0,754.0,5645.0,767.7426869920824,20765.31439999999,21533.057086992067,2898.0,25.0,7.0,147.0,57.0,20.0,11.0,169.0,34.0,2.0,0.0,0.0,0.0
208,47,4,2990.0,2981.0,595.0,0.0,786.0,5645.0,850.3153035479901,21083.415999999983,21933.731303547975,2898.0,25.0,7.0,147.0,57.0,20.0,11.0,169.0,34.0,2.0,0.0,0.0,0.0
208,48,5,2970.0,2944.0,632.0,0.0,763.0,5645.0,808.8523398813055,21042.13359999998,21850.985939881284,2898.0,25.0,7.0,147.0,57.0,20.0,11.0,169.0,34.0,2.0,0.0,0.0,0.0
208,49,5,3079.0,3007.0,647.0,0.0,785.0,5645.0,645.1731296309804,21890.627199999974,22535.80032963095,2898.0,25.0,7.0,147.0,57.0,20.0,11.0,169.0,34.0,2.0,0.0,0.0,0.0
208,50,5,3074.0,3035.0,619.0,0.0,774.0,5645.0,725.3342028381978,22090.492799999967,22815.827002838163,2898.0,25.0,7.0,147.0,57.0,20.0,11.0,169.0,34.0,2.0,0.0,0.0,0.0
208,51,5,3043.0,3055.0,549.0,0.0,729.0,5645.0,971.1267978580217,21530.37479999998,22501.501597858,2898.0,25.0,7.0,147.0,57.0,20.0,11.0,169.0,34.0,2.0,0.0,0.0,0.0
208,52,5,3086.0,2975.0,663.0,0.0,826.0,5645.0,768.3517713058578,22344.86719999998,23113.218971305836,2898.0,25.0,7.0,147.0,57.0,20.0,11.0,169.0,34.0,2.0,0.0,0.0,0.0
208,53,5,2973.0,2876.0,610.0,0.0,736.0,5645.0,849.7205049533626,21699.64599999998,22549.366504953345,2898.0,25.0,7.0,147.0,57.0,20.0,11.0,169.0,34.0,2.0,0.0,0.0,0.0
208,54,5,3029.0,3061.0,574.0,0.0,727.0,5645.0,891.9141254646104,20474.333599999976,21366.247725464586,2898.0,25.0,7.0,147.0,57.0,20.0,11.0,169.0,34.0,2.0,0.0,0.0,0.0
208,55,5,2994.0,3034.0,595.0,0.0,778.0,5645.0,525.165077285074,20550.68599999999,21075.851077285064,2898.0,25.0,7.0,147.0,57.0,20.0,11.0,169.0,34.0,2.0,0.0,0.0,0.0
208,56,5,3050.0,3000.0,626.0,0.0,757.0,5645.0,851.1182698727828,21009.40159999998,21860.519869872765,2898.0,25.0,7.0,147.0,57.0,20.0,11.0,169.0,34.0,2.0,0.0,0.0,0.0
208,57,5,2991.0,2966.0,632.0,0.0,792.0,5645.0,770.9399674734799,21229.574399999987,22000.514367473465,2898.0,25.0,7.0,147.0,57.0,20.0,11.0,169.0,34.0,2.0,0.0,0.0,0.0
208,58,5,3023.0,2944.0,635.0,0.0,825.0,5645.0,851.1262688959919,20970.523999999976,21821.650268895966,2898.0,25.0,7.0,147.0,57.0,20.0,11.0,169.0,34.0,2.0,0.0,0.0,0.0
208,59,5,2962.0,2933.0,617.0,0.0,785.0,5645.0,929.1610469497016,21285.886799999993,22215.047846949696,2898.0,25.0,7.0,147.0,57.0,20.0,11.0,169.0,34.0,2.0,0.0,0.0,0.0
208,60,6,3058.0,3055.0,625.0,0.0,808.0,5645.0,526.8207443629352,21606.593599999986,22133.41434436292,2898.0,25.0,7.0,147.0,57.0,20.0,11.0,169.0,34.0,2.0,0.0,0.0,0.0
208,61,6,3034.0,2977.0,610.0,0.0,780.0,5645.0,809.7357653935411,21169.98879999999,21979.72456539353,2898.0,25.0,7.0,147.0,57.0,20.0,11.0,169.0,34.0,2.0,0.0,0.0,0.0
208,62,6,3006.0,2953.0,606.0,0.0,788.0,5645.0,891.1968656851205,19654.76439999998,20545.9612656851,2898.0,25.0,7.0,147.0,57.0,20.0,11.0,169.0,34.0,2.0,0.0,0.0,0.0
208,63,6,3038.0,2990.0,589.0,0.0,776.0,5645.0,770.3963697566138,22521.686799999974,23292.083169756588,2898.0,25.0,7.0,147.0,57.0,20.0,11.0,169.0,34.0,2.0,0.0,0.0,0.0
208,64,6,3002.0,3002.0,621.0,0.0,835.0,5645.0,973.8967165331608,21960.433199999974,22934.329916533134,2898.0,25.0,7.0,147.0,57.0,20.0,11.0,169.0,34.0,2.0,0.0,0.0,0.0
208,65,6,3026.0,2901.0,587.0,0.0,740.0,5645.0,523.8376322897839,20660.97279999999,21184.81043228977,2898.0,25.0,7.0,147.0,57.0,20.0,11.0,169.0,34.0,2.0,0.0,0.0,0.0
208,66,6,3059.0,3053.0,603.0,0.0,803.0,5645.0,645.021652668542,21980.940799999986,22625.962452668526,2898.0,25.0,7.0,147.0,57.0,20.0,11.0,169.0,34.0,2.0,0.0,0.0,0.0
208,67,6,3039.0,2956.0,605.0,0.0,775.0,5645.0,564.3091472415542,20240.934399999984,20805.243547241538,2898.0,25.0,7.0,147.0,57.0,20.0,11.0,169.0,34.0,2.0,0.0,0.0,0.0
208,68,6,3002.0,3019.0,578.0,0.0,764.0,5645.0,928.2699269958507,20628.641599999974,21556.911526995824,2898.0,25.0,7.0,147.0,57.0,20.0,11.0,169.0,34.0,2.0,0.0,0.0,0.0
208,69,6,2999.0,2917.0,612.0,0.0,778.0,5645.0,445.80072673159344,20840.33079999998,21286.131526731573,2898.0,25.0,7.0,147.0,57.0,20.0,11.0,169.0,34.0,2.0,0.0,0.0,0.0
208,70,6,2985.0,2960.0,597.0,0.0,766.0,5645.0,564.414976084949,20320.96079999999,20885.37577608494,2898.0,25.0,7.0,147.0,57.0,20.0,11.0,169.0,34.0,2.0,0.0,0.0,0.0
208,71,6,3014.0,2961.0,625.0,0.0,779.0,5645.0,646.3213289785838,20987.090399999983,21633.411728978568,2898.0,25.0,7.0,147.0,57.0,20.0,11.0,169.0,34.0,2.0,0.0,0.0,0.0
208,72,7,3037.0,3026.0,572.0,0.0,782.0,5645.0,726.1370077401982,21314.343599999975,22040.480607740174,2898.0,25.0,7.0,147.0,57.0,20.0,11.0,169.0,34.0,2.0,0.0,0.0,0.0
208,73,7,2955.0,2955.0,583.0,0.0,788.0,5645.0,687.5886806059867,20572.329199999982,21259.91788060597,2898.0,25.0,7.0,147.0,57.0,20.0,11.0,169.0,34.0,2.0,0.0,0.0,0.0
208,74,7,3031.0,2989.0,605.0,0.0,832.0,5645.0,1093.4808918525766,21963.839999999967,23057.320891852545,2898.0,25.0,7.0,147.0,57.0,20.0,11.0,169.0,34.0,2.0,0.0,0.0,0.0
208,75,7,3029.0,2932.0,597.0,0.0,818.0,5645.0,728.6596974735157,22578.934399999973,23307.594097473488,2898.0,25.0,7.0,147.0,57.0,20.0,11.0,169.0,34.0,2.0,0.0,0.0,0.0
208,76,7,3033.0,2936.0,616.0,0.0,749.0,5645.0,890.792809264415,21348.27799999997,22239.070809264384,2898.0,25.0,7.0,147.0,57.0,20.0,11.0,169.0,34.0,2.0,0.0,0.0,0.0
208,77,7,3014.0,2995.0,571.0,0.0,770.0,5645.0,644.4694227786508,22266.577599999964,22911.047022778614,2898.0,25.0,7.0,147.0,57.0,20.0,11.0,169.0,34.0,2.0,0.0,0.0,0.0
208,78,7,3035.0,3036.0,570.0,0.0,772.0,5645.0,405.4037111457806,22501.980799999976,22907.384511145756,2898.0,25.0,7.0,147.0,57.0,20.0,11.0,169.0,34.0,2.0,0.0,0.0,0.0
208,79,7,2965.0,2942.0,566.0,0.0,784.0,5645.0,770.4862510901045,22014.808399999987,22785.294651090087,2898.0,25.0,7.0,147.0,57.0,20.0,11.0,169.0,34.0,2.0,0.0,0.0,0.0
208,80,7,3070.0,2977.0,626.0,0.0,765.0,5645.0,852.8400626791473,22829.367599999983,23682.20766267913,2898.0,25.0,7.0,147.0,57.0,20.0,11.0,169.0,34.0,2.0,0.0,0.0,0.0
208,81,7,3033.0,3018.0,624.0,0.0,841.0,5645.0,807.3614614645451,21121.15799999998,21928.519461464526,2898.0,25.0,7.0,147.0,57.0,20.0,11.0,169.0,34.0,2.0,0.0,0.0,0.0
208,82,7,3012.0,2899.0,638.0,0.0,753.0,5645.0,932.3244342413004,21606.727199999998,22539.051634241296,2898.0,25.0,7.0,147.0,57.0,20.0,11.0,169.0,34.0,2.0,0.0,0.0,0.0
208,83,7,2958.0,2983.0,585.0,0.0,765.0,5645.0,767.8545593566696,23580.33319999998,24348.187759356653,2898.0,25.0,7.0,147.0,57.0,20.0,11.0,169.0,34.0,2.0,0.0,0.0,0.0
208,84,8,3030.0,3036.0,593.0,0.0,800.0,5645.0,567.4115252024209,23149.940799999975,23717.3523252024,2898.0,25.0,7.0,147.0,57.0,20.0,11.0,169.0,34.0,2.0,0.0,0.0,0.0
208,85,8,3021.0,2968.0,600.0,0.0,756.0,5645.0,807.5277950145261,21951.882799999985,22759.41059501451,2898.0,25.0,7.0,147.0,57.0,20.0,11.0,169.0,34.0,2.0,0.0,0.0,0.0
208,86,8,3019.0,2951.0,623.0,0.0,780.0,5645.0,564.21350730594,22570.517599999996,23134.73110730593,2898.0,25.0,7.0,147.0,57.0,20.0,11.0,169.0,34.0,2.0,0.0,0.0,0.0
208,87,8,3056.0,3018.0,643.0,0.0,822.0,5645.0,849.8701528749114,21153.288799999995,22003.15895287491,2898.0,25.0,7.0,147.0,57.0,20.0,11.0,169.0,34.0,2.0,0.0,0.0,0.0
208,88,8,3014.0,2955.0,610.0,0.0,771.0,5645.0,932.9640053340701,20340.19919999998,21273.163205334055,2898.0,25.0,7.0,147.0,57.0,20.0,11.0,169.0,34.0,2.0,0.0,0.0,0.0
208,89,8,3043.0,2955.0,644.0,0.0,758.0,5645.0,362.92181454654036,22158.29479999997,22521.21661454651,2898.0,25.0,7.0,147.0,57.0,20.0,11.0,169.0,34.0,2.0,0.0,0.0,0.0
208,90,8,3008.0,2984.0,617.0,0.0,786.0,5645.0,809.9192273968358,21415.879599999982,22225.79882739682,2898.0,25.0,7.0,147.0,57.0,20.0,11.0,169.0,34.0,2.0,0.0,0.0,0.0
208,91,8,3065.0,2989.0,623.0,0.0,790.0,5645.0,646.2740489843804,20490.966799999984,21137.24084898436,2898.0,25.0,7.0,147.0,57.0,20.0,11.0,169.0,34.0,2.0,0.0,0.0,0.0
208,92,8,2999.0,2986.0,593.0,0.0,786.0,5645.0,686.1476431315284,23533.907199999972,24220.054843131504,2898.0,25.0,7.0,147.0,57.0,20.0,11.0,169.0,34.0,2.0,0.0,0.0,0.0
208,93,8,3031.0,2968.0,560.0,0.0,754.0,5645.0,972.5783912819472,22448.54079999999,23421.119191281938,2898.0,25.0,7.0,147.0,57.0,20.0,11.0,169.0,34.0,2.0,0.0,0.0,0.0
208,94,8,2986.0,2994.0,583.0,0.0,744.0,5645.0,768.1719724406202,21234.250399999975,22002.422372440597,2898.0,25.0,7.0,147.0,57.0,20.0,11.0,169.0,34.0,2.0,0.0,0.0,0.0
208,95,8,3039.0,3002.0,584.0,0.0,773.0,5645.0,686.0583696306761,22900.910399999968,23586.968769630646,2898.0,25.0,7.0,147.0,57.0,20.0,11.0,169.0,34.0,2.0,0.0,0.0,0.0
208,96,9,3016.0,2931.0,632.0,0.0,744.0,5645.0,523.0530793138687,21493.434399999984,22016.487479313855,2898.0,25.0,7.0,147.0,57.0,20.0,11.0,169.0,34.0,2.0,0.0,0.0,0.0
208,97,9,2983.0,2933.0,662.0,0.0,861.0,5645.0,687.0435517166181,21559.49959999998,22246.5431517166,2898.0,25.0,7.0,147.0,57.0,20.0,11.0,169.0,34.0,2.0,0.0,0.0,0.0
208,98,9,3015.0,2961.0,609.0,0.0,810.0,5645.0,648.1159186075549,21829.638799999975,22477.754718607535,2898.0,25.0,7.0,147.0,57.0,20.0,11.0,169.0,34.0,2.0,0.0,0.0,0.0
208,99,9,3053.0,2975.0,585.0,0.0,752.0,5645.0,483.16033253478224,22051.94919999999,22535.109532534774,2898.0,25.0,7.0,147.0,57.0,20.0,11.0,169.0,34.0,2.0,0.0,0.0,0.0
208,100,9,3058.0,3049.0,602.0,0.0,784.0,5645.0,562.1007801431757,20876.669999999984,21438.770780143153,2898.0,25.0,7.0,147.0,57.0,20.0,11.0,169.0,34.0,2.0,0.0,0.0,0.0
208,101,9,3066.0,2967.0,609.0,0.0,781.0,5645.0,566.3947221015746,22057.29319999998,22623.68792210155,2898.0,25.0,7.0,147.0,57.0,20.0,11.0,169.0,34.0,2.0,0.0,0.0,0.0
208,102,9,2972.0,2922.0,604.0,0.0,749.0,5645.0,1132.9867987859734,20879.675999999974,22012.662798785947,2898.0,25.0,7.0,147.0,57.0,20.0,11.0,169.0,34.0,2.0,0.0,0.0,0.0
208,103,9,3047.0,3019.0,559.0,0.0,717.0,5645.0,400.11808913312973,21057.965199999977,21458.083289133105,2898.0,25.0,7.0,147.0,57.0,20.0,11.0,169.0,34.0,2.0,0.0,0.0,0.0
208,104,9,3047.0,3000.0,594.0,0.0,778.0,5645.0,483.8957858220802,20565.582399999985,21049.478185822067,2898.0,25.0,7.0,147.0,57.0,20.0,11.0,169.0,34.0,2.0,0.0,0.0,0.0
208,105,9,3054.0,2973.0,629.0,0.0,792.0,5645.0,608.9241268078708,23739.784799999965,24348.708926807838,2898.0,25.0,7.0,147.0,57.0,20.0,11.0,169.0,34.0,2.0,0.0,0.0,0.0
208,106,9,3088.0,3030.0,593.0,0.0,737.0,5645.0,728.1439829358368,22999.573999999975,23727.717982935814,2898.0,25.0,7.0,147.0,57.0,20.0,11.0,169.0,34.0,2.0,0.0,0.0,0.0
208,107,9,3007.0,2968.0,628.0,0.0,794.0,5645.0,891.9778808576219,21961.034399999975,22853.012280857598,2898.0,25.0,7.0,147.0,57.0,20.0,11.0,169.0,34.0,2.0,0.0,0.0,0.0
208,108,10,3098.0,3019.0,635.0,0.0,806.0,5645.0,971.1559062557601,23398.904399999985,24370.06030625575,2898.0,25.0,7.0,147.0,57.0,20.0,11.0,169.0,34.0,2.0,0.0,0.0,0.0
208,109,10,3079.0,3075.0,631.0,0.0,801.0,5645.0,929.8878439146765,21869.117599999983,22799.00544391466,2898.0,25.0,7.0,147.0,57.0,20.0,11.0,169.0,34.0,2.0,0.0,0.0,0.0
208,110,10,3040.0,2963.0,629.0,0.0,750.0,5645.0,770.0931701269878,21888.08879999998,22658.181970126967,2898.0,25.0,7.0,147.0,57.0,20.0,11.0,169.0,34.0,2.0,0.0,0.0,0.0
208,111,10,2969.0,2944.0,617.0,0.0,805.0,5645.0,686.3494496211657,20151.155199999987,20837.50464962115,2898.0,25.0,7.0,147.0,57.0,20.0,11.0,169.0,34.0,2.0,0.0,0.0,0.0
208,112,10,3018.0,2983.0,597.0,0.0,788.0,5645.0,361.51563212357865,21010.20319999998,21371.718832123563,2898.0,25.0,7.0,147.0,57.0,20.0,11.0,169.0,34.0,2.0,0.0,0.0,0.0
208,113,10,3041.0,2959.0,602.0,0.0,803.0,5645.0,974.6585228282477,19605.53279999998,20580.19132282823,2898.0,25.0,7.0,147.0,57.0,20.0,11.0,169.0,34.0,2.0,0.0,0.0,0.0
208,114,10,2929.0,2958.0,597.0,0.0,805.0,5645.0,685.4609043418418,21648.209999999985,22333.67090434183,2898.0,25.0,7.0,147.0,57.0,20.0,11.0,169.0,34.0,2.0,0.0,0.0,0.0
208,115,10,3029.0,2964.0,625.0,0.0,723.0,5645.0,723.3521191163126,21557.361999999983,22280.714119116295,2898.0,25.0,7.0,147.0,57.0,20.0,11.0,169.0,34.0,2.0,0.0,0.0,0.0
208,116,10,3062.0,2979.0,632.0,0.0,792.0,5645.0,564.2280022098455,20996.709599999987,21560.937602209833,2898.0,25.0,7.0,147.0,57.0,20.0,11.0,169.0,34.0,2.0,0.0,0.0,0.0
208,117,10,2974.0,2929.0,614.0,0.0,770.0,5645.0,687.149324402388,19921.229599999984,20608.37892440237,2898.0,25.0,7.0,147.0,57.0,20.0,11.0,169.0,34.0,2.0,0.0,0.0,0.0
208,118,10,3018.0,2940.0,647.0,0.0,790.0,5645.0,1050.0851975785467,22651.07839999997,23701.16359757851,2898.0,25.0,7.0,147.0,57.0,20.0,11.0,169.0,34.0,2.0,0.0,0.0,0.0
208,119,10,3062.0,2968.0,629.0,0.0,789.0,5645.0,1093.2765269404197,19592.707199999997,20685.98372694042,2898.0,25.0,7.0,147.0,57.0,20.0,11.0,169.0,34.0,2.0,0.0,0.0,0.0
209,0,1,2997.0,2951.0,621.0,0.0,802.0,5645.0,603.1964536336257,23866.103599999977,24469.3000536336,2898.0,25.0,7.0,147.0,57.0,20.0,11.0,169.0,34.0,2.0,0.0,0.0,0.0
209,1,1,3037.0,2960.0,634.0,0.0,798.0,5645.0,440.90585799692724,24259.221599999968,24700.127457996896,2898.0,25.0,7.0,147.0,57.0,20.0,11.0,169.0,34.0,2.0,0.0,0.0,0.0
209,2,1,2981.0,2985.0,623.0,0.0,800.0,5645.0,724.0602751074032,24710.655999999974,25434.716275107377,2898.0,25.0,7.0,147.0,57.0,20.0,11.0,169.0,34.0,2.0,0.0,0.0,0.0
209,3,1,2953.0,3003.0,550.0,0.0,771.0,5645.0,483.8793432393933,24791.884799999978,25275.76414323937,2898.0,25.0,7.0,147.0,57.0,20.0,11.0,169.0,34.0,2.0,0.0,0.0,0.0
209,4,1,2918.0,2915.0,614.0,0.0,755.0,5645.0,522.4127577791811,23312.932799999966,23835.34555777915,2898.0,25.0,7.0,147.0,57.0,20.0,11.0,169.0,34.0,2.0,0.0,0.0,0.0
209,5,1,2994.0,2859.0,655.0,0.0,753.0,5645.0,480.92316201267346,24586.474799999956,25067.39796201263,2898.0,25.0,7.0,147.0,57.0,20.0,11.0,169.0,34.0,2.0,0.0,0.0,0.0
209,6,1,2967.0,2945.0,639.0,0.0,763.0,5645.0,362.5979120554408,23767.707199999968,24130.305112055412,2898.0,25.0,7.0,147.0,57.0,20.0,11.0,169.0,34.0,2.0,0.0,0.0,0.0
209,7,1,2930.0,2915.0,611.0,0.0,790.0,5645.0,442.75419716252185,22831.171199999982,23273.925397162504,2898.0,25.0,7.0,147.0,57.0,20.0,11.0,169.0,34.0,2.0,0.0,0.0,0.0
209,8,1,2932.0,2936.0,604.0,0.0,783.0,5645.0,321.4181787550778,23620.07919999999,23941.497378755066,2898.0,25.0,7.0,147.0,57.0,20.0,11.0,169.0,34.0,2.0,0.0,0.0,0.0
209,9,1,3041.0,2962.0,616.0,0.0,763.0,5645.0,725.7352354520144,22187.219199999978,22912.954435451997,2898.0,25.0,7.0,147.0,57.0,20.0,11.0,169.0,34.0,2.0,0.0,0.0,0.0
209,10,1,2950.0,2892.0,576.0,0.0,759.0,5645.0,565.0490029276666,23618.008399999977,24183.057402927643,2898.0,25.0,7.0,147.0,57.0,20.0,11.0,169.0,34.0,2.0,0.0,0.0,0.0
209,11,1,2986.0,2959.0,604.0,0.0,795.0,5645.0,524.468074261911,23360.761599999976,23885.22967426189,2898.0,25.0,7.0,147.0,57.0,20.0,11.0,169.0,34.0,2.0,0.0,0.0,0.0
209,12,2,2934.0,2892.0,616.0,0.0,797.0,5645.0,361.21983875944807,25804.839999999953,26166.059838759404,2898.0,25.0,7.0,147.0,57.0,20.0,11.0,169.0,34.0,2.0,0.0,0.0,0.0
209,13,2,2998.0,2881.0,638.0,0.0,759.0,5645.0,685.6537228485591,24121.546799999982,24807.200522848543,2898.0,25.0,7.0,147.0,57.0,20.0,11.0,169.0,34.0,2.0,0.0,0.0,0.0
209,14,2,2979.0,2939.0,642.0,0.0,771.0,5645.0,723.9939581137266,22729.902399999977,23453.8963581137,2898.0,25.0,7.0,147.0,57.0,20.0,11.0,169.0,34.0,2.0,0.0,0.0,0.0
209,15,2,2940.0,2934.0,606.0,0.0,809.0,5645.0,320.7880476938303,23976.457199999975,24297.2452476938,2898.0,25.0,7.0,147.0,57.0,20.0,11.0,169.0,34.0,2.0,0.0,0.0,0.0
209,16,2,2938.0,2899.0,607.0,0.0,787.0,5645.0,724.3472392115546,22664.171199999975,23388.518439211533,2898.0,25.0,7.0,147.0,57.0,20.0,11.0,169.0,34.0,2.0,0.0,0.0,0.0
209,17,2,3031.0,2889.0,657.0,0.0,783.0,5645.0,483.5734005306224,25553.471599999964,26037.045000530587,2898.0,25.0,7.0,147.0,57.0,20.0,11.0,169.0,34.0,2.0,0.0,0.0,0.0
209,18,2,2917.0,2922.0,628.0,0.0,812.0,5645.0,242.34559240047417,24175.18719999997,24417.53279240045,2898.0,25.0,7.0,147.0,57.0,20.0,11.0,169.0,34.0,2.0,0.0,0.0,0.0
209,19,2,2933.0,2940.0,587.0,0.0,805.0,5645.0,647.1501579557763,25130.093199999967,25777.24335795574,2898.0,25.0,7.0,147.0,57.0,20.0,11.0,169.0,34.0,2.0,0.0,0.0,0.0
209,20,2,2951.0,2915.0,612.0,0.0,779.0,5645.0,402.3686074038094,24613.59559999997,25015.96420740378,2898.0,25.0,7.0,147.0,57.0,20.0,11.0,169.0,34.0,2.0,0.0,0.0,0.0
209,21,2,2954.0,2955.0,632.0,0.0,790.0,5645.0,645.6437119193168,25255.877599999974,25901.521311919292,2898.0,25.0,7.0,147.0,57.0,20.0,11.0,169.0,34.0,2.0,0.0,0.0,0.0
209,22,2,3007.0,2960.0,616.0,0.0,769.0,5645.0,686.3273915181234,23240.922399999978,23927.2497915181,2898.0,25.0,7.0,147.0,57.0,20.0,11.0,169.0,34.0,2.0,0.0,0.0,0.0
209,23,2,2991.0,2942.0,601.0,0.0,784.0,5645.0,566.1355140306101,24242.788799999977,24808.924314030588,2898.0,25.0,7.0,147.0,57.0,20.0,11.0,169.0,34.0,2.0,0.0,0.0,0.0
209,24,3,2953.0,2935.0,593.0,0.0,815.0,5645.0,482.90741718268924,25427.085999999956,25909.993417182646,2898.0,25.0,7.0,147.0,57.0,20.0,11.0,169.0,34.0,2.0,0.0,0.0,0.0
209,25,3,3018.0,2935.0,623.0,0.0,755.0,5645.0,564.6353734409339,23836.64479999997,24401.2801734409,2898.0,25.0,7.0,147.0,57.0,20.0,11.0,169.0,34.0,2.0,0.0,0.0,0.0
209,26,3,3036.0,3023.0,577.0,0.0,781.0,5645.0,482.6139063438334,22092.095999999983,22574.709906343815,2898.0,25.0,7.0,147.0,57.0,20.0,11.0,169.0,34.0,2.0,0.0,0.0,0.0
209,27,3,2959.0,2908.0,654.0,0.0,821.0,5645.0,566.0652855358369,26016.261999999962,26582.3272855358,2898.0,25.0,7.0,147.0,57.0,20.0,11.0,169.0,34.0,2.0,0.0,0.0,0.0
209,28,3,3009.0,2938.0,657.0,0.0,774.0,5645.0,361.9799512052989,24533.23519999998,24895.215151205277,2898.0,25.0,7.0,147.0,57.0,20.0,11.0,169.0,34.0,2.0,0.0,0.0,0.0
209,29,3,2894.0,2860.0,628.0,0.0,800.0,5645.0,604.6419898722842,23644.26079999999,24248.902789872274,2898.0,25.0,7.0,147.0,57.0,20.0,11.0,169.0,34.0,2.0,0.0,0.0,0.0
209,30,3,2919.0,2957.0,603.0,0.0,817.0,5645.0,604.1672600584765,23651.341599999985,24255.508860058457,2898.0,25.0,7.0,147.0,57.0,20.0,11.0,169.0,34.0,2.0,0.0,0.0,0.0
209,31,3,2961.0,2897.0,637.0,0.0,744.0,5645.0,319.2915872201145,23587.48079999999,23906.772387220102,2898.0,25.0,7.0,147.0,57.0,20.0,11.0,169.0,34.0,2.0,0.0,0.0,0.0
209,32,3,2935.0,2888.0,597.0,0.0,736.0,5645.0,401.32255085541817,25202.43759999997,25603.760150855385,2898.0,25.0,7.0,147.0,57.0,20.0,11.0,169.0,34.0,2.0,0.0,0.0,0.0
209,33,3,2971.0,2936.0,604.0,0.0,774.0,5645.0,442.3980269960892,23192.425599999966,23634.823626996054,2898.0,25.0,7.0,147.0,57.0,20.0,11.0,169.0,34.0,2.0,0.0,0.0,0.0
209,34,3,2917.0,2977.0,577.0,0.0,795.0,5645.0,604.2629875032779,23305.31759999998,23909.580587503253,2898.0,25.0,7.0,147.0,57.0,20.0,11.0,169.0,34.0,2.0,0.0,0.0,0.0
209,35,3,2885.0,2866.0,608.0,0.0,788.0,5645.0,563.7742422525441,23846.99879999998,24410.77304225252,2898.0,25.0,7.0,147.0,57.0,20.0,11.0,169.0,34.0,2.0,0.0,0.0,0.0
209,36,4,2890.0,2885.0,598.0,0.0,780.0,5645.0,564.0838103985755,26285.19879999996,26849.282610398535,2898.0,25.0,7.0,147.0,57.0,20.0,11.0,169.0,34.0,2.0,0.0,0.0,0.0
209,37,4,2931.0,2936.0,582.0,0.0,729.0,5645.0,238.4194134426879,25103.974399999966,25342.39381344265,2898.0,25.0,7.0,147.0,57.0,20.0,11.0,169.0,34.0,2.0,0.0,0.0,0.0
209,38,4,2982.0,3003.0,572.0,0.0,778.0,5645.0,684.5875727337465,25150.066399999967,25834.65397273371,2898.0,25.0,7.0,147.0,57.0,20.0,11.0,169.0,34.0,2.0,0.0,0.0,0.0
209,39,4,2985.0,2903.0,661.0,0.0,789.0,5645.0,359.8102548457022,23465.37039999997,23825.180654845666,2898.0,25.0,7.0,147.0,57.0,20.0,11.0,169.0,34.0,2.0,0.0,0.0,0.0
209,40,4,2980.0,2962.0,599.0,0.0,792.0,5645.0,524.2554553337217,22852.88119999998,23377.136655333703,2898.0,25.0,7.0,147.0,57.0,20.0,11.0,169.0,34.0,2.0,0.0,0.0,0.0
209,41,4,2985.0,2898.0,610.0,0.0,787.0,5645.0,603.6066578793501,24800.23479999997,25403.84145787932,2898.0,25.0,7.0,147.0,57.0,20.0,11.0,169.0,34.0,2.0,0.0,0.0,0.0
209,42,4,2916.0,2934.0,605.0,0.0,766.0,5645.0,400.69089037777235,23189.152399999974,23589.843290377743,2898.0,25.0,7.0,147.0,57.0,20.0,11.0,169.0,34.0,2.0,0.0,0.0,0.0
209,43,4,2977.0,2996.0,603.0,0.0,802.0,5645.0,400.1048394812103,23730.699999999983,24130.804839481192,2898.0,25.0,7.0,147.0,57.0,20.0,11.0,169.0,34.0,2.0,0.0,0.0,0.0
209,44,4,2929.0,2915.0,623.0,0.0,765.0,5645.0,848.6343438773922,24334.839199999977,25183.47354387737,2898.0,25.0,7.0,147.0,57.0,20.0,11.0,169.0,34.0,2.0,0.0,0.0,0.0
209,45,4,2934.0,2882.0,619.0,0.0,774.0,5645.0,602.9728956901275,23659.49119999999,24262.464095690113,2898.0,25.0,7.0,147.0,57.0,20.0,11.0,169.0,34.0,2.0,0.0,0.0,0.0
209,46,4,2910.0,2919.0,611.0,0.0,785.0,5645.0,767.9802111952309,23989.34959999998,24757.32981119521,2898.0,25.0,7.0,147.0,57.0,20.0,11.0,169.0,34.0,2.0,0.0,0.0,0.0
209,47,4,2899.0,2894.0,640.0,0.0,753.0,5645.0,604.441592204621,23179.599999999973,23784.041592204594,2898.0,25.0,7.0,147.0,57.0,20.0,11.0,169.0,34.0,2.0,0.0,0.0,0.0
209,48,5,3016.0,2958.0,659.0,0.0,800.0,5645.0,724.9582126794642,23797.56679999997,24522.525012679434,2898.0,25.0,7.0,147.0,57.0,20.0,11.0,169.0,34.0,2.0,0.0,0.0,0.0
209,49,5,2998.0,2975.0,621.0,0.0,782.0,5645.0,767.4696546067248,24640.315599999973,25407.785254606693,2898.0,25.0,7.0,147.0,57.0,20.0,11.0,169.0,34.0,2.0,0.0,0.0,0.0
209,50,5,2967.0,3002.0,561.0,0.0,738.0,5645.0,685.580268057765,23944.393199999973,24629.973468057735,2898.0,25.0,7.0,147.0,57.0,20.0,11.0,169.0,34.0,2.0,0.0,0.0,0.0
209,51,5,3017.0,2939.0,652.0,0.0,803.0,5645.0,481.16686142583455,23356.953999999976,23838.120861425814,2898.0,25.0,7.0,147.0,57.0,20.0,11.0,169.0,34.0,2.0,0.0,0.0,0.0
209,52,5,2923.0,2851.0,607.0,0.0,751.0,5645.0,767.4680505369417,23024.690799999982,23792.158850536925,2898.0,25.0,7.0,147.0,57.0,20.0,11.0,169.0,34.0,2.0,0.0,0.0,0.0
209,53,5,2969.0,3003.0,597.0,0.0,757.0,5645.0,646.8085672693458,22933.241599999965,23580.05016726931,2898.0,25.0,7.0,147.0,57.0,20.0,11.0,169.0,34.0,2.0,0.0,0.0,0.0
209,54,5,2936.0,2967.0,630.0,0.0,794.0,5645.0,563.8087995633481,22656.08839999998,23219.897199563326,2898.0,25.0,7.0,147.0,57.0,20.0,11.0,169.0,34.0,2.0,0.0,0.0,0.0
209,55,5,2998.0,2938.0,665.0,0.0,754.0,5645.0,279.95884932827624,23377.394799999976,23657.35364932825,2898.0,25.0,7.0,147.0,57.0,20.0,11.0,169.0,34.0,2.0,0.0,0.0,0.0
209,56,5,2943.0,2942.0,629.0,0.0,779.0,5645.0,807.3338943838485,23170.448399999983,23977.782294383833,2898.0,25.0,7.0,147.0,57.0,20.0,11.0,169.0,34.0,2.0,0.0,0.0,0.0
209,57,5,2958.0,2901.0,642.0,0.0,822.0,5645.0,646.5581258179391,24113.06319999997,24759.621325817912,2898.0,25.0,7.0,147.0,57.0,20.0,11.0,169.0,34.0,2.0,0.0,0.0,0.0
209,58,5,2912.0,2907.0,607.0,0.0,772.0,5645.0,766.1932910809101,24448.799999999967,25214.99329108088,2898.0,25.0,7.0,147.0,57.0,20.0,11.0,169.0,34.0,2.0,0.0,0.0,0.0
209,59,5,3019.0,3006.0,642.0,0.0,814.0,5645.0,443.67123942936337,24613.996399999978,25057.667639429343,2898.0,25.0,7.0,147.0,57.0,20.0,11.0,169.0,34.0,2.0,0.0,0.0,0.0
209,60,6,2975.0,2925.0,625.0,0.0,789.0,5645.0,605.0282357265378,24242.855599999973,24847.883835726512,2898.0,25.0,7.0,147.0,57.0,20.0,11.0,169.0,34.0,2.0,0.0,0.0,0.0
209,61,6,2942.0,2904.0,624.0,0.0,799.0,5645.0,564.9046139186877,22031.374799999983,22596.27941391867,2898.0,25.0,7.0,147.0,57.0,20.0,11.0,169.0,34.0,2.0,0.0,0.0,0.0
209,62,6,2975.0,2944.0,603.0,0.0,780.0,5645.0,565.3535308185128,25057.815599999973,25623.16913081848,2898.0,25.0,7.0,147.0,57.0,20.0,11.0,169.0,34.0,2.0,0.0,0.0,0.0
209,63,6,2934.0,2939.0,633.0,0.0,827.0,5645.0,849.8075837134752,24283.670399999966,25133.47798371344,2898.0,25.0,7.0,147.0,57.0,20.0,11.0,169.0,34.0,2.0,0.0,0.0,0.0
209,64,6,2954.0,2840.0,607.0,0.0,727.0,5645.0,562.5312490674785,22723.489599999983,23286.02084906746,2898.0,25.0,7.0,147.0,57.0,20.0,11.0,169.0,34.0,2.0,0.0,0.0,0.0
209,65,6,3003.0,3005.0,615.0,0.0,818.0,5645.0,480.67526128146443,25042.31799999997,25522.993261281437,2898.0,25.0,7.0,147.0,57.0,20.0,11.0,169.0,34.0,2.0,0.0,0.0,0.0
209,66,6,2974.0,2898.0,622.0,0.0,772.0,5645.0,440.93355304577256,22269.04919999998,22709.98275304575,2898.0,25.0,7.0,147.0,57.0,20.0,11.0,169.0,34.0,2.0,0.0,0.0,0.0
209,67,6,2936.0,2956.0,603.0,0.0,799.0,5645.0,683.6151812113867,23282.73919999996,23966.35438121135,2898.0,25.0,7.0,147.0,57.0,20.0,11.0,169.0,34.0,2.0,0.0,0.0,0.0
209,68,6,2933.0,2877.0,619.0,0.0,771.0,5645.0,443.6141962503869,22428.099999999977,22871.714196250367,2898.0,25.0,7.0,147.0,57.0,20.0,11.0,169.0,34.0,2.0,0.0,0.0,0.0
209,69,6,2921.0,2900.0,617.0,0.0,769.0,5645.0,563.4540099827269,22680.20319999998,23243.65720998271,2898.0,25.0,7.0,147.0,57.0,20.0,11.0,169.0,34.0,2.0,0.0,0.0,0.0
209,70,6,2966.0,2925.0,628.0,0.0,788.0,5645.0,562.8804064960157,23721.748799999976,24284.629206495993,2898.0,25.0,7.0,147.0,57.0,20.0,11.0,169.0,34.0,2.0,0.0,0.0,0.0
209,71,6,2976.0,2947.0,613.0,0.0,786.0,5645.0,807.9079397031355,23358.49039999997,24166.398339703108,2898.0,25.0,7.0,147.0,57.0,20.0,11.0,169.0,34.0,2.0,0.0,0.0,0.0
209,72,7,2896.0,2880.0,617.0,0.0,787.0,5645.0,481.9541462756658,25398.29519999996,25880.24934627563,2898.0,25.0,7.0,147.0,57.0,20.0,11.0,169.0,34.0,2.0,0.0,0.0,0.0
209,73,7,2970.0,2943.0,616.0,0.0,818.0,5645.0,806.387673472503,23614.868799999967,24421.256473472473,2898.0,25.0,7.0,147.0,57.0,20.0,11.0,169.0,34.0,2.0,0.0,0.0,0.0
209,74,7,2972.0,2880.0,618.0,0.0,836.0,5645.0,564.8027926702807,25318.93679999996,25883.73959267024,2898.0,25.0,7.0,147.0,57.0,20.0,11.0,169.0,34.0,2.0,0.0,0.0,0.0
209,75,7,2968.0,2907.0,607.0,0.0,767.0,5645.0,562.5074142254093,23998.63479999997,24561.14221422538,2898.0,25.0,7.0,147.0,57.0,20.0,11.0,169.0,34.0,2.0,0.0,0.0,0.0
209,76,7,2947.0,2958.0,561.0,0.0,757.0,5645.0,318.113439303175,24692.01879999997,25010.132239303144,2898.0,25.0,7.0,147.0,57.0,20.0,11.0,169.0,34.0,2.0,0.0,0.0,0.0
209,77,7,2974.0,2978.0,586.0,0.0,779.0,5645.0,362.19221119623387,24875.718799999977,25237.91101119621,2898.0,25.0,7.0,147.0,57.0,20.0,11.0,169.0,34.0,2.0,0.0,0.0,0.0
209,78,7,2902.0,2903.0,573.0,0.0,784.0,5645.0,647.0952627440535,24546.995999999985,25194.091262744034,2898.0,25.0,7.0,147.0,57.0,20.0,11.0,169.0,34.0,2.0,0.0,0.0,0.0
209,79,7,3012.0,2936.0,634.0,0.0,768.0,5645.0,688.0689445438207,24943.520799999973,25631.589744543795,2898.0,25.0,7.0,147.0,57.0,20.0,11.0,169.0,34.0,2.0,0.0,0.0,0.0
209,80,7,2973.0,2970.0,638.0,0.0,813.0,5645.0,645.2567944418904,24155.81519999997,24801.07199444186,2898.0,25.0,7.0,147.0,57.0,20.0,11.0,169.0,34.0,2.0,0.0,0.0,0.0
209,81,7,2942.0,2829.0,660.0,0.0,753.0,5645.0,768.3526260224462,23757.08599999999,24525.43862602243,2898.0,25.0,7.0,147.0,57.0,20.0,11.0,169.0,34.0,2.0,0.0,0.0,0.0
209,82,7,2902.0,2938.0,591.0,0.0,778.0,5645.0,442.0975815810547,26101.231599999974,26543.32918158103,2898.0,25.0,7.0,147.0,57.0,20.0,11.0,169.0,34.0,2.0,0.0,0.0,0.0
209,83,7,2972.0,2972.0,619.0,0.0,765.0,5645.0,645.1058889092163,23285.611599999975,23930.717488909195,2898.0,25.0,7.0,147.0,57.0,20.0,11.0,169.0,34.0,2.0,0.0,0.0,0.0
209,84,8,2962.0,2907.0,625.0,0.0,774.0,5645.0,724.5790439662716,23915.535599999974,24640.114643966248,2898.0,25.0,7.0,147.0,57.0,20.0,11.0,169.0,34.0,2.0,0.0,0.0,0.0
209,85,8,2966.0,2901.0,644.0,0.0,763.0,5645.0,602.6956646901616,23942.923599999984,24545.619264690147,2898.0,25.0,7.0,147.0,57.0,20.0,11.0,169.0,34.0,2.0,0.0,0.0,0.0
209,86,8,2991.0,2969.0,645.0,0.0,812.0,5645.0,685.9727691155242,22680.871199999987,23366.843969115514,2898.0,25.0,7.0,147.0,57.0,20.0,11.0,169.0,34.0,2.0,0.0,0.0,0.0
209,87,8,2949.0,2921.0,609.0,0.0,766.0,5645.0,849.2775446565231,22833.17519999997,23682.452744656493,2898.0,25.0,7.0,147.0,57.0,20.0,11.0,169.0,34.0,2.0,0.0,0.0,0.0
209,88,8,2972.0,2907.0,644.0,0.0,755.0,5645.0,321.5295833844938,24097.89959999998,24419.429183384473,2898.0,25.0,7.0,147.0,57.0,20.0,11.0,169.0,34.0,2.0,0.0,0.0,0.0
209,89,8,2929.0,2913.0,641.0,0.0,788.0,5645.0,441.89011114479894,23589.28439999997,24031.174511144774,2898.0,25.0,7.0,147.0,57.0,20.0,11.0,169.0,34.0,2.0,0.0,0.0,0.0
209,90,8,3017.0,2943.0,641.0,0.0,776.0,5645.0,644.2795837132304,22573.189599999972,23217.4691837132,2898.0,25.0,7.0,147.0,57.0,20.0,11.0,169.0,34.0,2.0,0.0,0.0,0.0
209,91,8,2938.0,2931.0,608.0,0.0,785.0,5645.0,643.2620848500306,25765.962399999968,26409.224484849998,2898.0,25.0,7.0,147.0,57.0,20.0,11.0,169.0,34.0,2.0,0.0,0.0,0.0
209,92,8,2968.0,2905.0,581.0,0.0,755.0,5645.0,605.5018464414827,24629.69439999998,25235.19624644146,2898.0,25.0,7.0,147.0,57.0,20.0,11.0,169.0,34.0,2.0,0.0,0.0,0.0
209,93,8,2927.0,2954.0,583.0,0.0,721.0,5645.0,603.1497492266176,23662.49719999996,24265.64694922658,2898.0,25.0,7.0,147.0,57.0,20.0,11.0,169.0,34.0,2.0,0.0,0.0,0.0
209,94,8,2961.0,2930.0,612.0,0.0,817.0,5645.0,402.4115432998682,25871.03879999998,26273.45034329985,2898.0,25.0,7.0,147.0,57.0,20.0,11.0,169.0,34.0,2.0,0.0,0.0,0.0
209,95,8,2944.0,2875.0,643.0,0.0,745.0,5645.0,562.1703373296223,24224.351999999977,24786.5223373296,2898.0,25.0,7.0,147.0,57.0,20.0,11.0,169.0,34.0,2.0,0.0,0.0,0.0
209,96,9,2921.0,2890.0,670.0,0.0,847.0,5645.0,685.4384112153944,23832.03559999997,24517.474011215367,2898.0,25.0,7.0,147.0,57.0,20.0,11.0,169.0,34.0,2.0,0.0,0.0,0.0
209,97,9,2954.0,2923.0,618.0,0.0,823.0,5645.0,524.3731977616021,24218.005999999972,24742.379197761577,2898.0,25.0,7.0,147.0,57.0,20.0,11.0,169.0,34.0,2.0,0.0,0.0,0.0
209,98,9,2986.0,2927.0,589.0,0.0,762.0,5645.0,319.3922442348894,24621.143999999982,24940.53624423487,2898.0,25.0,7.0,147.0,57.0,20.0,11.0,169.0,34.0,2.0,0.0,0.0,0.0
209,99,9,2994.0,2990.0,620.0,0.0,793.0,5645.0,358.47041023047996,23346.80039999997,23705.270810230446,2898.0,25.0,7.0,147.0,57.0,20.0,11.0,169.0,34.0,2.0,0.0,0.0,0.0
209,100,9,2993.0,2915.0,624.0,0.0,788.0,5645.0,563.9703621291849,25248.997199999958,25812.967562129146,2898.0,25.0,7.0,147.0,57.0,20.0,11.0,169.0,34.0,2.0,0.0,0.0,0.0
209,101,9,2913.0,2880.0,621.0,0.0,774.0,5645.0,564.6052982827426,23970.044399999973,24534.649698282723,2898.0,25.0,7.0,147.0,57.0,20.0,11.0,169.0,34.0,2.0,0.0,0.0,0.0
209,102,9,2989.0,2951.0,584.0,0.0,732.0,5645.0,277.4995788938341,23821.080399999977,24098.57997889381,2898.0,25.0,7.0,147.0,57.0,20.0,11.0,169.0,34.0,2.0,0.0,0.0,0.0
209,103,9,2988.0,2947.0,605.0,0.0,773.0,5645.0,522.1312270830273,22828.165199999978,23350.29642708301,2898.0,25.0,7.0,147.0,57.0,20.0,11.0,169.0,34.0,2.0,0.0,0.0,0.0
209,104,9,2981.0,2925.0,637.0,0.0,794.0,5645.0,444.0538325762256,26256.875599999956,26700.929432576177,2898.0,25.0,7.0,147.0,57.0,20.0,11.0,169.0,34.0,2.0,0.0,0.0,0.0
209,105,9,3022.0,2973.0,605.0,0.0,723.0,5645.0,807.6742687095432,25480.459199999972,26288.133468709515,2898.0,25.0,7.0,147.0,57.0,20.0,11.0,169.0,34.0,2.0,0.0,0.0,0.0
209,106,9,2953.0,2928.0,630.0,0.0,818.0,5645.0,646.8415447930872,26411.717999999964,27058.55954479305,2898.0,25.0,7.0,147.0,57.0,20.0,11.0,169.0,34.0,2.0,0.0,0.0,0.0
209,107,9,3042.0,2982.0,645.0,0.0,814.0,5645.0,684.9045033162143,25634.49999999998,26319.404503316196,2898.0,25.0,7.0,147.0,57.0,20.0,11.0,169.0,34.0,2.0,0.0,0.0,0.0
209,108,10,3016.0,3019.0,646.0,0.0,814.0,5645.0,887.9809945979807,24314.398399999976,25202.379394597956,2898.0,25.0,7.0,147.0,57.0,20.0,11.0,169.0,34.0,2.0,0.0,0.0,0.0
209,109,10,2983.0,2922.0,648.0,0.0,761.0,5645.0,647.915065911286,24795.425199999972,25443.34026591126,2898.0,25.0,7.0,147.0,57.0,20.0,11.0,169.0,34.0,2.0,0.0,0.0,0.0
209,110,10,2897.0,2896.0,621.0,0.0,804.0,5645.0,403.1727091771484,23769.310399999984,24172.483109177134,2898.0,25.0,7.0,147.0,57.0,20.0,11.0,169.0,34.0,2.0,0.0,0.0,0.0
209,111,10,2956.0,2924.0,618.0,0.0,795.0,5645.0,400.1023753629121,22997.70359999997,23397.805975362884,2898.0,25.0,7.0,147.0,57.0,20.0,11.0,169.0,34.0,2.0,0.0,0.0,0.0
209,112,10,2977.0,2902.0,618.0,0.0,816.0,5645.0,729.325230560506,22802.24679999997,23531.57203056048,2898.0,25.0,7.0,147.0,57.0,20.0,11.0,169.0,34.0,2.0,0.0,0.0,0.0
209,113,10,2860.0,2916.0,600.0,0.0,803.0,5645.0,481.27166272610424,23148.270799999977,23629.54246272608,2898.0,25.0,7.0,147.0,57.0,20.0,11.0,169.0,34.0,2.0,0.0,0.0,0.0
209,114,10,2973.0,2911.0,643.0,0.0,734.0,5645.0,600.6597878338351,23769.777999999984,24370.43778783382,2898.0,25.0,7.0,147.0,57.0,20.0,11.0,169.0,34.0,2.0,0.0,0.0,0.0
209,115,10,3003.0,2938.0,641.0,0.0,785.0,5645.0,480.0992540456573,22801.177999999985,23281.277254045643,2898.0,25.0,7.0,147.0,57.0,20.0,11.0,169.0,34.0,2.0,0.0,0.0,0.0
209,116,10,2911.0,2876.0,627.0,0.0,778.0,5645.0,605.2198196139182,23204.917199999974,23810.137019613892,2898.0,25.0,7.0,147.0,57.0,20.0,11.0,169.0,34.0,2.0,0.0,0.0,0.0
209,117,10,2954.0,2890.0,651.0,0.0,766.0,5645.0,1007.4142012738914,24813.12719999996,25820.541401273855,2898.0,25.0,7.0,147.0,57.0,20.0,11.0,169.0,34.0,2.0,0.0,0.0,0.0
209,118,10,3001.0,2926.0,636.0,0.0,789.0,5645.0,807.2842562032333,22196.37079999998,23003.655056203213,2898.0,25.0,7.0,147.0,57.0,20.0,11.0,169.0,34.0,2.0,0.0,0.0,0.0
209,119,10,2922.0,2865.0,624.0,0.0,724.0,5645.0,401.5687875396987,25165.43039999997,25566.999187539674,2898.0,25.0,7.0,147.0,57.0,20.0,11.0,169.0,34.0,2.0,0.0,0.0,0.0
210,0,1,3353.0,3141.0,655.0,0.0,755.0,5645.0,478.0065942746594,21909.130799999977,22387.13739427464,2898.0,25.0,7.0,147.0,57.0,20.0,11.0,169.0,34.0,2.0,0.0,0.0,0.0
210,1,1,3307.0,3169.0,664.0,0.0,760.0,5645.0,234.99976938528985,20146.67959999998,20381.679369385274,2898.0,25.0,7.0,147.0,57.0,20.0,11.0,169.0,34.0,2.0,0.0,0.0,0.0
210,2,1,3274.0,3173.0,583.0,0.0,765.0,5645.0,519.5840738203427,20085.02319999998,20604.607273820322,2898.0,25.0,7.0,147.0,57.0,20.0,11.0,169.0,34.0,2.0,0.0,0.0,0.0
210,3,1,3240.0,3108.0,617.0,0.0,709.0,5645.0,275.66326261390066,20506.13039999998,20781.793662613883,2898.0,25.0,7.0,147.0,57.0,20.0,11.0,169.0,34.0,2.0,0.0,0.0,0.0
210,4,1,3307.0,3058.0,668.0,0.0,717.0,5645.0,394.66990944734897,20697.846399999977,21092.516309447325,2898.0,25.0,7.0,147.0,57.0,20.0,11.0,169.0,34.0,2.0,0.0,0.0,0.0
210,5,1,3304.0,3117.0,679.0,0.0,765.0,5645.0,396.82711443861876,20239.531599999988,20636.358714438604,2898.0,25.0,7.0,147.0,57.0,20.0,11.0,169.0,34.0,2.0,0.0,0.0,0.0
210,6,1,3233.0,3080.0,635.0,0.0,747.0,5645.0,519.2254275401716,19605.332399999992,20124.55782754016,2898.0,25.0,7.0,147.0,57.0,20.0,11.0,169.0,34.0,2.0,0.0,0.0,0.0
210,7,1,3253.0,3136.0,611.0,0.0,714.0,5645.0,233.42096139169936,20234.521599999993,20467.94256139169,2898.0,25.0,7.0,147.0,57.0,20.0,11.0,169.0,34.0,2.0,0.0,0.0,0.0
210,8,1,3350.0,3137.0,638.0,0.0,720.0,5645.0,313.8884688584076,19210.009999999987,19523.898468858395,2898.0,25.0,7.0,147.0,57.0,20.0,11.0,169.0,34.0,2.0,0.0,0.0,0.0
210,9,1,3295.0,3133.0,551.0,0.0,691.0,5645.0,395.1708873229355,19755.031199999983,20150.20208732292,2898.0,25.0,7.0,147.0,57.0,20.0,11.0,169.0,34.0,2.0,0.0,0.0,0.0
210,10,1,3300.0,3137.0,624.0,0.0,729.0,5645.0,357.76829222451414,19352.16039999999,19709.9286922245,2898.0,25.0,7.0,147.0,57.0,20.0,11.0,169.0,34.0,2.0,0.0,0.0,0.0
210,11,1,3254.0,3139.0,593.0,0.0,723.0,5645.0,396.42723558325656,21491.897999999986,21888.325235583245,2898.0,25.0,7.0,147.0,57.0,20.0,11.0,169.0,34.0,2.0,0.0,0.0,0.0
210,12,2,3333.0,3114.0,620.0,0.0,712.0,5645.0,435.8991775464983,20080.614399999988,20516.513577546488,2898.0,25.0,7.0,147.0,57.0,20.0,11.0,169.0,34.0,2.0,0.0,0.0,0.0
210,13,2,3280.0,3138.0,635.0,0.0,713.0,5645.0,314.696644475822,20086.55959999998,20401.2562444758,2898.0,25.0,7.0,147.0,57.0,20.0,11.0,169.0,34.0,2.0,0.0,0.0,0.0
210,14,2,3288.0,3156.0,613.0,0.0,764.0,5645.0,276.8424511099178,20845.607999999986,21122.4504511099,2898.0,25.0,7.0,147.0,57.0,20.0,11.0,169.0,34.0,2.0,0.0,0.0,0.0
210,15,2,3283.0,3113.0,610.0,0.0,747.0,5645.0,356.2036030728704,20141.13519999999,20497.338803072857,2898.0,25.0,7.0,147.0,57.0,20.0,11.0,169.0,34.0,2.0,0.0,0.0,0.0
210,16,2,3332.0,3074.0,664.0,0.0,734.0,5645.0,316.55684645036183,21462.105199999987,21778.66204645035,2898.0,25.0,7.0,147.0,57.0,20.0,11.0,169.0,34.0,2.0,0.0,0.0,0.0
210,17,2,3287.0,3142.0,632.0,0.0,719.0,5645.0,438.8917643082399,20998.913999999982,21437.80576430822,2898.0,25.0,7.0,147.0,57.0,20.0,11.0,169.0,34.0,2.0,0.0,0.0,0.0
210,18,2,3274.0,3132.0,610.0,0.0,771.0,5645.0,559.3576737804584,20706.997999999974,21266.355673780436,2898.0,25.0,7.0,147.0,57.0,20.0,11.0,169.0,34.0,2.0,0.0,0.0,0.0
210,19,2,3275.0,3075.0,646.0,0.0,758.0,5645.0,437.39945068825796,20136.59279999999,20573.992250688247,2898.0,25.0,7.0,147.0,57.0,20.0,11.0,169.0,34.0,2.0,0.0,0.0,0.0
210,20,2,3268.0,3141.0,632.0,0.0,752.0,5645.0,356.3380156345149,21231.845599999982,21588.183615634494,2898.0,25.0,7.0,147.0,57.0,20.0,11.0,169.0,34.0,2.0,0.0,0.0,0.0
210,21,2,3344.0,3165.0,623.0,0.0,732.0,5645.0,477.288374820626,19733.588399999986,20210.87677482061,2898.0,25.0,7.0,147.0,57.0,20.0,11.0,169.0,34.0,2.0,0.0,0.0,0.0
210,22,2,3289.0,3152.0,598.0,0.0,740.0,5645.0,601.6199118485682,19728.311199999993,20329.93111184856,2898.0,25.0,7.0,147.0,57.0,20.0,11.0,169.0,34.0,2.0,0.0,0.0,0.0
210,23,2,3260.0,3084.0,621.0,0.0,768.0,5645.0,315.62205471605,21207.46359999997,21523.085654716026,2898.0,25.0,7.0,147.0,57.0,20.0,11.0,169.0,34.0,2.0,0.0,0.0,0.0
210,24,3,3357.0,3139.0,633.0,0.0,715.0,5645.0,274.86638009978185,19557.169599999983,19832.035980099765,2898.0,25.0,7.0,147.0,57.0,20.0,11.0,169.0,34.0,2.0,0.0,0.0,0.0
210,25,3,3380.0,3207.0,598.0,0.0,735.0,5645.0,478.762151523426,19010.144399999986,19488.90655152341,2898.0,25.0,7.0,147.0,57.0,20.0,11.0,169.0,34.0,2.0,0.0,0.0,0.0
210,26,3,3286.0,3119.0,639.0,0.0,753.0,5645.0,357.29601737451196,21731.64319999998,22088.93921737449,2898.0,25.0,7.0,147.0,57.0,20.0,11.0,169.0,34.0,2.0,0.0,0.0,0.0
210,27,3,3343.0,3157.0,643.0,0.0,714.0,5645.0,477.26718743832436,20688.961999999992,21166.22918743831,2898.0,25.0,7.0,147.0,57.0,20.0,11.0,169.0,34.0,2.0,0.0,0.0,0.0
210,28,3,3227.0,3074.0,631.0,0.0,699.0,5645.0,154.12403405499637,20641.533999999985,20795.658034054977,2898.0,25.0,7.0,147.0,57.0,20.0,11.0,169.0,34.0,2.0,0.0,0.0,0.0
210,29,3,3219.0,3120.0,617.0,0.0,744.0,5645.0,518.5748291030393,20758.23359999999,21276.808429103028,2898.0,25.0,7.0,147.0,57.0,20.0,11.0,169.0,34.0,2.0,0.0,0.0,0.0
210,30,3,3284.0,3098.0,659.0,0.0,708.0,5645.0,558.9689144668768,19720.629199999985,20279.598114466862,2898.0,25.0,7.0,147.0,57.0,20.0,11.0,169.0,34.0,2.0,0.0,0.0,0.0
210,31,3,3245.0,3085.0,602.0,0.0,724.0,5645.0,232.6531184712351,20784.68639999999,21017.339518471224,2898.0,25.0,7.0,147.0,57.0,20.0,11.0,169.0,34.0,2.0,0.0,0.0,0.0
210,32,3,3290.0,3122.0,610.0,0.0,711.0,5645.0,315.1403885779255,18766.858799999987,19081.99918857791,2898.0,25.0,7.0,147.0,57.0,20.0,11.0,169.0,34.0,2.0,0.0,0.0,0.0
210,33,3,3249.0,3157.0,606.0,0.0,754.0,5645.0,234.34542918257145,20663.243999999988,20897.58942918256,2898.0,25.0,7.0,147.0,57.0,20.0,11.0,169.0,34.0,2.0,0.0,0.0,0.0
210,34,3,3187.0,3050.0,618.0,0.0,734.0,5645.0,396.37465167439325,19393.509599999976,19789.884251674368,2898.0,25.0,7.0,147.0,57.0,20.0,11.0,169.0,34.0,2.0,0.0,0.0,0.0
210,35,3,3228.0,3059.0,638.0,0.0,698.0,5645.0,274.5366735586841,20446.41119999998,20720.947873558664,2898.0,25.0,7.0,147.0,57.0,20.0,11.0,169.0,34.0,2.0,0.0,0.0,0.0
210,36,4,3248.0,3109.0,595.0,0.0,728.0,5645.0,357.62890935439265,21026.903199999982,21384.532109354375,2898.0,25.0,7.0,147.0,57.0,20.0,11.0,169.0,34.0,2.0,0.0,0.0,0.0
210,37,4,3266.0,3133.0,618.0,0.0,745.0,5645.0,438.6892818212546,20887.157599999984,21325.84688182124,2898.0,25.0,7.0,147.0,57.0,20.0,11.0,169.0,34.0,2.0,0.0,0.0,0.0
210,38,4,3323.0,3087.0,696.0,0.0,722.0,5645.0,274.5695942646805,19718.090799999984,19992.660394264665,2898.0,25.0,7.0,147.0,57.0,20.0,11.0,169.0,34.0,2.0,0.0,0.0,0.0
210,39,4,3287.0,3161.0,597.0,0.0,762.0,5645.0,354.4804924257235,19947.214799999983,20301.695292425706,2898.0,25.0,7.0,147.0,57.0,20.0,11.0,169.0,34.0,2.0,0.0,0.0,0.0
210,40,4,3319.0,3081.0,645.0,0.0,742.0,5645.0,436.0405878150998,20048.349999999988,20484.390587815087,2898.0,25.0,7.0,147.0,57.0,20.0,11.0,169.0,34.0,2.0,0.0,0.0,0.0
210,41,4,3210.0,3134.0,589.0,0.0,710.0,5645.0,274.12285504227526,19402.861599999986,19676.984455042264,2898.0,25.0,7.0,147.0,57.0,20.0,11.0,169.0,34.0,2.0,0.0,0.0,0.0
210,42,4,3297.0,3192.0,605.0,0.0,788.0,5645.0,353.9562804443352,20880.811599999986,21234.767880444317,2898.0,25.0,7.0,147.0,57.0,20.0,11.0,169.0,34.0,2.0,0.0,0.0,0.0
210,43,4,3267.0,3134.0,611.0,0.0,683.0,5645.0,518.4460109579823,19880.147599999982,20398.593610957963,2898.0,25.0,7.0,147.0,57.0,20.0,11.0,169.0,34.0,2.0,0.0,0.0,0.0
210,44,4,3253.0,3075.0,619.0,0.0,707.0,5645.0,395.3035431643617,19840.20119999998,20235.50474316434,2898.0,25.0,7.0,147.0,57.0,20.0,11.0,169.0,34.0,2.0,0.0,0.0,0.0
210,45,4,3237.0,3135.0,609.0,0.0,732.0,5645.0,317.5992423160598,21116.615599999986,21434.214842316047,2898.0,25.0,7.0,147.0,57.0,20.0,11.0,169.0,34.0,2.0,0.0,0.0,0.0
210,46,4,3241.0,3103.0,650.0,0.0,718.0,5645.0,438.147046119504,20118.089199999988,20556.236246119493,2898.0,25.0,7.0,147.0,57.0,20.0,11.0,169.0,34.0,2.0,0.0,0.0,0.0
210,47,4,3353.0,3147.0,670.0,0.0,733.0,5645.0,476.4156726546622,20130.51399999998,20606.929672654645,2898.0,25.0,7.0,147.0,57.0,20.0,11.0,169.0,34.0,2.0,0.0,0.0,0.0
210,48,5,3331.0,3160.0,646.0,0.0,730.0,5645.0,313.2669082511401,21091.76599999998,21405.032908251123,2898.0,25.0,7.0,147.0,57.0,20.0,11.0,169.0,34.0,2.0,0.0,0.0,0.0
210,49,5,3296.0,3194.0,568.0,0.0,708.0,5645.0,558.0841389814495,20040.46759999999,20598.551738981438,2898.0,25.0,7.0,147.0,57.0,20.0,11.0,169.0,34.0,2.0,0.0,0.0,0.0
210,50,5,3333.0,3138.0,660.0,0.0,742.0,5645.0,394.5876570806326,20480.74639999998,20875.334057080614,2898.0,25.0,7.0,147.0,57.0,20.0,11.0,169.0,34.0,2.0,0.0,0.0,0.0
210,51,5,3221.0,3019.0,628.0,0.0,698.0,5645.0,477.61715685171566,20812.34159999998,21289.958756851698,2898.0,25.0,7.0,147.0,57.0,20.0,11.0,169.0,34.0,2.0,0.0,0.0,0.0
210,52,5,3303.0,3203.0,614.0,0.0,689.0,5645.0,436.9695390321188,19609.54079999998,20046.510339032102,2898.0,25.0,7.0,147.0,57.0,20.0,11.0,169.0,34.0,2.0,0.0,0.0,0.0
210,53,5,3263.0,3157.0,647.0,0.0,752.0,5645.0,437.0265415348359,19488.23199999999,19925.258541534822,2898.0,25.0,7.0,147.0,57.0,20.0,11.0,169.0,34.0,2.0,0.0,0.0,0.0
210,54,5,3290.0,3150.0,647.0,0.0,729.0,5645.0,478.36363225404676,19538.465599999992,20016.829232254044,2898.0,25.0,7.0,147.0,57.0,20.0,11.0,169.0,34.0,2.0,0.0,0.0,0.0
210,55,5,3259.0,3143.0,646.0,0.0,740.0,5645.0,680.5141125495713,20055.497599999995,20736.011712549567,2898.0,25.0,7.0,147.0,57.0,20.0,11.0,169.0,34.0,2.0,0.0,0.0,0.0
210,56,5,3313.0,3151.0,627.0,0.0,745.0,5645.0,558.4844809876205,20461.374399999982,21019.858880987606,2898.0,25.0,7.0,147.0,57.0,20.0,11.0,169.0,34.0,2.0,0.0,0.0,0.0
210,57,5,3234.0,3110.0,616.0,0.0,733.0,5645.0,518.8459542400282,20724.49959999998,21243.34555424001,2898.0,25.0,7.0,147.0,57.0,20.0,11.0,169.0,34.0,2.0,0.0,0.0,0.0
210,58,5,3311.0,3187.0,646.0,0.0,762.0,5645.0,195.33073473890119,20444.941599999987,20640.27233473889,2898.0,25.0,7.0,147.0,57.0,20.0,11.0,169.0,34.0,2.0,0.0,0.0,0.0
210,59,5,3297.0,3133.0,621.0,0.0,731.0,5645.0,234.1773262557916,20846.943999999985,21081.121326255776,2898.0,25.0,7.0,147.0,57.0,20.0,11.0,169.0,34.0,2.0,0.0,0.0,0.0
210,60,6,3280.0,3102.0,631.0,0.0,742.0,5645.0,437.98484592851287,18880.88639999998,19318.871245928494,2898.0,25.0,7.0,147.0,57.0,20.0,11.0,169.0,34.0,2.0,0.0,0.0,0.0
210,61,6,3306.0,3123.0,624.0,0.0,762.0,5645.0,557.2104996995084,21167.316799999982,21724.52729969949,2898.0,25.0,7.0,147.0,57.0,20.0,11.0,169.0,34.0,2.0,0.0,0.0,0.0
210,62,6,3256.0,3150.0,632.0,0.0,764.0,5645.0,600.9445094414581,20377.072799999976,20978.017309441435,2898.0,25.0,7.0,147.0,57.0,20.0,11.0,169.0,34.0,2.0,0.0,0.0,0.0
210,63,6,3282.0,3032.0,633.0,0.0,731.0,5645.0,437.0613604320513,20072.33119999999,20509.392560432047,2898.0,25.0,7.0,147.0,57.0,20.0,11.0,169.0,34.0,2.0,0.0,0.0,0.0
210,64,6,3313.0,3199.0,618.0,0.0,724.0,5645.0,314.0019920255785,21031.378799999988,21345.380792025568,2898.0,25.0,7.0,147.0,57.0,20.0,11.0,169.0,34.0,2.0,0.0,0.0,0.0
210,65,6,3283.0,3095.0,625.0,0.0,720.0,5645.0,274.5131657554567,19119.495999999985,19394.00916575544,2898.0,25.0,7.0,147.0,57.0,20.0,11.0,169.0,34.0,2.0,0.0,0.0,0.0
210,66,6,3263.0,3148.0,614.0,0.0,755.0,5645.0,478.1158102544801,19650.622799999986,20128.738610254466,2898.0,25.0,7.0,147.0,57.0,20.0,11.0,169.0,34.0,2.0,0.0,0.0,0.0
210,67,6,3235.0,3054.0,629.0,0.0,736.0,5645.0,235.112687423473,19096.58359999999,19331.696287423467,2898.0,25.0,7.0,147.0,57.0,20.0,11.0,169.0,34.0,2.0,0.0,0.0,0.0
210,68,6,3236.0,3113.0,626.0,0.0,767.0,5645.0,356.3434036915054,18567.594399999994,18923.937803691504,2898.0,25.0,7.0,147.0,57.0,20.0,11.0,169.0,34.0,2.0,0.0,0.0,0.0
210,69,6,3316.0,3138.0,641.0,0.0,761.0,5645.0,396.13039384435854,20200.05279999999,20596.18319384435,2898.0,25.0,7.0,147.0,57.0,20.0,11.0,169.0,34.0,2.0,0.0,0.0,0.0
210,70,6,3316.0,3161.0,608.0,0.0,746.0,5645.0,436.65345167503625,20581.21359999998,21017.867051675013,2898.0,25.0,7.0,147.0,57.0,20.0,11.0,169.0,34.0,2.0,0.0,0.0,0.0
210,71,6,3214.0,3088.0,606.0,0.0,738.0,5645.0,234.4565007126429,19165.120399999985,19399.57690071263,2898.0,25.0,7.0,147.0,57.0,20.0,11.0,169.0,34.0,2.0,0.0,0.0,0.0
210,72,7,3314.0,3174.0,606.0,0.0,745.0,5645.0,518.435636518447,20776.803999999982,21295.239636518425,2898.0,25.0,7.0,147.0,57.0,20.0,11.0,169.0,34.0,2.0,0.0,0.0,0.0
210,73,7,3272.0,3057.0,621.0,0.0,780.0,5645.0,477.56471751808635,21307.93079999998,21785.495517518066,2898.0,25.0,7.0,147.0,57.0,20.0,11.0,169.0,34.0,2.0,0.0,0.0,0.0
210,74,7,3282.0,3084.0,632.0,0.0,742.0,5645.0,478.44892570547233,20051.289199999985,20529.738125705455,2898.0,25.0,7.0,147.0,57.0,20.0,11.0,169.0,34.0,2.0,0.0,0.0,0.0
210,75,7,3269.0,3121.0,605.0,0.0,725.0,5645.0,313.46166749225966,20110.540799999977,20424.00246749224,2898.0,25.0,7.0,147.0,57.0,20.0,11.0,169.0,34.0,2.0,0.0,0.0,0.0
210,76,7,3297.0,3167.0,599.0,0.0,740.0,5645.0,318.4210878763011,20271.662399999987,20590.08348787629,2898.0,25.0,7.0,147.0,57.0,20.0,11.0,169.0,34.0,2.0,0.0,0.0,0.0
210,77,7,3237.0,3090.0,596.0,0.0,728.0,5645.0,317.0038217017397,20233.58639999998,20550.590221701717,2898.0,25.0,7.0,147.0,57.0,20.0,11.0,169.0,34.0,2.0,0.0,0.0,0.0
210,78,7,3318.0,3115.0,639.0,0.0,741.0,5645.0,316.6189538796263,20565.84959999998,20882.468553879607,2898.0,25.0,7.0,147.0,57.0,20.0,11.0,169.0,34.0,2.0,0.0,0.0,0.0
210,79,7,3302.0,3172.0,636.0,0.0,788.0,5645.0,475.5228142286353,20927.103999999978,21402.626814228617,2898.0,25.0,7.0,147.0,57.0,20.0,11.0,169.0,34.0,2.0,0.0,0.0,0.0
210,80,7,3269.0,3063.0,660.0,0.0,725.0,5645.0,437.10848724640016,20121.963599999992,20559.072087246393,2898.0,25.0,7.0,147.0,57.0,20.0,11.0,169.0,34.0,2.0,0.0,0.0,0.0
210,81,7,3255.0,3104.0,658.0,0.0,771.0,5645.0,396.15812832668377,22068.448799999984,22464.606928326666,2898.0,25.0,7.0,147.0,57.0,20.0,11.0,169.0,34.0,2.0,0.0,0.0,0.0
210,82,7,3276.0,3169.0,626.0,0.0,706.0,5645.0,477.5315533448425,19698.184399999984,20175.715953344825,2898.0,25.0,7.0,147.0,57.0,20.0,11.0,169.0,34.0,2.0,0.0,0.0,0.0
210,83,7,3277.0,3102.0,634.0,0.0,694.0,5645.0,191.5786886319912,19781.75119999999,19973.32988863198,2898.0,25.0,7.0,147.0,57.0,20.0,11.0,169.0,34.0,2.0,0.0,0.0,0.0
210,84,8,3269.0,3066.0,656.0,0.0,730.0,5645.0,394.71202223507294,21090.029199999997,21484.741222235072,2898.0,25.0,7.0,147.0,57.0,20.0,11.0,169.0,34.0,2.0,0.0,0.0,0.0
210,85,8,3303.0,3147.0,672.0,0.0,789.0,5645.0,437.780108869674,20811.13919999999,21248.91930886967,2898.0,25.0,7.0,147.0,57.0,20.0,11.0,169.0,34.0,2.0,0.0,0.0,0.0
210,86,8,3299.0,3115.0,627.0,0.0,726.0,5645.0,600.7033268964323,18935.12799999998,19535.83132689641,2898.0,25.0,7.0,147.0,57.0,20.0,11.0,169.0,34.0,2.0,0.0,0.0,0.0
210,87,8,3314.0,3126.0,656.0,0.0,722.0,5645.0,397.95388083756757,19536.19439999999,19934.14828083756,2898.0,25.0,7.0,147.0,57.0,20.0,11.0,169.0,34.0,2.0,0.0,0.0,0.0
210,88,8,3297.0,3143.0,644.0,0.0,748.0,5645.0,438.0328967703885,19965.050399999993,20403.083296770375,2898.0,25.0,7.0,147.0,57.0,20.0,11.0,169.0,34.0,2.0,0.0,0.0,0.0
210,89,8,3323.0,3127.0,658.0,0.0,729.0,5645.0,476.64742178168217,19462.246799999986,19938.894221781666,2898.0,25.0,7.0,147.0,57.0,20.0,11.0,169.0,34.0,2.0,0.0,0.0,0.0
210,90,8,3277.0,3117.0,643.0,0.0,723.0,5645.0,559.6052318268007,20767.98639999998,21327.59163182678,2898.0,25.0,7.0,147.0,57.0,20.0,11.0,169.0,34.0,2.0,0.0,0.0,0.0
210,91,8,3290.0,3090.0,614.0,0.0,688.0,5645.0,436.90829524485173,19351.225199999993,19788.133495244845,2898.0,25.0,7.0,147.0,57.0,20.0,11.0,169.0,34.0,2.0,0.0,0.0,0.0
210,92,8,3258.0,3142.0,611.0,0.0,687.0,5645.0,395.6119533107085,20177.14039999998,20572.752353310687,2898.0,25.0,7.0,147.0,57.0,20.0,11.0,169.0,34.0,2.0,0.0,0.0,0.0
210,93,8,3292.0,3123.0,626.0,0.0,778.0,5645.0,396.839555807721,21636.252799999977,22033.092355807697,2898.0,25.0,7.0,147.0,57.0,20.0,11.0,169.0,34.0,2.0,0.0,0.0,0.0
210,94,8,3293.0,3061.0,676.0,0.0,719.0,5645.0,356.1627850578757,20986.02159999998,21342.18438505785,2898.0,25.0,7.0,147.0,57.0,20.0,11.0,169.0,34.0,2.0,0.0,0.0,0.0
210,95,8,3249.0,3099.0,666.0,0.0,780.0,5645.0,397.51573410615106,20018.356799999987,20415.87253410614,2898.0,25.0,7.0,147.0,57.0,20.0,11.0,169.0,34.0,2.0,0.0,0.0,0.0
210,96,9,3272.0,3109.0,627.0,0.0,778.0,5645.0,277.1443145179357,20716.349999999977,20993.494314517913,2898.0,25.0,7.0,147.0,57.0,20.0,11.0,169.0,34.0,2.0,0.0,0.0,0.0
210,97,9,3297.0,3115.0,600.0,0.0,730.0,5645.0,395.95831173142733,20149.618799999982,20545.577111731407,2898.0,25.0,7.0,147.0,57.0,20.0,11.0,169.0,34.0,2.0,0.0,0.0,0.0
210,98,9,3312.0,3177.0,633.0,0.0,754.0,5645.0,110.7250128595269,19880.414799999984,19991.139812859506,2898.0,25.0,7.0,147.0,57.0,20.0,11.0,169.0,34.0,2.0,0.0,0.0,0.0
210,99,9,3337.0,3105.0,638.0,0.0,738.0,5645.0,479.2173021786818,21812.671599999987,22291.888902178674,2898.0,25.0,7.0,147.0,57.0,20.0,11.0,169.0,34.0,2.0,0.0,0.0,0.0
210,100,9,3241.0,3099.0,620.0,0.0,713.0,5645.0,843.0263017172781,19641.137199999983,20484.16350171726,2898.0,25.0,7.0,147.0,57.0,20.0,11.0,169.0,34.0,2.0,0.0,0.0,0.0
210,101,9,3329.0,3148.0,612.0,0.0,707.0,5645.0,232.21646792806393,19988.16319999998,20220.379667928046,2898.0,25.0,7.0,147.0,57.0,20.0,11.0,169.0,34.0,2.0,0.0,0.0,0.0
210,102,9,3313.0,3139.0,620.0,0.0,716.0,5645.0,314.32797632891635,19164.051599999984,19478.3795763289,2898.0,25.0,7.0,147.0,57.0,20.0,11.0,169.0,34.0,2.0,0.0,0.0,0.0
210,103,9,3300.0,3104.0,653.0,0.0,722.0,5645.0,194.0987166925592,21508.397599999975,21702.496316692534,2898.0,25.0,7.0,147.0,57.0,20.0,11.0,169.0,34.0,2.0,0.0,0.0,0.0
210,104,9,3331.0,3167.0,618.0,0.0,692.0,5645.0,559.2103038584713,21482.27879999998,22041.489103858446,2898.0,25.0,7.0,147.0,57.0,20.0,11.0,169.0,34.0,2.0,0.0,0.0,0.0
210,105,9,3264.0,3104.0,656.0,0.0,744.0,5645.0,356.12385436328896,21457.02839999998,21813.152254363267,2898.0,25.0,7.0,147.0,57.0,20.0,11.0,169.0,34.0,2.0,0.0,0.0,0.0
210,106,9,3331.0,3171.0,640.0,0.0,764.0,5645.0,315.4417845289279,21759.231599999974,22074.6733845289,2898.0,25.0,7.0,147.0,57.0,20.0,11.0,169.0,34.0,2.0,0.0,0.0,0.0
210,107,9,3313.0,3194.0,653.0,0.0,763.0,5645.0,356.07219920963644,19945.678399999986,20301.750599209623,2898.0,25.0,7.0,147.0,57.0,20.0,11.0,169.0,34.0,2.0,0.0,0.0,0.0
210,108,10,3336.0,3110.0,655.0,0.0,705.0,5645.0,560.3350858502057,20424.367199999982,20984.702285850188,2898.0,25.0,7.0,147.0,57.0,20.0,11.0,169.0,34.0,2.0,0.0,0.0,0.0
210,109,10,3251.0,3098.0,645.0,0.0,762.0,5645.0,316.6190760255868,20501.253999999994,20817.87307602558,2898.0,25.0,7.0,147.0,57.0,20.0,11.0,169.0,34.0,2.0,0.0,0.0,0.0
210,110,10,3277.0,3085.0,645.0,0.0,759.0,5645.0,233.0656232516426,18797.319599999995,19030.385223251636,2898.0,25.0,7.0,147.0,57.0,20.0,11.0,169.0,34.0,2.0,0.0,0.0,0.0
210,111,10,3297.0,3116.0,620.0,0.0,753.0,5645.0,641.5815436428065,18866.190399999985,19507.771943642794,2898.0,25.0,7.0,147.0,57.0,20.0,11.0,169.0,34.0,2.0,0.0,0.0,0.0
210,112,10,3175.0,3094.0,615.0,0.0,756.0,5645.0,314.6382111620748,19810.675599999984,20125.313811162057,2898.0,25.0,7.0,147.0,57.0,20.0,11.0,169.0,34.0,2.0,0.0,0.0,0.0
210,113,10,3274.0,3124.0,619.0,0.0,662.0,5645.0,190.80407954592718,20755.494799999986,20946.29887954591,2898.0,25.0,7.0,147.0,57.0,20.0,11.0,169.0,34.0,2.0,0.0,0.0,0.0
210,114,10,3297.0,3124.0,625.0,0.0,732.0,5645.0,476.77801597740404,19899.05199999999,20375.830015977393,2898.0,25.0,7.0,147.0,57.0,20.0,11.0,169.0,34.0,2.0,0.0,0.0,0.0
210,115,10,3247.0,3090.0,646.0,0.0,723.0,5645.0,315.99629561107344,18732.122799999983,19048.119095611055,2898.0,25.0,7.0,147.0,57.0,20.0,11.0,169.0,34.0,2.0,0.0,0.0,0.0
210,116,10,3282.0,3110.0,661.0,0.0,757.0,5645.0,273.7997274936149,19886.35999999998,20160.159727493592,2898.0,25.0,7.0,147.0,57.0,20.0,11.0,169.0,34.0,2.0,0.0,0.0,0.0
210,117,10,3321.0,3106.0,655.0,0.0,757.0,5645.0,477.7867384711774,18350.16039999999,18827.947138471172,2898.0,25.0,7.0,147.0,57.0,20.0,11.0,169.0,34.0,2.0,0.0,0.0,0.0
210,118,10,3246.0,3108.0,590.0,0.0,650.0,5645.0,394.8364320768869,20727.839599999978,21122.676032076863,2898.0,25.0,7.0,147.0,57.0,20.0,11.0,169.0,34.0,2.0,0.0,0.0,0.0
210,119,10,3270.0,3127.0,617.0,0.0,751.0,5645.0,764.2497978547487,20658.167199999985,21422.416997854732,2898.0,25.0,7.0,147.0,57.0,20.0,11.0,169.0,34.0,2.0,0.0,0.0,0.0
211,0,1,3005.0,2991.0,628.0,0.0,742.0,5645.0,518.865273113112,20981.14519999998,21500.010473113092,2898.0,25.0,7.0,147.0,57.0,20.0,11.0,169.0,34.0,2.0,0.0,0.0,0.0
211,1,1,2971.0,3008.0,558.0,0.0,730.0,5645.0,399.11787997783176,20850.951999999976,21250.069879977807,2898.0,25.0,7.0,147.0,57.0,20.0,11.0,169.0,34.0,2.0,0.0,0.0,0.0
211,2,1,2934.0,2927.0,615.0,0.0,703.0,5645.0,479.75136136187814,20021.16239999998,20500.913761361862,2898.0,25.0,7.0,147.0,57.0,20.0,11.0,169.0,34.0,2.0,0.0,0.0,0.0
211,3,1,3020.0,2861.0,664.0,0.0,725.0,5645.0,436.0236622237355,21290.89679999997,21726.9204622237,2898.0,25.0,7.0,147.0,57.0,20.0,11.0,169.0,34.0,2.0,0.0,0.0,0.0
211,4,1,2991.0,2958.0,646.0,0.0,714.0,5645.0,276.4285201586688,19811.477199999987,20087.905720158655,2898.0,25.0,7.0,147.0,57.0,20.0,11.0,169.0,34.0,2.0,0.0,0.0,0.0
211,5,1,2947.0,2923.0,615.0,0.0,743.0,5645.0,397.76355159211727,19916.21959999999,20313.983151592103,2898.0,25.0,7.0,147.0,57.0,20.0,11.0,169.0,34.0,2.0,0.0,0.0,0.0
211,6,1,2952.0,2951.0,601.0,0.0,729.0,5645.0,195.11980513965878,19980.347599999997,20175.467405139654,2898.0,25.0,7.0,147.0,57.0,20.0,11.0,169.0,34.0,2.0,0.0,0.0,0.0
211,7,1,3058.0,2970.0,620.0,0.0,722.0,5645.0,600.9935766851092,19803.594799999984,20404.588376685097,2898.0,25.0,7.0,147.0,57.0,20.0,11.0,169.0,34.0,2.0,0.0,0.0,0.0
211,8,1,2971.0,2905.0,577.0,0.0,711.0,5645.0,479.33851239462933,20762.50879999999,21241.847312394613,2898.0,25.0,7.0,147.0,57.0,20.0,11.0,169.0,34.0,2.0,0.0,0.0,0.0
211,9,1,3005.0,2967.0,611.0,0.0,747.0,5645.0,519.7113619087029,19733.053999999986,20252.765361908685,2898.0,25.0,7.0,147.0,57.0,20.0,11.0,169.0,34.0,2.0,0.0,0.0,0.0
211,10,1,2959.0,2902.0,626.0,0.0,761.0,5645.0,397.772477620564,22477.064399999974,22874.83687762054,2898.0,25.0,7.0,147.0,57.0,20.0,11.0,169.0,34.0,2.0,0.0,0.0,0.0
211,11,1,3029.0,2886.0,651.0,0.0,717.0,5645.0,802.8850244703475,20401.58839999999,21204.47342447034,2898.0,25.0,7.0,147.0,57.0,20.0,11.0,169.0,34.0,2.0,0.0,0.0,0.0
211,12,2,3004.0,2954.0,644.0,0.0,732.0,5645.0,558.4214730207464,19304.19799999998,19862.619473020724,2898.0,25.0,7.0,147.0,57.0,20.0,11.0,169.0,34.0,2.0,0.0,0.0,0.0
211,13,2,2962.0,2944.0,608.0,0.0,748.0,5645.0,274.93516628339984,20396.91239999998,20671.847566283377,2898.0,25.0,7.0,147.0,57.0,20.0,11.0,169.0,34.0,2.0,0.0,0.0,0.0
211,14,2,2961.0,2914.0,607.0,0.0,751.0,5645.0,641.0243755244497,19160.711599999988,19801.73597552444,2898.0,25.0,7.0,147.0,57.0,20.0,11.0,169.0,34.0,2.0,0.0,0.0,0.0
211,15,2,3053.0,2901.0,664.0,0.0,726.0,5645.0,477.8973337481476,21463.908799999972,21941.80613374812,2898.0,25.0,7.0,147.0,57.0,20.0,11.0,169.0,34.0,2.0,0.0,0.0,0.0
211,16,2,2939.0,2932.0,637.0,0.0,758.0,5645.0,195.48225334190954,20593.437999999976,20788.920253341887,2898.0,25.0,7.0,147.0,57.0,20.0,11.0,169.0,34.0,2.0,0.0,0.0,0.0
211,17,2,2960.0,2943.0,604.0,0.0,761.0,5645.0,560.8478334096176,20597.846799999974,21158.694633409592,2898.0,25.0,7.0,147.0,57.0,20.0,11.0,169.0,34.0,2.0,0.0,0.0,0.0
211,18,2,2965.0,2912.0,626.0,0.0,746.0,5645.0,440.72348799405444,21054.82559999998,21495.549087994033,2898.0,25.0,7.0,147.0,57.0,20.0,11.0,169.0,34.0,2.0,0.0,0.0,0.0
211,19,2,2975.0,2964.0,637.0,0.0,762.0,5645.0,560.0324121768948,22200.64599999998,22760.67841217688,2898.0,25.0,7.0,147.0,57.0,20.0,11.0,169.0,34.0,2.0,0.0,0.0,0.0
211,20,2,3040.0,2977.0,620.0,0.0,728.0,5645.0,479.38194695177646,19844.609999999982,20323.99194695176,2898.0,25.0,7.0,147.0,57.0,20.0,11.0,169.0,34.0,2.0,0.0,0.0,0.0
211,21,2,3010.0,2950.0,607.0,0.0,742.0,5645.0,561.7158515401,21180.743599999983,21742.459451540082,2898.0,25.0,7.0,147.0,57.0,20.0,11.0,169.0,34.0,2.0,0.0,0.0,0.0
211,22,2,2974.0,2934.0,602.0,0.0,749.0,5645.0,397.1259815782916,20947.344399999984,21344.47038157827,2898.0,25.0,7.0,147.0,57.0,20.0,11.0,169.0,34.0,2.0,0.0,0.0,0.0
211,23,2,3036.0,2951.0,622.0,0.0,695.0,5645.0,356.6374402325932,19993.907999999978,20350.54544023257,2898.0,25.0,7.0,147.0,57.0,20.0,11.0,169.0,34.0,2.0,0.0,0.0,0.0
211,24,3,3055.0,3032.0,582.0,0.0,735.0,5645.0,316.74674107846175,19499.454399999988,19816.201141078454,2898.0,25.0,7.0,147.0,57.0,20.0,11.0,169.0,34.0,2.0,0.0,0.0,0.0
211,25,3,2969.0,2923.0,647.0,0.0,759.0,5645.0,440.08805660368915,22477.932799999977,22918.020856603667,2898.0,25.0,7.0,147.0,57.0,20.0,11.0,169.0,34.0,2.0,0.0,0.0,0.0
211,26,3,3038.0,2952.0,660.0,0.0,712.0,5645.0,276.13409773827493,20686.022799999988,20962.15689773826,2898.0,25.0,7.0,147.0,57.0,20.0,11.0,169.0,34.0,2.0,0.0,0.0,0.0
211,27,3,2927.0,2884.0,619.0,0.0,734.0,5645.0,478.68320048980047,20611.273599999986,21089.956800489785,2898.0,25.0,7.0,147.0,57.0,20.0,11.0,169.0,34.0,2.0,0.0,0.0,0.0
211,28,3,2940.0,2962.0,611.0,0.0,755.0,5645.0,518.4129299418446,20613.611599999982,21132.02452994183,2898.0,25.0,7.0,147.0,57.0,20.0,11.0,169.0,34.0,2.0,0.0,0.0,0.0
211,29,3,2989.0,2905.0,647.0,0.0,693.0,5645.0,397.21444682144613,20542.870399999993,20940.08484682144,2898.0,25.0,7.0,147.0,57.0,20.0,11.0,169.0,34.0,2.0,0.0,0.0,0.0
211,30,3,2959.0,2892.0,612.0,0.0,687.0,5645.0,275.08270860626806,21189.69479999998,21464.777508606247,2898.0,25.0,7.0,147.0,57.0,20.0,11.0,169.0,34.0,2.0,0.0,0.0,0.0
211,31,3,2993.0,2953.0,605.0,0.0,723.0,5645.0,357.4945700527764,19242.27439999998,19599.768970052755,2898.0,25.0,7.0,147.0,57.0,20.0,11.0,169.0,34.0,2.0,0.0,0.0,0.0
211,32,3,2943.0,2979.0,585.0,0.0,750.0,5645.0,519.0400583428352,19834.523199999996,20353.56325834283,2898.0,25.0,7.0,147.0,57.0,20.0,11.0,169.0,34.0,2.0,0.0,0.0,0.0
211,33,3,2902.0,2877.0,609.0,0.0,741.0,5645.0,478.1274131599166,20524.032799999983,21002.1602131599,2898.0,25.0,7.0,147.0,57.0,20.0,11.0,169.0,34.0,2.0,0.0,0.0,0.0
211,34,3,2906.0,2885.0,606.0,0.0,737.0,5645.0,396.4243187648883,22617.745199999976,23014.169518764866,2898.0,25.0,7.0,147.0,57.0,20.0,11.0,169.0,34.0,2.0,0.0,0.0,0.0
211,35,3,2961.0,2950.0,581.0,0.0,698.0,5645.0,155.62838449420585,21735.383999999984,21891.012384494185,2898.0,25.0,7.0,147.0,57.0,20.0,11.0,169.0,34.0,2.0,0.0,0.0,0.0
211,36,4,3000.0,3005.0,581.0,0.0,713.0,5645.0,558.4897379904768,20751.08599999999,21309.57573799046,2898.0,25.0,7.0,147.0,57.0,20.0,11.0,169.0,34.0,2.0,0.0,0.0,0.0
211,37,4,3004.0,2912.0,665.0,0.0,726.0,5645.0,235.73940558652833,19920.695199999984,20156.434605586513,2898.0,25.0,7.0,147.0,57.0,20.0,11.0,169.0,34.0,2.0,0.0,0.0,0.0
211,38,4,3009.0,2975.0,600.0,0.0,734.0,5645.0,480.50312133356965,19134.52599999999,19615.02912133356,2898.0,25.0,7.0,147.0,57.0,20.0,11.0,169.0,34.0,2.0,0.0,0.0,0.0
211,39,4,3007.0,2908.0,614.0,0.0,741.0,5645.0,558.9365322773933,21963.906799999986,22522.843332277378,2898.0,25.0,7.0,147.0,57.0,20.0,11.0,169.0,34.0,2.0,0.0,0.0,0.0
211,40,4,2941.0,2932.0,623.0,0.0,734.0,5645.0,438.9937499675514,20613.54479999998,21052.538549967532,2898.0,25.0,7.0,147.0,57.0,20.0,11.0,169.0,34.0,2.0,0.0,0.0,0.0
211,41,4,3000.0,3008.0,603.0,0.0,752.0,5645.0,397.53007746109046,20785.955599999987,21183.485677461074,2898.0,25.0,7.0,147.0,57.0,20.0,11.0,169.0,34.0,2.0,0.0,0.0,0.0
211,42,4,2954.0,2923.0,632.0,0.0,718.0,5645.0,843.8049164362452,20307.600799999986,21151.40571643623,2898.0,25.0,7.0,147.0,57.0,20.0,11.0,169.0,34.0,2.0,0.0,0.0,0.0
211,43,4,2956.0,2898.0,617.0,0.0,720.0,5645.0,356.11378815609805,20230.313199999986,20586.426988156083,2898.0,25.0,7.0,147.0,57.0,20.0,11.0,169.0,34.0,2.0,0.0,0.0,0.0
211,44,4,2934.0,2926.0,617.0,0.0,739.0,5645.0,683.8533200485679,20848.68079999998,21532.534120048545,2898.0,25.0,7.0,147.0,57.0,20.0,11.0,169.0,34.0,2.0,0.0,0.0,0.0
211,45,4,2926.0,2904.0,645.0,0.0,712.0,5645.0,437.42465299853995,20252.08999999998,20689.514652998518,2898.0,25.0,7.0,147.0,57.0,20.0,11.0,169.0,34.0,2.0,0.0,0.0,0.0
211,46,4,3035.0,2969.0,662.0,0.0,725.0,5645.0,720.9543181346271,19828.243999999984,20549.19831813461,2898.0,25.0,7.0,147.0,57.0,20.0,11.0,169.0,34.0,2.0,0.0,0.0,0.0
211,47,4,3027.0,2987.0,631.0,0.0,756.0,5645.0,640.9893291509466,21243.20159999998,21884.190929150922,2898.0,25.0,7.0,147.0,57.0,20.0,11.0,169.0,34.0,2.0,0.0,0.0,0.0
211,48,5,2992.0,3013.0,562.0,0.0,677.0,5645.0,519.3490367019677,20520.158399999982,21039.50743670195,2898.0,25.0,7.0,147.0,57.0,20.0,11.0,169.0,34.0,2.0,0.0,0.0,0.0
211,49,5,3037.0,2919.0,685.0,0.0,790.0,5645.0,641.6304591325061,21594.235599999978,22235.866059132484,2898.0,25.0,7.0,147.0,57.0,20.0,11.0,169.0,34.0,2.0,0.0,0.0,0.0
211,50,5,2938.0,2852.0,615.0,0.0,709.0,5645.0,561.3986695093639,20161.175199999998,20722.57386950936,2898.0,25.0,7.0,147.0,57.0,20.0,11.0,169.0,34.0,2.0,0.0,0.0,0.0
211,51,5,2992.0,3018.0,598.0,0.0,696.0,5645.0,560.4409714400205,19488.89999999998,20049.34097144,2898.0,25.0,7.0,147.0,57.0,20.0,11.0,169.0,34.0,2.0,0.0,0.0,0.0
211,52,5,2960.0,2974.0,635.0,0.0,745.0,5645.0,560.228473048701,20149.351599999987,20709.580073048688,2898.0,25.0,7.0,147.0,57.0,20.0,11.0,169.0,34.0,2.0,0.0,0.0,0.0
211,53,5,3017.0,2942.0,667.0,0.0,715.0,5645.0,195.71879429947217,19446.94959999998,19642.668394299453,2898.0,25.0,7.0,147.0,57.0,20.0,11.0,169.0,34.0,2.0,0.0,0.0,0.0
211,54,5,2960.0,2945.0,633.0,0.0,730.0,5645.0,722.4170833153726,20380.88039999999,21103.297483315364,2898.0,25.0,7.0,147.0,57.0,20.0,11.0,169.0,34.0,2.0,0.0,0.0,0.0
211,55,5,2980.0,2910.0,649.0,0.0,797.0,5645.0,399.27834453399237,20136.65959999998,20535.937944533976,2898.0,25.0,7.0,147.0,57.0,20.0,11.0,169.0,34.0,2.0,0.0,0.0,0.0
211,56,5,2933.0,2921.0,608.0,0.0,720.0,5645.0,599.4104230636258,21185.285999999982,21784.696423063608,2898.0,25.0,7.0,147.0,57.0,20.0,11.0,169.0,34.0,2.0,0.0,0.0,0.0
211,57,5,3034.0,3010.0,651.0,0.0,771.0,5645.0,237.15037571401587,21303.254799999984,21540.405175714,2898.0,25.0,7.0,147.0,57.0,20.0,11.0,169.0,34.0,2.0,0.0,0.0,0.0
211,58,5,2993.0,2935.0,623.0,0.0,741.0,5645.0,398.1062253460875,20715.013999999992,21113.12022534608,2898.0,25.0,7.0,147.0,57.0,20.0,11.0,169.0,34.0,2.0,0.0,0.0,0.0
211,59,5,2962.0,2908.0,630.0,0.0,768.0,5645.0,479.1915649872408,18991.239999999976,19470.43156498722,2898.0,25.0,7.0,147.0,57.0,20.0,11.0,169.0,34.0,2.0,0.0,0.0,0.0
211,60,6,3011.0,2957.0,609.0,0.0,727.0,5645.0,519.8906574974277,21003.723599999983,21523.614257497407,2898.0,25.0,7.0,147.0,57.0,20.0,11.0,169.0,34.0,2.0,0.0,0.0,0.0
211,61,6,2957.0,2945.0,646.0,0.0,790.0,5645.0,724.6088707054034,21458.431199999974,22183.040070705378,2898.0,25.0,7.0,147.0,57.0,20.0,11.0,169.0,34.0,2.0,0.0,0.0,0.0
211,62,6,2975.0,2857.0,603.0,0.0,699.0,5645.0,477.66280831227385,19784.222799999985,20261.885608312263,2898.0,25.0,7.0,147.0,57.0,20.0,11.0,169.0,34.0,2.0,0.0,0.0,0.0
211,63,6,3024.0,3000.0,634.0,0.0,764.0,5645.0,396.24398118013494,21170.322799999987,21566.56678118012,2898.0,25.0,7.0,147.0,57.0,20.0,11.0,169.0,34.0,2.0,0.0,0.0,0.0
211,64,6,3002.0,2913.0,621.0,0.0,709.0,5645.0,475.8919246526045,19061.84759999999,19537.739524652592,2898.0,25.0,7.0,147.0,57.0,20.0,11.0,169.0,34.0,2.0,0.0,0.0,0.0
211,65,6,2959.0,2965.0,609.0,0.0,748.0,5645.0,720.4154331135253,19966.78719999998,20687.202633113506,2898.0,25.0,7.0,147.0,57.0,20.0,11.0,169.0,34.0,2.0,0.0,0.0,0.0
211,66,6,2961.0,2883.0,627.0,0.0,739.0,5645.0,479.86130643738727,19428.11199999999,19907.97330643738,2898.0,25.0,7.0,147.0,57.0,20.0,11.0,169.0,34.0,2.0,0.0,0.0,0.0
211,67,6,2939.0,2904.0,623.0,0.0,714.0,5645.0,558.402069198798,19506.80239999999,20065.204469198787,2898.0,25.0,7.0,147.0,57.0,20.0,11.0,169.0,34.0,2.0,0.0,0.0,0.0
211,68,6,2984.0,2935.0,632.0,0.0,758.0,5645.0,436.9062583554053,19914.08199999999,20350.988258355395,2898.0,25.0,7.0,147.0,57.0,20.0,11.0,169.0,34.0,2.0,0.0,0.0,0.0
211,69,6,2997.0,2957.0,617.0,0.0,733.0,5645.0,681.4083293055387,20490.565999999984,21171.974329305525,2898.0,25.0,7.0,147.0,57.0,20.0,11.0,169.0,34.0,2.0,0.0,0.0,0.0
211,70,6,2912.0,2889.0,619.0,0.0,733.0,5645.0,438.5358246372895,22235.582399999974,22674.118224637266,2898.0,25.0,7.0,147.0,57.0,20.0,11.0,169.0,34.0,2.0,0.0,0.0,0.0
211,71,6,2987.0,2951.0,619.0,0.0,775.0,5645.0,599.8676371829698,20885.955199999975,21485.822837182946,2898.0,25.0,7.0,147.0,57.0,20.0,11.0,169.0,34.0,2.0,0.0,0.0,0.0
211,72,7,2998.0,2884.0,627.0,0.0,784.0,5645.0,479.9130178569914,21851.01479999998,22330.927817856966,2898.0,25.0,7.0,147.0,57.0,20.0,11.0,169.0,34.0,2.0,0.0,0.0,0.0
211,73,7,2993.0,2918.0,612.0,0.0,701.0,5645.0,599.9550134071218,20589.162799999976,21189.117813407094,2898.0,25.0,7.0,147.0,57.0,20.0,11.0,169.0,34.0,2.0,0.0,0.0,0.0
211,74,7,2976.0,2943.0,596.0,0.0,713.0,5645.0,395.4602440879429,20677.20519999998,21072.66544408792,2898.0,25.0,7.0,147.0,57.0,20.0,11.0,169.0,34.0,2.0,0.0,0.0,0.0
211,75,7,2996.0,2988.0,590.0,0.0,733.0,5645.0,317.3018854216514,21857.02679999998,22174.328685421635,2898.0,25.0,7.0,147.0,57.0,20.0,11.0,169.0,34.0,2.0,0.0,0.0,0.0
211,76,7,2925.0,2914.0,574.0,0.0,741.0,5645.0,522.5768589804625,20946.809999999983,21469.38685898044,2898.0,25.0,7.0,147.0,57.0,20.0,11.0,169.0,34.0,2.0,0.0,0.0,0.0
211,77,7,3031.0,2943.0,637.0,0.0,715.0,5645.0,723.4957743120226,20869.989999999983,21593.485774312005,2898.0,25.0,7.0,147.0,57.0,20.0,11.0,169.0,34.0,2.0,0.0,0.0,0.0
211,78,7,2997.0,2987.0,636.0,0.0,791.0,5645.0,640.8249025446867,20796.24279999998,21437.067702544668,2898.0,25.0,7.0,147.0,57.0,20.0,11.0,169.0,34.0,2.0,0.0,0.0,0.0
211,79,7,2960.0,2836.0,666.0,0.0,710.0,5645.0,765.3640066153278,20792.835999999996,21558.200006615327,2898.0,25.0,7.0,147.0,57.0,20.0,11.0,169.0,34.0,2.0,0.0,0.0,0.0
211,80,7,2923.0,2941.0,603.0,0.0,724.0,5645.0,398.00609447999926,22240.72599999998,22638.73209447998,2898.0,25.0,7.0,147.0,57.0,20.0,11.0,169.0,34.0,2.0,0.0,0.0,0.0
211,81,7,2995.0,2984.0,623.0,0.0,757.0,5645.0,399.27988636584547,21509.065599999987,21908.345486365833,2898.0,25.0,7.0,147.0,57.0,20.0,11.0,169.0,34.0,2.0,0.0,0.0,0.0
211,82,7,2977.0,2916.0,627.0,0.0,733.0,5645.0,600.0763360605373,20482.750399999983,21082.82673606052,2898.0,25.0,7.0,147.0,57.0,20.0,11.0,169.0,34.0,2.0,0.0,0.0,0.0
211,83,7,2980.0,2905.0,648.0,0.0,717.0,5645.0,354.8490685146551,20673.130399999987,21027.979468514644,2898.0,25.0,7.0,147.0,57.0,20.0,11.0,169.0,34.0,2.0,0.0,0.0,0.0
211,84,8,3016.0,2969.0,660.0,0.0,770.0,5645.0,521.0574927709906,20000.9888,20522.04629277099,2898.0,25.0,7.0,147.0,57.0,20.0,11.0,169.0,34.0,2.0,0.0,0.0,0.0
211,85,8,2972.0,2925.0,617.0,0.0,732.0,5645.0,885.2822852356878,19690.101599999984,20575.383885235668,2898.0,25.0,7.0,147.0,57.0,20.0,11.0,169.0,34.0,2.0,0.0,0.0,0.0
211,86,8,2998.0,2914.0,653.0,0.0,706.0,5645.0,236.0808812651863,21048.679999999975,21284.760881265163,2898.0,25.0,7.0,147.0,57.0,20.0,11.0,169.0,34.0,2.0,0.0,0.0,0.0
211,87,8,2963.0,2922.0,650.0,0.0,751.0,5645.0,438.5125984397472,20939.528799999982,21378.04139843973,2898.0,25.0,7.0,147.0,57.0,20.0,11.0,169.0,34.0,2.0,0.0,0.0,0.0
211,88,8,3034.0,2949.0,645.0,0.0,735.0,5645.0,640.5220979126962,20136.59279999998,20777.114897912677,2898.0,25.0,7.0,147.0,57.0,20.0,11.0,169.0,34.0,2.0,0.0,0.0,0.0
211,89,8,2963.0,2931.0,621.0,0.0,727.0,5645.0,601.0863596204186,21827.300799999986,22428.387159620404,2898.0,25.0,7.0,147.0,57.0,20.0,11.0,169.0,34.0,2.0,0.0,0.0,0.0
211,90,8,2994.0,2919.0,584.0,0.0,706.0,5645.0,642.2770059288628,21657.695599999992,22299.97260592885,2898.0,25.0,7.0,147.0,57.0,20.0,11.0,169.0,34.0,2.0,0.0,0.0,0.0
211,91,8,2952.0,2950.0,606.0,0.0,712.0,5645.0,601.361202236907,20217.420799999985,20818.782002236894,2898.0,25.0,7.0,147.0,57.0,20.0,11.0,169.0,34.0,2.0,0.0,0.0,0.0
211,92,8,2996.0,2934.0,630.0,0.0,779.0,5645.0,235.00124077932998,22165.776399999984,22400.777640779314,2898.0,25.0,7.0,147.0,57.0,20.0,11.0,169.0,34.0,2.0,0.0,0.0,0.0
211,93,8,2982.0,2884.0,659.0,0.0,695.0,5645.0,436.44518133402363,20364.380799999977,20800.825981334005,2898.0,25.0,7.0,147.0,57.0,20.0,11.0,169.0,34.0,2.0,0.0,0.0,0.0
211,94,8,2944.0,2899.0,678.0,0.0,806.0,5645.0,560.3301267968243,19926.640399999986,20486.97052679681,2898.0,25.0,7.0,147.0,57.0,20.0,11.0,169.0,34.0,2.0,0.0,0.0,0.0
211,95,8,2979.0,2931.0,625.0,0.0,781.0,5645.0,359.10960323823656,21155.69359999998,21514.803203238218,2898.0,25.0,7.0,147.0,57.0,20.0,11.0,169.0,34.0,2.0,0.0,0.0,0.0
211,96,9,3015.0,2934.0,602.0,0.0,720.0,5645.0,355.2960652426853,20716.81759999999,21072.113665242676,2898.0,25.0,7.0,147.0,57.0,20.0,11.0,169.0,34.0,2.0,0.0,0.0,0.0
211,97,9,3019.0,2995.0,629.0,0.0,784.0,5645.0,193.85145196433695,20164.24799999998,20358.099451964317,2898.0,25.0,7.0,147.0,57.0,20.0,11.0,169.0,34.0,2.0,0.0,0.0,0.0
211,98,9,3016.0,2923.0,630.0,0.0,741.0,5645.0,398.25414486618257,21441.998399999982,21840.252544866165,2898.0,25.0,7.0,147.0,57.0,20.0,11.0,169.0,34.0,2.0,0.0,0.0,0.0
211,99,9,2934.0,2878.0,633.0,0.0,742.0,5645.0,357.2358320775147,20423.899599999975,20781.135432077488,2898.0,25.0,7.0,147.0,57.0,20.0,11.0,169.0,34.0,2.0,0.0,0.0,0.0
211,100,9,3011.0,2957.0,594.0,0.0,701.0,5645.0,315.00584913262566,20452.957599999976,20767.963449132603,2898.0,25.0,7.0,147.0,57.0,20.0,11.0,169.0,34.0,2.0,0.0,0.0,0.0
211,101,9,3015.0,2963.0,607.0,0.0,736.0,5645.0,435.58362494593865,19363.983999999982,19799.56762494592,2898.0,25.0,7.0,147.0,57.0,20.0,11.0,169.0,34.0,2.0,0.0,0.0,0.0
211,102,9,3018.0,2940.0,642.0,0.0,745.0,5645.0,358.75759513283447,22698.10559999997,23056.863195132806,2898.0,25.0,7.0,147.0,57.0,20.0,11.0,169.0,34.0,2.0,0.0,0.0,0.0
211,103,9,3041.0,2982.0,607.0,0.0,679.0,5645.0,600.7415973719136,22412.669199999975,23013.41079737189,2898.0,25.0,7.0,147.0,57.0,20.0,11.0,169.0,34.0,2.0,0.0,0.0,0.0
211,104,9,2975.0,2936.0,638.0,0.0,757.0,5645.0,602.1068983182823,22913.60239999997,23515.709298318256,2898.0,25.0,7.0,147.0,57.0,20.0,11.0,169.0,34.0,2.0,0.0,0.0,0.0
211,105,9,3065.0,2988.0,649.0,0.0,768.0,5645.0,599.9180528827115,22122.489999999987,22722.408052882696,2898.0,25.0,7.0,147.0,57.0,20.0,11.0,169.0,34.0,2.0,0.0,0.0,0.0
211,106,9,3041.0,3037.0,648.0,0.0,760.0,5645.0,721.2600686306764,20156.76639999999,20878.026468630665,2898.0,25.0,7.0,147.0,57.0,20.0,11.0,169.0,34.0,2.0,0.0,0.0,0.0
211,107,9,3007.0,2920.0,657.0,0.0,712.0,5645.0,641.2777247395953,20719.82359999998,21361.101324739575,2898.0,25.0,7.0,147.0,57.0,20.0,11.0,169.0,34.0,2.0,0.0,0.0,0.0
211,108,10,2924.0,2900.0,633.0,0.0,755.0,5645.0,275.9231478510674,20680.47839999999,20956.40154785106,2898.0,25.0,7.0,147.0,57.0,20.0,11.0,169.0,34.0,2.0,0.0,0.0,0.0
211,109,10,2980.0,2934.0,622.0,0.0,762.0,5645.0,315.0580124158147,19667.52319999999,19982.581212415804,2898.0,25.0,7.0,147.0,57.0,20.0,11.0,169.0,34.0,2.0,0.0,0.0,0.0
211,110,10,3001.0,2918.0,622.0,0.0,770.0,5645.0,644.7342414916714,18421.90359999998,19066.637841491654,2898.0,25.0,7.0,147.0,57.0,20.0,11.0,169.0,34.0,2.0,0.0,0.0,0.0
211,111,10,2885.0,2923.0,608.0,0.0,761.0,5645.0,316.5861454094842,21382.279199999983,21698.86534540947,2898.0,25.0,7.0,147.0,57.0,20.0,11.0,169.0,34.0,2.0,0.0,0.0,0.0
211,112,10,2998.0,2923.0,647.0,0.0,699.0,5645.0,394.6775369812413,20403.85959999998,20798.53713698122,2898.0,25.0,7.0,147.0,57.0,20.0,11.0,169.0,34.0,2.0,0.0,0.0,0.0
211,113,10,3020.0,2938.0,653.0,0.0,743.0,5645.0,395.64323189686274,19802.793199999986,20198.436431896847,2898.0,25.0,7.0,147.0,57.0,20.0,11.0,169.0,34.0,2.0,0.0,0.0,0.0
211,114,10,2934.0,2888.0,627.0,0.0,722.0,5645.0,519.605228304964,19187.698799999987,19707.304028304952,2898.0,25.0,7.0,147.0,57.0,20.0,11.0,169.0,34.0,2.0,0.0,0.0,0.0
211,115,10,2976.0,2896.0,660.0,0.0,731.0,5645.0,679.6211527180586,21583.079999999965,22262.701152718026,2898.0,25.0,7.0,147.0,57.0,20.0,11.0,169.0,34.0,2.0,0.0,0.0,0.0
211,116,10,3028.0,2928.0,649.0,0.0,757.0,5645.0,600.436013449514,18936.46399999999,19536.9000134495,2898.0,25.0,7.0,147.0,57.0,20.0,11.0,169.0,34.0,2.0,0.0,0.0,0.0
211,117,10,2945.0,2876.0,631.0,0.0,673.0,5645.0,479.1190307342463,21591.69719999998,22070.81623073422,2898.0,25.0,7.0,147.0,57.0,20.0,11.0,169.0,34.0,2.0,0.0,0.0,0.0
211,118,10,2959.0,2916.0,614.0,0.0,764.0,5645.0,682.9727777416813,20301.85599999998,20984.828777741663,2898.0,25.0,7.0,147.0,57.0,20.0,11.0,169.0,34.0,2.0,0.0,0.0,0.0
211,119,10,2930.0,2943.0,587.0,0.0,746.0,5645.0,883.7916891408697,19264.051199999987,20147.84288914086,2898.0,25.0,7.0,147.0,57.0,20.0,11.0,169.0,34.0,2.0,0.0,0.0,0.0
212,0,1,2915.0,2977.0,549.0,0.0,742.0,5645.0,443.22518558806024,22271.921599999972,22715.146785588033,2898.0,25.0,7.0,147.0,57.0,20.0,11.0,169.0,34.0,2.0,0.0,0.0,0.0
212,1,1,2881.0,2897.0,611.0,0.0,733.0,5645.0,483.39270344919044,20695.508399999977,21178.901103449167,2898.0,25.0,7.0,147.0,57.0,20.0,11.0,169.0,34.0,2.0,0.0,0.0,0.0
212,2,1,2965.0,2845.0,649.0,0.0,727.0,5645.0,398.27428867809306,22073.25839999997,22471.532688678064,2898.0,25.0,7.0,147.0,57.0,20.0,11.0,169.0,34.0,2.0,0.0,0.0,0.0
212,3,1,2936.0,2936.0,625.0,0.0,714.0,5645.0,321.6839570278895,21621.022399999973,21942.706357027866,2898.0,25.0,7.0,147.0,57.0,20.0,11.0,169.0,34.0,2.0,0.0,0.0,0.0
212,4,1,2888.0,2900.0,598.0,0.0,737.0,5645.0,440.983717788959,20744.94039999999,21185.92411778895,2898.0,25.0,7.0,147.0,57.0,20.0,11.0,169.0,34.0,2.0,0.0,0.0,0.0
212,5,1,2908.0,2929.0,597.0,0.0,739.0,5645.0,239.37309474693612,21374.32999999999,21613.703094746925,2898.0,25.0,7.0,147.0,57.0,20.0,11.0,169.0,34.0,2.0,0.0,0.0,0.0
212,6,1,3002.0,2957.0,600.0,0.0,725.0,5645.0,684.4317563453166,20205.06279999999,20889.494556345308,2898.0,25.0,7.0,147.0,57.0,20.0,11.0,169.0,34.0,2.0,0.0,0.0,0.0
212,7,1,2926.0,2888.0,568.0,0.0,726.0,5645.0,403.89734712297377,21661.970799999985,22065.868147122957,2898.0,25.0,7.0,147.0,57.0,20.0,11.0,169.0,34.0,2.0,0.0,0.0,0.0
212,8,1,2956.0,2948.0,600.0,0.0,757.0,5645.0,401.79863165904914,20997.17719999998,21398.97583165903,2898.0,25.0,7.0,147.0,57.0,20.0,11.0,169.0,34.0,2.0,0.0,0.0,0.0
212,9,1,2900.0,2877.0,607.0,0.0,781.0,5645.0,321.20437093826985,23843.124399999964,24164.328770938235,2898.0,25.0,7.0,147.0,57.0,20.0,11.0,169.0,34.0,2.0,0.0,0.0,0.0
212,10,1,2958.0,2871.0,629.0,0.0,730.0,5645.0,644.0764660223932,22461.83399999999,23105.91046602238,2898.0,25.0,7.0,147.0,57.0,20.0,11.0,169.0,34.0,2.0,0.0,0.0,0.0
212,11,1,2939.0,2932.0,622.0,0.0,740.0,5645.0,480.6581531481045,21203.054799999976,21683.712953148082,2898.0,25.0,7.0,147.0,57.0,20.0,11.0,169.0,34.0,2.0,0.0,0.0,0.0
212,12,2,2916.0,2940.0,586.0,0.0,766.0,5645.0,321.02413367101894,22023.62599999997,22344.65013367099,2898.0,25.0,7.0,147.0,57.0,20.0,11.0,169.0,34.0,2.0,0.0,0.0,0.0
212,13,2,2899.0,2895.0,585.0,0.0,740.0,5645.0,683.7474027417296,20994.104399999975,21677.85180274171,2898.0,25.0,7.0,147.0,57.0,20.0,11.0,169.0,34.0,2.0,0.0,0.0,0.0
212,14,2,3006.0,2878.0,650.0,0.0,744.0,5645.0,401.3165215134674,22576.32919999997,22977.64572151344,2898.0,25.0,7.0,147.0,57.0,20.0,11.0,169.0,34.0,2.0,0.0,0.0,0.0
212,15,2,2888.0,2918.0,618.0,0.0,749.0,5645.0,200.41485037909192,22349.943999999978,22550.358850379067,2898.0,25.0,7.0,147.0,57.0,20.0,11.0,169.0,34.0,2.0,0.0,0.0,0.0
212,16,2,2903.0,2917.0,592.0,0.0,784.0,5645.0,645.1882092944621,22279.80399999998,22924.99220929444,2898.0,25.0,7.0,147.0,57.0,20.0,11.0,169.0,34.0,2.0,0.0,0.0,0.0
212,17,2,2926.0,2889.0,616.0,0.0,747.0,5645.0,444.1730947330156,22370.25119999997,22814.424294732984,2898.0,25.0,7.0,147.0,57.0,20.0,11.0,169.0,34.0,2.0,0.0,0.0,0.0
212,18,2,2931.0,2943.0,626.0,0.0,768.0,5645.0,564.6420379410756,23781.00039999998,24345.642437941056,2898.0,25.0,7.0,147.0,57.0,20.0,11.0,169.0,34.0,2.0,0.0,0.0,0.0
212,19,2,2980.0,2953.0,608.0,0.0,749.0,5645.0,524.850140541685,21343.601999999977,21868.45214054166,2898.0,25.0,7.0,147.0,57.0,20.0,11.0,169.0,34.0,2.0,0.0,0.0,0.0
212,20,2,2965.0,2941.0,585.0,0.0,747.0,5645.0,565.3895261437863,23240.989199999967,23806.378726143757,2898.0,25.0,7.0,147.0,57.0,20.0,11.0,169.0,34.0,2.0,0.0,0.0,0.0
212,21,2,2928.0,2926.0,589.0,0.0,778.0,5645.0,360.861602193067,22817.67759999997,23178.539202193042,2898.0,25.0,7.0,147.0,57.0,20.0,11.0,169.0,34.0,2.0,0.0,0.0,0.0
212,22,2,2981.0,2920.0,608.0,0.0,727.0,5645.0,565.1955627080093,22112.135999999977,22677.331562707986,2898.0,25.0,7.0,147.0,57.0,20.0,11.0,169.0,34.0,2.0,0.0,0.0,0.0
212,23,2,3001.0,3006.0,577.0,0.0,740.0,5645.0,402.72902463774784,20793.169999999984,21195.899024637733,2898.0,25.0,7.0,147.0,57.0,20.0,11.0,169.0,34.0,2.0,0.0,0.0,0.0
212,24,3,2928.0,2900.0,639.0,0.0,777.0,5645.0,444.1341802492108,23438.583599999973,23882.717780249182,2898.0,25.0,7.0,147.0,57.0,20.0,11.0,169.0,34.0,2.0,0.0,0.0,0.0
212,25,3,2992.0,2933.0,647.0,0.0,723.0,5645.0,198.5456423100452,21862.90519999999,22061.450842310038,2898.0,25.0,7.0,147.0,57.0,20.0,11.0,169.0,34.0,2.0,0.0,0.0,0.0
212,26,3,2855.0,2854.0,613.0,0.0,750.0,5645.0,441.564232780456,21802.05039999999,22243.614632780445,2898.0,25.0,7.0,147.0,57.0,20.0,11.0,169.0,34.0,2.0,0.0,0.0,0.0
212,27,3,2887.0,2932.0,608.0,0.0,782.0,5645.0,484.2851570634697,21413.007199999985,21897.292357063456,2898.0,25.0,7.0,147.0,57.0,20.0,11.0,169.0,34.0,2.0,0.0,0.0,0.0
212,28,3,2928.0,2884.0,631.0,0.0,709.0,5645.0,278.00151864146835,21728.63719999999,22006.638718641458,2898.0,25.0,7.0,147.0,57.0,20.0,11.0,169.0,34.0,2.0,0.0,0.0,0.0
212,29,3,2910.0,2870.0,595.0,0.0,692.0,5645.0,280.3132918521878,22151.481199999973,22431.79449185216,2898.0,25.0,7.0,147.0,57.0,20.0,11.0,169.0,34.0,2.0,0.0,0.0,0.0
212,30,3,2940.0,2937.0,586.0,0.0,759.0,5645.0,402.04426555141924,21730.774799999974,22132.819065551397,2898.0,25.0,7.0,147.0,57.0,20.0,11.0,169.0,34.0,2.0,0.0,0.0,0.0
212,31,3,2891.0,2960.0,575.0,0.0,769.0,5645.0,563.154535629156,21319.95479999999,21883.109335629146,2898.0,25.0,7.0,147.0,57.0,20.0,11.0,169.0,34.0,2.0,0.0,0.0,0.0
212,32,3,2854.0,2850.0,602.0,0.0,754.0,5645.0,440.60274689786826,21842.330799999978,22282.933546897846,2898.0,25.0,7.0,147.0,57.0,20.0,11.0,169.0,34.0,2.0,0.0,0.0,0.0
212,33,3,2865.0,2871.0,598.0,0.0,751.0,5645.0,400.6847740820782,23833.839199999973,24234.523974082047,2898.0,25.0,7.0,147.0,57.0,20.0,11.0,169.0,34.0,2.0,0.0,0.0,0.0
212,34,3,2906.0,2929.0,579.0,0.0,705.0,5645.0,199.78057175336963,22855.085599999977,23054.866171753343,2898.0,25.0,7.0,147.0,57.0,20.0,11.0,169.0,34.0,2.0,0.0,0.0,0.0
212,35,3,2956.0,2981.0,578.0,0.0,745.0,5645.0,562.9892378213981,22131.24079999998,22694.23003782138,2898.0,25.0,7.0,147.0,57.0,20.0,11.0,169.0,34.0,2.0,0.0,0.0,0.0
212,36,4,2966.0,2892.0,658.0,0.0,736.0,5645.0,238.8364305196993,21177.269999999975,21416.10643051967,2898.0,25.0,7.0,147.0,57.0,20.0,11.0,169.0,34.0,2.0,0.0,0.0,0.0
212,37,4,2951.0,2955.0,593.0,0.0,758.0,5645.0,402.6305880376496,20508.20119999998,20910.831788037634,2898.0,25.0,7.0,147.0,57.0,20.0,11.0,169.0,34.0,2.0,0.0,0.0,0.0
212,38,4,2956.0,2886.0,603.0,0.0,754.0,5645.0,561.8927821017517,23334.37559999997,23896.268382101724,2898.0,25.0,7.0,147.0,57.0,20.0,11.0,169.0,34.0,2.0,0.0,0.0,0.0
212,39,4,2886.0,2909.0,609.0,0.0,744.0,5645.0,360.77165580631254,21790.69439999998,22151.466055806293,2898.0,25.0,7.0,147.0,57.0,20.0,11.0,169.0,34.0,2.0,0.0,0.0,0.0
212,40,4,2949.0,2976.0,603.0,0.0,776.0,5645.0,359.64920555959014,22125.763199999987,22485.412405559575,2898.0,25.0,7.0,147.0,57.0,20.0,11.0,169.0,34.0,2.0,0.0,0.0,0.0
212,41,4,2898.0,2888.0,623.0,0.0,739.0,5645.0,604.8490830696418,21865.443599999973,22470.292683069612,2898.0,25.0,7.0,147.0,57.0,20.0,11.0,169.0,34.0,2.0,0.0,0.0,0.0
212,42,4,2907.0,2881.0,606.0,0.0,735.0,5645.0,442.1136763419944,21273.528799999985,21715.642476341982,2898.0,25.0,7.0,147.0,57.0,20.0,11.0,169.0,34.0,2.0,0.0,0.0,0.0
212,43,4,2881.0,2899.0,614.0,0.0,769.0,5645.0,688.4359849205911,21734.649199999985,22423.085184920576,2898.0,25.0,7.0,147.0,57.0,20.0,11.0,169.0,34.0,2.0,0.0,0.0,0.0
212,44,4,2873.0,2882.0,638.0,0.0,725.0,5645.0,482.15537721455746,21827.167199999978,22309.322577214538,2898.0,25.0,7.0,147.0,57.0,20.0,11.0,169.0,34.0,2.0,0.0,0.0,0.0
212,45,4,2989.0,2948.0,659.0,0.0,762.0,5645.0,522.1429603361406,21739.993199999975,22262.13616033611,2898.0,25.0,7.0,147.0,57.0,20.0,11.0,169.0,34.0,2.0,0.0,0.0,0.0
212,46,4,2973.0,2960.0,617.0,0.0,756.0,5645.0,603.6813294374391,22573.723999999973,23177.405329437413,2898.0,25.0,7.0,147.0,57.0,20.0,11.0,169.0,34.0,2.0,0.0,0.0,0.0
212,47,4,2931.0,2990.0,549.0,0.0,686.0,5645.0,604.0789458529065,21871.52239999997,22475.601345852876,2898.0,25.0,7.0,147.0,57.0,20.0,11.0,169.0,34.0,2.0,0.0,0.0,0.0
212,48,5,2989.0,2934.0,643.0,0.0,759.0,5645.0,561.7584832321597,21243.60239999998,21805.36088323214,2898.0,25.0,7.0,147.0,57.0,20.0,11.0,169.0,34.0,2.0,0.0,0.0,0.0
212,49,5,2903.0,2845.0,601.0,0.0,715.0,5645.0,565.6415701512902,20736.99119999999,21302.63277015128,2898.0,25.0,7.0,147.0,57.0,20.0,11.0,169.0,34.0,2.0,0.0,0.0,0.0
212,50,5,2943.0,2999.0,585.0,0.0,715.0,5645.0,442.66931508480354,20843.136399999974,21285.805715084778,2898.0,25.0,7.0,147.0,57.0,20.0,11.0,169.0,34.0,2.0,0.0,0.0,0.0
212,51,5,2913.0,2976.0,609.0,0.0,743.0,5645.0,483.0353740532227,20700.852399999985,21183.88777405321,2898.0,25.0,7.0,147.0,57.0,20.0,11.0,169.0,34.0,2.0,0.0,0.0,0.0
212,52,5,2963.0,2931.0,647.0,0.0,730.0,5645.0,240.06404604164834,20474.93479999998,20714.998846041628,2898.0,25.0,7.0,147.0,57.0,20.0,11.0,169.0,34.0,2.0,0.0,0.0,0.0
212,53,5,2913.0,2919.0,635.0,0.0,767.0,5645.0,525.0206795384393,20922.02719999999,21447.047879538426,2898.0,25.0,7.0,147.0,57.0,20.0,11.0,169.0,34.0,2.0,0.0,0.0,0.0
212,54,5,2928.0,2899.0,627.0,0.0,814.0,5645.0,362.7514604631203,21811.06839999997,22173.819860463092,2898.0,25.0,7.0,147.0,57.0,20.0,11.0,169.0,34.0,2.0,0.0,0.0,0.0
212,55,5,2878.0,2897.0,602.0,0.0,738.0,5645.0,644.6688060839034,22198.641999999978,22843.31080608388,2898.0,25.0,7.0,147.0,57.0,20.0,11.0,169.0,34.0,2.0,0.0,0.0,0.0
212,56,5,2994.0,2998.0,633.0,0.0,776.0,5645.0,201.29036326767175,21928.769999999986,22130.060363267658,2898.0,25.0,7.0,147.0,57.0,20.0,11.0,169.0,34.0,2.0,0.0,0.0,0.0
212,57,5,2946.0,2932.0,604.0,0.0,746.0,5645.0,442.2657942788926,21680.34079999999,22122.60659427888,2898.0,25.0,7.0,147.0,57.0,20.0,11.0,169.0,34.0,2.0,0.0,0.0,0.0
212,58,5,2916.0,2901.0,609.0,0.0,757.0,5645.0,482.8071508175164,19845.144399999983,20327.951550817495,2898.0,25.0,7.0,147.0,57.0,20.0,11.0,169.0,34.0,2.0,0.0,0.0,0.0
212,59,5,2956.0,2949.0,588.0,0.0,736.0,5645.0,564.345523013962,22280.672399999974,22845.017923013937,2898.0,25.0,7.0,147.0,57.0,20.0,11.0,169.0,34.0,2.0,0.0,0.0,0.0
212,60,6,2906.0,2933.0,619.0,0.0,786.0,5645.0,645.8271197071208,22193.297999999973,22839.125119707096,2898.0,25.0,7.0,147.0,57.0,20.0,11.0,169.0,34.0,2.0,0.0,0.0,0.0
212,61,6,2917.0,2822.0,601.0,0.0,725.0,5645.0,481.37096368435505,20692.101599999984,21173.472563684343,2898.0,25.0,7.0,147.0,57.0,20.0,11.0,169.0,34.0,2.0,0.0,0.0,0.0
212,62,6,2968.0,2991.0,612.0,0.0,777.0,5645.0,359.124647729775,23057.355999999978,23416.480647729753,2898.0,25.0,7.0,147.0,57.0,20.0,11.0,169.0,34.0,2.0,0.0,0.0,0.0
212,63,6,2942.0,2880.0,620.0,0.0,747.0,5645.0,481.3452401524683,20305.262799999982,20786.608040152452,2898.0,25.0,7.0,147.0,57.0,20.0,11.0,169.0,34.0,2.0,0.0,0.0,0.0
212,64,6,2903.0,2957.0,583.0,0.0,775.0,5645.0,441.721581113597,22414.606399999968,22856.327981113565,2898.0,25.0,7.0,147.0,57.0,20.0,11.0,169.0,34.0,2.0,0.0,0.0,0.0
212,65,6,2905.0,2869.0,611.0,0.0,738.0,5645.0,403.0954220490771,20852.28799999998,21255.383422049057,2898.0,25.0,7.0,147.0,57.0,20.0,11.0,169.0,34.0,2.0,0.0,0.0,0.0
212,66,6,2883.0,2889.0,605.0,0.0,743.0,5645.0,602.7595004591329,21338.057599999986,21940.81710045912,2898.0,25.0,7.0,147.0,57.0,20.0,11.0,169.0,34.0,2.0,0.0,0.0,0.0
212,67,6,2937.0,2896.0,637.0,0.0,760.0,5645.0,441.4322739846166,21302.720399999984,21744.1526739846,2898.0,25.0,7.0,147.0,57.0,20.0,11.0,169.0,34.0,2.0,0.0,0.0,0.0
212,68,6,2952.0,2948.0,599.0,0.0,750.0,5645.0,564.2157125977739,22193.431599999974,22757.64731259775,2898.0,25.0,7.0,147.0,57.0,20.0,11.0,169.0,34.0,2.0,0.0,0.0,0.0
212,69,6,2859.0,2884.0,594.0,0.0,749.0,5645.0,400.200366474184,23511.863199999967,23912.06356647415,2898.0,25.0,7.0,147.0,57.0,20.0,11.0,169.0,34.0,2.0,0.0,0.0,0.0
212,70,6,2948.0,2926.0,618.0,0.0,781.0,5645.0,765.3078422292409,22207.459599999973,22972.76744222921,2898.0,25.0,7.0,147.0,57.0,20.0,11.0,169.0,34.0,2.0,0.0,0.0,0.0
212,71,6,2937.0,2861.0,618.0,0.0,761.0,5645.0,683.3966290313086,22783.609599999974,23467.00622903128,2898.0,25.0,7.0,147.0,57.0,20.0,11.0,169.0,34.0,2.0,0.0,0.0,0.0
212,72,7,2938.0,2906.0,599.0,0.0,730.0,5645.0,562.8168730120119,21864.842399999972,22427.659273011985,2898.0,25.0,7.0,147.0,57.0,20.0,11.0,169.0,34.0,2.0,0.0,0.0,0.0
212,73,7,2918.0,2947.0,554.0,0.0,724.0,5645.0,318.3274676941086,21856.024799999966,22174.352267694077,2898.0,25.0,7.0,147.0,57.0,20.0,11.0,169.0,34.0,2.0,0.0,0.0,0.0
212,74,7,2938.0,2969.0,573.0,0.0,746.0,5645.0,363.14689022625566,22729.033999999978,23092.180890226235,2898.0,25.0,7.0,147.0,57.0,20.0,11.0,169.0,34.0,2.0,0.0,0.0,0.0
212,75,7,2865.0,2901.0,552.0,0.0,751.0,5645.0,485.42626798980046,22716.007999999983,23201.434267989785,2898.0,25.0,7.0,147.0,57.0,20.0,11.0,169.0,34.0,2.0,0.0,0.0,0.0
212,76,7,2972.0,2920.0,634.0,0.0,732.0,5645.0,688.0519865142955,22884.81159999997,23572.863586514268,2898.0,25.0,7.0,147.0,57.0,20.0,11.0,169.0,34.0,2.0,0.0,0.0,0.0
212,77,7,2949.0,2966.0,624.0,0.0,787.0,5645.0,562.8665155426266,22122.823999999975,22685.690515542603,2898.0,25.0,7.0,147.0,57.0,20.0,11.0,169.0,34.0,2.0,0.0,0.0,0.0
212,78,7,2914.0,2825.0,643.0,0.0,713.0,5645.0,605.4872502003207,21936.719199999992,22542.206450200312,2898.0,25.0,7.0,147.0,57.0,20.0,11.0,169.0,34.0,2.0,0.0,0.0,0.0
212,79,7,2877.0,2921.0,595.0,0.0,750.0,5645.0,361.0248951069299,23684.808399999987,24045.833295106917,2898.0,25.0,7.0,147.0,57.0,20.0,11.0,169.0,34.0,2.0,0.0,0.0,0.0
212,80,7,2943.0,2940.0,634.0,0.0,786.0,5645.0,444.41016645617833,23368.176399999968,23812.586566456146,2898.0,25.0,7.0,147.0,57.0,20.0,11.0,169.0,34.0,2.0,0.0,0.0,0.0
212,81,7,2923.0,2906.0,605.0,0.0,737.0,5645.0,684.1936309904438,21692.765599999977,22376.959230990422,2898.0,25.0,7.0,147.0,57.0,20.0,11.0,169.0,34.0,2.0,0.0,0.0,0.0
212,82,7,2931.0,2896.0,628.0,0.0,730.0,5645.0,358.1447415673613,22126.431199999985,22484.575941567346,2898.0,25.0,7.0,147.0,57.0,20.0,11.0,169.0,34.0,2.0,0.0,0.0,0.0
212,83,7,2958.0,2949.0,646.0,0.0,792.0,5645.0,564.4234231437796,21191.698799999995,21756.122223143775,2898.0,25.0,7.0,147.0,57.0,20.0,11.0,169.0,34.0,2.0,0.0,0.0,0.0
212,84,8,2919.0,2913.0,602.0,0.0,741.0,5645.0,849.5363286666029,20802.78919999998,21652.325528666584,2898.0,25.0,7.0,147.0,57.0,20.0,11.0,169.0,34.0,2.0,0.0,0.0,0.0
212,85,8,2939.0,2895.0,634.0,0.0,716.0,5645.0,239.90376861627527,21507.662799999973,21747.56656861625,2898.0,25.0,7.0,147.0,57.0,20.0,11.0,169.0,34.0,2.0,0.0,0.0,0.0
212,86,8,2903.0,2911.0,627.0,0.0,750.0,5645.0,481.9338649517015,21184.21719999998,21666.151064951682,2898.0,25.0,7.0,147.0,57.0,20.0,11.0,169.0,34.0,2.0,0.0,0.0,0.0
212,87,8,2984.0,2934.0,629.0,0.0,745.0,5645.0,643.0478459444192,21054.023999999972,21697.071845944392,2898.0,25.0,7.0,147.0,57.0,20.0,11.0,169.0,34.0,2.0,0.0,0.0,0.0
212,88,8,2904.0,2925.0,594.0,0.0,747.0,5645.0,724.852101926546,23388.48359999998,24113.335701926528,2898.0,25.0,7.0,147.0,57.0,20.0,11.0,169.0,34.0,2.0,0.0,0.0,0.0
212,89,8,2928.0,2892.0,565.0,0.0,709.0,5645.0,483.60026620648216,22674.65879999999,23158.259066206472,2898.0,25.0,7.0,147.0,57.0,20.0,11.0,169.0,34.0,2.0,0.0,0.0,0.0
212,90,8,2897.0,2924.0,596.0,0.0,716.0,5645.0,725.747637521657,21578.40399999998,22304.151637521638,2898.0,25.0,7.0,147.0,57.0,20.0,11.0,169.0,34.0,2.0,0.0,0.0,0.0
212,91,8,2933.0,2949.0,577.0,0.0,745.0,5645.0,521.7070950396947,22686.682799999966,23208.38989503966,2898.0,25.0,7.0,147.0,57.0,20.0,11.0,169.0,34.0,2.0,0.0,0.0,0.0
212,92,8,2919.0,2864.0,637.0,0.0,720.0,5645.0,481.03653714955465,21816.74639999998,22297.78293714954,2898.0,25.0,7.0,147.0,57.0,20.0,11.0,169.0,34.0,2.0,0.0,0.0,0.0
212,93,8,2887.0,2875.0,663.0,0.0,809.0,5645.0,643.9986374255267,21420.75599999998,22064.75463742551,2898.0,25.0,7.0,147.0,57.0,20.0,11.0,169.0,34.0,2.0,0.0,0.0,0.0
212,94,8,2929.0,2906.0,619.0,0.0,788.0,5645.0,362.26671790447796,22170.91999999998,22533.186717904457,2898.0,25.0,7.0,147.0,57.0,20.0,11.0,169.0,34.0,2.0,0.0,0.0,0.0
212,95,8,2955.0,2905.0,594.0,0.0,746.0,5645.0,279.1898390031542,22433.77799999999,22712.967839003144,2898.0,25.0,7.0,147.0,57.0,20.0,11.0,169.0,34.0,2.0,0.0,0.0,0.0
212,96,9,2961.0,2977.0,610.0,0.0,760.0,5645.0,317.64586197614847,21025.366799999978,21343.01266197613,2898.0,25.0,7.0,147.0,57.0,20.0,11.0,169.0,34.0,2.0,0.0,0.0,0.0
212,97,9,2958.0,2907.0,610.0,0.0,758.0,5645.0,564.3525881991034,23368.510399999974,23932.862988199075,2898.0,25.0,7.0,147.0,57.0,20.0,11.0,169.0,34.0,2.0,0.0,0.0,0.0
212,98,9,2885.0,2875.0,612.0,0.0,753.0,5645.0,522.8840270687442,21595.170799999978,22118.054827068725,2898.0,25.0,7.0,147.0,57.0,20.0,11.0,169.0,34.0,2.0,0.0,0.0,0.0
212,99,9,2958.0,2946.0,577.0,0.0,706.0,5645.0,237.83206350719428,21490.762399999974,21728.594463507165,2898.0,25.0,7.0,147.0,57.0,20.0,11.0,169.0,34.0,2.0,0.0,0.0,0.0
212,100,9,2965.0,2932.0,605.0,0.0,756.0,5645.0,400.05397817970436,20538.46159999998,20938.515578179686,2898.0,25.0,7.0,147.0,57.0,20.0,11.0,169.0,34.0,2.0,0.0,0.0,0.0
212,101,9,2952.0,2905.0,638.0,0.0,768.0,5645.0,444.86468314010756,23930.96639999997,24375.83108314007,2898.0,25.0,7.0,147.0,57.0,20.0,11.0,169.0,34.0,2.0,0.0,0.0,0.0
212,102,9,2993.0,2966.0,594.0,0.0,706.0,5645.0,564.7198899664597,23284.008399999977,23848.72828996644,2898.0,25.0,7.0,147.0,57.0,20.0,11.0,169.0,34.0,2.0,0.0,0.0,0.0
212,103,9,2930.0,2920.0,626.0,0.0,781.0,5645.0,444.90327971813497,24248.26639999997,24693.169679718107,2898.0,25.0,7.0,147.0,57.0,20.0,11.0,169.0,34.0,2.0,0.0,0.0,0.0
212,104,9,3005.0,2966.0,638.0,0.0,785.0,5645.0,685.223971623925,23607.98839999998,24293.212371623904,2898.0,25.0,7.0,147.0,57.0,20.0,11.0,169.0,34.0,2.0,0.0,0.0,0.0
212,105,9,2986.0,2994.0,649.0,0.0,785.0,5645.0,643.5701180768893,21609.198799999984,22252.768918076876,2898.0,25.0,7.0,147.0,57.0,20.0,11.0,169.0,34.0,2.0,0.0,0.0,0.0
212,106,9,2942.0,2904.0,631.0,0.0,725.0,5645.0,606.5709674437555,22242.19559999998,22848.766567443738,2898.0,25.0,7.0,147.0,57.0,20.0,11.0,169.0,34.0,2.0,0.0,0.0,0.0
212,107,9,2862.0,2873.0,622.0,0.0,771.0,5645.0,563.9337987588985,20521.29399999999,21085.227798758886,2898.0,25.0,7.0,147.0,57.0,20.0,11.0,169.0,34.0,2.0,0.0,0.0,0.0
212,108,10,2920.0,2885.0,634.0,0.0,790.0,5645.0,643.0196333064696,19371.86639999999,20014.88603330646,2898.0,25.0,7.0,147.0,57.0,20.0,11.0,169.0,34.0,2.0,0.0,0.0,0.0
212,109,10,2950.0,2890.0,615.0,0.0,754.0,5645.0,808.8327515952035,21943.73319999997,22752.565951595174,2898.0,25.0,7.0,147.0,57.0,20.0,11.0,169.0,34.0,2.0,0.0,0.0,0.0
212,110,10,2831.0,2905.0,592.0,0.0,765.0,5645.0,318.763544511524,21916.411999999986,22235.175544511512,2898.0,25.0,7.0,147.0,57.0,20.0,11.0,169.0,34.0,2.0,0.0,0.0,0.0
212,111,10,2950.0,2911.0,628.0,0.0,697.0,5645.0,437.3736142203235,21666.379599999986,22103.75321422031,2898.0,25.0,7.0,147.0,57.0,20.0,11.0,169.0,34.0,2.0,0.0,0.0,0.0
212,112,10,2974.0,2932.0,635.0,0.0,764.0,5645.0,480.1875043624794,21514.476399999985,21994.663904362464,2898.0,25.0,7.0,147.0,57.0,20.0,11.0,169.0,34.0,2.0,0.0,0.0,0.0
212,113,10,2879.0,2826.0,652.0,0.0,764.0,5645.0,238.22624543018844,21655.29079999998,21893.51704543017,2898.0,25.0,7.0,147.0,57.0,20.0,11.0,169.0,34.0,2.0,0.0,0.0,0.0
212,114,10,2919.0,2867.0,652.0,0.0,772.0,5645.0,319.50575769926155,22275.395199999963,22594.90095769923,2898.0,25.0,7.0,147.0,57.0,20.0,11.0,169.0,34.0,2.0,0.0,0.0,0.0
212,115,10,2972.0,2908.0,635.0,0.0,770.0,5645.0,523.9778681098627,19804.730399999993,20328.708268109855,2898.0,25.0,7.0,147.0,57.0,20.0,11.0,169.0,34.0,2.0,0.0,0.0,0.0
212,116,10,2893.0,2850.0,619.0,0.0,677.0,5645.0,359.8409458810844,23045.465599999978,23405.306545881063,2898.0,25.0,7.0,147.0,57.0,20.0,11.0,169.0,34.0,2.0,0.0,0.0,0.0
212,117,10,2904.0,2895.0,601.0,0.0,789.0,5645.0,646.1134337983965,21070.52359999998,21716.637033798375,2898.0,25.0,7.0,147.0,57.0,20.0,11.0,169.0,34.0,2.0,0.0,0.0,0.0
212,118,10,2885.0,2915.0,585.0,0.0,766.0,5645.0,846.2122819231986,20666.0496,21512.261881923194,2898.0,25.0,7.0,147.0,57.0,20.0,11.0,169.0,34.0,2.0,0.0,0.0,0.0
212,119,10,2945.0,2876.0,624.0,0.0,763.0,5645.0,400.9660179491111,20991.76639999998,21392.732417949093,2898.0,25.0,7.0,147.0,57.0,20.0,11.0,169.0,34.0,2.0,0.0,0.0,0.0
213,0,1,2864.0,2869.0,628.0,0.0,735.0,5645.0,318.9590673525688,20060.373999999978,20379.333067352545,2898.0,25.0,7.0,147.0,57.0,20.0,11.0,169.0,34.0,2.0,0.0,0.0,0.0
213,1,1,2945.0,2827.0,657.0,0.0,720.0,5645.0,357.6881318647038,22014.741599999972,22372.429731864675,2898.0,25.0,7.0,147.0,57.0,20.0,11.0,169.0,34.0,2.0,0.0,0.0,0.0
213,2,1,2916.0,2894.0,651.0,0.0,724.0,5645.0,279.17399223104644,20940.664399999972,21219.83839223102,2898.0,25.0,7.0,147.0,57.0,20.0,11.0,169.0,34.0,2.0,0.0,0.0,0.0
213,3,1,2876.0,2872.0,618.0,0.0,741.0,5645.0,400.20148167845946,20192.237199999985,20592.438681678446,2898.0,25.0,7.0,147.0,57.0,20.0,11.0,169.0,34.0,2.0,0.0,0.0,0.0
213,4,1,2896.0,2904.0,615.0,0.0,751.0,5645.0,35.46662420751851,20588.89559999999,20624.36222420751,2898.0,25.0,7.0,147.0,57.0,20.0,11.0,169.0,34.0,2.0,0.0,0.0,0.0
213,5,1,2981.0,2911.0,632.0,0.0,746.0,5645.0,439.88676738845925,19509.80839999999,19949.695167388447,2898.0,25.0,7.0,147.0,57.0,20.0,11.0,169.0,34.0,2.0,0.0,0.0,0.0
213,6,1,2904.0,2859.0,586.0,0.0,717.0,5645.0,278.7861763450554,20735.38799999998,21014.174176345037,2898.0,25.0,7.0,147.0,57.0,20.0,11.0,169.0,34.0,2.0,0.0,0.0,0.0
213,7,1,2938.0,2925.0,611.0,0.0,755.0,5645.0,441.11474391222634,20544.47359999998,20985.588343912208,2898.0,25.0,7.0,147.0,57.0,20.0,11.0,169.0,34.0,2.0,0.0,0.0,0.0
213,8,1,2889.0,2848.0,632.0,0.0,768.0,5645.0,358.8885927931103,22236.383999999973,22595.272592793088,2898.0,25.0,7.0,147.0,57.0,20.0,11.0,169.0,34.0,2.0,0.0,0.0,0.0
213,9,1,2942.0,2839.0,654.0,0.0,743.0,5645.0,561.8354427526722,21191.164399999987,21752.99984275266,2898.0,25.0,7.0,147.0,57.0,20.0,11.0,169.0,34.0,2.0,0.0,0.0,0.0
213,10,1,2927.0,2896.0,651.0,0.0,752.0,5645.0,479.37681617180306,20569.790799999977,21049.167616171784,2898.0,25.0,7.0,147.0,57.0,20.0,11.0,169.0,34.0,2.0,0.0,0.0,0.0
213,11,1,2893.0,2886.0,620.0,0.0,783.0,5645.0,277.4946517708186,20921.759999999977,21199.254651770792,2898.0,25.0,7.0,147.0,57.0,20.0,11.0,169.0,34.0,2.0,0.0,0.0,0.0
213,12,2,2881.0,2845.0,622.0,0.0,753.0,5645.0,235.10079972093513,19148.353599999988,19383.454399720922,2898.0,25.0,7.0,147.0,57.0,20.0,11.0,169.0,34.0,2.0,0.0,0.0,0.0
213,13,2,2988.0,2845.0,673.0,0.0,768.0,5645.0,319.58103844159007,21919.35119999998,22238.93223844157,2898.0,25.0,7.0,147.0,57.0,20.0,11.0,169.0,34.0,2.0,0.0,0.0,0.0
213,14,2,2862.0,2878.0,643.0,0.0,768.0,5645.0,157.14982883470424,21028.305999999968,21185.455828834674,2898.0,25.0,7.0,147.0,57.0,20.0,11.0,169.0,34.0,2.0,0.0,0.0,0.0
213,15,2,2886.0,2888.0,612.0,0.0,785.0,5645.0,480.8853995870004,21141.999599999974,21622.884999586975,2898.0,25.0,7.0,147.0,57.0,20.0,11.0,169.0,34.0,2.0,0.0,0.0,0.0
213,16,2,2916.0,2860.0,640.0,0.0,761.0,5645.0,360.59670353266637,21400.649199999974,21761.24590353264,2898.0,25.0,7.0,147.0,57.0,20.0,11.0,169.0,34.0,2.0,0.0,0.0,0.0
213,17,2,2913.0,2912.0,643.0,0.0,769.0,5645.0,440.40903375156586,22885.212399999986,23325.621433751552,2898.0,25.0,7.0,147.0,57.0,20.0,11.0,169.0,34.0,2.0,0.0,0.0,0.0
213,18,2,2959.0,2911.0,637.0,0.0,736.0,5645.0,399.7765078652119,20264.514799999983,20664.291307865195,2898.0,25.0,7.0,147.0,57.0,20.0,11.0,169.0,34.0,2.0,0.0,0.0,0.0
213,19,2,2954.0,2907.0,613.0,0.0,761.0,5645.0,442.27573450922523,22402.114799999974,22844.390534509203,2898.0,25.0,7.0,147.0,57.0,20.0,11.0,169.0,34.0,2.0,0.0,0.0,0.0
213,20,2,2909.0,2889.0,613.0,0.0,794.0,5645.0,399.5191629291867,21719.351999999984,22118.871162929172,2898.0,25.0,7.0,147.0,57.0,20.0,11.0,169.0,34.0,2.0,0.0,0.0,0.0
213,21,2,2959.0,2893.0,623.0,0.0,717.0,5645.0,441.4777990505278,21233.18159999998,21674.65939905051,2898.0,25.0,7.0,147.0,57.0,20.0,11.0,169.0,34.0,2.0,0.0,0.0,0.0
213,22,2,2981.0,2967.0,604.0,0.0,764.0,5645.0,399.95244158661524,20118.289599999986,20518.2420415866,2898.0,25.0,7.0,147.0,57.0,20.0,11.0,169.0,34.0,2.0,0.0,0.0,0.0
213,23,2,2912.0,2870.0,658.0,0.0,778.0,5645.0,400.4056882632286,23314.135199999975,23714.540888263204,2898.0,25.0,7.0,147.0,57.0,20.0,11.0,169.0,34.0,2.0,0.0,0.0,0.0
213,24,3,2976.0,2894.0,674.0,0.0,735.0,5645.0,318.79945267603347,20751.55359999998,21070.353052676015,2898.0,25.0,7.0,147.0,57.0,20.0,11.0,169.0,34.0,2.0,0.0,0.0,0.0
213,25,3,2838.0,2822.0,631.0,0.0,755.0,5645.0,399.78078812587154,20718.95519999999,21118.735988125856,2898.0,25.0,7.0,147.0,57.0,20.0,11.0,169.0,34.0,2.0,0.0,0.0,0.0
213,26,3,2870.0,2895.0,637.0,0.0,783.0,5645.0,480.54507881890913,20743.871599999984,21224.416678818892,2898.0,25.0,7.0,147.0,57.0,20.0,11.0,169.0,34.0,2.0,0.0,0.0,0.0
213,27,3,2911.0,2843.0,658.0,0.0,716.0,5645.0,195.58000195228468,21337.723599999983,21533.303601952273,2898.0,25.0,7.0,147.0,57.0,20.0,11.0,169.0,34.0,2.0,0.0,0.0,0.0
213,28,3,2895.0,2846.0,611.0,0.0,702.0,5645.0,196.05233469012788,20814.345599999975,21010.3979346901,2898.0,25.0,7.0,147.0,57.0,20.0,11.0,169.0,34.0,2.0,0.0,0.0,0.0
213,29,3,2923.0,2900.0,615.0,0.0,776.0,5645.0,278.69219413265193,20790.76519999998,21069.45739413263,2898.0,25.0,7.0,147.0,57.0,20.0,11.0,169.0,34.0,2.0,0.0,0.0,0.0
213,30,3,2869.0,2933.0,589.0,0.0,755.0,5645.0,278.1853025066596,19177.077599999993,19455.262902506653,2898.0,25.0,7.0,147.0,57.0,20.0,11.0,169.0,34.0,2.0,0.0,0.0,0.0
213,31,3,2840.0,2824.0,626.0,0.0,767.0,5645.0,316.8435747457638,21357.69679999998,21674.540374745742,2898.0,25.0,7.0,147.0,57.0,20.0,11.0,169.0,34.0,2.0,0.0,0.0,0.0
213,32,3,2839.0,2842.0,615.0,0.0,754.0,5645.0,357.8910278113397,22842.259999999966,23200.151027811306,2898.0,25.0,7.0,147.0,57.0,20.0,11.0,169.0,34.0,2.0,0.0,0.0,0.0
213,33,3,2890.0,2903.0,591.0,0.0,694.0,5645.0,198.161650777544,21062.641199999976,21260.802850777527,2898.0,25.0,7.0,147.0,57.0,20.0,11.0,169.0,34.0,2.0,0.0,0.0,0.0
213,34,3,2935.0,2954.0,590.0,0.0,740.0,5645.0,480.55553584948024,20904.725999999984,21385.281535849466,2898.0,25.0,7.0,147.0,57.0,20.0,11.0,169.0,34.0,2.0,0.0,0.0,0.0
213,35,3,2948.0,2852.0,688.0,0.0,772.0,5645.0,196.63256583244728,21143.135199999975,21339.76776583242,2898.0,25.0,7.0,147.0,57.0,20.0,11.0,169.0,34.0,2.0,0.0,0.0,0.0
213,36,4,2938.0,2925.0,612.0,0.0,767.0,5645.0,238.74113602012238,19120.030399999985,19358.771536020107,2898.0,25.0,7.0,147.0,57.0,20.0,11.0,169.0,34.0,2.0,0.0,0.0,0.0
213,37,4,2936.0,2848.0,627.0,0.0,754.0,5645.0,276.3406995823075,22109.397199999974,22385.73789958228,2898.0,25.0,7.0,147.0,57.0,20.0,11.0,169.0,34.0,2.0,0.0,0.0,0.0
213,38,4,2865.0,2876.0,629.0,0.0,747.0,5645.0,317.7535210321059,21007.531199999976,21325.284721032083,2898.0,25.0,7.0,147.0,57.0,20.0,11.0,169.0,34.0,2.0,0.0,0.0,0.0
213,39,4,2939.0,2944.0,631.0,0.0,778.0,5645.0,317.9730964387929,21321.49119999998,21639.46429643877,2898.0,25.0,7.0,147.0,57.0,20.0,11.0,169.0,34.0,2.0,0.0,0.0,0.0
213,40,4,2875.0,2848.0,656.0,0.0,754.0,5645.0,521.7099389934997,20800.317599999973,21322.027538993472,2898.0,25.0,7.0,147.0,57.0,20.0,11.0,169.0,34.0,2.0,0.0,0.0,0.0
213,41,4,2886.0,2848.0,626.0,0.0,733.0,5645.0,480.3196052318492,20365.24919999998,20845.56880523183,2898.0,25.0,7.0,147.0,57.0,20.0,11.0,169.0,34.0,2.0,0.0,0.0,0.0
213,42,4,2853.0,2873.0,619.0,0.0,764.0,5645.0,480.7328372151379,20979.942799999983,21460.675637215125,2898.0,25.0,7.0,147.0,57.0,20.0,11.0,169.0,34.0,2.0,0.0,0.0,0.0
213,43,4,2853.0,2840.0,669.0,0.0,756.0,5645.0,441.575695415072,20252.891599999984,20694.467295415052,2898.0,25.0,7.0,147.0,57.0,20.0,11.0,169.0,34.0,2.0,0.0,0.0,0.0
213,44,4,2967.0,2913.0,677.0,0.0,752.0,5645.0,398.19687445711486,20444.407199999976,20842.604074457093,2898.0,25.0,7.0,147.0,57.0,20.0,11.0,169.0,34.0,2.0,0.0,0.0,0.0
213,45,4,2950.0,2904.0,663.0,0.0,791.0,5645.0,439.0949098079054,21862.771599999967,22301.866509807875,2898.0,25.0,7.0,147.0,57.0,20.0,11.0,169.0,34.0,2.0,0.0,0.0,0.0
213,46,4,2917.0,2957.0,576.0,0.0,693.0,5645.0,561.0873845164464,21364.911199999973,21925.998584516416,2898.0,25.0,7.0,147.0,57.0,20.0,11.0,169.0,34.0,2.0,0.0,0.0,0.0
213,47,4,2975.0,2890.0,683.0,0.0,782.0,5645.0,397.2053661638,20247.54759999998,20644.75296616378,2898.0,25.0,7.0,147.0,57.0,20.0,11.0,169.0,34.0,2.0,0.0,0.0,0.0
213,48,5,2885.0,2809.0,625.0,0.0,715.0,5645.0,481.748470647063,19799.920799999993,20281.669270647057,2898.0,25.0,7.0,147.0,57.0,20.0,11.0,169.0,34.0,2.0,0.0,0.0,0.0
213,49,5,2932.0,2970.0,608.0,0.0,724.0,5645.0,278.98466879781563,20148.015599999973,20427.00026879779,2898.0,25.0,7.0,147.0,57.0,20.0,11.0,169.0,34.0,2.0,0.0,0.0,0.0
213,50,5,2894.0,2933.0,642.0,0.0,757.0,5645.0,440.5595556274199,19650.35559999998,20090.915155627397,2898.0,25.0,7.0,147.0,57.0,20.0,11.0,169.0,34.0,2.0,0.0,0.0,0.0
213,51,5,2951.0,2889.0,679.0,0.0,738.0,5645.0,196.97599875997568,19420.69719999998,19617.673198759956,2898.0,25.0,7.0,147.0,57.0,20.0,11.0,169.0,34.0,2.0,0.0,0.0,0.0
213,52,5,2901.0,2893.0,649.0,0.0,759.0,5645.0,521.5018756807549,20762.107999999982,21283.609875680737,2898.0,25.0,7.0,147.0,57.0,20.0,11.0,169.0,34.0,2.0,0.0,0.0,0.0
213,53,5,2912.0,2853.0,660.0,0.0,831.0,5645.0,280.6927259553312,20962.507999999973,21243.200725955303,2898.0,25.0,7.0,147.0,57.0,20.0,11.0,169.0,34.0,2.0,0.0,0.0,0.0
213,54,5,2866.0,2862.0,631.0,0.0,735.0,5645.0,439.2838888893599,21129.97559999998,21569.259488889336,2898.0,25.0,7.0,147.0,57.0,20.0,11.0,169.0,34.0,2.0,0.0,0.0,0.0
213,55,5,2973.0,2959.0,660.0,0.0,777.0,5645.0,237.9471644068478,21331.711599999988,21569.658764406835,2898.0,25.0,7.0,147.0,57.0,20.0,11.0,169.0,34.0,2.0,0.0,0.0,0.0
213,56,5,2934.0,2891.0,638.0,0.0,759.0,5645.0,196.51683569031255,21504.790399999983,21701.3072356903,2898.0,25.0,7.0,147.0,57.0,20.0,11.0,169.0,34.0,2.0,0.0,0.0,0.0
213,57,5,2903.0,2855.0,647.0,0.0,766.0,5645.0,359.2327122577131,19134.926799999972,19494.159512257684,2898.0,25.0,7.0,147.0,57.0,20.0,11.0,169.0,34.0,2.0,0.0,0.0,0.0
213,58,5,2938.0,2902.0,620.0,0.0,733.0,5645.0,480.09066408153666,21660.501199999973,22140.59186408151,2898.0,25.0,7.0,147.0,57.0,20.0,11.0,169.0,34.0,2.0,0.0,0.0,0.0
213,59,5,2888.0,2895.0,648.0,0.0,794.0,5645.0,442.0295309832322,21310.669599999972,21752.699130983205,2898.0,25.0,7.0,147.0,57.0,20.0,11.0,169.0,34.0,2.0,0.0,0.0,0.0
213,60,6,2897.0,2791.0,619.0,0.0,720.0,5645.0,358.2309598916805,19370.663999999982,19728.894959891666,2898.0,25.0,7.0,147.0,57.0,20.0,11.0,169.0,34.0,2.0,0.0,0.0,0.0
213,61,6,2959.0,2963.0,634.0,0.0,782.0,5645.0,275.2970307668096,21701.78359999998,21977.08063076679,2898.0,25.0,7.0,147.0,57.0,20.0,11.0,169.0,34.0,2.0,0.0,0.0,0.0
213,62,6,2927.0,2845.0,645.0,0.0,734.0,5645.0,315.5453055719814,19649.153199999982,19964.698505571963,2898.0,25.0,7.0,147.0,57.0,20.0,11.0,169.0,34.0,2.0,0.0,0.0,0.0
213,63,6,2881.0,2916.0,609.0,0.0,767.0,5645.0,438.9732317384298,21102.320399999968,21541.2936317384,2898.0,25.0,7.0,147.0,57.0,20.0,11.0,169.0,34.0,2.0,0.0,0.0,0.0
213,64,6,2887.0,2835.0,638.0,0.0,750.0,5645.0,319.05197147122794,20170.86119999998,20489.91317147121,2898.0,25.0,7.0,147.0,57.0,20.0,11.0,169.0,34.0,2.0,0.0,0.0,0.0
213,65,6,2869.0,2850.0,633.0,0.0,754.0,5645.0,479.0494625380818,20303.525999999983,20782.57546253806,2898.0,25.0,7.0,147.0,57.0,20.0,11.0,169.0,34.0,2.0,0.0,0.0,0.0
213,66,6,2921.0,2856.0,669.0,0.0,777.0,5645.0,439.3554315876746,20452.089199999984,20891.44463158766,2898.0,25.0,7.0,147.0,57.0,20.0,11.0,169.0,34.0,2.0,0.0,0.0,0.0
213,67,6,2936.0,2912.0,626.0,0.0,746.0,5645.0,562.4023062416219,21017.68479999998,21580.087106241597,2898.0,25.0,7.0,147.0,57.0,20.0,11.0,169.0,34.0,2.0,0.0,0.0,0.0
213,68,6,2847.0,2846.0,624.0,0.0,758.0,5645.0,318.3139265350287,22967.84399999997,23286.157926534994,2898.0,25.0,7.0,147.0,57.0,20.0,11.0,169.0,34.0,2.0,0.0,0.0,0.0
213,69,6,2935.0,2906.0,632.0,0.0,794.0,5645.0,682.8792393122742,21459.299599999977,22142.178839312255,2898.0,25.0,7.0,147.0,57.0,20.0,11.0,169.0,34.0,2.0,0.0,0.0,0.0
213,70,6,2927.0,2826.0,647.0,0.0,771.0,5645.0,479.5248585155852,21663.373599999974,22142.898458515556,2898.0,25.0,7.0,147.0,57.0,20.0,11.0,169.0,34.0,2.0,0.0,0.0,0.0
213,71,6,2920.0,2870.0,628.0,0.0,733.0,5645.0,439.4290621279396,21585.81879999997,22025.24786212791,2898.0,25.0,7.0,147.0,57.0,20.0,11.0,169.0,34.0,2.0,0.0,0.0,0.0
213,72,7,2895.0,2906.0,583.0,0.0,728.0,5645.0,276.13180451491644,20479.209999999977,20755.341804514894,2898.0,25.0,7.0,147.0,57.0,20.0,11.0,169.0,34.0,2.0,0.0,0.0,0.0
213,73,7,2917.0,2932.0,596.0,0.0,751.0,5645.0,319.9554317317242,21553.55439999998,21873.509831731702,2898.0,25.0,7.0,147.0,57.0,20.0,11.0,169.0,34.0,2.0,0.0,0.0,0.0
213,74,7,2854.0,2862.0,585.0,0.0,750.0,5645.0,403.38658798716153,20978.606799999976,21381.99338798714,2898.0,25.0,7.0,147.0,57.0,20.0,11.0,169.0,34.0,2.0,0.0,0.0,0.0
213,75,7,2960.0,2902.0,646.0,0.0,735.0,5645.0,645.375321978832,21783.747199999976,22429.122521978807,2898.0,25.0,7.0,147.0,57.0,20.0,11.0,169.0,34.0,2.0,0.0,0.0,0.0
213,76,7,2934.0,2937.0,643.0,0.0,817.0,5645.0,521.2616051351556,20654.225999999977,21175.487605135135,2898.0,25.0,7.0,147.0,57.0,20.0,11.0,169.0,34.0,2.0,0.0,0.0,0.0
213,77,7,2901.0,2789.0,670.0,0.0,725.0,5645.0,524.0526934810559,20724.83359999999,21248.88629348105,2898.0,25.0,7.0,147.0,57.0,20.0,11.0,169.0,34.0,2.0,0.0,0.0,0.0
213,78,7,2855.0,2886.0,615.0,0.0,751.0,5645.0,319.0036922955444,22975.859999999986,23294.863692295527,2898.0,25.0,7.0,147.0,57.0,20.0,11.0,169.0,34.0,2.0,0.0,0.0,0.0
213,79,7,2922.0,2927.0,634.0,0.0,788.0,5645.0,401.3866660554095,21893.365999999984,22294.752666055396,2898.0,25.0,7.0,147.0,57.0,20.0,11.0,169.0,34.0,2.0,0.0,0.0,0.0
213,80,7,2908.0,2868.0,636.0,0.0,739.0,5645.0,480.05691940372094,20921.42599999998,21401.4829194037,2898.0,25.0,7.0,147.0,57.0,20.0,11.0,169.0,34.0,2.0,0.0,0.0,0.0
213,81,7,2911.0,2856.0,653.0,0.0,733.0,5645.0,194.59513644216173,21983.61279999998,22178.207936442144,2898.0,25.0,7.0,147.0,57.0,20.0,11.0,169.0,34.0,2.0,0.0,0.0,0.0
213,82,7,2944.0,2918.0,666.0,0.0,789.0,5645.0,481.9244495191715,20674.46639999999,21156.390849519164,2898.0,25.0,7.0,147.0,57.0,20.0,11.0,169.0,34.0,2.0,0.0,0.0,0.0
213,83,7,2903.0,2888.0,620.0,0.0,748.0,5645.0,643.6342581575154,20128.97759999998,20772.611858157496,2898.0,25.0,7.0,147.0,57.0,20.0,11.0,169.0,34.0,2.0,0.0,0.0,0.0
213,84,8,2923.0,2866.0,655.0,0.0,724.0,5645.0,198.18140804177847,20461.040399999976,20659.221808041755,2898.0,25.0,7.0,147.0,57.0,20.0,11.0,169.0,34.0,2.0,0.0,0.0,0.0
213,85,8,2888.0,2884.0,643.0,0.0,762.0,5645.0,439.8109135558825,20735.72199999998,21175.532913555864,2898.0,25.0,7.0,147.0,57.0,20.0,11.0,169.0,34.0,2.0,0.0,0.0,0.0
213,86,8,2969.0,2892.0,665.0,0.0,763.0,5645.0,478.49766063787246,20214.414799999977,20692.912460637846,2898.0,25.0,7.0,147.0,57.0,20.0,11.0,169.0,34.0,2.0,0.0,0.0,0.0
213,87,8,2876.0,2874.0,622.0,0.0,753.0,5645.0,520.3050239818515,22165.642799999983,22685.947823981835,2898.0,25.0,7.0,147.0,57.0,20.0,11.0,169.0,34.0,2.0,0.0,0.0,0.0
213,88,8,2910.0,2863.0,580.0,0.0,711.0,5645.0,481.94945840968455,21930.573599999985,22412.523058409668,2898.0,25.0,7.0,147.0,57.0,20.0,11.0,169.0,34.0,2.0,0.0,0.0,0.0
213,89,8,2871.0,2901.0,607.0,0.0,720.0,5645.0,440.9653340115251,20833.517199999977,21274.482534011502,2898.0,25.0,7.0,147.0,57.0,20.0,11.0,169.0,34.0,2.0,0.0,0.0,0.0
213,90,8,2914.0,2883.0,629.0,0.0,800.0,5645.0,237.60862615824237,21944.00039999998,22181.60902615822,2898.0,25.0,7.0,147.0,57.0,20.0,11.0,169.0,34.0,2.0,0.0,0.0,0.0
213,91,8,2900.0,2838.0,652.0,0.0,711.0,5645.0,398.4697012219703,21102.587599999977,21501.05730122195,2898.0,25.0,7.0,147.0,57.0,20.0,11.0,169.0,34.0,2.0,0.0,0.0,0.0
213,92,8,2878.0,2856.0,676.0,0.0,815.0,5645.0,520.9857853512275,20947.94559999998,21468.93138535121,2898.0,25.0,7.0,147.0,57.0,20.0,11.0,169.0,34.0,2.0,0.0,0.0,0.0
213,93,8,2913.0,2877.0,636.0,0.0,787.0,5645.0,319.91272229965415,21718.149599999975,22038.06232229963,2898.0,25.0,7.0,147.0,57.0,20.0,11.0,169.0,34.0,2.0,0.0,0.0,0.0
213,94,8,2940.0,2884.0,606.0,0.0,747.0,5645.0,235.87086206741247,21149.881999999987,21385.7528620674,2898.0,25.0,7.0,147.0,57.0,20.0,11.0,169.0,34.0,2.0,0.0,0.0,0.0
213,95,8,2946.0,2939.0,634.0,0.0,775.0,5645.0,274.87215211045776,20014.94999999998,20289.82215211044,2898.0,25.0,7.0,147.0,57.0,20.0,11.0,169.0,34.0,2.0,0.0,0.0,0.0
213,96,9,2943.0,2885.0,628.0,0.0,767.0,5645.0,399.6182058206267,22388.153599999976,22787.7718058206,2898.0,25.0,7.0,147.0,57.0,20.0,11.0,169.0,34.0,2.0,0.0,0.0,0.0
213,97,9,2871.0,2834.0,644.0,0.0,760.0,5645.0,358.2538418498662,21233.849599999976,21592.10344184984,2898.0,25.0,7.0,147.0,57.0,20.0,11.0,169.0,34.0,2.0,0.0,0.0,0.0
213,98,9,2938.0,2905.0,602.0,0.0,712.0,5645.0,113.33037862312648,19910.274399999977,20023.604778623103,2898.0,25.0,7.0,147.0,57.0,20.0,11.0,169.0,34.0,2.0,0.0,0.0,0.0
213,99,9,2957.0,2913.0,623.0,0.0,749.0,5645.0,356.89299549792423,19338.66679999998,19695.559795497902,2898.0,25.0,7.0,147.0,57.0,20.0,11.0,169.0,34.0,2.0,0.0,0.0,0.0
213,100,9,2936.0,2880.0,652.0,0.0,752.0,5645.0,197.78557530352734,21934.38119999997,22132.166775303496,2898.0,25.0,7.0,147.0,57.0,20.0,11.0,169.0,34.0,2.0,0.0,0.0,0.0
213,101,9,2970.0,2924.0,620.0,0.0,701.0,5645.0,399.6063213501544,22153.75239999998,22553.358721350134,2898.0,25.0,7.0,147.0,57.0,20.0,11.0,169.0,34.0,2.0,0.0,0.0,0.0
213,102,9,2913.0,2893.0,644.0,0.0,775.0,5645.0,320.68977607652243,23592.49079999997,23913.1805760765,2898.0,25.0,7.0,147.0,57.0,20.0,11.0,169.0,34.0,2.0,0.0,0.0,0.0
213,103,9,2994.0,2938.0,659.0,0.0,787.0,5645.0,317.6763221006663,22556.957199999983,22874.63352210065,2898.0,25.0,7.0,147.0,57.0,20.0,11.0,169.0,34.0,2.0,0.0,0.0,0.0
213,104,9,2970.0,2989.0,643.0,0.0,763.0,5645.0,481.06848494402334,21583.14679999998,22064.215284944003,2898.0,25.0,7.0,147.0,57.0,20.0,11.0,169.0,34.0,2.0,0.0,0.0,0.0
213,105,9,2926.0,2865.0,662.0,0.0,738.0,5645.0,522.7620706976127,22029.370799999982,22552.132870697595,2898.0,25.0,7.0,147.0,57.0,20.0,11.0,169.0,34.0,2.0,0.0,0.0,0.0
213,106,9,2849.0,2847.0,639.0,0.0,773.0,5645.0,236.65599840367895,19225.240399999984,19461.896398403664,2898.0,25.0,7.0,147.0,57.0,20.0,11.0,169.0,34.0,2.0,0.0,0.0,0.0
213,107,9,2907.0,2850.0,659.0,0.0,790.0,5645.0,439.76768847211247,18410.34719999999,18850.114888472104,2898.0,25.0,7.0,147.0,57.0,20.0,11.0,169.0,34.0,2.0,0.0,0.0,0.0
213,108,10,2940.0,2866.0,632.0,0.0,788.0,5645.0,524.5246865908663,19617.155999999974,20141.680686590837,2898.0,25.0,7.0,147.0,57.0,20.0,11.0,169.0,34.0,2.0,0.0,0.0,0.0
213,109,10,2810.0,2867.0,614.0,0.0,768.0,5645.0,277.3840069908068,21229.707999999984,21507.09200699079,2898.0,25.0,7.0,147.0,57.0,20.0,11.0,169.0,34.0,2.0,0.0,0.0,0.0
213,110,10,2930.0,2864.0,660.0,0.0,727.0,5645.0,314.48889895409616,20758.634399999977,21073.123298954073,2898.0,25.0,7.0,147.0,57.0,20.0,11.0,169.0,34.0,2.0,0.0,0.0,0.0
213,111,10,2948.0,2897.0,659.0,0.0,762.0,5645.0,396.93775799371076,20640.732399999986,21037.670157993696,2898.0,25.0,7.0,147.0,57.0,20.0,11.0,169.0,34.0,2.0,0.0,0.0,0.0
213,112,10,2859.0,2834.0,633.0,0.0,726.0,5645.0,521.2568600690477,20081.68319999998,20602.940060069028,2898.0,25.0,7.0,147.0,57.0,20.0,11.0,169.0,34.0,2.0,0.0,0.0,0.0
213,113,10,2902.0,2839.0,670.0,0.0,763.0,5645.0,358.8168101374313,21325.766399999968,21684.5832101374,2898.0,25.0,7.0,147.0,57.0,20.0,11.0,169.0,34.0,2.0,0.0,0.0,0.0
213,114,10,2956.0,2880.0,652.0,0.0,764.0,5645.0,439.9572523868755,19078.480799999987,19518.43805238686,2898.0,25.0,7.0,147.0,57.0,20.0,11.0,169.0,34.0,2.0,0.0,0.0,0.0
213,115,10,2872.0,2814.0,646.0,0.0,699.0,5645.0,277.9709829197462,22292.495999999977,22570.466982919723,2898.0,25.0,7.0,147.0,57.0,20.0,11.0,169.0,34.0,2.0,0.0,0.0,0.0
213,116,10,2895.0,2869.0,624.0,0.0,791.0,5645.0,481.53112825305624,20324.167199999978,20805.69832825303,2898.0,25.0,7.0,147.0,57.0,20.0,11.0,169.0,34.0,2.0,0.0,0.0,0.0
213,117,10,2876.0,2870.0,623.0,0.0,784.0,5645.0,277.7609265404991,19453.295599999987,19731.056526540488,2898.0,25.0,7.0,147.0,57.0,20.0,11.0,169.0,34.0,2.0,0.0,0.0,0.0
213,118,10,2926.0,2833.0,655.0,0.0,780.0,5645.0,400.3144855211145,20683.35079999998,21083.665285521092,2898.0,25.0,7.0,147.0,57.0,20.0,11.0,169.0,34.0,2.0,0.0,0.0,0.0
213,119,10,2893.0,2874.0,615.0,0.0,760.0,5645.0,234.9096986722469,21622.692399999985,21857.602098672232,2898.0,25.0,7.0,147.0,57.0,20.0,11.0,169.0,34.0,2.0,0.0,0.0,0.0
214,0,1,2812.0,2763.0,630.0,0.0,712.0,5645.0,481.85030476242673,21736.319199999965,22218.169504762387,2898.0,25.0,7.0,147.0,57.0,20.0,11.0,169.0,34.0,2.0,0.0,0.0,0.0
214,1,1,2811.0,2849.0,635.0,0.0,715.0,5645.0,604.6512228616633,20318.288799999977,20922.94002286164,2898.0,25.0,7.0,147.0,57.0,20.0,11.0,169.0,34.0,2.0,0.0,0.0,0.0
214,2,1,2759.0,2830.0,592.0,0.0,741.0,5645.0,482.4977947536844,19473.803199999984,19956.30099475367,2898.0,25.0,7.0,147.0,57.0,20.0,11.0,169.0,34.0,2.0,0.0,0.0,0.0
214,3,1,2773.0,2864.0,582.0,0.0,721.0,5645.0,279.84793016414767,19684.423599999995,19964.271530164144,2898.0,25.0,7.0,147.0,57.0,20.0,11.0,169.0,34.0,2.0,0.0,0.0,0.0
214,4,1,2860.0,2866.0,600.0,0.0,724.0,5645.0,644.0703507770153,19782.753199999985,20426.823550777,2898.0,25.0,7.0,147.0,57.0,20.0,11.0,169.0,34.0,2.0,0.0,0.0,0.0
214,5,1,2771.0,2780.0,580.0,0.0,692.0,5645.0,439.5854203023297,19389.301199999987,19828.886620302314,2898.0,25.0,7.0,147.0,57.0,20.0,11.0,169.0,34.0,2.0,0.0,0.0,0.0
214,6,1,2828.0,2874.0,594.0,0.0,747.0,5645.0,440.55783930864925,19987.02759999998,20427.58543930863,2898.0,25.0,7.0,147.0,57.0,20.0,11.0,169.0,34.0,2.0,0.0,0.0,0.0
214,7,1,2748.0,2779.0,610.0,0.0,749.0,5645.0,364.0098569221345,22811.064399999974,23175.074256922107,2898.0,25.0,7.0,147.0,57.0,20.0,11.0,169.0,34.0,2.0,0.0,0.0,0.0
214,8,1,2815.0,2791.0,620.0,0.0,732.0,5645.0,643.7477039345566,20551.287199999984,21195.03490393454,2898.0,25.0,7.0,147.0,57.0,20.0,11.0,169.0,34.0,2.0,0.0,0.0,0.0
214,9,1,2805.0,2871.0,605.0,0.0,765.0,5645.0,643.6503141897387,19861.176399999982,20504.82671418972,2898.0,25.0,7.0,147.0,57.0,20.0,11.0,169.0,34.0,2.0,0.0,0.0,0.0
214,10,1,2766.0,2830.0,588.0,0.0,747.0,5645.0,278.78849614127233,20334.387599999976,20613.176096141247,2898.0,25.0,7.0,147.0,57.0,20.0,11.0,169.0,34.0,2.0,0.0,0.0,0.0
214,11,1,2771.0,2792.0,605.0,0.0,737.0,5645.0,684.6739859236238,19497.316799999982,20181.99078592361,2898.0,25.0,7.0,147.0,57.0,20.0,11.0,169.0,34.0,2.0,0.0,0.0,0.0
214,12,2,2881.0,2789.0,657.0,0.0,756.0,5645.0,363.04653883859226,20738.05999999998,21101.106538838572,2898.0,25.0,7.0,147.0,57.0,20.0,11.0,169.0,34.0,2.0,0.0,0.0,0.0
214,13,2,2739.0,2817.0,624.0,0.0,748.0,5645.0,198.66876736448012,20388.428799999976,20587.097567364457,2898.0,25.0,7.0,147.0,57.0,20.0,11.0,169.0,34.0,2.0,0.0,0.0,0.0
214,14,2,2780.0,2850.0,580.0,0.0,759.0,5645.0,524.1072696587278,20006.66679999998,20530.774069658706,2898.0,25.0,7.0,147.0,57.0,20.0,11.0,169.0,34.0,2.0,0.0,0.0,0.0
214,15,2,2783.0,2807.0,610.0,0.0,759.0,5645.0,566.572571518984,20819.021599999975,21385.59417151896,2898.0,25.0,7.0,147.0,57.0,20.0,11.0,169.0,34.0,2.0,0.0,0.0,0.0
214,16,2,2799.0,2897.0,592.0,0.0,702.0,5645.0,642.5852463402255,21165.379599999975,21807.9648463402,2898.0,25.0,7.0,147.0,57.0,20.0,11.0,169.0,34.0,2.0,0.0,0.0,0.0
214,17,2,2825.0,2855.0,610.0,0.0,740.0,5645.0,564.6860469589368,20414.079999999976,20978.766046958914,2898.0,25.0,7.0,147.0,57.0,20.0,11.0,169.0,34.0,2.0,0.0,0.0,0.0
214,18,2,2819.0,2839.0,592.0,0.0,749.0,5645.0,524.8380663957709,21517.68279999998,22042.520866395746,2898.0,25.0,7.0,147.0,57.0,20.0,11.0,169.0,34.0,2.0,0.0,0.0,0.0
214,19,2,2789.0,2847.0,587.0,0.0,761.0,5645.0,481.57353669344604,20285.69039999998,20767.263936693424,2898.0,25.0,7.0,147.0,57.0,20.0,11.0,169.0,34.0,2.0,0.0,0.0,0.0
214,20,2,2841.0,2848.0,588.0,0.0,710.0,5645.0,643.8555834181054,20673.33079999998,21317.186383418084,2898.0,25.0,7.0,147.0,57.0,20.0,11.0,169.0,34.0,2.0,0.0,0.0,0.0
214,21,2,2844.0,2910.0,578.0,0.0,760.0,5645.0,442.40702264263234,18900.05799999999,19342.46502264262,2898.0,25.0,7.0,147.0,57.0,20.0,11.0,169.0,34.0,2.0,0.0,0.0,0.0
214,22,2,2782.0,2812.0,635.0,0.0,767.0,5645.0,566.4172951716253,21720.086799999983,22286.504095171607,2898.0,25.0,7.0,147.0,57.0,20.0,11.0,169.0,34.0,2.0,0.0,0.0,0.0
214,23,2,2842.0,2856.0,636.0,0.0,715.0,5645.0,360.24955334631477,20283.552799999987,20643.802353346306,2898.0,25.0,7.0,147.0,57.0,20.0,11.0,169.0,34.0,2.0,0.0,0.0,0.0
214,24,3,2726.0,2766.0,611.0,0.0,734.0,5645.0,522.066731100258,20309.93879999999,20832.00553110025,2898.0,25.0,7.0,147.0,57.0,20.0,11.0,169.0,34.0,2.0,0.0,0.0,0.0
214,25,3,2745.0,2837.0,609.0,0.0,755.0,5645.0,644.4434622842417,20476.80519999999,21121.248662284233,2898.0,25.0,7.0,147.0,57.0,20.0,11.0,169.0,34.0,2.0,0.0,0.0,0.0
214,26,3,2800.0,2801.0,629.0,0.0,697.0,5645.0,442.0655832784429,20237.393999999997,20679.45958327844,2898.0,25.0,7.0,147.0,57.0,20.0,11.0,169.0,34.0,2.0,0.0,0.0,0.0
214,27,3,2773.0,2783.0,596.0,0.0,698.0,5645.0,442.0625725376706,20550.953199999974,20993.01577253765,2898.0,25.0,7.0,147.0,57.0,20.0,11.0,169.0,34.0,2.0,0.0,0.0,0.0
214,28,3,2796.0,2855.0,578.0,0.0,750.0,5645.0,360.8109848506176,20336.725599999972,20697.536584850593,2898.0,25.0,7.0,147.0,57.0,20.0,11.0,169.0,34.0,2.0,0.0,0.0,0.0
214,29,3,2756.0,2876.0,575.0,0.0,748.0,5645.0,522.449183697122,19344.144399999994,19866.593583697115,2898.0,25.0,7.0,147.0,57.0,20.0,11.0,169.0,34.0,2.0,0.0,0.0,0.0
214,30,3,2711.0,2762.0,605.0,0.0,742.0,5645.0,480.8454792987876,20780.14399999998,21260.98947929877,2898.0,25.0,7.0,147.0,57.0,20.0,11.0,169.0,34.0,2.0,0.0,0.0,0.0
214,31,3,2711.0,2782.0,596.0,0.0,730.0,5645.0,521.9595848712947,22425.361199999978,22947.32078487127,2898.0,25.0,7.0,147.0,57.0,20.0,11.0,169.0,34.0,2.0,0.0,0.0,0.0
214,32,3,2756.0,2844.0,557.0,0.0,691.0,5645.0,401.74924214147137,21538.858399999976,21940.607642141447,2898.0,25.0,7.0,147.0,57.0,20.0,11.0,169.0,34.0,2.0,0.0,0.0,0.0
214,33,3,2805.0,2905.0,559.0,0.0,720.0,5645.0,643.6739724645145,20715.615199999982,21359.2891724645,2898.0,25.0,7.0,147.0,57.0,20.0,11.0,169.0,34.0,2.0,0.0,0.0,0.0
214,34,3,2841.0,2829.0,650.0,0.0,747.0,5645.0,239.3768522089475,19668.99279999998,19908.36965220893,2898.0,25.0,7.0,147.0,57.0,20.0,11.0,169.0,34.0,2.0,0.0,0.0,0.0
214,35,3,2823.0,2875.0,588.0,0.0,767.0,5645.0,562.9531003277107,20097.982399999975,20660.93550032769,2898.0,25.0,7.0,147.0,57.0,20.0,11.0,169.0,34.0,2.0,0.0,0.0,0.0
214,36,4,2809.0,2787.0,598.0,0.0,748.0,5645.0,561.1394906084637,21706.59319999998,22267.73269060845,2898.0,25.0,7.0,147.0,57.0,20.0,11.0,169.0,34.0,2.0,0.0,0.0,0.0
214,37,4,2738.0,2816.0,598.0,0.0,713.0,5645.0,523.2067219711676,20325.770399999976,20848.977121971144,2898.0,25.0,7.0,147.0,57.0,20.0,11.0,169.0,34.0,2.0,0.0,0.0,0.0
214,38,4,2819.0,2895.0,603.0,0.0,753.0,5645.0,401.0176151016809,20489.43039999999,20890.448015101676,2898.0,25.0,7.0,147.0,57.0,20.0,11.0,169.0,34.0,2.0,0.0,0.0,0.0
214,39,4,2757.0,2806.0,627.0,0.0,727.0,5645.0,562.8167798731133,19718.82559999997,20281.64237987309,2898.0,25.0,7.0,147.0,57.0,20.0,11.0,169.0,34.0,2.0,0.0,0.0,0.0
214,40,4,2765.0,2790.0,601.0,0.0,721.0,5645.0,563.1452281415787,20082.551599999988,20645.696828141565,2898.0,25.0,7.0,147.0,57.0,20.0,11.0,169.0,34.0,2.0,0.0,0.0,0.0
214,41,4,2704.0,2810.0,590.0,0.0,725.0,5645.0,726.4606520565817,20319.891999999985,21046.35265205657,2898.0,25.0,7.0,147.0,57.0,20.0,11.0,169.0,34.0,2.0,0.0,0.0,0.0
214,42,4,2698.0,2811.0,598.0,0.0,712.0,5645.0,522.9085863560679,20983.616799999985,21506.52538635605,2898.0,25.0,7.0,147.0,57.0,20.0,11.0,169.0,34.0,2.0,0.0,0.0,0.0
214,43,4,2833.0,2848.0,649.0,0.0,736.0,5645.0,724.7438485118454,18721.701999999983,19446.44584851183,2898.0,25.0,7.0,147.0,57.0,20.0,11.0,169.0,34.0,2.0,0.0,0.0,0.0
214,44,4,2821.0,2852.0,633.0,0.0,767.0,5645.0,481.71739623343245,20581.681199999977,21063.398596233408,2898.0,25.0,7.0,147.0,57.0,20.0,11.0,169.0,34.0,2.0,0.0,0.0,0.0
214,45,4,2776.0,2890.0,559.0,0.0,689.0,5645.0,726.3223279695644,20676.336799999972,21402.659127969535,2898.0,25.0,7.0,147.0,57.0,20.0,11.0,169.0,34.0,2.0,0.0,0.0,0.0
214,46,4,2851.0,2824.0,683.0,0.0,805.0,5645.0,766.4713503063776,21110.336399999982,21876.807750306358,2898.0,25.0,7.0,147.0,57.0,20.0,11.0,169.0,34.0,2.0,0.0,0.0,0.0
214,47,4,2756.0,2739.0,604.0,0.0,696.0,5645.0,523.5382179302263,19652.893999999986,20176.432217930214,2898.0,25.0,7.0,147.0,57.0,20.0,11.0,169.0,34.0,2.0,0.0,0.0,0.0
214,48,5,2797.0,2903.0,586.0,0.0,708.0,5645.0,320.93010219794354,19062.649199999978,19383.579302197923,2898.0,25.0,7.0,147.0,57.0,20.0,11.0,169.0,34.0,2.0,0.0,0.0,0.0
214,49,5,2758.0,2870.0,607.0,0.0,744.0,5645.0,480.4765087824371,18948.755199999992,19429.231708782427,2898.0,25.0,7.0,147.0,57.0,20.0,11.0,169.0,34.0,2.0,0.0,0.0,0.0
214,50,5,2817.0,2838.0,649.0,0.0,713.0,5645.0,319.59792831978467,19782.285599999977,20101.883528319766,2898.0,25.0,7.0,147.0,57.0,20.0,11.0,169.0,34.0,2.0,0.0,0.0,0.0
214,51,5,2772.0,2822.0,646.0,0.0,758.0,5645.0,645.7226290538462,19435.05919999999,20080.781829053834,2898.0,25.0,7.0,147.0,57.0,20.0,11.0,169.0,34.0,2.0,0.0,0.0,0.0
214,52,5,2789.0,2797.0,640.0,0.0,795.0,5645.0,606.4183492076155,20423.83279999998,21030.25114920759,2898.0,25.0,7.0,147.0,57.0,20.0,11.0,169.0,34.0,2.0,0.0,0.0,0.0
214,53,5,2749.0,2803.0,626.0,0.0,752.0,5645.0,725.0494296192282,20565.11479999999,21290.164229619215,2898.0,25.0,7.0,147.0,57.0,20.0,11.0,169.0,34.0,2.0,0.0,0.0,0.0
214,54,5,2838.0,2881.0,644.0,0.0,800.0,5645.0,442.93082256710244,20613.94559999999,21056.876422567093,2898.0,25.0,7.0,147.0,57.0,20.0,11.0,169.0,34.0,2.0,0.0,0.0,0.0
214,55,5,2810.0,2867.0,581.0,0.0,724.0,5645.0,359.44525038919363,21702.985999999983,22062.431250389174,2898.0,25.0,7.0,147.0,57.0,20.0,11.0,169.0,34.0,2.0,0.0,0.0,0.0
214,56,5,2780.0,2793.0,629.0,0.0,757.0,5645.0,644.4954115402913,18745.28239999998,19389.777811540273,2898.0,25.0,7.0,147.0,57.0,20.0,11.0,169.0,34.0,2.0,0.0,0.0,0.0
214,57,5,2797.0,2826.0,594.0,0.0,718.0,5645.0,644.2208803603047,20296.912799999976,20941.133680360283,2898.0,25.0,7.0,147.0,57.0,20.0,11.0,169.0,34.0,2.0,0.0,0.0,0.0
214,58,5,2774.0,2841.0,624.0,0.0,762.0,5645.0,726.0229246888812,20399.183599999975,21125.206524688856,2898.0,25.0,7.0,147.0,57.0,20.0,11.0,169.0,34.0,2.0,0.0,0.0,0.0
214,59,5,2783.0,2746.0,595.0,0.0,690.0,5645.0,440.3046857202423,19589.63439999999,20029.93908572023,2898.0,25.0,7.0,147.0,57.0,20.0,11.0,169.0,34.0,2.0,0.0,0.0,0.0
214,60,6,2820.0,2887.0,620.0,0.0,787.0,5645.0,359.02780384751475,21038.726799999986,21397.754603847497,2898.0,25.0,7.0,147.0,57.0,20.0,11.0,169.0,34.0,2.0,0.0,0.0,0.0
214,61,6,2798.0,2798.0,616.0,0.0,720.0,5645.0,480.20905354170844,18811.41439999998,19291.623453541688,2898.0,25.0,7.0,147.0,57.0,20.0,11.0,169.0,34.0,2.0,0.0,0.0,0.0
214,62,6,2729.0,2836.0,581.0,0.0,757.0,5645.0,561.7888116316901,20881.679999999968,21443.468811631657,2898.0,25.0,7.0,147.0,57.0,20.0,11.0,169.0,34.0,2.0,0.0,0.0,0.0
214,63,6,2757.0,2769.0,621.0,0.0,743.0,5645.0,847.5686224407502,20067.25439999999,20914.82302244074,2898.0,25.0,7.0,147.0,57.0,20.0,11.0,169.0,34.0,2.0,0.0,0.0,0.0
214,64,6,2758.0,2803.0,607.0,0.0,723.0,5645.0,846.3465070475124,18972.93679999999,19819.2833070475,2898.0,25.0,7.0,147.0,57.0,20.0,11.0,169.0,34.0,2.0,0.0,0.0,0.0
214,65,6,2791.0,2805.0,646.0,0.0,763.0,5645.0,643.1303602907524,19825.171199999982,20468.301560290733,2898.0,25.0,7.0,147.0,57.0,20.0,11.0,169.0,34.0,2.0,0.0,0.0,0.0
214,66,6,2812.0,2865.0,591.0,0.0,721.0,5645.0,685.1873318873412,19932.58559999998,20617.772931887324,2898.0,25.0,7.0,147.0,57.0,20.0,11.0,169.0,34.0,2.0,0.0,0.0,0.0
214,67,6,2752.0,2811.0,597.0,0.0,745.0,5645.0,361.79963114117015,21638.724399999974,22000.524031141143,2898.0,25.0,7.0,147.0,57.0,20.0,11.0,169.0,34.0,2.0,0.0,0.0,0.0
214,68,6,2816.0,2849.0,603.0,0.0,755.0,5645.0,764.1361494705358,20119.55879999998,20883.694949470515,2898.0,25.0,7.0,147.0,57.0,20.0,11.0,169.0,34.0,2.0,0.0,0.0,0.0
214,69,6,2795.0,2746.0,648.0,0.0,756.0,5645.0,644.3519807043423,20988.96079999998,21633.312780704324,2898.0,25.0,7.0,147.0,57.0,20.0,11.0,169.0,34.0,2.0,0.0,0.0,0.0
214,70,6,2773.0,2804.0,603.0,0.0,722.0,5645.0,605.4133931145219,20799.84999999998,21405.2633931145,2898.0,25.0,7.0,147.0,57.0,20.0,11.0,169.0,34.0,2.0,0.0,0.0,0.0
214,71,6,2762.0,2836.0,561.0,0.0,712.0,5645.0,319.76356968152845,20405.729999999974,20725.4935696815,2898.0,25.0,7.0,147.0,57.0,20.0,11.0,169.0,34.0,2.0,0.0,0.0,0.0
214,72,7,2816.0,2889.0,577.0,0.0,735.0,5645.0,361.44994620924024,21319.553999999975,21681.003946209217,2898.0,25.0,7.0,147.0,57.0,20.0,11.0,169.0,34.0,2.0,0.0,0.0,0.0
214,73,7,2732.0,2805.0,564.0,0.0,736.0,5645.0,646.7234062553258,20432.850799999986,21079.574206255307,2898.0,25.0,7.0,147.0,57.0,20.0,11.0,169.0,34.0,2.0,0.0,0.0,0.0
214,74,7,2846.0,2862.0,608.0,0.0,709.0,5645.0,808.0209179453822,19985.22399999998,20793.244917945365,2898.0,25.0,7.0,147.0,57.0,20.0,11.0,169.0,34.0,2.0,0.0,0.0,0.0
214,75,7,2794.0,2880.0,612.0,0.0,770.0,5645.0,726.0229608885304,20376.538399999976,21102.56136088851,2898.0,25.0,7.0,147.0,57.0,20.0,11.0,169.0,34.0,2.0,0.0,0.0,0.0
214,76,7,2786.0,2753.0,628.0,0.0,699.0,5645.0,484.57097109276276,20655.49519999999,21140.066171092756,2898.0,25.0,7.0,147.0,57.0,20.0,11.0,169.0,34.0,2.0,0.0,0.0,0.0
214,77,7,2748.0,2843.0,588.0,0.0,732.0,5645.0,319.7594291584104,21750.74799999998,22070.507429158395,2898.0,25.0,7.0,147.0,57.0,20.0,11.0,169.0,34.0,2.0,0.0,0.0,0.0
214,78,7,2778.0,2848.0,632.0,0.0,780.0,5645.0,523.8070342404613,21711.26919999997,22235.07623424043,2898.0,25.0,7.0,147.0,57.0,20.0,11.0,169.0,34.0,2.0,0.0,0.0,0.0
214,79,7,2770.0,2807.0,603.0,0.0,725.0,5645.0,764.8272001950709,20680.67879999998,21445.50600019505,2898.0,25.0,7.0,147.0,57.0,20.0,11.0,169.0,34.0,2.0,0.0,0.0,0.0
214,80,7,2806.0,2823.0,626.0,0.0,709.0,5645.0,439.72902568836383,21039.461599999988,21479.190625688352,2898.0,25.0,7.0,147.0,57.0,20.0,11.0,169.0,34.0,2.0,0.0,0.0,0.0
214,81,7,2790.0,2847.0,638.0,0.0,764.0,5645.0,525.5687347511009,19590.836799999997,20116.4055347511,2898.0,25.0,7.0,147.0,57.0,20.0,11.0,169.0,34.0,2.0,0.0,0.0,0.0
214,82,7,2778.0,2803.0,621.0,0.0,752.0,5645.0,564.0867188096771,20106.73319999997,20670.819918809648,2898.0,25.0,7.0,147.0,57.0,20.0,11.0,169.0,34.0,2.0,0.0,0.0,0.0
214,83,7,2784.0,2796.0,638.0,0.0,712.0,5645.0,320.814773576032,20028.309999999976,20349.124773576008,2898.0,25.0,7.0,147.0,57.0,20.0,11.0,169.0,34.0,2.0,0.0,0.0,0.0
214,84,8,2769.0,2835.0,624.0,0.0,745.0,5645.0,562.6773858693753,19699.119599999976,20261.796985869354,2898.0,25.0,7.0,147.0,57.0,20.0,11.0,169.0,34.0,2.0,0.0,0.0,0.0
214,85,8,2815.0,2842.0,631.0,0.0,738.0,5645.0,726.3245832337127,19144.813199999982,19871.137783233695,2898.0,25.0,7.0,147.0,57.0,20.0,11.0,169.0,34.0,2.0,0.0,0.0,0.0
214,86,8,2757.0,2802.0,626.0,0.0,734.0,5645.0,603.8895630493032,20465.515999999985,21069.40556304929,2898.0,25.0,7.0,147.0,57.0,20.0,11.0,169.0,34.0,2.0,0.0,0.0,0.0
214,87,8,2794.0,2822.0,551.0,0.0,701.0,5645.0,969.6961409078635,21272.25959999999,22241.955740907855,2898.0,25.0,7.0,147.0,57.0,20.0,11.0,169.0,34.0,2.0,0.0,0.0,0.0
214,88,8,2749.0,2882.0,545.0,0.0,679.0,5645.0,723.2534092567922,19364.518399999983,20087.771809256777,2898.0,25.0,7.0,147.0,57.0,20.0,11.0,169.0,34.0,2.0,0.0,0.0,0.0
214,89,8,2787.0,2854.0,573.0,0.0,730.0,5645.0,482.17384368417584,21536.052799999976,22018.226643684153,2898.0,25.0,7.0,147.0,57.0,20.0,11.0,169.0,34.0,2.0,0.0,0.0,0.0
214,90,8,2770.0,2747.0,649.0,0.0,689.0,5645.0,562.1780110354013,19725.505599999982,20287.683611035383,2898.0,25.0,7.0,147.0,57.0,20.0,11.0,169.0,34.0,2.0,0.0,0.0,0.0
214,91,8,2765.0,2834.0,620.0,0.0,776.0,5645.0,482.57424589564886,19029.449599999985,19512.023845895637,2898.0,25.0,7.0,147.0,57.0,20.0,11.0,169.0,34.0,2.0,0.0,0.0,0.0
214,92,8,2794.0,2811.0,614.0,0.0,754.0,5645.0,484.1368669665955,20896.04199999998,21380.178866966577,2898.0,25.0,7.0,147.0,57.0,20.0,11.0,169.0,34.0,2.0,0.0,0.0,0.0
214,93,8,2827.0,2831.0,585.0,0.0,722.0,5645.0,319.6807055443698,20511.40759999999,20831.08830554436,2898.0,25.0,7.0,147.0,57.0,20.0,11.0,169.0,34.0,2.0,0.0,0.0,0.0
214,94,8,2807.0,2885.0,606.0,0.0,758.0,5645.0,399.6940767824915,19902.99319999998,20302.68727678247,2898.0,25.0,7.0,147.0,57.0,20.0,11.0,169.0,34.0,2.0,0.0,0.0,0.0
214,95,8,2824.0,2829.0,610.0,0.0,734.0,5645.0,442.6062025237145,21594.101999999973,22036.708202523685,2898.0,25.0,7.0,147.0,57.0,20.0,11.0,169.0,34.0,2.0,0.0,0.0,0.0
214,96,9,2736.0,2784.0,618.0,0.0,744.0,5645.0,524.3924615478702,19932.85279999998,20457.245261547847,2898.0,25.0,7.0,147.0,57.0,20.0,11.0,169.0,34.0,2.0,0.0,0.0,0.0
214,97,9,2825.0,2861.0,577.0,0.0,683.0,5645.0,276.5023145420501,20238.262399999978,20514.764714542023,2898.0,25.0,7.0,147.0,57.0,20.0,11.0,169.0,34.0,2.0,0.0,0.0,0.0
214,98,9,2824.0,2846.0,601.0,0.0,726.0,5645.0,439.1307246893156,19340.937999999987,19780.0687246893,2898.0,25.0,7.0,147.0,57.0,20.0,11.0,169.0,34.0,2.0,0.0,0.0,0.0
214,99,9,2805.0,2827.0,613.0,0.0,723.0,5645.0,281.69509341543346,21145.27279999997,21426.967893415404,2898.0,25.0,7.0,147.0,57.0,20.0,11.0,169.0,34.0,2.0,0.0,0.0,0.0
214,100,9,2835.0,2865.0,590.0,0.0,678.0,5645.0,441.75681980685346,20611.941599999973,21053.698419806824,2898.0,25.0,7.0,147.0,57.0,20.0,11.0,169.0,34.0,2.0,0.0,0.0,0.0
214,101,9,2767.0,2837.0,611.0,0.0,764.0,5645.0,605.862790636861,22195.903199999975,22801.76599063684,2898.0,25.0,7.0,147.0,57.0,20.0,11.0,169.0,34.0,2.0,0.0,0.0,0.0
214,102,9,2877.0,2897.0,635.0,0.0,775.0,5645.0,562.8401397476881,21509.065599999984,22071.90573974767,2898.0,25.0,7.0,147.0,57.0,20.0,11.0,169.0,34.0,2.0,0.0,0.0,0.0
214,103,9,2846.0,2943.0,617.0,0.0,732.0,5645.0,564.6880623766725,20084.08799999998,20648.77606237665,2898.0,25.0,7.0,147.0,57.0,20.0,11.0,169.0,34.0,2.0,0.0,0.0,0.0
214,104,9,2786.0,2816.0,625.0,0.0,718.0,5645.0,646.5245029144711,20556.76479999998,21203.28930291445,2898.0,25.0,7.0,147.0,57.0,20.0,11.0,169.0,34.0,2.0,0.0,0.0,0.0
214,105,9,2736.0,2790.0,619.0,0.0,779.0,5645.0,481.11836296247816,19058.24039999999,19539.35876296247,2898.0,25.0,7.0,147.0,57.0,20.0,11.0,169.0,34.0,2.0,0.0,0.0,0.0
214,106,9,2799.0,2808.0,622.0,0.0,774.0,5645.0,727.0128268434785,18250.695199999995,18977.708026843473,2898.0,25.0,7.0,147.0,57.0,20.0,11.0,169.0,34.0,2.0,0.0,0.0,0.0
214,107,9,2810.0,2798.0,616.0,0.0,749.0,5645.0,848.9041834122435,19833.654799999975,20682.55898341222,2898.0,25.0,7.0,147.0,57.0,20.0,11.0,169.0,34.0,2.0,0.0,0.0,0.0
214,108,10,2704.0,2801.0,607.0,0.0,756.0,5645.0,765.8247729230288,20475.66959999998,21241.49437292301,2898.0,25.0,7.0,147.0,57.0,20.0,11.0,169.0,34.0,2.0,0.0,0.0,0.0
214,109,10,2807.0,2815.0,635.0,0.0,693.0,5645.0,479.73256234713074,20086.42599999998,20566.15856234711,2898.0,25.0,7.0,147.0,57.0,20.0,11.0,169.0,34.0,2.0,0.0,0.0,0.0
214,110,10,2813.0,2839.0,632.0,0.0,760.0,5645.0,522.4665655514538,20172.531199999987,20694.99776555144,2898.0,25.0,7.0,147.0,57.0,20.0,11.0,169.0,34.0,2.0,0.0,0.0,0.0
214,111,10,2743.0,2752.0,638.0,0.0,731.0,5645.0,441.820524616784,19654.363599999986,20096.18412461677,2898.0,25.0,7.0,147.0,57.0,20.0,11.0,169.0,34.0,2.0,0.0,0.0,0.0
214,112,10,2763.0,2780.0,633.0,0.0,737.0,5645.0,481.2762811541407,20449.884799999974,20931.161081154114,2898.0,25.0,7.0,147.0,57.0,20.0,11.0,169.0,34.0,2.0,0.0,0.0,0.0
214,113,10,2807.0,2824.0,609.0,0.0,720.0,5645.0,481.8210875983725,19318.960799999986,19800.781887598358,2898.0,25.0,7.0,147.0,57.0,20.0,11.0,169.0,34.0,2.0,0.0,0.0,0.0
214,114,10,2757.0,2768.0,620.0,0.0,674.0,5645.0,563.047028433671,21261.371199999976,21824.418228433646,2898.0,25.0,7.0,147.0,57.0,20.0,11.0,169.0,34.0,2.0,0.0,0.0,0.0
214,115,10,2776.0,2833.0,585.0,0.0,768.0,5645.0,728.5686009268368,20036.459599999976,20765.028200926812,2898.0,25.0,7.0,147.0,57.0,20.0,11.0,169.0,34.0,2.0,0.0,0.0,0.0
214,116,10,2757.0,2829.0,590.0,0.0,752.0,5645.0,480.848817984229,18532.92519999999,19013.77401798422,2898.0,25.0,7.0,147.0,57.0,20.0,11.0,169.0,34.0,2.0,0.0,0.0,0.0
214,117,10,2811.0,2788.0,630.0,0.0,757.0,5645.0,767.8364853936024,20163.646799999984,20931.48328539359,2898.0,25.0,7.0,147.0,57.0,20.0,11.0,169.0,34.0,2.0,0.0,0.0,0.0
214,118,10,2777.0,2800.0,621.0,0.0,726.0,5645.0,358.5374099836121,20323.966799999977,20682.50420998359,2898.0,25.0,7.0,147.0,57.0,20.0,11.0,169.0,34.0,2.0,0.0,0.0,0.0
214,119,10,2772.0,2846.0,584.0,0.0,692.0,5645.0,523.186345168954,22227.967199999963,22751.153545168912,2898.0,25.0,7.0,147.0,57.0,20.0,11.0,169.0,34.0,2.0,0.0,0.0,0.0
215,0,1,3142.0,3048.0,652.0,0.0,753.0,5645.0,364.4817740565618,21001.31879999998,21365.800574056542,2898.0,25.0,7.0,147.0,57.0,20.0,11.0,169.0,34.0,2.0,0.0,0.0,0.0
215,1,1,3096.0,3002.0,637.0,0.0,747.0,5645.0,528.425637942832,20250.62039999999,20779.04603794282,2898.0,25.0,7.0,147.0,57.0,20.0,11.0,169.0,34.0,2.0,0.0,0.0,0.0
215,2,1,3113.0,3058.0,602.0,0.0,694.0,5645.0,242.15784206951972,20656.56399999999,20898.72184206951,2898.0,25.0,7.0,147.0,57.0,20.0,11.0,169.0,34.0,2.0,0.0,0.0,0.0
215,3,1,3215.0,3081.0,615.0,0.0,706.0,5645.0,403.03269933331535,19535.12559999999,19938.158299333307,2898.0,25.0,7.0,147.0,57.0,20.0,11.0,169.0,34.0,2.0,0.0,0.0,0.0
215,4,1,3131.0,3016.0,559.0,0.0,673.0,5645.0,284.62720239143675,21366.981999999985,21651.60920239142,2898.0,25.0,7.0,147.0,57.0,20.0,11.0,169.0,34.0,2.0,0.0,0.0,0.0
215,5,1,3147.0,3085.0,582.0,0.0,704.0,5645.0,242.48136116859948,19589.701199999985,19832.182561168585,2898.0,25.0,7.0,147.0,57.0,20.0,11.0,169.0,34.0,2.0,0.0,0.0,0.0
215,6,1,3086.0,3032.0,579.0,0.0,701.0,5645.0,325.1129678266092,22296.570799999987,22621.683767826595,2898.0,25.0,7.0,147.0,57.0,20.0,11.0,169.0,34.0,2.0,0.0,0.0,0.0
215,7,1,3186.0,3011.0,625.0,0.0,696.0,5645.0,402.11637230800727,20359.37079999999,20761.487172308,2898.0,25.0,7.0,147.0,57.0,20.0,11.0,169.0,34.0,2.0,0.0,0.0,0.0
215,8,1,3144.0,3058.0,631.0,0.0,700.0,5645.0,240.9516338186503,20044.876399999976,20285.828033818623,2898.0,25.0,7.0,147.0,57.0,20.0,11.0,169.0,34.0,2.0,0.0,0.0,0.0
215,9,1,3126.0,3070.0,595.0,0.0,716.0,5645.0,121.014374654594,19923.233599999978,20044.247974654572,2898.0,25.0,7.0,147.0,57.0,20.0,11.0,169.0,34.0,2.0,0.0,0.0,0.0
215,10,1,3119.0,3022.0,607.0,0.0,714.0,5645.0,239.54802906798227,19448.48599999999,19688.034029067974,2898.0,25.0,7.0,147.0,57.0,20.0,11.0,169.0,34.0,2.0,0.0,0.0,0.0
215,11,1,3196.0,2992.0,656.0,0.0,719.0,5645.0,283.4302885791956,22479.335599999977,22762.765888579175,2898.0,25.0,7.0,147.0,57.0,20.0,11.0,169.0,34.0,2.0,0.0,0.0,0.0
215,12,2,3099.0,3030.0,639.0,0.0,731.0,5645.0,82.74731632000325,20992.100399999978,21074.847716319975,2898.0,25.0,7.0,147.0,57.0,20.0,11.0,169.0,34.0,2.0,0.0,0.0,0.0
215,13,2,3106.0,3038.0,592.0,0.0,753.0,5645.0,486.3536675235676,21417.61639999997,21903.970067523536,2898.0,25.0,7.0,147.0,57.0,20.0,11.0,169.0,34.0,2.0,0.0,0.0,0.0
215,14,2,3121.0,2993.0,634.0,0.0,749.0,5645.0,324.2079491935035,20661.239999999983,20985.447949193484,2898.0,25.0,7.0,147.0,57.0,20.0,11.0,169.0,34.0,2.0,0.0,0.0,0.0
215,15,2,3113.0,3060.0,623.0,0.0,734.0,5645.0,364.6008860252552,22683.07559999998,23047.676486025233,2898.0,25.0,7.0,147.0,57.0,20.0,11.0,169.0,34.0,2.0,0.0,0.0,0.0
215,16,2,3182.0,3068.0,622.0,0.0,722.0,5645.0,324.00493676436923,20419.490799999978,20743.495736764347,2898.0,25.0,7.0,147.0,57.0,20.0,11.0,169.0,34.0,2.0,0.0,0.0,0.0
215,17,2,3141.0,3059.0,590.0,0.0,728.0,5645.0,448.37970073908855,20509.136399999985,20957.51610073907,2898.0,25.0,7.0,147.0,57.0,20.0,11.0,169.0,34.0,2.0,0.0,0.0,0.0
215,18,2,3108.0,2999.0,616.0,0.0,748.0,5645.0,324.77044546504897,22775.25959999997,23100.03004546502,2898.0,25.0,7.0,147.0,57.0,20.0,11.0,169.0,34.0,2.0,0.0,0.0,0.0
215,19,2,3174.0,3040.0,617.0,0.0,713.0,5645.0,282.0774960120124,20359.37079999997,20641.448296011986,2898.0,25.0,7.0,147.0,57.0,20.0,11.0,169.0,34.0,2.0,0.0,0.0,0.0
215,20,2,3216.0,3119.0,587.0,0.0,735.0,5645.0,405.9507862609733,19772.733199999988,20178.683986260963,2898.0,25.0,7.0,147.0,57.0,20.0,11.0,169.0,34.0,2.0,0.0,0.0,0.0
215,21,2,3140.0,3010.0,653.0,0.0,732.0,5645.0,282.83581624392804,23229.43279999998,23512.268616243906,2898.0,25.0,7.0,147.0,57.0,20.0,11.0,169.0,34.0,2.0,0.0,0.0,0.0
215,22,2,3186.0,3079.0,624.0,0.0,702.0,5645.0,324.40824067068746,21573.39399999999,21897.802240670673,2898.0,25.0,7.0,147.0,57.0,20.0,11.0,169.0,34.0,2.0,0.0,0.0,0.0
215,23,2,3068.0,2970.0,626.0,0.0,697.0,5645.0,244.3493051603348,21557.82959999999,21802.178905160326,2898.0,25.0,7.0,147.0,57.0,20.0,11.0,169.0,34.0,2.0,0.0,0.0,0.0
215,24,3,3076.0,3036.0,615.0,0.0,748.0,5645.0,607.0954876655579,20966.51599999998,21573.611487665537,2898.0,25.0,7.0,147.0,57.0,20.0,11.0,169.0,34.0,2.0,0.0,0.0,0.0
215,25,3,3149.0,3030.0,640.0,0.0,696.0,5645.0,526.5280432984005,20633.584799999982,21160.112843298386,2898.0,25.0,7.0,147.0,57.0,20.0,11.0,169.0,34.0,2.0,0.0,0.0,0.0
215,26,3,3107.0,2993.0,601.0,0.0,671.0,5645.0,200.846229292793,21177.603999999978,21378.45022929277,2898.0,25.0,7.0,147.0,57.0,20.0,11.0,169.0,34.0,2.0,0.0,0.0,0.0
215,27,3,3135.0,3034.0,600.0,0.0,722.0,5645.0,283.01272159698925,20114.81599999998,20397.82872159697,2898.0,25.0,7.0,147.0,57.0,20.0,11.0,169.0,34.0,2.0,0.0,0.0,0.0
215,28,3,3098.0,3084.0,587.0,0.0,737.0,5645.0,322.69430895245887,20364.18039999999,20686.87470895245,2898.0,25.0,7.0,147.0,57.0,20.0,11.0,169.0,34.0,2.0,0.0,0.0,0.0
215,29,3,3050.0,2961.0,613.0,0.0,719.0,5645.0,280.7272135082374,20852.15439999997,21132.88161350821,2898.0,25.0,7.0,147.0,57.0,20.0,11.0,169.0,34.0,2.0,0.0,0.0,0.0
215,30,3,3066.0,2971.0,628.0,0.0,695.0,5645.0,242.58527502269777,21629.23879999997,21871.82407502267,2898.0,25.0,7.0,147.0,57.0,20.0,11.0,169.0,34.0,2.0,0.0,0.0,0.0
215,31,3,3100.0,3044.0,573.0,0.0,672.0,5645.0,202.7399822728995,22149.944799999983,22352.68478227288,2898.0,25.0,7.0,147.0,57.0,20.0,11.0,169.0,34.0,2.0,0.0,0.0,0.0
215,32,3,3133.0,3051.0,615.0,0.0,722.0,5645.0,526.6167075348602,21699.044799999978,22225.661507534838,2898.0,25.0,7.0,147.0,57.0,20.0,11.0,169.0,34.0,2.0,0.0,0.0,0.0
215,33,3,3151.0,3000.0,671.0,0.0,709.0,5645.0,241.3863559818418,20901.65319999998,21143.03955598182,2898.0,25.0,7.0,147.0,57.0,20.0,11.0,169.0,34.0,2.0,0.0,0.0,0.0
215,34,3,3148.0,3073.0,590.0,0.0,743.0,5645.0,281.5706954471383,21380.40879999998,21661.979495447118,2898.0,25.0,7.0,147.0,57.0,20.0,11.0,169.0,34.0,2.0,0.0,0.0,0.0
215,35,3,3162.0,3013.0,609.0,0.0,710.0,5645.0,158.18444660350002,21562.906399999985,21721.090846603485,2898.0,25.0,7.0,147.0,57.0,20.0,11.0,169.0,34.0,2.0,0.0,0.0,0.0
215,36,4,3071.0,3021.0,619.0,0.0,718.0,5645.0,323.3327882260933,21137.791199999985,21461.123988226078,2898.0,25.0,7.0,147.0,57.0,20.0,11.0,169.0,34.0,2.0,0.0,0.0,0.0
215,37,4,3155.0,3106.0,606.0,0.0,742.0,5645.0,241.67218239724457,21289.093199999985,21530.765382397232,2898.0,25.0,7.0,147.0,57.0,20.0,11.0,169.0,34.0,2.0,0.0,0.0,0.0
215,38,4,3103.0,3014.0,632.0,0.0,709.0,5645.0,405.01100175383226,20560.772799999984,20965.783801753816,2898.0,25.0,7.0,147.0,57.0,20.0,11.0,169.0,34.0,2.0,0.0,0.0,0.0
215,39,4,3107.0,2994.0,619.0,0.0,711.0,5645.0,444.5298717907243,20707.465599999974,21151.995471790702,2898.0,25.0,7.0,147.0,57.0,20.0,11.0,169.0,34.0,2.0,0.0,0.0,0.0
215,40,4,3075.0,3038.0,593.0,0.0,720.0,5645.0,326.3719433453273,21767.31439999998,22093.686343345307,2898.0,25.0,7.0,147.0,57.0,20.0,11.0,169.0,34.0,2.0,0.0,0.0,0.0
215,41,4,3078.0,3009.0,649.0,0.0,713.0,5645.0,282.49112838453385,20431.381199999978,20713.87232838451,2898.0,25.0,7.0,147.0,57.0,20.0,11.0,169.0,34.0,2.0,0.0,0.0,0.0
215,42,4,3198.0,3052.0,672.0,0.0,719.0,5645.0,321.5744521949046,19904.329199999982,20225.903652194887,2898.0,25.0,7.0,147.0,57.0,20.0,11.0,169.0,34.0,2.0,0.0,0.0,0.0
215,43,4,3178.0,3076.0,644.0,0.0,735.0,5645.0,239.5938115835876,21446.407199999976,21686.00101158357,2898.0,25.0,7.0,147.0,57.0,20.0,11.0,169.0,34.0,2.0,0.0,0.0,0.0
215,44,4,3150.0,3119.0,550.0,0.0,677.0,5645.0,525.9999212161156,21707.52839999998,22233.528321216098,2898.0,25.0,7.0,147.0,57.0,20.0,11.0,169.0,34.0,2.0,0.0,0.0,0.0
215,45,4,3197.0,3056.0,657.0,0.0,758.0,5645.0,361.671121902618,20729.576399999976,21091.2475219026,2898.0,25.0,7.0,147.0,57.0,20.0,11.0,169.0,34.0,2.0,0.0,0.0,0.0
215,46,4,3070.0,2936.0,610.0,0.0,693.0,5645.0,405.23733054485314,20379.744799999993,20784.982130544846,2898.0,25.0,7.0,147.0,57.0,20.0,11.0,169.0,34.0,2.0,0.0,0.0,0.0
215,47,4,3148.0,3120.0,599.0,0.0,706.0,5645.0,202.38306666367168,20384.62119999998,20587.00426666365,2898.0,25.0,7.0,147.0,57.0,20.0,11.0,169.0,34.0,2.0,0.0,0.0,0.0
215,48,5,3102.0,3065.0,634.0,0.0,726.0,5645.0,324.4424085411181,20137.06039999998,20461.502808541096,2898.0,25.0,7.0,147.0,57.0,20.0,11.0,169.0,34.0,2.0,0.0,0.0,0.0
215,49,5,3152.0,3073.0,634.0,0.0,708.0,5645.0,405.3442830717743,20201.45559999998,20606.799883071755,2898.0,25.0,7.0,147.0,57.0,20.0,11.0,169.0,34.0,2.0,0.0,0.0,0.0
215,50,5,3088.0,3039.0,628.0,0.0,729.0,5645.0,608.1808946810071,20956.161999999982,21564.34289468099,2898.0,25.0,7.0,147.0,57.0,20.0,11.0,169.0,34.0,2.0,0.0,0.0,0.0
215,51,5,3140.0,3017.0,647.0,0.0,788.0,5645.0,365.6161785799131,21075.867599999976,21441.483778579888,2898.0,25.0,7.0,147.0,57.0,20.0,11.0,169.0,34.0,2.0,0.0,0.0,0.0
215,52,5,3069.0,3012.0,606.0,0.0,704.0,5645.0,403.5359432066337,21668.583999999973,22072.119943206606,2898.0,25.0,7.0,147.0,57.0,20.0,11.0,169.0,34.0,2.0,0.0,0.0,0.0
215,53,5,3160.0,3112.0,642.0,0.0,758.0,5645.0,243.12960798754312,21322.29279999998,21565.422407987524,2898.0,25.0,7.0,147.0,57.0,20.0,11.0,169.0,34.0,2.0,0.0,0.0,0.0
215,54,5,3142.0,3051.0,611.0,0.0,724.0,5645.0,119.80066427102896,21078.94039999999,21198.741064271017,2898.0,25.0,7.0,147.0,57.0,20.0,11.0,169.0,34.0,2.0,0.0,0.0,0.0
215,55,5,3118.0,3013.0,620.0,0.0,746.0,5645.0,405.3053402220268,19707.269199999973,20112.574540221998,2898.0,25.0,7.0,147.0,57.0,20.0,11.0,169.0,34.0,2.0,0.0,0.0,0.0
215,56,5,3159.0,3041.0,605.0,0.0,706.0,5645.0,526.1275768994757,21644.86999999998,22170.997576899455,2898.0,25.0,7.0,147.0,57.0,20.0,11.0,169.0,34.0,2.0,0.0,0.0,0.0
215,57,5,3103.0,3062.0,628.0,0.0,756.0,5645.0,406.0877433160623,21680.140399999967,22086.22814331603,2898.0,25.0,7.0,147.0,57.0,20.0,11.0,169.0,34.0,2.0,0.0,0.0,0.0
215,58,5,3124.0,2957.0,601.0,0.0,684.0,5645.0,281.97519389970455,20048.88439999998,20330.859593899688,2898.0,25.0,7.0,147.0,57.0,20.0,11.0,169.0,34.0,2.0,0.0,0.0,0.0
215,59,5,3164.0,3086.0,636.0,0.0,768.0,5645.0,280.36373525551124,21440.261599999987,21720.625335255496,2898.0,25.0,7.0,147.0,57.0,20.0,11.0,169.0,34.0,2.0,0.0,0.0,0.0
215,60,6,3149.0,3015.0,622.0,0.0,698.0,5645.0,238.6448227532628,19252.361199999985,19491.006022753245,2898.0,25.0,7.0,147.0,57.0,20.0,11.0,169.0,34.0,2.0,0.0,0.0,0.0
215,61,6,3118.0,3070.0,598.0,0.0,716.0,5645.0,442.74763842055637,19658.104399999982,20100.852038420537,2898.0,25.0,7.0,147.0,57.0,20.0,11.0,169.0,34.0,2.0,0.0,0.0,0.0
215,62,6,3090.0,2967.0,625.0,0.0,720.0,5645.0,243.18099472317127,19826.90799999999,20070.088994723163,2898.0,25.0,7.0,147.0,57.0,20.0,11.0,169.0,34.0,2.0,0.0,0.0,0.0
215,63,6,3095.0,3012.0,632.0,0.0,769.0,5645.0,240.86695591625875,20296.979599999988,20537.846555916247,2898.0,25.0,7.0,147.0,57.0,20.0,11.0,169.0,34.0,2.0,0.0,0.0,0.0
215,64,6,3136.0,3040.0,626.0,0.0,745.0,5645.0,362.75868281001436,20418.956399999985,20781.71508281,2898.0,25.0,7.0,147.0,57.0,20.0,11.0,169.0,34.0,2.0,0.0,0.0,0.0
215,65,6,3173.0,3077.0,607.0,0.0,728.0,5645.0,567.1514572367746,21130.042399999977,21697.19385723675,2898.0,25.0,7.0,147.0,57.0,20.0,11.0,169.0,34.0,2.0,0.0,0.0,0.0
215,66,6,3069.0,3003.0,601.0,0.0,735.0,5645.0,284.2316315873569,19945.87879999998,20230.110431587338,2898.0,25.0,7.0,147.0,57.0,20.0,11.0,169.0,34.0,2.0,0.0,0.0,0.0
215,67,6,3134.0,3055.0,608.0,0.0,774.0,5645.0,526.2030469953635,22140.39239999997,22666.595446995336,2898.0,25.0,7.0,147.0,57.0,20.0,11.0,169.0,34.0,2.0,0.0,0.0,0.0
215,68,6,3132.0,2972.0,615.0,0.0,744.0,5645.0,525.3938333498281,22247.806799999977,22773.200633349803,2898.0,25.0,7.0,147.0,57.0,20.0,11.0,169.0,34.0,2.0,0.0,0.0,0.0
215,69,6,3133.0,2978.0,643.0,0.0,729.0,5645.0,364.74451326176853,21446.407199999976,21811.151713261745,2898.0,25.0,7.0,147.0,57.0,20.0,11.0,169.0,34.0,2.0,0.0,0.0,0.0
215,70,6,3128.0,3044.0,596.0,0.0,699.0,5645.0,279.50652982719794,21108.265599999973,21387.77212982717,2898.0,25.0,7.0,147.0,57.0,20.0,11.0,169.0,34.0,2.0,0.0,0.0,0.0
215,71,6,3137.0,3089.0,579.0,0.0,722.0,5645.0,285.06654247208235,21905.65719999998,22190.72374247206,2898.0,25.0,7.0,147.0,57.0,20.0,11.0,169.0,34.0,2.0,0.0,0.0,0.0
215,72,7,3069.0,2996.0,580.0,0.0,706.0,5645.0,324.83635116755346,21301.317599999977,21626.153951167526,2898.0,25.0,7.0,147.0,57.0,20.0,11.0,169.0,34.0,2.0,0.0,0.0,0.0
215,73,7,3167.0,3043.0,632.0,0.0,716.0,5645.0,489.0248401622521,21518.617999999984,22007.642840162236,2898.0,25.0,7.0,147.0,57.0,20.0,11.0,169.0,34.0,2.0,0.0,0.0,0.0
215,74,7,3142.0,3094.0,615.0,0.0,780.0,5645.0,442.9879845120295,22056.291199999967,22499.279184511994,2898.0,25.0,7.0,147.0,57.0,20.0,11.0,169.0,34.0,2.0,0.0,0.0,0.0
215,75,7,3118.0,2950.0,661.0,0.0,696.0,5645.0,407.9028402856742,21079.74199999999,21487.644840285666,2898.0,25.0,7.0,147.0,57.0,20.0,11.0,169.0,34.0,2.0,0.0,0.0,0.0
215,76,7,3082.0,3050.0,602.0,0.0,713.0,5645.0,241.98015157916763,22829.56799999998,23071.548151579147,2898.0,25.0,7.0,147.0,57.0,20.0,11.0,169.0,34.0,2.0,0.0,0.0,0.0
215,77,7,3124.0,3080.0,617.0,0.0,710.0,5645.0,486.7172286965407,20746.810799999977,21233.52802869652,2898.0,25.0,7.0,147.0,57.0,20.0,11.0,169.0,34.0,2.0,0.0,0.0,0.0
215,78,7,3122.0,3006.0,628.0,0.0,688.0,5645.0,238.90958889446225,20176.472399999988,20415.381988894453,2898.0,25.0,7.0,147.0,57.0,20.0,11.0,169.0,34.0,2.0,0.0,0.0,0.0
215,79,7,3110.0,2993.0,640.0,0.0,721.0,5645.0,322.01406698885137,22456.690399999992,22778.704466988842,2898.0,25.0,7.0,147.0,57.0,20.0,11.0,169.0,34.0,2.0,0.0,0.0,0.0
215,80,7,3164.0,3066.0,665.0,0.0,786.0,5645.0,324.18446290157476,22189.557199999985,22513.741662901564,2898.0,25.0,7.0,147.0,57.0,20.0,11.0,169.0,34.0,2.0,0.0,0.0,0.0
215,81,7,3125.0,3025.0,618.0,0.0,724.0,5645.0,649.5238963805238,20004.996799999983,20654.520696380507,2898.0,25.0,7.0,147.0,57.0,20.0,11.0,169.0,34.0,2.0,0.0,0.0,0.0
215,82,7,3171.0,3064.0,627.0,0.0,687.0,5645.0,120.69130602867183,20892.10079999999,21012.79210602866,2898.0,25.0,7.0,147.0,57.0,20.0,11.0,169.0,34.0,2.0,0.0,0.0,0.0
215,83,7,3120.0,3043.0,633.0,0.0,732.0,5645.0,405.73897578369406,20753.624399999986,21159.36337578368,2898.0,25.0,7.0,147.0,57.0,20.0,11.0,169.0,34.0,2.0,0.0,0.0,0.0
215,84,8,3168.0,3025.0,655.0,0.0,725.0,5645.0,443.1083229055471,20179.81239999997,20622.920722905517,2898.0,25.0,7.0,147.0,57.0,20.0,11.0,169.0,34.0,2.0,0.0,0.0,0.0
215,85,8,3104.0,3010.0,634.0,0.0,714.0,5645.0,568.7349192354815,21884.214399999986,22452.949319235468,2898.0,25.0,7.0,147.0,57.0,20.0,11.0,169.0,34.0,2.0,0.0,0.0,0.0
215,86,8,3138.0,3046.0,555.0,0.0,691.0,5645.0,487.7929648604553,22078.802799999987,22566.59576486044,2898.0,25.0,7.0,147.0,57.0,20.0,11.0,169.0,34.0,2.0,0.0,0.0,0.0
215,87,8,3102.0,3048.0,599.0,0.0,687.0,5645.0,281.31268988968316,20823.363599999968,21104.676289889652,2898.0,25.0,7.0,147.0,57.0,20.0,11.0,169.0,34.0,2.0,0.0,0.0,0.0
215,88,8,3131.0,3023.0,616.0,0.0,759.0,5645.0,363.73740144820346,22815.139199999983,23178.876601448188,2898.0,25.0,7.0,147.0,57.0,20.0,11.0,169.0,34.0,2.0,0.0,0.0,0.0
215,89,8,3120.0,2950.0,672.0,0.0,701.0,5645.0,363.8931144868255,21557.29519999997,21921.188314486797,2898.0,25.0,7.0,147.0,57.0,20.0,11.0,169.0,34.0,2.0,0.0,0.0,0.0
215,90,8,3088.0,2993.0,676.0,0.0,790.0,5645.0,526.9020755120454,20687.225199999983,21214.12727551203,2898.0,25.0,7.0,147.0,57.0,20.0,11.0,169.0,34.0,2.0,0.0,0.0,0.0
215,91,8,3120.0,3024.0,619.0,0.0,761.0,5645.0,203.16003576469456,21465.77919999998,21668.939235764672,2898.0,25.0,7.0,147.0,57.0,20.0,11.0,169.0,34.0,2.0,0.0,0.0,0.0
215,92,8,3150.0,3028.0,594.0,0.0,715.0,5645.0,200.26458440697334,21186.421599999983,21386.686184406957,2898.0,25.0,7.0,147.0,57.0,20.0,11.0,169.0,34.0,2.0,0.0,0.0,0.0
215,93,8,3164.0,3090.0,631.0,0.0,754.0,5645.0,157.77358423737897,20383.084799999982,20540.858384237363,2898.0,25.0,7.0,147.0,57.0,20.0,11.0,169.0,34.0,2.0,0.0,0.0,0.0
215,94,8,3177.0,3027.0,622.0,0.0,748.0,5645.0,446.0521630808334,22088.35519999998,22534.407363080813,2898.0,25.0,7.0,147.0,57.0,20.0,11.0,169.0,34.0,2.0,0.0,0.0,0.0
215,95,8,3089.0,3003.0,610.0,0.0,719.0,5645.0,648.1233400802789,20881.345999999972,21529.46934008025,2898.0,25.0,7.0,147.0,57.0,20.0,11.0,169.0,34.0,2.0,0.0,0.0,0.0
215,96,9,3154.0,3045.0,599.0,0.0,682.0,5645.0,280.949827916918,21334.917999999983,21615.8678279169,2898.0,25.0,7.0,147.0,57.0,20.0,11.0,169.0,34.0,2.0,0.0,0.0,0.0
215,97,9,3169.0,3057.0,616.0,0.0,710.0,5645.0,239.64215009128728,19435.393199999977,19675.035350091264,2898.0,25.0,7.0,147.0,57.0,20.0,11.0,169.0,34.0,2.0,0.0,0.0,0.0
215,98,9,3156.0,3018.0,652.0,0.0,725.0,5645.0,203.47972700999654,22558.89439999996,22762.37412700996,2898.0,25.0,7.0,147.0,57.0,20.0,11.0,169.0,34.0,2.0,0.0,0.0,0.0
215,99,9,3184.0,3077.0,612.0,0.0,678.0,5645.0,445.5825621645148,22631.639599999973,23077.222162164486,2898.0,25.0,7.0,147.0,57.0,20.0,11.0,169.0,34.0,2.0,0.0,0.0,0.0
215,100,9,3110.0,3020.0,641.0,0.0,744.0,5645.0,445.87537627570777,21233.98319999998,21679.858576275685,2898.0,25.0,7.0,147.0,57.0,20.0,11.0,169.0,34.0,2.0,0.0,0.0,0.0
215,101,9,3196.0,3087.0,634.0,0.0,764.0,5645.0,283.7944165632806,22429.101999999973,22712.896416563257,2898.0,25.0,7.0,147.0,57.0,20.0,11.0,169.0,34.0,2.0,0.0,0.0,0.0
215,102,9,3175.0,3108.0,656.0,0.0,748.0,5645.0,282.91250862401216,20617.085199999983,20899.997708623992,2898.0,25.0,7.0,147.0,57.0,20.0,11.0,169.0,34.0,2.0,0.0,0.0,0.0
215,103,9,3169.0,3013.0,642.0,0.0,689.0,5645.0,447.0392431285096,21369.587199999976,21816.626443128487,2898.0,25.0,7.0,147.0,57.0,20.0,11.0,169.0,34.0,2.0,0.0,0.0,0.0
215,104,9,3069.0,3002.0,627.0,0.0,756.0,5645.0,283.4541469942149,21072.260399999985,21355.7145469942,2898.0,25.0,7.0,147.0,57.0,20.0,11.0,169.0,34.0,2.0,0.0,0.0,0.0
215,105,9,3129.0,3019.0,627.0,0.0,755.0,5645.0,241.41464697666797,20113.54679999999,20354.961446976657,2898.0,25.0,7.0,147.0,57.0,20.0,11.0,169.0,34.0,2.0,0.0,0.0,0.0
215,106,9,3153.0,3018.0,623.0,0.0,742.0,5645.0,488.7940894110593,18962.983599999978,19451.77768941104,2898.0,25.0,7.0,147.0,57.0,20.0,11.0,169.0,34.0,2.0,0.0,0.0,0.0
215,107,9,3034.0,3004.0,615.0,0.0,754.0,5645.0,242.1458813463948,21893.09879999998,22135.244681346376,2898.0,25.0,7.0,147.0,57.0,20.0,11.0,169.0,34.0,2.0,0.0,0.0,0.0
215,108,10,3128.0,3001.0,650.0,0.0,674.0,5645.0,320.7013899553598,21242.132799999978,21562.834189955334,2898.0,25.0,7.0,147.0,57.0,20.0,11.0,169.0,34.0,2.0,0.0,0.0,0.0
215,109,10,3161.0,3049.0,625.0,0.0,722.0,5645.0,443.3376268899004,19847.682799999988,20291.02042688989,2898.0,25.0,7.0,147.0,57.0,20.0,11.0,169.0,34.0,2.0,0.0,0.0,0.0
215,110,10,3094.0,3005.0,627.0,0.0,702.0,5645.0,324.29562691848963,19704.39679999998,20028.69242691847,2898.0,25.0,7.0,147.0,57.0,20.0,11.0,169.0,34.0,2.0,0.0,0.0,0.0
215,111,10,3123.0,3012.0,650.0,0.0,736.0,5645.0,281.3765629239738,20682.615999999973,20963.992562923948,2898.0,25.0,7.0,147.0,57.0,20.0,11.0,169.0,34.0,2.0,0.0,0.0,0.0
215,112,10,3176.0,3022.0,647.0,0.0,752.0,5645.0,404.46851367877025,18856.571199999984,19261.039713678754,2898.0,25.0,7.0,147.0,57.0,20.0,11.0,169.0,34.0,2.0,0.0,0.0,0.0
215,113,10,3077.0,2972.0,622.0,0.0,665.0,5645.0,323.0099955936528,22359.362799999977,22682.37279559363,2898.0,25.0,7.0,147.0,57.0,20.0,11.0,169.0,34.0,2.0,0.0,0.0,0.0
215,114,10,3111.0,3037.0,605.0,0.0,766.0,5645.0,527.4786420215488,20569.723999999977,21097.202642021522,2898.0,25.0,7.0,147.0,57.0,20.0,11.0,169.0,34.0,2.0,0.0,0.0,0.0
215,115,10,3067.0,3025.0,583.0,0.0,725.0,5645.0,485.1345363481997,20097.514799999986,20582.649336348186,2898.0,25.0,7.0,147.0,57.0,20.0,11.0,169.0,34.0,2.0,0.0,0.0,0.0
215,116,10,3138.0,3005.0,621.0,0.0,748.0,5645.0,487.5472647708046,20214.214399999983,20701.76166477079,2898.0,25.0,7.0,147.0,57.0,20.0,11.0,169.0,34.0,2.0,0.0,0.0,0.0
215,117,10,3106.0,3023.0,604.0,0.0,715.0,5645.0,240.53069314199539,20931.846799999985,21172.37749314198,2898.0,25.0,7.0,147.0,57.0,20.0,11.0,169.0,34.0,2.0,0.0,0.0,0.0
215,118,10,3140.0,3047.0,604.0,0.0,688.0,5645.0,201.6837023929469,22863.83639999997,23065.52010239292,2898.0,25.0,7.0,147.0,57.0,20.0,11.0,169.0,34.0,2.0,0.0,0.0,0.0
215,119,10,3152.0,3056.0,633.0,0.0,702.0,5645.0,159.28105915252465,21460.034399999982,21619.3154591525,2898.0,25.0,7.0,147.0,57.0,20.0,11.0,169.0,34.0,2.0,0.0,0.0,0.0
216,0,1,3151.0,3037.0,635.0,0.0,777.0,5645.0,605.432063223901,22864.23719999999,23469.669263223892,2898.0,25.0,7.0,147.0,57.0,20.0,11.0,169.0,34.0,2.0,0.0,0.0,0.0
216,1,1,3180.0,3091.0,615.0,0.0,749.0,5645.0,399.8800340205767,23858.622,24258.502034020574,2898.0,25.0,7.0,147.0,57.0,20.0,11.0,169.0,34.0,2.0,0.0,0.0,0.0
216,2,1,3286.0,3121.0,615.0,0.0,734.0,5645.0,643.4265034856331,21586.620399999985,22230.046903485618,2898.0,25.0,7.0,147.0,57.0,20.0,11.0,169.0,34.0,2.0,0.0,0.0,0.0
216,3,1,3204.0,3044.0,580.0,0.0,720.0,5645.0,443.2934428375073,23743.926399999982,24187.219842837487,2898.0,25.0,7.0,147.0,57.0,20.0,11.0,169.0,34.0,2.0,0.0,0.0,0.0
216,4,1,3219.0,3080.0,631.0,0.0,759.0,5645.0,443.13997251418675,22580.671199999982,23023.811172514168,2898.0,25.0,7.0,147.0,57.0,20.0,11.0,169.0,34.0,2.0,0.0,0.0,0.0
216,5,1,3161.0,3077.0,589.0,0.0,750.0,5645.0,522.5551556299946,23988.147199999974,24510.70235562997,2898.0,25.0,7.0,147.0,57.0,20.0,11.0,169.0,34.0,2.0,0.0,0.0,0.0
216,6,1,3252.0,3063.0,621.0,0.0,732.0,5645.0,358.7605302685126,23255.952399999976,23614.71293026849,2898.0,25.0,7.0,147.0,57.0,20.0,11.0,169.0,34.0,2.0,0.0,0.0,0.0
216,7,1,3210.0,3095.0,634.0,0.0,730.0,5645.0,481.53373999846235,23619.745199999976,24101.27893999844,2898.0,25.0,7.0,147.0,57.0,20.0,11.0,169.0,34.0,2.0,0.0,0.0,0.0
216,8,1,3198.0,3089.0,622.0,0.0,793.0,5645.0,524.3703096402004,24309.455199999982,24833.825509640177,2898.0,25.0,7.0,147.0,57.0,20.0,11.0,169.0,34.0,2.0,0.0,0.0,0.0
216,9,1,3188.0,3042.0,625.0,0.0,750.0,5645.0,519.8576337965433,22403.98519999999,22923.84283379653,2898.0,25.0,7.0,147.0,57.0,20.0,11.0,169.0,34.0,2.0,0.0,0.0,0.0
216,10,1,3250.0,3026.0,660.0,0.0,747.0,5645.0,359.82406471087467,25325.750399999975,25685.57446471085,2898.0,25.0,7.0,147.0,57.0,20.0,11.0,169.0,34.0,2.0,0.0,0.0,0.0
216,11,1,3190.0,3076.0,640.0,0.0,739.0,5645.0,524.3850326787667,24695.559199999967,25219.944232678736,2898.0,25.0,7.0,147.0,57.0,20.0,11.0,169.0,34.0,2.0,0.0,0.0,0.0
216,12,2,3185.0,3083.0,596.0,0.0,798.0,5645.0,564.6014125524117,24155.547999999973,24720.14941255239,2898.0,25.0,7.0,147.0,57.0,20.0,11.0,169.0,34.0,2.0,0.0,0.0,0.0
216,13,2,3197.0,3041.0,634.0,0.0,777.0,5645.0,482.81798094431525,23040.255199999978,23523.073180944295,2898.0,25.0,7.0,147.0,57.0,20.0,11.0,169.0,34.0,2.0,0.0,0.0,0.0
216,14,2,3193.0,3085.0,641.0,0.0,780.0,5645.0,563.4504915477968,25078.055999999975,25641.50649154777,2898.0,25.0,7.0,147.0,57.0,20.0,11.0,169.0,34.0,2.0,0.0,0.0,0.0
216,15,2,3256.0,3126.0,615.0,0.0,746.0,5645.0,442.11751662999336,22823.82319999998,23265.94071662997,2898.0,25.0,7.0,147.0,57.0,20.0,11.0,169.0,34.0,2.0,0.0,0.0,0.0
216,16,2,3218.0,3108.0,595.0,0.0,763.0,5645.0,565.2295728513263,22983.27479999998,23548.50437285131,2898.0,25.0,7.0,147.0,57.0,20.0,11.0,169.0,34.0,2.0,0.0,0.0,0.0
216,17,2,3178.0,3044.0,610.0,0.0,793.0,5645.0,441.6781097851512,25207.981999999975,25649.660109785127,2898.0,25.0,7.0,147.0,57.0,20.0,11.0,169.0,34.0,2.0,0.0,0.0,0.0
216,18,2,3255.0,3076.0,625.0,0.0,733.0,5645.0,319.94781304868496,22757.62439999998,23077.572213048665,2898.0,25.0,7.0,147.0,57.0,20.0,11.0,169.0,34.0,2.0,0.0,0.0,0.0
216,19,2,3284.0,3170.0,580.0,0.0,755.0,5645.0,442.3265367252207,22641.25879999998,23083.585336725202,2898.0,25.0,7.0,147.0,57.0,20.0,11.0,169.0,34.0,2.0,0.0,0.0,0.0
216,20,2,3203.0,3071.0,637.0,0.0,770.0,5645.0,524.2070562554213,25272.243599999973,25796.450656255394,2898.0,25.0,7.0,147.0,57.0,20.0,11.0,169.0,34.0,2.0,0.0,0.0,0.0
216,21,2,3261.0,3102.0,642.0,0.0,738.0,5645.0,563.1123133298997,23964.165999999987,24527.278313329887,2898.0,25.0,7.0,147.0,57.0,20.0,11.0,169.0,34.0,2.0,0.0,0.0,0.0
216,22,2,3137.0,3016.0,624.0,0.0,722.0,5645.0,362.1451300099217,24124.352399999985,24486.49753000991,2898.0,25.0,7.0,147.0,57.0,20.0,11.0,169.0,34.0,2.0,0.0,0.0,0.0
216,23,2,3142.0,3085.0,613.0,0.0,778.0,5645.0,481.6088580829151,22989.019599999985,23470.6284580829,2898.0,25.0,7.0,147.0,57.0,20.0,11.0,169.0,34.0,2.0,0.0,0.0,0.0
216,24,3,3210.0,3060.0,654.0,0.0,726.0,5645.0,684.7120319120713,23060.495599999987,23745.207631912057,2898.0,25.0,7.0,147.0,57.0,20.0,11.0,169.0,34.0,2.0,0.0,0.0,0.0
216,25,3,3169.0,3026.0,614.0,0.0,720.0,5645.0,481.08342881125157,24859.21919999998,25340.30262881123,2898.0,25.0,7.0,147.0,57.0,20.0,11.0,169.0,34.0,2.0,0.0,0.0,0.0
216,26,3,3211.0,3074.0,610.0,0.0,753.0,5645.0,320.19148073290296,23491.221999999972,23811.413480732877,2898.0,25.0,7.0,147.0,57.0,20.0,11.0,169.0,34.0,2.0,0.0,0.0,0.0
216,27,3,3153.0,3094.0,612.0,0.0,782.0,5645.0,401.16313909495784,24146.396399999983,24547.559539094942,2898.0,25.0,7.0,147.0,57.0,20.0,11.0,169.0,34.0,2.0,0.0,0.0,0.0
216,28,3,3115.0,3013.0,609.0,0.0,749.0,5645.0,440.85615003732715,22850.47639999997,23291.3325500373,2898.0,25.0,7.0,147.0,57.0,20.0,11.0,169.0,34.0,2.0,0.0,0.0,0.0
216,29,3,3143.0,3004.0,636.0,0.0,721.0,5645.0,400.2766696360567,23932.435999999972,24332.712669636032,2898.0,25.0,7.0,147.0,57.0,20.0,11.0,169.0,34.0,2.0,0.0,0.0,0.0
216,30,3,3167.0,3062.0,595.0,0.0,736.0,5645.0,483.3306840844695,24211.19239999998,24694.523084084452,2898.0,25.0,7.0,147.0,57.0,20.0,11.0,169.0,34.0,2.0,0.0,0.0,0.0
216,31,3,3195.0,3086.0,620.0,0.0,771.0,5645.0,563.9890029044512,24371.645999999975,24935.635002904426,2898.0,25.0,7.0,147.0,57.0,20.0,11.0,169.0,34.0,2.0,0.0,0.0,0.0
216,32,3,3227.0,3028.0,689.0,0.0,741.0,5645.0,318.72236568579723,23121.483999999975,23440.206365685768,2898.0,25.0,7.0,147.0,57.0,20.0,11.0,169.0,34.0,2.0,0.0,0.0,0.0
216,33,3,3215.0,3108.0,597.0,0.0,788.0,5645.0,440.29396963178874,23512.86519999998,23953.159169631774,2898.0,25.0,7.0,147.0,57.0,20.0,11.0,169.0,34.0,2.0,0.0,0.0,0.0
216,34,3,3218.0,3046.0,620.0,0.0,769.0,5645.0,317.5626440702226,24726.48759999998,25044.0502440702,2898.0,25.0,7.0,147.0,57.0,20.0,11.0,169.0,34.0,2.0,0.0,0.0,0.0
216,35,3,3136.0,3073.0,609.0,0.0,740.0,5645.0,440.63481262808875,23414.067999999977,23854.702812628067,2898.0,25.0,7.0,147.0,57.0,20.0,11.0,169.0,34.0,2.0,0.0,0.0,0.0
216,36,4,3212.0,3136.0,608.0,0.0,806.0,5645.0,399.4394057839585,24377.72479999999,24777.16420578395,2898.0,25.0,7.0,147.0,57.0,20.0,11.0,169.0,34.0,2.0,0.0,0.0,0.0
216,37,4,3187.0,3080.0,613.0,0.0,703.0,5645.0,725.1728088761657,23824.55399999998,24549.726808876145,2898.0,25.0,7.0,147.0,57.0,20.0,11.0,169.0,34.0,2.0,0.0,0.0,0.0
216,38,4,3181.0,3025.0,631.0,0.0,745.0,5645.0,601.755548906515,23322.084399999978,23923.839948906494,2898.0,25.0,7.0,147.0,57.0,20.0,11.0,169.0,34.0,2.0,0.0,0.0,0.0
216,39,4,3142.0,3075.0,601.0,0.0,754.0,5645.0,442.98492365464165,24098.56759999998,24541.552523654624,2898.0,25.0,7.0,147.0,57.0,20.0,11.0,169.0,34.0,2.0,0.0,0.0,0.0
216,40,4,3138.0,3037.0,660.0,0.0,742.0,5645.0,440.8577698886117,22365.50839999998,22806.36616988859,2898.0,25.0,7.0,147.0,57.0,20.0,11.0,169.0,34.0,2.0,0.0,0.0,0.0
216,41,4,3276.0,3106.0,669.0,0.0,767.0,5645.0,603.0896600086139,23846.063599999972,24449.15326000859,2898.0,25.0,7.0,147.0,57.0,20.0,11.0,169.0,34.0,2.0,0.0,0.0,0.0
216,42,4,3246.0,3096.0,657.0,0.0,770.0,5645.0,358.5753576389712,24332.83519999997,24691.41055763894,2898.0,25.0,7.0,147.0,57.0,20.0,11.0,169.0,34.0,2.0,0.0,0.0,0.0
216,43,4,3218.0,3146.0,567.0,0.0,722.0,5645.0,562.6687199349963,23928.02719999997,24490.69591993497,2898.0,25.0,7.0,147.0,57.0,20.0,11.0,169.0,34.0,2.0,0.0,0.0,0.0
216,44,4,3255.0,3090.0,663.0,0.0,779.0,5645.0,359.20427129153495,23345.865199999982,23705.069471291514,2898.0,25.0,7.0,147.0,57.0,20.0,11.0,169.0,34.0,2.0,0.0,0.0,0.0
216,45,4,3140.0,2959.0,633.0,0.0,731.0,5645.0,604.4748705397169,23942.656399999985,24547.1312705397,2898.0,25.0,7.0,147.0,57.0,20.0,11.0,169.0,34.0,2.0,0.0,0.0,0.0
216,46,4,3209.0,3153.0,605.0,0.0,740.0,5645.0,564.046349867509,22504.786399999975,23068.83274986748,2898.0,25.0,7.0,147.0,57.0,20.0,11.0,169.0,34.0,2.0,0.0,0.0,0.0
216,47,4,3176.0,3103.0,645.0,0.0,786.0,5645.0,522.2282367091656,22934.844799999977,23457.073036709146,2898.0,25.0,7.0,147.0,57.0,20.0,11.0,169.0,34.0,2.0,0.0,0.0,0.0
216,48,5,3201.0,3077.0,660.0,0.0,754.0,5645.0,441.3983839787627,22425.427999999978,22866.82638397874,2898.0,25.0,7.0,147.0,57.0,20.0,11.0,169.0,34.0,2.0,0.0,0.0,0.0
216,49,5,3162.0,3084.0,642.0,0.0,758.0,5645.0,727.0896618644458,23541.522399999983,24268.612061864427,2898.0,25.0,7.0,147.0,57.0,20.0,11.0,169.0,34.0,2.0,0.0,0.0,0.0
216,50,5,3216.0,3079.0,637.0,0.0,790.0,5645.0,442.2410930587948,24467.570799999972,24909.811893058763,2898.0,25.0,7.0,147.0,57.0,20.0,11.0,169.0,34.0,2.0,0.0,0.0,0.0
216,51,5,3145.0,3052.0,620.0,0.0,755.0,5645.0,604.4153192641652,23640.386399999978,24244.801719264142,2898.0,25.0,7.0,147.0,57.0,20.0,11.0,169.0,34.0,2.0,0.0,0.0,0.0
216,52,5,3232.0,3146.0,645.0,0.0,785.0,5645.0,362.5733467942922,23770.44599999999,24133.01934679428,2898.0,25.0,7.0,147.0,57.0,20.0,11.0,169.0,34.0,2.0,0.0,0.0,0.0
216,53,5,3219.0,3073.0,631.0,0.0,783.0,5645.0,482.15071331329034,23788.682399999983,24270.833113313274,2898.0,25.0,7.0,147.0,57.0,20.0,11.0,169.0,34.0,2.0,0.0,0.0,0.0
216,54,5,3194.0,3051.0,631.0,0.0,786.0,5645.0,604.6219349171922,21972.18999999998,22576.811934917172,2898.0,25.0,7.0,147.0,57.0,20.0,11.0,169.0,34.0,2.0,0.0,0.0,0.0
216,55,5,3223.0,3066.0,626.0,0.0,791.0,5645.0,643.7815908795344,24719.673999999966,25363.455590879505,2898.0,25.0,7.0,147.0,57.0,20.0,11.0,169.0,34.0,2.0,0.0,0.0,0.0
216,56,5,3174.0,3084.0,647.0,0.0,805.0,5645.0,604.7127509316556,24260.156799999968,24864.869550931624,2898.0,25.0,7.0,147.0,57.0,20.0,11.0,169.0,34.0,2.0,0.0,0.0,0.0
216,57,5,3200.0,2999.0,614.0,0.0,724.0,5645.0,441.3663620242725,22479.936799999985,22921.30316202426,2898.0,25.0,7.0,147.0,57.0,20.0,11.0,169.0,34.0,2.0,0.0,0.0,0.0
216,58,5,3241.0,3154.0,615.0,0.0,755.0,5645.0,399.322110631493,24786.60759999998,25185.929710631477,2898.0,25.0,7.0,147.0,57.0,20.0,11.0,169.0,34.0,2.0,0.0,0.0,0.0
216,59,5,3214.0,3048.0,631.0,0.0,735.0,5645.0,358.9464981955132,22357.759599999983,22716.706098195496,2898.0,25.0,7.0,147.0,57.0,20.0,11.0,169.0,34.0,2.0,0.0,0.0,0.0
216,60,6,3173.0,3085.0,613.0,0.0,772.0,5645.0,520.602719419516,22457.49199999998,22978.094719419496,2898.0,25.0,7.0,147.0,57.0,20.0,11.0,169.0,34.0,2.0,0.0,0.0,0.0
216,61,6,3163.0,3019.0,629.0,0.0,744.0,5645.0,360.59478149132326,22099.978399999978,22460.5731814913,2898.0,25.0,7.0,147.0,57.0,20.0,11.0,169.0,34.0,2.0,0.0,0.0,0.0
216,62,6,3166.0,3065.0,627.0,0.0,792.0,5645.0,401.23725866561597,21464.710399999996,21865.947658665613,2898.0,25.0,7.0,147.0,57.0,20.0,11.0,169.0,34.0,2.0,0.0,0.0,0.0
216,63,6,3218.0,3082.0,640.0,0.0,793.0,5645.0,400.1145875084326,23819.410399999986,24219.52498750842,2898.0,25.0,7.0,147.0,57.0,20.0,11.0,169.0,34.0,2.0,0.0,0.0,0.0
216,64,6,3235.0,3111.0,610.0,0.0,743.0,5645.0,603.5511855147918,23455.283599999973,24058.834785514762,2898.0,25.0,7.0,147.0,57.0,20.0,11.0,169.0,34.0,2.0,0.0,0.0,0.0
216,65,6,3125.0,3035.0,601.0,0.0,771.0,5645.0,321.0335499383542,23155.685599999975,23476.719149938326,2898.0,25.0,7.0,147.0,57.0,20.0,11.0,169.0,34.0,2.0,0.0,0.0,0.0
216,66,6,3222.0,3114.0,602.0,0.0,751.0,5645.0,603.3606634898672,24927.488799999974,25530.849463489838,2898.0,25.0,7.0,147.0,57.0,20.0,11.0,169.0,34.0,2.0,0.0,0.0,0.0
216,67,6,3200.0,3010.0,618.0,0.0,796.0,5645.0,441.32724051651786,25128.95759999997,25570.284840516488,2898.0,25.0,7.0,147.0,57.0,20.0,11.0,169.0,34.0,2.0,0.0,0.0,0.0
216,68,6,3201.0,3038.0,629.0,0.0,759.0,5645.0,522.6421271348229,23638.649599999975,24161.291727134798,2898.0,25.0,7.0,147.0,57.0,20.0,11.0,169.0,34.0,2.0,0.0,0.0,0.0
216,69,6,3187.0,3072.0,604.0,0.0,752.0,5645.0,399.0684788392296,24342.120399999963,24741.188878839188,2898.0,25.0,7.0,147.0,57.0,20.0,11.0,169.0,34.0,2.0,0.0,0.0,0.0
216,70,6,3215.0,3135.0,587.0,0.0,756.0,5645.0,280.4758517100471,24569.44079999998,24849.916651710024,2898.0,25.0,7.0,147.0,57.0,20.0,11.0,169.0,34.0,2.0,0.0,0.0,0.0
216,71,6,3159.0,3042.0,593.0,0.0,757.0,5645.0,483.17652644623445,24098.968399999983,24582.144926446214,2898.0,25.0,7.0,147.0,57.0,20.0,11.0,169.0,34.0,2.0,0.0,0.0,0.0
216,72,7,3234.0,3065.0,646.0,0.0,746.0,5645.0,727.1147461193939,24718.805599999978,25445.920346119376,2898.0,25.0,7.0,147.0,57.0,20.0,11.0,169.0,34.0,2.0,0.0,0.0,0.0
216,73,7,3220.0,3114.0,640.0,0.0,813.0,5645.0,642.6045833319333,24299.435199999964,24942.039783331904,2898.0,25.0,7.0,147.0,57.0,20.0,11.0,169.0,34.0,2.0,0.0,0.0,0.0
216,74,7,3181.0,2988.0,674.0,0.0,747.0,5645.0,726.3719926757769,23809.590799999984,24535.96279267576,2898.0,25.0,7.0,147.0,57.0,20.0,11.0,169.0,34.0,2.0,0.0,0.0,0.0
216,75,7,3166.0,3098.0,606.0,0.0,746.0,5645.0,318.1137188544757,25422.67719999998,25740.790918854458,2898.0,25.0,7.0,147.0,57.0,20.0,11.0,169.0,34.0,2.0,0.0,0.0,0.0
216,76,7,3194.0,3101.0,640.0,0.0,744.0,5645.0,644.0800019543345,23300.040399999976,23944.12040195431,2898.0,25.0,7.0,147.0,57.0,20.0,11.0,169.0,34.0,2.0,0.0,0.0,0.0
216,77,7,3189.0,3055.0,624.0,0.0,711.0,5645.0,359.5843731966467,22690.62399999998,23050.208373196627,2898.0,25.0,7.0,147.0,57.0,20.0,11.0,169.0,34.0,2.0,0.0,0.0,0.0
216,78,7,3186.0,3024.0,649.0,0.0,748.0,5645.0,358.3997600832904,25184.53519999998,25542.934960083272,2898.0,25.0,7.0,147.0,57.0,20.0,11.0,169.0,34.0,2.0,0.0,0.0,0.0
216,79,7,3226.0,3102.0,673.0,0.0,816.0,5645.0,685.3591366643809,24617.336399999993,25302.695536664367,2898.0,25.0,7.0,147.0,57.0,20.0,11.0,169.0,34.0,2.0,0.0,0.0,0.0
216,80,7,3198.0,3045.0,640.0,0.0,763.0,5645.0,687.0009335756802,22025.229199999972,22712.230133575657,2898.0,25.0,7.0,147.0,57.0,20.0,11.0,169.0,34.0,2.0,0.0,0.0,0.0
216,81,7,3248.0,3088.0,654.0,0.0,749.0,5645.0,483.67649248072644,22672.52119999999,23156.197692480717,2898.0,25.0,7.0,147.0,57.0,20.0,11.0,169.0,34.0,2.0,0.0,0.0,0.0
216,82,7,3197.0,3075.0,647.0,0.0,766.0,5645.0,361.5954068273714,23621.14799999998,23982.74340682735,2898.0,25.0,7.0,147.0,57.0,20.0,11.0,169.0,34.0,2.0,0.0,0.0,0.0
216,83,7,3232.0,3055.0,668.0,0.0,770.0,5645.0,482.0772379677861,22302.582799999982,22784.660037967766,2898.0,25.0,7.0,147.0,57.0,20.0,11.0,169.0,34.0,2.0,0.0,0.0,0.0
216,84,8,3181.0,3073.0,624.0,0.0,725.0,5645.0,522.9126766846813,24626.55479999998,25149.467476684662,2898.0,25.0,7.0,147.0,57.0,20.0,11.0,169.0,34.0,2.0,0.0,0.0,0.0
216,85,8,3200.0,3080.0,564.0,0.0,721.0,5645.0,482.73474438178215,23693.02479999998,24175.759544381763,2898.0,25.0,7.0,147.0,57.0,20.0,11.0,169.0,34.0,2.0,0.0,0.0,0.0
216,86,8,3166.0,3094.0,603.0,0.0,700.0,5645.0,440.6384222571655,23270.848799999967,23711.487222257136,2898.0,25.0,7.0,147.0,57.0,20.0,11.0,169.0,34.0,2.0,0.0,0.0,0.0
216,87,8,3212.0,3075.0,618.0,0.0,772.0,5645.0,278.4099164113045,25574.379999999976,25852.789916411282,2898.0,25.0,7.0,147.0,57.0,20.0,11.0,169.0,34.0,2.0,0.0,0.0,0.0
216,88,8,3204.0,3001.0,668.0,0.0,729.0,5645.0,563.8082388083212,24347.731599999977,24911.539838808294,2898.0,25.0,7.0,147.0,57.0,20.0,11.0,169.0,34.0,2.0,0.0,0.0,0.0
216,89,8,3162.0,3057.0,663.0,0.0,802.0,5645.0,603.527169808253,23111.397199999985,23714.924369808235,2898.0,25.0,7.0,147.0,57.0,20.0,11.0,169.0,34.0,2.0,0.0,0.0,0.0
216,90,8,3190.0,3062.0,626.0,0.0,803.0,5645.0,401.9694218231068,24030.565199999983,24432.53462182309,2898.0,25.0,7.0,147.0,57.0,20.0,11.0,169.0,34.0,2.0,0.0,0.0,0.0
216,91,8,3212.0,3057.0,605.0,0.0,717.0,5645.0,399.4944128526918,23201.643999999986,23601.138412852677,2898.0,25.0,7.0,147.0,57.0,20.0,11.0,169.0,34.0,2.0,0.0,0.0,0.0
216,92,8,3229.0,3130.0,632.0,0.0,772.0,5645.0,195.6941809221887,23364.635999999973,23560.330180922167,2898.0,25.0,7.0,147.0,57.0,20.0,11.0,169.0,34.0,2.0,0.0,0.0,0.0
216,93,8,3251.0,3056.0,637.0,0.0,764.0,5645.0,442.1573246146304,24433.03519999997,24875.1925246146,2898.0,25.0,7.0,147.0,57.0,20.0,11.0,169.0,34.0,2.0,0.0,0.0,0.0
216,94,8,3146.0,3017.0,630.0,0.0,751.0,5645.0,767.0679979143317,23526.225199999975,24293.293197914303,2898.0,25.0,7.0,147.0,57.0,20.0,11.0,169.0,34.0,2.0,0.0,0.0,0.0
216,95,8,3217.0,3108.0,581.0,0.0,701.0,5645.0,195.32858503102946,23032.239199999978,23227.56778503101,2898.0,25.0,7.0,147.0,57.0,20.0,11.0,169.0,34.0,2.0,0.0,0.0,0.0
216,96,9,3234.0,3094.0,618.0,0.0,747.0,5645.0,359.2872750366262,22033.645999999982,22392.93327503661,2898.0,25.0,7.0,147.0,57.0,20.0,11.0,169.0,34.0,2.0,0.0,0.0,0.0
216,97,9,3220.0,3043.0,662.0,0.0,754.0,5645.0,279.9386246549135,24843.988799999966,25123.927424654874,2898.0,25.0,7.0,147.0,57.0,20.0,11.0,169.0,34.0,2.0,0.0,0.0,0.0
216,98,9,3248.0,3116.0,616.0,0.0,713.0,5645.0,645.6591368114312,25407.71399999997,26053.373136811402,2898.0,25.0,7.0,147.0,57.0,20.0,11.0,169.0,34.0,2.0,0.0,0.0,0.0
216,99,9,3167.0,3051.0,649.0,0.0,773.0,5645.0,604.7183777724234,24397.497599999973,25002.215977772397,2898.0,25.0,7.0,147.0,57.0,20.0,11.0,169.0,34.0,2.0,0.0,0.0,0.0
216,100,9,3256.0,3117.0,646.0,0.0,782.0,5645.0,440.8186261153745,24242.85559999998,24683.674226115352,2898.0,25.0,7.0,147.0,57.0,20.0,11.0,169.0,34.0,2.0,0.0,0.0,0.0
216,101,9,3227.0,3147.0,649.0,0.0,780.0,5645.0,562.1009882474066,23197.301999999985,23759.40298824739,2898.0,25.0,7.0,147.0,57.0,20.0,11.0,169.0,34.0,2.0,0.0,0.0,0.0
216,102,9,3248.0,3056.0,656.0,0.0,732.0,5645.0,768.1864242681343,23866.77159999998,24634.958024268115,2898.0,25.0,7.0,147.0,57.0,20.0,11.0,169.0,34.0,2.0,0.0,0.0,0.0
216,103,9,3161.0,3050.0,637.0,0.0,780.0,5645.0,239.04918713470602,23488.14919999999,23727.198387134697,2898.0,25.0,7.0,147.0,57.0,20.0,11.0,169.0,34.0,2.0,0.0,0.0,0.0
216,104,9,3192.0,3042.0,638.0,0.0,773.0,5645.0,318.83020000623696,22046.87239999998,22365.702600006218,2898.0,25.0,7.0,147.0,57.0,20.0,11.0,169.0,34.0,2.0,0.0,0.0,0.0
216,105,9,3229.0,3067.0,625.0,0.0,793.0,5645.0,565.9436808206867,22342.52919999998,22908.472880820667,2898.0,25.0,7.0,147.0,57.0,20.0,11.0,169.0,34.0,2.0,0.0,0.0,0.0
216,106,9,3089.0,3035.0,619.0,0.0,787.0,5645.0,360.50979286476775,24492.687599999976,24853.197392864742,2898.0,25.0,7.0,147.0,57.0,20.0,11.0,169.0,34.0,2.0,0.0,0.0,0.0
216,107,9,3182.0,3044.0,646.0,0.0,699.0,5645.0,477.91765027992625,23348.33679999998,23826.254450279906,2898.0,25.0,7.0,147.0,57.0,20.0,11.0,169.0,34.0,2.0,0.0,0.0,0.0
216,108,10,3228.0,3081.0,629.0,0.0,747.0,5645.0,602.1794997225927,22952.680399999983,23554.859899722578,2898.0,25.0,7.0,147.0,57.0,20.0,11.0,169.0,34.0,2.0,0.0,0.0,0.0
216,109,10,3158.0,3033.0,644.0,0.0,767.0,5645.0,482.7809971156278,22514.47239999998,22997.253397115608,2898.0,25.0,7.0,147.0,57.0,20.0,11.0,169.0,34.0,2.0,0.0,0.0,0.0
216,110,10,3193.0,3050.0,660.0,0.0,774.0,5645.0,440.1495305502435,23177.328799999967,23617.478330550206,2898.0,25.0,7.0,147.0,57.0,20.0,11.0,169.0,34.0,2.0,0.0,0.0,0.0
216,111,10,3247.0,3065.0,653.0,0.0,786.0,5645.0,482.5777394602044,21753.687199999993,22236.264939460198,2898.0,25.0,7.0,147.0,57.0,20.0,11.0,169.0,34.0,2.0,0.0,0.0,0.0
216,112,10,3154.0,3060.0,589.0,0.0,685.0,5645.0,319.63738241760484,24581.932399999983,24901.569782417584,2898.0,25.0,7.0,147.0,57.0,20.0,11.0,169.0,34.0,2.0,0.0,0.0,0.0
216,113,10,3184.0,3066.0,622.0,0.0,785.0,5645.0,645.7916195175334,23955.749199999973,24601.540819517504,2898.0,25.0,7.0,147.0,57.0,20.0,11.0,169.0,34.0,2.0,0.0,0.0,0.0
216,114,10,3148.0,3079.0,587.0,0.0,760.0,5645.0,724.2962723222271,23244.59639999999,23968.892672322218,2898.0,25.0,7.0,147.0,57.0,20.0,11.0,169.0,34.0,2.0,0.0,0.0,0.0
216,115,10,3213.0,3057.0,624.0,0.0,762.0,5645.0,401.06894330851003,22643.19599999999,23044.2649433085,2898.0,25.0,7.0,147.0,57.0,20.0,11.0,169.0,34.0,2.0,0.0,0.0,0.0
216,116,10,3165.0,3064.0,601.0,0.0,730.0,5645.0,237.34611444270416,23198.97199999998,23436.318114442685,2898.0,25.0,7.0,147.0,57.0,20.0,11.0,169.0,34.0,2.0,0.0,0.0,0.0
216,117,10,3205.0,3081.0,611.0,0.0,720.0,5645.0,642.7715461709015,25432.763999999974,26075.535546170875,2898.0,25.0,7.0,147.0,57.0,20.0,11.0,169.0,34.0,2.0,0.0,0.0,0.0
216,118,10,3211.0,3083.0,641.0,0.0,721.0,5645.0,277.637707280132,23209.526399999984,23487.16410728012,2898.0,25.0,7.0,147.0,57.0,20.0,11.0,169.0,34.0,2.0,0.0,0.0,0.0
216,119,10,3210.0,3063.0,666.0,0.0,738.0,5645.0,399.2900316184103,22962.96759999997,23362.25763161838,2898.0,25.0,7.0,147.0,57.0,20.0,11.0,169.0,34.0,2.0,0.0,0.0,0.0
217,0,1,3198.0,3071.0,646.0,0.0,760.0,5645.0,355.92680271664426,20137.59479999999,20493.521602716635,2898.0,25.0,7.0,147.0,57.0,20.0,11.0,169.0,34.0,2.0,0.0,0.0,0.0
217,1,1,3301.0,3081.0,664.0,0.0,780.0,5645.0,518.2029517070237,18299.592799999995,18817.795751707017,2898.0,25.0,7.0,147.0,57.0,20.0,11.0,169.0,34.0,2.0,0.0,0.0,0.0
217,2,1,3234.0,3024.0,622.0,0.0,749.0,5645.0,357.2233447266481,20276.071199999984,20633.294544726632,2898.0,25.0,7.0,147.0,57.0,20.0,11.0,169.0,34.0,2.0,0.0,0.0,0.0
217,3,1,3242.0,3054.0,672.0,0.0,796.0,5645.0,520.0934956611864,19449.955599999987,19970.049095661176,2898.0,25.0,7.0,147.0,57.0,20.0,11.0,169.0,34.0,2.0,0.0,0.0,0.0
217,4,1,3181.0,3051.0,627.0,0.0,776.0,5645.0,437.6386599800628,21957.62759999998,22395.266259980046,2898.0,25.0,7.0,147.0,57.0,20.0,11.0,169.0,34.0,2.0,0.0,0.0,0.0
217,5,1,3272.0,3034.0,660.0,0.0,745.0,5645.0,436.0406458230731,20096.445999999985,20532.48664582306,2898.0,25.0,7.0,147.0,57.0,20.0,11.0,169.0,34.0,2.0,0.0,0.0,0.0
217,6,1,3229.0,3055.0,683.0,0.0,757.0,5645.0,477.08462509854394,19694.176399999975,20171.261025098524,2898.0,25.0,7.0,147.0,57.0,20.0,11.0,169.0,34.0,2.0,0.0,0.0,0.0
217,7,1,3226.0,3075.0,650.0,0.0,807.0,5645.0,358.7316211498326,20901.586399999982,21260.318021149815,2898.0,25.0,7.0,147.0,57.0,20.0,11.0,169.0,34.0,2.0,0.0,0.0,0.0
217,8,1,3218.0,3031.0,654.0,0.0,790.0,5645.0,478.72053279151777,19443.008399999995,19921.728932791513,2898.0,25.0,7.0,147.0,57.0,20.0,11.0,169.0,34.0,2.0,0.0,0.0,0.0
217,9,1,3270.0,2999.0,698.0,0.0,774.0,5645.0,397.8352874047836,21384.483599999978,21782.318887404763,2898.0,25.0,7.0,147.0,57.0,20.0,11.0,169.0,34.0,2.0,0.0,0.0,0.0
217,10,1,3208.0,3045.0,683.0,0.0,764.0,5645.0,601.8427723969627,20652.42239999998,21254.265172396947,2898.0,25.0,7.0,147.0,57.0,20.0,11.0,169.0,34.0,2.0,0.0,0.0,0.0
217,11,1,3203.0,3058.0,631.0,0.0,803.0,5645.0,520.0046275004602,21108.06519999998,21628.069827500436,2898.0,25.0,7.0,147.0,57.0,20.0,11.0,169.0,34.0,2.0,0.0,0.0,0.0
217,12,2,3215.0,3009.0,678.0,0.0,800.0,5645.0,478.70167783465587,20055.163599999985,20533.865277834644,2898.0,25.0,7.0,147.0,57.0,20.0,11.0,169.0,34.0,2.0,0.0,0.0,0.0
217,13,2,3206.0,3057.0,677.0,0.0,799.0,5645.0,519.7951281923857,21508.531199999983,22028.326328192372,2898.0,25.0,7.0,147.0,57.0,20.0,11.0,169.0,34.0,2.0,0.0,0.0,0.0
217,14,2,3281.0,3093.0,664.0,0.0,775.0,5645.0,478.55434834618654,18390.707999999988,18869.262348346176,2898.0,25.0,7.0,147.0,57.0,20.0,11.0,169.0,34.0,2.0,0.0,0.0,0.0
217,15,2,3234.0,3085.0,631.0,0.0,788.0,5645.0,601.6755141365509,20354.360799999988,20956.036314136538,2898.0,25.0,7.0,147.0,57.0,20.0,11.0,169.0,34.0,2.0,0.0,0.0,0.0
217,16,2,3201.0,3012.0,658.0,0.0,792.0,5645.0,396.57112255450363,21067.91839999997,21464.48952255447,2898.0,25.0,7.0,147.0,57.0,20.0,11.0,169.0,34.0,2.0,0.0,0.0,0.0
217,17,2,3285.0,3052.0,669.0,0.0,753.0,5645.0,356.9028303962882,19974.402399999977,20331.30523039626,2898.0,25.0,7.0,147.0,57.0,20.0,11.0,169.0,34.0,2.0,0.0,0.0,0.0
217,18,2,3311.0,3139.0,625.0,0.0,781.0,5645.0,520.126241768597,18838.33479999999,19358.461041768584,2898.0,25.0,7.0,147.0,57.0,20.0,11.0,169.0,34.0,2.0,0.0,0.0,0.0
217,19,2,3231.0,3049.0,681.0,0.0,797.0,5645.0,399.0694432835589,21336.587999999978,21735.657443283537,2898.0,25.0,7.0,147.0,57.0,20.0,11.0,169.0,34.0,2.0,0.0,0.0,0.0
217,20,2,3280.0,3088.0,671.0,0.0,751.0,5645.0,518.2457934452227,20474.73439999999,20992.980193445215,2898.0,25.0,7.0,147.0,57.0,20.0,11.0,169.0,34.0,2.0,0.0,0.0,0.0
217,21,2,3164.0,2987.0,671.0,0.0,747.0,5645.0,316.74544643700176,21160.03559999998,21476.781046436983,2898.0,25.0,7.0,147.0,57.0,20.0,11.0,169.0,34.0,2.0,0.0,0.0,0.0
217,22,2,3158.0,3064.0,641.0,0.0,779.0,5645.0,559.9501858342534,20816.549999999977,21376.500185834233,2898.0,25.0,7.0,147.0,57.0,20.0,11.0,169.0,34.0,2.0,0.0,0.0,0.0
217,23,2,3231.0,3017.0,708.0,0.0,752.0,5645.0,680.7152814827333,19804.730399999986,20485.445681482717,2898.0,25.0,7.0,147.0,57.0,20.0,11.0,169.0,34.0,2.0,0.0,0.0,0.0
217,24,3,3194.0,3008.0,651.0,0.0,773.0,5645.0,395.65933893364956,20534.119599999987,20929.77893893364,2898.0,25.0,7.0,147.0,57.0,20.0,11.0,169.0,34.0,2.0,0.0,0.0,0.0
217,25,3,3228.0,3049.0,647.0,0.0,758.0,5645.0,397.31529949652924,18963.65159999999,19360.966899496518,2898.0,25.0,7.0,147.0,57.0,20.0,11.0,169.0,34.0,2.0,0.0,0.0,0.0
217,26,3,3182.0,3077.0,647.0,0.0,800.0,5645.0,356.7916328173638,19901.256399999995,20258.048032817358,2898.0,25.0,7.0,147.0,57.0,20.0,11.0,169.0,34.0,2.0,0.0,0.0,0.0
217,27,3,3134.0,2978.0,657.0,0.0,767.0,5645.0,396.2164989605111,19135.260799999982,19531.47729896049,2898.0,25.0,7.0,147.0,57.0,20.0,11.0,169.0,34.0,2.0,0.0,0.0,0.0
217,28,3,3167.0,2985.0,670.0,0.0,736.0,5645.0,396.3293803860251,20930.91159999998,21327.240980386003,2898.0,25.0,7.0,147.0,57.0,20.0,11.0,169.0,34.0,2.0,0.0,0.0,0.0
217,29,3,3187.0,3032.0,633.0,0.0,753.0,5645.0,439.48549247062556,20817.084399999985,21256.569892470612,2898.0,25.0,7.0,147.0,57.0,20.0,11.0,169.0,34.0,2.0,0.0,0.0,0.0
217,30,3,3221.0,3069.0,652.0,0.0,799.0,5645.0,561.0676755258469,20749.549599999988,21310.617275525834,2898.0,25.0,7.0,147.0,57.0,20.0,11.0,169.0,34.0,2.0,0.0,0.0,0.0
217,31,3,3253.0,2988.0,750.0,0.0,785.0,5645.0,356.94480676817216,19933.587599999984,20290.532406768158,2898.0,25.0,7.0,147.0,57.0,20.0,11.0,169.0,34.0,2.0,0.0,0.0,0.0
217,32,3,3237.0,3082.0,643.0,0.0,808.0,5645.0,477.2436123682975,20234.721999999976,20711.965612368273,2898.0,25.0,7.0,147.0,57.0,20.0,11.0,169.0,34.0,2.0,0.0,0.0,0.0
217,33,3,3246.0,3005.0,678.0,0.0,782.0,5645.0,476.6695824192159,19798.651599999983,20275.3211824192,2898.0,25.0,7.0,147.0,57.0,20.0,11.0,169.0,34.0,2.0,0.0,0.0,0.0
217,34,3,3162.0,3050.0,648.0,0.0,771.0,5645.0,436.95679241912393,19942.20479999998,20379.16159241911,2898.0,25.0,7.0,147.0,57.0,20.0,11.0,169.0,34.0,2.0,0.0,0.0,0.0
217,35,3,3232.0,3109.0,647.0,0.0,828.0,5645.0,476.9738130490127,20642.869999999984,21119.843813049,2898.0,25.0,7.0,147.0,57.0,20.0,11.0,169.0,34.0,2.0,0.0,0.0,0.0
217,36,4,3210.0,3051.0,655.0,0.0,731.0,5645.0,640.7350625091835,19862.846399999984,20503.581462509166,2898.0,25.0,7.0,147.0,57.0,20.0,11.0,169.0,34.0,2.0,0.0,0.0,0.0
217,37,4,3200.0,2993.0,671.0,0.0,768.0,5645.0,598.2767547844635,19520.229199999983,20118.505954784447,2898.0,25.0,7.0,147.0,57.0,20.0,11.0,169.0,34.0,2.0,0.0,0.0,0.0
217,38,4,3165.0,3039.0,652.0,0.0,775.0,5645.0,520.1282184178827,20964.177999999985,21484.306218417867,2898.0,25.0,7.0,147.0,57.0,20.0,11.0,169.0,34.0,2.0,0.0,0.0,0.0
217,39,4,3163.0,3028.0,682.0,0.0,748.0,5645.0,478.3814116583237,20064.64919999999,20543.03061165831,2898.0,25.0,7.0,147.0,57.0,20.0,11.0,169.0,34.0,2.0,0.0,0.0,0.0
217,40,4,3290.0,3077.0,702.0,0.0,775.0,5645.0,761.5497151714758,20204.728799999983,20966.27851517146,2898.0,25.0,7.0,147.0,57.0,20.0,11.0,169.0,34.0,2.0,0.0,0.0,0.0
217,41,4,3270.0,3079.0,690.0,0.0,784.0,5645.0,395.645106601105,20518.688799999978,20914.33390660108,2898.0,25.0,7.0,147.0,57.0,20.0,11.0,169.0,34.0,2.0,0.0,0.0,0.0
217,42,4,3236.0,3110.0,611.0,0.0,738.0,5645.0,640.2819218232219,20264.447999999982,20904.729921823204,2898.0,25.0,7.0,147.0,57.0,20.0,11.0,169.0,34.0,2.0,0.0,0.0,0.0
217,43,4,3270.0,3070.0,697.0,0.0,792.0,5645.0,314.2344567009706,19934.522799999984,20248.757256700956,2898.0,25.0,7.0,147.0,57.0,20.0,11.0,169.0,34.0,2.0,0.0,0.0,0.0
217,44,4,3160.0,2934.0,671.0,0.0,748.0,5645.0,639.8375118425515,20677.47239999998,21317.309911842534,2898.0,25.0,7.0,147.0,57.0,20.0,11.0,169.0,34.0,2.0,0.0,0.0,0.0
217,45,4,3234.0,3126.0,642.0,0.0,754.0,5645.0,519.5033096295152,19501.257999999987,20020.7613096295,2898.0,25.0,7.0,147.0,57.0,20.0,11.0,169.0,34.0,2.0,0.0,0.0,0.0
217,46,4,3207.0,3083.0,684.0,0.0,803.0,5645.0,559.5416856707365,19718.224399999985,20277.766085670723,2898.0,25.0,7.0,147.0,57.0,20.0,11.0,169.0,34.0,2.0,0.0,0.0,0.0
217,47,4,3214.0,3052.0,691.0,0.0,777.0,5645.0,518.7277809433192,19304.398399999987,19823.126180943305,2898.0,25.0,7.0,147.0,57.0,20.0,11.0,169.0,34.0,2.0,0.0,0.0,0.0
217,48,5,3191.0,3055.0,685.0,0.0,786.0,5645.0,803.2146779597056,20080.814799999993,20884.029477959695,2898.0,25.0,7.0,147.0,57.0,20.0,11.0,169.0,34.0,2.0,0.0,0.0,0.0
217,49,5,3239.0,3062.0,671.0,0.0,800.0,5645.0,640.5346670316402,20199.117599999983,20839.652267031626,2898.0,25.0,7.0,147.0,57.0,20.0,11.0,169.0,34.0,2.0,0.0,0.0,0.0
217,50,5,3170.0,3033.0,657.0,0.0,785.0,5645.0,682.2412625460513,20556.96519999998,21239.206462546033,2898.0,25.0,7.0,147.0,57.0,20.0,11.0,169.0,34.0,2.0,0.0,0.0,0.0
217,51,5,3252.0,3114.0,687.0,0.0,809.0,5645.0,480.1131541889672,20742.80279999999,21222.915954188957,2898.0,25.0,7.0,147.0,57.0,20.0,11.0,169.0,34.0,2.0,0.0,0.0,0.0
217,52,5,3240.0,3048.0,667.0,0.0,799.0,5645.0,478.3331336127676,20513.67879999999,20992.011933612757,2898.0,25.0,7.0,147.0,57.0,20.0,11.0,169.0,34.0,2.0,0.0,0.0,0.0
217,53,5,3219.0,3018.0,676.0,0.0,805.0,5645.0,640.9859705801056,19151.359599999978,19792.34557058008,2898.0,25.0,7.0,147.0,57.0,20.0,11.0,169.0,34.0,2.0,0.0,0.0,0.0
217,54,5,3246.0,3048.0,659.0,0.0,807.0,5645.0,599.4221744115341,20534.787599999978,21134.209774411516,2898.0,25.0,7.0,147.0,57.0,20.0,11.0,169.0,34.0,2.0,0.0,0.0,0.0
217,55,5,3196.0,3065.0,681.0,0.0,822.0,5645.0,722.4340616893675,21069.922399999978,21792.356461689345,2898.0,25.0,7.0,147.0,57.0,20.0,11.0,169.0,34.0,2.0,0.0,0.0,0.0
217,56,5,3230.0,2994.0,633.0,0.0,719.0,5645.0,477.09908273731116,18784.15999999998,19261.2590827373,2898.0,25.0,7.0,147.0,57.0,20.0,11.0,169.0,34.0,2.0,0.0,0.0,0.0
217,57,5,3261.0,3135.0,648.0,0.0,759.0,5645.0,396.204074754652,20980.944799999987,21377.14887475464,2898.0,25.0,7.0,147.0,57.0,20.0,11.0,169.0,34.0,2.0,0.0,0.0,0.0
217,58,5,3227.0,3005.0,679.0,0.0,769.0,5645.0,395.87269310342333,18889.303199999984,19285.17589310341,2898.0,25.0,7.0,147.0,57.0,20.0,11.0,169.0,34.0,2.0,0.0,0.0,0.0
217,59,5,3195.0,3054.0,657.0,0.0,819.0,5645.0,599.8039988830993,19647.082399999985,20246.886398883085,2898.0,25.0,7.0,147.0,57.0,20.0,11.0,169.0,34.0,2.0,0.0,0.0,0.0
217,60,6,3186.0,2995.0,662.0,0.0,768.0,5645.0,438.8509493690905,18860.97999999999,19299.83094936908,2898.0,25.0,7.0,147.0,57.0,20.0,11.0,169.0,34.0,2.0,0.0,0.0,0.0
217,61,6,3181.0,3035.0,670.0,0.0,822.0,5645.0,397.9702895744512,19062.782799999994,19460.753089574442,2898.0,25.0,7.0,147.0,57.0,20.0,11.0,169.0,34.0,2.0,0.0,0.0,0.0
217,62,6,3239.0,3055.0,677.0,0.0,807.0,5645.0,437.2642336271123,19882.15159999999,20319.4158336271,2898.0,25.0,7.0,147.0,57.0,20.0,11.0,169.0,34.0,2.0,0.0,0.0,0.0
217,63,6,3252.0,3069.0,659.0,0.0,787.0,5645.0,641.4645298769824,20198.048799999982,20839.513329876965,2898.0,25.0,7.0,147.0,57.0,20.0,11.0,169.0,34.0,2.0,0.0,0.0,0.0
217,64,6,3153.0,3010.0,643.0,0.0,790.0,5645.0,275.48191923325686,19007.806399999987,19283.288319233245,2898.0,25.0,7.0,147.0,57.0,20.0,11.0,169.0,34.0,2.0,0.0,0.0,0.0
217,65,6,3246.0,3092.0,642.0,0.0,774.0,5645.0,680.6413747296838,21048.078799999977,21728.72017472966,2898.0,25.0,7.0,147.0,57.0,20.0,11.0,169.0,34.0,2.0,0.0,0.0,0.0
217,66,6,3215.0,2978.0,660.0,0.0,825.0,5645.0,560.4238194780314,21322.893999999982,21883.317819478012,2898.0,25.0,7.0,147.0,57.0,20.0,11.0,169.0,34.0,2.0,0.0,0.0,0.0
217,67,6,3212.0,2996.0,676.0,0.0,788.0,5645.0,600.7117202880406,20150.821199999984,20751.532920288024,2898.0,25.0,7.0,147.0,57.0,20.0,11.0,169.0,34.0,2.0,0.0,0.0,0.0
217,68,6,3207.0,3044.0,645.0,0.0,760.0,5645.0,355.1978202256551,19433.85679999998,19789.054620225637,2898.0,25.0,7.0,147.0,57.0,20.0,11.0,169.0,34.0,2.0,0.0,0.0,0.0
217,69,6,3228.0,3089.0,637.0,0.0,782.0,5645.0,398.95915760393706,19981.149199999993,20380.10835760393,2898.0,25.0,7.0,147.0,57.0,20.0,11.0,169.0,34.0,2.0,0.0,0.0,0.0
217,70,6,3182.0,3036.0,616.0,0.0,770.0,5645.0,479.00894948288834,20232.85159999998,20711.86054948287,2898.0,25.0,7.0,147.0,57.0,20.0,11.0,169.0,34.0,2.0,0.0,0.0,0.0
217,71,6,3254.0,3048.0,675.0,0.0,776.0,5645.0,519.9999088742311,19833.45439999998,20353.454308874214,2898.0,25.0,7.0,147.0,57.0,20.0,11.0,169.0,34.0,2.0,0.0,0.0,0.0
217,72,7,3239.0,3094.0,673.0,0.0,824.0,5645.0,719.8031252807335,20784.819999999978,21504.623125280716,2898.0,25.0,7.0,147.0,57.0,20.0,11.0,169.0,34.0,2.0,0.0,0.0,0.0
217,73,7,3208.0,2969.0,710.0,0.0,765.0,5645.0,681.9868415412943,20304.527999999995,20986.514841541288,2898.0,25.0,7.0,147.0,57.0,20.0,11.0,169.0,34.0,2.0,0.0,0.0,0.0
217,74,7,3186.0,3022.0,693.0,0.0,824.0,5645.0,397.05981455115244,22245.06799999998,22642.12781455113,2898.0,25.0,7.0,147.0,57.0,20.0,11.0,169.0,34.0,2.0,0.0,0.0,0.0
217,75,7,3213.0,3074.0,675.0,0.0,755.0,5645.0,680.7162165120418,20096.71319999998,20777.42941651202,2898.0,25.0,7.0,147.0,57.0,20.0,11.0,169.0,34.0,2.0,0.0,0.0,0.0
217,76,7,3207.0,3017.0,672.0,0.0,743.0,5645.0,314.91448840109484,19372.267199999987,19687.181688401084,2898.0,25.0,7.0,147.0,57.0,20.0,11.0,169.0,34.0,2.0,0.0,0.0,0.0
217,77,7,3207.0,2999.0,685.0,0.0,762.0,5645.0,476.31602166776577,20703.858399999997,21180.174421667765,2898.0,25.0,7.0,147.0,57.0,20.0,11.0,169.0,34.0,2.0,0.0,0.0,0.0
217,78,7,3241.0,3079.0,702.0,0.0,827.0,5645.0,478.77087080770895,20683.48439999999,21162.255270807702,2898.0,25.0,7.0,147.0,57.0,20.0,11.0,169.0,34.0,2.0,0.0,0.0,0.0
217,79,7,3222.0,3032.0,669.0,0.0,786.0,5645.0,844.7020955436229,19083.357199999984,19928.059295543604,2898.0,25.0,7.0,147.0,57.0,20.0,11.0,169.0,34.0,2.0,0.0,0.0,0.0
217,80,7,3264.0,3058.0,694.0,0.0,771.0,5645.0,479.963777898937,19974.06839999999,20454.03217789893,2898.0,25.0,7.0,147.0,57.0,20.0,11.0,169.0,34.0,2.0,0.0,0.0,0.0
217,81,7,3223.0,3054.0,682.0,0.0,786.0,5645.0,600.8886665258435,19398.385999999988,19999.27466652583,2898.0,25.0,7.0,147.0,57.0,20.0,11.0,169.0,34.0,2.0,0.0,0.0,0.0
217,82,7,3255.0,3028.0,710.0,0.0,784.0,5645.0,559.0767828548745,19428.11199999998,19987.188782854853,2898.0,25.0,7.0,147.0,57.0,20.0,11.0,169.0,34.0,2.0,0.0,0.0,0.0
217,83,7,3205.0,3049.0,664.0,0.0,752.0,5645.0,559.4867894086779,20716.149599999982,21275.636389408657,2898.0,25.0,7.0,147.0,57.0,20.0,11.0,169.0,34.0,2.0,0.0,0.0,0.0
217,84,8,3231.0,3028.0,633.0,0.0,726.0,5645.0,599.5343747302697,19483.155199999987,20082.689574730255,2898.0,25.0,7.0,147.0,57.0,20.0,11.0,169.0,34.0,2.0,0.0,0.0,0.0
217,85,8,3186.0,3057.0,648.0,0.0,733.0,5645.0,477.00678019158687,19818.491199999982,20295.49798019157,2898.0,25.0,7.0,147.0,57.0,20.0,11.0,169.0,34.0,2.0,0.0,0.0,0.0
217,86,8,3238.0,3041.0,671.0,0.0,816.0,5645.0,356.67544358184875,21541.663999999982,21898.33944358183,2898.0,25.0,7.0,147.0,57.0,20.0,11.0,169.0,34.0,2.0,0.0,0.0,0.0
217,87,8,3230.0,2990.0,698.0,0.0,746.0,5645.0,559.4223418916721,20904.65919999998,21464.081541891654,2898.0,25.0,7.0,147.0,57.0,20.0,11.0,169.0,34.0,2.0,0.0,0.0,0.0
217,88,8,3184.0,3033.0,696.0,0.0,822.0,5645.0,600.3879930699816,20011.00879999999,20611.396793069965,2898.0,25.0,7.0,147.0,57.0,20.0,11.0,169.0,34.0,2.0,0.0,0.0,0.0
217,89,8,3214.0,3037.0,661.0,0.0,821.0,5645.0,358.27441174423114,20748.41399999998,21106.68841174421,2898.0,25.0,7.0,147.0,57.0,20.0,11.0,169.0,34.0,2.0,0.0,0.0,0.0
217,90,8,3238.0,3035.0,642.0,0.0,732.0,5645.0,396.47890194460643,19888.76479999998,20285.243701944586,2898.0,25.0,7.0,147.0,57.0,20.0,11.0,169.0,34.0,2.0,0.0,0.0,0.0
217,91,8,3250.0,3092.0,682.0,0.0,796.0,5645.0,151.99433076054032,19645.011599999983,19797.005930760526,2898.0,25.0,7.0,147.0,57.0,20.0,11.0,169.0,34.0,2.0,0.0,0.0,0.0
217,92,8,3267.0,3028.0,669.0,0.0,776.0,5645.0,479.07165747088106,20561.641199999984,21040.712857470866,2898.0,25.0,7.0,147.0,57.0,20.0,11.0,169.0,34.0,2.0,0.0,0.0,0.0
217,93,8,3175.0,3010.0,654.0,0.0,763.0,5645.0,803.2289967410707,19739.60039999998,20542.82939674105,2898.0,25.0,7.0,147.0,57.0,20.0,11.0,169.0,34.0,2.0,0.0,0.0,0.0
217,94,8,3244.0,3074.0,629.0,0.0,743.0,5645.0,395.6591581589578,20268.389199999987,20664.048358158943,2898.0,25.0,7.0,147.0,57.0,20.0,11.0,169.0,34.0,2.0,0.0,0.0,0.0
217,95,8,3256.0,3071.0,657.0,0.0,765.0,5645.0,395.91336182272346,19010.54519999998,19406.458561822703,2898.0,25.0,7.0,147.0,57.0,20.0,11.0,169.0,34.0,2.0,0.0,0.0,0.0
217,96,9,3235.0,3016.0,698.0,0.0,765.0,5645.0,316.4748793875626,21101.051199999976,21417.52607938754,2898.0,25.0,7.0,147.0,57.0,20.0,11.0,169.0,34.0,2.0,0.0,0.0,0.0
217,97,9,3265.0,3088.0,655.0,0.0,727.0,5645.0,721.9197668647837,21829.705599999976,22551.62536686476,2898.0,25.0,7.0,147.0,57.0,20.0,11.0,169.0,34.0,2.0,0.0,0.0,0.0
217,98,9,3200.0,3021.0,701.0,0.0,800.0,5645.0,641.3085695614185,21292.299599999984,21933.608169561398,2898.0,25.0,7.0,147.0,57.0,20.0,11.0,169.0,34.0,2.0,0.0,0.0,0.0
217,99,9,3278.0,3098.0,681.0,0.0,801.0,5645.0,477.7663868841073,21438.19079999997,21915.957186884076,2898.0,25.0,7.0,147.0,57.0,20.0,11.0,169.0,34.0,2.0,0.0,0.0,0.0
217,100,9,3251.0,3116.0,696.0,0.0,805.0,5645.0,640.490937545008,20162.978799999986,20803.46973754499,2898.0,25.0,7.0,147.0,57.0,20.0,11.0,169.0,34.0,2.0,0.0,0.0,0.0
217,101,9,3278.0,3033.0,696.0,0.0,754.0,5645.0,723.4552346934948,20542.402799999985,21265.85803469348,2898.0,25.0,7.0,147.0,57.0,20.0,11.0,169.0,34.0,2.0,0.0,0.0,0.0
217,102,9,3183.0,3013.0,688.0,0.0,813.0,5645.0,317.0386965641582,20186.62599999999,20503.664696564145,2898.0,25.0,7.0,147.0,57.0,20.0,11.0,169.0,34.0,2.0,0.0,0.0,0.0
217,103,9,3214.0,3024.0,670.0,0.0,794.0,5645.0,355.2224729339231,19483.95679999999,19839.179272933914,2898.0,25.0,7.0,147.0,57.0,20.0,11.0,169.0,34.0,2.0,0.0,0.0,0.0
217,104,9,3241.0,3041.0,661.0,0.0,807.0,5645.0,763.7640965851127,18523.10559999998,19286.869696585094,2898.0,25.0,7.0,147.0,57.0,20.0,11.0,169.0,34.0,2.0,0.0,0.0,0.0
217,105,9,3107.0,3006.0,659.0,0.0,815.0,5645.0,395.8218842425514,21030.04279999998,21425.86468424253,2898.0,25.0,7.0,147.0,57.0,20.0,11.0,169.0,34.0,2.0,0.0,0.0,0.0
217,106,9,3202.0,3013.0,690.0,0.0,721.0,5645.0,514.9898168882636,20538.795599999983,21053.785416888248,2898.0,25.0,7.0,147.0,57.0,20.0,11.0,169.0,34.0,2.0,0.0,0.0,0.0
217,107,9,3246.0,3052.0,667.0,0.0,769.0,5645.0,598.2610125730282,19817.22199999998,20415.483012573008,2898.0,25.0,7.0,147.0,57.0,20.0,11.0,169.0,34.0,2.0,0.0,0.0,0.0
217,108,10,3192.0,3027.0,673.0,0.0,766.0,5645.0,438.4358907472978,18531.856399999982,18970.292290747282,2898.0,25.0,7.0,147.0,57.0,20.0,11.0,169.0,34.0,2.0,0.0,0.0,0.0
217,109,10,3215.0,3033.0,694.0,0.0,792.0,5645.0,355.8111535133384,19675.405599999976,20031.216753513312,2898.0,25.0,7.0,147.0,57.0,20.0,11.0,169.0,34.0,2.0,0.0,0.0,0.0
217,110,10,3269.0,3040.0,689.0,0.0,800.0,5645.0,681.8861023377281,18057.04199999999,18738.928102337715,2898.0,25.0,7.0,147.0,57.0,20.0,11.0,169.0,34.0,2.0,0.0,0.0,0.0
217,111,10,3176.0,3044.0,615.0,0.0,688.0,5645.0,436.46685343178183,20927.838799999987,21364.305653431766,2898.0,25.0,7.0,147.0,57.0,20.0,11.0,169.0,34.0,2.0,0.0,0.0,0.0
217,112,10,3207.0,3055.0,646.0,0.0,779.0,5645.0,966.5076296520097,21113.54279999998,22080.05042965199,2898.0,25.0,7.0,147.0,57.0,20.0,11.0,169.0,34.0,2.0,0.0,0.0,0.0
217,113,10,3163.0,3044.0,627.0,0.0,788.0,5645.0,883.0647938369444,19119.696399999986,20002.761193836934,2898.0,25.0,7.0,147.0,57.0,20.0,11.0,169.0,34.0,2.0,0.0,0.0,0.0
217,114,10,3233.0,3031.0,661.0,0.0,780.0,5645.0,437.977251209018,19884.48959999998,20322.466851208992,2898.0,25.0,7.0,147.0,57.0,20.0,11.0,169.0,34.0,2.0,0.0,0.0,0.0
217,115,10,3180.0,3043.0,635.0,0.0,748.0,5645.0,233.85320924950355,20480.27879999999,20714.132009249493,2898.0,25.0,7.0,147.0,57.0,20.0,11.0,169.0,34.0,2.0,0.0,0.0,0.0
217,116,10,3229.0,3061.0,649.0,0.0,736.0,5645.0,639.6903247363505,21587.355199999976,22227.045524736328,2898.0,25.0,7.0,147.0,57.0,20.0,11.0,169.0,34.0,2.0,0.0,0.0,0.0
217,117,10,3230.0,3053.0,678.0,0.0,747.0,5645.0,273.68845914496205,19891.770799999984,20165.459259144947,2898.0,25.0,7.0,147.0,57.0,20.0,11.0,169.0,34.0,2.0,0.0,0.0,0.0
217,118,10,3230.0,3042.0,703.0,0.0,748.0,5645.0,395.4468598406568,19457.303599999985,19852.75045984064,2898.0,25.0,7.0,147.0,57.0,20.0,11.0,169.0,34.0,2.0,0.0,0.0,0.0
217,119,10,3299.0,3081.0,686.0,0.0,807.0,5645.0,558.8927963006109,20705.929199999984,21264.821996300594,2898.0,25.0,7.0,147.0,57.0,20.0,11.0,169.0,34.0,2.0,0.0,0.0,0.0
218,0,1,3304.0,3083.0,665.0,0.0,760.0,5645.0,644.2247377756947,16090.182799999995,16734.407537775693,2898.0,25.0,7.0,147.0,57.0,20.0,11.0,169.0,34.0,2.0,0.0,0.0,0.0
218,1,1,3236.0,3049.0,598.0,0.0,732.0,5645.0,724.399403494878,16511.02279999998,17235.42220349486,2898.0,25.0,7.0,147.0,57.0,20.0,11.0,169.0,34.0,2.0,0.0,0.0,0.0
218,2,1,3242.0,3067.0,661.0,0.0,777.0,5645.0,847.152180514052,16911.755999999987,17758.90818051404,2898.0,25.0,7.0,147.0,57.0,20.0,11.0,169.0,34.0,2.0,0.0,0.0,0.0
218,3,1,3185.0,3063.0,620.0,0.0,764.0,5645.0,481.9588974619984,19189.435599999986,19671.394497461984,2898.0,25.0,7.0,147.0,57.0,20.0,11.0,169.0,34.0,2.0,0.0,0.0,0.0
218,4,1,3273.0,3041.0,655.0,0.0,732.0,5645.0,399.14475869382363,17154.44039999999,17553.58515869381,2898.0,25.0,7.0,147.0,57.0,20.0,11.0,169.0,34.0,2.0,0.0,0.0,0.0
218,5,1,3230.0,3063.0,679.0,0.0,736.0,5645.0,723.8142337393972,16732.59839999998,17456.41263373938,2898.0,25.0,7.0,147.0,57.0,20.0,11.0,169.0,34.0,2.0,0.0,0.0,0.0
218,6,1,3229.0,3085.0,645.0,0.0,789.0,5645.0,646.4973899025174,17376.149599999982,18022.646989902496,2898.0,25.0,7.0,147.0,57.0,20.0,11.0,169.0,34.0,2.0,0.0,0.0,0.0
218,7,1,3221.0,3043.0,645.0,0.0,765.0,5645.0,644.8822975699754,17236.203599999993,17881.08589756997,2898.0,25.0,7.0,147.0,57.0,20.0,11.0,169.0,34.0,2.0,0.0,0.0,0.0
218,8,1,3271.0,3005.0,694.0,0.0,763.0,5645.0,806.9388885696517,18025.71279999998,18832.65168856963,2898.0,25.0,7.0,147.0,57.0,20.0,11.0,169.0,34.0,2.0,0.0,0.0,0.0
218,9,1,3212.0,3054.0,678.0,0.0,757.0,5645.0,646.7800024396078,18092.445999999985,18739.226002439595,2898.0,25.0,7.0,147.0,57.0,20.0,11.0,169.0,34.0,2.0,0.0,0.0,0.0
218,10,1,3207.0,3053.0,641.0,0.0,805.0,5645.0,807.1426052613781,17883.829599999983,18690.972205261358,2898.0,25.0,7.0,147.0,57.0,20.0,11.0,169.0,34.0,2.0,0.0,0.0,0.0
218,11,1,3216.0,3013.0,675.0,0.0,796.0,5645.0,806.6532842335184,17346.623999999978,18153.277284233496,2898.0,25.0,7.0,147.0,57.0,20.0,11.0,169.0,34.0,2.0,0.0,0.0,0.0
218,12,2,3209.0,3072.0,665.0,0.0,785.0,5645.0,643.9506876427986,18706.40479999998,19350.355487642773,2898.0,25.0,7.0,147.0,57.0,20.0,11.0,169.0,34.0,2.0,0.0,0.0,0.0
218,13,2,3282.0,3100.0,659.0,0.0,758.0,5645.0,806.1222815737515,15689.18239999999,16495.304681573743,2898.0,25.0,7.0,147.0,57.0,20.0,11.0,169.0,34.0,2.0,0.0,0.0,0.0
218,14,2,3236.0,3083.0,635.0,0.0,778.0,5645.0,970.9135559367788,17738.472799999996,18709.38635593677,2898.0,25.0,7.0,147.0,57.0,20.0,11.0,169.0,34.0,2.0,0.0,0.0,0.0
218,15,2,3204.0,3018.0,654.0,0.0,798.0,5645.0,522.2213122668204,18698.255199999978,19220.476512266803,2898.0,25.0,7.0,147.0,57.0,20.0,11.0,169.0,34.0,2.0,0.0,0.0,0.0
218,16,2,3287.0,3067.0,656.0,0.0,738.0,5645.0,522.8412546263241,16680.56119999999,17203.40245462631,2898.0,25.0,7.0,147.0,57.0,20.0,11.0,169.0,34.0,2.0,0.0,0.0,0.0
218,17,2,3315.0,3145.0,622.0,0.0,777.0,5645.0,565.0700735903965,16145.426399999991,16710.49647359039,2898.0,25.0,7.0,147.0,57.0,20.0,11.0,169.0,34.0,2.0,0.0,0.0,0.0
218,18,2,3232.0,3053.0,679.0,0.0,771.0,5645.0,686.3717452142293,18264.92359999998,18951.295345214206,2898.0,25.0,7.0,147.0,57.0,20.0,11.0,169.0,34.0,2.0,0.0,0.0,0.0
218,19,2,3282.0,3098.0,664.0,0.0,749.0,5645.0,645.1763582584654,17711.285199999988,18356.461558258452,2898.0,25.0,7.0,147.0,57.0,20.0,11.0,169.0,34.0,2.0,0.0,0.0,0.0
218,20,2,3165.0,2997.0,662.0,0.0,733.0,5645.0,361.06367703225675,18181.62399999998,18542.687677032238,2898.0,25.0,7.0,147.0,57.0,20.0,11.0,169.0,34.0,2.0,0.0,0.0,0.0
218,21,2,3161.0,3071.0,636.0,0.0,773.0,5645.0,766.3661876604756,17591.646399999987,18358.012587660465,2898.0,25.0,7.0,147.0,57.0,20.0,11.0,169.0,34.0,2.0,0.0,0.0,0.0
218,22,2,3234.0,3040.0,689.0,0.0,738.0,5645.0,846.7803071243396,16852.70479999999,17699.48510712433,2898.0,25.0,7.0,147.0,57.0,20.0,11.0,169.0,34.0,2.0,0.0,0.0,0.0
218,23,2,3197.0,3010.0,650.0,0.0,768.0,5645.0,602.313620753252,17787.50399999999,18389.81762075324,2898.0,25.0,7.0,147.0,57.0,20.0,11.0,169.0,34.0,2.0,0.0,0.0,0.0
218,24,3,3228.0,3055.0,641.0,0.0,752.0,5645.0,523.365545161723,16499.66679999999,17023.032345161715,2898.0,25.0,7.0,147.0,57.0,20.0,11.0,169.0,34.0,2.0,0.0,0.0,0.0
218,25,3,3182.0,3091.0,634.0,0.0,773.0,5645.0,440.4963692227561,17249.363199999993,17689.85956922275,2898.0,25.0,7.0,147.0,57.0,20.0,11.0,169.0,34.0,2.0,0.0,0.0,0.0
218,26,3,3137.0,2986.0,651.0,0.0,756.0,5645.0,520.9060224997892,16457.24879999998,16978.154822499768,2898.0,25.0,7.0,147.0,57.0,20.0,11.0,169.0,34.0,2.0,0.0,0.0,0.0
218,27,3,3168.0,2990.0,666.0,0.0,739.0,5645.0,602.6693830773443,18063.92239999998,18666.59178307732,2898.0,25.0,7.0,147.0,57.0,20.0,11.0,169.0,34.0,2.0,0.0,0.0,0.0
218,28,3,3189.0,3034.0,633.0,0.0,739.0,5645.0,686.911846386632,18399.92639999999,19086.838246386622,2898.0,25.0,7.0,147.0,57.0,20.0,11.0,169.0,34.0,2.0,0.0,0.0,0.0
218,29,3,3222.0,3070.0,652.0,0.0,765.0,5645.0,685.1687255134682,17530.657999999992,18215.826725513463,2898.0,25.0,7.0,147.0,57.0,20.0,11.0,169.0,34.0,2.0,0.0,0.0,0.0
218,30,3,3256.0,3007.0,733.0,0.0,769.0,5645.0,360.0286667941767,17174.14639999999,17534.175066794167,2898.0,25.0,7.0,147.0,57.0,20.0,11.0,169.0,34.0,2.0,0.0,0.0,0.0
218,31,3,3238.0,3083.0,643.0,0.0,794.0,5645.0,643.7752797283812,17438.407199999983,18082.182479728366,2898.0,25.0,7.0,147.0,57.0,20.0,11.0,169.0,34.0,2.0,0.0,0.0,0.0
218,32,3,3249.0,3013.0,672.0,0.0,752.0,5645.0,642.6477797072231,16834.80239999999,17477.45017970721,2898.0,25.0,7.0,147.0,57.0,20.0,11.0,169.0,34.0,2.0,0.0,0.0,0.0
218,33,3,3164.0,3044.0,655.0,0.0,766.0,5645.0,561.8739370018781,17291.313599999983,17853.18753700186,2898.0,25.0,7.0,147.0,57.0,20.0,11.0,169.0,34.0,2.0,0.0,0.0,0.0
218,34,3,3239.0,3124.0,638.0,0.0,821.0,5645.0,357.19523614578355,17939.80799999999,18297.003236145774,2898.0,25.0,7.0,147.0,57.0,20.0,11.0,169.0,34.0,2.0,0.0,0.0,0.0
218,35,3,3213.0,3061.0,648.0,0.0,714.0,5645.0,644.5403514676733,17346.223199999986,17990.763551467666,2898.0,25.0,7.0,147.0,57.0,20.0,11.0,169.0,34.0,2.0,0.0,0.0,0.0
218,36,4,3202.0,3010.0,659.0,0.0,757.0,5645.0,805.1500447695781,16801.936799999985,17607.086844769565,2898.0,25.0,7.0,147.0,57.0,20.0,11.0,169.0,34.0,2.0,0.0,0.0,0.0
218,37,4,3166.0,3047.0,644.0,0.0,766.0,5645.0,687.5711351224536,18028.65199999998,18716.223135122433,2898.0,25.0,7.0,147.0,57.0,20.0,11.0,169.0,34.0,2.0,0.0,0.0,0.0
218,38,4,3164.0,3029.0,682.0,0.0,732.0,5645.0,725.7510686484218,17504.73959999999,18230.490668648414,2898.0,25.0,7.0,147.0,57.0,20.0,11.0,169.0,34.0,2.0,0.0,0.0,0.0
218,39,4,3296.0,3093.0,692.0,0.0,750.0,5645.0,683.1808520293538,16741.683199999992,17424.86405202934,2898.0,25.0,7.0,147.0,57.0,20.0,11.0,169.0,34.0,2.0,0.0,0.0,0.0
218,40,4,3273.0,3080.0,692.0,0.0,777.0,5645.0,520.5397730731454,17567.063999999977,18087.603773073122,2898.0,25.0,7.0,147.0,57.0,20.0,11.0,169.0,34.0,2.0,0.0,0.0,0.0
218,41,4,3239.0,3130.0,595.0,0.0,712.0,5645.0,886.6979793907462,17965.993599999994,18852.691579390736,2898.0,25.0,7.0,147.0,57.0,20.0,11.0,169.0,34.0,2.0,0.0,0.0,0.0
218,42,4,3274.0,3068.0,700.0,0.0,782.0,5645.0,399.78289049522715,16796.726399999985,17196.509290495214,2898.0,25.0,7.0,147.0,57.0,20.0,11.0,169.0,34.0,2.0,0.0,0.0,0.0
218,43,4,3162.0,2932.0,675.0,0.0,744.0,5645.0,847.1510411410821,17734.130799999988,18581.28184114107,2898.0,25.0,7.0,147.0,57.0,20.0,11.0,169.0,34.0,2.0,0.0,0.0,0.0
218,44,4,3238.0,3131.0,641.0,0.0,753.0,5645.0,685.6346602867766,17495.721599999993,18181.356260286768,2898.0,25.0,7.0,147.0,57.0,20.0,11.0,169.0,34.0,2.0,0.0,0.0,0.0
218,45,4,3209.0,3090.0,679.0,0.0,785.0,5645.0,603.3226636459217,16417.903599999994,17021.226263645916,2898.0,25.0,7.0,147.0,57.0,20.0,11.0,169.0,34.0,2.0,0.0,0.0,0.0
218,46,4,3217.0,3062.0,688.0,0.0,772.0,5645.0,684.7885117631918,17253.905599999984,17938.694111763176,2898.0,25.0,7.0,147.0,57.0,20.0,11.0,169.0,34.0,2.0,0.0,0.0,0.0
218,47,4,3192.0,3063.0,678.0,0.0,770.0,5645.0,888.1776668056827,17189.977999999996,18078.155666805684,2898.0,25.0,7.0,147.0,57.0,20.0,11.0,169.0,34.0,2.0,0.0,0.0,0.0
218,48,5,3241.0,3067.0,667.0,0.0,798.0,5645.0,724.7585910726021,17654.43839999998,18379.196991072586,2898.0,25.0,7.0,147.0,57.0,20.0,11.0,169.0,34.0,2.0,0.0,0.0,0.0
218,49,5,3172.0,3048.0,643.0,0.0,753.0,5645.0,684.9697665690342,18111.95159999999,18796.921366569022,2898.0,25.0,7.0,147.0,57.0,20.0,11.0,169.0,34.0,2.0,0.0,0.0,0.0
218,50,5,3252.0,3115.0,687.0,0.0,801.0,5645.0,524.4382392308754,17453.904799999993,17978.34303923087,2898.0,25.0,7.0,147.0,57.0,20.0,11.0,169.0,34.0,2.0,0.0,0.0,0.0
218,51,5,3244.0,3059.0,660.0,0.0,774.0,5645.0,562.2153896495992,17277.218799999984,17839.434189649586,2898.0,25.0,7.0,147.0,57.0,20.0,11.0,169.0,34.0,2.0,0.0,0.0,0.0
218,52,5,3223.0,3025.0,673.0,0.0,799.0,5645.0,725.6897529646501,16586.97439999998,17312.664152964633,2898.0,25.0,7.0,147.0,57.0,20.0,11.0,169.0,34.0,2.0,0.0,0.0,0.0
218,53,5,3249.0,3059.0,650.0,0.0,791.0,5645.0,763.6063644648353,17499.796399999985,18263.402764464823,2898.0,25.0,7.0,147.0,57.0,20.0,11.0,169.0,34.0,2.0,0.0,0.0,0.0
218,54,5,3197.0,3073.0,675.0,0.0,812.0,5645.0,848.8481096984194,17627.78519999998,18476.633309698398,2898.0,25.0,7.0,147.0,57.0,20.0,11.0,169.0,34.0,2.0,0.0,0.0,0.0
218,55,5,3232.0,2991.0,638.0,0.0,720.0,5645.0,602.8378247158333,16541.550399999996,17144.388224715825,2898.0,25.0,7.0,147.0,57.0,20.0,11.0,169.0,34.0,2.0,0.0,0.0,0.0
218,56,5,3263.0,3139.0,645.0,0.0,763.0,5645.0,439.8117892096346,17914.08999999999,18353.901789209624,2898.0,25.0,7.0,147.0,57.0,20.0,11.0,169.0,34.0,2.0,0.0,0.0,0.0
218,57,5,3227.0,3020.0,665.0,0.0,746.0,5645.0,642.1985856092626,16673.346799999985,17315.545385609246,2898.0,25.0,7.0,147.0,57.0,20.0,11.0,169.0,34.0,2.0,0.0,0.0,0.0
218,58,5,3197.0,3059.0,652.0,0.0,795.0,5645.0,724.6072454396086,16798.930799999995,17523.5380454396,2898.0,25.0,7.0,147.0,57.0,20.0,11.0,169.0,34.0,2.0,0.0,0.0,0.0
218,59,5,3187.0,3000.0,658.0,0.0,758.0,5645.0,563.8529064535857,16819.37159999999,17383.224506453575,2898.0,25.0,7.0,147.0,57.0,20.0,11.0,169.0,34.0,2.0,0.0,0.0,0.0
218,60,6,3183.0,3046.0,662.0,0.0,809.0,5645.0,564.0699412205928,16087.109999999993,16651.179941220587,2898.0,25.0,7.0,147.0,57.0,20.0,11.0,169.0,34.0,2.0,0.0,0.0,0.0
218,61,6,3240.0,3066.0,667.0,0.0,780.0,5645.0,603.2207848790879,16935.80399999999,17539.024784879075,2898.0,25.0,7.0,147.0,57.0,20.0,11.0,169.0,34.0,2.0,0.0,0.0,0.0
218,62,6,3253.0,3077.0,653.0,0.0,785.0,5645.0,765.4151487368596,17735.733999999982,18501.14914873684,2898.0,25.0,7.0,147.0,57.0,20.0,11.0,169.0,34.0,2.0,0.0,0.0,0.0
218,63,6,3154.0,3021.0,633.0,0.0,785.0,5645.0,482.5772911639785,15740.284399999986,16222.861691163964,2898.0,25.0,7.0,147.0,57.0,20.0,11.0,169.0,34.0,2.0,0.0,0.0,0.0
218,64,6,3246.0,3100.0,634.0,0.0,766.0,5645.0,804.9642868365202,17954.90479999998,18759.8690868365,2898.0,25.0,7.0,147.0,57.0,20.0,11.0,169.0,34.0,2.0,0.0,0.0,0.0
218,65,6,3216.0,2984.0,656.0,0.0,795.0,5645.0,604.2134284673618,18243.948399999987,18848.16182846735,2898.0,25.0,7.0,147.0,57.0,20.0,11.0,169.0,34.0,2.0,0.0,0.0,0.0
218,66,6,3217.0,2996.0,681.0,0.0,786.0,5645.0,604.0101247528318,17695.453599999986,18299.463724752815,2898.0,25.0,7.0,147.0,57.0,20.0,11.0,169.0,34.0,2.0,0.0,0.0,0.0
218,67,6,3209.0,3056.0,636.0,0.0,752.0,5645.0,438.755487953348,17338.541199999985,17777.29668795333,2898.0,25.0,7.0,147.0,57.0,20.0,11.0,169.0,34.0,2.0,0.0,0.0,0.0
218,68,6,3231.0,3094.0,633.0,0.0,769.0,5645.0,646.266318603757,17276.81799999999,17923.084318603745,2898.0,25.0,7.0,147.0,57.0,20.0,11.0,169.0,34.0,2.0,0.0,0.0,0.0
218,69,6,3182.0,3038.0,615.0,0.0,743.0,5645.0,847.0924271536368,17875.94719999998,18723.039627153616,2898.0,25.0,7.0,147.0,57.0,20.0,11.0,169.0,34.0,2.0,0.0,0.0,0.0
218,70,6,3256.0,3053.0,674.0,0.0,763.0,5645.0,603.525031332502,17084.433999999983,17687.959031332484,2898.0,25.0,7.0,147.0,57.0,20.0,11.0,169.0,34.0,2.0,0.0,0.0,0.0
218,71,6,3241.0,3102.0,666.0,0.0,801.0,5645.0,844.7701194918488,17739.608399999986,18584.378519491835,2898.0,25.0,7.0,147.0,57.0,20.0,11.0,169.0,34.0,2.0,0.0,0.0,0.0
218,72,7,3211.0,2968.0,713.0,0.0,762.0,5645.0,808.5925827658031,17263.190799999993,18071.783382765796,2898.0,25.0,7.0,147.0,57.0,20.0,11.0,169.0,34.0,2.0,0.0,0.0,0.0
218,73,7,3186.0,3026.0,690.0,0.0,816.0,5645.0,521.662484386389,19421.565599999987,19943.228084386377,2898.0,25.0,7.0,147.0,57.0,20.0,11.0,169.0,34.0,2.0,0.0,0.0,0.0
218,74,7,3218.0,3083.0,671.0,0.0,750.0,5645.0,888.0549591917527,17588.907599999984,18476.962559191736,2898.0,25.0,7.0,147.0,57.0,20.0,11.0,169.0,34.0,2.0,0.0,0.0,0.0
218,75,7,3211.0,3026.0,667.0,0.0,730.0,5645.0,682.1341328947083,16914.02719999999,17596.161332894695,2898.0,25.0,7.0,147.0,57.0,20.0,11.0,169.0,34.0,2.0,0.0,0.0,0.0
218,76,7,3208.0,3004.0,683.0,0.0,773.0,5645.0,602.5243973025144,18664.320799999994,19266.845197302508,2898.0,25.0,7.0,147.0,57.0,20.0,11.0,169.0,34.0,2.0,0.0,0.0,0.0
218,77,7,3244.0,3085.0,699.0,0.0,813.0,5645.0,603.761491812812,17776.88279999999,18380.6442918128,2898.0,25.0,7.0,147.0,57.0,20.0,11.0,169.0,34.0,2.0,0.0,0.0,0.0
218,78,7,3227.0,3036.0,665.0,0.0,763.0,5645.0,970.481201704235,16250.703199999976,17221.18440170421,2898.0,25.0,7.0,147.0,57.0,20.0,11.0,169.0,34.0,2.0,0.0,0.0,0.0
218,79,7,3264.0,3061.0,691.0,0.0,745.0,5645.0,726.8387610918992,17073.745999999992,17800.58476109189,2898.0,25.0,7.0,147.0,57.0,20.0,11.0,169.0,34.0,2.0,0.0,0.0,0.0
218,80,7,3227.0,3063.0,679.0,0.0,774.0,5645.0,726.660341938161,16531.530399999992,17258.190741938153,2898.0,25.0,7.0,147.0,57.0,20.0,11.0,169.0,34.0,2.0,0.0,0.0,0.0
218,81,7,3257.0,3032.0,709.0,0.0,775.0,5645.0,685.8871487611617,16800.199999999983,17486.087148761144,2898.0,25.0,7.0,147.0,57.0,20.0,11.0,169.0,34.0,2.0,0.0,0.0,0.0
218,82,7,3207.0,3047.0,668.0,0.0,745.0,5645.0,888.7518263246656,17989.90799999998,18878.659826324645,2898.0,25.0,7.0,147.0,57.0,20.0,11.0,169.0,34.0,2.0,0.0,0.0,0.0
218,83,7,3233.0,3037.0,625.0,0.0,712.0,5645.0,805.873393011786,17511.28599999999,18317.159393011774,2898.0,25.0,7.0,147.0,57.0,20.0,11.0,169.0,34.0,2.0,0.0,0.0,0.0
218,84,8,3187.0,3064.0,641.0,0.0,712.0,5645.0,642.4108246841563,17588.439999999988,18230.850824684145,2898.0,25.0,7.0,147.0,57.0,20.0,11.0,169.0,34.0,2.0,0.0,0.0,0.0
218,85,8,3239.0,3045.0,667.0,0.0,818.0,5645.0,401.1913666351004,18312.01759999998,18713.208966635084,2898.0,25.0,7.0,147.0,57.0,20.0,11.0,169.0,34.0,2.0,0.0,0.0,0.0
218,86,8,3231.0,2992.0,699.0,0.0,751.0,5645.0,643.6244586654252,17893.649199999978,18537.273658665403,2898.0,25.0,7.0,147.0,57.0,20.0,11.0,169.0,34.0,2.0,0.0,0.0,0.0
218,87,8,3186.0,3032.0,699.0,0.0,800.0,5645.0,849.5043658247133,17088.575599999993,17938.079965824705,2898.0,25.0,7.0,147.0,57.0,20.0,11.0,169.0,34.0,2.0,0.0,0.0,0.0
218,88,8,3214.0,3039.0,663.0,0.0,808.0,5645.0,604.9356068781833,18211.75079999998,18816.68640687816,2898.0,25.0,7.0,147.0,57.0,20.0,11.0,169.0,34.0,2.0,0.0,0.0,0.0
218,89,8,3242.0,3045.0,636.0,0.0,726.0,5645.0,562.6016677721169,17416.897599999982,17979.4992677721,2898.0,25.0,7.0,147.0,57.0,20.0,11.0,169.0,34.0,2.0,0.0,0.0,0.0
218,90,8,3253.0,3098.0,679.0,0.0,798.0,5645.0,236.1464959265353,16849.63199999999,17085.778495926523,2898.0,25.0,7.0,147.0,57.0,20.0,11.0,169.0,34.0,2.0,0.0,0.0,0.0
218,91,8,3268.0,3029.0,671.0,0.0,782.0,5645.0,401.0540114203849,18536.198399999983,18937.25241142037,2898.0,25.0,7.0,147.0,57.0,20.0,11.0,169.0,34.0,2.0,0.0,0.0,0.0
218,92,8,3177.0,3018.0,649.0,0.0,755.0,5645.0,1049.6575366727168,17134.33359999999,18183.99113667271,2898.0,25.0,7.0,147.0,57.0,20.0,11.0,169.0,34.0,2.0,0.0,0.0,0.0
218,93,8,3246.0,3073.0,633.0,0.0,735.0,5645.0,683.4269093876275,16949.698399999987,17633.125309387615,2898.0,25.0,7.0,147.0,57.0,20.0,11.0,169.0,34.0,2.0,0.0,0.0,0.0
218,94,8,3259.0,3074.0,654.0,0.0,755.0,5645.0,520.2410150505012,16117.971599999988,16638.21261505049,2898.0,25.0,7.0,147.0,57.0,20.0,11.0,169.0,34.0,2.0,0.0,0.0,0.0
218,95,8,3236.0,3020.0,694.0,0.0,761.0,5645.0,402.0897080532676,18434.795999999984,18836.88570805325,2898.0,25.0,7.0,147.0,57.0,20.0,11.0,169.0,34.0,2.0,0.0,0.0,0.0
218,96,9,3269.0,3096.0,648.0,0.0,735.0,5645.0,806.5688158640871,18685.83039999998,19492.399215864065,2898.0,25.0,7.0,147.0,57.0,20.0,11.0,169.0,34.0,2.0,0.0,0.0,0.0
218,97,9,3202.0,3040.0,685.0,0.0,779.0,5645.0,807.2272745907775,17963.722399999984,18770.94967459076,2898.0,25.0,7.0,147.0,57.0,20.0,11.0,169.0,34.0,2.0,0.0,0.0,0.0
218,98,9,3280.0,3103.0,677.0,0.0,798.0,5645.0,521.9992561502584,18678.281999999985,19200.281256150243,2898.0,25.0,7.0,147.0,57.0,20.0,11.0,169.0,34.0,2.0,0.0,0.0,0.0
218,99,9,3252.0,3128.0,685.0,0.0,780.0,5645.0,725.5732036578344,17024.313999999988,17749.88720365782,2898.0,25.0,7.0,147.0,57.0,20.0,11.0,169.0,34.0,2.0,0.0,0.0,0.0
218,100,9,3281.0,3042.0,691.0,0.0,738.0,5645.0,807.3659542322391,17330.324799999984,18137.690754232222,2898.0,25.0,7.0,147.0,57.0,20.0,11.0,169.0,34.0,2.0,0.0,0.0,0.0
218,101,9,3186.0,3022.0,681.0,0.0,798.0,5645.0,522.6321263687033,17025.58319999999,17548.215326368696,2898.0,25.0,7.0,147.0,57.0,20.0,11.0,169.0,34.0,2.0,0.0,0.0,0.0
218,102,9,3217.0,3023.0,672.0,0.0,801.0,5645.0,400.1524099815572,16876.351999999995,17276.504409981553,2898.0,25.0,7.0,147.0,57.0,20.0,11.0,169.0,34.0,2.0,0.0,0.0,0.0
218,103,9,3242.0,3040.0,662.0,0.0,798.0,5645.0,1052.7116139843515,15811.025599999983,16863.737213984336,2898.0,25.0,7.0,147.0,57.0,20.0,11.0,169.0,34.0,2.0,0.0,0.0,0.0
218,104,9,3108.0,3009.0,657.0,0.0,816.0,5645.0,644.3686145690273,17891.912399999987,18536.281014569016,2898.0,25.0,7.0,147.0,57.0,20.0,11.0,169.0,34.0,2.0,0.0,0.0,0.0
218,105,9,3207.0,3028.0,680.0,0.0,703.0,5645.0,722.1106364783356,17930.923599999987,18653.03423647832,2898.0,25.0,7.0,147.0,57.0,20.0,11.0,169.0,34.0,2.0,0.0,0.0,0.0
218,106,9,3248.0,3063.0,660.0,0.0,750.0,5645.0,804.4225725681943,16926.852799999986,17731.275372568176,2898.0,25.0,7.0,147.0,57.0,20.0,11.0,169.0,34.0,2.0,0.0,0.0,0.0
218,107,9,3192.0,3024.0,677.0,0.0,760.0,5645.0,604.1351435267009,15832.201199999989,16436.336343526687,2898.0,25.0,7.0,147.0,57.0,20.0,11.0,169.0,34.0,2.0,0.0,0.0,0.0
218,108,10,3217.0,3042.0,686.0,0.0,769.0,5645.0,317.983921403609,16898.128799999988,17216.112721403595,2898.0,25.0,7.0,147.0,57.0,20.0,11.0,169.0,34.0,2.0,0.0,0.0,0.0
218,109,10,3271.0,3041.0,689.0,0.0,802.0,5645.0,969.6043210031597,15765.133999999993,16734.73832100315,2898.0,25.0,7.0,147.0,57.0,20.0,11.0,169.0,34.0,2.0,0.0,0.0,0.0
218,110,10,3178.0,3048.0,612.0,0.0,674.0,5645.0,481.3769146932993,18333.25999999998,18814.63691469328,2898.0,25.0,7.0,147.0,57.0,20.0,11.0,169.0,34.0,2.0,0.0,0.0,0.0
218,111,10,3212.0,3067.0,639.0,0.0,776.0,5645.0,1134.4700224236917,18024.109599999985,19158.579622423676,2898.0,25.0,7.0,147.0,57.0,20.0,11.0,169.0,34.0,2.0,0.0,0.0,0.0
218,112,10,3165.0,3061.0,614.0,0.0,772.0,5645.0,1129.804159061606,16658.583999999988,17788.388159061593,2898.0,25.0,7.0,147.0,57.0,20.0,11.0,169.0,34.0,2.0,0.0,0.0,0.0
218,113,10,3235.0,3032.0,661.0,0.0,789.0,5645.0,524.029467000944,17105.00839999998,17629.037867000927,2898.0,25.0,7.0,147.0,57.0,20.0,11.0,169.0,34.0,2.0,0.0,0.0,0.0
218,114,10,3184.0,3035.0,648.0,0.0,744.0,5645.0,439.6773903409656,17750.89759999999,18190.574990340956,2898.0,25.0,7.0,147.0,57.0,20.0,11.0,169.0,34.0,2.0,0.0,0.0,0.0
218,115,10,3232.0,3074.0,639.0,0.0,725.0,5645.0,602.610916510117,18796.651599999983,19399.2625165101,2898.0,25.0,7.0,147.0,57.0,20.0,11.0,169.0,34.0,2.0,0.0,0.0,0.0
218,116,10,3234.0,3058.0,676.0,0.0,745.0,5645.0,562.5219718833036,17405.274399999995,17967.796371883298,2898.0,25.0,7.0,147.0,57.0,20.0,11.0,169.0,34.0,2.0,0.0,0.0,0.0
218,117,10,3235.0,3056.0,692.0,0.0,731.0,5645.0,399.36332410237986,16082.701199999987,16482.064524102367,2898.0,25.0,7.0,147.0,57.0,20.0,11.0,169.0,34.0,2.0,0.0,0.0,0.0
218,118,10,3300.0,3087.0,683.0,0.0,802.0,5645.0,724.97987742688,18261.98439999998,18986.96427742686,2898.0,25.0,7.0,147.0,57.0,20.0,11.0,169.0,34.0,2.0,0.0,0.0,0.0
218,119,10,3242.0,3053.0,669.0,0.0,702.0,5645.0,562.9663685312768,17421.506799999985,17984.47316853126,2898.0,25.0,7.0,147.0,57.0,20.0,11.0,169.0,34.0,2.0,0.0,0.0,0.0
219,0,1,3179.0,3065.0,550.0,0.0,680.0,5645.0,271.27325655192595,20309.203999999983,20580.477256551912,2898.0,25.0,7.0,147.0,57.0,20.0,11.0,169.0,34.0,2.0,0.0,0.0,0.0
219,1,1,3190.0,3080.0,616.0,0.0,732.0,5645.0,233.55546393542937,20380.279199999986,20613.834663935417,2898.0,25.0,7.0,147.0,57.0,20.0,11.0,169.0,34.0,2.0,0.0,0.0,0.0
219,2,1,3134.0,3075.0,578.0,0.0,697.0,5645.0,313.6207336631551,22301.246799999983,22614.86753366314,2898.0,25.0,7.0,147.0,57.0,20.0,11.0,169.0,34.0,2.0,0.0,0.0,0.0
219,3,1,3230.0,3060.0,612.0,0.0,713.0,5645.0,271.9887441328207,20920.35719999998,21192.345944132798,2898.0,25.0,7.0,147.0,57.0,20.0,11.0,169.0,34.0,2.0,0.0,0.0,0.0
219,4,1,3188.0,3089.0,628.0,0.0,693.0,5645.0,393.4912934211029,20264.581599999976,20658.07289342108,2898.0,25.0,7.0,147.0,57.0,20.0,11.0,169.0,34.0,2.0,0.0,0.0,0.0
219,5,1,3172.0,3122.0,575.0,0.0,703.0,5645.0,110.48265304952007,20177.140399999975,20287.623053049498,2898.0,25.0,7.0,147.0,57.0,20.0,11.0,169.0,34.0,2.0,0.0,0.0,0.0
219,6,1,3164.0,3043.0,611.0,0.0,731.0,5645.0,229.7829061107076,19443.94359999999,19673.726506110695,2898.0,25.0,7.0,147.0,57.0,20.0,11.0,169.0,34.0,2.0,0.0,0.0,0.0
219,7,1,3228.0,3025.0,650.0,0.0,721.0,5645.0,313.3545632000395,21866.579199999982,22179.933763200017,2898.0,25.0,7.0,147.0,57.0,20.0,11.0,169.0,34.0,2.0,0.0,0.0,0.0
219,8,1,3159.0,3078.0,625.0,0.0,738.0,5645.0,192.7095420115472,20889.02799999998,21081.737542011528,2898.0,25.0,7.0,147.0,57.0,20.0,11.0,169.0,34.0,2.0,0.0,0.0,0.0
219,9,1,3158.0,3076.0,585.0,0.0,757.0,5645.0,354.6555396805408,21147.61079999998,21502.266339680522,2898.0,25.0,7.0,147.0,57.0,20.0,11.0,169.0,34.0,2.0,0.0,0.0,0.0
219,10,1,3169.0,3028.0,631.0,0.0,748.0,5645.0,353.7881892422102,20450.018399999986,20803.806589242195,2898.0,25.0,7.0,147.0,57.0,20.0,11.0,169.0,34.0,2.0,0.0,0.0,0.0
219,11,1,3163.0,3097.0,614.0,0.0,738.0,5645.0,312.4067089544704,22238.72199999998,22551.12870895445,2898.0,25.0,7.0,147.0,57.0,20.0,11.0,169.0,34.0,2.0,0.0,0.0,0.0
219,12,2,3233.0,3123.0,604.0,0.0,710.0,5645.0,353.7253183453044,19909.071999999982,20262.79731834529,2898.0,25.0,7.0,147.0,57.0,20.0,11.0,169.0,34.0,2.0,0.0,0.0,0.0
219,13,2,3196.0,3111.0,577.0,0.0,716.0,5645.0,435.9788709118792,20409.871599999984,20845.850470911864,2898.0,25.0,7.0,147.0,57.0,20.0,11.0,169.0,34.0,2.0,0.0,0.0,0.0
219,14,2,3149.0,3024.0,610.0,0.0,753.0,5645.0,232.11624997669298,21971.52199999997,22203.638249976662,2898.0,25.0,7.0,147.0,57.0,20.0,11.0,169.0,34.0,2.0,0.0,0.0,0.0
219,15,2,3227.0,3083.0,607.0,0.0,717.0,5645.0,272.95364099241823,20365.58319999998,20638.536840992394,2898.0,25.0,7.0,147.0,57.0,20.0,11.0,169.0,34.0,2.0,0.0,0.0,0.0
219,16,2,3256.0,3154.0,575.0,0.0,731.0,5645.0,435.7199586137284,19682.28599999999,20118.005958613718,2898.0,25.0,7.0,147.0,57.0,20.0,11.0,169.0,34.0,2.0,0.0,0.0,0.0
219,17,2,3184.0,3064.0,631.0,0.0,729.0,5645.0,314.56251467605114,21901.64919999997,22216.21171467602,2898.0,25.0,7.0,147.0,57.0,20.0,11.0,169.0,34.0,2.0,0.0,0.0,0.0
219,18,2,3241.0,3126.0,611.0,0.0,704.0,5645.0,395.8163583497034,21598.911599999992,21994.727958349693,2898.0,25.0,7.0,147.0,57.0,20.0,11.0,169.0,34.0,2.0,0.0,0.0,0.0
219,19,2,3106.0,3004.0,617.0,0.0,699.0,5645.0,232.62948193475893,21700.848399999988,21933.47788193475,2898.0,25.0,7.0,147.0,57.0,20.0,11.0,169.0,34.0,2.0,0.0,0.0,0.0
219,20,2,3118.0,3081.0,603.0,0.0,726.0,5645.0,393.4363626790849,20748.948399999983,21142.38476267907,2898.0,25.0,7.0,147.0,57.0,20.0,11.0,169.0,34.0,2.0,0.0,0.0,0.0
219,21,2,3186.0,3054.0,640.0,0.0,684.0,5645.0,189.875925733718,20103.059199999985,20292.935125733704,2898.0,25.0,7.0,147.0,57.0,20.0,11.0,169.0,34.0,2.0,0.0,0.0,0.0
219,22,2,3148.0,3038.0,592.0,0.0,681.0,5645.0,150.4438157028663,20872.661999999986,21023.105815702853,2898.0,25.0,7.0,147.0,57.0,20.0,11.0,169.0,34.0,2.0,0.0,0.0,0.0
219,23,2,3183.0,3082.0,586.0,0.0,702.0,5645.0,272.40766872665245,19994.709599999987,20267.117268726644,2898.0,25.0,7.0,147.0,57.0,20.0,11.0,169.0,34.0,2.0,0.0,0.0,0.0
219,24,3,3136.0,3121.0,576.0,0.0,721.0,5645.0,231.69933093184363,19589.634399999995,19821.33373093184,2898.0,25.0,7.0,147.0,57.0,20.0,11.0,169.0,34.0,2.0,0.0,0.0,0.0
219,25,3,3095.0,3026.0,585.0,0.0,717.0,5645.0,271.3264208382432,20432.583599999984,20703.910020838226,2898.0,25.0,7.0,147.0,57.0,20.0,11.0,169.0,34.0,2.0,0.0,0.0,0.0
219,26,3,3108.0,2982.0,640.0,0.0,709.0,5645.0,313.1506712298703,22791.224799999974,23104.375471229843,2898.0,25.0,7.0,147.0,57.0,20.0,11.0,169.0,34.0,2.0,0.0,0.0,0.0
219,27,3,3147.0,3087.0,561.0,0.0,663.0,5645.0,150.57155025696298,21669.11839999998,21819.689950256947,2898.0,25.0,7.0,147.0,57.0,20.0,11.0,169.0,34.0,2.0,0.0,0.0,0.0
219,28,3,3169.0,3100.0,591.0,0.0,743.0,5645.0,189.48143919141467,20956.028399999985,21145.509839191396,2898.0,25.0,7.0,147.0,57.0,20.0,11.0,169.0,34.0,2.0,0.0,0.0,0.0
219,29,3,3196.0,3029.0,667.0,0.0,715.0,5645.0,272.6852637057794,20376.27119999998,20648.956463705763,2898.0,25.0,7.0,147.0,57.0,20.0,11.0,169.0,34.0,2.0,0.0,0.0,0.0
219,30,3,3194.0,3105.0,587.0,0.0,753.0,5645.0,271.4328108946756,21146.675599999984,21418.10841089466,2898.0,25.0,7.0,147.0,57.0,20.0,11.0,169.0,34.0,2.0,0.0,0.0,0.0
219,31,3,3197.0,3048.0,601.0,0.0,714.0,5645.0,108.18738999480091,21336.58799999999,21444.775389994782,2898.0,25.0,7.0,147.0,57.0,20.0,11.0,169.0,34.0,2.0,0.0,0.0,0.0
219,32,3,3106.0,3056.0,607.0,0.0,721.0,5645.0,312.98081520737634,20998.045599999983,21311.026415207358,2898.0,25.0,7.0,147.0,57.0,20.0,11.0,169.0,34.0,2.0,0.0,0.0,0.0
219,33,3,3188.0,3144.0,597.0,0.0,780.0,5645.0,228.8697114422759,21529.105599999988,21757.975311442267,2898.0,25.0,7.0,147.0,57.0,20.0,11.0,169.0,34.0,2.0,0.0,0.0,0.0
219,34,3,3158.0,3081.0,604.0,0.0,673.0,5645.0,394.27830234494627,20851.21919999998,21245.497502344926,2898.0,25.0,7.0,147.0,57.0,20.0,11.0,169.0,34.0,2.0,0.0,0.0,0.0
219,35,3,3156.0,3025.0,618.0,0.0,716.0,5645.0,434.13606051185695,20692.903199999982,21127.039260511843,2898.0,25.0,7.0,147.0,57.0,20.0,11.0,169.0,34.0,2.0,0.0,0.0,0.0
219,36,4,3120.0,3076.0,585.0,0.0,711.0,5645.0,355.1508954965834,21742.865599999983,22098.01649549657,2898.0,25.0,7.0,147.0,57.0,20.0,11.0,169.0,34.0,2.0,0.0,0.0,0.0
219,37,4,3114.0,3050.0,636.0,0.0,704.0,5645.0,271.5355549529656,20621.493999999984,20893.029554952947,2898.0,25.0,7.0,147.0,57.0,20.0,11.0,169.0,34.0,2.0,0.0,0.0,0.0
219,38,4,3250.0,3099.0,661.0,0.0,703.0,5645.0,189.26794034780895,19686.561199999982,19875.829140347792,2898.0,25.0,7.0,147.0,57.0,20.0,11.0,169.0,34.0,2.0,0.0,0.0,0.0
219,39,4,3225.0,3114.0,636.0,0.0,728.0,5645.0,270.70736889364423,21300.248799999983,21570.956168893626,2898.0,25.0,7.0,147.0,57.0,20.0,11.0,169.0,34.0,2.0,0.0,0.0,0.0
219,40,4,3191.0,3108.0,594.0,0.0,750.0,5645.0,597.1788767715203,21656.426399999982,22253.6052767715,2898.0,25.0,7.0,147.0,57.0,20.0,11.0,169.0,34.0,2.0,0.0,0.0,0.0
219,41,4,3238.0,3087.0,657.0,0.0,744.0,5645.0,311.1667709837095,20640.73239999998,20951.899170983692,2898.0,25.0,7.0,147.0,57.0,20.0,11.0,169.0,34.0,2.0,0.0,0.0,0.0
219,42,4,3114.0,2953.0,624.0,0.0,696.0,5645.0,475.5762902500044,21063.041999999987,21538.618290249993,2898.0,25.0,7.0,147.0,57.0,20.0,11.0,169.0,34.0,2.0,0.0,0.0,0.0
219,43,4,3185.0,3165.0,584.0,0.0,703.0,5645.0,192.52207021048383,20093.77399999998,20286.296070210465,2898.0,25.0,7.0,147.0,57.0,20.0,11.0,169.0,34.0,2.0,0.0,0.0,0.0
219,44,4,3141.0,3094.0,632.0,0.0,732.0,5645.0,353.1861749041885,20033.453599999986,20386.63977490417,2898.0,25.0,7.0,147.0,57.0,20.0,11.0,169.0,34.0,2.0,0.0,0.0,0.0
219,45,4,3189.0,3096.0,632.0,0.0,720.0,5645.0,353.65202407395356,19961.71039999999,20315.362424073937,2898.0,25.0,7.0,147.0,57.0,20.0,11.0,169.0,34.0,2.0,0.0,0.0,0.0
219,46,4,3133.0,3080.0,623.0,0.0,722.0,5645.0,394.7293684131849,20917.88559999999,21312.61496841317,2898.0,25.0,7.0,147.0,57.0,20.0,11.0,169.0,34.0,2.0,0.0,0.0,0.0
219,47,4,3190.0,3090.0,611.0,0.0,742.0,5645.0,191.55522836473406,20981.545999999977,21173.10122836471,2898.0,25.0,7.0,147.0,57.0,20.0,11.0,169.0,34.0,2.0,0.0,0.0,0.0
219,48,5,3115.0,3049.0,603.0,0.0,698.0,5645.0,353.09846383949224,21314.20999999998,21667.308463839472,2898.0,25.0,7.0,147.0,57.0,20.0,11.0,169.0,34.0,2.0,0.0,0.0,0.0
219,49,5,3207.0,3148.0,632.0,0.0,752.0,5645.0,232.73105215271733,21113.67639999999,21346.407452152704,2898.0,25.0,7.0,147.0,57.0,20.0,11.0,169.0,34.0,2.0,0.0,0.0,0.0
219,50,5,3196.0,3081.0,608.0,0.0,731.0,5645.0,149.78078123838338,20658.50119999999,20808.281981238375,2898.0,25.0,7.0,147.0,57.0,20.0,11.0,169.0,34.0,2.0,0.0,0.0,0.0
219,51,5,3173.0,3054.0,617.0,0.0,748.0,5645.0,353.5328656655586,19234.99319999998,19588.526065665537,2898.0,25.0,7.0,147.0,57.0,20.0,11.0,169.0,34.0,2.0,0.0,0.0,0.0
219,52,5,3203.0,3088.0,590.0,0.0,697.0,5645.0,434.3378986064961,21309.86799999998,21744.205898606477,2898.0,25.0,7.0,147.0,57.0,20.0,11.0,169.0,34.0,2.0,0.0,0.0,0.0
219,53,5,3147.0,3094.0,621.0,0.0,743.0,5645.0,435.59311500037404,21357.429599999967,21793.02271500034,2898.0,25.0,7.0,147.0,57.0,20.0,11.0,169.0,34.0,2.0,0.0,0.0,0.0
219,54,5,3177.0,2988.0,610.0,0.0,701.0,5645.0,271.3668081265795,20271.461999999992,20542.82880812657,2898.0,25.0,7.0,147.0,57.0,20.0,11.0,169.0,34.0,2.0,0.0,0.0,0.0
219,55,5,3215.0,3125.0,630.0,0.0,761.0,5645.0,190.10118554332144,21078.873599999984,21268.974785543305,2898.0,25.0,7.0,147.0,57.0,20.0,11.0,169.0,34.0,2.0,0.0,0.0,0.0
219,56,5,3196.0,3055.0,611.0,0.0,687.0,5645.0,229.75918637818557,19123.971599999986,19353.730786378175,2898.0,25.0,7.0,147.0,57.0,20.0,11.0,169.0,34.0,2.0,0.0,0.0,0.0
219,57,5,3153.0,3096.0,593.0,0.0,725.0,5645.0,393.1463043833026,20643.67159999998,21036.817904383282,2898.0,25.0,7.0,147.0,57.0,20.0,11.0,169.0,34.0,2.0,0.0,0.0,0.0
219,58,5,3133.0,3017.0,615.0,0.0,722.0,5645.0,313.2667213854457,20328.843199999992,20642.10992138544,2898.0,25.0,7.0,147.0,57.0,20.0,11.0,169.0,34.0,2.0,0.0,0.0,0.0
219,59,5,3141.0,3050.0,625.0,0.0,756.0,5645.0,311.19881908113314,19750.622399999997,20061.821219081132,2898.0,25.0,7.0,147.0,57.0,20.0,11.0,169.0,34.0,2.0,0.0,0.0,0.0
219,60,6,3192.0,3089.0,621.0,0.0,754.0,5645.0,311.96155581985323,20486.290799999988,20798.25235581984,2898.0,25.0,7.0,147.0,57.0,20.0,11.0,169.0,34.0,2.0,0.0,0.0,0.0
219,61,6,3209.0,3111.0,597.0,0.0,720.0,5645.0,474.5753114966049,21024.899199999978,21499.47451149658,2898.0,25.0,7.0,147.0,57.0,20.0,11.0,169.0,34.0,2.0,0.0,0.0,0.0
219,62,6,3109.0,3039.0,593.0,0.0,732.0,5645.0,191.5655452051705,19748.417999999987,19939.983545205156,2898.0,25.0,7.0,147.0,57.0,20.0,11.0,169.0,34.0,2.0,0.0,0.0,0.0
219,63,6,3192.0,3095.0,599.0,0.0,755.0,5645.0,555.472497077724,21100.18279999998,21655.6552970777,2898.0,25.0,7.0,147.0,57.0,20.0,11.0,169.0,34.0,2.0,0.0,0.0,0.0
219,64,6,3175.0,3006.0,610.0,0.0,751.0,5645.0,474.95917243452845,21647.809199999978,22122.76837243451,2898.0,25.0,7.0,147.0,57.0,20.0,11.0,169.0,34.0,2.0,0.0,0.0,0.0
219,65,6,3178.0,3016.0,635.0,0.0,731.0,5645.0,395.27019755110433,20880.27719999998,21275.547397551083,2898.0,25.0,7.0,147.0,57.0,20.0,11.0,169.0,34.0,2.0,0.0,0.0,0.0
219,66,6,3165.0,3075.0,588.0,0.0,704.0,5645.0,310.5893218197959,21296.64159999997,21607.23092181977,2898.0,25.0,7.0,147.0,57.0,20.0,11.0,169.0,34.0,2.0,0.0,0.0,0.0
219,67,6,3187.0,3127.0,577.0,0.0,721.0,5645.0,314.0865187583666,21779.605599999984,22093.69211875835,2898.0,25.0,7.0,147.0,57.0,20.0,11.0,169.0,34.0,2.0,0.0,0.0,0.0
219,68,6,3131.0,3049.0,571.0,0.0,710.0,5645.0,272.795621095315,21164.577999999976,21437.37362109529,2898.0,25.0,7.0,147.0,57.0,20.0,11.0,169.0,34.0,2.0,0.0,0.0,0.0
219,69,6,3211.0,3074.0,626.0,0.0,707.0,5645.0,558.2626884581059,21013.67679999998,21571.939488458087,2898.0,25.0,7.0,147.0,57.0,20.0,11.0,169.0,34.0,2.0,0.0,0.0,0.0
219,70,6,3194.0,3109.0,626.0,0.0,775.0,5645.0,516.0821528592253,20956.36239999998,21472.444552859204,2898.0,25.0,7.0,147.0,57.0,20.0,11.0,169.0,34.0,2.0,0.0,0.0,0.0
219,71,6,3162.0,2983.0,665.0,0.0,702.0,5645.0,517.400132267634,20800.71839999999,21318.11853226762,2898.0,25.0,7.0,147.0,57.0,20.0,11.0,169.0,34.0,2.0,0.0,0.0,0.0
219,72,7,3137.0,3102.0,587.0,0.0,715.0,5645.0,231.4911917035891,23274.72319999998,23506.21439170357,2898.0,25.0,7.0,147.0,57.0,20.0,11.0,169.0,34.0,2.0,0.0,0.0,0.0
219,73,7,3167.0,3112.0,612.0,0.0,701.0,5645.0,436.08575636663,20636.991599999983,21073.07735636661,2898.0,25.0,7.0,147.0,57.0,20.0,11.0,169.0,34.0,2.0,0.0,0.0,0.0
219,74,7,3169.0,3053.0,618.0,0.0,709.0,5645.0,433.8139532816849,20633.517999999985,21067.331953281668,2898.0,25.0,7.0,147.0,57.0,20.0,11.0,169.0,34.0,2.0,0.0,0.0,0.0
219,75,7,3155.0,3016.0,638.0,0.0,721.0,5645.0,312.2944700409474,22916.407999999992,23228.702470040946,2898.0,25.0,7.0,147.0,57.0,20.0,11.0,169.0,34.0,2.0,0.0,0.0,0.0
219,76,7,3203.0,3090.0,673.0,0.0,783.0,5645.0,476.1852329061867,20315.14919999999,20791.334432906173,2898.0,25.0,7.0,147.0,57.0,20.0,11.0,169.0,34.0,2.0,0.0,0.0,0.0
219,77,7,3175.0,3065.0,609.0,0.0,724.0,5645.0,557.3978525316182,20145.54399999998,20702.941852531596,2898.0,25.0,7.0,147.0,57.0,20.0,11.0,169.0,34.0,2.0,0.0,0.0,0.0
219,78,7,3216.0,3098.0,626.0,0.0,683.0,5645.0,109.15267807940857,21163.709599999995,21272.8622780794,2898.0,25.0,7.0,147.0,57.0,20.0,11.0,169.0,34.0,2.0,0.0,0.0,0.0
219,79,7,3170.0,3078.0,627.0,0.0,733.0,5645.0,313.20101016754234,20730.711999999992,21043.913010167536,2898.0,25.0,7.0,147.0,57.0,20.0,11.0,169.0,34.0,2.0,0.0,0.0,0.0
219,80,7,3205.0,3052.0,660.0,0.0,729.0,5645.0,311.64323175850274,19736.928399999975,20048.571631758477,2898.0,25.0,7.0,147.0,57.0,20.0,11.0,169.0,34.0,2.0,0.0,0.0,0.0
219,81,7,3158.0,3065.0,616.0,0.0,733.0,5645.0,515.1559103723014,22183.745599999987,22698.901510372285,2898.0,25.0,7.0,147.0,57.0,20.0,11.0,169.0,34.0,2.0,0.0,0.0,0.0
219,82,7,3170.0,3085.0,542.0,0.0,679.0,5645.0,394.8940832639487,20969.388399999996,21364.282483263945,2898.0,25.0,7.0,147.0,57.0,20.0,11.0,169.0,34.0,2.0,0.0,0.0,0.0
219,83,7,3139.0,3082.0,596.0,0.0,677.0,5645.0,270.94115925568025,20913.74399999997,21184.68515925565,2898.0,25.0,7.0,147.0,57.0,20.0,11.0,169.0,34.0,2.0,0.0,0.0,0.0
219,84,8,3187.0,3070.0,606.0,0.0,749.0,5645.0,151.51553644957275,22044.667999999983,22196.183536449556,2898.0,25.0,7.0,147.0,57.0,20.0,11.0,169.0,34.0,2.0,0.0,0.0,0.0
219,85,8,3179.0,3023.0,635.0,0.0,677.0,5645.0,311.19190870713686,20950.951599999982,21262.14350870712,2898.0,25.0,7.0,147.0,57.0,20.0,11.0,169.0,34.0,2.0,0.0,0.0,0.0
219,86,8,3138.0,3060.0,644.0,0.0,773.0,5645.0,517.832423068019,20431.113999999987,20948.946423068006,2898.0,25.0,7.0,147.0,57.0,20.0,11.0,169.0,34.0,2.0,0.0,0.0,0.0
219,87,8,3168.0,3060.0,615.0,0.0,764.0,5645.0,313.99823106233146,21575.26439999998,21889.26263106231,2898.0,25.0,7.0,147.0,57.0,20.0,11.0,169.0,34.0,2.0,0.0,0.0,0.0
219,88,8,3194.0,3056.0,596.0,0.0,684.0,5645.0,393.6273985524889,20993.10239999999,21386.729798552475,2898.0,25.0,7.0,147.0,57.0,20.0,11.0,169.0,34.0,2.0,0.0,0.0,0.0
219,89,8,3208.0,3131.0,622.0,0.0,746.0,5645.0,67.825320670664,20381.414799999988,20449.24012067065,2898.0,25.0,7.0,147.0,57.0,20.0,11.0,169.0,34.0,2.0,0.0,0.0,0.0
219,90,8,3228.0,3064.0,618.0,0.0,743.0,5645.0,272.694681469193,22002.24999999998,22274.944681469173,2898.0,25.0,7.0,147.0,57.0,20.0,11.0,169.0,34.0,2.0,0.0,0.0,0.0
219,91,8,3127.0,3027.0,609.0,0.0,710.0,5645.0,637.9321471030787,20801.586799999975,21439.518947103054,2898.0,25.0,7.0,147.0,57.0,20.0,11.0,169.0,34.0,2.0,0.0,0.0,0.0
219,92,8,3190.0,3099.0,573.0,0.0,675.0,5645.0,107.3394443857423,20509.93799999998,20617.277444385723,2898.0,25.0,7.0,147.0,57.0,20.0,11.0,169.0,34.0,2.0,0.0,0.0,0.0
219,93,8,3221.0,3099.0,609.0,0.0,708.0,5645.0,230.24510009540654,19061.64719999998,19291.892300095387,2898.0,25.0,7.0,147.0,57.0,20.0,11.0,169.0,34.0,2.0,0.0,0.0,0.0
219,94,8,3201.0,3049.0,648.0,0.0,723.0,5645.0,233.02373558908155,22543.797599999965,22776.821335589048,2898.0,25.0,7.0,147.0,57.0,20.0,11.0,169.0,34.0,2.0,0.0,0.0,0.0
219,95,8,3230.0,3119.0,605.0,0.0,685.0,5645.0,314.49356515670195,21697.575199999974,22012.068765156677,2898.0,25.0,7.0,147.0,57.0,20.0,11.0,169.0,34.0,2.0,0.0,0.0,0.0
219,96,9,3139.0,3061.0,620.0,0.0,724.0,5645.0,354.5269244775427,22124.76119999997,22479.28812447752,2898.0,25.0,7.0,147.0,57.0,20.0,11.0,169.0,34.0,2.0,0.0,0.0,0.0
219,97,9,3238.0,3124.0,624.0,0.0,761.0,5645.0,271.88001584966844,22114.34039999998,22386.22041584965,2898.0,25.0,7.0,147.0,57.0,20.0,11.0,169.0,34.0,2.0,0.0,0.0,0.0
219,98,9,3209.0,3150.0,635.0,0.0,738.0,5645.0,230.89871589881366,20539.797599999984,20770.6963158988,2898.0,25.0,7.0,147.0,57.0,20.0,11.0,169.0,34.0,2.0,0.0,0.0,0.0
219,99,9,3221.0,3054.0,641.0,0.0,700.0,5645.0,517.1271300558756,21287.489999999976,21804.617130055856,2898.0,25.0,7.0,147.0,57.0,20.0,11.0,169.0,34.0,2.0,0.0,0.0,0.0
219,100,9,3126.0,3039.0,628.0,0.0,738.0,5645.0,231.22308307229292,20846.14239999999,21077.365483072284,2898.0,25.0,7.0,147.0,57.0,20.0,11.0,169.0,34.0,2.0,0.0,0.0,0.0
219,101,9,3164.0,3045.0,617.0,0.0,738.0,5645.0,109.10309327516106,19540.20239999999,19649.30549327515,2898.0,25.0,7.0,147.0,57.0,20.0,11.0,169.0,34.0,2.0,0.0,0.0,0.0
219,102,9,3198.0,3053.0,620.0,0.0,745.0,5645.0,517.7201313440275,19501.725599999983,20019.445731344007,2898.0,25.0,7.0,147.0,57.0,20.0,11.0,169.0,34.0,2.0,0.0,0.0,0.0
219,103,9,3073.0,3032.0,610.0,0.0,762.0,5645.0,232.45321767900595,20951.819999999985,21184.27321767899,2898.0,25.0,7.0,147.0,57.0,20.0,11.0,169.0,34.0,2.0,0.0,0.0,0.0
219,104,9,3166.0,3036.0,641.0,0.0,679.0,5645.0,310.35944649858016,21137.25679999998,21447.61624649856,2898.0,25.0,7.0,147.0,57.0,20.0,11.0,169.0,34.0,2.0,0.0,0.0,0.0
219,105,9,3195.0,3087.0,614.0,0.0,721.0,5645.0,392.1734341800088,19922.565599999987,20314.739034179995,2898.0,25.0,7.0,147.0,57.0,20.0,11.0,169.0,34.0,2.0,0.0,0.0,0.0
219,106,9,3136.0,3037.0,622.0,0.0,709.0,5645.0,272.13771667972685,19873.133599999983,20145.271316679708,2898.0,25.0,7.0,147.0,57.0,20.0,11.0,169.0,34.0,2.0,0.0,0.0,0.0
219,107,9,3162.0,3034.0,651.0,0.0,715.0,5645.0,392.26966513577725,22090.091999999968,22482.361665135748,2898.0,25.0,7.0,147.0,57.0,20.0,11.0,169.0,34.0,2.0,0.0,0.0,0.0
219,108,10,3225.0,3064.0,639.0,0.0,744.0,5645.0,434.5183976988215,19053.29719999999,19487.815597698813,2898.0,25.0,7.0,147.0,57.0,20.0,11.0,169.0,34.0,2.0,0.0,0.0,0.0
219,109,10,3121.0,3012.0,619.0,0.0,673.0,5645.0,191.6656504190277,22450.67839999998,22642.344050419008,2898.0,25.0,7.0,147.0,57.0,20.0,11.0,169.0,34.0,2.0,0.0,0.0,0.0
219,110,10,3156.0,3073.0,599.0,0.0,733.0,5645.0,559.447180910518,21550.81559999998,22110.262780910496,2898.0,25.0,7.0,147.0,57.0,20.0,11.0,169.0,34.0,2.0,0.0,0.0,0.0
219,111,10,3129.0,3085.0,565.0,0.0,739.0,5645.0,312.5308743116185,21078.005199999978,21390.536074311593,2898.0,25.0,7.0,147.0,57.0,20.0,11.0,169.0,34.0,2.0,0.0,0.0,0.0
219,112,10,3185.0,3061.0,603.0,0.0,731.0,5645.0,312.77541347675776,20454.89479999999,20767.670213476744,2898.0,25.0,7.0,147.0,57.0,20.0,11.0,169.0,34.0,2.0,0.0,0.0,0.0
219,113,10,3144.0,3065.0,588.0,0.0,695.0,5645.0,190.01642006269975,20721.29319999999,20911.30962006269,2898.0,25.0,7.0,147.0,57.0,20.0,11.0,169.0,34.0,2.0,0.0,0.0,0.0
219,114,10,3192.0,3087.0,597.0,0.0,694.0,5645.0,353.3907777793892,22070.58639999997,22423.97717777936,2898.0,25.0,7.0,147.0,57.0,20.0,11.0,169.0,34.0,2.0,0.0,0.0,0.0
219,115,10,3187.0,3080.0,629.0,0.0,703.0,5645.0,230.86348648038813,20613.143999999986,20844.007486480376,2898.0,25.0,7.0,147.0,57.0,20.0,11.0,169.0,34.0,2.0,0.0,0.0,0.0
219,116,10,3187.0,3077.0,641.0,0.0,696.0,5645.0,229.74813540322987,19667.857199999977,19897.605335403205,2898.0,25.0,7.0,147.0,57.0,20.0,11.0,169.0,34.0,2.0,0.0,0.0,0.0
219,117,10,3249.0,3102.0,643.0,0.0,742.0,5645.0,272.0514656461686,21743.533599999984,22015.58506564615,2898.0,25.0,7.0,147.0,57.0,20.0,11.0,169.0,34.0,2.0,0.0,0.0,0.0
219,118,10,3206.0,3051.0,653.0,0.0,708.0,5645.0,270.9578165356923,21843.13239999996,22114.090216535653,2898.0,25.0,7.0,147.0,57.0,20.0,11.0,169.0,34.0,2.0,0.0,0.0,0.0
219,119,10,3214.0,3110.0,611.0,0.0,720.0,5645.0,433.98563945304915,20888.56039999997,21322.546039453016,2898.0,25.0,7.0,147.0,57.0,20.0,11.0,169.0,34.0,2.0,0.0,0.0,0.0
220,0,1,3058.0,2974.0,638.0,0.0,756.0,5645.0,476.73031265424106,18183.494399999985,18660.224712654228,2898.0,25.0,7.0,147.0,57.0,20.0,11.0,169.0,34.0,2.0,0.0,0.0,0.0
220,1,1,2997.0,2904.0,648.0,0.0,764.0,5645.0,395.5997130235729,20623.56479999999,21019.164513023556,2898.0,25.0,7.0,147.0,57.0,20.0,11.0,169.0,34.0,2.0,0.0,0.0,0.0
220,2,1,3078.0,2908.0,668.0,0.0,722.0,5645.0,719.3190555714863,19158.974799999993,19878.293855571483,2898.0,25.0,7.0,147.0,57.0,20.0,11.0,169.0,34.0,2.0,0.0,0.0,0.0
220,3,1,3045.0,2955.0,671.0,0.0,745.0,5645.0,557.0105805252579,18470.066399999985,19027.076980525242,2898.0,25.0,7.0,147.0,57.0,20.0,11.0,169.0,34.0,2.0,0.0,0.0,0.0
220,4,1,3013.0,2967.0,622.0,0.0,732.0,5645.0,355.4688569793527,17878.88639999998,18234.355256979332,2898.0,25.0,7.0,147.0,57.0,20.0,11.0,169.0,34.0,2.0,0.0,0.0,0.0
220,5,1,3009.0,2907.0,645.0,0.0,736.0,5645.0,474.52365495897425,17015.8304,17490.354054958974,2898.0,25.0,7.0,147.0,57.0,20.0,11.0,169.0,34.0,2.0,0.0,0.0,0.0
220,6,1,3096.0,2900.0,689.0,0.0,735.0,5645.0,517.5122120112463,19860.508399999984,20378.020612011227,2898.0,25.0,7.0,147.0,57.0,20.0,11.0,169.0,34.0,2.0,0.0,0.0,0.0
220,7,1,3001.0,2935.0,673.0,0.0,765.0,5645.0,193.8713984204818,18926.377199999984,19120.24859842046,2898.0,25.0,7.0,147.0,57.0,20.0,11.0,169.0,34.0,2.0,0.0,0.0,0.0
220,8,1,2999.0,2940.0,630.0,0.0,769.0,5645.0,517.3964398864491,19042.475599999983,19559.87203988643,2898.0,25.0,7.0,147.0,57.0,20.0,11.0,169.0,34.0,2.0,0.0,0.0,0.0
220,9,1,3012.0,2907.0,654.0,0.0,750.0,5645.0,438.32656127833644,19655.83319999998,20094.15976127832,2898.0,25.0,7.0,147.0,57.0,20.0,11.0,169.0,34.0,2.0,0.0,0.0,0.0
220,10,1,3013.0,2967.0,656.0,0.0,752.0,5645.0,557.8259943908756,20168.723599999987,20726.54959439086,2898.0,25.0,7.0,147.0,57.0,20.0,11.0,169.0,34.0,2.0,0.0,0.0,0.0
220,11,1,3072.0,2963.0,655.0,0.0,738.0,5645.0,477.96364825826265,18344.41559999999,18822.37924825825,2898.0,25.0,7.0,147.0,57.0,20.0,11.0,169.0,34.0,2.0,0.0,0.0,0.0
220,12,2,3044.0,2969.0,609.0,0.0,730.0,5645.0,680.4512844157445,18717.159599999988,19397.61088441573,2898.0,25.0,7.0,147.0,57.0,20.0,11.0,169.0,34.0,2.0,0.0,0.0,0.0
220,13,2,3014.0,2928.0,629.0,0.0,756.0,5645.0,476.32652161586157,18742.810799999985,19219.137321615846,2898.0,25.0,7.0,147.0,57.0,20.0,11.0,169.0,34.0,2.0,0.0,0.0,0.0
220,14,2,3091.0,2949.0,659.0,0.0,711.0,5645.0,396.2758148929883,18065.725999999984,18462.00181489297,2898.0,25.0,7.0,147.0,57.0,20.0,11.0,169.0,34.0,2.0,0.0,0.0,0.0
220,15,2,3111.0,3034.0,608.0,0.0,747.0,5645.0,477.7935941128321,17235.134799999993,17712.928394112823,2898.0,25.0,7.0,147.0,57.0,20.0,11.0,169.0,34.0,2.0,0.0,0.0,0.0
220,16,2,3022.0,2936.0,664.0,0.0,767.0,5645.0,437.7978867269414,20698.380799999988,21136.178686726933,2898.0,25.0,7.0,147.0,57.0,20.0,11.0,169.0,34.0,2.0,0.0,0.0,0.0
220,17,2,3079.0,2950.0,685.0,0.0,721.0,5645.0,273.4264764117636,19159.17519999999,19432.601676411756,2898.0,25.0,7.0,147.0,57.0,20.0,11.0,169.0,34.0,2.0,0.0,0.0,0.0
220,18,2,2972.0,2860.0,669.0,0.0,729.0,5645.0,396.5499891178521,19828.17719999999,20224.727189117842,2898.0,25.0,7.0,147.0,57.0,20.0,11.0,169.0,34.0,2.0,0.0,0.0,0.0
220,19,2,2978.0,2944.0,652.0,0.0,760.0,5645.0,598.7541745629801,18755.10199999999,19353.856174562967,2898.0,25.0,7.0,147.0,57.0,20.0,11.0,169.0,34.0,2.0,0.0,0.0,0.0
220,20,2,3035.0,2915.0,673.0,0.0,709.0,5645.0,435.5548546176955,18829.249999999985,19264.804854617683,2898.0,25.0,7.0,147.0,57.0,20.0,11.0,169.0,34.0,2.0,0.0,0.0,0.0
220,21,2,3007.0,2892.0,643.0,0.0,700.0,5645.0,313.1480291730421,18344.549199999994,18657.697229173034,2898.0,25.0,7.0,147.0,57.0,20.0,11.0,169.0,34.0,2.0,0.0,0.0,0.0
220,22,2,3035.0,2947.0,637.0,0.0,731.0,5645.0,396.2524952819301,18019.032799999986,18415.285295281916,2898.0,25.0,7.0,147.0,57.0,20.0,11.0,169.0,34.0,2.0,0.0,0.0,0.0
220,23,2,2985.0,2974.0,618.0,0.0,751.0,5645.0,395.4362867226557,16787.775199999996,17183.21148672265,2898.0,25.0,7.0,147.0,57.0,20.0,11.0,169.0,34.0,2.0,0.0,0.0,0.0
220,24,3,2949.0,2875.0,637.0,0.0,750.0,5645.0,435.7531913944136,18755.302399999986,19191.0555913944,2898.0,25.0,7.0,147.0,57.0,20.0,11.0,169.0,34.0,2.0,0.0,0.0,0.0
220,25,3,2961.0,2874.0,654.0,0.0,728.0,5645.0,516.5562037089884,19084.425999999978,19600.982203708965,2898.0,25.0,7.0,147.0,57.0,20.0,11.0,169.0,34.0,2.0,0.0,0.0,0.0
220,26,3,3012.0,2961.0,607.0,0.0,706.0,5645.0,275.678374092786,19576.541599999982,19852.21997409277,2898.0,25.0,7.0,147.0,57.0,20.0,11.0,169.0,34.0,2.0,0.0,0.0,0.0
220,27,3,3043.0,3002.0,612.0,0.0,734.0,5645.0,476.87615972801257,18857.23919999999,19334.115359728003,2898.0,25.0,7.0,147.0,57.0,20.0,11.0,169.0,34.0,2.0,0.0,0.0,0.0
220,28,3,3058.0,2886.0,724.0,0.0,762.0,5645.0,356.0319774769933,18467.461199999983,18823.49317747698,2898.0,25.0,7.0,147.0,57.0,20.0,11.0,169.0,34.0,2.0,0.0,0.0,0.0
220,29,3,3056.0,2959.0,642.0,0.0,757.0,5645.0,395.94037134267467,19354.431599999985,19750.37197134266,2898.0,25.0,7.0,147.0,57.0,20.0,11.0,169.0,34.0,2.0,0.0,0.0,0.0
220,30,3,3049.0,2917.0,637.0,0.0,750.0,5645.0,352.6260761834709,19348.085599999988,19700.711676183462,2898.0,25.0,7.0,147.0,57.0,20.0,11.0,169.0,34.0,2.0,0.0,0.0,0.0
220,31,3,2972.0,2923.0,652.0,0.0,737.0,5645.0,437.12937759827616,18593.379199999978,19030.508577598255,2898.0,25.0,7.0,147.0,57.0,20.0,11.0,169.0,34.0,2.0,0.0,0.0,0.0
220,32,3,3048.0,3000.0,645.0,0.0,782.0,5645.0,355.0752163426633,18626.445199999987,18981.52041634265,2898.0,25.0,7.0,147.0,57.0,20.0,11.0,169.0,34.0,2.0,0.0,0.0,0.0
220,33,3,2999.0,2913.0,673.0,0.0,728.0,5645.0,679.5384884780793,17878.819599999984,18558.358088478064,2898.0,25.0,7.0,147.0,57.0,20.0,11.0,169.0,34.0,2.0,0.0,0.0,0.0
220,34,3,2996.0,2903.0,642.0,0.0,728.0,5645.0,435.94050345902406,18373.607199999984,18809.54770345901,2898.0,25.0,7.0,147.0,57.0,20.0,11.0,169.0,34.0,2.0,0.0,0.0,0.0
220,35,3,2993.0,2939.0,638.0,0.0,741.0,5645.0,641.599804137457,19096.71719999998,19738.31700413744,2898.0,25.0,7.0,147.0,57.0,20.0,11.0,169.0,34.0,2.0,0.0,0.0,0.0
220,36,4,2976.0,2904.0,681.0,0.0,729.0,5645.0,395.1520340184651,18630.72039999999,19025.87243401846,2898.0,25.0,7.0,147.0,57.0,20.0,11.0,169.0,34.0,2.0,0.0,0.0,0.0
220,37,4,3087.0,2968.0,694.0,0.0,738.0,5645.0,636.8036283541143,17860.449599999985,18497.2532283541,2898.0,25.0,7.0,147.0,57.0,20.0,11.0,169.0,34.0,2.0,0.0,0.0,0.0
220,38,4,3080.0,2992.0,667.0,0.0,769.0,5645.0,679.2028378198966,19464.451199999978,20143.654037819877,2898.0,25.0,7.0,147.0,57.0,20.0,11.0,169.0,34.0,2.0,0.0,0.0,0.0
220,39,4,3051.0,3022.0,594.0,0.0,688.0,5645.0,558.0059057467165,19387.09679999999,19945.102705746704,2898.0,25.0,7.0,147.0,57.0,20.0,11.0,169.0,34.0,2.0,0.0,0.0,0.0
220,40,4,3095.0,2950.0,697.0,0.0,769.0,5645.0,556.1867704181558,17696.455599999987,18252.642370418143,2898.0,25.0,7.0,147.0,57.0,20.0,11.0,169.0,34.0,2.0,0.0,0.0,0.0
220,41,4,2981.0,2849.0,643.0,0.0,717.0,5645.0,640.4064987156843,17645.086399999997,18285.49289871568,2898.0,25.0,7.0,147.0,57.0,20.0,11.0,169.0,34.0,2.0,0.0,0.0,0.0
220,42,4,3037.0,3014.0,632.0,0.0,710.0,5645.0,517.53827801862,18225.377999999986,18742.916278018605,2898.0,25.0,7.0,147.0,57.0,20.0,11.0,169.0,34.0,2.0,0.0,0.0,0.0
220,43,4,2999.0,2973.0,663.0,0.0,757.0,5645.0,679.542631882791,18150.227999999992,18829.77063188278,2898.0,25.0,7.0,147.0,57.0,20.0,11.0,169.0,34.0,2.0,0.0,0.0,0.0
220,44,4,3055.0,2945.0,691.0,0.0,726.0,5645.0,314.8409471574625,17919.03319999999,18233.874147157454,2898.0,25.0,7.0,147.0,57.0,20.0,11.0,169.0,34.0,2.0,0.0,0.0,0.0
220,45,4,2999.0,2945.0,661.0,0.0,756.0,5645.0,802.2798688590274,18467.861999999994,19270.141868859024,2898.0,25.0,7.0,147.0,57.0,20.0,11.0,169.0,34.0,2.0,0.0,0.0,0.0
220,46,4,3030.0,2909.0,679.0,0.0,807.0,5645.0,519.6787290268909,18928.51479999998,19448.193529026874,2898.0,25.0,7.0,147.0,57.0,20.0,11.0,169.0,34.0,2.0,0.0,0.0,0.0
220,47,4,2969.0,2922.0,638.0,0.0,732.0,5645.0,720.0164681511152,19351.291999999987,20071.308468151103,2898.0,25.0,7.0,147.0,57.0,20.0,11.0,169.0,34.0,2.0,0.0,0.0,0.0
220,48,5,3065.0,3011.0,672.0,0.0,769.0,5645.0,274.96862366239554,19239.93639999999,19514.905023662388,2898.0,25.0,7.0,147.0,57.0,20.0,11.0,169.0,34.0,2.0,0.0,0.0,0.0
220,49,5,3039.0,2941.0,653.0,0.0,750.0,5645.0,435.3213556231293,18455.57079999999,18890.89215562312,2898.0,25.0,7.0,147.0,57.0,20.0,11.0,169.0,34.0,2.0,0.0,0.0,0.0
220,50,5,3016.0,2910.0,660.0,0.0,758.0,5645.0,517.7562491464821,17352.034799999983,17869.791049146465,2898.0,25.0,7.0,147.0,57.0,20.0,11.0,169.0,34.0,2.0,0.0,0.0,0.0
220,51,5,3047.0,2947.0,639.0,0.0,751.0,5645.0,476.89030188630335,18715.355999999985,19192.24630188629,2898.0,25.0,7.0,147.0,57.0,20.0,11.0,169.0,34.0,2.0,0.0,0.0,0.0
220,52,5,3006.0,2951.0,676.0,0.0,800.0,5645.0,803.5546753158221,19561.645199999977,20365.199875315804,2898.0,25.0,7.0,147.0,57.0,20.0,11.0,169.0,34.0,2.0,0.0,0.0,0.0
220,53,5,3034.0,2872.0,626.0,0.0,697.0,5645.0,556.5421782754435,17470.471199999993,18027.013378275442,2898.0,25.0,7.0,147.0,57.0,20.0,11.0,169.0,34.0,2.0,0.0,0.0,0.0
220,54,5,3063.0,3001.0,659.0,0.0,782.0,5645.0,475.34043749136964,20002.591999999986,20477.932437491356,2898.0,25.0,7.0,147.0,57.0,20.0,11.0,169.0,34.0,2.0,0.0,0.0,0.0
220,55,5,3045.0,2912.0,655.0,0.0,718.0,5645.0,515.9310069310675,17389.108799999987,17905.039806931054,2898.0,25.0,7.0,147.0,57.0,20.0,11.0,169.0,34.0,2.0,0.0,0.0,0.0
220,56,5,3012.0,2967.0,639.0,0.0,748.0,5645.0,718.5449030149753,18034.263199999983,18752.80810301496,2898.0,25.0,7.0,147.0,57.0,20.0,11.0,169.0,34.0,2.0,0.0,0.0,0.0
220,57,5,3004.0,2888.0,649.0,0.0,739.0,5645.0,476.86038587819024,18347.955999999995,18824.816385878185,2898.0,25.0,7.0,147.0,57.0,20.0,11.0,169.0,34.0,2.0,0.0,0.0,0.0
220,58,5,2993.0,2915.0,653.0,0.0,731.0,5645.0,474.69846262800326,17884.697999999997,18359.396462628,2898.0,25.0,7.0,147.0,57.0,20.0,11.0,169.0,34.0,2.0,0.0,0.0,0.0
220,59,5,3018.0,2931.0,662.0,0.0,766.0,5645.0,474.91544494493536,17672.07359999999,18146.989044944923,2898.0,25.0,7.0,147.0,57.0,20.0,11.0,169.0,34.0,2.0,0.0,0.0,0.0
220,60,6,3044.0,2966.0,638.0,0.0,738.0,5645.0,720.5218870650541,18853.899199999985,19574.421087065042,2898.0,25.0,7.0,147.0,57.0,20.0,11.0,169.0,34.0,2.0,0.0,0.0,0.0
220,61,6,2965.0,2908.0,637.0,0.0,761.0,5645.0,477.1197034411061,17127.185999999987,17604.305703441092,2898.0,25.0,7.0,147.0,57.0,20.0,11.0,169.0,34.0,2.0,0.0,0.0,0.0
220,62,6,3037.0,2968.0,630.0,0.0,778.0,5645.0,679.2575495830642,18747.152799999985,19426.410349583046,2898.0,25.0,7.0,147.0,57.0,20.0,11.0,169.0,34.0,2.0,0.0,0.0,0.0
220,63,6,3035.0,2880.0,655.0,0.0,788.0,5645.0,558.2301288526476,19749.15279999998,20307.382928852632,2898.0,25.0,7.0,147.0,57.0,20.0,11.0,169.0,34.0,2.0,0.0,0.0,0.0
220,64,6,3042.0,2894.0,673.0,0.0,737.0,5645.0,802.9352317543253,18634.995599999984,19437.93083175431,2898.0,25.0,7.0,147.0,57.0,20.0,11.0,169.0,34.0,2.0,0.0,0.0,0.0
220,65,6,3021.0,2946.0,624.0,0.0,729.0,5645.0,352.67628947973475,18867.993999999984,19220.67028947972,2898.0,25.0,7.0,147.0,57.0,20.0,11.0,169.0,34.0,2.0,0.0,0.0,0.0
220,66,6,3042.0,2991.0,619.0,0.0,751.0,5645.0,356.1580344050005,19795.31159999999,20151.46963440499,2898.0,25.0,7.0,147.0,57.0,20.0,11.0,169.0,34.0,2.0,0.0,0.0,0.0
220,67,6,2968.0,2907.0,602.0,0.0,733.0,5645.0,558.9320442363833,19443.54279999998,20002.474844236367,2898.0,25.0,7.0,147.0,57.0,20.0,11.0,169.0,34.0,2.0,0.0,0.0,0.0
220,68,6,3079.0,2954.0,659.0,0.0,721.0,5645.0,843.691535535626,18768.261599999983,19611.95313553561,2898.0,25.0,7.0,147.0,57.0,20.0,11.0,169.0,34.0,2.0,0.0,0.0,0.0
220,69,6,3042.0,2983.0,666.0,0.0,800.0,5645.0,679.6837226832204,18803.799199999983,19483.482922683204,2898.0,25.0,7.0,147.0,57.0,20.0,11.0,169.0,34.0,2.0,0.0,0.0,0.0
220,70,6,3021.0,2857.0,687.0,0.0,714.0,5645.0,762.5216282646842,18348.356799999998,19110.878428264677,2898.0,25.0,7.0,147.0,57.0,20.0,11.0,169.0,34.0,2.0,0.0,0.0,0.0
220,71,6,2967.0,2940.0,633.0,0.0,734.0,5645.0,436.6295898974649,20377.005999999987,20813.63558989745,2898.0,25.0,7.0,147.0,57.0,20.0,11.0,169.0,34.0,2.0,0.0,0.0,0.0
220,72,7,3039.0,2977.0,662.0,0.0,726.0,5645.0,679.931123712921,18654.30079999998,19334.2319237129,2898.0,25.0,7.0,147.0,57.0,20.0,11.0,169.0,34.0,2.0,0.0,0.0,0.0
220,73,7,3031.0,2918.0,659.0,0.0,752.0,5645.0,720.3916750786241,18705.603199999987,19425.99487507861,2898.0,25.0,7.0,147.0,57.0,20.0,11.0,169.0,34.0,2.0,0.0,0.0,0.0
220,74,7,3025.0,2905.0,673.0,0.0,751.0,5645.0,599.7057329612862,20650.819199999998,21250.524932961285,2898.0,25.0,7.0,147.0,57.0,20.0,11.0,169.0,34.0,2.0,0.0,0.0,0.0
220,75,7,3065.0,2986.0,682.0,0.0,781.0,5645.0,520.2675724492024,18293.781199999998,18814.048772449198,2898.0,25.0,7.0,147.0,57.0,20.0,11.0,169.0,34.0,2.0,0.0,0.0,0.0
220,76,7,3020.0,2921.0,651.0,0.0,751.0,5645.0,883.1563380613311,18079.687199999986,18962.84353806132,2898.0,25.0,7.0,147.0,57.0,20.0,11.0,169.0,34.0,2.0,0.0,0.0,0.0
220,77,7,3053.0,2919.0,686.0,0.0,729.0,5645.0,356.30143013840615,18428.31639999999,18784.617830138395,2898.0,25.0,7.0,147.0,57.0,20.0,11.0,169.0,34.0,2.0,0.0,0.0,0.0
220,78,7,3019.0,2952.0,663.0,0.0,751.0,5645.0,396.3309114964349,18469.064399999992,18865.395311496428,2898.0,25.0,7.0,147.0,57.0,20.0,11.0,169.0,34.0,2.0,0.0,0.0,0.0
220,79,7,3074.0,2948.0,672.0,0.0,747.0,5645.0,638.3466221259887,18135.46519999998,18773.811822125972,2898.0,25.0,7.0,147.0,57.0,20.0,11.0,169.0,34.0,2.0,0.0,0.0,0.0
220,80,7,3004.0,2947.0,636.0,0.0,743.0,5645.0,639.075974371557,20239.93239999999,20879.008374371548,2898.0,25.0,7.0,147.0,57.0,20.0,11.0,169.0,34.0,2.0,0.0,0.0,0.0
220,81,7,3042.0,2932.0,601.0,0.0,711.0,5645.0,680.3898043945081,19421.097999999994,20101.487804394503,2898.0,25.0,7.0,147.0,57.0,20.0,11.0,169.0,34.0,2.0,0.0,0.0,0.0
220,82,7,2990.0,2961.0,623.0,0.0,698.0,5645.0,596.6172665750936,18752.563599999987,19349.18086657508,2898.0,25.0,7.0,147.0,57.0,20.0,11.0,169.0,34.0,2.0,0.0,0.0,0.0
220,83,7,3044.0,2937.0,653.0,0.0,791.0,5645.0,234.29357874911443,20413.144799999987,20647.4383787491,2898.0,25.0,7.0,147.0,57.0,20.0,11.0,169.0,34.0,2.0,0.0,0.0,0.0
220,84,8,3020.0,2894.0,675.0,0.0,706.0,5645.0,393.567792154525,18711.48159999998,19105.049392154506,2898.0,25.0,7.0,147.0,57.0,20.0,11.0,169.0,34.0,2.0,0.0,0.0,0.0
220,85,8,2986.0,2910.0,689.0,0.0,799.0,5645.0,516.6069943020245,17984.83119999999,18501.438194302016,2898.0,25.0,7.0,147.0,57.0,20.0,11.0,169.0,34.0,2.0,0.0,0.0,0.0
220,86,8,3019.0,2931.0,649.0,0.0,777.0,5645.0,396.9016511025737,19240.60439999998,19637.50605110255,2898.0,25.0,7.0,147.0,57.0,20.0,11.0,169.0,34.0,2.0,0.0,0.0,0.0
220,87,8,3062.0,2933.0,634.0,0.0,734.0,5645.0,313.5064275589506,19194.846399999984,19508.352827558934,2898.0,25.0,7.0,147.0,57.0,20.0,11.0,169.0,34.0,2.0,0.0,0.0,0.0
220,88,8,3068.0,2999.0,658.0,0.0,787.0,5645.0,191.5583415280172,18405.270399999987,18596.828741528007,2898.0,25.0,7.0,147.0,57.0,20.0,11.0,169.0,34.0,2.0,0.0,0.0,0.0
220,89,8,3073.0,2930.0,658.0,0.0,760.0,5645.0,436.4347184281395,20600.65239999999,21037.08711842813,2898.0,25.0,7.0,147.0,57.0,20.0,11.0,169.0,34.0,2.0,0.0,0.0,0.0
220,90,8,2977.0,2882.0,653.0,0.0,741.0,5645.0,720.6214879807222,18068.798799999986,18789.42028798071,2898.0,25.0,7.0,147.0,57.0,20.0,11.0,169.0,34.0,2.0,0.0,0.0,0.0
220,91,8,3054.0,2966.0,619.0,0.0,701.0,5645.0,271.372389993811,18515.490399999984,18786.862789993793,2898.0,25.0,7.0,147.0,57.0,20.0,11.0,169.0,34.0,2.0,0.0,0.0,0.0
220,92,8,3052.0,2960.0,642.0,0.0,750.0,5645.0,434.2309669306553,17628.319599999988,18062.550566930644,2898.0,25.0,7.0,147.0,57.0,20.0,11.0,169.0,34.0,2.0,0.0,0.0,0.0
220,93,8,3063.0,2934.0,675.0,0.0,744.0,5645.0,438.14237214486286,20277.941599999973,20716.08397214484,2898.0,25.0,7.0,147.0,57.0,20.0,11.0,169.0,34.0,2.0,0.0,0.0,0.0
220,94,8,3099.0,3002.0,636.0,0.0,683.0,5645.0,557.849821268857,19821.163199999977,20379.013021268835,2898.0,25.0,7.0,147.0,57.0,20.0,11.0,169.0,34.0,2.0,0.0,0.0,0.0
220,95,8,3010.0,2928.0,673.0,0.0,748.0,5645.0,517.034297254913,18824.640799999983,19341.675097254898,2898.0,25.0,7.0,147.0,57.0,20.0,11.0,169.0,34.0,2.0,0.0,0.0,0.0
220,96,9,3105.0,2992.0,669.0,0.0,772.0,5645.0,395.64228752830496,20052.424799999982,20448.06708752829,2898.0,25.0,7.0,147.0,57.0,20.0,11.0,169.0,34.0,2.0,0.0,0.0,0.0
220,97,9,3084.0,3024.0,686.0,0.0,776.0,5645.0,678.6857104148991,18218.43079999999,18897.11651041489,2898.0,25.0,7.0,147.0,57.0,20.0,11.0,169.0,34.0,2.0,0.0,0.0,0.0
220,98,9,3047.0,2922.0,680.0,0.0,726.0,5645.0,680.5189205624943,19008.073599999985,19688.59252056248,2898.0,25.0,7.0,147.0,57.0,20.0,11.0,169.0,34.0,2.0,0.0,0.0,0.0
220,99,9,2972.0,2899.0,667.0,0.0,778.0,5645.0,314.279659302614,18539.33799999999,18853.617659302603,2898.0,25.0,7.0,147.0,57.0,20.0,11.0,169.0,34.0,2.0,0.0,0.0,0.0
220,100,9,3023.0,2937.0,647.0,0.0,770.0,5645.0,314.14614863677315,18389.63919999999,18703.785348636764,2898.0,25.0,7.0,147.0,57.0,20.0,11.0,169.0,34.0,2.0,0.0,0.0,0.0
220,101,9,3048.0,2909.0,658.0,0.0,789.0,5645.0,764.2387854014306,17714.558399999984,18478.797185401414,2898.0,25.0,7.0,147.0,57.0,20.0,11.0,169.0,34.0,2.0,0.0,0.0,0.0
220,102,9,2934.0,2915.0,644.0,0.0,783.0,5645.0,397.38178164015056,19331.78639999999,19729.16818164014,2898.0,25.0,7.0,147.0,57.0,20.0,11.0,169.0,34.0,2.0,0.0,0.0,0.0
220,103,9,3037.0,2913.0,681.0,0.0,696.0,5645.0,433.7513375138139,18876.744799999986,19310.4961375138,2898.0,25.0,7.0,147.0,57.0,20.0,11.0,169.0,34.0,2.0,0.0,0.0,0.0
220,104,9,3067.0,2932.0,686.0,0.0,755.0,5645.0,393.8193144478381,18142.545999999988,18536.365314447827,2898.0,25.0,7.0,147.0,57.0,20.0,11.0,169.0,34.0,2.0,0.0,0.0,0.0
220,105,9,2980.0,2899.0,650.0,0.0,720.0,5645.0,478.000943921237,17386.57039999999,17864.571343921227,2898.0,25.0,7.0,147.0,57.0,20.0,11.0,169.0,34.0,2.0,0.0,0.0,0.0
220,106,9,3025.0,2908.0,683.0,0.0,741.0,5645.0,718.3152219382926,19823.100399999974,20541.415621938268,2898.0,25.0,7.0,147.0,57.0,20.0,11.0,169.0,34.0,2.0,0.0,0.0,0.0
220,107,9,3074.0,2928.0,674.0,0.0,768.0,5645.0,638.9355593910367,16752.170799999985,17391.106359391022,2898.0,25.0,7.0,147.0,57.0,20.0,11.0,169.0,34.0,2.0,0.0,0.0,0.0
220,108,10,2985.0,2874.0,659.0,0.0,685.0,5645.0,517.9892810186852,19418.29239999998,19936.281681018663,2898.0,25.0,7.0,147.0,57.0,20.0,11.0,169.0,34.0,2.0,0.0,0.0,0.0
220,109,10,3004.0,2924.0,642.0,0.0,777.0,5645.0,680.2920441785461,17776.61559999999,18456.907644178536,2898.0,25.0,7.0,147.0,57.0,20.0,11.0,169.0,34.0,2.0,0.0,0.0,0.0
220,110,10,2974.0,2944.0,615.0,0.0,749.0,5645.0,882.2513365911693,17424.04519999999,18306.29653659116,2898.0,25.0,7.0,147.0,57.0,20.0,11.0,169.0,34.0,2.0,0.0,0.0,0.0
220,111,10,3053.0,2916.0,654.0,0.0,754.0,5645.0,476.22705130275034,18430.453999999987,18906.681051302738,2898.0,25.0,7.0,147.0,57.0,20.0,11.0,169.0,34.0,2.0,0.0,0.0,0.0
220,112,10,3013.0,2929.0,632.0,0.0,732.0,5645.0,150.7223496363739,19006.53719999999,19157.259549636365,2898.0,25.0,7.0,147.0,57.0,20.0,11.0,169.0,34.0,2.0,0.0,0.0,0.0
220,113,10,3033.0,2960.0,624.0,0.0,696.0,5645.0,435.95121526593067,19877.408799999972,20313.360015265906,2898.0,25.0,7.0,147.0,57.0,20.0,11.0,169.0,34.0,2.0,0.0,0.0,0.0
220,114,10,3049.0,2959.0,666.0,0.0,738.0,5645.0,355.62205498720647,18729.851599999995,19085.4736549872,2898.0,25.0,7.0,147.0,57.0,20.0,11.0,169.0,34.0,2.0,0.0,0.0,0.0
220,115,10,3052.0,2947.0,683.0,0.0,734.0,5645.0,435.4782975218961,17969.93479999998,18405.41309752188,2898.0,25.0,7.0,147.0,57.0,20.0,11.0,169.0,34.0,2.0,0.0,0.0,0.0
220,116,10,3076.0,2984.0,662.0,0.0,760.0,5645.0,599.3758983885003,19323.50319999999,19922.879098388486,2898.0,25.0,7.0,147.0,57.0,20.0,11.0,169.0,34.0,2.0,0.0,0.0,0.0
220,117,10,3050.0,2943.0,655.0,0.0,687.0,5645.0,475.8585057367323,18806.80519999998,19282.66370573671,2898.0,25.0,7.0,147.0,57.0,20.0,11.0,169.0,34.0,2.0,0.0,0.0,0.0
220,118,10,3072.0,2977.0,659.0,0.0,771.0,5645.0,354.7969115254206,18257.50879999999,18612.305711525412,2898.0,25.0,7.0,147.0,57.0,20.0,11.0,169.0,34.0,2.0,0.0,0.0,0.0
220,119,10,3097.0,2971.0,671.0,0.0,761.0,5645.0,517.2183911328281,19599.7212,20116.939591132825,2898.0,25.0,7.0,147.0,57.0,20.0,11.0,169.0,34.0,2.0,0.0,0.0,0.0
221,0,1,3001.0,2983.0,572.0,0.0,684.0,5645.0,315.68237055007717,21123.963599999985,21439.645970550067,2898.0,25.0,7.0,147.0,57.0,20.0,11.0,169.0,34.0,2.0,0.0,0.0,0.0
221,1,1,3084.0,2965.0,612.0,0.0,705.0,5645.0,394.0049848529956,19713.681999999993,20107.68698485299,2898.0,25.0,7.0,147.0,57.0,20.0,11.0,169.0,34.0,2.0,0.0,0.0,0.0
221,2,1,3055.0,3011.0,621.0,0.0,696.0,5645.0,313.5353423869609,18947.15199999998,19260.68734238694,2898.0,25.0,7.0,147.0,57.0,20.0,11.0,169.0,34.0,2.0,0.0,0.0,0.0
221,3,1,3017.0,3011.0,577.0,0.0,699.0,5645.0,153.14529543160316,19023.370799999986,19176.516095431587,2898.0,25.0,7.0,147.0,57.0,20.0,11.0,169.0,34.0,2.0,0.0,0.0,0.0
221,4,1,3016.0,2955.0,602.0,0.0,725.0,5645.0,231.44888855716283,17970.669599999987,18202.118488557153,2898.0,25.0,7.0,147.0,57.0,20.0,11.0,169.0,34.0,2.0,0.0,0.0,0.0
221,5,1,3098.0,2936.0,654.0,0.0,716.0,5645.0,395.08203181210735,20528.040799999977,20923.122831812085,2898.0,25.0,7.0,147.0,57.0,20.0,11.0,169.0,34.0,2.0,0.0,0.0,0.0
221,6,1,3003.0,2985.0,626.0,0.0,739.0,5645.0,153.64051949357935,19826.50719999998,19980.147719493558,2898.0,25.0,7.0,147.0,57.0,20.0,11.0,169.0,34.0,2.0,0.0,0.0,0.0
221,7,1,3006.0,2973.0,598.0,0.0,748.0,5645.0,518.2893851312342,20511.607999999975,21029.897385131208,2898.0,25.0,7.0,147.0,57.0,20.0,11.0,169.0,34.0,2.0,0.0,0.0,0.0
221,8,1,3016.0,2945.0,620.0,0.0,732.0,5645.0,397.83660386119095,20217.55439999998,20615.391003861172,2898.0,25.0,7.0,147.0,57.0,20.0,11.0,169.0,34.0,2.0,0.0,0.0,0.0
221,9,1,3022.0,3004.0,623.0,0.0,743.0,5645.0,395.3877221621164,21557.161599999985,21952.5493221621,2898.0,25.0,7.0,147.0,57.0,20.0,11.0,169.0,34.0,2.0,0.0,0.0,0.0
221,10,1,3079.0,3014.0,607.0,0.0,711.0,5645.0,396.7285381703224,19358.506399999987,19755.23493817031,2898.0,25.0,7.0,147.0,57.0,20.0,11.0,169.0,34.0,2.0,0.0,0.0,0.0
221,11,1,3051.0,3008.0,576.0,0.0,701.0,5645.0,560.3566692603333,19669.660799999983,20230.017469260318,2898.0,25.0,7.0,147.0,57.0,20.0,11.0,169.0,34.0,2.0,0.0,0.0,0.0
221,12,2,3020.0,2971.0,591.0,0.0,736.0,5645.0,233.4127039105601,20441.66839999998,20675.081103910543,2898.0,25.0,7.0,147.0,57.0,20.0,11.0,169.0,34.0,2.0,0.0,0.0,0.0
221,13,2,3095.0,2998.0,612.0,0.0,692.0,5645.0,233.46427051614967,19365.319999999978,19598.784270516127,2898.0,25.0,7.0,147.0,57.0,20.0,11.0,169.0,34.0,2.0,0.0,0.0,0.0
221,14,2,3119.0,3062.0,583.0,0.0,737.0,5645.0,397.75022088008853,18390.44079999999,18788.19102088008,2898.0,25.0,7.0,147.0,57.0,20.0,11.0,169.0,34.0,2.0,0.0,0.0,0.0
221,15,2,3030.0,2958.0,645.0,0.0,734.0,5645.0,396.0646551702569,21607.328399999977,22003.393055170236,2898.0,25.0,7.0,147.0,57.0,20.0,11.0,169.0,34.0,2.0,0.0,0.0,0.0
221,16,2,3084.0,3015.0,623.0,0.0,703.0,5645.0,396.5932854913586,20509.403599999987,20905.996885491346,2898.0,25.0,7.0,147.0,57.0,20.0,11.0,169.0,34.0,2.0,0.0,0.0,0.0
221,17,2,2977.0,2910.0,621.0,0.0,699.0,5645.0,275.572741700344,20736.72399999999,21012.296741700335,2898.0,25.0,7.0,147.0,57.0,20.0,11.0,169.0,34.0,2.0,0.0,0.0,0.0
221,18,2,2980.0,2990.0,608.0,0.0,744.0,5645.0,517.1566885491478,19636.66159999999,20153.818288549133,2898.0,25.0,7.0,147.0,57.0,20.0,11.0,169.0,34.0,2.0,0.0,0.0,0.0
221,19,2,3040.0,2960.0,631.0,0.0,684.0,5645.0,192.6090504982764,19914.816799999993,20107.42585049827,2898.0,25.0,7.0,147.0,57.0,20.0,11.0,169.0,34.0,2.0,0.0,0.0,0.0
221,20,2,3014.0,2932.0,608.0,0.0,679.0,5645.0,152.78191729296924,19905.46479999998,20058.24671729295,2898.0,25.0,7.0,147.0,57.0,20.0,11.0,169.0,34.0,2.0,0.0,0.0,0.0
221,21,2,3044.0,2985.0,604.0,0.0,722.0,5645.0,274.1627207840439,19058.240399999984,19332.403120784027,2898.0,25.0,7.0,147.0,57.0,20.0,11.0,169.0,34.0,2.0,0.0,0.0,0.0
221,22,2,2992.0,3016.0,580.0,0.0,739.0,5645.0,395.43234987202084,18883.691999999992,19279.124349872014,2898.0,25.0,7.0,147.0,57.0,20.0,11.0,169.0,34.0,2.0,0.0,0.0,0.0
221,23,2,2955.0,2922.0,590.0,0.0,728.0,5645.0,314.1848238431638,19938.931599999985,20253.116423843152,2898.0,25.0,7.0,147.0,57.0,20.0,11.0,169.0,34.0,2.0,0.0,0.0,0.0
221,24,3,2971.0,2918.0,617.0,0.0,694.0,5645.0,355.3620833940828,20027.975999999977,20383.338083394057,2898.0,25.0,7.0,147.0,57.0,20.0,11.0,169.0,34.0,2.0,0.0,0.0,0.0
221,25,3,3018.0,2993.0,574.0,0.0,674.0,5645.0,154.04538285378152,20605.72919999998,20759.774582853763,2898.0,25.0,7.0,147.0,57.0,20.0,11.0,169.0,34.0,2.0,0.0,0.0,0.0
221,26,3,3049.0,3004.0,613.0,0.0,728.0,5645.0,517.1597965795916,20038.73079999999,20555.89059657958,2898.0,25.0,7.0,147.0,57.0,20.0,11.0,169.0,34.0,2.0,0.0,0.0,0.0
221,27,3,3059.0,2938.0,672.0,0.0,723.0,5645.0,274.71780341824433,19627.710399999985,19902.42820341823,2898.0,25.0,7.0,147.0,57.0,20.0,11.0,169.0,34.0,2.0,0.0,0.0,0.0
221,28,3,3061.0,3005.0,600.0,0.0,737.0,5645.0,235.78080576654656,18428.18279999998,18663.96360576653,2898.0,25.0,7.0,147.0,57.0,20.0,11.0,169.0,34.0,2.0,0.0,0.0,0.0
221,29,3,3057.0,2960.0,601.0,0.0,723.0,5645.0,150.31150184855173,20398.315199999983,20548.626701848538,2898.0,25.0,7.0,147.0,57.0,20.0,11.0,169.0,34.0,2.0,0.0,0.0,0.0
221,30,3,2976.0,2994.0,585.0,0.0,728.0,5645.0,111.58978311872772,19766.988399999984,19878.578183118712,2898.0,25.0,7.0,147.0,57.0,20.0,11.0,169.0,34.0,2.0,0.0,0.0,0.0
221,31,3,3052.0,3047.0,602.0,0.0,739.0,5645.0,314.5350645457846,20076.138799999986,20390.67386454577,2898.0,25.0,7.0,147.0,57.0,20.0,11.0,169.0,34.0,2.0,0.0,0.0,0.0
221,32,3,3001.0,2964.0,621.0,0.0,702.0,5645.0,437.47749466612174,19228.24639999998,19665.723894666102,2898.0,25.0,7.0,147.0,57.0,20.0,11.0,169.0,34.0,2.0,0.0,0.0,0.0
221,33,3,3003.0,2937.0,612.0,0.0,710.0,5645.0,395.79439412832113,19235.26039999999,19631.054794128308,2898.0,25.0,7.0,147.0,57.0,20.0,11.0,169.0,34.0,2.0,0.0,0.0,0.0
221,34,3,3001.0,2990.0,593.0,0.0,716.0,5645.0,398.8318480368837,19982.418399999988,20381.250248036868,2898.0,25.0,7.0,147.0,57.0,20.0,11.0,169.0,34.0,2.0,0.0,0.0,0.0
221,35,3,2982.0,2946.0,644.0,0.0,705.0,5645.0,314.7271236823236,19947.147999999983,20261.875123682305,2898.0,25.0,7.0,147.0,57.0,20.0,11.0,169.0,34.0,2.0,0.0,0.0,0.0
221,36,4,3096.0,3009.0,658.0,0.0,708.0,5645.0,393.9462230127237,19459.04039999998,19852.9866230127,2898.0,25.0,7.0,147.0,57.0,20.0,11.0,169.0,34.0,2.0,0.0,0.0,0.0
221,37,4,3087.0,3029.0,635.0,0.0,742.0,5645.0,558.56366614023,20616.617599999976,21175.181266140207,2898.0,25.0,7.0,147.0,57.0,20.0,11.0,169.0,34.0,2.0,0.0,0.0,0.0
221,38,4,3056.0,3066.0,547.0,0.0,670.0,5645.0,477.1187076192071,20231.18159999998,20708.30030761919,2898.0,25.0,7.0,147.0,57.0,20.0,11.0,169.0,34.0,2.0,0.0,0.0,0.0
221,39,4,3096.0,2992.0,656.0,0.0,743.0,5645.0,394.96265361918273,18755.302399999986,19150.26505361917,2898.0,25.0,7.0,147.0,57.0,20.0,11.0,169.0,34.0,2.0,0.0,0.0,0.0
221,40,4,2983.0,2883.0,610.0,0.0,692.0,5645.0,397.253561595223,18618.028399999992,19015.281961595214,2898.0,25.0,7.0,147.0,57.0,20.0,11.0,169.0,34.0,2.0,0.0,0.0,0.0
221,41,4,3046.0,3064.0,586.0,0.0,674.0,5645.0,275.0573722209705,19381.15159999998,19656.20897222095,2898.0,25.0,7.0,147.0,57.0,20.0,11.0,169.0,34.0,2.0,0.0,0.0,0.0
221,42,4,3005.0,3011.0,628.0,0.0,735.0,5645.0,436.8010005684255,18976.47719999999,19413.278200568413,2898.0,25.0,7.0,147.0,57.0,20.0,11.0,169.0,34.0,2.0,0.0,0.0,0.0
221,43,4,3058.0,3010.0,627.0,0.0,706.0,5645.0,315.83517983384115,19095.44799999998,19411.283179833823,2898.0,25.0,7.0,147.0,57.0,20.0,11.0,169.0,34.0,2.0,0.0,0.0,0.0
221,44,4,3004.0,2987.0,621.0,0.0,721.0,5645.0,477.8310745802165,20062.17759999999,20540.008674580207,2898.0,25.0,7.0,147.0,57.0,20.0,11.0,169.0,34.0,2.0,0.0,0.0,0.0
221,45,4,3038.0,2961.0,633.0,0.0,775.0,5645.0,276.0338958780216,19436.729199999983,19712.763095878003,2898.0,25.0,7.0,147.0,57.0,20.0,11.0,169.0,34.0,2.0,0.0,0.0,0.0
221,46,4,2974.0,2959.0,604.0,0.0,711.0,5645.0,516.9691724272934,20397.379999999983,20914.34917242728,2898.0,25.0,7.0,147.0,57.0,20.0,11.0,169.0,34.0,2.0,0.0,0.0,0.0
221,47,4,3071.0,3055.0,631.0,0.0,751.0,5645.0,234.97938861235565,20276.805999999986,20511.78538861234,2898.0,25.0,7.0,147.0,57.0,20.0,11.0,169.0,34.0,2.0,0.0,0.0,0.0
221,48,5,3045.0,2986.0,611.0,0.0,726.0,5645.0,232.74537273698002,19605.93359999999,19838.678972736972,2898.0,25.0,7.0,147.0,57.0,20.0,11.0,169.0,34.0,2.0,0.0,0.0,0.0
221,49,5,3021.0,2954.0,619.0,0.0,749.0,5645.0,396.12071652043994,18196.119599999984,18592.24031652042,2898.0,25.0,7.0,147.0,57.0,20.0,11.0,169.0,34.0,2.0,0.0,0.0,0.0
221,50,5,3055.0,2993.0,598.0,0.0,716.0,5645.0,477.8925665501002,20370.192399999978,20848.08496655008,2898.0,25.0,7.0,147.0,57.0,20.0,11.0,169.0,34.0,2.0,0.0,0.0,0.0
221,51,5,3012.0,3002.0,630.0,0.0,760.0,5645.0,519.3437941959771,20521.494399999974,21040.838194195952,2898.0,25.0,7.0,147.0,57.0,20.0,11.0,169.0,34.0,2.0,0.0,0.0,0.0
221,52,5,3039.0,2901.0,599.0,0.0,690.0,5645.0,273.86438394367315,18706.73879999999,18980.60318394366,2898.0,25.0,7.0,147.0,57.0,20.0,11.0,169.0,34.0,2.0,0.0,0.0,0.0
221,53,5,3069.0,3049.0,613.0,0.0,754.0,5645.0,231.66512776510598,20586.557599999986,20818.222727765096,2898.0,25.0,7.0,147.0,57.0,20.0,11.0,169.0,34.0,2.0,0.0,0.0,0.0
221,54,5,3053.0,2962.0,609.0,0.0,696.0,5645.0,311.90428555445146,18324.64279999999,18636.54708555444,2898.0,25.0,7.0,147.0,57.0,20.0,11.0,169.0,34.0,2.0,0.0,0.0,0.0
221,55,5,3016.0,3015.0,593.0,0.0,717.0,5645.0,556.7346991451536,18779.083199999986,19335.817899145135,2898.0,25.0,7.0,147.0,57.0,20.0,11.0,169.0,34.0,2.0,0.0,0.0,0.0
221,56,5,3010.0,2922.0,620.0,0.0,725.0,5645.0,274.82944662974006,19103.19679999999,19378.02624662973,2898.0,25.0,7.0,147.0,57.0,20.0,11.0,169.0,34.0,2.0,0.0,0.0,0.0
221,57,5,2997.0,2964.0,608.0,0.0,724.0,5645.0,435.6618355086173,19251.62639999999,19687.288235508608,2898.0,25.0,7.0,147.0,57.0,20.0,11.0,169.0,34.0,2.0,0.0,0.0,0.0
221,58,5,3027.0,2968.0,624.0,0.0,753.0,5645.0,354.0935231157988,19270.39719999999,19624.49072311579,2898.0,25.0,7.0,147.0,57.0,20.0,11.0,169.0,34.0,2.0,0.0,0.0,0.0
221,59,5,3052.0,3008.0,604.0,0.0,717.0,5645.0,516.8259154233347,19934.58959999998,20451.415515423316,2898.0,25.0,7.0,147.0,57.0,20.0,11.0,169.0,34.0,2.0,0.0,0.0,0.0
221,60,6,2970.0,2957.0,590.0,0.0,737.0,5645.0,315.9934273717931,18212.28519999999,18528.278627371783,2898.0,25.0,7.0,147.0,57.0,20.0,11.0,169.0,34.0,2.0,0.0,0.0,0.0
221,61,6,3042.0,2990.0,612.0,0.0,774.0,5645.0,558.1106485621232,20221.76279999997,20779.8734485621,2898.0,25.0,7.0,147.0,57.0,20.0,11.0,169.0,34.0,2.0,0.0,0.0,0.0
221,62,6,3043.0,2932.0,608.0,0.0,752.0,5645.0,478.0944615413613,20736.523599999982,21214.61806154134,2898.0,25.0,7.0,147.0,57.0,20.0,11.0,169.0,34.0,2.0,0.0,0.0,0.0
221,63,6,3050.0,2934.0,638.0,0.0,715.0,5645.0,640.647019024923,20348.749599999974,20989.396619024894,2898.0,25.0,7.0,147.0,57.0,20.0,11.0,169.0,34.0,2.0,0.0,0.0,0.0
221,64,6,3024.0,2983.0,589.0,0.0,698.0,5645.0,312.2333777661277,20133.853999999978,20446.087377766104,2898.0,25.0,7.0,147.0,57.0,20.0,11.0,169.0,34.0,2.0,0.0,0.0,0.0
221,65,6,3051.0,3036.0,579.0,0.0,718.0,5645.0,316.3075778801578,21023.963999999985,21340.271577880143,2898.0,25.0,7.0,147.0,57.0,20.0,11.0,169.0,34.0,2.0,0.0,0.0,0.0
221,66,6,2975.0,2939.0,575.0,0.0,718.0,5645.0,315.24236188962294,20463.64559999998,20778.887961889606,2898.0,25.0,7.0,147.0,57.0,20.0,11.0,169.0,34.0,2.0,0.0,0.0,0.0
221,67,6,3085.0,2983.0,633.0,0.0,716.0,5645.0,641.7956239188211,20687.75959999998,21329.5552239188,2898.0,25.0,7.0,147.0,57.0,20.0,11.0,169.0,34.0,2.0,0.0,0.0,0.0
221,68,6,3047.0,3032.0,618.0,0.0,774.0,5645.0,394.5400806531044,20237.59439999998,20632.134480653083,2898.0,25.0,7.0,147.0,57.0,20.0,11.0,169.0,34.0,2.0,0.0,0.0,0.0
221,69,6,3032.0,2898.0,652.0,0.0,691.0,5645.0,600.9870170546218,19790.2348,20391.22181705462,2898.0,25.0,7.0,147.0,57.0,20.0,11.0,169.0,34.0,2.0,0.0,0.0,0.0
221,70,6,2972.0,2980.0,593.0,0.0,720.0,5645.0,395.84548024706737,21675.397599999982,22071.243080247048,2898.0,25.0,7.0,147.0,57.0,20.0,11.0,169.0,34.0,2.0,0.0,0.0,0.0
221,71,6,3046.0,3036.0,606.0,0.0,704.0,5645.0,518.3879746508148,19532.52039999998,20050.908374650793,2898.0,25.0,7.0,147.0,57.0,20.0,11.0,169.0,34.0,2.0,0.0,0.0,0.0
221,72,7,3039.0,2970.0,612.0,0.0,707.0,5645.0,436.12143236222926,19878.744799999986,20314.866232362216,2898.0,25.0,7.0,147.0,57.0,20.0,11.0,169.0,34.0,2.0,0.0,0.0,0.0
221,73,7,3029.0,2945.0,636.0,0.0,722.0,5645.0,436.2362572929057,20988.760399999992,21424.996657292897,2898.0,25.0,7.0,147.0,57.0,20.0,11.0,169.0,34.0,2.0,0.0,0.0,0.0
221,74,7,3075.0,3021.0,648.0,0.0,761.0,5645.0,437.8094698809365,19701.925199999998,20139.734669880934,2898.0,25.0,7.0,147.0,57.0,20.0,11.0,169.0,34.0,2.0,0.0,0.0,0.0
221,75,7,3030.0,2955.0,623.0,0.0,726.0,5645.0,640.6684705895756,19005.535199999984,19646.20367058956,2898.0,25.0,7.0,147.0,57.0,20.0,11.0,169.0,34.0,2.0,0.0,0.0,0.0
221,76,7,3057.0,2952.0,656.0,0.0,710.0,5645.0,194.09413528644131,19682.08559999998,19876.179735286423,2898.0,25.0,7.0,147.0,57.0,20.0,11.0,169.0,34.0,2.0,0.0,0.0,0.0
221,77,7,3024.0,2989.0,626.0,0.0,727.0,5645.0,315.5158980973526,19960.975599999987,20276.49149809734,2898.0,25.0,7.0,147.0,57.0,20.0,11.0,169.0,34.0,2.0,0.0,0.0,0.0
221,78,7,3078.0,2991.0,633.0,0.0,725.0,5645.0,354.3938556285904,19361.512399999985,19715.90625562857,2898.0,25.0,7.0,147.0,57.0,20.0,11.0,169.0,34.0,2.0,0.0,0.0,0.0
221,79,7,3007.0,2984.0,600.0,0.0,732.0,5645.0,436.5553866031459,21686.018799999983,22122.57418660313,2898.0,25.0,7.0,147.0,57.0,20.0,11.0,169.0,34.0,2.0,0.0,0.0,0.0
221,80,7,3049.0,2971.0,567.0,0.0,692.0,5645.0,519.3374743273819,20643.471199999996,21162.808674327378,2898.0,25.0,7.0,147.0,57.0,20.0,11.0,169.0,34.0,2.0,0.0,0.0,0.0
221,81,7,2996.0,3003.0,584.0,0.0,675.0,5645.0,395.2243214425346,19715.953199999974,20111.17752144251,2898.0,25.0,7.0,147.0,57.0,20.0,11.0,169.0,34.0,2.0,0.0,0.0,0.0
221,82,7,3046.0,2981.0,610.0,0.0,755.0,5645.0,152.6545962126693,21364.04279999998,21516.697396212647,2898.0,25.0,7.0,147.0,57.0,20.0,11.0,169.0,34.0,2.0,0.0,0.0,0.0
221,83,7,3021.0,2926.0,641.0,0.0,688.0,5645.0,313.4430132833294,19602.19279999998,19915.635813283305,2898.0,25.0,7.0,147.0,57.0,20.0,11.0,169.0,34.0,2.0,0.0,0.0,0.0
221,84,8,2991.0,2934.0,668.0,0.0,791.0,5645.0,396.11914991286676,19405.266399999986,19801.38554991285,2898.0,25.0,7.0,147.0,57.0,20.0,11.0,169.0,34.0,2.0,0.0,0.0,0.0
221,85,8,3028.0,2966.0,618.0,0.0,766.0,5645.0,316.50446435463135,20344.27399999998,20660.77846435461,2898.0,25.0,7.0,147.0,57.0,20.0,11.0,169.0,34.0,2.0,0.0,0.0,0.0
221,86,8,3067.0,2974.0,598.0,0.0,717.0,5645.0,191.52001872565452,20242.270399999987,20433.790418725643,2898.0,25.0,7.0,147.0,57.0,20.0,11.0,169.0,34.0,2.0,0.0,0.0,0.0
221,87,8,3069.0,3039.0,617.0,0.0,763.0,5645.0,109.94239527676868,18915.087999999985,19025.030395276754,2898.0,25.0,7.0,147.0,57.0,20.0,11.0,169.0,34.0,2.0,0.0,0.0,0.0
221,88,8,3077.0,2967.0,620.0,0.0,748.0,5645.0,315.5770905204799,20754.158799999987,21069.735890520467,2898.0,25.0,7.0,147.0,57.0,20.0,11.0,169.0,34.0,2.0,0.0,0.0,0.0
221,89,8,2985.0,2918.0,618.0,0.0,716.0,5645.0,679.7585231644194,19288.23279999998,19967.9913231644,2898.0,25.0,7.0,147.0,57.0,20.0,11.0,169.0,34.0,2.0,0.0,0.0,0.0
221,90,8,3065.0,3015.0,576.0,0.0,681.0,5645.0,190.3478542628583,19626.775199999982,19817.123054262836,2898.0,25.0,7.0,147.0,57.0,20.0,11.0,169.0,34.0,2.0,0.0,0.0,0.0
221,91,8,3062.0,2999.0,608.0,0.0,718.0,5645.0,312.76459534773284,18368.663999999982,18681.428595347716,2898.0,25.0,7.0,147.0,57.0,20.0,11.0,169.0,34.0,2.0,0.0,0.0,0.0
221,92,8,3066.0,2970.0,642.0,0.0,756.0,5645.0,275.3803911714659,21571.857599999967,21847.237991171434,2898.0,25.0,7.0,147.0,57.0,20.0,11.0,169.0,34.0,2.0,0.0,0.0,0.0
221,93,8,3106.0,3042.0,597.0,0.0,681.0,5645.0,518.2372673366224,21418.618399999974,21936.855667336597,2898.0,25.0,7.0,147.0,57.0,20.0,11.0,169.0,34.0,2.0,0.0,0.0,0.0
221,94,8,3013.0,2966.0,635.0,0.0,736.0,5645.0,476.85195918563693,20400.920399999985,20877.77235918562,2898.0,25.0,7.0,147.0,57.0,20.0,11.0,169.0,34.0,2.0,0.0,0.0,0.0
221,95,8,3110.0,3038.0,627.0,0.0,752.0,5645.0,274.0398446575839,21241.197599999978,21515.237444657563,2898.0,25.0,7.0,147.0,57.0,20.0,11.0,169.0,34.0,2.0,0.0,0.0,0.0
221,96,9,3087.0,3069.0,643.0,0.0,749.0,5645.0,354.39854854148746,19529.51439999999,19883.912948541474,2898.0,25.0,7.0,147.0,57.0,20.0,11.0,169.0,34.0,2.0,0.0,0.0,0.0
221,97,9,3056.0,2959.0,644.0,0.0,697.0,5645.0,559.6200461646299,19942.73919999998,20502.35924616461,2898.0,25.0,7.0,147.0,57.0,20.0,11.0,169.0,34.0,2.0,0.0,0.0,0.0
221,98,9,2979.0,2949.0,619.0,0.0,748.0,5645.0,233.26806717095548,19706.467599999993,19939.73566717095,2898.0,25.0,7.0,147.0,57.0,20.0,11.0,169.0,34.0,2.0,0.0,0.0,0.0
221,99,9,3025.0,2972.0,614.0,0.0,741.0,5645.0,192.1957836971134,19557.770799999984,19749.966583697096,2898.0,25.0,7.0,147.0,57.0,20.0,11.0,169.0,34.0,2.0,0.0,0.0,0.0
221,100,9,3056.0,2961.0,611.0,0.0,744.0,5645.0,479.7742200750554,18520.166399999984,18999.940620075038,2898.0,25.0,7.0,147.0,57.0,20.0,11.0,169.0,34.0,2.0,0.0,0.0,0.0
221,101,9,2939.0,2965.0,597.0,0.0,747.0,5645.0,233.622009558215,20663.711599999988,20897.3336095582,2898.0,25.0,7.0,147.0,57.0,20.0,11.0,169.0,34.0,2.0,0.0,0.0,0.0
221,102,9,3042.0,2962.0,635.0,0.0,682.0,5645.0,352.39152391049015,19808.270799999984,20160.662323910474,2898.0,25.0,7.0,147.0,57.0,20.0,11.0,169.0,34.0,2.0,0.0,0.0,0.0
221,103,9,3072.0,2975.0,644.0,0.0,731.0,5645.0,271.8180594673234,19059.977199999987,19331.795259467308,2898.0,25.0,7.0,147.0,57.0,20.0,11.0,169.0,34.0,2.0,0.0,0.0,0.0
221,104,9,2986.0,2939.0,614.0,0.0,710.0,5645.0,437.16125201452513,18796.050399999986,19233.21165201451,2898.0,25.0,7.0,147.0,57.0,20.0,11.0,169.0,34.0,2.0,0.0,0.0,0.0
221,105,9,3032.0,2933.0,663.0,0.0,728.0,5645.0,393.6835706227636,20582.61639999997,20976.29997062274,2898.0,25.0,7.0,147.0,57.0,20.0,11.0,169.0,34.0,2.0,0.0,0.0,0.0
221,106,9,3085.0,2969.0,638.0,0.0,744.0,5645.0,436.29185576418007,17752.36719999999,18188.65905576417,2898.0,25.0,7.0,147.0,57.0,20.0,11.0,169.0,34.0,2.0,0.0,0.0,0.0
221,107,9,2989.0,2912.0,621.0,0.0,657.0,5645.0,233.40158939073345,20681.279999999977,20914.68158939071,2898.0,25.0,7.0,147.0,57.0,20.0,11.0,169.0,34.0,2.0,0.0,0.0,0.0
221,108,10,3009.0,2964.0,604.0,0.0,763.0,5645.0,437.613863086369,19239.669199999986,19677.283063086354,2898.0,25.0,7.0,147.0,57.0,20.0,11.0,169.0,34.0,2.0,0.0,0.0,0.0
221,109,10,2982.0,2986.0,579.0,0.0,738.0,5645.0,557.9347985599511,18633.52599999999,19191.460798559943,2898.0,25.0,7.0,147.0,57.0,20.0,11.0,169.0,34.0,2.0,0.0,0.0,0.0
221,110,10,3060.0,2954.0,619.0,0.0,734.0,5645.0,315.9811919886898,19512.213199999987,19828.194391988676,2898.0,25.0,7.0,147.0,57.0,20.0,11.0,169.0,34.0,2.0,0.0,0.0,0.0
221,111,10,3019.0,2968.0,598.0,0.0,714.0,5645.0,151.02195803978904,19924.035199999988,20075.05715803978,2898.0,25.0,7.0,147.0,57.0,20.0,11.0,169.0,34.0,2.0,0.0,0.0,0.0
221,112,10,3040.0,2993.0,596.0,0.0,688.0,5645.0,355.39299019183846,20875.60119999997,21230.994190191806,2898.0,25.0,7.0,147.0,57.0,20.0,11.0,169.0,34.0,2.0,0.0,0.0,0.0
221,113,10,3058.0,3003.0,624.0,0.0,701.0,5645.0,232.86715992540272,19845.61199999999,20078.479159925395,2898.0,25.0,7.0,147.0,57.0,20.0,11.0,169.0,34.0,2.0,0.0,0.0,0.0
221,114,10,3057.0,2993.0,641.0,0.0,706.0,5645.0,273.1657387118669,19149.355599999977,19422.521338711842,2898.0,25.0,7.0,147.0,57.0,20.0,11.0,169.0,34.0,2.0,0.0,0.0,0.0
221,115,10,3079.0,3012.0,636.0,0.0,743.0,5645.0,314.57360977915664,20895.373999999985,21209.94760977914,2898.0,25.0,7.0,147.0,57.0,20.0,11.0,169.0,34.0,2.0,0.0,0.0,0.0
221,116,10,3055.0,2980.0,622.0,0.0,677.0,5645.0,314.1978300003321,20224.234399999976,20538.432230000308,2898.0,25.0,7.0,147.0,57.0,20.0,11.0,169.0,34.0,2.0,0.0,0.0,0.0
221,117,10,3083.0,3020.0,623.0,0.0,733.0,5645.0,394.9472844850697,19412.614399999977,19807.56168448505,2898.0,25.0,7.0,147.0,57.0,20.0,11.0,169.0,34.0,2.0,0.0,0.0,0.0
221,118,10,3098.0,2996.0,647.0,0.0,723.0,5645.0,435.04435431021363,20851.753599999996,21286.797954310212,2898.0,25.0,7.0,147.0,57.0,20.0,11.0,169.0,34.0,2.0,0.0,0.0,0.0
221,119,10,3003.0,3007.0,613.0,0.0,714.0,5645.0,232.617079361222,20934.451999999983,21167.069079361205,2898.0,25.0,7.0,147.0,57.0,20.0,11.0,169.0,34.0,2.0,0.0,0.0,0.0
222,0,1,3507.0,3144.0,690.0,0.0,754.0,5645.0,555.5334422935525,17180.02479999999,17735.55824229354,2898.0,25.0,7.0,147.0,57.0,20.0,11.0,169.0,34.0,2.0,0.0,0.0,0.0
222,1,1,3471.0,3204.0,693.0,0.0,759.0,5645.0,595.8917667703276,16592.385199999975,17188.276966770307,2898.0,25.0,7.0,147.0,57.0,20.0,11.0,169.0,34.0,2.0,0.0,0.0,0.0
222,2,1,3444.0,3221.0,658.0,0.0,795.0,5645.0,435.7910431908097,17938.271599999985,18374.06264319079,2898.0,25.0,7.0,147.0,57.0,20.0,11.0,169.0,34.0,2.0,0.0,0.0,0.0
222,3,1,3417.0,3144.0,663.0,0.0,786.0,5645.0,555.8300526765202,16845.95799999999,17401.788052676515,2898.0,25.0,7.0,147.0,57.0,20.0,11.0,169.0,34.0,2.0,0.0,0.0,0.0
222,4,1,3518.0,3153.0,711.0,0.0,763.0,5645.0,598.1808456942165,18395.65119999998,18993.8320456942,2898.0,25.0,7.0,147.0,57.0,20.0,11.0,169.0,34.0,2.0,0.0,0.0,0.0
222,5,1,3462.0,3184.0,704.0,0.0,774.0,5645.0,557.951802241859,17990.442399999985,18548.39420224185,2898.0,25.0,7.0,147.0,57.0,20.0,11.0,169.0,34.0,2.0,0.0,0.0,0.0
222,6,1,3429.0,3193.0,657.0,0.0,815.0,5645.0,679.2788255718908,17982.82719999998,18662.106025571873,2898.0,25.0,7.0,147.0,57.0,20.0,11.0,169.0,34.0,2.0,0.0,0.0,0.0
222,7,1,3430.0,3126.0,689.0,0.0,775.0,5645.0,596.7559531512951,17053.17159999998,17649.927553151276,2898.0,25.0,7.0,147.0,57.0,20.0,11.0,169.0,34.0,2.0,0.0,0.0,0.0
222,8,1,3430.0,3210.0,668.0,0.0,771.0,5645.0,759.1583994058384,18755.703199999978,19514.861599405816,2898.0,25.0,7.0,147.0,57.0,20.0,11.0,169.0,34.0,2.0,0.0,0.0,0.0
222,9,1,3489.0,3217.0,673.0,0.0,762.0,5645.0,840.1677977987911,16378.825599999991,17218.993397798782,2898.0,25.0,7.0,147.0,57.0,20.0,11.0,169.0,34.0,2.0,0.0,0.0,0.0
222,10,1,3475.0,3220.0,657.0,0.0,785.0,5645.0,761.5043901943511,17176.951999999997,17938.456390194347,2898.0,25.0,7.0,147.0,57.0,20.0,11.0,169.0,34.0,2.0,0.0,0.0,0.0
222,11,1,3417.0,3161.0,642.0,0.0,779.0,5645.0,272.729440890317,17072.20959999998,17344.9390408903,2898.0,25.0,7.0,147.0,57.0,20.0,11.0,169.0,34.0,2.0,0.0,0.0,0.0
222,12,2,3534.0,3196.0,686.0,0.0,740.0,5645.0,434.9138695767947,16768.536799999987,17203.45066957678,2898.0,25.0,7.0,147.0,57.0,20.0,11.0,169.0,34.0,2.0,0.0,0.0,0.0
222,13,2,3529.0,3249.0,643.0,0.0,760.0,5645.0,557.1804762940832,16390.515599999995,16947.69607629408,2898.0,25.0,7.0,147.0,57.0,20.0,11.0,169.0,34.0,2.0,0.0,0.0,0.0
222,14,2,3472.0,3181.0,708.0,0.0,785.0,5645.0,436.9785321942139,18515.022799999977,18952.00133219419,2898.0,25.0,7.0,147.0,57.0,20.0,11.0,169.0,34.0,2.0,0.0,0.0,0.0
222,15,2,3511.0,3205.0,693.0,0.0,740.0,5645.0,516.8398868628024,17567.932399999983,18084.772286862786,2898.0,25.0,7.0,147.0,57.0,20.0,11.0,169.0,34.0,2.0,0.0,0.0,0.0
222,16,2,3403.0,3107.0,710.0,0.0,771.0,5645.0,922.5863885765878,17881.424799999982,18804.011188576573,2898.0,25.0,7.0,147.0,57.0,20.0,11.0,169.0,34.0,2.0,0.0,0.0,0.0
222,17,2,3413.0,3185.0,677.0,0.0,767.0,5645.0,517.022812089137,17783.763199999983,18300.78601208912,2898.0,25.0,7.0,147.0,57.0,20.0,11.0,169.0,34.0,2.0,0.0,0.0,0.0
222,18,2,3471.0,3138.0,734.0,0.0,742.0,5645.0,758.4610007836764,16870.87439999999,17629.335400783668,2898.0,25.0,7.0,147.0,57.0,20.0,11.0,169.0,34.0,2.0,0.0,0.0,0.0
222,19,2,3421.0,3148.0,665.0,0.0,767.0,5645.0,515.1404764559435,17623.509999999987,18138.650476455932,2898.0,25.0,7.0,147.0,57.0,20.0,11.0,169.0,34.0,2.0,0.0,0.0,0.0
222,20,2,3450.0,3165.0,670.0,0.0,745.0,5645.0,353.6947982543196,17024.98199999999,17378.676798254306,2898.0,25.0,7.0,147.0,57.0,20.0,11.0,169.0,34.0,2.0,0.0,0.0,0.0
222,21,2,3433.0,3213.0,671.0,0.0,798.0,5645.0,475.0572663383455,16976.952799999992,17452.010066338342,2898.0,25.0,7.0,147.0,57.0,20.0,11.0,169.0,34.0,2.0,0.0,0.0,0.0
222,22,2,3379.0,3117.0,679.0,0.0,779.0,5645.0,513.8812194576753,16816.499199999977,17330.38041945765,2898.0,25.0,7.0,147.0,57.0,20.0,11.0,169.0,34.0,2.0,0.0,0.0,0.0
222,23,2,3433.0,3134.0,704.0,0.0,741.0,5645.0,556.437561816761,19339.000799999983,19895.438361816745,2898.0,25.0,7.0,147.0,57.0,20.0,11.0,169.0,34.0,2.0,0.0,0.0,0.0
222,24,3,3417.0,3188.0,630.0,0.0,755.0,5645.0,598.0746076179113,19144.41239999999,19742.487007617896,2898.0,25.0,7.0,147.0,57.0,20.0,11.0,169.0,34.0,2.0,0.0,0.0,0.0
222,25,3,3447.0,3200.0,666.0,0.0,780.0,5645.0,473.59902637634417,17780.356399999993,18253.95542637634,2898.0,25.0,7.0,147.0,57.0,20.0,11.0,169.0,34.0,2.0,0.0,0.0,0.0
222,26,3,3492.0,3129.0,761.0,0.0,768.0,5645.0,475.13921784074256,17017.433599999993,17492.572817840737,2898.0,25.0,7.0,147.0,57.0,20.0,11.0,169.0,34.0,2.0,0.0,0.0,0.0
222,27,3,3459.0,3203.0,666.0,0.0,787.0,5645.0,555.6703233619194,16834.869199999986,17390.539523361906,2898.0,25.0,7.0,147.0,57.0,20.0,11.0,169.0,34.0,2.0,0.0,0.0,0.0
222,28,3,3483.0,3120.0,714.0,0.0,771.0,5645.0,555.5522120527783,17012.022799999995,17567.575012052774,2898.0,25.0,7.0,147.0,57.0,20.0,11.0,169.0,34.0,2.0,0.0,0.0,0.0
222,29,3,3357.0,3177.0,643.0,0.0,750.0,5645.0,595.718183432472,16947.293599999983,17543.011783432456,2898.0,25.0,7.0,147.0,57.0,20.0,11.0,169.0,34.0,2.0,0.0,0.0,0.0
222,30,3,3452.0,3224.0,664.0,0.0,803.0,5645.0,677.6287459940548,17804.137199999986,18481.765945994044,2898.0,25.0,7.0,147.0,57.0,20.0,11.0,169.0,34.0,2.0,0.0,0.0,0.0
222,31,3,3437.0,3150.0,710.0,0.0,720.0,5645.0,720.4927237010131,16534.00199999999,17254.494723701002,2898.0,25.0,7.0,147.0,57.0,20.0,11.0,169.0,34.0,2.0,0.0,0.0,0.0
222,32,3,3397.0,3117.0,673.0,0.0,725.0,5645.0,596.0813751148944,16843.419599999983,17439.50097511488,2898.0,25.0,7.0,147.0,57.0,20.0,11.0,169.0,34.0,2.0,0.0,0.0,0.0
222,33,3,3428.0,3172.0,681.0,0.0,803.0,5645.0,599.4628905185056,17118.101199999983,17717.564090518492,2898.0,25.0,7.0,147.0,57.0,20.0,11.0,169.0,34.0,2.0,0.0,0.0,0.0
222,34,3,3449.0,3176.0,706.0,0.0,762.0,5645.0,639.3307017235911,17627.58479999999,18266.915501723583,2898.0,25.0,7.0,147.0,57.0,20.0,11.0,169.0,34.0,2.0,0.0,0.0,0.0
222,35,3,3524.0,3218.0,703.0,0.0,739.0,5645.0,475.36570443149026,17453.236799999984,17928.602504431474,2898.0,25.0,7.0,147.0,57.0,20.0,11.0,169.0,34.0,2.0,0.0,0.0,0.0
222,36,4,3499.0,3205.0,711.0,0.0,773.0,5645.0,433.0464286706279,17924.310399999977,18357.356828670603,2898.0,25.0,7.0,147.0,57.0,20.0,11.0,169.0,34.0,2.0,0.0,0.0,0.0
222,37,4,3455.0,3209.0,656.0,0.0,750.0,5645.0,555.899421906226,15951.639599999991,16507.539021906214,2898.0,25.0,7.0,147.0,57.0,20.0,11.0,169.0,34.0,2.0,0.0,0.0,0.0
222,38,4,3508.0,3207.0,716.0,0.0,779.0,5645.0,352.74678913902153,16990.045599999983,17342.792389139006,2898.0,25.0,7.0,147.0,57.0,20.0,11.0,169.0,34.0,2.0,0.0,0.0,0.0
222,39,4,3402.0,3094.0,674.0,0.0,719.0,5645.0,676.8986982635975,17270.07119999998,17946.96989826358,2898.0,25.0,7.0,147.0,57.0,20.0,11.0,169.0,34.0,2.0,0.0,0.0,0.0
222,40,4,3497.0,3272.0,677.0,0.0,753.0,5645.0,475.7117237016263,17275.214799999994,17750.92652370162,2898.0,25.0,7.0,147.0,57.0,20.0,11.0,169.0,34.0,2.0,0.0,0.0,0.0
222,41,4,3425.0,3223.0,682.0,0.0,751.0,5645.0,432.2987963253701,16730.52759999999,17162.82639632536,2898.0,25.0,7.0,147.0,57.0,20.0,11.0,169.0,34.0,2.0,0.0,0.0,0.0
222,42,4,3478.0,3202.0,718.0,0.0,775.0,5645.0,759.1136756034762,16666.332799999982,17425.44647560346,2898.0,25.0,7.0,147.0,57.0,20.0,11.0,169.0,34.0,2.0,0.0,0.0,0.0
222,43,4,3435.0,3188.0,712.0,0.0,793.0,5645.0,842.3135721990282,17565.928399999993,18408.241972199023,2898.0,25.0,7.0,147.0,57.0,20.0,11.0,169.0,34.0,2.0,0.0,0.0,0.0
222,44,4,3465.0,3186.0,689.0,0.0,789.0,5645.0,637.8656733974789,17677.083599999984,18314.949273397462,2898.0,25.0,7.0,147.0,57.0,20.0,11.0,169.0,34.0,2.0,0.0,0.0,0.0
222,45,4,3408.0,3172.0,672.0,0.0,761.0,5645.0,922.7740443505384,17396.18959999999,18318.963644350526,2898.0,25.0,7.0,147.0,57.0,20.0,11.0,169.0,34.0,2.0,0.0,0.0,0.0
222,46,4,3469.0,3221.0,709.0,0.0,796.0,5645.0,355.8944659608156,18291.64359999999,18647.538065960805,2898.0,25.0,7.0,147.0,57.0,20.0,11.0,169.0,34.0,2.0,0.0,0.0,0.0
222,47,4,3459.0,3190.0,684.0,0.0,787.0,5645.0,394.1545956528759,17846.62199999998,18240.776595652856,2898.0,25.0,7.0,147.0,57.0,20.0,11.0,169.0,34.0,2.0,0.0,0.0,0.0
222,48,5,3449.0,3158.0,693.0,0.0,788.0,5645.0,679.6444554601384,16537.07479999998,17216.71925546012,2898.0,25.0,7.0,147.0,57.0,20.0,11.0,169.0,34.0,2.0,0.0,0.0,0.0
222,49,5,3492.0,3185.0,677.0,0.0,767.0,5645.0,554.8212130415282,16969.738399999987,17524.559613041514,2898.0,25.0,7.0,147.0,57.0,20.0,11.0,169.0,34.0,2.0,0.0,0.0,0.0
222,50,5,3423.0,3178.0,703.0,0.0,810.0,5645.0,842.5388120469436,17823.843199999985,18666.382012046928,2898.0,25.0,7.0,147.0,57.0,20.0,11.0,169.0,34.0,2.0,0.0,0.0,0.0
222,51,5,3458.0,3107.0,675.0,0.0,786.0,5645.0,434.2622464497306,17172.67679999999,17606.939046449723,2898.0,25.0,7.0,147.0,57.0,20.0,11.0,169.0,34.0,2.0,0.0,0.0,0.0
222,52,5,3486.0,3222.0,699.0,0.0,772.0,5645.0,309.6445272546224,16909.95239999999,17219.596927254614,2898.0,25.0,7.0,147.0,57.0,20.0,11.0,169.0,34.0,2.0,0.0,0.0,0.0
222,53,5,3462.0,3148.0,693.0,0.0,757.0,5645.0,311.18231452342945,16956.044399999984,17267.22671452342,2898.0,25.0,7.0,147.0,57.0,20.0,11.0,169.0,34.0,2.0,0.0,0.0,0.0
222,54,5,3434.0,3206.0,667.0,0.0,790.0,5645.0,718.3324662552625,16478.157199999994,17196.489666255256,2898.0,25.0,7.0,147.0,57.0,20.0,11.0,169.0,34.0,2.0,0.0,0.0,0.0
222,55,5,3424.0,3167.0,644.0,0.0,724.0,5645.0,717.757423101733,16644.82319999999,17362.580623101723,2898.0,25.0,7.0,147.0,57.0,20.0,11.0,169.0,34.0,2.0,0.0,0.0,0.0
222,56,5,3419.0,3185.0,689.0,0.0,815.0,5645.0,394.1486908956657,16593.186799999996,16987.33549089566,2898.0,25.0,7.0,147.0,57.0,20.0,11.0,169.0,34.0,2.0,0.0,0.0,0.0
222,57,5,3500.0,3192.0,699.0,0.0,784.0,5645.0,434.52688171549636,17103.405199999987,17537.932081715484,2898.0,25.0,7.0,147.0,57.0,20.0,11.0,169.0,34.0,2.0,0.0,0.0,0.0
222,58,5,3484.0,3221.0,672.0,0.0,798.0,5645.0,678.081362778694,17797.59079999998,18475.672162778676,2898.0,25.0,7.0,147.0,57.0,20.0,11.0,169.0,34.0,2.0,0.0,0.0,0.0
222,59,5,3400.0,3155.0,659.0,0.0,775.0,5645.0,313.8303977759614,16707.01399999999,17020.84439777595,2898.0,25.0,7.0,147.0,57.0,20.0,11.0,169.0,34.0,2.0,0.0,0.0,0.0
222,60,6,3467.0,3224.0,665.0,0.0,770.0,5645.0,678.3634426376441,17543.750799999976,18222.11424263762,2898.0,25.0,7.0,147.0,57.0,20.0,11.0,169.0,34.0,2.0,0.0,0.0,0.0
222,61,6,3426.0,3107.0,687.0,0.0,818.0,5645.0,557.4884732166657,18012.553199999984,18570.04167321665,2898.0,25.0,7.0,147.0,57.0,20.0,11.0,169.0,34.0,2.0,0.0,0.0,0.0
222,62,6,3457.0,3134.0,693.0,0.0,793.0,5645.0,557.642475091081,17353.30399999998,17910.946475091063,2898.0,25.0,7.0,147.0,57.0,20.0,11.0,169.0,34.0,2.0,0.0,0.0,0.0
222,63,6,3437.0,3159.0,677.0,0.0,767.0,5645.0,352.15041055294193,17906.67519999999,18258.82561055293,2898.0,25.0,7.0,147.0,57.0,20.0,11.0,169.0,34.0,2.0,0.0,0.0,0.0
222,64,6,3461.0,3213.0,658.0,0.0,770.0,5645.0,599.8322759865957,17113.558799999984,17713.391075986583,2898.0,25.0,7.0,147.0,57.0,20.0,11.0,169.0,34.0,2.0,0.0,0.0,0.0
222,65,6,3403.0,3129.0,658.0,0.0,758.0,5645.0,476.7487568048182,17782.69439999998,18259.4431568048,2898.0,25.0,7.0,147.0,57.0,20.0,11.0,169.0,34.0,2.0,0.0,0.0,0.0
222,66,6,3481.0,3152.0,711.0,0.0,768.0,5645.0,597.0726151304776,17429.85679999998,18026.92941513046,2898.0,25.0,7.0,147.0,57.0,20.0,11.0,169.0,34.0,2.0,0.0,0.0,0.0
222,67,6,3472.0,3233.0,698.0,0.0,808.0,5645.0,717.9543454463733,17561.319199999984,18279.27354544636,2898.0,25.0,7.0,147.0,57.0,20.0,11.0,169.0,34.0,2.0,0.0,0.0,0.0
222,68,6,3469.0,3113.0,740.0,0.0,761.0,5645.0,557.1365395241223,17234.733999999993,17791.870539524116,2898.0,25.0,7.0,147.0,57.0,20.0,11.0,169.0,34.0,2.0,0.0,0.0,0.0
222,69,6,3400.0,3159.0,705.0,0.0,830.0,5645.0,475.94985637416124,19162.84919999998,19638.79905637414,2898.0,25.0,7.0,147.0,57.0,20.0,11.0,169.0,34.0,2.0,0.0,0.0,0.0
222,70,6,3445.0,3219.0,685.0,0.0,762.0,5645.0,800.7958896534142,17236.53759999998,18037.3334896534,2898.0,25.0,7.0,147.0,57.0,20.0,11.0,169.0,34.0,2.0,0.0,0.0,0.0
222,71,6,3440.0,3167.0,684.0,0.0,740.0,5645.0,474.06860398344884,17031.127599999985,17505.196203983436,2898.0,25.0,7.0,147.0,57.0,20.0,11.0,169.0,34.0,2.0,0.0,0.0,0.0
222,72,7,3419.0,3099.0,722.0,0.0,746.0,5645.0,433.78712345658795,17363.72479999999,17797.51192345658,2898.0,25.0,7.0,147.0,57.0,20.0,11.0,169.0,34.0,2.0,0.0,0.0,0.0
222,73,7,3449.0,3193.0,731.0,0.0,834.0,5645.0,598.5118015054661,17158.247999999992,17756.759801505457,2898.0,25.0,7.0,147.0,57.0,20.0,11.0,169.0,34.0,2.0,0.0,0.0,0.0
222,74,7,3457.0,3155.0,674.0,0.0,742.0,5645.0,839.9164818289188,17164.660799999983,18004.5772818289,2898.0,25.0,7.0,147.0,57.0,20.0,11.0,169.0,34.0,2.0,0.0,0.0,0.0
222,75,7,3479.0,3168.0,719.0,0.0,752.0,5645.0,599.6124440440145,16853.70679999999,17453.319244044003,2898.0,25.0,7.0,147.0,57.0,20.0,11.0,169.0,34.0,2.0,0.0,0.0,0.0
222,76,7,3501.0,3241.0,693.0,0.0,799.0,5645.0,637.9477359441795,17548.560399999995,18186.508135944176,2898.0,25.0,7.0,147.0,57.0,20.0,11.0,169.0,34.0,2.0,0.0,0.0,0.0
222,77,7,3499.0,3177.0,732.0,0.0,789.0,5645.0,677.8424438483191,17153.438399999985,17831.280843848304,2898.0,25.0,7.0,147.0,57.0,20.0,11.0,169.0,34.0,2.0,0.0,0.0,0.0
222,78,7,3430.0,3190.0,677.0,0.0,758.0,5645.0,677.9315584831667,17671.672799999975,18349.604358483142,2898.0,25.0,7.0,147.0,57.0,20.0,11.0,169.0,34.0,2.0,0.0,0.0,0.0
222,79,7,3464.0,3161.0,662.0,0.0,716.0,5645.0,799.213886384683,17267.332399999985,18066.54628638467,2898.0,25.0,7.0,147.0,57.0,20.0,11.0,169.0,34.0,2.0,0.0,0.0,0.0
222,80,7,3429.0,3208.0,663.0,0.0,722.0,5645.0,514.5858459992927,17472.60879999999,17987.194645999283,2898.0,25.0,7.0,147.0,57.0,20.0,11.0,169.0,34.0,2.0,0.0,0.0,0.0
222,81,7,3489.0,3206.0,674.0,0.0,797.0,5645.0,637.9990907461715,19200.858399999976,19838.857490746148,2898.0,25.0,7.0,147.0,57.0,20.0,11.0,169.0,34.0,2.0,0.0,0.0,0.0
222,82,7,3454.0,3122.0,728.0,0.0,751.0,5645.0,555.9105330983011,18153.36759999998,18709.278133098276,2898.0,25.0,7.0,147.0,57.0,20.0,11.0,169.0,34.0,2.0,0.0,0.0,0.0
222,83,7,3409.0,3148.0,728.0,0.0,829.0,5645.0,516.1596532609693,17566.195599999992,18082.35525326096,2898.0,25.0,7.0,147.0,57.0,20.0,11.0,169.0,34.0,2.0,0.0,0.0,0.0
222,84,8,3453.0,3217.0,635.0,0.0,749.0,5645.0,476.0688394907537,17677.350799999986,18153.419639490738,2898.0,25.0,7.0,147.0,57.0,20.0,11.0,169.0,34.0,2.0,0.0,0.0,0.0
222,85,8,3465.0,3164.0,654.0,0.0,746.0,5645.0,516.237418724292,16960.386399999985,17476.623818724278,2898.0,25.0,7.0,147.0,57.0,20.0,11.0,169.0,34.0,2.0,0.0,0.0,0.0
222,86,8,3482.0,3213.0,712.0,0.0,811.0,5645.0,352.2489005578135,16725.049999999992,17077.298900557806,2898.0,25.0,7.0,147.0,57.0,20.0,11.0,169.0,34.0,2.0,0.0,0.0,0.0
222,87,8,3509.0,3159.0,703.0,0.0,805.0,5645.0,719.8484973893318,19062.114799999985,19781.963297389317,2898.0,25.0,7.0,147.0,57.0,20.0,11.0,169.0,34.0,2.0,0.0,0.0,0.0
222,88,8,3435.0,3159.0,693.0,0.0,770.0,5645.0,759.8268057651826,17747.423999999988,18507.250805765172,2898.0,25.0,7.0,147.0,57.0,20.0,11.0,169.0,34.0,2.0,0.0,0.0,0.0
222,89,8,3496.0,3196.0,684.0,0.0,729.0,5645.0,554.5363981729857,16875.01599999999,17429.55239817297,2898.0,25.0,7.0,147.0,57.0,20.0,11.0,169.0,34.0,2.0,0.0,0.0,0.0
222,90,8,3479.0,3176.0,686.0,0.0,781.0,5645.0,433.5951648861049,15346.297999999995,15779.8931648861,2898.0,25.0,7.0,147.0,57.0,20.0,11.0,169.0,34.0,2.0,0.0,0.0,0.0
222,91,8,3449.0,3136.0,720.0,0.0,754.0,5645.0,394.855669213953,18078.41799999998,18473.273669213933,2898.0,25.0,7.0,147.0,57.0,20.0,11.0,169.0,34.0,2.0,0.0,0.0,0.0
222,92,8,3504.0,3224.0,671.0,0.0,730.0,5645.0,274.11811872658114,17298.928799999987,17573.046918726566,2898.0,25.0,7.0,147.0,57.0,20.0,11.0,169.0,34.0,2.0,0.0,0.0,0.0
222,93,8,3435.0,3162.0,705.0,0.0,778.0,5645.0,719.6064186641476,18012.55319999998,18732.15961866413,2898.0,25.0,7.0,147.0,57.0,20.0,11.0,169.0,34.0,2.0,0.0,0.0,0.0
222,94,8,3514.0,3232.0,691.0,0.0,798.0,5645.0,435.01033725766405,18744.94839999998,19179.958737257646,2898.0,25.0,7.0,147.0,57.0,20.0,11.0,169.0,34.0,2.0,0.0,0.0,0.0
222,95,8,3476.0,3230.0,727.0,0.0,790.0,5645.0,556.3268451998733,17753.435999999987,18309.76284519986,2898.0,25.0,7.0,147.0,57.0,20.0,11.0,169.0,34.0,2.0,0.0,0.0,0.0
222,96,9,3499.0,3157.0,713.0,0.0,744.0,5645.0,556.2305736711071,16137.477199999992,16693.707773671096,2898.0,25.0,7.0,147.0,57.0,20.0,11.0,169.0,34.0,2.0,0.0,0.0,0.0
222,97,9,3448.0,3163.0,701.0,0.0,788.0,5645.0,516.6876536986698,16754.64239999999,17271.330053698657,2898.0,25.0,7.0,147.0,57.0,20.0,11.0,169.0,34.0,2.0,0.0,0.0,0.0
222,98,9,3438.0,3138.0,701.0,0.0,805.0,5645.0,353.3138738244214,16543.621199999994,16896.935073824417,2898.0,25.0,7.0,147.0,57.0,20.0,11.0,169.0,34.0,2.0,0.0,0.0,0.0
222,99,9,3479.0,3167.0,691.0,0.0,795.0,5645.0,638.8426334703114,16036.408799999987,16675.251433470297,2898.0,25.0,7.0,147.0,57.0,20.0,11.0,169.0,34.0,2.0,0.0,0.0,0.0
222,100,9,3340.0,3132.0,674.0,0.0,807.0,5645.0,435.1268107458504,17648.35959999999,18083.48641074584,2898.0,25.0,7.0,147.0,57.0,20.0,11.0,169.0,34.0,2.0,0.0,0.0,0.0
222,101,9,3454.0,3183.0,682.0,0.0,704.0,5645.0,432.65654390389216,17289.576799999988,17722.23334390388,2898.0,25.0,7.0,147.0,57.0,20.0,11.0,169.0,34.0,2.0,0.0,0.0,0.0
222,102,9,3456.0,3175.0,689.0,0.0,760.0,5645.0,595.7764316756636,16918.302399999986,17514.078831675648,2898.0,25.0,7.0,147.0,57.0,20.0,11.0,169.0,34.0,2.0,0.0,0.0,0.0
222,103,9,3419.0,3130.0,714.0,0.0,790.0,5645.0,435.2035714689189,16218.037999999986,16653.241571468905,2898.0,25.0,7.0,147.0,57.0,20.0,11.0,169.0,34.0,2.0,0.0,0.0,0.0
222,104,9,3442.0,3155.0,721.0,0.0,786.0,5645.0,474.7855444873745,17304.94079999999,17779.726344487364,2898.0,25.0,7.0,147.0,57.0,20.0,11.0,169.0,34.0,2.0,0.0,0.0,0.0
222,105,9,3498.0,3157.0,722.0,0.0,793.0,5645.0,596.5303073489371,15744.225599999996,16340.755907348932,2898.0,25.0,7.0,147.0,57.0,20.0,11.0,169.0,34.0,2.0,0.0,0.0,0.0
222,106,9,3416.0,3155.0,646.0,0.0,687.0,5645.0,514.1790787744768,18533.05879999998,19047.23787877446,2898.0,25.0,7.0,147.0,57.0,20.0,11.0,169.0,34.0,2.0,0.0,0.0,0.0
222,107,9,3440.0,3192.0,662.0,0.0,794.0,5645.0,801.5102129656118,17812.887999999984,18614.398212965596,2898.0,25.0,7.0,147.0,57.0,20.0,11.0,169.0,34.0,2.0,0.0,0.0,0.0
222,108,10,3389.0,3180.0,636.0,0.0,782.0,5645.0,352.85584677414533,16778.489999999987,17131.34584677413,2898.0,25.0,7.0,147.0,57.0,20.0,11.0,169.0,34.0,2.0,0.0,0.0,0.0
222,109,10,3436.0,3129.0,693.0,0.0,784.0,5645.0,638.4376116262679,17500.263999999977,18138.701611626246,2898.0,25.0,7.0,147.0,57.0,20.0,11.0,169.0,34.0,2.0,0.0,0.0,0.0
222,110,10,3422.0,3176.0,672.0,0.0,745.0,5645.0,436.5752512371751,16828.12239999999,17264.697651237162,2898.0,25.0,7.0,147.0,57.0,20.0,11.0,169.0,34.0,2.0,0.0,0.0,0.0
222,111,10,3436.0,3192.0,652.0,0.0,718.0,5645.0,431.9758701196234,18766.65839999998,19198.634270119604,2898.0,25.0,7.0,147.0,57.0,20.0,11.0,169.0,34.0,2.0,0.0,0.0,0.0
222,112,10,3475.0,3228.0,678.0,0.0,746.0,5645.0,473.1459461886545,17270.739199999993,17743.885146188648,2898.0,25.0,7.0,147.0,57.0,20.0,11.0,169.0,34.0,2.0,0.0,0.0,0.0
222,113,10,3466.0,3183.0,720.0,0.0,749.0,5645.0,678.1650575053377,16687.508399999988,17365.673457505327,2898.0,25.0,7.0,147.0,57.0,20.0,11.0,169.0,34.0,2.0,0.0,0.0,0.0
222,114,10,3506.0,3180.0,708.0,0.0,801.0,5645.0,597.5055948360058,18206.740799999978,18804.246394835987,2898.0,25.0,7.0,147.0,57.0,20.0,11.0,169.0,34.0,2.0,0.0,0.0,0.0
222,115,10,3475.0,3141.0,725.0,0.0,774.0,5645.0,434.9883625022208,17631.993599999983,18066.981962502206,2898.0,25.0,7.0,147.0,57.0,20.0,11.0,169.0,34.0,2.0,0.0,0.0,0.0
222,116,10,3493.0,3231.0,673.0,0.0,764.0,5645.0,473.3038831387089,16800.133199999997,17273.437083138706,2898.0,25.0,7.0,147.0,57.0,20.0,11.0,169.0,34.0,2.0,0.0,0.0,0.0
222,117,10,3494.0,3162.0,725.0,0.0,778.0,5645.0,474.35326531217817,18102.131999999994,18576.48526531217,2898.0,25.0,7.0,147.0,57.0,20.0,11.0,169.0,34.0,2.0,0.0,0.0,0.0
222,118,10,3410.0,3211.0,670.0,0.0,767.0,5645.0,272.49078690558537,16927.854799999994,17200.34558690558,2898.0,25.0,7.0,147.0,57.0,20.0,11.0,169.0,34.0,2.0,0.0,0.0,0.0
222,119,10,3391.0,3122.0,669.0,0.0,728.0,5645.0,434.88217574379485,16298.598799999982,16733.480975743776,2898.0,25.0,7.0,147.0,57.0,20.0,11.0,169.0,34.0,2.0,0.0,0.0,0.0
223,0,1,3160.0,3042.0,658.0,0.0,717.0,5645.0,313.86877826215635,18475.61079999998,18789.479578262137,2898.0,25.0,7.0,147.0,57.0,20.0,11.0,169.0,34.0,2.0,0.0,0.0,0.0
223,1,1,3144.0,3064.0,613.0,0.0,719.0,5645.0,111.59984375970028,18913.150799999978,19024.75064375968,2898.0,25.0,7.0,147.0,57.0,20.0,11.0,169.0,34.0,2.0,0.0,0.0,0.0
223,2,1,3140.0,3006.0,638.0,0.0,732.0,5645.0,313.4500746800699,17987.436399999988,18300.886474680057,2898.0,25.0,7.0,147.0,57.0,20.0,11.0,169.0,34.0,2.0,0.0,0.0,0.0
223,3,1,3214.0,2988.0,674.0,0.0,740.0,5645.0,315.7070882720741,20285.089199999984,20600.79628827206,2898.0,25.0,7.0,147.0,57.0,20.0,11.0,169.0,34.0,2.0,0.0,0.0,0.0
223,4,1,3120.0,3023.0,659.0,0.0,751.0,5645.0,154.17346675502523,19244.745999999985,19398.919466755007,2898.0,25.0,7.0,147.0,57.0,20.0,11.0,169.0,34.0,2.0,0.0,0.0,0.0
223,5,1,3127.0,3033.0,610.0,0.0,767.0,5645.0,477.5161151489468,19658.972799999978,20136.488915148926,2898.0,25.0,7.0,147.0,57.0,20.0,11.0,169.0,34.0,2.0,0.0,0.0,0.0
223,6,1,3136.0,2985.0,652.0,0.0,765.0,5645.0,436.58424997194294,19195.714799999983,19632.299049971927,2898.0,25.0,7.0,147.0,57.0,20.0,11.0,169.0,34.0,2.0,0.0,0.0,0.0
223,7,1,3139.0,3053.0,646.0,0.0,742.0,5645.0,355.5951577818601,20654.893999999982,21010.489157781838,2898.0,25.0,7.0,147.0,57.0,20.0,11.0,169.0,34.0,2.0,0.0,0.0,0.0
223,8,1,3199.0,3074.0,628.0,0.0,717.0,5645.0,437.71371615496855,18362.98599999999,18800.699716154955,2898.0,25.0,7.0,147.0,57.0,20.0,11.0,169.0,34.0,2.0,0.0,0.0,0.0
223,9,1,3163.0,3057.0,608.0,0.0,740.0,5645.0,357.90302912217135,18553.83359999999,18911.736629122162,2898.0,25.0,7.0,147.0,57.0,20.0,11.0,169.0,34.0,2.0,0.0,0.0,0.0
223,10,1,3128.0,2991.0,634.0,0.0,757.0,5645.0,315.6148932790824,20378.742799999975,20694.357693279053,2898.0,25.0,7.0,147.0,57.0,20.0,11.0,169.0,34.0,2.0,0.0,0.0,0.0
223,11,1,3198.0,3032.0,640.0,0.0,714.0,5645.0,273.4823369355893,18174.74359999998,18448.22593693557,2898.0,25.0,7.0,147.0,57.0,20.0,11.0,169.0,34.0,2.0,0.0,0.0,0.0
223,12,2,3231.0,3118.0,598.0,0.0,743.0,5645.0,438.1532667581197,17762.119999999988,18200.273266758108,2898.0,25.0,7.0,147.0,57.0,20.0,11.0,169.0,34.0,2.0,0.0,0.0,0.0
223,13,2,3156.0,3018.0,660.0,0.0,741.0,5645.0,316.0254499000924,20203.92719999998,20519.952649900068,2898.0,25.0,7.0,147.0,57.0,20.0,11.0,169.0,34.0,2.0,0.0,0.0,0.0
223,14,2,3202.0,3061.0,650.0,0.0,713.0,5645.0,355.2534007800148,19850.68879999999,20205.942200780002,2898.0,25.0,7.0,147.0,57.0,20.0,11.0,169.0,34.0,2.0,0.0,0.0,0.0
223,15,2,3084.0,2964.0,640.0,0.0,697.0,5645.0,195.1705671236852,19977.141199999984,20172.31176712367,2898.0,25.0,7.0,147.0,57.0,20.0,11.0,169.0,34.0,2.0,0.0,0.0,0.0
223,16,2,3089.0,3040.0,620.0,0.0,748.0,5645.0,517.0403953214862,18758.57559999999,19275.615995321477,2898.0,25.0,7.0,147.0,57.0,20.0,11.0,169.0,34.0,2.0,0.0,0.0,0.0
223,17,2,3169.0,3019.0,663.0,0.0,701.0,5645.0,517.4251564737551,18837.86719999999,19355.292356473747,2898.0,25.0,7.0,147.0,57.0,20.0,11.0,169.0,34.0,2.0,0.0,0.0,0.0
223,18,2,3122.0,2985.0,620.0,0.0,693.0,5645.0,315.1088695885858,19182.35479999999,19497.463669588575,2898.0,25.0,7.0,147.0,57.0,20.0,11.0,169.0,34.0,2.0,0.0,0.0,0.0
223,19,2,3161.0,3031.0,618.0,0.0,723.0,5645.0,396.03313813286184,17814.09039999999,18210.123538132848,2898.0,25.0,7.0,147.0,57.0,20.0,11.0,169.0,34.0,2.0,0.0,0.0,0.0
223,20,2,3115.0,3087.0,597.0,0.0,745.0,5645.0,315.1135374148495,18072.606399999993,18387.719937414844,2898.0,25.0,7.0,147.0,57.0,20.0,11.0,169.0,34.0,2.0,0.0,0.0,0.0
223,21,2,3075.0,2977.0,615.0,0.0,738.0,5645.0,313.20401950161533,18587.300399999986,18900.5044195016,2898.0,25.0,7.0,147.0,57.0,20.0,11.0,169.0,34.0,2.0,0.0,0.0,0.0
223,22,2,3085.0,2967.0,641.0,0.0,700.0,5645.0,273.7634094465863,19378.34599999998,19652.109409446562,2898.0,25.0,7.0,147.0,57.0,20.0,11.0,169.0,34.0,2.0,0.0,0.0,0.0
223,23,2,3120.0,3032.0,603.0,0.0,729.0,5645.0,397.36979764337394,19990.23399999999,20387.60379764336,2898.0,25.0,7.0,147.0,57.0,20.0,11.0,169.0,34.0,2.0,0.0,0.0,0.0
223,24,3,3147.0,3045.0,631.0,0.0,731.0,5645.0,477.33705850568987,19942.137999999984,20419.475058505675,2898.0,25.0,7.0,147.0,57.0,20.0,11.0,169.0,34.0,2.0,0.0,0.0,0.0
223,25,3,3168.0,2973.0,708.0,0.0,730.0,5645.0,232.99887211915996,18658.843199999985,18891.842072119143,2898.0,25.0,7.0,147.0,57.0,20.0,11.0,169.0,34.0,2.0,0.0,0.0,0.0
223,26,3,3167.0,3061.0,615.0,0.0,773.0,5645.0,354.7670732423454,19260.44399999998,19615.211073242324,2898.0,25.0,7.0,147.0,57.0,20.0,11.0,169.0,34.0,2.0,0.0,0.0,0.0
223,27,3,3177.0,3006.0,626.0,0.0,729.0,5645.0,149.82863890815673,20082.484799999984,20232.313438908142,2898.0,25.0,7.0,147.0,57.0,20.0,11.0,169.0,34.0,2.0,0.0,0.0,0.0
223,28,3,3087.0,3022.0,628.0,0.0,732.0,5645.0,436.103364980374,19102.46199999998,19538.565364980357,2898.0,25.0,7.0,147.0,57.0,20.0,11.0,169.0,34.0,2.0,0.0,0.0,0.0
223,29,3,3164.0,3102.0,620.0,0.0,796.0,5645.0,271.9128939856601,19778.745199999983,20050.658093985647,2898.0,25.0,7.0,147.0,57.0,20.0,11.0,169.0,34.0,2.0,0.0,0.0,0.0
223,30,3,3128.0,3042.0,622.0,0.0,686.0,5645.0,437.4433905082909,19223.637199999983,19661.080590508274,2898.0,25.0,7.0,147.0,57.0,20.0,11.0,169.0,34.0,2.0,0.0,0.0,0.0
223,31,3,3132.0,2987.0,638.0,0.0,723.0,5645.0,476.32970344700004,19212.48159999998,19688.81130344698,2898.0,25.0,7.0,147.0,57.0,20.0,11.0,169.0,34.0,2.0,0.0,0.0,0.0
223,32,3,3089.0,3032.0,610.0,0.0,718.0,5645.0,357.87773907518516,20067.855599999988,20425.73333907517,2898.0,25.0,7.0,147.0,57.0,20.0,11.0,169.0,34.0,2.0,0.0,0.0,0.0
223,33,3,3087.0,3000.0,665.0,0.0,717.0,5645.0,435.8370502588998,19132.78919999999,19568.626250258887,2898.0,25.0,7.0,147.0,57.0,20.0,11.0,169.0,34.0,2.0,0.0,0.0,0.0
223,34,3,3219.0,3062.0,678.0,0.0,729.0,5645.0,354.7561857762159,18742.27639999998,19097.032585776196,2898.0,25.0,7.0,147.0,57.0,20.0,11.0,169.0,34.0,2.0,0.0,0.0,0.0
223,35,3,3195.0,3060.0,667.0,0.0,749.0,5645.0,394.30727407432835,19399.053999999982,19793.361274074312,2898.0,25.0,7.0,147.0,57.0,20.0,11.0,169.0,34.0,2.0,0.0,0.0,0.0
223,36,4,3167.0,3119.0,563.0,0.0,685.0,5645.0,598.5073546044755,19706.333999999988,20304.84135460446,2898.0,25.0,7.0,147.0,57.0,20.0,11.0,169.0,34.0,2.0,0.0,0.0,0.0
223,37,4,3214.0,3047.0,677.0,0.0,764.0,5645.0,353.7943281501114,18940.071199999984,19293.865528150094,2898.0,25.0,7.0,147.0,57.0,20.0,11.0,169.0,34.0,2.0,0.0,0.0,0.0
223,38,4,3088.0,2927.0,633.0,0.0,705.0,5645.0,397.59360833584526,18888.70199999999,19286.295608335837,2898.0,25.0,7.0,147.0,57.0,20.0,11.0,169.0,34.0,2.0,0.0,0.0,0.0
223,39,4,3162.0,3118.0,611.0,0.0,708.0,5645.0,275.4416870033745,18529.85239999998,18805.29408700336,2898.0,25.0,7.0,147.0,57.0,20.0,11.0,169.0,34.0,2.0,0.0,0.0,0.0
223,40,4,3122.0,3057.0,653.0,0.0,757.0,5645.0,315.842190088417,18996.71759999999,19312.559790088402,2898.0,25.0,7.0,147.0,57.0,20.0,11.0,169.0,34.0,2.0,0.0,0.0,0.0
223,41,4,3162.0,3046.0,669.0,0.0,739.0,5645.0,437.02480378584767,18336.73359999999,18773.758403785836,2898.0,25.0,7.0,147.0,57.0,20.0,11.0,169.0,34.0,2.0,0.0,0.0,0.0
223,42,4,3108.0,3033.0,651.0,0.0,735.0,5645.0,559.1190974735543,18633.793199999996,19192.91229747355,2898.0,25.0,7.0,147.0,57.0,20.0,11.0,169.0,34.0,2.0,0.0,0.0,0.0
223,43,4,3161.0,3040.0,639.0,0.0,764.0,5645.0,153.38635677651556,19626.107199999984,19779.4935567765,2898.0,25.0,7.0,147.0,57.0,20.0,11.0,169.0,34.0,2.0,0.0,0.0,0.0
223,44,4,3085.0,2999.0,630.0,0.0,717.0,5645.0,435.78115335689733,19970.527999999984,20406.30915335688,2898.0,25.0,7.0,147.0,57.0,20.0,11.0,169.0,34.0,2.0,0.0,0.0,0.0
223,45,4,3184.0,3099.0,668.0,0.0,773.0,5645.0,235.86365707218016,19824.30279999999,20060.166457072166,2898.0,25.0,7.0,147.0,57.0,20.0,11.0,169.0,34.0,2.0,0.0,0.0,0.0
223,46,4,3164.0,3036.0,637.0,0.0,741.0,5645.0,192.25002446238747,19131.58679999999,19323.836824462378,2898.0,25.0,7.0,147.0,57.0,20.0,11.0,169.0,34.0,2.0,0.0,0.0,0.0
223,47,4,3139.0,3001.0,645.0,0.0,757.0,5645.0,437.16229087506156,18048.357999999982,18485.520290875043,2898.0,25.0,7.0,147.0,57.0,20.0,11.0,169.0,34.0,2.0,0.0,0.0,0.0
223,48,5,3174.0,3030.0,629.0,0.0,725.0,5645.0,558.1926972325023,19906.065999999984,20464.258697232486,2898.0,25.0,7.0,147.0,57.0,20.0,11.0,169.0,34.0,2.0,0.0,0.0,0.0
223,49,5,3123.0,3047.0,655.0,0.0,777.0,5645.0,437.94311178816645,19548.485599999975,19986.42871178814,2898.0,25.0,7.0,147.0,57.0,20.0,11.0,169.0,34.0,2.0,0.0,0.0,0.0
223,50,5,3150.0,2954.0,621.0,0.0,698.0,5645.0,313.8301812720577,18571.869599999987,18885.699781272047,2898.0,25.0,7.0,147.0,57.0,20.0,11.0,169.0,34.0,2.0,0.0,0.0,0.0
223,51,5,3183.0,3088.0,647.0,0.0,768.0,5645.0,272.2665000282551,20353.75959999999,20626.026100028244,2898.0,25.0,7.0,147.0,57.0,20.0,11.0,169.0,34.0,2.0,0.0,0.0,0.0
223,52,5,3167.0,3007.0,644.0,0.0,718.0,5645.0,273.34489924203945,17726.448799999987,17999.793699242025,2898.0,25.0,7.0,147.0,57.0,20.0,11.0,169.0,34.0,2.0,0.0,0.0,0.0
223,53,5,3131.0,3047.0,629.0,0.0,743.0,5645.0,516.4780066171521,18132.058399999987,18648.53640661714,2898.0,25.0,7.0,147.0,57.0,20.0,11.0,169.0,34.0,2.0,0.0,0.0,0.0
223,54,5,3107.0,2967.0,640.0,0.0,732.0,5645.0,193.36299950974467,18222.639199999998,18416.00219950974,2898.0,25.0,7.0,147.0,57.0,20.0,11.0,169.0,34.0,2.0,0.0,0.0,0.0
223,55,5,3114.0,3004.0,652.0,0.0,789.0,5645.0,354.1390139381246,17977.1492,18331.288213938125,2898.0,25.0,7.0,147.0,57.0,20.0,11.0,169.0,34.0,2.0,0.0,0.0,0.0
223,56,5,3162.0,3037.0,649.0,0.0,760.0,5645.0,395.0613740750412,18925.241599999987,19320.302974075024,2898.0,25.0,7.0,147.0,57.0,20.0,11.0,169.0,34.0,2.0,0.0,0.0,0.0
223,57,5,3185.0,3056.0,636.0,0.0,750.0,5645.0,436.8754921624511,19089.302399999982,19526.177892162435,2898.0,25.0,7.0,147.0,57.0,20.0,11.0,169.0,34.0,2.0,0.0,0.0,0.0
223,58,5,3083.0,3005.0,609.0,0.0,741.0,5645.0,234.6169932591104,17805.27279999999,18039.8897932591,2898.0,25.0,7.0,147.0,57.0,20.0,11.0,169.0,34.0,2.0,0.0,0.0,0.0
223,59,5,3154.0,3054.0,615.0,0.0,770.0,5645.0,639.0519873232441,19591.50479999998,20230.55678732323,2898.0,25.0,7.0,147.0,57.0,20.0,11.0,169.0,34.0,2.0,0.0,0.0,0.0
223,60,6,3144.0,2964.0,632.0,0.0,769.0,5645.0,599.1186564665373,20386.75879999998,20985.877456466522,2898.0,25.0,7.0,147.0,57.0,20.0,11.0,169.0,34.0,2.0,0.0,0.0,0.0
223,61,6,3152.0,2969.0,669.0,0.0,761.0,5645.0,354.96289421288924,19207.27119999999,19562.234094212876,2898.0,25.0,7.0,147.0,57.0,20.0,11.0,169.0,34.0,2.0,0.0,0.0,0.0
223,62,6,3140.0,3033.0,613.0,0.0,718.0,5645.0,312.5372628337576,19258.23959999998,19570.776862833736,2898.0,25.0,7.0,147.0,57.0,20.0,11.0,169.0,34.0,2.0,0.0,0.0,0.0
223,63,6,3157.0,3087.0,599.0,0.0,729.0,5645.0,317.361708898159,20421.22759999999,20738.589308898147,2898.0,25.0,7.0,147.0,57.0,20.0,11.0,169.0,34.0,2.0,0.0,0.0,0.0
223,64,6,3091.0,3001.0,592.0,0.0,720.0,5645.0,315.31435870703723,19316.62279999998,19631.93715870702,2898.0,25.0,7.0,147.0,57.0,20.0,11.0,169.0,34.0,2.0,0.0,0.0,0.0
223,65,6,3192.0,3040.0,650.0,0.0,719.0,5645.0,601.6776403270583,19693.975999999984,20295.653640327044,2898.0,25.0,7.0,147.0,57.0,20.0,11.0,169.0,34.0,2.0,0.0,0.0,0.0
223,66,6,3160.0,3081.0,642.0,0.0,791.0,5645.0,394.8174817334199,19626.374399999982,20021.191881733404,2898.0,25.0,7.0,147.0,57.0,20.0,11.0,169.0,34.0,2.0,0.0,0.0,0.0
223,67,6,3138.0,2935.0,695.0,0.0,724.0,5645.0,479.4736198920247,19475.9408,19955.414419892022,2898.0,25.0,7.0,147.0,57.0,20.0,11.0,169.0,34.0,2.0,0.0,0.0,0.0
223,68,6,3099.0,3054.0,609.0,0.0,719.0,5645.0,313.9225192692367,20987.491199999982,21301.41371926922,2898.0,25.0,7.0,147.0,57.0,20.0,11.0,169.0,34.0,2.0,0.0,0.0,0.0
223,69,6,3141.0,3071.0,640.0,0.0,717.0,5645.0,559.8182390516392,19208.54039999998,19768.35863905162,2898.0,25.0,7.0,147.0,57.0,20.0,11.0,169.0,34.0,2.0,0.0,0.0,0.0
223,70,6,3141.0,3005.0,644.0,0.0,694.0,5645.0,271.8824994048776,18655.50319999999,18927.385699404866,2898.0,25.0,7.0,147.0,57.0,20.0,11.0,169.0,34.0,2.0,0.0,0.0,0.0
223,71,6,3122.0,2987.0,654.0,0.0,733.0,5645.0,354.1714374172154,20033.253199999996,20387.42463741721,2898.0,25.0,7.0,147.0,57.0,20.0,11.0,169.0,34.0,2.0,0.0,0.0,0.0
223,72,7,3178.0,3056.0,685.0,0.0,794.0,5645.0,437.8249615882038,19103.39719999999,19541.22216158819,2898.0,25.0,7.0,147.0,57.0,20.0,11.0,169.0,34.0,2.0,0.0,0.0,0.0
223,73,7,3145.0,3023.0,635.0,0.0,735.0,5645.0,681.5611729178956,18341.810399999973,19023.371572917873,2898.0,25.0,7.0,147.0,57.0,20.0,11.0,169.0,34.0,2.0,0.0,0.0,0.0
223,74,7,3183.0,3055.0,646.0,0.0,686.0,5645.0,232.84055090737766,19000.85919999999,19233.699750907366,2898.0,25.0,7.0,147.0,57.0,20.0,11.0,169.0,34.0,2.0,0.0,0.0,0.0
223,75,7,3142.0,3038.0,655.0,0.0,745.0,5645.0,396.81847127988306,18692.17639999999,19088.994871279872,2898.0,25.0,7.0,147.0,57.0,20.0,11.0,169.0,34.0,2.0,0.0,0.0,0.0
223,76,7,3184.0,3010.0,682.0,0.0,741.0,5645.0,352.98208287869096,18327.849199999975,18680.831282878666,2898.0,25.0,7.0,147.0,57.0,20.0,11.0,169.0,34.0,2.0,0.0,0.0,0.0
223,77,7,3126.0,3027.0,632.0,0.0,743.0,5645.0,477.15889780025236,20472.86399999999,20950.022897800245,2898.0,25.0,7.0,147.0,57.0,20.0,11.0,169.0,34.0,2.0,0.0,0.0,0.0
223,78,7,3152.0,3031.0,580.0,0.0,701.0,5645.0,600.023250444261,19868.390799999994,20468.41405044425,2898.0,25.0,7.0,147.0,57.0,20.0,11.0,169.0,34.0,2.0,0.0,0.0,0.0
223,79,7,3119.0,3050.0,614.0,0.0,681.0,5645.0,273.76875859403594,18901.39399999999,19175.162758594022,2898.0,25.0,7.0,147.0,57.0,20.0,11.0,169.0,34.0,2.0,0.0,0.0,0.0
223,80,7,3156.0,3016.0,641.0,0.0,770.0,5645.0,354.847577631499,20867.31799999998,21222.165577631476,2898.0,25.0,7.0,147.0,57.0,20.0,11.0,169.0,34.0,2.0,0.0,0.0,0.0
223,81,7,3140.0,2972.0,665.0,0.0,695.0,5645.0,312.19799139196346,18978.41439999998,19290.612391391947,2898.0,25.0,7.0,147.0,57.0,20.0,11.0,169.0,34.0,2.0,0.0,0.0,0.0
223,82,7,3103.0,3011.0,666.0,0.0,781.0,5645.0,560.3026751376959,19151.626799999984,19711.929475137684,2898.0,25.0,7.0,147.0,57.0,20.0,11.0,169.0,34.0,2.0,0.0,0.0,0.0
223,83,7,3142.0,3014.0,644.0,0.0,770.0,5645.0,275.24846490329594,19719.29319999998,19994.541664903274,2898.0,25.0,7.0,147.0,57.0,20.0,11.0,169.0,34.0,2.0,0.0,0.0,0.0
223,84,8,3169.0,3020.0,614.0,0.0,696.0,5645.0,273.2967410213409,18968.92879999998,19242.225541021322,2898.0,25.0,7.0,147.0,57.0,20.0,11.0,169.0,34.0,2.0,0.0,0.0,0.0
223,85,8,3183.0,3086.0,652.0,0.0,770.0,5645.0,108.9393430626955,18855.502399999983,18964.441743062678,2898.0,25.0,7.0,147.0,57.0,20.0,11.0,169.0,34.0,2.0,0.0,0.0,0.0
223,86,8,3194.0,3019.0,643.0,0.0,751.0,5645.0,437.6917212348775,20149.685599999986,20587.37732123486,2898.0,25.0,7.0,147.0,57.0,20.0,11.0,169.0,34.0,2.0,0.0,0.0,0.0
223,87,8,3107.0,2986.0,636.0,0.0,734.0,5645.0,679.8543628865144,18905.86959999998,19585.72396288649,2898.0,25.0,7.0,147.0,57.0,20.0,11.0,169.0,34.0,2.0,0.0,0.0,0.0
223,88,8,3167.0,3044.0,607.0,0.0,689.0,5645.0,272.5864594951479,19149.355599999984,19421.942059495133,2898.0,25.0,7.0,147.0,57.0,20.0,11.0,169.0,34.0,2.0,0.0,0.0,0.0
223,89,8,3182.0,3053.0,630.0,0.0,716.0,5645.0,272.82773363595754,18111.350399999985,18384.17813363594,2898.0,25.0,7.0,147.0,57.0,20.0,11.0,169.0,34.0,2.0,0.0,0.0,0.0
223,90,8,3171.0,3002.0,675.0,0.0,729.0,5645.0,235.1544995819784,20076.67319999998,20311.827699581954,2898.0,25.0,7.0,147.0,57.0,20.0,11.0,169.0,34.0,2.0,0.0,0.0,0.0
223,91,8,3205.0,3086.0,622.0,0.0,690.0,5645.0,437.00879230719516,20754.559599999975,21191.56839230717,2898.0,25.0,7.0,147.0,57.0,20.0,11.0,169.0,34.0,2.0,0.0,0.0,0.0
223,92,8,3124.0,3008.0,663.0,0.0,755.0,5645.0,599.5936135528971,19697.583199999983,20297.17681355288,2898.0,25.0,7.0,147.0,57.0,20.0,11.0,169.0,34.0,2.0,0.0,0.0,0.0
223,93,8,3212.0,3090.0,642.0,0.0,765.0,5645.0,274.546219048708,20968.85399999998,21243.400219048686,2898.0,25.0,7.0,147.0,57.0,20.0,11.0,169.0,34.0,2.0,0.0,0.0,0.0
223,94,8,3191.0,3108.0,665.0,0.0,756.0,5645.0,354.9364872074738,19059.70999999999,19414.64648720746,2898.0,25.0,7.0,147.0,57.0,20.0,11.0,169.0,34.0,2.0,0.0,0.0,0.0
223,95,8,3186.0,3000.0,669.0,0.0,704.0,5645.0,518.8187648965576,19453.02839999998,19971.84716489654,2898.0,25.0,7.0,147.0,57.0,20.0,11.0,169.0,34.0,2.0,0.0,0.0,0.0
223,96,9,3091.0,2999.0,646.0,0.0,767.0,5645.0,274.6900076464233,19481.81919999999,19756.509207646417,2898.0,25.0,7.0,147.0,57.0,20.0,11.0,169.0,34.0,2.0,0.0,0.0,0.0
223,97,9,3147.0,3011.0,643.0,0.0,761.0,5645.0,232.79312939842836,18310.48119999999,18543.27432939842,2898.0,25.0,7.0,147.0,57.0,20.0,11.0,169.0,34.0,2.0,0.0,0.0,0.0
223,98,9,3165.0,3016.0,633.0,0.0,764.0,5645.0,521.058999032226,17599.996399999985,18121.055399032208,2898.0,25.0,7.0,147.0,57.0,20.0,11.0,169.0,34.0,2.0,0.0,0.0,0.0
223,99,9,3054.0,2996.0,634.0,0.0,762.0,5645.0,274.1558402701904,19924.035199999984,20198.191040270172,2898.0,25.0,7.0,147.0,57.0,20.0,11.0,169.0,34.0,2.0,0.0,0.0,0.0
223,100,9,3143.0,2996.0,666.0,0.0,677.0,5645.0,270.92531216826075,19445.813999999984,19716.73931216824,2898.0,25.0,7.0,147.0,57.0,20.0,11.0,169.0,34.0,2.0,0.0,0.0,0.0
223,101,9,3175.0,3051.0,639.0,0.0,726.0,5645.0,475.4934714798078,18648.689599999983,19124.183071479787,2898.0,25.0,7.0,147.0,57.0,20.0,11.0,169.0,34.0,2.0,0.0,0.0,0.0
223,102,9,3111.0,2991.0,652.0,0.0,723.0,5645.0,234.00965973888458,17184.366799999985,17418.376459738865,2898.0,25.0,7.0,147.0,57.0,20.0,11.0,169.0,34.0,2.0,0.0,0.0,0.0
223,103,9,3133.0,3006.0,662.0,0.0,746.0,5645.0,313.31879128133994,18904.132799999978,19217.451591281315,2898.0,25.0,7.0,147.0,57.0,20.0,11.0,169.0,34.0,2.0,0.0,0.0,0.0
223,104,9,3196.0,3027.0,656.0,0.0,755.0,5645.0,477.3033842267022,17856.775599999983,18334.078984226686,2898.0,25.0,7.0,147.0,57.0,20.0,11.0,169.0,34.0,2.0,0.0,0.0,0.0
223,105,9,3097.0,2967.0,645.0,0.0,686.0,5645.0,273.9313211209617,20726.770799999977,21000.702121120936,2898.0,25.0,7.0,147.0,57.0,20.0,11.0,169.0,34.0,2.0,0.0,0.0,0.0
223,106,9,3132.0,3028.0,627.0,0.0,759.0,5645.0,519.2641588596381,18294.849999999984,18814.114158859622,2898.0,25.0,7.0,147.0,57.0,20.0,11.0,169.0,34.0,2.0,0.0,0.0,0.0
223,107,9,3087.0,3027.0,594.0,0.0,736.0,5645.0,517.5812693122466,18655.837199999984,19173.418469312233,2898.0,25.0,7.0,147.0,57.0,20.0,11.0,169.0,34.0,2.0,0.0,0.0,0.0
223,108,10,3159.0,3002.0,638.0,0.0,762.0,5645.0,437.80219958096404,19280.016399999982,19717.818599580947,2898.0,25.0,7.0,147.0,57.0,20.0,11.0,169.0,34.0,2.0,0.0,0.0,0.0
223,109,10,3122.0,3022.0,618.0,0.0,713.0,5645.0,231.9937400681575,19213.082799999996,19445.076540068156,2898.0,25.0,7.0,147.0,57.0,20.0,11.0,169.0,34.0,2.0,0.0,0.0,0.0
223,110,10,3166.0,3048.0,621.0,0.0,698.0,5645.0,313.7105628222183,20883.149599999975,21196.86016282219,2898.0,25.0,7.0,147.0,57.0,20.0,11.0,169.0,34.0,2.0,0.0,0.0,0.0
223,111,10,3162.0,3040.0,656.0,0.0,720.0,5645.0,232.06027747467482,18840.004799999995,19072.065077474672,2898.0,25.0,7.0,147.0,57.0,20.0,11.0,169.0,34.0,2.0,0.0,0.0,0.0
223,112,10,3168.0,3038.0,665.0,0.0,716.0,5645.0,232.0745667628403,18407.87559999998,18639.95016676282,2898.0,25.0,7.0,147.0,57.0,20.0,11.0,169.0,34.0,2.0,0.0,0.0,0.0
223,113,10,3217.0,3073.0,655.0,0.0,762.0,5645.0,233.2168576193362,20103.45999999998,20336.676857619317,2898.0,25.0,7.0,147.0,57.0,20.0,11.0,169.0,34.0,2.0,0.0,0.0,0.0
223,114,10,3185.0,3040.0,647.0,0.0,683.0,5645.0,355.9762260402552,19562.981199999977,19918.95742604023,2898.0,25.0,7.0,147.0,57.0,20.0,11.0,169.0,34.0,2.0,0.0,0.0,0.0
223,115,10,3187.0,3063.0,643.0,0.0,742.0,5645.0,435.34578154108675,18888.70199999998,19324.047781541067,2898.0,25.0,7.0,147.0,57.0,20.0,11.0,169.0,34.0,2.0,0.0,0.0,0.0
223,116,10,3226.0,3064.0,669.0,0.0,729.0,5645.0,514.8419020142605,20275.870799999993,20790.712702014254,2898.0,25.0,7.0,147.0,57.0,20.0,11.0,169.0,34.0,2.0,0.0,0.0,0.0
223,117,10,3094.0,3036.0,633.0,0.0,722.0,5645.0,232.5536758250955,20369.323999999982,20601.877675825075,2898.0,25.0,7.0,147.0,57.0,20.0,11.0,169.0,34.0,2.0,0.0,0.0,0.0
223,118,10,3080.0,2986.0,611.0,0.0,692.0,5645.0,234.1166006056036,18970.59879999998,19204.715400605583,2898.0,25.0,7.0,147.0,57.0,20.0,11.0,169.0,34.0,2.0,0.0,0.0,0.0
223,119,10,3169.0,3058.0,634.0,0.0,727.0,5645.0,355.0559218291507,19126.777199999982,19481.833121829135,2898.0,25.0,7.0,147.0,57.0,20.0,11.0,169.0,34.0,2.0,0.0,0.0,0.0
224,0,1,3197.0,3048.0,661.0,0.0,783.0,5645.0,276.474014775712,21409.132799999978,21685.60681477569,2898.0,25.0,7.0,147.0,57.0,20.0,11.0,169.0,34.0,2.0,0.0,0.0,0.0
224,1,1,3186.0,3012.0,655.0,0.0,757.0,5645.0,275.5934766618739,20345.47639999999,20621.069876661863,2898.0,25.0,7.0,147.0,57.0,20.0,11.0,169.0,34.0,2.0,0.0,0.0,0.0
224,2,1,3248.0,2981.0,702.0,0.0,742.0,5645.0,273.94422399334826,21526.967999999983,21800.91222399333,2898.0,25.0,7.0,147.0,57.0,20.0,11.0,169.0,34.0,2.0,0.0,0.0,0.0
224,3,1,3188.0,3033.0,682.0,0.0,743.0,5645.0,317.50031959175806,21721.890399999975,22039.39071959173,2898.0,25.0,7.0,147.0,57.0,20.0,11.0,169.0,34.0,2.0,0.0,0.0,0.0
224,4,1,3179.0,3021.0,654.0,0.0,791.0,5645.0,354.6760147112719,21073.86359999997,21428.53961471124,2898.0,25.0,7.0,147.0,57.0,20.0,11.0,169.0,34.0,2.0,0.0,0.0,0.0
224,5,1,3194.0,2996.0,679.0,0.0,783.0,5645.0,315.20980645641816,20582.482799999987,20897.692606456403,2898.0,25.0,7.0,147.0,57.0,20.0,11.0,169.0,34.0,2.0,0.0,0.0,0.0
224,6,1,3190.0,3056.0,668.0,0.0,762.0,5645.0,395.8978508492859,22269.984399999983,22665.882250849267,2898.0,25.0,7.0,147.0,57.0,20.0,11.0,169.0,34.0,2.0,0.0,0.0,0.0
224,7,1,3254.0,3056.0,682.0,0.0,761.0,5645.0,355.4125151605448,19231.519599999985,19586.932115160533,2898.0,25.0,7.0,147.0,57.0,20.0,11.0,169.0,34.0,2.0,0.0,0.0,0.0
224,8,1,3217.0,3063.0,637.0,0.0,756.0,5645.0,356.24379630316224,20614.212799999987,20970.456596303145,2898.0,25.0,7.0,147.0,57.0,20.0,11.0,169.0,34.0,2.0,0.0,0.0,0.0
224,9,1,3177.0,2989.0,663.0,0.0,773.0,5645.0,274.86007633602793,21803.31959999997,22078.179676336,2898.0,25.0,7.0,147.0,57.0,20.0,11.0,169.0,34.0,2.0,0.0,0.0,0.0
224,10,1,3253.0,3024.0,676.0,0.0,743.0,5645.0,273.9516334006479,20251.087999999974,20525.039633400625,2898.0,25.0,7.0,147.0,57.0,20.0,11.0,169.0,34.0,2.0,0.0,0.0,0.0
224,11,1,3279.0,3118.0,626.0,0.0,758.0,5645.0,437.9338821133127,19630.11519999999,20068.049082113303,2898.0,25.0,7.0,147.0,57.0,20.0,11.0,169.0,34.0,2.0,0.0,0.0,0.0
224,12,2,3199.0,3016.0,689.0,0.0,759.0,5645.0,276.09897603979545,22415.274399999973,22691.373376039766,2898.0,25.0,7.0,147.0,57.0,20.0,11.0,169.0,34.0,2.0,0.0,0.0,0.0
224,13,2,3260.0,3070.0,671.0,0.0,731.0,5645.0,397.53804667506483,21412.673199999987,21810.211246675055,2898.0,25.0,7.0,147.0,57.0,20.0,11.0,169.0,34.0,2.0,0.0,0.0,0.0
224,14,2,3136.0,2960.0,679.0,0.0,736.0,5645.0,234.1302297827854,21601.783999999978,21835.914229782768,2898.0,25.0,7.0,147.0,57.0,20.0,11.0,169.0,34.0,2.0,0.0,0.0,0.0
224,15,2,3140.0,3040.0,656.0,0.0,763.0,5645.0,475.6166916028411,21182.81439999998,21658.431091602823,2898.0,25.0,7.0,147.0,57.0,20.0,11.0,169.0,34.0,2.0,0.0,0.0,0.0
224,16,2,3206.0,3007.0,702.0,0.0,719.0,5645.0,517.8552891009044,20408.46879999998,20926.32408910089,2898.0,25.0,7.0,147.0,57.0,20.0,11.0,169.0,34.0,2.0,0.0,0.0,0.0
224,17,2,3167.0,2991.0,648.0,0.0,702.0,5645.0,232.50668400710845,21245.873599999977,21478.38028400709,2898.0,25.0,7.0,147.0,57.0,20.0,11.0,169.0,34.0,2.0,0.0,0.0,0.0
224,18,2,3208.0,3033.0,649.0,0.0,745.0,5645.0,314.69088542389693,19711.41079999998,20026.101685423877,2898.0,25.0,7.0,147.0,57.0,20.0,11.0,169.0,34.0,2.0,0.0,0.0,0.0
224,19,2,3152.0,3054.0,649.0,0.0,766.0,5645.0,232.83307451828074,21516.747599999988,21749.58067451827,2898.0,25.0,7.0,147.0,57.0,20.0,11.0,169.0,34.0,2.0,0.0,0.0,0.0
224,20,2,3114.0,2959.0,662.0,0.0,745.0,5645.0,272.4596427260803,20360.038799999973,20632.498442726053,2898.0,25.0,7.0,147.0,57.0,20.0,11.0,169.0,34.0,2.0,0.0,0.0,0.0
224,21,2,3136.0,2968.0,672.0,0.0,711.0,5645.0,232.75440611267595,21064.84559999997,21297.600006112647,2898.0,25.0,7.0,147.0,57.0,20.0,11.0,169.0,34.0,2.0,0.0,0.0,0.0
224,22,2,3164.0,3019.0,636.0,0.0,732.0,5645.0,316.00526323305456,21773.86079999998,22089.866063233036,2898.0,25.0,7.0,147.0,57.0,20.0,11.0,169.0,34.0,2.0,0.0,0.0,0.0
224,23,2,3191.0,3044.0,659.0,0.0,751.0,5645.0,436.4349150457682,21191.16439999998,21627.59931504575,2898.0,25.0,7.0,147.0,57.0,20.0,11.0,169.0,34.0,2.0,0.0,0.0,0.0
224,24,3,3225.0,2975.0,740.0,0.0,754.0,5645.0,192.84494483638974,20860.10359999998,21052.94854483637,2898.0,25.0,7.0,147.0,57.0,20.0,11.0,169.0,34.0,2.0,0.0,0.0,0.0
224,25,3,3214.0,3052.0,651.0,0.0,784.0,5645.0,314.5472729832093,21522.49239999998,21837.039672983192,2898.0,25.0,7.0,147.0,57.0,20.0,11.0,169.0,34.0,2.0,0.0,0.0,0.0
224,26,3,3215.0,2974.0,687.0,0.0,748.0,5645.0,230.7573473317174,20080.146799999984,20310.904147331705,2898.0,25.0,7.0,147.0,57.0,20.0,11.0,169.0,34.0,2.0,0.0,0.0,0.0
224,27,3,3131.0,3035.0,643.0,0.0,747.0,5645.0,272.8179594916051,20341.00079999998,20613.818759491587,2898.0,25.0,7.0,147.0,57.0,20.0,11.0,169.0,34.0,2.0,0.0,0.0,0.0
224,28,3,3209.0,3088.0,652.0,0.0,769.0,5645.0,232.88666564339033,21105.526799999985,21338.413465643378,2898.0,25.0,7.0,147.0,57.0,20.0,11.0,169.0,34.0,2.0,0.0,0.0,0.0
224,29,3,3185.0,3004.0,690.0,0.0,730.0,5645.0,315.11198430614405,20457.23279999998,20772.344784306126,2898.0,25.0,7.0,147.0,57.0,20.0,11.0,169.0,34.0,2.0,0.0,0.0,0.0
224,30,3,3180.0,2986.0,666.0,0.0,739.0,5645.0,314.8717726578553,20638.327599999982,20953.19937265784,2898.0,25.0,7.0,147.0,57.0,20.0,11.0,169.0,34.0,2.0,0.0,0.0,0.0
224,31,3,3139.0,3024.0,650.0,0.0,745.0,5645.0,398.3727348423788,21372.12559999999,21770.498334842367,2898.0,25.0,7.0,147.0,57.0,20.0,11.0,169.0,34.0,2.0,0.0,0.0,0.0
224,32,3,3136.0,2987.0,708.0,0.0,734.0,5645.0,313.16032618392796,20419.223599999976,20732.383926183906,2898.0,25.0,7.0,147.0,57.0,20.0,11.0,169.0,34.0,2.0,0.0,0.0,0.0
224,33,3,3270.0,3051.0,715.0,0.0,740.0,5645.0,312.0142806747192,19793.507999999983,20105.522280674704,2898.0,25.0,7.0,147.0,57.0,20.0,11.0,169.0,34.0,2.0,0.0,0.0,0.0
224,34,3,3244.0,3048.0,705.0,0.0,766.0,5645.0,190.9659935214589,21024.565199999983,21215.53119352144,2898.0,25.0,7.0,147.0,57.0,20.0,11.0,169.0,34.0,2.0,0.0,0.0,0.0
224,35,3,3211.0,3101.0,606.0,0.0,700.0,5645.0,516.842535058829,21387.15559999998,21903.998135058806,2898.0,25.0,7.0,147.0,57.0,20.0,11.0,169.0,34.0,2.0,0.0,0.0,0.0
224,36,4,3255.0,3038.0,715.0,0.0,782.0,5645.0,353.4322193289472,20206.599199999982,20560.03141932893,2898.0,25.0,7.0,147.0,57.0,20.0,11.0,169.0,34.0,2.0,0.0,0.0,0.0
224,37,4,3139.0,2906.0,684.0,0.0,721.0,5645.0,396.21336948097155,21475.865999999987,21872.079369480954,2898.0,25.0,7.0,147.0,57.0,20.0,11.0,169.0,34.0,2.0,0.0,0.0,0.0
224,38,4,3207.0,3100.0,653.0,0.0,732.0,5645.0,477.319970851024,20533.050799999975,21010.370770850997,2898.0,25.0,7.0,147.0,57.0,20.0,11.0,169.0,34.0,2.0,0.0,0.0,0.0
224,39,4,3172.0,3054.0,690.0,0.0,764.0,5645.0,436.3622693086006,20293.906799999982,20730.269069308582,2898.0,25.0,7.0,147.0,57.0,20.0,11.0,169.0,34.0,2.0,0.0,0.0,0.0
224,40,4,3201.0,3039.0,694.0,0.0,744.0,5645.0,356.3124876097083,19779.279599999987,20135.592087609693,2898.0,25.0,7.0,147.0,57.0,20.0,11.0,169.0,34.0,2.0,0.0,0.0,0.0
224,41,4,3159.0,3036.0,687.0,0.0,770.0,5645.0,436.5447507235431,20984.952799999985,21421.497550723525,2898.0,25.0,7.0,147.0,57.0,20.0,11.0,169.0,34.0,2.0,0.0,0.0,0.0
224,42,4,3214.0,3039.0,675.0,0.0,779.0,5645.0,314.99501495813666,20964.645599999978,21279.640614958116,2898.0,25.0,7.0,147.0,57.0,20.0,11.0,169.0,34.0,2.0,0.0,0.0,0.0
224,43,4,3141.0,3007.0,661.0,0.0,733.0,5645.0,354.46944165809646,20991.09839999998,21345.567841658078,2898.0,25.0,7.0,147.0,57.0,20.0,11.0,169.0,34.0,2.0,0.0,0.0,0.0
224,44,4,3231.0,3093.0,697.0,0.0,786.0,5645.0,193.98762268045354,21326.901999999984,21520.889622680435,2898.0,25.0,7.0,147.0,57.0,20.0,11.0,169.0,34.0,2.0,0.0,0.0,0.0
224,45,4,3216.0,3037.0,665.0,0.0,758.0,5645.0,151.6551761629011,21007.53119999999,21159.186376162892,2898.0,25.0,7.0,147.0,57.0,20.0,11.0,169.0,34.0,2.0,0.0,0.0,0.0
224,46,4,3193.0,3005.0,675.0,0.0,771.0,5645.0,437.4132548051871,19403.729999999974,19841.143254805163,2898.0,25.0,7.0,147.0,57.0,20.0,11.0,169.0,34.0,2.0,0.0,0.0,0.0
224,47,4,3222.0,3030.0,661.0,0.0,782.0,5645.0,475.0832921464839,21204.657999999978,21679.741292146467,2898.0,25.0,7.0,147.0,57.0,20.0,11.0,169.0,34.0,2.0,0.0,0.0,0.0
224,48,5,3171.0,3045.0,682.0,0.0,784.0,5645.0,478.9520067809916,21721.75679999997,22200.70880678096,2898.0,25.0,7.0,147.0,57.0,20.0,11.0,169.0,34.0,2.0,0.0,0.0,0.0
224,49,5,3197.0,2957.0,651.0,0.0,704.0,5645.0,272.7703722457778,19742.606399999982,20015.37677224576,2898.0,25.0,7.0,147.0,57.0,20.0,11.0,169.0,34.0,2.0,0.0,0.0,0.0
224,50,5,3239.0,3119.0,650.0,0.0,738.0,5645.0,192.51666881195763,21691.563199999986,21884.079868811947,2898.0,25.0,7.0,147.0,57.0,20.0,11.0,169.0,34.0,2.0,0.0,0.0,0.0
224,51,5,3212.0,2997.0,679.0,0.0,729.0,5645.0,352.7614481143629,19265.654399999985,19618.41584811435,2898.0,25.0,7.0,147.0,57.0,20.0,11.0,169.0,34.0,2.0,0.0,0.0,0.0
224,52,5,3173.0,3044.0,654.0,0.0,750.0,5645.0,475.55202091200283,19859.706799999978,20335.258820911982,2898.0,25.0,7.0,147.0,57.0,20.0,11.0,169.0,34.0,2.0,0.0,0.0,0.0
224,53,5,3162.0,2975.0,673.0,0.0,759.0,5645.0,233.22162662175992,19919.55959999999,20152.78122662175,2898.0,25.0,7.0,147.0,57.0,20.0,11.0,169.0,34.0,2.0,0.0,0.0,0.0
224,54,5,3165.0,3018.0,670.0,0.0,784.0,5645.0,397.2945120561159,19029.583199999994,19426.87771205611,2898.0,25.0,7.0,147.0,57.0,20.0,11.0,169.0,34.0,2.0,0.0,0.0,0.0
224,55,5,3215.0,3038.0,679.0,0.0,779.0,5645.0,353.7325964714847,20535.255199999985,20888.98779647147,2898.0,25.0,7.0,147.0,57.0,20.0,11.0,169.0,34.0,2.0,0.0,0.0,0.0
224,56,5,3230.0,3059.0,659.0,0.0,751.0,5645.0,476.9188705754993,20951.08519999998,21428.00407057548,2898.0,25.0,7.0,147.0,57.0,20.0,11.0,169.0,34.0,2.0,0.0,0.0,0.0
224,57,5,3123.0,2979.0,655.0,0.0,771.0,5645.0,355.8034115117666,19332.454399999988,19688.25781151175,2898.0,25.0,7.0,147.0,57.0,20.0,11.0,169.0,34.0,2.0,0.0,0.0,0.0
224,58,5,3219.0,3079.0,635.0,0.0,749.0,5645.0,477.0971127332522,21460.902799999974,21937.999912733227,2898.0,25.0,7.0,147.0,57.0,20.0,11.0,169.0,34.0,2.0,0.0,0.0,0.0
224,59,5,3200.0,2951.0,677.0,0.0,792.0,5645.0,517.758727118999,21774.862799999977,22292.621527118976,2898.0,25.0,7.0,147.0,57.0,20.0,11.0,169.0,34.0,2.0,0.0,0.0,0.0
224,60,6,3199.0,2958.0,703.0,0.0,752.0,5645.0,558.2694599073395,21311.67159999998,21869.941059907316,2898.0,25.0,7.0,147.0,57.0,20.0,11.0,169.0,34.0,2.0,0.0,0.0,0.0
224,61,6,3185.0,3024.0,651.0,0.0,729.0,5645.0,311.2098083804861,21353.95599999997,21665.165808380458,2898.0,25.0,7.0,147.0,57.0,20.0,11.0,169.0,34.0,2.0,0.0,0.0,0.0
224,62,6,3215.0,3073.0,647.0,0.0,760.0,5645.0,357.124057203922,21178.07159999999,21535.19565720391,2898.0,25.0,7.0,147.0,57.0,20.0,11.0,169.0,34.0,2.0,0.0,0.0,0.0
224,63,6,3156.0,3010.0,623.0,0.0,729.0,5645.0,355.3237835402393,21337.923999999977,21693.247783540217,2898.0,25.0,7.0,147.0,57.0,20.0,11.0,169.0,34.0,2.0,0.0,0.0,0.0
224,64,6,3233.0,3034.0,675.0,0.0,735.0,5645.0,560.7224458958823,21233.782799999983,21794.50524589586,2898.0,25.0,7.0,147.0,57.0,20.0,11.0,169.0,34.0,2.0,0.0,0.0,0.0
224,65,6,3219.0,3077.0,677.0,0.0,821.0,5645.0,354.1768309054908,21860.70079999997,22214.877630905467,2898.0,25.0,7.0,147.0,57.0,20.0,11.0,169.0,34.0,2.0,0.0,0.0,0.0
224,66,6,3179.0,2945.0,714.0,0.0,735.0,5645.0,479.34058823186916,20939.261599999994,21418.602188231864,2898.0,25.0,7.0,147.0,57.0,20.0,11.0,169.0,34.0,2.0,0.0,0.0,0.0
224,67,6,3163.0,3003.0,698.0,0.0,787.0,5645.0,314.1287622858971,22857.891199999984,23172.01996228588,2898.0,25.0,7.0,147.0,57.0,20.0,11.0,169.0,34.0,2.0,0.0,0.0,0.0
224,68,6,3191.0,3063.0,676.0,0.0,731.0,5645.0,477.0003494926632,20407.800799999975,20884.801149492643,2898.0,25.0,7.0,147.0,57.0,20.0,11.0,169.0,34.0,2.0,0.0,0.0,0.0
224,69,6,3187.0,3006.0,672.0,0.0,711.0,5645.0,229.18510212581634,19409.541599999986,19638.726702125805,2898.0,25.0,7.0,147.0,57.0,20.0,11.0,169.0,34.0,2.0,0.0,0.0,0.0
224,70,6,3184.0,2978.0,692.0,0.0,754.0,5645.0,395.1735779360148,22745.80079999999,23140.974377936007,2898.0,25.0,7.0,147.0,57.0,20.0,11.0,169.0,34.0,2.0,0.0,0.0,0.0
224,71,6,3223.0,3064.0,707.0,0.0,810.0,5645.0,436.60178141961865,21614.609599999992,22051.211381419613,2898.0,25.0,7.0,147.0,57.0,20.0,11.0,169.0,34.0,2.0,0.0,0.0,0.0
224,72,7,3197.0,3017.0,666.0,0.0,752.0,5645.0,640.1862972181558,19882.68599999998,20522.87229721814,2898.0,25.0,7.0,147.0,57.0,20.0,11.0,169.0,34.0,2.0,0.0,0.0,0.0
224,73,7,3241.0,3035.0,703.0,0.0,745.0,5645.0,315.1971303246055,20192.23719999999,20507.434330324595,2898.0,25.0,7.0,147.0,57.0,20.0,11.0,169.0,34.0,2.0,0.0,0.0,0.0
224,74,7,3195.0,3033.0,684.0,0.0,752.0,5645.0,476.9646987383054,19913.88159999999,20390.846298738295,2898.0,25.0,7.0,147.0,57.0,20.0,11.0,169.0,34.0,2.0,0.0,0.0,0.0
224,75,7,3232.0,3006.0,718.0,0.0,762.0,5645.0,434.3622526498119,19666.187199999975,20100.549452649786,2898.0,25.0,7.0,147.0,57.0,20.0,11.0,169.0,34.0,2.0,0.0,0.0,0.0
224,76,7,3177.0,3014.0,680.0,0.0,736.0,5645.0,518.8394997512291,21506.593999999986,22025.433499751212,2898.0,25.0,7.0,147.0,57.0,20.0,11.0,169.0,34.0,2.0,0.0,0.0,0.0
224,77,7,3199.0,3044.0,599.0,0.0,707.0,5645.0,518.4304181230541,22069.717999999986,22588.14841812304,2898.0,25.0,7.0,147.0,57.0,20.0,11.0,169.0,34.0,2.0,0.0,0.0,0.0
224,78,7,3163.0,3042.0,652.0,0.0,713.0,5645.0,272.43639027403935,20662.30879999997,20934.745190274007,2898.0,25.0,7.0,147.0,57.0,20.0,11.0,169.0,34.0,2.0,0.0,0.0,0.0
224,79,7,3209.0,3018.0,673.0,0.0,791.0,5645.0,233.1896086218248,22404.71999999998,22637.909608621805,2898.0,25.0,7.0,147.0,57.0,20.0,11.0,169.0,34.0,2.0,0.0,0.0,0.0
224,80,7,3204.0,2968.0,699.0,0.0,715.0,5645.0,355.27810946192557,21222.29319999998,21577.5713094619,2898.0,25.0,7.0,147.0,57.0,20.0,11.0,169.0,34.0,2.0,0.0,0.0,0.0
224,81,7,3162.0,2995.0,725.0,0.0,824.0,5645.0,477.17032381907006,20475.20199999999,20952.372323819058,2898.0,25.0,7.0,147.0,57.0,20.0,11.0,169.0,34.0,2.0,0.0,0.0,0.0
224,82,7,3188.0,3013.0,670.0,0.0,793.0,5645.0,235.37506761471516,21665.310799999974,21900.68586761469,2898.0,25.0,7.0,147.0,57.0,20.0,11.0,169.0,34.0,2.0,0.0,0.0,0.0
224,83,7,3212.0,3019.0,643.0,0.0,712.0,5645.0,233.735367200632,20873.062799999985,21106.79816720062,2898.0,25.0,7.0,147.0,57.0,20.0,11.0,169.0,34.0,2.0,0.0,0.0,0.0
224,84,8,3224.0,3073.0,685.0,0.0,785.0,5645.0,150.97014121401455,20503.45839999998,20654.428541213994,2898.0,25.0,7.0,147.0,57.0,20.0,11.0,169.0,34.0,2.0,0.0,0.0,0.0
224,85,8,3248.0,3011.0,673.0,0.0,777.0,5645.0,275.1002588622116,22360.96599999998,22636.06625886219,2898.0,25.0,7.0,147.0,57.0,20.0,11.0,169.0,34.0,2.0,0.0,0.0,0.0
224,86,8,3145.0,2977.0,668.0,0.0,753.0,5645.0,679.8790761318369,20584.88759999997,21264.766676131807,2898.0,25.0,7.0,147.0,57.0,20.0,11.0,169.0,34.0,2.0,0.0,0.0,0.0
224,87,8,3215.0,3048.0,639.0,0.0,714.0,5645.0,272.7720708819634,21312.205999999976,21584.97807088194,2898.0,25.0,7.0,147.0,57.0,20.0,11.0,169.0,34.0,2.0,0.0,0.0,0.0
224,88,8,3231.0,3040.0,670.0,0.0,747.0,5645.0,190.78840710455756,19436.328399999977,19627.116807104536,2898.0,25.0,7.0,147.0,57.0,20.0,11.0,169.0,34.0,2.0,0.0,0.0,0.0
224,89,8,3217.0,3005.0,700.0,0.0,768.0,5645.0,275.27919331964335,22742.727999999963,23018.00719331961,2898.0,25.0,7.0,147.0,57.0,20.0,11.0,169.0,34.0,2.0,0.0,0.0,0.0
224,90,8,3244.0,3075.0,653.0,0.0,697.0,5645.0,476.45113194808727,22384.94719999997,22861.398331948058,2898.0,25.0,7.0,147.0,57.0,20.0,11.0,169.0,34.0,2.0,0.0,0.0,0.0
224,91,8,3165.0,3019.0,680.0,0.0,760.0,5645.0,396.3964700563704,20992.10039999998,21388.49687005635,2898.0,25.0,7.0,147.0,57.0,20.0,11.0,169.0,34.0,2.0,0.0,0.0,0.0
224,92,8,3254.0,3069.0,694.0,0.0,779.0,5645.0,233.53082864315,21627.702399999973,21861.233228643123,2898.0,25.0,7.0,147.0,57.0,20.0,11.0,169.0,34.0,2.0,0.0,0.0,0.0
224,93,8,3225.0,3087.0,707.0,0.0,774.0,5645.0,314.53504011027286,20963.309599999986,21277.84464011026,2898.0,25.0,7.0,147.0,57.0,20.0,11.0,169.0,34.0,2.0,0.0,0.0,0.0
224,94,8,3242.0,3010.0,696.0,0.0,727.0,5645.0,558.4905224643602,20828.23999999998,21386.73052246434,2898.0,25.0,7.0,147.0,57.0,20.0,11.0,169.0,34.0,2.0,0.0,0.0,0.0
224,95,8,3159.0,2999.0,687.0,0.0,786.0,5645.0,233.3447279451826,20611.13999999999,20844.48472794517,2898.0,25.0,7.0,147.0,57.0,20.0,11.0,169.0,34.0,2.0,0.0,0.0,0.0
224,96,9,3188.0,2998.0,680.0,0.0,773.0,5645.0,110.34963654166816,19966.319599999988,20076.669236541657,2898.0,25.0,7.0,147.0,57.0,20.0,11.0,169.0,34.0,2.0,0.0,0.0,0.0
224,97,9,3224.0,3017.0,670.0,0.0,787.0,5645.0,521.11182334312,19435.326399999984,19956.4382233431,2898.0,25.0,7.0,147.0,57.0,20.0,11.0,169.0,34.0,2.0,0.0,0.0,0.0
224,98,9,3088.0,2989.0,664.0,0.0,777.0,5645.0,233.45873556858805,21558.898399999984,21792.35713556857,2898.0,25.0,7.0,147.0,57.0,20.0,11.0,169.0,34.0,2.0,0.0,0.0,0.0
224,99,9,3178.0,2983.0,703.0,0.0,713.0,5645.0,312.0944015666056,20807.331599999983,21119.426001566586,2898.0,25.0,7.0,147.0,57.0,20.0,11.0,169.0,34.0,2.0,0.0,0.0,0.0
224,100,9,3224.0,3040.0,666.0,0.0,739.0,5645.0,475.59680059277673,19633.32159999998,20108.91840059276,2898.0,25.0,7.0,147.0,57.0,20.0,11.0,169.0,34.0,2.0,0.0,0.0,0.0
224,101,9,3156.0,2990.0,685.0,0.0,742.0,5645.0,315.9326015608511,19573.268399999983,19889.201001560832,2898.0,25.0,7.0,147.0,57.0,20.0,11.0,169.0,34.0,2.0,0.0,0.0,0.0
224,102,9,3187.0,3011.0,694.0,0.0,762.0,5645.0,191.15460811878154,20544.20639999998,20735.361008118758,2898.0,25.0,7.0,147.0,57.0,20.0,11.0,169.0,34.0,2.0,0.0,0.0,0.0
224,103,9,3246.0,3019.0,698.0,0.0,774.0,5645.0,395.79406596506607,18948.821999999986,19344.61606596505,2898.0,25.0,7.0,147.0,57.0,20.0,11.0,169.0,34.0,2.0,0.0,0.0,0.0
224,104,9,3147.0,3025.0,618.0,0.0,645.0,5645.0,233.04661503240519,21303.588799999976,21536.63541503238,2898.0,25.0,7.0,147.0,57.0,20.0,11.0,169.0,34.0,2.0,0.0,0.0,0.0
224,105,9,3180.0,3039.0,647.0,0.0,755.0,5645.0,641.9102045461971,21421.691199999976,22063.60140454617,2898.0,25.0,7.0,147.0,57.0,20.0,11.0,169.0,34.0,2.0,0.0,0.0,0.0
224,106,9,3147.0,3037.0,626.0,0.0,759.0,5645.0,434.5354850239673,19912.211599999984,20346.74708502395,2898.0,25.0,7.0,147.0,57.0,20.0,11.0,169.0,34.0,2.0,0.0,0.0,0.0
224,107,9,3210.0,3007.0,669.0,0.0,754.0,5645.0,395.8251865984127,20500.385599999983,20896.210786598396,2898.0,25.0,7.0,147.0,57.0,20.0,11.0,169.0,34.0,2.0,0.0,0.0,0.0
224,108,10,3161.0,3006.0,656.0,0.0,733.0,5645.0,151.21269545545448,20829.375599999985,20980.58829545544,2898.0,25.0,7.0,147.0,57.0,20.0,11.0,169.0,34.0,2.0,0.0,0.0,0.0
224,109,10,3203.0,3041.0,648.0,0.0,711.0,5645.0,314.90871252348205,22321.48719999997,22636.39591252345,2898.0,25.0,7.0,147.0,57.0,20.0,11.0,169.0,34.0,2.0,0.0,0.0,0.0
224,110,10,3210.0,3024.0,696.0,0.0,747.0,5645.0,192.24836711639642,20844.004799999988,21036.25316711638,2898.0,25.0,7.0,147.0,57.0,20.0,11.0,169.0,34.0,2.0,0.0,0.0,0.0
224,111,10,3210.0,3028.0,700.0,0.0,722.0,5645.0,231.66304076501382,19559.10679999998,19790.769840764995,2898.0,25.0,7.0,147.0,57.0,20.0,11.0,169.0,34.0,2.0,0.0,0.0,0.0
224,112,10,3272.0,3061.0,694.0,0.0,779.0,5645.0,314.8259635727354,21791.562799999978,22106.388763572715,2898.0,25.0,7.0,147.0,57.0,20.0,11.0,169.0,34.0,2.0,0.0,0.0,0.0
224,113,10,3227.0,3038.0,674.0,0.0,688.0,5645.0,436.00637254008143,20650.21799999997,21086.224372540055,2898.0,25.0,7.0,147.0,57.0,20.0,11.0,169.0,34.0,2.0,0.0,0.0,0.0
224,114,10,3238.0,3053.0,679.0,0.0,757.0,5645.0,313.93952445216723,20826.77039999997,21140.709924452138,2898.0,25.0,7.0,147.0,57.0,20.0,11.0,169.0,34.0,2.0,0.0,0.0,0.0
224,115,10,3276.0,3057.0,699.0,0.0,752.0,5645.0,435.26853656383,22428.567599999988,22863.83613656382,2898.0,25.0,7.0,147.0,57.0,20.0,11.0,169.0,34.0,2.0,0.0,0.0,0.0
224,116,10,3141.0,3035.0,661.0,0.0,752.0,5645.0,273.3449473908672,22116.077199999978,22389.422147390847,2898.0,25.0,7.0,147.0,57.0,20.0,11.0,169.0,34.0,2.0,0.0,0.0,0.0
224,117,10,3141.0,2999.0,637.0,0.0,720.0,5645.0,436.9429089741063,20243.005199999978,20679.948108974088,2898.0,25.0,7.0,147.0,57.0,20.0,11.0,169.0,34.0,2.0,0.0,0.0,0.0
224,118,10,3217.0,3062.0,661.0,0.0,733.0,5645.0,314.3905606853834,20835.38759999998,21149.778160685368,2898.0,25.0,7.0,147.0,57.0,20.0,11.0,169.0,34.0,2.0,0.0,0.0,0.0
224,119,10,3178.0,3033.0,648.0,0.0,743.0,5645.0,191.91264124557023,23774.453999999972,23966.366641245542,2898.0,25.0,7.0,147.0,57.0,20.0,11.0,169.0,34.0,2.0,0.0,0.0,0.0
225,0,1,3383.0,3140.0,646.0,0.0,775.0,5645.0,521.7349576567914,19852.02479999999,20373.75975765678,2898.0,25.0,7.0,147.0,57.0,20.0,11.0,169.0,34.0,2.0,0.0,0.0,0.0
225,1,1,3460.0,3123.0,698.0,0.0,742.0,5645.0,399.8869306753911,21037.39079999998,21437.27773067537,2898.0,25.0,7.0,147.0,57.0,20.0,11.0,169.0,34.0,2.0,0.0,0.0,0.0
225,2,1,3399.0,3163.0,680.0,0.0,747.0,5645.0,360.6749633711119,21138.859999999986,21499.534963371094,2898.0,25.0,7.0,147.0,57.0,20.0,11.0,169.0,34.0,2.0,0.0,0.0,0.0
225,3,1,3383.0,3173.0,642.0,0.0,789.0,5645.0,562.1886287251898,20617.95359999998,21180.14222872517,2898.0,25.0,7.0,147.0,57.0,20.0,11.0,169.0,34.0,2.0,0.0,0.0,0.0
225,4,1,3385.0,3112.0,677.0,0.0,784.0,5645.0,400.3908144315815,19192.107599999992,19592.49841443157,2898.0,25.0,7.0,147.0,57.0,20.0,11.0,169.0,34.0,2.0,0.0,0.0,0.0
225,5,1,3392.0,3194.0,659.0,0.0,740.0,5645.0,398.9408489260369,21653.887999999977,22052.828848926012,2898.0,25.0,7.0,147.0,57.0,20.0,11.0,169.0,34.0,2.0,0.0,0.0,0.0
225,6,1,3458.0,3201.0,666.0,0.0,753.0,5645.0,643.5244035313788,19258.773999999983,19902.298403531364,2898.0,25.0,7.0,147.0,57.0,20.0,11.0,169.0,34.0,2.0,0.0,0.0,0.0
225,7,1,3426.0,3202.0,641.0,0.0,773.0,5645.0,604.2911603673465,19303.663599999993,19907.954760367338,2898.0,25.0,7.0,147.0,57.0,20.0,11.0,169.0,34.0,2.0,0.0,0.0,0.0
225,8,1,3378.0,3121.0,658.0,0.0,784.0,5645.0,278.62805324473777,21149.414399999972,21428.042453244707,2898.0,25.0,7.0,147.0,57.0,20.0,11.0,169.0,34.0,2.0,0.0,0.0,0.0
225,9,1,3487.0,3195.0,662.0,0.0,742.0,5645.0,358.51184597510195,19190.170399999985,19548.682245975084,2898.0,25.0,7.0,147.0,57.0,20.0,11.0,169.0,34.0,2.0,0.0,0.0,0.0
225,10,1,3481.0,3242.0,621.0,0.0,751.0,5645.0,401.26165015668386,18878.080799999985,19279.34245015667,2898.0,25.0,7.0,147.0,57.0,20.0,11.0,169.0,34.0,2.0,0.0,0.0,0.0
225,11,1,3422.0,3172.0,681.0,0.0,774.0,5645.0,360.7711811647586,21811.53599999998,22172.307181164735,2898.0,25.0,7.0,147.0,57.0,20.0,11.0,169.0,34.0,2.0,0.0,0.0,0.0
225,12,2,3461.0,3201.0,668.0,0.0,724.0,5645.0,440.3031142278403,20345.47639999999,20785.779514227826,2898.0,25.0,7.0,147.0,57.0,20.0,11.0,169.0,34.0,2.0,0.0,0.0,0.0
225,13,2,3355.0,3103.0,681.0,0.0,730.0,5645.0,116.55177237912255,20829.04159999998,20945.593372379102,2898.0,25.0,7.0,147.0,57.0,20.0,11.0,169.0,34.0,2.0,0.0,0.0,0.0
225,14,2,3358.0,3156.0,668.0,0.0,762.0,5645.0,440.08331481681046,20227.641199999984,20667.724514816797,2898.0,25.0,7.0,147.0,57.0,20.0,11.0,169.0,34.0,2.0,0.0,0.0,0.0
225,15,2,3419.0,3138.0,706.0,0.0,728.0,5645.0,601.6406704741034,18817.62679999999,19419.267470474097,2898.0,25.0,7.0,147.0,57.0,20.0,11.0,169.0,34.0,2.0,0.0,0.0,0.0
225,16,2,3373.0,3137.0,644.0,0.0,758.0,5645.0,317.40356050417506,20927.304399999994,21244.707960504165,2898.0,25.0,7.0,147.0,57.0,20.0,11.0,169.0,34.0,2.0,0.0,0.0,0.0
225,17,2,3405.0,3163.0,642.0,0.0,738.0,5645.0,277.99505718901855,19210.878399999983,19488.873457189,2898.0,25.0,7.0,147.0,57.0,20.0,11.0,169.0,34.0,2.0,0.0,0.0,0.0
225,18,2,3369.0,3190.0,645.0,0.0,771.0,5645.0,359.0827079226188,20741.26639999999,21100.349107922608,2898.0,25.0,7.0,147.0,57.0,20.0,11.0,169.0,34.0,2.0,0.0,0.0,0.0
225,19,2,3322.0,3083.0,668.0,0.0,756.0,5645.0,275.97940172537153,19472.40039999998,19748.37980172535,2898.0,25.0,7.0,147.0,57.0,20.0,11.0,169.0,34.0,2.0,0.0,0.0,0.0
225,20,2,3368.0,3099.0,693.0,0.0,750.0,5645.0,522.0857801481928,22153.952799999992,22676.038580148186,2898.0,25.0,7.0,147.0,57.0,20.0,11.0,169.0,34.0,2.0,0.0,0.0,0.0
225,21,2,3359.0,3162.0,618.0,0.0,743.0,5645.0,401.00355247935977,22222.489599999986,22623.493152479343,2898.0,25.0,7.0,147.0,57.0,20.0,11.0,169.0,34.0,2.0,0.0,0.0,0.0
225,22,2,3404.0,3177.0,655.0,0.0,778.0,5645.0,438.10501096607516,20556.36399999999,20994.469010966066,2898.0,25.0,7.0,147.0,57.0,20.0,11.0,169.0,34.0,2.0,0.0,0.0,0.0
225,23,2,3440.0,3118.0,737.0,0.0,754.0,5645.0,317.87072909673003,19314.01759999999,19631.888329096717,2898.0,25.0,7.0,147.0,57.0,20.0,11.0,169.0,34.0,2.0,0.0,0.0,0.0
225,24,3,3417.0,3190.0,650.0,0.0,766.0,5645.0,399.9960407242095,19401.258399999984,19801.254440724195,2898.0,25.0,7.0,147.0,57.0,20.0,11.0,169.0,34.0,2.0,0.0,0.0,0.0
225,25,3,3430.0,3119.0,686.0,0.0,750.0,5645.0,356.552129903974,18819.02959999999,19175.581729903963,2898.0,25.0,7.0,147.0,57.0,20.0,11.0,169.0,34.0,2.0,0.0,0.0,0.0
225,26,3,3317.0,3154.0,643.0,0.0,754.0,5645.0,397.53735805990607,19679.21319999998,20076.750558059884,2898.0,25.0,7.0,147.0,57.0,20.0,11.0,169.0,34.0,2.0,0.0,0.0,0.0
225,27,3,3405.0,3203.0,657.0,0.0,795.0,5645.0,560.6142779232247,20357.09959999999,20917.71387792322,2898.0,25.0,7.0,147.0,57.0,20.0,11.0,169.0,34.0,2.0,0.0,0.0,0.0
225,28,3,3386.0,3155.0,669.0,0.0,716.0,5645.0,602.2179788223665,19989.833199999986,20592.051178822356,2898.0,25.0,7.0,147.0,57.0,20.0,11.0,169.0,34.0,2.0,0.0,0.0,0.0
225,29,3,3359.0,3107.0,659.0,0.0,751.0,5645.0,520.6415619552655,19986.693599999977,20507.335161955245,2898.0,25.0,7.0,147.0,57.0,20.0,11.0,169.0,34.0,2.0,0.0,0.0,0.0
225,30,3,3367.0,3156.0,657.0,0.0,755.0,5645.0,361.7619656160824,20414.614399999984,20776.376365616063,2898.0,25.0,7.0,147.0,57.0,20.0,11.0,169.0,34.0,2.0,0.0,0.0,0.0
225,31,3,3390.0,3161.0,682.0,0.0,742.0,5645.0,523.2324218095911,20442.202799999977,20965.43522180957,2898.0,25.0,7.0,147.0,57.0,20.0,11.0,169.0,34.0,2.0,0.0,0.0,0.0
225,32,3,3479.0,3200.0,692.0,0.0,734.0,5645.0,400.2646999858574,19379.214399999986,19779.479099985845,2898.0,25.0,7.0,147.0,57.0,20.0,11.0,169.0,34.0,2.0,0.0,0.0,0.0
225,33,3,3447.0,3194.0,686.0,0.0,758.0,5645.0,316.1543408451802,20547.14559999998,20863.29994084516,2898.0,25.0,7.0,147.0,57.0,20.0,11.0,169.0,34.0,2.0,0.0,0.0,0.0
225,34,3,3417.0,3197.0,636.0,0.0,734.0,5645.0,398.01388402673456,18814.68759999999,19212.701484026726,2898.0,25.0,7.0,147.0,57.0,20.0,11.0,169.0,34.0,2.0,0.0,0.0,0.0
225,35,3,3455.0,3172.0,713.0,0.0,779.0,5645.0,356.72632858696716,19744.877599999985,20101.603928586952,2898.0,25.0,7.0,147.0,57.0,20.0,11.0,169.0,34.0,2.0,0.0,0.0,0.0
225,36,4,3353.0,3079.0,656.0,0.0,698.0,5645.0,601.3555614655821,19515.68679999999,20117.042361465574,2898.0,25.0,7.0,147.0,57.0,20.0,11.0,169.0,34.0,2.0,0.0,0.0,0.0
225,37,4,3436.0,3250.0,654.0,0.0,721.0,5645.0,399.43458196353083,20025.170399999985,20424.604981963515,2898.0,25.0,7.0,147.0,57.0,20.0,11.0,169.0,34.0,2.0,0.0,0.0,0.0
225,38,4,3382.0,3202.0,672.0,0.0,728.0,5645.0,315.1849231302368,19207.070799999987,19522.255723130223,2898.0,25.0,7.0,147.0,57.0,20.0,11.0,169.0,34.0,2.0,0.0,0.0,0.0
225,39,4,3434.0,3191.0,699.0,0.0,762.0,5645.0,440.2457079049604,19339.33479999999,19779.58050790495,2898.0,25.0,7.0,147.0,57.0,20.0,11.0,169.0,34.0,2.0,0.0,0.0,0.0
225,40,4,3378.0,3176.0,691.0,0.0,774.0,5645.0,685.0178942362272,19976.339599999996,20661.35749423623,2898.0,25.0,7.0,147.0,57.0,20.0,11.0,169.0,34.0,2.0,0.0,0.0,0.0
225,41,4,3419.0,3169.0,675.0,0.0,781.0,5645.0,560.9889886096604,20228.910399999982,20789.899388609643,2898.0,25.0,7.0,147.0,57.0,20.0,11.0,169.0,34.0,2.0,0.0,0.0,0.0
225,42,4,3353.0,3155.0,650.0,0.0,752.0,5645.0,766.2091343322809,19605.666399999984,20371.875534332263,2898.0,25.0,7.0,147.0,57.0,20.0,11.0,169.0,34.0,2.0,0.0,0.0,0.0
225,43,4,3423.0,3210.0,690.0,0.0,783.0,5645.0,239.4831463228507,20515.281999999992,20754.76514632284,2898.0,25.0,7.0,147.0,57.0,20.0,11.0,169.0,34.0,2.0,0.0,0.0,0.0
225,44,4,3406.0,3179.0,658.0,0.0,774.0,5645.0,318.77121950103634,20471.861999999983,20790.63321950102,2898.0,25.0,7.0,147.0,57.0,20.0,11.0,169.0,34.0,2.0,0.0,0.0,0.0
225,45,4,3401.0,3147.0,671.0,0.0,783.0,5645.0,521.2859596750005,18507.674799999982,19028.96075967498,2898.0,25.0,7.0,147.0,57.0,20.0,11.0,169.0,34.0,2.0,0.0,0.0,0.0
225,46,4,3441.0,3181.0,653.0,0.0,770.0,5645.0,439.2014579130604,20212.878399999983,20652.079857913046,2898.0,25.0,7.0,147.0,57.0,20.0,11.0,169.0,34.0,2.0,0.0,0.0,0.0
225,47,4,3381.0,3165.0,689.0,0.0,793.0,5645.0,604.5712006139083,20296.51199999998,20901.083200613884,2898.0,25.0,7.0,147.0,57.0,20.0,11.0,169.0,34.0,2.0,0.0,0.0,0.0
225,48,5,3402.0,3096.0,643.0,0.0,750.0,5645.0,397.3204869577256,19241.73999999999,19639.06048695772,2898.0,25.0,7.0,147.0,57.0,20.0,11.0,169.0,34.0,2.0,0.0,0.0,0.0
225,49,5,3442.0,3214.0,687.0,0.0,756.0,5645.0,273.472116954286,19077.67919999999,19351.15131695428,2898.0,25.0,7.0,147.0,57.0,20.0,11.0,169.0,34.0,2.0,0.0,0.0,0.0
225,50,5,3408.0,3116.0,685.0,0.0,739.0,5645.0,356.3161452463694,18433.860799999988,18790.176945246356,2898.0,25.0,7.0,147.0,57.0,20.0,11.0,169.0,34.0,2.0,0.0,0.0,0.0
225,51,5,3398.0,3181.0,667.0,0.0,783.0,5645.0,602.5298417094834,19496.247999999992,20098.777841709474,2898.0,25.0,7.0,147.0,57.0,20.0,11.0,169.0,34.0,2.0,0.0,0.0,0.0
225,52,5,3365.0,3137.0,632.0,0.0,728.0,5645.0,602.4288196632381,19379.615199999997,19982.044019663233,2898.0,25.0,7.0,147.0,57.0,20.0,11.0,169.0,34.0,2.0,0.0,0.0,0.0
225,53,5,3372.0,3160.0,673.0,0.0,803.0,5645.0,400.1359138396847,18300.928799999994,18701.064713839678,2898.0,25.0,7.0,147.0,57.0,20.0,11.0,169.0,34.0,2.0,0.0,0.0,0.0
225,54,5,3449.0,3183.0,677.0,0.0,774.0,5645.0,357.83172809970165,19830.581999999988,20188.413728099687,2898.0,25.0,7.0,147.0,57.0,20.0,11.0,169.0,34.0,2.0,0.0,0.0,0.0
225,55,5,3436.0,3198.0,662.0,0.0,774.0,5645.0,438.46269644623953,19738.73199999998,20177.194696446222,2898.0,25.0,7.0,147.0,57.0,20.0,11.0,169.0,34.0,2.0,0.0,0.0,0.0
225,56,5,3353.0,3133.0,652.0,0.0,774.0,5645.0,278.79197033788245,19375.139599999984,19653.931570337863,2898.0,25.0,7.0,147.0,57.0,20.0,11.0,169.0,34.0,2.0,0.0,0.0,0.0
225,57,5,3427.0,3212.0,645.0,0.0,763.0,5645.0,602.9781041930008,21255.29239999998,21858.27050419298,2898.0,25.0,7.0,147.0,57.0,20.0,11.0,169.0,34.0,2.0,0.0,0.0,0.0
225,58,5,3388.0,3099.0,664.0,0.0,808.0,5645.0,359.52070441580014,21200.18239999998,21559.703104415777,2898.0,25.0,7.0,147.0,57.0,20.0,11.0,169.0,34.0,2.0,0.0,0.0,0.0
225,59,5,3404.0,3099.0,688.0,0.0,775.0,5645.0,440.1831908145484,20263.045199999986,20703.228390814533,2898.0,25.0,7.0,147.0,57.0,20.0,11.0,169.0,34.0,2.0,0.0,0.0,0.0
225,60,6,3387.0,3158.0,642.0,0.0,747.0,5645.0,396.11354375603537,20516.751599999978,20912.86514375602,2898.0,25.0,7.0,147.0,57.0,20.0,11.0,169.0,34.0,2.0,0.0,0.0,0.0
225,61,6,3414.0,3196.0,639.0,0.0,750.0,5645.0,401.1765570121393,19887.69599999999,20288.87255701213,2898.0,25.0,7.0,147.0,57.0,20.0,11.0,169.0,34.0,2.0,0.0,0.0,0.0
225,62,6,3359.0,3116.0,636.0,0.0,743.0,5645.0,400.7913803648602,19797.515999999978,20198.30738036484,2898.0,25.0,7.0,147.0,57.0,20.0,11.0,169.0,34.0,2.0,0.0,0.0,0.0
225,63,6,3439.0,3139.0,692.0,0.0,766.0,5645.0,399.97521842856514,20228.643199999984,20628.618418428552,2898.0,25.0,7.0,147.0,57.0,20.0,11.0,169.0,34.0,2.0,0.0,0.0,0.0
225,64,6,3426.0,3216.0,677.0,0.0,815.0,5645.0,519.3752502739623,20313.011599999983,20832.386850273946,2898.0,25.0,7.0,147.0,57.0,20.0,11.0,169.0,34.0,2.0,0.0,0.0,0.0
225,65,6,3412.0,3102.0,711.0,0.0,750.0,5645.0,358.7182884868678,19483.489199999993,19842.20748848686,2898.0,25.0,7.0,147.0,57.0,20.0,11.0,169.0,34.0,2.0,0.0,0.0,0.0
225,66,6,3361.0,3133.0,700.0,0.0,810.0,5645.0,318.56771956592775,21887.019999999986,22205.587719565912,2898.0,25.0,7.0,147.0,57.0,20.0,11.0,169.0,34.0,2.0,0.0,0.0,0.0
225,67,6,3395.0,3199.0,675.0,0.0,743.0,5645.0,602.577820976896,19671.66479999998,20274.242620976875,2898.0,25.0,7.0,147.0,57.0,20.0,11.0,169.0,34.0,2.0,0.0,0.0,0.0
225,68,6,3394.0,3141.0,672.0,0.0,716.0,5645.0,235.38555150730332,19259.17479999999,19494.56035150729,2898.0,25.0,7.0,147.0,57.0,20.0,11.0,169.0,34.0,2.0,0.0,0.0,0.0
225,69,6,3378.0,3117.0,682.0,0.0,766.0,5645.0,398.502343222857,21357.963999999993,21756.466343222848,2898.0,25.0,7.0,147.0,57.0,20.0,11.0,169.0,34.0,2.0,0.0,0.0,0.0
225,70,6,3403.0,3172.0,720.0,0.0,830.0,5645.0,441.2370452173943,19957.568799999986,20398.80584521738,2898.0,25.0,7.0,147.0,57.0,20.0,11.0,169.0,34.0,2.0,0.0,0.0,0.0
225,71,6,3404.0,3134.0,665.0,0.0,746.0,5645.0,602.1195815750758,19945.21079999998,20547.330381575055,2898.0,25.0,7.0,147.0,57.0,20.0,11.0,169.0,34.0,2.0,0.0,0.0,0.0
225,72,7,3430.0,3158.0,700.0,0.0,744.0,5645.0,401.0058672996025,19221.499599999996,19622.505467299598,2898.0,25.0,7.0,147.0,57.0,20.0,11.0,169.0,34.0,2.0,0.0,0.0,0.0
225,73,7,3450.0,3225.0,671.0,0.0,771.0,5645.0,439.7276439565814,20103.326399999994,20543.054043956578,2898.0,25.0,7.0,147.0,57.0,20.0,11.0,169.0,34.0,2.0,0.0,0.0,0.0
225,74,7,3450.0,3155.0,711.0,0.0,773.0,5645.0,479.93860652344875,19435.393199999984,19915.331806523434,2898.0,25.0,7.0,147.0,57.0,20.0,11.0,169.0,34.0,2.0,0.0,0.0,0.0
225,75,7,3391.0,3162.0,677.0,0.0,740.0,5645.0,562.4878919934223,20463.37839999998,21025.866291993403,2898.0,25.0,7.0,147.0,57.0,20.0,11.0,169.0,34.0,2.0,0.0,0.0,0.0
225,76,7,3415.0,3136.0,647.0,0.0,699.0,5645.0,601.2842946853401,19086.69719999999,19687.981494685333,2898.0,25.0,7.0,147.0,57.0,20.0,11.0,169.0,34.0,2.0,0.0,0.0,0.0
225,77,7,3378.0,3186.0,645.0,0.0,721.0,5645.0,438.69867354435644,20150.019599999985,20588.718273544342,2898.0,25.0,7.0,147.0,57.0,20.0,11.0,169.0,34.0,2.0,0.0,0.0,0.0
225,78,7,3434.0,3172.0,667.0,0.0,800.0,5645.0,318.3252785710537,21530.708799999982,21849.034078571036,2898.0,25.0,7.0,147.0,57.0,20.0,11.0,169.0,34.0,2.0,0.0,0.0,0.0
225,79,7,3414.0,3101.0,718.0,0.0,751.0,5645.0,481.04481043336693,20281.882799999985,20762.927610433348,2898.0,25.0,7.0,147.0,57.0,20.0,11.0,169.0,34.0,2.0,0.0,0.0,0.0
225,80,7,3363.0,3146.0,698.0,0.0,805.0,5645.0,563.7330455186368,19854.02879999999,20417.761845518628,2898.0,25.0,7.0,147.0,57.0,20.0,11.0,169.0,34.0,2.0,0.0,0.0,0.0
225,81,7,3393.0,3183.0,632.0,0.0,748.0,5645.0,318.067344823594,20030.514399999985,20348.581744823576,2898.0,25.0,7.0,147.0,57.0,20.0,11.0,169.0,34.0,2.0,0.0,0.0,0.0
225,82,7,3415.0,3145.0,637.0,0.0,754.0,5645.0,399.9053567483465,19939.532799999986,20339.438156748332,2898.0,25.0,7.0,147.0,57.0,20.0,11.0,169.0,34.0,2.0,0.0,0.0,0.0
225,83,7,3436.0,3210.0,684.0,0.0,775.0,5645.0,113.33394133256799,19983.286799999983,20096.620741332554,2898.0,25.0,7.0,147.0,57.0,20.0,11.0,169.0,34.0,2.0,0.0,0.0,0.0
225,84,8,3456.0,3135.0,685.0,0.0,765.0,5645.0,481.0264272100268,21302.38639999999,21783.412827210017,2898.0,25.0,7.0,147.0,57.0,20.0,11.0,169.0,34.0,2.0,0.0,0.0,0.0
225,85,8,3379.0,3138.0,670.0,0.0,740.0,5645.0,805.695328087249,19377.744799999986,20183.440128087233,2898.0,25.0,7.0,147.0,57.0,20.0,11.0,169.0,34.0,2.0,0.0,0.0,0.0
225,86,8,3455.0,3177.0,668.0,0.0,722.0,5645.0,316.5580601097538,19515.619999999988,19832.17806010974,2898.0,25.0,7.0,147.0,57.0,20.0,11.0,169.0,34.0,2.0,0.0,0.0,0.0
225,87,8,3435.0,3148.0,684.0,0.0,774.0,5645.0,275.0690817922406,17693.649999999994,17968.71908179223,2898.0,25.0,7.0,147.0,57.0,20.0,11.0,169.0,34.0,2.0,0.0,0.0,0.0
225,88,8,3405.0,3121.0,700.0,0.0,752.0,5645.0,320.0418271341538,21317.81719999998,21637.85902713413,2898.0,25.0,7.0,147.0,57.0,20.0,11.0,169.0,34.0,2.0,0.0,0.0,0.0
225,89,8,3451.0,3207.0,657.0,0.0,722.0,5645.0,362.00671090268366,20756.49679999998,21118.503510902665,2898.0,25.0,7.0,147.0,57.0,20.0,11.0,169.0,34.0,2.0,0.0,0.0,0.0
225,90,8,3379.0,3140.0,693.0,0.0,765.0,5645.0,481.6316573390723,21326.634799999978,21808.266457339054,2898.0,25.0,7.0,147.0,57.0,20.0,11.0,169.0,34.0,2.0,0.0,0.0,0.0
225,91,8,3458.0,3195.0,691.0,0.0,792.0,5645.0,358.90736235446343,20811.940799999982,21170.848162354443,2898.0,25.0,7.0,147.0,57.0,20.0,11.0,169.0,34.0,2.0,0.0,0.0,0.0
225,92,8,3433.0,3220.0,706.0,0.0,776.0,5645.0,439.2671394502482,19522.96799999999,19962.235139450237,2898.0,25.0,7.0,147.0,57.0,20.0,11.0,169.0,34.0,2.0,0.0,0.0,0.0
225,93,8,3449.0,3138.0,691.0,0.0,724.0,5645.0,644.6225547857148,19760.77599999998,20405.398554785697,2898.0,25.0,7.0,147.0,57.0,20.0,11.0,169.0,34.0,2.0,0.0,0.0,0.0
225,94,8,3400.0,3151.0,682.0,0.0,784.0,5645.0,319.3748681596566,19584.156799999986,19903.53166815964,2898.0,25.0,7.0,147.0,57.0,20.0,11.0,169.0,34.0,2.0,0.0,0.0,0.0
225,95,8,3397.0,3132.0,681.0,0.0,792.0,5645.0,316.9863450477053,18339.405599999995,18656.3919450477,2898.0,25.0,7.0,147.0,57.0,20.0,11.0,169.0,34.0,2.0,0.0,0.0,0.0
225,96,9,3433.0,3162.0,664.0,0.0,776.0,5645.0,685.2628836450933,18713.75279999998,19399.015683645077,2898.0,25.0,7.0,147.0,57.0,20.0,11.0,169.0,34.0,2.0,0.0,0.0,0.0
225,97,9,3298.0,3113.0,665.0,0.0,786.0,5645.0,277.9434658075775,19729.446799999987,20007.390265807564,2898.0,25.0,7.0,147.0,57.0,20.0,11.0,169.0,34.0,2.0,0.0,0.0,0.0
225,98,9,3405.0,3166.0,662.0,0.0,674.0,5645.0,234.49628353817695,20140.19999999999,20374.696283538164,2898.0,25.0,7.0,147.0,57.0,20.0,11.0,169.0,34.0,2.0,0.0,0.0,0.0
225,99,9,3413.0,3163.0,663.0,0.0,739.0,5645.0,600.1362623958056,19053.69799999999,19653.834262395794,2898.0,25.0,7.0,147.0,57.0,20.0,11.0,169.0,34.0,2.0,0.0,0.0,0.0
225,100,9,3367.0,3124.0,697.0,0.0,760.0,5645.0,277.4175738184181,19066.38999999999,19343.80757381841,2898.0,25.0,7.0,147.0,57.0,20.0,11.0,169.0,34.0,2.0,0.0,0.0,0.0
225,101,9,3395.0,3134.0,709.0,0.0,783.0,5645.0,276.41999870970665,19786.62759999998,20063.047598709687,2898.0,25.0,7.0,147.0,57.0,20.0,11.0,169.0,34.0,2.0,0.0,0.0,0.0
225,102,9,3442.0,3149.0,695.0,0.0,794.0,5645.0,521.0700736677593,18072.138799999993,18593.208873667754,2898.0,25.0,7.0,147.0,57.0,20.0,11.0,169.0,34.0,2.0,0.0,0.0,0.0
225,103,9,3360.0,3143.0,622.0,0.0,669.0,5645.0,357.30405893179994,20863.510399999974,21220.81445893177,2898.0,25.0,7.0,147.0,57.0,20.0,11.0,169.0,34.0,2.0,0.0,0.0,0.0
225,104,9,3400.0,3161.0,662.0,0.0,775.0,5645.0,848.9391187226462,20470.325599999982,21319.26471872263,2898.0,25.0,7.0,147.0,57.0,20.0,11.0,169.0,34.0,2.0,0.0,0.0,0.0
225,105,9,3342.0,3174.0,616.0,0.0,778.0,5645.0,317.8998564788167,19990.63479999998,20308.534656478798,2898.0,25.0,7.0,147.0,57.0,20.0,11.0,169.0,34.0,2.0,0.0,0.0,0.0
225,106,9,3393.0,3115.0,672.0,0.0,775.0,5645.0,399.7587708341995,19847.68279999998,20247.441570834177,2898.0,25.0,7.0,147.0,57.0,20.0,11.0,169.0,34.0,2.0,0.0,0.0,0.0
225,107,9,3370.0,3155.0,656.0,0.0,732.0,5645.0,278.7978080049315,19567.657199999987,19846.455008004916,2898.0,25.0,7.0,147.0,57.0,20.0,11.0,169.0,34.0,2.0,0.0,0.0,0.0
225,108,10,3399.0,3189.0,632.0,0.0,712.0,5645.0,355.5212003697643,21305.59279999998,21661.114000369744,2898.0,25.0,7.0,147.0,57.0,20.0,11.0,169.0,34.0,2.0,0.0,0.0,0.0
225,109,10,3426.0,3199.0,665.0,0.0,739.0,5645.0,357.02397604381633,19841.06959999999,20198.093576043808,2898.0,25.0,7.0,147.0,57.0,20.0,11.0,169.0,34.0,2.0,0.0,0.0,0.0
225,110,10,3422.0,3167.0,711.0,0.0,752.0,5645.0,195.32341836536358,18926.17679999998,19121.50021836534,2898.0,25.0,7.0,147.0,57.0,20.0,11.0,169.0,34.0,2.0,0.0,0.0,0.0
225,111,10,3467.0,3172.0,698.0,0.0,791.0,5645.0,480.9375815608289,20348.148399999987,20829.085981560813,2898.0,25.0,7.0,147.0,57.0,20.0,11.0,169.0,34.0,2.0,0.0,0.0,0.0
225,112,10,3424.0,3138.0,695.0,0.0,735.0,5645.0,359.02901912344726,20501.654799999975,20860.683819123424,2898.0,25.0,7.0,147.0,57.0,20.0,11.0,169.0,34.0,2.0,0.0,0.0,0.0
225,113,10,3449.0,3192.0,679.0,0.0,752.0,5645.0,399.20295402246904,20192.237199999974,20591.440154022446,2898.0,25.0,7.0,147.0,57.0,20.0,11.0,169.0,34.0,2.0,0.0,0.0,0.0
225,114,10,3461.0,3156.0,715.0,0.0,790.0,5645.0,396.3284019283986,21266.78199999999,21663.11040192839,2898.0,25.0,7.0,147.0,57.0,20.0,11.0,169.0,34.0,2.0,0.0,0.0,0.0
225,115,10,3358.0,3209.0,638.0,0.0,733.0,5645.0,236.42743645555734,19193.911199999995,19430.33863645555,2898.0,25.0,7.0,147.0,57.0,20.0,11.0,169.0,34.0,2.0,0.0,0.0,0.0
225,116,10,3343.0,3122.0,634.0,0.0,712.0,5645.0,318.29604996734486,20038.66399999998,20356.960049967325,2898.0,25.0,7.0,147.0,57.0,20.0,11.0,169.0,34.0,2.0,0.0,0.0,0.0
225,117,10,3423.0,3199.0,655.0,0.0,744.0,5645.0,399.4567228241881,19957.368399999985,20356.825122824175,2898.0,25.0,7.0,147.0,57.0,20.0,11.0,169.0,34.0,2.0,0.0,0.0,0.0
225,118,10,3390.0,3154.0,671.0,0.0,772.0,5645.0,439.00489771435093,22532.842399999972,22971.847297714325,2898.0,25.0,7.0,147.0,57.0,20.0,11.0,169.0,34.0,2.0,0.0,0.0,0.0
225,119,10,3378.0,3156.0,661.0,0.0,746.0,5645.0,481.66087687182755,21645.203999999987,22126.864876871816,2898.0,25.0,7.0,147.0,57.0,20.0,11.0,169.0,34.0,2.0,0.0,0.0,0.0
226,0,1,3326.0,3025.0,709.0,0.0,754.0,5645.0,398.2954430393655,19318.359599999985,19716.65504303935,2898.0,25.0,7.0,147.0,57.0,20.0,11.0,169.0,34.0,2.0,0.0,0.0,0.0
226,1,1,3278.0,3090.0,680.0,0.0,754.0,5645.0,279.04472520315545,19258.10599999999,19537.150725203144,2898.0,25.0,7.0,147.0,57.0,20.0,11.0,169.0,34.0,2.0,0.0,0.0,0.0
226,2,1,3265.0,3087.0,648.0,0.0,792.0,5645.0,440.94185143509696,19861.17639999997,20302.11825143507,2898.0,25.0,7.0,147.0,57.0,20.0,11.0,169.0,34.0,2.0,0.0,0.0,0.0
226,3,1,3263.0,3016.0,697.0,0.0,799.0,5645.0,399.36725995447335,18417.695199999976,18817.062459954454,2898.0,25.0,7.0,147.0,57.0,20.0,11.0,169.0,34.0,2.0,0.0,0.0,0.0
226,4,1,3259.0,3092.0,674.0,0.0,772.0,5645.0,479.50906460235,20178.94399999998,20658.45306460233,2898.0,25.0,7.0,147.0,57.0,20.0,11.0,169.0,34.0,2.0,0.0,0.0,0.0
226,5,1,3332.0,3096.0,686.0,0.0,772.0,5645.0,561.9495975513514,17879.621199999987,18441.57079755134,2898.0,25.0,7.0,147.0,57.0,20.0,11.0,169.0,34.0,2.0,0.0,0.0,0.0
226,6,1,3281.0,3108.0,638.0,0.0,758.0,5645.0,602.2614229647338,18838.33479999999,19440.596222964727,2898.0,25.0,7.0,147.0,57.0,20.0,11.0,169.0,34.0,2.0,0.0,0.0,0.0
226,7,1,3248.0,3025.0,671.0,0.0,792.0,5645.0,358.35685442761155,20309.87199999997,20668.228854427583,2898.0,25.0,7.0,147.0,57.0,20.0,11.0,169.0,34.0,2.0,0.0,0.0,0.0
226,8,1,3348.0,3083.0,682.0,0.0,742.0,5645.0,276.45982481831334,18018.56519999998,18295.025024818297,2898.0,25.0,7.0,147.0,57.0,20.0,11.0,169.0,34.0,2.0,0.0,0.0,0.0
226,9,1,3368.0,3161.0,635.0,0.0,764.0,5645.0,521.5409100823847,17765.19279999999,18286.733710082375,2898.0,25.0,7.0,147.0,57.0,20.0,11.0,169.0,34.0,2.0,0.0,0.0,0.0
226,10,1,3275.0,3062.0,694.0,0.0,783.0,5645.0,319.36237980846397,19623.101199999976,19942.463579808442,2898.0,25.0,7.0,147.0,57.0,20.0,11.0,169.0,34.0,2.0,0.0,0.0,0.0
226,11,1,3330.0,3104.0,688.0,0.0,744.0,5645.0,480.41535303235963,18938.93559999999,19419.35095303235,2898.0,25.0,7.0,147.0,57.0,20.0,11.0,169.0,34.0,2.0,0.0,0.0,0.0
226,12,2,3217.0,3009.0,690.0,0.0,751.0,5645.0,318.0659025128924,19900.588399999982,20218.654302512878,2898.0,25.0,7.0,147.0,57.0,20.0,11.0,169.0,34.0,2.0,0.0,0.0,0.0
226,13,2,3202.0,3069.0,659.0,0.0,766.0,5645.0,479.07709774719257,19298.45319999999,19777.53029774718,2898.0,25.0,7.0,147.0,57.0,20.0,11.0,169.0,34.0,2.0,0.0,0.0,0.0
226,14,2,3277.0,3049.0,703.0,0.0,734.0,5645.0,520.2840690572339,18016.49439999999,18536.778469057226,2898.0,25.0,7.0,147.0,57.0,20.0,11.0,169.0,34.0,2.0,0.0,0.0,0.0
226,15,2,3231.0,3020.0,661.0,0.0,749.0,5645.0,235.27576928813576,19242.341199999988,19477.616969288123,2898.0,25.0,7.0,147.0,57.0,20.0,11.0,169.0,34.0,2.0,0.0,0.0,0.0
226,16,2,3284.0,3072.0,657.0,0.0,747.0,5645.0,357.88713904552935,17943.481999999985,18301.369139045517,2898.0,25.0,7.0,147.0,57.0,20.0,11.0,169.0,34.0,2.0,0.0,0.0,0.0
226,17,2,3238.0,3100.0,658.0,0.0,780.0,5645.0,277.268194605163,19101.39319999999,19378.661394605155,2898.0,25.0,7.0,147.0,57.0,20.0,11.0,169.0,34.0,2.0,0.0,0.0,0.0
226,18,2,3175.0,2990.0,670.0,0.0,753.0,5645.0,316.24767634490627,18433.66039999998,18749.908076344887,2898.0,25.0,7.0,147.0,57.0,20.0,11.0,169.0,34.0,2.0,0.0,0.0,0.0
226,19,2,3220.0,3002.0,689.0,0.0,728.0,5645.0,316.4935179420221,19446.415199999974,19762.908717942,2898.0,25.0,7.0,147.0,57.0,20.0,11.0,169.0,34.0,2.0,0.0,0.0,0.0
226,20,2,3235.0,3053.0,643.0,0.0,737.0,5645.0,358.6695766347664,19655.89999999999,20014.569576634756,2898.0,25.0,7.0,147.0,57.0,20.0,11.0,169.0,34.0,2.0,0.0,0.0,0.0
226,21,2,3260.0,3091.0,657.0,0.0,789.0,5645.0,275.3014819520343,18408.677199999995,18683.978681952027,2898.0,25.0,7.0,147.0,57.0,20.0,11.0,169.0,34.0,2.0,0.0,0.0,0.0
226,22,2,3312.0,3016.0,763.0,0.0,761.0,5645.0,276.435398159352,18369.331999999988,18645.76739815934,2898.0,25.0,7.0,147.0,57.0,20.0,11.0,169.0,34.0,2.0,0.0,0.0,0.0
226,23,2,3271.0,3086.0,660.0,0.0,793.0,5645.0,358.1734769707122,19170.063599999976,19528.23707697069,2898.0,25.0,7.0,147.0,57.0,20.0,11.0,169.0,34.0,2.0,0.0,0.0,0.0
226,24,3,3309.0,3019.0,701.0,0.0,760.0,5645.0,355.6621124679221,18033.461599999988,18389.12371246791,2898.0,25.0,7.0,147.0,57.0,20.0,11.0,169.0,34.0,2.0,0.0,0.0,0.0
226,25,3,3199.0,3068.0,651.0,0.0,755.0,5645.0,356.4935585738186,18613.953599999986,18970.447158573803,2898.0,25.0,7.0,147.0,57.0,20.0,11.0,169.0,34.0,2.0,0.0,0.0,0.0
226,26,3,3286.0,3133.0,656.0,0.0,815.0,5645.0,396.2060446563402,19100.858799999984,19497.06484465633,2898.0,25.0,7.0,147.0,57.0,20.0,11.0,169.0,34.0,2.0,0.0,0.0,0.0
226,27,3,3257.0,3062.0,678.0,0.0,708.0,5645.0,398.3333600806112,18492.444399999982,18890.777760080593,2898.0,25.0,7.0,147.0,57.0,20.0,11.0,169.0,34.0,2.0,0.0,0.0,0.0
226,28,3,3245.0,3004.0,684.0,0.0,756.0,5645.0,357.96728373061404,18430.11999999999,18788.0872837306,2898.0,25.0,7.0,147.0,57.0,20.0,11.0,169.0,34.0,2.0,0.0,0.0,0.0
226,29,3,3227.0,3070.0,666.0,0.0,771.0,5645.0,400.427138313642,19214.35199999998,19614.779138313625,2898.0,25.0,7.0,147.0,57.0,20.0,11.0,169.0,34.0,2.0,0.0,0.0,0.0
226,30,3,3227.0,3032.0,714.0,0.0,740.0,5645.0,317.1991929114158,18896.985199999985,19214.184392911404,2898.0,25.0,7.0,147.0,57.0,20.0,11.0,169.0,34.0,2.0,0.0,0.0,0.0
226,31,3,3340.0,3095.0,718.0,0.0,750.0,5645.0,395.82109572721834,18174.47639999998,18570.2974957272,2898.0,25.0,7.0,147.0,57.0,20.0,11.0,169.0,34.0,2.0,0.0,0.0,0.0
226,32,3,3320.0,3090.0,713.0,0.0,777.0,5645.0,316.1841138099519,18835.66279999998,19151.84691380993,2898.0,25.0,7.0,147.0,57.0,20.0,11.0,169.0,34.0,2.0,0.0,0.0,0.0
226,33,3,3283.0,3149.0,606.0,0.0,719.0,5645.0,520.075254518875,19351.893199999988,19871.968454518865,2898.0,25.0,7.0,147.0,57.0,20.0,11.0,169.0,34.0,2.0,0.0,0.0,0.0
226,34,3,3323.0,3070.0,722.0,0.0,784.0,5645.0,397.00246956317017,17825.913999999982,18222.91646956315,2898.0,25.0,7.0,147.0,57.0,20.0,11.0,169.0,34.0,2.0,0.0,0.0,0.0
226,35,3,3206.0,2949.0,689.0,0.0,734.0,5645.0,683.3092805972295,19109.008399999984,19792.317680597214,2898.0,25.0,7.0,147.0,57.0,20.0,11.0,169.0,34.0,2.0,0.0,0.0,0.0
226,36,4,3292.0,3140.0,671.0,0.0,747.0,5645.0,440.0048771523318,18572.270399999983,19012.275277152316,2898.0,25.0,7.0,147.0,57.0,20.0,11.0,169.0,34.0,2.0,0.0,0.0,0.0
226,37,4,3250.0,3103.0,691.0,0.0,778.0,5645.0,520.3850066489218,18128.98559999999,18649.37060664891,2898.0,25.0,7.0,147.0,57.0,20.0,11.0,169.0,34.0,2.0,0.0,0.0,0.0
226,38,4,3275.0,3084.0,704.0,0.0,756.0,5645.0,398.6292095712482,18215.95919999999,18614.58840957124,2898.0,25.0,7.0,147.0,57.0,20.0,11.0,169.0,34.0,2.0,0.0,0.0,0.0
226,39,4,3251.0,3088.0,698.0,0.0,786.0,5645.0,561.5084417366774,18346.887199999997,18908.395641736675,2898.0,25.0,7.0,147.0,57.0,20.0,11.0,169.0,34.0,2.0,0.0,0.0,0.0
226,40,4,3303.0,3091.0,680.0,0.0,786.0,5645.0,560.7420424408629,18781.75519999998,19342.497242440844,2898.0,25.0,7.0,147.0,57.0,20.0,11.0,169.0,34.0,2.0,0.0,0.0,0.0
226,41,4,3220.0,3054.0,667.0,0.0,750.0,5645.0,519.6222372876948,19001.259999999984,19520.88223728768,2898.0,25.0,7.0,147.0,57.0,20.0,11.0,169.0,34.0,2.0,0.0,0.0,0.0
226,42,4,3300.0,3130.0,698.0,0.0,796.0,5645.0,237.51127096882664,19254.96639999999,19492.477670968812,2898.0,25.0,7.0,147.0,57.0,20.0,11.0,169.0,34.0,2.0,0.0,0.0,0.0
226,43,4,3285.0,3068.0,679.0,0.0,766.0,5645.0,316.44121536372177,18533.459599999987,18849.90081536371,2898.0,25.0,7.0,147.0,57.0,20.0,11.0,169.0,34.0,2.0,0.0,0.0,0.0
226,44,4,3271.0,3037.0,691.0,0.0,788.0,5645.0,520.558830937537,17599.328399999977,18119.887230937515,2898.0,25.0,7.0,147.0,57.0,20.0,11.0,169.0,34.0,2.0,0.0,0.0,0.0
226,45,4,3290.0,3064.0,669.0,0.0,799.0,5645.0,558.9219122730079,19066.18959999998,19625.111512272986,2898.0,25.0,7.0,147.0,57.0,20.0,11.0,169.0,34.0,2.0,0.0,0.0,0.0
226,46,4,3248.0,3074.0,704.0,0.0,790.0,5645.0,603.3175937378805,19395.112799999977,19998.430393737857,2898.0,25.0,7.0,147.0,57.0,20.0,11.0,169.0,34.0,2.0,0.0,0.0,0.0
226,47,4,3275.0,2981.0,680.0,0.0,741.0,5645.0,275.37392649615595,19003.33079999999,19278.704726496144,2898.0,25.0,7.0,147.0,57.0,20.0,11.0,169.0,34.0,2.0,0.0,0.0,0.0
226,48,5,3304.0,3140.0,670.0,0.0,757.0,5645.0,315.9620007513716,19173.67079999999,19489.632800751362,2898.0,25.0,7.0,147.0,57.0,20.0,11.0,169.0,34.0,2.0,0.0,0.0,0.0
226,49,5,3271.0,3031.0,681.0,0.0,732.0,5645.0,355.5417598460534,17672.941999999985,18028.483759846036,2898.0,25.0,7.0,147.0,57.0,20.0,11.0,169.0,34.0,2.0,0.0,0.0,0.0
226,50,5,3253.0,3084.0,671.0,0.0,790.0,5645.0,602.0780224230384,18394.38199999999,18996.460022423027,2898.0,25.0,7.0,147.0,57.0,20.0,11.0,169.0,34.0,2.0,0.0,0.0,0.0
226,51,5,3227.0,2998.0,681.0,0.0,756.0,5645.0,317.5135016342158,18109.14599999999,18426.659501634207,2898.0,25.0,7.0,147.0,57.0,20.0,11.0,169.0,34.0,2.0,0.0,0.0,0.0
226,52,5,3221.0,3063.0,668.0,0.0,791.0,5645.0,399.95957374016785,17386.57039999999,17786.52997374016,2898.0,25.0,7.0,147.0,57.0,20.0,11.0,169.0,34.0,2.0,0.0,0.0,0.0
226,53,5,3297.0,3079.0,691.0,0.0,798.0,5645.0,316.0812813719857,18373.540399999987,18689.62168137197,2898.0,25.0,7.0,147.0,57.0,20.0,11.0,169.0,34.0,2.0,0.0,0.0,0.0
226,54,5,3299.0,3101.0,655.0,0.0,759.0,5645.0,601.0357171846819,19037.866399999974,19638.902117184658,2898.0,25.0,7.0,147.0,57.0,20.0,11.0,169.0,34.0,2.0,0.0,0.0,0.0
226,55,5,3203.0,3029.0,659.0,0.0,781.0,5645.0,277.8520022240033,17349.897199999985,17627.749202223986,2898.0,25.0,7.0,147.0,57.0,20.0,11.0,169.0,34.0,2.0,0.0,0.0,0.0
226,56,5,3304.0,3125.0,646.0,0.0,762.0,5645.0,561.1359492848877,19158.507199999975,19719.643149284864,2898.0,25.0,7.0,147.0,57.0,20.0,11.0,169.0,34.0,2.0,0.0,0.0,0.0
226,57,5,3263.0,2997.0,675.0,0.0,800.0,5645.0,521.0886534240514,20201.188399999985,20722.277053424037,2898.0,25.0,7.0,147.0,57.0,20.0,11.0,169.0,34.0,2.0,0.0,0.0,0.0
226,58,5,3267.0,3017.0,692.0,0.0,777.0,5645.0,521.193143806882,18898.454799999985,19419.647943806867,2898.0,25.0,7.0,147.0,57.0,20.0,11.0,169.0,34.0,2.0,0.0,0.0,0.0
226,59,5,3258.0,3064.0,658.0,0.0,742.0,5645.0,355.1788925071835,18925.30839999998,19280.48729250716,2898.0,25.0,7.0,147.0,57.0,20.0,11.0,169.0,34.0,2.0,0.0,0.0,0.0
226,60,6,3285.0,3095.0,663.0,0.0,768.0,5645.0,399.66281911241884,18566.458799999986,18966.121619112404,2898.0,25.0,7.0,147.0,57.0,20.0,11.0,169.0,34.0,2.0,0.0,0.0,0.0
226,61,6,3221.0,3037.0,637.0,0.0,749.0,5645.0,440.3367517248041,19347.016799999976,19787.35355172478,2898.0,25.0,7.0,147.0,57.0,20.0,11.0,169.0,34.0,2.0,0.0,0.0,0.0
226,62,6,3308.0,3049.0,698.0,0.0,759.0,5645.0,277.02007636335446,18414.28839999998,18691.308476363338,2898.0,25.0,7.0,147.0,57.0,20.0,11.0,169.0,34.0,2.0,0.0,0.0,0.0
226,63,6,3289.0,3121.0,681.0,0.0,818.0,5645.0,560.6003019120718,19174.739599999986,19735.339901912055,2898.0,25.0,7.0,147.0,57.0,20.0,11.0,169.0,34.0,2.0,0.0,0.0,0.0
226,64,6,3258.0,2976.0,738.0,0.0,752.0,5645.0,684.6220958439461,18715.623199999995,19400.24529584394,2898.0,25.0,7.0,147.0,57.0,20.0,11.0,169.0,34.0,2.0,0.0,0.0,0.0
226,65,6,3246.0,3056.0,701.0,0.0,796.0,5645.0,397.6896028671701,20529.042799999977,20926.73240286715,2898.0,25.0,7.0,147.0,57.0,20.0,11.0,169.0,34.0,2.0,0.0,0.0,0.0
226,66,6,3268.0,3094.0,694.0,0.0,746.0,5645.0,560.8946261371478,18391.175599999977,18952.070226137126,2898.0,25.0,7.0,147.0,57.0,20.0,11.0,169.0,34.0,2.0,0.0,0.0,0.0
226,67,6,3265.0,3048.0,680.0,0.0,716.0,5645.0,233.1613840293363,18198.591199999988,18431.75258402932,2898.0,25.0,7.0,147.0,57.0,20.0,11.0,169.0,34.0,2.0,0.0,0.0,0.0
226,68,6,3259.0,3018.0,701.0,0.0,766.0,5645.0,397.87565915123747,20347.28,20745.15565915123,2898.0,25.0,7.0,147.0,57.0,20.0,11.0,169.0,34.0,2.0,0.0,0.0,0.0
226,69,6,3294.0,3106.0,707.0,0.0,812.0,5645.0,398.6752036191846,19174.873199999984,19573.54840361917,2898.0,25.0,7.0,147.0,57.0,20.0,11.0,169.0,34.0,2.0,0.0,0.0,0.0
226,70,6,3288.0,3052.0,684.0,0.0,755.0,5645.0,643.4633425058463,17517.76559999998,18161.228942505826,2898.0,25.0,7.0,147.0,57.0,20.0,11.0,169.0,34.0,2.0,0.0,0.0,0.0
226,71,6,3302.0,3065.0,710.0,0.0,753.0,5645.0,318.7581667385646,18630.720399999987,18949.47856673855,2898.0,25.0,7.0,147.0,57.0,20.0,11.0,169.0,34.0,2.0,0.0,0.0,0.0
226,72,7,3284.0,3078.0,699.0,0.0,776.0,5645.0,318.4691132897028,18378.75079999999,18697.219913289693,2898.0,25.0,7.0,147.0,57.0,20.0,11.0,169.0,34.0,2.0,0.0,0.0,0.0
226,73,7,3303.0,3051.0,722.0,0.0,766.0,5645.0,479.33894944240706,17946.153999999984,18425.49294944239,2898.0,25.0,7.0,147.0,57.0,20.0,11.0,169.0,34.0,2.0,0.0,0.0,0.0
226,74,7,3262.0,3053.0,697.0,0.0,760.0,5645.0,602.3612072876574,19142.40839999998,19744.769607287635,2898.0,25.0,7.0,147.0,57.0,20.0,11.0,169.0,34.0,2.0,0.0,0.0,0.0
226,75,7,3282.0,3045.0,651.0,0.0,704.0,5645.0,480.2557251220702,18836.13039999999,19316.386125122062,2898.0,25.0,7.0,147.0,57.0,20.0,11.0,169.0,34.0,2.0,0.0,0.0,0.0
226,76,7,3244.0,3077.0,669.0,0.0,735.0,5645.0,438.34344962419306,18534.52839999999,18972.87184962418,2898.0,25.0,7.0,147.0,57.0,20.0,11.0,169.0,34.0,2.0,0.0,0.0,0.0
226,77,7,3279.0,3056.0,682.0,0.0,808.0,5645.0,236.06956617188197,19982.351599999976,20218.42116617186,2898.0,25.0,7.0,147.0,57.0,20.0,11.0,169.0,34.0,2.0,0.0,0.0,0.0
226,78,7,3279.0,3012.0,715.0,0.0,734.0,5645.0,399.0847451172632,19452.360399999983,19851.445145117243,2898.0,25.0,7.0,147.0,57.0,20.0,11.0,169.0,34.0,2.0,0.0,0.0,0.0
226,79,7,3238.0,3052.0,707.0,0.0,804.0,5645.0,562.8118611710902,17949.694399999993,18512.506261171082,2898.0,25.0,7.0,147.0,57.0,20.0,11.0,169.0,34.0,2.0,0.0,0.0,0.0
226,80,7,3262.0,3053.0,676.0,0.0,808.0,5645.0,319.14227574649647,19403.997199999983,19723.139475746484,2898.0,25.0,7.0,147.0,57.0,20.0,11.0,169.0,34.0,2.0,0.0,0.0,0.0
226,81,7,3287.0,3061.0,650.0,0.0,723.0,5645.0,438.7445504444771,18119.767199999987,18558.51175044446,2898.0,25.0,7.0,147.0,57.0,20.0,11.0,169.0,34.0,2.0,0.0,0.0,0.0
226,82,7,3301.0,3108.0,693.0,0.0,795.0,5645.0,113.11507894594227,17932.660399999986,18045.77547894593,2898.0,25.0,7.0,147.0,57.0,20.0,11.0,169.0,34.0,2.0,0.0,0.0,0.0
226,83,7,3325.0,3049.0,688.0,0.0,776.0,5645.0,358.82605791073854,20541.333999999988,20900.160057910725,2898.0,25.0,7.0,147.0,57.0,20.0,11.0,169.0,34.0,2.0,0.0,0.0,0.0
226,84,8,3228.0,3036.0,673.0,0.0,758.0,5645.0,724.0037676851704,18125.511999999988,18849.515767685156,2898.0,25.0,7.0,147.0,57.0,20.0,11.0,169.0,34.0,2.0,0.0,0.0,0.0
226,85,8,3312.0,3092.0,656.0,0.0,734.0,5645.0,356.750293351167,18145.284799999983,18502.03509335115,2898.0,25.0,7.0,147.0,57.0,20.0,11.0,169.0,34.0,2.0,0.0,0.0,0.0
226,86,8,3301.0,3074.0,676.0,0.0,751.0,5645.0,315.0499456936265,17049.430799999987,17364.480745693614,2898.0,25.0,7.0,147.0,57.0,20.0,11.0,169.0,34.0,2.0,0.0,0.0,0.0
226,87,8,3288.0,3031.0,719.0,0.0,778.0,5645.0,279.1697009169684,19996.98079999998,20276.15050091695,2898.0,25.0,7.0,147.0,57.0,20.0,11.0,169.0,34.0,2.0,0.0,0.0,0.0
226,88,8,3321.0,3118.0,660.0,0.0,706.0,5645.0,561.428514674289,20543.805599999974,21105.234114674262,2898.0,25.0,7.0,147.0,57.0,20.0,11.0,169.0,34.0,2.0,0.0,0.0,0.0
226,89,8,3255.0,3066.0,688.0,0.0,765.0,5645.0,439.9252128349757,19714.48359999998,20154.408812834958,2898.0,25.0,7.0,147.0,57.0,20.0,11.0,169.0,34.0,2.0,0.0,0.0,0.0
226,90,8,3320.0,3103.0,700.0,0.0,791.0,5645.0,317.2525965264305,19603.662399999983,19920.914996526408,2898.0,25.0,7.0,147.0,57.0,20.0,11.0,169.0,34.0,2.0,0.0,0.0,0.0
226,91,8,3307.0,3122.0,724.0,0.0,794.0,5645.0,398.2574038883478,18543.54639999999,18941.803803888335,2898.0,25.0,7.0,147.0,57.0,20.0,11.0,169.0,34.0,2.0,0.0,0.0,0.0
226,92,8,3324.0,3054.0,703.0,0.0,737.0,5645.0,520.5399930055178,18698.522399999987,19219.062393005504,2898.0,25.0,7.0,147.0,57.0,20.0,11.0,169.0,34.0,2.0,0.0,0.0,0.0
226,93,8,3241.0,3040.0,695.0,0.0,799.0,5645.0,236.55027202693572,18499.191199999983,18735.74147202692,2898.0,25.0,7.0,147.0,57.0,20.0,11.0,169.0,34.0,2.0,0.0,0.0,0.0
226,94,8,3268.0,3033.0,689.0,0.0,793.0,5645.0,236.03549816938295,17859.64799999999,18095.683498169376,2898.0,25.0,7.0,147.0,57.0,20.0,11.0,169.0,34.0,2.0,0.0,0.0,0.0
226,95,8,3290.0,3055.0,677.0,0.0,793.0,5645.0,563.62222724662,17498.126399999986,18061.748627246605,2898.0,25.0,7.0,147.0,57.0,20.0,11.0,169.0,34.0,2.0,0.0,0.0,0.0
226,96,9,3167.0,3025.0,680.0,0.0,801.0,5645.0,277.1206990004374,19495.513199999987,19772.633899000422,2898.0,25.0,7.0,147.0,57.0,20.0,11.0,169.0,34.0,2.0,0.0,0.0,0.0
226,97,9,3262.0,3023.0,710.0,0.0,716.0,5645.0,396.3269520558667,18984.092399999987,19380.419352055855,2898.0,25.0,7.0,147.0,57.0,20.0,11.0,169.0,34.0,2.0,0.0,0.0,0.0
226,98,9,3282.0,3070.0,673.0,0.0,742.0,5645.0,519.4154367240536,18240.47479999998,18759.890236724037,2898.0,25.0,7.0,147.0,57.0,20.0,11.0,169.0,34.0,2.0,0.0,0.0,0.0
226,99,9,3236.0,3030.0,699.0,0.0,757.0,5645.0,398.64261551054926,16868.068799999986,17266.711415510534,2898.0,25.0,7.0,147.0,57.0,20.0,11.0,169.0,34.0,2.0,0.0,0.0,0.0
226,100,9,3268.0,3050.0,710.0,0.0,785.0,5645.0,234.4237919386867,18333.794399999988,18568.218191938675,2898.0,25.0,7.0,147.0,57.0,20.0,11.0,169.0,34.0,2.0,0.0,0.0,0.0
226,101,9,3309.0,3055.0,699.0,0.0,782.0,5645.0,520.5059719761896,17345.95599999999,17866.46197197618,2898.0,25.0,7.0,147.0,57.0,20.0,11.0,169.0,34.0,2.0,0.0,0.0,0.0
226,102,9,3235.0,3066.0,628.0,0.0,663.0,5645.0,357.41755621418196,19367.858399999976,19725.27595621416,2898.0,25.0,7.0,147.0,57.0,20.0,11.0,169.0,34.0,2.0,0.0,0.0,0.0
226,103,9,3261.0,3079.0,662.0,0.0,775.0,5645.0,847.4234383563637,19239.802799999987,20087.22623835635,2898.0,25.0,7.0,147.0,57.0,20.0,11.0,169.0,34.0,2.0,0.0,0.0,0.0
226,104,9,3218.0,3078.0,631.0,0.0,764.0,5645.0,641.1650319598465,17400.331199999986,18041.496231959834,2898.0,25.0,7.0,147.0,57.0,20.0,11.0,169.0,34.0,2.0,0.0,0.0,0.0
226,105,9,3288.0,3040.0,681.0,0.0,775.0,5645.0,480.6448279243689,18355.237199999974,18835.882027924345,2898.0,25.0,7.0,147.0,57.0,20.0,11.0,169.0,34.0,2.0,0.0,0.0,0.0
226,106,9,3228.0,3052.0,663.0,0.0,745.0,5645.0,154.64286214973026,18899.590399999994,19054.233262149723,2898.0,25.0,7.0,147.0,57.0,20.0,11.0,169.0,34.0,2.0,0.0,0.0,0.0
226,107,9,3290.0,3095.0,652.0,0.0,717.0,5645.0,520.4604404519102,19871.12959999998,20391.59004045189,2898.0,25.0,7.0,147.0,57.0,20.0,11.0,169.0,34.0,2.0,0.0,0.0,0.0
226,108,10,3293.0,3085.0,686.0,0.0,765.0,5645.0,235.05714579641634,18804.400399999995,19039.45754579641,2898.0,25.0,7.0,147.0,57.0,20.0,11.0,169.0,34.0,2.0,0.0,0.0,0.0
226,109,10,3296.0,3084.0,708.0,0.0,743.0,5645.0,234.35102247599787,17657.577999999987,17891.929022475982,2898.0,25.0,7.0,147.0,57.0,20.0,11.0,169.0,34.0,2.0,0.0,0.0,0.0
226,110,10,3351.0,3097.0,701.0,0.0,787.0,5645.0,398.58296213791607,19466.855999999985,19865.4389621379,2898.0,25.0,7.0,147.0,57.0,20.0,11.0,169.0,34.0,2.0,0.0,0.0,0.0
226,111,10,3281.0,3068.0,678.0,0.0,702.0,5645.0,439.49698458955146,18805.068399999982,19244.565384589536,2898.0,25.0,7.0,147.0,57.0,20.0,11.0,169.0,34.0,2.0,0.0,0.0,0.0
226,112,10,3313.0,3087.0,694.0,0.0,772.0,5645.0,357.48479087069535,18143.68159999999,18501.166390870683,2898.0,25.0,7.0,147.0,57.0,20.0,11.0,169.0,34.0,2.0,0.0,0.0,0.0
226,113,10,3353.0,3076.0,727.0,0.0,793.0,5645.0,234.6038640526487,20457.566799999993,20692.170664052643,2898.0,25.0,7.0,147.0,57.0,20.0,11.0,169.0,34.0,2.0,0.0,0.0,0.0
226,114,10,3231.0,3085.0,671.0,0.0,757.0,5645.0,235.97262734176556,19761.44399999998,19997.416627341747,2898.0,25.0,7.0,147.0,57.0,20.0,11.0,169.0,34.0,2.0,0.0,0.0,0.0
226,115,10,3217.0,3030.0,647.0,0.0,719.0,5645.0,277.2493607319898,18222.171599999983,18499.420960731975,2898.0,25.0,7.0,147.0,57.0,20.0,11.0,169.0,34.0,2.0,0.0,0.0,0.0
226,116,10,3300.0,3110.0,668.0,0.0,744.0,5645.0,358.0359915698541,18735.52959999998,19093.565591569833,2898.0,25.0,7.0,147.0,57.0,20.0,11.0,169.0,34.0,2.0,0.0,0.0,0.0
226,117,10,3261.0,3082.0,657.0,0.0,774.0,5645.0,438.706099229766,21785.417199999978,22224.123299229745,2898.0,25.0,7.0,147.0,57.0,20.0,11.0,169.0,34.0,2.0,0.0,0.0,0.0
226,118,10,3258.0,3056.0,686.0,0.0,751.0,5645.0,277.33974345531317,20113.012399999992,20390.3521434553,2898.0,25.0,7.0,147.0,57.0,20.0,11.0,169.0,34.0,2.0,0.0,0.0,0.0
226,119,10,3273.0,3038.0,675.0,0.0,793.0,5645.0,641.2224753315576,17942.413199999977,18583.635675331534,2898.0,25.0,7.0,147.0,57.0,20.0,11.0,169.0,34.0,2.0,0.0,0.0,0.0
227,0,1,3040.0,2975.0,657.0,0.0,760.0,5645.0,315.06980321215076,19099.389199999983,19414.459003212134,2898.0,25.0,7.0,147.0,57.0,20.0,11.0,169.0,34.0,2.0,0.0,0.0,0.0
227,1,1,3051.0,2974.0,626.0,0.0,782.0,5645.0,678.981533144376,18937.53279999998,19616.514333144354,2898.0,25.0,7.0,147.0,57.0,20.0,11.0,169.0,34.0,2.0,0.0,0.0,0.0
227,2,1,3058.0,2957.0,635.0,0.0,757.0,5645.0,519.6005560077575,19340.33679999998,19859.937356007737,2898.0,25.0,7.0,147.0,57.0,20.0,11.0,169.0,34.0,2.0,0.0,0.0,0.0
227,3,1,3062.0,3011.0,642.0,0.0,769.0,5645.0,556.8299670248902,20241.869599999984,20798.699567024873,2898.0,25.0,7.0,147.0,57.0,20.0,11.0,169.0,34.0,2.0,0.0,0.0,0.0
227,4,1,3125.0,3006.0,647.0,0.0,745.0,5645.0,719.9675743047374,17892.379999999986,18612.347574304724,2898.0,25.0,7.0,147.0,57.0,20.0,11.0,169.0,34.0,2.0,0.0,0.0,0.0
227,5,1,3087.0,3009.0,603.0,0.0,748.0,5645.0,803.153313543991,19178.547199999986,19981.700513543976,2898.0,25.0,7.0,147.0,57.0,20.0,11.0,169.0,34.0,2.0,0.0,0.0,0.0
227,6,1,3057.0,2946.0,641.0,0.0,776.0,5645.0,476.7255202956782,20325.970799999977,20802.696320295654,2898.0,25.0,7.0,147.0,57.0,20.0,11.0,169.0,34.0,2.0,0.0,0.0,0.0
227,7,1,3135.0,2987.0,645.0,0.0,731.0,5645.0,517.3203469766963,18280.08719999998,18797.40754697668,2898.0,25.0,7.0,147.0,57.0,20.0,11.0,169.0,34.0,2.0,0.0,0.0,0.0
227,8,1,3170.0,3069.0,607.0,0.0,758.0,5645.0,599.3126923252318,17281.560799999992,17880.87349232522,2898.0,25.0,7.0,147.0,57.0,20.0,11.0,169.0,34.0,2.0,0.0,0.0,0.0
227,9,1,3073.0,2960.0,666.0,0.0,750.0,5645.0,557.9494901833182,20015.484399999976,20573.433890183296,2898.0,25.0,7.0,147.0,57.0,20.0,11.0,169.0,34.0,2.0,0.0,0.0,0.0
227,10,1,3128.0,3014.0,652.0,0.0,729.0,5645.0,638.1776505507881,19215.353999999992,19853.53165055078,2898.0,25.0,7.0,147.0,57.0,20.0,11.0,169.0,34.0,2.0,0.0,0.0,0.0
227,11,1,3019.0,2909.0,652.0,0.0,728.0,5645.0,436.95027176353426,19923.367199999986,20360.317471763523,2898.0,25.0,7.0,147.0,57.0,20.0,11.0,169.0,34.0,2.0,0.0,0.0,0.0
227,12,2,3024.0,2984.0,635.0,0.0,764.0,5645.0,637.0193548207652,18628.181999999983,19265.201354820743,2898.0,25.0,7.0,147.0,57.0,20.0,11.0,169.0,34.0,2.0,0.0,0.0,0.0
227,13,2,3083.0,2957.0,666.0,0.0,723.0,5645.0,474.8469684043487,19273.87079999999,19748.717768404338,2898.0,25.0,7.0,147.0,57.0,20.0,11.0,169.0,34.0,2.0,0.0,0.0,0.0
227,14,2,3059.0,2941.0,628.0,0.0,711.0,5645.0,516.2401538510093,19085.093999999986,19601.334153850996,2898.0,25.0,7.0,147.0,57.0,20.0,11.0,169.0,34.0,2.0,0.0,0.0,0.0
227,15,2,3090.0,2992.0,624.0,0.0,749.0,5645.0,558.1622747624846,17868.53239999999,18426.694674762475,2898.0,25.0,7.0,147.0,57.0,20.0,11.0,169.0,34.0,2.0,0.0,0.0,0.0
227,16,2,3049.0,3032.0,605.0,0.0,757.0,5645.0,516.881035957621,17340.411599999992,17857.292635957616,2898.0,25.0,7.0,147.0,57.0,20.0,11.0,169.0,34.0,2.0,0.0,0.0,0.0
227,17,2,2999.0,2922.0,618.0,0.0,754.0,5645.0,516.0990246180423,18739.00319999999,19255.10222461803,2898.0,25.0,7.0,147.0,57.0,20.0,11.0,169.0,34.0,2.0,0.0,0.0,0.0
227,18,2,3016.0,2922.0,643.0,0.0,729.0,5645.0,637.641787264736,19465.11919999998,20102.760987264715,2898.0,25.0,7.0,147.0,57.0,20.0,11.0,169.0,34.0,2.0,0.0,0.0,0.0
227,19,2,3047.0,2986.0,594.0,0.0,709.0,5645.0,233.12223217151805,19468.058399999984,19701.1806321715,2898.0,25.0,7.0,147.0,57.0,20.0,11.0,169.0,34.0,2.0,0.0,0.0,0.0
227,20,2,3089.0,3015.0,627.0,0.0,753.0,5645.0,597.7240347948901,18713.084799999997,19310.808834794887,2898.0,25.0,7.0,147.0,57.0,20.0,11.0,169.0,34.0,2.0,0.0,0.0,0.0
227,21,2,3096.0,2922.0,713.0,0.0,766.0,5645.0,435.5759403572818,18502.59799999998,18938.173940357265,2898.0,25.0,7.0,147.0,57.0,20.0,11.0,169.0,34.0,2.0,0.0,0.0,0.0
227,22,2,3108.0,3011.0,624.0,0.0,780.0,5645.0,556.2176962433048,19143.41039999998,19699.628096243283,2898.0,25.0,7.0,147.0,57.0,20.0,11.0,169.0,34.0,2.0,0.0,0.0,0.0
227,23,2,3101.0,2957.0,627.0,0.0,747.0,5645.0,392.7469063814577,19477.811199999982,19870.558106381442,2898.0,25.0,7.0,147.0,57.0,20.0,11.0,169.0,34.0,2.0,0.0,0.0,0.0
227,24,3,3011.0,2957.0,644.0,0.0,747.0,5645.0,476.2191077244836,19031.52039999998,19507.739507724466,2898.0,25.0,7.0,147.0,57.0,20.0,11.0,169.0,34.0,2.0,0.0,0.0,0.0
227,25,3,3099.0,3049.0,629.0,0.0,767.0,5645.0,394.1539114301331,19819.092399999987,20213.246311430117,2898.0,25.0,7.0,147.0,57.0,20.0,11.0,169.0,34.0,2.0,0.0,0.0,0.0
227,26,3,3045.0,2961.0,655.0,0.0,737.0,5645.0,962.7169833415887,18606.605599999984,19569.32258334157,2898.0,25.0,7.0,147.0,57.0,20.0,11.0,169.0,34.0,2.0,0.0,0.0,0.0
227,27,3,3050.0,2934.0,646.0,0.0,749.0,5645.0,596.7972125092915,18217.094799999984,18813.892012509274,2898.0,25.0,7.0,147.0,57.0,20.0,11.0,169.0,34.0,2.0,0.0,0.0,0.0
227,28,3,3024.0,2974.0,621.0,0.0,755.0,5645.0,681.4634285373978,18894.51359999998,19575.977028537378,2898.0,25.0,7.0,147.0,57.0,20.0,11.0,169.0,34.0,2.0,0.0,0.0,0.0
227,29,3,3029.0,2947.0,676.0,0.0,731.0,5645.0,678.8745640890145,18592.176799999994,19271.051364089006,2898.0,25.0,7.0,147.0,57.0,20.0,11.0,169.0,34.0,2.0,0.0,0.0,0.0
227,30,3,3134.0,2999.0,690.0,0.0,750.0,5645.0,637.3614725996642,18622.637599999984,19259.999072599647,2898.0,25.0,7.0,147.0,57.0,20.0,11.0,169.0,34.0,2.0,0.0,0.0,0.0
227,31,3,3128.0,3012.0,677.0,0.0,781.0,5645.0,636.7155883988091,19155.167199999978,19791.882788398787,2898.0,25.0,7.0,147.0,57.0,20.0,11.0,169.0,34.0,2.0,0.0,0.0,0.0
227,32,3,3089.0,3072.0,571.0,0.0,697.0,5645.0,638.217424767736,19176.810399999988,19815.02782476772,2898.0,25.0,7.0,147.0,57.0,20.0,11.0,169.0,34.0,2.0,0.0,0.0,0.0
227,33,3,3138.0,3000.0,681.0,0.0,776.0,5645.0,555.6025948244121,18296.853999999985,18852.456594824398,2898.0,25.0,7.0,147.0,57.0,20.0,11.0,169.0,34.0,2.0,0.0,0.0,0.0
227,34,3,3024.0,2882.0,638.0,0.0,730.0,5645.0,761.1384790628192,18403.867599999994,19165.006079062812,2898.0,25.0,7.0,147.0,57.0,20.0,11.0,169.0,34.0,2.0,0.0,0.0,0.0
227,35,3,3092.0,3071.0,619.0,0.0,720.0,5645.0,598.9212216475644,17616.028399999996,18214.949621647556,2898.0,25.0,7.0,147.0,57.0,20.0,11.0,169.0,34.0,2.0,0.0,0.0,0.0
227,36,4,3056.0,3016.0,654.0,0.0,771.0,5645.0,637.828114023637,17999.59399999999,18637.42211402363,2898.0,25.0,7.0,147.0,57.0,20.0,11.0,169.0,34.0,2.0,0.0,0.0,0.0
227,37,4,3106.0,3008.0,663.0,0.0,748.0,5645.0,679.4198022199611,18128.98559999999,18808.40540221995,2898.0,25.0,7.0,147.0,57.0,20.0,11.0,169.0,34.0,2.0,0.0,0.0,0.0
227,38,4,3050.0,2988.0,651.0,0.0,754.0,5645.0,882.1300488204508,18452.698399999997,19334.828448820448,2898.0,25.0,7.0,147.0,57.0,20.0,11.0,169.0,34.0,2.0,0.0,0.0,0.0
227,39,4,3083.0,2980.0,644.0,0.0,773.0,5645.0,598.6792315572284,18911.94839999999,19510.627631557218,2898.0,25.0,7.0,147.0,57.0,20.0,11.0,169.0,34.0,2.0,0.0,0.0,0.0
227,40,4,3008.0,2958.0,629.0,0.0,742.0,5645.0,719.022437261345,19810.475199999986,20529.497637261335,2898.0,25.0,7.0,147.0,57.0,20.0,11.0,169.0,34.0,2.0,0.0,0.0,0.0
227,41,4,3106.0,3042.0,673.0,0.0,783.0,5645.0,436.0394413215306,19339.33479999999,19775.37424132152,2898.0,25.0,7.0,147.0,57.0,20.0,11.0,169.0,34.0,2.0,0.0,0.0,0.0
227,42,4,3084.0,2991.0,635.0,0.0,763.0,5645.0,597.2137688877788,18863.451599999986,19460.665368887763,2898.0,25.0,7.0,147.0,57.0,20.0,11.0,169.0,34.0,2.0,0.0,0.0,0.0
227,43,4,3065.0,2951.0,651.0,0.0,774.0,5645.0,760.0955771085107,17313.69159999998,18073.78717710849,2898.0,25.0,7.0,147.0,57.0,20.0,11.0,169.0,34.0,2.0,0.0,0.0,0.0
227,44,4,3095.0,2986.0,627.0,0.0,744.0,5645.0,719.7044776843777,19193.510399999985,19913.21487768436,2898.0,25.0,7.0,147.0,57.0,20.0,11.0,169.0,34.0,2.0,0.0,0.0,0.0
227,45,4,3045.0,2993.0,663.0,0.0,803.0,5645.0,964.2352362190005,19349.822399999975,20314.057636218975,2898.0,25.0,7.0,147.0,57.0,20.0,11.0,169.0,34.0,2.0,0.0,0.0,0.0
227,46,4,3083.0,2904.0,627.0,0.0,714.0,5645.0,475.43350654607445,17971.337599999988,18446.771106546068,2898.0,25.0,7.0,147.0,57.0,20.0,11.0,169.0,34.0,2.0,0.0,0.0,0.0
227,47,4,3111.0,3041.0,650.0,0.0,789.0,5645.0,514.6384576411689,19520.29599999999,20034.934457641157,2898.0,25.0,7.0,147.0,57.0,20.0,11.0,169.0,34.0,2.0,0.0,0.0,0.0
227,48,5,3095.0,2958.0,643.0,0.0,731.0,5645.0,635.237368457651,17899.260399999985,18534.497768457637,2898.0,25.0,7.0,147.0,57.0,20.0,11.0,169.0,34.0,2.0,0.0,0.0,0.0
227,49,5,3062.0,3010.0,633.0,0.0,772.0,5645.0,595.4995026069628,18091.577599999986,18687.07710260695,2898.0,25.0,7.0,147.0,57.0,20.0,11.0,169.0,34.0,2.0,0.0,0.0,0.0
227,50,5,3051.0,2915.0,649.0,0.0,750.0,5645.0,516.7452896323945,17694.58519999999,18211.330489632386,2898.0,25.0,7.0,147.0,57.0,20.0,11.0,169.0,34.0,2.0,0.0,0.0,0.0
227,51,5,3039.0,2955.0,651.0,0.0,801.0,5645.0,516.0945940480331,17959.046399999992,18475.140994048026,2898.0,25.0,7.0,147.0,57.0,20.0,11.0,169.0,34.0,2.0,0.0,0.0,0.0
227,52,5,3077.0,2978.0,653.0,0.0,773.0,5645.0,515.473054800893,18171.470399999987,18686.94345480088,2898.0,25.0,7.0,147.0,57.0,20.0,11.0,169.0,34.0,2.0,0.0,0.0,0.0
227,53,5,3101.0,3014.0,632.0,0.0,759.0,5645.0,880.7281307094934,18868.394799999984,19749.122930709473,2898.0,25.0,7.0,147.0,57.0,20.0,11.0,169.0,34.0,2.0,0.0,0.0,0.0
227,54,5,3014.0,2961.0,615.0,0.0,767.0,5645.0,476.4179583023032,17321.974799999985,17798.39275830229,2898.0,25.0,7.0,147.0,57.0,20.0,11.0,169.0,34.0,2.0,0.0,0.0,0.0
227,55,5,3080.0,3004.0,622.0,0.0,794.0,5645.0,962.0041139826691,19423.168799999978,20385.17291398265,2898.0,25.0,7.0,147.0,57.0,20.0,11.0,169.0,34.0,2.0,0.0,0.0,0.0
227,56,5,3083.0,2921.0,641.0,0.0,789.0,5645.0,558.1905040184497,20053.961199999987,20612.151704018434,2898.0,25.0,7.0,147.0,57.0,20.0,11.0,169.0,34.0,2.0,0.0,0.0,0.0
227,57,5,3082.0,2925.0,669.0,0.0,783.0,5645.0,558.0303632187794,18962.983599999985,19521.013963218764,2898.0,25.0,7.0,147.0,57.0,20.0,11.0,169.0,34.0,2.0,0.0,0.0,0.0
227,58,5,3070.0,2987.0,617.0,0.0,748.0,5645.0,433.33630269085944,18528.048799999986,18961.385102690845,2898.0,25.0,7.0,147.0,57.0,20.0,11.0,169.0,34.0,2.0,0.0,0.0,0.0
227,59,5,3087.0,3033.0,607.0,0.0,759.0,5645.0,395.82142201055564,19875.070799999994,20270.892222010545,2898.0,25.0,7.0,147.0,57.0,20.0,11.0,169.0,34.0,2.0,0.0,0.0,0.0
227,60,6,3015.0,2949.0,591.0,0.0,736.0,5645.0,718.8635633077255,19917.488799999985,20636.35236330771,2898.0,25.0,7.0,147.0,57.0,20.0,11.0,169.0,34.0,2.0,0.0,0.0,0.0
227,61,6,3124.0,2985.0,661.0,0.0,747.0,5645.0,842.8143519789147,19045.88239999998,19888.696751978896,2898.0,25.0,7.0,147.0,57.0,20.0,11.0,169.0,34.0,2.0,0.0,0.0,0.0
227,62,6,3094.0,3042.0,638.0,0.0,790.0,5645.0,879.6107893647206,19358.105599999984,20237.71638936471,2898.0,25.0,7.0,147.0,57.0,20.0,11.0,169.0,34.0,2.0,0.0,0.0,0.0
227,63,6,3074.0,2896.0,688.0,0.0,731.0,5645.0,964.536045295435,18531.321999999996,19495.85804529543,2898.0,25.0,7.0,147.0,57.0,20.0,11.0,169.0,34.0,2.0,0.0,0.0,0.0
227,64,6,3013.0,2980.0,629.0,0.0,753.0,5645.0,516.6517170832075,20252.156799999982,20768.80851708319,2898.0,25.0,7.0,147.0,57.0,20.0,11.0,169.0,34.0,2.0,0.0,0.0,0.0
227,65,6,3082.0,3027.0,643.0,0.0,724.0,5645.0,882.2344055434406,18110.61559999998,18992.85000554342,2898.0,25.0,7.0,147.0,57.0,20.0,11.0,169.0,34.0,2.0,0.0,0.0,0.0
227,66,6,3079.0,2965.0,649.0,0.0,770.0,5645.0,799.8790401693427,18713.81959999999,19513.698640169336,2898.0,25.0,7.0,147.0,57.0,20.0,11.0,169.0,34.0,2.0,0.0,0.0,0.0
227,67,6,3067.0,2947.0,664.0,0.0,757.0,5645.0,556.9907999124603,19567.256399999995,20124.247199912454,2898.0,25.0,7.0,147.0,57.0,20.0,11.0,169.0,34.0,2.0,0.0,0.0,0.0
227,68,6,3110.0,3014.0,680.0,0.0,797.0,5645.0,680.94738537927,19413.415999999997,20094.363385379263,2898.0,25.0,7.0,147.0,57.0,20.0,11.0,169.0,34.0,2.0,0.0,0.0,0.0
227,69,6,3071.0,2963.0,643.0,0.0,754.0,5645.0,1005.3041416385311,17700.99799999998,18706.30214163851,2898.0,25.0,7.0,147.0,57.0,20.0,11.0,169.0,34.0,2.0,0.0,0.0,0.0
227,70,6,3100.0,2987.0,651.0,0.0,706.0,5645.0,393.2434236339024,18632.52399999999,19025.76742363389,2898.0,25.0,7.0,147.0,57.0,20.0,11.0,169.0,34.0,2.0,0.0,0.0,0.0
227,71,6,3074.0,2990.0,659.0,0.0,765.0,5645.0,517.5933149937356,18416.89359999999,18934.486914993722,2898.0,25.0,7.0,147.0,57.0,20.0,11.0,169.0,34.0,2.0,0.0,0.0,0.0
227,72,7,3115.0,2982.0,666.0,0.0,749.0,5645.0,636.5582780429028,18300.39439999998,18936.95267804288,2898.0,25.0,7.0,147.0,57.0,20.0,11.0,169.0,34.0,2.0,0.0,0.0,0.0
227,73,7,3048.0,2977.0,630.0,0.0,761.0,5645.0,557.3530321883112,20262.043199999986,20819.396232188297,2898.0,25.0,7.0,147.0,57.0,20.0,11.0,169.0,34.0,2.0,0.0,0.0,0.0
227,74,7,3084.0,2971.0,592.0,0.0,729.0,5645.0,720.2954013097847,19731.717999999983,20452.01340130977,2898.0,25.0,7.0,147.0,57.0,20.0,11.0,169.0,34.0,2.0,0.0,0.0,0.0
227,75,7,3050.0,3001.0,622.0,0.0,710.0,5645.0,596.7635537825466,18927.37919999999,19524.142753782533,2898.0,25.0,7.0,147.0,57.0,20.0,11.0,169.0,34.0,2.0,0.0,0.0,0.0
227,76,7,3074.0,2962.0,645.0,0.0,794.0,5645.0,394.3281041564443,20236.39199999998,20630.720104156426,2898.0,25.0,7.0,147.0,57.0,20.0,11.0,169.0,34.0,2.0,0.0,0.0,0.0
227,77,7,3062.0,2927.0,664.0,0.0,715.0,5645.0,514.0270920749488,18223.90839999998,18737.93549207493,2898.0,25.0,7.0,147.0,57.0,20.0,11.0,169.0,34.0,2.0,0.0,0.0,0.0
227,78,7,3035.0,2945.0,689.0,0.0,824.0,5645.0,557.326884737826,18466.19199999999,19023.518884737812,2898.0,25.0,7.0,147.0,57.0,20.0,11.0,169.0,34.0,2.0,0.0,0.0,0.0
227,79,7,3068.0,2961.0,653.0,0.0,798.0,5645.0,558.067068184529,19547.149599999975,20105.21666818451,2898.0,25.0,7.0,147.0,57.0,20.0,11.0,169.0,34.0,2.0,0.0,0.0,0.0
227,80,7,3102.0,2971.0,623.0,0.0,735.0,5645.0,433.8863087990755,19110.94559999998,19544.831908799057,2898.0,25.0,7.0,147.0,57.0,20.0,11.0,169.0,34.0,2.0,0.0,0.0,0.0
227,81,7,3111.0,3040.0,644.0,0.0,792.0,5645.0,271.64965720058535,18082.42599999999,18354.075657200574,2898.0,25.0,7.0,147.0,57.0,20.0,11.0,169.0,34.0,2.0,0.0,0.0,0.0
227,82,7,3116.0,2974.0,644.0,0.0,772.0,5645.0,516.4095768311669,19741.93839999999,20258.347976831155,2898.0,25.0,7.0,147.0,57.0,20.0,11.0,169.0,34.0,2.0,0.0,0.0,0.0
227,83,7,3029.0,2924.0,645.0,0.0,747.0,5645.0,881.4255586318224,18303.801199999984,19185.226758631805,2898.0,25.0,7.0,147.0,57.0,20.0,11.0,169.0,34.0,2.0,0.0,0.0,0.0
227,84,8,3103.0,3008.0,607.0,0.0,709.0,5645.0,310.60570027176163,18309.07839999999,18619.68410027175,2898.0,25.0,7.0,147.0,57.0,20.0,11.0,169.0,34.0,2.0,0.0,0.0,0.0
227,85,8,3112.0,3003.0,639.0,0.0,745.0,5645.0,473.9998776073041,17640.209999999985,18114.209877607285,2898.0,25.0,7.0,147.0,57.0,20.0,11.0,169.0,34.0,2.0,0.0,0.0,0.0
227,86,8,3104.0,2963.0,677.0,0.0,758.0,5645.0,517.597664814228,19653.62879999998,20171.22646481421,2898.0,25.0,7.0,147.0,57.0,20.0,11.0,169.0,34.0,2.0,0.0,0.0,0.0
227,87,8,3144.0,3042.0,626.0,0.0,708.0,5645.0,759.6564260096673,20598.04719999998,21357.703626009643,2898.0,25.0,7.0,147.0,57.0,20.0,11.0,169.0,34.0,2.0,0.0,0.0,0.0
227,88,8,3064.0,2971.0,665.0,0.0,775.0,5645.0,719.0298667264581,19029.58319999998,19748.61306672644,2898.0,25.0,7.0,147.0,57.0,20.0,11.0,169.0,34.0,2.0,0.0,0.0,0.0
227,89,8,3147.0,3034.0,655.0,0.0,788.0,5645.0,557.1476761008479,20015.283999999985,20572.43167610083,2898.0,25.0,7.0,147.0,57.0,20.0,11.0,169.0,34.0,2.0,0.0,0.0,0.0
227,90,8,3127.0,3062.0,674.0,0.0,777.0,5645.0,759.007174944101,18166.527199999986,18925.534374944087,2898.0,25.0,7.0,147.0,57.0,20.0,11.0,169.0,34.0,2.0,0.0,0.0,0.0
227,91,8,3109.0,2964.0,664.0,0.0,714.0,5645.0,842.245453310691,19233.456799999985,20075.70225331068,2898.0,25.0,7.0,147.0,57.0,20.0,11.0,169.0,34.0,2.0,0.0,0.0,0.0
227,92,8,3018.0,2945.0,650.0,0.0,786.0,5645.0,353.7895652470404,18279.01839999999,18632.80796524703,2898.0,25.0,7.0,147.0,57.0,20.0,11.0,169.0,34.0,2.0,0.0,0.0,0.0
227,93,8,3065.0,2963.0,643.0,0.0,783.0,5645.0,435.23772408879904,18119.433199999992,18554.670924088787,2898.0,25.0,7.0,147.0,57.0,20.0,11.0,169.0,34.0,2.0,0.0,0.0,0.0
227,94,8,3100.0,2958.0,645.0,0.0,782.0,5645.0,681.9274671182689,17022.376799999984,17704.304267118252,2898.0,25.0,7.0,147.0,57.0,20.0,11.0,169.0,34.0,2.0,0.0,0.0,0.0
227,95,8,2972.0,2954.0,624.0,0.0,783.0,5645.0,556.8737442775126,19188.433599999986,19745.3073442775,2898.0,25.0,7.0,147.0,57.0,20.0,11.0,169.0,34.0,2.0,0.0,0.0,0.0
227,96,9,3078.0,2953.0,669.0,0.0,704.0,5645.0,757.0974406390427,18984.42639999999,19741.52384063903,2898.0,25.0,7.0,147.0,57.0,20.0,11.0,169.0,34.0,2.0,0.0,0.0,0.0
227,97,9,3111.0,2977.0,668.0,0.0,760.0,5645.0,513.0164009846628,18027.917199999985,18540.93360098465,2898.0,25.0,7.0,147.0,57.0,20.0,11.0,169.0,34.0,2.0,0.0,0.0,0.0
227,98,9,3036.0,2945.0,647.0,0.0,748.0,5645.0,760.8229606387936,17146.023599999982,17906.846560638776,2898.0,25.0,7.0,147.0,57.0,20.0,11.0,169.0,34.0,2.0,0.0,0.0,0.0
227,99,9,3071.0,2948.0,677.0,0.0,758.0,5645.0,1041.6229695417594,19436.528799999975,20478.151769541735,2898.0,25.0,7.0,147.0,57.0,20.0,11.0,169.0,34.0,2.0,0.0,0.0,0.0
227,100,9,3125.0,2974.0,663.0,0.0,780.0,5645.0,841.1836350734809,17136.53799999999,17977.72163507347,2898.0,25.0,7.0,147.0,57.0,20.0,11.0,169.0,34.0,2.0,0.0,0.0,0.0
227,101,9,3022.0,2910.0,648.0,0.0,696.0,5645.0,516.3769636080917,19765.518799999973,20281.895763608067,2898.0,25.0,7.0,147.0,57.0,20.0,11.0,169.0,34.0,2.0,0.0,0.0,0.0
227,102,9,3055.0,2971.0,632.0,0.0,789.0,5645.0,964.0349805566537,17971.87199999999,18935.90698055664,2898.0,25.0,7.0,147.0,57.0,20.0,11.0,169.0,34.0,2.0,0.0,0.0,0.0
227,103,9,3020.0,2983.0,600.0,0.0,759.0,5645.0,1042.9503882030808,17377.15159999999,18420.10198820307,2898.0,25.0,7.0,147.0,57.0,20.0,11.0,169.0,34.0,2.0,0.0,0.0,0.0
227,104,9,3091.0,2954.0,644.0,0.0,772.0,5645.0,558.919824830531,18591.10799999998,19150.027824830504,2898.0,25.0,7.0,147.0,57.0,20.0,11.0,169.0,34.0,2.0,0.0,0.0,0.0
227,105,9,3062.0,2971.0,625.0,0.0,754.0,5645.0,394.23944967546777,19172.735599999993,19566.975049675464,2898.0,25.0,7.0,147.0,57.0,20.0,11.0,169.0,34.0,2.0,0.0,0.0,0.0
227,106,9,3080.0,2990.0,624.0,0.0,712.0,5645.0,677.5894818700056,20052.29119999998,20729.88068186999,2898.0,25.0,7.0,147.0,57.0,20.0,11.0,169.0,34.0,2.0,0.0,0.0,0.0
227,107,9,3100.0,3000.0,654.0,0.0,734.0,5645.0,515.3171814190692,19323.837199999994,19839.154381419063,2898.0,25.0,7.0,147.0,57.0,20.0,11.0,169.0,34.0,2.0,0.0,0.0,0.0
227,108,10,3098.0,2982.0,676.0,0.0,729.0,5645.0,475.06754115930926,17880.021999999983,18355.089541159294,2898.0,25.0,7.0,147.0,57.0,20.0,11.0,169.0,34.0,2.0,0.0,0.0,0.0
227,109,10,3128.0,3017.0,662.0,0.0,768.0,5645.0,677.9543136249225,19827.175199999987,20505.129513624906,2898.0,25.0,7.0,147.0,57.0,20.0,11.0,169.0,34.0,2.0,0.0,0.0,0.0
227,110,10,3102.0,2983.0,651.0,0.0,704.0,5645.0,394.00624520254036,18797.853999999985,19191.860245202526,2898.0,25.0,7.0,147.0,57.0,20.0,11.0,169.0,34.0,2.0,0.0,0.0,0.0
227,111,10,3124.0,3014.0,651.0,0.0,763.0,5645.0,515.1774215787935,18210.48159999999,18725.659021578784,2898.0,25.0,7.0,147.0,57.0,20.0,11.0,169.0,34.0,2.0,0.0,0.0,0.0
227,112,10,3150.0,3011.0,670.0,0.0,753.0,5645.0,554.79085723687,19752.091999999997,20306.882857236866,2898.0,25.0,7.0,147.0,57.0,20.0,11.0,169.0,34.0,2.0,0.0,0.0,0.0
227,113,10,3032.0,2996.0,641.0,0.0,757.0,5645.0,353.97727789464767,19821.497199999983,20175.474477894633,2898.0,25.0,7.0,147.0,57.0,20.0,11.0,169.0,34.0,2.0,0.0,0.0,0.0
227,114,10,3008.0,2942.0,615.0,0.0,725.0,5645.0,435.92548243976825,18086.033199999983,18521.958682439752,2898.0,25.0,7.0,147.0,57.0,20.0,11.0,169.0,34.0,2.0,0.0,0.0,0.0
227,115,10,3102.0,3015.0,639.0,0.0,745.0,5645.0,516.5531951763123,18378.483599999985,18895.036795176296,2898.0,25.0,7.0,147.0,57.0,20.0,11.0,169.0,34.0,2.0,0.0,0.0,0.0
227,116,10,3037.0,2974.0,615.0,0.0,737.0,5645.0,637.1885408122232,21724.094799999977,22361.2833408122,2898.0,25.0,7.0,147.0,57.0,20.0,11.0,169.0,34.0,2.0,0.0,0.0,0.0
227,117,10,3056.0,2960.0,665.0,0.0,755.0,5645.0,598.403241951674,19156.23599999999,19754.639241951667,2898.0,25.0,7.0,147.0,57.0,20.0,11.0,169.0,34.0,2.0,0.0,0.0,0.0
227,118,10,3090.0,2960.0,641.0,0.0,780.0,5645.0,1205.7392990608828,17997.790399999976,19203.52969906086,2898.0,25.0,7.0,147.0,57.0,20.0,11.0,169.0,34.0,2.0,0.0,0.0,0.0
227,119,10,3116.0,3003.0,660.0,0.0,806.0,5645.0,757.6706290364253,19168.86119999999,19926.531829036416,2898.0,25.0,7.0,147.0,57.0,20.0,11.0,169.0,34.0,2.0,0.0,0.0,0.0
228,0,1,3423.0,3180.0,664.0,0.0,827.0,5645.0,561.3868588673377,20163.579999999973,20724.96685886731,2898.0,25.0,7.0,147.0,57.0,20.0,11.0,169.0,34.0,2.0,0.0,0.0,0.0
228,1,1,3422.0,3107.0,702.0,0.0,816.0,5645.0,477.94239500080687,18518.429599999978,18996.371995000783,2898.0,25.0,7.0,147.0,57.0,20.0,11.0,169.0,34.0,2.0,0.0,0.0,0.0
228,2,1,3422.0,3186.0,687.0,0.0,815.0,5645.0,478.6409934066789,20209.00399999998,20687.64499340666,2898.0,25.0,7.0,147.0,57.0,20.0,11.0,169.0,34.0,2.0,0.0,0.0,0.0
228,3,1,3481.0,3189.0,696.0,0.0,806.0,5645.0,682.5785130131181,18208.009999999987,18890.588513013103,2898.0,25.0,7.0,147.0,57.0,20.0,11.0,169.0,34.0,2.0,0.0,0.0,0.0
228,4,1,3466.0,3204.0,668.0,0.0,788.0,5645.0,561.356576453898,18913.351199999994,19474.707776453895,2898.0,25.0,7.0,147.0,57.0,20.0,11.0,169.0,34.0,2.0,0.0,0.0,0.0
228,5,1,3413.0,3132.0,669.0,0.0,821.0,5645.0,275.8587696532389,18913.885599999983,19189.74436965322,2898.0,25.0,7.0,147.0,57.0,20.0,11.0,169.0,34.0,2.0,0.0,0.0,0.0
228,6,1,3526.0,3180.0,699.0,0.0,778.0,5645.0,397.1310885284711,18427.38119999998,18824.512288528455,2898.0,25.0,7.0,147.0,57.0,20.0,11.0,169.0,34.0,2.0,0.0,0.0,0.0
228,7,1,3520.0,3233.0,656.0,0.0,790.0,5645.0,438.96267411081277,18363.921199999993,18802.883874110805,2898.0,25.0,7.0,147.0,57.0,20.0,11.0,169.0,34.0,2.0,0.0,0.0,0.0
228,8,1,3459.0,3157.0,725.0,0.0,793.0,5645.0,358.7589000668224,19616.153999999977,19974.912900066796,2898.0,25.0,7.0,147.0,57.0,20.0,11.0,169.0,34.0,2.0,0.0,0.0,0.0
228,9,1,3503.0,3197.0,698.0,0.0,777.0,5645.0,519.5724032502583,19313.215999999986,19832.788403250244,2898.0,25.0,7.0,147.0,57.0,20.0,11.0,169.0,34.0,2.0,0.0,0.0,0.0
228,10,1,3397.0,3083.0,731.0,0.0,804.0,5645.0,804.2265620117175,20193.10559999998,20997.332162011695,2898.0,25.0,7.0,147.0,57.0,20.0,11.0,169.0,34.0,2.0,0.0,0.0,0.0
228,11,1,3400.0,3155.0,697.0,0.0,794.0,5645.0,477.9188200634737,19228.513599999977,19706.43242006345,2898.0,25.0,7.0,147.0,57.0,20.0,11.0,169.0,34.0,2.0,0.0,0.0,0.0
228,12,2,3464.0,3123.0,745.0,0.0,766.0,5645.0,559.9189608901027,18343.68079999999,18903.599760890094,2898.0,25.0,7.0,147.0,57.0,20.0,11.0,169.0,34.0,2.0,0.0,0.0,0.0
228,13,2,3419.0,3119.0,692.0,0.0,794.0,5645.0,476.8198194496729,19222.301199999987,19699.12101944966,2898.0,25.0,7.0,147.0,57.0,20.0,11.0,169.0,34.0,2.0,0.0,0.0,0.0
228,14,2,3440.0,3147.0,682.0,0.0,776.0,5645.0,357.2784625973889,18419.765999999985,18777.044462597372,2898.0,25.0,7.0,147.0,57.0,20.0,11.0,169.0,34.0,2.0,0.0,0.0,0.0
228,15,2,3419.0,3193.0,678.0,0.0,798.0,5645.0,317.06646976780894,19190.170399999995,19507.236869767803,2898.0,25.0,7.0,147.0,57.0,20.0,11.0,169.0,34.0,2.0,0.0,0.0,0.0
228,16,2,3369.0,3087.0,700.0,0.0,791.0,5645.0,314.5056834397436,18487.701599999975,18802.20728343972,2898.0,25.0,7.0,147.0,57.0,20.0,11.0,169.0,34.0,2.0,0.0,0.0,0.0
228,17,2,3424.0,3105.0,727.0,0.0,777.0,5645.0,560.883241193633,20701.253199999985,21262.136441193616,2898.0,25.0,7.0,147.0,57.0,20.0,11.0,169.0,34.0,2.0,0.0,0.0,0.0
228,18,2,3404.0,3162.0,648.0,0.0,784.0,5645.0,520.7751157354492,20688.160399999986,21208.93551573544,2898.0,25.0,7.0,147.0,57.0,20.0,11.0,169.0,34.0,2.0,0.0,0.0,0.0
228,19,2,3438.0,3174.0,684.0,0.0,806.0,5645.0,475.314338873355,18797.78719999999,19273.101538873343,2898.0,25.0,7.0,147.0,57.0,20.0,11.0,169.0,34.0,2.0,0.0,0.0,0.0
228,20,2,3484.0,3106.0,780.0,0.0,805.0,5645.0,357.1017633541076,18503.59999999999,18860.7017633541,2898.0,25.0,7.0,147.0,57.0,20.0,11.0,169.0,34.0,2.0,0.0,0.0,0.0
228,21,2,3450.0,3177.0,685.0,0.0,810.0,5645.0,478.1776993124989,18617.02639999998,19095.20409931248,2898.0,25.0,7.0,147.0,57.0,20.0,11.0,169.0,34.0,2.0,0.0,0.0,0.0
228,22,2,3479.0,3100.0,732.0,0.0,788.0,5645.0,435.1763420528299,18299.85999999999,18735.036342052823,2898.0,25.0,7.0,147.0,57.0,20.0,11.0,169.0,34.0,2.0,0.0,0.0,0.0
228,23,2,3350.0,3147.0,668.0,0.0,791.0,5645.0,395.51075777614756,18495.784399999982,18891.29515777613,2898.0,25.0,7.0,147.0,57.0,20.0,11.0,169.0,34.0,2.0,0.0,0.0,0.0
228,24,3,3446.0,3196.0,690.0,0.0,820.0,5645.0,640.5490131338768,19338.332799999996,19978.88181313387,2898.0,25.0,7.0,147.0,57.0,20.0,11.0,169.0,34.0,2.0,0.0,0.0,0.0
228,25,3,3426.0,3118.0,736.0,0.0,783.0,5645.0,643.9272335564159,18727.246399999985,19371.173633556402,2898.0,25.0,7.0,147.0,57.0,20.0,11.0,169.0,34.0,2.0,0.0,0.0,0.0
228,26,3,3390.0,3102.0,687.0,0.0,763.0,5645.0,721.3348234638001,18338.00279999998,19059.337623463784,2898.0,25.0,7.0,147.0,57.0,20.0,11.0,169.0,34.0,2.0,0.0,0.0,0.0
228,27,3,3417.0,3151.0,695.0,0.0,808.0,5645.0,360.83734594923897,18829.04959999998,19189.88694594922,2898.0,25.0,7.0,147.0,57.0,20.0,11.0,169.0,34.0,2.0,0.0,0.0,0.0
228,28,3,3442.0,3153.0,724.0,0.0,802.0,5645.0,602.231952638984,19862.512399999985,20464.744352638972,2898.0,25.0,7.0,147.0,57.0,20.0,11.0,169.0,34.0,2.0,0.0,0.0,0.0
228,29,3,3521.0,3185.0,733.0,0.0,776.0,5645.0,397.95376835139473,18498.589999999986,18896.54376835138,2898.0,25.0,7.0,147.0,57.0,20.0,11.0,169.0,34.0,2.0,0.0,0.0,0.0
228,30,3,3492.0,3175.0,735.0,0.0,814.0,5645.0,314.5916878669026,18957.038399999976,19271.630087866874,2898.0,25.0,7.0,147.0,57.0,20.0,11.0,169.0,34.0,2.0,0.0,0.0,0.0
228,31,3,3448.0,3190.0,670.0,0.0,776.0,5645.0,437.60772774942325,17460.785199999988,17898.39292774941,2898.0,25.0,7.0,147.0,57.0,20.0,11.0,169.0,34.0,2.0,0.0,0.0,0.0
228,32,3,3503.0,3176.0,744.0,0.0,826.0,5645.0,395.34386391430763,18210.54839999998,18605.892263914287,2898.0,25.0,7.0,147.0,57.0,20.0,11.0,169.0,34.0,2.0,0.0,0.0,0.0
228,33,3,3394.0,3077.0,687.0,0.0,735.0,5645.0,599.9921606288724,18797.72039999998,19397.71256062885,2898.0,25.0,7.0,147.0,57.0,20.0,11.0,169.0,34.0,2.0,0.0,0.0,0.0
228,34,3,3486.0,3255.0,686.0,0.0,769.0,5645.0,477.97064841485326,18870.46559999999,19348.436248414844,2898.0,25.0,7.0,147.0,57.0,20.0,11.0,169.0,34.0,2.0,0.0,0.0,0.0
228,35,3,3417.0,3196.0,704.0,0.0,782.0,5645.0,517.4515016730534,18501.729599999984,19019.181101673035,2898.0,25.0,7.0,147.0,57.0,20.0,11.0,169.0,34.0,2.0,0.0,0.0,0.0
228,36,4,3474.0,3152.0,763.0,0.0,821.0,5645.0,358.33456813390944,18067.796799999986,18426.131368133894,2898.0,25.0,7.0,147.0,57.0,20.0,11.0,169.0,34.0,2.0,0.0,0.0,0.0
228,37,4,3424.0,3167.0,727.0,0.0,821.0,5645.0,681.5467384285536,19149.35559999999,19830.902338428546,2898.0,25.0,7.0,147.0,57.0,20.0,11.0,169.0,34.0,2.0,0.0,0.0,0.0
228,38,4,3456.0,3161.0,710.0,0.0,819.0,5645.0,641.0906770134377,19006.871199999987,19647.961877013422,2898.0,25.0,7.0,147.0,57.0,20.0,11.0,169.0,34.0,2.0,0.0,0.0,0.0
228,39,4,3405.0,3160.0,681.0,0.0,779.0,5645.0,805.1023575491865,19719.426799999983,20524.52915754917,2898.0,25.0,7.0,147.0,57.0,20.0,11.0,169.0,34.0,2.0,0.0,0.0,0.0
228,40,4,3460.0,3197.0,729.0,0.0,831.0,5645.0,318.08134463943395,19506.267999999985,19824.34934463942,2898.0,25.0,7.0,147.0,57.0,20.0,11.0,169.0,34.0,2.0,0.0,0.0,0.0
228,41,4,3450.0,3177.0,691.0,0.0,825.0,5645.0,398.25436472326794,19421.63239999998,19819.886764723247,2898.0,25.0,7.0,147.0,57.0,20.0,11.0,169.0,34.0,2.0,0.0,0.0,0.0
228,42,4,3438.0,3132.0,713.0,0.0,819.0,5645.0,560.404474413862,17720.904399999974,18281.308874413837,2898.0,25.0,7.0,147.0,57.0,20.0,11.0,169.0,34.0,2.0,0.0,0.0,0.0
228,43,4,3478.0,3162.0,693.0,0.0,807.0,5645.0,558.3299649699845,19266.18879999998,19824.518764969966,2898.0,25.0,7.0,147.0,57.0,20.0,11.0,169.0,34.0,2.0,0.0,0.0,0.0
228,44,4,3412.0,3149.0,726.0,0.0,827.0,5645.0,765.3462349767234,19250.156799999982,20015.503034976704,2898.0,25.0,7.0,147.0,57.0,20.0,11.0,169.0,34.0,2.0,0.0,0.0,0.0
228,45,4,3450.0,3094.0,682.0,0.0,805.0,5645.0,477.49215688646086,18571.001199999995,19048.493356886458,2898.0,25.0,7.0,147.0,57.0,20.0,11.0,169.0,34.0,2.0,0.0,0.0,0.0
228,46,4,3480.0,3183.0,733.0,0.0,806.0,5645.0,435.00420278594186,18363.85439999999,18798.858602785935,2898.0,25.0,7.0,147.0,57.0,20.0,11.0,169.0,34.0,2.0,0.0,0.0,0.0
228,47,4,3452.0,3124.0,710.0,0.0,792.0,5645.0,316.1101382272649,18320.501199999984,18636.611338227252,2898.0,25.0,7.0,147.0,57.0,20.0,11.0,169.0,34.0,2.0,0.0,0.0,0.0
228,48,5,3426.0,3172.0,695.0,0.0,811.0,5645.0,761.9092090659451,18514.621999999992,19276.53120906594,2898.0,25.0,7.0,147.0,57.0,20.0,11.0,169.0,34.0,2.0,0.0,0.0,0.0
228,49,5,3415.0,3138.0,666.0,0.0,767.0,5645.0,722.6833513514681,18665.122399999997,19387.80575135147,2898.0,25.0,7.0,147.0,57.0,20.0,11.0,169.0,34.0,2.0,0.0,0.0,0.0
228,50,5,3411.0,3172.0,696.0,0.0,830.0,5645.0,439.01907959803066,17520.303999999993,17959.32307959802,2898.0,25.0,7.0,147.0,57.0,20.0,11.0,169.0,34.0,2.0,0.0,0.0,0.0
228,51,5,3491.0,3162.0,724.0,0.0,813.0,5645.0,437.6203344191866,18514.955999999984,18952.576334419173,2898.0,25.0,7.0,147.0,57.0,20.0,11.0,169.0,34.0,2.0,0.0,0.0,0.0
228,52,5,3476.0,3200.0,690.0,0.0,808.0,5645.0,558.2505448288749,19287.431199999977,19845.681744828853,2898.0,25.0,7.0,147.0,57.0,20.0,11.0,169.0,34.0,2.0,0.0,0.0,0.0
228,53,5,3393.0,3123.0,687.0,0.0,812.0,5645.0,357.7464309320529,17748.292399999984,18106.038830932037,2898.0,25.0,7.0,147.0,57.0,20.0,11.0,169.0,34.0,2.0,0.0,0.0,0.0
228,54,5,3462.0,3203.0,682.0,0.0,800.0,5645.0,641.3814836249127,19550.021999999975,20191.403483624883,2898.0,25.0,7.0,147.0,57.0,20.0,11.0,169.0,34.0,2.0,0.0,0.0,0.0
228,55,5,3420.0,3077.0,712.0,0.0,845.0,5645.0,600.0518297131468,19665.853199999983,20265.905029713125,2898.0,25.0,7.0,147.0,57.0,20.0,11.0,169.0,34.0,2.0,0.0,0.0,0.0
228,56,5,3451.0,3101.0,719.0,0.0,813.0,5645.0,438.36651852581946,19021.032799999983,19459.399318525804,2898.0,25.0,7.0,147.0,57.0,20.0,11.0,169.0,34.0,2.0,0.0,0.0,0.0
228,57,5,3429.0,3145.0,685.0,0.0,792.0,5645.0,435.21356086525043,19410.743999999984,19845.957560865238,2898.0,25.0,7.0,147.0,57.0,20.0,11.0,169.0,34.0,2.0,0.0,0.0,0.0
228,58,5,3454.0,3183.0,683.0,0.0,798.0,5645.0,521.5169797273073,18393.647199999985,18915.16417972729,2898.0,25.0,7.0,147.0,57.0,20.0,11.0,169.0,34.0,2.0,0.0,0.0,0.0
228,59,5,3394.0,3113.0,666.0,0.0,777.0,5645.0,398.64694644506875,19475.67359999997,19874.32054644504,2898.0,25.0,7.0,147.0,57.0,20.0,11.0,169.0,34.0,2.0,0.0,0.0,0.0
228,60,6,3474.0,3128.0,730.0,0.0,795.0,5645.0,438.8122079942558,18706.20439999998,19145.01660799424,2898.0,25.0,7.0,147.0,57.0,20.0,11.0,169.0,34.0,2.0,0.0,0.0,0.0
228,61,6,3459.0,3217.0,702.0,0.0,842.0,5645.0,760.8750718808518,19247.484799999984,20008.359871880835,2898.0,25.0,7.0,147.0,57.0,20.0,11.0,169.0,34.0,2.0,0.0,0.0,0.0
228,62,6,3464.0,3103.0,747.0,0.0,779.0,5645.0,519.1693687905898,18981.28679999999,19500.45616879058,2898.0,25.0,7.0,147.0,57.0,20.0,11.0,169.0,34.0,2.0,0.0,0.0,0.0
228,63,6,3395.0,3127.0,732.0,0.0,845.0,5645.0,357.9455471122187,20858.03279999997,21215.978347112192,2898.0,25.0,7.0,147.0,57.0,20.0,11.0,169.0,34.0,2.0,0.0,0.0,0.0
228,64,6,3436.0,3188.0,711.0,0.0,777.0,5645.0,723.261431225472,18403.39999999998,19126.661431225453,2898.0,25.0,7.0,147.0,57.0,20.0,11.0,169.0,34.0,2.0,0.0,0.0,0.0
228,65,6,3436.0,3149.0,700.0,0.0,753.0,5645.0,312.79715114417024,18116.761199999994,18429.558351144165,2898.0,25.0,7.0,147.0,57.0,20.0,11.0,169.0,34.0,2.0,0.0,0.0,0.0
228,66,6,3410.0,3102.0,715.0,0.0,804.0,5645.0,437.35322693357045,20160.707599999994,20598.06082693356,2898.0,25.0,7.0,147.0,57.0,20.0,11.0,169.0,34.0,2.0,0.0,0.0,0.0
228,67,6,3439.0,3155.0,763.0,0.0,864.0,5645.0,562.0014789372049,19031.386799999986,19593.38827893719,2898.0,25.0,7.0,147.0,57.0,20.0,11.0,169.0,34.0,2.0,0.0,0.0,0.0
228,68,6,3445.0,3129.0,693.0,0.0,771.0,5645.0,721.1820844723097,18431.18879999998,19152.370884472293,2898.0,25.0,7.0,147.0,57.0,20.0,11.0,169.0,34.0,2.0,0.0,0.0,0.0
228,69,6,3472.0,3151.0,735.0,0.0,789.0,5645.0,479.76575164305433,18190.575199999992,18670.340951643044,2898.0,25.0,7.0,147.0,57.0,20.0,11.0,169.0,34.0,2.0,0.0,0.0,0.0
228,70,6,3495.0,3229.0,705.0,0.0,820.0,5645.0,520.087195318584,19029.783599999995,19549.870795318577,2898.0,25.0,7.0,147.0,57.0,20.0,11.0,169.0,34.0,2.0,0.0,0.0,0.0
228,71,6,3485.0,3160.0,737.0,0.0,806.0,5645.0,560.4330259064975,18174.609999999982,18735.043025906478,2898.0,25.0,7.0,147.0,57.0,20.0,11.0,169.0,34.0,2.0,0.0,0.0,0.0
228,72,7,3423.0,3159.0,703.0,0.0,785.0,5645.0,641.9233407589975,19323.970799999977,19965.894140758977,2898.0,25.0,7.0,147.0,57.0,20.0,11.0,169.0,34.0,2.0,0.0,0.0,0.0
228,73,7,3458.0,3139.0,679.0,0.0,736.0,5645.0,844.53848836394,18737.065999999984,19581.604488363922,2898.0,25.0,7.0,147.0,57.0,20.0,11.0,169.0,34.0,2.0,0.0,0.0,0.0
228,74,7,3422.0,3186.0,681.0,0.0,766.0,5645.0,477.7015976165286,18549.157599999984,19026.85919761651,2898.0,25.0,7.0,147.0,57.0,20.0,11.0,169.0,34.0,2.0,0.0,0.0,0.0
228,75,7,3475.0,3163.0,706.0,0.0,847.0,5645.0,397.20516174000915,19808.87199999998,20206.07716173999,2898.0,25.0,7.0,147.0,57.0,20.0,11.0,169.0,34.0,2.0,0.0,0.0,0.0
228,76,7,3448.0,3108.0,739.0,0.0,780.0,5645.0,397.50083418609444,19223.303199999977,19620.804034186072,2898.0,25.0,7.0,147.0,57.0,20.0,11.0,169.0,34.0,2.0,0.0,0.0,0.0
228,77,7,3397.0,3127.0,743.0,0.0,837.0,5645.0,438.4331315676196,18646.35159999999,19084.78473156761,2898.0,25.0,7.0,147.0,57.0,20.0,11.0,169.0,34.0,2.0,0.0,0.0,0.0
228,78,7,3447.0,3193.0,656.0,0.0,789.0,5645.0,438.01477275425407,18997.98679999999,19436.00157275424,2898.0,25.0,7.0,147.0,57.0,20.0,11.0,169.0,34.0,2.0,0.0,0.0,0.0
228,79,7,3455.0,3143.0,668.0,0.0,777.0,5645.0,519.2444943711411,18665.05559999998,19184.300094371123,2898.0,25.0,7.0,147.0,57.0,20.0,11.0,169.0,34.0,2.0,0.0,0.0,0.0
228,80,7,3475.0,3189.0,731.0,0.0,835.0,5645.0,234.00737514493952,18219.766799999987,18453.77417514493,2898.0,25.0,7.0,147.0,57.0,20.0,11.0,169.0,34.0,2.0,0.0,0.0,0.0
228,81,7,3497.0,3134.0,724.0,0.0,817.0,5645.0,642.3359375533371,20790.96559999998,21433.30153755332,2898.0,25.0,7.0,147.0,57.0,20.0,11.0,169.0,34.0,2.0,0.0,0.0,0.0
228,82,7,3425.0,3140.0,705.0,0.0,773.0,5645.0,803.2917947754161,17872.874399999986,18676.166194775404,2898.0,25.0,7.0,147.0,57.0,20.0,11.0,169.0,34.0,2.0,0.0,0.0,0.0
228,83,7,3489.0,3176.0,699.0,0.0,758.0,5645.0,558.4909919487466,18291.910799999987,18850.40179194873,2898.0,25.0,7.0,147.0,57.0,20.0,11.0,169.0,34.0,2.0,0.0,0.0,0.0
228,84,8,3473.0,3142.0,715.0,0.0,809.0,5645.0,355.1701605878,16854.575199999992,17209.74536058779,2898.0,25.0,7.0,147.0,57.0,20.0,11.0,169.0,34.0,2.0,0.0,0.0,0.0
228,85,8,3440.0,3110.0,737.0,0.0,801.0,5645.0,399.63802196436774,20053.894399999976,20453.532421964344,2898.0,25.0,7.0,147.0,57.0,20.0,11.0,169.0,34.0,2.0,0.0,0.0,0.0
228,86,8,3489.0,3203.0,686.0,0.0,764.0,5645.0,400.3687310484444,19576.34119999998,19976.709931048426,2898.0,25.0,7.0,147.0,57.0,20.0,11.0,169.0,34.0,2.0,0.0,0.0,0.0
228,87,8,3428.0,3135.0,726.0,0.0,813.0,5645.0,682.5924222683304,19716.754799999984,20399.347222268312,2898.0,25.0,7.0,147.0,57.0,20.0,11.0,169.0,34.0,2.0,0.0,0.0,0.0
228,88,8,3509.0,3202.0,717.0,0.0,815.0,5645.0,356.0045273568692,20153.426399999975,20509.430927356847,2898.0,25.0,7.0,147.0,57.0,20.0,11.0,169.0,34.0,2.0,0.0,0.0,0.0
228,89,8,3468.0,3188.0,764.0,0.0,829.0,5645.0,519.2317053612095,19094.980399999986,19614.212105361195,2898.0,25.0,7.0,147.0,57.0,20.0,11.0,169.0,34.0,2.0,0.0,0.0,0.0
228,90,8,3486.0,3140.0,720.0,0.0,772.0,5645.0,641.7978691139489,17785.900799999985,18427.698669113935,2898.0,25.0,7.0,147.0,57.0,20.0,11.0,169.0,34.0,2.0,0.0,0.0,0.0
228,91,8,3440.0,3140.0,721.0,0.0,815.0,5645.0,439.0463076712403,18528.182399999987,18967.228707671227,2898.0,25.0,7.0,147.0,57.0,20.0,11.0,169.0,34.0,2.0,0.0,0.0,0.0
228,92,8,3432.0,3128.0,709.0,0.0,823.0,5645.0,396.33581300292224,17888.438799999993,18284.774613002915,2898.0,25.0,7.0,147.0,57.0,20.0,11.0,169.0,34.0,2.0,0.0,0.0,0.0
228,93,8,3470.0,3153.0,702.0,0.0,819.0,5645.0,602.0526542918343,17308.88199999998,17910.934654291814,2898.0,25.0,7.0,147.0,57.0,20.0,11.0,169.0,34.0,2.0,0.0,0.0,0.0
228,94,8,3328.0,3102.0,699.0,0.0,832.0,5645.0,276.2346126369056,19309.875999999986,19586.11061263689,2898.0,25.0,7.0,147.0,57.0,20.0,11.0,169.0,34.0,2.0,0.0,0.0,0.0
228,95,8,3448.0,3149.0,710.0,0.0,743.0,5645.0,232.90197254708943,18997.652799999985,19230.554772547075,2898.0,25.0,7.0,147.0,57.0,20.0,11.0,169.0,34.0,2.0,0.0,0.0,0.0
228,96,9,3451.0,3147.0,711.0,0.0,783.0,5645.0,638.9291203453163,18318.56399999998,18957.4931203453,2898.0,25.0,7.0,147.0,57.0,20.0,11.0,169.0,34.0,2.0,0.0,0.0,0.0
228,97,9,3410.0,3113.0,725.0,0.0,804.0,5645.0,315.4737303495694,18114.423199999983,18429.89693034955,2898.0,25.0,7.0,147.0,57.0,20.0,11.0,169.0,34.0,2.0,0.0,0.0,0.0
228,98,9,3439.0,3133.0,741.0,0.0,816.0,5645.0,355.7059690709013,18692.376799999987,19048.08276907089,2898.0,25.0,7.0,147.0,57.0,20.0,11.0,169.0,34.0,2.0,0.0,0.0,0.0
228,99,9,3486.0,3124.0,747.0,0.0,835.0,5645.0,356.9494800319093,17976.280799999986,18333.230280031898,2898.0,25.0,7.0,147.0,57.0,20.0,11.0,169.0,34.0,2.0,0.0,0.0,0.0
228,100,9,3409.0,3137.0,663.0,0.0,690.0,5645.0,436.11717644432485,19720.562399999977,20156.6795764443,2898.0,25.0,7.0,147.0,57.0,20.0,11.0,169.0,34.0,2.0,0.0,0.0,0.0
228,101,9,3433.0,3161.0,687.0,0.0,811.0,5645.0,681.8839870060887,19059.10879999998,19740.99278700607,2898.0,25.0,7.0,147.0,57.0,20.0,11.0,169.0,34.0,2.0,0.0,0.0,0.0
228,102,9,3379.0,3165.0,645.0,0.0,800.0,5645.0,396.44849079308904,18729.116799999985,19125.565290793074,2898.0,25.0,7.0,147.0,57.0,20.0,11.0,169.0,34.0,2.0,0.0,0.0,0.0
228,103,9,3426.0,3108.0,707.0,0.0,809.0,5645.0,399.3244094040589,18690.105599999977,19089.430009404037,2898.0,25.0,7.0,147.0,57.0,20.0,11.0,169.0,34.0,2.0,0.0,0.0,0.0
228,104,9,3415.0,3149.0,695.0,0.0,770.0,5645.0,479.0601909277683,18223.707999999984,18702.768190927753,2898.0,25.0,7.0,147.0,57.0,20.0,11.0,169.0,34.0,2.0,0.0,0.0,0.0
228,105,9,3432.0,3172.0,670.0,0.0,741.0,5645.0,313.11335522091315,19866.72079999998,20179.834155220895,2898.0,25.0,7.0,147.0,57.0,20.0,11.0,169.0,34.0,2.0,0.0,0.0,0.0
228,106,9,3468.0,3200.0,701.0,0.0,778.0,5645.0,516.2887738033495,18852.563199999997,19368.851973803343,2898.0,25.0,7.0,147.0,57.0,20.0,11.0,169.0,34.0,2.0,0.0,0.0,0.0
228,107,9,3461.0,3164.0,737.0,0.0,775.0,5645.0,518.3818965747973,18638.66959999998,19157.051496574775,2898.0,25.0,7.0,147.0,57.0,20.0,11.0,169.0,34.0,2.0,0.0,0.0,0.0
228,108,10,3501.0,3165.0,720.0,0.0,816.0,5645.0,519.5383314132755,19612.613599999982,20132.151931413257,2898.0,25.0,7.0,147.0,57.0,20.0,11.0,169.0,34.0,2.0,0.0,0.0,0.0
228,109,10,3461.0,3115.0,741.0,0.0,791.0,5645.0,478.3971796440561,18589.905599999984,19068.30277964404,2898.0,25.0,7.0,147.0,57.0,20.0,11.0,169.0,34.0,2.0,0.0,0.0,0.0
228,110,10,3484.0,3194.0,704.0,0.0,793.0,5645.0,517.8279689939835,18425.97839999999,18943.806368993974,2898.0,25.0,7.0,147.0,57.0,20.0,11.0,169.0,34.0,2.0,0.0,0.0,0.0
228,111,10,3489.0,3141.0,744.0,0.0,818.0,5645.0,478.15950102106336,19647.215999999993,20125.37550102105,2898.0,25.0,7.0,147.0,57.0,20.0,11.0,169.0,34.0,2.0,0.0,0.0,0.0
228,112,10,3400.0,3196.0,677.0,0.0,768.0,5645.0,316.359032518335,18269.26559999999,18585.624632518327,2898.0,25.0,7.0,147.0,57.0,20.0,11.0,169.0,34.0,2.0,0.0,0.0,0.0
228,113,10,3385.0,3113.0,674.0,0.0,744.0,5645.0,437.7699598766502,18432.59159999999,18870.361559876637,2898.0,25.0,7.0,147.0,57.0,20.0,11.0,169.0,34.0,2.0,0.0,0.0,0.0
228,114,10,3465.0,3153.0,728.0,0.0,806.0,5645.0,639.7479252752785,19332.320799999987,19972.06872527527,2898.0,25.0,7.0,147.0,57.0,20.0,11.0,169.0,34.0,2.0,0.0,0.0,0.0
228,115,10,3419.0,3143.0,703.0,0.0,819.0,5645.0,518.2228553465377,21448.81199999997,21967.03485534651,2898.0,25.0,7.0,147.0,57.0,20.0,11.0,169.0,34.0,2.0,0.0,0.0,0.0
228,116,10,3426.0,3153.0,700.0,0.0,790.0,5645.0,519.6347247701,19812.078399999984,20331.71312477008,2898.0,25.0,7.0,147.0,57.0,20.0,11.0,169.0,34.0,2.0,0.0,0.0,0.0
228,117,10,3462.0,3129.0,712.0,0.0,837.0,5645.0,599.9192402430396,18136.734399999972,18736.653640243014,2898.0,25.0,7.0,147.0,57.0,20.0,11.0,169.0,34.0,2.0,0.0,0.0,0.0
228,118,10,3502.0,3210.0,706.0,0.0,846.0,5645.0,638.8552112731302,18827.045599999983,19465.900811273114,2898.0,25.0,7.0,147.0,57.0,20.0,11.0,169.0,34.0,2.0,0.0,0.0,0.0
228,119,10,3491.0,3154.0,706.0,0.0,847.0,5645.0,724.4694317816662,17574.278399999985,18298.74783178165,2898.0,25.0,7.0,147.0,57.0,20.0,11.0,169.0,34.0,2.0,0.0,0.0,0.0
229,0,1,3189.0,3022.0,650.0,0.0,774.0,5645.0,682.3715118028558,19627.910799999983,20310.28231180284,2898.0,25.0,7.0,147.0,57.0,20.0,11.0,169.0,34.0,2.0,0.0,0.0,0.0
229,1,1,3189.0,3076.0,648.0,0.0,784.0,5645.0,722.8385568504136,21046.341999999986,21769.1805568504,2898.0,25.0,7.0,147.0,57.0,20.0,11.0,169.0,34.0,2.0,0.0,0.0,0.0
229,2,1,3250.0,3113.0,623.0,0.0,745.0,5645.0,925.791802450946,19196.983999999986,20122.77580245093,2898.0,25.0,7.0,147.0,57.0,20.0,11.0,169.0,34.0,2.0,0.0,0.0,0.0
229,3,1,3213.0,3090.0,609.0,0.0,767.0,5645.0,846.8691107832341,19515.486399999994,20362.35551078323,2898.0,25.0,7.0,147.0,57.0,20.0,11.0,169.0,34.0,2.0,0.0,0.0,0.0
229,4,1,3172.0,3027.0,622.0,0.0,783.0,5645.0,520.2404957090413,20759.769999999975,21280.010495709015,2898.0,25.0,7.0,147.0,57.0,20.0,11.0,169.0,34.0,2.0,0.0,0.0,0.0
229,5,1,3251.0,3056.0,642.0,0.0,742.0,5645.0,641.5313528055185,19085.82879999998,19727.3601528055,2898.0,25.0,7.0,147.0,57.0,20.0,11.0,169.0,34.0,2.0,0.0,0.0,0.0
229,6,1,3276.0,3143.0,601.0,0.0,758.0,5645.0,683.4400246076236,18700.192399999985,19383.632424607607,2898.0,25.0,7.0,147.0,57.0,20.0,11.0,169.0,34.0,2.0,0.0,0.0,0.0
229,7,1,3195.0,3058.0,645.0,0.0,765.0,5645.0,643.5680567185101,20905.594399999976,21549.162456718488,2898.0,25.0,7.0,147.0,57.0,20.0,11.0,169.0,34.0,2.0,0.0,0.0,0.0
229,8,1,3256.0,3105.0,637.0,0.0,725.0,5645.0,602.1000302505444,20627.572799999987,21229.67283025053,2898.0,25.0,7.0,147.0,57.0,20.0,11.0,169.0,34.0,2.0,0.0,0.0,0.0
229,9,1,3130.0,2992.0,644.0,0.0,724.0,5645.0,277.23561377287837,20195.042799999985,20472.27841377286,2898.0,25.0,7.0,147.0,57.0,20.0,11.0,169.0,34.0,2.0,0.0,0.0,0.0
229,10,1,3134.0,3064.0,629.0,0.0,782.0,5645.0,722.7844722457703,18776.34439999999,19499.128872245758,2898.0,25.0,7.0,147.0,57.0,20.0,11.0,169.0,34.0,2.0,0.0,0.0,0.0
229,11,1,3202.0,3035.0,673.0,0.0,726.0,5645.0,965.0290214837926,19386.228399999985,20351.25742148378,2898.0,25.0,7.0,147.0,57.0,20.0,11.0,169.0,34.0,2.0,0.0,0.0,0.0
229,12,2,3162.0,3015.0,621.0,0.0,730.0,5645.0,479.7890177874164,20069.525599999986,20549.3146177874,2898.0,25.0,7.0,147.0,57.0,20.0,11.0,169.0,34.0,2.0,0.0,0.0,0.0
229,13,2,3206.0,3064.0,619.0,0.0,744.0,5645.0,479.72619790851877,18363.38679999999,18843.11299790851,2898.0,25.0,7.0,147.0,57.0,20.0,11.0,169.0,34.0,2.0,0.0,0.0,0.0
229,14,2,3149.0,3082.0,620.0,0.0,788.0,5645.0,479.3000256927495,20015.484399999994,20494.784425692742,2898.0,25.0,7.0,147.0,57.0,20.0,11.0,169.0,34.0,2.0,0.0,0.0,0.0
229,15,2,3111.0,2994.0,625.0,0.0,754.0,5645.0,599.4304298342297,18825.70959999998,19425.14002983421,2898.0,25.0,7.0,147.0,57.0,20.0,11.0,169.0,34.0,2.0,0.0,0.0,0.0
229,16,2,3129.0,2997.0,639.0,0.0,723.0,5645.0,558.8378078256766,19841.40359999998,20400.241407825655,2898.0,25.0,7.0,147.0,57.0,20.0,11.0,169.0,34.0,2.0,0.0,0.0,0.0
229,17,2,3160.0,3050.0,603.0,0.0,737.0,5645.0,804.7306651425007,20601.654399999992,21406.38506514249,2898.0,25.0,7.0,147.0,57.0,20.0,11.0,169.0,34.0,2.0,0.0,0.0,0.0
229,18,2,3187.0,3073.0,629.0,0.0,780.0,5645.0,602.538896165951,20323.766399999982,20926.305296165934,2898.0,25.0,7.0,147.0,57.0,20.0,11.0,169.0,34.0,2.0,0.0,0.0,0.0
229,19,2,3220.0,3009.0,704.0,0.0,754.0,5645.0,438.9754702103139,19558.906399999985,19997.8818702103,2898.0,25.0,7.0,147.0,57.0,20.0,11.0,169.0,34.0,2.0,0.0,0.0,0.0
229,20,2,3212.0,3096.0,606.0,0.0,793.0,5645.0,722.068007039837,19659.440399999978,20381.508407039815,2898.0,25.0,7.0,147.0,57.0,20.0,11.0,169.0,34.0,2.0,0.0,0.0,0.0
229,21,2,3211.0,3033.0,629.0,0.0,760.0,5645.0,395.7633613018611,20769.25559999998,21165.018961301837,2898.0,25.0,7.0,147.0,57.0,20.0,11.0,169.0,34.0,2.0,0.0,0.0,0.0
229,22,2,3128.0,3049.0,627.0,0.0,755.0,5645.0,479.23753220584337,19261.980399999986,19741.21793220583,2898.0,25.0,7.0,147.0,57.0,20.0,11.0,169.0,34.0,2.0,0.0,0.0,0.0
229,23,2,3207.0,3121.0,621.0,0.0,814.0,5645.0,518.3812151013653,20358.101599999987,20876.482815101353,2898.0,25.0,7.0,147.0,57.0,20.0,11.0,169.0,34.0,2.0,0.0,0.0,0.0
229,24,3,3181.0,3066.0,628.0,0.0,719.0,5645.0,804.6822967928354,19308.205999999984,20112.888296792815,2898.0,25.0,7.0,147.0,57.0,20.0,11.0,169.0,34.0,2.0,0.0,0.0,0.0
229,25,3,3174.0,3018.0,634.0,0.0,742.0,5645.0,761.9010388071072,19534.591199999984,20296.492238807088,2898.0,25.0,7.0,147.0,57.0,20.0,11.0,169.0,34.0,2.0,0.0,0.0,0.0
229,26,3,3134.0,3051.0,619.0,0.0,760.0,5645.0,603.4238649110613,20849.081599999983,21452.505464911046,2898.0,25.0,7.0,147.0,57.0,20.0,11.0,169.0,34.0,2.0,0.0,0.0,0.0
229,27,3,3134.0,3031.0,663.0,0.0,751.0,5645.0,804.6345394995998,19819.559999999987,20624.194539499586,2898.0,25.0,7.0,147.0,57.0,20.0,11.0,169.0,34.0,2.0,0.0,0.0,0.0
229,28,3,3266.0,3085.0,681.0,0.0,758.0,5645.0,763.438334742722,19712.01199999998,20475.450334742705,2898.0,25.0,7.0,147.0,57.0,20.0,11.0,169.0,34.0,2.0,0.0,0.0,0.0
229,29,3,3241.0,3087.0,665.0,0.0,765.0,5645.0,640.275024960041,20425.769999999982,21066.045024960025,2898.0,25.0,7.0,147.0,57.0,20.0,11.0,169.0,34.0,2.0,0.0,0.0,0.0
229,30,3,3208.0,3136.0,571.0,0.0,717.0,5645.0,762.9803916658271,19903.32719999998,20666.30759166581,2898.0,25.0,7.0,147.0,57.0,20.0,11.0,169.0,34.0,2.0,0.0,0.0,0.0
229,31,3,3249.0,3074.0,674.0,0.0,784.0,5645.0,396.6295100322665,19760.97639999998,20157.60591003225,2898.0,25.0,7.0,147.0,57.0,20.0,11.0,169.0,34.0,2.0,0.0,0.0,0.0
229,32,3,3134.0,2940.0,646.0,0.0,718.0,5645.0,885.1909807241456,20226.839599999985,21112.030580724128,2898.0,25.0,7.0,147.0,57.0,20.0,11.0,169.0,34.0,2.0,0.0,0.0,0.0
229,33,3,3202.0,3148.0,608.0,0.0,734.0,5645.0,765.3151642775033,18906.00319999999,19671.31836427749,2898.0,25.0,7.0,147.0,57.0,20.0,11.0,169.0,34.0,2.0,0.0,0.0,0.0
229,34,3,3164.0,3086.0,654.0,0.0,772.0,5645.0,600.722775991931,18556.23839999999,19156.96117599192,2898.0,25.0,7.0,147.0,57.0,20.0,11.0,169.0,34.0,2.0,0.0,0.0,0.0
229,35,3,3199.0,3076.0,660.0,0.0,755.0,5645.0,843.7182320472386,19247.083999999988,20090.80223204723,2898.0,25.0,7.0,147.0,57.0,20.0,11.0,169.0,34.0,2.0,0.0,0.0,0.0
229,36,4,3156.0,3066.0,655.0,0.0,770.0,5645.0,926.3854103307609,19826.974799999993,20753.360210330753,2898.0,25.0,7.0,147.0,57.0,20.0,11.0,169.0,34.0,2.0,0.0,0.0,0.0
229,37,4,3213.0,3067.0,647.0,0.0,794.0,5645.0,681.7483599903552,20445.54279999998,21127.291159990335,2898.0,25.0,7.0,147.0,57.0,20.0,11.0,169.0,34.0,2.0,0.0,0.0,0.0
229,38,4,3138.0,3028.0,639.0,0.0,760.0,5645.0,804.2381752607579,20212.744799999982,21016.98297526074,2898.0,25.0,7.0,147.0,57.0,20.0,11.0,169.0,34.0,2.0,0.0,0.0,0.0
229,39,4,3227.0,3137.0,651.0,0.0,783.0,5645.0,481.65903703550555,19969.659599999988,20451.318637035492,2898.0,25.0,7.0,147.0,57.0,20.0,11.0,169.0,34.0,2.0,0.0,0.0,0.0
229,40,4,3214.0,3064.0,638.0,0.0,768.0,5645.0,722.3195643065851,20075.604399999997,20797.92396430658,2898.0,25.0,7.0,147.0,57.0,20.0,11.0,169.0,34.0,2.0,0.0,0.0,0.0
229,41,4,3189.0,3033.0,645.0,0.0,783.0,5645.0,805.2986342783738,18368.39679999998,19173.695434278354,2898.0,25.0,7.0,147.0,57.0,20.0,11.0,169.0,34.0,2.0,0.0,0.0,0.0
229,42,4,3219.0,3055.0,633.0,0.0,782.0,5645.0,680.7328470565159,20340.19919999998,21020.932047056496,2898.0,25.0,7.0,147.0,57.0,20.0,11.0,169.0,34.0,2.0,0.0,0.0,0.0
229,43,4,3169.0,3077.0,649.0,0.0,810.0,5645.0,886.4381174112717,19935.524799999977,20821.962917411245,2898.0,25.0,7.0,147.0,57.0,20.0,11.0,169.0,34.0,2.0,0.0,0.0,0.0
229,44,4,3192.0,2989.0,617.0,0.0,719.0,5645.0,721.6513216635269,18675.609999999986,19397.261321663515,2898.0,25.0,7.0,147.0,57.0,20.0,11.0,169.0,34.0,2.0,0.0,0.0,0.0
229,45,4,3238.0,3148.0,621.0,0.0,758.0,5645.0,355.64142960001243,20685.621999999992,21041.263429600003,2898.0,25.0,7.0,147.0,57.0,20.0,11.0,169.0,34.0,2.0,0.0,0.0,0.0
229,46,4,3209.0,3027.0,648.0,0.0,745.0,5645.0,558.559118011668,18741.94239999999,19300.501518011657,2898.0,25.0,7.0,147.0,57.0,20.0,11.0,169.0,34.0,2.0,0.0,0.0,0.0
229,47,4,3167.0,3073.0,621.0,0.0,764.0,5645.0,639.4706206280699,18860.979999999985,19500.450620628057,2898.0,25.0,7.0,147.0,57.0,20.0,11.0,169.0,34.0,2.0,0.0,0.0,0.0
229,48,5,3156.0,3003.0,640.0,0.0,745.0,5645.0,439.17278227161745,19015.02079999999,19454.19358227161,2898.0,25.0,7.0,147.0,57.0,20.0,11.0,169.0,34.0,2.0,0.0,0.0,0.0
229,49,5,3160.0,3048.0,641.0,0.0,801.0,5645.0,438.90141419576105,18226.713999999993,18665.615414195756,2898.0,25.0,7.0,147.0,57.0,20.0,11.0,169.0,34.0,2.0,0.0,0.0,0.0
229,50,5,3205.0,3061.0,653.0,0.0,789.0,5645.0,560.2333804569948,19447.283599999988,20007.51698045698,2898.0,25.0,7.0,147.0,57.0,20.0,11.0,169.0,34.0,2.0,0.0,0.0,0.0
229,51,5,3227.0,3088.0,632.0,0.0,775.0,5645.0,845.0037639998985,20230.44679999998,21075.450563999875,2898.0,25.0,7.0,147.0,57.0,20.0,11.0,169.0,34.0,2.0,0.0,0.0,0.0
229,52,5,3119.0,3018.0,615.0,0.0,775.0,5645.0,439.5242508912471,18523.706799999985,18963.231050891234,2898.0,25.0,7.0,147.0,57.0,20.0,11.0,169.0,34.0,2.0,0.0,0.0,0.0
229,53,5,3214.0,3095.0,616.0,0.0,767.0,5645.0,762.7819606833888,20598.04719999998,21360.829160683363,2898.0,25.0,7.0,147.0,57.0,20.0,11.0,169.0,34.0,2.0,0.0,0.0,0.0
229,54,5,3195.0,2996.0,630.0,0.0,806.0,5645.0,683.0414239202494,20717.81959999998,21400.86102392023,2898.0,25.0,7.0,147.0,57.0,20.0,11.0,169.0,34.0,2.0,0.0,0.0,0.0
229,55,5,3194.0,3001.0,662.0,0.0,772.0,5645.0,642.3649679163178,19821.630799999984,20463.995767916305,2898.0,25.0,7.0,147.0,57.0,20.0,11.0,169.0,34.0,2.0,0.0,0.0,0.0
229,56,5,3183.0,3063.0,611.0,0.0,749.0,5645.0,517.3119492013867,19798.451199999978,20315.763149201364,2898.0,25.0,7.0,147.0,57.0,20.0,11.0,169.0,34.0,2.0,0.0,0.0,0.0
229,57,5,3211.0,3125.0,595.0,0.0,748.0,5645.0,440.05947287597985,20866.24919999999,21306.30867287597,2898.0,25.0,7.0,147.0,57.0,20.0,11.0,169.0,34.0,2.0,0.0,0.0,0.0
229,58,5,3147.0,3031.0,599.0,0.0,744.0,5645.0,683.4443548968793,19741.80479999998,20425.249154896857,2898.0,25.0,7.0,147.0,57.0,20.0,11.0,169.0,34.0,2.0,0.0,0.0,0.0
229,59,5,3229.0,3052.0,656.0,0.0,747.0,5645.0,846.2601568686464,20979.87599999998,21826.136156868626,2898.0,25.0,7.0,147.0,57.0,20.0,11.0,169.0,34.0,2.0,0.0,0.0,0.0
229,60,6,3209.0,3104.0,645.0,0.0,802.0,5645.0,802.035781808012,20159.50519999998,20961.540981807993,2898.0,25.0,7.0,147.0,57.0,20.0,11.0,169.0,34.0,2.0,0.0,0.0,0.0
229,61,6,3174.0,2963.0,692.0,0.0,745.0,5645.0,845.7630744785255,20087.093999999994,20932.85707447852,2898.0,25.0,7.0,147.0,57.0,20.0,11.0,169.0,34.0,2.0,0.0,0.0,0.0
229,62,6,3158.0,3080.0,619.0,0.0,750.0,5645.0,397.19916885472736,21668.049599999984,22065.24876885471,2898.0,25.0,7.0,147.0,57.0,20.0,11.0,169.0,34.0,2.0,0.0,0.0,0.0
229,63,6,3186.0,3093.0,643.0,0.0,757.0,5645.0,885.6729463164414,19773.80199999998,20659.474946316426,2898.0,25.0,7.0,147.0,57.0,20.0,11.0,169.0,34.0,2.0,0.0,0.0,0.0
229,64,6,3185.0,3038.0,640.0,0.0,717.0,5645.0,599.1438498077496,19050.491599999987,19649.635449807734,2898.0,25.0,7.0,147.0,57.0,20.0,11.0,169.0,34.0,2.0,0.0,0.0,0.0
229,65,6,3180.0,3016.0,656.0,0.0,748.0,5645.0,639.5411968794781,20750.4848,21390.025996879478,2898.0,25.0,7.0,147.0,57.0,20.0,11.0,169.0,34.0,2.0,0.0,0.0,0.0
229,66,6,3217.0,3089.0,679.0,0.0,793.0,5645.0,642.6650429747563,20101.656399999993,20744.321442974746,2898.0,25.0,7.0,147.0,57.0,20.0,11.0,169.0,34.0,2.0,0.0,0.0,0.0
229,67,6,3195.0,3044.0,638.0,0.0,768.0,5645.0,968.942974253758,18892.24239999998,19861.18537425374,2898.0,25.0,7.0,147.0,57.0,20.0,11.0,169.0,34.0,2.0,0.0,0.0,0.0
229,68,6,3237.0,3074.0,663.0,0.0,748.0,5645.0,724.4243371971035,19417.62439999999,20142.048737197096,2898.0,25.0,7.0,147.0,57.0,20.0,11.0,169.0,34.0,2.0,0.0,0.0,0.0
229,69,6,3187.0,3067.0,647.0,0.0,765.0,5645.0,642.7325082033458,19338.59999999999,19981.332508203337,2898.0,25.0,7.0,147.0,57.0,20.0,11.0,169.0,34.0,2.0,0.0,0.0,0.0
229,70,6,3227.0,3047.0,675.0,0.0,757.0,5645.0,722.8258135124078,19121.833999999984,19844.659813512393,2898.0,25.0,7.0,147.0,57.0,20.0,11.0,169.0,34.0,2.0,0.0,0.0,0.0
229,71,6,3172.0,3042.0,651.0,0.0,745.0,5645.0,763.3321981181783,20447.47999999999,21210.81219811817,2898.0,25.0,7.0,147.0,57.0,20.0,11.0,169.0,34.0,2.0,0.0,0.0,0.0
229,72,7,3192.0,3068.0,570.0,0.0,722.0,5645.0,683.4617265048607,20273.332399999992,20956.794126504854,2898.0,25.0,7.0,147.0,57.0,20.0,11.0,169.0,34.0,2.0,0.0,0.0,0.0
229,73,7,3159.0,3073.0,618.0,0.0,703.0,5645.0,599.507599596939,19750.021199999974,20349.528799596912,2898.0,25.0,7.0,147.0,57.0,20.0,11.0,169.0,34.0,2.0,0.0,0.0,0.0
229,74,7,3205.0,3047.0,641.0,0.0,802.0,5645.0,519.8370501786918,21348.74559999998,21868.582650178672,2898.0,25.0,7.0,147.0,57.0,20.0,11.0,169.0,34.0,2.0,0.0,0.0,0.0
229,75,7,3202.0,2988.0,680.0,0.0,734.0,5645.0,722.516352854095,20302.991599999976,21025.507952854074,2898.0,25.0,7.0,147.0,57.0,20.0,11.0,169.0,34.0,2.0,0.0,0.0,0.0
229,76,7,3156.0,3039.0,677.0,0.0,822.0,5645.0,804.7927250261428,19581.551599999988,20386.344325026133,2898.0,25.0,7.0,147.0,57.0,20.0,11.0,169.0,34.0,2.0,0.0,0.0,0.0
229,77,7,3185.0,3041.0,645.0,0.0,801.0,5645.0,561.9394906719383,20505.92999999998,21067.869490671917,2898.0,25.0,7.0,147.0,57.0,20.0,11.0,169.0,34.0,2.0,0.0,0.0,0.0
229,78,7,3210.0,3040.0,622.0,0.0,723.0,5645.0,438.4027681463892,19989.565999999977,20427.96876814637,2898.0,25.0,7.0,147.0,57.0,20.0,11.0,169.0,34.0,2.0,0.0,0.0,0.0
229,79,7,3223.0,3107.0,653.0,0.0,784.0,5645.0,315.3418201114788,19377.009999999984,19692.35182011146,2898.0,25.0,7.0,147.0,57.0,20.0,11.0,169.0,34.0,2.0,0.0,0.0,0.0
229,80,7,3244.0,3044.0,644.0,0.0,757.0,5645.0,601.339255316972,20802.121199999983,21403.460455316952,2898.0,25.0,7.0,147.0,57.0,20.0,11.0,169.0,34.0,2.0,0.0,0.0,0.0
229,81,7,3141.0,3007.0,636.0,0.0,756.0,5645.0,925.5321854152362,19591.83879999998,20517.37098541521,2898.0,25.0,7.0,147.0,57.0,20.0,11.0,169.0,34.0,2.0,0.0,0.0,0.0
229,82,7,3210.0,3097.0,588.0,0.0,706.0,5645.0,274.2696273772319,19864.449599999985,20138.719227377216,2898.0,25.0,7.0,147.0,57.0,20.0,11.0,169.0,34.0,2.0,0.0,0.0,0.0
229,83,7,3229.0,3075.0,633.0,0.0,751.0,5645.0,478.1371038137848,18553.03199999998,19031.169103813765,2898.0,25.0,7.0,147.0,57.0,20.0,11.0,169.0,34.0,2.0,0.0,0.0,0.0
229,84,8,3214.0,3039.0,666.0,0.0,747.0,5645.0,358.1574699479747,20726.303199999973,21084.46066994795,2898.0,25.0,7.0,147.0,57.0,20.0,11.0,169.0,34.0,2.0,0.0,0.0,0.0
229,85,8,3242.0,3104.0,625.0,0.0,720.0,5645.0,885.1906648337799,20406.79879999998,21291.989464833758,2898.0,25.0,7.0,147.0,57.0,20.0,11.0,169.0,34.0,2.0,0.0,0.0,0.0
229,86,8,3161.0,3037.0,659.0,0.0,777.0,5645.0,805.1139345645018,20572.72999999998,21377.843934564487,2898.0,25.0,7.0,147.0,57.0,20.0,11.0,169.0,34.0,2.0,0.0,0.0,0.0
229,87,8,3250.0,3111.0,648.0,0.0,766.0,5645.0,437.58015770906866,21631.643599999974,22069.223757709042,2898.0,25.0,7.0,147.0,57.0,20.0,11.0,169.0,34.0,2.0,0.0,0.0,0.0
229,88,8,3223.0,3130.0,663.0,0.0,782.0,5645.0,722.3967436346517,19809.60679999999,20532.00354363464,2898.0,25.0,7.0,147.0,57.0,20.0,11.0,169.0,34.0,2.0,0.0,0.0,0.0
229,89,8,3236.0,3039.0,665.0,0.0,741.0,5645.0,725.2484657024136,19906.33319999998,20631.581665702397,2898.0,25.0,7.0,147.0,57.0,20.0,11.0,169.0,34.0,2.0,0.0,0.0,0.0
229,90,8,3150.0,3025.0,655.0,0.0,781.0,5645.0,643.311295161121,19758.50479999999,20401.816095161113,2898.0,25.0,7.0,147.0,57.0,20.0,11.0,169.0,34.0,2.0,0.0,0.0,0.0
229,91,8,3185.0,3025.0,651.0,0.0,787.0,5645.0,397.78847639279496,18902.52959999999,19300.318076392785,2898.0,25.0,7.0,147.0,57.0,20.0,11.0,169.0,34.0,2.0,0.0,0.0,0.0
229,92,8,3220.0,3048.0,635.0,0.0,778.0,5645.0,846.2229170676414,18048.22439999998,18894.447317067625,2898.0,25.0,7.0,147.0,57.0,20.0,11.0,169.0,34.0,2.0,0.0,0.0,0.0
229,93,8,3085.0,3014.0,636.0,0.0,806.0,5645.0,640.735641131582,20316.95279999998,20957.688441131566,2898.0,25.0,7.0,147.0,57.0,20.0,11.0,169.0,34.0,2.0,0.0,0.0,0.0
229,94,8,3178.0,3024.0,663.0,0.0,706.0,5645.0,760.9736280339874,20357.901199999982,21118.87482803397,2898.0,25.0,7.0,147.0,57.0,20.0,11.0,169.0,34.0,2.0,0.0,0.0,0.0
229,95,8,3221.0,3064.0,643.0,0.0,749.0,5645.0,720.9648090619893,19274.471999999983,19995.436809061976,2898.0,25.0,7.0,147.0,57.0,20.0,11.0,169.0,34.0,2.0,0.0,0.0,0.0
229,96,9,3154.0,3024.0,651.0,0.0,758.0,5645.0,682.2294452067439,18203.667999999983,18885.897445206727,2898.0,25.0,7.0,147.0,57.0,20.0,11.0,169.0,34.0,2.0,0.0,0.0,0.0
229,97,9,3185.0,3038.0,665.0,0.0,776.0,5645.0,519.2336423458144,19293.910799999976,19813.14444234579,2898.0,25.0,7.0,147.0,57.0,20.0,11.0,169.0,34.0,2.0,0.0,0.0,0.0
229,98,9,3245.0,3051.0,666.0,0.0,790.0,5645.0,924.136166015935,17865.92719999999,18790.063366015926,2898.0,25.0,7.0,147.0,57.0,20.0,11.0,169.0,34.0,2.0,0.0,0.0,0.0
229,99,9,3142.0,3049.0,591.0,0.0,678.0,5645.0,437.19886225896903,20315.683599999982,20752.88246225895,2898.0,25.0,7.0,147.0,57.0,20.0,11.0,169.0,34.0,2.0,0.0,0.0,0.0
229,100,9,3177.0,3053.0,633.0,0.0,805.0,5645.0,927.5498422349312,19278.012399999985,20205.562242234915,2898.0,25.0,7.0,147.0,57.0,20.0,11.0,169.0,34.0,2.0,0.0,0.0,0.0
229,101,9,3142.0,3061.0,602.0,0.0,777.0,5645.0,1168.1889500797968,19625.305599999992,20793.494550079788,2898.0,25.0,7.0,147.0,57.0,20.0,11.0,169.0,34.0,2.0,0.0,0.0,0.0
229,102,9,3205.0,3041.0,634.0,0.0,771.0,5645.0,641.4248790683935,19476.942799999986,20118.36767906838,2898.0,25.0,7.0,147.0,57.0,20.0,11.0,169.0,34.0,2.0,0.0,0.0,0.0
229,103,9,3157.0,3043.0,617.0,0.0,740.0,5645.0,518.2916394251599,20073.667199999993,20591.95883942515,2898.0,25.0,7.0,147.0,57.0,20.0,11.0,169.0,34.0,2.0,0.0,0.0,0.0
229,104,9,3199.0,3063.0,624.0,0.0,728.0,5645.0,600.1452210658821,21270.789999999975,21870.935221065854,2898.0,25.0,7.0,147.0,57.0,20.0,11.0,169.0,34.0,2.0,0.0,0.0,0.0
229,105,9,3208.0,3068.0,652.0,0.0,728.0,5645.0,518.1546271158775,19529.11359999999,20047.268227115863,2898.0,25.0,7.0,147.0,57.0,20.0,11.0,169.0,34.0,2.0,0.0,0.0,0.0
229,106,9,3207.0,3053.0,674.0,0.0,733.0,5645.0,476.9528593857662,18843.211199999976,19320.164059385745,2898.0,25.0,7.0,147.0,57.0,20.0,11.0,169.0,34.0,2.0,0.0,0.0,0.0
229,107,9,3269.0,3095.0,659.0,0.0,793.0,5645.0,641.1337285678763,20055.697999999982,20696.831728567857,2898.0,25.0,7.0,147.0,57.0,20.0,11.0,169.0,34.0,2.0,0.0,0.0,0.0
229,108,10,3223.0,3059.0,649.0,0.0,693.0,5645.0,560.055169042123,19913.34719999998,20473.402369042098,2898.0,25.0,7.0,147.0,57.0,20.0,11.0,169.0,34.0,2.0,0.0,0.0,0.0
229,109,10,3232.0,3090.0,639.0,0.0,751.0,5645.0,598.732387222103,19658.104399999967,20256.836787222077,2898.0,25.0,7.0,147.0,57.0,20.0,11.0,169.0,34.0,2.0,0.0,0.0,0.0
229,110,10,3268.0,3076.0,678.0,0.0,772.0,5645.0,638.855189777536,21000.04959999999,21638.904789777527,2898.0,25.0,7.0,147.0,57.0,20.0,11.0,169.0,34.0,2.0,0.0,0.0,0.0
229,111,10,3138.0,3064.0,632.0,0.0,744.0,5645.0,315.30444950136234,20503.391599999984,20818.696049501345,2898.0,25.0,7.0,147.0,57.0,20.0,11.0,169.0,34.0,2.0,0.0,0.0,0.0
229,112,10,3135.0,3029.0,603.0,0.0,712.0,5645.0,438.79540897527124,19742.07199999998,20180.86740897525,2898.0,25.0,7.0,147.0,57.0,20.0,11.0,169.0,34.0,2.0,0.0,0.0,0.0
229,113,10,3215.0,3089.0,632.0,0.0,752.0,5645.0,641.6218373896984,19735.25839999999,20376.880237389687,2898.0,25.0,7.0,147.0,57.0,20.0,11.0,169.0,34.0,2.0,0.0,0.0,0.0
229,114,10,3172.0,3065.0,613.0,0.0,760.0,5645.0,519.4187582298276,22810.39639999997,23329.8151582298,2898.0,25.0,7.0,147.0,57.0,20.0,11.0,169.0,34.0,2.0,0.0,0.0,0.0
229,115,10,3174.0,3045.0,656.0,0.0,757.0,5645.0,722.4405409702373,20594.17279999999,21316.613340970227,2898.0,25.0,7.0,147.0,57.0,20.0,11.0,169.0,34.0,2.0,0.0,0.0,0.0
229,116,10,3191.0,3042.0,619.0,0.0,767.0,5645.0,924.9545107787479,19092.709199999972,20017.66371077872,2898.0,25.0,7.0,147.0,57.0,20.0,11.0,169.0,34.0,2.0,0.0,0.0,0.0
229,117,10,3231.0,3085.0,652.0,0.0,800.0,5645.0,557.2741140600979,19035.06079999999,19592.334914060084,2898.0,25.0,7.0,147.0,57.0,20.0,11.0,169.0,34.0,2.0,0.0,0.0,0.0
229,118,10,3227.0,3037.0,649.0,0.0,825.0,5645.0,1008.0792027729246,18595.583599999987,19603.66280277291,2898.0,25.0,7.0,147.0,57.0,20.0,11.0,169.0,34.0,2.0,0.0,0.0,0.0
229,119,10,3278.0,3071.0,659.0,0.0,772.0,5645.0,476.7043684946477,20397.713999999993,20874.418368494637,2898.0,25.0,7.0,147.0,57.0,20.0,11.0,169.0,34.0,2.0,0.0,0.0,0.0
230,0,1,3355.0,3159.0,672.0,0.0,768.0,5645.0,315.6560369158935,22317.67959999998,22633.335636915876,2898.0,25.0,7.0,147.0,57.0,20.0,11.0,169.0,34.0,2.0,0.0,0.0,0.0
230,1,1,3427.0,3180.0,667.0,0.0,754.0,5645.0,396.88382599937944,19778.811999999984,20175.695825999363,2898.0,25.0,7.0,147.0,57.0,20.0,11.0,169.0,34.0,2.0,0.0,0.0,0.0
230,2,1,3389.0,3182.0,639.0,0.0,762.0,5645.0,439.9035041583295,20121.76319999999,20561.66670415832,2898.0,25.0,7.0,147.0,57.0,20.0,11.0,169.0,34.0,2.0,0.0,0.0,0.0
230,3,1,3344.0,3096.0,660.0,0.0,769.0,5645.0,275.9047622660986,21812.27079999997,22088.17556226607,2898.0,25.0,7.0,147.0,57.0,20.0,11.0,169.0,34.0,2.0,0.0,0.0,0.0
230,4,1,3451.0,3162.0,672.0,0.0,725.0,5645.0,316.0338483308303,19834.055599999978,20150.08944833081,2898.0,25.0,7.0,147.0,57.0,20.0,11.0,169.0,34.0,2.0,0.0,0.0,0.0
230,5,1,3449.0,3217.0,624.0,0.0,742.0,5645.0,439.2322514984826,19450.957599999987,19890.189851498468,2898.0,25.0,7.0,147.0,57.0,20.0,11.0,169.0,34.0,2.0,0.0,0.0,0.0
230,6,1,3379.0,3142.0,683.0,0.0,762.0,5645.0,358.41291374707,22540.791599999975,22899.20451374705,2898.0,25.0,7.0,147.0,57.0,20.0,11.0,169.0,34.0,2.0,0.0,0.0,0.0
230,7,1,3429.0,3182.0,670.0,0.0,719.0,5645.0,438.171262108664,20996.442399999993,21434.61366210865,2898.0,25.0,7.0,147.0,57.0,20.0,11.0,169.0,34.0,2.0,0.0,0.0,0.0
230,8,1,3332.0,3088.0,683.0,0.0,715.0,5645.0,113.98167789197095,21095.23959999998,21209.221277891953,2898.0,25.0,7.0,147.0,57.0,20.0,11.0,169.0,34.0,2.0,0.0,0.0,0.0
230,9,1,3321.0,3150.0,651.0,0.0,748.0,5645.0,438.3475438064478,21525.83239999998,21964.17994380643,2898.0,25.0,7.0,147.0,57.0,20.0,11.0,169.0,34.0,2.0,0.0,0.0,0.0
230,10,1,3382.0,3121.0,697.0,0.0,721.0,5645.0,558.6605524221969,20335.923999999988,20894.584552422188,2898.0,25.0,7.0,147.0,57.0,20.0,11.0,169.0,34.0,2.0,0.0,0.0,0.0
230,11,1,3337.0,3117.0,640.0,0.0,746.0,5645.0,193.7951594081903,21365.71279999999,21559.50795940818,2898.0,25.0,7.0,147.0,57.0,20.0,11.0,169.0,34.0,2.0,0.0,0.0,0.0
230,12,2,3367.0,3152.0,629.0,0.0,723.0,5645.0,275.8473730436919,19476.742399999985,19752.589773043677,2898.0,25.0,7.0,147.0,57.0,20.0,11.0,169.0,34.0,2.0,0.0,0.0,0.0
230,13,2,3341.0,3168.0,653.0,0.0,769.0,5645.0,234.56317801250879,20958.49999999999,21193.0631780125,2898.0,25.0,7.0,147.0,57.0,20.0,11.0,169.0,34.0,2.0,0.0,0.0,0.0
230,14,2,3282.0,3062.0,666.0,0.0,735.0,5645.0,233.74698947671294,19897.782799999986,20131.529789476695,2898.0,25.0,7.0,147.0,57.0,20.0,11.0,169.0,34.0,2.0,0.0,0.0,0.0
230,15,2,3329.0,3065.0,700.0,0.0,740.0,5645.0,356.95826126159795,22458.22679999998,22815.185061261578,2898.0,25.0,7.0,147.0,57.0,20.0,11.0,169.0,34.0,2.0,0.0,0.0,0.0
230,16,2,3330.0,3155.0,606.0,0.0,730.0,5645.0,317.3977774881478,23151.00959999998,23468.407377488125,2898.0,25.0,7.0,147.0,57.0,20.0,11.0,169.0,34.0,2.0,0.0,0.0,0.0
230,17,2,3359.0,3159.0,645.0,0.0,764.0,5645.0,273.82187809453416,21591.029199999983,21864.851078094514,2898.0,25.0,7.0,147.0,57.0,20.0,11.0,169.0,34.0,2.0,0.0,0.0,0.0
230,18,2,3414.0,3095.0,742.0,0.0,741.0,5645.0,275.294589699764,20097.648399999984,20372.94298969975,2898.0,25.0,7.0,147.0,57.0,20.0,11.0,169.0,34.0,2.0,0.0,0.0,0.0
230,19,2,3383.0,3169.0,653.0,0.0,771.0,5645.0,275.42179763928414,20654.626799999976,20930.04859763926,2898.0,25.0,7.0,147.0,57.0,20.0,11.0,169.0,34.0,2.0,0.0,0.0,0.0
230,20,2,3396.0,3098.0,683.0,0.0,745.0,5645.0,354.82520657348823,20234.98919999999,20589.814406573478,2898.0,25.0,7.0,147.0,57.0,20.0,11.0,169.0,34.0,2.0,0.0,0.0,0.0
230,21,2,3284.0,3144.0,630.0,0.0,727.0,5645.0,314.39792913365847,20375.135599999983,20689.53352913364,2898.0,25.0,7.0,147.0,57.0,20.0,11.0,169.0,34.0,2.0,0.0,0.0,0.0
230,22,2,3370.0,3184.0,660.0,0.0,789.0,5645.0,396.0419796715844,21239.460799999993,21635.502779671573,2898.0,25.0,7.0,147.0,57.0,20.0,11.0,169.0,34.0,2.0,0.0,0.0,0.0
230,23,2,3349.0,3150.0,653.0,0.0,693.0,5645.0,438.09701557137197,20526.30399999999,20964.40101557136,2898.0,25.0,7.0,147.0,57.0,20.0,11.0,169.0,34.0,2.0,0.0,0.0,0.0
230,24,3,3334.0,3076.0,678.0,0.0,728.0,5645.0,355.9841399210781,20809.068399999993,21165.052539921067,2898.0,25.0,7.0,147.0,57.0,20.0,11.0,169.0,34.0,2.0,0.0,0.0,0.0
230,25,3,3320.0,3142.0,648.0,0.0,743.0,5645.0,318.5769095045961,21768.65039999998,22087.227309504582,2898.0,25.0,7.0,147.0,57.0,20.0,11.0,169.0,34.0,2.0,0.0,0.0,0.0
230,26,3,3358.0,3142.0,680.0,0.0,718.0,5645.0,439.2874019297799,20872.39479999998,21311.682201929758,2898.0,25.0,7.0,147.0,57.0,20.0,11.0,169.0,34.0,2.0,0.0,0.0,0.0
230,27,3,3445.0,3189.0,683.0,0.0,715.0,5645.0,355.8487515790292,20102.858799999984,20458.70755157901,2898.0,25.0,7.0,147.0,57.0,20.0,11.0,169.0,34.0,2.0,0.0,0.0,0.0
230,28,3,3415.0,3168.0,693.0,0.0,752.0,5645.0,233.44396981893118,21240.796799999982,21474.240769818913,2898.0,25.0,7.0,147.0,57.0,20.0,11.0,169.0,34.0,2.0,0.0,0.0,0.0
230,29,3,3386.0,3204.0,625.0,0.0,721.0,5645.0,395.5555135611332,19287.83199999999,19683.387513561127,2898.0,25.0,7.0,147.0,57.0,20.0,11.0,169.0,34.0,2.0,0.0,0.0,0.0
230,30,3,3419.0,3161.0,702.0,0.0,755.0,5645.0,273.87103038715463,20692.569199999987,20966.440230387143,2898.0,25.0,7.0,147.0,57.0,20.0,11.0,169.0,34.0,2.0,0.0,0.0,0.0
230,31,3,3325.0,3061.0,653.0,0.0,681.0,5645.0,436.59720893413703,20123.03239999999,20559.629608934127,2898.0,25.0,7.0,147.0,57.0,20.0,11.0,169.0,34.0,2.0,0.0,0.0,0.0
230,32,3,3403.0,3233.0,653.0,0.0,718.0,5645.0,356.62254661575713,20321.42839999998,20678.05094661574,2898.0,25.0,7.0,147.0,57.0,20.0,11.0,169.0,34.0,2.0,0.0,0.0,0.0
230,33,3,3351.0,3173.0,688.0,0.0,763.0,5645.0,356.3900915764191,19537.864399999984,19894.2544915764,2898.0,25.0,7.0,147.0,57.0,20.0,11.0,169.0,34.0,2.0,0.0,0.0,0.0
230,34,3,3396.0,3167.0,701.0,0.0,763.0,5645.0,437.4764714447473,19954.696399999993,20392.172871444738,2898.0,25.0,7.0,147.0,57.0,20.0,11.0,169.0,34.0,2.0,0.0,0.0,0.0
230,35,3,3344.0,3151.0,691.0,0.0,757.0,5645.0,641.8691434099376,20424.50079999999,21066.36994340993,2898.0,25.0,7.0,147.0,57.0,20.0,11.0,169.0,34.0,2.0,0.0,0.0,0.0
230,36,4,3385.0,3154.0,670.0,0.0,765.0,5645.0,477.376249303769,20877.605199999987,21354.981449303756,2898.0,25.0,7.0,147.0,57.0,20.0,11.0,169.0,34.0,2.0,0.0,0.0,0.0
230,37,4,3322.0,3126.0,653.0,0.0,735.0,5645.0,397.38932194078836,21293.83599999998,21691.225321940772,2898.0,25.0,7.0,147.0,57.0,20.0,11.0,169.0,34.0,2.0,0.0,0.0,0.0
230,38,4,3387.0,3186.0,693.0,0.0,765.0,5645.0,196.42699426608428,20981.345599999986,21177.77259426607,2898.0,25.0,7.0,147.0,57.0,20.0,11.0,169.0,34.0,2.0,0.0,0.0,0.0
230,39,4,3381.0,3159.0,657.0,0.0,750.0,5645.0,193.97351226221923,21405.124799999983,21599.0983122622,2898.0,25.0,7.0,147.0,57.0,20.0,11.0,169.0,34.0,2.0,0.0,0.0,0.0
230,40,4,3374.0,3124.0,674.0,0.0,765.0,5645.0,357.9723063643492,19146.015599999977,19503.987906364328,2898.0,25.0,7.0,147.0,57.0,20.0,11.0,169.0,34.0,2.0,0.0,0.0,0.0
230,41,4,3401.0,3159.0,648.0,0.0,751.0,5645.0,274.16622473984677,20743.47079999998,21017.63702473983,2898.0,25.0,7.0,147.0,57.0,20.0,11.0,169.0,34.0,2.0,0.0,0.0,0.0
230,42,4,3345.0,3150.0,686.0,0.0,785.0,5645.0,398.7512459513877,21306.795199999975,21705.546445951364,2898.0,25.0,7.0,147.0,57.0,20.0,11.0,169.0,34.0,2.0,0.0,0.0,0.0
230,43,4,3361.0,3060.0,655.0,0.0,736.0,5645.0,395.47370911204456,19805.06439999999,20200.538109112036,2898.0,25.0,7.0,147.0,57.0,20.0,11.0,169.0,34.0,2.0,0.0,0.0,0.0
230,44,4,3416.0,3192.0,690.0,0.0,749.0,5645.0,108.57769555000179,20360.372799999994,20468.950495549994,2898.0,25.0,7.0,147.0,57.0,20.0,11.0,169.0,34.0,2.0,0.0,0.0,0.0
230,45,4,3377.0,3120.0,664.0,0.0,726.0,5645.0,233.67507044204604,19306.135199999986,19539.81027044203,2898.0,25.0,7.0,147.0,57.0,20.0,11.0,169.0,34.0,2.0,0.0,0.0,0.0
230,46,4,3356.0,3158.0,665.0,0.0,761.0,5645.0,478.4808375271318,20179.61199999999,20658.09283752712,2898.0,25.0,7.0,147.0,57.0,20.0,11.0,169.0,34.0,2.0,0.0,0.0,0.0
230,47,4,3326.0,3117.0,626.0,0.0,709.0,5645.0,518.9494045543369,19820.695599999992,20339.645004554328,2898.0,25.0,7.0,147.0,57.0,20.0,11.0,169.0,34.0,2.0,0.0,0.0,0.0
230,48,5,3336.0,3145.0,659.0,0.0,783.0,5645.0,316.30660864720716,19051.89439999999,19368.201008647196,2898.0,25.0,7.0,147.0,57.0,20.0,11.0,169.0,34.0,2.0,0.0,0.0,0.0
230,49,5,3403.0,3166.0,675.0,0.0,778.0,5645.0,314.86500263846557,20544.27319999999,20859.138202638453,2898.0,25.0,7.0,147.0,57.0,20.0,11.0,169.0,34.0,2.0,0.0,0.0,0.0
230,50,5,3408.0,3181.0,656.0,0.0,750.0,5645.0,355.83973678125585,20738.79479999998,21094.634536781236,2898.0,25.0,7.0,147.0,57.0,20.0,11.0,169.0,34.0,2.0,0.0,0.0,0.0
230,51,5,3308.0,3118.0,641.0,0.0,762.0,5645.0,275.9615924801151,19920.294399999984,20196.2559924801,2898.0,25.0,7.0,147.0,57.0,20.0,11.0,169.0,34.0,2.0,0.0,0.0,0.0
230,52,5,3392.0,3200.0,637.0,0.0,753.0,5645.0,478.596376550302,21654.889999999974,22133.486376550278,2898.0,25.0,7.0,147.0,57.0,20.0,11.0,169.0,34.0,2.0,0.0,0.0,0.0
230,53,5,3362.0,3080.0,666.0,0.0,791.0,5645.0,437.99239586443576,21511.13639999998,21949.128795864417,2898.0,25.0,7.0,147.0,57.0,20.0,11.0,169.0,34.0,2.0,0.0,0.0,0.0
230,54,5,3373.0,3081.0,691.0,0.0,758.0,5645.0,478.9242735475612,20770.457999999984,21249.382273547544,2898.0,25.0,7.0,147.0,57.0,20.0,11.0,169.0,34.0,2.0,0.0,0.0,0.0
230,55,5,3362.0,3144.0,639.0,0.0,718.0,5645.0,273.075504582145,20632.783199999976,20905.858704582122,2898.0,25.0,7.0,147.0,57.0,20.0,11.0,169.0,34.0,2.0,0.0,0.0,0.0
230,56,5,3382.0,3183.0,635.0,0.0,738.0,5645.0,399.21193385346476,20993.770399999987,21392.98233385345,2898.0,25.0,7.0,147.0,57.0,20.0,11.0,169.0,34.0,2.0,0.0,0.0,0.0
230,57,5,3321.0,3107.0,625.0,0.0,725.0,5645.0,235.77287476290442,20397.31319999998,20633.08607476288,2898.0,25.0,7.0,147.0,57.0,20.0,11.0,169.0,34.0,2.0,0.0,0.0,0.0
230,58,5,3403.0,3125.0,685.0,0.0,744.0,5645.0,316.6017937888467,20716.683999999987,21033.285793788833,2898.0,25.0,7.0,147.0,57.0,20.0,11.0,169.0,34.0,2.0,0.0,0.0,0.0
230,59,5,3401.0,3204.0,672.0,0.0,805.0,5645.0,314.6370629347282,21630.77519999998,21945.412262934704,2898.0,25.0,7.0,147.0,57.0,20.0,11.0,169.0,34.0,2.0,0.0,0.0,0.0
230,60,6,3378.0,3081.0,710.0,0.0,739.0,5645.0,315.73867885981144,20180.94799999999,20496.6866788598,2898.0,25.0,7.0,147.0,57.0,20.0,11.0,169.0,34.0,2.0,0.0,0.0,0.0
230,61,6,3331.0,3117.0,694.0,0.0,789.0,5645.0,275.5512587363663,21943.465999999982,22219.01725873635,2898.0,25.0,7.0,147.0,57.0,20.0,11.0,169.0,34.0,2.0,0.0,0.0,0.0
230,62,6,3356.0,3177.0,673.0,0.0,727.0,5645.0,398.0386956974882,20354.360799999984,20752.39949569747,2898.0,25.0,7.0,147.0,57.0,20.0,11.0,169.0,34.0,2.0,0.0,0.0,0.0
230,63,6,3361.0,3127.0,671.0,0.0,699.0,5645.0,192.78900506357456,19527.10959999999,19719.898605063565,2898.0,25.0,7.0,147.0,57.0,20.0,11.0,169.0,34.0,2.0,0.0,0.0,0.0
230,64,6,3342.0,3095.0,678.0,0.0,744.0,5645.0,233.92152647340797,21555.959199999994,21789.880726473402,2898.0,25.0,7.0,147.0,57.0,20.0,11.0,169.0,34.0,2.0,0.0,0.0,0.0
230,65,6,3369.0,3156.0,715.0,0.0,813.0,5645.0,439.4957636216015,20578.274399999984,21017.770163621586,2898.0,25.0,7.0,147.0,57.0,20.0,11.0,169.0,34.0,2.0,0.0,0.0,0.0
230,66,6,3375.0,3127.0,657.0,0.0,730.0,5645.0,437.7634053066885,20342.537199999984,20780.300605306675,2898.0,25.0,7.0,147.0,57.0,20.0,11.0,169.0,34.0,2.0,0.0,0.0,0.0
230,67,6,3389.0,3149.0,682.0,0.0,731.0,5645.0,236.39242451400378,20136.859999999993,20373.252424513994,2898.0,25.0,7.0,147.0,57.0,20.0,11.0,169.0,34.0,2.0,0.0,0.0,0.0
230,68,6,3413.0,3198.0,676.0,0.0,750.0,5645.0,315.6835496360687,20059.839599999992,20375.52314963606,2898.0,25.0,7.0,147.0,57.0,20.0,11.0,169.0,34.0,2.0,0.0,0.0,0.0
230,69,6,3414.0,3143.0,704.0,0.0,751.0,5645.0,438.13845778829216,20407.199599999974,20845.338057788267,2898.0,25.0,7.0,147.0,57.0,20.0,11.0,169.0,34.0,2.0,0.0,0.0,0.0
230,70,6,3364.0,3148.0,674.0,0.0,740.0,5645.0,519.0676598209095,21159.16719999998,21678.234859820892,2898.0,25.0,7.0,147.0,57.0,20.0,11.0,169.0,34.0,2.0,0.0,0.0,0.0
230,71,6,3380.0,3119.0,644.0,0.0,680.0,5645.0,395.6609301686644,19996.513199999983,20392.17413016865,2898.0,25.0,7.0,147.0,57.0,20.0,11.0,169.0,34.0,2.0,0.0,0.0,0.0
230,72,7,3352.0,3172.0,645.0,0.0,703.0,5645.0,273.7846216414012,20978.13919999998,21251.923821641383,2898.0,25.0,7.0,147.0,57.0,20.0,11.0,169.0,34.0,2.0,0.0,0.0,0.0
230,73,7,3376.0,3139.0,665.0,0.0,792.0,5645.0,235.93325259294522,22161.76839999998,22397.70165259293,2898.0,25.0,7.0,147.0,57.0,20.0,11.0,169.0,34.0,2.0,0.0,0.0,0.0
230,74,7,3382.0,3084.0,720.0,0.0,738.0,5645.0,398.1381879878093,21367.783599999977,21765.921787987787,2898.0,25.0,7.0,147.0,57.0,20.0,11.0,169.0,34.0,2.0,0.0,0.0,0.0
230,75,7,3340.0,3133.0,698.0,0.0,795.0,5645.0,438.7053000958483,20253.492799999985,20692.198100095837,2898.0,25.0,7.0,147.0,57.0,20.0,11.0,169.0,34.0,2.0,0.0,0.0,0.0
230,76,7,3352.0,3120.0,672.0,0.0,788.0,5645.0,317.2030052788599,21007.93199999998,21325.13500527884,2898.0,25.0,7.0,147.0,57.0,20.0,11.0,169.0,34.0,2.0,0.0,0.0,0.0
230,77,7,3385.0,3131.0,629.0,0.0,727.0,5645.0,316.5050637498536,20646.877999999982,20963.383063749832,2898.0,25.0,7.0,147.0,57.0,20.0,11.0,169.0,34.0,2.0,0.0,0.0,0.0
230,78,7,3406.0,3200.0,673.0,0.0,769.0,5645.0,111.32932808754812,20491.03359999998,20602.362928087525,2898.0,25.0,7.0,147.0,57.0,20.0,11.0,169.0,34.0,2.0,0.0,0.0,0.0
230,79,7,3428.0,3124.0,683.0,0.0,757.0,5645.0,397.9272080985094,21707.528399999985,22105.45560809849,2898.0,25.0,7.0,147.0,57.0,20.0,11.0,169.0,34.0,2.0,0.0,0.0,0.0
230,80,7,3344.0,3120.0,663.0,0.0,735.0,5645.0,640.9361492920026,19838.865199999986,20479.801349291985,2898.0,25.0,7.0,147.0,57.0,20.0,11.0,169.0,34.0,2.0,0.0,0.0,0.0
230,81,7,3419.0,3163.0,658.0,0.0,723.0,5645.0,273.22072677584043,20976.201999999983,21249.422726775825,2898.0,25.0,7.0,147.0,57.0,20.0,11.0,169.0,34.0,2.0,0.0,0.0,0.0
230,82,7,3409.0,3149.0,670.0,0.0,758.0,5645.0,191.64005411788065,18000.595999999987,18192.236054117868,2898.0,25.0,7.0,147.0,57.0,20.0,11.0,169.0,34.0,2.0,0.0,0.0,0.0
230,83,7,3373.0,3098.0,704.0,0.0,751.0,5645.0,196.08441940164673,21759.097999999976,21955.18241940162,2898.0,25.0,7.0,147.0,57.0,20.0,11.0,169.0,34.0,2.0,0.0,0.0,0.0
230,84,8,3418.0,3189.0,655.0,0.0,705.0,5645.0,277.3992631707387,21189.160399999975,21466.559663170716,2898.0,25.0,7.0,147.0,57.0,20.0,11.0,169.0,34.0,2.0,0.0,0.0,0.0
230,85,8,3340.0,3123.0,685.0,0.0,735.0,5645.0,317.1895060316634,21967.914799999977,22285.104306031637,2898.0,25.0,7.0,147.0,57.0,20.0,11.0,169.0,34.0,2.0,0.0,0.0,0.0
230,86,8,3427.0,3193.0,672.0,0.0,773.0,5645.0,193.7462340419276,21687.688799999974,21881.4350340419,2898.0,25.0,7.0,147.0,57.0,20.0,11.0,169.0,34.0,2.0,0.0,0.0,0.0
230,87,8,3403.0,3238.0,667.0,0.0,763.0,5645.0,153.51525217388732,20985.954799999978,21139.470052173863,2898.0,25.0,7.0,147.0,57.0,20.0,11.0,169.0,34.0,2.0,0.0,0.0,0.0
230,88,8,3422.0,3125.0,692.0,0.0,718.0,5645.0,562.3524640091655,21242.065999999984,21804.418464009148,2898.0,25.0,7.0,147.0,57.0,20.0,11.0,169.0,34.0,2.0,0.0,0.0,0.0
230,89,8,3351.0,3134.0,673.0,0.0,777.0,5645.0,316.9991879858026,20847.545199999993,21164.544387985792,2898.0,25.0,7.0,147.0,57.0,20.0,11.0,169.0,34.0,2.0,0.0,0.0,0.0
230,90,8,3363.0,3116.0,673.0,0.0,767.0,5645.0,151.97714391175725,19412.21359999999,19564.19074391175,2898.0,25.0,7.0,147.0,57.0,20.0,11.0,169.0,34.0,2.0,0.0,0.0,0.0
230,91,8,3391.0,3142.0,660.0,0.0,765.0,5645.0,602.5244775498193,19094.31239999998,19696.836877549802,2898.0,25.0,7.0,147.0,57.0,20.0,11.0,169.0,34.0,2.0,0.0,0.0,0.0
230,92,8,3267.0,3103.0,656.0,0.0,769.0,5645.0,276.3346206686928,21271.85879999998,21548.19342066867,2898.0,25.0,7.0,147.0,57.0,20.0,11.0,169.0,34.0,2.0,0.0,0.0,0.0
230,93,8,3374.0,3149.0,657.0,0.0,670.0,5645.0,190.9701523690631,20992.434399999987,21183.40455236905,2898.0,25.0,7.0,147.0,57.0,20.0,11.0,169.0,34.0,2.0,0.0,0.0,0.0
230,94,8,3382.0,3146.0,665.0,0.0,730.0,5645.0,435.55508332278407,19616.621599999984,20052.176683322767,2898.0,25.0,7.0,147.0,57.0,20.0,11.0,169.0,34.0,2.0,0.0,0.0,0.0
230,95,8,3337.0,3118.0,682.0,0.0,730.0,5645.0,274.51992323476594,19515.219199999985,19789.73912323475,2898.0,25.0,7.0,147.0,57.0,20.0,11.0,169.0,34.0,2.0,0.0,0.0,0.0
230,96,9,3364.0,3126.0,696.0,0.0,757.0,5645.0,233.49495486744684,19912.41199999998,20145.906954867427,2898.0,25.0,7.0,147.0,57.0,20.0,11.0,169.0,34.0,2.0,0.0,0.0,0.0
230,97,9,3417.0,3146.0,680.0,0.0,764.0,5645.0,436.690684308229,18664.454399999984,19101.145084308213,2898.0,25.0,7.0,147.0,57.0,20.0,11.0,169.0,34.0,2.0,0.0,0.0,0.0
230,98,9,3328.0,3147.0,610.0,0.0,663.0,5645.0,274.4642319504567,21652.618799999975,21927.08303195043,2898.0,25.0,7.0,147.0,57.0,20.0,11.0,169.0,34.0,2.0,0.0,0.0,0.0
230,99,9,3359.0,3156.0,640.0,0.0,753.0,5645.0,682.9225175875607,21126.234799999977,21809.157317587542,2898.0,25.0,7.0,147.0,57.0,20.0,11.0,169.0,34.0,2.0,0.0,0.0,0.0
230,100,9,3303.0,3155.0,609.0,0.0,760.0,5645.0,233.8115480912163,20892.50159999998,21126.313148091194,2898.0,25.0,7.0,147.0,57.0,20.0,11.0,169.0,34.0,2.0,0.0,0.0,0.0
230,101,9,3369.0,3108.0,665.0,0.0,767.0,5645.0,356.51288940720605,20527.239199999978,20883.752089407186,2898.0,25.0,7.0,147.0,57.0,20.0,11.0,169.0,34.0,2.0,0.0,0.0,0.0
230,102,9,3338.0,3132.0,656.0,0.0,715.0,5645.0,195.18639640135092,20245.476799999982,20440.663196401332,2898.0,25.0,7.0,147.0,57.0,20.0,11.0,169.0,34.0,2.0,0.0,0.0,0.0
230,103,9,3370.0,3177.0,627.0,0.0,714.0,5645.0,272.48328542444517,22022.69079999998,22295.174085424424,2898.0,25.0,7.0,147.0,57.0,20.0,11.0,169.0,34.0,2.0,0.0,0.0,0.0
230,104,9,3388.0,3181.0,659.0,0.0,735.0,5645.0,233.32945637388022,21209.467599999985,21442.797056373867,2898.0,25.0,7.0,147.0,57.0,20.0,11.0,169.0,34.0,2.0,0.0,0.0,0.0
230,105,9,3385.0,3157.0,696.0,0.0,717.0,5645.0,478.42345724375315,20389.09679999997,20867.520257243727,2898.0,25.0,7.0,147.0,57.0,20.0,11.0,169.0,34.0,2.0,0.0,0.0,0.0
230,106,9,3440.0,3164.0,688.0,0.0,779.0,5645.0,356.7244375006201,20722.562399999988,21079.286837500607,2898.0,25.0,7.0,147.0,57.0,20.0,11.0,169.0,34.0,2.0,0.0,0.0,0.0
230,107,9,3391.0,3118.0,698.0,0.0,734.0,5645.0,275.4779202965091,21594.235599999967,21869.71352029648,2898.0,25.0,7.0,147.0,57.0,20.0,11.0,169.0,34.0,2.0,0.0,0.0,0.0
230,108,10,3418.0,3179.0,677.0,0.0,735.0,5645.0,436.5786907329546,20711.27319999997,21147.851890732927,2898.0,25.0,7.0,147.0,57.0,20.0,11.0,169.0,34.0,2.0,0.0,0.0,0.0
230,109,10,3432.0,3153.0,701.0,0.0,757.0,5645.0,271.3723154569184,22169.183199999985,22440.555515456905,2898.0,25.0,7.0,147.0,57.0,20.0,11.0,169.0,34.0,2.0,0.0,0.0,0.0
230,110,10,3321.0,3162.0,656.0,0.0,763.0,5645.0,233.73002317373334,21611.603599999977,21845.333623173712,2898.0,25.0,7.0,147.0,57.0,20.0,11.0,169.0,34.0,2.0,0.0,0.0,0.0
230,111,10,3311.0,3102.0,632.0,0.0,705.0,5645.0,154.80028847278805,20776.803999999982,20931.604288472772,2898.0,25.0,7.0,147.0,57.0,20.0,11.0,169.0,34.0,2.0,0.0,0.0,0.0
230,112,10,3386.0,3163.0,674.0,0.0,751.0,5645.0,436.75464158036806,21499.713599999992,21936.468241580358,2898.0,25.0,7.0,147.0,57.0,20.0,11.0,169.0,34.0,2.0,0.0,0.0,0.0
230,113,10,3345.0,3140.0,654.0,0.0,770.0,5645.0,437.154052656662,24419.608399999976,24856.76245265664,2898.0,25.0,7.0,147.0,57.0,20.0,11.0,169.0,34.0,2.0,0.0,0.0,0.0
230,114,10,3347.0,3133.0,666.0,0.0,726.0,5645.0,356.609265590762,22207.99399999998,22564.603265590744,2898.0,25.0,7.0,147.0,57.0,20.0,11.0,169.0,34.0,2.0,0.0,0.0,0.0
230,115,10,3396.0,3147.0,650.0,0.0,752.0,5645.0,395.91779775727355,19529.98199999997,19925.899797757247,2898.0,25.0,7.0,147.0,57.0,20.0,11.0,169.0,34.0,2.0,0.0,0.0,0.0
230,116,10,3412.0,3178.0,673.0,0.0,789.0,5645.0,394.0526839722085,20459.637599999987,20853.690283972195,2898.0,25.0,7.0,147.0,57.0,20.0,11.0,169.0,34.0,2.0,0.0,0.0,0.0
230,117,10,3424.0,3143.0,668.0,0.0,804.0,5645.0,439.34245351307413,19165.187199999986,19604.52965351306,2898.0,25.0,7.0,147.0,57.0,20.0,11.0,169.0,34.0,2.0,0.0,0.0,0.0
230,118,10,3441.0,3143.0,688.0,0.0,741.0,5645.0,314.49305870838555,21892.02999999999,22206.52305870837,2898.0,25.0,7.0,147.0,57.0,20.0,11.0,169.0,34.0,2.0,0.0,0.0,0.0
230,119,10,3356.0,3191.0,658.0,0.0,769.0,5645.0,397.75828485321415,21567.38199999998,21965.140284853194,2898.0,25.0,7.0,147.0,57.0,20.0,11.0,169.0,34.0,2.0,0.0,0.0,0.0
231,0,1,3409.0,3155.0,676.0,0.0,776.0,5645.0,761.4350810944159,20138.930799999984,20900.3658810944,2898.0,25.0,7.0,147.0,57.0,20.0,11.0,169.0,34.0,2.0,0.0,0.0,0.0
231,1,1,3367.0,3172.0,633.0,0.0,763.0,5645.0,723.1004229890949,20155.36359999999,20878.464022989087,2898.0,25.0,7.0,147.0,57.0,20.0,11.0,169.0,34.0,2.0,0.0,0.0,0.0
231,2,1,3314.0,3078.0,664.0,0.0,786.0,5645.0,437.47904570826023,21425.699199999974,21863.17824570823,2898.0,25.0,7.0,147.0,57.0,20.0,11.0,169.0,34.0,2.0,0.0,0.0,0.0
231,3,1,3427.0,3148.0,671.0,0.0,754.0,5645.0,355.5694119300913,20368.255199999978,20723.82461193007,2898.0,25.0,7.0,147.0,57.0,20.0,11.0,169.0,34.0,2.0,0.0,0.0,0.0
231,4,1,3428.0,3204.0,625.0,0.0,762.0,5645.0,438.25935198154775,19852.35879999999,20290.61815198154,2898.0,25.0,7.0,147.0,57.0,20.0,11.0,169.0,34.0,2.0,0.0,0.0,0.0
231,5,1,3352.0,3117.0,688.0,0.0,770.0,5645.0,479.18510541552513,21816.34559999997,22295.530705415502,2898.0,25.0,7.0,147.0,57.0,20.0,11.0,169.0,34.0,2.0,0.0,0.0,0.0
231,6,1,3407.0,3158.0,676.0,0.0,745.0,5645.0,559.4702453743674,20778.073199999984,21337.543445374355,2898.0,25.0,7.0,147.0,57.0,20.0,11.0,169.0,34.0,2.0,0.0,0.0,0.0
231,7,1,3295.0,3068.0,677.0,0.0,745.0,5645.0,397.41198316165855,21672.65879999998,22070.07078316164,2898.0,25.0,7.0,147.0,57.0,20.0,11.0,169.0,34.0,2.0,0.0,0.0,0.0
231,8,1,3296.0,3106.0,678.0,0.0,775.0,5645.0,517.6469144184323,20771.05919999999,21288.706114418423,2898.0,25.0,7.0,147.0,57.0,20.0,11.0,169.0,34.0,2.0,0.0,0.0,0.0
231,9,1,3349.0,3102.0,694.0,0.0,745.0,5645.0,720.600410871941,19609.60759999999,20330.208010871927,2898.0,25.0,7.0,147.0,57.0,20.0,11.0,169.0,34.0,2.0,0.0,0.0,0.0
231,10,1,3311.0,3085.0,651.0,0.0,755.0,5645.0,354.852938338132,21753.085999999985,22107.938938338113,2898.0,25.0,7.0,147.0,57.0,20.0,11.0,169.0,34.0,2.0,0.0,0.0,0.0
231,11,1,3345.0,3120.0,651.0,0.0,758.0,5645.0,275.20299978630993,19685.42559999998,19960.628599786287,2898.0,25.0,7.0,147.0,57.0,20.0,11.0,169.0,34.0,2.0,0.0,0.0,0.0
231,12,2,3320.0,3156.0,650.0,0.0,793.0,5645.0,355.0336106399108,21189.961999999992,21544.995610639904,2898.0,25.0,7.0,147.0,57.0,20.0,11.0,169.0,34.0,2.0,0.0,0.0,0.0
231,13,2,3254.0,3043.0,672.0,0.0,761.0,5645.0,354.6577517721581,20468.52199999998,20823.179751772135,2898.0,25.0,7.0,147.0,57.0,20.0,11.0,169.0,34.0,2.0,0.0,0.0,0.0
231,14,2,3297.0,3035.0,707.0,0.0,773.0,5645.0,477.36744952632677,22296.63759999998,22774.005049526306,2898.0,25.0,7.0,147.0,57.0,20.0,11.0,169.0,34.0,2.0,0.0,0.0,0.0
231,15,2,3314.0,3121.0,629.0,0.0,741.0,5645.0,396.3641175878888,21299.647599999986,21696.011717587877,2898.0,25.0,7.0,147.0,57.0,20.0,11.0,169.0,34.0,2.0,0.0,0.0,0.0
231,16,2,3331.0,3136.0,649.0,0.0,778.0,5645.0,475.46919198612306,21149.94879999999,21625.41799198611,2898.0,25.0,7.0,147.0,57.0,20.0,11.0,169.0,34.0,2.0,0.0,0.0,0.0
231,17,2,3388.0,3086.0,734.0,0.0,773.0,5645.0,356.27423186116033,20229.64519999998,20585.91943186114,2898.0,25.0,7.0,147.0,57.0,20.0,11.0,169.0,34.0,2.0,0.0,0.0,0.0
231,18,2,3353.0,3160.0,642.0,0.0,794.0,5645.0,396.7426894894192,21202.52039999998,21599.263089489403,2898.0,25.0,7.0,147.0,57.0,20.0,11.0,169.0,34.0,2.0,0.0,0.0,0.0
231,19,2,3372.0,3073.0,690.0,0.0,764.0,5645.0,516.3816651406613,19678.678799999983,20195.060465140647,2898.0,25.0,7.0,147.0,57.0,20.0,11.0,169.0,34.0,2.0,0.0,0.0,0.0
231,20,2,3267.0,3115.0,646.0,0.0,767.0,5645.0,476.7816571012062,20256.632399999988,20733.414057101192,2898.0,25.0,7.0,147.0,57.0,20.0,11.0,169.0,34.0,2.0,0.0,0.0,0.0
231,21,2,3354.0,3156.0,675.0,0.0,813.0,5645.0,600.7121753047145,20682.816399999992,21283.528575304706,2898.0,25.0,7.0,147.0,57.0,20.0,11.0,169.0,34.0,2.0,0.0,0.0,0.0
231,22,2,3329.0,3112.0,674.0,0.0,704.0,5645.0,598.13617230314,20540.799599999984,21138.935772303128,2898.0,25.0,7.0,147.0,57.0,20.0,11.0,169.0,34.0,2.0,0.0,0.0,0.0
231,23,2,3309.0,3081.0,655.0,0.0,751.0,5645.0,638.6918940875579,20960.303599999985,21598.99549408754,2898.0,25.0,7.0,147.0,57.0,20.0,11.0,169.0,34.0,2.0,0.0,0.0,0.0
231,24,3,3302.0,3116.0,663.0,0.0,779.0,5645.0,520.3321153140165,21013.47639999999,21533.808515314005,2898.0,25.0,7.0,147.0,57.0,20.0,11.0,169.0,34.0,2.0,0.0,0.0,0.0
231,25,3,3323.0,3111.0,689.0,0.0,757.0,5645.0,724.2272365079041,21778.069199999976,22502.29643650788,2898.0,25.0,7.0,147.0,57.0,20.0,11.0,169.0,34.0,2.0,0.0,0.0,0.0
231,26,3,3418.0,3163.0,697.0,0.0,755.0,5645.0,395.7920151693523,19662.245999999985,20058.038015169335,2898.0,25.0,7.0,147.0,57.0,20.0,11.0,169.0,34.0,2.0,0.0,0.0,0.0
231,27,3,3399.0,3150.0,696.0,0.0,776.0,5645.0,273.4207744869898,21409.867599999983,21683.288374486972,2898.0,25.0,7.0,147.0,57.0,20.0,11.0,169.0,34.0,2.0,0.0,0.0,0.0
231,28,3,3354.0,3154.0,644.0,0.0,800.0,5645.0,762.6027133589337,21311.93879999999,22074.54151335892,2898.0,25.0,7.0,147.0,57.0,20.0,11.0,169.0,34.0,2.0,0.0,0.0,0.0
231,29,3,3394.0,3131.0,713.0,0.0,778.0,5645.0,435.5687171101634,19829.446399999983,20265.015117110146,2898.0,25.0,7.0,147.0,57.0,20.0,11.0,169.0,34.0,2.0,0.0,0.0,0.0
231,30,3,3301.0,3041.0,656.0,0.0,707.0,5645.0,720.6552574841038,20864.11159999999,21584.76685748409,2898.0,25.0,7.0,147.0,57.0,20.0,11.0,169.0,34.0,2.0,0.0,0.0,0.0
231,31,3,3374.0,3198.0,664.0,0.0,750.0,5645.0,600.2458033663611,20789.161999999982,21389.407803366343,2898.0,25.0,7.0,147.0,57.0,20.0,11.0,169.0,34.0,2.0,0.0,0.0,0.0
231,32,3,3329.0,3163.0,682.0,0.0,785.0,5645.0,679.7147436954217,19799.92079999999,20479.63554369541,2898.0,25.0,7.0,147.0,57.0,20.0,11.0,169.0,34.0,2.0,0.0,0.0,0.0
231,33,3,3360.0,3153.0,690.0,0.0,764.0,5645.0,559.372739650284,20012.745599999987,20572.118339650275,2898.0,25.0,7.0,147.0,57.0,20.0,11.0,169.0,34.0,2.0,0.0,0.0,0.0
231,34,3,3317.0,3132.0,692.0,0.0,805.0,5645.0,843.2883828842021,20124.969599999993,20968.257982884195,2898.0,25.0,7.0,147.0,57.0,20.0,11.0,169.0,34.0,2.0,0.0,0.0,0.0
231,35,3,3366.0,3142.0,671.0,0.0,786.0,5645.0,680.5184151830699,20997.310799999985,21677.829215183057,2898.0,25.0,7.0,147.0,57.0,20.0,11.0,169.0,34.0,2.0,0.0,0.0,0.0
231,36,4,3298.0,3107.0,659.0,0.0,770.0,5645.0,723.3880053980749,20358.569199999984,21081.95720539806,2898.0,25.0,7.0,147.0,57.0,20.0,11.0,169.0,34.0,2.0,0.0,0.0,0.0
231,37,4,3367.0,3181.0,686.0,0.0,790.0,5645.0,315.5391741727101,21529.773599999993,21845.312774172697,2898.0,25.0,7.0,147.0,57.0,20.0,11.0,169.0,34.0,2.0,0.0,0.0,0.0
231,38,4,3353.0,3133.0,665.0,0.0,791.0,5645.0,356.0287964453573,20901.51959999998,21257.548396445338,2898.0,25.0,7.0,147.0,57.0,20.0,11.0,169.0,34.0,2.0,0.0,0.0,0.0
231,39,4,3342.0,3102.0,672.0,0.0,783.0,5645.0,639.3826897748871,19091.573599999978,19730.956289774866,2898.0,25.0,7.0,147.0,57.0,20.0,11.0,169.0,34.0,2.0,0.0,0.0,0.0
231,40,4,3382.0,3151.0,646.0,0.0,781.0,5645.0,597.9761464583186,21652.485199999977,22250.461346458298,2898.0,25.0,7.0,147.0,57.0,20.0,11.0,169.0,34.0,2.0,0.0,0.0,0.0
231,41,4,3320.0,3134.0,686.0,0.0,803.0,5645.0,722.2920045365894,21102.18679999997,21824.47880453656,2898.0,25.0,7.0,147.0,57.0,20.0,11.0,169.0,34.0,2.0,0.0,0.0,0.0
231,42,4,3341.0,3034.0,669.0,0.0,761.0,5645.0,354.5819576247862,20463.912799999987,20818.494757624772,2898.0,25.0,7.0,147.0,57.0,20.0,11.0,169.0,34.0,2.0,0.0,0.0,0.0
231,43,4,3380.0,3171.0,691.0,0.0,776.0,5645.0,393.1255722705538,19176.34279999999,19569.468372270545,2898.0,25.0,7.0,147.0,57.0,20.0,11.0,169.0,34.0,2.0,0.0,0.0,0.0
231,44,4,3347.0,3089.0,671.0,0.0,737.0,5645.0,515.9426973739764,19519.093599999986,20035.036297373965,2898.0,25.0,7.0,147.0,57.0,20.0,11.0,169.0,34.0,2.0,0.0,0.0,0.0
231,45,4,3333.0,3144.0,661.0,0.0,794.0,5645.0,639.0886781044554,20803.657599999984,21442.746278104445,2898.0,25.0,7.0,147.0,57.0,20.0,11.0,169.0,34.0,2.0,0.0,0.0,0.0
231,46,4,3307.0,3064.0,665.0,0.0,769.0,5645.0,438.91162507477304,20195.042799999992,20633.954425074764,2898.0,25.0,7.0,147.0,57.0,20.0,11.0,169.0,34.0,2.0,0.0,0.0,0.0
231,47,4,3310.0,3124.0,664.0,0.0,798.0,5645.0,437.74486333655904,19269.19479999999,19706.939663336547,2898.0,25.0,7.0,147.0,57.0,20.0,11.0,169.0,34.0,2.0,0.0,0.0,0.0
231,48,5,3387.0,3136.0,690.0,0.0,793.0,5645.0,476.19927042531805,20050.01999999999,20526.21927042531,2898.0,25.0,7.0,147.0,57.0,20.0,11.0,169.0,34.0,2.0,0.0,0.0,0.0
231,49,5,3381.0,3158.0,660.0,0.0,768.0,5645.0,720.7114121585244,20277.741199999982,20998.452612158508,2898.0,25.0,7.0,147.0,57.0,20.0,11.0,169.0,34.0,2.0,0.0,0.0,0.0
231,50,5,3274.0,3083.0,651.0,0.0,779.0,5645.0,397.6751264093984,19834.255999999983,20231.93112640938,2898.0,25.0,7.0,147.0,57.0,20.0,11.0,169.0,34.0,2.0,0.0,0.0,0.0
231,51,5,3370.0,3180.0,643.0,0.0,777.0,5645.0,761.4918084387823,21318.81919999998,22080.311008438763,2898.0,25.0,7.0,147.0,57.0,20.0,11.0,169.0,34.0,2.0,0.0,0.0,0.0
231,52,5,3331.0,3047.0,674.0,0.0,822.0,5645.0,559.1735609544212,21744.86959999998,22304.043160954403,2898.0,25.0,7.0,147.0,57.0,20.0,11.0,169.0,34.0,2.0,0.0,0.0,0.0
231,53,5,3348.0,3071.0,681.0,0.0,778.0,5645.0,478.897337624761,21255.225599999983,21734.122937624743,2898.0,25.0,7.0,147.0,57.0,20.0,11.0,169.0,34.0,2.0,0.0,0.0,0.0
231,54,5,3338.0,3121.0,648.0,0.0,748.0,5645.0,353.87637122052,21515.01079999998,21868.8871712205,2898.0,25.0,7.0,147.0,57.0,20.0,11.0,169.0,34.0,2.0,0.0,0.0,0.0
231,55,5,3358.0,3159.0,649.0,0.0,769.0,5645.0,640.8302760256441,20527.372799999994,21168.20307602563,2898.0,25.0,7.0,147.0,57.0,20.0,11.0,169.0,34.0,2.0,0.0,0.0,0.0
231,56,5,3293.0,3094.0,625.0,0.0,753.0,5645.0,437.3825852615636,21262.97439999998,21700.356985261544,2898.0,25.0,7.0,147.0,57.0,20.0,11.0,169.0,34.0,2.0,0.0,0.0,0.0
231,57,5,3378.0,3110.0,680.0,0.0,751.0,5645.0,476.6788740387904,20781.212799999987,21257.891674038776,2898.0,25.0,7.0,147.0,57.0,20.0,11.0,169.0,34.0,2.0,0.0,0.0,0.0
231,58,5,3369.0,3184.0,669.0,0.0,819.0,5645.0,881.7284550278887,21330.30879999998,22212.03725502787,2898.0,25.0,7.0,147.0,57.0,20.0,11.0,169.0,34.0,2.0,0.0,0.0,0.0
231,59,5,3345.0,3063.0,710.0,0.0,762.0,5645.0,477.41096888858795,20099.719199999992,20577.13016888858,2898.0,25.0,7.0,147.0,57.0,20.0,11.0,169.0,34.0,2.0,0.0,0.0,0.0
231,60,6,3312.0,3104.0,694.0,0.0,807.0,5645.0,435.8586329315897,22529.836399999986,22965.695032931573,2898.0,25.0,7.0,147.0,57.0,20.0,11.0,169.0,34.0,2.0,0.0,0.0,0.0
231,61,6,3333.0,3147.0,686.0,0.0,738.0,5645.0,801.6621585379721,20838.593999999983,21640.25615853795,2898.0,25.0,7.0,147.0,57.0,20.0,11.0,169.0,34.0,2.0,0.0,0.0,0.0
231,62,6,3341.0,3106.0,674.0,0.0,731.0,5645.0,271.5568377097785,19991.569999999992,20263.126837709773,2898.0,25.0,7.0,147.0,57.0,20.0,11.0,169.0,34.0,2.0,0.0,0.0,0.0
231,63,6,3327.0,3077.0,684.0,0.0,779.0,5645.0,558.4317143189671,22509.195199999995,23067.62691431896,2898.0,25.0,7.0,147.0,57.0,20.0,11.0,169.0,34.0,2.0,0.0,0.0,0.0
231,64,6,3352.0,3135.0,720.0,0.0,829.0,5645.0,641.2233019289399,20096.980399999986,20738.203701928924,2898.0,25.0,7.0,147.0,57.0,20.0,11.0,169.0,34.0,2.0,0.0,0.0,0.0
231,65,6,3354.0,3103.0,671.0,0.0,749.0,5645.0,679.4805280936953,20603.190799999982,21282.67132809368,2898.0,25.0,7.0,147.0,57.0,20.0,11.0,169.0,34.0,2.0,0.0,0.0,0.0
231,66,6,3371.0,3114.0,704.0,0.0,758.0,5645.0,478.84118205264207,19840.401599999983,20319.242782052625,2898.0,25.0,7.0,147.0,57.0,20.0,11.0,169.0,34.0,2.0,0.0,0.0,0.0
231,67,6,3373.0,3184.0,658.0,0.0,775.0,5645.0,600.366885240631,21166.91599999999,21767.282885240624,2898.0,25.0,7.0,147.0,57.0,20.0,11.0,169.0,34.0,2.0,0.0,0.0,0.0
231,68,6,3384.0,3119.0,707.0,0.0,770.0,5645.0,639.4451212424165,19472.06639999998,20111.511521242395,2898.0,25.0,7.0,147.0,57.0,20.0,11.0,169.0,34.0,2.0,0.0,0.0,0.0
231,69,6,3343.0,3117.0,685.0,0.0,756.0,5645.0,682.5093452481129,20518.42159999998,21200.930945248092,2898.0,25.0,7.0,147.0,57.0,20.0,11.0,169.0,34.0,2.0,0.0,0.0,0.0
231,70,6,3357.0,3098.0,653.0,0.0,703.0,5645.0,680.2622184051882,20752.02119999999,21432.28341840518,2898.0,25.0,7.0,147.0,57.0,20.0,11.0,169.0,34.0,2.0,0.0,0.0,0.0
231,71,6,3334.0,3149.0,653.0,0.0,729.0,5645.0,476.39024769877165,20419.423999999977,20895.81424769875,2898.0,25.0,7.0,147.0,57.0,20.0,11.0,169.0,34.0,2.0,0.0,0.0,0.0
231,72,7,3353.0,3126.0,664.0,0.0,808.0,5645.0,355.6403909880417,21870.319999999978,22225.960390988017,2898.0,25.0,7.0,147.0,57.0,20.0,11.0,169.0,34.0,2.0,0.0,0.0,0.0
231,73,7,3360.0,3070.0,713.0,0.0,730.0,5645.0,517.8972036410786,20654.15919999998,21172.056403641058,2898.0,25.0,7.0,147.0,57.0,20.0,11.0,169.0,34.0,2.0,0.0,0.0,0.0
231,74,7,3321.0,3114.0,704.0,0.0,811.0,5645.0,682.4778905683788,19579.61439999999,20262.09229056837,2898.0,25.0,7.0,147.0,57.0,20.0,11.0,169.0,34.0,2.0,0.0,0.0,0.0
231,75,7,3338.0,3147.0,631.0,0.0,744.0,5645.0,436.71349128442785,21043.66999999998,21480.383491284407,2898.0,25.0,7.0,147.0,57.0,20.0,11.0,169.0,34.0,2.0,0.0,0.0,0.0
231,76,7,3359.0,3107.0,639.0,0.0,763.0,5645.0,517.7630678913135,20957.631599999982,21475.394667891298,2898.0,25.0,7.0,147.0,57.0,20.0,11.0,169.0,34.0,2.0,0.0,0.0,0.0
231,77,7,3379.0,3182.0,677.0,0.0,789.0,5645.0,110.1101798540582,20352.022799999977,20462.132979854036,2898.0,25.0,7.0,147.0,57.0,20.0,11.0,169.0,34.0,2.0,0.0,0.0,0.0
231,78,7,3405.0,3108.0,682.0,0.0,780.0,5645.0,560.6430529075482,22869.514399999985,23430.157452907533,2898.0,25.0,7.0,147.0,57.0,20.0,11.0,169.0,34.0,2.0,0.0,0.0,0.0
231,79,7,3308.0,3096.0,664.0,0.0,753.0,5645.0,842.7382921605041,20052.224399999985,20894.962692160487,2898.0,25.0,7.0,147.0,57.0,20.0,11.0,169.0,34.0,2.0,0.0,0.0,0.0
231,80,7,3397.0,3135.0,669.0,0.0,724.0,5645.0,476.1857163978734,20366.852399999985,20843.038116397856,2898.0,25.0,7.0,147.0,57.0,20.0,11.0,169.0,34.0,2.0,0.0,0.0,0.0
231,81,7,3380.0,3131.0,664.0,0.0,746.0,5645.0,394.1428535298998,19485.02559999998,19879.16845352988,2898.0,25.0,7.0,147.0,57.0,20.0,11.0,169.0,34.0,2.0,0.0,0.0,0.0
231,82,7,3352.0,3086.0,703.0,0.0,772.0,5645.0,438.45900453758844,21307.463199999973,21745.922204537565,2898.0,25.0,7.0,147.0,57.0,20.0,11.0,169.0,34.0,2.0,0.0,0.0,0.0
231,83,7,3399.0,3179.0,646.0,0.0,711.0,5645.0,639.7184436572599,21654.88999999998,22294.608443657242,2898.0,25.0,7.0,147.0,57.0,20.0,11.0,169.0,34.0,2.0,0.0,0.0,0.0
231,84,8,3313.0,3094.0,693.0,0.0,773.0,5645.0,680.5539293065908,22111.267599999977,22791.821529306566,2898.0,25.0,7.0,147.0,57.0,20.0,11.0,169.0,34.0,2.0,0.0,0.0,0.0
231,85,8,3404.0,3164.0,688.0,0.0,785.0,5645.0,355.1562663130876,21665.243999999973,22020.40026631306,2898.0,25.0,7.0,147.0,57.0,20.0,11.0,169.0,34.0,2.0,0.0,0.0,0.0
231,86,8,3378.0,3179.0,711.0,0.0,797.0,5645.0,517.6864429518187,19918.95839999999,20436.644842951806,2898.0,25.0,7.0,147.0,57.0,20.0,11.0,169.0,34.0,2.0,0.0,0.0,0.0
231,87,8,3401.0,3109.0,691.0,0.0,742.0,5645.0,763.4719993984157,20141.201999999983,20904.6739993984,2898.0,25.0,7.0,147.0,57.0,20.0,11.0,169.0,34.0,2.0,0.0,0.0,0.0
231,88,8,3320.0,3102.0,684.0,0.0,788.0,5645.0,314.5483499492923,19842.739599999986,20157.287949949277,2898.0,25.0,7.0,147.0,57.0,20.0,11.0,169.0,34.0,2.0,0.0,0.0,0.0
231,89,8,3335.0,3090.0,678.0,0.0,810.0,5645.0,355.49790340543865,19372.667999999994,19728.165903405432,2898.0,25.0,7.0,147.0,57.0,20.0,11.0,169.0,34.0,2.0,0.0,0.0,0.0
231,90,8,3374.0,3119.0,668.0,0.0,796.0,5645.0,762.8770613893564,19122.702399999987,19885.57946138934,2898.0,25.0,7.0,147.0,57.0,20.0,11.0,169.0,34.0,2.0,0.0,0.0,0.0
231,91,8,3241.0,3077.0,666.0,0.0,804.0,5645.0,356.1516002896743,21313.40839999999,21669.56000028966,2898.0,25.0,7.0,147.0,57.0,20.0,11.0,169.0,34.0,2.0,0.0,0.0,0.0
231,92,8,3355.0,3129.0,669.0,0.0,702.0,5645.0,272.55484081722585,20882.88239999998,21155.43724081721,2898.0,25.0,7.0,147.0,57.0,20.0,11.0,169.0,34.0,2.0,0.0,0.0,0.0
231,93,8,3353.0,3109.0,675.0,0.0,747.0,5645.0,800.1013576692206,19475.473199999982,20275.574557669206,2898.0,25.0,7.0,147.0,57.0,20.0,11.0,169.0,34.0,2.0,0.0,0.0,0.0
231,94,8,3315.0,3103.0,683.0,0.0,748.0,5645.0,396.8892609979164,19188.36679999999,19585.256060997905,2898.0,25.0,7.0,147.0,57.0,20.0,11.0,169.0,34.0,2.0,0.0,0.0,0.0
231,95,8,3340.0,3098.0,708.0,0.0,787.0,5645.0,435.40462810373265,19879.546399999985,20314.95102810372,2898.0,25.0,7.0,147.0,57.0,20.0,11.0,169.0,34.0,2.0,0.0,0.0,0.0
231,96,9,3394.0,3115.0,698.0,0.0,795.0,5645.0,679.4632648352375,19488.231999999993,20167.69526483523,2898.0,25.0,7.0,147.0,57.0,20.0,11.0,169.0,34.0,2.0,0.0,0.0,0.0
231,97,9,3303.0,3112.0,621.0,0.0,665.0,5645.0,436.3373006279047,21272.45999999998,21708.79730062788,2898.0,25.0,7.0,147.0,57.0,20.0,11.0,169.0,34.0,2.0,0.0,0.0,0.0
231,98,9,3337.0,3131.0,649.0,0.0,779.0,5645.0,1047.604677893076,21560.16759999998,22607.772277893055,2898.0,25.0,7.0,147.0,57.0,20.0,11.0,169.0,34.0,2.0,0.0,0.0,0.0
231,99,9,3282.0,3133.0,616.0,0.0,771.0,5645.0,800.5658658080757,19277.411199999988,20077.977065808063,2898.0,25.0,7.0,147.0,57.0,20.0,11.0,169.0,34.0,2.0,0.0,0.0,0.0
231,100,9,3345.0,3091.0,666.0,0.0,768.0,5645.0,558.0660529456856,20609.803999999982,21167.870052945666,2898.0,25.0,7.0,147.0,57.0,20.0,11.0,169.0,34.0,2.0,0.0,0.0,0.0
231,101,9,3300.0,3107.0,654.0,0.0,746.0,5645.0,478.1986017088999,20389.430799999984,20867.629401708884,2898.0,25.0,7.0,147.0,57.0,20.0,11.0,169.0,34.0,2.0,0.0,0.0,0.0
231,102,9,3349.0,3158.0,631.0,0.0,726.0,5645.0,515.8130763442286,22345.468399999976,22861.281476344207,2898.0,25.0,7.0,147.0,57.0,20.0,11.0,169.0,34.0,2.0,0.0,0.0,0.0
231,103,9,3361.0,3147.0,674.0,0.0,762.0,5645.0,475.09969614493104,19877.007999999994,20352.107696144925,2898.0,25.0,7.0,147.0,57.0,20.0,11.0,169.0,34.0,2.0,0.0,0.0,0.0
231,104,9,3369.0,3140.0,705.0,0.0,747.0,5645.0,313.7172923397028,19239.201599999982,19552.918892339683,2898.0,25.0,7.0,147.0,57.0,20.0,11.0,169.0,34.0,2.0,0.0,0.0,0.0
231,105,9,3419.0,3138.0,700.0,0.0,798.0,5645.0,558.1987348444858,21537.05479999998,22095.253534844465,2898.0,25.0,7.0,147.0,57.0,20.0,11.0,169.0,34.0,2.0,0.0,0.0,0.0
231,106,9,3365.0,3094.0,707.0,0.0,763.0,5645.0,315.05410692722836,20775.668399999973,21090.722506927203,2898.0,25.0,7.0,147.0,57.0,20.0,11.0,169.0,34.0,2.0,0.0,0.0,0.0
231,107,9,3392.0,3156.0,682.0,0.0,770.0,5645.0,476.1600075143552,20702.92319999998,21179.083207514333,2898.0,25.0,7.0,147.0,57.0,20.0,11.0,169.0,34.0,2.0,0.0,0.0,0.0
231,108,10,3414.0,3125.0,718.0,0.0,813.0,5645.0,557.4728865960452,22366.577199999985,22924.050086596028,2898.0,25.0,7.0,147.0,57.0,20.0,11.0,169.0,34.0,2.0,0.0,0.0,0.0
231,109,10,3303.0,3161.0,643.0,0.0,783.0,5645.0,477.2833907499494,21275.532799999983,21752.81619074993,2898.0,25.0,7.0,147.0,57.0,20.0,11.0,169.0,34.0,2.0,0.0,0.0,0.0
231,110,10,3285.0,3091.0,631.0,0.0,722.0,5645.0,356.31501249050183,20865.981999999975,21222.297012490475,2898.0,25.0,7.0,147.0,57.0,20.0,11.0,169.0,34.0,2.0,0.0,0.0,0.0
231,111,10,3364.0,3169.0,647.0,0.0,746.0,5645.0,396.7909380697403,20595.107999999986,20991.898938069728,2898.0,25.0,7.0,147.0,57.0,20.0,11.0,169.0,34.0,2.0,0.0,0.0,0.0
231,112,10,3324.0,3133.0,647.0,0.0,775.0,5645.0,598.8908574278732,23691.02079999998,24289.911657427852,2898.0,25.0,7.0,147.0,57.0,20.0,11.0,169.0,34.0,2.0,0.0,0.0,0.0
231,113,10,3327.0,3120.0,664.0,0.0,743.0,5645.0,436.9895917444163,21715.076799999984,22152.066391744404,2898.0,25.0,7.0,147.0,57.0,20.0,11.0,169.0,34.0,2.0,0.0,0.0,0.0
231,114,10,3370.0,3105.0,671.0,0.0,791.0,5645.0,1004.0599054796332,19423.76999999997,20427.8299054796,2898.0,25.0,7.0,147.0,57.0,20.0,11.0,169.0,34.0,2.0,0.0,0.0,0.0
231,115,10,3388.0,3151.0,684.0,0.0,815.0,5645.0,678.0153864114702,20602.723199999986,21280.738586411455,2898.0,25.0,7.0,147.0,57.0,20.0,11.0,169.0,34.0,2.0,0.0,0.0,0.0
231,116,10,3391.0,3119.0,676.0,0.0,829.0,5645.0,642.8323702651841,19142.27479999998,19785.107170265164,2898.0,25.0,7.0,147.0,57.0,20.0,11.0,169.0,34.0,2.0,0.0,0.0,0.0
231,117,10,3418.0,3137.0,682.0,0.0,769.0,5645.0,557.7928003902812,21810.19999999999,22367.99280039027,2898.0,25.0,7.0,147.0,57.0,20.0,11.0,169.0,34.0,2.0,0.0,0.0,0.0
231,118,10,3323.0,3157.0,667.0,0.0,803.0,5645.0,518.1853617784893,21406.059999999976,21924.24536177847,2898.0,25.0,7.0,147.0,57.0,20.0,11.0,169.0,34.0,2.0,0.0,0.0,0.0
231,119,10,3365.0,3113.0,714.0,0.0,798.0,5645.0,801.0184092666397,21710.534399999982,22511.55280926662,2898.0,25.0,7.0,147.0,57.0,20.0,11.0,169.0,34.0,2.0,0.0,0.0,0.0
232,0,1,2913.0,2921.0,567.0,0.0,746.0,5645.0,770.332802174933,23682.804399999965,24453.137202174898,2898.0,25.0,7.0,147.0,57.0,20.0,11.0,169.0,34.0,2.0,0.0,0.0,0.0
232,1,1,2878.0,2904.0,576.0,0.0,776.0,5645.0,604.1890890733229,23601.375199999962,24205.56428907329,2898.0,25.0,7.0,147.0,57.0,20.0,11.0,169.0,34.0,2.0,0.0,0.0,0.0
232,2,1,2924.0,2896.0,595.0,0.0,735.0,5645.0,724.1898293083348,21997.039599999982,22721.229429308318,2898.0,25.0,7.0,147.0,57.0,20.0,11.0,169.0,34.0,2.0,0.0,0.0,0.0
232,3,1,2941.0,2974.0,574.0,0.0,752.0,5645.0,564.8877729663094,20926.302399999986,21491.190172966293,2898.0,25.0,7.0,147.0,57.0,20.0,11.0,169.0,34.0,2.0,0.0,0.0,0.0
232,4,1,2876.0,2882.0,623.0,0.0,790.0,5645.0,770.6833822943398,24822.278799999975,25592.962182294315,2898.0,25.0,7.0,147.0,57.0,20.0,11.0,169.0,34.0,2.0,0.0,0.0,0.0
232,5,1,2924.0,2914.0,622.0,0.0,736.0,5645.0,605.3612659583051,23458.82399999998,24064.185265958284,2898.0,25.0,7.0,147.0,57.0,20.0,11.0,169.0,34.0,2.0,0.0,0.0,0.0
232,6,1,2812.0,2842.0,593.0,0.0,754.0,5645.0,645.8842690172651,22273.05719999999,22918.941469017253,2898.0,25.0,7.0,147.0,57.0,20.0,11.0,169.0,34.0,2.0,0.0,0.0,0.0
232,7,1,2826.0,2910.0,592.0,0.0,790.0,5645.0,685.3384496980559,22412.669199999982,23098.00764969804,2898.0,25.0,7.0,147.0,57.0,20.0,11.0,169.0,34.0,2.0,0.0,0.0,0.0
232,8,1,2880.0,2871.0,612.0,0.0,724.0,5645.0,481.7952303476264,22649.67559999999,23131.470830347618,2898.0,25.0,7.0,147.0,57.0,20.0,11.0,169.0,34.0,2.0,0.0,0.0,0.0
232,9,1,2857.0,2848.0,581.0,0.0,705.0,5645.0,483.49671836806476,23492.223999999977,23975.72071836804,2898.0,25.0,7.0,147.0,57.0,20.0,11.0,169.0,34.0,2.0,0.0,0.0,0.0
232,10,1,2892.0,2912.0,576.0,0.0,786.0,5645.0,564.689456755631,22631.706399999974,23196.395856755604,2898.0,25.0,7.0,147.0,57.0,20.0,11.0,169.0,34.0,2.0,0.0,0.0,0.0
232,11,1,2839.0,2943.0,561.0,0.0,773.0,5645.0,684.9433809595066,21898.10879999999,22583.052180959497,2898.0,25.0,7.0,147.0,57.0,20.0,11.0,169.0,34.0,2.0,0.0,0.0,0.0
232,12,2,2806.0,2855.0,575.0,0.0,745.0,5645.0,564.2259690784023,22801.979599999977,23366.20556907838,2898.0,25.0,7.0,147.0,57.0,20.0,11.0,169.0,34.0,2.0,0.0,0.0,0.0
232,13,2,2802.0,2844.0,592.0,0.0,749.0,5645.0,603.6760995442808,25144.92279999997,25748.598899544253,2898.0,25.0,7.0,147.0,57.0,20.0,11.0,169.0,34.0,2.0,0.0,0.0,0.0
232,14,2,2848.0,2905.0,559.0,0.0,703.0,5645.0,402.48673764246104,24309.78919999997,24712.27593764243,2898.0,25.0,7.0,147.0,57.0,20.0,11.0,169.0,34.0,2.0,0.0,0.0,0.0
232,15,2,2890.0,2952.0,563.0,0.0,758.0,5645.0,728.2314168902907,24030.431599999974,24758.663016890267,2898.0,25.0,7.0,147.0,57.0,20.0,11.0,169.0,34.0,2.0,0.0,0.0,0.0
232,16,2,2914.0,2891.0,627.0,0.0,749.0,5645.0,563.2310563921304,22867.109599999974,23430.3406563921,2898.0,25.0,7.0,147.0,57.0,20.0,11.0,169.0,34.0,2.0,0.0,0.0,0.0
232,17,2,2904.0,2937.0,576.0,0.0,762.0,5645.0,605.151967914199,22203.58519999998,22808.737167914176,2898.0,25.0,7.0,147.0,57.0,20.0,11.0,169.0,34.0,2.0,0.0,0.0,0.0
232,18,2,2898.0,2866.0,583.0,0.0,751.0,5645.0,603.4696650003781,23755.28239999997,24358.75206500035,2898.0,25.0,7.0,147.0,57.0,20.0,11.0,169.0,34.0,2.0,0.0,0.0,0.0
232,19,2,2821.0,2907.0,566.0,0.0,748.0,5645.0,521.8729336399797,22719.548399999985,23241.421333639966,2898.0,25.0,7.0,147.0,57.0,20.0,11.0,169.0,34.0,2.0,0.0,0.0,0.0
232,20,2,2902.0,2969.0,582.0,0.0,764.0,5645.0,441.9170893296782,22762.968399999983,23204.885489329663,2898.0,25.0,7.0,147.0,57.0,20.0,11.0,169.0,34.0,2.0,0.0,0.0,0.0
232,21,2,2837.0,2870.0,610.0,0.0,730.0,5645.0,727.9104770759573,22864.637999999974,23592.548477075932,2898.0,25.0,7.0,147.0,57.0,20.0,11.0,169.0,34.0,2.0,0.0,0.0,0.0
232,22,2,2849.0,2848.0,600.0,0.0,738.0,5645.0,685.2815500274415,21954.68839999999,22639.969950027433,2898.0,25.0,7.0,147.0,57.0,20.0,11.0,169.0,34.0,2.0,0.0,0.0,0.0
232,23,2,2810.0,2869.0,595.0,0.0,767.0,5645.0,770.2969278279324,23163.501199999977,23933.79812782791,2898.0,25.0,7.0,147.0,57.0,20.0,11.0,169.0,34.0,2.0,0.0,0.0,0.0
232,24,3,2799.0,2887.0,585.0,0.0,737.0,5645.0,889.5186373553527,23544.728799999986,24434.247437355334,2898.0,25.0,7.0,147.0,57.0,20.0,11.0,169.0,34.0,2.0,0.0,0.0,0.0
232,25,3,2933.0,2922.0,639.0,0.0,750.0,5645.0,846.4313480046176,22663.169199999975,23509.600548004593,2898.0,25.0,7.0,147.0,57.0,20.0,11.0,169.0,34.0,2.0,0.0,0.0,0.0
232,26,3,2900.0,2915.0,617.0,0.0,793.0,5645.0,685.6457476261189,23403.112799999966,24088.758547626087,2898.0,25.0,7.0,147.0,57.0,20.0,11.0,169.0,34.0,2.0,0.0,0.0,0.0
232,27,3,2871.0,2960.0,537.0,0.0,701.0,5645.0,929.693885856175,23210.394799999965,24140.088685856146,2898.0,25.0,7.0,147.0,57.0,20.0,11.0,169.0,34.0,2.0,0.0,0.0,0.0
232,28,3,2940.0,2888.0,664.0,0.0,801.0,5645.0,929.0751131839967,24014.33279999997,24943.40791318397,2898.0,25.0,7.0,147.0,57.0,20.0,11.0,169.0,34.0,2.0,0.0,0.0,0.0
232,29,3,2851.0,2819.0,588.0,0.0,721.0,5645.0,727.4302834243489,21546.540399999987,22273.970683424337,2898.0,25.0,7.0,147.0,57.0,20.0,11.0,169.0,34.0,2.0,0.0,0.0,0.0
232,30,3,2886.0,2970.0,570.0,0.0,716.0,5645.0,687.9064350857475,21853.018799999973,22540.92523508572,2898.0,25.0,7.0,147.0,57.0,20.0,11.0,169.0,34.0,2.0,0.0,0.0,0.0
232,31,3,2852.0,2951.0,594.0,0.0,765.0,5645.0,564.4833763272904,21723.96119999999,22288.44457632728,2898.0,25.0,7.0,147.0,57.0,20.0,11.0,169.0,34.0,2.0,0.0,0.0,0.0
232,32,3,2913.0,2901.0,642.0,0.0,733.0,5645.0,402.5182509259633,22105.65639999998,22508.174650925946,2898.0,25.0,7.0,147.0,57.0,20.0,11.0,169.0,34.0,2.0,0.0,0.0,0.0
232,33,3,2862.0,2893.0,626.0,0.0,759.0,5645.0,728.6093054598996,22190.49239999998,22919.101705459878,2898.0,25.0,7.0,147.0,57.0,20.0,11.0,169.0,34.0,2.0,0.0,0.0,0.0
232,34,3,2870.0,2872.0,614.0,0.0,800.0,5645.0,728.5503846150752,23068.44479999997,23796.99518461504,2898.0,25.0,7.0,147.0,57.0,20.0,11.0,169.0,34.0,2.0,0.0,0.0,0.0
232,35,3,2837.0,2879.0,597.0,0.0,753.0,5645.0,848.3259144876205,23065.772799999977,23914.098714487598,2898.0,25.0,7.0,147.0,57.0,20.0,11.0,169.0,34.0,2.0,0.0,0.0,0.0
232,36,4,2936.0,2977.0,618.0,0.0,774.0,5645.0,444.64303207349644,22898.973199999986,23343.616232073484,2898.0,25.0,7.0,147.0,57.0,20.0,11.0,169.0,34.0,2.0,0.0,0.0,0.0
232,37,4,2898.0,2912.0,593.0,0.0,781.0,5645.0,524.7775396627796,24251.806799999977,24776.584339662753,2898.0,25.0,7.0,147.0,57.0,20.0,11.0,169.0,34.0,2.0,0.0,0.0,0.0
232,38,4,2859.0,2872.0,603.0,0.0,777.0,5645.0,686.0285309074302,20547.41279999998,21233.44133090741,2898.0,25.0,7.0,147.0,57.0,20.0,11.0,169.0,34.0,2.0,0.0,0.0,0.0
232,39,4,2901.0,2906.0,587.0,0.0,754.0,5645.0,687.5672879866684,23505.650799999978,24193.218087986643,2898.0,25.0,7.0,147.0,57.0,20.0,11.0,169.0,34.0,2.0,0.0,0.0,0.0
232,40,4,2855.0,2909.0,609.0,0.0,799.0,5645.0,931.3937677854989,22930.90359999998,23862.297367785475,2898.0,25.0,7.0,147.0,57.0,20.0,11.0,169.0,34.0,2.0,0.0,0.0,0.0
232,41,4,2859.0,2793.0,593.0,0.0,723.0,5645.0,563.5608994876764,21387.355999999985,21950.91689948766,2898.0,25.0,7.0,147.0,57.0,20.0,11.0,169.0,34.0,2.0,0.0,0.0,0.0
232,42,4,2916.0,2967.0,601.0,0.0,796.0,5645.0,562.6547913238794,24260.891599999974,24823.54639132385,2898.0,25.0,7.0,147.0,57.0,20.0,11.0,169.0,34.0,2.0,0.0,0.0,0.0
232,43,4,2885.0,2862.0,599.0,0.0,745.0,5645.0,562.030787270894,21333.982799999983,21896.013587270878,2898.0,25.0,7.0,147.0,57.0,20.0,11.0,169.0,34.0,2.0,0.0,0.0,0.0
232,44,4,2844.0,2926.0,575.0,0.0,775.0,5645.0,685.8495188891411,23034.176399999968,23720.025918889107,2898.0,25.0,7.0,147.0,57.0,20.0,11.0,169.0,34.0,2.0,0.0,0.0,0.0
232,45,4,2846.0,2837.0,603.0,0.0,743.0,5645.0,565.8364764139548,21764.90959999998,22330.746076413932,2898.0,25.0,7.0,147.0,57.0,20.0,11.0,169.0,34.0,2.0,0.0,0.0,0.0
232,46,4,2838.0,2867.0,593.0,0.0,746.0,5645.0,604.0149753567257,22441.793999999987,23045.80897535671,2898.0,25.0,7.0,147.0,57.0,20.0,11.0,169.0,34.0,2.0,0.0,0.0,0.0
232,47,4,2881.0,2896.0,605.0,0.0,772.0,5645.0,726.2916514356485,24063.63119999998,24789.922851435625,2898.0,25.0,7.0,147.0,57.0,20.0,11.0,169.0,34.0,2.0,0.0,0.0,0.0
232,48,5,2908.0,2927.0,597.0,0.0,758.0,5645.0,849.2442131617667,22596.636399999974,23445.88061316174,2898.0,25.0,7.0,147.0,57.0,20.0,11.0,169.0,34.0,2.0,0.0,0.0,0.0
232,49,5,2813.0,2850.0,595.0,0.0,763.0,5645.0,483.4264022160565,24589.480799999965,25072.90720221602,2898.0,25.0,7.0,147.0,57.0,20.0,11.0,169.0,34.0,2.0,0.0,0.0,0.0
232,50,5,2908.0,2910.0,610.0,0.0,797.0,5645.0,929.52991724957,23377.394799999973,24306.92471724954,2898.0,25.0,7.0,147.0,57.0,20.0,11.0,169.0,34.0,2.0,0.0,0.0,0.0
232,51,5,2889.0,2824.0,625.0,0.0,775.0,5645.0,685.8448803666408,23471.983599999967,24157.82848036661,2898.0,25.0,7.0,147.0,57.0,20.0,11.0,169.0,34.0,2.0,0.0,0.0,0.0
232,52,5,2873.0,2886.0,579.0,0.0,716.0,5645.0,725.224249250181,22902.44679999998,23627.67104925016,2898.0,25.0,7.0,147.0,57.0,20.0,11.0,169.0,34.0,2.0,0.0,0.0,0.0
232,53,5,2860.0,2906.0,555.0,0.0,728.0,5645.0,481.322857539059,23013.86919999997,23495.19205753903,2898.0,25.0,7.0,147.0,57.0,20.0,11.0,169.0,34.0,2.0,0.0,0.0,0.0
232,54,5,2868.0,2888.0,609.0,0.0,777.0,5645.0,524.6500615460051,24014.065599999976,24538.715661545983,2898.0,25.0,7.0,147.0,57.0,20.0,11.0,169.0,34.0,2.0,0.0,0.0,0.0
232,55,5,2807.0,2874.0,540.0,0.0,750.0,5645.0,649.3757188257495,23588.54959999998,24237.92531882573,2898.0,25.0,7.0,147.0,57.0,20.0,11.0,169.0,34.0,2.0,0.0,0.0,0.0
232,56,5,2930.0,2910.0,614.0,0.0,729.0,5645.0,849.9098499051315,23784.139999999978,24634.04984990511,2898.0,25.0,7.0,147.0,57.0,20.0,11.0,169.0,34.0,2.0,0.0,0.0,0.0
232,57,5,2903.0,2947.0,617.0,0.0,791.0,5645.0,766.0484204282591,22942.393199999977,23708.44162042824,2898.0,25.0,7.0,147.0,57.0,20.0,11.0,169.0,34.0,2.0,0.0,0.0,0.0
232,58,5,2873.0,2809.0,631.0,0.0,736.0,5645.0,850.6913478327888,22412.802799999987,23263.494147832775,2898.0,25.0,7.0,147.0,57.0,20.0,11.0,169.0,34.0,2.0,0.0,0.0,0.0
232,59,5,2827.0,2899.0,577.0,0.0,749.0,5645.0,645.32623376619,24756.480799999983,25401.807033766167,2898.0,25.0,7.0,147.0,57.0,20.0,11.0,169.0,34.0,2.0,0.0,0.0,0.0
232,60,6,2871.0,2915.0,616.0,0.0,803.0,5645.0,688.5390834170717,24254.411999999968,24942.95108341704,2898.0,25.0,7.0,147.0,57.0,20.0,11.0,169.0,34.0,2.0,0.0,0.0,0.0
232,61,6,2865.0,2879.0,589.0,0.0,740.0,5645.0,927.9666102704427,22975.39239999999,23903.359010270433,2898.0,25.0,7.0,147.0,57.0,20.0,11.0,169.0,34.0,2.0,0.0,0.0,0.0
232,62,6,2877.0,2875.0,611.0,0.0,727.0,5645.0,724.7163753241108,23262.298399999985,23987.014775324096,2898.0,25.0,7.0,147.0,57.0,20.0,11.0,169.0,34.0,2.0,0.0,0.0,0.0
232,63,6,2890.0,2914.0,634.0,0.0,786.0,5645.0,726.5179900157427,22105.99039999999,22832.508390015733,2898.0,25.0,7.0,147.0,57.0,20.0,11.0,169.0,34.0,2.0,0.0,0.0,0.0
232,64,6,2864.0,2895.0,591.0,0.0,742.0,5645.0,973.6106368155329,22138.65559999998,23112.266236815514,2898.0,25.0,7.0,147.0,57.0,20.0,11.0,169.0,34.0,2.0,0.0,0.0,0.0
232,65,6,2877.0,2857.0,630.0,0.0,722.0,5645.0,444.0830068559825,23603.77999999998,24047.86300685596,2898.0,25.0,7.0,147.0,57.0,20.0,11.0,169.0,34.0,2.0,0.0,0.0,0.0
232,66,6,2850.0,2883.0,621.0,0.0,762.0,5645.0,564.4975805814394,23213.267199999977,23777.76478058142,2898.0,25.0,7.0,147.0,57.0,20.0,11.0,169.0,34.0,2.0,0.0,0.0,0.0
232,67,6,2926.0,2919.0,615.0,0.0,740.0,5645.0,725.7683520273603,21350.014799999975,22075.783152027336,2898.0,25.0,7.0,147.0,57.0,20.0,11.0,169.0,34.0,2.0,0.0,0.0,0.0
232,68,6,2848.0,2871.0,611.0,0.0,742.0,5645.0,686.3077870183046,23231.236399999976,23917.544187018284,2898.0,25.0,7.0,147.0,57.0,20.0,11.0,169.0,34.0,2.0,0.0,0.0,0.0
232,69,6,2880.0,2878.0,548.0,0.0,726.0,5645.0,850.8414834571404,23102.245599999987,23953.087083457125,2898.0,25.0,7.0,147.0,57.0,20.0,11.0,169.0,34.0,2.0,0.0,0.0,0.0
232,70,6,2842.0,2932.0,552.0,0.0,734.0,5645.0,644.7510529975345,22048.60919999998,22693.360252997514,2898.0,25.0,7.0,147.0,57.0,20.0,11.0,169.0,34.0,2.0,0.0,0.0,0.0
232,71,6,2869.0,2916.0,570.0,0.0,747.0,5645.0,644.7134631522229,24162.56199999997,24807.27546315219,2898.0,25.0,7.0,147.0,57.0,20.0,11.0,169.0,34.0,2.0,0.0,0.0,0.0
232,72,7,2857.0,2801.0,651.0,0.0,724.0,5645.0,603.5637155511322,22086.41799999998,22689.981715551112,2898.0,25.0,7.0,147.0,57.0,20.0,11.0,169.0,34.0,2.0,0.0,0.0,0.0
232,73,7,2850.0,2867.0,646.0,0.0,826.0,5645.0,768.1786885967274,22459.69639999998,23227.875088596706,2898.0,25.0,7.0,147.0,57.0,20.0,11.0,169.0,34.0,2.0,0.0,0.0,0.0
232,74,7,2888.0,2887.0,603.0,0.0,784.0,5645.0,565.5152338728011,23326.02559999998,23891.54083387278,2898.0,25.0,7.0,147.0,57.0,20.0,11.0,169.0,34.0,2.0,0.0,0.0,0.0
232,75,7,2907.0,2885.0,578.0,0.0,742.0,5645.0,360.96708390030915,23490.620799999982,23851.58788390029,2898.0,25.0,7.0,147.0,57.0,20.0,11.0,169.0,34.0,2.0,0.0,0.0,0.0
232,76,7,2901.0,2969.0,574.0,0.0,771.0,5645.0,439.4151108087651,22238.454799999978,22677.86991080874,2898.0,25.0,7.0,147.0,57.0,20.0,11.0,169.0,34.0,2.0,0.0,0.0,0.0
232,77,7,2907.0,2884.0,604.0,0.0,782.0,5645.0,605.9574882513289,24500.636799999964,25106.594288251294,2898.0,25.0,7.0,147.0,57.0,20.0,11.0,169.0,34.0,2.0,0.0,0.0,0.0
232,78,7,2833.0,2856.0,604.0,0.0,753.0,5645.0,604.1909509519245,22920.282399999975,23524.473350951903,2898.0,25.0,7.0,147.0,57.0,20.0,11.0,169.0,34.0,2.0,0.0,0.0,0.0
232,79,7,2909.0,2919.0,566.0,0.0,690.0,5645.0,277.9647838811727,22152.416399999976,22430.381183881153,2898.0,25.0,7.0,147.0,57.0,20.0,11.0,169.0,34.0,2.0,0.0,0.0,0.0
232,80,7,2915.0,2914.0,585.0,0.0,744.0,5645.0,563.1993857074407,21657.09439999998,22220.293785707425,2898.0,25.0,7.0,147.0,57.0,20.0,11.0,169.0,34.0,2.0,0.0,0.0,0.0
232,81,7,2887.0,2882.0,615.0,0.0,750.0,5645.0,526.032659160993,24607.984399999965,25134.017059160957,2898.0,25.0,7.0,147.0,57.0,20.0,11.0,169.0,34.0,2.0,0.0,0.0,0.0
232,82,7,2933.0,2928.0,590.0,0.0,715.0,5645.0,727.8325166178248,24303.910799999972,25031.743316617798,2898.0,25.0,7.0,147.0,57.0,20.0,11.0,169.0,34.0,2.0,0.0,0.0,0.0
232,83,7,2865.0,2892.0,612.0,0.0,792.0,5645.0,851.0329133403678,25271.97639999997,26123.009313340335,2898.0,25.0,7.0,147.0,57.0,20.0,11.0,169.0,34.0,2.0,0.0,0.0,0.0
232,84,8,2957.0,2947.0,633.0,0.0,788.0,5645.0,725.4390076052056,24519.340799999984,25244.77980760519,2898.0,25.0,7.0,147.0,57.0,20.0,11.0,169.0,34.0,2.0,0.0,0.0,0.0
232,85,8,2936.0,3002.0,609.0,0.0,791.0,5645.0,727.8289973567164,23426.025199999982,24153.854197356697,2898.0,25.0,7.0,147.0,57.0,20.0,11.0,169.0,34.0,2.0,0.0,0.0,0.0
232,86,8,2884.0,2872.0,627.0,0.0,737.0,5645.0,809.8621403211685,23253.747999999978,24063.610140321143,2898.0,25.0,7.0,147.0,57.0,20.0,11.0,169.0,34.0,2.0,0.0,0.0,0.0
232,87,8,2816.0,2860.0,601.0,0.0,791.0,5645.0,523.2232386743184,21370.98999999999,21894.21323867431,2898.0,25.0,7.0,147.0,57.0,20.0,11.0,169.0,34.0,2.0,0.0,0.0,0.0
232,88,8,2873.0,2862.0,621.0,0.0,792.0,5645.0,603.6754148485722,20415.749999999985,21019.425414848556,2898.0,25.0,7.0,147.0,57.0,20.0,11.0,169.0,34.0,2.0,0.0,0.0,0.0
232,89,8,2899.0,2867.0,603.0,0.0,799.0,5645.0,892.9028385289973,21618.81799999998,22511.720838528978,2898.0,25.0,7.0,147.0,57.0,20.0,11.0,169.0,34.0,2.0,0.0,0.0,0.0
232,90,8,2776.0,2853.0,604.0,0.0,795.0,5645.0,606.1511191103143,23261.429999999982,23867.5811191103,2898.0,25.0,7.0,147.0,57.0,20.0,11.0,169.0,34.0,2.0,0.0,0.0,0.0
232,91,8,2893.0,2891.0,615.0,0.0,713.0,5645.0,600.2009602130997,22225.16159999998,22825.36256021308,2898.0,25.0,7.0,147.0,57.0,20.0,11.0,169.0,34.0,2.0,0.0,0.0,0.0
232,92,8,2911.0,2908.0,623.0,0.0,779.0,5645.0,644.8910975160093,22304.586799999986,22949.477897515997,2898.0,25.0,7.0,147.0,57.0,20.0,11.0,169.0,34.0,2.0,0.0,0.0,0.0
232,93,8,2830.0,2836.0,610.0,0.0,735.0,5645.0,686.4828631512557,21797.975599999972,22484.45846315123,2898.0,25.0,7.0,147.0,57.0,20.0,11.0,169.0,34.0,2.0,0.0,0.0,0.0
232,94,8,2858.0,2841.0,636.0,0.0,765.0,5645.0,645.0307505867753,22937.11599999997,23582.146750586744,2898.0,25.0,7.0,147.0,57.0,20.0,11.0,169.0,34.0,2.0,0.0,0.0,0.0
232,95,8,2906.0,2891.0,613.0,0.0,767.0,5645.0,969.4276224192546,20809.402399999988,21778.830022419246,2898.0,25.0,7.0,147.0,57.0,20.0,11.0,169.0,34.0,2.0,0.0,0.0,0.0
232,96,9,2825.0,2814.0,607.0,0.0,699.0,5645.0,645.7508765342271,23967.572799999976,24613.323676534204,2898.0,25.0,7.0,147.0,57.0,20.0,11.0,169.0,34.0,2.0,0.0,0.0,0.0
232,97,9,2856.0,2873.0,590.0,0.0,796.0,5645.0,931.1474008744965,22637.317599999973,23568.46500087447,2898.0,25.0,7.0,147.0,57.0,20.0,11.0,169.0,34.0,2.0,0.0,0.0,0.0
232,98,9,2842.0,2884.0,588.0,0.0,763.0,5645.0,443.1150069475053,21586.954399999988,22030.069406947492,2898.0,25.0,7.0,147.0,57.0,20.0,11.0,169.0,34.0,2.0,0.0,0.0,0.0
232,99,9,2896.0,2837.0,629.0,0.0,798.0,5645.0,767.0922907000972,21631.509999999987,22398.602290700088,2898.0,25.0,7.0,147.0,57.0,20.0,11.0,169.0,34.0,2.0,0.0,0.0,0.0
232,100,9,2855.0,2882.0,583.0,0.0,764.0,5645.0,522.4100585436693,22506.05559999998,23028.465658543653,2898.0,25.0,7.0,147.0,57.0,20.0,11.0,169.0,34.0,2.0,0.0,0.0,0.0
232,101,9,2874.0,2913.0,581.0,0.0,714.0,5645.0,726.3442387233315,24483.669599999965,25210.0138387233,2898.0,25.0,7.0,147.0,57.0,20.0,11.0,169.0,34.0,2.0,0.0,0.0,0.0
232,102,9,2901.0,2916.0,612.0,0.0,741.0,5645.0,522.7761687233907,22818.41239999998,23341.188568723366,2898.0,25.0,7.0,147.0,57.0,20.0,11.0,169.0,34.0,2.0,0.0,0.0,0.0
232,103,9,2908.0,2884.0,655.0,0.0,773.0,5645.0,564.7530852857602,22789.821999999964,23354.575085285727,2898.0,25.0,7.0,147.0,57.0,20.0,11.0,169.0,34.0,2.0,0.0,0.0,0.0
232,104,9,2920.0,2913.0,620.0,0.0,764.0,5645.0,726.164264174941,23666.77239999997,24392.936664174907,2898.0,25.0,7.0,147.0,57.0,20.0,11.0,169.0,34.0,2.0,0.0,0.0,0.0
232,105,9,2886.0,2913.0,586.0,0.0,741.0,5645.0,687.3357269901863,22294.099199999975,22981.43492699016,2898.0,25.0,7.0,147.0,57.0,20.0,11.0,169.0,34.0,2.0,0.0,0.0,0.0
232,106,9,2905.0,2925.0,597.0,0.0,767.0,5645.0,603.789828969583,23178.197199999962,23781.987028969546,2898.0,25.0,7.0,147.0,57.0,20.0,11.0,169.0,34.0,2.0,0.0,0.0,0.0
232,107,9,2952.0,2914.0,636.0,0.0,766.0,5645.0,804.2918097184242,24148.867999999966,24953.159809718392,2898.0,25.0,7.0,147.0,57.0,20.0,11.0,169.0,34.0,2.0,0.0,0.0,0.0
232,108,10,2823.0,2907.0,606.0,0.0,755.0,5645.0,644.2093915991746,23563.165599999968,24207.374991599143,2898.0,25.0,7.0,147.0,57.0,20.0,11.0,169.0,34.0,2.0,0.0,0.0,0.0
232,109,10,2842.0,2878.0,571.0,0.0,715.0,5645.0,930.0192608964878,22081.942399999967,23011.961660896453,2898.0,25.0,7.0,147.0,57.0,20.0,11.0,169.0,34.0,2.0,0.0,0.0,0.0
232,110,10,2884.0,2920.0,586.0,0.0,765.0,5645.0,644.670697626046,22431.57359999999,23076.244297626035,2898.0,25.0,7.0,147.0,57.0,20.0,11.0,169.0,34.0,2.0,0.0,0.0,0.0
232,111,10,2838.0,2851.0,601.0,0.0,775.0,5645.0,283.26628938287314,26628.684399999962,26911.950689382833,2898.0,25.0,7.0,147.0,57.0,20.0,11.0,169.0,34.0,2.0,0.0,0.0,0.0
232,112,10,2885.0,2901.0,612.0,0.0,761.0,5645.0,727.4570952265042,23754.146799999988,24481.603895226493,2898.0,25.0,7.0,147.0,57.0,20.0,11.0,169.0,34.0,2.0,0.0,0.0,0.0
232,113,10,2866.0,2865.0,596.0,0.0,775.0,5645.0,808.065875554493,22332.10839999997,23140.17427555446,2898.0,25.0,7.0,147.0,57.0,20.0,11.0,169.0,34.0,2.0,0.0,0.0,0.0
232,114,10,2931.0,2919.0,617.0,0.0,779.0,5645.0,766.3030468562176,23314.135199999982,24080.438246856203,2898.0,25.0,7.0,147.0,57.0,20.0,11.0,169.0,34.0,2.0,0.0,0.0,0.0
232,115,10,2906.0,2885.0,598.0,0.0,791.0,5645.0,890.2992495139226,21448.678399999993,22338.977649513912,2898.0,25.0,7.0,147.0,57.0,20.0,11.0,169.0,34.0,2.0,0.0,0.0,0.0
232,116,10,2917.0,2890.0,625.0,0.0,776.0,5645.0,601.9535339932377,22333.711599999988,22935.66513399322,2898.0,25.0,7.0,147.0,57.0,20.0,11.0,169.0,34.0,2.0,0.0,0.0,0.0
232,117,10,2854.0,2930.0,587.0,0.0,748.0,5645.0,646.6809030230046,23512.664799999977,24159.34570302298,2898.0,25.0,7.0,147.0,57.0,20.0,11.0,169.0,34.0,2.0,0.0,0.0,0.0
232,118,10,2860.0,2861.0,642.0,0.0,810.0,5645.0,726.1271770990318,23332.772399999983,24058.89957709902,2898.0,25.0,7.0,147.0,57.0,20.0,11.0,169.0,34.0,2.0,0.0,0.0,0.0
232,119,10,2875.0,2892.0,595.0,0.0,729.0,5645.0,483.4144491324404,22217.14559999997,22700.56004913241,2898.0,25.0,7.0,147.0,57.0,20.0,11.0,169.0,34.0,2.0,0.0,0.0,0.0
233,0,1,3028.0,2946.0,621.0,0.0,742.0,5645.0,275.40281061743786,21414.209599999973,21689.61241061741,2898.0,25.0,7.0,147.0,57.0,20.0,11.0,169.0,34.0,2.0,0.0,0.0,0.0
233,1,1,3101.0,2994.0,619.0,0.0,684.0,5645.0,233.49260045215152,19546.548399999974,19780.041000452125,2898.0,25.0,7.0,147.0,57.0,20.0,11.0,169.0,34.0,2.0,0.0,0.0,0.0
233,2,1,3122.0,3063.0,585.0,0.0,730.0,5645.0,396.5629680987666,18828.114399999988,19224.677368098754,2898.0,25.0,7.0,147.0,57.0,20.0,11.0,169.0,34.0,2.0,0.0,0.0,0.0
233,3,1,3036.0,2962.0,646.0,0.0,731.0,5645.0,397.19077184791223,21862.63799999998,22259.828771847893,2898.0,25.0,7.0,147.0,57.0,20.0,11.0,169.0,34.0,2.0,0.0,0.0,0.0
233,4,1,3090.0,2986.0,656.0,0.0,711.0,5645.0,192.92466458561103,19921.42999999999,20114.354664585597,2898.0,25.0,7.0,147.0,57.0,20.0,11.0,169.0,34.0,2.0,0.0,0.0,0.0
233,5,1,2985.0,2910.0,626.0,0.0,694.0,5645.0,153.57945235237253,20776.469999999987,20930.04945235236,2898.0,25.0,7.0,147.0,57.0,20.0,11.0,169.0,34.0,2.0,0.0,0.0,0.0
233,6,1,2989.0,2998.0,603.0,0.0,730.0,5645.0,476.8739177438191,19423.836799999986,19900.71071774381,2898.0,25.0,7.0,147.0,57.0,20.0,11.0,169.0,34.0,2.0,0.0,0.0,0.0
233,7,1,3048.0,2955.0,642.0,0.0,683.0,5645.0,192.0603535670615,20093.373199999995,20285.433553567058,2898.0,25.0,7.0,147.0,57.0,20.0,11.0,169.0,34.0,2.0,0.0,0.0,0.0
233,8,1,3019.0,2939.0,607.0,0.0,680.0,5645.0,192.45513605129617,20582.282399999982,20774.737536051274,2898.0,25.0,7.0,147.0,57.0,20.0,11.0,169.0,34.0,2.0,0.0,0.0,0.0
233,9,1,3049.0,2982.0,609.0,0.0,710.0,5645.0,395.82174568697246,19781.751199999984,20177.572945686952,2898.0,25.0,7.0,147.0,57.0,20.0,11.0,169.0,34.0,2.0,0.0,0.0,0.0
233,10,1,3001.0,3032.0,574.0,0.0,731.0,5645.0,314.55925644801636,19328.045599999998,19642.604856448015,2898.0,25.0,7.0,147.0,57.0,20.0,11.0,169.0,34.0,2.0,0.0,0.0,0.0
233,11,1,2956.0,2918.0,596.0,0.0,726.0,5645.0,233.03830170700866,20325.30279999998,20558.34110170699,2898.0,25.0,7.0,147.0,57.0,20.0,11.0,169.0,34.0,2.0,0.0,0.0,0.0
233,12,2,2975.0,2909.0,628.0,0.0,704.0,5645.0,233.34023421571078,20742.067999999977,20975.40823421569,2898.0,25.0,7.0,147.0,57.0,20.0,11.0,169.0,34.0,2.0,0.0,0.0,0.0
233,13,2,3020.0,2990.0,580.0,0.0,678.0,5645.0,111.44984086493794,20966.04839999998,21077.49824086492,2898.0,25.0,7.0,147.0,57.0,20.0,11.0,169.0,34.0,2.0,0.0,0.0,0.0
233,14,2,3059.0,3042.0,580.0,0.0,710.0,5645.0,354.10028023745497,21343.334799999982,21697.43508023744,2898.0,25.0,7.0,147.0,57.0,20.0,11.0,169.0,34.0,2.0,0.0,0.0,0.0
233,15,2,3061.0,2918.0,693.0,0.0,730.0,5645.0,315.6439042779542,19926.773999999983,20242.41790427794,2898.0,25.0,7.0,147.0,57.0,20.0,11.0,169.0,34.0,2.0,0.0,0.0,0.0
233,16,2,3070.0,3007.0,606.0,0.0,754.0,5645.0,232.7456983633994,20306.197999999982,20538.94369836338,2898.0,25.0,7.0,147.0,57.0,20.0,11.0,169.0,34.0,2.0,0.0,0.0,0.0
233,17,2,3062.0,2950.0,612.0,0.0,730.0,5645.0,108.3827038552891,20753.958399999985,20862.341103855277,2898.0,25.0,7.0,147.0,57.0,20.0,11.0,169.0,34.0,2.0,0.0,0.0,0.0
233,18,2,2981.0,2975.0,608.0,0.0,711.0,5645.0,394.91245636113547,19664.249999999978,20059.16245636111,2898.0,25.0,7.0,147.0,57.0,20.0,11.0,169.0,34.0,2.0,0.0,0.0,0.0
233,19,2,3056.0,3042.0,612.0,0.0,755.0,5645.0,314.0040169107897,20744.40599999999,21058.41001691078,2898.0,25.0,7.0,147.0,57.0,20.0,11.0,169.0,34.0,2.0,0.0,0.0,0.0
233,20,2,3005.0,2963.0,626.0,0.0,696.0,5645.0,477.4696859241577,19971.396399999983,20448.86608592414,2898.0,25.0,7.0,147.0,57.0,20.0,11.0,169.0,34.0,2.0,0.0,0.0,0.0
233,21,2,3010.0,2938.0,616.0,0.0,710.0,5645.0,354.363741911832,19877.809599999982,20232.173341911814,2898.0,25.0,7.0,147.0,57.0,20.0,11.0,169.0,34.0,2.0,0.0,0.0,0.0
233,22,2,3005.0,2987.0,599.0,0.0,710.0,5645.0,357.5855567134024,20998.112399999987,21355.697956713386,2898.0,25.0,7.0,147.0,57.0,20.0,11.0,169.0,34.0,2.0,0.0,0.0,0.0
233,23,2,2986.0,2948.0,647.0,0.0,709.0,5645.0,477.5538784779285,20229.91239999998,20707.466278477907,2898.0,25.0,7.0,147.0,57.0,20.0,11.0,169.0,34.0,2.0,0.0,0.0,0.0
233,24,3,3099.0,3012.0,657.0,0.0,724.0,5645.0,395.05038764408664,20229.64519999998,20624.695587644066,2898.0,25.0,7.0,147.0,57.0,20.0,11.0,169.0,34.0,2.0,0.0,0.0,0.0
233,25,3,3090.0,3029.0,638.0,0.0,738.0,5645.0,639.5448041984366,20491.100399999978,21130.64520419841,2898.0,25.0,7.0,147.0,57.0,20.0,11.0,169.0,34.0,2.0,0.0,0.0,0.0
233,26,3,3062.0,3065.0,558.0,0.0,679.0,5645.0,557.7779369933506,20546.343999999983,21104.12193699333,2898.0,25.0,7.0,147.0,57.0,20.0,11.0,169.0,34.0,2.0,0.0,0.0,0.0
233,27,3,3102.0,2997.0,657.0,0.0,740.0,5645.0,353.403121734948,19813.748399999982,20167.151521734933,2898.0,25.0,7.0,147.0,57.0,20.0,11.0,169.0,34.0,2.0,0.0,0.0,0.0
233,28,3,2989.0,2882.0,611.0,0.0,695.0,5645.0,355.66556355060237,19969.793199999996,20325.458763550596,2898.0,25.0,7.0,147.0,57.0,20.0,11.0,169.0,34.0,2.0,0.0,0.0,0.0
233,29,3,3052.0,3068.0,590.0,0.0,685.0,5645.0,275.64496277510034,19163.91799999998,19439.562962775082,2898.0,25.0,7.0,147.0,57.0,20.0,11.0,169.0,34.0,2.0,0.0,0.0,0.0
233,30,3,3012.0,3009.0,636.0,0.0,731.0,5645.0,314.12504000516896,19460.509999999987,19774.635040005152,2898.0,25.0,7.0,147.0,57.0,20.0,11.0,169.0,34.0,2.0,0.0,0.0,0.0
233,31,3,3063.0,2973.0,666.0,0.0,714.0,5645.0,233.66201107697805,20194.50839999998,20428.17041107696,2898.0,25.0,7.0,147.0,57.0,20.0,11.0,169.0,34.0,2.0,0.0,0.0,0.0
233,32,3,3007.0,2983.0,627.0,0.0,717.0,5645.0,517.9269186332206,20270.393199999984,20788.320118633208,2898.0,25.0,7.0,147.0,57.0,20.0,11.0,169.0,34.0,2.0,0.0,0.0,0.0
233,33,3,3041.0,2951.0,645.0,0.0,782.0,5645.0,235.3546759526452,20785.220799999977,21020.575475952624,2898.0,25.0,7.0,147.0,57.0,20.0,11.0,169.0,34.0,2.0,0.0,0.0,0.0
233,34,3,2980.0,2957.0,611.0,0.0,730.0,5645.0,477.87002840867,21101.652399999974,21579.522428408647,2898.0,25.0,7.0,147.0,57.0,20.0,11.0,169.0,34.0,2.0,0.0,0.0,0.0
233,35,3,3075.0,3032.0,659.0,0.0,795.0,5645.0,234.49453660453813,20448.815999999988,20683.310536604527,2898.0,25.0,7.0,147.0,57.0,20.0,11.0,169.0,34.0,2.0,0.0,0.0,0.0
233,36,4,3048.0,2976.0,625.0,0.0,729.0,5645.0,193.6554289174433,20933.31639999999,21126.97182891743,2898.0,25.0,7.0,147.0,57.0,20.0,11.0,169.0,34.0,2.0,0.0,0.0,0.0
233,37,4,3030.0,2952.0,628.0,0.0,738.0,5645.0,396.8530314878849,18951.026399999977,19347.879431487865,2898.0,25.0,7.0,147.0,57.0,20.0,11.0,169.0,34.0,2.0,0.0,0.0,0.0
233,38,4,3060.0,2984.0,610.0,0.0,721.0,5645.0,397.8710061165478,21514.342799999977,21912.213806116524,2898.0,25.0,7.0,147.0,57.0,20.0,11.0,169.0,34.0,2.0,0.0,0.0,0.0
233,39,4,3013.0,2991.0,641.0,0.0,770.0,5645.0,478.93159250574,21311.871999999967,21790.803592505705,2898.0,25.0,7.0,147.0,57.0,20.0,11.0,169.0,34.0,2.0,0.0,0.0,0.0
233,40,4,3046.0,2903.0,600.0,0.0,685.0,5645.0,313.6919369970901,19504.597999999987,19818.289936997076,2898.0,25.0,7.0,147.0,57.0,20.0,11.0,169.0,34.0,2.0,0.0,0.0,0.0
233,41,4,3072.0,3045.0,620.0,0.0,742.0,5645.0,272.53443230936426,21301.317599999988,21573.85203230935,2898.0,25.0,7.0,147.0,57.0,20.0,11.0,169.0,34.0,2.0,0.0,0.0,0.0
233,42,4,3057.0,2952.0,623.0,0.0,719.0,5645.0,232.77060122467168,19149.155199999987,19381.925801224654,2898.0,25.0,7.0,147.0,57.0,20.0,11.0,169.0,34.0,2.0,0.0,0.0,0.0
233,43,4,3024.0,2996.0,619.0,0.0,730.0,5645.0,515.269717105759,19570.99719999998,20086.26691710574,2898.0,25.0,7.0,147.0,57.0,20.0,11.0,169.0,34.0,2.0,0.0,0.0,0.0
233,44,4,3013.0,2925.0,620.0,0.0,723.0,5645.0,194.19758652154613,19409.14079999999,19603.338386521536,2898.0,25.0,7.0,147.0,57.0,20.0,11.0,169.0,34.0,2.0,0.0,0.0,0.0
233,45,4,3005.0,2959.0,622.0,0.0,723.0,5645.0,354.9742510749735,19437.797999999984,19792.772251074963,2898.0,25.0,7.0,147.0,57.0,20.0,11.0,169.0,34.0,2.0,0.0,0.0,0.0
233,46,4,3033.0,2968.0,635.0,0.0,748.0,5645.0,314.27618826241365,20133.720399999984,20447.9965882624,2898.0,25.0,7.0,147.0,57.0,20.0,11.0,169.0,34.0,2.0,0.0,0.0,0.0
233,47,4,3059.0,3004.0,612.0,0.0,729.0,5645.0,476.5766996295214,20781.14599999998,21257.7226996295,2898.0,25.0,7.0,147.0,57.0,20.0,11.0,169.0,34.0,2.0,0.0,0.0,0.0
233,48,5,2978.0,2967.0,588.0,0.0,723.0,5645.0,314.54124809017173,20169.85919999998,20484.400448090153,2898.0,25.0,7.0,147.0,57.0,20.0,11.0,169.0,34.0,2.0,0.0,0.0,0.0
233,49,5,3043.0,2994.0,608.0,0.0,768.0,5645.0,638.6834184037683,21152.68759999998,21791.371018403745,2898.0,25.0,7.0,147.0,57.0,20.0,11.0,169.0,34.0,2.0,0.0,0.0,0.0
233,50,5,3052.0,2923.0,621.0,0.0,768.0,5645.0,436.7884608973033,21905.323199999977,22342.11166089728,2898.0,25.0,7.0,147.0,57.0,20.0,11.0,169.0,34.0,2.0,0.0,0.0,0.0
233,51,5,3050.0,2934.0,639.0,0.0,706.0,5645.0,640.4552178742031,20357.16639999997,20997.621617874178,2898.0,25.0,7.0,147.0,57.0,20.0,11.0,169.0,34.0,2.0,0.0,0.0,0.0
233,52,5,3030.0,2982.0,594.0,0.0,707.0,5645.0,231.6631502003442,20878.80759999997,21110.470750200315,2898.0,25.0,7.0,147.0,57.0,20.0,11.0,169.0,34.0,2.0,0.0,0.0,0.0
233,53,5,3059.0,3036.0,587.0,0.0,724.0,5645.0,234.82429092580276,22060.165599999982,22294.989890925783,2898.0,25.0,7.0,147.0,57.0,20.0,11.0,169.0,34.0,2.0,0.0,0.0,0.0
233,54,5,2978.0,2931.0,583.0,0.0,720.0,5645.0,274.6529445455736,20388.428799999983,20663.081744545554,2898.0,25.0,7.0,147.0,57.0,20.0,11.0,169.0,34.0,2.0,0.0,0.0,0.0
233,55,5,3089.0,2981.0,640.0,0.0,722.0,5645.0,601.3548028077249,21376.46759999998,21977.822402807702,2898.0,25.0,7.0,147.0,57.0,20.0,11.0,169.0,34.0,2.0,0.0,0.0,0.0
233,56,5,3055.0,3036.0,618.0,0.0,762.0,5645.0,393.93425500978265,21046.208399999974,21440.14265500976,2898.0,25.0,7.0,147.0,57.0,20.0,11.0,169.0,34.0,2.0,0.0,0.0,0.0
233,57,5,3037.0,2891.0,665.0,0.0,706.0,5645.0,478.1809188325169,20673.531199999994,21151.71211883251,2898.0,25.0,7.0,147.0,57.0,20.0,11.0,169.0,34.0,2.0,0.0,0.0,0.0
233,58,5,2976.0,2989.0,590.0,0.0,722.0,5645.0,355.0052296741648,22949.874799999987,23304.88002967415,2898.0,25.0,7.0,147.0,57.0,20.0,11.0,169.0,34.0,2.0,0.0,0.0,0.0
233,59,5,3047.0,3024.0,622.0,0.0,707.0,5645.0,436.72857029429804,20592.836799999983,21029.565370294284,2898.0,25.0,7.0,147.0,57.0,20.0,11.0,169.0,34.0,2.0,0.0,0.0,0.0
233,60,6,3043.0,2961.0,624.0,0.0,710.0,5645.0,435.195724676228,20590.164799999984,21025.360524676213,2898.0,25.0,7.0,147.0,57.0,20.0,11.0,169.0,34.0,2.0,0.0,0.0,0.0
233,61,6,3033.0,2944.0,642.0,0.0,721.0,5645.0,434.75295628224217,21006.729599999995,21441.482556282237,2898.0,25.0,7.0,147.0,57.0,20.0,11.0,169.0,34.0,2.0,0.0,0.0,0.0
233,62,6,3079.0,3019.0,655.0,0.0,761.0,5645.0,478.03686866657756,20464.246799999994,20942.283668666576,2898.0,25.0,7.0,147.0,57.0,20.0,11.0,169.0,34.0,2.0,0.0,0.0,0.0
233,63,6,3033.0,2956.0,624.0,0.0,728.0,5645.0,599.9567866987525,19502.126399999972,20102.08318669873,2898.0,25.0,7.0,147.0,57.0,20.0,11.0,169.0,34.0,2.0,0.0,0.0,0.0
233,64,6,3062.0,2984.0,628.0,0.0,667.0,5645.0,152.71797026741433,19946.212799999987,20098.9307702674,2898.0,25.0,7.0,147.0,57.0,20.0,11.0,169.0,34.0,2.0,0.0,0.0,0.0
233,65,6,3030.0,2978.0,639.0,0.0,737.0,5645.0,437.08054931682466,20139.46519999999,20576.545749316814,2898.0,25.0,7.0,147.0,57.0,20.0,11.0,169.0,34.0,2.0,0.0,0.0,0.0
233,66,6,3080.0,2982.0,641.0,0.0,729.0,5645.0,516.6960061479616,19291.30559999998,19808.00160614794,2898.0,25.0,7.0,147.0,57.0,20.0,11.0,169.0,34.0,2.0,0.0,0.0,0.0
233,67,6,3011.0,2973.0,613.0,0.0,736.0,5645.0,434.8493819258728,21722.75879999998,22157.608181925854,2898.0,25.0,7.0,147.0,57.0,20.0,11.0,169.0,34.0,2.0,0.0,0.0,0.0
233,68,6,3053.0,2963.0,577.0,0.0,695.0,5645.0,436.9894309158225,21197.042799999985,21634.03223091581,2898.0,25.0,7.0,147.0,57.0,20.0,11.0,169.0,34.0,2.0,0.0,0.0,0.0
233,69,6,3004.0,3000.0,595.0,0.0,687.0,5645.0,437.20923513834634,20151.75639999998,20588.965635138327,2898.0,25.0,7.0,147.0,57.0,20.0,11.0,169.0,34.0,2.0,0.0,0.0,0.0
233,70,6,3051.0,2970.0,625.0,0.0,764.0,5645.0,152.89153923640924,22448.807999999983,22601.699539236386,2898.0,25.0,7.0,147.0,57.0,20.0,11.0,169.0,34.0,2.0,0.0,0.0,0.0
233,71,6,3025.0,2929.0,643.0,0.0,680.0,5645.0,312.6971134788986,19917.88959999998,20230.586713478882,2898.0,25.0,7.0,147.0,57.0,20.0,11.0,169.0,34.0,2.0,0.0,0.0,0.0
233,72,7,2997.0,2942.0,663.0,0.0,784.0,5645.0,354.43212136518173,20732.582399999985,21087.014521365167,2898.0,25.0,7.0,147.0,57.0,20.0,11.0,169.0,34.0,2.0,0.0,0.0,0.0
233,73,7,3033.0,2965.0,624.0,0.0,772.0,5645.0,316.7636092554658,21150.549999999974,21467.31360925544,2898.0,25.0,7.0,147.0,57.0,20.0,11.0,169.0,34.0,2.0,0.0,0.0,0.0
233,74,7,3071.0,2970.0,602.0,0.0,717.0,5645.0,191.48196609014735,21207.329999999987,21398.81196609014,2898.0,25.0,7.0,147.0,57.0,20.0,11.0,169.0,34.0,2.0,0.0,0.0,0.0
233,75,7,3073.0,3037.0,624.0,0.0,763.0,5645.0,69.76657717358867,20146.813199999975,20216.579777173567,2898.0,25.0,7.0,147.0,57.0,20.0,11.0,169.0,34.0,2.0,0.0,0.0,0.0
233,76,7,3088.0,2978.0,620.0,0.0,727.0,5645.0,356.1163465460332,21537.722799999978,21893.83914654601,2898.0,25.0,7.0,147.0,57.0,20.0,11.0,169.0,34.0,2.0,0.0,0.0,0.0
233,77,7,2990.0,2921.0,620.0,0.0,710.0,5645.0,679.6494863071551,19901.122799999983,20580.772286307136,2898.0,25.0,7.0,147.0,57.0,20.0,11.0,169.0,34.0,2.0,0.0,0.0,0.0
233,78,7,3072.0,3004.0,590.0,0.0,686.0,5645.0,109.68129824148946,19685.158399999982,19794.83969824147,2898.0,25.0,7.0,147.0,57.0,20.0,11.0,169.0,34.0,2.0,0.0,0.0,0.0
233,79,7,3064.0,3001.0,610.0,0.0,719.0,5645.0,232.0680006700132,19493.50919999998,19725.57720066999,2898.0,25.0,7.0,147.0,57.0,20.0,11.0,169.0,34.0,2.0,0.0,0.0,0.0
233,80,7,3069.0,2952.0,661.0,0.0,730.0,5645.0,153.93576812713818,21145.67359999997,21299.60936812711,2898.0,25.0,7.0,147.0,57.0,20.0,11.0,169.0,34.0,2.0,0.0,0.0,0.0
233,81,7,3115.0,3038.0,611.0,0.0,684.0,5645.0,477.1810390170775,21605.591599999978,22082.772639017054,2898.0,25.0,7.0,147.0,57.0,20.0,11.0,169.0,34.0,2.0,0.0,0.0,0.0
233,82,7,3014.0,2958.0,645.0,0.0,733.0,5645.0,477.75650296419576,21060.77079999998,21538.52730296418,2898.0,25.0,7.0,147.0,57.0,20.0,11.0,169.0,34.0,2.0,0.0,0.0,0.0
233,83,7,3119.0,3034.0,636.0,0.0,746.0,5645.0,274.5709056323075,22529.368799999982,22803.93970563229,2898.0,25.0,7.0,147.0,57.0,20.0,11.0,169.0,34.0,2.0,0.0,0.0,0.0
233,84,8,3093.0,3072.0,646.0,0.0,754.0,5645.0,395.0516748387661,20137.193999999985,20532.245674838752,2898.0,25.0,7.0,147.0,57.0,20.0,11.0,169.0,34.0,2.0,0.0,0.0,0.0
233,85,8,3068.0,2963.0,649.0,0.0,698.0,5645.0,438.0895301894225,20724.900399999984,21162.989930189407,2898.0,25.0,7.0,147.0,57.0,20.0,11.0,169.0,34.0,2.0,0.0,0.0,0.0
233,86,8,2982.0,2946.0,626.0,0.0,753.0,5645.0,234.70469200549365,20424.23359999999,20658.938292005485,2898.0,25.0,7.0,147.0,57.0,20.0,11.0,169.0,34.0,2.0,0.0,0.0,0.0
233,87,8,3029.0,2969.0,617.0,0.0,739.0,5645.0,191.28769606383074,19479.347599999983,19670.635296063814,2898.0,25.0,7.0,147.0,57.0,20.0,11.0,169.0,34.0,2.0,0.0,0.0,0.0
233,88,8,3060.0,2951.0,623.0,0.0,749.0,5645.0,601.3535116573049,19036.46359999998,19637.817111657285,2898.0,25.0,7.0,147.0,57.0,20.0,11.0,169.0,34.0,2.0,0.0,0.0,0.0
233,89,8,2942.0,2952.0,610.0,0.0,744.0,5645.0,273.5659809733313,20602.589599999985,20876.155580973314,2898.0,25.0,7.0,147.0,57.0,20.0,11.0,169.0,34.0,2.0,0.0,0.0,0.0
233,90,8,3052.0,2963.0,642.0,0.0,672.0,5645.0,270.55414058983877,20449.75119999998,20720.30534058982,2898.0,25.0,7.0,147.0,57.0,20.0,11.0,169.0,34.0,2.0,0.0,0.0,0.0
233,91,8,3076.0,2976.0,650.0,0.0,721.0,5645.0,312.0341872804304,19548.017999999982,19860.052187280413,2898.0,25.0,7.0,147.0,57.0,20.0,11.0,169.0,34.0,2.0,0.0,0.0,0.0
233,92,8,2995.0,2941.0,618.0,0.0,704.0,5645.0,314.51301455203816,19134.191999999985,19448.705014552022,2898.0,25.0,7.0,147.0,57.0,20.0,11.0,169.0,34.0,2.0,0.0,0.0,0.0
233,93,8,3034.0,2939.0,658.0,0.0,728.0,5645.0,475.36650117952075,21500.78239999996,21976.14890117948,2898.0,25.0,7.0,147.0,57.0,20.0,11.0,169.0,34.0,2.0,0.0,0.0,0.0
233,94,8,3089.0,2979.0,632.0,0.0,734.0,5645.0,396.42224289714454,18575.94439999999,18972.366642897134,2898.0,25.0,7.0,147.0,57.0,20.0,11.0,169.0,34.0,2.0,0.0,0.0,0.0
233,95,8,2992.0,2913.0,628.0,0.0,670.0,5645.0,111.51144604851511,21896.438799999978,22007.950246048495,2898.0,25.0,7.0,147.0,57.0,20.0,11.0,169.0,34.0,2.0,0.0,0.0,0.0
233,96,9,3014.0,2952.0,620.0,0.0,773.0,5645.0,437.80733719639835,20445.20879999998,20883.016137196373,2898.0,25.0,7.0,147.0,57.0,20.0,11.0,169.0,34.0,2.0,0.0,0.0,0.0
233,97,9,2991.0,2986.0,585.0,0.0,743.0,5645.0,516.6137000325301,19651.223999999987,20167.83770003252,2898.0,25.0,7.0,147.0,57.0,20.0,11.0,169.0,34.0,2.0,0.0,0.0,0.0
233,98,9,3065.0,2952.0,624.0,0.0,740.0,5645.0,314.41427182832035,20232.58439999999,20546.998671828307,2898.0,25.0,7.0,147.0,57.0,20.0,11.0,169.0,34.0,2.0,0.0,0.0,0.0
233,99,9,3026.0,2978.0,595.0,0.0,696.0,5645.0,192.13095391181795,20990.697599999985,21182.828553911804,2898.0,25.0,7.0,147.0,57.0,20.0,11.0,169.0,34.0,2.0,0.0,0.0,0.0
233,100,9,3050.0,2993.0,601.0,0.0,684.0,5645.0,435.0740195184179,22194.299999999967,22629.374019518385,2898.0,25.0,7.0,147.0,57.0,20.0,11.0,169.0,34.0,2.0,0.0,0.0,0.0
233,101,9,3065.0,3008.0,625.0,0.0,690.0,5645.0,190.6910258634544,19949.218799999984,20139.909825863444,2898.0,25.0,7.0,147.0,57.0,20.0,11.0,169.0,34.0,2.0,0.0,0.0,0.0
233,102,9,3060.0,2982.0,655.0,0.0,711.0,5645.0,353.8185151432578,19597.24959999997,19951.06811514323,2898.0,25.0,7.0,147.0,57.0,20.0,11.0,169.0,34.0,2.0,0.0,0.0,0.0
233,103,9,3082.0,3007.0,642.0,0.0,755.0,5645.0,355.01830113020924,21243.20159999998,21598.219901130193,2898.0,25.0,7.0,147.0,57.0,20.0,11.0,169.0,34.0,2.0,0.0,0.0,0.0
233,104,9,3060.0,2984.0,623.0,0.0,662.0,5645.0,355.9279447879513,21168.58599999997,21524.51394478792,2898.0,25.0,7.0,147.0,57.0,20.0,11.0,169.0,34.0,2.0,0.0,0.0,0.0
233,105,9,3088.0,3024.0,622.0,0.0,727.0,5645.0,312.96948001043984,20788.42719999997,21101.396680010406,2898.0,25.0,7.0,147.0,57.0,20.0,11.0,169.0,34.0,2.0,0.0,0.0,0.0
233,106,9,3103.0,2993.0,655.0,0.0,720.0,5645.0,392.92088056121713,20752.75599999999,21145.67688056121,2898.0,25.0,7.0,147.0,57.0,20.0,11.0,169.0,34.0,2.0,0.0,0.0,0.0
233,107,9,3007.0,3000.0,623.0,0.0,716.0,5645.0,191.30208300288245,21308.99959999998,21500.30168300286,2898.0,25.0,7.0,147.0,57.0,20.0,11.0,169.0,34.0,2.0,0.0,0.0,0.0
233,108,10,2972.0,2929.0,601.0,0.0,683.0,5645.0,194.33033980554703,20285.22279999997,20479.553139805517,2898.0,25.0,7.0,147.0,57.0,20.0,11.0,169.0,34.0,2.0,0.0,0.0,0.0
233,109,10,3054.0,3007.0,619.0,0.0,740.0,5645.0,395.74083974021715,20861.973999999987,21257.71483974021,2898.0,25.0,7.0,147.0,57.0,20.0,11.0,169.0,34.0,2.0,0.0,0.0,0.0
233,110,10,3001.0,2954.0,607.0,0.0,730.0,5645.0,192.69035132404457,23650.406399999963,23843.096751324007,2898.0,25.0,7.0,147.0,57.0,20.0,11.0,169.0,34.0,2.0,0.0,0.0,0.0
233,111,10,3023.0,2965.0,641.0,0.0,720.0,5645.0,355.4893102222121,21136.65559999999,21492.144910222203,2898.0,25.0,7.0,147.0,57.0,20.0,11.0,169.0,34.0,2.0,0.0,0.0,0.0
233,112,10,3046.0,2947.0,624.0,0.0,739.0,5645.0,395.19662875647685,19488.43239999997,19883.629028756448,2898.0,25.0,7.0,147.0,57.0,20.0,11.0,169.0,34.0,2.0,0.0,0.0,0.0
233,113,10,3077.0,3025.0,610.0,0.0,763.0,5645.0,191.66815332481383,20267.387199999986,20459.0553533248,2898.0,25.0,7.0,147.0,57.0,20.0,11.0,169.0,34.0,2.0,0.0,0.0,0.0
233,114,10,3092.0,2980.0,617.0,0.0,749.0,5645.0,436.5849474392935,18560.513599999984,18997.098547439276,2898.0,25.0,7.0,147.0,57.0,20.0,11.0,169.0,34.0,2.0,0.0,0.0,0.0
233,115,10,3085.0,2971.0,647.0,0.0,748.0,5645.0,231.78415618887846,20883.14959999999,21114.933756188868,2898.0,25.0,7.0,147.0,57.0,20.0,11.0,169.0,34.0,2.0,0.0,0.0,0.0
233,116,10,2995.0,2991.0,607.0,0.0,721.0,5645.0,234.25674719826117,21066.983199999973,21301.23994719823,2898.0,25.0,7.0,147.0,57.0,20.0,11.0,169.0,34.0,2.0,0.0,0.0,0.0
233,117,10,3025.0,2959.0,656.0,0.0,763.0,5645.0,353.9050862409739,20375.202399999987,20729.107486240962,2898.0,25.0,7.0,147.0,57.0,20.0,11.0,169.0,34.0,2.0,0.0,0.0,0.0
233,118,10,3037.0,2980.0,605.0,0.0,717.0,5645.0,355.01254744434675,20985.62079999997,21340.633347444316,2898.0,25.0,7.0,147.0,57.0,20.0,11.0,169.0,34.0,2.0,0.0,0.0,0.0
233,119,10,2984.0,2947.0,639.0,0.0,755.0,5645.0,354.27862092784983,20457.83399999998,20812.112620927834,2898.0,25.0,7.0,147.0,57.0,20.0,11.0,169.0,34.0,2.0,0.0,0.0,0.0
234,0,1,3519.0,3191.0,685.0,0.0,779.0,5645.0,440.8349970153927,21746.940399999978,22187.77539701537,2898.0,25.0,7.0,147.0,57.0,20.0,11.0,169.0,34.0,2.0,0.0,0.0,0.0
234,1,1,3518.0,3236.0,651.0,0.0,797.0,5645.0,401.4470146267412,21448.143999999986,21849.591014626727,2898.0,25.0,7.0,147.0,57.0,20.0,11.0,169.0,34.0,2.0,0.0,0.0,0.0
234,2,1,3451.0,3167.0,710.0,0.0,805.0,5645.0,483.0483565409047,23567.507599999975,24050.55595654088,2898.0,25.0,7.0,147.0,57.0,20.0,11.0,169.0,34.0,2.0,0.0,0.0,0.0
234,3,1,3500.0,3213.0,686.0,0.0,771.0,5645.0,522.823909417101,22414.806799999984,22937.630709417084,2898.0,25.0,7.0,147.0,57.0,20.0,11.0,169.0,34.0,2.0,0.0,0.0,0.0
234,4,1,3394.0,3105.0,707.0,0.0,774.0,5645.0,402.18345260255114,22592.494799999982,22994.678252602534,2898.0,25.0,7.0,147.0,57.0,20.0,11.0,169.0,34.0,2.0,0.0,0.0,0.0
234,5,1,3394.0,3176.0,674.0,0.0,794.0,5645.0,562.2124332006031,22321.219999999976,22883.432433200578,2898.0,25.0,7.0,147.0,57.0,20.0,11.0,169.0,34.0,2.0,0.0,0.0,0.0
234,6,1,3458.0,3142.0,724.0,0.0,772.0,5645.0,563.8998469133182,22265.041199999985,22828.941046913304,2898.0,25.0,7.0,147.0,57.0,20.0,11.0,169.0,34.0,2.0,0.0,0.0,0.0
234,7,1,3412.0,3139.0,672.0,0.0,812.0,5645.0,438.7454592247561,22954.95159999998,23393.69705922473,2898.0,25.0,7.0,147.0,57.0,20.0,11.0,169.0,34.0,2.0,0.0,0.0,0.0
234,8,1,3436.0,3163.0,670.0,0.0,777.0,5645.0,440.60289219188985,21953.81999999998,22394.422892191873,2898.0,25.0,7.0,147.0,57.0,20.0,11.0,169.0,34.0,2.0,0.0,0.0,0.0
234,9,1,3413.0,3201.0,667.0,0.0,816.0,5645.0,360.4983794457007,22468.781199999987,22829.279579445687,2898.0,25.0,7.0,147.0,57.0,20.0,11.0,169.0,34.0,2.0,0.0,0.0,0.0
234,10,1,3366.0,3099.0,692.0,0.0,794.0,5645.0,358.39135319255575,21499.646799999973,21858.038153192527,2898.0,25.0,7.0,147.0,57.0,20.0,11.0,169.0,34.0,2.0,0.0,0.0,0.0
234,11,1,3417.0,3097.0,732.0,0.0,796.0,5645.0,602.6063012966732,23932.636399999978,24535.24270129665,2898.0,25.0,7.0,147.0,57.0,20.0,11.0,169.0,34.0,2.0,0.0,0.0,0.0
234,12,2,3400.0,3170.0,638.0,0.0,786.0,5645.0,645.3493377196314,24297.23079999998,24942.58013771961,2898.0,25.0,7.0,147.0,57.0,20.0,11.0,169.0,34.0,2.0,0.0,0.0,0.0
234,13,2,3432.0,3180.0,676.0,0.0,814.0,5645.0,519.3463630224784,22404.118799999975,22923.465163022454,2898.0,25.0,7.0,147.0,57.0,20.0,11.0,169.0,34.0,2.0,0.0,0.0,0.0
234,14,2,3476.0,3122.0,760.0,0.0,795.0,5645.0,523.0197729166489,21656.025599999983,22179.04537291663,2898.0,25.0,7.0,147.0,57.0,20.0,11.0,169.0,34.0,2.0,0.0,0.0,0.0
234,15,2,3446.0,3198.0,663.0,0.0,806.0,5645.0,683.4880075566244,21845.670799999978,22529.158807556603,2898.0,25.0,7.0,147.0,57.0,20.0,11.0,169.0,34.0,2.0,0.0,0.0,0.0
234,16,2,3472.0,3123.0,706.0,0.0,790.0,5645.0,518.8963720328944,21026.836399999986,21545.73277203288,2898.0,25.0,7.0,147.0,57.0,20.0,11.0,169.0,34.0,2.0,0.0,0.0,0.0
234,17,2,3345.0,3161.0,651.0,0.0,789.0,5645.0,519.6664844781687,21850.213199999984,22369.879684478154,2898.0,25.0,7.0,147.0,57.0,20.0,11.0,169.0,34.0,2.0,0.0,0.0,0.0
234,18,2,3441.0,3219.0,673.0,0.0,833.0,5645.0,806.5531319498928,22099.577599999986,22906.13073194988,2898.0,25.0,7.0,147.0,57.0,20.0,11.0,169.0,34.0,2.0,0.0,0.0,0.0
234,19,2,3420.0,3160.0,695.0,0.0,756.0,5645.0,725.1115913321146,22213.805599999978,22938.917191332097,2898.0,25.0,7.0,147.0,57.0,20.0,11.0,169.0,34.0,2.0,0.0,0.0,0.0
234,20,2,3388.0,3093.0,696.0,0.0,786.0,5645.0,520.8345147916509,21796.23879999999,22317.07331479164,2898.0,25.0,7.0,147.0,57.0,20.0,11.0,169.0,34.0,2.0,0.0,0.0,0.0
234,21,2,3411.0,3168.0,673.0,0.0,802.0,5645.0,523.4766289630489,22714.805599999985,23238.28222896303,2898.0,25.0,7.0,147.0,57.0,20.0,11.0,169.0,34.0,2.0,0.0,0.0,0.0
234,22,2,3439.0,3170.0,705.0,0.0,787.0,5645.0,685.3599178140544,23106.654399999974,23792.014317814028,2898.0,25.0,7.0,147.0,57.0,20.0,11.0,169.0,34.0,2.0,0.0,0.0,0.0
234,23,2,3517.0,3209.0,708.0,0.0,775.0,5645.0,441.4935822003593,21731.04199999998,22172.53558220034,2898.0,25.0,7.0,147.0,57.0,20.0,11.0,169.0,34.0,2.0,0.0,0.0,0.0
234,24,3,3484.0,3196.0,714.0,0.0,808.0,5645.0,398.1782063211517,22880.736799999973,23278.915006321127,2898.0,25.0,7.0,147.0,57.0,20.0,11.0,169.0,34.0,2.0,0.0,0.0,0.0
234,25,3,3445.0,3215.0,647.0,0.0,767.0,5645.0,440.73872587876724,20557.43279999999,20998.17152587876,2898.0,25.0,7.0,147.0,57.0,20.0,11.0,169.0,34.0,2.0,0.0,0.0,0.0
234,26,3,3497.0,3190.0,726.0,0.0,811.0,5645.0,479.6497838762568,21676.26599999998,22155.915783876237,2898.0,25.0,7.0,147.0,57.0,20.0,11.0,169.0,34.0,2.0,0.0,0.0,0.0
234,27,3,3387.0,3087.0,672.0,0.0,727.0,5645.0,724.0983875380439,21324.831199999986,22048.92958753803,2898.0,25.0,7.0,147.0,57.0,20.0,11.0,169.0,34.0,2.0,0.0,0.0,0.0
234,28,3,3482.0,3243.0,698.0,0.0,796.0,5645.0,643.3939853909247,21517.68279999998,22161.076785390902,2898.0,25.0,7.0,147.0,57.0,20.0,11.0,169.0,34.0,2.0,0.0,0.0,0.0
234,29,3,3413.0,3197.0,704.0,0.0,793.0,5645.0,397.2068692464874,21578.13679999998,21975.343669246467,2898.0,25.0,7.0,147.0,57.0,20.0,11.0,169.0,34.0,2.0,0.0,0.0,0.0
234,30,3,3467.0,3162.0,751.0,0.0,806.0,5645.0,401.228961355558,20811.74039999999,21212.969361355546,2898.0,25.0,7.0,147.0,57.0,20.0,11.0,169.0,34.0,2.0,0.0,0.0,0.0
234,31,3,3422.0,3182.0,713.0,0.0,813.0,5645.0,765.8776360304313,22702.247199999983,23468.124836030416,2898.0,25.0,7.0,147.0,57.0,20.0,11.0,169.0,34.0,2.0,0.0,0.0,0.0
234,32,3,3453.0,3171.0,699.0,0.0,825.0,5645.0,643.8342458243628,21850.213199999984,22494.047445824344,2898.0,25.0,7.0,147.0,57.0,20.0,11.0,169.0,34.0,2.0,0.0,0.0,0.0
234,33,3,3399.0,3154.0,683.0,0.0,799.0,5645.0,643.1078035168978,22373.257199999985,23016.365003516883,2898.0,25.0,7.0,147.0,57.0,20.0,11.0,169.0,34.0,2.0,0.0,0.0,0.0
234,34,3,3456.0,3214.0,714.0,0.0,824.0,5645.0,320.68301756572794,22628.232799999983,22948.91581756571,2898.0,25.0,7.0,147.0,57.0,20.0,11.0,169.0,34.0,2.0,0.0,0.0,0.0
234,35,3,3445.0,3181.0,682.0,0.0,830.0,5645.0,481.8021203608375,22519.081599999976,23000.883720360816,2898.0,25.0,7.0,147.0,57.0,20.0,11.0,169.0,34.0,2.0,0.0,0.0,0.0
234,36,4,3434.0,3150.0,695.0,0.0,824.0,5645.0,724.3666712132363,20889.228399999967,21613.595071213203,2898.0,25.0,7.0,147.0,57.0,20.0,11.0,169.0,34.0,2.0,0.0,0.0,0.0
234,37,4,3476.0,3183.0,673.0,0.0,803.0,5645.0,642.3581742949282,22775.125999999975,23417.4841742949,2898.0,25.0,7.0,147.0,57.0,20.0,11.0,169.0,34.0,2.0,0.0,0.0,0.0
234,38,4,3409.0,3168.0,708.0,0.0,833.0,5645.0,767.6973128118544,22575.460799999975,23343.15811281183,2898.0,25.0,7.0,147.0,57.0,20.0,11.0,169.0,34.0,2.0,0.0,0.0,0.0
234,39,4,3447.0,3101.0,674.0,0.0,810.0,5645.0,399.07019847770187,21466.98159999998,21866.05179847768,2898.0,25.0,7.0,147.0,57.0,20.0,11.0,169.0,34.0,2.0,0.0,0.0,0.0
234,40,4,3479.0,3205.0,711.0,0.0,801.0,5645.0,477.6969144964812,21299.380399999987,21777.077314496473,2898.0,25.0,7.0,147.0,57.0,20.0,11.0,169.0,34.0,2.0,0.0,0.0,0.0
234,41,4,3448.0,3130.0,703.0,0.0,777.0,5645.0,560.4721319876371,21422.49279999998,21982.96493198762,2898.0,25.0,7.0,147.0,57.0,20.0,11.0,169.0,34.0,2.0,0.0,0.0,0.0
234,42,4,3422.0,3180.0,684.0,0.0,807.0,5645.0,723.8279037081725,21784.949599999985,22508.777503708156,2898.0,25.0,7.0,147.0,57.0,20.0,11.0,169.0,34.0,2.0,0.0,0.0,0.0
234,43,4,3407.0,3149.0,649.0,0.0,758.0,5645.0,805.7523037735525,21101.852799999997,21907.60510377355,2898.0,25.0,7.0,147.0,57.0,20.0,11.0,169.0,34.0,2.0,0.0,0.0,0.0
234,44,4,3409.0,3183.0,683.0,0.0,836.0,5645.0,441.1376263928376,20639.129199999996,21080.266826392835,2898.0,25.0,7.0,147.0,57.0,20.0,11.0,169.0,34.0,2.0,0.0,0.0,0.0
234,45,4,3487.0,3181.0,706.0,0.0,828.0,5645.0,481.0026496724334,21995.569999999992,22476.572649672424,2898.0,25.0,7.0,147.0,57.0,20.0,11.0,169.0,34.0,2.0,0.0,0.0,0.0
234,46,4,3467.0,3208.0,676.0,0.0,808.0,5645.0,601.7964862584475,22060.29919999998,22662.095686258424,2898.0,25.0,7.0,147.0,57.0,20.0,11.0,169.0,34.0,2.0,0.0,0.0,0.0
234,47,4,3387.0,3142.0,669.0,0.0,809.0,5645.0,319.86918839834584,21301.98559999998,21621.854788398326,2898.0,25.0,7.0,147.0,57.0,20.0,11.0,169.0,34.0,2.0,0.0,0.0,0.0
234,48,5,3460.0,3212.0,675.0,0.0,800.0,5645.0,805.8810152129763,23212.398799999974,24018.27981521295,2898.0,25.0,7.0,147.0,57.0,20.0,11.0,169.0,34.0,2.0,0.0,0.0,0.0
234,49,5,3415.0,3097.0,690.0,0.0,846.0,5645.0,603.1258960381999,23599.17079999997,24202.296696038167,2898.0,25.0,7.0,147.0,57.0,20.0,11.0,169.0,34.0,2.0,0.0,0.0,0.0
234,50,5,3445.0,3106.0,710.0,0.0,816.0,5645.0,441.5043877245307,22124.427199999984,22565.93158772451,2898.0,25.0,7.0,147.0,57.0,20.0,11.0,169.0,34.0,2.0,0.0,0.0,0.0
234,51,5,3424.0,3156.0,671.0,0.0,794.0,5645.0,478.91266661890666,23058.959199999972,23537.87186661888,2898.0,25.0,7.0,147.0,57.0,20.0,11.0,169.0,34.0,2.0,0.0,0.0,0.0
234,52,5,3448.0,3202.0,661.0,0.0,802.0,5645.0,564.9716053982401,22384.011999999984,22948.98360539822,2898.0,25.0,7.0,147.0,57.0,20.0,11.0,169.0,34.0,2.0,0.0,0.0,0.0
234,53,5,3387.0,3121.0,654.0,0.0,780.0,5645.0,359.9161367146918,21620.487999999976,21980.404136714667,2898.0,25.0,7.0,147.0,57.0,20.0,11.0,169.0,34.0,2.0,0.0,0.0,0.0
234,54,5,3471.0,3142.0,715.0,0.0,786.0,5645.0,522.56166185746,22455.62159999998,22978.18326185744,2898.0,25.0,7.0,147.0,57.0,20.0,11.0,169.0,34.0,2.0,0.0,0.0,0.0
234,55,5,3455.0,3218.0,700.0,0.0,848.0,5645.0,804.8851128710247,22992.159199999973,23797.044312870996,2898.0,25.0,7.0,147.0,57.0,20.0,11.0,169.0,34.0,2.0,0.0,0.0,0.0
234,56,5,3457.0,3104.0,741.0,0.0,801.0,5645.0,480.77264998872954,22060.900399999984,22541.67304998871,2898.0,25.0,7.0,147.0,57.0,20.0,11.0,169.0,34.0,2.0,0.0,0.0,0.0
234,57,5,3385.0,3145.0,710.0,0.0,839.0,5645.0,440.9068138753441,24395.560399999973,24836.46721387532,2898.0,25.0,7.0,147.0,57.0,20.0,11.0,169.0,34.0,2.0,0.0,0.0,0.0
234,58,5,3433.0,3203.0,696.0,0.0,774.0,5645.0,928.3202366648421,21766.64639999998,22694.966636664823,2898.0,25.0,7.0,147.0,57.0,20.0,11.0,169.0,34.0,2.0,0.0,0.0,0.0
234,59,5,3431.0,3138.0,712.0,0.0,795.0,5645.0,681.2934352423079,22020.018799999987,22701.312235242294,2898.0,25.0,7.0,147.0,57.0,20.0,11.0,169.0,34.0,2.0,0.0,0.0,0.0
234,60,6,3404.0,3106.0,705.0,0.0,771.0,5645.0,480.63222705627186,22533.57719999999,23014.20942705626,2898.0,25.0,7.0,147.0,57.0,20.0,11.0,169.0,34.0,2.0,0.0,0.0,0.0
234,61,6,3434.0,3171.0,747.0,0.0,859.0,5645.0,766.2341048343412,22169.11639999998,22935.35050483432,2898.0,25.0,7.0,147.0,57.0,20.0,11.0,169.0,34.0,2.0,0.0,0.0,0.0
234,62,6,3440.0,3133.0,689.0,0.0,781.0,5645.0,642.4124064284249,20852.02079999998,21494.433206428403,2898.0,25.0,7.0,147.0,57.0,20.0,11.0,169.0,34.0,2.0,0.0,0.0,0.0
234,63,6,3469.0,3163.0,722.0,0.0,786.0,5645.0,564.2438378365041,20684.41959999999,21248.66343783649,2898.0,25.0,7.0,147.0,57.0,20.0,11.0,169.0,34.0,2.0,0.0,0.0,0.0
234,64,6,3489.0,3239.0,692.0,0.0,831.0,5645.0,563.309519116216,22052.01599999999,22615.325519116202,2898.0,25.0,7.0,147.0,57.0,20.0,11.0,169.0,34.0,2.0,0.0,0.0,0.0
234,65,6,3482.0,3169.0,728.0,0.0,812.0,5645.0,604.2640011716592,21003.25599999998,21607.520001171637,2898.0,25.0,7.0,147.0,57.0,20.0,11.0,169.0,34.0,2.0,0.0,0.0,0.0
234,66,6,3418.0,3164.0,695.0,0.0,789.0,5645.0,684.4087314898359,22584.34519999998,23268.75393148982,2898.0,25.0,7.0,147.0,57.0,20.0,11.0,169.0,34.0,2.0,0.0,0.0,0.0
234,67,6,3455.0,3149.0,665.0,0.0,725.0,5645.0,805.4438342477035,20734.452799999985,21539.89663424769,2898.0,25.0,7.0,147.0,57.0,20.0,11.0,169.0,34.0,2.0,0.0,0.0,0.0
234,68,6,3419.0,3208.0,659.0,0.0,759.0,5645.0,520.4514204936723,22343.597999999965,22864.04942049364,2898.0,25.0,7.0,147.0,57.0,20.0,11.0,169.0,34.0,2.0,0.0,0.0,0.0
234,69,6,3470.0,3184.0,683.0,0.0,830.0,5645.0,481.33526761685704,23495.363599999975,23976.69886761683,2898.0,25.0,7.0,147.0,57.0,20.0,11.0,169.0,34.0,2.0,0.0,0.0,0.0
234,70,6,3446.0,3108.0,738.0,0.0,781.0,5645.0,481.43724906217295,22545.467599999974,23026.90484906215,2898.0,25.0,7.0,147.0,57.0,20.0,11.0,169.0,34.0,2.0,0.0,0.0,0.0
234,71,6,3397.0,3160.0,714.0,0.0,851.0,5645.0,726.7715338605547,21140.863999999987,21867.635533860543,2898.0,25.0,7.0,147.0,57.0,20.0,11.0,169.0,34.0,2.0,0.0,0.0,0.0
234,72,7,3440.0,3195.0,652.0,0.0,813.0,5645.0,724.2648453991319,22059.96519999998,22784.23004539911,2898.0,25.0,7.0,147.0,57.0,20.0,11.0,169.0,34.0,2.0,0.0,0.0,0.0
234,73,7,3450.0,3149.0,658.0,0.0,787.0,5645.0,563.0521314004599,21712.137599999984,22275.189731400445,2898.0,25.0,7.0,147.0,57.0,20.0,11.0,169.0,34.0,2.0,0.0,0.0,0.0
234,74,7,3469.0,3214.0,705.0,0.0,819.0,5645.0,316.2953075510923,21817.815199999975,22134.110507551064,2898.0,25.0,7.0,147.0,57.0,20.0,11.0,169.0,34.0,2.0,0.0,0.0,0.0
234,75,7,3493.0,3179.0,681.0,0.0,792.0,5645.0,521.1867780603217,23460.560799999985,23981.74757806031,2898.0,25.0,7.0,147.0,57.0,20.0,11.0,169.0,34.0,2.0,0.0,0.0,0.0
234,76,7,3419.0,3149.0,695.0,0.0,787.0,5645.0,847.769881230377,23410.26039999998,24258.03028123036,2898.0,25.0,7.0,147.0,57.0,20.0,11.0,169.0,34.0,2.0,0.0,0.0,0.0
234,77,7,3488.0,3187.0,690.0,0.0,765.0,5645.0,520.790236733159,21403.187599999983,21923.977836733142,2898.0,25.0,7.0,147.0,57.0,20.0,11.0,169.0,34.0,2.0,0.0,0.0,0.0
234,78,7,3466.0,3156.0,701.0,0.0,796.0,5645.0,235.55640295066522,19587.76399999998,19823.320402950645,2898.0,25.0,7.0,147.0,57.0,20.0,11.0,169.0,34.0,2.0,0.0,0.0,0.0
234,79,7,3434.0,3126.0,721.0,0.0,799.0,5645.0,441.8081184369412,23442.05719999997,23883.86531843691,2898.0,25.0,7.0,147.0,57.0,20.0,11.0,169.0,34.0,2.0,0.0,0.0,0.0
234,80,7,3485.0,3214.0,673.0,0.0,782.0,5645.0,362.44376436463614,22788.21879999997,23150.662564364608,2898.0,25.0,7.0,147.0,57.0,20.0,11.0,169.0,34.0,2.0,0.0,0.0,0.0
234,81,7,3422.0,3156.0,707.0,0.0,810.0,5645.0,766.2839605051739,23258.891599999974,24025.175560505148,2898.0,25.0,7.0,147.0,57.0,20.0,11.0,169.0,34.0,2.0,0.0,0.0,0.0
234,82,7,3503.0,3221.0,699.0,0.0,814.0,5645.0,399.02301773357107,23095.164799999977,23494.18781773355,2898.0,25.0,7.0,147.0,57.0,20.0,11.0,169.0,34.0,2.0,0.0,0.0,0.0
234,83,7,3464.0,3262.0,689.0,0.0,814.0,5645.0,440.8397665429731,22213.204399999977,22654.04416654295,2898.0,25.0,7.0,147.0,57.0,20.0,11.0,169.0,34.0,2.0,0.0,0.0,0.0
234,84,8,3482.0,3136.0,721.0,0.0,763.0,5645.0,766.5871016421304,21891.02799999998,22657.61510164211,2898.0,25.0,7.0,147.0,57.0,20.0,11.0,169.0,34.0,2.0,0.0,0.0,0.0
234,85,8,3437.0,3154.0,703.0,0.0,818.0,5645.0,481.6871732531381,21754.421999999988,22236.109173253128,2898.0,25.0,7.0,147.0,57.0,20.0,11.0,169.0,34.0,2.0,0.0,0.0,0.0
234,86,8,3424.0,3134.0,699.0,0.0,813.0,5645.0,520.6717055511897,20339.063599999994,20859.735305551185,2898.0,25.0,7.0,147.0,57.0,20.0,11.0,169.0,34.0,2.0,0.0,0.0,0.0
234,87,8,3467.0,3153.0,701.0,0.0,821.0,5645.0,603.6061564850799,20983.88399999998,21587.49015648506,2898.0,25.0,7.0,147.0,57.0,20.0,11.0,169.0,34.0,2.0,0.0,0.0,0.0
234,88,8,3322.0,3119.0,680.0,0.0,829.0,5645.0,358.95470158382,22290.49199999998,22649.4467015838,2898.0,25.0,7.0,147.0,57.0,20.0,11.0,169.0,34.0,2.0,0.0,0.0,0.0
234,89,8,3442.0,3131.0,727.0,0.0,742.0,5645.0,397.06119633255315,21641.06239999998,22038.123596332534,2898.0,25.0,7.0,147.0,57.0,20.0,11.0,169.0,34.0,2.0,0.0,0.0,0.0
234,90,8,3449.0,3162.0,697.0,0.0,784.0,5645.0,601.0537387817197,21137.72439999998,21738.7781387817,2898.0,25.0,7.0,147.0,57.0,20.0,11.0,169.0,34.0,2.0,0.0,0.0,0.0
234,91,8,3405.0,3121.0,714.0,0.0,805.0,5645.0,399.92265145113754,21464.843999999983,21864.766651451122,2898.0,25.0,7.0,147.0,57.0,20.0,11.0,169.0,34.0,2.0,0.0,0.0,0.0
234,92,8,3431.0,3146.0,724.0,0.0,815.0,5645.0,480.13560595969886,22068.78279999997,22548.918405959674,2898.0,25.0,7.0,147.0,57.0,20.0,11.0,169.0,34.0,2.0,0.0,0.0,0.0
234,93,8,3482.0,3143.0,725.0,0.0,816.0,5645.0,440.26713208054144,20598.915599999986,21039.182732080528,2898.0,25.0,7.0,147.0,57.0,20.0,11.0,169.0,34.0,2.0,0.0,0.0,0.0
234,94,8,3408.0,3091.0,708.0,0.0,771.0,5645.0,398.03685191948364,24127.892799999965,24525.92965191945,2898.0,25.0,7.0,147.0,57.0,20.0,11.0,169.0,34.0,2.0,0.0,0.0,0.0
234,95,8,3428.0,3175.0,672.0,0.0,814.0,5645.0,644.0700841090619,22748.005199999978,23392.07528410904,2898.0,25.0,7.0,147.0,57.0,20.0,11.0,169.0,34.0,2.0,0.0,0.0,0.0
234,96,9,3374.0,3178.0,630.0,0.0,799.0,5645.0,358.75618107436156,22189.08959999998,22547.845781074342,2898.0,25.0,7.0,147.0,57.0,20.0,11.0,169.0,34.0,2.0,0.0,0.0,0.0
234,97,9,3422.0,3121.0,694.0,0.0,810.0,5645.0,564.1685259193396,21913.53959999998,22477.70812591932,2898.0,25.0,7.0,147.0,57.0,20.0,11.0,169.0,34.0,2.0,0.0,0.0,0.0
234,98,9,3407.0,3159.0,682.0,0.0,786.0,5645.0,479.31474497799195,21939.524799999985,22418.83954497798,2898.0,25.0,7.0,147.0,57.0,20.0,11.0,169.0,34.0,2.0,0.0,0.0,0.0
234,99,9,3430.0,3189.0,652.0,0.0,748.0,5645.0,478.2377021200484,23112.332399999977,23590.570102120026,2898.0,25.0,7.0,147.0,57.0,20.0,11.0,169.0,34.0,2.0,0.0,0.0,0.0
234,100,9,3462.0,3216.0,684.0,0.0,777.0,5645.0,438.4700365790652,21761.30239999998,22199.772436579045,2898.0,25.0,7.0,147.0,57.0,20.0,11.0,169.0,34.0,2.0,0.0,0.0,0.0
234,101,9,3458.0,3182.0,721.0,0.0,763.0,5645.0,561.8761367803486,21710.935199999967,22272.811336780316,2898.0,25.0,7.0,147.0,57.0,20.0,11.0,169.0,34.0,2.0,0.0,0.0,0.0
234,102,9,3497.0,3175.0,711.0,0.0,817.0,5645.0,561.3260602111442,22714.671999999973,23275.998060211117,2898.0,25.0,7.0,147.0,57.0,20.0,11.0,169.0,34.0,2.0,0.0,0.0,0.0
234,103,9,3458.0,3144.0,716.0,0.0,780.0,5645.0,358.3224965377829,22100.646399999965,22458.96889653775,2898.0,25.0,7.0,147.0,57.0,20.0,11.0,169.0,34.0,2.0,0.0,0.0,0.0
234,104,9,3477.0,3209.0,688.0,0.0,796.0,5645.0,560.9324674740108,22271.587599999973,22832.520067473983,2898.0,25.0,7.0,147.0,57.0,20.0,11.0,169.0,34.0,2.0,0.0,0.0,0.0
234,105,9,3485.0,3168.0,722.0,0.0,821.0,5645.0,479.3711977176884,23664.30079999998,24143.67199771767,2898.0,25.0,7.0,147.0,57.0,20.0,11.0,169.0,34.0,2.0,0.0,0.0,0.0
234,106,9,3392.0,3190.0,679.0,0.0,813.0,5645.0,399.90504384156014,22212.803599999985,22612.708643841543,2898.0,25.0,7.0,147.0,57.0,20.0,11.0,169.0,34.0,2.0,0.0,0.0,0.0
234,107,9,3379.0,3130.0,654.0,0.0,733.0,5645.0,480.74980891268257,22046.60519999998,22527.355008912662,2898.0,25.0,7.0,147.0,57.0,20.0,11.0,169.0,34.0,2.0,0.0,0.0,0.0
234,108,10,3458.0,3169.0,710.0,0.0,808.0,5645.0,763.971762908085,22676.195199999995,23440.16696290808,2898.0,25.0,7.0,147.0,57.0,20.0,11.0,169.0,34.0,2.0,0.0,0.0,0.0
234,109,10,3416.0,3148.0,700.0,0.0,825.0,5645.0,480.71842359987033,24368.77359999997,24849.492023599843,2898.0,25.0,7.0,147.0,57.0,20.0,11.0,169.0,34.0,2.0,0.0,0.0,0.0
234,110,10,3422.0,3174.0,681.0,0.0,786.0,5645.0,724.7772274198535,23258.62439999998,23983.401627419833,2898.0,25.0,7.0,147.0,57.0,20.0,11.0,169.0,34.0,2.0,0.0,0.0,0.0
234,111,10,3460.0,3157.0,684.0,0.0,810.0,5645.0,1009.456140984247,20771.660399999968,21781.116540984218,2898.0,25.0,7.0,147.0,57.0,20.0,11.0,169.0,34.0,2.0,0.0,0.0,0.0
234,112,10,3496.0,3225.0,691.0,0.0,846.0,5645.0,721.9041218926994,21726.900399999984,22448.804521892685,2898.0,25.0,7.0,147.0,57.0,20.0,11.0,169.0,34.0,2.0,0.0,0.0,0.0
234,113,10,3485.0,3165.0,693.0,0.0,849.0,5645.0,766.9764039961739,20746.543599999983,21513.520003996156,2898.0,25.0,7.0,147.0,57.0,20.0,11.0,169.0,34.0,2.0,0.0,0.0,0.0
234,114,10,3510.0,3177.0,702.0,0.0,787.0,5645.0,519.914705466558,23636.177999999978,24156.09270546654,2898.0,25.0,7.0,147.0,57.0,20.0,11.0,169.0,34.0,2.0,0.0,0.0,0.0
234,115,10,3419.0,3215.0,686.0,0.0,834.0,5645.0,683.3513405743233,22670.316799999968,23353.668140574293,2898.0,25.0,7.0,147.0,57.0,20.0,11.0,169.0,34.0,2.0,0.0,0.0,0.0
234,116,10,3456.0,3155.0,732.0,0.0,822.0,5645.0,804.376371288128,23759.691199999976,24564.067571288102,2898.0,25.0,7.0,147.0,57.0,20.0,11.0,169.0,34.0,2.0,0.0,0.0,0.0
234,117,10,3459.0,3192.0,657.0,0.0,808.0,5645.0,521.6220522166576,21571.12279999999,22092.744852216652,2898.0,25.0,7.0,147.0,57.0,20.0,11.0,169.0,34.0,2.0,0.0,0.0,0.0
234,118,10,3395.0,3145.0,708.0,0.0,825.0,5645.0,725.475092273031,22355.48839999998,23080.963492273007,2898.0,25.0,7.0,147.0,57.0,20.0,11.0,169.0,34.0,2.0,0.0,0.0,0.0
234,119,10,3451.0,3171.0,685.0,0.0,762.0,5645.0,278.1490221536826,22624.49199999998,22902.64102215366,2898.0,25.0,7.0,147.0,57.0,20.0,11.0,169.0,34.0,2.0,0.0,0.0,0.0
235,0,1,3439.0,3220.0,617.0,0.0,735.0,5645.0,438.6133526740272,17163.257999999994,17601.87135267402,2898.0,25.0,7.0,147.0,57.0,20.0,11.0,169.0,34.0,2.0,0.0,0.0,0.0
235,1,1,3372.0,3146.0,673.0,0.0,739.0,5645.0,276.057710556575,19832.853199999972,20108.910910556548,2898.0,25.0,7.0,147.0,57.0,20.0,11.0,169.0,34.0,2.0,0.0,0.0,0.0
235,2,1,3417.0,3176.0,665.0,0.0,710.0,5645.0,397.1438804341275,19016.022799999984,19413.16668043411,2898.0,25.0,7.0,147.0,57.0,20.0,11.0,169.0,34.0,2.0,0.0,0.0,0.0
235,3,1,3320.0,3094.0,669.0,0.0,696.0,5645.0,195.3036713636905,19331.452399999973,19526.756071363663,2898.0,25.0,7.0,147.0,57.0,20.0,11.0,169.0,34.0,2.0,0.0,0.0,0.0
235,4,1,3309.0,3145.0,649.0,0.0,739.0,5645.0,517.0899246283869,18341.543199999982,18858.633124628366,2898.0,25.0,7.0,147.0,57.0,20.0,11.0,169.0,34.0,2.0,0.0,0.0,0.0
235,5,1,3362.0,3129.0,679.0,0.0,712.0,5645.0,558.8650374299102,17609.41519999999,18168.2802374299,2898.0,25.0,7.0,147.0,57.0,20.0,11.0,169.0,34.0,2.0,0.0,0.0,0.0
235,6,1,3327.0,3108.0,639.0,0.0,718.0,5645.0,191.39393863578636,18475.944799999987,18667.33873863577,2898.0,25.0,7.0,147.0,57.0,20.0,11.0,169.0,34.0,2.0,0.0,0.0,0.0
235,7,1,3360.0,3144.0,634.0,0.0,712.0,5645.0,275.9000348754836,17364.526399999988,17640.42643487547,2898.0,25.0,7.0,147.0,57.0,20.0,11.0,169.0,34.0,2.0,0.0,0.0,0.0
235,8,1,3333.0,3178.0,638.0,0.0,746.0,5645.0,234.32776705394608,18686.29799999999,18920.625767053938,2898.0,25.0,7.0,147.0,57.0,20.0,11.0,169.0,34.0,2.0,0.0,0.0,0.0
235,9,1,3272.0,3066.0,656.0,0.0,727.0,5645.0,273.06575597145184,17911.61839999998,18184.68415597143,2898.0,25.0,7.0,147.0,57.0,20.0,11.0,169.0,34.0,2.0,0.0,0.0,0.0
235,10,1,3314.0,3060.0,696.0,0.0,735.0,5645.0,355.4339598858924,20111.00839999997,20466.442359885867,2898.0,25.0,7.0,147.0,57.0,20.0,11.0,169.0,34.0,2.0,0.0,0.0,0.0
235,11,1,3321.0,3149.0,608.0,0.0,726.0,5645.0,438.82400883338863,20103.526799999985,20542.350808833377,2898.0,25.0,7.0,147.0,57.0,20.0,11.0,169.0,34.0,2.0,0.0,0.0,0.0
235,12,2,3350.0,3165.0,634.0,0.0,742.0,5645.0,272.91122770245573,18528.382799999992,18801.294027702446,2898.0,25.0,7.0,147.0,57.0,20.0,11.0,169.0,34.0,2.0,0.0,0.0,0.0
235,13,2,3404.0,3106.0,724.0,0.0,735.0,5645.0,234.4858913308995,18533.993999999988,18768.479891330888,2898.0,25.0,7.0,147.0,57.0,20.0,11.0,169.0,34.0,2.0,0.0,0.0,0.0
235,14,2,3365.0,3172.0,640.0,0.0,749.0,5645.0,355.4123256354472,17777.417199999978,18132.829525635425,2898.0,25.0,7.0,147.0,57.0,20.0,11.0,169.0,34.0,2.0,0.0,0.0,0.0
235,15,2,3384.0,3100.0,672.0,0.0,726.0,5645.0,312.61067534729693,17845.887199999997,18158.49787534729,2898.0,25.0,7.0,147.0,57.0,20.0,11.0,169.0,34.0,2.0,0.0,0.0,0.0
235,16,2,3282.0,3139.0,634.0,0.0,731.0,5645.0,314.01589284552773,18349.55919999998,18663.57509284551,2898.0,25.0,7.0,147.0,57.0,20.0,11.0,169.0,34.0,2.0,0.0,0.0,0.0
235,17,2,3358.0,3184.0,651.0,0.0,778.0,5645.0,395.88233873698096,19197.919199999986,19593.801538736967,2898.0,25.0,7.0,147.0,57.0,20.0,11.0,169.0,34.0,2.0,0.0,0.0,0.0
235,18,2,3343.0,3139.0,659.0,0.0,677.0,5645.0,396.76994122069806,18315.424399999985,18712.194341220682,2898.0,25.0,7.0,147.0,57.0,20.0,11.0,169.0,34.0,2.0,0.0,0.0,0.0
235,19,2,3321.0,3081.0,664.0,0.0,717.0,5645.0,354.73849204029136,18384.562399999988,18739.300892040275,2898.0,25.0,7.0,147.0,57.0,20.0,11.0,169.0,34.0,2.0,0.0,0.0,0.0
235,20,2,3308.0,3132.0,650.0,0.0,730.0,5645.0,398.9534764686257,18995.782399999975,19394.735876468603,2898.0,25.0,7.0,147.0,57.0,20.0,11.0,169.0,34.0,2.0,0.0,0.0,0.0
235,21,2,3343.0,3138.0,676.0,0.0,709.0,5645.0,479.1154105955417,19113.283599999977,19592.399010595516,2898.0,25.0,7.0,147.0,57.0,20.0,11.0,169.0,34.0,2.0,0.0,0.0,0.0
235,22,2,3435.0,3182.0,688.0,0.0,710.0,5645.0,315.6448671049875,17819.835199999983,18135.480067104974,2898.0,25.0,7.0,147.0,57.0,20.0,11.0,169.0,34.0,2.0,0.0,0.0,0.0
235,23,2,3412.0,3175.0,683.0,0.0,741.0,5645.0,231.77550095876782,18673.53919999998,18905.31470095875,2898.0,25.0,7.0,147.0,57.0,20.0,11.0,169.0,34.0,2.0,0.0,0.0,0.0
235,24,3,3371.0,3195.0,615.0,0.0,707.0,5645.0,395.5551204131015,17569.06799999999,17964.62312041309,2898.0,25.0,7.0,147.0,57.0,20.0,11.0,169.0,34.0,2.0,0.0,0.0,0.0
235,25,3,3409.0,3159.0,696.0,0.0,742.0,5645.0,312.8866356854401,17358.581199999982,17671.46783568542,2898.0,25.0,7.0,147.0,57.0,20.0,11.0,169.0,34.0,2.0,0.0,0.0,0.0
235,26,3,3311.0,3066.0,637.0,0.0,665.0,5645.0,395.54619369401087,18597.587599999984,18993.133793693996,2898.0,25.0,7.0,147.0,57.0,20.0,11.0,169.0,34.0,2.0,0.0,0.0,0.0
235,27,3,3389.0,3234.0,642.0,0.0,706.0,5645.0,396.6040077719081,18508.476399999985,18905.080407771893,2898.0,25.0,7.0,147.0,57.0,20.0,11.0,169.0,34.0,2.0,0.0,0.0,0.0
235,28,3,3341.0,3176.0,676.0,0.0,746.0,5645.0,436.65111072810686,18032.25919999999,18468.910310728093,2898.0,25.0,7.0,147.0,57.0,20.0,11.0,169.0,34.0,2.0,0.0,0.0,0.0
235,29,3,3383.0,3165.0,699.0,0.0,745.0,5645.0,438.505422802249,17825.980799999983,18264.486222802232,2898.0,25.0,7.0,147.0,57.0,20.0,11.0,169.0,34.0,2.0,0.0,0.0,0.0
235,30,3,3333.0,3147.0,690.0,0.0,773.0,5645.0,599.4771241908169,18134.52999999999,18734.007124190808,2898.0,25.0,7.0,147.0,57.0,20.0,11.0,169.0,34.0,2.0,0.0,0.0,0.0
235,31,3,3378.0,3159.0,661.0,0.0,752.0,5645.0,477.91095730400883,18855.168399999984,19333.079357303992,2898.0,25.0,7.0,147.0,57.0,20.0,11.0,169.0,34.0,2.0,0.0,0.0,0.0
235,32,3,3315.0,3140.0,637.0,0.0,730.0,5645.0,439.1437097126298,18877.345999999983,19316.489709712612,2898.0,25.0,7.0,147.0,57.0,20.0,11.0,169.0,34.0,2.0,0.0,0.0,0.0
235,33,3,3380.0,3199.0,675.0,0.0,759.0,5645.0,235.05095440160258,18939.13599999999,19174.18695440159,2898.0,25.0,7.0,147.0,57.0,20.0,11.0,169.0,34.0,2.0,0.0,0.0,0.0
235,34,3,3371.0,3159.0,653.0,0.0,750.0,5645.0,234.83999324525695,18866.257199999985,19101.09719324524,2898.0,25.0,7.0,147.0,57.0,20.0,11.0,169.0,34.0,2.0,0.0,0.0,0.0
235,35,3,3364.0,3130.0,661.0,0.0,759.0,5645.0,437.49284706096995,17492.58199999998,17930.074847060947,2898.0,25.0,7.0,147.0,57.0,20.0,11.0,169.0,34.0,2.0,0.0,0.0,0.0
235,36,4,3391.0,3163.0,638.0,0.0,748.0,5645.0,353.9706381390946,18704.066799999982,19058.037438139076,2898.0,25.0,7.0,147.0,57.0,20.0,11.0,169.0,34.0,2.0,0.0,0.0,0.0
235,37,4,3340.0,3158.0,674.0,0.0,772.0,5645.0,438.7182776613489,19121.433199999978,19560.15147766133,2898.0,25.0,7.0,147.0,57.0,20.0,11.0,169.0,34.0,2.0,0.0,0.0,0.0
235,38,4,3352.0,3077.0,638.0,0.0,730.0,5645.0,354.36703547288863,17991.778399999996,18346.145435472885,2898.0,25.0,7.0,147.0,57.0,20.0,11.0,169.0,34.0,2.0,0.0,0.0,0.0
235,39,4,3402.0,3197.0,683.0,0.0,738.0,5645.0,149.02578015145502,17473.74439999999,17622.770180151445,2898.0,25.0,7.0,147.0,57.0,20.0,11.0,169.0,34.0,2.0,0.0,0.0,0.0
235,40,4,3362.0,3123.0,649.0,0.0,709.0,5645.0,271.7287091723166,17627.384399999984,17899.113109172304,2898.0,25.0,7.0,147.0,57.0,20.0,11.0,169.0,34.0,2.0,0.0,0.0,0.0
235,41,4,3349.0,3172.0,648.0,0.0,753.0,5645.0,476.9589929999958,17719.033999999992,18195.99299299999,2898.0,25.0,7.0,147.0,57.0,20.0,11.0,169.0,34.0,2.0,0.0,0.0,0.0
235,42,4,3320.0,3085.0,654.0,0.0,722.0,5645.0,276.2721628669784,18398.18959999999,18674.46176286697,2898.0,25.0,7.0,147.0,57.0,20.0,11.0,169.0,34.0,2.0,0.0,0.0,0.0
235,43,4,3324.0,3145.0,652.0,0.0,765.0,5645.0,397.12001243684267,17635.53399999999,18032.654012436833,2898.0,25.0,7.0,147.0,57.0,20.0,11.0,169.0,34.0,2.0,0.0,0.0,0.0
235,44,4,3398.0,3162.0,673.0,0.0,751.0,5645.0,354.046813020153,17848.959999999985,18203.00681302014,2898.0,25.0,7.0,147.0,57.0,20.0,11.0,169.0,34.0,2.0,0.0,0.0,0.0
235,45,4,3398.0,3180.0,652.0,0.0,743.0,5645.0,436.846698190509,19218.092799999977,19654.939498190488,2898.0,25.0,7.0,147.0,57.0,20.0,11.0,169.0,34.0,2.0,0.0,0.0,0.0
235,46,4,3286.0,3108.0,634.0,0.0,746.0,5645.0,357.15128722838153,17117.433199999985,17474.584487228367,2898.0,25.0,7.0,147.0,57.0,20.0,11.0,169.0,34.0,2.0,0.0,0.0,0.0
235,47,4,3384.0,3201.0,631.0,0.0,744.0,5645.0,518.3838135180688,18319.499199999973,18837.883013518043,2898.0,25.0,7.0,147.0,57.0,20.0,11.0,169.0,34.0,2.0,0.0,0.0,0.0
235,48,5,3348.0,3080.0,653.0,0.0,771.0,5645.0,477.6337458867695,19100.257599999983,19577.89134588675,2898.0,25.0,7.0,147.0,57.0,20.0,11.0,169.0,34.0,2.0,0.0,0.0,0.0
235,49,5,3356.0,3086.0,677.0,0.0,753.0,5645.0,396.85193843227773,18532.05679999998,18928.90873843226,2898.0,25.0,7.0,147.0,57.0,20.0,11.0,169.0,34.0,2.0,0.0,0.0,0.0
235,50,5,3351.0,3141.0,636.0,0.0,706.0,5645.0,312.3968515511115,18009.27999999998,18321.676851551092,2898.0,25.0,7.0,147.0,57.0,20.0,11.0,169.0,34.0,2.0,0.0,0.0,0.0
235,51,5,3371.0,3180.0,633.0,0.0,735.0,5645.0,438.6575108714702,18294.115199999986,18732.772710871453,2898.0,25.0,7.0,147.0,57.0,20.0,11.0,169.0,34.0,2.0,0.0,0.0,0.0
235,52,5,3304.0,3102.0,623.0,0.0,717.0,5645.0,275.04886437055876,18417.093999999972,18692.142864370533,2898.0,25.0,7.0,147.0,57.0,20.0,11.0,169.0,34.0,2.0,0.0,0.0,0.0
235,53,5,3390.0,3129.0,669.0,0.0,726.0,5645.0,234.94620303696658,18550.82759999998,18785.773803036947,2898.0,25.0,7.0,147.0,57.0,20.0,11.0,169.0,34.0,2.0,0.0,0.0,0.0
235,54,5,3385.0,3204.0,662.0,0.0,793.0,5645.0,313.5035394635091,18519.097599999986,18832.60113946349,2898.0,25.0,7.0,147.0,57.0,20.0,11.0,169.0,34.0,2.0,0.0,0.0,0.0
235,55,5,3364.0,3084.0,700.0,0.0,733.0,5645.0,396.4063504095531,18318.83119999999,18715.23755040954,2898.0,25.0,7.0,147.0,57.0,20.0,11.0,169.0,34.0,2.0,0.0,0.0,0.0
235,56,5,3319.0,3120.0,682.0,0.0,773.0,5645.0,313.83608268279795,20374.868399999974,20688.704482682777,2898.0,25.0,7.0,147.0,57.0,20.0,11.0,169.0,34.0,2.0,0.0,0.0,0.0
235,57,5,3345.0,3183.0,662.0,0.0,708.0,5645.0,559.0163528745449,18238.13679999998,18797.15315287452,2898.0,25.0,7.0,147.0,57.0,20.0,11.0,169.0,34.0,2.0,0.0,0.0,0.0
235,58,5,3349.0,3125.0,662.0,0.0,696.0,5645.0,231.37643893148442,17850.02879999999,18081.405238931475,2898.0,25.0,7.0,147.0,57.0,20.0,11.0,169.0,34.0,2.0,0.0,0.0,0.0
235,59,5,3338.0,3099.0,674.0,0.0,739.0,5645.0,354.46289748190964,19416.08799999999,19770.5508974819,2898.0,25.0,7.0,147.0,57.0,20.0,11.0,169.0,34.0,2.0,0.0,0.0,0.0
235,60,6,3364.0,3160.0,704.0,0.0,799.0,5645.0,438.62606251988456,18385.564399999985,18824.19046251987,2898.0,25.0,7.0,147.0,57.0,20.0,11.0,169.0,34.0,2.0,0.0,0.0,0.0
235,61,6,3366.0,3130.0,650.0,0.0,705.0,5645.0,517.3073074411558,18196.987999999976,18714.295307441134,2898.0,25.0,7.0,147.0,57.0,20.0,11.0,169.0,34.0,2.0,0.0,0.0,0.0
235,62,6,3379.0,3136.0,687.0,0.0,721.0,5645.0,356.77519764325535,18022.973999999987,18379.749197643243,2898.0,25.0,7.0,147.0,57.0,20.0,11.0,169.0,34.0,2.0,0.0,0.0,0.0
235,63,6,3389.0,3195.0,659.0,0.0,749.0,5645.0,397.3953823911553,18561.44879999999,18958.844182391145,2898.0,25.0,7.0,147.0,57.0,20.0,11.0,169.0,34.0,2.0,0.0,0.0,0.0
235,64,6,3399.0,3144.0,694.0,0.0,733.0,5645.0,478.4221015581621,18164.32279999998,18642.74490155814,2898.0,25.0,7.0,147.0,57.0,20.0,11.0,169.0,34.0,2.0,0.0,0.0,0.0
235,65,6,3356.0,3146.0,670.0,0.0,723.0,5645.0,478.6324250292704,18293.513999999974,18772.14642502925,2898.0,25.0,7.0,147.0,57.0,20.0,11.0,169.0,34.0,2.0,0.0,0.0,0.0
235,66,6,3370.0,3122.0,637.0,0.0,668.0,5645.0,395.91077841147705,18320.434399999984,18716.345178411462,2898.0,25.0,7.0,147.0,57.0,20.0,11.0,169.0,34.0,2.0,0.0,0.0,0.0
235,67,6,3343.0,3173.0,638.0,0.0,698.0,5645.0,314.40079934616165,18267.662399999987,18582.063199346147,2898.0,25.0,7.0,147.0,57.0,20.0,11.0,169.0,34.0,2.0,0.0,0.0,0.0
235,68,6,3368.0,3145.0,654.0,0.0,779.0,5645.0,274.81261120395584,19764.78399999998,20039.59661120394,2898.0,25.0,7.0,147.0,57.0,20.0,11.0,169.0,34.0,2.0,0.0,0.0,0.0
235,69,6,3374.0,3087.0,708.0,0.0,719.0,5645.0,356.03751697056566,19002.46239999998,19358.499916970544,2898.0,25.0,7.0,147.0,57.0,20.0,11.0,169.0,34.0,2.0,0.0,0.0,0.0
235,70,6,3331.0,3142.0,684.0,0.0,774.0,5645.0,479.7891643824393,17912.88759999999,18392.676764382428,2898.0,25.0,7.0,147.0,57.0,20.0,11.0,169.0,34.0,2.0,0.0,0.0,0.0
235,71,6,3345.0,3168.0,619.0,0.0,731.0,5645.0,315.66838380173675,18780.819999999985,19096.48838380172,2898.0,25.0,7.0,147.0,57.0,20.0,11.0,169.0,34.0,2.0,0.0,0.0,0.0
235,72,7,3374.0,3128.0,624.0,0.0,716.0,5645.0,356.2920431855961,17989.97479999998,18346.266843185575,2898.0,25.0,7.0,147.0,57.0,20.0,11.0,169.0,34.0,2.0,0.0,0.0,0.0
235,73,7,3389.0,3200.0,669.0,0.0,767.0,5645.0,110.51876219682,18024.643999999986,18135.162762196804,2898.0,25.0,7.0,147.0,57.0,20.0,11.0,169.0,34.0,2.0,0.0,0.0,0.0
235,74,7,3421.0,3127.0,675.0,0.0,754.0,5645.0,438.2284113602068,19953.56079999999,20391.789211360196,2898.0,25.0,7.0,147.0,57.0,20.0,11.0,169.0,34.0,2.0,0.0,0.0,0.0
235,75,7,3327.0,3121.0,650.0,0.0,716.0,5645.0,761.2533650281209,17946.554799999987,18707.80816502811,2898.0,25.0,7.0,147.0,57.0,20.0,11.0,169.0,34.0,2.0,0.0,0.0,0.0
235,76,7,3408.0,3160.0,656.0,0.0,712.0,5645.0,354.4738741840366,18313.353599999984,18667.82747418402,2898.0,25.0,7.0,147.0,57.0,20.0,11.0,169.0,34.0,2.0,0.0,0.0,0.0
235,77,7,3396.0,3135.0,673.0,0.0,744.0,5645.0,394.2673144585987,16142.019599999989,16536.286914458586,2898.0,25.0,7.0,147.0,57.0,20.0,11.0,169.0,34.0,2.0,0.0,0.0,0.0
235,78,7,3365.0,3114.0,684.0,0.0,728.0,5645.0,194.59324591116078,19223.23639999998,19417.82964591114,2898.0,25.0,7.0,147.0,57.0,20.0,11.0,169.0,34.0,2.0,0.0,0.0,0.0
235,79,7,3411.0,3203.0,636.0,0.0,696.0,5645.0,358.11494302258745,19035.79559999998,19393.910543022565,2898.0,25.0,7.0,147.0,57.0,20.0,11.0,169.0,34.0,2.0,0.0,0.0,0.0
235,80,7,3332.0,3121.0,681.0,0.0,731.0,5645.0,437.26665102733375,19415.820799999987,19853.08745102732,2898.0,25.0,7.0,147.0,57.0,20.0,11.0,169.0,34.0,2.0,0.0,0.0,0.0
235,81,7,3411.0,3180.0,676.0,0.0,764.0,5645.0,193.1218118344777,19695.84639999998,19888.968211834457,2898.0,25.0,7.0,147.0,57.0,20.0,11.0,169.0,34.0,2.0,0.0,0.0,0.0
235,82,7,3392.0,3234.0,666.0,0.0,745.0,5645.0,193.34875504536677,18891.507599999983,19084.856355045347,2898.0,25.0,7.0,147.0,57.0,20.0,11.0,169.0,34.0,2.0,0.0,0.0,0.0
235,83,7,3413.0,3130.0,681.0,0.0,697.0,5645.0,559.6051768270097,18130.12119999998,18689.72637682699,2898.0,25.0,7.0,147.0,57.0,20.0,11.0,169.0,34.0,2.0,0.0,0.0,0.0
235,84,8,3337.0,3132.0,666.0,0.0,762.0,5645.0,275.5751556978904,18175.812399999984,18451.387555697875,2898.0,25.0,7.0,147.0,57.0,20.0,11.0,169.0,34.0,2.0,0.0,0.0,0.0
235,85,8,3358.0,3119.0,666.0,0.0,752.0,5645.0,152.00190308950138,17359.716799999995,17511.718703089497,2898.0,25.0,7.0,147.0,57.0,20.0,11.0,169.0,34.0,2.0,0.0,0.0,0.0
235,86,8,3387.0,3145.0,651.0,0.0,755.0,5645.0,520.9266829957071,16680.828399999977,17201.75508299568,2898.0,25.0,7.0,147.0,57.0,20.0,11.0,169.0,34.0,2.0,0.0,0.0,0.0
235,87,8,3259.0,3099.0,657.0,0.0,770.0,5645.0,233.888441808831,19208.740799999985,19442.629241808816,2898.0,25.0,7.0,147.0,57.0,20.0,11.0,169.0,34.0,2.0,0.0,0.0,0.0
235,88,8,3363.0,3141.0,662.0,0.0,673.0,5645.0,232.16987086719894,18511.281999999985,18743.451870867182,2898.0,25.0,7.0,147.0,57.0,20.0,11.0,169.0,34.0,2.0,0.0,0.0,0.0
235,89,8,3362.0,3128.0,665.0,0.0,722.0,5645.0,475.39660485396166,17701.398799999984,18176.795404853943,2898.0,25.0,7.0,147.0,57.0,20.0,11.0,169.0,34.0,2.0,0.0,0.0,0.0
235,90,8,3328.0,3116.0,682.0,0.0,722.0,5645.0,314.5552760732558,17616.295599999987,17930.85087607324,2898.0,25.0,7.0,147.0,57.0,20.0,11.0,169.0,34.0,2.0,0.0,0.0,0.0
235,91,8,3354.0,3115.0,699.0,0.0,752.0,5645.0,232.0641423918013,17744.417999999987,17976.48214239179,2898.0,25.0,7.0,147.0,57.0,20.0,11.0,169.0,34.0,2.0,0.0,0.0,0.0
235,92,8,3408.0,3130.0,691.0,0.0,773.0,5645.0,437.3407824175364,16919.30439999999,17356.645182417524,2898.0,25.0,7.0,147.0,57.0,20.0,11.0,169.0,34.0,2.0,0.0,0.0,0.0
235,93,8,3314.0,3128.0,615.0,0.0,642.0,5645.0,314.39557510246937,19227.043999999973,19541.439575102446,2898.0,25.0,7.0,147.0,57.0,20.0,11.0,169.0,34.0,2.0,0.0,0.0,0.0
235,94,8,3353.0,3156.0,636.0,0.0,742.0,5645.0,681.3598956986772,18649.42439999998,19330.78429569866,2898.0,25.0,7.0,147.0,57.0,20.0,11.0,169.0,34.0,2.0,0.0,0.0,0.0
235,95,8,3294.0,3151.0,607.0,0.0,751.0,5645.0,355.24349391564635,18181.289999999983,18536.53349391563,2898.0,25.0,7.0,147.0,57.0,20.0,11.0,169.0,34.0,2.0,0.0,0.0,0.0
235,96,9,3359.0,3103.0,664.0,0.0,751.0,5645.0,397.6835834927474,18230.855599999973,18628.53918349272,2898.0,25.0,7.0,147.0,57.0,20.0,11.0,169.0,34.0,2.0,0.0,0.0,0.0
235,97,9,3323.0,3134.0,642.0,0.0,708.0,5645.0,234.13418849624134,18086.367199999986,18320.501388496228,2898.0,25.0,7.0,147.0,57.0,20.0,11.0,169.0,34.0,2.0,0.0,0.0,0.0
235,98,9,3359.0,3176.0,618.0,0.0,692.0,5645.0,311.5908624271068,20233.11879999998,20544.709662427085,2898.0,25.0,7.0,147.0,57.0,20.0,11.0,169.0,34.0,2.0,0.0,0.0,0.0
235,99,9,3375.0,3176.0,654.0,0.0,728.0,5645.0,231.5221316060103,18454.30159999999,18685.823731606004,2898.0,25.0,7.0,147.0,57.0,20.0,11.0,169.0,34.0,2.0,0.0,0.0,0.0
235,100,9,3376.0,3160.0,689.0,0.0,708.0,5645.0,192.25507406667975,17473.877999999982,17666.13307406666,2898.0,25.0,7.0,147.0,57.0,20.0,11.0,169.0,34.0,2.0,0.0,0.0,0.0
235,101,9,3434.0,3161.0,689.0,0.0,762.0,5645.0,274.5857679653359,18737.13279999998,19011.71856796532,2898.0,25.0,7.0,147.0,57.0,20.0,11.0,169.0,34.0,2.0,0.0,0.0,0.0
235,102,9,3381.0,3142.0,666.0,0.0,681.0,5645.0,396.67704677486324,18678.081599999983,19074.758646774848,2898.0,25.0,7.0,147.0,57.0,20.0,11.0,169.0,34.0,2.0,0.0,0.0,0.0
235,103,9,3406.0,3181.0,667.0,0.0,730.0,5645.0,354.8300082269539,18199.058799999984,18553.88880822694,2898.0,25.0,7.0,147.0,57.0,20.0,11.0,169.0,34.0,2.0,0.0,0.0,0.0
235,104,9,3423.0,3147.0,701.0,0.0,764.0,5645.0,231.59387461341473,19843.941999999995,20075.535874613408,2898.0,25.0,7.0,147.0,57.0,20.0,11.0,169.0,34.0,2.0,0.0,0.0,0.0
235,105,9,3314.0,3176.0,638.0,0.0,742.0,5645.0,233.2522288128344,19447.483999999982,19680.736228812817,2898.0,25.0,7.0,147.0,57.0,20.0,11.0,169.0,34.0,2.0,0.0,0.0,0.0
235,106,9,3301.0,3112.0,619.0,0.0,680.0,5645.0,274.80977798708966,18202.933199999985,18477.742977987073,2898.0,25.0,7.0,147.0,57.0,20.0,11.0,169.0,34.0,2.0,0.0,0.0,0.0
235,107,9,3377.0,3152.0,676.0,0.0,754.0,5645.0,435.7364885884249,19033.056799999988,19468.793288588415,2898.0,25.0,7.0,147.0,57.0,20.0,11.0,169.0,34.0,2.0,0.0,0.0,0.0
235,108,10,3335.0,3152.0,637.0,0.0,746.0,5645.0,436.50542105452786,22137.853999999978,22574.35942105451,2898.0,25.0,7.0,147.0,57.0,20.0,11.0,169.0,34.0,2.0,0.0,0.0,0.0
235,109,10,3338.0,3145.0,648.0,0.0,707.0,5645.0,314.18257609247803,20009.605999999985,20323.78857609246,2898.0,25.0,7.0,147.0,57.0,20.0,11.0,169.0,34.0,2.0,0.0,0.0,0.0
235,110,10,3384.0,3131.0,655.0,0.0,754.0,5645.0,517.7456226087277,17669.869199999972,18187.6148226087,2898.0,25.0,7.0,147.0,57.0,20.0,11.0,169.0,34.0,2.0,0.0,0.0,0.0
235,111,10,3399.0,3174.0,669.0,0.0,780.0,5645.0,475.1972288646645,18854.834399999985,19330.03162886465,2898.0,25.0,7.0,147.0,57.0,20.0,11.0,169.0,34.0,2.0,0.0,0.0,0.0
235,112,10,3405.0,3147.0,658.0,0.0,771.0,5645.0,519.4778726074431,16592.919599999987,17112.39747260743,2898.0,25.0,7.0,147.0,57.0,20.0,11.0,169.0,34.0,2.0,0.0,0.0,0.0
235,113,10,3430.0,3146.0,680.0,0.0,734.0,5645.0,354.0394946949982,19684.757599999986,20038.797094694983,2898.0,25.0,7.0,147.0,57.0,20.0,11.0,169.0,34.0,2.0,0.0,0.0,0.0
235,114,10,3343.0,3187.0,656.0,0.0,751.0,5645.0,356.14491301150656,18830.38559999998,19186.530513011487,2898.0,25.0,7.0,147.0,57.0,20.0,11.0,169.0,34.0,2.0,0.0,0.0,0.0
235,115,10,3372.0,3138.0,692.0,0.0,746.0,5645.0,556.7341904858438,19096.11599999998,19652.850190485824,2898.0,25.0,7.0,147.0,57.0,20.0,11.0,169.0,34.0,2.0,0.0,0.0,0.0
235,116,10,3370.0,3156.0,625.0,0.0,725.0,5645.0,274.7562215368261,18488.369599999984,18763.12582153681,2898.0,25.0,7.0,147.0,57.0,20.0,11.0,169.0,34.0,2.0,0.0,0.0,0.0
235,117,10,3305.0,3119.0,669.0,0.0,747.0,5645.0,598.8610523781292,18388.770799999984,18987.631852378112,2898.0,25.0,7.0,147.0,57.0,20.0,11.0,169.0,34.0,2.0,0.0,0.0,0.0
235,118,10,3358.0,3144.0,650.0,0.0,690.0,5645.0,273.7430868804815,19198.587199999984,19472.330286880464,2898.0,25.0,7.0,147.0,57.0,20.0,11.0,169.0,34.0,2.0,0.0,0.0,0.0
235,119,10,3403.0,3103.0,691.0,0.0,737.0,5645.0,395.0480275584182,18115.425199999983,18510.473227558403,2898.0,25.0,7.0,147.0,57.0,20.0,11.0,169.0,34.0,2.0,0.0,0.0,0.0
236,0,1,3190.0,3023.0,675.0,0.0,797.0,5645.0,926.139933137711,21677.86919999998,22604.00913313769,2898.0,25.0,7.0,147.0,57.0,20.0,11.0,169.0,34.0,2.0,0.0,0.0,0.0
236,1,1,3245.0,3092.0,643.0,0.0,766.0,5645.0,722.8127910595795,20709.13559999999,21431.948391059566,2898.0,25.0,7.0,147.0,57.0,20.0,11.0,169.0,34.0,2.0,0.0,0.0,0.0
236,2,1,3118.0,2991.0,638.0,0.0,752.0,5645.0,683.1145241124734,21074.264399999993,21757.37892411246,2898.0,25.0,7.0,147.0,57.0,20.0,11.0,169.0,34.0,2.0,0.0,0.0,0.0
236,3,1,3126.0,3055.0,632.0,0.0,809.0,5645.0,885.3070511447797,19975.270799999984,20860.577851144764,2898.0,25.0,7.0,147.0,57.0,20.0,11.0,169.0,34.0,2.0,0.0,0.0,0.0
236,4,1,3197.0,3039.0,665.0,0.0,749.0,5645.0,1210.219865912553,19770.729199999987,20980.94906591254,2898.0,25.0,7.0,147.0,57.0,20.0,11.0,169.0,34.0,2.0,0.0,0.0,0.0
236,5,1,3154.0,3006.0,625.0,0.0,764.0,5645.0,722.9643607090886,21160.03559999999,21882.999960709072,2898.0,25.0,7.0,147.0,57.0,20.0,11.0,169.0,34.0,2.0,0.0,0.0,0.0
236,6,1,3197.0,3054.0,621.0,0.0,791.0,5645.0,723.2838427681905,19367.123599999984,20090.407442768173,2898.0,25.0,7.0,147.0,57.0,20.0,11.0,169.0,34.0,2.0,0.0,0.0,0.0
236,7,1,3144.0,3070.0,627.0,0.0,814.0,5645.0,641.978916081596,20981.01159999999,21622.99051608159,2898.0,25.0,7.0,147.0,57.0,20.0,11.0,169.0,34.0,2.0,0.0,0.0,0.0
236,8,1,3103.0,2979.0,635.0,0.0,789.0,5645.0,641.1673926556331,20264.314399999977,20905.48179265561,2898.0,25.0,7.0,147.0,57.0,20.0,11.0,169.0,34.0,2.0,0.0,0.0,0.0
236,9,1,3118.0,2978.0,648.0,0.0,767.0,5645.0,843.2853270021943,20665.44839999998,21508.733727002178,2898.0,25.0,7.0,147.0,57.0,20.0,11.0,169.0,34.0,2.0,0.0,0.0,0.0
236,10,1,3155.0,3035.0,614.0,0.0,776.0,5645.0,1088.8856364404464,20681.88119999999,21770.766836440434,2898.0,25.0,7.0,147.0,57.0,20.0,11.0,169.0,34.0,2.0,0.0,0.0,0.0
236,11,1,3178.0,3062.0,632.0,0.0,812.0,5645.0,886.0497946046213,21009.80239999998,21895.852194604602,2898.0,25.0,7.0,147.0,57.0,20.0,11.0,169.0,34.0,2.0,0.0,0.0,0.0
236,12,2,3207.0,2994.0,711.0,0.0,800.0,5645.0,560.6373219666189,19893.574399999983,20454.211721966603,2898.0,25.0,7.0,147.0,57.0,20.0,11.0,169.0,34.0,2.0,0.0,0.0,0.0
236,13,2,3202.0,3074.0,622.0,0.0,850.0,5645.0,803.6197087390194,20353.759599999983,21157.379308739004,2898.0,25.0,7.0,147.0,57.0,20.0,11.0,169.0,34.0,2.0,0.0,0.0,0.0
236,14,2,3207.0,3003.0,654.0,0.0,785.0,5645.0,801.761243499171,19787.49599999999,20589.257243499156,2898.0,25.0,7.0,147.0,57.0,20.0,11.0,169.0,34.0,2.0,0.0,0.0,0.0
236,15,2,3118.0,3032.0,637.0,0.0,794.0,5645.0,884.9281437919216,20207.467599999985,21092.395743791905,2898.0,25.0,7.0,147.0,57.0,20.0,11.0,169.0,34.0,2.0,0.0,0.0,0.0
236,16,2,3199.0,3112.0,625.0,0.0,850.0,5645.0,679.5028986973256,20507.533199999983,21187.036098697306,2898.0,25.0,7.0,147.0,57.0,20.0,11.0,169.0,34.0,2.0,0.0,0.0,0.0
236,17,2,3170.0,3021.0,665.0,0.0,790.0,5645.0,926.705622589279,19860.307999999986,20787.013622589264,2898.0,25.0,7.0,147.0,57.0,20.0,11.0,169.0,34.0,2.0,0.0,0.0,0.0
236,18,2,3166.0,3004.0,645.0,0.0,791.0,5645.0,1167.901409696033,20356.36479999998,21524.266209696012,2898.0,25.0,7.0,147.0,57.0,20.0,11.0,169.0,34.0,2.0,0.0,0.0,0.0
236,19,2,3126.0,3042.0,622.0,0.0,800.0,5645.0,887.3060578367233,21585.083999999984,22472.39005783671,2898.0,25.0,7.0,147.0,57.0,20.0,11.0,169.0,34.0,2.0,0.0,0.0,0.0
236,20,2,3126.0,3016.0,674.0,0.0,793.0,5645.0,1168.6765082041363,20577.87359999998,21746.55010820412,2898.0,25.0,7.0,147.0,57.0,20.0,11.0,169.0,34.0,2.0,0.0,0.0,0.0
236,21,2,3257.0,3070.0,691.0,0.0,793.0,5645.0,842.5194402477092,19928.24359999998,20770.76304024769,2898.0,25.0,7.0,147.0,57.0,20.0,11.0,169.0,34.0,2.0,0.0,0.0,0.0
236,22,2,3231.0,3078.0,671.0,0.0,799.0,5645.0,721.0471607542174,21108.065199999986,21829.112360754203,2898.0,25.0,7.0,147.0,57.0,20.0,11.0,169.0,34.0,2.0,0.0,0.0,0.0
236,23,2,3200.0,3125.0,574.0,0.0,744.0,5645.0,1046.8801886901356,20453.291599999986,21500.171788690124,2898.0,25.0,7.0,147.0,57.0,20.0,11.0,169.0,34.0,2.0,0.0,0.0,0.0
236,24,3,3244.0,3055.0,689.0,0.0,815.0,5645.0,720.8804873742453,20608.80199999998,21329.68248737423,2898.0,25.0,7.0,147.0,57.0,20.0,11.0,169.0,34.0,2.0,0.0,0.0,0.0
236,25,3,3123.0,2919.0,661.0,0.0,767.0,5645.0,926.6227346134095,20390.365999999987,21316.9887346134,2898.0,25.0,7.0,147.0,57.0,20.0,11.0,169.0,34.0,2.0,0.0,0.0,0.0
236,26,3,3195.0,3128.0,620.0,0.0,773.0,5645.0,846.5222874524316,19650.88999999998,20497.412287452415,2898.0,25.0,7.0,147.0,57.0,20.0,11.0,169.0,34.0,2.0,0.0,0.0,0.0
236,27,3,3156.0,3076.0,657.0,0.0,810.0,5645.0,803.7549447564581,20063.17959999999,20866.93454475645,2898.0,25.0,7.0,147.0,57.0,20.0,11.0,169.0,34.0,2.0,0.0,0.0,0.0
236,28,3,3195.0,3063.0,671.0,0.0,794.0,5645.0,804.4616981924496,19768.457999999988,20572.919698192436,2898.0,25.0,7.0,147.0,57.0,20.0,11.0,169.0,34.0,2.0,0.0,0.0,0.0
236,29,3,3146.0,3057.0,654.0,0.0,802.0,5645.0,1210.8159968231644,20198.516399999993,21409.33239682316,2898.0,25.0,7.0,147.0,57.0,20.0,11.0,169.0,34.0,2.0,0.0,0.0,0.0
236,30,3,3203.0,3062.0,647.0,0.0,833.0,5645.0,1088.6365037462251,21174.931999999975,22263.5685037462,2898.0,25.0,7.0,147.0,57.0,20.0,11.0,169.0,34.0,2.0,0.0,0.0,0.0
236,31,3,3128.0,3027.0,634.0,0.0,794.0,5645.0,1007.0772945594472,21113.80999999998,22120.887294559427,2898.0,25.0,7.0,147.0,57.0,20.0,11.0,169.0,34.0,2.0,0.0,0.0,0.0
236,32,3,3216.0,3118.0,664.0,0.0,830.0,5645.0,723.8613116169175,20857.83239999999,21581.693711616907,2898.0,25.0,7.0,147.0,57.0,20.0,11.0,169.0,34.0,2.0,0.0,0.0,0.0
236,33,3,3208.0,3052.0,647.0,0.0,810.0,5645.0,966.0806743355222,20505.12839999999,21471.20907433551,2898.0,25.0,7.0,147.0,57.0,20.0,11.0,169.0,34.0,2.0,0.0,0.0,0.0
236,34,3,3181.0,3019.0,655.0,0.0,840.0,5645.0,926.4303218867137,19099.99039999998,20026.420721886694,2898.0,25.0,7.0,147.0,57.0,20.0,11.0,169.0,34.0,2.0,0.0,0.0,0.0
236,35,3,3211.0,3044.0,640.0,0.0,826.0,5645.0,965.0815460823919,20776.202799999977,21741.28434608237,2898.0,25.0,7.0,147.0,57.0,20.0,11.0,169.0,34.0,2.0,0.0,0.0,0.0
236,36,4,3159.0,3062.0,658.0,0.0,852.0,5645.0,1008.2270593698199,20961.305599999978,21969.532659369797,2898.0,25.0,7.0,147.0,57.0,20.0,11.0,169.0,34.0,2.0,0.0,0.0,0.0
236,37,4,3183.0,2969.0,631.0,0.0,768.0,5645.0,681.3260115954902,19982.685599999983,20664.01161159547,2898.0,25.0,7.0,147.0,57.0,20.0,11.0,169.0,34.0,2.0,0.0,0.0,0.0
236,38,4,3232.0,3108.0,658.0,0.0,817.0,5645.0,761.3258674170793,21003.790399999987,21765.11626741707,2898.0,25.0,7.0,147.0,57.0,20.0,11.0,169.0,34.0,2.0,0.0,0.0,0.0
236,39,4,3201.0,3019.0,649.0,0.0,776.0,5645.0,720.7419353669184,19120.631599999986,19841.373535366907,2898.0,25.0,7.0,147.0,57.0,20.0,11.0,169.0,34.0,2.0,0.0,0.0,0.0
236,40,4,3160.0,3055.0,634.0,0.0,811.0,5645.0,802.3400857533642,19439.601599999987,20241.94168575335,2898.0,25.0,7.0,147.0,57.0,20.0,11.0,169.0,34.0,2.0,0.0,0.0,0.0
236,41,4,3147.0,2989.0,647.0,0.0,794.0,5645.0,724.1646181824067,19699.38679999999,20423.551418182396,2898.0,25.0,7.0,147.0,57.0,20.0,11.0,169.0,34.0,2.0,0.0,0.0,0.0
236,42,4,3148.0,3041.0,638.0,0.0,834.0,5645.0,682.6631063475381,18914.753999999994,19597.417106347533,2898.0,25.0,7.0,147.0,57.0,20.0,11.0,169.0,34.0,2.0,0.0,0.0,0.0
236,43,4,3199.0,3056.0,652.0,0.0,823.0,5645.0,641.2252221038667,20359.036799999987,21000.262022103852,2898.0,25.0,7.0,147.0,57.0,20.0,11.0,169.0,34.0,2.0,0.0,0.0,0.0
236,44,4,3220.0,3078.0,638.0,0.0,810.0,5645.0,1047.365818814176,20691.032799999983,21738.398618814157,2898.0,25.0,7.0,147.0,57.0,20.0,11.0,169.0,34.0,2.0,0.0,0.0,0.0
236,45,4,3112.0,3012.0,620.0,0.0,822.0,5645.0,601.540890478456,19565.71999999999,20167.260890478447,2898.0,25.0,7.0,147.0,57.0,20.0,11.0,169.0,34.0,2.0,0.0,0.0,0.0
236,46,4,3205.0,3071.0,632.0,0.0,839.0,5645.0,1330.6043454806102,20804.191999999974,22134.796345480587,2898.0,25.0,7.0,147.0,57.0,20.0,11.0,169.0,34.0,2.0,0.0,0.0,0.0
236,47,4,3186.0,2986.0,637.0,0.0,850.0,5645.0,846.0888768042491,21688.289999999975,22534.378876804225,2898.0,25.0,7.0,147.0,57.0,20.0,11.0,169.0,34.0,2.0,0.0,0.0,0.0
236,48,5,3188.0,2987.0,673.0,0.0,817.0,5645.0,804.1202547958958,20623.364399999984,21427.48465479588,2898.0,25.0,7.0,147.0,57.0,20.0,11.0,169.0,34.0,2.0,0.0,0.0,0.0
236,49,5,3174.0,3053.0,615.0,0.0,786.0,5645.0,680.0547641322084,20528.174399999978,21208.229164132186,2898.0,25.0,7.0,147.0,57.0,20.0,11.0,169.0,34.0,2.0,0.0,0.0,0.0
236,50,5,3198.0,3103.0,608.0,0.0,784.0,5645.0,643.1157691271692,21219.821599999992,21862.93736912716,2898.0,25.0,7.0,147.0,57.0,20.0,11.0,169.0,34.0,2.0,0.0,0.0,0.0
236,51,5,3136.0,3022.0,602.0,0.0,787.0,5645.0,1047.7368268179966,20868.854399999986,21916.59122681798,2898.0,25.0,7.0,147.0,57.0,20.0,11.0,169.0,34.0,2.0,0.0,0.0,0.0
236,52,5,3224.0,3051.0,655.0,0.0,778.0,5645.0,927.8087579577874,20707.599199999986,21635.407957957774,2898.0,25.0,7.0,147.0,57.0,20.0,11.0,169.0,34.0,2.0,0.0,0.0,0.0
236,53,5,3200.0,3089.0,653.0,0.0,841.0,5645.0,1004.5105643894528,20877.404799999982,21881.91536438943,2898.0,25.0,7.0,147.0,57.0,20.0,11.0,169.0,34.0,2.0,0.0,0.0,0.0
236,54,5,3169.0,2956.0,695.0,0.0,781.0,5645.0,927.249856593788,20651.75439999999,21579.00425659378,2898.0,25.0,7.0,147.0,57.0,20.0,11.0,169.0,34.0,2.0,0.0,0.0,0.0
236,55,5,3149.0,3064.0,626.0,0.0,782.0,5645.0,884.6478276756595,22100.17879999998,22984.826627675637,2898.0,25.0,7.0,147.0,57.0,20.0,11.0,169.0,34.0,2.0,0.0,0.0,0.0
236,56,5,3177.0,3083.0,646.0,0.0,781.0,5645.0,1007.489544917312,20095.711199999983,21103.200744917296,2898.0,25.0,7.0,147.0,57.0,20.0,11.0,169.0,34.0,2.0,0.0,0.0,0.0
236,57,5,3177.0,3030.0,641.0,0.0,749.0,5645.0,679.6325718940502,19832.78639999999,20512.41897189404,2898.0,25.0,7.0,147.0,57.0,20.0,11.0,169.0,34.0,2.0,0.0,0.0,0.0
236,58,5,3171.0,2998.0,668.0,0.0,812.0,5645.0,640.9217998647696,21596.506799999996,22237.428599864765,2898.0,25.0,7.0,147.0,57.0,20.0,11.0,169.0,34.0,2.0,0.0,0.0,0.0
236,59,5,3209.0,3078.0,682.0,0.0,846.0,5645.0,844.8354144656744,21077.13679999999,21921.972214465663,2898.0,25.0,7.0,147.0,57.0,20.0,11.0,169.0,34.0,2.0,0.0,0.0,0.0
236,60,6,3186.0,3032.0,643.0,0.0,785.0,5645.0,1170.6336321248357,19400.59039999998,20571.224032124817,2898.0,25.0,7.0,147.0,57.0,20.0,11.0,169.0,34.0,2.0,0.0,0.0,0.0
236,61,6,3228.0,3063.0,667.0,0.0,784.0,5645.0,886.6339691670421,20134.52199999999,21021.15596916703,2898.0,25.0,7.0,147.0,57.0,20.0,11.0,169.0,34.0,2.0,0.0,0.0,0.0
236,62,6,3174.0,3042.0,662.0,0.0,818.0,5645.0,926.4545238909154,20124.635599999994,21051.09012389091,2898.0,25.0,7.0,147.0,57.0,20.0,11.0,169.0,34.0,2.0,0.0,0.0,0.0
236,63,6,3220.0,3027.0,691.0,0.0,797.0,5645.0,1128.255396030358,19556.568399999982,20684.82379603034,2898.0,25.0,7.0,147.0,57.0,20.0,11.0,169.0,34.0,2.0,0.0,0.0,0.0
236,64,6,3166.0,3040.0,647.0,0.0,769.0,5645.0,804.6349604051628,21055.35999999999,21859.99496040515,2898.0,25.0,7.0,147.0,57.0,20.0,11.0,169.0,34.0,2.0,0.0,0.0,0.0
236,65,6,3181.0,3026.0,607.0,0.0,739.0,5645.0,1047.1693614823553,20181.14839999999,21228.317761482343,2898.0,25.0,7.0,147.0,57.0,20.0,11.0,169.0,34.0,2.0,0.0,0.0,0.0
236,66,6,3148.0,3059.0,624.0,0.0,747.0,5645.0,884.4571547120631,20114.815999999977,20999.273154712042,2898.0,25.0,7.0,147.0,57.0,20.0,11.0,169.0,34.0,2.0,0.0,0.0,0.0
236,67,6,3195.0,3034.0,649.0,0.0,838.0,5645.0,681.4772202531797,22206.257199999982,22887.73442025316,2898.0,25.0,7.0,147.0,57.0,20.0,11.0,169.0,34.0,2.0,0.0,0.0,0.0
236,68,6,3191.0,2975.0,686.0,0.0,770.0,5645.0,1006.3598584526485,20923.697199999977,21930.05705845263,2898.0,25.0,7.0,147.0,57.0,20.0,11.0,169.0,34.0,2.0,0.0,0.0,0.0
236,69,6,3150.0,3031.0,680.0,0.0,837.0,5645.0,967.5710778306892,19961.44319999999,20929.01427783068,2898.0,25.0,7.0,147.0,57.0,20.0,11.0,169.0,34.0,2.0,0.0,0.0,0.0
236,70,6,3178.0,3032.0,645.0,0.0,853.0,5645.0,724.1202927603492,20578.541599999982,21302.66189276033,2898.0,25.0,7.0,147.0,57.0,20.0,11.0,169.0,34.0,2.0,0.0,0.0,0.0
236,71,6,3207.0,3034.0,625.0,0.0,758.0,5645.0,843.6557850378794,19458.305599999978,20301.96138503786,2898.0,25.0,7.0,147.0,57.0,20.0,11.0,169.0,34.0,2.0,0.0,0.0,0.0
236,72,7,3219.0,3093.0,661.0,0.0,818.0,5645.0,355.44589568133154,20039.46559999998,20394.911495681314,2898.0,25.0,7.0,147.0,57.0,20.0,11.0,169.0,34.0,2.0,0.0,0.0,0.0
236,73,7,3234.0,3031.0,648.0,0.0,818.0,5645.0,641.6148138843313,20751.353199999983,21392.968013884318,2898.0,25.0,7.0,147.0,57.0,20.0,11.0,169.0,34.0,2.0,0.0,0.0,0.0
236,74,7,3134.0,2996.0,644.0,0.0,783.0,5645.0,1452.7733592466311,20744.606399999975,22197.379759246607,2898.0,25.0,7.0,147.0,57.0,20.0,11.0,169.0,34.0,2.0,0.0,0.0,0.0
236,75,7,3198.0,3067.0,609.0,0.0,767.0,5645.0,761.0943495170858,20262.24359999999,21023.337949517074,2898.0,25.0,7.0,147.0,57.0,20.0,11.0,169.0,34.0,2.0,0.0,0.0,0.0
236,76,7,3226.0,3077.0,629.0,0.0,786.0,5645.0,640.3409229130741,18970.197999999982,19610.538922913056,2898.0,25.0,7.0,147.0,57.0,20.0,11.0,169.0,34.0,2.0,0.0,0.0,0.0
236,77,7,3207.0,3015.0,685.0,0.0,787.0,5645.0,602.009024090283,21784.214799999972,22386.22382409026,2898.0,25.0,7.0,147.0,57.0,20.0,11.0,169.0,34.0,2.0,0.0,0.0,0.0
236,78,7,3237.0,3093.0,632.0,0.0,758.0,5645.0,966.0894159600832,21944.133999999976,22910.22341596006,2898.0,25.0,7.0,147.0,57.0,20.0,11.0,169.0,34.0,2.0,0.0,0.0,0.0
236,79,7,3148.0,3021.0,667.0,0.0,827.0,5645.0,1089.2172900802502,21179.94199999999,22269.159290080235,2898.0,25.0,7.0,147.0,57.0,20.0,11.0,169.0,34.0,2.0,0.0,0.0,0.0
236,80,7,3243.0,3099.0,653.0,0.0,814.0,5645.0,803.5223320054957,22184.61399999998,22988.136332005477,2898.0,25.0,7.0,147.0,57.0,20.0,11.0,169.0,34.0,2.0,0.0,0.0,0.0
236,81,7,3219.0,3112.0,678.0,0.0,821.0,5645.0,1005.677136888838,20565.782799999986,21571.459936888823,2898.0,25.0,7.0,147.0,57.0,20.0,11.0,169.0,34.0,2.0,0.0,0.0,0.0
236,82,7,3230.0,3029.0,670.0,0.0,768.0,5645.0,1048.2679812910405,20658.63479999998,21706.90278129102,2898.0,25.0,7.0,147.0,57.0,20.0,11.0,169.0,34.0,2.0,0.0,0.0,0.0
236,83,7,3141.0,3006.0,667.0,0.0,812.0,5645.0,845.2514467542538,20593.17079999999,21438.422246754242,2898.0,25.0,7.0,147.0,57.0,20.0,11.0,169.0,34.0,2.0,0.0,0.0,0.0
236,84,8,3175.0,3015.0,654.0,0.0,823.0,5645.0,478.3443972176221,19246.349199999993,19724.693597217614,2898.0,25.0,7.0,147.0,57.0,20.0,11.0,169.0,34.0,2.0,0.0,0.0,0.0
236,85,8,3209.0,3031.0,645.0,0.0,834.0,5645.0,1131.4282273401122,18990.171199999986,20121.5994273401,2898.0,25.0,7.0,147.0,57.0,20.0,11.0,169.0,34.0,2.0,0.0,0.0,0.0
236,86,8,3078.0,3006.0,638.0,0.0,825.0,5645.0,681.4667421582335,20805.728399999985,21487.19514215822,2898.0,25.0,7.0,147.0,57.0,20.0,11.0,169.0,34.0,2.0,0.0,0.0,0.0
236,87,8,3173.0,3012.0,670.0,0.0,737.0,5645.0,881.5108438386649,20810.337599999984,21691.848443838644,2898.0,25.0,7.0,147.0,57.0,20.0,11.0,169.0,34.0,2.0,0.0,0.0,0.0
236,88,8,3206.0,3057.0,640.0,0.0,779.0,5645.0,963.8214743719494,20027.441599999984,20991.263074371935,2898.0,25.0,7.0,147.0,57.0,20.0,11.0,169.0,34.0,2.0,0.0,0.0,0.0
236,89,8,3143.0,3014.0,652.0,0.0,798.0,5645.0,804.4773813156187,19191.30599999999,19995.783381315607,2898.0,25.0,7.0,147.0,57.0,20.0,11.0,169.0,34.0,2.0,0.0,0.0,0.0
236,90,8,3178.0,3023.0,675.0,0.0,810.0,5645.0,680.7487268364612,20078.07599999998,20758.82472683644,2898.0,25.0,7.0,147.0,57.0,20.0,11.0,169.0,34.0,2.0,0.0,0.0,0.0
236,91,8,3233.0,3043.0,668.0,0.0,827.0,5645.0,1209.8006105787406,18725.843599999993,19935.644210578736,2898.0,25.0,7.0,147.0,57.0,20.0,11.0,169.0,34.0,2.0,0.0,0.0,0.0
236,92,8,3129.0,3035.0,595.0,0.0,707.0,5645.0,682.2567889732021,20931.98039999998,21614.23718897318,2898.0,25.0,7.0,147.0,57.0,20.0,11.0,169.0,34.0,2.0,0.0,0.0,0.0
236,93,8,3170.0,3041.0,639.0,0.0,828.0,5645.0,1047.815731831502,19788.431199999985,20836.24693183149,2898.0,25.0,7.0,147.0,57.0,20.0,11.0,169.0,34.0,2.0,0.0,0.0,0.0
236,94,8,3134.0,3053.0,602.0,0.0,806.0,5645.0,1330.1970450890665,19461.24479999999,20791.441845089055,2898.0,25.0,7.0,147.0,57.0,20.0,11.0,169.0,34.0,2.0,0.0,0.0,0.0
236,95,8,3197.0,3023.0,645.0,0.0,818.0,5645.0,642.5889613191778,20369.85839999999,21012.447361319166,2898.0,25.0,7.0,147.0,57.0,20.0,11.0,169.0,34.0,2.0,0.0,0.0,0.0
236,96,9,3150.0,3019.0,635.0,0.0,785.0,5645.0,680.9594007239687,21090.96439999999,21771.92380072396,2898.0,25.0,7.0,147.0,57.0,20.0,11.0,169.0,34.0,2.0,0.0,0.0,0.0
236,97,9,3198.0,3060.0,626.0,0.0,753.0,5645.0,883.6058408401891,21756.559599999975,22640.165440840163,2898.0,25.0,7.0,147.0,57.0,20.0,11.0,169.0,34.0,2.0,0.0,0.0,0.0
236,98,9,3197.0,3050.0,664.0,0.0,777.0,5645.0,761.9674340980555,19922.76599999999,20684.73343409804,2898.0,25.0,7.0,147.0,57.0,20.0,11.0,169.0,34.0,2.0,0.0,0.0,0.0
236,99,9,3196.0,3043.0,678.0,0.0,773.0,5645.0,924.0087907076189,19821.29679999998,20745.305590707598,2898.0,25.0,7.0,147.0,57.0,20.0,11.0,169.0,34.0,2.0,0.0,0.0,0.0
236,100,9,3259.0,3086.0,664.0,0.0,849.0,5645.0,803.4554917644771,21148.54599999998,21952.00149176446,2898.0,25.0,7.0,147.0,57.0,20.0,11.0,169.0,34.0,2.0,0.0,0.0,0.0
236,101,9,3215.0,3045.0,658.0,0.0,744.0,5645.0,845.10791892322,20835.120399999978,21680.228318923193,2898.0,25.0,7.0,147.0,57.0,20.0,11.0,169.0,34.0,2.0,0.0,0.0,0.0
236,102,9,3221.0,3071.0,650.0,0.0,801.0,5645.0,762.3806811883132,20724.699999999968,21487.08068118828,2898.0,25.0,7.0,147.0,57.0,20.0,11.0,169.0,34.0,2.0,0.0,0.0,0.0
236,103,9,3255.0,3074.0,679.0,0.0,812.0,5645.0,923.2061795258685,21676.867199999986,22600.073379525857,2898.0,25.0,7.0,147.0,57.0,20.0,11.0,169.0,34.0,2.0,0.0,0.0,0.0
236,104,9,3131.0,3056.0,634.0,0.0,785.0,5645.0,599.4887859990652,21786.619599999976,22386.108385999043,2898.0,25.0,7.0,147.0,57.0,20.0,11.0,169.0,34.0,2.0,0.0,0.0,0.0
236,105,9,3126.0,3019.0,605.0,0.0,752.0,5645.0,966.2592238302669,20212.74479999998,21179.004023830243,2898.0,25.0,7.0,147.0,57.0,20.0,11.0,169.0,34.0,2.0,0.0,0.0,0.0
236,106,9,3207.0,3080.0,637.0,0.0,790.0,5645.0,844.5027898535204,20016.152399999988,20860.65518985351,2898.0,25.0,7.0,147.0,57.0,20.0,11.0,169.0,34.0,2.0,0.0,0.0,0.0
236,107,9,3156.0,3048.0,618.0,0.0,782.0,5645.0,883.8397204023396,23585.409999999967,24469.24972040231,2898.0,25.0,7.0,147.0,57.0,20.0,11.0,169.0,34.0,2.0,0.0,0.0,0.0
236,108,10,3163.0,3033.0,665.0,0.0,798.0,5645.0,844.6525886880889,21113.20879999999,21957.861388688078,2898.0,25.0,7.0,147.0,57.0,20.0,11.0,169.0,34.0,2.0,0.0,0.0,0.0
236,109,10,3178.0,3027.0,627.0,0.0,820.0,5645.0,1248.8898848368694,19677.275999999973,20926.165884836842,2898.0,25.0,7.0,147.0,57.0,20.0,11.0,169.0,34.0,2.0,0.0,0.0,0.0
236,110,10,3223.0,3070.0,665.0,0.0,849.0,5645.0,882.0676649489026,20330.913999999986,21212.98166494889,2898.0,25.0,7.0,147.0,57.0,20.0,11.0,169.0,34.0,2.0,0.0,0.0,0.0
236,111,10,3222.0,3039.0,644.0,0.0,859.0,5645.0,1292.091815148575,19005.935999999987,20298.02781514856,2898.0,25.0,7.0,147.0,57.0,20.0,11.0,169.0,34.0,2.0,0.0,0.0,0.0
236,112,10,3265.0,3048.0,672.0,0.0,814.0,5645.0,638.854551233017,20490.56599999999,21129.420551233008,2898.0,25.0,7.0,147.0,57.0,20.0,11.0,169.0,34.0,2.0,0.0,0.0,0.0
236,113,10,3147.0,3047.0,655.0,0.0,825.0,5645.0,764.590235873563,21755.691199999972,22520.281435873538,2898.0,25.0,7.0,147.0,57.0,20.0,11.0,169.0,34.0,2.0,0.0,0.0,0.0
236,114,10,3197.0,3026.0,698.0,0.0,829.0,5645.0,964.5694381415614,20167.454399999988,21132.023838141547,2898.0,25.0,7.0,147.0,57.0,20.0,11.0,169.0,34.0,2.0,0.0,0.0,0.0
236,115,10,3180.0,3045.0,613.0,0.0,797.0,5645.0,844.4524327566969,20528.040799999984,21372.493232756686,2898.0,25.0,7.0,147.0,57.0,20.0,11.0,169.0,34.0,2.0,0.0,0.0,0.0
236,116,10,3134.0,3024.0,647.0,0.0,796.0,5645.0,559.3444805760641,20136.926799999987,20696.271280576053,2898.0,25.0,7.0,147.0,57.0,20.0,11.0,169.0,34.0,2.0,0.0,0.0,0.0
236,117,10,3188.0,3037.0,637.0,0.0,761.0,5645.0,478.71843722906215,21076.33519999998,21555.053637229044,2898.0,25.0,7.0,147.0,57.0,20.0,11.0,169.0,34.0,2.0,0.0,0.0,0.0
236,118,10,3229.0,3003.0,683.0,0.0,803.0,5645.0,1085.9009971343314,20617.55279999999,21703.453797134316,2898.0,25.0,7.0,147.0,57.0,20.0,11.0,169.0,34.0,2.0,0.0,0.0,0.0
236,119,10,3293.0,3114.0,665.0,0.0,783.0,5645.0,762.1634899081087,18029.921199999993,18792.084689908104,2898.0,25.0,7.0,147.0,57.0,20.0,11.0,169.0,34.0,2.0,0.0,0.0,0.0
237,0,1,3270.0,3078.0,672.0,0.0,774.0,5645.0,439.19481410135916,21640.728399999985,22079.923214101345,2898.0,25.0,7.0,147.0,57.0,20.0,11.0,169.0,34.0,2.0,0.0,0.0,0.0
237,1,1,3146.0,2965.0,679.0,0.0,774.0,5645.0,359.60135214186107,22771.65239999999,23131.25375214185,2898.0,25.0,7.0,147.0,57.0,20.0,11.0,169.0,34.0,2.0,0.0,0.0,0.0
237,2,1,3150.0,3046.0,655.0,0.0,813.0,5645.0,560.8513159159977,21789.358399999983,22350.209715915982,2898.0,25.0,7.0,147.0,57.0,20.0,11.0,169.0,34.0,2.0,0.0,0.0,0.0
237,3,1,3219.0,3016.0,705.0,0.0,773.0,5645.0,682.7256079048008,20809.869999999988,21492.595607904786,2898.0,25.0,7.0,147.0,57.0,20.0,11.0,169.0,34.0,2.0,0.0,0.0,0.0
237,4,1,3177.0,2992.0,655.0,0.0,742.0,5645.0,398.9191821308409,21996.237999999972,22395.157182130813,2898.0,25.0,7.0,147.0,57.0,20.0,11.0,169.0,34.0,2.0,0.0,0.0,0.0
237,5,1,3217.0,3036.0,651.0,0.0,793.0,5645.0,440.8590047080244,20820.825199999977,21261.684204708006,2898.0,25.0,7.0,147.0,57.0,20.0,11.0,169.0,34.0,2.0,0.0,0.0,0.0
237,6,1,3160.0,3059.0,649.0,0.0,810.0,5645.0,317.6825198924296,22268.648399999984,22586.330919892414,2898.0,25.0,7.0,147.0,57.0,20.0,11.0,169.0,34.0,2.0,0.0,0.0,0.0
237,7,1,3121.0,2963.0,664.0,0.0,788.0,5645.0,439.15549240895496,21536.72079999997,21975.876292408924,2898.0,25.0,7.0,147.0,57.0,20.0,11.0,169.0,34.0,2.0,0.0,0.0,0.0
237,8,1,3152.0,2966.0,680.0,0.0,773.0,5645.0,439.4748371593712,21932.644399999976,22372.119237159342,2898.0,25.0,7.0,147.0,57.0,20.0,11.0,169.0,34.0,2.0,0.0,0.0,0.0
237,9,1,3175.0,3012.0,646.0,0.0,779.0,5645.0,602.5817223004494,22223.892399999982,22826.474122300435,2898.0,25.0,7.0,147.0,57.0,20.0,11.0,169.0,34.0,2.0,0.0,0.0,0.0
237,10,1,3211.0,3059.0,655.0,0.0,808.0,5645.0,642.7292397364935,22168.849199999975,22811.57843973647,2898.0,25.0,7.0,147.0,57.0,20.0,11.0,169.0,34.0,2.0,0.0,0.0,0.0
237,11,1,3235.0,2970.0,754.0,0.0,817.0,5645.0,440.15987800805567,21510.93599999998,21951.095878008036,2898.0,25.0,7.0,147.0,57.0,20.0,11.0,169.0,34.0,2.0,0.0,0.0,0.0
237,12,2,3223.0,3061.0,652.0,0.0,830.0,5645.0,439.0284961216605,22245.067999999974,22684.096496121638,2898.0,25.0,7.0,147.0,57.0,20.0,11.0,169.0,34.0,2.0,0.0,0.0,0.0
237,13,2,3224.0,2975.0,692.0,0.0,788.0,5645.0,437.2805168269364,20632.248799999983,21069.52931682692,2898.0,25.0,7.0,147.0,57.0,20.0,11.0,169.0,34.0,2.0,0.0,0.0,0.0
237,14,2,3138.0,3037.0,646.0,0.0,800.0,5645.0,478.6268048255433,21417.28239999998,21895.909204825522,2898.0,25.0,7.0,147.0,57.0,20.0,11.0,169.0,34.0,2.0,0.0,0.0,0.0
237,15,2,3218.0,3082.0,663.0,0.0,821.0,5645.0,439.7191085127849,21619.619599999987,22059.338708512772,2898.0,25.0,7.0,147.0,57.0,20.0,11.0,169.0,34.0,2.0,0.0,0.0,0.0
237,16,2,3194.0,3002.0,695.0,0.0,795.0,5645.0,603.127761948875,21231.24439999998,21834.372161948857,2898.0,25.0,7.0,147.0,57.0,20.0,11.0,169.0,34.0,2.0,0.0,0.0,0.0
237,17,2,3189.0,2985.0,674.0,0.0,786.0,5645.0,721.4914771664312,21100.583599999984,21822.075077166417,2898.0,25.0,7.0,147.0,57.0,20.0,11.0,169.0,34.0,2.0,0.0,0.0,0.0
237,18,2,3151.0,3032.0,651.0,0.0,795.0,5645.0,603.6296641637266,22039.591199999984,22643.22086416371,2898.0,25.0,7.0,147.0,57.0,20.0,11.0,169.0,34.0,2.0,0.0,0.0,0.0
237,19,2,3146.0,2994.0,706.0,0.0,788.0,5645.0,398.49721403975053,21475.398399999973,21873.895614039724,2898.0,25.0,7.0,147.0,57.0,20.0,11.0,169.0,34.0,2.0,0.0,0.0,0.0
237,20,2,3280.0,3058.0,718.0,0.0,791.0,5645.0,722.7005186047319,20634.720399999984,21357.420918604712,2898.0,25.0,7.0,147.0,57.0,20.0,11.0,169.0,34.0,2.0,0.0,0.0,0.0
237,21,2,3252.0,3048.0,710.0,0.0,813.0,5645.0,478.04906497516106,22019.484399999976,22497.533464975135,2898.0,25.0,7.0,147.0,57.0,20.0,11.0,169.0,34.0,2.0,0.0,0.0,0.0
237,22,2,3220.0,3104.0,609.0,0.0,749.0,5645.0,560.5460628736782,22088.62239999998,22649.168462873655,2898.0,25.0,7.0,147.0,57.0,20.0,11.0,169.0,34.0,2.0,0.0,0.0,0.0
237,23,2,3260.0,3043.0,714.0,0.0,819.0,5645.0,437.0232610835134,21190.897199999978,21627.92046108349,2898.0,25.0,7.0,147.0,57.0,20.0,11.0,169.0,34.0,2.0,0.0,0.0,0.0
237,24,3,3149.0,2911.0,688.0,0.0,767.0,5645.0,885.79982993648,22152.215999999986,23038.015829936463,2898.0,25.0,7.0,147.0,57.0,20.0,11.0,169.0,34.0,2.0,0.0,0.0,0.0
237,25,3,3214.0,3106.0,652.0,0.0,771.0,5645.0,641.9567285068534,21595.504799999977,22237.46152850683,2898.0,25.0,7.0,147.0,57.0,20.0,11.0,169.0,34.0,2.0,0.0,0.0,0.0
237,26,3,3184.0,3063.0,689.0,0.0,823.0,5645.0,642.8566219958302,21018.61999999998,21661.47662199581,2898.0,25.0,7.0,147.0,57.0,20.0,11.0,169.0,34.0,2.0,0.0,0.0,0.0
237,27,3,3206.0,3036.0,702.0,0.0,791.0,5645.0,601.9204956596255,20558.301199999984,21160.221695659613,2898.0,25.0,7.0,147.0,57.0,20.0,11.0,169.0,34.0,2.0,0.0,0.0,0.0
237,28,3,3171.0,3039.0,692.0,0.0,811.0,5645.0,926.1424350379166,21587.087999999985,22513.2304350379,2898.0,25.0,7.0,147.0,57.0,20.0,11.0,169.0,34.0,2.0,0.0,0.0,0.0
237,29,3,3225.0,3043.0,679.0,0.0,836.0,5645.0,601.3627493271122,21770.186799999978,22371.549549327094,2898.0,25.0,7.0,147.0,57.0,20.0,11.0,169.0,34.0,2.0,0.0,0.0,0.0
237,30,3,3155.0,3014.0,666.0,0.0,780.0,5645.0,600.2847896596522,21574.06199999998,22174.34678965963,2898.0,25.0,7.0,147.0,57.0,20.0,11.0,169.0,34.0,2.0,0.0,0.0,0.0
237,31,3,3237.0,3094.0,699.0,0.0,824.0,5645.0,359.47188987143664,22078.401999999984,22437.873889871422,2898.0,25.0,7.0,147.0,57.0,20.0,11.0,169.0,34.0,2.0,0.0,0.0,0.0
237,32,3,3226.0,3041.0,669.0,0.0,805.0,5645.0,439.96777350511616,22094.300399999982,22534.2681735051,2898.0,25.0,7.0,147.0,57.0,20.0,11.0,169.0,34.0,2.0,0.0,0.0,0.0
237,33,3,3203.0,3001.0,683.0,0.0,831.0,5645.0,642.7128862180804,20138.195999999974,20780.908886218058,2898.0,25.0,7.0,147.0,57.0,20.0,11.0,169.0,34.0,2.0,0.0,0.0,0.0
237,34,3,3235.0,3038.0,661.0,0.0,827.0,5645.0,682.3415829863466,22331.974799999967,23014.316382986315,2898.0,25.0,7.0,147.0,57.0,20.0,11.0,169.0,34.0,2.0,0.0,0.0,0.0
237,35,3,3181.0,3045.0,690.0,0.0,846.0,5645.0,724.8157251246687,21831.575999999965,22556.39172512463,2898.0,25.0,7.0,147.0,57.0,20.0,11.0,169.0,34.0,2.0,0.0,0.0,0.0
237,36,4,3206.0,2964.0,651.0,0.0,754.0,5645.0,478.69191598998646,20358.10159999998,20836.793515989968,2898.0,25.0,7.0,147.0,57.0,20.0,11.0,169.0,34.0,2.0,0.0,0.0,0.0
237,37,4,3245.0,3115.0,656.0,0.0,788.0,5645.0,438.86571356183373,22274.66039999999,22713.526113561824,2898.0,25.0,7.0,147.0,57.0,20.0,11.0,169.0,34.0,2.0,0.0,0.0,0.0
237,38,4,3217.0,3004.0,676.0,0.0,775.0,5645.0,477.2652901549173,20149.618799999982,20626.884090154897,2898.0,25.0,7.0,147.0,57.0,20.0,11.0,169.0,34.0,2.0,0.0,0.0,0.0
237,39,4,3181.0,3039.0,659.0,0.0,807.0,5645.0,762.1306670750258,20392.36999999998,21154.500667075,2898.0,25.0,7.0,147.0,57.0,20.0,11.0,169.0,34.0,2.0,0.0,0.0,0.0
237,40,4,3172.0,2976.0,675.0,0.0,795.0,5645.0,440.6140079765862,20885.35399999998,21325.968007976568,2898.0,25.0,7.0,147.0,57.0,20.0,11.0,169.0,34.0,2.0,0.0,0.0,0.0
237,41,4,3171.0,3021.0,674.0,0.0,832.0,5645.0,399.4713446377838,20131.31559999999,20530.786944637777,2898.0,25.0,7.0,147.0,57.0,20.0,11.0,169.0,34.0,2.0,0.0,0.0,0.0
237,42,4,3225.0,3035.0,687.0,0.0,823.0,5645.0,439.90966758044976,20983.349599999987,21423.259267580434,2898.0,25.0,7.0,147.0,57.0,20.0,11.0,169.0,34.0,2.0,0.0,0.0,0.0
237,43,4,3240.0,3063.0,660.0,0.0,803.0,5645.0,765.569845106893,21622.224799999974,22387.794645106867,2898.0,25.0,7.0,147.0,57.0,20.0,11.0,169.0,34.0,2.0,0.0,0.0,0.0
237,44,4,3135.0,2992.0,650.0,0.0,814.0,5645.0,318.76946767977114,21021.225199999983,21339.994667679755,2898.0,25.0,7.0,147.0,57.0,20.0,11.0,169.0,34.0,2.0,0.0,0.0,0.0
237,45,4,3234.0,3083.0,640.0,0.0,798.0,5645.0,722.9515174919645,22266.577599999975,22989.529117491944,2898.0,25.0,7.0,147.0,57.0,20.0,11.0,169.0,34.0,2.0,0.0,0.0,0.0
237,46,4,3204.0,2953.0,677.0,0.0,836.0,5645.0,682.8738739255596,22807.18999999997,23490.06387392553,2898.0,25.0,7.0,147.0,57.0,20.0,11.0,169.0,34.0,2.0,0.0,0.0,0.0
237,47,4,3203.0,2973.0,693.0,0.0,805.0,5645.0,562.4968297980397,21750.61439999998,22313.111229798018,2898.0,25.0,7.0,147.0,57.0,20.0,11.0,169.0,34.0,2.0,0.0,0.0,0.0
237,48,5,3192.0,3025.0,655.0,0.0,793.0,5645.0,396.5575862523217,22291.159999999974,22687.717586252293,2898.0,25.0,7.0,147.0,57.0,20.0,11.0,169.0,34.0,2.0,0.0,0.0,0.0
237,49,5,3220.0,3074.0,651.0,0.0,806.0,5645.0,523.1882990834156,21828.770399999983,22351.958699083403,2898.0,25.0,7.0,147.0,57.0,20.0,11.0,169.0,34.0,2.0,0.0,0.0,0.0
237,50,5,3167.0,3020.0,620.0,0.0,771.0,5645.0,439.5063876426189,22089.757999999973,22529.26438764259,2898.0,25.0,7.0,147.0,57.0,20.0,11.0,169.0,34.0,2.0,0.0,0.0,0.0
237,51,5,3242.0,3031.0,683.0,0.0,777.0,5645.0,645.2543313764561,21946.53879999998,22591.79313137644,2898.0,25.0,7.0,147.0,57.0,20.0,11.0,169.0,34.0,2.0,0.0,0.0,0.0
237,52,5,3226.0,3075.0,680.0,0.0,863.0,5645.0,803.1226330299723,22479.135199999968,23282.25783302994,2898.0,25.0,7.0,147.0,57.0,20.0,11.0,169.0,34.0,2.0,0.0,0.0,0.0
237,53,5,3190.0,2952.0,714.0,0.0,776.0,5645.0,806.579123071286,21647.274799999996,22453.85392307128,2898.0,25.0,7.0,147.0,57.0,20.0,11.0,169.0,34.0,2.0,0.0,0.0,0.0
237,54,5,3171.0,3007.0,699.0,0.0,841.0,5645.0,519.9462128020317,23420.94839999999,23940.894612802018,2898.0,25.0,7.0,147.0,57.0,20.0,11.0,169.0,34.0,2.0,0.0,0.0,0.0
237,55,5,3197.0,3057.0,685.0,0.0,787.0,5645.0,764.1556636953585,21185.953999999976,21950.10966369534,2898.0,25.0,7.0,147.0,57.0,20.0,11.0,169.0,34.0,2.0,0.0,0.0,0.0
237,56,5,3195.0,3007.0,675.0,0.0,759.0,5645.0,476.7912388057222,20613.94559999999,21090.736838805708,2898.0,25.0,7.0,147.0,57.0,20.0,11.0,169.0,34.0,2.0,0.0,0.0,0.0
237,57,5,3192.0,2981.0,694.0,0.0,796.0,5645.0,559.5568477465997,23043.59519999999,23603.15204774659,2898.0,25.0,7.0,147.0,57.0,20.0,11.0,169.0,34.0,2.0,0.0,0.0,0.0
237,58,5,3232.0,3065.0,710.0,0.0,854.0,5645.0,643.8579500142379,22544.198399999987,23188.056350014227,2898.0,25.0,7.0,147.0,57.0,20.0,11.0,169.0,34.0,2.0,0.0,0.0,0.0
237,59,5,3207.0,3015.0,676.0,0.0,806.0,5645.0,846.3020695184623,21127.70439999998,21974.00646951844,2898.0,25.0,7.0,147.0,57.0,20.0,11.0,169.0,34.0,2.0,0.0,0.0,0.0
237,60,6,3255.0,3044.0,703.0,0.0,796.0,5645.0,643.9808378766586,20504.7276,21148.708437876652,2898.0,25.0,7.0,147.0,57.0,20.0,11.0,169.0,34.0,2.0,0.0,0.0,0.0
237,61,6,3206.0,3039.0,687.0,0.0,813.0,5645.0,603.3568656206124,21175.599999999988,21778.9568656206,2898.0,25.0,7.0,147.0,57.0,20.0,11.0,169.0,34.0,2.0,0.0,0.0,0.0
237,62,6,3239.0,3001.0,727.0,0.0,802.0,5645.0,721.2927927137835,20562.108799999976,21283.40159271376,2898.0,25.0,7.0,147.0,57.0,20.0,11.0,169.0,34.0,2.0,0.0,0.0,0.0
237,63,6,3191.0,3022.0,682.0,0.0,786.0,5645.0,643.0325709934195,22111.401199999993,22754.433770993408,2898.0,25.0,7.0,147.0,57.0,20.0,11.0,169.0,34.0,2.0,0.0,0.0,0.0
237,64,6,3213.0,3020.0,633.0,0.0,748.0,5645.0,763.7514627614253,21770.92159999998,22534.67306276141,2898.0,25.0,7.0,147.0,57.0,20.0,11.0,169.0,34.0,2.0,0.0,0.0,0.0
237,65,6,3172.0,3046.0,653.0,0.0,750.0,5645.0,478.34929925614824,21328.905999999963,21807.25529925611,2898.0,25.0,7.0,147.0,57.0,20.0,11.0,169.0,34.0,2.0,0.0,0.0,0.0
237,66,6,3222.0,3020.0,681.0,0.0,840.0,5645.0,439.41622046217987,23034.443599999984,23473.85982046216,2898.0,25.0,7.0,147.0,57.0,20.0,11.0,169.0,34.0,2.0,0.0,0.0,0.0
237,67,6,3214.0,2970.0,705.0,0.0,771.0,5645.0,601.2882487523198,21635.25079999998,22236.539048752296,2898.0,25.0,7.0,147.0,57.0,20.0,11.0,169.0,34.0,2.0,0.0,0.0,0.0
237,68,6,3172.0,2996.0,726.0,0.0,877.0,5645.0,724.285369556813,21739.258399999984,22463.543769556796,2898.0,25.0,7.0,147.0,57.0,20.0,11.0,169.0,34.0,2.0,0.0,0.0,0.0
237,69,6,3201.0,3019.0,671.0,0.0,842.0,5645.0,440.70663648672326,22103.184799999977,22543.891436486698,2898.0,25.0,7.0,147.0,57.0,20.0,11.0,169.0,34.0,2.0,0.0,0.0,0.0
237,70,6,3222.0,3020.0,650.0,0.0,760.0,5645.0,480.5908929553048,21513.741599999987,21994.33249295529,2898.0,25.0,7.0,147.0,57.0,20.0,11.0,169.0,34.0,2.0,0.0,0.0,0.0
237,71,6,3235.0,3074.0,692.0,0.0,834.0,5645.0,274.470552890792,20937.992399999977,21212.46295289077,2898.0,25.0,7.0,147.0,57.0,20.0,11.0,169.0,34.0,2.0,0.0,0.0,0.0
237,72,7,3260.0,3014.0,678.0,0.0,829.0,5645.0,561.7915305200526,22930.16879999997,23491.96033052002,2898.0,25.0,7.0,147.0,57.0,20.0,11.0,169.0,34.0,2.0,0.0,0.0,0.0
237,73,7,3153.0,2983.0,668.0,0.0,794.0,5645.0,764.4036146868533,21532.64599999997,22297.049614686824,2898.0,25.0,7.0,147.0,57.0,20.0,11.0,169.0,34.0,2.0,0.0,0.0,0.0
237,74,7,3230.0,3054.0,643.0,0.0,768.0,5645.0,437.4752246599776,21392.03199999998,21829.50722465996,2898.0,25.0,7.0,147.0,57.0,20.0,11.0,169.0,34.0,2.0,0.0,0.0,0.0
237,75,7,3241.0,3049.0,669.0,0.0,788.0,5645.0,396.2218149061108,20372.864399999977,20769.086214906092,2898.0,25.0,7.0,147.0,57.0,20.0,11.0,169.0,34.0,2.0,0.0,0.0,0.0
237,76,7,3225.0,3007.0,702.0,0.0,816.0,5645.0,441.5164321438718,24094.29239999996,24535.80883214383,2898.0,25.0,7.0,147.0,57.0,20.0,11.0,169.0,34.0,2.0,0.0,0.0,0.0
237,77,7,3252.0,3073.0,659.0,0.0,743.0,5645.0,561.43056422625,22643.863999999976,23205.294564226224,2898.0,25.0,7.0,147.0,57.0,20.0,11.0,169.0,34.0,2.0,0.0,0.0,0.0
237,78,7,3178.0,3020.0,687.0,0.0,817.0,5645.0,926.7762066821278,22223.09079999998,23149.867006682107,2898.0,25.0,7.0,147.0,57.0,20.0,11.0,169.0,34.0,2.0,0.0,0.0,0.0
237,79,7,3265.0,3080.0,689.0,0.0,821.0,5645.0,439.4362315467052,22403.91839999997,22843.354631546674,2898.0,25.0,7.0,147.0,57.0,20.0,11.0,169.0,34.0,2.0,0.0,0.0,0.0
237,80,7,3235.0,3093.0,709.0,0.0,826.0,5645.0,804.1209905271348,21425.565599999987,22229.68659052712,2898.0,25.0,7.0,147.0,57.0,20.0,11.0,169.0,34.0,2.0,0.0,0.0,0.0
237,81,7,3261.0,3013.0,704.0,0.0,781.0,5645.0,643.5077148543838,22047.005999999976,22690.513714854358,2898.0,25.0,7.0,147.0,57.0,20.0,11.0,169.0,34.0,2.0,0.0,0.0,0.0
237,82,7,3169.0,2993.0,698.0,0.0,841.0,5645.0,440.41788488544626,21399.045999999988,21839.463884885434,2898.0,25.0,7.0,147.0,57.0,20.0,11.0,169.0,34.0,2.0,0.0,0.0,0.0
237,83,7,3200.0,3008.0,677.0,0.0,820.0,5645.0,520.0379416102966,20334.05359999999,20854.091541610283,2898.0,25.0,7.0,147.0,57.0,20.0,11.0,169.0,34.0,2.0,0.0,0.0,0.0
237,84,8,3231.0,3023.0,671.0,0.0,842.0,5645.0,766.1719049496093,20375.269199999977,21141.441104949587,2898.0,25.0,7.0,147.0,57.0,20.0,11.0,169.0,34.0,2.0,0.0,0.0,0.0
237,85,8,3094.0,2995.0,663.0,0.0,835.0,5645.0,356.85887738085296,21468.584799999982,21825.443677380837,2898.0,25.0,7.0,147.0,57.0,20.0,11.0,169.0,34.0,2.0,0.0,0.0,0.0
237,86,8,3194.0,2993.0,705.0,0.0,749.0,5645.0,477.22670788288315,21448.74519999998,21925.97190788286,2898.0,25.0,7.0,147.0,57.0,20.0,11.0,169.0,34.0,2.0,0.0,0.0,0.0
237,87,8,3236.0,3040.0,674.0,0.0,773.0,5645.0,679.583052628016,20397.580399999984,21077.163452628,2898.0,25.0,7.0,147.0,57.0,20.0,11.0,169.0,34.0,2.0,0.0,0.0,0.0
237,88,8,3171.0,3001.0,686.0,0.0,787.0,5645.0,601.5717951179743,20589.02919999998,21190.600995117948,2898.0,25.0,7.0,147.0,57.0,20.0,11.0,169.0,34.0,2.0,0.0,0.0,0.0
237,89,8,3199.0,3013.0,699.0,0.0,803.0,5645.0,397.7875949249117,21205.125599999974,21602.913194924888,2898.0,25.0,7.0,147.0,57.0,20.0,11.0,169.0,34.0,2.0,0.0,0.0,0.0
237,90,8,3255.0,3018.0,704.0,0.0,811.0,5645.0,764.2590398127054,19789.232799999983,20553.49183981269,2898.0,25.0,7.0,147.0,57.0,20.0,11.0,169.0,34.0,2.0,0.0,0.0,0.0
237,91,8,3161.0,3022.0,631.0,0.0,701.0,5645.0,478.82023562108213,22336.38359999998,22815.203835621065,2898.0,25.0,7.0,147.0,57.0,20.0,11.0,169.0,34.0,2.0,0.0,0.0,0.0
237,92,8,3195.0,3042.0,652.0,0.0,812.0,5645.0,1050.5661237429472,22287.151999999973,23337.71812374292,2898.0,25.0,7.0,147.0,57.0,20.0,11.0,169.0,34.0,2.0,0.0,0.0,0.0
237,93,8,3152.0,3042.0,625.0,0.0,794.0,5645.0,1006.0955391465195,20468.588799999987,21474.684339146508,2898.0,25.0,7.0,147.0,57.0,20.0,11.0,169.0,34.0,2.0,0.0,0.0,0.0
237,94,8,3221.0,3014.0,671.0,0.0,816.0,5645.0,602.56710744301,21166.247999999985,21768.81510744299,2898.0,25.0,7.0,147.0,57.0,20.0,11.0,169.0,34.0,2.0,0.0,0.0,0.0
237,95,8,3170.0,3014.0,656.0,0.0,782.0,5645.0,315.7308422177637,22166.978799999983,22482.70964221775,2898.0,25.0,7.0,147.0,57.0,20.0,11.0,169.0,34.0,2.0,0.0,0.0,0.0
237,96,9,3212.0,3039.0,657.0,0.0,753.0,5645.0,559.3442132559878,23048.07079999997,23607.415013255955,2898.0,25.0,7.0,147.0,57.0,20.0,11.0,169.0,34.0,2.0,0.0,0.0,0.0
237,97,9,3220.0,3028.0,699.0,0.0,783.0,5645.0,357.2921659274644,20834.185199999985,21191.47736592745,2898.0,25.0,7.0,147.0,57.0,20.0,11.0,169.0,34.0,2.0,0.0,0.0,0.0
237,98,9,3216.0,3031.0,703.0,0.0,778.0,5645.0,316.2198339242931,20217.086799999975,20533.30663392427,2898.0,25.0,7.0,147.0,57.0,20.0,11.0,169.0,34.0,2.0,0.0,0.0,0.0
237,99,9,3288.0,3065.0,699.0,0.0,832.0,5645.0,642.6131303645352,22409.39599999998,23052.009130364517,2898.0,25.0,7.0,147.0,57.0,20.0,11.0,169.0,34.0,2.0,0.0,0.0,0.0
237,100,9,3229.0,3036.0,678.0,0.0,743.0,5645.0,438.72978196469194,21510.000799999973,21948.73058196466,2898.0,25.0,7.0,147.0,57.0,20.0,11.0,169.0,34.0,2.0,0.0,0.0,0.0
237,101,9,3248.0,3055.0,683.0,0.0,815.0,5645.0,477.56570510981373,22112.937599999965,22590.503305109778,2898.0,25.0,7.0,147.0,57.0,20.0,11.0,169.0,34.0,2.0,0.0,0.0,0.0
237,102,9,3287.0,3059.0,701.0,0.0,802.0,5645.0,520.9663576222259,22635.24679999998,23156.21315762221,2898.0,25.0,7.0,147.0,57.0,20.0,11.0,169.0,34.0,2.0,0.0,0.0,0.0
237,103,9,3153.0,3041.0,661.0,0.0,797.0,5645.0,438.8152295102416,23034.643999999975,23473.459229510216,2898.0,25.0,7.0,147.0,57.0,20.0,11.0,169.0,34.0,2.0,0.0,0.0,0.0
237,104,9,3152.0,2997.0,644.0,0.0,741.0,5645.0,398.8507415308361,22020.820399999968,22419.67114153081,2898.0,25.0,7.0,147.0,57.0,20.0,11.0,169.0,34.0,2.0,0.0,0.0,0.0
237,105,9,3229.0,3070.0,662.0,0.0,782.0,5645.0,519.7881384542809,21555.22439999998,22075.012538454263,2898.0,25.0,7.0,147.0,57.0,20.0,11.0,169.0,34.0,2.0,0.0,0.0,0.0
237,106,9,3190.0,3036.0,655.0,0.0,791.0,5645.0,560.2179057208394,24293.289599999975,24853.507505720812,2898.0,25.0,7.0,147.0,57.0,20.0,11.0,169.0,34.0,2.0,0.0,0.0,0.0
237,107,9,3185.0,3009.0,694.0,0.0,805.0,5645.0,481.9209855976222,22794.765199999987,23276.686185597613,2898.0,25.0,7.0,147.0,57.0,20.0,11.0,169.0,34.0,2.0,0.0,0.0,0.0
237,108,10,3206.0,3006.0,662.0,0.0,822.0,5645.0,968.2130403735255,20585.08799999997,21553.301040373495,2898.0,25.0,7.0,147.0,57.0,20.0,11.0,169.0,34.0,2.0,0.0,0.0,0.0
237,109,10,3248.0,3057.0,691.0,0.0,852.0,5645.0,762.6259512681199,21481.343599999982,22243.969551268106,2898.0,25.0,7.0,147.0,57.0,20.0,11.0,169.0,34.0,2.0,0.0,0.0,0.0
237,110,10,3240.0,3016.0,675.0,0.0,865.0,5645.0,888.1440365765615,20216.819599999984,21104.963636576544,2898.0,25.0,7.0,147.0,57.0,20.0,11.0,169.0,34.0,2.0,0.0,0.0,0.0
237,111,10,3292.0,3046.0,690.0,0.0,815.0,5645.0,436.7523907876456,21477.201999999983,21913.954390787632,2898.0,25.0,7.0,147.0,57.0,20.0,11.0,169.0,34.0,2.0,0.0,0.0,0.0
237,112,10,3167.0,3027.0,688.0,0.0,829.0,5645.0,642.8533093064736,22518.88119999997,23161.734509306443,2898.0,25.0,7.0,147.0,57.0,20.0,11.0,169.0,34.0,2.0,0.0,0.0,0.0
237,113,10,3213.0,3018.0,713.0,0.0,823.0,5645.0,803.2001090614131,22784.945599999985,23588.145709061395,2898.0,25.0,7.0,147.0,57.0,20.0,11.0,169.0,34.0,2.0,0.0,0.0,0.0
237,114,10,3211.0,3044.0,634.0,0.0,797.0,5645.0,561.2695556648271,21781.008399999977,22342.277955664806,2898.0,25.0,7.0,147.0,57.0,20.0,11.0,169.0,34.0,2.0,0.0,0.0,0.0
237,115,10,3156.0,3011.0,675.0,0.0,797.0,5645.0,521.4064496307114,21951.14799999998,22472.554449630694,2898.0,25.0,7.0,147.0,57.0,20.0,11.0,169.0,34.0,2.0,0.0,0.0,0.0
237,116,10,3210.0,3017.0,671.0,0.0,765.0,5645.0,278.01714512197657,22227.499599999974,22505.516745121946,2898.0,25.0,7.0,147.0,57.0,20.0,11.0,169.0,34.0,2.0,0.0,0.0,0.0
237,117,10,3253.0,2991.0,714.0,0.0,815.0,5645.0,681.679592584925,21394.236399999987,22075.91599258491,2898.0,25.0,7.0,147.0,57.0,20.0,11.0,169.0,34.0,2.0,0.0,0.0,0.0
237,118,10,3324.0,3108.0,691.0,0.0,796.0,5645.0,601.7836247877351,19071.800799999994,19673.58442478773,2898.0,25.0,7.0,147.0,57.0,20.0,11.0,169.0,34.0,2.0,0.0,0.0,0.0
237,119,10,3202.0,3035.0,695.0,0.0,790.0,5645.0,600.6696995313222,21256.093999999975,21856.7636995313,2898.0,25.0,7.0,147.0,57.0,20.0,11.0,169.0,34.0,2.0,0.0,0.0,0.0
238,0,1,3035.0,2907.0,665.0,0.0,734.0,5645.0,437.0490842476513,20921.091999999986,21358.141084247636,2898.0,25.0,7.0,147.0,57.0,20.0,11.0,169.0,34.0,2.0,0.0,0.0,0.0
238,1,1,3036.0,2969.0,655.0,0.0,784.0,5645.0,639.1273308614767,20196.04479999998,20835.172130861458,2898.0,25.0,7.0,147.0,57.0,20.0,11.0,169.0,34.0,2.0,0.0,0.0,0.0
238,2,1,3101.0,2948.0,688.0,0.0,735.0,5645.0,1044.8805146235059,19663.314799999986,20708.19531462349,2898.0,25.0,7.0,147.0,57.0,20.0,11.0,169.0,34.0,2.0,0.0,0.0,0.0
238,3,1,3073.0,2932.0,640.0,0.0,716.0,5645.0,435.15634925570123,20295.509999999984,20730.666349255684,2898.0,25.0,7.0,147.0,57.0,20.0,11.0,169.0,34.0,2.0,0.0,0.0,0.0
238,4,1,3104.0,2948.0,674.0,0.0,765.0,5645.0,762.1252646840604,19932.71919999998,20694.844464684043,2898.0,25.0,7.0,147.0,57.0,20.0,11.0,169.0,34.0,2.0,0.0,0.0,0.0
238,5,1,3057.0,3019.0,621.0,0.0,763.0,5645.0,476.86518332286926,19181.5532,19658.418383322867,2898.0,25.0,7.0,147.0,57.0,20.0,11.0,169.0,34.0,2.0,0.0,0.0,0.0
238,6,1,3009.0,2899.0,649.0,0.0,773.0,5645.0,638.2379700281465,20700.985999999983,21339.223970028128,2898.0,25.0,7.0,147.0,57.0,20.0,11.0,169.0,34.0,2.0,0.0,0.0,0.0
238,7,1,3024.0,2901.0,665.0,0.0,744.0,5645.0,678.8834090068677,20808.266799999976,21487.150209006846,2898.0,25.0,7.0,147.0,57.0,20.0,11.0,169.0,34.0,2.0,0.0,0.0,0.0
238,8,1,3060.0,2976.0,614.0,0.0,724.0,5645.0,315.8833385214917,21151.618799999986,21467.50213852148,2898.0,25.0,7.0,147.0,57.0,20.0,11.0,169.0,34.0,2.0,0.0,0.0,0.0
238,9,1,3098.0,2989.0,657.0,0.0,769.0,5645.0,598.1187710047466,20464.179999999982,21062.298771004727,2898.0,25.0,7.0,147.0,57.0,20.0,11.0,169.0,34.0,2.0,0.0,0.0,0.0
238,10,1,3115.0,2931.0,712.0,0.0,776.0,5645.0,276.1437772021858,20093.907599999977,20370.051377202162,2898.0,25.0,7.0,147.0,57.0,20.0,11.0,169.0,34.0,2.0,0.0,0.0,0.0
238,11,1,3116.0,2995.0,648.0,0.0,786.0,5645.0,679.9207181293885,20715.88239999998,21395.80311812937,2898.0,25.0,7.0,147.0,57.0,20.0,11.0,169.0,34.0,2.0,0.0,0.0,0.0
238,12,2,3114.0,2937.0,653.0,0.0,759.0,5645.0,312.29430460801757,20372.530399999992,20684.824704608007,2898.0,25.0,7.0,147.0,57.0,20.0,11.0,169.0,34.0,2.0,0.0,0.0,0.0
238,13,2,3022.0,2981.0,626.0,0.0,777.0,5645.0,477.18198441224524,20499.116399999988,20976.29838441223,2898.0,25.0,7.0,147.0,57.0,20.0,11.0,169.0,34.0,2.0,0.0,0.0,0.0
238,14,2,3112.0,3038.0,646.0,0.0,781.0,5645.0,477.12792919193305,20120.15999999999,20597.287929191923,2898.0,25.0,7.0,147.0,57.0,20.0,11.0,169.0,34.0,2.0,0.0,0.0,0.0
238,15,2,3060.0,2946.0,677.0,0.0,747.0,5645.0,883.0211790109132,19895.711999999985,20778.7331790109,2898.0,25.0,7.0,147.0,57.0,20.0,11.0,169.0,34.0,2.0,0.0,0.0,0.0
238,16,2,3067.0,2924.0,664.0,0.0,765.0,5645.0,923.1127433214334,19979.479199999983,20902.591943321415,2898.0,25.0,7.0,147.0,57.0,20.0,11.0,169.0,34.0,2.0,0.0,0.0,0.0
238,17,2,3041.0,2965.0,644.0,0.0,784.0,5645.0,680.6224739986038,20034.45559999998,20715.078073998586,2898.0,25.0,7.0,147.0,57.0,20.0,11.0,169.0,34.0,2.0,0.0,0.0,0.0
238,18,2,3050.0,2934.0,702.0,0.0,754.0,5645.0,598.6160545085482,19836.25999999998,20434.876054508528,2898.0,25.0,7.0,147.0,57.0,20.0,11.0,169.0,34.0,2.0,0.0,0.0,0.0
238,19,2,3154.0,2994.0,705.0,0.0,764.0,5645.0,637.2361355962837,18258.644399999983,18895.88053559627,2898.0,25.0,7.0,147.0,57.0,20.0,11.0,169.0,34.0,2.0,0.0,0.0,0.0
238,20,2,3142.0,3004.0,688.0,0.0,772.0,5645.0,596.8036458123038,20421.160799999983,21017.964445812286,2898.0,25.0,7.0,147.0,57.0,20.0,11.0,169.0,34.0,2.0,0.0,0.0,0.0
238,21,2,3106.0,3052.0,593.0,0.0,711.0,5645.0,761.4257978547122,21396.507599999983,22157.933397854697,2898.0,25.0,7.0,147.0,57.0,20.0,11.0,169.0,34.0,2.0,0.0,0.0,0.0
238,22,2,3153.0,2945.0,739.0,0.0,837.0,5645.0,761.122855018593,20912.675199999976,21673.798055018568,2898.0,25.0,7.0,147.0,57.0,20.0,11.0,169.0,34.0,2.0,0.0,0.0,0.0
238,23,2,3032.0,2857.0,666.0,0.0,731.0,5645.0,882.5668986489445,20685.22119999999,21567.788098648933,2898.0,25.0,7.0,147.0,57.0,20.0,11.0,169.0,34.0,2.0,0.0,0.0,0.0
238,24,3,3107.0,3054.0,640.0,0.0,736.0,5645.0,640.2965125924214,19501.79239999998,20142.0889125924,2898.0,25.0,7.0,147.0,57.0,20.0,11.0,169.0,34.0,2.0,0.0,0.0,0.0
238,25,3,3075.0,3014.0,667.0,0.0,784.0,5645.0,435.8055201217478,19664.316799999986,20100.122320121736,2898.0,25.0,7.0,147.0,57.0,20.0,11.0,169.0,34.0,2.0,0.0,0.0,0.0
238,26,3,3118.0,3005.0,673.0,0.0,751.0,5645.0,843.2158098687689,19927.775999999987,20770.991809868756,2898.0,25.0,7.0,147.0,57.0,20.0,11.0,169.0,34.0,2.0,0.0,0.0,0.0
238,27,3,3055.0,2966.0,675.0,0.0,780.0,5645.0,923.4206564608188,20112.67839999999,21036.099056460807,2898.0,25.0,7.0,147.0,57.0,20.0,11.0,169.0,34.0,2.0,0.0,0.0,0.0
238,28,3,3096.0,2934.0,696.0,0.0,833.0,5645.0,925.520624758705,20842.26799999998,21767.788624758687,2898.0,25.0,7.0,147.0,57.0,20.0,11.0,169.0,34.0,2.0,0.0,0.0,0.0
238,29,3,3025.0,2947.0,647.0,0.0,755.0,5645.0,719.4998728521284,20465.582799999986,21185.082672852113,2898.0,25.0,7.0,147.0,57.0,20.0,11.0,169.0,34.0,2.0,0.0,0.0,0.0
238,30,3,3119.0,3037.0,687.0,0.0,796.0,5645.0,437.0620709119469,20658.501199999984,21095.56327091193,2898.0,25.0,7.0,147.0,57.0,20.0,11.0,169.0,34.0,2.0,0.0,0.0,0.0
238,31,3,3099.0,2968.0,667.0,0.0,774.0,5645.0,801.5485273111873,20217.15359999999,21018.702127311182,2898.0,25.0,7.0,147.0,57.0,20.0,11.0,169.0,34.0,2.0,0.0,0.0,0.0
238,32,3,3079.0,2939.0,668.0,0.0,766.0,5645.0,679.8425863757464,18857.70679999998,19537.549386375726,2898.0,25.0,7.0,147.0,57.0,20.0,11.0,169.0,34.0,2.0,0.0,0.0,0.0
238,33,3,3110.0,2969.0,654.0,0.0,767.0,5645.0,679.5247436838474,20478.942799999983,21158.467543683826,2898.0,25.0,7.0,147.0,57.0,20.0,11.0,169.0,34.0,2.0,0.0,0.0,0.0
238,34,3,3063.0,2987.0,679.0,0.0,816.0,5645.0,762.5735123010337,21154.624799999972,21917.198312301007,2898.0,25.0,7.0,147.0,57.0,20.0,11.0,169.0,34.0,2.0,0.0,0.0,0.0
238,35,3,3096.0,2895.0,644.0,0.0,719.0,5645.0,476.5789763343338,19427.109999999982,19903.688976334317,2898.0,25.0,7.0,147.0,57.0,20.0,11.0,169.0,34.0,2.0,0.0,0.0,0.0
238,36,4,3121.0,3025.0,672.0,0.0,807.0,5645.0,596.8317803794221,20856.095599999986,21452.927380379406,2898.0,25.0,7.0,147.0,57.0,20.0,11.0,169.0,34.0,2.0,0.0,0.0,0.0
238,37,4,3105.0,2938.0,666.0,0.0,735.0,5645.0,678.3970366302353,18615.623599999988,19294.020636630223,2898.0,25.0,7.0,147.0,57.0,20.0,11.0,169.0,34.0,2.0,0.0,0.0,0.0
238,38,4,3077.0,2998.0,650.0,0.0,773.0,5645.0,840.6088223555738,19079.08199999998,19919.69082235555,2898.0,25.0,7.0,147.0,57.0,20.0,11.0,169.0,34.0,2.0,0.0,0.0,0.0
238,39,4,3062.0,2915.0,653.0,0.0,752.0,5645.0,640.0145286740149,19394.31119999999,20034.325728674004,2898.0,25.0,7.0,147.0,57.0,20.0,11.0,169.0,34.0,2.0,0.0,0.0,0.0
238,40,4,3058.0,2954.0,660.0,0.0,766.0,5645.0,597.3828529471134,19413.74999999999,20011.132852947103,2898.0,25.0,7.0,147.0,57.0,20.0,11.0,169.0,34.0,2.0,0.0,0.0,0.0
238,41,4,3090.0,2964.0,673.0,0.0,793.0,5645.0,678.9049381003728,19231.51959999999,19910.424538100364,2898.0,25.0,7.0,147.0,57.0,20.0,11.0,169.0,34.0,2.0,0.0,0.0,0.0
238,42,4,3118.0,2995.0,659.0,0.0,772.0,5645.0,964.6342077579858,19923.70119999998,20888.335407757968,2898.0,25.0,7.0,147.0,57.0,20.0,11.0,169.0,34.0,2.0,0.0,0.0,0.0
238,43,4,3028.0,2930.0,649.0,0.0,790.0,5645.0,519.0955235795583,19502.66079999999,20021.756323579546,2898.0,25.0,7.0,147.0,57.0,20.0,11.0,169.0,34.0,2.0,0.0,0.0,0.0
238,44,4,3097.0,3007.0,633.0,0.0,794.0,5645.0,1004.4667371195986,20519.62399999997,21524.09073711957,2898.0,25.0,7.0,147.0,57.0,20.0,11.0,169.0,34.0,2.0,0.0,0.0,0.0
238,45,4,3096.0,2901.0,665.0,0.0,809.0,5645.0,720.7457976751734,21438.925599999977,22159.671397675156,2898.0,25.0,7.0,147.0,57.0,20.0,11.0,169.0,34.0,2.0,0.0,0.0,0.0
238,46,4,3093.0,2911.0,687.0,0.0,757.0,5645.0,843.1242527914912,19959.706399999974,20802.830652791465,2898.0,25.0,7.0,147.0,57.0,20.0,11.0,169.0,34.0,2.0,0.0,0.0,0.0
238,47,4,3083.0,2975.0,635.0,0.0,751.0,5645.0,434.44310930565814,20617.151999999976,21051.595109305636,2898.0,25.0,7.0,147.0,57.0,20.0,11.0,169.0,34.0,2.0,0.0,0.0,0.0
238,48,5,3094.0,3019.0,623.0,0.0,769.0,5645.0,397.94835348798716,21458.297599999984,21856.24595348797,2898.0,25.0,7.0,147.0,57.0,20.0,11.0,169.0,34.0,2.0,0.0,0.0,0.0
238,49,5,3028.0,2947.0,606.0,0.0,744.0,5645.0,761.0972182403007,20597.713199999984,21358.810418240282,2898.0,25.0,7.0,147.0,57.0,20.0,11.0,169.0,34.0,2.0,0.0,0.0,0.0
238,50,5,3135.0,2974.0,676.0,0.0,750.0,5645.0,763.24017213601,19991.102399999978,20754.342572135993,2898.0,25.0,7.0,147.0,57.0,20.0,11.0,169.0,34.0,2.0,0.0,0.0,0.0
238,51,5,3104.0,3023.0,663.0,0.0,797.0,5645.0,1043.7743488888225,21255.626399999972,22299.400748888795,2898.0,25.0,7.0,147.0,57.0,20.0,11.0,169.0,34.0,2.0,0.0,0.0,0.0
238,52,5,3086.0,2889.0,701.0,0.0,732.0,5645.0,925.14330704093,20209.538399999987,21134.681707040916,2898.0,25.0,7.0,147.0,57.0,20.0,11.0,169.0,34.0,2.0,0.0,0.0,0.0
238,53,5,3033.0,2972.0,647.0,0.0,762.0,5645.0,599.0712053559068,22150.813199999982,22749.88440535589,2898.0,25.0,7.0,147.0,57.0,20.0,11.0,169.0,34.0,2.0,0.0,0.0,0.0
238,54,5,3096.0,2997.0,678.0,0.0,756.0,5645.0,761.972866756329,20375.402799999985,21137.375666756314,2898.0,25.0,7.0,147.0,57.0,20.0,11.0,169.0,34.0,2.0,0.0,0.0,0.0
238,55,5,3089.0,2941.0,674.0,0.0,726.0,5645.0,514.298382582665,19132.05439999999,19646.352782582657,2898.0,25.0,7.0,147.0,57.0,20.0,11.0,169.0,34.0,2.0,0.0,0.0,0.0
238,56,5,3078.0,2928.0,690.0,0.0,788.0,5645.0,679.8857606329088,22190.425599999995,22870.3113606329,2898.0,25.0,7.0,147.0,57.0,20.0,11.0,169.0,34.0,2.0,0.0,0.0,0.0
238,57,5,3129.0,3005.0,696.0,0.0,823.0,5645.0,640.8581502068578,21226.83559999999,21867.693750206847,2898.0,25.0,7.0,147.0,57.0,20.0,11.0,169.0,34.0,2.0,0.0,0.0,0.0
238,58,5,3083.0,2954.0,655.0,0.0,769.0,5645.0,1087.550820119405,19377.343999999975,20464.894820119385,2898.0,25.0,7.0,147.0,57.0,20.0,11.0,169.0,34.0,2.0,0.0,0.0,0.0
238,59,5,3120.0,2957.0,694.0,0.0,743.0,5645.0,558.7336179675228,20335.723599999976,20894.4572179675,2898.0,25.0,7.0,147.0,57.0,20.0,11.0,169.0,34.0,2.0,0.0,0.0,0.0
238,60,6,3084.0,2974.0,678.0,0.0,776.0,5645.0,761.8967846237083,19566.65519999999,20328.5519846237,2898.0,25.0,7.0,147.0,57.0,20.0,11.0,169.0,34.0,2.0,0.0,0.0,0.0
238,61,6,3126.0,2967.0,687.0,0.0,762.0,5645.0,759.9133832843195,19089.168799999978,19849.082183284303,2898.0,25.0,7.0,147.0,57.0,20.0,11.0,169.0,34.0,2.0,0.0,0.0,0.0
238,62,6,3061.0,2948.0,670.0,0.0,757.0,5645.0,803.2403013527179,20914.74599999999,21717.986301352707,2898.0,25.0,7.0,147.0,57.0,20.0,11.0,169.0,34.0,2.0,0.0,0.0,0.0
238,63,6,3095.0,2972.0,601.0,0.0,735.0,5645.0,843.0716341783763,21146.942799999986,21990.014434178363,2898.0,25.0,7.0,147.0,57.0,20.0,11.0,169.0,34.0,2.0,0.0,0.0,0.0
238,64,6,3064.0,2974.0,651.0,0.0,753.0,5645.0,721.7782844035892,19892.171599999976,20613.949884403566,2898.0,25.0,7.0,147.0,57.0,20.0,11.0,169.0,34.0,2.0,0.0,0.0,0.0
238,65,6,3092.0,2964.0,653.0,0.0,803.0,5645.0,436.8019989419448,21764.642399999982,22201.44439894193,2898.0,25.0,7.0,147.0,57.0,20.0,11.0,169.0,34.0,2.0,0.0,0.0,0.0
238,66,6,3079.0,2896.0,699.0,0.0,726.0,5645.0,923.2993931546606,20547.412799999973,21470.712193154635,2898.0,25.0,7.0,147.0,57.0,20.0,11.0,169.0,34.0,2.0,0.0,0.0,0.0
238,67,6,3055.0,2938.0,705.0,0.0,833.0,5645.0,599.1086537439895,19703.39479999999,20302.50345374398,2898.0,25.0,7.0,147.0,57.0,20.0,11.0,169.0,34.0,2.0,0.0,0.0,0.0
238,68,6,3081.0,2957.0,661.0,0.0,795.0,5645.0,640.5499558056584,20922.227599999984,21562.77755580564,2898.0,25.0,7.0,147.0,57.0,20.0,11.0,169.0,34.0,2.0,0.0,0.0,0.0
238,69,6,3109.0,2962.0,635.0,0.0,738.0,5645.0,516.6925053340485,20364.64799999999,20881.34050533404,2898.0,25.0,7.0,147.0,57.0,20.0,11.0,169.0,34.0,2.0,0.0,0.0,0.0
238,70,6,3125.0,3018.0,675.0,0.0,812.0,5645.0,272.9956401457281,19626.04039999998,19899.03604014571,2898.0,25.0,7.0,147.0,57.0,20.0,11.0,169.0,34.0,2.0,0.0,0.0,0.0
238,71,6,3138.0,2952.0,669.0,0.0,792.0,5645.0,558.9484932970915,21718.550399999982,22277.498893297074,2898.0,25.0,7.0,147.0,57.0,20.0,11.0,169.0,34.0,2.0,0.0,0.0,0.0
238,72,7,3048.0,2924.0,659.0,0.0,759.0,5645.0,1004.4992700794659,20295.042399999977,21299.541670079445,2898.0,25.0,7.0,147.0,57.0,20.0,11.0,169.0,34.0,2.0,0.0,0.0,0.0
238,73,7,3117.0,2999.0,625.0,0.0,719.0,5645.0,394.4038421599282,20282.68439999998,20677.088242159905,2898.0,25.0,7.0,147.0,57.0,20.0,11.0,169.0,34.0,2.0,0.0,0.0,0.0
238,74,7,3123.0,2984.0,660.0,0.0,763.0,5645.0,515.2136967365112,18883.29119999998,19398.504896736493,2898.0,25.0,7.0,147.0,57.0,20.0,11.0,169.0,34.0,2.0,0.0,0.0,0.0
238,75,7,3117.0,2953.0,692.0,0.0,780.0,5645.0,641.0357611543425,22106.524799999963,22747.560561154303,2898.0,25.0,7.0,147.0,57.0,20.0,11.0,169.0,34.0,2.0,0.0,0.0,0.0
238,76,7,3153.0,3012.0,656.0,0.0,714.0,5645.0,802.7878217194225,21587.889599999973,22390.677421719396,2898.0,25.0,7.0,147.0,57.0,20.0,11.0,169.0,34.0,2.0,0.0,0.0,0.0
238,77,7,3079.0,2969.0,674.0,0.0,775.0,5645.0,801.1323099479871,20329.77839999998,21130.910709947973,2898.0,25.0,7.0,147.0,57.0,20.0,11.0,169.0,34.0,2.0,0.0,0.0,0.0
238,78,7,3160.0,3025.0,671.0,0.0,789.0,5645.0,639.0939743087858,21541.463599999974,22180.55757430876,2898.0,25.0,7.0,147.0,57.0,20.0,11.0,169.0,34.0,2.0,0.0,0.0,0.0
238,79,7,3140.0,3051.0,694.0,0.0,788.0,5645.0,801.8340357864959,19574.270399999994,20376.10443578649,2898.0,25.0,7.0,147.0,57.0,20.0,11.0,169.0,34.0,2.0,0.0,0.0,0.0
238,80,7,3127.0,2950.0,679.0,0.0,726.0,5645.0,843.6625122667685,19742.940399999985,20586.602912266753,2898.0,25.0,7.0,147.0,57.0,20.0,11.0,169.0,34.0,2.0,0.0,0.0,0.0
238,81,7,3034.0,2930.0,673.0,0.0,787.0,5645.0,558.1707450107305,20073.73399999999,20631.90474501072,2898.0,25.0,7.0,147.0,57.0,20.0,11.0,169.0,34.0,2.0,0.0,0.0,0.0
238,82,7,3072.0,2947.0,662.0,0.0,813.0,5645.0,396.4015263700886,19616.220799999992,20012.62232637008,2898.0,25.0,7.0,147.0,57.0,20.0,11.0,169.0,34.0,2.0,0.0,0.0,0.0
238,83,7,3114.0,2948.0,666.0,0.0,805.0,5645.0,967.8793265639179,18657.106399999982,19624.9857265639,2898.0,25.0,7.0,147.0,57.0,20.0,11.0,169.0,34.0,2.0,0.0,0.0,0.0
238,84,8,2982.0,2927.0,656.0,0.0,813.0,5645.0,640.0809720586241,20761.974399999985,21402.055372058607,2898.0,25.0,7.0,147.0,57.0,20.0,11.0,169.0,34.0,2.0,0.0,0.0,0.0
238,85,8,3091.0,2933.0,697.0,0.0,720.0,5645.0,759.2113420820463,20148.750399999983,20907.961742082025,2898.0,25.0,7.0,147.0,57.0,20.0,11.0,169.0,34.0,2.0,0.0,0.0,0.0
238,86,8,3119.0,2978.0,669.0,0.0,755.0,5645.0,921.4979341545993,19686.093599999986,20607.591534154584,2898.0,25.0,7.0,147.0,57.0,20.0,11.0,169.0,34.0,2.0,0.0,0.0,0.0
238,87,8,3048.0,2938.0,663.0,0.0,757.0,5645.0,721.0959175291397,19536.39479999998,20257.490717529123,2898.0,25.0,7.0,147.0,57.0,20.0,11.0,169.0,34.0,2.0,0.0,0.0,0.0
238,88,8,3081.0,2938.0,693.0,0.0,770.0,5645.0,921.1577157118043,21726.09879999997,22647.25651571177,2898.0,25.0,7.0,147.0,57.0,20.0,11.0,169.0,34.0,2.0,0.0,0.0,0.0
238,89,8,3136.0,2952.0,690.0,0.0,793.0,5645.0,882.7061817852706,18004.603999999992,18887.31018178526,2898.0,25.0,7.0,147.0,57.0,20.0,11.0,169.0,34.0,2.0,0.0,0.0,0.0
238,90,8,3031.0,2889.0,669.0,0.0,704.0,5645.0,518.7969999941738,21055.426799999976,21574.22379999415,2898.0,25.0,7.0,147.0,57.0,20.0,11.0,169.0,34.0,2.0,0.0,0.0,0.0
238,91,8,3066.0,2969.0,641.0,0.0,798.0,5645.0,1046.3281229468453,19807.402399999977,20853.730522946822,2898.0,25.0,7.0,147.0,57.0,20.0,11.0,169.0,34.0,2.0,0.0,0.0,0.0
238,92,8,3031.0,2970.0,619.0,0.0,769.0,5645.0,1084.735910317829,18432.257599999986,19516.993510317818,2898.0,25.0,7.0,147.0,57.0,20.0,11.0,169.0,34.0,2.0,0.0,0.0,0.0
238,93,8,3100.0,2934.0,670.0,0.0,786.0,5645.0,639.4127518721184,19757.36919999999,20396.781951872108,2898.0,25.0,7.0,147.0,57.0,20.0,11.0,169.0,34.0,2.0,0.0,0.0,0.0
238,94,8,3072.0,2958.0,645.0,0.0,756.0,5645.0,435.3668837187249,20311.141199999984,20746.50808371871,2898.0,25.0,7.0,147.0,57.0,20.0,11.0,169.0,34.0,2.0,0.0,0.0,0.0
238,95,8,3092.0,2984.0,637.0,0.0,710.0,5645.0,680.2739448044449,22165.10839999997,22845.38234480441,2898.0,25.0,7.0,147.0,57.0,20.0,11.0,169.0,34.0,2.0,0.0,0.0,0.0
238,96,9,3110.0,2978.0,679.0,0.0,755.0,5645.0,557.8829355167442,19876.072799999987,20433.95573551673,2898.0,25.0,7.0,147.0,57.0,20.0,11.0,169.0,34.0,2.0,0.0,0.0,0.0
238,97,9,3110.0,2974.0,691.0,0.0,740.0,5645.0,516.7594832622628,18831.52119999998,19348.280683262245,2898.0,25.0,7.0,147.0,57.0,20.0,11.0,169.0,34.0,2.0,0.0,0.0,0.0
238,98,9,3144.0,3026.0,666.0,0.0,775.0,5645.0,883.1004030436538,21110.40319999998,21993.503603043635,2898.0,25.0,7.0,147.0,57.0,20.0,11.0,169.0,34.0,2.0,0.0,0.0,0.0
238,99,9,3116.0,2972.0,670.0,0.0,718.0,5645.0,477.0565879483836,20237.661199999977,20714.717787948357,2898.0,25.0,7.0,147.0,57.0,20.0,11.0,169.0,34.0,2.0,0.0,0.0,0.0
238,100,9,3141.0,2993.0,685.0,0.0,797.0,5645.0,516.9503748458131,20053.226399999974,20570.176774845786,2898.0,25.0,7.0,147.0,57.0,20.0,11.0,169.0,34.0,2.0,0.0,0.0,0.0
238,101,9,3160.0,3007.0,678.0,0.0,786.0,5645.0,719.6989324383646,21424.22959999999,22143.928532438356,2898.0,25.0,7.0,147.0,57.0,20.0,11.0,169.0,34.0,2.0,0.0,0.0,0.0
238,102,9,3044.0,2976.0,666.0,0.0,775.0,5645.0,435.66593568974247,21197.309999999976,21632.97593568972,2898.0,25.0,7.0,147.0,57.0,20.0,11.0,169.0,34.0,2.0,0.0,0.0,0.0
238,103,9,3023.0,2947.0,619.0,0.0,715.0,5645.0,679.9682176040781,19507.06959999998,20187.037817604058,2898.0,25.0,7.0,147.0,57.0,20.0,11.0,169.0,34.0,2.0,0.0,0.0,0.0
238,104,9,3115.0,3002.0,653.0,0.0,751.0,5645.0,599.1510296470794,19870.52839999998,20469.679429647058,2898.0,25.0,7.0,147.0,57.0,20.0,11.0,169.0,34.0,2.0,0.0,0.0,0.0
238,105,9,3054.0,2961.0,639.0,0.0,765.0,5645.0,760.3939366660358,22978.46519999997,23738.85913666601,2898.0,25.0,7.0,147.0,57.0,20.0,11.0,169.0,34.0,2.0,0.0,0.0,0.0
238,106,9,3071.0,2948.0,685.0,0.0,789.0,5645.0,802.6979958878841,21416.88159999999,22219.579595887873,2898.0,25.0,7.0,147.0,57.0,20.0,11.0,169.0,34.0,2.0,0.0,0.0,0.0
238,107,9,3096.0,2934.0,665.0,0.0,793.0,5645.0,882.2770377671239,19753.027199999968,20635.304237767094,2898.0,25.0,7.0,147.0,57.0,20.0,11.0,169.0,34.0,2.0,0.0,0.0,0.0
238,108,10,3130.0,3017.0,658.0,0.0,806.0,5645.0,394.2541013716436,20535.923199999983,20930.177301371627,2898.0,25.0,7.0,147.0,57.0,20.0,11.0,169.0,34.0,2.0,0.0,0.0,0.0
238,109,10,3142.0,2957.0,665.0,0.0,819.0,5645.0,926.0215622191834,19126.64359999998,20052.665162219164,2898.0,25.0,7.0,147.0,57.0,20.0,11.0,169.0,34.0,2.0,0.0,0.0,0.0
238,110,10,3155.0,2973.0,674.0,0.0,776.0,5645.0,476.56258526383374,20514.21319999999,20990.775785263824,2898.0,25.0,7.0,147.0,57.0,20.0,11.0,169.0,34.0,2.0,0.0,0.0,0.0
238,111,10,3039.0,2968.0,665.0,0.0,783.0,5645.0,640.2801902798533,21139.127199999977,21779.40739027983,2898.0,25.0,7.0,147.0,57.0,20.0,11.0,169.0,34.0,2.0,0.0,0.0,0.0
238,112,10,3083.0,2940.0,708.0,0.0,810.0,5645.0,841.6980966604664,20328.64279999999,21170.34089666046,2898.0,25.0,7.0,147.0,57.0,20.0,11.0,169.0,34.0,2.0,0.0,0.0,0.0
238,113,10,3085.0,2987.0,618.0,0.0,747.0,5645.0,721.4687145607713,20515.14839999998,21236.61711456075,2898.0,25.0,7.0,147.0,57.0,20.0,11.0,169.0,34.0,2.0,0.0,0.0,0.0
238,114,10,3026.0,2940.0,666.0,0.0,770.0,5645.0,638.7966147457499,19512.547199999986,20151.343814745742,2898.0,25.0,7.0,147.0,57.0,20.0,11.0,169.0,34.0,2.0,0.0,0.0,0.0
238,115,10,3089.0,2930.0,680.0,0.0,706.0,5645.0,641.2079419027223,20683.617999999973,21324.825941902698,2898.0,25.0,7.0,147.0,57.0,20.0,11.0,169.0,34.0,2.0,0.0,0.0,0.0
238,116,10,3141.0,2945.0,688.0,0.0,775.0,5645.0,1084.1575745799769,20439.12999999999,21523.287574579965,2898.0,25.0,7.0,147.0,57.0,20.0,11.0,169.0,34.0,2.0,0.0,0.0,0.0
238,117,10,3182.0,3029.0,683.0,0.0,758.0,5645.0,677.5349859286732,17075.015199999994,17752.550185928667,2898.0,25.0,7.0,147.0,57.0,20.0,11.0,169.0,34.0,2.0,0.0,0.0,0.0
238,118,10,3094.0,2982.0,684.0,0.0,782.0,5645.0,638.6637240590426,19856.70079999998,20495.364524059023,2898.0,25.0,7.0,147.0,57.0,20.0,11.0,169.0,34.0,2.0,0.0,0.0,0.0
238,119,10,3145.0,3033.0,682.0,0.0,776.0,5645.0,601.100868554245,20040.801599999977,20641.902468554224,2898.0,25.0,7.0,147.0,57.0,20.0,11.0,169.0,34.0,2.0,0.0,0.0,0.0
239,0,1,3187.0,3077.0,644.0,0.0,777.0,5645.0,564.3520916521566,22501.71359999998,23066.06569165214,2898.0,25.0,7.0,147.0,57.0,20.0,11.0,169.0,34.0,2.0,0.0,0.0,0.0
239,1,1,3250.0,3040.0,696.0,0.0,745.0,5645.0,725.1805515008069,21451.350399999985,22176.53095150079,2898.0,25.0,7.0,147.0,57.0,20.0,11.0,169.0,34.0,2.0,0.0,0.0,0.0
239,2,1,3219.0,3041.0,637.0,0.0,718.0,5645.0,240.12237897213748,22295.167999999976,22535.29037897211,2898.0,25.0,7.0,147.0,57.0,20.0,11.0,169.0,34.0,2.0,0.0,0.0,0.0
239,3,1,3256.0,3086.0,629.0,0.0,754.0,5645.0,321.93060519344067,20728.841599999985,21050.772205193425,2898.0,25.0,7.0,147.0,57.0,20.0,11.0,169.0,34.0,2.0,0.0,0.0,0.0
239,4,1,3214.0,3120.0,628.0,0.0,773.0,5645.0,320.02241261244893,22392.896399999987,22712.918812612435,2898.0,25.0,7.0,147.0,57.0,20.0,11.0,169.0,34.0,2.0,0.0,0.0,0.0
239,5,1,3151.0,3006.0,643.0,0.0,749.0,5645.0,399.94231684250667,21165.579999999973,21565.522316842478,2898.0,25.0,7.0,147.0,57.0,20.0,11.0,169.0,34.0,2.0,0.0,0.0,0.0
239,6,1,3193.0,2990.0,684.0,0.0,749.0,5645.0,565.0696095146598,23821.414399999972,24386.484009514632,2898.0,25.0,7.0,147.0,57.0,20.0,11.0,169.0,34.0,2.0,0.0,0.0,0.0
239,7,1,3213.0,3059.0,622.0,0.0,742.0,5645.0,444.1052129221524,22583.009199999975,23027.11441292213,2898.0,25.0,7.0,147.0,57.0,20.0,11.0,169.0,34.0,2.0,0.0,0.0,0.0
239,8,1,3245.0,3094.0,644.0,0.0,794.0,5645.0,441.058411039581,22735.713999999978,23176.772411039554,2898.0,25.0,7.0,147.0,57.0,20.0,11.0,169.0,34.0,2.0,0.0,0.0,0.0
239,9,1,3281.0,3025.0,731.0,0.0,758.0,5645.0,362.13000660403225,21191.164399999983,21553.294406604015,2898.0,25.0,7.0,147.0,57.0,20.0,11.0,169.0,34.0,2.0,0.0,0.0,0.0
239,10,1,3256.0,3104.0,631.0,0.0,797.0,5645.0,482.4409090933063,22154.28679999998,22636.727709093284,2898.0,25.0,7.0,147.0,57.0,20.0,11.0,169.0,34.0,2.0,0.0,0.0,0.0
239,11,1,3281.0,3038.0,668.0,0.0,749.0,5645.0,480.34968889276115,21059.90239999998,21540.252088892747,2898.0,25.0,7.0,147.0,57.0,20.0,11.0,169.0,34.0,2.0,0.0,0.0,0.0
239,12,2,3182.0,3064.0,646.0,0.0,764.0,5645.0,442.43685383387606,21957.82799999998,22400.264853833854,2898.0,25.0,7.0,147.0,57.0,20.0,11.0,169.0,34.0,2.0,0.0,0.0,0.0
239,13,2,3263.0,3141.0,636.0,0.0,809.0,5645.0,399.1775560934588,22522.15439999999,22921.331956093447,2898.0,25.0,7.0,147.0,57.0,20.0,11.0,169.0,34.0,2.0,0.0,0.0,0.0
239,14,2,3239.0,3076.0,655.0,0.0,716.0,5645.0,645.2324099689382,21657.36159999998,22302.594009968918,2898.0,25.0,7.0,147.0,57.0,20.0,11.0,169.0,34.0,2.0,0.0,0.0,0.0
239,15,2,3226.0,3010.0,672.0,0.0,756.0,5645.0,524.3710348529614,22050.21239999999,22574.58343485295,2898.0,25.0,7.0,147.0,57.0,20.0,11.0,169.0,34.0,2.0,0.0,0.0,0.0
239,16,2,3197.0,3077.0,634.0,0.0,767.0,5645.0,446.37220563468856,22895.165599999986,23341.537805634674,2898.0,25.0,7.0,147.0,57.0,20.0,11.0,169.0,34.0,2.0,0.0,0.0,0.0
239,17,2,3201.0,3046.0,688.0,0.0,736.0,5645.0,482.9772049251094,21591.49679999998,22074.47400492509,2898.0,25.0,7.0,147.0,57.0,20.0,11.0,169.0,34.0,2.0,0.0,0.0,0.0
239,18,2,3318.0,3096.0,702.0,0.0,752.0,5645.0,521.6933223168688,21301.384399999984,21823.077722316848,2898.0,25.0,7.0,147.0,57.0,20.0,11.0,169.0,34.0,2.0,0.0,0.0,0.0
239,19,2,3295.0,3101.0,688.0,0.0,772.0,5645.0,359.809488570658,22370.050799999975,22729.860288570635,2898.0,25.0,7.0,147.0,57.0,20.0,11.0,169.0,34.0,2.0,0.0,0.0,0.0
239,20,2,3264.0,3114.0,637.0,0.0,795.0,5645.0,767.379576114992,22340.792399999984,23108.171976114976,2898.0,25.0,7.0,147.0,57.0,20.0,11.0,169.0,34.0,2.0,0.0,0.0,0.0
239,21,2,3304.0,3082.0,704.0,0.0,797.0,5645.0,522.0131179247223,21690.29399999998,22212.3071179247,2898.0,25.0,7.0,147.0,57.0,20.0,11.0,169.0,34.0,2.0,0.0,0.0,0.0
239,22,2,3188.0,2960.0,664.0,0.0,731.0,5645.0,646.0781699768692,21546.740799999985,22192.818969976855,2898.0,25.0,7.0,147.0,57.0,20.0,11.0,169.0,34.0,2.0,0.0,0.0,0.0
239,23,2,3265.0,3156.0,637.0,0.0,730.0,5645.0,606.4220879182964,21241.331199999975,21847.753287918273,2898.0,25.0,7.0,147.0,57.0,20.0,11.0,169.0,34.0,2.0,0.0,0.0,0.0
239,24,3,3232.0,3112.0,673.0,0.0,780.0,5645.0,443.3146128293852,20818.086399999986,21261.401012829374,2898.0,25.0,7.0,147.0,57.0,20.0,11.0,169.0,34.0,2.0,0.0,0.0,0.0
239,25,3,3253.0,3085.0,685.0,0.0,765.0,5645.0,523.2730065151545,20963.376399999983,21486.64940651514,2898.0,25.0,7.0,147.0,57.0,20.0,11.0,169.0,34.0,2.0,0.0,0.0,0.0
239,26,3,3225.0,3088.0,679.0,0.0,777.0,5645.0,728.3224873468174,21780.941599999984,22509.2640873468,2898.0,25.0,7.0,147.0,57.0,20.0,11.0,169.0,34.0,2.0,0.0,0.0,0.0
239,27,3,3280.0,3097.0,660.0,0.0,779.0,5645.0,563.579288471027,21596.840799999984,22160.42008847101,2898.0,25.0,7.0,147.0,57.0,20.0,11.0,169.0,34.0,2.0,0.0,0.0,0.0
239,28,3,3201.0,3053.0,656.0,0.0,756.0,5645.0,685.9050831014828,22009.597999999976,22695.503083101463,2898.0,25.0,7.0,147.0,57.0,20.0,11.0,169.0,34.0,2.0,0.0,0.0,0.0
239,29,3,3279.0,3136.0,682.0,0.0,793.0,5645.0,201.81318305580294,21994.835199999987,22196.648383055785,2898.0,25.0,7.0,147.0,57.0,20.0,11.0,169.0,34.0,2.0,0.0,0.0,0.0
239,30,3,3256.0,3074.0,654.0,0.0,785.0,5645.0,362.0784018292684,22444.799999999985,22806.878401829254,2898.0,25.0,7.0,147.0,57.0,20.0,11.0,169.0,34.0,2.0,0.0,0.0,0.0
239,31,3,3253.0,3045.0,672.0,0.0,786.0,5645.0,605.2694187495907,19933.119999999977,20538.389418749564,2898.0,25.0,7.0,147.0,57.0,20.0,11.0,169.0,34.0,2.0,0.0,0.0,0.0
239,32,3,3275.0,3085.0,637.0,0.0,751.0,5645.0,725.5105916564099,22172.055599999978,22897.566191656384,2898.0,25.0,7.0,147.0,57.0,20.0,11.0,169.0,34.0,2.0,0.0,0.0,0.0
239,33,3,3222.0,3093.0,669.0,0.0,789.0,5645.0,646.7325074830408,22323.09039999997,22969.822907483005,2898.0,25.0,7.0,147.0,57.0,20.0,11.0,169.0,34.0,2.0,0.0,0.0,0.0
239,34,3,3253.0,2999.0,647.0,0.0,746.0,5645.0,481.87496449298527,20969.388399999996,21451.26336449298,2898.0,25.0,7.0,147.0,57.0,20.0,11.0,169.0,34.0,2.0,0.0,0.0,0.0
239,35,3,3288.0,3152.0,649.0,0.0,764.0,5645.0,521.91696743758,22548.406799999986,23070.32376743757,2898.0,25.0,7.0,147.0,57.0,20.0,11.0,169.0,34.0,2.0,0.0,0.0,0.0
239,36,4,3254.0,3034.0,670.0,0.0,730.0,5645.0,398.7681544940279,20083.954399999988,20482.722554494012,2898.0,25.0,7.0,147.0,57.0,20.0,11.0,169.0,34.0,2.0,0.0,0.0,0.0
239,37,4,3220.0,3080.0,649.0,0.0,772.0,5645.0,686.6509965107209,21699.111599999975,22385.7625965107,2898.0,25.0,7.0,147.0,57.0,20.0,11.0,169.0,34.0,2.0,0.0,0.0,0.0
239,38,4,3206.0,3021.0,655.0,0.0,758.0,5645.0,483.3710461674747,21094.90559999999,21578.27664616747,2898.0,25.0,7.0,147.0,57.0,20.0,11.0,169.0,34.0,2.0,0.0,0.0,0.0
239,39,4,3204.0,3069.0,652.0,0.0,803.0,5645.0,443.7659626890554,20020.761599999998,20464.527562689054,2898.0,25.0,7.0,147.0,57.0,20.0,11.0,169.0,34.0,2.0,0.0,0.0,0.0
239,40,4,3277.0,3098.0,668.0,0.0,793.0,5645.0,441.51946477740904,21386.82159999999,21828.3410647774,2898.0,25.0,7.0,147.0,57.0,20.0,11.0,169.0,34.0,2.0,0.0,0.0,0.0
239,41,4,3274.0,3105.0,642.0,0.0,764.0,5645.0,564.7304176746203,22081.207599999972,22645.938017674594,2898.0,25.0,7.0,147.0,57.0,20.0,11.0,169.0,34.0,2.0,0.0,0.0,0.0
239,42,4,3183.0,3036.0,640.0,0.0,786.0,5645.0,241.09140908609632,20892.969199999985,21134.060609086082,2898.0,25.0,7.0,147.0,57.0,20.0,11.0,169.0,34.0,2.0,0.0,0.0,0.0
239,43,4,3278.0,3110.0,642.0,0.0,774.0,5645.0,686.5462098534789,22261.166799999977,22947.713009853454,2898.0,25.0,7.0,147.0,57.0,20.0,11.0,169.0,34.0,2.0,0.0,0.0,0.0
239,44,4,3237.0,3001.0,653.0,0.0,798.0,5645.0,645.963376219675,22667.845199999974,23313.808576219646,2898.0,25.0,7.0,147.0,57.0,20.0,11.0,169.0,34.0,2.0,0.0,0.0,0.0
239,45,4,3245.0,3025.0,672.0,0.0,768.0,5645.0,524.7820476359216,21856.492399999977,22381.2744476359,2898.0,25.0,7.0,147.0,57.0,20.0,11.0,169.0,34.0,2.0,0.0,0.0,0.0
239,46,4,3234.0,3069.0,636.0,0.0,753.0,5645.0,399.520788003674,22140.12519999997,22539.645988003645,2898.0,25.0,7.0,147.0,57.0,20.0,11.0,169.0,34.0,2.0,0.0,0.0,0.0
239,47,4,3266.0,3136.0,613.0,0.0,756.0,5645.0,405.05843102823144,22807.99159999998,23213.050031028215,2898.0,25.0,7.0,147.0,57.0,20.0,11.0,169.0,34.0,2.0,0.0,0.0,0.0
239,48,5,3209.0,3052.0,614.0,0.0,744.0,5645.0,444.79635436209,21545.872399999975,21990.668754362065,2898.0,25.0,7.0,147.0,57.0,20.0,11.0,169.0,34.0,2.0,0.0,0.0,0.0
239,49,5,3283.0,3063.0,680.0,0.0,758.0,5645.0,402.301814817561,21689.024799999985,22091.326614817546,2898.0,25.0,7.0,147.0,57.0,20.0,11.0,169.0,34.0,2.0,0.0,0.0,0.0
239,50,5,3266.0,3119.0,666.0,0.0,829.0,5645.0,725.4018970074079,23038.919199999968,23764.321097007378,2898.0,25.0,7.0,147.0,57.0,20.0,11.0,169.0,34.0,2.0,0.0,0.0,0.0
239,51,5,3235.0,2984.0,717.0,0.0,740.0,5645.0,607.800068811246,21962.971599999997,22570.77166881124,2898.0,25.0,7.0,147.0,57.0,20.0,11.0,169.0,34.0,2.0,0.0,0.0,0.0
239,52,5,3224.0,3057.0,689.0,0.0,810.0,5645.0,361.321970122116,23669.978799999986,24031.3007701221,2898.0,25.0,7.0,147.0,57.0,20.0,11.0,169.0,34.0,2.0,0.0,0.0,0.0
239,53,5,3244.0,3109.0,666.0,0.0,741.0,5645.0,769.0676809975364,21137.05639999998,21906.124080997513,2898.0,25.0,7.0,147.0,57.0,20.0,11.0,169.0,34.0,2.0,0.0,0.0,0.0
239,54,5,3231.0,3056.0,653.0,0.0,699.0,5645.0,319.07514020737705,20232.04999999999,20551.12514020737,2898.0,25.0,7.0,147.0,57.0,20.0,11.0,169.0,34.0,2.0,0.0,0.0,0.0
239,55,5,3238.0,3026.0,678.0,0.0,752.0,5645.0,401.4055410279881,23882.40279999999,24283.808341027976,2898.0,25.0,7.0,147.0,57.0,20.0,11.0,169.0,34.0,2.0,0.0,0.0,0.0
239,56,5,3275.0,3088.0,718.0,0.0,821.0,5645.0,647.2096522755703,21515.41159999999,22162.621252275556,2898.0,25.0,7.0,147.0,57.0,20.0,11.0,169.0,34.0,2.0,0.0,0.0,0.0
239,57,5,3261.0,3057.0,663.0,0.0,768.0,5645.0,728.9275818048775,20946.54279999998,21675.47038180486,2898.0,25.0,7.0,147.0,57.0,20.0,11.0,169.0,34.0,2.0,0.0,0.0,0.0
239,58,5,3288.0,3081.0,687.0,0.0,761.0,5645.0,444.57761956905466,20834.519199999995,21279.09681956905,2898.0,25.0,7.0,147.0,57.0,20.0,11.0,169.0,34.0,2.0,0.0,0.0,0.0
239,59,5,3255.0,3113.0,648.0,0.0,767.0,5645.0,442.8957856845302,21449.212799999987,21892.108585684517,2898.0,25.0,7.0,147.0,57.0,20.0,11.0,169.0,34.0,2.0,0.0,0.0,0.0
239,60,6,3283.0,3068.0,693.0,0.0,758.0,5645.0,524.2350875122071,20319.02359999998,20843.25868751219,2898.0,25.0,7.0,147.0,57.0,20.0,11.0,169.0,34.0,2.0,0.0,0.0,0.0
239,61,6,3240.0,3063.0,672.0,0.0,759.0,5645.0,768.2864241231225,22716.809599999982,23485.096024123104,2898.0,25.0,7.0,147.0,57.0,20.0,11.0,169.0,34.0,2.0,0.0,0.0,0.0
239,62,6,3259.0,3052.0,633.0,0.0,697.0,5645.0,807.4034292449215,21111.271599999982,21918.675029244907,2898.0,25.0,7.0,147.0,57.0,20.0,11.0,169.0,34.0,2.0,0.0,0.0,0.0
239,63,6,3215.0,3091.0,636.0,0.0,727.0,5645.0,442.00442566703225,21764.909599999966,22206.914025667,2898.0,25.0,7.0,147.0,57.0,20.0,11.0,169.0,34.0,2.0,0.0,0.0,0.0
239,64,6,3256.0,3076.0,651.0,0.0,803.0,5645.0,443.46281861043417,23280.66839999998,23724.131218610415,2898.0,25.0,7.0,147.0,57.0,20.0,11.0,169.0,34.0,2.0,0.0,0.0,0.0
239,65,6,3249.0,3000.0,706.0,0.0,737.0,5645.0,565.3515902041732,22135.916799999977,22701.268390204154,2898.0,25.0,7.0,147.0,57.0,20.0,11.0,169.0,34.0,2.0,0.0,0.0,0.0
239,66,6,3209.0,3059.0,685.0,0.0,827.0,5645.0,566.6971674782636,21647.341599999985,22214.038767478247,2898.0,25.0,7.0,147.0,57.0,20.0,11.0,169.0,34.0,2.0,0.0,0.0,0.0
239,67,6,3234.0,3050.0,662.0,0.0,806.0,5645.0,363.6455026489873,22333.04359999998,22696.689102648965,2898.0,25.0,7.0,147.0,57.0,20.0,11.0,169.0,34.0,2.0,0.0,0.0,0.0
239,68,6,3262.0,3066.0,631.0,0.0,720.0,5645.0,481.7504948817808,21714.20839999999,22195.95889488177,2898.0,25.0,7.0,147.0,57.0,20.0,11.0,169.0,34.0,2.0,0.0,0.0,0.0
239,69,6,3277.0,3120.0,670.0,0.0,785.0,5645.0,196.37212959502128,21162.84119999998,21359.213329595,2898.0,25.0,7.0,147.0,57.0,20.0,11.0,169.0,34.0,2.0,0.0,0.0,0.0
239,70,6,3297.0,3062.0,663.0,0.0,778.0,5645.0,605.2498731195489,22527.76559999998,23133.01547311953,2898.0,25.0,7.0,147.0,57.0,20.0,11.0,169.0,34.0,2.0,0.0,0.0,0.0
239,71,6,3198.0,3031.0,654.0,0.0,763.0,5645.0,929.9259313588768,21542.999999999978,22472.92593135885,2898.0,25.0,7.0,147.0,57.0,20.0,11.0,169.0,34.0,2.0,0.0,0.0,0.0
239,72,7,3273.0,3075.0,646.0,0.0,731.0,5645.0,522.4024810329189,21437.055199999988,21959.45768103291,2898.0,25.0,7.0,147.0,57.0,20.0,11.0,169.0,34.0,2.0,0.0,0.0,0.0
239,73,7,3274.0,3065.0,673.0,0.0,778.0,5645.0,358.6662453501888,19234.25839999998,19592.92464535017,2898.0,25.0,7.0,147.0,57.0,20.0,11.0,169.0,34.0,2.0,0.0,0.0,0.0
239,74,7,3264.0,3038.0,697.0,0.0,773.0,5645.0,363.91396874421434,23120.68239999997,23484.596368744184,2898.0,25.0,7.0,147.0,57.0,20.0,11.0,169.0,34.0,2.0,0.0,0.0,0.0
239,75,7,3293.0,3116.0,647.0,0.0,709.0,5645.0,483.9818199498775,22949.206799999978,23433.18861994985,2898.0,25.0,7.0,147.0,57.0,20.0,11.0,169.0,34.0,2.0,0.0,0.0,0.0
239,76,7,3232.0,3075.0,669.0,0.0,773.0,5645.0,646.8399551682645,23155.752399999976,23802.59235516824,2898.0,25.0,7.0,147.0,57.0,20.0,11.0,169.0,34.0,2.0,0.0,0.0,0.0
239,77,7,3300.0,3127.0,666.0,0.0,793.0,5645.0,320.58554265639566,23283.607599999978,23604.193142656375,2898.0,25.0,7.0,147.0,57.0,20.0,11.0,169.0,34.0,2.0,0.0,0.0,0.0
239,78,7,3284.0,3174.0,658.0,0.0,787.0,5645.0,362.87830444853876,22286.216799999973,22649.095104448512,2898.0,25.0,7.0,147.0,57.0,20.0,11.0,169.0,34.0,2.0,0.0,0.0,0.0
239,79,7,3296.0,3056.0,687.0,0.0,743.0,5645.0,687.5780299531178,22490.357599999978,23177.935629953092,2898.0,25.0,7.0,147.0,57.0,20.0,11.0,169.0,34.0,2.0,0.0,0.0,0.0
239,80,7,3212.0,3044.0,674.0,0.0,790.0,5645.0,403.0304780016565,22014.14039999999,22417.17087800164,2898.0,25.0,7.0,147.0,57.0,20.0,11.0,169.0,34.0,2.0,0.0,0.0,0.0
239,81,7,3245.0,3040.0,671.0,0.0,795.0,5645.0,401.2751326166566,20205.997999999992,20607.273132616647,2898.0,25.0,7.0,147.0,57.0,20.0,11.0,169.0,34.0,2.0,0.0,0.0,0.0
239,82,7,3262.0,3058.0,659.0,0.0,789.0,5645.0,770.3741536422767,20205.46359999998,20975.83775364226,2898.0,25.0,7.0,147.0,57.0,20.0,11.0,169.0,34.0,2.0,0.0,0.0,0.0
239,83,7,3139.0,3032.0,652.0,0.0,801.0,5645.0,280.8842502697123,22215.341999999982,22496.226250269698,2898.0,25.0,7.0,147.0,57.0,20.0,11.0,169.0,34.0,2.0,0.0,0.0,0.0
239,84,8,3235.0,3045.0,677.0,0.0,702.0,5645.0,397.9656809134613,21842.39759999998,22240.36328091344,2898.0,25.0,7.0,147.0,57.0,20.0,11.0,169.0,34.0,2.0,0.0,0.0,0.0
239,85,8,3262.0,3068.0,669.0,0.0,756.0,5645.0,603.0098947165338,20808.199999999983,21411.20989471652,2898.0,25.0,7.0,147.0,57.0,20.0,11.0,169.0,34.0,2.0,0.0,0.0,0.0
239,86,8,3212.0,3039.0,671.0,0.0,755.0,5645.0,483.82188995184504,20322.897999999983,20806.71988995183,2898.0,25.0,7.0,147.0,57.0,20.0,11.0,169.0,34.0,2.0,0.0,0.0,0.0
239,87,8,3238.0,3062.0,682.0,0.0,768.0,5645.0,441.6237525089044,21326.70159999998,21768.325352508884,2898.0,25.0,7.0,147.0,57.0,20.0,11.0,169.0,34.0,2.0,0.0,0.0,0.0
239,88,8,3291.0,3062.0,682.0,0.0,793.0,5645.0,564.4119340157821,20166.719599999982,20731.131534015763,2898.0,25.0,7.0,147.0,57.0,20.0,11.0,169.0,34.0,2.0,0.0,0.0,0.0
239,89,8,3208.0,3071.0,612.0,0.0,672.0,5645.0,319.8575476468818,22846.06759999998,23165.925147646863,2898.0,25.0,7.0,147.0,57.0,20.0,11.0,169.0,34.0,2.0,0.0,0.0,0.0
239,90,8,3241.0,3091.0,635.0,0.0,778.0,5645.0,850.1318505001407,21763.506799999977,22613.63865050012,2898.0,25.0,7.0,147.0,57.0,20.0,11.0,169.0,34.0,2.0,0.0,0.0,0.0
239,91,8,3192.0,3087.0,606.0,0.0,784.0,5645.0,482.6149482493932,21778.670399999977,22261.285348249367,2898.0,25.0,7.0,147.0,57.0,20.0,11.0,169.0,34.0,2.0,0.0,0.0,0.0
239,92,8,3261.0,3054.0,658.0,0.0,774.0,5645.0,524.3225977236907,21219.220399999984,21743.542997723674,2898.0,25.0,7.0,147.0,57.0,20.0,11.0,169.0,34.0,2.0,0.0,0.0,0.0
239,93,8,3206.0,3061.0,641.0,0.0,745.0,5645.0,360.2970337762561,22048.275199999982,22408.572233776238,2898.0,25.0,7.0,147.0,57.0,20.0,11.0,169.0,34.0,2.0,0.0,0.0,0.0
239,94,8,3265.0,3099.0,635.0,0.0,723.0,5645.0,523.1895383297349,23146.66759999997,23669.857138329706,2898.0,25.0,7.0,147.0,57.0,20.0,11.0,169.0,34.0,2.0,0.0,0.0,0.0
239,95,8,3265.0,3102.0,656.0,0.0,763.0,5645.0,319.11650431981064,22216.67799999998,22535.794504319794,2898.0,25.0,7.0,147.0,57.0,20.0,11.0,169.0,34.0,2.0,0.0,0.0,0.0
239,96,9,3264.0,3071.0,702.0,0.0,748.0,5645.0,358.2855211199797,20862.708799999975,21220.994321119953,2898.0,25.0,7.0,147.0,57.0,20.0,11.0,169.0,34.0,2.0,0.0,0.0,0.0
239,97,9,3322.0,3106.0,676.0,0.0,801.0,5645.0,442.91190153509143,22402.18159999998,22845.09350153507,2898.0,25.0,7.0,147.0,57.0,20.0,11.0,169.0,34.0,2.0,0.0,0.0,0.0
239,98,9,3261.0,3070.0,668.0,0.0,710.0,5645.0,442.8591654917653,21826.69959999997,22269.558765491736,2898.0,25.0,7.0,147.0,57.0,20.0,11.0,169.0,34.0,2.0,0.0,0.0,0.0
239,99,9,3293.0,3107.0,658.0,0.0,758.0,5645.0,563.5379163098386,21749.077999999965,22312.615916309805,2898.0,25.0,7.0,147.0,57.0,20.0,11.0,169.0,34.0,2.0,0.0,0.0,0.0
239,100,9,3328.0,3107.0,684.0,0.0,768.0,5645.0,601.5377225638076,23465.637599999987,24067.175322563795,2898.0,25.0,7.0,147.0,57.0,20.0,11.0,169.0,34.0,2.0,0.0,0.0,0.0
239,101,9,3204.0,3089.0,646.0,0.0,772.0,5645.0,320.0934123863824,22805.31959999998,23125.41301238636,2898.0,25.0,7.0,147.0,57.0,20.0,11.0,169.0,34.0,2.0,0.0,0.0,0.0
239,102,9,3197.0,3041.0,627.0,0.0,715.0,5645.0,361.41292533846206,21759.164799999977,22120.577725338437,2898.0,25.0,7.0,147.0,57.0,20.0,11.0,169.0,34.0,2.0,0.0,0.0,0.0
239,103,9,3280.0,3113.0,655.0,0.0,760.0,5645.0,403.2063049110626,21624.429199999984,22027.635504911043,2898.0,25.0,7.0,147.0,57.0,20.0,11.0,169.0,34.0,2.0,0.0,0.0,0.0
239,104,9,3237.0,3081.0,643.0,0.0,787.0,5645.0,564.3810056827955,25550.86639999997,26115.247405682767,2898.0,25.0,7.0,147.0,57.0,20.0,11.0,169.0,34.0,2.0,0.0,0.0,0.0
239,105,9,3240.0,3085.0,652.0,0.0,754.0,5645.0,565.1501910515365,23177.12839999998,23742.278591051516,2898.0,25.0,7.0,147.0,57.0,20.0,11.0,169.0,34.0,2.0,0.0,0.0,0.0
239,106,9,3252.0,3045.0,658.0,0.0,796.0,5645.0,725.9234485182271,20697.645999999968,21423.569448518196,2898.0,25.0,7.0,147.0,57.0,20.0,11.0,169.0,34.0,2.0,0.0,0.0,0.0
239,107,9,3287.0,3101.0,672.0,0.0,813.0,5645.0,602.4034027672743,21569.786799999983,22172.19020276726,2898.0,25.0,7.0,147.0,57.0,20.0,11.0,169.0,34.0,2.0,0.0,0.0,0.0
239,108,10,3281.0,3064.0,657.0,0.0,818.0,5645.0,729.2841826040147,20716.21639999999,21445.500582604003,2898.0,25.0,7.0,147.0,57.0,20.0,11.0,169.0,34.0,2.0,0.0,0.0,0.0
239,109,10,3331.0,3091.0,673.0,0.0,778.0,5645.0,358.29521475594487,22073.725999999988,22432.021214755936,2898.0,25.0,7.0,147.0,57.0,20.0,11.0,169.0,34.0,2.0,0.0,0.0,0.0
239,110,10,3211.0,3097.0,646.0,0.0,795.0,5645.0,566.3534941507291,22755.21959999998,23321.573094150706,2898.0,25.0,7.0,147.0,57.0,20.0,11.0,169.0,34.0,2.0,0.0,0.0,0.0
239,111,10,3259.0,3065.0,698.0,0.0,786.0,5645.0,725.070240135796,22723.689999999977,23448.76024013578,2898.0,25.0,7.0,147.0,57.0,20.0,11.0,169.0,34.0,2.0,0.0,0.0,0.0
239,112,10,3259.0,3081.0,632.0,0.0,762.0,5645.0,483.51998303625004,21966.845999999983,22450.36598303623,2898.0,25.0,7.0,147.0,57.0,20.0,11.0,169.0,34.0,2.0,0.0,0.0,0.0
239,113,10,3201.0,3040.0,678.0,0.0,799.0,5645.0,604.8406233304221,21433.180799999976,22038.0214233304,2898.0,25.0,7.0,147.0,57.0,20.0,11.0,169.0,34.0,2.0,0.0,0.0,0.0
239,114,10,3247.0,3059.0,657.0,0.0,729.0,5645.0,320.84633253540125,22127.433199999978,22448.27953253538,2898.0,25.0,7.0,147.0,57.0,20.0,11.0,169.0,34.0,2.0,0.0,0.0,0.0
239,115,10,3292.0,3043.0,687.0,0.0,765.0,5645.0,522.0372623153689,21352.953999999983,21874.991262315354,2898.0,25.0,7.0,147.0,57.0,20.0,11.0,169.0,34.0,2.0,0.0,0.0,0.0
239,116,10,3361.0,3141.0,685.0,0.0,748.0,5645.0,604.0358161704851,19390.637199999997,19994.67301617048,2898.0,25.0,7.0,147.0,57.0,20.0,11.0,169.0,34.0,2.0,0.0,0.0,0.0
239,117,10,3244.0,3082.0,675.0,0.0,754.0,5645.0,360.6346283862823,21078.80679999998,21439.44142838626,2898.0,25.0,7.0,147.0,57.0,20.0,11.0,169.0,34.0,2.0,0.0,0.0,0.0
239,118,10,3279.0,3106.0,682.0,0.0,786.0,5645.0,283.5470560332277,21904.454799999978,22188.001856033206,2898.0,25.0,7.0,147.0,57.0,20.0,11.0,169.0,34.0,2.0,0.0,0.0,0.0
239,119,10,3214.0,3054.0,629.0,0.0,715.0,5645.0,442.95990813019625,22985.078399999977,23428.03830813017,2898.0,25.0,7.0,147.0,57.0,20.0,11.0,169.0,34.0,2.0,0.0,0.0,0.0
240,0,1,3501.0,3164.0,730.0,0.0,759.0,5645.0,478.8666999875295,22086.618399999985,22565.485099987513,2898.0,25.0,7.0,147.0,57.0,20.0,11.0,169.0,34.0,2.0,0.0,0.0,0.0
240,1,1,3451.0,3152.0,683.0,0.0,802.0,5645.0,232.6550700302077,22225.89639999998,22458.55147003019,2898.0,25.0,7.0,147.0,57.0,20.0,11.0,169.0,34.0,2.0,0.0,0.0,0.0
240,2,1,3475.0,3168.0,683.0,0.0,769.0,5645.0,274.57587808352815,20983.483199999984,21258.059078083512,2898.0,25.0,7.0,147.0,57.0,20.0,11.0,169.0,34.0,2.0,0.0,0.0,0.0
240,3,1,3451.0,3215.0,683.0,0.0,813.0,5645.0,355.6665421788298,22076.130799999988,22431.797342178816,2898.0,25.0,7.0,147.0,57.0,20.0,11.0,169.0,34.0,2.0,0.0,0.0,0.0
240,4,1,3401.0,3119.0,694.0,0.0,784.0,5645.0,354.3225232750903,20917.751999999975,21272.074523275063,2898.0,25.0,7.0,147.0,57.0,20.0,11.0,169.0,34.0,2.0,0.0,0.0,0.0
240,5,1,3458.0,3117.0,736.0,0.0,790.0,5645.0,477.994373481333,23878.99599999998,24356.990373481316,2898.0,25.0,7.0,147.0,57.0,20.0,11.0,169.0,34.0,2.0,0.0,0.0,0.0
240,6,1,3442.0,3175.0,656.0,0.0,783.0,5645.0,437.02488044896165,23928.895599999974,24365.920480448938,2898.0,25.0,7.0,147.0,57.0,20.0,11.0,169.0,34.0,2.0,0.0,0.0,0.0
240,7,1,3469.0,3190.0,688.0,0.0,821.0,5645.0,393.6714092019521,22162.436399999977,22556.107809201927,2898.0,25.0,7.0,147.0,57.0,20.0,11.0,169.0,34.0,2.0,0.0,0.0,0.0
240,8,1,3519.0,3131.0,778.0,0.0,794.0,5645.0,355.91628047254704,20631.179999999982,20987.096280472528,2898.0,25.0,7.0,147.0,57.0,20.0,11.0,169.0,34.0,2.0,0.0,0.0,0.0
240,9,1,3484.0,3204.0,679.0,0.0,794.0,5645.0,436.5181793403934,21441.129999999976,21877.648179340365,2898.0,25.0,7.0,147.0,57.0,20.0,11.0,169.0,34.0,2.0,0.0,0.0,0.0
240,10,1,3499.0,3114.0,731.0,0.0,802.0,5645.0,475.28596968912547,20530.378799999988,21005.664769689112,2898.0,25.0,7.0,147.0,57.0,20.0,11.0,169.0,34.0,2.0,0.0,0.0,0.0
240,11,1,3387.0,3169.0,670.0,0.0,782.0,5645.0,394.54992384650967,20770.99239999998,21165.54232384649,2898.0,25.0,7.0,147.0,57.0,20.0,11.0,169.0,34.0,2.0,0.0,0.0,0.0
240,12,2,3476.0,3215.0,695.0,0.0,839.0,5645.0,517.4464510771965,21963.30559999999,22480.752051077186,2898.0,25.0,7.0,147.0,57.0,20.0,11.0,169.0,34.0,2.0,0.0,0.0,0.0
240,13,2,3472.0,3163.0,726.0,0.0,754.0,5645.0,519.8267789515328,21721.22239999998,22241.049178951514,2898.0,25.0,7.0,147.0,57.0,20.0,11.0,169.0,34.0,2.0,0.0,0.0,0.0
240,14,2,3423.0,3129.0,682.0,0.0,749.0,5645.0,599.1809633761252,21651.88399999998,22251.064963376102,2898.0,25.0,7.0,147.0,57.0,20.0,11.0,169.0,34.0,2.0,0.0,0.0,0.0
240,15,2,3464.0,3183.0,695.0,0.0,805.0,5645.0,357.97484461710246,22218.615199999986,22576.59004461709,2898.0,25.0,7.0,147.0,57.0,20.0,11.0,169.0,34.0,2.0,0.0,0.0,0.0
240,16,2,3473.0,3177.0,719.0,0.0,786.0,5645.0,560.5069129408678,22924.023199999974,23484.530112940844,2898.0,25.0,7.0,147.0,57.0,20.0,11.0,169.0,34.0,2.0,0.0,0.0,0.0
240,17,2,3548.0,3207.0,725.0,0.0,780.0,5645.0,355.81101516506897,21397.84359999998,21753.654615165047,2898.0,25.0,7.0,147.0,57.0,20.0,11.0,169.0,34.0,2.0,0.0,0.0,0.0
240,18,2,3521.0,3203.0,730.0,0.0,804.0,5645.0,191.3689670588556,22353.01679999998,22544.385767058833,2898.0,25.0,7.0,147.0,57.0,20.0,11.0,169.0,34.0,2.0,0.0,0.0,0.0
240,19,2,3479.0,3222.0,664.0,0.0,772.0,5645.0,394.99956748045065,19907.335199999987,20302.33476748044,2898.0,25.0,7.0,147.0,57.0,20.0,11.0,169.0,34.0,2.0,0.0,0.0,0.0
240,20,2,3532.0,3192.0,747.0,0.0,816.0,5645.0,353.2335088400298,21218.418799999985,21571.652308840014,2898.0,25.0,7.0,147.0,57.0,20.0,11.0,169.0,34.0,2.0,0.0,0.0,0.0
240,21,2,3438.0,3110.0,684.0,0.0,728.0,5645.0,516.7309571382686,21178.338799999983,21695.069757138255,2898.0,25.0,7.0,147.0,57.0,20.0,11.0,169.0,34.0,2.0,0.0,0.0,0.0
240,22,2,3531.0,3258.0,717.0,0.0,790.0,5645.0,598.5261550131636,20844.87319999998,21443.39935501314,2898.0,25.0,7.0,147.0,57.0,20.0,11.0,169.0,34.0,2.0,0.0,0.0,0.0
240,23,2,3446.0,3210.0,710.0,0.0,777.0,5645.0,352.60855411878254,21087.49079999998,21440.099354118764,2898.0,25.0,7.0,147.0,57.0,20.0,11.0,169.0,34.0,2.0,0.0,0.0,0.0
240,24,3,3501.0,3177.0,758.0,0.0,810.0,5645.0,275.5454283740102,20116.886799999986,20392.432228374,2898.0,25.0,7.0,147.0,57.0,20.0,11.0,169.0,34.0,2.0,0.0,0.0,0.0
240,25,3,3471.0,3174.0,738.0,0.0,818.0,5645.0,600.5616551596161,21898.442799999986,22499.004455159604,2898.0,25.0,7.0,147.0,57.0,20.0,11.0,169.0,34.0,2.0,0.0,0.0,0.0
240,26,3,3487.0,3183.0,707.0,0.0,821.0,5645.0,598.324816178113,21236.588399999982,21834.913216178094,2898.0,25.0,7.0,147.0,57.0,20.0,11.0,169.0,34.0,2.0,0.0,0.0,0.0
240,27,3,3434.0,3168.0,693.0,0.0,801.0,5645.0,435.89242770240287,21192.299999999992,21628.192427702394,2898.0,25.0,7.0,147.0,57.0,20.0,11.0,169.0,34.0,2.0,0.0,0.0,0.0
240,28,3,3494.0,3225.0,722.0,0.0,823.0,5645.0,235.53294480965144,21940.526799999985,22176.059744809634,2898.0,25.0,7.0,147.0,57.0,20.0,11.0,169.0,34.0,2.0,0.0,0.0,0.0
240,29,3,3492.0,3202.0,694.0,0.0,819.0,5645.0,396.0727198547462,22125.82999999998,22521.902719854726,2898.0,25.0,7.0,147.0,57.0,20.0,11.0,169.0,34.0,2.0,0.0,0.0,0.0
240,30,3,3478.0,3165.0,706.0,0.0,806.0,5645.0,517.5929422449262,20041.269199999973,20558.8621422449,2898.0,25.0,7.0,147.0,57.0,20.0,11.0,169.0,34.0,2.0,0.0,0.0,0.0
240,31,3,3524.0,3193.0,688.0,0.0,805.0,5645.0,476.08770226220406,21790.226799999986,22266.314502262187,2898.0,25.0,7.0,147.0,57.0,20.0,11.0,169.0,34.0,2.0,0.0,0.0,0.0
240,32,3,3447.0,3173.0,724.0,0.0,826.0,5645.0,561.0771389062749,21976.932799999977,22538.009938906253,2898.0,25.0,7.0,147.0,57.0,20.0,11.0,169.0,34.0,2.0,0.0,0.0,0.0
240,33,3,3478.0,3104.0,693.0,0.0,798.0,5645.0,273.6456617647858,21434.917599999982,21708.563261764764,2898.0,25.0,7.0,147.0,57.0,20.0,11.0,169.0,34.0,2.0,0.0,0.0,0.0
240,34,3,3506.0,3198.0,733.0,0.0,797.0,5645.0,310.8290248368428,20998.64679999999,21309.47582483683,2898.0,25.0,7.0,147.0,57.0,20.0,11.0,169.0,34.0,2.0,0.0,0.0,0.0
240,35,3,3480.0,3148.0,706.0,0.0,778.0,5645.0,393.4576460282227,20169.92599999999,20563.38364602821,2898.0,25.0,7.0,147.0,57.0,20.0,11.0,169.0,34.0,2.0,0.0,0.0,0.0
240,36,4,3471.0,3209.0,692.0,0.0,797.0,5645.0,557.4309005408376,21261.170799999985,21818.60170054082,2898.0,25.0,7.0,147.0,57.0,20.0,11.0,169.0,34.0,2.0,0.0,0.0,0.0
240,37,4,3443.0,3164.0,665.0,0.0,761.0,5645.0,558.7293530821082,21256.628399999994,21815.357753082102,2898.0,25.0,7.0,147.0,57.0,20.0,11.0,169.0,34.0,2.0,0.0,0.0,0.0
240,38,4,3449.0,3198.0,695.0,0.0,829.0,5645.0,356.42030347846315,19680.348799999992,20036.76910347846,2898.0,25.0,7.0,147.0,57.0,20.0,11.0,169.0,34.0,2.0,0.0,0.0,0.0
240,39,4,3523.0,3203.0,703.0,0.0,805.0,5645.0,436.21532141540615,21641.997599999984,22078.212921415387,2898.0,25.0,7.0,147.0,57.0,20.0,11.0,169.0,34.0,2.0,0.0,0.0,0.0
240,40,4,3504.0,3218.0,690.0,0.0,803.0,5645.0,394.4276878296702,21561.703999999976,21956.131687829646,2898.0,25.0,7.0,147.0,57.0,20.0,11.0,169.0,34.0,2.0,0.0,0.0,0.0
240,41,4,3424.0,3145.0,689.0,0.0,799.0,5645.0,275.2876638927708,20577.071999999982,20852.35966389275,2898.0,25.0,7.0,147.0,57.0,20.0,11.0,169.0,34.0,2.0,0.0,0.0,0.0
240,42,4,3490.0,3216.0,690.0,0.0,802.0,5645.0,558.9010187460407,22454.686399999973,23013.587418746018,2898.0,25.0,7.0,147.0,57.0,20.0,11.0,169.0,34.0,2.0,0.0,0.0,0.0
240,43,4,3460.0,3110.0,703.0,0.0,845.0,5645.0,517.4291952603393,22301.78119999998,22819.210395260314,2898.0,25.0,7.0,147.0,57.0,20.0,11.0,169.0,34.0,2.0,0.0,0.0,0.0
240,44,4,3483.0,3127.0,715.0,0.0,813.0,5645.0,518.3331125255995,21884.681999999983,22403.01511252558,2898.0,25.0,7.0,147.0,57.0,20.0,11.0,169.0,34.0,2.0,0.0,0.0,0.0
240,45,4,3465.0,3161.0,691.0,0.0,795.0,5645.0,312.8779905744169,22540.25719999998,22853.135190574394,2898.0,25.0,7.0,147.0,57.0,20.0,11.0,169.0,34.0,2.0,0.0,0.0,0.0
240,46,4,3479.0,3181.0,704.0,0.0,815.0,5645.0,275.210634920549,23235.511599999976,23510.722234920526,2898.0,25.0,7.0,147.0,57.0,20.0,11.0,169.0,34.0,2.0,0.0,0.0,0.0
240,47,4,3430.0,3130.0,671.0,0.0,773.0,5645.0,274.32408433612375,21517.014799999975,21791.338884336103,2898.0,25.0,7.0,147.0,57.0,20.0,11.0,169.0,34.0,2.0,0.0,0.0,0.0
240,48,5,3507.0,3147.0,729.0,0.0,798.0,5645.0,396.53044965199814,21496.039599999986,21892.570049651982,2898.0,25.0,7.0,147.0,57.0,20.0,11.0,169.0,34.0,2.0,0.0,0.0,0.0
240,49,5,3498.0,3242.0,704.0,0.0,848.0,5645.0,556.197745642972,22691.959999999974,23248.15774564295,2898.0,25.0,7.0,147.0,57.0,20.0,11.0,169.0,34.0,2.0,0.0,0.0,0.0
240,50,5,3502.0,3123.0,753.0,0.0,797.0,5645.0,395.93704106949235,21189.828399999988,21585.765441069478,2898.0,25.0,7.0,147.0,57.0,20.0,11.0,169.0,34.0,2.0,0.0,0.0,0.0
240,51,5,3432.0,3161.0,724.0,0.0,831.0,5645.0,355.8082381947098,23465.036399999975,23820.84463819468,2898.0,25.0,7.0,147.0,57.0,20.0,11.0,169.0,34.0,2.0,0.0,0.0,0.0
240,52,5,3475.0,3221.0,709.0,0.0,785.0,5645.0,561.3341032260531,22102.58359999998,22663.91770322603,2898.0,25.0,7.0,147.0,57.0,20.0,11.0,169.0,34.0,2.0,0.0,0.0,0.0
240,53,5,3465.0,3152.0,715.0,0.0,803.0,5645.0,394.4290926046768,21872.056799999988,22266.485892604665,2898.0,25.0,7.0,147.0,57.0,20.0,11.0,169.0,34.0,2.0,0.0,0.0,0.0
240,54,5,3449.0,3115.0,721.0,0.0,775.0,5645.0,435.94980061339663,21809.46519999999,22245.415000613386,2898.0,25.0,7.0,147.0,57.0,20.0,11.0,169.0,34.0,2.0,0.0,0.0,0.0
240,55,5,3476.0,3182.0,764.0,0.0,873.0,5645.0,478.59907916774097,21136.989599999983,21615.588679167722,2898.0,25.0,7.0,147.0,57.0,20.0,11.0,169.0,34.0,2.0,0.0,0.0,0.0
240,56,5,3479.0,3144.0,702.0,0.0,787.0,5645.0,517.168347937059,20299.18399999998,20816.352347937038,2898.0,25.0,7.0,147.0,57.0,20.0,11.0,169.0,34.0,2.0,0.0,0.0,0.0
240,57,5,3506.0,3164.0,741.0,0.0,793.0,5645.0,478.6307188627408,20580.011199999994,21058.641918862733,2898.0,25.0,7.0,147.0,57.0,20.0,11.0,169.0,34.0,2.0,0.0,0.0,0.0
240,58,5,3524.0,3242.0,703.0,0.0,818.0,5645.0,476.7397817875092,21249.54759999999,21726.2873817875,2898.0,25.0,7.0,147.0,57.0,20.0,11.0,169.0,34.0,2.0,0.0,0.0,0.0
240,59,5,3515.0,3178.0,743.0,0.0,812.0,5645.0,396.303689132067,20856.095599999975,21252.399289132045,2898.0,25.0,7.0,147.0,57.0,20.0,11.0,169.0,34.0,2.0,0.0,0.0,0.0
240,60,6,3449.0,3173.0,709.0,0.0,773.0,5645.0,559.3872175181601,22305.32159999998,22864.708817518138,2898.0,25.0,7.0,147.0,57.0,20.0,11.0,169.0,34.0,2.0,0.0,0.0,0.0
240,61,6,3482.0,3150.0,683.0,0.0,729.0,5645.0,557.4874866016116,20451.020399999987,21008.507886601597,2898.0,25.0,7.0,147.0,57.0,20.0,11.0,169.0,34.0,2.0,0.0,0.0,0.0
240,62,6,3448.0,3200.0,681.0,0.0,762.0,5645.0,435.89115728254166,21560.835599999973,21996.726757282515,2898.0,25.0,7.0,147.0,57.0,20.0,11.0,169.0,34.0,2.0,0.0,0.0,0.0
240,63,6,3521.0,3216.0,687.0,0.0,813.0,5645.0,354.42939387755996,23793.024399999966,24147.45379387752,2898.0,25.0,7.0,147.0,57.0,20.0,11.0,169.0,34.0,2.0,0.0,0.0,0.0
240,64,6,3481.0,3130.0,737.0,0.0,771.0,5645.0,355.2074099548511,21587.956399999977,21943.16380995483,2898.0,25.0,7.0,147.0,57.0,20.0,11.0,169.0,34.0,2.0,0.0,0.0,0.0
240,65,6,3425.0,3165.0,723.0,0.0,845.0,5645.0,560.2936964865098,21088.893599999992,21649.1872964865,2898.0,25.0,7.0,147.0,57.0,20.0,11.0,169.0,34.0,2.0,0.0,0.0,0.0
240,66,6,3478.0,3200.0,666.0,0.0,816.0,5645.0,517.4139605438023,21369.72079999998,21887.134760543788,2898.0,25.0,7.0,147.0,57.0,20.0,11.0,169.0,34.0,2.0,0.0,0.0,0.0
240,67,6,3490.0,3163.0,669.0,0.0,789.0,5645.0,437.0019648217938,21763.439999999984,22200.441964821777,2898.0,25.0,7.0,147.0,57.0,20.0,11.0,169.0,34.0,2.0,0.0,0.0,0.0
240,68,6,3504.0,3215.0,724.0,0.0,818.0,5645.0,150.35606422209085,20472.262799999986,20622.618864222077,2898.0,25.0,7.0,147.0,57.0,20.0,11.0,169.0,34.0,2.0,0.0,0.0,0.0
240,69,6,3527.0,3166.0,709.0,0.0,811.0,5645.0,518.6704233492512,23411.061999999984,23929.732423349233,2898.0,25.0,7.0,147.0,57.0,20.0,11.0,169.0,34.0,2.0,0.0,0.0,0.0
240,70,6,3464.0,3161.0,708.0,0.0,790.0,5645.0,721.5697463830442,22533.510399999985,23255.08014638303,2898.0,25.0,7.0,147.0,57.0,20.0,11.0,169.0,34.0,2.0,0.0,0.0,0.0
240,71,6,3534.0,3206.0,699.0,0.0,760.0,5645.0,394.31174376077917,20969.05439999999,21363.366143760766,2898.0,25.0,7.0,147.0,57.0,20.0,11.0,169.0,34.0,2.0,0.0,0.0,0.0
240,72,7,3504.0,3162.0,717.0,0.0,819.0,5645.0,312.496577965107,19372.667999999987,19685.164577965093,2898.0,25.0,7.0,147.0,57.0,20.0,11.0,169.0,34.0,2.0,0.0,0.0,0.0
240,73,7,3480.0,3139.0,735.0,0.0,795.0,5645.0,316.4195219131152,23046.26719999997,23362.686721913084,2898.0,25.0,7.0,147.0,57.0,20.0,11.0,169.0,34.0,2.0,0.0,0.0,0.0
240,74,7,3529.0,3233.0,680.0,0.0,771.0,5645.0,277.04224888862836,22533.243199999975,22810.2854488886,2898.0,25.0,7.0,147.0,57.0,20.0,11.0,169.0,34.0,2.0,0.0,0.0,0.0
240,75,7,3466.0,3152.0,733.0,0.0,803.0,5645.0,640.5080666753311,22735.04599999998,23375.554066675308,2898.0,25.0,7.0,147.0,57.0,20.0,11.0,169.0,34.0,2.0,0.0,0.0,0.0
240,76,7,3539.0,3219.0,718.0,0.0,824.0,5645.0,354.73264139420877,22737.851599999973,23092.58424139418,2898.0,25.0,7.0,147.0,57.0,20.0,11.0,169.0,34.0,2.0,0.0,0.0,0.0
240,77,7,3495.0,3256.0,707.0,0.0,819.0,5645.0,274.1475136342812,21803.787199999973,22077.934713634255,2898.0,25.0,7.0,147.0,57.0,20.0,11.0,169.0,34.0,2.0,0.0,0.0,0.0
240,78,7,3527.0,3166.0,720.0,0.0,773.0,5645.0,558.8258325515818,19669.059599999986,20227.88543255157,2898.0,25.0,7.0,147.0,57.0,20.0,11.0,169.0,34.0,2.0,0.0,0.0,0.0
240,79,7,3476.0,3159.0,721.0,0.0,820.0,5645.0,355.785848029296,21378.471599999986,21734.257448029282,2898.0,25.0,7.0,147.0,57.0,20.0,11.0,169.0,34.0,2.0,0.0,0.0,0.0
240,80,7,3459.0,3145.0,708.0,0.0,819.0,5645.0,313.55246393131506,20333.05159999999,20646.604063931307,2898.0,25.0,7.0,147.0,57.0,20.0,11.0,169.0,34.0,2.0,0.0,0.0,0.0
240,81,7,3501.0,3151.0,723.0,0.0,831.0,5645.0,518.6886043826242,20133.987599999982,20652.676204382606,2898.0,25.0,7.0,147.0,57.0,20.0,11.0,169.0,34.0,2.0,0.0,0.0,0.0
240,82,7,3369.0,3128.0,699.0,0.0,814.0,5645.0,274.6218885498679,21458.43119999998,21733.05308854985,2898.0,25.0,7.0,147.0,57.0,20.0,11.0,169.0,34.0,2.0,0.0,0.0,0.0
240,83,7,3492.0,3155.0,737.0,0.0,735.0,5645.0,352.09610897289417,21011.806399999983,21363.902508972875,2898.0,25.0,7.0,147.0,57.0,20.0,11.0,169.0,34.0,2.0,0.0,0.0,0.0
240,84,8,3487.0,3172.0,712.0,0.0,788.0,5645.0,475.50366134447813,21091.899599999986,21567.40326134446,2898.0,25.0,7.0,147.0,57.0,20.0,11.0,169.0,34.0,2.0,0.0,0.0,0.0
240,85,8,3442.0,3143.0,714.0,0.0,795.0,5645.0,314.4909040080003,20621.09319999998,20935.584104007983,2898.0,25.0,7.0,147.0,57.0,20.0,11.0,169.0,34.0,2.0,0.0,0.0,0.0
240,86,8,3474.0,3154.0,742.0,0.0,814.0,5645.0,354.3377276714001,21295.439199999975,21649.776927671377,2898.0,25.0,7.0,147.0,57.0,20.0,11.0,169.0,34.0,2.0,0.0,0.0,0.0
240,87,8,3530.0,3159.0,747.0,0.0,827.0,5645.0,395.60898117626215,20028.443599999984,20424.052581176245,2898.0,25.0,7.0,147.0,57.0,20.0,11.0,169.0,34.0,2.0,0.0,0.0,0.0
240,88,8,3449.0,3098.0,725.0,0.0,770.0,5645.0,190.6588129040838,23662.83119999996,23853.490012904047,2898.0,25.0,7.0,147.0,57.0,20.0,11.0,169.0,34.0,2.0,0.0,0.0,0.0
240,89,8,3463.0,3178.0,687.0,0.0,810.0,5645.0,640.2703490911954,22114.607599999978,22754.877949091173,2898.0,25.0,7.0,147.0,57.0,20.0,11.0,169.0,34.0,2.0,0.0,0.0,0.0
240,90,8,3414.0,3190.0,636.0,0.0,788.0,5645.0,273.04135021625524,21953.01839999998,22226.059750216235,2898.0,25.0,7.0,147.0,57.0,20.0,11.0,169.0,34.0,2.0,0.0,0.0,0.0
240,91,8,3470.0,3138.0,714.0,0.0,809.0,5645.0,517.4770770503395,21107.129999999976,21624.607077050317,2898.0,25.0,7.0,147.0,57.0,20.0,11.0,169.0,34.0,2.0,0.0,0.0,0.0
240,92,8,3448.0,3170.0,696.0,0.0,771.0,5645.0,192.43538212678237,20899.114799999992,21091.550182126775,2898.0,25.0,7.0,147.0,57.0,20.0,11.0,169.0,34.0,2.0,0.0,0.0,0.0
240,93,8,3457.0,3191.0,668.0,0.0,747.0,5645.0,352.5489360454949,22408.126799999976,22760.675736045476,2898.0,25.0,7.0,147.0,57.0,20.0,11.0,169.0,34.0,2.0,0.0,0.0,0.0
240,94,8,3508.0,3228.0,702.0,0.0,765.0,5645.0,190.3091671282767,21521.55719999998,21711.86636712826,2898.0,25.0,7.0,147.0,57.0,20.0,11.0,169.0,34.0,2.0,0.0,0.0,0.0
240,95,8,3496.0,3196.0,727.0,0.0,777.0,5645.0,558.013671234006,21210.73679999997,21768.750471233972,2898.0,25.0,7.0,147.0,57.0,20.0,11.0,169.0,34.0,2.0,0.0,0.0,0.0
240,96,9,3531.0,3177.0,730.0,0.0,815.0,5645.0,436.02023613356505,22132.57679999998,22568.597036133542,2898.0,25.0,7.0,147.0,57.0,20.0,11.0,169.0,34.0,2.0,0.0,0.0,0.0
240,97,9,3497.0,3159.0,722.0,0.0,788.0,5645.0,355.07644427244355,21914.073999999968,22269.150444272414,2898.0,25.0,7.0,147.0,57.0,20.0,11.0,169.0,34.0,2.0,0.0,0.0,0.0
240,98,9,3516.0,3214.0,709.0,0.0,803.0,5645.0,395.2199371112379,21556.09279999997,21951.31273711121,2898.0,25.0,7.0,147.0,57.0,20.0,11.0,169.0,34.0,2.0,0.0,0.0,0.0
240,99,9,3519.0,3169.0,736.0,0.0,814.0,5645.0,515.89500604832,22999.774399999995,23515.669406048317,2898.0,25.0,7.0,147.0,57.0,20.0,11.0,169.0,34.0,2.0,0.0,0.0,0.0
240,100,9,3442.0,3208.0,694.0,0.0,819.0,5645.0,355.1185396913631,21970.98759999998,22326.106139691343,2898.0,25.0,7.0,147.0,57.0,20.0,11.0,169.0,34.0,2.0,0.0,0.0,0.0
240,101,9,3425.0,3141.0,673.0,0.0,747.0,5645.0,355.3936600056529,21703.119599999984,22058.51326000564,2898.0,25.0,7.0,147.0,57.0,20.0,11.0,169.0,34.0,2.0,0.0,0.0,0.0
240,102,9,3501.0,3192.0,720.0,0.0,802.0,5645.0,557.304115686055,22362.903199999986,22920.207315686035,2898.0,25.0,7.0,147.0,57.0,20.0,11.0,169.0,34.0,2.0,0.0,0.0,0.0
240,103,9,3450.0,3152.0,716.0,0.0,822.0,5645.0,273.61303717304367,24366.635999999977,24640.249037173016,2898.0,25.0,7.0,147.0,57.0,20.0,11.0,169.0,34.0,2.0,0.0,0.0,0.0
240,104,9,3466.0,3189.0,694.0,0.0,778.0,5645.0,518.3693827512461,22809.86199999998,23328.23138275123,2898.0,25.0,7.0,147.0,57.0,20.0,11.0,169.0,34.0,2.0,0.0,0.0,0.0
240,105,9,3506.0,3161.0,700.0,0.0,824.0,5645.0,476.1469021450228,21161.03759999997,21637.18450214499,2898.0,25.0,7.0,147.0,57.0,20.0,11.0,169.0,34.0,2.0,0.0,0.0,0.0
240,106,9,3534.0,3234.0,701.0,0.0,842.0,5645.0,474.1832239747084,21563.641199999984,22037.82442397469,2898.0,25.0,7.0,147.0,57.0,20.0,11.0,169.0,34.0,2.0,0.0,0.0,0.0
240,107,9,3540.0,3192.0,705.0,0.0,850.0,5645.0,599.7832144636566,20686.824399999983,21286.607614463635,2898.0,25.0,7.0,147.0,57.0,20.0,11.0,169.0,34.0,2.0,0.0,0.0,0.0
240,108,10,3545.0,3187.0,713.0,0.0,780.0,5645.0,435.00454333274274,23416.53959999999,23851.54414333273,2898.0,25.0,7.0,147.0,57.0,20.0,11.0,169.0,34.0,2.0,0.0,0.0,0.0
240,109,10,3461.0,3207.0,710.0,0.0,838.0,5645.0,396.4477508564952,22906.120799999975,23302.568550856464,2898.0,25.0,7.0,147.0,57.0,20.0,11.0,169.0,34.0,2.0,0.0,0.0,0.0
240,110,10,3502.0,3165.0,754.0,0.0,830.0,5645.0,556.5308515389431,23381.068799999975,23937.59965153892,2898.0,25.0,7.0,147.0,57.0,20.0,11.0,169.0,34.0,2.0,0.0,0.0,0.0
240,111,10,3500.0,3210.0,666.0,0.0,792.0,5645.0,436.8230998872289,21515.812399999988,21952.63549988722,2898.0,25.0,7.0,147.0,57.0,20.0,11.0,169.0,34.0,2.0,0.0,0.0,0.0
240,112,10,3440.0,3149.0,728.0,0.0,811.0,5645.0,475.967228991954,21445.20479999998,21921.172028991936,2898.0,25.0,7.0,147.0,57.0,20.0,11.0,169.0,34.0,2.0,0.0,0.0,0.0
240,113,10,3500.0,3188.0,697.0,0.0,750.0,5645.0,232.1234878101814,21996.839199999984,22228.962687810166,2898.0,25.0,7.0,147.0,57.0,20.0,11.0,169.0,34.0,2.0,0.0,0.0,0.0
240,114,10,3509.0,3137.0,733.0,0.0,800.0,5645.0,476.31662191871266,21387.08879999998,21863.40542191869,2898.0,25.0,7.0,147.0,57.0,20.0,11.0,169.0,34.0,2.0,0.0,0.0,0.0
240,115,10,3561.0,3234.0,718.0,0.0,779.0,5645.0,475.96926070272514,19892.10479999999,20368.074060702715,2898.0,25.0,7.0,147.0,57.0,20.0,11.0,169.0,34.0,2.0,0.0,0.0,0.0
240,116,10,3470.0,3195.0,722.0,0.0,771.0,5645.0,233.17578726983945,21196.241199999982,21429.416987269822,2898.0,25.0,7.0,147.0,57.0,20.0,11.0,169.0,34.0,2.0,0.0,0.0,0.0
240,117,10,3491.0,3214.0,712.0,0.0,818.0,5645.0,398.7985262691699,22597.03719999997,22995.835726269142,2898.0,25.0,7.0,147.0,57.0,20.0,11.0,169.0,34.0,2.0,0.0,0.0,0.0
240,118,10,3462.0,3105.0,732.0,0.0,789.0,5645.0,476.8307676013245,22690.49039999998,23167.3211676013,2898.0,25.0,7.0,147.0,57.0,20.0,11.0,169.0,34.0,2.0,0.0,0.0,0.0
240,119,10,3501.0,3109.0,737.0,0.0,780.0,5645.0,556.8042387398255,21755.22359999998,22312.027838739807,2898.0,25.0,7.0,147.0,57.0,20.0,11.0,169.0,34.0,2.0,0.0,0.0,0.0
241,0,1,3038.0,2927.0,629.0,0.0,697.0,5645.0,519.04670396492,19097.719199999985,19616.765903964904,2898.0,25.0,7.0,147.0,57.0,20.0,11.0,169.0,34.0,2.0,0.0,0.0,0.0
241,1,1,3064.0,2974.0,627.0,0.0,735.0,5645.0,520.2473585132566,18063.521599999985,18583.76895851324,2898.0,25.0,7.0,147.0,57.0,20.0,11.0,169.0,34.0,2.0,0.0,0.0,0.0
241,2,1,3019.0,3013.0,603.0,0.0,756.0,5645.0,559.5107197108243,18933.190799999993,19492.70151971082,2898.0,25.0,7.0,147.0,57.0,20.0,11.0,169.0,34.0,2.0,0.0,0.0,0.0
241,3,1,2975.0,2900.0,625.0,0.0,748.0,5645.0,558.5840430260927,19226.91039999998,19785.49444302607,2898.0,25.0,7.0,147.0,57.0,20.0,11.0,169.0,34.0,2.0,0.0,0.0,0.0
241,4,1,2987.0,2902.0,643.0,0.0,716.0,5645.0,518.7134514727879,19415.82079999998,19934.534251472767,2898.0,25.0,7.0,147.0,57.0,20.0,11.0,169.0,34.0,2.0,0.0,0.0,0.0
241,5,1,3028.0,2982.0,591.0,0.0,697.0,5645.0,276.8734124457734,19896.847599999986,20173.72101244576,2898.0,25.0,7.0,147.0,57.0,20.0,11.0,169.0,34.0,2.0,0.0,0.0,0.0
241,6,1,3071.0,3000.0,629.0,0.0,745.0,5645.0,640.6093816233216,19666.187199999986,20306.796581623308,2898.0,25.0,7.0,147.0,57.0,20.0,11.0,169.0,34.0,2.0,0.0,0.0,0.0
241,7,1,3073.0,2914.0,706.0,0.0,749.0,5645.0,399.05737652026176,19160.64479999998,19559.70217652024,2898.0,25.0,7.0,147.0,57.0,20.0,11.0,169.0,34.0,2.0,0.0,0.0,0.0
241,8,1,3075.0,2991.0,624.0,0.0,766.0,5645.0,477.76742216499747,19277.74519999998,19755.512622164977,2898.0,25.0,7.0,147.0,57.0,20.0,11.0,169.0,34.0,2.0,0.0,0.0,0.0
241,9,1,3078.0,2958.0,615.0,0.0,730.0,5645.0,272.5802091162678,19671.998799999987,19944.579009116256,2898.0,25.0,7.0,147.0,57.0,20.0,11.0,169.0,34.0,2.0,0.0,0.0,0.0
241,10,1,2991.0,2989.0,601.0,0.0,742.0,5645.0,478.6951430948215,19712.61319999999,20191.308343094806,2898.0,25.0,7.0,147.0,57.0,20.0,11.0,169.0,34.0,2.0,0.0,0.0,0.0
241,11,1,3070.0,3026.0,634.0,0.0,766.0,5645.0,397.5012545836109,19568.191599999984,19965.69285458359,2898.0,25.0,7.0,147.0,57.0,20.0,11.0,169.0,34.0,2.0,0.0,0.0,0.0
241,12,2,3025.0,2947.0,655.0,0.0,720.0,5645.0,926.2506580930713,19016.623999999985,19942.874658093056,2898.0,25.0,7.0,147.0,57.0,20.0,11.0,169.0,34.0,2.0,0.0,0.0,0.0
241,13,2,3023.0,2923.0,638.0,0.0,736.0,5645.0,803.0752703598007,18912.08199999998,19715.15727035978,2898.0,25.0,7.0,147.0,57.0,20.0,11.0,169.0,34.0,2.0,0.0,0.0,0.0
241,14,2,3009.0,2971.0,616.0,0.0,744.0,5645.0,643.4094776863849,19616.22079999998,20259.630277686367,2898.0,25.0,7.0,147.0,57.0,20.0,11.0,169.0,34.0,2.0,0.0,0.0,0.0
241,15,2,3002.0,2930.0,675.0,0.0,727.0,5645.0,599.3397515680637,18920.498799999983,19519.838551568046,2898.0,25.0,7.0,147.0,57.0,20.0,11.0,169.0,34.0,2.0,0.0,0.0,0.0
241,16,2,3111.0,2991.0,684.0,0.0,735.0,5645.0,558.2517506056523,18627.246799999983,19185.498550605633,2898.0,25.0,7.0,147.0,57.0,20.0,11.0,169.0,34.0,2.0,0.0,0.0,0.0
241,17,2,3104.0,3005.0,669.0,0.0,764.0,5645.0,598.6985335947593,19740.13479999998,20338.83333359474,2898.0,25.0,7.0,147.0,57.0,20.0,11.0,169.0,34.0,2.0,0.0,0.0,0.0
241,18,2,3068.0,3047.0,572.0,0.0,681.0,5645.0,681.2105515896554,19602.994399999985,20284.20495158964,2898.0,25.0,7.0,147.0,57.0,20.0,11.0,169.0,34.0,2.0,0.0,0.0,0.0
241,19,2,3112.0,2973.0,685.0,0.0,765.0,5645.0,477.8587080939102,17703.40279999998,18181.261508093892,2898.0,25.0,7.0,147.0,57.0,20.0,11.0,169.0,34.0,2.0,0.0,0.0,0.0
241,20,2,3000.0,2871.0,632.0,0.0,701.0,5645.0,723.0243591058979,19114.352399999996,19837.376759105893,2898.0,25.0,7.0,147.0,57.0,20.0,11.0,169.0,34.0,2.0,0.0,0.0,0.0
241,21,2,3062.0,3046.0,616.0,0.0,703.0,5645.0,642.8658358639044,18202.265199999983,18845.13103586389,2898.0,25.0,7.0,147.0,57.0,20.0,11.0,169.0,34.0,2.0,0.0,0.0,0.0
241,22,2,3030.0,3008.0,647.0,0.0,756.0,5645.0,681.792728267503,18532.190399999985,19213.983128267486,2898.0,25.0,7.0,147.0,57.0,20.0,11.0,169.0,34.0,2.0,0.0,0.0,0.0
241,23,2,3078.0,2997.0,652.0,0.0,726.0,5645.0,559.9809229763769,18798.92279999999,19358.903722976367,2898.0,25.0,7.0,147.0,57.0,20.0,11.0,169.0,34.0,2.0,0.0,0.0,0.0
241,24,3,3021.0,2971.0,648.0,0.0,748.0,5645.0,925.5794311109931,19342.340799999987,20267.920231110984,2898.0,25.0,7.0,147.0,57.0,20.0,11.0,169.0,34.0,2.0,0.0,0.0,0.0
241,25,3,3051.0,2933.0,670.0,0.0,804.0,5645.0,683.7340616290622,18602.063199999982,19285.797261629043,2898.0,25.0,7.0,147.0,57.0,20.0,11.0,169.0,34.0,2.0,0.0,0.0,0.0
241,26,3,2990.0,2937.0,637.0,0.0,734.0,5645.0,802.7015148446299,19120.49799999999,19923.199514844615,2898.0,25.0,7.0,147.0,57.0,20.0,11.0,169.0,34.0,2.0,0.0,0.0,0.0
241,27,3,3087.0,3035.0,665.0,0.0,774.0,5645.0,399.23357948540746,19899.118799999986,20298.352379485394,2898.0,25.0,7.0,147.0,57.0,20.0,11.0,169.0,34.0,2.0,0.0,0.0,0.0
241,28,3,3064.0,2972.0,638.0,0.0,742.0,5645.0,560.5306927171065,19517.356799999994,20077.8874927171,2898.0,25.0,7.0,147.0,57.0,20.0,11.0,169.0,34.0,2.0,0.0,0.0,0.0
241,29,3,3043.0,2944.0,644.0,0.0,758.0,5645.0,641.4871966348227,17773.54279999998,18415.029996634803,2898.0,25.0,7.0,147.0,57.0,20.0,11.0,169.0,34.0,2.0,0.0,0.0,0.0
241,30,3,3069.0,2975.0,623.0,0.0,738.0,5645.0,641.4105252937679,19640.936799999985,20282.34732529375,2898.0,25.0,7.0,147.0,57.0,20.0,11.0,169.0,34.0,2.0,0.0,0.0,0.0
241,31,3,3024.0,2984.0,656.0,0.0,793.0,5645.0,724.2219961291812,19919.693199999976,20643.915196129157,2898.0,25.0,7.0,147.0,57.0,20.0,11.0,169.0,34.0,2.0,0.0,0.0,0.0
241,32,3,3063.0,2896.0,623.0,0.0,700.0,5645.0,437.18077147098603,18209.212399999986,18646.393171470972,2898.0,25.0,7.0,147.0,57.0,20.0,11.0,169.0,34.0,2.0,0.0,0.0,0.0
241,33,3,3088.0,3023.0,652.0,0.0,764.0,5645.0,557.099937921129,20137.127199999988,20694.227137921116,2898.0,25.0,7.0,147.0,57.0,20.0,11.0,169.0,34.0,2.0,0.0,0.0,0.0
241,34,3,3073.0,2949.0,637.0,0.0,719.0,5645.0,598.3161573779421,18239.539599999986,18837.85575737793,2898.0,25.0,7.0,147.0,57.0,20.0,11.0,169.0,34.0,2.0,0.0,0.0,0.0
241,35,3,3036.0,2998.0,627.0,0.0,752.0,5645.0,721.3718290861628,19097.652399999984,19819.024229086142,2898.0,25.0,7.0,147.0,57.0,20.0,11.0,169.0,34.0,2.0,0.0,0.0,0.0
241,36,4,3025.0,2906.0,642.0,0.0,744.0,5645.0,520.4714266712759,18505.47039999999,19025.941826671267,2898.0,25.0,7.0,147.0,57.0,20.0,11.0,169.0,34.0,2.0,0.0,0.0,0.0
241,37,4,3019.0,2947.0,641.0,0.0,748.0,5645.0,518.0908068985657,18081.95839999999,18600.049206898555,2898.0,25.0,7.0,147.0,57.0,20.0,11.0,169.0,34.0,2.0,0.0,0.0,0.0
241,38,4,3045.0,2955.0,649.0,0.0,758.0,5645.0,640.3134931685006,18495.450399999987,19135.763893168492,2898.0,25.0,7.0,147.0,57.0,20.0,11.0,169.0,34.0,2.0,0.0,0.0,0.0
241,39,4,3071.0,2994.0,631.0,0.0,745.0,5645.0,844.6212978495807,19250.089999999982,20094.711297849564,2898.0,25.0,7.0,147.0,57.0,20.0,11.0,169.0,34.0,2.0,0.0,0.0,0.0
241,40,4,2993.0,2947.0,613.0,0.0,751.0,5645.0,520.2252810121176,17909.013199999987,18429.238481012104,2898.0,25.0,7.0,147.0,57.0,20.0,11.0,169.0,34.0,2.0,0.0,0.0,0.0
241,41,4,3053.0,2987.0,621.0,0.0,785.0,5645.0,803.5786777449167,19842.20519999998,20645.783877744896,2898.0,25.0,7.0,147.0,57.0,20.0,11.0,169.0,34.0,2.0,0.0,0.0,0.0
241,42,4,3065.0,2906.0,645.0,0.0,790.0,5645.0,682.0767267437346,20492.369599999984,21174.446326743717,2898.0,25.0,7.0,147.0,57.0,20.0,11.0,169.0,34.0,2.0,0.0,0.0,0.0
241,43,4,3059.0,2919.0,657.0,0.0,733.0,5645.0,886.3585829071327,19861.510399999974,20747.868982907108,2898.0,25.0,7.0,147.0,57.0,20.0,11.0,169.0,34.0,2.0,0.0,0.0,0.0
241,44,4,3046.0,2981.0,605.0,0.0,722.0,5645.0,475.88058780162095,19149.889999999985,19625.770587801602,2898.0,25.0,7.0,147.0,57.0,20.0,11.0,169.0,34.0,2.0,0.0,0.0,0.0
241,45,4,3068.0,3020.0,607.0,0.0,755.0,5645.0,359.6146970499401,20548.615199999986,20908.229897049925,2898.0,25.0,7.0,147.0,57.0,20.0,11.0,169.0,34.0,2.0,0.0,0.0,0.0
241,46,4,2992.0,2924.0,600.0,0.0,734.0,5645.0,479.99669706683187,19718.424799999986,20198.421497066814,2898.0,25.0,7.0,147.0,57.0,20.0,11.0,169.0,34.0,2.0,0.0,0.0,0.0
241,47,4,3101.0,2972.0,654.0,0.0,733.0,5645.0,765.5411553563147,19702.59319999998,20468.134355356295,2898.0,25.0,7.0,147.0,57.0,20.0,11.0,169.0,34.0,2.0,0.0,0.0,0.0
241,48,5,3065.0,3028.0,637.0,0.0,780.0,5645.0,883.3269332441321,19899.319199999976,20782.646133244114,2898.0,25.0,7.0,147.0,57.0,20.0,11.0,169.0,34.0,2.0,0.0,0.0,0.0
241,49,5,3051.0,2884.0,681.0,0.0,719.0,5645.0,846.6823875898192,19316.555999999993,20163.238387589812,2898.0,25.0,7.0,147.0,57.0,20.0,11.0,169.0,34.0,2.0,0.0,0.0,0.0
241,50,5,2987.0,2953.0,630.0,0.0,741.0,5645.0,519.3452838107028,20624.299599999984,21143.644883810688,2898.0,25.0,7.0,147.0,57.0,20.0,11.0,169.0,34.0,2.0,0.0,0.0,0.0
241,51,5,3063.0,3003.0,649.0,0.0,720.0,5645.0,885.4272219668655,19387.56439999998,20272.991621966845,2898.0,25.0,7.0,147.0,57.0,20.0,11.0,169.0,34.0,2.0,0.0,0.0,0.0
241,52,5,3054.0,2948.0,644.0,0.0,747.0,5645.0,761.682556299296,19127.177999999985,19888.86055629928,2898.0,25.0,7.0,147.0,57.0,20.0,11.0,169.0,34.0,2.0,0.0,0.0,0.0
241,53,5,3044.0,2929.0,660.0,0.0,750.0,5645.0,477.58144885057914,20852.0876,21329.669048850577,2898.0,25.0,7.0,147.0,57.0,20.0,11.0,169.0,34.0,2.0,0.0,0.0,0.0
241,54,5,3089.0,3002.0,675.0,0.0,786.0,5645.0,643.2726236044663,18950.157999999996,19593.43062360446,2898.0,25.0,7.0,147.0,57.0,20.0,11.0,169.0,34.0,2.0,0.0,0.0,0.0
241,55,5,3046.0,2954.0,634.0,0.0,747.0,5645.0,887.0407965340869,18307.074399999983,19194.11519653407,2898.0,25.0,7.0,147.0,57.0,20.0,11.0,169.0,34.0,2.0,0.0,0.0,0.0
241,56,5,3074.0,2954.0,668.0,0.0,706.0,5645.0,439.3987707472471,19306.268799999983,19745.667570747228,2898.0,25.0,7.0,147.0,57.0,20.0,11.0,169.0,34.0,2.0,0.0,0.0,0.0
241,57,5,3050.0,2967.0,661.0,0.0,742.0,5645.0,601.2444373018222,18345.61799999999,18946.862437301814,2898.0,25.0,7.0,147.0,57.0,20.0,11.0,169.0,34.0,2.0,0.0,0.0,0.0
241,58,5,3092.0,2977.0,656.0,0.0,753.0,5645.0,640.268542195739,18620.63359999998,19260.902142195715,2898.0,25.0,7.0,147.0,57.0,20.0,11.0,169.0,34.0,2.0,0.0,0.0,0.0
241,59,5,3026.0,2953.0,643.0,0.0,722.0,5645.0,641.697280072918,20025.504399999983,20667.201680072903,2898.0,25.0,7.0,147.0,57.0,20.0,11.0,169.0,34.0,2.0,0.0,0.0,0.0
241,60,6,3064.0,2968.0,581.0,0.0,712.0,5645.0,764.2985053272321,20397.78079999999,21162.079305327225,2898.0,25.0,7.0,147.0,57.0,20.0,11.0,169.0,34.0,2.0,0.0,0.0,0.0
241,61,6,3021.0,2983.0,620.0,0.0,720.0,5645.0,722.8436842800282,19011.680799999984,19734.52448428001,2898.0,25.0,7.0,147.0,57.0,20.0,11.0,169.0,34.0,2.0,0.0,0.0,0.0
241,62,6,3054.0,2962.0,635.0,0.0,780.0,5645.0,438.54709304237105,20955.894799999984,21394.441893042353,2898.0,25.0,7.0,147.0,57.0,20.0,11.0,169.0,34.0,2.0,0.0,0.0,0.0
241,63,6,3037.0,2913.0,660.0,0.0,701.0,5645.0,476.66859614222005,18547.08679999998,19023.755396142198,2898.0,25.0,7.0,147.0,57.0,20.0,11.0,169.0,34.0,2.0,0.0,0.0,0.0
241,64,6,3012.0,2924.0,693.0,0.0,809.0,5645.0,560.1082559737773,18994.78039999999,19554.88865597377,2898.0,25.0,7.0,147.0,57.0,20.0,11.0,169.0,34.0,2.0,0.0,0.0,0.0
241,65,6,3045.0,2947.0,646.0,0.0,792.0,5645.0,480.8093765462125,19682.553199999973,20163.362576546184,2898.0,25.0,7.0,147.0,57.0,20.0,11.0,169.0,34.0,2.0,0.0,0.0,0.0
241,66,6,3074.0,2957.0,617.0,0.0,732.0,5645.0,397.3449562053327,20417.35319999999,20814.698156205322,2898.0,25.0,7.0,147.0,57.0,20.0,11.0,169.0,34.0,2.0,0.0,0.0,0.0
241,67,6,3087.0,3016.0,653.0,0.0,784.0,5645.0,234.14574734233705,18833.124399999982,19067.27014734232,2898.0,25.0,7.0,147.0,57.0,20.0,11.0,169.0,34.0,2.0,0.0,0.0,0.0
241,68,6,3093.0,2957.0,637.0,0.0,754.0,5645.0,479.48692926823435,20479.610799999984,20959.097729268222,2898.0,25.0,7.0,147.0,57.0,20.0,11.0,169.0,34.0,2.0,0.0,0.0,0.0
241,69,6,3005.0,2913.0,638.0,0.0,730.0,5645.0,843.8512091402586,18958.90879999998,19802.76000914024,2898.0,25.0,7.0,147.0,57.0,20.0,11.0,169.0,34.0,2.0,0.0,0.0,0.0
241,70,6,3084.0,3001.0,601.0,0.0,697.0,5645.0,355.62892095010915,19121.49999999998,19477.128920950094,2898.0,25.0,7.0,147.0,57.0,20.0,11.0,169.0,34.0,2.0,0.0,0.0,0.0
241,71,6,3080.0,2982.0,639.0,0.0,740.0,5645.0,517.6455955800043,18443.680399999987,18961.325995579988,2898.0,25.0,7.0,147.0,57.0,20.0,11.0,169.0,34.0,2.0,0.0,0.0,0.0
241,72,7,3080.0,2947.0,675.0,0.0,762.0,5645.0,521.7594959379298,21021.959999999966,21543.719495937894,2898.0,25.0,7.0,147.0,57.0,20.0,11.0,169.0,34.0,2.0,0.0,0.0,0.0
241,73,7,3125.0,3024.0,627.0,0.0,689.0,5645.0,723.1370625846992,20699.783599999977,21422.92066258468,2898.0,25.0,7.0,147.0,57.0,20.0,11.0,169.0,34.0,2.0,0.0,0.0,0.0
241,74,7,3029.0,2954.0,659.0,0.0,761.0,5645.0,803.5943889151758,19276.809999999983,20080.404388915158,2898.0,25.0,7.0,147.0,57.0,20.0,11.0,169.0,34.0,2.0,0.0,0.0,0.0
241,75,7,3122.0,3019.0,653.0,0.0,768.0,5645.0,722.158546979772,20820.15719999998,21542.31574697975,2898.0,25.0,7.0,147.0,57.0,20.0,11.0,169.0,34.0,2.0,0.0,0.0,0.0
241,76,7,3104.0,3054.0,669.0,0.0,773.0,5645.0,762.3149066161038,18640.139199999983,19402.45410661609,2898.0,25.0,7.0,147.0,57.0,20.0,11.0,169.0,34.0,2.0,0.0,0.0,0.0
241,77,7,3083.0,2949.0,665.0,0.0,712.0,5645.0,763.6838148320978,18912.950399999987,19676.634214832087,2898.0,25.0,7.0,147.0,57.0,20.0,11.0,169.0,34.0,2.0,0.0,0.0,0.0
241,78,7,2991.0,2931.0,645.0,0.0,764.0,5645.0,397.9919601538203,19030.384799999993,19428.376760153817,2898.0,25.0,7.0,147.0,57.0,20.0,11.0,169.0,34.0,2.0,0.0,0.0,0.0
241,79,7,3039.0,2955.0,639.0,0.0,787.0,5645.0,438.18676482515446,18718.42879999999,19156.615564825144,2898.0,25.0,7.0,147.0,57.0,20.0,11.0,169.0,34.0,2.0,0.0,0.0,0.0
241,80,7,3074.0,2945.0,638.0,0.0,770.0,5645.0,808.1069024937625,17508.947999999982,18317.054902493743,2898.0,25.0,7.0,147.0,57.0,20.0,11.0,169.0,34.0,2.0,0.0,0.0,0.0
241,81,7,2953.0,2940.0,627.0,0.0,767.0,5645.0,397.89243659680295,20228.041999999987,20625.934436596785,2898.0,25.0,7.0,147.0,57.0,20.0,11.0,169.0,34.0,2.0,0.0,0.0,0.0
241,82,7,3058.0,2935.0,674.0,0.0,701.0,5645.0,597.777087913162,19507.60399999998,20105.38108791314,2898.0,25.0,7.0,147.0,57.0,20.0,11.0,169.0,34.0,2.0,0.0,0.0,0.0
241,83,7,3083.0,2973.0,650.0,0.0,719.0,5645.0,760.8197002073008,18636.598799999985,19397.418500207285,2898.0,25.0,7.0,147.0,57.0,20.0,11.0,169.0,34.0,2.0,0.0,0.0,0.0
241,84,8,3010.0,2933.0,639.0,0.0,731.0,5645.0,641.894273811004,17991.043599999983,18632.937873810988,2898.0,25.0,7.0,147.0,57.0,20.0,11.0,169.0,34.0,2.0,0.0,0.0,0.0
241,85,8,3047.0,2929.0,679.0,0.0,741.0,5645.0,1125.5810340365356,20438.52879999997,21564.109834036506,2898.0,25.0,7.0,147.0,57.0,20.0,11.0,169.0,34.0,2.0,0.0,0.0,0.0
241,86,8,3103.0,2958.0,660.0,0.0,759.0,5645.0,843.2579764844804,17379.088799999987,18222.346776484468,2898.0,25.0,7.0,147.0,57.0,20.0,11.0,169.0,34.0,2.0,0.0,0.0,0.0
241,87,8,3004.0,2896.0,645.0,0.0,685.0,5645.0,519.8908452378158,20354.62799999998,20874.51884523779,2898.0,25.0,7.0,147.0,57.0,20.0,11.0,169.0,34.0,2.0,0.0,0.0,0.0
241,88,8,3025.0,2961.0,617.0,0.0,765.0,5645.0,844.6574038560173,18666.591999999982,19511.249403856,2898.0,25.0,7.0,147.0,57.0,20.0,11.0,169.0,34.0,2.0,0.0,0.0,0.0
241,89,8,2999.0,2971.0,602.0,0.0,758.0,5645.0,1127.616783491893,18234.930399999987,19362.54718349188,2898.0,25.0,7.0,147.0,57.0,20.0,11.0,169.0,34.0,2.0,0.0,0.0,0.0
241,90,8,3076.0,2942.0,644.0,0.0,764.0,5645.0,439.98708206988005,19158.239999999987,19598.227082069865,2898.0,25.0,7.0,147.0,57.0,20.0,11.0,169.0,34.0,2.0,0.0,0.0,0.0
241,91,8,3037.0,2958.0,622.0,0.0,735.0,5645.0,356.6475501725364,19645.078399999988,20001.725950172524,2898.0,25.0,7.0,147.0,57.0,20.0,11.0,169.0,34.0,2.0,0.0,0.0,0.0
241,92,8,3060.0,2980.0,619.0,0.0,702.0,5645.0,641.4276561718034,20939.862799999974,21581.290456171777,2898.0,25.0,7.0,147.0,57.0,20.0,11.0,169.0,34.0,2.0,0.0,0.0,0.0
241,93,8,3085.0,2979.0,661.0,0.0,731.0,5645.0,477.3699537735503,18728.248399999993,19205.61835377354,2898.0,25.0,7.0,147.0,57.0,20.0,11.0,169.0,34.0,2.0,0.0,0.0,0.0
241,94,8,3074.0,2966.0,675.0,0.0,716.0,5645.0,559.0039522391334,18156.17319999998,18715.177152239114,2898.0,25.0,7.0,147.0,57.0,20.0,11.0,169.0,34.0,2.0,0.0,0.0,0.0
241,95,8,3094.0,3018.0,642.0,0.0,768.0,5645.0,722.9330035580314,19949.61959999998,20672.55260355801,2898.0,25.0,7.0,147.0,57.0,20.0,11.0,169.0,34.0,2.0,0.0,0.0,0.0
241,96,9,3077.0,2971.0,643.0,0.0,693.0,5645.0,438.8267743502931,19566.45479999997,20005.281574350265,2898.0,25.0,7.0,147.0,57.0,20.0,11.0,169.0,34.0,2.0,0.0,0.0,0.0
241,97,9,3094.0,2997.0,651.0,0.0,762.0,5645.0,477.5723859161821,19396.916399999976,19874.488785916157,2898.0,25.0,7.0,147.0,57.0,20.0,11.0,169.0,34.0,2.0,0.0,0.0,0.0
241,98,9,3117.0,2998.0,659.0,0.0,749.0,5645.0,638.7765730848379,20093.573599999996,20732.350173084833,2898.0,25.0,7.0,147.0,57.0,20.0,11.0,169.0,34.0,2.0,0.0,0.0,0.0
241,99,9,3018.0,2987.0,641.0,0.0,743.0,5645.0,477.8022729679235,20401.053999999982,20878.856272967903,2898.0,25.0,7.0,147.0,57.0,20.0,11.0,169.0,34.0,2.0,0.0,0.0,0.0
241,100,9,2989.0,2931.0,612.0,0.0,701.0,5645.0,640.7404901821913,18664.52119999998,19305.26169018217,2898.0,25.0,7.0,147.0,57.0,20.0,11.0,169.0,34.0,2.0,0.0,0.0,0.0
241,101,9,3072.0,3005.0,628.0,0.0,729.0,5645.0,518.9390336955881,18597.98839999998,19116.927433695568,2898.0,25.0,7.0,147.0,57.0,20.0,11.0,169.0,34.0,2.0,0.0,0.0,0.0
241,102,9,3014.0,2951.0,616.0,0.0,741.0,5645.0,639.56191460814,22212.736799999966,22852.29871460811,2898.0,25.0,7.0,147.0,57.0,20.0,11.0,169.0,34.0,2.0,0.0,0.0,0.0
241,103,9,3039.0,2944.0,667.0,0.0,744.0,5645.0,642.4333376993833,20144.20799999999,20786.641337699373,2898.0,25.0,7.0,147.0,57.0,20.0,11.0,169.0,34.0,2.0,0.0,0.0,0.0
241,104,9,3062.0,2922.0,655.0,0.0,784.0,5645.0,762.1926689705305,19074.33919999997,19836.531868970498,2898.0,25.0,7.0,147.0,57.0,20.0,11.0,169.0,34.0,2.0,0.0,0.0,0.0
241,105,9,3091.0,2987.0,661.0,0.0,786.0,5645.0,923.3054063883533,19394.043999999987,20317.34940638834,2898.0,25.0,7.0,147.0,57.0,20.0,11.0,169.0,34.0,2.0,0.0,0.0,0.0
241,106,9,3105.0,2962.0,639.0,0.0,770.0,5645.0,802.4281662967574,16995.857199999984,17798.28536629674,2898.0,25.0,7.0,147.0,57.0,20.0,11.0,169.0,34.0,2.0,0.0,0.0,0.0
241,107,9,3109.0,2972.0,658.0,0.0,760.0,5645.0,476.6602483448821,19848.150399999988,20324.810648344872,2898.0,25.0,7.0,147.0,57.0,20.0,11.0,169.0,34.0,2.0,0.0,0.0,0.0
241,108,10,3001.0,2975.0,626.0,0.0,745.0,5645.0,560.2535744053722,19943.206799999974,20503.460374405346,2898.0,25.0,7.0,147.0,57.0,20.0,11.0,169.0,34.0,2.0,0.0,0.0,0.0
241,109,10,3044.0,2942.0,682.0,0.0,778.0,5645.0,721.9880829839832,19181.486399999987,19903.474482983966,2898.0,25.0,7.0,147.0,57.0,20.0,11.0,169.0,34.0,2.0,0.0,0.0,0.0
241,110,10,3045.0,2985.0,598.0,0.0,735.0,5645.0,601.397423808482,19842.672799999982,20444.070223808463,2898.0,25.0,7.0,147.0,57.0,20.0,11.0,169.0,34.0,2.0,0.0,0.0,0.0
241,111,10,3002.0,2943.0,649.0,0.0,749.0,5645.0,600.1455911113536,18990.772399999987,19590.917991111342,2898.0,25.0,7.0,147.0,57.0,20.0,11.0,169.0,34.0,2.0,0.0,0.0,0.0
241,112,10,3058.0,2947.0,650.0,0.0,697.0,5645.0,397.40816619226825,19682.75359999998,20080.161766192254,2898.0,25.0,7.0,147.0,57.0,20.0,11.0,169.0,34.0,2.0,0.0,0.0,0.0
241,113,10,3108.0,2940.0,671.0,0.0,755.0,5645.0,720.532519699562,19091.57359999999,19812.10611969955,2898.0,25.0,7.0,147.0,57.0,20.0,11.0,169.0,34.0,2.0,0.0,0.0,0.0
241,114,10,3151.0,3041.0,653.0,0.0,743.0,5645.0,721.2071280103717,15952.908799999994,16674.115928010364,2898.0,25.0,7.0,147.0,57.0,20.0,11.0,169.0,34.0,2.0,0.0,0.0,0.0
241,115,10,3067.0,2992.0,656.0,0.0,744.0,5645.0,478.09518216640566,18840.00479999998,19318.09998216639,2898.0,25.0,7.0,147.0,57.0,20.0,11.0,169.0,34.0,2.0,0.0,0.0,0.0
241,116,10,3103.0,3022.0,664.0,0.0,757.0,5645.0,521.9205665972179,19422.099999999977,19944.0205665972,2898.0,25.0,7.0,147.0,57.0,20.0,11.0,169.0,34.0,2.0,0.0,0.0,0.0
241,117,10,3012.0,2930.0,626.0,0.0,700.0,5645.0,397.23244227466154,19663.915999999983,20061.148442274643,2898.0,25.0,7.0,147.0,57.0,20.0,11.0,169.0,34.0,2.0,0.0,0.0,0.0
241,118,10,3072.0,2915.0,655.0,0.0,717.0,5645.0,925.8430246688808,18774.139999999978,19699.983024668858,2898.0,25.0,7.0,147.0,57.0,20.0,11.0,169.0,34.0,2.0,0.0,0.0,0.0
241,119,10,3085.0,2972.0,665.0,0.0,751.0,5645.0,722.2514152612504,18572.737999999983,19294.989415261236,2898.0,25.0,7.0,147.0,57.0,20.0,11.0,169.0,34.0,2.0,0.0,0.0,0.0
242,0,1,3249.0,3069.0,642.0,0.0,765.0,5645.0,313.8006749152537,21066.983199999984,21380.783874915236,2898.0,25.0,7.0,147.0,57.0,20.0,11.0,169.0,34.0,2.0,0.0,0.0,0.0
242,1,1,3205.0,3106.0,633.0,0.0,788.0,5645.0,353.72332789295376,22758.225599999976,23111.948927892932,2898.0,25.0,7.0,147.0,57.0,20.0,11.0,169.0,34.0,2.0,0.0,0.0,0.0
242,2,1,3149.0,3000.0,645.0,0.0,752.0,5645.0,352.2200159902902,21958.763199999976,22310.983215990265,2898.0,25.0,7.0,147.0,57.0,20.0,11.0,169.0,34.0,2.0,0.0,0.0,0.0
242,3,1,3186.0,2999.0,668.0,0.0,741.0,5645.0,393.60661153356597,22390.558399999976,22784.16501153354,2898.0,25.0,7.0,147.0,57.0,20.0,11.0,169.0,34.0,2.0,0.0,0.0,0.0
242,4,1,3205.0,3051.0,627.0,0.0,756.0,5645.0,396.0994060320797,22870.382799999985,23266.482206032062,2898.0,25.0,7.0,147.0,57.0,20.0,11.0,169.0,34.0,2.0,0.0,0.0,0.0
242,5,1,3237.0,3084.0,650.0,0.0,773.0,5645.0,637.0006180857426,22630.036399999983,23267.037018085728,2898.0,25.0,7.0,147.0,57.0,20.0,11.0,169.0,34.0,2.0,0.0,0.0,0.0
242,6,1,3271.0,3017.0,733.0,0.0,781.0,5645.0,272.7748826748973,21713.94119999998,21986.716082674877,2898.0,25.0,7.0,147.0,57.0,20.0,11.0,169.0,34.0,2.0,0.0,0.0,0.0
242,7,1,3251.0,3094.0,638.0,0.0,799.0,5645.0,312.83733526466943,23170.515199999983,23483.352535264654,2898.0,25.0,7.0,147.0,57.0,20.0,11.0,169.0,34.0,2.0,0.0,0.0,0.0
242,8,1,3270.0,3018.0,680.0,0.0,767.0,5645.0,433.4546561655322,21652.418399999977,22085.87305616551,2898.0,25.0,7.0,147.0,57.0,20.0,11.0,169.0,34.0,2.0,0.0,0.0,0.0
242,9,1,3174.0,3043.0,662.0,0.0,787.0,5645.0,475.6275390165557,22240.79279999998,22716.42033901654,2898.0,25.0,7.0,147.0,57.0,20.0,11.0,169.0,34.0,2.0,0.0,0.0,0.0
242,10,1,3257.0,3127.0,643.0,0.0,832.0,5645.0,310.5984147118617,22729.701999999983,23040.30041471184,2898.0,25.0,7.0,147.0,57.0,20.0,11.0,169.0,34.0,2.0,0.0,0.0,0.0
242,11,1,3236.0,3071.0,656.0,0.0,721.0,5645.0,515.4930210602246,22100.91359999998,22616.406621060207,2898.0,25.0,7.0,147.0,57.0,20.0,11.0,169.0,34.0,2.0,0.0,0.0,0.0
242,12,2,3222.0,3018.0,664.0,0.0,772.0,5645.0,515.2447247226208,21620.354399999986,22135.599124722605,2898.0,25.0,7.0,147.0,57.0,20.0,11.0,169.0,34.0,2.0,0.0,0.0,0.0
242,13,2,3185.0,3066.0,639.0,0.0,772.0,5645.0,477.69789685231785,22677.664799999988,23155.362696852302,2898.0,25.0,7.0,147.0,57.0,20.0,11.0,169.0,34.0,2.0,0.0,0.0,0.0
242,14,2,3188.0,3034.0,693.0,0.0,749.0,5645.0,394.4050765250229,21465.177999999985,21859.583076525007,2898.0,25.0,7.0,147.0,57.0,20.0,11.0,169.0,34.0,2.0,0.0,0.0,0.0
242,15,2,3314.0,3086.0,710.0,0.0,767.0,5645.0,473.46495128191424,21135.987599999986,21609.452551281902,2898.0,25.0,7.0,147.0,57.0,20.0,11.0,169.0,34.0,2.0,0.0,0.0,0.0
242,16,2,3288.0,3083.0,698.0,0.0,785.0,5645.0,351.90810542736847,22556.021999999983,22907.930105427353,2898.0,25.0,7.0,147.0,57.0,20.0,11.0,169.0,34.0,2.0,0.0,0.0,0.0
242,17,2,3260.0,3154.0,587.0,0.0,728.0,5645.0,555.6858342214039,22533.84439999998,23089.530234221384,2898.0,25.0,7.0,147.0,57.0,20.0,11.0,169.0,34.0,2.0,0.0,0.0,0.0
242,18,2,3295.0,3069.0,709.0,0.0,806.0,5645.0,474.58545415585877,21412.07199999998,21886.657454155837,2898.0,25.0,7.0,147.0,57.0,20.0,11.0,169.0,34.0,2.0,0.0,0.0,0.0
242,19,2,3181.0,2948.0,673.0,0.0,751.0,5645.0,759.4024043481113,22540.123599999984,23299.526004348096,2898.0,25.0,7.0,147.0,57.0,20.0,11.0,169.0,34.0,2.0,0.0,0.0,0.0
242,20,2,3255.0,3140.0,647.0,0.0,763.0,5645.0,515.8298403472052,22087.419999999976,22603.249840347184,2898.0,25.0,7.0,147.0,57.0,20.0,11.0,169.0,34.0,2.0,0.0,0.0,0.0
242,21,2,3224.0,3106.0,673.0,0.0,785.0,5645.0,556.4429216094966,21221.424799999986,21777.867721609484,2898.0,25.0,7.0,147.0,57.0,20.0,11.0,169.0,34.0,2.0,0.0,0.0,0.0
242,22,2,3245.0,3080.0,689.0,0.0,776.0,5645.0,435.62880348849114,20784.88679999999,21220.515603488475,2898.0,25.0,7.0,147.0,57.0,20.0,11.0,169.0,34.0,2.0,0.0,0.0,0.0
242,23,2,3211.0,3074.0,680.0,0.0,795.0,5645.0,677.757984657476,21872.65799999999,22550.415984657466,2898.0,25.0,7.0,147.0,57.0,20.0,11.0,169.0,34.0,2.0,0.0,0.0,0.0
242,24,3,3271.0,3088.0,662.0,0.0,788.0,5645.0,759.6778219567302,22083.545599999983,22843.223421956714,2898.0,25.0,7.0,147.0,57.0,20.0,11.0,169.0,34.0,2.0,0.0,0.0,0.0
242,25,3,3193.0,3052.0,650.0,0.0,751.0,5645.0,596.8132880218424,22092.63039999998,22689.44368802182,2898.0,25.0,7.0,147.0,57.0,20.0,11.0,169.0,34.0,2.0,0.0,0.0,0.0
242,26,3,3275.0,3133.0,683.0,0.0,808.0,5645.0,232.99651368036092,22832.239999999987,23065.236513680353,2898.0,25.0,7.0,147.0,57.0,20.0,11.0,169.0,34.0,2.0,0.0,0.0,0.0
242,27,3,3252.0,3073.0,653.0,0.0,786.0,5645.0,353.97211289809246,22200.913199999988,22554.885312898085,2898.0,25.0,7.0,147.0,57.0,20.0,11.0,169.0,34.0,2.0,0.0,0.0,0.0
242,28,3,3247.0,3039.0,673.0,0.0,812.0,5645.0,516.0304390509123,20686.156399999978,21202.18683905089,2898.0,25.0,7.0,147.0,57.0,20.0,11.0,169.0,34.0,2.0,0.0,0.0,0.0
242,29,3,3269.0,3073.0,646.0,0.0,798.0,5645.0,555.9625804962857,22385.74879999998,22941.711380496265,2898.0,25.0,7.0,147.0,57.0,20.0,11.0,169.0,34.0,2.0,0.0,0.0,0.0
242,30,3,3216.0,3084.0,677.0,0.0,807.0,5645.0,599.5899693913283,23151.543999999973,23751.1339693913,2898.0,25.0,7.0,147.0,57.0,20.0,11.0,169.0,34.0,2.0,0.0,0.0,0.0
242,31,3,3245.0,2981.0,659.0,0.0,750.0,5645.0,352.40306884302726,21304.6576,21657.060668843027,2898.0,25.0,7.0,147.0,57.0,20.0,11.0,169.0,34.0,2.0,0.0,0.0,0.0
242,32,3,3281.0,3115.0,684.0,0.0,775.0,5645.0,431.51365043550396,21737.053999999993,22168.567650435496,2898.0,25.0,7.0,147.0,57.0,20.0,11.0,169.0,34.0,2.0,0.0,0.0,0.0
242,33,3,3243.0,3032.0,663.0,0.0,748.0,5645.0,432.547441799667,20856.763599999984,21289.31104179965,2898.0,25.0,7.0,147.0,57.0,20.0,11.0,169.0,34.0,2.0,0.0,0.0,0.0
242,34,3,3212.0,3073.0,650.0,0.0,794.0,5645.0,636.8163734901043,22080.205599999976,22717.021973490086,2898.0,25.0,7.0,147.0,57.0,20.0,11.0,169.0,34.0,2.0,0.0,0.0,0.0
242,35,3,3204.0,3007.0,664.0,0.0,774.0,5645.0,313.53631068280396,20764.17879999999,21077.715110682795,2898.0,25.0,7.0,147.0,57.0,20.0,11.0,169.0,34.0,2.0,0.0,0.0,0.0
242,36,4,3197.0,3063.0,652.0,0.0,799.0,5645.0,354.2509269478687,20108.603599999995,20462.854526947864,2898.0,25.0,7.0,147.0,57.0,20.0,11.0,169.0,34.0,2.0,0.0,0.0,0.0
242,37,4,3270.0,3085.0,670.0,0.0,805.0,5645.0,393.2077298806903,22007.727599999987,22400.93532988068,2898.0,25.0,7.0,147.0,57.0,20.0,11.0,169.0,34.0,2.0,0.0,0.0,0.0
242,38,4,3266.0,3092.0,648.0,0.0,775.0,5645.0,516.0008619270226,21835.717599999978,22351.718461927005,2898.0,25.0,7.0,147.0,57.0,20.0,11.0,169.0,34.0,2.0,0.0,0.0,0.0
242,39,4,3178.0,3028.0,643.0,0.0,790.0,5645.0,273.96786672319683,20853.08959999999,21127.057466723185,2898.0,25.0,7.0,147.0,57.0,20.0,11.0,169.0,34.0,2.0,0.0,0.0,0.0
242,40,4,3269.0,3107.0,638.0,0.0,785.0,5645.0,638.611797399321,22683.209199999983,23321.8209973993,2898.0,25.0,7.0,147.0,57.0,20.0,11.0,169.0,34.0,2.0,0.0,0.0,0.0
242,41,4,3232.0,2995.0,657.0,0.0,814.0,5645.0,556.6647884622122,23186.01279999998,23742.677588462193,2898.0,25.0,7.0,147.0,57.0,20.0,11.0,169.0,34.0,2.0,0.0,0.0,0.0
242,42,4,3236.0,3007.0,684.0,0.0,800.0,5645.0,517.3415696140421,22726.16159999998,23243.50316961402,2898.0,25.0,7.0,147.0,57.0,20.0,11.0,169.0,34.0,2.0,0.0,0.0,0.0
242,43,4,3223.0,3059.0,637.0,0.0,754.0,5645.0,311.18570553190085,22464.30559999997,22775.491305531872,2898.0,25.0,7.0,147.0,57.0,20.0,11.0,169.0,34.0,2.0,0.0,0.0,0.0
242,44,4,3258.0,3103.0,637.0,0.0,775.0,5645.0,477.5114805468582,21867.247199999987,22344.758680546845,2898.0,25.0,7.0,147.0,57.0,20.0,11.0,169.0,34.0,2.0,0.0,0.0,0.0
242,45,4,3206.0,3044.0,621.0,0.0,760.0,5645.0,475.5931269576321,22262.10199999998,22737.695126957613,2898.0,25.0,7.0,147.0,57.0,20.0,11.0,169.0,34.0,2.0,0.0,0.0,0.0
242,46,4,3275.0,3060.0,677.0,0.0,760.0,5645.0,272.560149163929,21834.849199999986,22107.409349163914,2898.0,25.0,7.0,147.0,57.0,20.0,11.0,169.0,34.0,2.0,0.0,0.0,0.0
242,47,4,3255.0,3115.0,664.0,0.0,830.0,5645.0,717.5288001418561,23191.75759999997,23909.286400141827,2898.0,25.0,7.0,147.0,57.0,20.0,11.0,169.0,34.0,2.0,0.0,0.0,0.0
242,48,5,3227.0,2976.0,715.0,0.0,761.0,5645.0,640.2120843947077,22125.629599999997,22765.8416843947,2898.0,25.0,7.0,147.0,57.0,20.0,11.0,169.0,34.0,2.0,0.0,0.0,0.0
242,49,5,3214.0,3092.0,643.0,0.0,771.0,5645.0,312.43350648580173,23537.91519999998,23850.348706485784,2898.0,25.0,7.0,147.0,57.0,20.0,11.0,169.0,34.0,2.0,0.0,0.0,0.0
242,50,5,3238.0,3096.0,672.0,0.0,744.0,5645.0,718.7134611384263,21743.73399999998,22462.447461138407,2898.0,25.0,7.0,147.0,57.0,20.0,11.0,169.0,34.0,2.0,0.0,0.0,0.0
242,51,5,3227.0,3047.0,658.0,0.0,730.0,5645.0,309.0801085899626,20895.44079999999,21204.52090858995,2898.0,25.0,7.0,147.0,57.0,20.0,11.0,169.0,34.0,2.0,0.0,0.0,0.0
242,52,5,3229.0,3017.0,684.0,0.0,773.0,5645.0,393.35131898038117,23495.964799999987,23889.316118980372,2898.0,25.0,7.0,147.0,57.0,20.0,11.0,169.0,34.0,2.0,0.0,0.0,0.0
242,53,5,3265.0,3096.0,698.0,0.0,826.0,5645.0,475.54404593555694,22256.02319999999,22731.567245935552,2898.0,25.0,7.0,147.0,57.0,20.0,11.0,169.0,34.0,2.0,0.0,0.0,0.0
242,54,5,3252.0,3047.0,668.0,0.0,774.0,5645.0,800.0390843901686,21312.873999999985,22112.91308439015,2898.0,25.0,7.0,147.0,57.0,20.0,11.0,169.0,34.0,2.0,0.0,0.0,0.0
242,55,5,3277.0,3067.0,693.0,0.0,759.0,5645.0,435.4704985184391,21472.525999999983,21907.99649851842,2898.0,25.0,7.0,147.0,57.0,20.0,11.0,169.0,34.0,2.0,0.0,0.0,0.0
242,56,5,3249.0,3080.0,676.0,0.0,779.0,5645.0,394.3838811529983,21244.80479999999,21639.188681152988,2898.0,25.0,7.0,147.0,57.0,20.0,11.0,169.0,34.0,2.0,0.0,0.0,0.0
242,57,5,3272.0,3047.0,705.0,0.0,787.0,5645.0,516.9314888849879,21128.171999999977,21645.10348888496,2898.0,25.0,7.0,147.0,57.0,20.0,11.0,169.0,34.0,2.0,0.0,0.0,0.0
242,58,5,3226.0,3050.0,678.0,0.0,768.0,5645.0,638.5532226951118,22715.807599999993,23354.360822695104,2898.0,25.0,7.0,147.0,57.0,20.0,11.0,169.0,34.0,2.0,0.0,0.0,0.0
242,59,5,3252.0,3047.0,632.0,0.0,715.0,5645.0,638.4383517205301,22397.305199999977,23035.74355172051,2898.0,25.0,7.0,147.0,57.0,20.0,11.0,169.0,34.0,2.0,0.0,0.0,0.0
242,60,6,3201.0,3073.0,643.0,0.0,719.0,5645.0,433.3872051125649,21325.499199999977,21758.886405112542,2898.0,25.0,7.0,147.0,57.0,20.0,11.0,169.0,34.0,2.0,0.0,0.0,0.0
242,61,6,3250.0,3066.0,655.0,0.0,814.0,5645.0,231.54448691531024,23977.926799999972,24209.471286915286,2898.0,25.0,7.0,147.0,57.0,20.0,11.0,169.0,34.0,2.0,0.0,0.0,0.0
242,62,6,3241.0,2995.0,702.0,0.0,741.0,5645.0,557.0450355152918,22108.996399999978,22666.041435515268,2898.0,25.0,7.0,147.0,57.0,20.0,11.0,169.0,34.0,2.0,0.0,0.0,0.0
242,63,6,3206.0,3046.0,696.0,0.0,840.0,5645.0,560.2487148304996,21458.097199999982,22018.345914830486,2898.0,25.0,7.0,147.0,57.0,20.0,11.0,169.0,34.0,2.0,0.0,0.0,0.0
242,64,6,3228.0,3054.0,654.0,0.0,814.0,5645.0,395.52164745940956,22961.831999999984,23357.35364745939,2898.0,25.0,7.0,147.0,57.0,20.0,11.0,169.0,34.0,2.0,0.0,0.0,0.0
242,65,6,3256.0,3054.0,637.0,0.0,747.0,5645.0,434.9419619300115,22287.151999999984,22722.093961929997,2898.0,25.0,7.0,147.0,57.0,20.0,11.0,169.0,34.0,2.0,0.0,0.0,0.0
242,66,6,3274.0,3118.0,672.0,0.0,797.0,5645.0,149.74500949060115,21496.306799999984,21646.051809490582,2898.0,25.0,7.0,147.0,57.0,20.0,11.0,169.0,34.0,2.0,0.0,0.0,0.0
242,67,6,3284.0,3049.0,667.0,0.0,793.0,5645.0,355.0124912033557,23196.50039999997,23551.51289120333,2898.0,25.0,7.0,147.0,57.0,20.0,11.0,169.0,34.0,2.0,0.0,0.0,0.0
242,68,6,3192.0,3027.0,653.0,0.0,764.0,5645.0,718.9446043066371,21881.141599999977,22600.08620430661,2898.0,25.0,7.0,147.0,57.0,20.0,11.0,169.0,34.0,2.0,0.0,0.0,0.0
242,69,6,3265.0,3088.0,629.0,0.0,752.0,5645.0,433.33407478578596,22358.895199999984,22792.22927478577,2898.0,25.0,7.0,147.0,57.0,20.0,11.0,169.0,34.0,2.0,0.0,0.0,0.0
242,70,6,3266.0,3075.0,655.0,0.0,775.0,5645.0,392.4863062798398,20250.15279999998,20642.63910627982,2898.0,25.0,7.0,147.0,57.0,20.0,11.0,169.0,34.0,2.0,0.0,0.0,0.0
242,71,6,3257.0,3035.0,694.0,0.0,782.0,5645.0,436.06940480333486,23095.69919999997,23531.768604803307,2898.0,25.0,7.0,147.0,57.0,20.0,11.0,169.0,34.0,2.0,0.0,0.0,0.0
242,72,7,3289.0,3109.0,648.0,0.0,719.0,5645.0,475.7051909166556,23582.337199999973,24058.04239091663,2898.0,25.0,7.0,147.0,57.0,20.0,11.0,169.0,34.0,2.0,0.0,0.0,0.0
242,73,7,3219.0,3050.0,686.0,0.0,805.0,5645.0,637.9651089899668,22494.699599999985,23132.664708989952,2898.0,25.0,7.0,147.0,57.0,20.0,11.0,169.0,34.0,2.0,0.0,0.0,0.0
242,74,7,3295.0,3110.0,680.0,0.0,796.0,5645.0,394.6881829116072,23228.96519999997,23623.653382911583,2898.0,25.0,7.0,147.0,57.0,20.0,11.0,169.0,34.0,2.0,0.0,0.0,0.0
242,75,7,3276.0,3128.0,697.0,0.0,796.0,5645.0,556.4729132212233,22197.639999999985,22754.11291322121,2898.0,25.0,7.0,147.0,57.0,20.0,11.0,169.0,34.0,2.0,0.0,0.0,0.0
242,76,7,3290.0,3040.0,698.0,0.0,767.0,5645.0,679.6496619247505,22090.158799999983,22769.80846192473,2898.0,25.0,7.0,147.0,57.0,20.0,11.0,169.0,34.0,2.0,0.0,0.0,0.0
242,77,7,3205.0,3033.0,681.0,0.0,808.0,5645.0,394.09176547570473,22290.15799999999,22684.249765475695,2898.0,25.0,7.0,147.0,57.0,20.0,11.0,169.0,34.0,2.0,0.0,0.0,0.0
242,78,7,3238.0,3037.0,668.0,0.0,815.0,5645.0,272.08651897218095,21310.53599999999,21582.622518972174,2898.0,25.0,7.0,147.0,57.0,20.0,11.0,169.0,34.0,2.0,0.0,0.0,0.0
242,79,7,3254.0,3045.0,664.0,0.0,814.0,5645.0,640.2629913192355,21059.902399999984,21700.165391319217,2898.0,25.0,7.0,147.0,57.0,20.0,11.0,169.0,34.0,2.0,0.0,0.0,0.0
242,80,7,3130.0,3022.0,656.0,0.0,810.0,5645.0,314.3951091386035,23129.633599999986,23444.02870913859,2898.0,25.0,7.0,147.0,57.0,20.0,11.0,169.0,34.0,2.0,0.0,0.0,0.0
242,81,7,3224.0,3033.0,686.0,0.0,728.0,5645.0,432.75463513914605,21628.63759999998,22061.392235139127,2898.0,25.0,7.0,147.0,57.0,20.0,11.0,169.0,34.0,2.0,0.0,0.0,0.0
242,82,7,3257.0,3071.0,660.0,0.0,763.0,5645.0,554.5970202878716,21334.65079999998,21889.247820287856,2898.0,25.0,7.0,147.0,57.0,20.0,11.0,169.0,34.0,2.0,0.0,0.0,0.0
242,83,7,3209.0,3045.0,668.0,0.0,761.0,5645.0,396.3053111578761,20797.511999999988,21193.817311157865,2898.0,25.0,7.0,147.0,57.0,20.0,11.0,169.0,34.0,2.0,0.0,0.0,0.0
242,84,8,3229.0,3048.0,690.0,0.0,792.0,5645.0,351.77533112932804,21438.25759999997,21790.0329311293,2898.0,25.0,7.0,147.0,57.0,20.0,11.0,169.0,34.0,2.0,0.0,0.0,0.0
242,85,8,3285.0,3050.0,690.0,0.0,795.0,5645.0,597.8773936636846,20796.977599999984,21394.854993663666,2898.0,25.0,7.0,147.0,57.0,20.0,11.0,169.0,34.0,2.0,0.0,0.0,0.0
242,86,8,3200.0,3057.0,616.0,0.0,672.0,5645.0,312.6955579562855,22459.02839999998,22771.723957956267,2898.0,25.0,7.0,147.0,57.0,20.0,11.0,169.0,34.0,2.0,0.0,0.0,0.0
242,87,8,3233.0,3077.0,644.0,0.0,779.0,5645.0,925.1386776470813,22666.241999999977,23591.38067764706,2898.0,25.0,7.0,147.0,57.0,20.0,11.0,169.0,34.0,2.0,0.0,0.0,0.0
242,88,8,3185.0,3078.0,611.0,0.0,791.0,5645.0,758.3440948247295,21030.97799999999,21789.322094824718,2898.0,25.0,7.0,147.0,57.0,20.0,11.0,169.0,34.0,2.0,0.0,0.0,0.0
242,89,8,3255.0,3043.0,664.0,0.0,785.0,5645.0,435.7420246335633,21394.16959999999,21829.911624633554,2898.0,25.0,7.0,147.0,57.0,20.0,11.0,169.0,34.0,2.0,0.0,0.0,0.0
242,90,8,3201.0,3053.0,645.0,0.0,756.0,5645.0,231.96778227766367,22557.75879999999,22789.72658227765,2898.0,25.0,7.0,147.0,57.0,20.0,11.0,169.0,34.0,2.0,0.0,0.0,0.0
242,91,8,3255.0,3087.0,637.0,0.0,726.0,5645.0,596.3410210019467,23233.03999999997,23829.38102100192,2898.0,25.0,7.0,147.0,57.0,20.0,11.0,169.0,34.0,2.0,0.0,0.0,0.0
242,92,8,3254.0,3069.0,678.0,0.0,764.0,5645.0,311.6736758477534,21218.61919999999,21530.292875847743,2898.0,25.0,7.0,147.0,57.0,20.0,11.0,169.0,34.0,2.0,0.0,0.0,0.0
242,93,8,3259.0,3077.0,692.0,0.0,753.0,5645.0,312.80663656716627,21183.949999999986,21496.756636567152,2898.0,25.0,7.0,147.0,57.0,20.0,11.0,169.0,34.0,2.0,0.0,0.0,0.0
242,94,8,3310.0,3101.0,677.0,0.0,803.0,5645.0,475.76705812430305,23445.59759999998,23921.364658124283,2898.0,25.0,7.0,147.0,57.0,20.0,11.0,169.0,34.0,2.0,0.0,0.0,0.0
242,95,8,3256.0,3060.0,670.0,0.0,717.0,5645.0,435.0029304822221,21805.991599999976,22240.9945304822,2898.0,25.0,7.0,147.0,57.0,20.0,11.0,169.0,34.0,2.0,0.0,0.0,0.0
242,96,9,3282.0,3090.0,669.0,0.0,778.0,5645.0,475.25974492280113,22033.445599999974,22508.705344922775,2898.0,25.0,7.0,147.0,57.0,20.0,11.0,169.0,34.0,2.0,0.0,0.0,0.0
242,97,9,3321.0,3095.0,687.0,0.0,794.0,5645.0,433.8302112289827,23313.33359999999,23747.163811228973,2898.0,25.0,7.0,147.0,57.0,20.0,11.0,169.0,34.0,2.0,0.0,0.0,0.0
242,98,9,3190.0,3074.0,653.0,0.0,776.0,5645.0,353.1141988007242,23749.403999999973,24102.5181988007,2898.0,25.0,7.0,147.0,57.0,20.0,11.0,169.0,34.0,2.0,0.0,0.0,0.0
242,99,9,3195.0,3037.0,628.0,0.0,736.0,5645.0,394.61104141194346,22121.955599999976,22516.566641411922,2898.0,25.0,7.0,147.0,57.0,20.0,11.0,169.0,34.0,2.0,0.0,0.0,0.0
242,100,9,3263.0,3102.0,651.0,0.0,762.0,5645.0,475.0270928859634,22090.492799999985,22565.519892885946,2898.0,25.0,7.0,147.0,57.0,20.0,11.0,169.0,34.0,2.0,0.0,0.0,0.0
242,101,9,3230.0,3076.0,642.0,0.0,764.0,5645.0,392.9941884383777,24704.51039999997,25097.50458843835,2898.0,25.0,7.0,147.0,57.0,20.0,11.0,169.0,34.0,2.0,0.0,0.0,0.0
242,102,9,3236.0,3069.0,662.0,0.0,762.0,5645.0,435.188238608597,23174.72359999998,23609.911838608572,2898.0,25.0,7.0,147.0,57.0,20.0,11.0,169.0,34.0,2.0,0.0,0.0,0.0
242,103,9,3243.0,3043.0,653.0,0.0,803.0,5645.0,799.4477018841417,20847.27799999997,21646.725701884112,2898.0,25.0,7.0,147.0,57.0,20.0,11.0,169.0,34.0,2.0,0.0,0.0,0.0
242,104,9,3282.0,3091.0,679.0,0.0,813.0,5645.0,554.794319219967,21262.573599999985,21817.367919219956,2898.0,25.0,7.0,147.0,57.0,20.0,11.0,169.0,34.0,2.0,0.0,0.0,0.0
242,105,9,3272.0,3059.0,657.0,0.0,834.0,5645.0,680.0154724319383,20741.934399999987,21421.949872431927,2898.0,25.0,7.0,147.0,57.0,20.0,11.0,169.0,34.0,2.0,0.0,0.0,0.0
242,106,9,3324.0,3077.0,682.0,0.0,793.0,5645.0,311.96136287289767,21483.280799999993,21795.24216287289,2898.0,25.0,7.0,147.0,57.0,20.0,11.0,169.0,34.0,2.0,0.0,0.0,0.0
242,107,9,3204.0,3085.0,656.0,0.0,810.0,5645.0,394.07791768016943,23470.71439999998,23864.792317680145,2898.0,25.0,7.0,147.0,57.0,20.0,11.0,169.0,34.0,2.0,0.0,0.0,0.0
242,108,10,3248.0,3060.0,699.0,0.0,802.0,5645.0,838.6816121214165,23422.284399999982,24260.966012121404,2898.0,25.0,7.0,147.0,57.0,20.0,11.0,169.0,34.0,2.0,0.0,0.0,0.0
242,109,10,3249.0,3079.0,626.0,0.0,769.0,5645.0,435.0315008646295,22724.69199999999,23159.723500864617,2898.0,25.0,7.0,147.0,57.0,20.0,11.0,169.0,34.0,2.0,0.0,0.0,0.0
242,110,10,3192.0,3037.0,675.0,0.0,789.0,5645.0,637.2491185871174,21855.75759999998,22493.006718587098,2898.0,25.0,7.0,147.0,57.0,20.0,11.0,169.0,34.0,2.0,0.0,0.0,0.0
242,111,10,3238.0,3060.0,651.0,0.0,739.0,5645.0,312.85398262499723,22977.930799999987,23290.784782624985,2898.0,25.0,7.0,147.0,57.0,20.0,11.0,169.0,34.0,2.0,0.0,0.0,0.0
242,112,10,3285.0,3025.0,700.0,0.0,782.0,5645.0,515.4726399146564,22021.287999999986,22536.760639914646,2898.0,25.0,7.0,147.0,57.0,20.0,11.0,169.0,34.0,2.0,0.0,0.0,0.0
242,113,10,3356.0,3139.0,681.0,0.0,742.0,5645.0,514.6400328187236,19146.082399999992,19660.722432818715,2898.0,25.0,7.0,147.0,57.0,20.0,11.0,169.0,34.0,2.0,0.0,0.0,0.0
242,114,10,3237.0,3069.0,683.0,0.0,783.0,5645.0,474.05697401946037,22084.68119999998,22558.73817401944,2898.0,25.0,7.0,147.0,57.0,20.0,11.0,169.0,34.0,2.0,0.0,0.0,0.0
242,115,10,3274.0,3104.0,681.0,0.0,792.0,5645.0,355.61899715806453,22001.247999999978,22356.866997158042,2898.0,25.0,7.0,147.0,57.0,20.0,11.0,169.0,34.0,2.0,0.0,0.0,0.0
242,116,10,3202.0,3031.0,643.0,0.0,739.0,5645.0,394.4873392953825,22790.222799999974,23184.710139295355,2898.0,25.0,7.0,147.0,57.0,20.0,11.0,169.0,34.0,2.0,0.0,0.0,0.0
242,117,10,3265.0,3022.0,672.0,0.0,735.0,5645.0,679.0308980435427,21203.78959999998,21882.820498043526,2898.0,25.0,7.0,147.0,57.0,20.0,11.0,169.0,34.0,2.0,0.0,0.0,0.0
242,118,10,3280.0,3050.0,712.0,0.0,787.0,5645.0,475.67731772010177,21209.801599999988,21685.47891772009,2898.0,25.0,7.0,147.0,57.0,20.0,11.0,169.0,34.0,2.0,0.0,0.0,0.0
242,119,10,3258.0,3080.0,672.0,0.0,758.0,5645.0,554.7484535375216,23084.142799999972,23638.8912535375,2898.0,25.0,7.0,147.0,57.0,20.0,11.0,169.0,34.0,2.0,0.0,0.0,0.0
243,0,1,2943.0,2993.0,571.0,0.0,763.0,5645.0,605.5102476135219,19639.86799999999,20245.378247613513,2898.0,25.0,7.0,147.0,57.0,20.0,11.0,169.0,34.0,2.0,0.0,0.0,0.0
243,1,1,2903.0,2889.0,598.0,0.0,746.0,5645.0,484.61670854974676,20380.94719999998,20865.563908549728,2898.0,25.0,7.0,147.0,57.0,20.0,11.0,169.0,34.0,2.0,0.0,0.0,0.0
243,2,1,2906.0,2894.0,598.0,0.0,734.0,5645.0,606.2321954014438,21526.63399999998,22132.866195401424,2898.0,25.0,7.0,147.0,57.0,20.0,11.0,169.0,34.0,2.0,0.0,0.0,0.0
243,3,1,2962.0,2947.0,584.0,0.0,712.0,5645.0,280.27797791477354,21040.12959999998,21320.407577914753,2898.0,25.0,7.0,147.0,57.0,20.0,11.0,169.0,34.0,2.0,0.0,0.0,0.0
243,4,1,3000.0,3007.0,580.0,0.0,732.0,5645.0,401.83226188170397,21244.003199999985,21645.83546188169,2898.0,25.0,7.0,147.0,57.0,20.0,11.0,169.0,34.0,2.0,0.0,0.0,0.0
243,5,1,3005.0,2895.0,683.0,0.0,756.0,5645.0,444.8978946960883,19633.588799999983,20078.48669469607,2898.0,25.0,7.0,147.0,57.0,20.0,11.0,169.0,34.0,2.0,0.0,0.0,0.0
243,6,1,3009.0,2977.0,598.0,0.0,747.0,5645.0,605.9927376243367,19044.54639999999,19650.53913762432,2898.0,25.0,7.0,147.0,57.0,20.0,11.0,169.0,34.0,2.0,0.0,0.0,0.0
243,7,1,3007.0,2912.0,610.0,0.0,749.0,5645.0,646.519691673851,21190.02879999998,21836.548491673828,2898.0,25.0,7.0,147.0,57.0,20.0,11.0,169.0,34.0,2.0,0.0,0.0,0.0
243,8,1,2941.0,2945.0,610.0,0.0,744.0,5645.0,483.92151215584704,18939.269599999985,19423.191112155833,2898.0,25.0,7.0,147.0,57.0,20.0,11.0,169.0,34.0,2.0,0.0,0.0,0.0
243,9,1,3000.0,3003.0,608.0,0.0,777.0,5645.0,321.3605762271107,20021.56319999999,20342.923776227097,2898.0,25.0,7.0,147.0,57.0,20.0,11.0,169.0,34.0,2.0,0.0,0.0,0.0
243,10,1,2954.0,2923.0,633.0,0.0,732.0,5645.0,971.8373755270391,19595.111999999986,20566.94937552702,2898.0,25.0,7.0,147.0,57.0,20.0,11.0,169.0,34.0,2.0,0.0,0.0,0.0
243,11,1,2956.0,2900.0,616.0,0.0,739.0,5645.0,808.3225808893772,19500.990799999985,20309.31338088936,2898.0,25.0,7.0,147.0,57.0,20.0,11.0,169.0,34.0,2.0,0.0,0.0,0.0
243,12,2,2934.0,2942.0,601.0,0.0,757.0,5645.0,689.0762664998289,19726.574399999983,20415.650666499816,2898.0,25.0,7.0,147.0,57.0,20.0,11.0,169.0,34.0,2.0,0.0,0.0,0.0
243,13,2,2927.0,2912.0,638.0,0.0,719.0,5645.0,727.9527014207994,19644.61079999998,20372.56350142078,2898.0,25.0,7.0,147.0,57.0,20.0,11.0,169.0,34.0,2.0,0.0,0.0,0.0
243,14,2,3036.0,2976.0,658.0,0.0,763.0,5645.0,687.4760704908786,20701.38679999998,21388.862870490855,2898.0,25.0,7.0,147.0,57.0,20.0,11.0,169.0,34.0,2.0,0.0,0.0,0.0
243,15,2,3027.0,2989.0,629.0,0.0,767.0,5645.0,809.8684320340724,20542.60319999998,21352.471632034052,2898.0,25.0,7.0,147.0,57.0,20.0,11.0,169.0,34.0,2.0,0.0,0.0,0.0
243,16,2,2993.0,3009.0,567.0,0.0,701.0,5645.0,727.9657881208923,19959.105199999987,20687.07098812088,2898.0,25.0,7.0,147.0,57.0,20.0,11.0,169.0,34.0,2.0,0.0,0.0,0.0
243,17,2,3037.0,2934.0,670.0,0.0,784.0,5645.0,525.027442887055,20090.56759999998,20615.595042887035,2898.0,25.0,7.0,147.0,57.0,20.0,11.0,169.0,34.0,2.0,0.0,0.0,0.0
243,18,2,2938.0,2849.0,618.0,0.0,728.0,5645.0,728.6612093561005,19221.4996,19950.1608093561,2898.0,25.0,7.0,147.0,57.0,20.0,11.0,169.0,34.0,2.0,0.0,0.0,0.0
243,19,2,2992.0,3027.0,589.0,0.0,707.0,5645.0,688.6676164348739,18978.881999999983,19667.54961643486,2898.0,25.0,7.0,147.0,57.0,20.0,11.0,169.0,34.0,2.0,0.0,0.0,0.0
243,20,2,2961.0,2983.0,627.0,0.0,758.0,5645.0,605.9368133849905,18977.078399999988,19583.01521338498,2898.0,25.0,7.0,147.0,57.0,20.0,11.0,169.0,34.0,2.0,0.0,0.0,0.0
243,21,2,3018.0,2948.0,663.0,0.0,717.0,5645.0,524.8180980495815,20274.801999999985,20799.620098049563,2898.0,25.0,7.0,147.0,57.0,20.0,11.0,169.0,34.0,2.0,0.0,0.0,0.0
243,22,2,2960.0,2945.0,633.0,0.0,760.0,5645.0,850.7985566114215,19432.05319999999,20282.851756611417,2898.0,25.0,7.0,147.0,57.0,20.0,11.0,169.0,34.0,2.0,0.0,0.0,0.0
243,23,2,2980.0,2920.0,639.0,0.0,805.0,5645.0,729.4128619253338,20319.557999999983,21048.970861925314,2898.0,25.0,7.0,147.0,57.0,20.0,11.0,169.0,34.0,2.0,0.0,0.0,0.0
243,24,3,2933.0,2922.0,607.0,0.0,762.0,5645.0,729.9602114471713,21346.20719999998,22076.167411447153,2898.0,25.0,7.0,147.0,57.0,20.0,11.0,169.0,34.0,2.0,0.0,0.0,0.0
243,25,3,3034.0,3011.0,650.0,0.0,795.0,5645.0,528.3634793364585,20223.232399999986,20751.595879336448,2898.0,25.0,7.0,147.0,57.0,20.0,11.0,169.0,34.0,2.0,0.0,0.0,0.0
243,26,3,2993.0,2931.0,628.0,0.0,769.0,5645.0,525.9037137686432,20341.40159999999,20867.305313768633,2898.0,25.0,7.0,147.0,57.0,20.0,11.0,169.0,34.0,2.0,0.0,0.0,0.0
243,27,3,2962.0,2919.0,619.0,0.0,760.0,5645.0,688.495781423359,18526.97999999998,19215.475781423338,2898.0,25.0,7.0,147.0,57.0,20.0,11.0,169.0,34.0,2.0,0.0,0.0,0.0
243,28,3,3011.0,2949.0,617.0,0.0,758.0,5645.0,852.2725014836867,21295.171999999977,22147.444501483667,2898.0,25.0,7.0,147.0,57.0,20.0,11.0,169.0,34.0,2.0,0.0,0.0,0.0
243,29,3,2958.0,2956.0,636.0,0.0,809.0,5645.0,851.3593612389639,20610.805999999968,21462.16536123893,2898.0,25.0,7.0,147.0,57.0,20.0,11.0,169.0,34.0,2.0,0.0,0.0,0.0
243,30,3,2977.0,2868.0,594.0,0.0,715.0,5645.0,564.8370142193056,19503.66279999999,20068.499814219296,2898.0,25.0,7.0,147.0,57.0,20.0,11.0,169.0,34.0,2.0,0.0,0.0,0.0
243,31,3,3024.0,3014.0,621.0,0.0,778.0,5645.0,483.60418784012796,21022.561199999986,21506.165387840116,2898.0,25.0,7.0,147.0,57.0,20.0,11.0,169.0,34.0,2.0,0.0,0.0,0.0
243,32,3,3003.0,2915.0,620.0,0.0,750.0,5645.0,523.6637146963246,18989.235999999986,19512.89971469631,2898.0,25.0,7.0,147.0,57.0,20.0,11.0,169.0,34.0,2.0,0.0,0.0,0.0
243,33,3,2959.0,2974.0,600.0,0.0,762.0,5645.0,604.7219106875389,19405.132799999985,20009.85471068752,2898.0,25.0,7.0,147.0,57.0,20.0,11.0,169.0,34.0,2.0,0.0,0.0,0.0
243,34,3,2961.0,2894.0,616.0,0.0,748.0,5645.0,527.9441868285351,19172.267999999993,19700.21218682853,2898.0,25.0,7.0,147.0,57.0,20.0,11.0,169.0,34.0,2.0,0.0,0.0,0.0
243,35,3,2939.0,2902.0,627.0,0.0,754.0,5645.0,525.5779293408258,19076.944399999986,19602.522329340813,2898.0,25.0,7.0,147.0,57.0,20.0,11.0,169.0,34.0,2.0,0.0,0.0,0.0
243,36,4,2985.0,2942.0,625.0,0.0,754.0,5645.0,645.1376807324202,20295.242799999993,20940.380480732412,2898.0,25.0,7.0,147.0,57.0,20.0,11.0,169.0,34.0,2.0,0.0,0.0,0.0
243,37,4,2997.0,2967.0,608.0,0.0,749.0,5645.0,767.6604258961256,20110.206799999978,20877.867225896105,2898.0,25.0,7.0,147.0,57.0,20.0,11.0,169.0,34.0,2.0,0.0,0.0,0.0
243,38,4,2912.0,2901.0,607.0,0.0,748.0,5645.0,441.3655324987132,21520.822399999983,21962.187932498695,2898.0,25.0,7.0,147.0,57.0,20.0,11.0,169.0,34.0,2.0,0.0,0.0,0.0
243,39,4,2987.0,2950.0,620.0,0.0,803.0,5645.0,930.4150309653457,20914.21159999998,21844.626630965326,2898.0,25.0,7.0,147.0,57.0,20.0,11.0,169.0,34.0,2.0,0.0,0.0,0.0
243,40,4,2998.0,2888.0,623.0,0.0,801.0,5645.0,689.4415915494893,21746.071999999975,22435.513591549465,2898.0,25.0,7.0,147.0,57.0,20.0,11.0,169.0,34.0,2.0,0.0,0.0,0.0
243,41,4,2996.0,2895.0,639.0,0.0,741.0,5645.0,851.9755535153583,19846.814399999974,20698.789953515334,2898.0,25.0,7.0,147.0,57.0,20.0,11.0,169.0,34.0,2.0,0.0,0.0,0.0
243,42,4,2977.0,2943.0,597.0,0.0,748.0,5645.0,442.81894441676263,20725.50159999997,21168.320544416732,2898.0,25.0,7.0,147.0,57.0,20.0,11.0,169.0,34.0,2.0,0.0,0.0,0.0
243,43,4,2996.0,2997.0,581.0,0.0,751.0,5645.0,324.0458279166481,21618.417199999985,21942.46302791663,2898.0,25.0,7.0,147.0,57.0,20.0,11.0,169.0,34.0,2.0,0.0,0.0,0.0
243,44,4,2925.0,2926.0,563.0,0.0,764.0,5645.0,528.0502768538637,21018.686799999985,21546.73707685385,2898.0,25.0,7.0,147.0,57.0,20.0,11.0,169.0,34.0,2.0,0.0,0.0,0.0
243,45,4,3032.0,2945.0,637.0,0.0,749.0,5645.0,771.5677076136602,21201.451599999982,21973.019307613642,2898.0,25.0,7.0,147.0,57.0,20.0,11.0,169.0,34.0,2.0,0.0,0.0,0.0
243,46,4,2997.0,3006.0,618.0,0.0,776.0,5645.0,807.3953608847755,20816.616799999974,21624.012160884748,2898.0,25.0,7.0,147.0,57.0,20.0,11.0,169.0,34.0,2.0,0.0,0.0,0.0
243,47,4,2960.0,2846.0,656.0,0.0,739.0,5645.0,891.5017533742235,20307.467199999992,21198.968953374217,2898.0,25.0,7.0,147.0,57.0,20.0,11.0,169.0,34.0,2.0,0.0,0.0,0.0
243,48,5,2924.0,2944.0,601.0,0.0,750.0,5645.0,444.1391472346437,22600.043199999982,23044.182347234622,2898.0,25.0,7.0,147.0,57.0,20.0,11.0,169.0,34.0,2.0,0.0,0.0,0.0
243,49,5,2996.0,2980.0,628.0,0.0,750.0,5645.0,647.5958658434756,20014.081599999983,20661.67746584346,2898.0,25.0,7.0,147.0,57.0,20.0,11.0,169.0,34.0,2.0,0.0,0.0,0.0
243,50,5,2977.0,2919.0,624.0,0.0,754.0,5645.0,726.5091367912866,20463.51199999998,21190.02113679127,2898.0,25.0,7.0,147.0,57.0,20.0,11.0,169.0,34.0,2.0,0.0,0.0,0.0
243,51,5,2980.0,2907.0,647.0,0.0,738.0,5645.0,524.8638621747023,20709.603199999987,21234.46706217469,2898.0,25.0,7.0,147.0,57.0,20.0,11.0,169.0,34.0,2.0,0.0,0.0,0.0
243,52,5,3016.0,2987.0,642.0,0.0,784.0,5645.0,729.174767306597,19954.629599999993,20683.80436730659,2898.0,25.0,7.0,147.0,57.0,20.0,11.0,169.0,34.0,2.0,0.0,0.0,0.0
243,53,5,2972.0,2931.0,611.0,0.0,754.0,5645.0,892.3743791882777,18864.720799999977,19757.095179188254,2898.0,25.0,7.0,147.0,57.0,20.0,11.0,169.0,34.0,2.0,0.0,0.0,0.0
243,54,5,2998.0,2921.0,646.0,0.0,713.0,5645.0,485.3041993206758,20634.25279999998,21119.556999320655,2898.0,25.0,7.0,147.0,57.0,20.0,11.0,169.0,34.0,2.0,0.0,0.0,0.0
243,55,5,2963.0,2929.0,644.0,0.0,766.0,5645.0,403.71471140806665,20067.588399999986,20471.30311140805,2898.0,25.0,7.0,147.0,57.0,20.0,11.0,169.0,34.0,2.0,0.0,0.0,0.0
243,56,5,3034.0,2956.0,639.0,0.0,753.0,5645.0,605.6650259243547,19132.25479999998,19737.919825924335,2898.0,25.0,7.0,147.0,57.0,20.0,11.0,169.0,34.0,2.0,0.0,0.0,0.0
243,57,5,2963.0,2944.0,609.0,0.0,762.0,5645.0,603.9758094999235,21828.837199999987,22432.813009499907,2898.0,25.0,7.0,147.0,57.0,20.0,11.0,169.0,34.0,2.0,0.0,0.0,0.0
243,58,5,2994.0,2925.0,579.0,0.0,737.0,5645.0,606.9579961091458,20716.48359999999,21323.441596109133,2898.0,25.0,7.0,147.0,57.0,20.0,11.0,169.0,34.0,2.0,0.0,0.0,0.0
243,59,5,2952.0,2953.0,603.0,0.0,713.0,5645.0,728.4308380439638,19589.433999999983,20317.864838043948,2898.0,25.0,7.0,147.0,57.0,20.0,11.0,169.0,34.0,2.0,0.0,0.0,0.0
243,60,6,2996.0,2943.0,621.0,0.0,792.0,5645.0,403.9089690723358,22204.052799999983,22607.961769072317,2898.0,25.0,7.0,147.0,57.0,20.0,11.0,169.0,34.0,2.0,0.0,0.0,0.0
243,61,6,2982.0,2897.0,645.0,0.0,716.0,5645.0,441.4452110154333,20069.725999999977,20511.17121101541,2898.0,25.0,7.0,147.0,57.0,20.0,11.0,169.0,34.0,2.0,0.0,0.0,0.0
243,62,6,2944.0,2919.0,658.0,0.0,814.0,5645.0,442.4218578131382,20422.563599999983,20864.985457813127,2898.0,25.0,7.0,147.0,57.0,20.0,11.0,169.0,34.0,2.0,0.0,0.0,0.0
243,63,6,2979.0,2940.0,617.0,0.0,796.0,5645.0,609.382202756298,20389.163599999978,20998.545802756278,2898.0,25.0,7.0,147.0,57.0,20.0,11.0,169.0,34.0,2.0,0.0,0.0,0.0
243,64,6,3015.0,2930.0,606.0,0.0,731.0,5645.0,401.36880758912855,21146.14119999999,21547.510007589117,2898.0,25.0,7.0,147.0,57.0,20.0,11.0,169.0,34.0,2.0,0.0,0.0,0.0
243,65,6,3019.0,3008.0,617.0,0.0,779.0,5645.0,280.2315987198336,19939.532799999983,20219.764398719813,2898.0,25.0,7.0,147.0,57.0,20.0,11.0,169.0,34.0,2.0,0.0,0.0,0.0
243,66,6,3016.0,2935.0,619.0,0.0,752.0,5645.0,444.0172198484265,21702.85239999998,22146.869619848407,2898.0,25.0,7.0,147.0,57.0,20.0,11.0,169.0,34.0,2.0,0.0,0.0,0.0
243,67,6,2935.0,2894.0,618.0,0.0,753.0,5645.0,486.73705996602735,19859.639999999978,20346.377059966006,2898.0,25.0,7.0,147.0,57.0,20.0,11.0,169.0,34.0,2.0,0.0,0.0,0.0
243,68,6,3012.0,2959.0,594.0,0.0,704.0,5645.0,318.18229564115506,19638.19799999998,19956.380295641135,2898.0,25.0,7.0,147.0,57.0,20.0,11.0,169.0,34.0,2.0,0.0,0.0,0.0
243,69,6,3015.0,2959.0,611.0,0.0,747.0,5645.0,523.1378002390388,19451.02439999998,19974.16220023902,2898.0,25.0,7.0,147.0,57.0,20.0,11.0,169.0,34.0,2.0,0.0,0.0,0.0
243,70,6,3018.0,2948.0,634.0,0.0,762.0,5645.0,365.8117014958899,22276.463999999967,22642.275701495855,2898.0,25.0,7.0,147.0,57.0,20.0,11.0,169.0,34.0,2.0,0.0,0.0,0.0
243,71,6,3042.0,2990.0,602.0,0.0,705.0,5645.0,769.1090348175024,21366.581199999982,22135.690234817484,2898.0,25.0,7.0,147.0,57.0,20.0,11.0,169.0,34.0,2.0,0.0,0.0,0.0
243,72,7,2975.0,2942.0,633.0,0.0,792.0,5645.0,608.6698564672662,21841.39559999998,22450.065456467244,2898.0,25.0,7.0,147.0,57.0,20.0,11.0,169.0,34.0,2.0,0.0,0.0,0.0
243,73,7,3065.0,2994.0,643.0,0.0,788.0,5645.0,849.8508568407409,22191.026799999985,23040.877656840727,2898.0,25.0,7.0,147.0,57.0,20.0,11.0,169.0,34.0,2.0,0.0,0.0,0.0
243,74,7,3042.0,3036.0,650.0,0.0,775.0,5645.0,767.8450854866888,19840.535199999988,20608.380285486674,2898.0,25.0,7.0,147.0,57.0,20.0,11.0,169.0,34.0,2.0,0.0,0.0,0.0
243,75,7,3007.0,2927.0,650.0,0.0,729.0,5645.0,771.1693956906774,20512.342799999984,21283.512195690655,2898.0,25.0,7.0,147.0,57.0,20.0,11.0,169.0,34.0,2.0,0.0,0.0,0.0
243,76,7,2926.0,2913.0,621.0,0.0,771.0,5645.0,486.10182248288714,20201.455599999987,20687.557422482874,2898.0,25.0,7.0,147.0,57.0,20.0,11.0,169.0,34.0,2.0,0.0,0.0,0.0
243,77,7,2980.0,2934.0,622.0,0.0,778.0,5645.0,362.06273124163044,19232.98919999998,19595.05193124161,2898.0,25.0,7.0,147.0,57.0,20.0,11.0,169.0,34.0,2.0,0.0,0.0,0.0
243,78,7,3001.0,2920.0,620.0,0.0,788.0,5645.0,770.530239485774,19127.51199999998,19898.042239485752,2898.0,25.0,7.0,147.0,57.0,20.0,11.0,169.0,34.0,2.0,0.0,0.0,0.0
243,79,7,2888.0,2934.0,599.0,0.0,794.0,5645.0,565.2759831637371,20091.168799999985,20656.44478316372,2898.0,25.0,7.0,147.0,57.0,20.0,11.0,169.0,34.0,2.0,0.0,0.0,0.0
243,80,7,2998.0,2931.0,640.0,0.0,706.0,5645.0,683.391193352684,20131.64959999998,20815.040793352666,2898.0,25.0,7.0,147.0,57.0,20.0,11.0,169.0,34.0,2.0,0.0,0.0,0.0
243,81,7,3020.0,2953.0,640.0,0.0,747.0,5645.0,439.85648001153015,19727.64319999998,20167.49968001151,2898.0,25.0,7.0,147.0,57.0,20.0,11.0,169.0,34.0,2.0,0.0,0.0,0.0
243,82,7,2934.0,2896.0,620.0,0.0,746.0,5645.0,648.1292703613162,19080.351199999986,19728.4804703613,2898.0,25.0,7.0,147.0,57.0,20.0,11.0,169.0,34.0,2.0,0.0,0.0,0.0
243,83,7,2976.0,2909.0,647.0,0.0,752.0,5645.0,930.3455094978294,21619.619599999965,22549.965109497796,2898.0,25.0,7.0,147.0,57.0,20.0,11.0,169.0,34.0,2.0,0.0,0.0,0.0
243,84,8,3028.0,2941.0,637.0,0.0,778.0,5645.0,811.0289194196132,18913.017199999987,19724.046119419603,2898.0,25.0,7.0,147.0,57.0,20.0,11.0,169.0,34.0,2.0,0.0,0.0,0.0
243,85,8,2945.0,2881.0,626.0,0.0,697.0,5645.0,401.9814429542316,21233.31519999998,21635.296642954214,2898.0,25.0,7.0,147.0,57.0,20.0,11.0,169.0,34.0,2.0,0.0,0.0,0.0
243,86,8,2959.0,2910.0,620.0,0.0,799.0,5645.0,892.4139168577443,20203.86039999998,21096.27431685772,2898.0,25.0,7.0,147.0,57.0,20.0,11.0,169.0,34.0,2.0,0.0,0.0,0.0
243,87,8,2931.0,2946.0,586.0,0.0,768.0,5645.0,1011.1325745136206,19728.110799999995,20739.24337451362,2898.0,25.0,7.0,147.0,57.0,20.0,11.0,169.0,34.0,2.0,0.0,0.0,0.0
243,88,8,3000.0,2885.0,650.0,0.0,782.0,5645.0,524.9813559024007,19788.297599999984,20313.278955902388,2898.0,25.0,7.0,147.0,57.0,20.0,11.0,169.0,34.0,2.0,0.0,0.0,0.0
243,89,8,2966.0,2945.0,590.0,0.0,731.0,5645.0,522.7508956513223,20887.82559999999,21410.57649565131,2898.0,25.0,7.0,147.0,57.0,20.0,11.0,169.0,34.0,2.0,0.0,0.0,0.0
243,90,8,2991.0,2954.0,609.0,0.0,712.0,5645.0,563.805113132694,21929.57159999997,22493.37671313266,2898.0,25.0,7.0,147.0,57.0,20.0,11.0,169.0,34.0,2.0,0.0,0.0,0.0
243,91,8,3012.0,2983.0,618.0,0.0,714.0,5645.0,399.852231254486,19961.977599999987,20361.829831254472,2898.0,25.0,7.0,147.0,57.0,20.0,11.0,169.0,34.0,2.0,0.0,0.0,0.0
243,92,8,3007.0,2941.0,663.0,0.0,766.0,5645.0,648.9119771847331,20030.981999999975,20679.893977184704,2898.0,25.0,7.0,147.0,57.0,20.0,11.0,169.0,34.0,2.0,0.0,0.0,0.0
243,93,8,3027.0,2982.0,635.0,0.0,788.0,5645.0,768.1681226981402,21067.651199999982,21835.819322698124,2898.0,25.0,7.0,147.0,57.0,20.0,11.0,169.0,34.0,2.0,0.0,0.0,0.0
243,94,8,3007.0,2957.0,615.0,0.0,686.0,5645.0,565.427777163279,20714.54639999997,21279.974177163247,2898.0,25.0,7.0,147.0,57.0,20.0,11.0,169.0,34.0,2.0,0.0,0.0,0.0
243,95,8,3029.0,2992.0,614.0,0.0,757.0,5645.0,402.6711393578078,20479.477199999972,20882.148339357784,2898.0,25.0,7.0,147.0,57.0,20.0,11.0,169.0,34.0,2.0,0.0,0.0,0.0
243,96,9,3059.0,2962.0,658.0,0.0,760.0,5645.0,602.4453034635308,21037.991999999987,21640.43730346352,2898.0,25.0,7.0,147.0,57.0,20.0,11.0,169.0,34.0,2.0,0.0,0.0,0.0
243,97,9,2948.0,2976.0,613.0,0.0,751.0,5645.0,360.905418355643,21146.94279999997,21507.84821835561,2898.0,25.0,7.0,147.0,57.0,20.0,11.0,169.0,34.0,2.0,0.0,0.0,0.0
243,98,9,2926.0,2914.0,589.0,0.0,720.0,5645.0,689.1704601386485,19409.407999999974,20098.578460138622,2898.0,25.0,7.0,147.0,57.0,20.0,11.0,169.0,34.0,2.0,0.0,0.0,0.0
243,99,9,2992.0,2964.0,614.0,0.0,765.0,5645.0,564.4713723789412,20801.052399999986,21365.52377237893,2898.0,25.0,7.0,147.0,57.0,20.0,11.0,169.0,34.0,2.0,0.0,0.0,0.0
243,100,9,2949.0,2925.0,597.0,0.0,751.0,5645.0,525.9399322180427,23350.607999999964,23876.54793221801,2898.0,25.0,7.0,147.0,57.0,20.0,11.0,169.0,34.0,2.0,0.0,0.0,0.0
243,101,9,2970.0,2933.0,635.0,0.0,746.0,5645.0,727.9235389497165,21095.172799999993,21823.096338949712,2898.0,25.0,7.0,147.0,57.0,20.0,11.0,169.0,34.0,2.0,0.0,0.0,0.0
243,102,9,2991.0,2922.0,619.0,0.0,771.0,5645.0,604.8230179268212,19672.533199999976,20277.356217926797,2898.0,25.0,7.0,147.0,57.0,20.0,11.0,169.0,34.0,2.0,0.0,0.0,0.0
243,103,9,3017.0,2959.0,638.0,0.0,790.0,5645.0,768.6892922537336,20651.153199999982,21419.842492253716,2898.0,25.0,7.0,147.0,57.0,20.0,11.0,169.0,34.0,2.0,0.0,0.0,0.0
243,104,9,3022.0,2950.0,612.0,0.0,782.0,5645.0,930.9274647337711,18670.46639999999,19601.39386473376,2898.0,25.0,7.0,147.0,57.0,20.0,11.0,169.0,34.0,2.0,0.0,0.0,0.0
243,105,9,3029.0,2932.0,660.0,0.0,783.0,5645.0,481.7305864628153,20401.254399999994,20882.98498646281,2898.0,25.0,7.0,147.0,57.0,20.0,11.0,169.0,34.0,2.0,0.0,0.0,0.0
243,106,9,2943.0,2966.0,608.0,0.0,764.0,5645.0,446.2319487694982,20737.25839999997,21183.49034876947,2898.0,25.0,7.0,147.0,57.0,20.0,11.0,169.0,34.0,2.0,0.0,0.0,0.0
243,107,9,2960.0,2913.0,657.0,0.0,797.0,5645.0,808.4450076497099,20296.51199999998,21104.95700764969,2898.0,25.0,7.0,147.0,57.0,20.0,11.0,169.0,34.0,2.0,0.0,0.0,0.0
243,108,10,2986.0,2944.0,610.0,0.0,759.0,5645.0,727.278848692627,20864.245199999972,21591.524048692598,2898.0,25.0,7.0,147.0,57.0,20.0,11.0,169.0,34.0,2.0,0.0,0.0,0.0
243,109,10,2929.0,2915.0,637.0,0.0,749.0,5645.0,523.3266064325891,19984.489199999985,20507.815806432576,2898.0,25.0,7.0,147.0,57.0,20.0,11.0,169.0,34.0,2.0,0.0,0.0,0.0
243,110,10,2996.0,2908.0,649.0,0.0,707.0,5645.0,687.828813927184,20075.337199999973,20763.16601392716,2898.0,25.0,7.0,147.0,57.0,20.0,11.0,169.0,34.0,2.0,0.0,0.0,0.0
243,111,10,3032.0,2914.0,647.0,0.0,755.0,5645.0,484.9325226517925,20587.960399999985,21072.89292265178,2898.0,25.0,7.0,147.0,57.0,20.0,11.0,169.0,34.0,2.0,0.0,0.0,0.0
243,112,10,3079.0,3019.0,637.0,0.0,755.0,5645.0,684.5784046148616,18533.659999999993,19218.238404614855,2898.0,25.0,7.0,147.0,57.0,20.0,11.0,169.0,34.0,2.0,0.0,0.0,0.0
243,113,10,3001.0,2942.0,663.0,0.0,787.0,5645.0,440.67830039500814,20262.510799999985,20703.189100394993,2898.0,25.0,7.0,147.0,57.0,20.0,11.0,169.0,34.0,2.0,0.0,0.0,0.0
243,114,10,3032.0,3015.0,624.0,0.0,777.0,5645.0,447.837705548915,20130.64759999998,20578.485305548897,2898.0,25.0,7.0,147.0,57.0,20.0,11.0,169.0,34.0,2.0,0.0,0.0,0.0
243,115,10,2943.0,2880.0,630.0,0.0,730.0,5645.0,605.7773951722179,20525.635999999973,21131.413395172192,2898.0,25.0,7.0,147.0,57.0,20.0,11.0,169.0,34.0,2.0,0.0,0.0,0.0
243,116,10,3010.0,2903.0,631.0,0.0,702.0,5645.0,646.7887375985996,19137.531999999974,19784.320737598577,2898.0,25.0,7.0,147.0,57.0,20.0,11.0,169.0,34.0,2.0,0.0,0.0,0.0
243,117,10,3022.0,2952.0,643.0,0.0,753.0,5645.0,687.0840848638452,19449.955599999983,20137.039684863827,2898.0,25.0,7.0,147.0,57.0,20.0,11.0,169.0,34.0,2.0,0.0,0.0,0.0
243,118,10,2985.0,2890.0,680.0,0.0,789.0,5645.0,526.5940755906405,21330.30879999998,21856.90287559062,2898.0,25.0,7.0,147.0,57.0,20.0,11.0,169.0,34.0,2.0,0.0,0.0,0.0
243,119,10,3018.0,2957.0,625.0,0.0,733.0,5645.0,771.2255500767191,21687.35479999998,22458.5803500767,2898.0,25.0,7.0,147.0,57.0,20.0,11.0,169.0,34.0,2.0,0.0,0.0,0.0
244,0,1,3220.0,3016.0,677.0,0.0,791.0,5645.0,603.8721145373158,19951.356399999975,20555.22851453729,2898.0,25.0,7.0,147.0,57.0,20.0,11.0,169.0,34.0,2.0,0.0,0.0,0.0
244,1,1,3272.0,3003.0,718.0,0.0,808.0,5645.0,767.5791771395582,22201.64799999998,22969.22717713954,2898.0,25.0,7.0,147.0,57.0,20.0,11.0,169.0,34.0,2.0,0.0,0.0,0.0
244,2,1,3285.0,3082.0,647.0,0.0,776.0,5645.0,809.4188960152469,21307.797199999986,22117.216096015232,2898.0,25.0,7.0,147.0,57.0,20.0,11.0,169.0,34.0,2.0,0.0,0.0,0.0
244,3,1,3297.0,3102.0,661.0,0.0,813.0,5645.0,481.4143097891958,19988.964799999983,20470.37910978918,2898.0,25.0,7.0,147.0,57.0,20.0,11.0,169.0,34.0,2.0,0.0,0.0,0.0
244,4,1,3358.0,3045.0,759.0,0.0,815.0,5645.0,565.3875204356059,20120.226799999982,20685.61432043559,2898.0,25.0,7.0,147.0,57.0,20.0,11.0,169.0,34.0,2.0,0.0,0.0,0.0
244,5,1,3317.0,3114.0,662.0,0.0,832.0,5645.0,686.6198070011665,21135.252799999973,21821.872607001143,2898.0,25.0,7.0,147.0,57.0,20.0,11.0,169.0,34.0,2.0,0.0,0.0,0.0
244,6,1,3345.0,3032.0,708.0,0.0,788.0,5645.0,602.0171557085005,19496.114399999984,20098.131555708485,2898.0,25.0,7.0,147.0,57.0,20.0,11.0,169.0,34.0,2.0,0.0,0.0,0.0
244,7,1,3236.0,3083.0,655.0,0.0,792.0,5645.0,806.8961829087649,19565.58639999998,20372.482582908746,2898.0,25.0,7.0,147.0,57.0,20.0,11.0,169.0,34.0,2.0,0.0,0.0,0.0
244,8,1,3324.0,3155.0,660.0,0.0,846.0,5645.0,521.1438882252532,20576.938399999985,21098.082288225236,2898.0,25.0,7.0,147.0,57.0,20.0,11.0,169.0,34.0,2.0,0.0,0.0,0.0
244,9,1,3296.0,3085.0,679.0,0.0,763.0,5645.0,809.9511168668027,20450.218799999984,21260.169916866784,2898.0,25.0,7.0,147.0,57.0,20.0,11.0,169.0,34.0,2.0,0.0,0.0,0.0
244,10,1,3280.0,3018.0,694.0,0.0,793.0,5645.0,604.2148668618395,20011.409599999988,20615.62446686183,2898.0,25.0,7.0,147.0,57.0,20.0,11.0,169.0,34.0,2.0,0.0,0.0,0.0
244,11,1,3264.0,3092.0,670.0,0.0,818.0,5645.0,728.5942129302675,20880.14359999999,21608.737812930252,2898.0,25.0,7.0,147.0,57.0,20.0,11.0,169.0,34.0,2.0,0.0,0.0,0.0
244,12,2,3277.0,3061.0,710.0,0.0,768.0,5645.0,645.7650182371706,19605.73319999999,20251.498218237164,2898.0,25.0,7.0,147.0,57.0,20.0,11.0,169.0,34.0,2.0,0.0,0.0,0.0
244,13,2,3386.0,3135.0,706.0,0.0,806.0,5645.0,727.6422149901922,20653.62479999998,21381.267014990175,2898.0,25.0,7.0,147.0,57.0,20.0,11.0,169.0,34.0,2.0,0.0,0.0,0.0
244,14,2,3361.0,3110.0,714.0,0.0,820.0,5645.0,724.9748563621162,20808.133199999986,21533.108056362104,2898.0,25.0,7.0,147.0,57.0,20.0,11.0,169.0,34.0,2.0,0.0,0.0,0.0
244,15,2,3331.0,3130.0,661.0,0.0,840.0,5645.0,1052.751373662653,21079.40799999999,22132.15937366264,2898.0,25.0,7.0,147.0,57.0,20.0,11.0,169.0,34.0,2.0,0.0,0.0,0.0
244,16,2,3360.0,3096.0,727.0,0.0,824.0,5645.0,643.8017989990443,19999.786399999983,20643.588198999027,2898.0,25.0,7.0,147.0,57.0,20.0,11.0,169.0,34.0,2.0,0.0,0.0,0.0
244,17,2,3253.0,2971.0,695.0,0.0,773.0,5645.0,1052.5334039590066,21060.837599999988,22113.371003958997,2898.0,25.0,7.0,147.0,57.0,20.0,11.0,169.0,34.0,2.0,0.0,0.0,0.0
244,18,2,3345.0,3171.0,675.0,0.0,778.0,5645.0,726.9700012392088,20323.231999999978,21050.202001239188,2898.0,25.0,7.0,147.0,57.0,20.0,11.0,169.0,34.0,2.0,0.0,0.0,0.0
244,19,2,3296.0,3128.0,697.0,0.0,826.0,5645.0,727.1276210018239,19100.79199999999,19827.919621001816,2898.0,25.0,7.0,147.0,57.0,20.0,11.0,169.0,34.0,2.0,0.0,0.0,0.0
244,20,2,3327.0,3105.0,716.0,0.0,795.0,5645.0,808.68174665579,19571.39799999999,20380.07974665578,2898.0,25.0,7.0,147.0,57.0,20.0,11.0,169.0,34.0,2.0,0.0,0.0,0.0
244,21,2,3291.0,3111.0,697.0,0.0,824.0,5645.0,1093.2620184778527,20210.206399999992,21303.468418477845,2898.0,25.0,7.0,147.0,57.0,20.0,11.0,169.0,34.0,2.0,0.0,0.0,0.0
244,22,2,3340.0,3110.0,685.0,0.0,821.0,5645.0,727.336239048322,20735.38799999999,21462.724239048308,2898.0,25.0,7.0,147.0,57.0,20.0,11.0,169.0,34.0,2.0,0.0,0.0,0.0
244,23,2,3264.0,3072.0,670.0,0.0,775.0,5645.0,807.033749578638,20620.825999999986,21427.859749578623,2898.0,25.0,7.0,147.0,57.0,20.0,11.0,169.0,34.0,2.0,0.0,0.0,0.0
244,24,3,3342.0,3151.0,707.0,0.0,826.0,5645.0,525.0536853220367,20551.88839999999,21076.942085322025,2898.0,25.0,7.0,147.0,57.0,20.0,11.0,169.0,34.0,2.0,0.0,0.0,0.0
244,25,3,3317.0,3087.0,684.0,0.0,798.0,5645.0,685.7018265291875,19982.61879999999,20668.320626529174,2898.0,25.0,7.0,147.0,57.0,20.0,11.0,169.0,34.0,2.0,0.0,0.0,0.0
244,26,3,3307.0,3067.0,685.0,0.0,808.0,5645.0,808.4208627353075,18830.452399999976,19638.873262735284,2898.0,25.0,7.0,147.0,57.0,20.0,11.0,169.0,34.0,2.0,0.0,0.0,0.0
244,27,3,3342.0,3106.0,667.0,0.0,803.0,5645.0,1009.7604100378011,20952.287599999985,21962.04801003779,2898.0,25.0,7.0,147.0,57.0,20.0,11.0,169.0,34.0,2.0,0.0,0.0,0.0
244,28,3,3283.0,3094.0,703.0,0.0,831.0,5645.0,1053.1645010538928,20712.675999999978,21765.84050105387,2898.0,25.0,7.0,147.0,57.0,20.0,11.0,169.0,34.0,2.0,0.0,0.0,0.0
244,29,3,3314.0,3012.0,676.0,0.0,818.0,5645.0,564.235204137347,19328.84719999999,19893.082404137338,2898.0,25.0,7.0,147.0,57.0,20.0,11.0,169.0,34.0,2.0,0.0,0.0,0.0
244,30,3,3352.0,3134.0,711.0,0.0,818.0,5645.0,764.2545811130952,19385.159599999995,20149.41418111309,2898.0,25.0,7.0,147.0,57.0,20.0,11.0,169.0,34.0,2.0,0.0,0.0,0.0
244,31,3,3305.0,3052.0,682.0,0.0,782.0,5645.0,683.0672752888147,19001.460399999985,19684.527675288802,2898.0,25.0,7.0,147.0,57.0,20.0,11.0,169.0,34.0,2.0,0.0,0.0,0.0
244,32,3,3305.0,3110.0,678.0,0.0,823.0,5645.0,847.5680206405457,20402.323199999984,21249.89122064053,2898.0,25.0,7.0,147.0,57.0,20.0,11.0,169.0,34.0,2.0,0.0,0.0,0.0
244,33,3,3271.0,3038.0,674.0,0.0,805.0,5645.0,567.1283080863561,19761.510799999996,20328.639108086354,2898.0,25.0,7.0,147.0,57.0,20.0,11.0,169.0,34.0,2.0,0.0,0.0,0.0
244,34,3,3274.0,3090.0,673.0,0.0,834.0,5645.0,565.9167544095252,18771.66839999999,19337.585154409517,2898.0,25.0,7.0,147.0,57.0,20.0,11.0,169.0,34.0,2.0,0.0,0.0,0.0
244,35,3,3347.0,3105.0,696.0,0.0,825.0,5645.0,806.3488667482123,19666.587999999992,20472.936866748205,2898.0,25.0,7.0,147.0,57.0,20.0,11.0,169.0,34.0,2.0,0.0,0.0,0.0
244,36,4,3346.0,3127.0,665.0,0.0,806.0,5645.0,929.1015213105386,20015.417599999982,20944.519121310517,2898.0,25.0,7.0,147.0,57.0,20.0,11.0,169.0,34.0,2.0,0.0,0.0,0.0
244,37,4,3240.0,3055.0,661.0,0.0,808.0,5645.0,443.6484536450917,18975.608799999984,19419.257253645075,2898.0,25.0,7.0,147.0,57.0,20.0,11.0,169.0,34.0,2.0,0.0,0.0,0.0
244,38,4,3342.0,3145.0,654.0,0.0,803.0,5645.0,1051.518453131725,20816.95079999998,21868.469253131705,2898.0,25.0,7.0,147.0,57.0,20.0,11.0,169.0,34.0,2.0,0.0,0.0,0.0
244,39,4,3304.0,3014.0,687.0,0.0,848.0,5645.0,686.7842568126996,21301.651599999983,21988.43585681268,2898.0,25.0,7.0,147.0,57.0,20.0,11.0,169.0,34.0,2.0,0.0,0.0,0.0
244,40,4,3311.0,3035.0,700.0,0.0,814.0,5645.0,768.5204261629239,20914.27839999998,21682.798826162907,2898.0,25.0,7.0,147.0,57.0,20.0,11.0,169.0,34.0,2.0,0.0,0.0,0.0
244,41,4,3307.0,3088.0,663.0,0.0,802.0,5645.0,643.6482256235486,21094.10399999998,21737.752225623528,2898.0,25.0,7.0,147.0,57.0,20.0,11.0,169.0,34.0,2.0,0.0,0.0,0.0
244,42,4,3329.0,3147.0,641.0,0.0,801.0,5645.0,444.7536425089967,21326.367599999987,21771.121242508983,2898.0,25.0,7.0,147.0,57.0,20.0,11.0,169.0,34.0,2.0,0.0,0.0,0.0
244,43,4,3259.0,3058.0,641.0,0.0,786.0,5645.0,687.9746542888007,20992.10039999998,21680.07505428878,2898.0,25.0,7.0,147.0,57.0,20.0,11.0,169.0,34.0,2.0,0.0,0.0,0.0
244,44,4,3347.0,3083.0,692.0,0.0,774.0,5645.0,645.2834827518005,20653.958799999986,21299.242282751784,2898.0,25.0,7.0,147.0,57.0,20.0,11.0,169.0,34.0,2.0,0.0,0.0,0.0
244,45,4,3333.0,3145.0,684.0,0.0,846.0,5645.0,1050.5838424366398,21416.013199999976,22466.597042436617,2898.0,25.0,7.0,147.0,57.0,20.0,11.0,169.0,34.0,2.0,0.0,0.0,0.0
244,46,4,3305.0,3001.0,747.0,0.0,797.0,5645.0,851.4658779863995,20357.299999999996,21208.765877986392,2898.0,25.0,7.0,147.0,57.0,20.0,11.0,169.0,34.0,2.0,0.0,0.0,0.0
244,47,4,3283.0,3074.0,707.0,0.0,839.0,5645.0,563.9656313637031,21958.76319999998,22522.72883136369,2898.0,25.0,7.0,147.0,57.0,20.0,11.0,169.0,34.0,2.0,0.0,0.0,0.0
244,48,5,3305.0,3118.0,697.0,0.0,774.0,5645.0,1011.7942722037624,20081.54959999998,21093.343872203746,2898.0,25.0,7.0,147.0,57.0,20.0,11.0,169.0,34.0,2.0,0.0,0.0,0.0
244,49,5,3303.0,3078.0,679.0,0.0,759.0,5645.0,559.8902053254565,19458.238799999996,20018.12900532545,2898.0,25.0,7.0,147.0,57.0,20.0,11.0,169.0,34.0,2.0,0.0,0.0,0.0
244,50,5,3302.0,3045.0,703.0,0.0,805.0,5645.0,685.7308078833844,22186.48439999999,22872.21520788338,2898.0,25.0,7.0,147.0,57.0,20.0,11.0,169.0,34.0,2.0,0.0,0.0,0.0
244,51,5,3329.0,3108.0,731.0,0.0,859.0,5645.0,809.3685952104639,19949.81999999999,20759.188595210453,2898.0,25.0,7.0,147.0,57.0,20.0,11.0,169.0,34.0,2.0,0.0,0.0,0.0
244,52,5,3329.0,3075.0,682.0,0.0,799.0,5645.0,931.2917568426888,19364.05079999998,20295.34255684267,2898.0,25.0,7.0,147.0,57.0,20.0,11.0,169.0,34.0,2.0,0.0,0.0,0.0
244,53,5,3333.0,3109.0,683.0,0.0,758.0,5645.0,482.4038406479092,20435.055199999988,20917.459040647896,2898.0,25.0,7.0,147.0,57.0,20.0,11.0,169.0,34.0,2.0,0.0,0.0,0.0
244,54,5,3336.0,3144.0,675.0,0.0,815.0,5645.0,728.4068895642439,19965.584799999993,20693.99168956424,2898.0,25.0,7.0,147.0,57.0,20.0,11.0,169.0,34.0,2.0,0.0,0.0,0.0
244,55,5,3354.0,3087.0,717.0,0.0,798.0,5645.0,849.2237172080174,19491.43839999998,20340.662117208,2898.0,25.0,7.0,147.0,57.0,20.0,11.0,169.0,34.0,2.0,0.0,0.0,0.0
244,56,5,3315.0,3098.0,686.0,0.0,794.0,5645.0,850.0560688599537,20901.185599999986,21751.241668859937,2898.0,25.0,7.0,147.0,57.0,20.0,11.0,169.0,34.0,2.0,0.0,0.0,0.0
244,57,5,3328.0,3069.0,661.0,0.0,746.0,5645.0,1133.1868901892797,20766.71719999999,21899.904090189266,2898.0,25.0,7.0,147.0,57.0,20.0,11.0,169.0,34.0,2.0,0.0,0.0,0.0
244,58,5,3297.0,3117.0,669.0,0.0,753.0,5645.0,644.0903110135155,19869.459599999984,20513.5499110135,2898.0,25.0,7.0,147.0,57.0,20.0,11.0,169.0,34.0,2.0,0.0,0.0,0.0
244,59,5,3320.0,3088.0,680.0,0.0,853.0,5645.0,605.4834198149949,21620.153999999984,22225.63741981498,2898.0,25.0,7.0,147.0,57.0,20.0,11.0,169.0,34.0,2.0,0.0,0.0,0.0
244,60,6,3333.0,3043.0,721.0,0.0,771.0,5645.0,807.3292077138497,20368.12159999998,21175.450807713827,2898.0,25.0,7.0,147.0,57.0,20.0,11.0,169.0,34.0,2.0,0.0,0.0,0.0
244,61,6,3279.0,3078.0,708.0,0.0,851.0,5645.0,810.6018103266977,19499.72159999999,20310.323410326688,2898.0,25.0,7.0,147.0,57.0,20.0,11.0,169.0,34.0,2.0,0.0,0.0,0.0
244,62,6,3298.0,3064.0,690.0,0.0,849.0,5645.0,647.8593253966942,20736.79079999998,21384.650125396674,2898.0,25.0,7.0,147.0,57.0,20.0,11.0,169.0,34.0,2.0,0.0,0.0,0.0
244,63,6,3329.0,3086.0,647.0,0.0,793.0,5645.0,604.9578112018627,20647.47919999998,21252.43701120184,2898.0,25.0,7.0,147.0,57.0,20.0,11.0,169.0,34.0,2.0,0.0,0.0,0.0
244,64,6,3351.0,3142.0,698.0,0.0,842.0,5645.0,319.4633217093647,20277.139999999985,20596.603321709346,2898.0,25.0,7.0,147.0,57.0,20.0,11.0,169.0,34.0,2.0,0.0,0.0,0.0
244,65,6,3369.0,3083.0,691.0,0.0,825.0,5645.0,932.2931111937332,22207.86039999999,23140.15351119372,2898.0,25.0,7.0,147.0,57.0,20.0,11.0,169.0,34.0,2.0,0.0,0.0,0.0
244,66,6,3274.0,3060.0,679.0,0.0,785.0,5645.0,1132.9177964232285,19866.72079999998,20999.638596423214,2898.0,25.0,7.0,147.0,57.0,20.0,11.0,169.0,34.0,2.0,0.0,0.0,0.0
244,67,6,3355.0,3101.0,675.0,0.0,757.0,5645.0,766.1719625567214,19883.01999999999,20649.191962556713,2898.0,25.0,7.0,147.0,57.0,20.0,11.0,169.0,34.0,2.0,0.0,0.0,0.0
244,68,6,3345.0,3101.0,676.0,0.0,785.0,5645.0,602.2892398863992,19027.64599999998,19629.93523988638,2898.0,25.0,7.0,147.0,57.0,20.0,11.0,169.0,34.0,2.0,0.0,0.0,0.0
244,69,6,3324.0,3051.0,722.0,0.0,814.0,5645.0,688.3226013500686,21269.253599999975,21957.57620135004,2898.0,25.0,7.0,147.0,57.0,20.0,11.0,169.0,34.0,2.0,0.0,0.0,0.0
244,70,6,3357.0,3139.0,662.0,0.0,735.0,5645.0,969.5889025279309,21673.794399999977,22643.383302527905,2898.0,25.0,7.0,147.0,57.0,20.0,11.0,169.0,34.0,2.0,0.0,0.0,0.0
244,71,6,3281.0,3075.0,697.0,0.0,809.0,5645.0,930.3344593515269,21535.98599999998,22466.320459351507,2898.0,25.0,7.0,147.0,57.0,20.0,11.0,169.0,34.0,2.0,0.0,0.0,0.0
244,72,7,3367.0,3129.0,701.0,0.0,815.0,5645.0,564.7282820259067,21405.057999999975,21969.786282025885,2898.0,25.0,7.0,147.0,57.0,20.0,11.0,169.0,34.0,2.0,0.0,0.0,0.0
244,73,7,3340.0,3175.0,692.0,0.0,831.0,5645.0,646.8908294278365,21276.000399999975,21922.891229427813,2898.0,25.0,7.0,147.0,57.0,20.0,11.0,169.0,34.0,2.0,0.0,0.0,0.0
244,74,7,3370.0,3084.0,706.0,0.0,774.0,5645.0,890.1982479329604,20597.312399999984,21487.510647932948,2898.0,25.0,7.0,147.0,57.0,20.0,11.0,169.0,34.0,2.0,0.0,0.0,0.0
244,75,7,3287.0,3069.0,698.0,0.0,819.0,5645.0,524.3406843684314,20037.19439999999,20561.535084368425,2898.0,25.0,7.0,147.0,57.0,20.0,11.0,169.0,34.0,2.0,0.0,0.0,0.0
244,76,7,3315.0,3064.0,693.0,0.0,838.0,5645.0,564.4448994970239,19076.142799999994,19640.587699497017,2898.0,25.0,7.0,147.0,57.0,20.0,11.0,169.0,34.0,2.0,0.0,0.0,0.0
244,77,7,3329.0,3075.0,686.0,0.0,845.0,5645.0,810.7877279583277,18978.41439999998,19789.20212795831,2898.0,25.0,7.0,147.0,57.0,20.0,11.0,169.0,34.0,2.0,0.0,0.0,0.0
244,78,7,3207.0,3044.0,682.0,0.0,838.0,5645.0,645.78695584271,20531.71479999999,21177.5017558427,2898.0,25.0,7.0,147.0,57.0,20.0,11.0,169.0,34.0,2.0,0.0,0.0,0.0
244,79,7,3317.0,3090.0,680.0,0.0,740.0,5645.0,642.9902541853724,20690.43159999998,21333.421854185355,2898.0,25.0,7.0,147.0,57.0,20.0,11.0,169.0,34.0,2.0,0.0,0.0,0.0
244,80,7,3322.0,3076.0,692.0,0.0,777.0,5645.0,805.4501903189762,19108.206799999985,19913.65699031896,2898.0,25.0,7.0,147.0,57.0,20.0,11.0,169.0,34.0,2.0,0.0,0.0,0.0
244,81,7,3289.0,3069.0,696.0,0.0,778.0,5645.0,645.9073628625517,18534.327999999987,19180.235362862542,2898.0,25.0,7.0,147.0,57.0,20.0,11.0,169.0,34.0,2.0,0.0,0.0,0.0
244,82,7,3304.0,3075.0,710.0,0.0,821.0,5645.0,441.80725943842634,20042.00399999998,20483.811259438407,2898.0,25.0,7.0,147.0,57.0,20.0,11.0,169.0,34.0,2.0,0.0,0.0,0.0
244,83,7,3359.0,3089.0,701.0,0.0,812.0,5645.0,970.2249055848083,18843.812399999988,19814.0373055848,2898.0,25.0,7.0,147.0,57.0,20.0,11.0,169.0,34.0,2.0,0.0,0.0,0.0
244,84,8,3280.0,3095.0,630.0,0.0,693.0,5645.0,725.7469345058281,20773.998399999982,21499.74533450581,2898.0,25.0,7.0,147.0,57.0,20.0,11.0,169.0,34.0,2.0,0.0,0.0,0.0
244,85,8,3301.0,3098.0,664.0,0.0,811.0,5645.0,1216.9379557893099,20687.09159999998,21904.029555789293,2898.0,25.0,7.0,147.0,57.0,20.0,11.0,169.0,34.0,2.0,0.0,0.0,0.0
244,86,8,3250.0,3105.0,627.0,0.0,826.0,5645.0,807.7218685256674,20523.631999999983,21331.353868525654,2898.0,25.0,7.0,147.0,57.0,20.0,11.0,169.0,34.0,2.0,0.0,0.0,0.0
244,87,8,3323.0,3059.0,682.0,0.0,810.0,5645.0,727.7617086122383,19926.70719999998,20654.46890861222,2898.0,25.0,7.0,147.0,57.0,20.0,11.0,169.0,34.0,2.0,0.0,0.0,0.0
244,88,8,3270.0,3079.0,663.0,0.0,788.0,5645.0,359.63220315487195,20732.582399999992,21092.214603154865,2898.0,25.0,7.0,147.0,57.0,20.0,11.0,169.0,34.0,2.0,0.0,0.0,0.0
244,89,8,3319.0,3115.0,653.0,0.0,737.0,5645.0,807.977869364272,21858.229199999972,22666.207069364245,2898.0,25.0,7.0,147.0,57.0,20.0,11.0,169.0,34.0,2.0,0.0,0.0,0.0
244,90,8,3337.0,3119.0,686.0,0.0,789.0,5645.0,643.9553236828148,20017.75559999999,20661.710923682804,2898.0,25.0,7.0,147.0,57.0,20.0,11.0,169.0,34.0,2.0,0.0,0.0,0.0
244,91,8,3335.0,3107.0,715.0,0.0,776.0,5645.0,603.2349735827081,19051.894399999983,19655.12937358269,2898.0,25.0,7.0,147.0,57.0,20.0,11.0,169.0,34.0,2.0,0.0,0.0,0.0
244,92,8,3386.0,3115.0,704.0,0.0,824.0,5645.0,726.847878445406,21367.315999999984,22094.16387844539,2898.0,25.0,7.0,147.0,57.0,20.0,11.0,169.0,34.0,2.0,0.0,0.0,0.0
244,93,8,3331.0,3091.0,692.0,0.0,744.0,5645.0,564.4205548934581,20238.12879999998,20802.54935489344,2898.0,25.0,7.0,147.0,57.0,20.0,11.0,169.0,34.0,2.0,0.0,0.0,0.0
244,94,8,3358.0,3122.0,693.0,0.0,816.0,5645.0,685.590294835186,20101.99039999998,20787.580694835167,2898.0,25.0,7.0,147.0,57.0,20.0,11.0,169.0,34.0,2.0,0.0,0.0,0.0
244,95,8,3384.0,3090.0,732.0,0.0,833.0,5645.0,725.4335467791499,22238.58839999998,22964.021946779132,2898.0,25.0,7.0,147.0,57.0,20.0,11.0,169.0,34.0,2.0,0.0,0.0,0.0
244,96,9,3270.0,3117.0,668.0,0.0,806.0,5645.0,523.1309894384957,21092.968399999983,21616.099389438477,2898.0,25.0,7.0,147.0,57.0,20.0,11.0,169.0,34.0,2.0,0.0,0.0,0.0
244,97,9,3257.0,3061.0,646.0,0.0,749.0,5645.0,483.27396145972034,20112.077199999985,20595.351161459705,2898.0,25.0,7.0,147.0,57.0,20.0,11.0,169.0,34.0,2.0,0.0,0.0,0.0
244,98,9,3333.0,3138.0,666.0,0.0,784.0,5645.0,686.6571457191941,20441.935599999983,21128.59274571918,2898.0,25.0,7.0,147.0,57.0,20.0,11.0,169.0,34.0,2.0,0.0,0.0,0.0
244,99,9,3292.0,3103.0,659.0,0.0,804.0,5645.0,809.1050796289938,23697.166399999976,24506.27147962897,2898.0,25.0,7.0,147.0,57.0,20.0,11.0,169.0,34.0,2.0,0.0,0.0,0.0
244,100,9,3302.0,3085.0,684.0,0.0,783.0,5645.0,767.6054174662618,21641.99759999998,22409.603017466245,2898.0,25.0,7.0,147.0,57.0,20.0,11.0,169.0,34.0,2.0,0.0,0.0,0.0
244,101,9,3336.0,3074.0,685.0,0.0,840.0,5645.0,1131.3293327375084,19478.746399999975,20610.07573273748,2898.0,25.0,7.0,147.0,57.0,20.0,11.0,169.0,34.0,2.0,0.0,0.0,0.0
244,102,9,3355.0,3117.0,696.0,0.0,848.0,5645.0,846.0709157283593,20336.591999999986,21182.662915728346,2898.0,25.0,7.0,147.0,57.0,20.0,11.0,169.0,34.0,2.0,0.0,0.0,0.0
244,103,9,3353.0,3087.0,683.0,0.0,871.0,5645.0,931.6060161569219,19205.133599999983,20136.739616156905,2898.0,25.0,7.0,147.0,57.0,20.0,11.0,169.0,34.0,2.0,0.0,0.0,0.0
244,104,9,3387.0,3098.0,701.0,0.0,820.0,5645.0,642.3125920538166,20113.145999999982,20755.4585920538,2898.0,25.0,7.0,147.0,57.0,20.0,11.0,169.0,34.0,2.0,0.0,0.0,0.0
244,105,9,3291.0,3122.0,681.0,0.0,832.0,5645.0,848.2973227629385,20732.849599999976,21581.146922762917,2898.0,25.0,7.0,147.0,57.0,20.0,11.0,169.0,34.0,2.0,0.0,0.0,0.0
244,106,9,3328.0,3081.0,725.0,0.0,835.0,5645.0,1131.9441867082267,21420.822799999987,22552.76698670821,2898.0,25.0,7.0,147.0,57.0,20.0,11.0,169.0,34.0,2.0,0.0,0.0,0.0
244,107,9,3321.0,3110.0,645.0,0.0,806.0,5645.0,849.9566881030843,20345.54319999999,21195.499888103073,2898.0,25.0,7.0,147.0,57.0,20.0,11.0,169.0,34.0,2.0,0.0,0.0,0.0
244,108,10,3265.0,3068.0,690.0,0.0,829.0,5645.0,808.3648242044274,19922.097999999984,20730.46282420441,2898.0,25.0,7.0,147.0,57.0,20.0,11.0,169.0,34.0,2.0,0.0,0.0,0.0
244,109,10,3313.0,3083.0,684.0,0.0,772.0,5645.0,282.2555944896492,20824.63279999998,21106.88839448963,2898.0,25.0,7.0,147.0,57.0,20.0,11.0,169.0,34.0,2.0,0.0,0.0,0.0
244,110,10,3350.0,3048.0,710.0,0.0,815.0,5645.0,927.5171909008668,20114.88279999999,21042.399990900853,2898.0,25.0,7.0,147.0,57.0,20.0,11.0,169.0,34.0,2.0,0.0,0.0,0.0
244,111,10,3416.0,3154.0,702.0,0.0,781.0,5645.0,766.7908091505387,17795.519999999997,18562.310809150535,2898.0,25.0,7.0,147.0,57.0,20.0,11.0,169.0,34.0,2.0,0.0,0.0,0.0
244,112,10,3305.0,3090.0,708.0,0.0,799.0,5645.0,645.7902595399602,20501.32079999998,21147.111059539944,2898.0,25.0,7.0,147.0,57.0,20.0,11.0,169.0,34.0,2.0,0.0,0.0,0.0
244,113,10,3344.0,3147.0,692.0,0.0,810.0,5645.0,526.3098696253853,20322.964799999983,20849.274669625363,2898.0,25.0,7.0,147.0,57.0,20.0,11.0,169.0,34.0,2.0,0.0,0.0,0.0
244,114,10,3298.0,3064.0,667.0,0.0,765.0,5645.0,564.6636118573014,21665.51119999998,22230.17481185728,2898.0,25.0,7.0,147.0,57.0,20.0,11.0,169.0,34.0,2.0,0.0,0.0,0.0
244,115,10,3336.0,2998.0,732.0,0.0,798.0,5645.0,767.7386634020945,21263.976399999978,22031.715063402073,2898.0,25.0,7.0,147.0,57.0,20.0,11.0,169.0,34.0,2.0,0.0,0.0,0.0
244,116,10,3351.0,3067.0,731.0,0.0,803.0,5645.0,766.3268660454656,19308.40639999999,20074.733266045452,2898.0,25.0,7.0,147.0,57.0,20.0,11.0,169.0,34.0,2.0,0.0,0.0,0.0
244,117,10,3336.0,3047.0,750.0,0.0,804.0,5645.0,524.2494196305569,21793.366399999974,22317.615819630533,2898.0,25.0,7.0,147.0,57.0,20.0,11.0,169.0,34.0,2.0,0.0,0.0,0.0
244,118,10,3351.0,3097.0,693.0,0.0,772.0,5645.0,1092.5622220278156,22292.629599999986,23385.1918220278,2898.0,25.0,7.0,147.0,57.0,20.0,11.0,169.0,34.0,2.0,0.0,0.0,0.0
244,119,10,3305.0,3127.0,677.0,0.0,813.0,5645.0,685.6408417568814,18850.959999999985,19536.600841756866,2898.0,25.0,7.0,147.0,57.0,20.0,11.0,169.0,34.0,2.0,0.0,0.0,0.0
245,0,1,2936.0,2906.0,609.0,0.0,685.0,5645.0,192.45029125220591,18611.949599999985,18804.39989125219,2898.0,25.0,7.0,147.0,57.0,20.0,11.0,169.0,34.0,2.0,0.0,0.0,0.0
245,1,1,2989.0,2994.0,554.0,0.0,650.0,5645.0,112.79850572457092,19104.86679999999,19217.665305724557,2898.0,25.0,7.0,147.0,57.0,20.0,11.0,169.0,34.0,2.0,0.0,0.0,0.0
245,2,1,3027.0,3036.0,569.0,0.0,689.0,5645.0,272.15423963418596,18866.19039999999,19138.344639634175,2898.0,25.0,7.0,147.0,57.0,20.0,11.0,169.0,34.0,2.0,0.0,0.0,0.0
245,3,1,3033.0,2949.0,645.0,0.0,694.0,5645.0,233.1530780145801,18197.589199999984,18430.742278014564,2898.0,25.0,7.0,147.0,57.0,20.0,11.0,169.0,34.0,2.0,0.0,0.0,0.0
245,4,1,3030.0,3006.0,582.0,0.0,700.0,5645.0,153.5349109030641,17252.502799999987,17406.037710903052,2898.0,25.0,7.0,147.0,57.0,20.0,11.0,169.0,34.0,2.0,0.0,0.0,0.0
245,5,1,3025.0,2949.0,585.0,0.0,716.0,5645.0,108.0562751766584,19045.48159999999,19153.537875176648,2898.0,25.0,7.0,147.0,57.0,20.0,11.0,169.0,34.0,2.0,0.0,0.0,0.0
245,6,1,2963.0,2968.0,601.0,0.0,691.0,5645.0,191.76406187286173,17957.242799999985,18149.006861872847,2898.0,25.0,7.0,147.0,57.0,20.0,11.0,169.0,34.0,2.0,0.0,0.0,0.0
245,7,1,3026.0,3042.0,587.0,0.0,723.0,5645.0,231.79707913780337,18531.856399999982,18763.653479137785,2898.0,25.0,7.0,147.0,57.0,20.0,11.0,169.0,34.0,2.0,0.0,0.0,0.0
245,8,1,2978.0,2977.0,598.0,0.0,676.0,5645.0,354.9222687855178,17885.365999999984,18240.2882687855,2898.0,25.0,7.0,147.0,57.0,20.0,11.0,169.0,34.0,2.0,0.0,0.0,0.0
245,9,1,2981.0,2945.0,589.0,0.0,678.0,5645.0,354.6067412102577,18380.35399999998,18734.96074121024,2898.0,25.0,7.0,147.0,57.0,20.0,11.0,169.0,34.0,2.0,0.0,0.0,0.0
245,10,1,2969.0,2984.0,576.0,0.0,689.0,5645.0,194.6345708866981,19147.55199999998,19342.18657088668,2898.0,25.0,7.0,147.0,57.0,20.0,11.0,169.0,34.0,2.0,0.0,0.0,0.0
245,11,1,2953.0,2945.0,624.0,0.0,677.0,5645.0,192.23701120923707,18639.80519999998,18832.04221120922,2898.0,25.0,7.0,147.0,57.0,20.0,11.0,169.0,34.0,2.0,0.0,0.0,0.0
245,12,2,3066.0,3009.0,642.0,0.0,690.0,5645.0,395.1100714832172,18493.646799999984,18888.7568714832,2898.0,25.0,7.0,147.0,57.0,20.0,11.0,169.0,34.0,2.0,0.0,0.0,0.0
245,13,2,3062.0,3031.0,617.0,0.0,723.0,5645.0,314.3797919652389,19072.26839999998,19386.648191965214,2898.0,25.0,7.0,147.0,57.0,20.0,11.0,169.0,34.0,2.0,0.0,0.0,0.0
245,14,2,3028.0,3066.0,538.0,0.0,641.0,5645.0,436.82319374273607,18506.60599999999,18943.429193742722,2898.0,25.0,7.0,147.0,57.0,20.0,11.0,169.0,34.0,2.0,0.0,0.0,0.0
245,15,2,3064.0,2980.0,643.0,0.0,721.0,5645.0,312.6630001611013,18025.645999999982,18338.309000161084,2898.0,25.0,7.0,147.0,57.0,20.0,11.0,169.0,34.0,2.0,0.0,0.0,0.0
245,16,2,2962.0,2890.0,594.0,0.0,670.0,5645.0,315.41845848491323,18057.375999999993,18372.794458484906,2898.0,25.0,7.0,147.0,57.0,20.0,11.0,169.0,34.0,2.0,0.0,0.0,0.0
245,17,2,3013.0,3066.0,565.0,0.0,654.0,5645.0,234.60974252890506,17533.997999999992,17768.607742528897,2898.0,25.0,7.0,147.0,57.0,20.0,11.0,169.0,34.0,2.0,0.0,0.0,0.0
245,18,2,2984.0,3011.0,617.0,0.0,709.0,5645.0,232.7010549214884,17949.427199999987,18182.128254921477,2898.0,25.0,7.0,147.0,57.0,20.0,11.0,169.0,34.0,2.0,0.0,0.0,0.0
245,19,2,3040.0,2977.0,645.0,0.0,696.0,5645.0,194.07193811760976,17913.28839999999,18107.3603381176,2898.0,25.0,7.0,147.0,57.0,20.0,11.0,169.0,34.0,2.0,0.0,0.0,0.0
245,20,2,2980.0,2981.0,614.0,0.0,699.0,5645.0,396.7810832024363,18253.300399999993,18650.08148320243,2898.0,25.0,7.0,147.0,57.0,20.0,11.0,169.0,34.0,2.0,0.0,0.0,0.0
245,21,2,3007.0,2952.0,623.0,0.0,764.0,5645.0,276.1771416228589,18614.287599999974,18890.464741622833,2898.0,25.0,7.0,147.0,57.0,20.0,11.0,169.0,34.0,2.0,0.0,0.0,0.0
245,22,2,2952.0,2954.0,589.0,0.0,690.0,5645.0,232.92460360490244,19422.767999999985,19655.692603604886,2898.0,25.0,7.0,147.0,57.0,20.0,11.0,169.0,34.0,2.0,0.0,0.0,0.0
245,23,2,3051.0,3052.0,623.0,0.0,740.0,5645.0,194.5383720167507,19375.33999999999,19569.87837201674,2898.0,25.0,7.0,147.0,57.0,20.0,11.0,169.0,34.0,2.0,0.0,0.0,0.0
245,24,3,3019.0,2979.0,602.0,0.0,710.0,5645.0,70.47528231406547,18592.04319999999,18662.518482314055,2898.0,25.0,7.0,147.0,57.0,20.0,11.0,169.0,34.0,2.0,0.0,0.0,0.0
245,25,3,2991.0,2950.0,601.0,0.0,727.0,5645.0,314.6759552978043,17421.105999999978,17735.781955297785,2898.0,25.0,7.0,147.0,57.0,20.0,11.0,169.0,34.0,2.0,0.0,0.0,0.0
245,26,3,3029.0,2987.0,590.0,0.0,690.0,5645.0,315.2960124652799,19560.91039999998,19876.20641246526,2898.0,25.0,7.0,147.0,57.0,20.0,11.0,169.0,34.0,2.0,0.0,0.0,0.0
245,27,3,2988.0,3009.0,607.0,0.0,736.0,5645.0,316.0722941004029,19022.635999999977,19338.70829410038,2898.0,25.0,7.0,147.0,57.0,20.0,11.0,169.0,34.0,2.0,0.0,0.0,0.0
245,28,3,3006.0,2902.0,578.0,0.0,661.0,5645.0,232.14477873465495,17935.73319999999,18167.877978734647,2898.0,25.0,7.0,147.0,57.0,20.0,11.0,169.0,34.0,2.0,0.0,0.0,0.0
245,29,3,3046.0,3046.0,606.0,0.0,745.0,5645.0,150.72523238910293,19488.29879999999,19639.02403238909,2898.0,25.0,7.0,147.0,57.0,20.0,11.0,169.0,34.0,2.0,0.0,0.0,0.0
245,30,3,3025.0,2965.0,590.0,0.0,687.0,5645.0,191.0258881774655,17351.29999999999,17542.325888177453,2898.0,25.0,7.0,147.0,57.0,20.0,11.0,169.0,34.0,2.0,0.0,0.0,0.0
245,31,3,2987.0,3011.0,576.0,0.0,688.0,5645.0,353.203397678699,18149.025599999986,18502.228997678685,2898.0,25.0,7.0,147.0,57.0,20.0,11.0,169.0,34.0,2.0,0.0,0.0,0.0
245,32,3,2984.0,2931.0,599.0,0.0,707.0,5645.0,193.44508224747577,18161.984799999995,18355.429882247474,2898.0,25.0,7.0,147.0,57.0,20.0,11.0,169.0,34.0,2.0,0.0,0.0,0.0
245,33,3,2970.0,2965.0,588.0,0.0,711.0,5645.0,313.0116256437468,17660.58399999999,17973.59562564374,2898.0,25.0,7.0,147.0,57.0,20.0,11.0,169.0,34.0,2.0,0.0,0.0,0.0
245,34,3,3002.0,2980.0,604.0,0.0,712.0,5645.0,273.2336260182692,18243.681199999985,18516.914826018256,2898.0,25.0,7.0,147.0,57.0,20.0,11.0,169.0,34.0,2.0,0.0,0.0,0.0
245,35,3,3022.0,2992.0,594.0,0.0,702.0,5645.0,394.5233074283158,18598.255599999986,18992.778907428303,2898.0,25.0,7.0,147.0,57.0,20.0,11.0,169.0,34.0,2.0,0.0,0.0,0.0
245,36,4,2940.0,2942.0,586.0,0.0,704.0,5645.0,272.9224569516246,20164.24799999998,20437.170456951608,2898.0,25.0,7.0,147.0,57.0,20.0,11.0,169.0,34.0,2.0,0.0,0.0,0.0
245,37,4,3016.0,2987.0,598.0,0.0,744.0,5645.0,394.7560831921298,18770.399199999978,19165.15528319211,2898.0,25.0,7.0,147.0,57.0,20.0,11.0,169.0,34.0,2.0,0.0,0.0,0.0
245,38,4,3019.0,2931.0,594.0,0.0,730.0,5645.0,518.1258648347066,19732.853599999984,20250.979464834687,2898.0,25.0,7.0,147.0,57.0,20.0,11.0,169.0,34.0,2.0,0.0,0.0,0.0
245,39,4,3019.0,2933.0,618.0,0.0,683.0,5645.0,436.6564444024111,18624.307599999982,19060.964044402393,2898.0,25.0,7.0,147.0,57.0,20.0,11.0,169.0,34.0,2.0,0.0,0.0,0.0
245,40,4,3000.0,2995.0,562.0,0.0,662.0,5645.0,230.95989096295082,18931.119999999984,19162.079890962934,2898.0,25.0,7.0,147.0,57.0,20.0,11.0,169.0,34.0,2.0,0.0,0.0,0.0
245,41,4,3015.0,3036.0,558.0,0.0,694.0,5645.0,274.8374592462574,20221.361999999986,20496.199459246247,2898.0,25.0,7.0,147.0,57.0,20.0,11.0,169.0,34.0,2.0,0.0,0.0,0.0
245,42,4,2952.0,2963.0,541.0,0.0,689.0,5645.0,275.31425945659777,19461.84599999999,19737.160259456585,2898.0,25.0,7.0,147.0,57.0,20.0,11.0,169.0,34.0,2.0,0.0,0.0,0.0
245,43,4,3057.0,2985.0,616.0,0.0,692.0,5645.0,356.70309791045247,19273.67039999998,19630.373497910434,2898.0,25.0,7.0,147.0,57.0,20.0,11.0,169.0,34.0,2.0,0.0,0.0,0.0
245,44,4,3018.0,3024.0,610.0,0.0,762.0,5645.0,353.52859545819786,18916.69119999998,19270.21979545818,2898.0,25.0,7.0,147.0,57.0,20.0,11.0,169.0,34.0,2.0,0.0,0.0,0.0
245,45,4,2996.0,2888.0,640.0,0.0,679.0,5645.0,397.01936130640325,18875.341999999997,19272.361361306397,2898.0,25.0,7.0,147.0,57.0,20.0,11.0,169.0,34.0,2.0,0.0,0.0,0.0
245,46,4,2948.0,2989.0,574.0,0.0,691.0,5645.0,273.3514749595814,20701.987999999987,20975.339474959568,2898.0,25.0,7.0,147.0,57.0,20.0,11.0,169.0,34.0,2.0,0.0,0.0,0.0
245,47,4,3019.0,3031.0,594.0,0.0,684.0,5645.0,395.70339666086466,18550.827599999982,18946.530996660847,2898.0,25.0,7.0,147.0,57.0,20.0,11.0,169.0,34.0,2.0,0.0,0.0,0.0
245,48,5,3011.0,2965.0,599.0,0.0,683.0,5645.0,272.685243403543,18637.734399999994,18910.419643403537,2898.0,25.0,7.0,147.0,57.0,20.0,11.0,169.0,34.0,2.0,0.0,0.0,0.0
245,49,5,3004.0,2944.0,623.0,0.0,698.0,5645.0,313.57149440310616,19774.202799999995,20087.7742944031,2898.0,25.0,7.0,147.0,57.0,20.0,11.0,169.0,34.0,2.0,0.0,0.0,0.0
245,50,5,3043.0,3024.0,630.0,0.0,729.0,5645.0,436.69757511668536,18257.64239999999,18694.339975116676,2898.0,25.0,7.0,147.0,57.0,20.0,11.0,169.0,34.0,2.0,0.0,0.0,0.0
245,51,5,2997.0,2961.0,597.0,0.0,697.0,5645.0,477.90871749557965,17947.89079999998,18425.799517495558,2898.0,25.0,7.0,147.0,57.0,20.0,11.0,169.0,34.0,2.0,0.0,0.0,0.0
245,52,5,3029.0,2950.0,639.0,0.0,675.0,5645.0,152.47198515388584,18685.295999999984,18837.76798515387,2898.0,25.0,7.0,147.0,57.0,20.0,11.0,169.0,34.0,2.0,0.0,0.0,0.0
245,53,5,2992.0,2977.0,617.0,0.0,693.0,5645.0,233.1413211985438,18593.64639999999,18826.787721198532,2898.0,25.0,7.0,147.0,57.0,20.0,11.0,169.0,34.0,2.0,0.0,0.0,0.0
245,54,5,3053.0,2998.0,611.0,0.0,707.0,5645.0,434.4265045211686,17826.11439999998,18260.540904521145,2898.0,25.0,7.0,147.0,57.0,20.0,11.0,169.0,34.0,2.0,0.0,0.0,0.0
245,55,5,2989.0,2977.0,594.0,0.0,703.0,5645.0,475.6686791140874,19915.28439999999,20390.95307911408,2898.0,25.0,7.0,147.0,57.0,20.0,11.0,169.0,34.0,2.0,0.0,0.0,0.0
245,56,5,3018.0,2974.0,546.0,0.0,665.0,5645.0,356.1922232076463,19188.96799999999,19545.160223207637,2898.0,25.0,7.0,147.0,57.0,20.0,11.0,169.0,34.0,2.0,0.0,0.0,0.0
245,57,5,2978.0,2991.0,584.0,0.0,671.0,5645.0,274.03475666860726,18242.478799999993,18516.5135566686,2898.0,25.0,7.0,147.0,57.0,20.0,11.0,169.0,34.0,2.0,0.0,0.0,0.0
245,58,5,3027.0,2983.0,597.0,0.0,742.0,5645.0,192.965795832399,20556.631199999985,20749.596995832384,2898.0,25.0,7.0,147.0,57.0,20.0,11.0,169.0,34.0,2.0,0.0,0.0,0.0
245,59,5,3006.0,2936.0,622.0,0.0,657.0,5645.0,231.80966094385417,18526.579199999982,18758.388860943836,2898.0,25.0,7.0,147.0,57.0,20.0,11.0,169.0,34.0,2.0,0.0,0.0,0.0
245,60,6,2966.0,2935.0,650.0,0.0,767.0,5645.0,273.3487127222448,18236.80079999999,18510.149512722237,2898.0,25.0,7.0,147.0,57.0,20.0,11.0,169.0,34.0,2.0,0.0,0.0,0.0
245,61,6,3005.0,2966.0,602.0,0.0,738.0,5645.0,194.1177321682613,19377.00999999998,19571.127732168243,2898.0,25.0,7.0,147.0,57.0,20.0,11.0,169.0,34.0,2.0,0.0,0.0,0.0
245,62,6,3037.0,2964.0,583.0,0.0,690.0,5645.0,191.44296761182025,19038.467599999985,19229.910567611805,2898.0,25.0,7.0,147.0,57.0,20.0,11.0,169.0,34.0,2.0,0.0,0.0,0.0
245,63,6,3044.0,3042.0,602.0,0.0,744.0,5645.0,109.06618380043713,18456.372399999986,18565.438583800424,2898.0,25.0,7.0,147.0,57.0,20.0,11.0,169.0,34.0,2.0,0.0,0.0,0.0
245,64,6,3053.0,2966.0,612.0,0.0,715.0,5645.0,273.8182752659545,19562.713999999985,19836.532275265945,2898.0,25.0,7.0,147.0,57.0,20.0,11.0,169.0,34.0,2.0,0.0,0.0,0.0
245,65,6,2959.0,2929.0,597.0,0.0,682.0,5645.0,475.73578458116674,18224.309199999978,18700.044984581145,2898.0,25.0,7.0,147.0,57.0,20.0,11.0,169.0,34.0,2.0,0.0,0.0,0.0
245,66,6,3035.0,3007.0,563.0,0.0,663.0,5645.0,68.80381692406398,18566.258399999984,18635.06221692405,2898.0,25.0,7.0,147.0,57.0,20.0,11.0,169.0,34.0,2.0,0.0,0.0,0.0
245,67,6,3032.0,3000.0,586.0,0.0,695.0,5645.0,150.45286822978247,18068.66519999998,18219.118068229764,2898.0,25.0,7.0,147.0,57.0,20.0,11.0,169.0,34.0,2.0,0.0,0.0,0.0
245,68,6,3046.0,2984.0,613.0,0.0,709.0,5645.0,193.5980079795289,20015.551199999976,20209.149207979506,2898.0,25.0,7.0,147.0,57.0,20.0,11.0,169.0,34.0,2.0,0.0,0.0,0.0
245,69,6,3068.0,3028.0,588.0,0.0,661.0,5645.0,354.88479784392865,19702.65999999998,20057.544797843908,2898.0,25.0,7.0,147.0,57.0,20.0,11.0,169.0,34.0,2.0,0.0,0.0,0.0
245,70,6,2995.0,2975.0,619.0,0.0,714.0,5645.0,395.7923375590274,18846.684799999985,19242.477137559013,2898.0,25.0,7.0,147.0,57.0,20.0,11.0,169.0,34.0,2.0,0.0,0.0,0.0
245,71,6,3089.0,3034.0,616.0,0.0,729.0,5645.0,273.11867855284464,20565.649199999978,20838.767878552826,2898.0,25.0,7.0,147.0,57.0,20.0,11.0,169.0,34.0,2.0,0.0,0.0,0.0
245,72,7,3067.0,3079.0,622.0,0.0,717.0,5645.0,273.0842831692719,18155.17119999999,18428.255483169258,2898.0,25.0,7.0,147.0,57.0,20.0,11.0,169.0,34.0,2.0,0.0,0.0,0.0
245,73,7,3030.0,2960.0,631.0,0.0,683.0,5645.0,315.5297769560415,19006.871199999983,19322.400976956025,2898.0,25.0,7.0,147.0,57.0,20.0,11.0,169.0,34.0,2.0,0.0,0.0,0.0
245,74,7,2959.0,2959.0,596.0,0.0,723.0,5645.0,192.55784627624254,18627.113199999996,18819.671046276242,2898.0,25.0,7.0,147.0,57.0,20.0,11.0,169.0,34.0,2.0,0.0,0.0,0.0
245,75,7,3008.0,2975.0,599.0,0.0,720.0,5645.0,150.7056246489651,17836.334799999993,17987.040424648956,2898.0,25.0,7.0,147.0,57.0,20.0,11.0,169.0,34.0,2.0,0.0,0.0,0.0
245,76,7,3025.0,2950.0,603.0,0.0,731.0,5645.0,479.77729453673913,17045.756799999985,17525.53409453672,2898.0,25.0,7.0,147.0,57.0,20.0,11.0,169.0,34.0,2.0,0.0,0.0,0.0
245,77,7,2910.0,2960.0,585.0,0.0,726.0,5645.0,232.52416241980208,18897.252399999983,19129.776562419785,2898.0,25.0,7.0,147.0,57.0,20.0,11.0,169.0,34.0,2.0,0.0,0.0,0.0
245,78,7,3017.0,2963.0,618.0,0.0,649.0,5645.0,270.20056465802475,18987.298799999986,19257.49936465801,2898.0,25.0,7.0,147.0,57.0,20.0,11.0,169.0,34.0,2.0,0.0,0.0,0.0
245,79,7,3051.0,2978.0,635.0,0.0,710.0,5645.0,230.64155487973545,18004.136399999985,18234.777954879723,2898.0,25.0,7.0,147.0,57.0,20.0,11.0,169.0,34.0,2.0,0.0,0.0,0.0
245,80,7,2960.0,2924.0,608.0,0.0,675.0,5645.0,232.8399988939107,17377.886399999985,17610.726398893894,2898.0,25.0,7.0,147.0,57.0,20.0,11.0,169.0,34.0,2.0,0.0,0.0,0.0
245,81,7,3002.0,2932.0,645.0,0.0,699.0,5645.0,353.3318863705907,19660.909999999974,20014.241886370564,2898.0,25.0,7.0,147.0,57.0,20.0,11.0,169.0,34.0,2.0,0.0,0.0,0.0
245,82,7,3052.0,2977.0,615.0,0.0,723.0,5645.0,314.6662156277595,17283.63159999999,17598.29781562775,2898.0,25.0,7.0,147.0,57.0,20.0,11.0,169.0,34.0,2.0,0.0,0.0,0.0
245,83,7,2965.0,2910.0,611.0,0.0,645.0,5645.0,232.24237136623077,20135.25679999998,20367.49917136621,2898.0,25.0,7.0,147.0,57.0,20.0,11.0,169.0,34.0,2.0,0.0,0.0,0.0
245,84,8,2985.0,2958.0,594.0,0.0,738.0,5645.0,396.4500252778446,18314.355599999988,18710.80562527783,2898.0,25.0,7.0,147.0,57.0,20.0,11.0,169.0,34.0,2.0,0.0,0.0,0.0
245,85,8,2953.0,2979.0,566.0,0.0,719.0,5645.0,313.20185956258445,17862.98799999999,18176.189859562575,2898.0,25.0,7.0,147.0,57.0,20.0,11.0,169.0,34.0,2.0,0.0,0.0,0.0
245,86,8,3032.0,2945.0,611.0,0.0,719.0,5645.0,152.95338284894015,18830.51919999999,18983.472582848928,2898.0,25.0,7.0,147.0,57.0,20.0,11.0,169.0,34.0,2.0,0.0,0.0,0.0
245,87,8,2992.0,2968.0,581.0,0.0,680.0,5645.0,191.84219756412966,18870.53239999999,19062.374597564118,2898.0,25.0,7.0,147.0,57.0,20.0,11.0,169.0,34.0,2.0,0.0,0.0,0.0
245,88,8,3016.0,3000.0,577.0,0.0,666.0,5645.0,151.34959673279866,20297.914799999973,20449.26439673277,2898.0,25.0,7.0,147.0,57.0,20.0,11.0,169.0,34.0,2.0,0.0,0.0,0.0
245,89,8,3035.0,3008.0,608.0,0.0,684.0,5645.0,151.12275826201298,18452.09719999999,18603.219958262005,2898.0,25.0,7.0,147.0,57.0,20.0,11.0,169.0,34.0,2.0,0.0,0.0,0.0
245,90,8,3031.0,2991.0,627.0,0.0,691.0,5645.0,231.41428894004363,17476.01559999998,17707.429888940027,2898.0,25.0,7.0,147.0,57.0,20.0,11.0,169.0,34.0,2.0,0.0,0.0,0.0
245,91,8,3057.0,3008.0,625.0,0.0,743.0,5645.0,273.5382301880422,19495.847199999982,19769.385430188027,2898.0,25.0,7.0,147.0,57.0,20.0,11.0,169.0,34.0,2.0,0.0,0.0,0.0
245,92,8,3019.0,2963.0,613.0,0.0,653.0,5645.0,273.0991852620997,19107.20479999997,19380.30398526207,2898.0,25.0,7.0,147.0,57.0,20.0,11.0,169.0,34.0,2.0,0.0,0.0,0.0
245,93,8,3056.0,3022.0,603.0,0.0,712.0,5645.0,190.91222752666576,18400.26039999999,18591.172627526656,2898.0,25.0,7.0,147.0,57.0,20.0,11.0,169.0,34.0,2.0,0.0,0.0,0.0
245,94,8,3079.0,2994.0,637.0,0.0,697.0,5645.0,433.88731315078553,19381.752799999995,19815.64011315078,2898.0,25.0,7.0,147.0,57.0,20.0,11.0,169.0,34.0,2.0,0.0,0.0,0.0
245,95,8,2975.0,3016.0,592.0,0.0,702.0,5645.0,190.9731812120154,20040.80159999998,20231.774781211996,2898.0,25.0,7.0,147.0,57.0,20.0,11.0,169.0,34.0,2.0,0.0,0.0,0.0
245,96,9,2952.0,2952.0,566.0,0.0,656.0,5645.0,233.0301505643286,17935.465999999982,18168.49615056431,2898.0,25.0,7.0,147.0,57.0,20.0,11.0,169.0,34.0,2.0,0.0,0.0,0.0
245,97,9,3020.0,3006.0,597.0,0.0,692.0,5645.0,273.3266272609527,18517.694799999983,18791.021427260937,2898.0,25.0,7.0,147.0,57.0,20.0,11.0,169.0,34.0,2.0,0.0,0.0,0.0
245,98,9,2973.0,2967.0,574.0,0.0,692.0,5645.0,151.3051233330445,21928.76999999997,22080.075123333016,2898.0,25.0,7.0,147.0,57.0,20.0,11.0,169.0,34.0,2.0,0.0,0.0,0.0
245,99,9,3002.0,2974.0,620.0,0.0,694.0,5645.0,233.70487234443442,19395.91439999999,19629.619272344426,2898.0,25.0,7.0,147.0,57.0,20.0,11.0,169.0,34.0,2.0,0.0,0.0,0.0
245,100,9,3016.0,2961.0,596.0,0.0,723.0,5645.0,354.71433141407243,18079.019199999977,18433.73353141405,2898.0,25.0,7.0,147.0,57.0,20.0,11.0,169.0,34.0,2.0,0.0,0.0,0.0
245,101,9,3047.0,3008.0,608.0,0.0,738.0,5645.0,314.55002218154675,19217.29119999999,19531.841222181534,2898.0,25.0,7.0,147.0,57.0,20.0,11.0,169.0,34.0,2.0,0.0,0.0,0.0
245,102,9,3054.0,2987.0,593.0,0.0,723.0,5645.0,273.11815649399875,16699.465599999985,16972.583756493983,2898.0,25.0,7.0,147.0,57.0,20.0,11.0,169.0,34.0,2.0,0.0,0.0,0.0
245,103,9,3054.0,2976.0,626.0,0.0,722.0,5645.0,190.44869663924672,19003.531199999987,19193.979896639234,2898.0,25.0,7.0,147.0,57.0,20.0,11.0,169.0,34.0,2.0,0.0,0.0,0.0
245,104,9,2975.0,2971.0,620.0,0.0,729.0,5645.0,194.24300968434153,19985.023599999975,20179.266609684317,2898.0,25.0,7.0,147.0,57.0,20.0,11.0,169.0,34.0,2.0,0.0,0.0,0.0
245,105,9,2992.0,2966.0,629.0,0.0,731.0,5645.0,232.3257125513222,19188.76759999999,19421.093312551307,2898.0,25.0,7.0,147.0,57.0,20.0,11.0,169.0,34.0,2.0,0.0,0.0,0.0
245,106,9,3017.0,2991.0,584.0,0.0,689.0,5645.0,232.51099590035173,18755.569599999977,18988.08059590033,2898.0,25.0,7.0,147.0,57.0,20.0,11.0,169.0,34.0,2.0,0.0,0.0,0.0
245,107,9,2958.0,2956.0,611.0,0.0,717.0,5645.0,231.897298317015,18484.22799999999,18716.125298317,2898.0,25.0,7.0,147.0,57.0,20.0,11.0,169.0,34.0,2.0,0.0,0.0,0.0
245,108,10,3027.0,2976.0,600.0,0.0,651.0,5645.0,233.17713324467235,19272.46799999998,19505.645133244652,2898.0,25.0,7.0,147.0,57.0,20.0,11.0,169.0,34.0,2.0,0.0,0.0,0.0
245,109,10,3060.0,2947.0,632.0,0.0,704.0,5645.0,272.71817561017764,18149.760399999985,18422.478575610163,2898.0,25.0,7.0,147.0,57.0,20.0,11.0,169.0,34.0,2.0,0.0,0.0,0.0
245,110,10,3108.0,3054.0,619.0,0.0,702.0,5645.0,313.7875349472484,16141.217999999992,16455.00553494724,2898.0,25.0,7.0,147.0,57.0,20.0,11.0,169.0,34.0,2.0,0.0,0.0,0.0
245,111,10,3024.0,3000.0,621.0,0.0,698.0,5645.0,151.45902895444758,18209.279199999983,18360.73822895443,2898.0,25.0,7.0,147.0,57.0,20.0,11.0,169.0,34.0,2.0,0.0,0.0,0.0
245,112,10,3053.0,3036.0,615.0,0.0,708.0,5645.0,194.4500492265557,19362.046799999982,19556.496849226536,2898.0,25.0,7.0,147.0,57.0,20.0,11.0,169.0,34.0,2.0,0.0,0.0,0.0
245,113,10,2964.0,2928.0,596.0,0.0,658.0,5645.0,314.3625141349276,19496.181199999977,19810.543714134907,2898.0,25.0,7.0,147.0,57.0,20.0,11.0,169.0,34.0,2.0,0.0,0.0,0.0
245,114,10,3027.0,2934.0,610.0,0.0,657.0,5645.0,314.2342678362978,18001.731599999974,18315.96586783627,2898.0,25.0,7.0,147.0,57.0,20.0,11.0,169.0,34.0,2.0,0.0,0.0,0.0
245,115,10,3036.0,2990.0,612.0,0.0,690.0,5645.0,312.74073241946087,17860.115599999983,18172.856332419447,2898.0,25.0,7.0,147.0,57.0,20.0,11.0,169.0,34.0,2.0,0.0,0.0,0.0
245,116,10,3008.0,2929.0,659.0,0.0,703.0,5645.0,354.68086117000615,19640.66959999999,19995.350461169997,2898.0,25.0,7.0,147.0,57.0,20.0,11.0,169.0,34.0,2.0,0.0,0.0,0.0
245,117,10,3044.0,2981.0,618.0,0.0,679.0,5645.0,355.36537579832407,20039.665999999976,20395.031375798302,2898.0,25.0,7.0,147.0,57.0,20.0,11.0,169.0,34.0,2.0,0.0,0.0,0.0
245,118,10,3012.0,3017.0,606.0,0.0,719.0,5645.0,315.056092635913,17416.96439999999,17732.0204926359,2898.0,25.0,7.0,147.0,57.0,20.0,11.0,169.0,34.0,2.0,0.0,0.0,0.0
245,119,10,3058.0,2978.0,604.0,0.0,677.0,5645.0,272.8382686941948,18982.42239999999,19255.260668694184,2898.0,25.0,7.0,147.0,57.0,20.0,11.0,169.0,34.0,2.0,0.0,0.0,0.0
246,0,1,3160.0,3065.0,585.0,0.0,683.0,5645.0,193.9868077262867,20345.142399999982,20539.12920772627,2898.0,25.0,7.0,147.0,57.0,20.0,11.0,169.0,34.0,2.0,0.0,0.0,0.0
246,1,1,3186.0,3076.0,621.0,0.0,729.0,5645.0,518.3562638259524,19736.32719999999,20254.683463825942,2898.0,25.0,7.0,147.0,57.0,20.0,11.0,169.0,34.0,2.0,0.0,0.0,0.0
246,2,1,3220.0,3018.0,690.0,0.0,735.0,5645.0,275.18531560783833,19211.880399999976,19487.065715607816,2898.0,25.0,7.0,147.0,57.0,20.0,11.0,169.0,34.0,2.0,0.0,0.0,0.0
246,3,1,3211.0,3099.0,603.0,0.0,766.0,5645.0,395.74226937561014,19497.583999999977,19893.32626937559,2898.0,25.0,7.0,147.0,57.0,20.0,11.0,169.0,34.0,2.0,0.0,0.0,0.0
246,4,1,3211.0,3021.0,637.0,0.0,729.0,5645.0,271.7243316812407,18478.28279999999,18750.00713168123,2898.0,25.0,7.0,147.0,57.0,20.0,11.0,169.0,34.0,2.0,0.0,0.0,0.0
246,5,1,3128.0,3050.0,626.0,0.0,732.0,5645.0,397.23249440872127,19226.041999999983,19623.274494408703,2898.0,25.0,7.0,147.0,57.0,20.0,11.0,169.0,34.0,2.0,0.0,0.0,0.0
246,6,1,3207.0,3136.0,604.0,0.0,744.0,5645.0,315.23266665355357,20162.511199999986,20477.743866653538,2898.0,25.0,7.0,147.0,57.0,20.0,11.0,169.0,34.0,2.0,0.0,0.0,0.0
246,7,1,3180.0,3050.0,640.0,0.0,710.0,5645.0,396.7810342801531,18411.816799999986,18808.59783428014,2898.0,25.0,7.0,147.0,57.0,20.0,11.0,169.0,34.0,2.0,0.0,0.0,0.0
246,8,1,3174.0,3028.0,622.0,0.0,726.0,5645.0,558.2936522586746,19350.82439999998,19909.118052258655,2898.0,25.0,7.0,147.0,57.0,20.0,11.0,169.0,34.0,2.0,0.0,0.0,0.0
246,9,1,3134.0,3066.0,602.0,0.0,721.0,5645.0,397.978561293171,19952.358399999983,20350.336961293153,2898.0,25.0,7.0,147.0,57.0,20.0,11.0,169.0,34.0,2.0,0.0,0.0,0.0
246,10,1,3133.0,3034.0,657.0,0.0,714.0,5645.0,395.4353366740738,19404.932399999987,19800.36773667406,2898.0,25.0,7.0,147.0,57.0,20.0,11.0,169.0,34.0,2.0,0.0,0.0,0.0
246,11,1,3265.0,3088.0,673.0,0.0,709.0,5645.0,516.4042062980528,18719.697999999982,19236.102206298034,2898.0,25.0,7.0,147.0,57.0,20.0,11.0,169.0,34.0,2.0,0.0,0.0,0.0
246,12,2,3239.0,3090.0,660.0,0.0,742.0,5645.0,395.3632249909468,19521.498399999986,19916.861624990932,2898.0,25.0,7.0,147.0,57.0,20.0,11.0,169.0,34.0,2.0,0.0,0.0,0.0
246,13,2,3207.0,3139.0,562.0,0.0,687.0,5645.0,598.3203442677723,19613.081199999986,20211.40154426776,2898.0,25.0,7.0,147.0,57.0,20.0,11.0,169.0,34.0,2.0,0.0,0.0,0.0
246,14,2,3248.0,3074.0,670.0,0.0,761.0,5645.0,394.4503553514721,18939.202799999985,19333.653155351458,2898.0,25.0,7.0,147.0,57.0,20.0,11.0,169.0,34.0,2.0,0.0,0.0,0.0
246,15,2,3133.0,2948.0,637.0,0.0,704.0,5645.0,640.2465175029122,19982.217999999983,20622.464517502896,2898.0,25.0,7.0,147.0,57.0,20.0,11.0,169.0,34.0,2.0,0.0,0.0,0.0
246,16,2,3200.0,3140.0,610.0,0.0,708.0,5645.0,437.0702584406613,18996.851199999986,19433.921458440647,2898.0,25.0,7.0,147.0,57.0,20.0,11.0,169.0,34.0,2.0,0.0,0.0,0.0
246,17,2,3163.0,3120.0,616.0,0.0,746.0,5645.0,314.9820003902051,18913.618399999992,19228.600400390194,2898.0,25.0,7.0,147.0,57.0,20.0,11.0,169.0,34.0,2.0,0.0,0.0,0.0
246,18,2,3198.0,3068.0,662.0,0.0,728.0,5645.0,396.33856923895803,18517.093599999986,18913.432169238942,2898.0,25.0,7.0,147.0,57.0,20.0,11.0,169.0,34.0,2.0,0.0,0.0,0.0
246,19,2,3153.0,3068.0,647.0,0.0,741.0,5645.0,558.4222983503807,18644.213999999996,19202.636298350375,2898.0,25.0,7.0,147.0,57.0,20.0,11.0,169.0,34.0,2.0,0.0,0.0,0.0
246,20,2,3211.0,3074.0,636.0,0.0,772.0,5645.0,193.51105034518204,20002.992799999985,20196.503850345165,2898.0,25.0,7.0,147.0,57.0,20.0,11.0,169.0,34.0,2.0,0.0,0.0,0.0
246,21,2,3138.0,3043.0,621.0,0.0,722.0,5645.0,638.5640390319871,19880.214399999986,20518.778439031972,2898.0,25.0,7.0,147.0,57.0,20.0,11.0,169.0,34.0,2.0,0.0,0.0,0.0
246,22,2,3225.0,3142.0,646.0,0.0,759.0,5645.0,235.35299217030752,20115.350399999985,20350.703392170297,2898.0,25.0,7.0,147.0,57.0,20.0,11.0,169.0,34.0,2.0,0.0,0.0,0.0
246,23,2,3213.0,3066.0,632.0,0.0,743.0,5645.0,355.5180327102372,19712.145599999985,20067.663632710224,2898.0,25.0,7.0,147.0,57.0,20.0,11.0,169.0,34.0,2.0,0.0,0.0,0.0
246,24,3,3189.0,3044.0,632.0,0.0,765.0,5645.0,518.3941813008785,18368.53039999998,18886.92458130086,2898.0,25.0,7.0,147.0,57.0,20.0,11.0,169.0,34.0,2.0,0.0,0.0,0.0
246,25,3,3216.0,3064.0,622.0,0.0,761.0,5645.0,596.7928761780164,19652.82719999998,20249.620076178,2898.0,25.0,7.0,147.0,57.0,20.0,11.0,169.0,34.0,2.0,0.0,0.0,0.0
246,26,3,3168.0,3083.0,640.0,0.0,776.0,5645.0,600.7587684520604,20093.105999999974,20693.864768452033,2898.0,25.0,7.0,147.0,57.0,20.0,11.0,169.0,34.0,2.0,0.0,0.0,0.0
246,27,3,3190.0,2991.0,608.0,0.0,694.0,5645.0,436.6240855190194,18742.677199999984,19179.301285519003,2898.0,25.0,7.0,147.0,57.0,20.0,11.0,169.0,34.0,2.0,0.0,0.0,0.0
246,28,3,3238.0,3148.0,617.0,0.0,734.0,5645.0,273.41873233444954,20209.337999999985,20482.756732334437,2898.0,25.0,7.0,147.0,57.0,20.0,11.0,169.0,34.0,2.0,0.0,0.0,0.0
246,29,3,3209.0,3046.0,627.0,0.0,709.0,5645.0,393.6783564155978,18256.840799999987,18650.519156415583,2898.0,25.0,7.0,147.0,57.0,20.0,11.0,169.0,34.0,2.0,0.0,0.0,0.0
246,30,3,3167.0,3084.0,608.0,0.0,727.0,5645.0,598.5997683954874,18612.216799999987,19210.816568395476,2898.0,25.0,7.0,147.0,57.0,20.0,11.0,169.0,34.0,2.0,0.0,0.0,0.0
246,31,3,3155.0,3002.0,635.0,0.0,753.0,5645.0,315.95741801712484,18287.969599999997,18603.92701801712,2898.0,25.0,7.0,147.0,57.0,20.0,11.0,169.0,34.0,2.0,0.0,0.0,0.0
246,32,3,3159.0,3035.0,648.0,0.0,789.0,5645.0,314.1316742491781,18477.81519999999,18791.946874249166,2898.0,25.0,7.0,147.0,57.0,20.0,11.0,169.0,34.0,2.0,0.0,0.0,0.0
246,33,3,3205.0,3070.0,642.0,0.0,765.0,5645.0,396.51699997446957,19408.272399999983,19804.789399974456,2898.0,25.0,7.0,147.0,57.0,20.0,11.0,169.0,34.0,2.0,0.0,0.0,0.0
246,34,3,3226.0,3103.0,616.0,0.0,744.0,5645.0,477.80269532321415,19162.18119999998,19639.983895323196,2898.0,25.0,7.0,147.0,57.0,20.0,11.0,169.0,34.0,2.0,0.0,0.0,0.0
246,35,3,3119.0,3029.0,602.0,0.0,753.0,5645.0,275.60046392865627,18324.709599999987,18600.310063928642,2898.0,25.0,7.0,147.0,57.0,20.0,11.0,169.0,34.0,2.0,0.0,0.0,0.0
246,36,4,3213.0,3105.0,605.0,0.0,745.0,5645.0,518.4383448257108,19979.27879999998,20497.71714482569,2898.0,25.0,7.0,147.0,57.0,20.0,11.0,169.0,34.0,2.0,0.0,0.0,0.0
246,37,4,3194.0,3003.0,622.0,0.0,777.0,5645.0,640.180897535341,20789.095199999978,21429.27609753532,2898.0,25.0,7.0,147.0,57.0,20.0,11.0,169.0,34.0,2.0,0.0,0.0,0.0
246,38,4,3194.0,3005.0,651.0,0.0,723.0,5645.0,519.2394968480498,19312.213999999974,19831.45349684803,2898.0,25.0,7.0,147.0,57.0,20.0,11.0,169.0,34.0,2.0,0.0,0.0,0.0
246,39,4,3183.0,3067.0,605.0,0.0,726.0,5645.0,353.57047771820334,19079.616399999984,19433.186877718188,2898.0,25.0,7.0,147.0,57.0,20.0,11.0,169.0,34.0,2.0,0.0,0.0,0.0
246,40,4,3210.0,3124.0,593.0,0.0,731.0,5645.0,317.2189719167939,19255.367199999993,19572.586171916788,2898.0,25.0,7.0,147.0,57.0,20.0,11.0,169.0,34.0,2.0,0.0,0.0,0.0
246,41,4,3147.0,3039.0,589.0,0.0,728.0,5645.0,397.2015839769653,19601.123999999978,19998.32558397694,2898.0,25.0,7.0,147.0,57.0,20.0,11.0,169.0,34.0,2.0,0.0,0.0,0.0
246,42,4,3229.0,3062.0,642.0,0.0,728.0,5645.0,642.2162414985513,19632.92079999998,20275.137041498532,2898.0,25.0,7.0,147.0,57.0,20.0,11.0,169.0,34.0,2.0,0.0,0.0,0.0
246,43,4,3208.0,3104.0,641.0,0.0,796.0,5645.0,476.1449513429941,19987.22799999998,20463.37295134298,2898.0,25.0,7.0,147.0,57.0,20.0,11.0,169.0,34.0,2.0,0.0,0.0,0.0
246,44,4,3174.0,2980.0,674.0,0.0,715.0,5645.0,601.1652765570066,19665.585999999996,20266.751276557003,2898.0,25.0,7.0,147.0,57.0,20.0,11.0,169.0,34.0,2.0,0.0,0.0,0.0
246,45,4,3158.0,3087.0,609.0,0.0,722.0,5645.0,355.736174806329,20727.639199999983,21083.37537480631,2898.0,25.0,7.0,147.0,57.0,20.0,11.0,169.0,34.0,2.0,0.0,0.0,0.0
246,46,4,3186.0,3095.0,639.0,0.0,727.0,5645.0,559.8733012470501,19390.035999999982,19949.90930124703,2898.0,25.0,7.0,147.0,57.0,20.0,11.0,169.0,34.0,2.0,0.0,0.0,0.0
246,47,4,3184.0,3042.0,632.0,0.0,701.0,5645.0,273.06250706066044,19142.40839999999,19415.47090706065,2898.0,25.0,7.0,147.0,57.0,20.0,11.0,169.0,34.0,2.0,0.0,0.0,0.0
246,48,5,3179.0,3020.0,649.0,0.0,737.0,5645.0,395.0669948701727,20367.654,20762.72099487017,2898.0,25.0,7.0,147.0,57.0,20.0,11.0,169.0,34.0,2.0,0.0,0.0,0.0
246,49,5,3217.0,3089.0,674.0,0.0,793.0,5645.0,397.5377381751547,19796.04639999999,20193.584138175145,2898.0,25.0,7.0,147.0,57.0,20.0,11.0,169.0,34.0,2.0,0.0,0.0,0.0
246,50,5,3195.0,3049.0,631.0,0.0,733.0,5645.0,600.0700074334038,18456.639599999977,19056.709607433382,2898.0,25.0,7.0,147.0,57.0,20.0,11.0,169.0,34.0,2.0,0.0,0.0,0.0
246,51,5,3235.0,3080.0,654.0,0.0,721.0,5645.0,438.4267432308701,19415.353199999983,19853.779943230853,2898.0,25.0,7.0,147.0,57.0,20.0,11.0,169.0,34.0,2.0,0.0,0.0,0.0
246,52,5,3186.0,3065.0,645.0,0.0,740.0,5645.0,437.8405787966965,18702.32999999999,19140.17057879669,2898.0,25.0,7.0,147.0,57.0,20.0,11.0,169.0,34.0,2.0,0.0,0.0,0.0
246,53,5,3225.0,3074.0,646.0,0.0,744.0,5645.0,476.4882982230227,19117.491999999977,19593.980298223003,2898.0,25.0,7.0,147.0,57.0,20.0,11.0,169.0,34.0,2.0,0.0,0.0,0.0
246,54,5,3172.0,3055.0,636.0,0.0,719.0,5645.0,640.813920250986,19625.23879999998,20266.052720250966,2898.0,25.0,7.0,147.0,57.0,20.0,11.0,169.0,34.0,2.0,0.0,0.0,0.0
246,55,5,3189.0,3043.0,595.0,0.0,683.0,5645.0,680.8633557938878,19783.22079999999,20464.08415579388,2898.0,25.0,7.0,147.0,57.0,20.0,11.0,169.0,34.0,2.0,0.0,0.0,0.0
246,56,5,3156.0,3079.0,609.0,0.0,688.0,5645.0,436.11349626535525,18977.145199999988,19413.258696265344,2898.0,25.0,7.0,147.0,57.0,20.0,11.0,169.0,34.0,2.0,0.0,0.0,0.0
246,57,5,3204.0,3058.0,629.0,0.0,777.0,5645.0,315.3493750669511,20979.40839999998,21294.75777506693,2898.0,25.0,7.0,147.0,57.0,20.0,11.0,169.0,34.0,2.0,0.0,0.0,0.0
246,58,5,3202.0,2990.0,675.0,0.0,725.0,5645.0,477.75913026083134,20042.47159999998,20520.23073026081,2898.0,25.0,7.0,147.0,57.0,20.0,11.0,169.0,34.0,2.0,0.0,0.0,0.0
246,59,5,3156.0,3028.0,686.0,0.0,806.0,5645.0,396.21776518577286,18942.20879999999,19338.426565185764,2898.0,25.0,7.0,147.0,57.0,20.0,11.0,169.0,34.0,2.0,0.0,0.0,0.0
246,60,6,3185.0,3055.0,624.0,0.0,775.0,5645.0,316.4038410444785,19710.07479999998,20026.478641044458,2898.0,25.0,7.0,147.0,57.0,20.0,11.0,169.0,34.0,2.0,0.0,0.0,0.0
246,61,6,3210.0,3048.0,613.0,0.0,702.0,5645.0,436.501585539621,18587.96839999998,19024.4699855396,2898.0,25.0,7.0,147.0,57.0,20.0,11.0,169.0,34.0,2.0,0.0,0.0,0.0
246,62,6,3222.0,3113.0,643.0,0.0,762.0,5645.0,191.54846640521754,18922.101999999984,19113.6504664052,2898.0,25.0,7.0,147.0,57.0,20.0,11.0,169.0,34.0,2.0,0.0,0.0,0.0
246,63,6,3242.0,3042.0,635.0,0.0,755.0,5645.0,437.52832090754134,19810.475199999986,20248.003520907525,2898.0,25.0,7.0,147.0,57.0,20.0,11.0,169.0,34.0,2.0,0.0,0.0,0.0
246,64,6,3141.0,3016.0,621.0,0.0,725.0,5645.0,761.2240138222669,18983.290799999977,19744.514813822243,2898.0,25.0,7.0,147.0,57.0,20.0,11.0,169.0,34.0,2.0,0.0,0.0,0.0
246,65,6,3210.0,3091.0,592.0,0.0,699.0,5645.0,476.33281255315177,19406.201599999986,19882.53441255314,2898.0,25.0,7.0,147.0,57.0,20.0,11.0,169.0,34.0,2.0,0.0,0.0,0.0
246,66,6,3229.0,3087.0,620.0,0.0,724.0,5645.0,353.46212935537005,18025.178399999986,18378.640529355354,2898.0,25.0,7.0,147.0,57.0,20.0,11.0,169.0,34.0,2.0,0.0,0.0,0.0
246,67,6,3212.0,3043.0,658.0,0.0,766.0,5645.0,316.44657967303533,21288.024399999966,21604.470979673002,2898.0,25.0,7.0,147.0,57.0,20.0,11.0,169.0,34.0,2.0,0.0,0.0,0.0
246,68,6,3240.0,3104.0,618.0,0.0,697.0,5645.0,558.2184088007414,21158.699599999978,21716.91800880072,2898.0,25.0,7.0,147.0,57.0,20.0,11.0,169.0,34.0,2.0,0.0,0.0,0.0
246,69,6,3159.0,3042.0,651.0,0.0,756.0,5645.0,721.7228964792408,19510.743599999983,20232.466496479225,2898.0,25.0,7.0,147.0,57.0,20.0,11.0,169.0,34.0,2.0,0.0,0.0,0.0
246,70,6,3250.0,3114.0,643.0,0.0,762.0,5645.0,355.3022321765915,20827.972799999978,21183.275032176567,2898.0,25.0,7.0,147.0,57.0,20.0,11.0,169.0,34.0,2.0,0.0,0.0,0.0
246,71,6,3223.0,3137.0,656.0,0.0,762.0,5645.0,477.0154642989295,18875.208399999985,19352.223864298914,2898.0,25.0,7.0,147.0,57.0,20.0,11.0,169.0,34.0,2.0,0.0,0.0,0.0
246,72,7,3234.0,3043.0,659.0,0.0,721.0,5645.0,519.3200445896334,19193.977999999985,19713.298044589617,2898.0,25.0,7.0,147.0,57.0,20.0,11.0,169.0,34.0,2.0,0.0,0.0,0.0
246,73,7,3150.0,3038.0,640.0,0.0,760.0,5645.0,357.06771296517206,19326.77639999999,19683.844112965162,2898.0,25.0,7.0,147.0,57.0,20.0,11.0,169.0,34.0,2.0,0.0,0.0,0.0
246,74,7,3183.0,3039.0,634.0,0.0,765.0,5645.0,274.0341916693843,18361.04879999999,18635.082991669376,2898.0,25.0,7.0,147.0,57.0,20.0,11.0,169.0,34.0,2.0,0.0,0.0,0.0
246,75,7,3220.0,3055.0,627.0,0.0,768.0,5645.0,682.4261877680863,17823.509199999986,18505.93538776807,2898.0,25.0,7.0,147.0,57.0,20.0,11.0,169.0,34.0,2.0,0.0,0.0,0.0
246,76,7,3085.0,3018.0,630.0,0.0,772.0,5645.0,274.37001015293663,20000.053599999985,20274.423610152924,2898.0,25.0,7.0,147.0,57.0,20.0,11.0,169.0,34.0,2.0,0.0,0.0,0.0
246,77,7,3177.0,3025.0,660.0,0.0,691.0,5645.0,312.5534899119407,19490.970799999985,19803.524289911926,2898.0,25.0,7.0,147.0,57.0,20.0,11.0,169.0,34.0,2.0,0.0,0.0,0.0
246,78,7,3221.0,3074.0,630.0,0.0,730.0,5645.0,476.6357039015097,18796.317599999984,19272.953303901493,2898.0,25.0,7.0,147.0,57.0,20.0,11.0,169.0,34.0,2.0,0.0,0.0,0.0
246,79,7,3152.0,3029.0,643.0,0.0,732.0,5645.0,437.2226771813917,17688.639999999985,18125.862677181376,2898.0,25.0,7.0,147.0,57.0,20.0,11.0,169.0,34.0,2.0,0.0,0.0,0.0
246,80,7,3185.0,3044.0,659.0,0.0,751.0,5645.0,314.0747990222278,18813.08439999998,19127.159199022208,2898.0,25.0,7.0,147.0,57.0,20.0,11.0,169.0,34.0,2.0,0.0,0.0,0.0
246,81,7,3244.0,3064.0,651.0,0.0,759.0,5645.0,558.4122891321,17964.189999999988,18522.602289132086,2898.0,25.0,7.0,147.0,57.0,20.0,11.0,169.0,34.0,2.0,0.0,0.0,0.0
246,82,7,3142.0,3059.0,578.0,0.0,631.0,5645.0,434.8609343531999,19733.655199999976,20168.516134353173,2898.0,25.0,7.0,147.0,57.0,20.0,11.0,169.0,34.0,2.0,0.0,0.0,0.0
246,83,7,3177.0,3073.0,612.0,0.0,761.0,5645.0,764.7913712273731,19902.32519999998,20667.11657122735,2898.0,25.0,7.0,147.0,57.0,20.0,11.0,169.0,34.0,2.0,0.0,0.0,0.0
246,84,8,3141.0,3078.0,579.0,0.0,741.0,5645.0,720.212288989483,18508.409599999984,19228.62188898947,2898.0,25.0,7.0,147.0,57.0,20.0,11.0,169.0,34.0,2.0,0.0,0.0,0.0
246,85,8,3204.0,3043.0,626.0,0.0,753.0,5645.0,397.922473212597,19428.980399999982,19826.90287321258,2898.0,25.0,7.0,147.0,57.0,20.0,11.0,169.0,34.0,2.0,0.0,0.0,0.0
246,86,8,3156.0,3049.0,610.0,0.0,712.0,5645.0,191.8928580202558,19585.09199999999,19776.984858020245,2898.0,25.0,7.0,147.0,57.0,20.0,11.0,169.0,34.0,2.0,0.0,0.0,0.0
246,87,8,3198.0,3074.0,610.0,0.0,698.0,5645.0,476.9453086653303,21116.815999999973,21593.761308665304,2898.0,25.0,7.0,147.0,57.0,20.0,11.0,169.0,34.0,2.0,0.0,0.0,0.0
246,88,8,3208.0,3075.0,640.0,0.0,712.0,5645.0,273.27211940666893,19159.575999999994,19432.848119406663,2898.0,25.0,7.0,147.0,57.0,20.0,11.0,169.0,34.0,2.0,0.0,0.0,0.0
246,89,8,3205.0,3064.0,661.0,0.0,714.0,5645.0,313.0938452223575,18323.97479999998,18637.06864522234,2898.0,25.0,7.0,147.0,57.0,20.0,11.0,169.0,34.0,2.0,0.0,0.0,0.0
246,90,8,3268.0,3102.0,651.0,0.0,770.0,5645.0,355.1482416904421,19957.835999999985,20312.98424169043,2898.0,25.0,7.0,147.0,57.0,20.0,11.0,169.0,34.0,2.0,0.0,0.0,0.0
246,91,8,3223.0,3070.0,638.0,0.0,684.0,5645.0,355.99445322150945,19809.94079999998,20165.93525322149,2898.0,25.0,7.0,147.0,57.0,20.0,11.0,169.0,34.0,2.0,0.0,0.0,0.0
246,92,8,3231.0,3092.0,635.0,0.0,743.0,5645.0,435.2755397984976,19125.040399999983,19560.315939798482,2898.0,25.0,7.0,147.0,57.0,20.0,11.0,169.0,34.0,2.0,0.0,0.0,0.0
246,93,8,3265.0,3087.0,666.0,0.0,753.0,5645.0,476.42099404857964,20470.12519999999,20946.546194048573,2898.0,25.0,7.0,147.0,57.0,20.0,11.0,169.0,34.0,2.0,0.0,0.0,0.0
246,94,8,3137.0,3069.0,624.0,0.0,735.0,5645.0,233.11136580013013,20428.84279999998,20661.95416580011,2898.0,25.0,7.0,147.0,57.0,20.0,11.0,169.0,34.0,2.0,0.0,0.0,0.0
246,95,8,3134.0,3032.0,598.0,0.0,705.0,5645.0,437.1005301099836,19153.63079999998,19590.731330109964,2898.0,25.0,7.0,147.0,57.0,20.0,11.0,169.0,34.0,2.0,0.0,0.0,0.0
246,96,9,3215.0,3094.0,625.0,0.0,732.0,5645.0,355.8888554527163,19285.96159999998,19641.850455452695,2898.0,25.0,7.0,147.0,57.0,20.0,11.0,169.0,34.0,2.0,0.0,0.0,0.0
246,97,9,3170.0,3069.0,605.0,0.0,731.0,5645.0,395.37751940437204,22196.971999999972,22592.349519404343,2898.0,25.0,7.0,147.0,57.0,20.0,11.0,169.0,34.0,2.0,0.0,0.0,0.0
246,98,9,3174.0,3047.0,651.0,0.0,741.0,5645.0,436.8646790275844,20319.557999999986,20756.42267902757,2898.0,25.0,7.0,147.0,57.0,20.0,11.0,169.0,34.0,2.0,0.0,0.0,0.0
246,99,9,3190.0,3045.0,613.0,0.0,749.0,5645.0,680.1277115261212,18720.23239999997,19400.360111526094,2898.0,25.0,7.0,147.0,57.0,20.0,11.0,169.0,34.0,2.0,0.0,0.0,0.0
246,100,9,3230.0,3109.0,626.0,0.0,785.0,5645.0,231.87147441440996,18942.809999999983,19174.681474414392,2898.0,25.0,7.0,147.0,57.0,20.0,11.0,169.0,34.0,2.0,0.0,0.0,0.0
246,101,9,3227.0,3051.0,630.0,0.0,792.0,5645.0,641.446644673846,17766.729199999983,18408.17584467383,2898.0,25.0,7.0,147.0,57.0,20.0,11.0,169.0,34.0,2.0,0.0,0.0,0.0
246,102,9,3277.0,3070.0,652.0,0.0,744.0,5645.0,272.3234172284295,19605.46599999999,19877.789417228418,2898.0,25.0,7.0,147.0,57.0,20.0,11.0,169.0,34.0,2.0,0.0,0.0,0.0
246,103,9,3154.0,3060.0,646.0,0.0,770.0,5645.0,518.9106579877919,20362.443599999977,20881.35425798777,2898.0,25.0,7.0,147.0,57.0,20.0,11.0,169.0,34.0,2.0,0.0,0.0,0.0
246,104,9,3203.0,3043.0,680.0,0.0,762.0,5645.0,315.18107531842963,19127.64559999998,19442.82667531841,2898.0,25.0,7.0,147.0,57.0,20.0,11.0,169.0,34.0,2.0,0.0,0.0,0.0
246,105,9,3193.0,3072.0,596.0,0.0,734.0,5645.0,437.69322337939604,19810.141199999987,20247.834423379383,2898.0,25.0,7.0,147.0,57.0,20.0,11.0,169.0,34.0,2.0,0.0,0.0,0.0
246,106,9,3144.0,3039.0,640.0,0.0,762.0,5645.0,275.1724173411339,18954.63359999999,19229.806017341125,2898.0,25.0,7.0,147.0,57.0,20.0,11.0,169.0,34.0,2.0,0.0,0.0,0.0
246,107,9,3197.0,3037.0,641.0,0.0,673.0,5645.0,356.8859173986683,19731.78479999998,20088.67071739865,2898.0,25.0,7.0,147.0,57.0,20.0,11.0,169.0,34.0,2.0,0.0,0.0,0.0
246,108,10,3239.0,3028.0,663.0,0.0,749.0,5645.0,313.1543719352475,19481.752399999987,19794.906771935235,2898.0,25.0,7.0,147.0,57.0,20.0,11.0,169.0,34.0,2.0,0.0,0.0,0.0
246,109,10,3300.0,3131.0,649.0,0.0,726.0,5645.0,396.4574818628537,16715.297199999994,17111.754681862847,2898.0,25.0,7.0,147.0,57.0,20.0,11.0,169.0,34.0,2.0,0.0,0.0,0.0
246,110,10,3190.0,3072.0,651.0,0.0,743.0,5645.0,356.051808645785,19210.00999999999,19566.061808645773,2898.0,25.0,7.0,147.0,57.0,20.0,11.0,169.0,34.0,2.0,0.0,0.0,0.0
246,111,10,3230.0,3118.0,644.0,0.0,744.0,5645.0,276.61967680073633,19017.89319999998,19294.512876800716,2898.0,25.0,7.0,147.0,57.0,20.0,11.0,169.0,34.0,2.0,0.0,0.0,0.0
246,112,10,3149.0,3021.0,617.0,0.0,693.0,5645.0,355.6801380684252,20302.924799999975,20658.6049380684,2898.0,25.0,7.0,147.0,57.0,20.0,11.0,169.0,34.0,2.0,0.0,0.0,0.0
246,113,10,3215.0,3023.0,636.0,0.0,690.0,5645.0,558.7940567143722,18211.817599999977,18770.61165671435,2898.0,25.0,7.0,147.0,57.0,20.0,11.0,169.0,34.0,2.0,0.0,0.0,0.0
246,114,10,3234.0,3051.0,683.0,0.0,747.0,5645.0,518.0197998707944,18480.153199999986,18998.17299987078,2898.0,25.0,7.0,147.0,57.0,20.0,11.0,169.0,34.0,2.0,0.0,0.0,0.0
246,115,10,3211.0,3082.0,635.0,0.0,717.0,5645.0,435.958650989346,20550.819599999977,20986.778250989322,2898.0,25.0,7.0,147.0,57.0,20.0,11.0,169.0,34.0,2.0,0.0,0.0,0.0
246,116,10,3228.0,3091.0,631.0,0.0,709.0,5645.0,720.9283787972786,21050.01599999998,21770.944378797263,2898.0,25.0,7.0,147.0,57.0,20.0,11.0,169.0,34.0,2.0,0.0,0.0,0.0
246,117,10,3186.0,3105.0,625.0,0.0,734.0,5645.0,477.1262935501245,18148.290799999988,18625.417093550113,2898.0,25.0,7.0,147.0,57.0,20.0,11.0,169.0,34.0,2.0,0.0,0.0,0.0
246,118,10,3263.0,3080.0,648.0,0.0,716.0,5645.0,396.4046201963984,19563.448799999987,19959.853420196385,2898.0,25.0,7.0,147.0,57.0,20.0,11.0,169.0,34.0,2.0,0.0,0.0,0.0
246,119,10,3237.0,3058.0,667.0,0.0,714.0,5645.0,473.2028733782459,19929.045199999986,20402.248073378236,2898.0,25.0,7.0,147.0,57.0,20.0,11.0,169.0,34.0,2.0,0.0,0.0,0.0
247,0,1,3138.0,3017.0,653.0,0.0,761.0,5645.0,601.2738068889671,21396.106799999983,21997.38060688895,2898.0,25.0,7.0,147.0,57.0,20.0,11.0,169.0,34.0,2.0,0.0,0.0,0.0
247,1,1,3156.0,2949.0,725.0,0.0,773.0,5645.0,357.8469241711994,21135.98759999998,21493.83452417118,2898.0,25.0,7.0,147.0,57.0,20.0,11.0,169.0,34.0,2.0,0.0,0.0,0.0
247,2,1,3156.0,3041.0,627.0,0.0,782.0,5645.0,438.3266802258324,21286.55479999998,21724.881480225817,2898.0,25.0,7.0,147.0,57.0,20.0,11.0,169.0,34.0,2.0,0.0,0.0,0.0
247,3,1,3167.0,2973.0,653.0,0.0,757.0,5645.0,274.4383049301631,21443.401199999986,21717.83950493015,2898.0,25.0,7.0,147.0,57.0,20.0,11.0,169.0,34.0,2.0,0.0,0.0,0.0
247,4,1,3075.0,2989.0,654.0,0.0,740.0,5645.0,438.30265634849013,20477.606799999976,20915.90945634847,2898.0,25.0,7.0,147.0,57.0,20.0,11.0,169.0,34.0,2.0,0.0,0.0,0.0
247,5,1,3160.0,3064.0,654.0,0.0,773.0,5645.0,437.64946908260913,21447.542799999985,21885.192269082596,2898.0,25.0,7.0,147.0,57.0,20.0,11.0,169.0,34.0,2.0,0.0,0.0,0.0
247,6,1,3116.0,2997.0,659.0,0.0,719.0,5645.0,479.0598464983339,20979.141199999976,21458.201046498314,2898.0,25.0,7.0,147.0,57.0,20.0,11.0,169.0,34.0,2.0,0.0,0.0,0.0
247,7,1,3116.0,2962.0,658.0,0.0,764.0,5645.0,559.8573930998957,20224.50159999998,20784.35899309988,2898.0,25.0,7.0,147.0,57.0,20.0,11.0,169.0,34.0,2.0,0.0,0.0,0.0
247,8,1,3079.0,2995.0,639.0,0.0,755.0,5645.0,480.7987863717222,21438.791999999983,21919.590786371704,2898.0,25.0,7.0,147.0,57.0,20.0,11.0,169.0,34.0,2.0,0.0,0.0,0.0
247,9,1,3079.0,2964.0,696.0,0.0,750.0,5645.0,520.0074368223602,20995.37359999999,21515.381036822346,2898.0,25.0,7.0,147.0,57.0,20.0,11.0,169.0,34.0,2.0,0.0,0.0,0.0
247,10,1,3206.0,3027.0,705.0,0.0,749.0,5645.0,599.0118284035955,20124.90279999998,20723.914628403574,2898.0,25.0,7.0,147.0,57.0,20.0,11.0,169.0,34.0,2.0,0.0,0.0,0.0
247,11,1,3188.0,3034.0,690.0,0.0,768.0,5645.0,396.73754035656134,21686.219199999978,22082.95674035654,2898.0,25.0,7.0,147.0,57.0,20.0,11.0,169.0,34.0,2.0,0.0,0.0,0.0
247,12,2,3154.0,3099.0,578.0,0.0,703.0,5645.0,519.489201598546,21894.033999999985,22413.523201598528,2898.0,25.0,7.0,147.0,57.0,20.0,11.0,169.0,34.0,2.0,0.0,0.0,0.0
247,13,2,3205.0,3005.0,715.0,0.0,804.0,5645.0,477.6431254744896,20208.536399999975,20686.17952547447,2898.0,25.0,7.0,147.0,57.0,20.0,11.0,169.0,34.0,2.0,0.0,0.0,0.0
247,14,2,3074.0,2906.0,645.0,0.0,718.0,5645.0,479.813979856541,19734.122799999994,20213.936779856536,2898.0,25.0,7.0,147.0,57.0,20.0,11.0,169.0,34.0,2.0,0.0,0.0,0.0
247,15,2,3152.0,3087.0,636.0,0.0,728.0,5645.0,276.55074055323087,20421.494799999975,20698.04554055321,2898.0,25.0,7.0,147.0,57.0,20.0,11.0,169.0,34.0,2.0,0.0,0.0,0.0
247,16,2,3111.0,3044.0,660.0,0.0,763.0,5645.0,600.5973118256616,20120.560799999985,20721.158111825644,2898.0,25.0,7.0,147.0,57.0,20.0,11.0,169.0,34.0,2.0,0.0,0.0,0.0
247,17,2,3155.0,3037.0,671.0,0.0,746.0,5645.0,479.274540083676,19924.836799999986,20404.111340083662,2898.0,25.0,7.0,147.0,57.0,20.0,11.0,169.0,34.0,2.0,0.0,0.0,0.0
247,18,2,3097.0,3005.0,670.0,0.0,769.0,5645.0,722.6703211119279,20826.703599999986,21549.373921111914,2898.0,25.0,7.0,147.0,57.0,20.0,11.0,169.0,34.0,2.0,0.0,0.0,0.0
247,19,2,3147.0,3005.0,663.0,0.0,777.0,5645.0,560.6588157394857,21290.161999999975,21850.82081573946,2898.0,25.0,7.0,147.0,57.0,20.0,11.0,169.0,34.0,2.0,0.0,0.0,0.0
247,20,2,3078.0,2980.0,644.0,0.0,732.0,5645.0,722.1141932850387,21109.334399999974,21831.448593285015,2898.0,25.0,7.0,147.0,57.0,20.0,11.0,169.0,34.0,2.0,0.0,0.0,0.0
247,21,2,3177.0,3081.0,681.0,0.0,781.0,5645.0,275.92028268874503,21208.799599999988,21484.719882688732,2898.0,25.0,7.0,147.0,57.0,20.0,11.0,169.0,34.0,2.0,0.0,0.0,0.0
247,22,2,3152.0,3013.0,654.0,0.0,763.0,5645.0,397.44864897126234,20818.954799999985,21216.40344897125,2898.0,25.0,7.0,147.0,57.0,20.0,11.0,169.0,34.0,2.0,0.0,0.0,0.0
247,23,2,3131.0,2986.0,656.0,0.0,773.0,5645.0,559.7040976719281,19382.353999999978,19942.058097671907,2898.0,25.0,7.0,147.0,57.0,20.0,11.0,169.0,34.0,2.0,0.0,0.0,0.0
247,24,3,3168.0,3007.0,646.0,0.0,758.0,5645.0,601.5526613358653,21807.728399999978,22409.281061335845,2898.0,25.0,7.0,147.0,57.0,20.0,11.0,169.0,34.0,2.0,0.0,0.0,0.0
247,25,3,3114.0,3019.0,676.0,0.0,794.0,5645.0,561.4442882226028,21925.563599999976,22487.007888222575,2898.0,25.0,7.0,147.0,57.0,20.0,11.0,169.0,34.0,2.0,0.0,0.0,0.0
247,26,3,3136.0,2925.0,641.0,0.0,713.0,5645.0,437.97964079124307,20127.240799999985,20565.22044079123,2898.0,25.0,7.0,147.0,57.0,20.0,11.0,169.0,34.0,2.0,0.0,0.0,0.0
247,27,3,3175.0,3052.0,677.0,0.0,798.0,5645.0,396.02284334462104,21982.14319999998,22378.166043344605,2898.0,25.0,7.0,147.0,57.0,20.0,11.0,169.0,34.0,2.0,0.0,0.0,0.0
247,28,3,3154.0,2976.0,667.0,0.0,732.0,5645.0,557.565222272266,20033.653999999988,20591.21922227225,2898.0,25.0,7.0,147.0,57.0,20.0,11.0,169.0,34.0,2.0,0.0,0.0,0.0
247,29,3,3123.0,3029.0,641.0,0.0,759.0,5645.0,640.2877685112132,20081.883599999983,20722.171368511197,2898.0,25.0,7.0,147.0,57.0,20.0,11.0,169.0,34.0,2.0,0.0,0.0,0.0
247,30,3,3097.0,2944.0,654.0,0.0,762.0,5645.0,276.0988544485226,20771.326399999987,21047.425254448513,2898.0,25.0,7.0,147.0,57.0,20.0,11.0,169.0,34.0,2.0,0.0,0.0,0.0
247,31,3,3106.0,2982.0,669.0,0.0,789.0,5645.0,355.81169857851216,19430.850799999993,19786.66249857851,2898.0,25.0,7.0,147.0,57.0,20.0,11.0,169.0,34.0,2.0,0.0,0.0,0.0
247,32,3,3148.0,3007.0,671.0,0.0,774.0,5645.0,518.2005935381209,20033.65399999999,20551.85459353811,2898.0,25.0,7.0,147.0,57.0,20.0,11.0,169.0,34.0,2.0,0.0,0.0,0.0
247,33,3,3178.0,3045.0,644.0,0.0,772.0,5645.0,804.5797302376159,21712.204399999973,22516.78413023759,2898.0,25.0,7.0,147.0,57.0,20.0,11.0,169.0,34.0,2.0,0.0,0.0,0.0
247,34,3,3074.0,2967.0,640.0,0.0,767.0,5645.0,439.36146848890445,19865.451599999986,20304.81306848889,2898.0,25.0,7.0,147.0,57.0,20.0,11.0,169.0,34.0,2.0,0.0,0.0,0.0
247,35,3,3143.0,3029.0,634.0,0.0,784.0,5645.0,803.2169384256734,21170.990799999978,21974.207738425648,2898.0,25.0,7.0,147.0,57.0,20.0,11.0,169.0,34.0,2.0,0.0,0.0,0.0
247,36,4,3136.0,2930.0,661.0,0.0,799.0,5645.0,641.6074692257918,21781.809999999976,22423.417469225766,2898.0,25.0,7.0,147.0,57.0,20.0,11.0,169.0,34.0,2.0,0.0,0.0,0.0
247,37,4,3141.0,2950.0,679.0,0.0,770.0,5645.0,561.8141247264268,20888.35999999998,21450.174124726407,2898.0,25.0,7.0,147.0,57.0,20.0,11.0,169.0,34.0,2.0,0.0,0.0,0.0
247,38,4,3132.0,3015.0,626.0,0.0,730.0,5645.0,355.65539055089704,21185.152399999966,21540.80779055087,2898.0,25.0,7.0,147.0,57.0,20.0,11.0,169.0,34.0,2.0,0.0,0.0,0.0
247,39,4,3145.0,3057.0,619.0,0.0,765.0,5645.0,358.9849202319376,22347.13839999998,22706.123320231916,2898.0,25.0,7.0,147.0,57.0,20.0,11.0,169.0,34.0,2.0,0.0,0.0,0.0
247,40,4,3078.0,2979.0,605.0,0.0,732.0,5645.0,520.5204254318886,21075.46679999998,21595.98722543187,2898.0,25.0,7.0,147.0,57.0,20.0,11.0,169.0,34.0,2.0,0.0,0.0,0.0
247,41,4,3174.0,3008.0,672.0,0.0,733.0,5645.0,884.996693280118,21781.609599999978,22666.6062932801,2898.0,25.0,7.0,147.0,57.0,20.0,11.0,169.0,34.0,2.0,0.0,0.0,0.0
247,42,4,3149.0,3053.0,662.0,0.0,814.0,5645.0,762.6887841458904,21591.96439999997,22354.653184145864,2898.0,25.0,7.0,147.0,57.0,20.0,11.0,169.0,34.0,2.0,0.0,0.0,0.0
247,43,4,3124.0,2916.0,702.0,0.0,730.0,5645.0,764.8344872083571,20623.163999999993,21387.998487208355,2898.0,25.0,7.0,147.0,57.0,20.0,11.0,169.0,34.0,2.0,0.0,0.0,0.0
247,44,4,3090.0,3017.0,640.0,0.0,753.0,5645.0,397.82587524334645,22974.123199999984,23371.949075243334,2898.0,25.0,7.0,147.0,57.0,20.0,11.0,169.0,34.0,2.0,0.0,0.0,0.0
247,45,4,3134.0,3027.0,678.0,0.0,746.0,5645.0,642.4812404425466,20688.828399999984,21331.30964044253,2898.0,25.0,7.0,147.0,57.0,20.0,11.0,169.0,34.0,2.0,0.0,0.0,0.0
247,46,4,3132.0,2982.0,660.0,0.0,700.0,5645.0,313.69411714951553,19609.874799999987,19923.568917149503,2898.0,25.0,7.0,147.0,57.0,20.0,11.0,169.0,34.0,2.0,0.0,0.0,0.0
247,47,4,3116.0,2959.0,680.0,0.0,771.0,5645.0,600.8812269930304,22960.295599999994,23561.176826993025,2898.0,25.0,7.0,147.0,57.0,20.0,11.0,169.0,34.0,2.0,0.0,0.0,0.0
247,48,5,3170.0,3042.0,694.0,0.0,818.0,5645.0,480.2118767063191,21479.20599999999,21959.41787670631,2898.0,25.0,7.0,147.0,57.0,20.0,11.0,169.0,34.0,2.0,0.0,0.0,0.0
247,49,5,3131.0,2996.0,650.0,0.0,771.0,5645.0,886.0413766356012,19918.357199999984,20804.398576635584,2898.0,25.0,7.0,147.0,57.0,20.0,11.0,169.0,34.0,2.0,0.0,0.0,0.0
247,50,5,3175.0,3024.0,671.0,0.0,740.0,5645.0,194.6040306661637,21401.517599999992,21596.12163066616,2898.0,25.0,7.0,147.0,57.0,20.0,11.0,169.0,34.0,2.0,0.0,0.0,0.0
247,51,5,3129.0,3016.0,669.0,0.0,774.0,5645.0,520.3636284616944,20374.333999999988,20894.697628461683,2898.0,25.0,7.0,147.0,57.0,20.0,11.0,169.0,34.0,2.0,0.0,0.0,0.0
247,52,5,3174.0,2984.0,701.0,0.0,759.0,5645.0,477.4855259887662,20433.318399999975,20910.80392598874,2898.0,25.0,7.0,147.0,57.0,20.0,11.0,169.0,34.0,2.0,0.0,0.0,0.0
247,53,5,3111.0,2995.0,654.0,0.0,774.0,5645.0,479.19711807010856,22360.631999999987,22839.829118070094,2898.0,25.0,7.0,147.0,57.0,20.0,11.0,169.0,34.0,2.0,0.0,0.0,0.0
247,54,5,3144.0,3015.0,589.0,0.0,710.0,5645.0,642.6235063751677,21577.468799999988,22220.092306375158,2898.0,25.0,7.0,147.0,57.0,20.0,11.0,169.0,34.0,2.0,0.0,0.0,0.0
247,55,5,3106.0,3022.0,631.0,0.0,708.0,5645.0,517.865571991913,20654.960799999975,21172.826371991887,2898.0,25.0,7.0,147.0,57.0,20.0,11.0,169.0,34.0,2.0,0.0,0.0,0.0
247,56,5,3141.0,2999.0,648.0,0.0,799.0,5645.0,357.36622113635184,21848.142399999975,22205.508621136327,2898.0,25.0,7.0,147.0,57.0,20.0,11.0,169.0,34.0,2.0,0.0,0.0,0.0
247,57,5,3131.0,2950.0,681.0,0.0,717.0,5645.0,517.6318508465589,21320.82319999998,21838.455050846536,2898.0,25.0,7.0,147.0,57.0,20.0,11.0,169.0,34.0,2.0,0.0,0.0,0.0
247,58,5,3097.0,2995.0,678.0,0.0,808.0,5645.0,562.2736112436102,20189.832399999992,20752.106011243603,2898.0,25.0,7.0,147.0,57.0,20.0,11.0,169.0,34.0,2.0,0.0,0.0,0.0
247,59,5,3131.0,2992.0,657.0,0.0,792.0,5645.0,358.4855111946954,21458.23079999998,21816.716311194676,2898.0,25.0,7.0,147.0,57.0,20.0,11.0,169.0,34.0,2.0,0.0,0.0,0.0
247,60,6,3159.0,2994.0,633.0,0.0,750.0,5645.0,234.8875476622334,21200.516399999986,21435.403947662217,2898.0,25.0,7.0,147.0,57.0,20.0,11.0,169.0,34.0,2.0,0.0,0.0,0.0
247,61,6,3179.0,3067.0,667.0,0.0,805.0,5645.0,194.47556862372176,20569.122799999983,20763.5983686237,2898.0,25.0,7.0,147.0,57.0,20.0,11.0,169.0,34.0,2.0,0.0,0.0,0.0
247,62,6,3184.0,2999.0,660.0,0.0,772.0,5645.0,520.2602040782466,22151.213999999978,22671.47420407823,2898.0,25.0,7.0,147.0,57.0,20.0,11.0,169.0,34.0,2.0,0.0,0.0,0.0
247,63,6,3095.0,2955.0,661.0,0.0,753.0,5645.0,843.7401901515033,20505.128399999972,21348.868590151476,2898.0,25.0,7.0,147.0,57.0,20.0,11.0,169.0,34.0,2.0,0.0,0.0,0.0
247,64,6,3161.0,3034.0,614.0,0.0,713.0,5645.0,355.7837632707926,20272.66439999998,20628.448163270772,2898.0,25.0,7.0,147.0,57.0,20.0,11.0,169.0,34.0,2.0,0.0,0.0,0.0
247,65,6,3178.0,3022.0,657.0,0.0,752.0,5645.0,477.1992833059143,18936.06319999998,19413.262483305894,2898.0,25.0,7.0,147.0,57.0,20.0,11.0,169.0,34.0,2.0,0.0,0.0,0.0
247,66,6,3165.0,2976.0,699.0,0.0,775.0,5645.0,399.2209075378527,22371.052799999965,22770.273707537817,2898.0,25.0,7.0,147.0,57.0,20.0,11.0,169.0,34.0,2.0,0.0,0.0,0.0
247,67,6,3191.0,3048.0,649.0,0.0,702.0,5645.0,560.3589493500031,22272.65639999997,22833.015349349975,2898.0,25.0,7.0,147.0,57.0,20.0,11.0,169.0,34.0,2.0,0.0,0.0,0.0
247,68,6,3116.0,2989.0,678.0,0.0,788.0,5645.0,641.7180168983128,21312.33959999999,21954.0576168983,2898.0,25.0,7.0,147.0,57.0,20.0,11.0,169.0,34.0,2.0,0.0,0.0,0.0
247,69,6,3202.0,3054.0,671.0,0.0,791.0,5645.0,316.73497882699127,22306.724399999974,22623.459378826967,2898.0,25.0,7.0,147.0,57.0,20.0,11.0,169.0,34.0,2.0,0.0,0.0,0.0
247,70,6,3185.0,3074.0,695.0,0.0,785.0,5645.0,560.2229772491469,20728.440799999986,21288.66377724913,2898.0,25.0,7.0,147.0,57.0,20.0,11.0,169.0,34.0,2.0,0.0,0.0,0.0
247,71,6,3174.0,2990.0,671.0,0.0,732.0,5645.0,724.0307423696154,21731.643199999973,22455.673942369594,2898.0,25.0,7.0,147.0,57.0,20.0,11.0,169.0,34.0,2.0,0.0,0.0,0.0
247,72,7,3081.0,2972.0,666.0,0.0,783.0,5645.0,357.76632644249275,20885.75479999999,21243.521126442483,2898.0,25.0,7.0,147.0,57.0,20.0,11.0,169.0,34.0,2.0,0.0,0.0,0.0
247,73,7,3137.0,2987.0,663.0,0.0,797.0,5645.0,356.6092527765913,20609.269599999985,20965.878852776576,2898.0,25.0,7.0,147.0,57.0,20.0,11.0,169.0,34.0,2.0,0.0,0.0,0.0
247,74,7,3159.0,2984.0,662.0,0.0,793.0,5645.0,725.0818337538022,19575.272399999983,20300.354233753787,2898.0,25.0,7.0,147.0,57.0,20.0,11.0,169.0,34.0,2.0,0.0,0.0,0.0
247,75,7,3045.0,2963.0,661.0,0.0,797.0,5645.0,317.22754618077806,21814.475199999983,22131.70274618076,2898.0,25.0,7.0,147.0,57.0,20.0,11.0,169.0,34.0,2.0,0.0,0.0,0.0
247,76,7,3134.0,2966.0,689.0,0.0,712.0,5645.0,436.64320270499684,20749.415999999983,21186.05920270498,2898.0,25.0,7.0,147.0,57.0,20.0,11.0,169.0,34.0,2.0,0.0,0.0,0.0
247,77,7,3168.0,3019.0,666.0,0.0,760.0,5645.0,721.5227525443331,19828.978799999983,20550.501552544316,2898.0,25.0,7.0,147.0,57.0,20.0,11.0,169.0,34.0,2.0,0.0,0.0,0.0
247,78,7,3100.0,2974.0,662.0,0.0,746.0,5645.0,398.2446779128822,19635.659599999984,20033.904277912865,2898.0,25.0,7.0,147.0,57.0,20.0,11.0,169.0,34.0,2.0,0.0,0.0,0.0
247,79,7,3127.0,2975.0,690.0,0.0,773.0,5645.0,356.94681999832005,20725.367999999977,21082.314819998297,2898.0,25.0,7.0,147.0,57.0,20.0,11.0,169.0,34.0,2.0,0.0,0.0,0.0
247,80,7,3185.0,2992.0,685.0,0.0,792.0,5645.0,559.7570766869454,19413.683199999985,19973.440276686928,2898.0,25.0,7.0,147.0,57.0,20.0,11.0,169.0,34.0,2.0,0.0,0.0,0.0
247,81,7,3087.0,2940.0,663.0,0.0,695.0,5645.0,317.49919717318784,21611.40319999998,21928.902397173166,2898.0,25.0,7.0,147.0,57.0,20.0,11.0,169.0,34.0,2.0,0.0,0.0,0.0
247,82,7,3119.0,3011.0,637.0,0.0,801.0,5645.0,642.714900262326,19798.31759999998,20441.032500262307,2898.0,25.0,7.0,147.0,57.0,20.0,11.0,169.0,34.0,2.0,0.0,0.0,0.0
247,83,7,3075.0,3002.0,612.0,0.0,754.0,5645.0,842.7542195182508,20021.763599999984,20864.517819518238,2898.0,25.0,7.0,147.0,57.0,20.0,11.0,169.0,34.0,2.0,0.0,0.0,0.0
247,84,8,3146.0,2971.0,661.0,0.0,768.0,5645.0,561.0648074609694,20528.040799999988,21089.10560746096,2898.0,25.0,7.0,147.0,57.0,20.0,11.0,169.0,34.0,2.0,0.0,0.0,0.0
247,85,8,3112.0,2995.0,637.0,0.0,742.0,5645.0,235.032083500591,21214.611199999985,21449.643283500576,2898.0,25.0,7.0,147.0,57.0,20.0,11.0,169.0,34.0,2.0,0.0,0.0,0.0
247,86,8,3149.0,3023.0,634.0,0.0,720.0,5645.0,682.648132111662,22664.43839999997,23347.086532111633,2898.0,25.0,7.0,147.0,57.0,20.0,11.0,169.0,34.0,2.0,0.0,0.0,0.0
247,87,8,3156.0,3012.0,682.0,0.0,744.0,5645.0,315.5729785926796,21131.177999999985,21446.750978592663,2898.0,25.0,7.0,147.0,57.0,20.0,11.0,169.0,34.0,2.0,0.0,0.0,0.0
247,88,8,3159.0,3012.0,684.0,0.0,733.0,5645.0,355.7493556367976,18829.45039999998,19185.199755636775,2898.0,25.0,7.0,147.0,57.0,20.0,11.0,169.0,34.0,2.0,0.0,0.0,0.0
247,89,8,3203.0,3050.0,669.0,0.0,791.0,5645.0,519.907740955374,21898.97719999998,22418.88494095535,2898.0,25.0,7.0,147.0,57.0,20.0,11.0,169.0,34.0,2.0,0.0,0.0,0.0
247,90,8,3171.0,3000.0,677.0,0.0,709.0,5645.0,396.8648903407596,20380.34599999998,20777.210890340735,2898.0,25.0,7.0,147.0,57.0,20.0,11.0,169.0,34.0,2.0,0.0,0.0,0.0
247,91,8,3180.0,3037.0,665.0,0.0,773.0,5645.0,436.9675101168401,20519.75759999997,20956.725110116808,2898.0,25.0,7.0,147.0,57.0,20.0,11.0,169.0,34.0,2.0,0.0,0.0,0.0
247,92,8,3218.0,3051.0,676.0,0.0,779.0,5645.0,558.9087657312618,22356.15639999999,22915.065165731252,2898.0,25.0,7.0,147.0,57.0,20.0,11.0,169.0,34.0,2.0,0.0,0.0,0.0
247,93,8,3087.0,3006.0,658.0,0.0,760.0,5645.0,316.7453898285044,21893.031999999977,22209.77738982848,2898.0,25.0,7.0,147.0,57.0,20.0,11.0,169.0,34.0,2.0,0.0,0.0,0.0
247,94,8,3076.0,2981.0,614.0,0.0,732.0,5645.0,439.0681578052663,20166.31879999998,20605.386957805247,2898.0,25.0,7.0,147.0,57.0,20.0,11.0,169.0,34.0,2.0,0.0,0.0,0.0
247,95,8,3160.0,3037.0,647.0,0.0,745.0,5645.0,520.1369381981665,21309.734399999983,21829.87133819815,2898.0,25.0,7.0,147.0,57.0,20.0,11.0,169.0,34.0,2.0,0.0,0.0,0.0
247,96,9,3098.0,2995.0,634.0,0.0,759.0,5645.0,518.6858545550635,23574.321199999973,24093.007054555037,2898.0,25.0,7.0,147.0,57.0,20.0,11.0,169.0,34.0,2.0,0.0,0.0,0.0
247,97,9,3121.0,2987.0,682.0,0.0,772.0,5645.0,601.8422547808769,21875.062799999985,22476.905054780862,2898.0,25.0,7.0,147.0,57.0,20.0,11.0,169.0,34.0,2.0,0.0,0.0,0.0
247,98,9,3142.0,2981.0,654.0,0.0,783.0,5645.0,843.9167955149964,19773.60159999997,20617.518395514966,2898.0,25.0,7.0,147.0,57.0,20.0,11.0,169.0,34.0,2.0,0.0,0.0,0.0
247,99,9,3178.0,3030.0,677.0,0.0,813.0,5645.0,558.950762503611,20790.89879999998,21349.849562503598,2898.0,25.0,7.0,147.0,57.0,20.0,11.0,169.0,34.0,2.0,0.0,0.0,0.0
247,100,9,3173.0,2977.0,668.0,0.0,831.0,5645.0,684.7214722441943,19286.562799999978,19971.28427224417,2898.0,25.0,7.0,147.0,57.0,20.0,11.0,169.0,34.0,2.0,0.0,0.0,0.0
247,101,9,3215.0,3007.0,679.0,0.0,776.0,5645.0,356.8226164897207,21232.37999999999,21589.20261648971,2898.0,25.0,7.0,147.0,57.0,20.0,11.0,169.0,34.0,2.0,0.0,0.0,0.0
247,102,9,3092.0,2998.0,668.0,0.0,776.0,5645.0,561.877952947386,21474.596799999978,22036.474752947368,2898.0,25.0,7.0,147.0,57.0,20.0,11.0,169.0,34.0,2.0,0.0,0.0,0.0
247,103,9,3140.0,2979.0,708.0,0.0,796.0,5645.0,480.081448901464,21245.47279999999,21725.554248901455,2898.0,25.0,7.0,147.0,57.0,20.0,11.0,169.0,34.0,2.0,0.0,0.0,0.0
247,104,9,3134.0,3021.0,615.0,0.0,733.0,5645.0,479.4441181514517,21492.499199999977,21971.943318151432,2898.0,25.0,7.0,147.0,57.0,20.0,11.0,169.0,34.0,2.0,0.0,0.0,0.0
247,105,9,3082.0,2973.0,666.0,0.0,763.0,5645.0,316.46363832595426,20002.859199999988,20319.32283832594,2898.0,25.0,7.0,147.0,57.0,20.0,11.0,169.0,34.0,2.0,0.0,0.0,0.0
247,106,9,3136.0,2986.0,657.0,0.0,718.0,5645.0,358.0619163500541,21456.026399999977,21814.08831635003,2898.0,25.0,7.0,147.0,57.0,20.0,11.0,169.0,34.0,2.0,0.0,0.0,0.0
247,107,9,3176.0,2972.0,684.0,0.0,774.0,5645.0,520.0036025140571,20437.593599999986,20957.597202514044,2898.0,25.0,7.0,147.0,57.0,20.0,11.0,169.0,34.0,2.0,0.0,0.0,0.0
247,108,10,3233.0,3060.0,683.0,0.0,734.0,5645.0,518.0140389586845,17777.016399999993,18295.03043895868,2898.0,25.0,7.0,147.0,57.0,20.0,11.0,169.0,34.0,2.0,0.0,0.0,0.0
247,109,10,3142.0,3021.0,672.0,0.0,770.0,5645.0,519.6791117535729,20230.513599999977,20750.192711753552,2898.0,25.0,7.0,147.0,57.0,20.0,11.0,169.0,34.0,2.0,0.0,0.0,0.0
247,110,10,3182.0,3057.0,679.0,0.0,786.0,5645.0,400.0127077110907,20543.67199999998,20943.684707711072,2898.0,25.0,7.0,147.0,57.0,20.0,11.0,169.0,34.0,2.0,0.0,0.0,0.0
247,111,10,3098.0,2976.0,636.0,0.0,730.0,5645.0,397.68115663734335,21693.43359999998,22091.114756637322,2898.0,25.0,7.0,147.0,57.0,20.0,11.0,169.0,34.0,2.0,0.0,0.0,0.0
247,112,10,3163.0,2966.0,664.0,0.0,720.0,5645.0,681.6640414808509,20046.011999999973,20727.676041480823,2898.0,25.0,7.0,147.0,57.0,20.0,11.0,169.0,34.0,2.0,0.0,0.0,0.0
247,113,10,3185.0,3007.0,696.0,0.0,776.0,5645.0,559.8485737434044,20166.98679999998,20726.835373743386,2898.0,25.0,7.0,147.0,57.0,20.0,11.0,169.0,34.0,2.0,0.0,0.0,0.0
247,114,10,3144.0,2964.0,712.0,0.0,763.0,5645.0,478.7625314656506,21845.069599999977,22323.83213146562,2898.0,25.0,7.0,147.0,57.0,20.0,11.0,169.0,34.0,2.0,0.0,0.0,0.0
247,115,10,3168.0,3016.0,667.0,0.0,761.0,5645.0,480.17161151942355,22322.155199999976,22802.326811519397,2898.0,25.0,7.0,147.0,57.0,20.0,11.0,169.0,34.0,2.0,0.0,0.0,0.0
247,116,10,3127.0,3049.0,644.0,0.0,759.0,5645.0,316.12515205675606,19412.881599999986,19729.00675205674,2898.0,25.0,7.0,147.0,57.0,20.0,11.0,169.0,34.0,2.0,0.0,0.0,0.0
247,117,10,3210.0,3019.0,677.0,0.0,738.0,5645.0,479.29051085749796,21373.46159999998,21852.752110857477,2898.0,25.0,7.0,147.0,57.0,20.0,11.0,169.0,34.0,2.0,0.0,0.0,0.0
247,118,10,3179.0,2992.0,694.0,0.0,730.0,5645.0,596.178134457424,20410.673199999983,21006.851334457406,2898.0,25.0,7.0,147.0,57.0,20.0,11.0,169.0,34.0,2.0,0.0,0.0,0.0
247,119,10,3122.0,2991.0,651.0,0.0,732.0,5645.0,562.429522660156,21182.146399999976,21744.575922660137,2898.0,25.0,7.0,147.0,57.0,20.0,11.0,169.0,34.0,2.0,0.0,0.0,0.0
248,0,1,3051.0,2966.0,638.0,0.0,730.0,5645.0,279.0397463039177,19794.44319999998,20073.4829463039,2898.0,25.0,7.0,147.0,57.0,20.0,11.0,169.0,34.0,2.0,0.0,0.0,0.0
248,1,1,3047.0,3014.0,583.0,0.0,765.0,5645.0,524.1016327702125,18491.442399999985,19015.544032770198,2898.0,25.0,7.0,147.0,57.0,20.0,11.0,169.0,34.0,2.0,0.0,0.0,0.0
248,2,1,3047.0,2964.0,585.0,0.0,768.0,5645.0,603.5692238857812,21078.205599999987,21681.774823885768,2898.0,25.0,7.0,147.0,57.0,20.0,11.0,169.0,34.0,2.0,0.0,0.0,0.0
248,3,1,2971.0,3009.0,565.0,0.0,760.0,5645.0,319.41233988333454,20384.82159999998,20704.233939883317,2898.0,25.0,7.0,147.0,57.0,20.0,11.0,169.0,34.0,2.0,0.0,0.0,0.0
248,4,1,3046.0,3062.0,581.0,0.0,772.0,5645.0,401.6698521916301,20433.585599999984,20835.25545219161,2898.0,25.0,7.0,147.0,57.0,20.0,11.0,169.0,34.0,2.0,0.0,0.0,0.0
248,5,1,2990.0,2983.0,596.0,0.0,730.0,5645.0,807.7394733584449,19724.16959999998,20531.909073358423,2898.0,25.0,7.0,147.0,57.0,20.0,11.0,169.0,34.0,2.0,0.0,0.0,0.0
248,6,1,2993.0,2952.0,592.0,0.0,735.0,5645.0,605.041848479605,19515.887199999986,20120.929048479593,2898.0,25.0,7.0,147.0,57.0,20.0,11.0,169.0,34.0,2.0,0.0,0.0,0.0
248,7,1,2993.0,3005.0,572.0,0.0,762.0,5645.0,604.0721628156718,19408.472799999985,20012.544962815657,2898.0,25.0,7.0,147.0,57.0,20.0,11.0,169.0,34.0,2.0,0.0,0.0,0.0
248,8,1,2971.0,2959.0,620.0,0.0,733.0,5645.0,523.771442894498,19983.48719999998,20507.258642894478,2898.0,25.0,7.0,147.0,57.0,20.0,11.0,169.0,34.0,2.0,0.0,0.0,0.0
248,9,1,3083.0,3014.0,641.0,0.0,750.0,5645.0,644.2280128677053,19839.19919999998,20483.427212867686,2898.0,25.0,7.0,147.0,57.0,20.0,11.0,169.0,34.0,2.0,0.0,0.0,0.0
248,10,1,3076.0,3043.0,612.0,0.0,754.0,5645.0,561.6454216016987,20077.808799999977,20639.454221601674,2898.0,25.0,7.0,147.0,57.0,20.0,11.0,169.0,34.0,2.0,0.0,0.0,0.0
248,11,1,3047.0,3069.0,539.0,0.0,695.0,5645.0,726.4665279772785,19976.005599999982,20702.47212797726,2898.0,25.0,7.0,147.0,57.0,20.0,11.0,169.0,34.0,2.0,0.0,0.0,0.0
248,12,2,3091.0,2986.0,657.0,0.0,793.0,5645.0,644.2609580410262,20920.156799999975,21564.417758041003,2898.0,25.0,7.0,147.0,57.0,20.0,11.0,169.0,34.0,2.0,0.0,0.0,0.0
248,13,2,2978.0,2897.0,592.0,0.0,704.0,5645.0,727.7674251871468,18832.990799999996,19560.758225187143,2898.0,25.0,7.0,147.0,57.0,20.0,11.0,169.0,34.0,2.0,0.0,0.0,0.0
248,14,2,3032.0,3079.0,559.0,0.0,711.0,5645.0,604.7724267925977,19256.43599999998,19861.20842679258,2898.0,25.0,7.0,147.0,57.0,20.0,11.0,169.0,34.0,2.0,0.0,0.0,0.0
248,15,2,2998.0,3047.0,587.0,0.0,771.0,5645.0,442.0915886392617,18680.285999999996,19122.377588639258,2898.0,25.0,7.0,147.0,57.0,20.0,11.0,169.0,34.0,2.0,0.0,0.0,0.0
248,16,2,3053.0,3027.0,603.0,0.0,731.0,5645.0,604.0863605160586,19363.315999999984,19967.40236051604,2898.0,25.0,7.0,147.0,57.0,20.0,11.0,169.0,34.0,2.0,0.0,0.0,0.0
248,17,2,2993.0,2982.0,618.0,0.0,764.0,5645.0,687.0679119002307,19551.75879999999,20238.82671190022,2898.0,25.0,7.0,147.0,57.0,20.0,11.0,169.0,34.0,2.0,0.0,0.0,0.0
248,18,2,3025.0,2961.0,619.0,0.0,818.0,5645.0,647.3063848436611,19662.780399999974,20310.08678484364,2898.0,25.0,7.0,147.0,57.0,20.0,11.0,169.0,34.0,2.0,0.0,0.0,0.0
248,19,2,2963.0,2962.0,589.0,0.0,741.0,5645.0,643.7641867491047,20292.971599999986,20936.73578674909,2898.0,25.0,7.0,147.0,57.0,20.0,11.0,169.0,34.0,2.0,0.0,0.0,0.0
248,20,2,3059.0,3067.0,612.0,0.0,779.0,5645.0,484.4777254746752,20321.36159999999,20805.839325474662,2898.0,25.0,7.0,147.0,57.0,20.0,11.0,169.0,34.0,2.0,0.0,0.0,0.0
248,21,2,3037.0,2993.0,598.0,0.0,765.0,5645.0,443.7538518482137,20131.58279999999,20575.336651848203,2898.0,25.0,7.0,147.0,57.0,20.0,11.0,169.0,34.0,2.0,0.0,0.0,0.0
248,22,2,3008.0,2964.0,597.0,0.0,776.0,5645.0,645.7584777866333,18221.570399999986,18867.32887778662,2898.0,25.0,7.0,147.0,57.0,20.0,11.0,169.0,34.0,2.0,0.0,0.0,0.0
248,23,2,3041.0,3003.0,579.0,0.0,741.0,5645.0,604.7257333470441,20671.994799999986,21276.72053334703,2898.0,25.0,7.0,147.0,57.0,20.0,11.0,169.0,34.0,2.0,0.0,0.0,0.0
248,24,3,3005.0,3021.0,605.0,0.0,797.0,5645.0,850.2974119143511,20636.25679999997,21486.55421191432,2898.0,25.0,7.0,147.0,57.0,20.0,11.0,169.0,34.0,2.0,0.0,0.0,0.0
248,25,3,3029.0,2918.0,574.0,0.0,714.0,5645.0,440.802320148807,18640.940799999986,19081.743120148793,2898.0,25.0,7.0,147.0,57.0,20.0,11.0,169.0,34.0,2.0,0.0,0.0,0.0
248,26,3,3062.0,3060.0,598.0,0.0,774.0,5645.0,521.2078943197733,20550.685999999987,21071.893894319765,2898.0,25.0,7.0,147.0,57.0,20.0,11.0,169.0,34.0,2.0,0.0,0.0,0.0
248,27,3,3040.0,2973.0,589.0,0.0,753.0,5645.0,480.96517513667357,18360.848399999984,18841.813575136657,2898.0,25.0,7.0,147.0,57.0,20.0,11.0,169.0,34.0,2.0,0.0,0.0,0.0
248,28,3,3004.0,3028.0,572.0,0.0,749.0,5645.0,683.6056332946849,19021.166399999984,19704.77203329467,2898.0,25.0,7.0,147.0,57.0,20.0,11.0,169.0,34.0,2.0,0.0,0.0,0.0
248,29,3,3002.0,2935.0,597.0,0.0,751.0,5645.0,443.2825001699664,18956.437199999993,19399.71970016996,2898.0,25.0,7.0,147.0,57.0,20.0,11.0,169.0,34.0,2.0,0.0,0.0,0.0
248,30,3,2989.0,2974.0,588.0,0.0,755.0,5645.0,563.8909248532945,19382.95519999999,19946.846124853288,2898.0,25.0,7.0,147.0,57.0,20.0,11.0,169.0,34.0,2.0,0.0,0.0,0.0
248,31,3,3016.0,2966.0,622.0,0.0,767.0,5645.0,645.0139425230144,19882.285199999984,20527.299142523003,2898.0,25.0,7.0,147.0,57.0,20.0,11.0,169.0,34.0,2.0,0.0,0.0,0.0
248,32,3,3039.0,3008.0,591.0,0.0,762.0,5645.0,808.4617463111402,20456.43119999998,21264.89294631112,2898.0,25.0,7.0,147.0,57.0,20.0,11.0,169.0,34.0,2.0,0.0,0.0,0.0
248,33,3,2959.0,2968.0,571.0,0.0,762.0,5645.0,321.1498360300679,18287.70239999999,18608.852236030056,2898.0,25.0,7.0,147.0,57.0,20.0,11.0,169.0,34.0,2.0,0.0,0.0,0.0
248,34,3,3032.0,3000.0,596.0,0.0,803.0,5645.0,847.7302163215395,20757.031199999976,21604.76141632152,2898.0,25.0,7.0,147.0,57.0,20.0,11.0,169.0,34.0,2.0,0.0,0.0,0.0
248,35,3,3031.0,2940.0,591.0,0.0,788.0,5645.0,767.0348952300418,21262.37319999998,22029.40809523002,2898.0,25.0,7.0,147.0,57.0,20.0,11.0,169.0,34.0,2.0,0.0,0.0,0.0
248,36,4,3037.0,2950.0,606.0,0.0,734.0,5645.0,848.6808737144705,20130.24679999997,20978.927673714446,2898.0,25.0,7.0,147.0,57.0,20.0,11.0,169.0,34.0,2.0,0.0,0.0,0.0
248,37,4,3014.0,3006.0,560.0,0.0,738.0,5645.0,480.97851941309943,20115.48399999998,20596.46251941308,2898.0,25.0,7.0,147.0,57.0,20.0,11.0,169.0,34.0,2.0,0.0,0.0,0.0
248,38,4,3037.0,3048.0,559.0,0.0,756.0,5645.0,322.9382806269613,20652.48919999999,20975.427480626946,2898.0,25.0,7.0,147.0,57.0,20.0,11.0,169.0,34.0,2.0,0.0,0.0,0.0
248,39,4,2966.0,2947.0,562.0,0.0,742.0,5645.0,402.0771042086884,20652.622799999986,21054.69990420867,2898.0,25.0,7.0,147.0,57.0,20.0,11.0,169.0,34.0,2.0,0.0,0.0,0.0
248,40,4,3075.0,2991.0,617.0,0.0,739.0,5645.0,688.7983900212573,20777.471999999983,21466.27039002124,2898.0,25.0,7.0,147.0,57.0,20.0,11.0,169.0,34.0,2.0,0.0,0.0,0.0
248,41,4,3037.0,3033.0,611.0,0.0,802.0,5645.0,684.3244097820387,19745.67919999998,20430.00360978202,2898.0,25.0,7.0,147.0,57.0,20.0,11.0,169.0,34.0,2.0,0.0,0.0,0.0
248,42,4,3017.0,2916.0,626.0,0.0,720.0,5645.0,607.5923564126451,19907.86959999999,20515.461956412633,2898.0,25.0,7.0,147.0,57.0,20.0,11.0,169.0,34.0,2.0,0.0,0.0,0.0
248,43,4,2961.0,3001.0,567.0,0.0,745.0,5645.0,605.4391764463835,21773.05919999998,22378.498376446365,2898.0,25.0,7.0,147.0,57.0,20.0,11.0,169.0,34.0,2.0,0.0,0.0,0.0
248,44,4,3033.0,3046.0,586.0,0.0,776.0,5645.0,485.7065742151623,20832.314799999986,21318.021374215146,2898.0,25.0,7.0,147.0,57.0,20.0,11.0,169.0,34.0,2.0,0.0,0.0,0.0
248,45,4,3022.0,2977.0,592.0,0.0,739.0,5645.0,806.4523922040075,19690.368799999986,20496.821192203995,2898.0,25.0,7.0,147.0,57.0,20.0,11.0,169.0,34.0,2.0,0.0,0.0,0.0
248,46,4,3021.0,2956.0,619.0,0.0,743.0,5645.0,521.537258734723,20602.0552,21123.59245873472,2898.0,25.0,7.0,147.0,57.0,20.0,11.0,169.0,34.0,2.0,0.0,0.0,0.0
248,47,4,3060.0,3029.0,635.0,0.0,795.0,5645.0,646.2211859731099,20136.592799999995,20782.813985973105,2898.0,25.0,7.0,147.0,57.0,20.0,11.0,169.0,34.0,2.0,0.0,0.0,0.0
248,48,5,3017.0,2973.0,594.0,0.0,747.0,5645.0,971.9457797913938,19065.521599999985,20037.46737979138,2898.0,25.0,7.0,147.0,57.0,20.0,11.0,169.0,34.0,2.0,0.0,0.0,0.0
248,49,5,3046.0,2971.0,630.0,0.0,730.0,5645.0,402.4994833980513,20024.836399999982,20427.335883398035,2898.0,25.0,7.0,147.0,57.0,20.0,11.0,169.0,34.0,2.0,0.0,0.0,0.0
248,50,5,3011.0,2997.0,607.0,0.0,769.0,5645.0,565.5597376565486,19405.800799999994,19971.36053765654,2898.0,25.0,7.0,147.0,57.0,20.0,11.0,169.0,34.0,2.0,0.0,0.0,0.0
248,51,5,3071.0,3011.0,607.0,0.0,744.0,5645.0,562.0927306336312,19360.77759999998,19922.87033063361,2898.0,25.0,7.0,147.0,57.0,20.0,11.0,169.0,34.0,2.0,0.0,0.0,0.0
248,52,5,3000.0,2994.0,585.0,0.0,753.0,5645.0,726.5549641602607,21724.495599999984,22451.050564160247,2898.0,25.0,7.0,147.0,57.0,20.0,11.0,169.0,34.0,2.0,0.0,0.0,0.0
248,53,5,3035.0,2987.0,545.0,0.0,725.0,5645.0,564.9730429899377,20793.23679999999,21358.20984298993,2898.0,25.0,7.0,147.0,57.0,20.0,11.0,169.0,34.0,2.0,0.0,0.0,0.0
248,54,5,2987.0,3006.0,573.0,0.0,709.0,5645.0,685.7931695136158,19940.467999999983,20626.2611695136,2898.0,25.0,7.0,147.0,57.0,20.0,11.0,169.0,34.0,2.0,0.0,0.0,0.0
248,55,5,3039.0,2996.0,591.0,0.0,783.0,5645.0,441.8766390365955,21137.25679999998,21579.133439036577,2898.0,25.0,7.0,147.0,57.0,20.0,11.0,169.0,34.0,2.0,0.0,0.0,0.0
248,56,5,3017.0,2940.0,623.0,0.0,715.0,5645.0,602.8797348025344,19291.105199999976,19893.98493480251,2898.0,25.0,7.0,147.0,57.0,20.0,11.0,169.0,34.0,2.0,0.0,0.0,0.0
248,57,5,2986.0,2950.0,648.0,0.0,839.0,5645.0,565.2138765049032,20034.789599999986,20600.003476504888,2898.0,25.0,7.0,147.0,57.0,20.0,11.0,169.0,34.0,2.0,0.0,0.0,0.0
248,58,5,3015.0,2977.0,594.0,0.0,794.0,5645.0,484.669289886766,20195.577199999978,20680.246489886744,2898.0,25.0,7.0,147.0,57.0,20.0,11.0,169.0,34.0,2.0,0.0,0.0,0.0
248,59,5,3059.0,2984.0,581.0,0.0,736.0,5645.0,238.59099421224522,20478.87599999999,20717.46699421223,2898.0,25.0,7.0,147.0,57.0,20.0,11.0,169.0,34.0,2.0,0.0,0.0,0.0
248,60,6,3062.0,3055.0,597.0,0.0,755.0,5645.0,276.4394798577324,19406.535599999985,19682.975079857715,2898.0,25.0,7.0,147.0,57.0,20.0,11.0,169.0,34.0,2.0,0.0,0.0,0.0
248,61,6,3068.0,2973.0,604.0,0.0,771.0,5645.0,523.6709929971439,20889.695999999985,21413.366992997133,2898.0,25.0,7.0,147.0,57.0,20.0,11.0,169.0,34.0,2.0,0.0,0.0,0.0
248,62,6,2972.0,2934.0,596.0,0.0,732.0,5645.0,807.8101881081877,19164.786399999983,19972.59658810817,2898.0,25.0,7.0,147.0,57.0,20.0,11.0,169.0,34.0,2.0,0.0,0.0,0.0
248,63,6,3049.0,3025.0,554.0,0.0,701.0,5645.0,318.08067395045646,19026.10959999998,19344.190273950437,2898.0,25.0,7.0,147.0,57.0,20.0,11.0,169.0,34.0,2.0,0.0,0.0,0.0
248,64,6,3051.0,3010.0,587.0,0.0,748.0,5645.0,440.90592349349606,18332.057599999982,18772.96352349348,2898.0,25.0,7.0,147.0,57.0,20.0,11.0,169.0,34.0,2.0,0.0,0.0,0.0
248,65,6,3060.0,2990.0,617.0,0.0,764.0,5645.0,445.21278670343634,21669.385599999965,22114.5983867034,2898.0,25.0,7.0,147.0,57.0,20.0,11.0,169.0,34.0,2.0,0.0,0.0,0.0
248,66,6,3093.0,3038.0,589.0,0.0,713.0,5645.0,645.6124086416414,21732.043999999976,22377.65640864162,2898.0,25.0,7.0,147.0,57.0,20.0,11.0,169.0,34.0,2.0,0.0,0.0,0.0
248,67,6,3008.0,2985.0,612.0,0.0,762.0,5645.0,1011.6954565086457,20271.595599999986,21283.29105650863,2898.0,25.0,7.0,147.0,57.0,20.0,11.0,169.0,34.0,2.0,0.0,0.0,0.0
248,68,6,3101.0,3038.0,620.0,0.0,782.0,5645.0,726.6868274144152,21552.218399999976,22278.905227414394,2898.0,25.0,7.0,147.0,57.0,20.0,11.0,169.0,34.0,2.0,0.0,0.0,0.0
248,69,6,3083.0,3087.0,624.0,0.0,789.0,5645.0,685.2404461814463,19883.22039999999,20568.460846181435,2898.0,25.0,7.0,147.0,57.0,20.0,11.0,169.0,34.0,2.0,0.0,0.0,0.0
248,70,6,3046.0,2970.0,627.0,0.0,722.0,5645.0,645.4071872049828,20124.635599999983,20770.042787204966,2898.0,25.0,7.0,147.0,57.0,20.0,11.0,169.0,34.0,2.0,0.0,0.0,0.0
248,71,6,2971.0,2966.0,598.0,0.0,771.0,5645.0,402.92429913596357,19823.300799999997,20226.22509913596,2898.0,25.0,7.0,147.0,57.0,20.0,11.0,169.0,34.0,2.0,0.0,0.0,0.0
248,72,7,3020.0,2986.0,595.0,0.0,771.0,5645.0,482.4302697099196,19633.722399999984,20116.152669709903,2898.0,25.0,7.0,147.0,57.0,20.0,11.0,169.0,34.0,2.0,0.0,0.0,0.0
248,73,7,3044.0,2970.0,595.0,0.0,777.0,5645.0,687.91328714853,18331.589999999982,19019.503287148513,2898.0,25.0,7.0,147.0,57.0,20.0,11.0,169.0,34.0,2.0,0.0,0.0,0.0
248,74,7,2929.0,2964.0,591.0,0.0,780.0,5645.0,400.4602357782717,20126.43919999999,20526.899435778265,2898.0,25.0,7.0,147.0,57.0,20.0,11.0,169.0,34.0,2.0,0.0,0.0,0.0
248,75,7,3033.0,2971.0,621.0,0.0,704.0,5645.0,560.2126489082756,19937.39519999998,20497.607848908257,2898.0,25.0,7.0,147.0,57.0,20.0,11.0,169.0,34.0,2.0,0.0,0.0,0.0
248,76,7,3064.0,3002.0,611.0,0.0,773.0,5645.0,562.1827819928322,19641.13719999999,20203.319981992823,2898.0,25.0,7.0,147.0,57.0,20.0,11.0,169.0,34.0,2.0,0.0,0.0,0.0
248,77,7,2975.0,2943.0,602.0,0.0,741.0,5645.0,522.4526745868467,18304.135199999986,18826.587874586832,2898.0,25.0,7.0,147.0,57.0,20.0,11.0,169.0,34.0,2.0,0.0,0.0,0.0
248,78,7,3022.0,2950.0,638.0,0.0,765.0,5645.0,927.3760888293892,20625.56879999997,21552.944888829355,2898.0,25.0,7.0,147.0,57.0,20.0,11.0,169.0,34.0,2.0,0.0,0.0,0.0
248,79,7,3066.0,2982.0,617.0,0.0,769.0,5645.0,930.2487573337187,17953.76919999999,18884.017957333712,2898.0,25.0,7.0,147.0,57.0,20.0,11.0,169.0,34.0,2.0,0.0,0.0,0.0
248,80,7,2984.0,2920.0,610.0,0.0,699.0,5645.0,563.2306316174656,20802.588799999976,21365.819431617445,2898.0,25.0,7.0,147.0,57.0,20.0,11.0,169.0,34.0,2.0,0.0,0.0,0.0
248,81,7,2999.0,2973.0,590.0,0.0,796.0,5645.0,729.2489933522456,19412.480799999983,20141.729793352228,2898.0,25.0,7.0,147.0,57.0,20.0,11.0,169.0,34.0,2.0,0.0,0.0,0.0
248,82,7,2967.0,2993.0,560.0,0.0,766.0,5645.0,1049.5135780003475,18614.88879999999,19664.402378000337,2898.0,25.0,7.0,147.0,57.0,20.0,11.0,169.0,34.0,2.0,0.0,0.0,0.0
248,83,7,3045.0,2946.0,618.0,0.0,772.0,5645.0,604.2913574410023,19533.188399999985,20137.47975744099,2898.0,25.0,7.0,147.0,57.0,20.0,11.0,169.0,34.0,2.0,0.0,0.0,0.0
248,84,8,3007.0,2977.0,579.0,0.0,737.0,5645.0,440.5420867123338,20278.27559999999,20718.817686712326,2898.0,25.0,7.0,147.0,57.0,20.0,11.0,169.0,34.0,2.0,0.0,0.0,0.0
248,85,8,3030.0,3006.0,574.0,0.0,709.0,5645.0,520.8758891013165,21138.99359999997,21659.869489101286,2898.0,25.0,7.0,147.0,57.0,20.0,11.0,169.0,34.0,2.0,0.0,0.0,0.0
248,86,8,3047.0,3017.0,601.0,0.0,718.0,5645.0,400.69752501723394,20006.46639999999,20407.163925017223,2898.0,25.0,7.0,147.0,57.0,20.0,11.0,169.0,34.0,2.0,0.0,0.0,0.0
248,87,8,3046.0,2996.0,629.0,0.0,738.0,5645.0,399.90344890279624,18946.350399999978,19346.253848902772,2898.0,25.0,7.0,147.0,57.0,20.0,11.0,169.0,34.0,2.0,0.0,0.0,0.0
248,88,8,3071.0,3027.0,614.0,0.0,780.0,5645.0,563.0646609326758,20544.74079999999,21107.805460932665,2898.0,25.0,7.0,147.0,57.0,20.0,11.0,169.0,34.0,2.0,0.0,0.0,0.0
248,89,8,3042.0,2983.0,608.0,0.0,715.0,5645.0,442.94872126080367,19924.101999999973,20367.050721260777,2898.0,25.0,7.0,147.0,57.0,20.0,11.0,169.0,34.0,2.0,0.0,0.0,0.0
248,90,8,3067.0,3033.0,599.0,0.0,773.0,5645.0,521.7319838942825,19831.717599999978,20353.44958389426,2898.0,25.0,7.0,147.0,57.0,20.0,11.0,169.0,34.0,2.0,0.0,0.0,0.0
248,91,8,3096.0,3002.0,638.0,0.0,764.0,5645.0,522.6011125119476,20525.56919999999,21048.17031251194,2898.0,25.0,7.0,147.0,57.0,20.0,11.0,169.0,34.0,2.0,0.0,0.0,0.0
248,92,8,2992.0,3023.0,592.0,0.0,739.0,5645.0,359.1049285840947,21072.92839999998,21432.033328584075,2898.0,25.0,7.0,147.0,57.0,20.0,11.0,169.0,34.0,2.0,0.0,0.0,0.0
248,93,8,2964.0,2960.0,564.0,0.0,697.0,5645.0,685.603883801359,19624.570799999972,20310.174683801335,2898.0,25.0,7.0,147.0,57.0,20.0,11.0,169.0,34.0,2.0,0.0,0.0,0.0
248,94,8,3038.0,3020.0,593.0,0.0,741.0,5645.0,603.7340034374636,19068.59439999998,19672.328403437445,2898.0,25.0,7.0,147.0,57.0,20.0,11.0,169.0,34.0,2.0,0.0,0.0,0.0
248,95,8,2989.0,2979.0,573.0,0.0,737.0,5645.0,440.7924960518678,22906.254399999973,23347.04689605184,2898.0,25.0,7.0,147.0,57.0,20.0,11.0,169.0,34.0,2.0,0.0,0.0,0.0
248,96,9,3011.0,2985.0,612.0,0.0,747.0,5645.0,524.7566932313104,20683.818399999993,21208.575093231302,2898.0,25.0,7.0,147.0,57.0,20.0,11.0,169.0,34.0,2.0,0.0,0.0,0.0
248,97,9,3033.0,2966.0,593.0,0.0,786.0,5645.0,484.2684237283897,19462.580799999974,19946.849223728364,2898.0,25.0,7.0,147.0,57.0,20.0,11.0,169.0,34.0,2.0,0.0,0.0,0.0
248,98,9,3060.0,3016.0,609.0,0.0,793.0,5645.0,604.1571393397661,20459.971599999983,21064.12873933975,2898.0,25.0,7.0,147.0,57.0,20.0,11.0,169.0,34.0,2.0,0.0,0.0,0.0
248,99,9,3073.0,2990.0,595.0,0.0,786.0,5645.0,848.9910851819093,17885.967199999985,18734.958285181892,2898.0,25.0,7.0,147.0,57.0,20.0,11.0,169.0,34.0,2.0,0.0,0.0,0.0
248,100,9,3069.0,2985.0,622.0,0.0,762.0,5645.0,479.76435423008206,19680.94999999999,20160.714354230073,2898.0,25.0,7.0,147.0,57.0,20.0,11.0,169.0,34.0,2.0,0.0,0.0,0.0
248,101,9,2984.0,3012.0,582.0,0.0,743.0,5645.0,603.5617322692157,20536.056799999973,21139.61853226919,2898.0,25.0,7.0,147.0,57.0,20.0,11.0,169.0,34.0,2.0,0.0,0.0,0.0
248,102,9,3006.0,2966.0,633.0,0.0,779.0,5645.0,564.59342578371,19712.21239999999,20276.805825783696,2898.0,25.0,7.0,147.0,57.0,20.0,11.0,169.0,34.0,2.0,0.0,0.0,0.0
248,103,9,3028.0,3008.0,566.0,0.0,762.0,5645.0,564.4822429585522,20254.294399999988,20818.77664295854,2898.0,25.0,7.0,147.0,57.0,20.0,11.0,169.0,34.0,2.0,0.0,0.0,0.0
248,104,9,2972.0,2970.0,603.0,0.0,767.0,5645.0,443.009807281998,19628.177999999985,20071.18780728199,2898.0,25.0,7.0,147.0,57.0,20.0,11.0,169.0,34.0,2.0,0.0,0.0,0.0
248,105,9,3038.0,2959.0,622.0,0.0,695.0,5645.0,524.8236786134429,19793.641599999977,20318.46527861342,2898.0,25.0,7.0,147.0,57.0,20.0,11.0,169.0,34.0,2.0,0.0,0.0,0.0
248,106,9,3075.0,2966.0,623.0,0.0,764.0,5645.0,361.1275813952079,19821.096399999984,20182.223981395193,2898.0,25.0,7.0,147.0,57.0,20.0,11.0,169.0,34.0,2.0,0.0,0.0,0.0
248,107,9,3126.0,3068.0,613.0,0.0,762.0,5645.0,603.2028222848533,17411.553599999992,18014.756422284845,2898.0,25.0,7.0,147.0,57.0,20.0,11.0,169.0,34.0,2.0,0.0,0.0,0.0
248,108,10,3042.0,3013.0,622.0,0.0,766.0,5645.0,483.00513339764933,18828.915999999983,19311.921133397635,2898.0,25.0,7.0,147.0,57.0,20.0,11.0,169.0,34.0,2.0,0.0,0.0,0.0
248,109,10,3069.0,3044.0,619.0,0.0,767.0,5645.0,485.6513936458105,19804.596799999978,20290.248193645788,2898.0,25.0,7.0,147.0,57.0,20.0,11.0,169.0,34.0,2.0,0.0,0.0,0.0
248,110,10,2984.0,2946.0,592.0,0.0,702.0,5645.0,441.36935068839864,19889.43279999998,20330.802150688378,2898.0,25.0,7.0,147.0,57.0,20.0,11.0,169.0,34.0,2.0,0.0,0.0,0.0
248,111,10,3044.0,2941.0,610.0,0.0,707.0,5645.0,767.6565215606183,18430.520799999973,19198.17732156059,2898.0,25.0,7.0,147.0,57.0,20.0,11.0,169.0,34.0,2.0,0.0,0.0,0.0
248,112,10,3057.0,3004.0,613.0,0.0,742.0,5645.0,603.4826113238992,18992.17519999998,19595.657811323883,2898.0,25.0,7.0,147.0,57.0,20.0,11.0,169.0,34.0,2.0,0.0,0.0,0.0
248,113,10,3021.0,2941.0,653.0,0.0,772.0,5645.0,565.0553639237033,20765.71519999998,21330.77056392369,2898.0,25.0,7.0,147.0,57.0,20.0,11.0,169.0,34.0,2.0,0.0,0.0,0.0
248,114,10,3059.0,2999.0,613.0,0.0,726.0,5645.0,727.0580500210228,21616.61359999998,22343.671650021002,2898.0,25.0,7.0,147.0,57.0,20.0,11.0,169.0,34.0,2.0,0.0,0.0,0.0
248,115,10,3024.0,3027.0,602.0,0.0,774.0,5645.0,686.2176722141166,19560.442799999986,20246.660472214106,2898.0,25.0,7.0,147.0,57.0,20.0,11.0,169.0,34.0,2.0,0.0,0.0,0.0
248,116,10,3069.0,2989.0,602.0,0.0,738.0,5645.0,604.6290433007398,20615.615599999986,21220.244643300724,2898.0,25.0,7.0,147.0,57.0,20.0,11.0,169.0,34.0,2.0,0.0,0.0,0.0
248,117,10,3060.0,2979.0,635.0,0.0,736.0,5645.0,478.5211453699095,20277.073199999984,20755.594345369893,2898.0,25.0,7.0,147.0,57.0,20.0,11.0,169.0,34.0,2.0,0.0,0.0,0.0
248,118,10,3002.0,2972.0,592.0,0.0,742.0,5645.0,566.801844855106,20320.02559999998,20886.827444855084,2898.0,25.0,7.0,147.0,57.0,20.0,11.0,169.0,34.0,2.0,0.0,0.0,0.0
248,119,10,3050.0,3021.0,581.0,0.0,740.0,5645.0,845.4907340336237,19700.92319999998,20546.413934033604,2898.0,25.0,7.0,147.0,57.0,20.0,11.0,169.0,34.0,2.0,0.0,0.0,0.0
249,0,1,3026.0,3000.0,587.0,0.0,731.0,5645.0,401.5420697698763,18126.513999999985,18528.05606976986,2898.0,25.0,7.0,147.0,57.0,20.0,11.0,169.0,34.0,2.0,0.0,0.0,0.0
249,1,1,3023.0,2945.0,587.0,0.0,735.0,5645.0,315.78780052944575,19802.39239999999,20118.180200529434,2898.0,25.0,7.0,147.0,57.0,20.0,11.0,169.0,34.0,2.0,0.0,0.0,0.0
249,2,1,2960.0,2958.0,612.0,0.0,731.0,5645.0,440.3272101260775,19123.437199999982,19563.76441012606,2898.0,25.0,7.0,147.0,57.0,20.0,11.0,169.0,34.0,2.0,0.0,0.0,0.0
249,3,1,3024.0,3026.0,602.0,0.0,758.0,5645.0,277.5417803686659,19706.60119999998,19984.142980368648,2898.0,25.0,7.0,147.0,57.0,20.0,11.0,169.0,34.0,2.0,0.0,0.0,0.0
249,4,1,2970.0,2953.0,616.0,0.0,715.0,5645.0,765.9123491645078,18759.44399999998,19525.35634916449,2898.0,25.0,7.0,147.0,57.0,20.0,11.0,169.0,34.0,2.0,0.0,0.0,0.0
249,5,1,2979.0,2929.0,603.0,0.0,698.0,5645.0,521.2468079046694,18932.322399999986,19453.569207904653,2898.0,25.0,7.0,147.0,57.0,20.0,11.0,169.0,34.0,2.0,0.0,0.0,0.0
249,6,1,2963.0,2965.0,590.0,0.0,725.0,5645.0,603.5890733342818,18923.905599999984,19527.494673334262,2898.0,25.0,7.0,147.0,57.0,20.0,11.0,169.0,34.0,2.0,0.0,0.0,0.0
249,7,1,2948.0,2935.0,630.0,0.0,693.0,5645.0,520.8808665320915,19708.53839999998,20229.41926653207,2898.0,25.0,7.0,147.0,57.0,20.0,11.0,169.0,34.0,2.0,0.0,0.0,0.0
249,8,1,3064.0,2994.0,653.0,0.0,733.0,5645.0,521.1063196566105,19300.724399999985,19821.83071965659,2898.0,25.0,7.0,147.0,57.0,20.0,11.0,169.0,34.0,2.0,0.0,0.0,0.0
249,9,1,3054.0,3012.0,627.0,0.0,752.0,5645.0,603.3433485043732,20540.866399999974,21144.209748504345,2898.0,25.0,7.0,147.0,57.0,20.0,11.0,169.0,34.0,2.0,0.0,0.0,0.0
249,10,1,3024.0,3050.0,549.0,0.0,674.0,5645.0,602.6663477010785,19816.01959999998,20418.685947701062,2898.0,25.0,7.0,147.0,57.0,20.0,11.0,169.0,34.0,2.0,0.0,0.0,0.0
249,11,1,3060.0,2978.0,643.0,0.0,746.0,5645.0,479.6836415832359,19018.895199999988,19498.57884158322,2898.0,25.0,7.0,147.0,57.0,20.0,11.0,169.0,34.0,2.0,0.0,0.0,0.0
249,12,2,2958.0,2882.0,598.0,0.0,698.0,5645.0,523.2889737899286,19059.576399999994,19582.865373789922,2898.0,25.0,7.0,147.0,57.0,20.0,11.0,169.0,34.0,2.0,0.0,0.0,0.0
249,13,2,3009.0,3052.0,576.0,0.0,690.0,5645.0,483.0213934681439,18468.529999999984,18951.55139346813,2898.0,25.0,7.0,147.0,57.0,20.0,11.0,169.0,34.0,2.0,0.0,0.0,0.0
249,14,2,2982.0,3007.0,617.0,0.0,740.0,5645.0,521.431119045128,18795.582799999982,19317.013919045115,2898.0,25.0,7.0,147.0,57.0,20.0,11.0,169.0,34.0,2.0,0.0,0.0,0.0
249,15,2,3037.0,2972.0,649.0,0.0,709.0,5645.0,239.22550288458632,18364.455599999987,18603.681102884573,2898.0,25.0,7.0,147.0,57.0,20.0,11.0,169.0,34.0,2.0,0.0,0.0,0.0
249,16,2,2977.0,2971.0,620.0,0.0,723.0,5645.0,685.3478150646746,19043.47759999999,19728.825415064664,2898.0,25.0,7.0,147.0,57.0,20.0,11.0,169.0,34.0,2.0,0.0,0.0,0.0
249,17,2,3003.0,2941.0,632.0,0.0,787.0,5645.0,401.58666346460535,19469.19399999998,19870.780663464582,2898.0,25.0,7.0,147.0,57.0,20.0,11.0,169.0,34.0,2.0,0.0,0.0,0.0
249,18,2,2948.0,2935.0,604.0,0.0,718.0,5645.0,683.7103885315483,20297.38039999998,20981.090788531532,2898.0,25.0,7.0,147.0,57.0,20.0,11.0,169.0,34.0,2.0,0.0,0.0,0.0
249,19,2,3048.0,3041.0,630.0,0.0,764.0,5645.0,320.95236878052646,20576.069999999985,20897.022368780512,2898.0,25.0,7.0,147.0,57.0,20.0,11.0,169.0,34.0,2.0,0.0,0.0,0.0
249,20,2,3014.0,2970.0,606.0,0.0,731.0,5645.0,440.02125255221756,19788.23079999999,20228.252052552205,2898.0,25.0,7.0,147.0,57.0,20.0,11.0,169.0,34.0,2.0,0.0,0.0,0.0
249,21,2,2991.0,2937.0,614.0,0.0,760.0,5645.0,603.655519611245,18457.10719999998,19060.762719611223,2898.0,25.0,7.0,147.0,57.0,20.0,11.0,169.0,34.0,2.0,0.0,0.0,0.0
249,22,2,3026.0,2982.0,594.0,0.0,723.0,5645.0,563.4187051847664,20518.020799999984,21081.439505184746,2898.0,25.0,7.0,147.0,57.0,20.0,11.0,169.0,34.0,2.0,0.0,0.0,0.0
249,23,2,2983.0,2987.0,624.0,0.0,767.0,5645.0,645.1311287447854,20077.341199999977,20722.472328744763,2898.0,25.0,7.0,147.0,57.0,20.0,11.0,169.0,34.0,2.0,0.0,0.0,0.0
249,24,3,3002.0,2886.0,590.0,0.0,693.0,5645.0,439.3206596903135,18544.281199999987,18983.601859690298,2898.0,25.0,7.0,147.0,57.0,20.0,11.0,169.0,34.0,2.0,0.0,0.0,0.0
249,25,3,3039.0,3032.0,614.0,0.0,755.0,5645.0,438.90669472148835,20790.364399999988,21229.271094721476,2898.0,25.0,7.0,147.0,57.0,20.0,11.0,169.0,34.0,2.0,0.0,0.0,0.0
249,26,3,3023.0,2950.0,603.0,0.0,712.0,5645.0,398.71617323482803,18563.65319999999,18962.369373234815,2898.0,25.0,7.0,147.0,57.0,20.0,11.0,169.0,34.0,2.0,0.0,0.0,0.0
249,27,3,2984.0,2998.0,585.0,0.0,734.0,5645.0,642.3921654166897,18972.869999999984,19615.262165416672,2898.0,25.0,7.0,147.0,57.0,20.0,11.0,169.0,34.0,2.0,0.0,0.0,0.0
249,28,3,2981.0,2915.0,612.0,0.0,727.0,5645.0,482.28072012813516,18650.359599999992,19132.64032012813,2898.0,25.0,7.0,147.0,57.0,20.0,11.0,169.0,34.0,2.0,0.0,0.0,0.0
249,29,3,2965.0,2941.0,607.0,0.0,734.0,5645.0,480.14979188484875,18400.527599999994,18880.67739188484,2898.0,25.0,7.0,147.0,57.0,20.0,11.0,169.0,34.0,2.0,0.0,0.0,0.0
249,30,3,2999.0,2960.0,620.0,0.0,741.0,5645.0,440.1577325999078,18921.767999999985,19361.92573259989,2898.0,25.0,7.0,147.0,57.0,20.0,11.0,169.0,34.0,2.0,0.0,0.0,0.0
249,31,3,3019.0,2980.0,604.0,0.0,728.0,5645.0,521.8372445802297,19484.89199999998,20006.729244580216,2898.0,25.0,7.0,147.0,57.0,20.0,11.0,169.0,34.0,2.0,0.0,0.0,0.0
249,32,3,2937.0,2925.0,600.0,0.0,734.0,5645.0,399.17767918092807,21277.737199999978,21676.914879180906,2898.0,25.0,7.0,147.0,57.0,20.0,11.0,169.0,34.0,2.0,0.0,0.0,0.0
249,33,3,3011.0,2974.0,607.0,0.0,774.0,5645.0,724.4305455385042,20081.148799999974,20805.579345538477,2898.0,25.0,7.0,147.0,57.0,20.0,11.0,169.0,34.0,2.0,0.0,0.0,0.0
249,34,3,3017.0,2916.0,607.0,0.0,770.0,5645.0,523.1570400862302,20744.47279999998,21267.62984008621,2898.0,25.0,7.0,147.0,57.0,20.0,11.0,169.0,34.0,2.0,0.0,0.0,0.0
249,35,3,3013.0,2915.0,630.0,0.0,711.0,5645.0,766.8366496354338,19782.686399999973,20549.52304963541,2898.0,25.0,7.0,147.0,57.0,20.0,11.0,169.0,34.0,2.0,0.0,0.0,0.0
249,36,4,2998.0,2985.0,570.0,0.0,696.0,5645.0,356.85878729200033,19544.94519999998,19901.80398729198,2898.0,25.0,7.0,147.0,57.0,20.0,11.0,169.0,34.0,2.0,0.0,0.0,0.0
249,37,4,3013.0,3024.0,569.0,0.0,720.0,5645.0,361.0582434606078,20986.48919999999,21347.547443460593,2898.0,25.0,7.0,147.0,57.0,20.0,11.0,169.0,34.0,2.0,0.0,0.0,0.0
249,38,4,2951.0,2958.0,546.0,0.0,719.0,5645.0,524.2175019286188,19970.193999999985,20494.411501928604,2898.0,25.0,7.0,147.0,57.0,20.0,11.0,169.0,34.0,2.0,0.0,0.0,0.0
249,39,4,3055.0,2973.0,626.0,0.0,712.0,5645.0,726.3717247008022,20205.93119999998,20932.302924700787,2898.0,25.0,7.0,147.0,57.0,20.0,11.0,169.0,34.0,2.0,0.0,0.0,0.0
249,40,4,3017.0,3002.0,631.0,0.0,790.0,5645.0,602.2141419315279,19425.974399999977,20028.188541931504,2898.0,25.0,7.0,147.0,57.0,20.0,11.0,169.0,34.0,2.0,0.0,0.0,0.0
249,41,4,2990.0,2879.0,646.0,0.0,705.0,5645.0,644.982624081901,19698.384799999993,20343.3674240819,2898.0,25.0,7.0,147.0,57.0,20.0,11.0,169.0,34.0,2.0,0.0,0.0,0.0
249,42,4,2946.0,2970.0,591.0,0.0,715.0,5645.0,399.69302597152677,21028.038799999988,21427.731825971514,2898.0,25.0,7.0,147.0,57.0,20.0,11.0,169.0,34.0,2.0,0.0,0.0,0.0
249,43,4,3014.0,3019.0,602.0,0.0,706.0,5645.0,766.1434441834408,19419.16079999998,20185.30424418342,2898.0,25.0,7.0,147.0,57.0,20.0,11.0,169.0,34.0,2.0,0.0,0.0,0.0
249,44,4,3006.0,2950.0,611.0,0.0,713.0,5645.0,723.993403174426,19256.836799999986,19980.830203174413,2898.0,25.0,7.0,147.0,57.0,20.0,11.0,169.0,34.0,2.0,0.0,0.0,0.0
249,45,4,2999.0,2942.0,622.0,0.0,694.0,5645.0,397.98776879586535,19443.809999999994,19841.797768795856,2898.0,25.0,7.0,147.0,57.0,20.0,11.0,169.0,34.0,2.0,0.0,0.0,0.0
249,46,4,3039.0,3006.0,643.0,0.0,765.0,5645.0,563.604759267024,19391.705999999995,19955.310759267017,2898.0,25.0,7.0,147.0,57.0,20.0,11.0,169.0,34.0,2.0,0.0,0.0,0.0
249,47,4,2993.0,2947.0,608.0,0.0,726.0,5645.0,726.4807532378748,18485.63079999998,19212.111553237854,2898.0,25.0,7.0,147.0,57.0,20.0,11.0,169.0,34.0,2.0,0.0,0.0,0.0
249,48,5,3023.0,2941.0,645.0,0.0,698.0,5645.0,278.9351517874031,19245.213599999985,19524.148751787387,2898.0,25.0,7.0,147.0,57.0,20.0,11.0,169.0,34.0,2.0,0.0,0.0,0.0
249,49,5,2987.0,2958.0,632.0,0.0,723.0,5645.0,400.05743104272983,19222.835599999988,19622.89303104272,2898.0,25.0,7.0,147.0,57.0,20.0,11.0,169.0,34.0,2.0,0.0,0.0,0.0
249,50,5,3049.0,2977.0,629.0,0.0,731.0,5645.0,561.5927327416978,19256.569599999977,19818.16233274168,2898.0,25.0,7.0,147.0,57.0,20.0,11.0,169.0,34.0,2.0,0.0,0.0,0.0
249,51,5,2984.0,2968.0,598.0,0.0,732.0,5645.0,642.0214359918931,20848.814399999992,21490.835835991882,2898.0,25.0,7.0,147.0,57.0,20.0,11.0,169.0,34.0,2.0,0.0,0.0,0.0
249,52,5,3016.0,2957.0,561.0,0.0,692.0,5645.0,523.081350473353,20747.34519999999,21270.426550473345,2898.0,25.0,7.0,147.0,57.0,20.0,11.0,169.0,34.0,2.0,0.0,0.0,0.0
249,53,5,2976.0,2984.0,589.0,0.0,699.0,5645.0,644.2345688740147,19595.178799999983,20239.413368874,2898.0,25.0,7.0,147.0,57.0,20.0,11.0,169.0,34.0,2.0,0.0,0.0,0.0
249,54,5,3022.0,2967.0,610.0,0.0,780.0,5645.0,278.21540404775084,21325.432399999983,21603.64780404773,2898.0,25.0,7.0,147.0,57.0,20.0,11.0,169.0,34.0,2.0,0.0,0.0,0.0
249,55,5,2998.0,2917.0,637.0,0.0,690.0,5645.0,398.0462904782084,19292.17399999998,19690.220290478184,2898.0,25.0,7.0,147.0,57.0,20.0,11.0,169.0,34.0,2.0,0.0,0.0,0.0
249,56,5,2959.0,2917.0,663.0,0.0,801.0,5645.0,562.428975347487,19635.859999999986,20198.28897534747,2898.0,25.0,7.0,147.0,57.0,20.0,11.0,169.0,34.0,2.0,0.0,0.0,0.0
249,57,5,3001.0,2952.0,612.0,0.0,780.0,5645.0,401.5705355556458,20141.06839999998,20542.638935555624,2898.0,25.0,7.0,147.0,57.0,20.0,11.0,169.0,34.0,2.0,0.0,0.0,0.0
249,58,5,3036.0,2960.0,589.0,0.0,707.0,5645.0,277.74837820443383,20257.901599999987,20535.649978204423,2898.0,25.0,7.0,147.0,57.0,20.0,11.0,169.0,34.0,2.0,0.0,0.0,0.0
249,59,5,3038.0,3023.0,618.0,0.0,766.0,5645.0,154.42616312080202,19499.120399999978,19653.54656312078,2898.0,25.0,7.0,147.0,57.0,20.0,11.0,169.0,34.0,2.0,0.0,0.0,0.0
249,60,6,3045.0,2959.0,613.0,0.0,733.0,5645.0,481.8320773896583,20495.041599999982,20976.87367738964,2898.0,25.0,7.0,147.0,57.0,20.0,11.0,169.0,34.0,2.0,0.0,0.0,0.0
249,61,6,2954.0,2919.0,603.0,0.0,732.0,5645.0,360.6609849635019,19661.31079999998,20021.97178496348,2898.0,25.0,7.0,147.0,57.0,20.0,11.0,169.0,34.0,2.0,0.0,0.0,0.0
249,62,6,3033.0,3001.0,565.0,0.0,684.0,5645.0,235.71458806656102,19032.655999999984,19268.370588066547,2898.0,25.0,7.0,147.0,57.0,20.0,11.0,169.0,34.0,2.0,0.0,0.0,0.0
249,63,6,3029.0,2991.0,593.0,0.0,716.0,5645.0,357.5395550014155,18405.671199999982,18763.210755001397,2898.0,25.0,7.0,147.0,57.0,20.0,11.0,169.0,34.0,2.0,0.0,0.0,0.0
249,64,6,3036.0,2965.0,628.0,0.0,752.0,5645.0,401.9958794420549,21350.34879999997,21752.344679442023,2898.0,25.0,7.0,147.0,57.0,20.0,11.0,169.0,34.0,2.0,0.0,0.0,0.0
249,65,6,3063.0,3016.0,594.0,0.0,684.0,5645.0,643.2316499414821,21097.577599999975,21740.809249941456,2898.0,25.0,7.0,147.0,57.0,20.0,11.0,169.0,34.0,2.0,0.0,0.0,0.0
249,66,6,2992.0,2960.0,630.0,0.0,753.0,5645.0,402.75664939611704,21977.266799999972,22380.023449396092,2898.0,25.0,7.0,147.0,57.0,20.0,11.0,169.0,34.0,2.0,0.0,0.0,0.0
249,67,6,3084.0,3019.0,628.0,0.0,759.0,5645.0,319.07081342800825,21504.523199999978,21823.594013427988,2898.0,25.0,7.0,147.0,57.0,20.0,11.0,169.0,34.0,2.0,0.0,0.0,0.0
249,68,6,3064.0,3067.0,633.0,0.0,749.0,5645.0,601.4373320234708,19257.705199999986,19859.142532023456,2898.0,25.0,7.0,147.0,57.0,20.0,11.0,169.0,34.0,2.0,0.0,0.0,0.0
249,69,6,3027.0,2951.0,640.0,0.0,704.0,5645.0,644.7228990708265,19715.485599999985,20360.20849907081,2898.0,25.0,7.0,147.0,57.0,20.0,11.0,169.0,34.0,2.0,0.0,0.0,0.0
249,70,6,2956.0,2941.0,612.0,0.0,749.0,5645.0,278.60207152533167,19524.504399999994,19803.106471525323,2898.0,25.0,7.0,147.0,57.0,20.0,11.0,169.0,34.0,2.0,0.0,0.0,0.0
249,71,6,3005.0,2962.0,611.0,0.0,752.0,5645.0,317.9061413619237,18482.42439999999,18800.330541361916,2898.0,25.0,7.0,147.0,57.0,20.0,11.0,169.0,34.0,2.0,0.0,0.0,0.0
249,72,7,3022.0,2941.0,608.0,0.0,759.0,5645.0,728.0903473523043,18115.95959999998,18844.049947352287,2898.0,25.0,7.0,147.0,57.0,20.0,11.0,169.0,34.0,2.0,0.0,0.0,0.0
249,73,7,2907.0,2946.0,598.0,0.0,760.0,5645.0,319.1364120943317,20173.332799999986,20492.46921209432,2898.0,25.0,7.0,147.0,57.0,20.0,11.0,169.0,34.0,2.0,0.0,0.0,0.0
249,74,7,3010.0,2953.0,625.0,0.0,678.0,5645.0,477.551585930966,19493.776399999984,19971.32798593095,2898.0,25.0,7.0,147.0,57.0,20.0,11.0,169.0,34.0,2.0,0.0,0.0,0.0
249,75,7,3046.0,2967.0,644.0,0.0,732.0,5645.0,437.1161012934762,19010.879199999985,19447.99530129346,2898.0,25.0,7.0,147.0,57.0,20.0,11.0,169.0,34.0,2.0,0.0,0.0,0.0
249,76,7,2958.0,2918.0,613.0,0.0,704.0,5645.0,400.48114946394537,17610.149999999983,18010.63114946393,2898.0,25.0,7.0,147.0,57.0,20.0,11.0,169.0,34.0,2.0,0.0,0.0,0.0
249,77,7,2995.0,2920.0,651.0,0.0,731.0,5645.0,681.8791954442464,20594.239599999964,21276.118795444214,2898.0,25.0,7.0,147.0,57.0,20.0,11.0,169.0,34.0,2.0,0.0,0.0,0.0
249,78,7,3049.0,2963.0,628.0,0.0,743.0,5645.0,563.1725510105039,18101.864799999992,18665.0373510105,2898.0,25.0,7.0,147.0,57.0,20.0,11.0,169.0,34.0,2.0,0.0,0.0,0.0
249,79,7,2961.0,2892.0,625.0,0.0,677.0,5645.0,440.5168974147854,20611.473999999977,21051.990897414766,2898.0,25.0,7.0,147.0,57.0,20.0,11.0,169.0,34.0,2.0,0.0,0.0,0.0
249,80,7,2980.0,2955.0,594.0,0.0,754.0,5645.0,685.4117779525506,19005.86919999998,19691.280977952534,2898.0,25.0,7.0,147.0,57.0,20.0,11.0,169.0,34.0,2.0,0.0,0.0,0.0
249,81,7,2950.0,2963.0,580.0,0.0,753.0,5645.0,683.9153891861761,18928.91559999999,19612.830989186165,2898.0,25.0,7.0,147.0,57.0,20.0,11.0,169.0,34.0,2.0,0.0,0.0,0.0
249,82,7,3026.0,2934.0,616.0,0.0,744.0,5645.0,360.41730156297274,19633.588799999987,19994.00610156296,2898.0,25.0,7.0,147.0,57.0,20.0,11.0,169.0,34.0,2.0,0.0,0.0,0.0
249,83,7,2990.0,2951.0,598.0,0.0,716.0,5645.0,277.30003427765087,19571.19759999999,19848.49763427764,2898.0,25.0,7.0,147.0,57.0,20.0,11.0,169.0,34.0,2.0,0.0,0.0,0.0
249,84,8,3010.0,2981.0,592.0,0.0,688.0,5645.0,521.007906778538,21285.75319999997,21806.76110677851,2898.0,25.0,7.0,147.0,57.0,20.0,11.0,169.0,34.0,2.0,0.0,0.0,0.0
249,85,8,3035.0,3000.0,616.0,0.0,706.0,5645.0,317.8010332073206,19596.04719999999,19913.84823320731,2898.0,25.0,7.0,147.0,57.0,20.0,11.0,169.0,34.0,2.0,0.0,0.0,0.0
249,86,8,3029.0,2952.0,663.0,0.0,740.0,5645.0,400.6709075906063,19228.31319999998,19628.984107590586,2898.0,25.0,7.0,147.0,57.0,20.0,11.0,169.0,34.0,2.0,0.0,0.0,0.0
249,87,8,3052.0,2998.0,631.0,0.0,760.0,5645.0,521.5944399134563,20479.74439999998,21001.33883991344,2898.0,25.0,7.0,147.0,57.0,20.0,11.0,169.0,34.0,2.0,0.0,0.0,0.0
249,88,8,3019.0,2962.0,614.0,0.0,679.0,5645.0,399.8826641158148,20220.693999999967,20620.57666411578,2898.0,25.0,7.0,147.0,57.0,20.0,11.0,169.0,34.0,2.0,0.0,0.0,0.0
249,89,8,3053.0,3006.0,616.0,0.0,739.0,5645.0,439.5674040509893,19388.566399999978,19828.133804050965,2898.0,25.0,7.0,147.0,57.0,20.0,11.0,169.0,34.0,2.0,0.0,0.0,0.0
249,90,8,3076.0,2978.0,651.0,0.0,743.0,5645.0,600.2715192613975,20437.927599999995,21038.19911926139,2898.0,25.0,7.0,147.0,57.0,20.0,11.0,169.0,34.0,2.0,0.0,0.0,0.0
249,91,8,2973.0,3007.0,601.0,0.0,714.0,5645.0,276.8657621680105,20923.29639999998,21200.16216216799,2898.0,25.0,7.0,147.0,57.0,20.0,11.0,169.0,34.0,2.0,0.0,0.0,0.0
249,92,8,2947.0,2936.0,580.0,0.0,688.0,5645.0,400.31385267739864,18712.41679999998,19112.73065267738,2898.0,25.0,7.0,147.0,57.0,20.0,11.0,169.0,34.0,2.0,0.0,0.0,0.0
249,93,8,3015.0,2989.0,609.0,0.0,731.0,5645.0,521.7699427257329,19712.81359999998,20234.583542725715,2898.0,25.0,7.0,147.0,57.0,20.0,11.0,169.0,34.0,2.0,0.0,0.0,0.0
249,94,8,2971.0,2952.0,587.0,0.0,720.0,5645.0,480.25129534752534,22483.47719999997,22963.728495347492,2898.0,25.0,7.0,147.0,57.0,20.0,11.0,169.0,34.0,2.0,0.0,0.0,0.0
249,95,8,2999.0,2966.0,625.0,0.0,722.0,5645.0,481.65957005678206,20226.77279999999,20708.432370056773,2898.0,25.0,7.0,147.0,57.0,20.0,11.0,169.0,34.0,2.0,0.0,0.0,0.0
249,96,9,3014.0,2943.0,614.0,0.0,763.0,5645.0,642.9109777143238,18928.447999999975,19571.3589777143,2898.0,25.0,7.0,147.0,57.0,20.0,11.0,169.0,34.0,2.0,0.0,0.0,0.0
249,97,9,3042.0,2990.0,624.0,0.0,768.0,5645.0,562.4352170966581,20273.799999999985,20836.23521709664,2898.0,25.0,7.0,147.0,57.0,20.0,11.0,169.0,34.0,2.0,0.0,0.0,0.0
249,98,9,3047.0,2974.0,604.0,0.0,750.0,5645.0,642.8597213545786,17447.02439999998,18089.88412135456,2898.0,25.0,7.0,147.0,57.0,20.0,11.0,169.0,34.0,2.0,0.0,0.0,0.0
249,99,9,3052.0,2963.0,638.0,0.0,747.0,5645.0,397.47080769987053,19665.31879999999,20062.78960769986,2898.0,25.0,7.0,147.0,57.0,20.0,11.0,169.0,34.0,2.0,0.0,0.0,0.0
249,100,9,2968.0,2993.0,593.0,0.0,732.0,5645.0,320.1653441947088,20177.474399999974,20497.639744194683,2898.0,25.0,7.0,147.0,57.0,20.0,11.0,169.0,34.0,2.0,0.0,0.0,0.0
249,101,9,2990.0,2951.0,641.0,0.0,756.0,5645.0,601.7043632816767,19800.789199999985,20402.49356328166,2898.0,25.0,7.0,147.0,57.0,20.0,11.0,169.0,34.0,2.0,0.0,0.0,0.0
249,102,9,3015.0,2971.0,603.0,0.0,728.0,5645.0,522.0233383426231,19915.35119999998,20437.374538342603,2898.0,25.0,7.0,147.0,57.0,20.0,11.0,169.0,34.0,2.0,0.0,0.0,0.0
249,103,9,2952.0,2944.0,622.0,0.0,730.0,5645.0,439.2495431186241,19522.901199999986,19962.15074311861,2898.0,25.0,7.0,147.0,57.0,20.0,11.0,169.0,34.0,2.0,0.0,0.0,0.0
249,104,9,3021.0,2965.0,608.0,0.0,686.0,5645.0,278.2745121969528,19974.402399999984,20252.676912196937,2898.0,25.0,7.0,147.0,57.0,20.0,11.0,169.0,34.0,2.0,0.0,0.0,0.0
249,105,9,3055.0,2930.0,644.0,0.0,736.0,5645.0,438.9480910977974,18944.479999999985,19383.428091097783,2898.0,25.0,7.0,147.0,57.0,20.0,11.0,169.0,34.0,2.0,0.0,0.0,0.0
249,106,9,3101.0,3044.0,624.0,0.0,728.0,5645.0,601.6353845136971,16976.21799999999,17577.853384513684,2898.0,25.0,7.0,147.0,57.0,20.0,11.0,169.0,34.0,2.0,0.0,0.0,0.0
249,107,9,3024.0,2972.0,648.0,0.0,750.0,5645.0,277.75575170132436,19887.295199999982,20165.050951701305,2898.0,25.0,7.0,147.0,57.0,20.0,11.0,169.0,34.0,2.0,0.0,0.0,0.0
249,108,10,3047.0,3027.0,620.0,0.0,726.0,5645.0,239.79089697794623,20030.98199999998,20270.772896977927,2898.0,25.0,7.0,147.0,57.0,20.0,11.0,169.0,34.0,2.0,0.0,0.0,0.0
249,109,10,2960.0,2897.0,625.0,0.0,706.0,5645.0,481.8232517232637,20070.059999999976,20551.88325172324,2898.0,25.0,7.0,147.0,57.0,20.0,11.0,169.0,34.0,2.0,0.0,0.0,0.0
249,110,10,3025.0,2921.0,621.0,0.0,685.0,5645.0,603.0096707394645,18368.66399999997,18971.673670739438,2898.0,25.0,7.0,147.0,57.0,20.0,11.0,169.0,34.0,2.0,0.0,0.0,0.0
249,111,10,3033.0,2975.0,624.0,0.0,719.0,5645.0,439.54748092788753,18413.887599999984,18853.435080927873,2898.0,25.0,7.0,147.0,57.0,20.0,11.0,169.0,34.0,2.0,0.0,0.0,0.0
249,112,10,3004.0,2914.0,669.0,0.0,734.0,5645.0,440.63802659179476,20410.205599999983,20850.843626591777,2898.0,25.0,7.0,147.0,57.0,20.0,11.0,169.0,34.0,2.0,0.0,0.0,0.0
249,113,10,3042.0,2969.0,628.0,0.0,706.0,5645.0,603.8698739638082,20693.237199999978,21297.107073963783,2898.0,25.0,7.0,147.0,57.0,20.0,11.0,169.0,34.0,2.0,0.0,0.0,0.0
249,114,10,3007.0,3008.0,612.0,0.0,738.0,5645.0,644.1499938072046,18667.794399999988,19311.944393807193,2898.0,25.0,7.0,147.0,57.0,20.0,11.0,169.0,34.0,2.0,0.0,0.0,0.0
249,115,10,3055.0,2968.0,612.0,0.0,701.0,5645.0,641.9995628410475,20169.257999999983,20811.257562841034,2898.0,25.0,7.0,147.0,57.0,20.0,11.0,169.0,34.0,2.0,0.0,0.0,0.0
249,116,10,3040.0,2959.0,646.0,0.0,708.0,5645.0,394.59441856315993,19716.019999999982,20110.614418563142,2898.0,25.0,7.0,147.0,57.0,20.0,11.0,169.0,34.0,2.0,0.0,0.0,0.0
249,117,10,2982.0,2948.0,601.0,0.0,708.0,5645.0,483.75598595158556,20106.53279999998,20590.28878595156,2898.0,25.0,7.0,147.0,57.0,20.0,11.0,169.0,34.0,2.0,0.0,0.0,0.0
249,118,10,3031.0,3005.0,583.0,0.0,706.0,5645.0,519.7594249276914,19656.70159999998,20176.461024927667,2898.0,25.0,7.0,147.0,57.0,20.0,11.0,169.0,34.0,2.0,0.0,0.0,0.0
249,119,10,3005.0,2981.0,593.0,0.0,737.0,5645.0,521.4514694805129,19941.737199999978,20463.18866948049,2898.0,25.0,7.0,147.0,57.0,20.0,11.0,169.0,34.0,2.0,0.0,0.0,0.0
250,0,1,3078.0,2969.0,605.0,0.0,735.0,5645.0,270.62126496875015,21048.27919999999,21318.900464968738,2898.0,25.0,7.0,147.0,57.0,20.0,11.0,169.0,34.0,2.0,0.0,0.0,0.0
250,1,1,2991.0,2962.0,628.0,0.0,729.0,5645.0,394.2118136932248,20209.337999999985,20603.549813693207,2898.0,25.0,7.0,147.0,57.0,20.0,11.0,169.0,34.0,2.0,0.0,0.0,0.0
250,2,1,3070.0,3050.0,613.0,0.0,756.0,5645.0,230.35243658963984,20736.389999999985,20966.74243658963,2898.0,25.0,7.0,147.0,57.0,20.0,11.0,169.0,34.0,2.0,0.0,0.0,0.0
250,3,1,3025.0,2967.0,638.0,0.0,713.0,5645.0,516.4274858807488,20654.76039999998,21171.187885880732,2898.0,25.0,7.0,147.0,57.0,20.0,11.0,169.0,34.0,2.0,0.0,0.0,0.0
250,4,1,3025.0,2933.0,632.0,0.0,713.0,5645.0,516.1301261375501,20358.96999999998,20875.100126137528,2898.0,25.0,7.0,147.0,57.0,20.0,11.0,169.0,34.0,2.0,0.0,0.0,0.0
250,5,1,3009.0,2982.0,605.0,0.0,723.0,5645.0,437.72976912083783,21102.186799999985,21539.91656912082,2898.0,25.0,7.0,147.0,57.0,20.0,11.0,169.0,34.0,2.0,0.0,0.0,0.0
250,6,1,3002.0,2945.0,662.0,0.0,715.0,5645.0,435.6615493163366,20638.527999999977,21074.18954931631,2898.0,25.0,7.0,147.0,57.0,20.0,11.0,169.0,34.0,2.0,0.0,0.0,0.0
250,7,1,3113.0,3009.0,669.0,0.0,723.0,5645.0,392.43134869885677,19667.85719999998,20060.288548698838,2898.0,25.0,7.0,147.0,57.0,20.0,11.0,169.0,34.0,2.0,0.0,0.0,0.0
250,8,1,3105.0,3037.0,641.0,0.0,751.0,5645.0,597.6042030193644,20899.715999999975,21497.320203019335,2898.0,25.0,7.0,147.0,57.0,20.0,11.0,169.0,34.0,2.0,0.0,0.0,0.0
250,9,1,3069.0,3012.0,617.0,0.0,765.0,5645.0,637.4885352632652,20772.99639999998,21410.48493526325,2898.0,25.0,7.0,147.0,57.0,20.0,11.0,169.0,34.0,2.0,0.0,0.0,0.0
250,10,1,3113.0,2993.0,669.0,0.0,772.0,5645.0,433.2444472486001,19876.473599999983,20309.71804724858,2898.0,25.0,7.0,147.0,57.0,20.0,11.0,169.0,34.0,2.0,0.0,0.0,0.0
250,11,1,3001.0,2884.0,621.0,0.0,705.0,5645.0,477.12575845199837,19985.624799999998,20462.750558451993,2898.0,25.0,7.0,147.0,57.0,20.0,11.0,169.0,34.0,2.0,0.0,0.0,0.0
250,12,2,3064.0,3070.0,599.0,0.0,701.0,5645.0,314.96431573919995,19242.608399999972,19557.572715739174,2898.0,25.0,7.0,147.0,57.0,20.0,11.0,169.0,34.0,2.0,0.0,0.0,0.0
250,13,2,3031.0,3021.0,636.0,0.0,740.0,5645.0,476.43825285678287,20000.855199999984,20477.293452856768,2898.0,25.0,7.0,147.0,57.0,20.0,11.0,169.0,34.0,2.0,0.0,0.0,0.0
250,14,2,3079.0,2980.0,671.0,0.0,711.0,5645.0,111.21832083063453,19762.44599999998,19873.66432083062,2898.0,25.0,7.0,147.0,57.0,20.0,11.0,169.0,34.0,2.0,0.0,0.0,0.0
250,15,2,3021.0,2986.0,635.0,0.0,731.0,5645.0,679.9522809421094,20654.35959999999,21334.311880942092,2898.0,25.0,7.0,147.0,57.0,20.0,11.0,169.0,34.0,2.0,0.0,0.0,0.0
250,16,2,3052.0,2976.0,628.0,0.0,746.0,5645.0,232.32930534963268,20552.55639999998,20784.885705349614,2898.0,25.0,7.0,147.0,57.0,20.0,11.0,169.0,34.0,2.0,0.0,0.0,0.0
250,17,2,2991.0,2951.0,623.0,0.0,725.0,5645.0,557.0619100947777,20813.34359999998,21370.405510094755,2898.0,25.0,7.0,147.0,57.0,20.0,11.0,169.0,34.0,2.0,0.0,0.0,0.0
250,18,2,3087.0,3042.0,659.0,0.0,807.0,5645.0,274.51392883823166,21057.230399999986,21331.74432883822,2898.0,25.0,7.0,147.0,57.0,20.0,11.0,169.0,34.0,2.0,0.0,0.0,0.0
250,19,2,3066.0,2987.0,625.0,0.0,742.0,5645.0,313.2646282726693,20839.929999999982,21153.194628272653,2898.0,25.0,7.0,147.0,57.0,20.0,11.0,169.0,34.0,2.0,0.0,0.0,0.0
250,20,2,3046.0,2958.0,634.0,0.0,755.0,5645.0,477.1621604752432,19049.088799999976,19526.250960475223,2898.0,25.0,7.0,147.0,57.0,20.0,11.0,169.0,34.0,2.0,0.0,0.0,0.0
250,21,2,3069.0,2982.0,616.0,0.0,733.0,5645.0,396.14829184516606,21404.256399999977,21800.404691845142,2898.0,25.0,7.0,147.0,57.0,20.0,11.0,169.0,34.0,2.0,0.0,0.0,0.0
250,22,2,3024.0,2997.0,644.0,0.0,777.0,5645.0,559.6450169297825,21107.664399999965,21667.309416929747,2898.0,25.0,7.0,147.0,57.0,20.0,11.0,169.0,34.0,2.0,0.0,0.0,0.0
250,23,2,3065.0,2911.0,610.0,0.0,694.0,5645.0,394.05070471518246,19574.136799999982,19968.187504715166,2898.0,25.0,7.0,147.0,57.0,20.0,11.0,169.0,34.0,2.0,0.0,0.0,0.0
250,24,3,3089.0,3043.0,633.0,0.0,761.0,5645.0,351.85850107597855,21093.703199999985,21445.561701075963,2898.0,25.0,7.0,147.0,57.0,20.0,11.0,169.0,34.0,2.0,0.0,0.0,0.0
250,25,3,3073.0,2958.0,630.0,0.0,713.0,5645.0,351.57755201690054,18955.76919999998,19307.34675201688,2898.0,25.0,7.0,147.0,57.0,20.0,11.0,169.0,34.0,2.0,0.0,0.0,0.0
250,26,3,3038.0,3009.0,618.0,0.0,745.0,5645.0,473.85936901807133,19825.237999999976,20299.09736901805,2898.0,25.0,7.0,147.0,57.0,20.0,11.0,169.0,34.0,2.0,0.0,0.0,0.0
250,27,3,3030.0,2921.0,633.0,0.0,730.0,5645.0,273.02788329755174,19745.144799999987,20018.17268329754,2898.0,25.0,7.0,147.0,57.0,20.0,11.0,169.0,34.0,2.0,0.0,0.0,0.0
250,28,3,3019.0,2960.0,632.0,0.0,764.0,5645.0,393.1256006233312,19792.839999999982,20185.965600623316,2898.0,25.0,7.0,147.0,57.0,20.0,11.0,169.0,34.0,2.0,0.0,0.0,0.0
250,29,3,3047.0,2978.0,634.0,0.0,744.0,5645.0,352.70799129536107,20190.166399999987,20542.874391295347,2898.0,25.0,7.0,147.0,57.0,20.0,11.0,169.0,34.0,2.0,0.0,0.0,0.0
250,30,3,3071.0,3000.0,627.0,0.0,736.0,5645.0,556.8007817983411,20831.579999999976,21388.380781798318,2898.0,25.0,7.0,147.0,57.0,20.0,11.0,169.0,34.0,2.0,0.0,0.0,0.0
250,31,3,2995.0,2944.0,620.0,0.0,739.0,5645.0,311.8757387681978,22231.173599999976,22543.049338768174,2898.0,25.0,7.0,147.0,57.0,20.0,11.0,169.0,34.0,2.0,0.0,0.0,0.0
250,32,3,3053.0,2987.0,621.0,0.0,780.0,5645.0,557.212750147334,21022.16039999997,21579.37315014731,2898.0,25.0,7.0,147.0,57.0,20.0,11.0,169.0,34.0,2.0,0.0,0.0,0.0
250,33,3,3066.0,2930.0,623.0,0.0,783.0,5645.0,477.10125001925684,21591.16279999998,22068.264050019236,2898.0,25.0,7.0,147.0,57.0,20.0,11.0,169.0,34.0,2.0,0.0,0.0,0.0
250,34,3,3060.0,2930.0,651.0,0.0,721.0,5645.0,720.6701588270564,20521.89519999997,21242.56535882703,2898.0,25.0,7.0,147.0,57.0,20.0,11.0,169.0,34.0,2.0,0.0,0.0,0.0
250,35,3,3047.0,2992.0,595.0,0.0,717.0,5645.0,351.4113952394762,20614.079199999975,20965.490595239447,2898.0,25.0,7.0,147.0,57.0,20.0,11.0,169.0,34.0,2.0,0.0,0.0,0.0
250,36,4,3068.0,3039.0,591.0,0.0,730.0,5645.0,275.1718687051474,21904.454799999978,22179.626668705125,2898.0,25.0,7.0,147.0,57.0,20.0,11.0,169.0,34.0,2.0,0.0,0.0,0.0
250,37,4,2992.0,2937.0,587.0,0.0,729.0,5645.0,396.0174019066283,20806.129199999978,21202.146601906607,2898.0,25.0,7.0,147.0,57.0,20.0,11.0,169.0,34.0,2.0,0.0,0.0,0.0
250,38,4,3102.0,2988.0,643.0,0.0,718.0,5645.0,558.9178279871629,21458.831999999977,22017.74982798714,2898.0,25.0,7.0,147.0,57.0,20.0,11.0,169.0,34.0,2.0,0.0,0.0,0.0
250,39,4,3067.0,3019.0,646.0,0.0,794.0,5645.0,515.658589967882,20447.47999999998,20963.13858996786,2898.0,25.0,7.0,147.0,57.0,20.0,11.0,169.0,34.0,2.0,0.0,0.0,0.0
250,40,4,3051.0,2901.0,667.0,0.0,705.0,5645.0,558.5560704245778,20525.43559999999,21083.99167042457,2898.0,25.0,7.0,147.0,57.0,20.0,11.0,169.0,34.0,2.0,0.0,0.0,0.0
250,41,4,2991.0,2978.0,613.0,0.0,731.0,5645.0,352.8512352072208,23062.031999999977,23414.8832352072,2898.0,25.0,7.0,147.0,57.0,20.0,11.0,169.0,34.0,2.0,0.0,0.0,0.0
250,42,4,3065.0,3029.0,626.0,0.0,717.0,5645.0,517.8717096082593,20498.381599999982,21016.253309608244,2898.0,25.0,7.0,147.0,57.0,20.0,11.0,169.0,34.0,2.0,0.0,0.0,0.0
250,43,4,3054.0,2967.0,628.0,0.0,717.0,5645.0,516.1506125986296,20853.356799999983,21369.50741259861,2898.0,25.0,7.0,147.0,57.0,20.0,11.0,169.0,34.0,2.0,0.0,0.0,0.0
250,44,4,3045.0,2944.0,648.0,0.0,723.0,5645.0,394.2277538246834,21888.15559999999,22282.383353824676,2898.0,25.0,7.0,147.0,57.0,20.0,11.0,169.0,34.0,2.0,0.0,0.0,0.0
250,45,4,3091.0,3016.0,668.0,0.0,781.0,5645.0,516.7945521453056,20498.782399999993,21015.5769521453,2898.0,25.0,7.0,147.0,57.0,20.0,11.0,169.0,34.0,2.0,0.0,0.0,0.0
250,46,4,3048.0,2964.0,624.0,0.0,736.0,5645.0,640.3135601979333,19778.077199999978,20418.39076019791,2898.0,25.0,7.0,147.0,57.0,20.0,11.0,169.0,34.0,2.0,0.0,0.0,0.0
250,47,4,3074.0,2992.0,630.0,0.0,672.0,5645.0,151.01377384526953,20079.61239999999,20230.626173845263,2898.0,25.0,7.0,147.0,57.0,20.0,11.0,169.0,34.0,2.0,0.0,0.0,0.0
250,48,5,3050.0,2989.0,641.0,0.0,742.0,5645.0,314.79772720304294,20080.347199999982,20395.14492720303,2898.0,25.0,7.0,147.0,57.0,20.0,11.0,169.0,34.0,2.0,0.0,0.0,0.0
250,49,5,3095.0,2968.0,669.0,0.0,729.0,5645.0,394.22248684434675,19217.55839999997,19611.780886844317,2898.0,25.0,7.0,147.0,57.0,20.0,11.0,169.0,34.0,2.0,0.0,0.0,0.0
250,50,5,3028.0,2980.0,617.0,0.0,748.0,5645.0,515.6307128404245,22027.633999999984,22543.26471284041,2898.0,25.0,7.0,147.0,57.0,20.0,11.0,169.0,34.0,2.0,0.0,0.0,0.0
250,51,5,3064.0,2973.0,576.0,0.0,687.0,5645.0,395.9735698540794,21338.191199999987,21734.16476985407,2898.0,25.0,7.0,147.0,57.0,20.0,11.0,169.0,34.0,2.0,0.0,0.0,0.0
250,52,5,3023.0,2993.0,613.0,0.0,698.0,5645.0,516.8419270245707,20268.990399999977,20785.832327024546,2898.0,25.0,7.0,147.0,57.0,20.0,11.0,169.0,34.0,2.0,0.0,0.0,0.0
250,53,5,3057.0,2975.0,624.0,0.0,772.0,5645.0,273.5494570062855,22548.339999999982,22821.889457006266,2898.0,25.0,7.0,147.0,57.0,20.0,11.0,169.0,34.0,2.0,0.0,0.0,0.0
250,54,5,3039.0,2923.0,655.0,0.0,695.0,5645.0,352.48765944311276,20420.492799999978,20772.98045944309,2898.0,25.0,7.0,147.0,57.0,20.0,11.0,169.0,34.0,2.0,0.0,0.0,0.0
250,55,5,3014.0,2966.0,653.0,0.0,783.0,5645.0,477.65729303235776,20361.975999999984,20839.63329303234,2898.0,25.0,7.0,147.0,57.0,20.0,11.0,169.0,34.0,2.0,0.0,0.0,0.0
250,56,5,3045.0,2964.0,631.0,0.0,770.0,5645.0,314.5717755452318,21246.274399999977,21560.84617554521,2898.0,25.0,7.0,147.0,57.0,20.0,11.0,169.0,34.0,2.0,0.0,0.0,0.0
250,57,5,3074.0,2970.0,604.0,0.0,726.0,5645.0,231.26641326730774,21330.84319999999,21562.109613267297,2898.0,25.0,7.0,147.0,57.0,20.0,11.0,169.0,34.0,2.0,0.0,0.0,0.0
250,58,5,3089.0,3035.0,636.0,0.0,769.0,5645.0,149.727253477075,20349.75159999998,20499.478853477056,2898.0,25.0,7.0,147.0,57.0,20.0,11.0,169.0,34.0,2.0,0.0,0.0,0.0
250,59,5,3095.0,2973.0,631.0,0.0,743.0,5645.0,435.2867642150032,21254.423999999977,21689.710764214986,2898.0,25.0,7.0,147.0,57.0,20.0,11.0,169.0,34.0,2.0,0.0,0.0,0.0
250,60,6,3007.0,2924.0,630.0,0.0,724.0,5645.0,679.3106572445928,20245.543599999975,20924.85425724457,2898.0,25.0,7.0,147.0,57.0,20.0,11.0,169.0,34.0,2.0,0.0,0.0,0.0
250,61,6,3086.0,3017.0,587.0,0.0,679.0,5645.0,229.06035002410422,20290.499999999975,20519.56035002408,2898.0,25.0,7.0,147.0,57.0,20.0,11.0,169.0,34.0,2.0,0.0,0.0,0.0
250,62,6,3080.0,3005.0,620.0,0.0,729.0,5645.0,353.26363777926775,19203.19639999998,19556.46003777925,2898.0,25.0,7.0,147.0,57.0,20.0,11.0,169.0,34.0,2.0,0.0,0.0,0.0
250,63,6,3080.0,2956.0,667.0,0.0,724.0,5645.0,315.2128900170394,21636.453199999964,21951.666090017006,2898.0,25.0,7.0,147.0,57.0,20.0,11.0,169.0,34.0,2.0,0.0,0.0,0.0
250,64,6,3126.0,3037.0,618.0,0.0,694.0,5645.0,476.1161569790106,21895.837599999973,22371.953756978986,2898.0,25.0,7.0,147.0,57.0,20.0,11.0,169.0,34.0,2.0,0.0,0.0,0.0
250,65,6,3029.0,2960.0,653.0,0.0,756.0,5645.0,598.3524001487624,21150.817199999976,21749.16960014874,2898.0,25.0,7.0,147.0,57.0,20.0,11.0,169.0,34.0,2.0,0.0,0.0,0.0
250,66,6,3122.0,3029.0,643.0,0.0,762.0,5645.0,313.2698329714203,22106.925599999984,22420.195432971406,2898.0,25.0,7.0,147.0,57.0,20.0,11.0,169.0,34.0,2.0,0.0,0.0,0.0
250,67,6,3106.0,3073.0,652.0,0.0,747.0,5645.0,475.0570234101771,20072.865599999983,20547.922623410162,2898.0,25.0,7.0,147.0,57.0,20.0,11.0,169.0,34.0,2.0,0.0,0.0,0.0
250,68,6,3085.0,2962.0,656.0,0.0,706.0,5645.0,559.1741345583763,20679.47639999998,21238.650534558357,2898.0,25.0,7.0,147.0,57.0,20.0,11.0,169.0,34.0,2.0,0.0,0.0,0.0
250,69,6,2991.0,2942.0,635.0,0.0,762.0,5645.0,313.33256010963754,20537.526399999988,20850.858960109625,2898.0,25.0,7.0,147.0,57.0,20.0,11.0,169.0,34.0,2.0,0.0,0.0,0.0
250,70,6,3040.0,2964.0,631.0,0.0,761.0,5645.0,271.1675335171367,19157.304799999987,19428.472333517126,2898.0,25.0,7.0,147.0,57.0,20.0,11.0,169.0,34.0,2.0,0.0,0.0,0.0
250,71,6,3077.0,2961.0,625.0,0.0,755.0,5645.0,722.0585075564061,19357.10359999998,20079.162107556385,2898.0,25.0,7.0,147.0,57.0,20.0,11.0,169.0,34.0,2.0,0.0,0.0,0.0
250,72,7,2954.0,2956.0,612.0,0.0,757.0,5645.0,273.10192888228516,20927.838799999983,21200.94072888227,2898.0,25.0,7.0,147.0,57.0,20.0,11.0,169.0,34.0,2.0,0.0,0.0,0.0
250,73,7,3058.0,2957.0,651.0,0.0,679.0,5645.0,350.29070418123683,20756.36319999998,21106.65390418122,2898.0,25.0,7.0,147.0,57.0,20.0,11.0,169.0,34.0,2.0,0.0,0.0,0.0
250,74,7,3084.0,2973.0,656.0,0.0,740.0,5645.0,310.3858944665865,19936.727199999983,20247.11309446657,2898.0,25.0,7.0,147.0,57.0,20.0,11.0,169.0,34.0,2.0,0.0,0.0,0.0
250,75,7,3013.0,2945.0,630.0,0.0,715.0,5645.0,476.54255353361896,20087.494799999982,20564.0373535336,2898.0,25.0,7.0,147.0,57.0,20.0,11.0,169.0,34.0,2.0,0.0,0.0,0.0
250,76,7,3050.0,2938.0,674.0,0.0,740.0,5645.0,513.9765595629214,21971.98959999996,22485.966159562882,2898.0,25.0,7.0,147.0,57.0,20.0,11.0,169.0,34.0,2.0,0.0,0.0,0.0
250,77,7,3103.0,2974.0,645.0,0.0,752.0,5645.0,476.17273695147986,18630.65359999999,19106.82633695147,2898.0,25.0,7.0,147.0,57.0,20.0,11.0,169.0,34.0,2.0,0.0,0.0,0.0
250,78,7,3005.0,2909.0,638.0,0.0,682.0,5645.0,273.06188349436997,22216.009999999977,22489.071883494347,2898.0,25.0,7.0,147.0,57.0,20.0,11.0,169.0,34.0,2.0,0.0,0.0,0.0
250,79,7,3025.0,2961.0,618.0,0.0,771.0,5645.0,477.82867603769023,20861.973999999977,21339.802676037667,2898.0,25.0,7.0,147.0,57.0,20.0,11.0,169.0,34.0,2.0,0.0,0.0,0.0
250,80,7,2999.0,2977.0,597.0,0.0,754.0,5645.0,677.8761515433655,19452.226799999982,20130.102951543355,2898.0,25.0,7.0,147.0,57.0,20.0,11.0,169.0,34.0,2.0,0.0,0.0,0.0
250,81,7,3076.0,2953.0,634.0,0.0,756.0,5645.0,395.4930395527964,20574.533599999988,20970.026639552783,2898.0,25.0,7.0,147.0,57.0,20.0,11.0,169.0,34.0,2.0,0.0,0.0,0.0
250,82,7,3038.0,2969.0,613.0,0.0,727.0,5645.0,231.98108022616373,20923.830799999985,21155.81188022615,2898.0,25.0,7.0,147.0,57.0,20.0,11.0,169.0,34.0,2.0,0.0,0.0,0.0
250,83,7,3061.0,2992.0,609.0,0.0,692.0,5645.0,434.2451372637901,22202.249199999962,22636.494337263754,2898.0,25.0,7.0,147.0,57.0,20.0,11.0,169.0,34.0,2.0,0.0,0.0,0.0
250,84,8,3085.0,3005.0,639.0,0.0,699.0,5645.0,312.6097256189161,19727.442799999986,20040.052525618903,2898.0,25.0,7.0,147.0,57.0,20.0,11.0,169.0,34.0,2.0,0.0,0.0,0.0
250,85,8,3074.0,2978.0,666.0,0.0,724.0,5645.0,392.9434330683468,19776.340399999965,20169.283833068315,2898.0,25.0,7.0,147.0,57.0,20.0,11.0,169.0,34.0,2.0,0.0,0.0,0.0
250,86,8,3099.0,3018.0,644.0,0.0,769.0,5645.0,354.85635568189423,21693.433599999982,22048.289955681874,2898.0,25.0,7.0,147.0,57.0,20.0,11.0,169.0,34.0,2.0,0.0,0.0,0.0
250,87,8,3077.0,2979.0,639.0,0.0,693.0,5645.0,394.8572574582732,21287.423199999972,21682.280457458244,2898.0,25.0,7.0,147.0,57.0,20.0,11.0,169.0,34.0,2.0,0.0,0.0,0.0
250,88,8,3095.0,3017.0,632.0,0.0,741.0,5645.0,435.0550320954213,21002.587999999967,21437.643032095388,2898.0,25.0,7.0,147.0,57.0,20.0,11.0,169.0,34.0,2.0,0.0,0.0,0.0
250,89,8,3119.0,3002.0,660.0,0.0,736.0,5645.0,432.06168723936025,21563.240399999988,21995.302087239346,2898.0,25.0,7.0,147.0,57.0,20.0,11.0,169.0,34.0,2.0,0.0,0.0,0.0
250,90,8,3020.0,3008.0,622.0,0.0,718.0,5645.0,231.94449325511,22053.88639999997,22285.830893255083,2898.0,25.0,7.0,147.0,57.0,20.0,11.0,169.0,34.0,2.0,0.0,0.0,0.0
250,91,8,2990.0,2940.0,606.0,0.0,700.0,5645.0,314.4538475690373,20737.792799999967,21052.246647569005,2898.0,25.0,7.0,147.0,57.0,20.0,11.0,169.0,34.0,2.0,0.0,0.0,0.0
250,92,8,3072.0,3015.0,623.0,0.0,724.0,5645.0,353.84203843280744,20152.02359999998,20505.865638432784,2898.0,25.0,7.0,147.0,57.0,20.0,11.0,169.0,34.0,2.0,0.0,0.0,0.0
250,93,8,3014.0,2970.0,599.0,0.0,722.0,5645.0,231.5255887127016,23484.00759999996,23715.533188712663,2898.0,25.0,7.0,147.0,57.0,20.0,11.0,169.0,34.0,2.0,0.0,0.0,0.0
250,94,8,3040.0,2969.0,647.0,0.0,726.0,5645.0,435.5092989028477,21232.17959999999,21667.688898902838,2898.0,25.0,7.0,147.0,57.0,20.0,11.0,169.0,34.0,2.0,0.0,0.0,0.0
250,95,8,3064.0,2960.0,621.0,0.0,752.0,5645.0,637.4011400802996,19474.80519999997,20112.20634008027,2898.0,25.0,7.0,147.0,57.0,20.0,11.0,169.0,34.0,2.0,0.0,0.0,0.0
250,96,9,3093.0,3004.0,644.0,0.0,775.0,5645.0,513.4568708459185,20156.699599999985,20670.156470845905,2898.0,25.0,7.0,147.0,57.0,20.0,11.0,169.0,34.0,2.0,0.0,0.0,0.0
250,97,9,3108.0,2975.0,629.0,0.0,762.0,5645.0,556.4631086457495,18817.292799999985,19373.755908645733,2898.0,25.0,7.0,147.0,57.0,20.0,11.0,169.0,34.0,2.0,0.0,0.0,0.0
250,98,9,3112.0,2982.0,650.0,0.0,757.0,5645.0,271.04140705337454,21285.352399999992,21556.393807053362,2898.0,25.0,7.0,147.0,57.0,20.0,11.0,169.0,34.0,2.0,0.0,0.0,0.0
250,99,9,3001.0,2969.0,633.0,0.0,750.0,5645.0,476.6961834200926,21965.97759999997,22442.673783420065,2898.0,25.0,7.0,147.0,57.0,20.0,11.0,169.0,34.0,2.0,0.0,0.0,0.0
250,100,9,3044.0,2957.0,669.0,0.0,773.0,5645.0,393.1620369345,20667.786399999986,21060.948436934486,2898.0,25.0,7.0,147.0,57.0,20.0,11.0,169.0,34.0,2.0,0.0,0.0,0.0
250,101,9,3045.0,2988.0,599.0,0.0,735.0,5645.0,435.1292956367832,21432.512799999975,21867.64209563676,2898.0,25.0,7.0,147.0,57.0,20.0,11.0,169.0,34.0,2.0,0.0,0.0,0.0
250,102,9,3002.0,2950.0,646.0,0.0,766.0,5645.0,515.4790915166653,20787.091199999977,21302.57029151664,2898.0,25.0,7.0,147.0,57.0,20.0,11.0,169.0,34.0,2.0,0.0,0.0,0.0
250,103,9,3058.0,2971.0,627.0,0.0,690.0,5645.0,272.1508269611815,21212.740799999974,21484.891626961155,2898.0,25.0,7.0,147.0,57.0,20.0,11.0,169.0,34.0,2.0,0.0,0.0,0.0
250,104,9,3111.0,2953.0,661.0,0.0,744.0,5645.0,394.05299586515105,20323.165199999985,20717.218195865134,2898.0,25.0,7.0,147.0,57.0,20.0,11.0,169.0,34.0,2.0,0.0,0.0,0.0
250,105,9,3154.0,3056.0,645.0,0.0,731.0,5645.0,433.95699622836554,18025.77959999999,18459.73659622836,2898.0,25.0,7.0,147.0,57.0,20.0,11.0,169.0,34.0,2.0,0.0,0.0,0.0
250,106,9,3067.0,2986.0,662.0,0.0,746.0,5645.0,109.20803475677334,20477.740399999977,20586.94843475675,2898.0,25.0,7.0,147.0,57.0,20.0,11.0,169.0,34.0,2.0,0.0,0.0,0.0
250,107,9,3104.0,3040.0,645.0,0.0,746.0,5645.0,234.9856397861271,21383.615199999975,21618.600839786097,2898.0,25.0,7.0,147.0,57.0,20.0,11.0,169.0,34.0,2.0,0.0,0.0,0.0
250,108,10,3015.0,2912.0,646.0,0.0,721.0,5645.0,355.36126381751785,21007.597999999973,21362.95926381749,2898.0,25.0,7.0,147.0,57.0,20.0,11.0,169.0,34.0,2.0,0.0,0.0,0.0
250,109,10,3074.0,2940.0,636.0,0.0,700.0,5645.0,556.6668975143197,19790.902799999974,20347.569697514293,2898.0,25.0,7.0,147.0,57.0,20.0,11.0,169.0,34.0,2.0,0.0,0.0,0.0
250,110,10,3085.0,2980.0,657.0,0.0,733.0,5645.0,394.1189358176278,19770.79599999998,20164.914935817607,2898.0,25.0,7.0,147.0,57.0,20.0,11.0,169.0,34.0,2.0,0.0,0.0,0.0
250,111,10,3048.0,2934.0,685.0,0.0,747.0,5645.0,475.4070671007505,22266.31039999997,22741.717467100723,2898.0,25.0,7.0,147.0,57.0,20.0,11.0,169.0,34.0,2.0,0.0,0.0,0.0
250,112,10,3083.0,2982.0,642.0,0.0,710.0,5645.0,476.8283648528231,22166.978799999975,22643.8071648528,2898.0,25.0,7.0,147.0,57.0,20.0,11.0,169.0,34.0,2.0,0.0,0.0,0.0
250,113,10,3047.0,3042.0,609.0,0.0,737.0,5645.0,270.992881492258,18910.14479999998,19181.13768149224,2898.0,25.0,7.0,147.0,57.0,20.0,11.0,169.0,34.0,2.0,0.0,0.0,0.0
250,114,10,3108.0,2983.0,640.0,0.0,705.0,5645.0,515.9529200043849,20766.249599999977,21282.202520004364,2898.0,25.0,7.0,147.0,57.0,20.0,11.0,169.0,34.0,2.0,0.0,0.0,0.0
250,115,10,3093.0,2980.0,657.0,0.0,716.0,5645.0,430.0925472039818,20909.20159999998,21339.294147203964,2898.0,25.0,7.0,147.0,57.0,20.0,11.0,169.0,34.0,2.0,0.0,0.0,0.0
250,116,10,3028.0,2967.0,618.0,0.0,720.0,5645.0,356.5461649193224,20917.017199999987,21273.563364919304,2898.0,25.0,7.0,147.0,57.0,20.0,11.0,169.0,34.0,2.0,0.0,0.0,0.0
250,117,10,3074.0,3004.0,609.0,0.0,715.0,5645.0,514.0374926633218,20865.848399999977,21379.885892663297,2898.0,25.0,7.0,147.0,57.0,20.0,11.0,169.0,34.0,2.0,0.0,0.0,0.0
250,118,10,3055.0,2985.0,620.0,0.0,733.0,5645.0,517.1630707676958,20460.238799999992,20977.401870767688,2898.0,25.0,7.0,147.0,57.0,20.0,11.0,169.0,34.0,2.0,0.0,0.0,0.0
250,119,10,3076.0,2967.0,648.0,0.0,687.0,5645.0,315.19680282393807,20214.61519999997,20529.81200282391,2898.0,25.0,7.0,147.0,57.0,20.0,11.0,169.0,34.0,2.0,0.0,0.0,0.0
