scenario,intervention,level,run,anc,initial_l45,final_l45,free_referral,self_referral,emergency_transfer,delay_lt1h_given_transfer,delay_1_2h_given_transfer,delay_2plus_given_transfer,iv_iron,pph_bundle,mgso4,antibiotics,oxytocin,iv_iron_given_anemia_anc,pph_bundle_given_pph,mgso4_given_eclampsia,antibiotics_given_sepsis,oxytocin_given_ol,pph,maternal_sepsis,eclampsia,obstructed_labor,aph,uterine_rupture,severe_complication,maternal_deaths_per_100k,facility_maternal_deaths_per_100k,neonatal_deaths_per_1000
diagnosis_base,Baseline,base,201,0.5568595610668241,0.2581635665780927,0.38323983859856314,0.0,0.2581635665780927,0.12835350851294164,0.5525992945867199,0.356770433982518,0.09063027143076215,0.022606042712331464,0.0,0.007710855230784372,0.021528392874717056,0.01119968507036709,0.23914627798021865,0.0,0.2792728568882552,0.19749909714698446,0.0,0.04054226946166716,0.09583210313945478,0.022350162385591968,0.046338943017419545,0.018019879933077455,0.019068005117606535,0.022364924712134634,156.97273890365122,53.84866250540383,16.36157858478496
pocus,POCUS,direct_flags,201,0.5568595610668241,0.20804054719023718,0.33826887117409704,0.0,0.20804054719023718,0.13343666961913198,0.5536010620643876,0.35538592027141647,0.0910130176641959,0.022606042712331464,0.0,0.007730538332841256,0.021429977364432636,0.008257061312862907,0.23914627798021865,0.0,0.28073624017155113,0.19380534911663921,0.0,0.04351441787225667,0.09720992028343667,0.02267493356953056,0.04397697077059345,0.017852573565593936,0.019161499852376734,0.022517468753075486,164.35390217498278,48.12954610732889,15.9728373191615
intrapartum_sensors,Intrapartum sensors,direct_flags,201,0.5568595610668241,0.2581635665780927,0.3741905324279106,0.0,0.2581635665780927,0.11920086605649051,0.5522209379128138,0.35712516512549536,0.09065389696169089,0.022606042712331464,0.0,0.0076911721287274875,0.020032477118393857,0.011716366499360299,0.23914627798021865,0.0,0.27855997148458383,0.1918201950713848,0.0,0.03739297313256569,0.09217104615687433,0.022364924712134634,0.04616179509890759,0.018019879933077455,0.019068005117606535,0.021366007282747762,147.62326542663124,39.438457046211255,16.297608503100086
ai_intrapartum_sensors,AI Intrapartum sensors,direct_flags,201,0.5568595610668241,0.2581635665780927,0.36996358626119474,0.0,0.2581635665780927,0.114826296624348,0.5522176987358046,0.35753160488536534,0.09025069637883008,0.022606042712331464,0.0,0.007686251353213267,0.019250073811632712,0.014821375848833777,0.23914627798021865,0.0,0.278381750133666,0.18872111534565103,0.0,0.03567070170258833,0.09009447888987304,0.022360003936620413,0.04509890758783584,0.018019879933077455,0.019068005117606535,0.020928058261982088,147.62326542663124,39.438457046211255,16.199192992815668
diagnosis_base,Baseline,base,202,0.5409654561558902,0.2500295246530853,0.38169471508709774,0.0,0.2500295246530853,0.13642358035626415,0.5582167075458087,0.35254653008223924,0.0892367623719521,0.024923727979529575,0.0,0.005850802086408818,0.017030804054719025,0.009428205885247514,0.27130537254271786,0.0,0.2362877583465819,0.14880261404187625,0.0,0.05166814289932093,0.10144178722566677,0.021744906997342783,0.07610963487845684,0.0179608306269068,0.01923531148509005,0.032806810353311684,202.73595118590688,69.41766293868108,16.159826788701903
pocus,POCUS,direct_flags,202,0.5409654561558902,0.19881409310107273,0.3356953055801594,0.0,0.19881409310107273,0.14150182068694026,0.5592571984977048,0.35098761997496175,0.08975518152733343,0.024923727979529575,0.0,0.005806515106780829,0.016794606830036415,0.007627202047042614,0.27130537254271786,0.0,0.2322377484747097,0.14744891346610792,0.0,0.054640291309910445,0.10141226257258144,0.02202539120165338,0.07138076960929042,0.017827969688022832,0.019087688219663418,0.032344257454974906,210.11711445723847,68.73992604532094,15.6923531148509
intrapartum_sensors,Intrapartum sensors,direct_flags,202,0.5409654561558902,0.2500295246530853,0.3745054620608208,0.0,0.2500295246530853,0.12915067414624545,0.5575706774365617,0.35319667758896595,0.0892326449744723,0.024923727979529575,0.0,0.0058409605353803755,0.01630252927861431,0.009620116130302135,0.27130537254271786,0.0,0.23589030206677267,0.14650216679932784,0.0,0.04883377620312961,0.09885838008070072,0.021749827772857003,0.0758881999803169,0.0179608306269068,0.01923531148509005,0.031975199291408324,193.3864777088869,54.762822984959506,16.10077748253125
ai_intrapartum_sensors,AI Intrapartum sensors,direct_flags,202,0.5409654561558902,0.2500295246530853,0.3744168881015648,0.0,0.2500295246530853,0.1289489223501624,0.5581377599694715,0.3531005533295173,0.08876168670101126,0.024923727979529575,0.0,0.0058409605353803755,0.01630252927861431,0.01332546009251058,0.27130537254271786,0.0,0.23589030206677267,0.14676176131833082,0.0,0.04875504379490208,0.09871567759078831,0.021749827772857003,0.07420037397893908,0.0179608306269068,0.01923531148509005,0.03174392284223994,196.33894301741955,59.39066718087158,16.002361972246824
diagnosis_base,Baseline,base,203,0.5026719811042221,0.23426828068103533,0.3601712429878949,0.0,0.23426828068103533,0.12923924810550141,0.554637526652452,0.3546679865976241,0.09069448674992385,0.019338647770888694,0.0,0.006259226454089164,0.01754748548371223,0.009201850211593346,0.22643466236460014,0.0,0.22577209797657083,0.15956685161983175,0.0,0.047977561263655155,0.09887314240724338,0.024215136305481742,0.0479185119574845,0.0183348095659876,0.018876094872551916,0.02543548863300856,179.608306269068,66.58110059361464,14.353902174982776
pocus,POCUS,direct_flags,203,0.5026719811042221,0.18663025292786142,0.31787225666765084,0.0,0.18663025292786142,0.1346127349670308,0.5523468343325048,0.3568138616756836,0.09083930399181167,0.019338647770888694,0.0,0.006008266902863891,0.01767050487156776,0.0068054325361677,0.22643466236460014,0.0,0.22099547511312218,0.1596496687858445,0.0,0.05036905816356658,0.09984745595905915,0.02405767148902667,0.045782895384312565,0.018019879933077455,0.019117212872748746,0.02546993406160811,186.49739198897745,64.86255706262932,14.019289440015747
intrapartum_sensors,Intrapartum sensors,direct_flags,203,0.5026719811042221,0.23426828068103533,0.3533756520027556,0.0,0.23426828068103533,0.12232063773250665,0.5547912140960657,0.354211923726768,0.09099686217716631,0.019338647770888694,0.0,0.0062543056785749436,0.016656825115638225,0.009423285109733294,0.22643466236460014,0.0,0.22559460418885338,0.15625,0.0,0.04559590591477217,0.09603877571105206,0.024224977856510187,0.04771676016140144,0.0183348095659876,0.018876094872551916,0.024500541285306564,173.70337565200276,56.954917375260706,14.299773644326345
ai_intrapartum_sensors,AI Intrapartum sensors,direct_flags,203,0.5026719811042221,0.23426828068103533,0.34535478791457536,0.0,0.23426828068103533,0.11416691270544238,0.5565277358734537,0.35338994008878927,0.090082324037757,0.019338647770888694,0.0,0.006244464127546501,0.015274087196142112,0.012518452908178329,0.22643466236460014,0.0,0.22523961661341854,0.15024201355275896,0.0,0.042795984647180395,0.09196437358527704,0.024224977856510187,0.046752288160614115,0.0183348095659876,0.018876094872551916,0.023885444346028933,168.7826001377817,48.93309802663244,14.206278909556147
diagnosis_base,Baseline,base,204,0.6084834169865171,0.27608995177639994,0.4070613128629072,0.0,0.27608995177639994,0.13466194272217302,0.5559087919315939,0.3554775999415333,0.08861360812687276,0.023905127448085817,0.0,0.006067316209034544,0.017926385198307252,0.008778663517370338,0.24516780217007317,0.0,0.23299319727891157,0.15530545253016156,0.0,0.04760850310008857,0.10389233343174885,0.02415116622379687,0.05277039661450644,0.018206869402617853,0.019304202342289144,0.025607715776006297,173.70337565200276,68.72603631628445,14.235803562641472
pocus,POCUS,direct_flags,204,0.6084834169865171,0.2170947741364039,0.35311977167601616,0.0,0.2170947741364039,0.13995177639996062,0.5552195773706973,0.3534334235786365,0.09134699905066629,0.023905127448085817,0.0,0.005806515106780829,0.01832988879047338,0.007302430863104025,0.24516780217007317,0.0,0.22648752399232247,0.153197614641168,0.0,0.04907981497884067,0.10777974608798346,0.023673850998917428,0.04924220057080996,0.018300364137388052,0.01890069875012302,0.02546009251057967,160.90935931502804,60.13764839521571,14.004527113473083
intrapartum_sensors,Intrapartum sensors,direct_flags,204,0.6084834169865171,0.27608995177639994,0.39905521110126957,0.0,0.27608995177639994,0.12662631630745005,0.5573388256324564,0.3540201297944274,0.08864104457311624,0.023905127448085817,0.0,0.006057474658006102,0.01706032870780435,0.00889184135419742,0.24516780217007317,0.0,0.23261526832955404,0.1529941308856626,0.0,0.04423777187284716,0.10053144375553587,0.02415116622379687,0.05261293179805137,0.018206869402617853,0.019304202342289144,0.02471705540793229,165.33805727782698,56.42769297547565,14.216120460584587
ai_intrapartum_sensors,AI Intrapartum sensors,direct_flags,204,0.6084834169865171,0.27608995177639994,0.39380966440310994,0.0,0.27608995177639994,0.12132172030311977,0.5562766173190022,0.3539647130399513,0.08975866964104644,0.023905127448085817,0.0,0.006057474658006102,0.016292687727585867,0.013015451235114654,0.24516780217007317,0.0,0.23261526832955404,0.15076040433476004,0.0,0.04180198799330775,0.09769707705934455,0.02415116622379687,0.05134829249089656,0.018206869402617853,0.019304202342289144,0.02415116622379687,162.38559196929435,52.08710120813137,14.098021848243283
diagnosis_base,Baseline,base,205,0.5681625824229899,0.26226749335695304,0.38876586950103337,0.0,0.26226749335695304,0.13075976773939574,0.560681895156738,0.3511835321567004,0.08813457268656155,0.023846078141915167,0.0,0.008119279598464719,0.022374766263163075,0.011066824131483122,0.24616478715838666,0.0,0.28785764131193303,0.19780745638839345,0.0,0.042520421218384015,0.0987599645704163,0.025548666469835647,0.0414181675031985,0.018113374667847654,0.01933372699537447,0.029175278023816552,216.02204507430372,99.77419524234627,13.04497588819998
pocus,POCUS,direct_flags,205,0.5681625824229899,0.21008266902863892,0.34105895089066035,0.0,0.21008266902863892,0.13546402913099104,0.5593374259871409,0.3513385883976897,0.08932398561516945,0.023846078141915167,0.0,0.008266902863891349,0.022054915854738708,0.008065151067808286,0.24616478715838666,0.0,0.2965578111209179,0.19301494337022523,0.0,0.04641767542564708,0.10017714791851196,0.0253272315716957,0.03908079913394351,0.01794606830036414,0.019205786832004725,0.0289292392481055,194.37063281173113,84.51851339618437,12.985926582029327
intrapartum_sensors,Intrapartum sensors,direct_flags,205,0.5681625824229899,0.26226749335695304,0.3796821179017813,0.0,0.26226749335695304,0.12157760062985927,0.5615412636095034,0.350588901930627,0.08786983445986968,0.023846078141915167,0.0,0.008099596496407834,0.02070662336384214,0.011165239641767542,0.24616478715838666,0.0,0.28715980460572227,0.19219877592034348,0.0,0.03937112488928255,0.0944099990158449,0.025553587245349868,0.04134927664599941,0.018113374667847654,0.01933372699537447,0.027851589410491092,201.2597185316406,77.26873766888471,13.005609684086213
ai_intrapartum_sensors,AI Intrapartum sensors,direct_flags,205,0.5681625824229899,0.26226749335695304,0.37629662434799727,0.0,0.26226749335695304,0.11806416691270544,0.5608719209769516,0.3508940107531363,0.08823406826991206,0.023846078141915167,0.0,0.008094675720893613,0.01998326936325165,0.015825214053734868,0.24616478715838666,0.0,0.2869853454291696,0.18966886180000933,0.0,0.03799330774530066,0.09250073811632713,0.025548666469835647,0.040010825706131285,0.018113374667847654,0.01933372699537447,0.027384115736640093,198.79933077453006,73.51782807330778,12.917035724830233
diagnosis_base,Baseline,base,206,0.5059541383722075,0.23631040251943705,0.36104714102942626,0.0,0.23631040251943705,0.12809270741068793,0.5558372709461795,0.3541162460143675,0.09004648303945297,0.01610569825804547,0.0,0.00788800314929633,0.02227142997736443,0.009625036905816356,0.22594228910672373,0.0,0.25031230480949407,0.18026845102959335,0.0,0.039941934848932194,0.10664796771971263,0.02868812124790867,0.045590985139257946,0.0182413148312174,0.019058163566578093,0.02637043598071056,178.6241511662238,67.10497934924148,13.463241806908767
pocus,POCUS,direct_flags,206,0.5059541383722075,0.18896762129711642,0.3191861037299478,0.0,0.18896762129711642,0.13366794606830038,0.5554042114563392,0.35447651303195404,0.09011927551170668,0.01610569825804547,0.0,0.007745300659383919,0.02240921169176262,0.007026867434307647,0.22594228910672373,0.0,0.24877509088035404,0.17936195352500986,0.0,0.04318964668831808,0.10822261588426337,0.02845684479874028,0.044031099301249876,0.018074008463733884,0.019087688219663418,0.026729652593248696,194.37063281173113,57.190476968577926,13.207361480169276
intrapartum_sensors,Intrapartum sensors,direct_flags,206,0.5059541383722075,0.23631040251943705,0.35314437555358724,0.0,0.23631040251943705,0.12003247711839386,0.5556922067806338,0.35399499856516214,0.09031279465420408,0.01610569825804547,0.0,0.007878161598267886,0.020716464914870582,0.009797264048814093,0.22594228910672373,0.0,0.25,0.17397413116244473,0.0,0.03703867729554178,0.1031345340025588,0.02869796279893711,0.0454876488534593,0.0182413148312174,0.019058163566578093,0.0252337368369255,168.2905225863596,50.32873451193111,13.443558704851885
ai_intrapartum_sensors,AI Intrapartum sensors,direct_flags,206,0.5059541383722075,0.23631040251943705,0.3474264344060624,0.0,0.23631040251943705,0.11419151658301348,0.55636473325864,0.3531845212445057,0.09045074549685427,0.01610569825804547,0.0,0.007863399271725224,0.019530558015943313,0.013364826296624348,0.22594228910672373,0.0,0.2495315427857589,0.16976047904191616,0.0,0.03521799035527999,0.10003444542859954,0.02869796279893711,0.044488731424072434,0.0182413148312174,0.019058163566578093,0.024751500836531836,165.33805727782698,45.535521701271,13.354984745595907
diagnosis_base,Baseline,base,207,0.611219368172424,0.2790670209625037,0.4129367188268871,0.0,0.2790670209625037,0.1366942230095463,0.5550955757946651,0.35670830483458726,0.08819611937074769,0.027305383328412557,0.0,0.0068054325361677,0.022847160712528295,0.010569825804546797,0.24670994131246665,0.0,0.2900587248322148,0.19701277209657572,0.0,0.052858970573762425,0.10094478889873044,0.020524554669815964,0.0414181675031985,0.018103533116819212,0.019407538628087785,0.01952071646491487,139.25794705245548,53.346790181307,13.04005511268576
pocus,POCUS,direct_flags,207,0.611219368172424,0.22189253026276942,0.361042220253912,0.0,0.22189253026276942,0.14240724338155694,0.5538700760193503,0.3543883897719419,0.09174153420870768,0.027305383328412557,0.0,0.007046550536364531,0.02410687924416888,0.008070071843322507,0.24670994131246665,0.0,0.300777147658055,0.19926784624771202,0.0,0.054979824820391696,0.10516681428993209,0.020303119771676016,0.039144769215628386,0.0181478200964472,0.01894990650526523,0.019737230587540597,127.94016336974707,53.23356968052464,13.020372010628876
intrapartum_sensors,Intrapartum sensors,direct_flags,207,0.611219368172424,0.2790670209625037,0.4056785749434111,0.0,0.2790670209625037,0.12941147524849916,0.5560667705996426,0.35564089889349404,0.08829233050686337,0.027305383328412557,0.0,0.006800511760653479,0.021666174589115246,0.010746973723058753,0.24670994131246665,0.0,0.2898489932885906,0.19374284959957758,0.0,0.0498130105304596,0.09762818620214546,0.020539316996358626,0.04125578191122921,0.018103533116819212,0.019407538628087785,0.018821966341895483,133.3530164353902,44.69595934109505,13.015451235114654
ai_intrapartum_sensors,AI Intrapartum sensors,direct_flags,207,0.611219368172424,0.2790670209625037,0.39896171636649935,0.0,0.2790670209625037,0.12264540891644524,0.555127587867116,0.35463809982346334,0.09023431230942064,0.027305383328412557,0.0,0.006761145556539711,0.020376931404389332,0.015229800216514123,0.24670994131246665,0.0,0.28817114093959734,0.19002386196769458,0.0,0.04668831807892924,0.093967129219565,0.020539316996358626,0.04016336974707214,0.018103533116819212,0.019407538628087785,0.018256077157760064,132.86093888396812,43.97505677107739,12.94656037791556
diagnosis_base,Baseline,base,208,0.5361824623560674,0.24643735852770396,0.37543056785749435,0.0,0.24643735852770396,0.13543942525341993,0.5644528411568086,0.3474059003051882,0.0881412585380032,0.024864678673358922,0.0,0.007076075189449857,0.022360003936620413,0.011775415805530952,0.23088873657756454,0.0,0.2699455603529191,0.18599320535385372,0.0,0.050492077551422106,0.10530459600433029,0.023540990060033462,0.058714693435685465,0.01832988879047338,0.01914181675031985,0.04434602893416002,277.03966145064464,86.80959245996682,14.22104123609881
pocus,POCUS,direct_flags,208,0.5361824623560674,0.19500049207755143,0.3305137289636847,0.0,0.19500049207755143,0.14220057080995965,0.5659561215309018,0.34455671672780125,0.08948716174129698,0.024864678673358922,0.0,0.007450054128530657,0.022704458222615884,0.008301348292490896,0.23088873657756454,0.0,0.28262086988986374,0.18645437646488322,0.0,0.05203228028737329,0.10688908571990946,0.023683692549945873,0.05628875110717449,0.018103533116819212,0.019063084342092314,0.04427713807696093,276.0555063478004,78.58826891476745,13.906111603188663
intrapartum_sensors,Intrapartum sensors,direct_flags,208,0.5361824623560674,0.24643735852770396,0.3677787619328806,0.0,0.24643735852770396,0.12762523373683693,0.5636566933991364,0.3472008019740901,0.0891425046267736,0.024864678673358922,0.0,0.007071154413935636,0.02118393858872158,0.012360988091723256,0.23088873657756454,0.0,0.2697578374319504,0.18225307988654163,0.0,0.04777088869205787,0.10195846865465998,0.023560673162090345,0.05862119870091526,0.01832988879047338,0.01914181675031985,0.0425401043204409,265.72187776793623,68.98262257979506,14.191516583013483
ai_intrapartum_sensors,AI Intrapartum sensors,direct_flags,208,0.5361824623560674,0.24643735852770396,0.36392579470524555,0.0,0.24643735852770396,0.12359019781517568,0.5644609014174231,0.3464325529542921,0.08910654562828475,0.024864678673358922,0.0,0.007061312862907194,0.020421218384017323,0.015087097726601712,0.23088873657756454,0.0,0.26938239159001315,0.17981714978985225,0.0,0.046206082078535576,0.09977364432634583,0.023555752386576125,0.057208936128333825,0.01832988879047338,0.01914181675031985,0.041846274972935735,267.69018797362463,72.08296516765103,14.142308827871272
diagnosis_base,Baseline,base,209,0.5251254797756126,0.24460683003641373,0.37713807696092905,0.0,0.24460683003641373,0.13743726011219368,0.5596491228070175,0.3493376297887576,0.09101324740422485,0.022040153528196042,0.0,0.006495423678771774,0.021863005609684086,0.010505855722861923,0.2617155545167699,0.0,0.2430939226519337,0.1643425189569077,0.0,0.04636846767050487,0.11800511760653479,0.023811632713315618,0.06930912311780336,0.018177344749532528,0.019210707607518945,0.035606731620903456,210.60919200866056,72.87430358024402,17.370337565200273
pocus,POCUS,direct_flags,209,0.5251254797756126,0.19615687432339338,0.33464718039563035,0.0,0.19615687432339338,0.14317488436177542,0.5584616442122629,0.3494982128127578,0.09204014297497938,0.022040153528196042,0.0,0.006515106780828658,0.021479185119574844,0.007853557720696782,0.2617155545167699,0.0,0.24414530702563156,0.16313488059199463,0.0,0.04977856510186005,0.11740970376931405,0.023841157366400946,0.06535281960436964,0.017941147524849918,0.01918610372994784,0.03535085129416396,214.54581242003738,69.7495430202354,17.139061116031886
intrapartum_sensors,Intrapartum sensors,direct_flags,209,0.5251254797756126,0.24460683003641373,0.3701801003838205,0.0,0.24460683003641373,0.13032673949414428,0.55892014347744,0.3495941098735133,0.09148574664904663,0.022040153528196042,0.0,0.006495423678771774,0.020657415608699933,0.011032378702883575,0.2617155545167699,0.0,0.2430939226519337,0.16025347381279584,0.0,0.04392776301545123,0.11458517862415117,0.023811632713315618,0.06906308434209231,0.018177344749532528,0.019210707607518945,0.03444542859954729,201.2597185316406,57.98600499933394,17.316209034543842
ai_intrapartum_sensors,AI Intrapartum sensors,direct_flags,209,0.5251254797756126,0.24460683003641373,0.3635468949906505,0.0,0.24460683003641373,0.12353114850900503,0.5587157425111536,0.34970522625876355,0.09157903123008286,0.022040153528196042,0.0,0.006490502903257553,0.019387855526030902,0.013763409113276252,0.2617155545167699,0.0,0.2429097605893186,0.15622521808088818,0.0,0.04162484007479579,0.1106436374372601,0.02381655348882984,0.06789686054522193,0.018177344749532528,0.019210707607518945,0.03371715382344258,199.78348587737426,55.63522101287445,17.212872748745202
diagnosis_base,Baseline,base,210,0.5820194862710363,0.26747859462651313,0.3934504477905718,0.0,0.26747859462651313,0.12902765475838993,0.5544029594599749,0.3562030433621906,0.08939399717783456,0.024116720795197322,0.0,0.007267985434504478,0.0192697569136896,0.010850310008857396,0.2415237532032328,0.0,0.26526580459770116,0.1798062353643418,0.0,0.04493652199586655,0.09220549158547386,0.023413049896663714,0.0487599645704163,0.018108453892333433,0.01923531148509005,0.02050487156775908,152.05196338943017,57.813322264799844,13.817537643932685
pocus,POCUS,direct_flags,210,0.5820194862710363,0.21273988780631828,0.3437112488928255,0.0,0.21273988780631828,0.13394350949709674,0.5556943423952976,0.3541513592946363,0.09015429831006613,0.024116720795197322,0.0,0.007208936128333825,0.019815962995768134,0.008286585965948234,0.2415237532032328,0.0,0.26728699142492246,0.1802676932718564,0.0,0.04813994685562445,0.09466095856707017,0.022999704753469147,0.04629957681330578,0.01824623560673162,0.01923531148509005,0.020637732506643046,136.30548174392283,50.90411791521045,13.950398582816652
intrapartum_sensors,Intrapartum sensors,direct_flags,210,0.5820194862710363,0.26747859462651313,0.3844798740281468,0.0,0.26747859462651313,0.12000295246530854,0.5552548488949031,0.35473818017796366,0.0900069709271333,0.024116720795197322,0.0,0.007248302332447594,0.018162582422989862,0.011426040744021258,0.2415237532032328,0.0,0.2645474137931034,0.17595461696143394,0.0,0.041654364727881116,0.08913984844011416,0.023422891447692155,0.048504084243676804,0.018108453892333433,0.01923531148509005,0.019692943607912607,144.17872256667653,45.954179236122954,13.763409113276252
ai_intrapartum_sensors,AI Intrapartum sensors,direct_flags,210,0.5820194862710363,0.26747859462651313,0.3815716956992422,0.0,0.26747859462651313,0.11707017025883279,0.5546214955235172,0.35580681770417383,0.08957168677230885,0.024116720795197322,0.0,0.00723354000590493,0.017631138667453992,0.014019289440015747,0.2415237532032328,0.0,0.2640086206896552,0.17362019673402143,0.0,0.0404586162779254,0.08780139750024604,0.023422891447692155,0.04758881999803169,0.018108453892333433,0.01923531148509005,0.019491191811829546,142.2104123609881,42.98939347895373,13.719122133648263
diagnosis_base,Baseline,base,211,0.5280139750024604,0.24519732309812026,0.36980120066922545,0.0,0.24519732309812026,0.12868320047239445,0.5556575274368093,0.3538679209208061,0.09047455164238462,0.026153921858084832,0.0,0.0069038480464521206,0.017217793524259423,0.009319948823934653,0.23480296872238912,0.0,0.2442974055371757,0.16303993290154234,0.0,0.03202932782206476,0.09241216415707115,0.024776104714102944,0.04626513138470623,0.01804940458616278,0.019289440015746482,0.028988288554276154,175.17960830626907,56.26186773772593,16.149985237673455
pocus,POCUS,direct_flags,211,0.5280139750024604,0.19572876685365614,0.3253272315716957,0.0,0.19572876685365614,0.1335793721090444,0.5561777057393354,0.3529433434023429,0.09087895085832166,0.026153921858084832,0.0,0.006918610372994784,0.01744906997342781,0.006957976577108552,0.23480296872238912,0.0,0.24392782789729356,0.16553849026656084,0.0,0.03302824525145163,0.09256962897352623,0.02494833185710068,0.0431699635862612,0.017606534789882885,0.019087688219663418,0.028757012105107765,185.51323688613326,62.3875224955009,15.652986910737132
intrapartum_sensors,Intrapartum sensors,direct_flags,211,0.5280139750024604,0.24519732309812026,0.36273496703080405,0.0,0.24519732309812026,0.12148902667060328,0.5548624893677346,0.35416582283608083,0.09097168779618453,0.026153921858084832,0.0,0.006894006495423679,0.016140143686645014,0.009644720007873241,0.23480296872238912,0.0,0.24394915549364443,0.15879163439194424,0.0,0.02987402814683594,0.08914476921562839,0.024785946265131385,0.04590591477216809,0.01804940458616278,0.019289440015746482,0.028028737329003052,168.2905225863596,45.322060122056996,16.086015155988584
ai_intrapartum_sensors,AI Intrapartum sensors,direct_flags,211,0.5280139750024604,0.24519732309812026,0.35625430567857497,0.0,0.24519732309812026,0.11488534593051865,0.5546322868034437,0.3542210990705444,0.09114661412601191,0.026153921858084832,0.0,0.006879244168881016,0.015047731522487943,0.012631630745005413,0.23480296872238912,0.0,0.24342678042834756,0.15462405824948172,0.0,0.027792540104320442,0.08559196929436079,0.024790867040645606,0.04503493750615097,0.01804940458616278,0.019289440015746482,0.02739887806318276,167.3063674835154,43.75923046267572,15.982678870189941
diagnosis_base,Baseline,base,212,0.51869894695404,0.24132959354394254,0.3685464029130991,0.0,0.24132959354394254,0.13106485582127744,0.5560352919091421,0.3528815468368688,0.09108316125398912,0.026247416592855035,0.0,0.006889085719909458,0.01837909654561559,0.009999015844897156,0.21998597764671918,0.0,0.2570694087403599,0.16872967112396098,0.0,0.04760358232457435,0.09523668930223403,0.024461175081192797,0.05792244857789588,0.018226552504674736,0.019304202342289144,0.02808286585965948,173.70337565200276,59.97001499250374,15.997441196732604
pocus,POCUS,direct_flags,212,0.51869894695404,0.1927959846471804,0.32518944985729753,0.0,0.1927959846471804,0.1363645310500935,0.5532621247113164,0.3549364896073903,0.0918013856812933,0.026247416592855035,0.0,0.0069481350260801105,0.018320047239444935,0.007317193189646689,0.21998597764671918,0.0,0.2606127722406792,0.16766494032875479,0.0,0.05020175179608306,0.09580257848636946,0.024510382836335005,0.05433028245251452,0.01771479185119575,0.01910245054620608,0.02820588524751501,181.57661647475643,58.135779342419745,15.682511563822457
intrapartum_sensors,Intrapartum sensors,direct_flags,212,0.51869894695404,0.24132959354394254,0.36114555653971064,0.0,0.24132959354394254,0.12354099006003347,0.5559228869592926,0.35262487054887276,0.09145224249183462,0.026247416592855035,0.0,0.006864481842338352,0.017453990748942032,0.010559984253518355,0.21998597764671918,0.0,0.25615130370914435,0.16514573051494552,0.0,0.04489715579175278,0.09254502509595512,0.02447593740773546,0.057548469638815075,0.018226552504674736,0.019304202342289144,0.027320145654955223,166.8142899320933,48.92290696756885,15.928550339533512
ai_intrapartum_sensors,AI Intrapartum sensors,direct_flags,212,0.51869894695404,0.24132959354394254,0.35852278319063086,0.0,0.24132959354394254,0.12085424662926877,0.5553338762214983,0.3528501628664495,0.09181596091205212,0.026247416592855035,0.0,0.006854640291309911,0.016996358626119475,0.012843224092116917,0.21998597764671918,0.0,0.25578406169665807,0.16330197153798875,0.0,0.0438736344847948,0.09130991044188565,0.02447101663222124,0.0568054325361677,0.018226552504674736,0.019304202342289144,0.027054423777187284,166.32221238067117,48.13382782293064,15.884263359905521
diagnosis_base,Baseline,base,213,0.5158202932782207,0.24086211987009154,0.37039661450644623,0.0,0.24086211987009154,0.13228028737329003,0.5522654564392531,0.3555167026262927,0.09221784093445429,0.022827477610471412,0.0,0.0072040153528196045,0.024131483121739985,0.010796181478200965,0.23272964430843326,0.0,0.2828438948995363,0.1966082668484144,0.0,0.048243283141423086,0.10692845192402323,0.021995866548568055,0.05736148016927468,0.01815274087196142,0.019151658301348292,0.020583603975986617,135.32132664107863,48.273242379158624,14.919791359118197
pocus,POCUS,direct_flags,213,0.5158202932782207,0.19359807105599844,0.3280927074106879,0.0,0.19359807105599844,0.1372256667650822,0.5498260838383476,0.35819557499910354,0.09197834116254885,0.022827477610471412,0.0,0.007450054128530657,0.023334317488436177,0.007932290128924319,0.23272964430843326,0.0,0.2944952343901965,0.19194495041489576,0.0,0.05241610077748253,0.10645113669914379,0.02197618344651117,0.05370534396220845,0.017891939769707706,0.018964668831807894,0.0210707607518945,144.6708001180986,50.16790063519036,14.629465603779156
intrapartum_sensors,Intrapartum sensors,direct_flags,213,0.5158202932782207,0.24086211987009154,0.36397008168487355,0.0,0.24086211987009154,0.12578978447003247,0.5513828580370066,0.355905018972734,0.09271212299025935,0.022827477610471412,0.0,0.007199094577305384,0.022788111406357642,0.01101269560082669,0.23272964430843326,0.0,0.28265069551777433,0.19153776160145586,0.0,0.046068300364137386,0.1038578880031493,0.022005708099596497,0.056967818128137,0.01815274087196142,0.019151658301348292,0.020047239444936523,131.8767837811239,42.73368997499288,14.875504379490208
ai_intrapartum_sensors,AI Intrapartum sensors,direct_flags,213,0.5158202932782207,0.24086211987009154,0.3584440507824033,0.0,0.24086211987009154,0.12019978348587737,0.5510295983952184,0.3562860768821386,0.09268432472264297,0.022827477610471412,0.0,0.00718433225076272,0.02144966046648952,0.014782009644720007,0.23272964430843326,0.0,0.2820710973724884,0.1861468164154247,0.0,0.04411967326050586,0.10092018502115933,0.022010628875110717,0.055993504576321226,0.01815274087196142,0.019151658301348292,0.01972246826099793,130.40055112685758,40.35959608749327,14.816455073319554
diagnosis_base,Baseline,base,214,0.49446904832201555,0.23271331561854147,0.3586261194764295,0.0,0.23271331561854147,0.1292982974116721,0.5549170345562491,0.35618054498401586,0.08890242045973512,0.018492274382442674,0.0,0.0075730735163861826,0.02182856018108454,0.010245054620608207,0.2334451484656479,0.0,0.2571428571428571,0.19182702702702703,0.0,0.06501820686940261,0.09920775514221042,0.026719811042220255,0.04612242889479382,0.01819210707607519,0.018915461076665682,0.025868516878260014,198.30725322310798,74.42522691604512,14.309615195354787
pocus,POCUS,direct_flags,214,0.49446904832201555,0.1875848833776203,0.31719811042220253,0.0,0.1875848833776203,0.1329790374963094,0.5517317939609236,0.35820011841326227,0.09006808762581409,0.018492274382442674,0.0,0.007730538332841256,0.021872847160712527,0.007568152740871962,0.2334451484656479,0.0,0.2636790869419268,0.19026624432839653,0.0,0.06800019683102057,0.10034445428599548,0.02684775120559,0.042313748646786734,0.01795590985139258,0.01918610372994784,0.026016140143686646,213.0695797657711,78.56369034328198,13.669914378506054
intrapartum_sensors,Intrapartum sensors,direct_flags,214,0.49446904832201555,0.23271331561854147,0.35211593347111503,0.0,0.23271331561854147,0.12269461667158744,0.5554263254993183,0.3559797866367209,0.08859388786396086,0.018492274382442674,0.0,0.007553390414329298,0.020298198996161795,0.01077649837614408,0.2334451484656479,0.0,0.25647451963241436,0.18571042679632632,0.0,0.06172620805038874,0.09556638126168684,0.026734573368762917,0.045866548568054326,0.01819210707607519,0.018915461076665682,0.02509103434701309,191.4181675031985,63.09964890708172,14.280090542269463
ai_intrapartum_sensors,AI Intrapartum sensors,direct_flags,214,0.49446904832201555,0.23271331561854147,0.346639110323787,0.0,0.23271331561854147,0.11709969491191811,0.5551540110097911,0.3560532840273984,0.08879270496281044,0.018492274382442674,0.0,0.007558311189843519,0.01918610372994784,0.013551815766164748,0.2334451484656479,0.0,0.25664160401002506,0.18214519293655984,0.0,0.05901486074205295,0.09237279795295739,0.026734573368762917,0.04488239346521012,0.01819210707607519,0.018915461076665682,0.024530065938391892,188.46570219466588,58.24582976038313,14.216120460584587
diagnosis_base,Baseline,base,215,0.554719023718138,0.2568005117606535,0.3807991339435095,0.0,0.2568005117606535,0.12632614900108258,0.5514178871922717,0.3600031162355874,0.08857899657214086,0.021759669323885445,0.0,0.007125282944592068,0.018492274382442674,0.010505855722861923,0.2302645282232868,0.0,0.25501937301866856,0.16956188241664036,0.0,0.05060525538824919,0.09655545714004526,0.024264344060623954,0.046742446609585674,0.01795590985139258,0.01947150870977266,0.017119378013975003,121.54315520125972,34.26352457456124,15.859659482334417
pocus,POCUS,direct_flags,215,0.554719023718138,0.204630449758882,0.33369254994587144,0.0,0.204630449758882,0.13120755831118985,0.5489423942394239,0.3585733573357336,0.09248424842484249,0.021759669323885445,0.0,0.007302430863104025,0.01839877964767247,0.008030705639208739,0.2302645282232868,0.0,0.2562154696132597,0.16866654637315048,0.0,0.054359807105599844,0.0971705540793229,0.02467768920381852,0.04418856411770495,0.01805924613719122,0.019171341403405175,0.01716366499360299,111.20952662139554,31.985271172689263,15.726798543450448
intrapartum_sensors,Intrapartum sensors,direct_flags,215,0.554719023718138,0.2568005117606535,0.3725863596102746,0.0,0.2568005117606535,0.11809861234130499,0.5504166666666667,0.35991666666666666,0.08966666666666667,0.021759669323885445,0.0,0.007105599842535184,0.017463832299970474,0.010929042417084932,0.2302645282232868,0.0,0.2543148996125396,0.16640877760585174,0.0,0.04753961224288948,0.09314043893317586,0.024279106387166616,0.04650132860938884,0.01795590985139258,0.01947150870977266,0.01663714201358134,119.0827674441492,30.456466288498877,15.785847849621101
ai_intrapartum_sensors,AI Intrapartum sensors,direct_flags,215,0.554719023718138,0.2568005117606535,0.3715480759767739,0.0,0.2568005117606535,0.11703572483023325,0.5483097880928355,0.36162966700302723,0.09006054490413723,0.021759669323885445,0.0,0.007105599842535184,0.017281763605944297,0.014043893317586851,0.2302645282232868,0.0,0.2543148996125396,0.16598922393420928,0.0,0.047008168487353605,0.09252042121838401,0.024279106387166616,0.04557130203720106,0.01795590985139258,0.01947150870977266,0.016509201850211593,119.57484499557131,31.217877945711347,15.73664009447889
diagnosis_base,Baseline,base,216,0.5666617458911525,0.26083062690680053,0.3894547780730243,0.0,0.26083062690680053,0.132413148312174,0.5560593110111859,0.3557174179642499,0.08822327102456427,0.018374175770101368,0.0,0.007479578781615983,0.02018502115933471,0.010368074008463735,0.23003942828979793,0.0,0.24771838331160365,0.17305826266717292,0.0,0.030179116228717644,0.10427123314634386,0.0275957090837516,0.05560968408621199,0.017852573565593936,0.01941738017911623,0.02778761932880622,188.957779746088,78.2743516023663,18.841649443952367
pocus,POCUS,direct_flags,216,0.5666617458911525,0.20738608404684578,0.3420923137486468,0.0,0.20738608404684578,0.13857888003149296,0.5572402528229529,0.3531709395639514,0.08958880761309566,0.018374175770101368,0.0,0.007474658006101762,0.021188859364235802,0.007828953843125677,0.23003942828979793,0.0,0.24795951681358144,0.17677970276705804,0.0,0.03114850900501919,0.10750418265918708,0.027531739002066725,0.053557720696781816,0.017901781320736148,0.019560082669028638,0.027954925696289736,173.70337565200276,66.32680605579164,18.75799626021061
intrapartum_sensors,Intrapartum sensors,direct_flags,216,0.5666617458911525,0.26083062690680053,0.38130105304596007,0.0,0.26083062690680053,0.12419053242791064,0.5557888897693953,0.3553768127426896,0.08883429748791505,0.018374175770101368,0.0,0.007464816455073319,0.01886133254600925,0.010810943804743628,0.23003942828979793,0.0,0.24722946544980443,0.16837989808469514,0.0,0.028264934553685662,0.10038382049010924,0.0275957090837516,0.05535872453498671,0.017852573565593936,0.01941738017911623,0.026773939572876684,178.1320736148017,61.71631568648112,18.76783781123905
ai_intrapartum_sensors,AI Intrapartum sensors,direct_flags,216,0.5666617458911525,0.26083062690680053,0.37643932683790965,0.0,0.26083062690680053,0.11920578683200472,0.554468524251806,0.3566150670794634,0.08891640866873066,0.018374175770101368,0.0,0.007445133353016435,0.017965751402421022,0.013832299970475347,0.23003942828979793,0.0,0.24657757496740548,0.16509903228723885,0.0,0.02699537447101663,0.09774136403897254,0.0275957090837516,0.05432044090148607,0.017852573565593936,0.01941738017911623,0.02627694124594036,174.68753075484696,56.44784971324492,18.654659974411967
diagnosis_base,Baseline,base,217,0.5709182167109537,0.26298592658202935,0.3952071646491487,0.0,0.26298592658202935,0.13635961027457927,0.5550142542672585,0.3568979827505323,0.08808776298220923,0.021370928058261983,0.0,0.008616277925401043,0.024323393366794607,0.013315618541482138,0.233131139621021,0.0,0.2907671869810694,0.20281470539963892,0.0,0.04496112587343765,0.10228816061411278,0.026203129613227044,0.0460486172620805,0.017862415116622378,0.01950595413837221,0.029022733982875703,185.51323688613326,63.6947448088783,16.848735360692842
pocus,POCUS,direct_flags,217,0.5709182167109537,0.2091428009054227,0.3471557917527802,0.0,0.2091428009054227,0.14247613423875602,0.5593700352282932,0.35152310561580435,0.08910685915590247,0.021370928058261983,0.0,0.008670406456057475,0.025155004428697964,0.009521700620017715,0.233131139621021,0.0,0.2949941402980077,0.20511174417204991,0.0,0.04765279007971656,0.10470426139159532,0.0257947052455467,0.044572384607814194,0.01790670209625037,0.019540399566971754,0.02958862316701112,180.5924613719122,64.51513801631312,16.706032870780437
intrapartum_sensors,Intrapartum sensors,direct_flags,217,0.5709182167109537,0.26298592658202935,0.38861824623560676,0.0,0.26298592658202935,0.1297264048814093,0.5558547964950878,0.35553616811440275,0.08860903539050943,0.021370928058261983,0.0,0.00860151559885838,0.023171931896466883,0.014157071154413935,0.233131139621021,0.0,0.2902690136167386,0.19875907479317914,0.0,0.04250073811632713,0.09970475346914674,0.026208050388741265,0.0457435291801988,0.017862415116622378,0.01950595413837221,0.028087786635173702,179.608306269068,54.70254554174254,16.774923727979527
ai_intrapartum_sensors,AI Intrapartum sensors,direct_flags,217,0.5709182167109537,0.26298592658202935,0.378540497982482,0.0,0.26298592658202935,0.11949611258734376,0.5553039038049745,0.3556251029484434,0.08907099324658212,0.021370928058261983,0.0,0.008567070170258833,0.02130695797657711,0.016125381360102352,0.233131139621021,0.0,0.28910660909996677,0.19265850945494994,0.0,0.03836728668438146,0.09512351146540694,0.026212971164255486,0.04509890758783584,0.017862415116622378,0.01950595413837221,0.027187284716071253,175.17960830626907,47.95839609139072,16.68142899320933
diagnosis_base,Baseline,base,218,0.5713758488337762,0.26373880523570514,0.39109339631925993,0.0,0.26373880523570514,0.13356460978250173,0.5635338761374941,0.35040341892937404,0.08606270493313194,0.021946658793425843,0.0,0.007661647475642161,0.02018010038382049,0.011111111111111112,0.2130403630284213,0.0,0.27719423179633257,0.19037229597994615,0.0,0.03672866843814585,0.09324869599448873,0.024977856510186004,0.037565200275563426,0.017990355279992126,0.019402617852573564,0.040965456155890166,260.80110225371516,91.36934184116713,11.62779254010432
pocus,POCUS,direct_flags,218,0.5713758488337762,0.20976281862021454,0.34251550044286977,0.0,0.20976281862021454,0.13967129219565003,0.5669038895152199,0.34586386696730553,0.08723224351747463,0.021946658793425843,0.0,0.007740379883869698,0.021400452711347308,0.007981497884066529,0.2130403630284213,0.0,0.28014247551202137,0.19625451263537907,0.0,0.04016829052258636,0.09624544828264935,0.024840074795787818,0.03606436374372601,0.017842732014565495,0.019289440015746482,0.04149689991142604,251.45162877669523,79.077480576114,11.86398976478693
intrapartum_sensors,Intrapartum sensors,direct_flags,218,0.5713758488337762,0.26373880523570514,0.38393858872158254,0.0,0.26373880523570514,0.1262867827969688,0.5650327306733167,0.34842581047381543,0.08654145885286783,0.021946658793425843,0.0,0.007641964373585277,0.019151658301348292,0.011706524948331857,0.2130403630284213,0.0,0.2764821078867723,0.18678312616979412,0.0,0.034425745497490404,0.09035527999212675,0.024982777285700225,0.037427418561165236,0.017990355279992126,0.019402617852573564,0.039405570317882097,247.5150083653184,71.14825799107277,11.608109438047437
ai_intrapartum_sensors,AI Intrapartum sensors,direct_flags,218,0.5713758488337762,0.26373880523570514,0.3761490010825706,0.0,0.26373880523570514,0.11831020568841649,0.5646965852846982,0.34795990516990394,0.08734350954539782,0.021946658793425843,0.0,0.0076222812715283925,0.017926385198307252,0.013891349276646,0.2130403630284213,0.0,0.27576998397721203,0.1827072571342595,0.0,0.03143391398484401,0.08677295541777384,0.024987698061214446,0.03669914378506053,0.017990355279992126,0.019402617852573564,0.0383771282354099,243.08631040251944,64.40789670770798,11.57858478496211
diagnosis_base,Baseline,base,219,0.5620066922546993,0.26006790670209623,0.3836335006397008,0.0,0.26006790670209623,0.12643440606239542,0.5535922783529229,0.3582159258970966,0.08819179574998054,0.022423974018305284,0.0,0.006411770495030017,0.019638815077256174,0.010033461273496703,0.23426896977174583,0.0,0.2660269497754185,0.17674933569530557,0.0,0.03279204802676902,0.09605353803759473,0.02179903552799921,0.05202243873634485,0.017793524259423286,0.01918610372994784,0.019176262178919396,111.20952662139554,37.77918820080394,13.763409113276252
pocus,POCUS,direct_flags,219,0.5620066922546993,0.2083013482924909,0.33543450447790574,0.0,0.2083013482924909,0.1300708591674048,0.5532478341467105,0.3580373018575266,0.08871486399576287,0.022423974018305284,0.0,0.006652888495226847,0.020814880425155006,0.007292589312075583,0.23426896977174583,0.0,0.2778462803123716,0.18003064351378958,0.0,0.03516386182462356,0.10004920775514221,0.021636649936029918,0.0484105895089066,0.017882098218679265,0.019225469934061608,0.019437063281173114,112.68575927566185,33.27426506434314,13.743726011219369
intrapartum_sensors,Intrapartum sensors,direct_flags,219,0.5620066922546993,0.26006790670209623,0.3745645113669914,0.0,0.26006790670209623,0.11731128825902962,0.5538171140939597,0.35708892617449667,0.08909395973154362,0.022423974018305284,0.0,0.0063970081684873534,0.018472591280385788,0.010176163763409114,0.23426896977174583,0.0,0.2654144548795427,0.1728440535936277,0.0,0.030469441984056687,0.09276645999409507,0.02179411475248499,0.051869894695404,0.017793524259423286,0.01918610372994784,0.01856116523964177,106.28875110717448,30.22335056064315,13.728963684676705
ai_intrapartum_sensors,AI Intrapartum sensors,direct_flags,219,0.5620066922546993,0.26006790670209623,0.3738952858970574,0.0,0.26006790670209623,0.11662237968703867,0.5519409282700422,0.3588607594936709,0.08919831223628692,0.022423974018305284,0.0,0.006401928944001574,0.018310205688416493,0.014122625725814388,0.23426896977174583,0.0,0.26561861984483465,0.1720295885344429,0.0,0.030208640881802973,0.09245645113669915,0.02179411475248499,0.05064954236787718,0.017793524259423286,0.01918610372994784,0.01851687826001378,107.27290621001869,31.734518088675312,13.684676705048716
diagnosis_base,Baseline,base,220,0.5358822950496999,0.24917330971361087,0.37501722271429977,0.0,0.24917330971361087,0.13034642259620116,0.5563818943712484,0.3534674770659519,0.09015062856279965,0.025814388347603582,0.0,0.006574156086999311,0.019668339730341503,0.010471410294262375,0.230107904202123,0.0,0.260479625658023,0.18646202649748086,0.0,0.03478988288554276,0.09183151264639307,0.021759669323885445,0.04509398681232162,0.018216710953646294,0.019555161893514417,0.03062198602499754,184.52908178328906,61.99868252799629,13.315618541482138
pocus,POCUS,direct_flags,220,0.5358822950496999,0.19812026375356756,0.3283043007577994,0.0,0.19812026375356756,0.13511465406948134,0.5595819069123753,0.35068104013402285,0.08973705295360186,0.025814388347603582,0.0,0.006928451924023226,0.0206032870780435,0.007518944985729751,0.230107904202123,0.0,0.27202472952086554,0.189990017242944,0.0,0.037427418561165236,0.09449365219958665,0.022094282058852475,0.04183643342190729,0.01791162287176459,0.018940064954236786,0.031163271331561854,194.8627103631532,65.09693091786673,13.192599153626611
intrapartum_sensors,Intrapartum sensors,direct_flags,220,0.5358822950496999,0.24917330971361087,0.3683544926680445,0.0,0.24917330971361087,0.12358527703966145,0.5557236711128808,0.35337447740394184,0.09090185148317738,0.025814388347603582,0.0,0.006559393760456648,0.018610372994783977,0.010737132172030312,0.230107904202123,0.0,0.25989471631897054,0.18235294117647058,0.0,0.03293967129219565,0.08902667060328708,0.021769510874913887,0.04486271036315323,0.018216710953646294,0.019555161893514417,0.029859265820293277,178.1320736148017,51.92389661719688,13.295935439425254
ai_intrapartum_sensors,AI Intrapartum sensors,direct_flags,220,0.5358822950496999,0.24917330971361087,0.36243972049995077,0.0,0.24917330971361087,0.11755240625922646,0.554355561136925,0.3541378877307547,0.09150655113232031,0.025814388347603582,0.0,0.006544631433913985,0.01758193091231178,0.014014368664501526,0.230107904202123,0.0,0.2593098069799181,0.1783824263604593,0.0,0.03109438047436276,0.08614801692746776,0.021774431650428108,0.04386871370928058,0.018216710953646294,0.019555161893514417,0.029273693534100975,176.16376340911327,48.82396249079707,13.227044582226158
diagnosis_base,Baseline,base,221,0.5365023127644917,0.24969983269363252,0.37287668536561364,0.0,0.24969983269363252,0.1260062985926582,0.5546139727418284,0.35556683719295507,0.08981919006521655,0.024082275366597777,0.0,0.006505265229800217,0.01804940458616278,0.010628875110717449,0.2367797184188882,0.0,0.2412849060047454,0.1707158149492693,0.0,0.032816651904340126,0.0937998228520815,0.024185611652396417,0.05106288751107174,0.018216710953646294,0.01941738017911623,0.02045566381261687,127.94016336974707,44.91841112737467,13.94055703178821
pocus,POCUS,direct_flags,221,0.5365023127644917,0.19834661942722173,0.3270101367975593,0.0,0.19834661942722173,0.13136994390315915,0.5524590777990036,0.3565943738996891,0.09094654830130726,0.024082275366597777,0.0,0.006682413148312174,0.019053242791063872,0.007848636945182562,0.2367797184188882,0.0,0.24623753399818676,0.17428095602466578,0.0,0.03506544631433914,0.09715579175278023,0.02424466095856707,0.048651707509103435,0.01772463340222419,0.01903355968900699,0.02117901781320736,131.3847062297018,40.47265714897905,14.078338746186398
intrapartum_sensors,Intrapartum sensors,direct_flags,221,0.5365023127644917,0.24969983269363252,0.36511662237968706,0.0,0.24969983269363252,0.11819210707607519,0.5534368624838669,0.35567675590157793,0.09088638161455515,0.024082275366597777,0.0,0.006500344454285996,0.01687333923826395,0.011303021356165732,0.2367797184188882,0.0,0.24110239094725314,0.16663426960831956,0.0,0.030361184922743825,0.0899911426040744,0.02419545320342486,0.050743037102647374,0.018216710953646294,0.01941738017911623,0.019806121444739692,122.52731030410392,36.39940212045879,13.886428501131778
ai_intrapartum_sensors,AI Intrapartum sensors,direct_flags,221,0.5365023127644917,0.24969983269363252,0.36220352327526817,0.0,0.24969983269363252,0.11521503788997146,0.5516784829589134,0.3571794652771846,0.09114205176390194,0.024082275366597777,0.0,0.006490502903257553,0.016440310993012498,0.013497687235508316,0.2367797184188882,0.0,0.24073736083226865,0.16565846886156288,0.0,0.029514811534297806,0.08840173211298101,0.02419545320342486,0.04990158448971558,0.018216710953646294,0.01941738017911623,0.019550241118000196,121.05107764983762,34.07603602766355,13.827379194961127
diagnosis_base,Baseline,base,222,0.611553980907391,0.28181281369943906,0.4110569825804547,0.0,0.28181281369943906,0.1345192402322606,0.5609247539964151,0.3525624611332626,0.08651278487032227,0.02013089262867828,0.0,0.006283830331660269,0.01819702785158941,0.011278417478594626,0.20668923356742283,0.0,0.2589213300892133,0.17700555236454146,0.0,0.05391693730931995,0.09005511268575928,0.02202047042613916,0.03582324574352918,0.017832890463537053,0.019387855526030902,0.03379588623167011,238.65761243972048,83.5427904732411,11.691762621789195
pocus,POCUS,direct_flags,222,0.611553980907391,0.22560279500049207,0.35990060033461274,0.0,0.22560279500049207,0.1406259226454089,0.5655049338652111,0.34719014626635875,0.08730491986843027,0.02013089262867828,0.0,0.006736541678968606,0.01865958074992619,0.008389922251746876,0.20668923356742283,0.0,0.2736905237904838,0.17848065518215195,0.0,0.06023521306957977,0.09186595807499262,0.022138569038480466,0.03421907292589312,0.018083850014762325,0.019018797362464323,0.035468949906505266,212.57750221434895,81.9478486844048,11.726208050388742
intrapartum_sensors,Intrapartum sensors,direct_flags,222,0.611553980907391,0.28181281369943906,0.4034642259620116,0.0,0.28181281369943906,0.1268182265525047,0.5620440788452584,0.3509622846500078,0.08699363650473382,0.02013089262867828,0.0,0.006264147229603385,0.017178427320145656,0.011927959846471804,0.20668923356742283,0.0,0.25811030008110303,0.17359522625559423,0.0,0.050747957878161595,0.0869501033362858,0.02202047042613916,0.03570514713118787,0.017832890463537053,0.019387855526030902,0.032309812026375354,225.8635961027458,64.81768226372154,11.667158744218089
ai_intrapartum_sensors,AI Intrapartum sensors,direct_flags,222,0.611553980907391,0.28181281369943906,0.3943115835055605,0.0,0.28181281369943906,0.11755240625922646,0.5628531960316464,0.3497844196073507,0.08736238436100298,0.02013089262867828,0.0,0.006244464127546501,0.015766164747564215,0.014260407440212577,0.20668923356742283,0.0,0.2572992700729927,0.1683568913877358,0.0,0.04685562444641275,0.0826690286389135,0.022015549650624938,0.03503100088573959,0.017832890463537053,0.019387855526030902,0.03142899320932979,219.95866548568054,56.17532462855867,11.608109438047437
diagnosis_base,Baseline,base,223,0.5572138569038481,0.25866548568054326,0.38500639700816847,0.0,0.25866548568054326,0.12895384312567662,0.5515912386476379,0.36014653132870333,0.08826223002365871,0.024274185611652396,0.0,0.006288751107174491,0.0167207951973231,0.009767739395728767,0.2435207582564052,0.0,0.22841823056300267,0.15505361624458133,0.0,0.04784962110028541,0.09600433028245252,0.025622478102548963,0.04202834366696191,0.0179608306269068,0.019407538628087785,0.018708788505068397,139.25794705245548,42.446108601400724,13.984844011416198
pocus,POCUS,direct_flags,223,0.5572138569038481,0.20602795000492077,0.3378801299084736,0.0,0.20602795000492077,0.13446019092608996,0.5524245196706313,0.3580237877401647,0.08955169258920402,0.024274185611652396,0.0,0.006200177147918512,0.017985434504477905,0.007681330577699045,0.2435207582564052,0.0,0.225,0.1600262697022767,0.0,0.049606337958862316,0.10002952465308533,0.02552898336777876,0.040753862808778664,0.017754158055309516,0.019151658301348292,0.019299281566774924,122.52731030410392,36.50286974688755,13.960240133845094
intrapartum_sensors,Intrapartum sensors,direct_flags,223,0.5572138569038481,0.25866548568054326,0.3776645999409507,0.0,0.25866548568054326,0.12158744218088771,0.5515399247237849,0.35918086527176335,0.08927921000445183,0.024274185611652396,0.0,0.0062789095561460485,0.015805530951677985,0.010377915559492176,0.2435207582564052,0.0,0.22806076854334226,0.1514951419677389,0.0,0.045576222812715284,0.09301249876980612,0.025622478102548963,0.04175770101367975,0.0179608306269068,0.019407538628087785,0.018231473280188957,134.33717153823443,34.86644635115059,13.920873929731325
ai_intrapartum_sensors,AI Intrapartum sensors,direct_flags,223,0.5572138569038481,0.25866548568054326,0.3712085424662927,0.0,0.25866548568054326,0.11507233540005905,0.5505238400684199,0.36044472952747486,0.0890314304041052,0.024274185611652396,0.0,0.006273988780631828,0.015052652298002164,0.012164157071154414,0.2435207582564052,0.0,0.22788203753351208,0.14920495561408642,0.0,0.04364235803562642,0.09010432044090148,0.025622478102548963,0.04093593150280484,0.0179608306269068,0.019407538628087785,0.017882098218679265,133.84509398681232,34.108480126125585,13.84706229701801
diagnosis_base,Baseline,base,224,0.5658596594823344,0.26203129613227044,0.3911426040744021,0.0,0.26203129613227044,0.131945674638323,0.5521369433877825,0.35764898933393,0.09021406727828746,0.022999704753469147,0.0,0.0064855821277433326,0.019919299281566775,0.011519535478791457,0.22717993584135315,0.0,0.2551296941540844,0.1762375375506117,0.0,0.04161991929928157,0.10159433126660762,0.02227142997736443,0.04847455959059148,0.01794606830036414,0.019451825607715776,0.018890857199094578,125.47977561263654,51.89803915669447,15.07233540005905
pocus,POCUS,direct_flags,224,0.5658596594823344,0.2079519732309812,0.3430075779942919,0.0,0.2079519732309812,0.13775218974510384,0.5509394870329356,0.35939844252339787,0.0896620704436665,0.022999704753469147,0.0,0.006633205393169963,0.021272512547977563,0.008503100088573958,0.22717993584135315,0.0,0.2587828757918986,0.1818220053835801,0.0,0.044695403995669715,0.10533412065741561,0.02217301446708001,0.04610766656825115,0.017606534789882885,0.019264836138175378,0.019028638913492768,128.43224092116918,49.351871129926515,14.993602991831512
intrapartum_sensors,Intrapartum sensors,direct_flags,224,0.5658596594823344,0.26203129613227044,0.3845241610077748,0.0,0.26203129613227044,0.12529770691861036,0.5523701056434827,0.35651729961120054,0.09111259474531673,0.022999704753469147,0.0,0.006470819801200669,0.01904340124003543,0.012203523275268182,0.22717993584135315,0.0,0.25454897406116916,0.1733715616880208,0.0,0.03929731325656924,0.0987845684479874,0.022281271528392876,0.04808581832496801,0.01794606830036414,0.019451825607715776,0.018344651117016043,117.60653478988289,39.86371123630155,15.018206869402619
ai_intrapartum_sensors,AI Intrapartum sensors,direct_flags,224,0.5658596594823344,0.26203129613227044,0.3785749434110816,0.0,0.26203129613227044,0.11927467768920381,0.5510953422170881,0.35744048846899623,0.09146416931391559,0.022999704753469147,0.0,0.006460978250172227,0.018275760259816948,0.014403109930124988,0.22717993584135315,0.0,0.25416182733255904,0.1713257680597841,0.0,0.03709772660171243,0.0960929042417085,0.022286192303907097,0.047229603385493556,0.01794606830036414,0.019451825607715776,0.01795590985139258,115.63822458419448,36.85512925620332,14.959157563231965
diagnosis_base,Baseline,base,225,0.6030705639208739,0.27636551520519637,0.4048814093101073,0.0,0.27636551520519637,0.13267887018994193,0.5565404443125765,0.35519044616696954,0.08826910952045396,0.023787028835744514,0.0,0.008089754945379392,0.02461863989764787,0.01247416592855034,0.24766881852648837,0.0,0.3207179087007413,0.2214892863467328,0.0,0.041039267788603485,0.09288455860643638,0.02150378899714595,0.0483859856313355,0.01781320736148017,0.01933372699537447,0.02632122822556835,166.8142899320933,52.991093140920015,13.305776990453694
pocus,POCUS,direct_flags,225,0.6030705639208739,0.21799527605550634,0.3532870780434997,0.0,0.21799527605550634,0.1395925597874225,0.5595389170896785,0.3543076706147772,0.08615341229554428,0.023787028835744514,0.0,0.008202932782206476,0.02613915953154217,0.009132959354394253,0.24766881852648837,0.0,0.3253317720530835,0.22772871473891795,0.0,0.04412459403602008,0.09598464718039564,0.02159728373191615,0.04549256962897353,0.017700029524653084,0.019176262178919396,0.02628186202145458,159.43312666076173,55.09970067459904,13.271331561854149
intrapartum_sensors,Intrapartum sensors,direct_flags,225,0.6030705639208739,0.27636551520519637,0.3967522881606141,0.0,0.27636551520519637,0.12447101663222124,0.5575014825064242,0.3533504645186796,0.08914805297489622,0.023787028835744514,0.0,0.008074992618836728,0.023127644916838892,0.012917035724830233,0.24766881852648837,0.0,0.3201326570425283,0.21731089328648048,0.0,0.03833776203129613,0.08930715480759768,0.021518551323688614,0.04826296624347997,0.01781320736148017,0.01933372699537447,0.025218974510382835,160.41728176360593,43.5543231295233,13.261490010825705
ai_intrapartum_sensors,AI Intrapartum sensors,direct_flags,225,0.6030705639208739,0.27636551520519637,0.3929288455860644,0.0,0.27636551520519637,0.12058360397598662,0.557274025709039,0.353315649867374,0.08941032442358703,0.023787028835744514,0.0,0.008070071843322507,0.02226158842633599,0.01648951874815471,0.24766881852648837,0.0,0.31993757315645727,0.21449907543501967,0.0,0.03700423186694223,0.0872748745202244,0.021508709772660173,0.04717547485483712,0.01781320736148017,0.01933372699537447,0.024800708591674048,159.92520421218384,42.82841774403124,13.197519929140833
diagnosis_base,Baseline,base,226,0.5792589312075583,0.26770495030016733,0.3979431158350556,0.0,0.26770495030016733,0.13383525243578387,0.5533127435840871,0.35873961320685344,0.08794764320905948,0.01918118295443362,0.0,0.008143883476035823,0.025174687530754847,0.011923039070957583,0.20758334220896793,0.0,0.3229268292682927,0.21808261221705955,0.0,0.03510973329396713,0.09996555457140045,0.021390611160318866,0.04868123216218876,0.017650821769510876,0.019387855526030902,0.023324475937407736,156.4806613522291,52.7265571043466,12.971164255486665
pocus,POCUS,direct_flags,226,0.5792589312075583,0.21185414821375848,0.3477807302430863,0.0,0.21185414821375848,0.13932191713414033,0.5578356232119521,0.3538303959311977,0.08833398085685021,0.01918118295443362,0.0,0.008537545517173506,0.026591870878850506,0.008512941639602402,0.20758334220896793,0.0,0.3314864348490638,0.22358295407529996,0.0,0.036827083948430275,0.10283928747170554,0.021946658793425843,0.04658990256864482,0.017857494341108157,0.019166420627890954,0.023280188957779745,152.54404094085228,51.02662523609334,13.08926286782797
intrapartum_sensors,Intrapartum sensors,direct_flags,226,0.5792589312075583,0.26770495030016733,0.39093593150280487,0.0,0.26770495030016733,0.12678378112390512,0.5535028138948186,0.3574616728119542,0.08903551329322724,0.01918118295443362,0.0,0.00812420037397894,0.024037988386969786,0.012262572581438834,0.20758334220896793,0.0,0.32214634146341464,0.21420741065555798,0.0,0.03291014663911032,0.09743627595709084,0.02140537348686153,0.04846471803956304,0.017650821769510876,0.019387855526030902,0.02264540891644523,149.09949808089755,41.587143631597314,12.926877275858676
ai_intrapartum_sensors,AI Intrapartum sensors,direct_flags,226,0.5792589312075583,0.26770495030016733,0.3871223304792835,0.0,0.26770495030016733,0.12288160614112784,0.553419830209835,0.35752042287361846,0.08905974691654653,0.01918118295443362,0.0,0.008104517271922055,0.023309713610865073,0.015687432339336678,0.20758334220896793,0.0,0.3213658536585366,0.2117378866440193,0.0,0.03153232949512843,0.09578781615982679,0.02140537348686153,0.04718039563035134,0.017650821769510876,0.019387855526030902,0.02225666765082177,147.13118787520915,38.61663337219751,12.877669520716465
diagnosis_base,Baseline,base,227,0.5443804743627596,0.2543352032280287,0.3801151461470328,0.0,0.2543352032280287,0.13113866745399075,0.5587617260787993,0.35324577861163226,0.08799249530956849,0.023875602795000492,0.0,0.007017025883279205,0.018585769117212873,0.01067808286585966,0.2452115025016425,0.0,0.24787067616895533,0.17736557877436018,0.0,0.03544926680444838,0.0926335990552111,0.02509103434701309,0.04840074795787816,0.017990355279992126,0.01937309319948824,0.03751599252042122,235.70514713118786,88.99800521712444,15.195354787914575
pocus,POCUS,direct_flags,227,0.5443804743627596,0.203272315716957,0.33422891447692155,0.0,0.203272315716957,0.1365269166420628,0.5619751306541719,0.34986484051180394,0.08816002883402414,0.023875602795000492,0.0,0.007095758291506741,0.019304202342289144,0.008183249680149591,0.2452115025016425,0.0,0.25245098039215685,0.18009456915943625,0.0,0.03745202243873635,0.09482334415903947,0.024795787816159827,0.04645704162976085,0.017601614014368664,0.01910245054620608,0.03746678476527901,242.10215529967525,92.74906661426607,15.190434012400354
intrapartum_sensors,Intrapartum sensors,direct_flags,227,0.5443804743627596,0.2543352032280287,0.3729160515697274,0.0,0.2543352032280287,0.12378702883574451,0.5583558594371124,0.35228176180632853,0.08936237875655907,0.023875602795000492,0.0,0.007017025883279205,0.017552406259226452,0.011243972049995079,0.2452115025016425,0.0,0.24787067616895533,0.17339101691619677,0.0,0.03289538431256766,0.08964176754256471,0.025110717449069973,0.04815962995768133,0.017990355279992126,0.01937309319948824,0.03631040251943706,223.89528589705736,70.58462482737457,15.141226257258145
ai_intrapartum_sensors,AI Intrapartum sensors,direct_flags,227,0.5443804743627596,0.2543352032280287,0.3677344749532526,0.0,0.2543352032280287,0.11844306662730046,0.5567926879933527,0.35309513917739926,0.09011217282924802,0.023875602795000492,0.0,0.007007184332250763,0.016809369156579077,0.013640389725420726,0.2452115025016425,0.0,0.24752303146184598,0.1709453035079818,0.0,0.031069776596791655,0.08724534986713905,0.025115638224584194,0.04712626709969491,0.017990355279992126,0.01937309319948824,0.035596890069875015,218.48243283141426,62.145158815405864,15.101860053144376
diagnosis_base,Baseline,base,228,0.609949808089755,0.281857100679067,0.4159285503395335,0.0,0.281857100679067,0.13910048223600038,0.557768501485779,0.3546059148153389,0.08762558369888213,0.0316651904340124,0.0,0.008143883476035823,0.027074106879244168,0.011490010825706132,0.24796732303186775,0.0,0.31931313910862436,0.22115925717501406,0.0,0.05356264147229604,0.10401535281960438,0.0216563330380868,0.04704753469146738,0.017882098218679265,0.01932880621986025,0.030405471902371813,196.83102056884164,83.56084454081154,12.046058458813109
pocus,POCUS,direct_flags,228,0.609949808089755,0.2258389922251747,0.36522980021651413,0.0,0.2258389922251747,0.1446954039956697,0.560380887604149,0.35177690868899847,0.08784220370685257,0.0316651904340124,0.0,0.008138962700521602,0.028609388839681133,0.008517862415116623,0.24796732303186775,0.0,0.3141500474833808,0.2235294117647059,0.0,0.056210018698946956,0.10894596988485385,0.02197126267099695,0.04407046550536364,0.017749237279795296,0.019077846668634976,0.03063182757602598,187.48154709182168,70.13813521155876,12.036216907784668
intrapartum_sensors,Intrapartum sensors,direct_flags,228,0.609949808089755,0.281857100679067,0.40869008955811437,0.0,0.281857100679067,0.13179805137289638,0.5579823775388292,0.35356929510155316,0.08844832735961768,0.0316651904340124,0.0,0.008134041925007381,0.02567168585769117,0.011716366499360299,0.24796732303186775,0.0,0.31892726220335715,0.21788339458737052,0.0,0.05031000885739593,0.10041826591870878,0.021671095364629467,0.0469589607322114,0.017882098218679265,0.01932880621986025,0.029219565003444543,186.49739198897745,68.43345027049222,12.011613030213562
ai_intrapartum_sensors,AI Intrapartum sensors,direct_flags,228,0.609949808089755,0.281857100679067,0.40274579273693534,0.0,0.281857100679067,0.1257208936128334,0.557203804454186,0.35386903597009667,0.08892715957571724,0.0316651904340124,0.0,0.00812912114949316,0.024308631040251945,0.01620411376832989,0.24796732303186775,0.0,0.3187343237507235,0.2145307682286012,0.0,0.047229603385493556,0.09689006987501231,0.021666174589115246,0.045669717547485486,0.017882098218679265,0.01932880621986025,0.028471607125282943,181.57661647475643,61.229929189387775,11.947642948528687
diagnosis_base,Baseline,base,229,0.5650280484204311,0.262400354295837,0.38925302627694125,0.0,0.262400354295837,0.1322261588426336,0.5621301775147929,0.3511964571471103,0.08667336533809683,0.015825214053734868,0.0,0.006288751107174491,0.01961913197519929,0.009821867926385197,0.23353423861738437,0.0,0.24412607449856732,0.16960905262262305,0.0,0.04522192697569137,0.10278515894104912,0.02349670308040547,0.04451825607715776,0.01771971262670997,0.019451825607715776,0.03814585178624151,269.658498179313,93.21135675143387,13.015451235114654
pocus,POCUS,direct_flags,229,0.5650280484204311,0.20803562641472295,0.34006987501230196,0.0,0.20803562641472295,0.1376783781123905,0.5645662818542478,0.346438400228743,0.08899531791700918,0.015825214053734868,0.0,0.0061411278417478595,0.020588524751500838,0.007676409802184824,0.23353423861738437,0.0,0.241112828438949,0.17290685180593438,0.0,0.04716071252829446,0.10564905029032576,0.023088278712725126,0.0435931502804842,0.017729554177738412,0.019363251648459798,0.038509989174293865,273.5951185906899,87.09592884339689,13.094183643342191
intrapartum_sensors,Intrapartum sensors,direct_flags,229,0.5650280484204311,0.262400354295837,0.3815421710461569,0.0,0.262400354295837,0.12435783879539415,0.5610952833175056,0.35125830959164295,0.08764640709085153,0.015825214053734868,0.0,0.006288751107174491,0.018403700423186693,0.010097431355181577,0.23353423861738437,0.0,0.24412607449856732,0.16533309756421025,0.0,0.04243184725912804,0.09913886428501131,0.023501623855919692,0.04440015746481645,0.01771971262670997,0.019451825607715776,0.0363891349276646,252.43578387953943,66.90169960385174,12.99576813305777
ai_intrapartum_sensors,AI Intrapartum sensors,direct_flags,229,0.5650280484204311,0.262400354295837,0.37643932683790965,0.0,0.262400354295837,0.1191073713217203,0.560132204090064,0.35215864490807686,0.08770915100185912,0.015825214053734868,0.0,0.0062789095561460485,0.01767542564708198,0.013202440704655054,0.23353423861738437,0.0,0.2437440305635148,0.16371923427529625,0.0,0.040709575829150677,0.09633402224190532,0.023501623855919692,0.043278220647574056,0.01771971262670997,0.019451825607715776,0.035651018600531444,248.4991634681626,60.888063684404386,12.961322704458224
diagnosis_base,Baseline,base,230,0.5968654659974412,0.2756126365515205,0.40349375061509696,0.0,0.2756126365515205,0.13056293671882688,0.5514265254588625,0.35958994459729393,0.08898352994384351,0.01972246826099793,0.0,0.005486664698356461,0.016474756421612047,0.009654561558901683,0.23608411380102493,0.0,0.2121385083713851,0.144,0.0,0.03881999803168979,0.10289341600236197,0.02353114850900502,0.0476380277531739,0.017704950300167305,0.019318964668831807,0.019397697077059343,139.25794705245548,45.177320984865595,15.667749237279795
pocus,POCUS,direct_flags,230,0.5968654659974412,0.21938293475051668,0.3527802381655349,0.0,0.21938293475051668,0.13581340419250074,0.5551811594202899,0.35507246376811596,0.0897463768115942,0.01972246826099793,0.0,0.005634287963783092,0.01645015254404094,0.007400846373388446,0.23608411380102493,0.0,0.21830314585319352,0.14258903817445084,0.0,0.041856116523964176,0.10419742151363055,0.02349670308040547,0.04513827379194961,0.017734474953252633,0.019082767444149197,0.0192697569136896,132.368861332546,40.35542668390491,15.465997441196732
intrapartum_sensors,Intrapartum sensors,direct_flags,230,0.5968654659974412,0.2756126365515205,0.39541383722074597,0.0,0.2756126365515205,0.12245349867139062,0.5523005826803296,0.3576049829214386,0.09009443439823187,0.01972246826099793,0.0,0.005486664698356461,0.01554965062493849,0.010053144375553586,0.23608411380102493,0.0,0.2121385083713851,0.14098331400017847,0.0,0.03686152937702982,0.09942919004035036,0.0235262277334908,0.04760850310008857,0.017704950300167305,0.019318964668831807,0.018777679362267492,135.32132664107863,39.34798924488294,15.63822458419447
ai_intrapartum_sensors,AI Intrapartum sensors,direct_flags,230,0.5968654659974412,0.2756126365515205,0.3903651215431552,0.0,0.2756126365515205,0.11734081291211496,0.5520003354860354,0.3577119852386144,0.09028767927535017,0.01972246826099793,0.0,0.005476823147328019,0.014757405767148903,0.013108945969884853,0.23608411380102493,0.0,0.2117579908675799,0.13777736941241328,0.0,0.03543942525341994,0.09669815962995768,0.02352130695797658,0.04643735852770397,0.017704950300167305,0.019318964668831807,0.018413541974215138,135.32132664107863,39.34798924488294,15.525046747367385
diagnosis_base,Baseline,base,231,0.5925843913000689,0.27301938785552604,0.40286881212479086,0.0,0.27301938785552604,0.13471607125282944,0.55616028052745,0.3559192022500639,0.08792051722248603,0.02396909752977069,0.0,0.007558311189843519,0.02239937014073418,0.011967326050585573,0.23714703018500488,0.0,0.3004694835680751,0.20130903944808068,0.0,0.038249188072040155,0.09555161893514418,0.02253223107961815,0.05316405865564413,0.017803365810451728,0.01913197519929141,0.03202440704655054,215.0378899714595,80.52413894074155,12.867827969688022
pocus,POCUS,direct_flags,231,0.5925843913000689,0.21591378801299085,0.35081192795984645,0.0,0.21591378801299085,0.1398681232162189,0.5620250492541514,0.34921193357725866,0.08876301716858992,0.02396909752977069,0.0,0.007769904536955024,0.022793032181871863,0.008635961027457928,0.23714703018500488,0.0,0.3102161100196464,0.20344342937456078,0.0,0.04018797362464324,0.09619131975199291,0.022291113079421318,0.049872059836630254,0.017842732014565495,0.01913197519929141,0.03163074500541285,211.59334711150476,82.62166039493154,12.897352622773349
intrapartum_sensors,Intrapartum sensors,direct_flags,231,0.5925843913000689,0.27301938785552604,0.3952022438736345,0.0,0.27301938785552604,0.12700521602204506,0.5568384347152266,0.35416505230530804,0.08899651297946533,0.02396909752977069,0.0,0.007553390414329298,0.02122330479283535,0.012538136010235214,0.23714703018500488,0.0,0.30027386541471046,0.19717472798756513,0.0,0.035655939376045664,0.09278614309615195,0.022527310304103928,0.05314929632910147,0.017803365810451728,0.01913197519929141,0.03104025194370633,201.7517960830627,60.75912301892317,12.867827969688022
ai_intrapartum_sensors,AI Intrapartum sensors,direct_flags,231,0.5925843913000689,0.27301938785552604,0.3935390217498278,0.0,0.27301938785552604,0.1252534199389824,0.5559047693879154,0.3550326078415966,0.08906262277048795,0.02396909752977069,0.0,0.007538628087786635,0.020819801200669227,0.015825214053734868,0.23714703018500488,0.0,0.2996870109546166,0.1953099755343212,0.0,0.035193386477708886,0.09190532427910639,0.022527310304103928,0.05147623265426631,0.017803365810451728,0.01913197519929141,0.03067119378013975,201.7517960830627,60.75912301892317,12.828461765574254
diagnosis_base,Baseline,base,232,0.5085965948233442,0.23930223403208345,0.366607617360496,0.0,0.23930223403208345,0.13184233835252435,0.5582428246183705,0.3531146194901653,0.08864255589146419,0.014260407440212577,0.0,0.006131286290719417,0.02159728373191615,0.009305186497391989,0.21548070488512158,0.0,0.25237998784687055,0.17639257294429708,0.0,0.0543253616770003,0.1073664009447889,0.02230587540596398,0.06062887511071745,0.017862415116622378,0.01924023226060427,0.03577895876390119,272.11888593642357,97.80534351145039,17.857494341108158
pocus,POCUS,direct_flags,232,0.5085965948233442,0.18993209329790375,0.3217990355279992,0.0,0.18993209329790375,0.13656628284617656,0.5597953374409974,0.3490073145245559,0.09119734803444672,0.014260407440212577,0.0,0.006367483515402028,0.023285109733293965,0.006943214250565889,0.21548070488512158,0.0,0.2640816326530612,0.18688783570300158,0.0,0.05621493947446118,0.10961519535478792,0.02226158842633599,0.05751894498572975,0.017655742545025097,0.019068005117606535,0.036069284519240234,268.1822655250468,96.12173247203917,17.380179116228717
intrapartum_sensors,Intrapartum sensors,direct_flags,232,0.5085965948233442,0.23930223403208345,0.3593789981301053,0.0,0.23930223403208345,0.124510382836335,0.5577994704185274,0.35272497332332137,0.0894755562581512,0.014260407440212577,0.0,0.006126365515205196,0.020337565200275562,0.009541383722074599,0.21548070488512158,0.0,0.2521774356896901,0.1719074952167041,0.0,0.05176163763409113,0.10403995669717547,0.022315716956992422,0.06025489617163665,0.017862415116622378,0.01924023226060427,0.034514319456746385,260.3090247022931,78.72137404580153,17.76892038185218
ai_intrapartum_sensors,AI Intrapartum sensors,direct_flags,232,0.5085965948233442,0.23930223403208345,0.35564905029032573,0.0,0.23930223403208345,0.12070662336384214,0.5592743579290664,0.351528740317978,0.08919690175295557,0.014260407440212577,0.0,0.006121444739690975,0.019771676016140143,0.01284814486763114,0.21548070488512158,0.0,0.25197488353250963,0.1707825052067837,0.0,0.05031985040842437,0.10212577502214348,0.022315716956992422,0.059393760456647966,0.017862415116622378,0.01924023226060427,0.03391398484401142,257.84863694518253,74.74554707379134,17.695108749138864
diagnosis_base,Baseline,base,233,0.5377718728471607,0.25137289636846766,0.37538628087786635,0.0,0.25137289636846766,0.12663123708296428,0.5516437397994871,0.35828087355249866,0.0900753866480143,0.023408129121149493,0.0,0.00652002755634288,0.01771971262670997,0.009556146048617263,0.21719477673271848,0.0,0.25104206138688895,0.17898503901784382,0.0,0.040483220155496505,0.08627595709083752,0.022374766263163075,0.043219171341403406,0.0177738411573664,0.01936817242397402,0.0181478200964472,129.41639602401338,52.44566474880069,12.784174785946265
pocus,POCUS,direct_flags,233,0.5377718728471607,0.20055604763310697,0.3298887904733786,0.0,0.20055604763310697,0.1315716956992422,0.5507517390979131,0.3567207719350737,0.09252748896701324,0.023408129121149493,0.0,0.006638126168684185,0.018984351933864777,0.007189253026276941,0.21719477673271848,0.0,0.2545763351575769,0.18454915092083235,0.0,0.04289440015746482,0.08937112488928255,0.0224042909162484,0.04253026276941246,0.017557327034740677,0.018964668831807894,0.018133057769904537,137.78171439818914,46.613785039345196,12.833382541088476
intrapartum_sensors,Intrapartum sensors,direct_flags,233,0.5377718728471607,0.25137289636846766,0.3677935242594233,0.0,0.25137289636846766,0.11900403503592166,0.5510254713860404,0.35792259345021504,0.09105193516374463,0.023408129121149493,0.0,0.006515106780828658,0.016661745891152446,0.009792343273299873,0.21719477673271848,0.0,0.25085259568018187,0.1740426625546132,0.0,0.037702981989961616,0.0835596890069875,0.022384607814191517,0.04311583505560476,0.0177738411573664,0.01936817242397402,0.017636059442968213,124.49562050979235,44.73306699162412,12.76449168388938
ai_intrapartum_sensors,AI Intrapartum sensors,direct_flags,233,0.5377718728471607,0.25137289636846766,0.36098317094774135,0.0,0.25137289636846766,0.11211002854049798,0.5512443488566036,0.3575034016591318,0.09125224948426458,0.023408129121149493,0.0,0.006505265229800217,0.015800610176163764,0.01295148115342978,0.21719477673271848,0.0,0.2504736642667677,0.1706889219647034,0.0,0.03515894104910934,0.08100088573959256,0.022384607814191517,0.041984056687333925,0.0177738411573664,0.01936817242397402,0.017188268871174098,122.52731030410392,41.64802788875349,12.710363153232949
diagnosis_base,Baseline,base,234,0.6092658202932782,0.2827428402716268,0.4167552406259226,0.0,0.2827428402716268,0.1394744611750812,0.5601185436071127,0.35125599774202654,0.08862545865086086,0.02542564708198012,0.0,0.007671489026670603,0.022517468753075486,0.011834465111701603,0.19841026034866754,0.0,0.2984303215926493,0.20127556630745547,0.0,0.05237673457336876,0.0972640488140931,0.022360003936620413,0.05180592461371912,0.017847652790079716,0.01927467768920382,0.03324968014959158,215.52996752288158,90.64030904029177,14.043893317586852
pocus,POCUS,direct_flags,234,0.6092658202932782,0.2278319063084342,0.36670111209526624,0.0,0.2278319063084342,0.1442180887707903,0.561075474273236,0.35062099085573906,0.08830353487102498,0.02542564708198012,0.0,0.007637043598071056,0.022714299773644326,0.008699931109142802,0.19841026034866754,0.0,0.29760306807286674,0.20115042705246644,0.0,0.05460584588131089,0.09848440114161992,0.02226650920185021,0.04875012301938786,0.017759078830823737,0.019063084342092314,0.03251156382245842,205.6884164944395,94.32988930977051,13.566578092707411
intrapartum_sensors,Intrapartum sensors,direct_flags,234,0.6092658202932782,0.2827428402716268,0.40885247515008366,0.0,0.2827428402716268,0.13149788406652888,0.5609400142199603,0.3495490775736257,0.08951090820641396,0.02542564708198012,0.0,0.007686251353213267,0.02118393858872158,0.01276449168388938,0.19841026034866754,0.0,0.29900459418070446,0.19721471437079116,0.0,0.048922350162385594,0.09370632811731129,0.022369845487648855,0.05170258832792048,0.017847652790079716,0.01927467768920382,0.03190138765869501,200.2755634287964,68.33991554625173,14.014368664501527
ai_intrapartum_sensors,AI Intrapartum sensors,direct_flags,234,0.6092658202932782,0.2827428402716268,0.40420234228914476,0.0,0.2827428402716268,0.1267296525932487,0.5609225751339598,0.3490719888172711,0.09000543604876912,0.02542564708198012,0.0,0.007676409802184824,0.020347406751304007,0.014535970869008956,0.19841026034866754,0.0,0.2986217457886677,0.1948357913584319,0.0,0.046885149099498084,0.0911573664009448,0.022360003936620413,0.0505855722861923,0.017847652790079716,0.01927467768920382,0.03139946855624447,198.79933077453006,66.18181295005431,13.93563625627399
diagnosis_base,Baseline,base,235,0.5944099990158449,0.274643243775219,0.4005904930617065,0.0,0.274643243775219,0.128629071941738,0.5530986993114001,0.35788064269319053,0.08902065799540933,0.030307056392087393,0.0,0.007799429190040351,0.019811042220253913,0.011696683397303415,0.2676894993045897,0.0,0.2816275764036958,0.18649249583101724,0.0,0.04134927664599941,0.09039464619624053,0.023408129121149493,0.040812912114949314,0.017872256667650823,0.01927467768920382,0.018231473280188957,144.17872256667653,54.0157813674752,12.552898336777876
pocus,POCUS,direct_flags,235,0.5944099990158449,0.21789686054522192,0.3499606337958862,0.0,0.21789686054522192,0.13466686349768722,0.5570212299484781,0.35268754339167613,0.0902912266598458,0.030307056392087393,0.0,0.007755142210412361,0.019702785158941048,0.009054226946166716,0.2676894993045897,0.0,0.2819320214669052,0.18543905150055576,0.0,0.04401141619919299,0.09032575533904143,0.023098120263753567,0.03877079027654758,0.017877177443165044,0.019072925893120755,0.017965751402421022,134.33717153823443,52.40854708533608,12.67099694911918
intrapartum_sensors,Intrapartum sensors,direct_flags,235,0.5944099990158449,0.274643243775219,0.3922104123609881,0.0,0.274643243775219,0.12019978348587737,0.5536905882834569,0.3560813853522741,0.09022802636426905,0.030307056392087393,0.0,0.007799429190040351,0.01856608601515599,0.012346225765180593,0.2676894993045897,0.0,0.2816275764036958,0.1819453151371944,0.0,0.038450939868123216,0.0871863005609684,0.023417970672177935,0.040739100482236,0.017872256667650823,0.01927467768920382,0.017508119279598465,137.28963684676705,43.796579487142054,12.543056785749435
ai_intrapartum_sensors,AI Intrapartum sensors,direct_flags,235,0.5944099990158449,0.274643243775219,0.3891496899911426,0.0,0.274643243775219,0.11710461568743234,0.5530716866963611,0.3568787293049836,0.09004958399865536,0.030307056392087393,0.0,0.007789587639011908,0.01804940458616278,0.01530853262474166,0.2676894993045897,0.0,0.281272210376688,0.18005988905797457,0.0,0.0373240822753666,0.08564609782501723,0.023422891447692155,0.03970573762424958,0.017872256667650823,0.01927467768920382,0.0173063674835154,136.79755929534494,43.066636495689686,12.503690581635666
diagnosis_base,Baseline,base,236,0.5626414722960339,0.26050585572286195,0.3914575337073123,0.0,0.26050585572286195,0.1392185808483417,0.5718224232998728,0.343701399688958,0.08447617701116923,0.028673358921366007,0.0,0.00742052947544533,0.021853164058655644,0.011002854049798248,0.2541323215142396,0.0,0.2676131322094055,0.18804251175001058,0.0,0.040621001869894695,0.10097431355181577,0.025312469245153037,0.05132860938883968,0.01794606830036414,0.019412459403602006,0.05383328412557819,367.08985336088966,139.2443173265091,14.84105895089066
pocus,POCUS,direct_flags,236,0.5626414722960339,0.20659875996457042,0.3434012400354296,0.0,0.20659875996457042,0.14533510481251846,0.5742001015744033,0.338310479092602,0.08748941933299476,0.028673358921366007,0.0,0.007474658006101762,0.022148410589508907,0.008699931109142802,0.2541323215142396,0.0,0.27057356608478805,0.18665505515468192,0.0,0.04227930321818719,0.10270150575730735,0.02506150969392776,0.049650624938490304,0.017754158055309516,0.01899419348489322,0.05322310796181478,372.01062887511074,138.8546038015305,14.535970869008956
intrapartum_sensors,Intrapartum sensors,direct_flags,236,0.5626414722960339,0.26050585572286195,0.38401240035429585,0.0,0.26050585572286195,0.13153725027064264,0.571957652164154,0.34226179342336616,0.08578055441247989,0.028673358921366007,0.0,0.00742052947544533,0.020578683200472396,0.011322704458222616,0.2541323215142396,0.0,0.2676131322094055,0.1835418038183015,0.0,0.038052357051471315,0.09761834465111702,0.025312469245153037,0.051023521306957975,0.01794606830036414,0.019412459403602006,0.05162385591969294,342.9780533412066,102.36339003462291,14.79185119574845
ai_intrapartum_sensors,AI Intrapartum sensors,direct_flags,236,0.5626414722960339,0.26050585572286195,0.37877177443165044,0.0,0.26050585572286195,0.12615392185808483,0.5717517650271092,0.34251277450559736,0.08573546046729337,0.028673358921366007,0.0,0.0074106879244168885,0.019688022832398386,0.014777088869205786,0.2541323215142396,0.0,0.26725820763087843,0.18113087962334193,0.0,0.03622674933569531,0.09490699734278123,0.025312469245153037,0.04984745595905915,0.01794606830036414,0.019412459403602006,0.0505855722861923,336.0889676212971,91.82598223694114,14.713118787520914
diagnosis_base,Baseline,base,237,0.566450152544041,0.26234130498966635,0.39700324771183937,0.0,0.26234130498966635,0.14018305284912902,0.5620261162594776,0.35158663296826737,0.08638725077225498,0.03908571990945773,0.0,0.008394843027261097,0.024052750713512448,0.013044975888199981,0.2767017348289556,0.0,0.29987695552821236,0.20406629649730723,0.0,0.05216514122625726,0.10354295837023915,0.024161007774825313,0.05351835449266804,0.017965751402421022,0.019461667158744218,0.035129416396024016,225.8635961027458,72.72509165610778,13.448479480366105
pocus,POCUS,direct_flags,237,0.566450152544041,0.20777482531246924,0.34875012301938785,0.0,0.20777482531246924,0.14680641669127054,0.564691291814708,0.34604813300261444,0.08926057518267748,0.03908571990945773,0.0,0.008419446904832201,0.024229898632024408,0.010008857395925597,0.2767017348289556,0.0,0.30160408954697693,0.20267544762296769,0.0,0.05624938490306072,0.10486664698356461,0.023811632713315618,0.05094970967424466,0.017729554177738412,0.019250073811632712,0.03562149394744612,229.30813896270053,75.32435589989547,13.305776990453694
intrapartum_sensors,Intrapartum sensors,direct_flags,237,0.566450152544041,0.26234130498966635,0.39065052652298005,0.0,0.26234130498966635,0.13376144080307056,0.562520693080234,0.3501453114078652,0.08733399551190082,0.03908571990945773,0.0,0.008399763802775318,0.022891447692156282,0.014117704950300167,0.2767017348289556,0.0,0.30005273334505184,0.20005160402511396,0.0,0.04984253518354493,0.10068398779647672,0.024165928550339534,0.05311977167601614,0.017965751402421022,0.019461667158744218,0.034037004231866945,217.00620017714792,59.229713823015615,13.443558704851885
ai_intrapartum_sensors,AI Intrapartum sensors,direct_flags,237,0.566450152544041,0.26234130498966635,0.38373191614998525,0.0,0.26234130498966635,0.12674441491979135,0.5626043405676127,0.3502737120006212,0.08712194743176613,0.03908571990945773,0.0,0.008375159925204212,0.021813797854541874,0.015475838992225174,0.2767017348289556,0.0,0.2991738442608543,0.19734674798557628,0.0,0.047283731916149985,0.09753469146737526,0.024161007774825313,0.05241118000196831,0.017965751402421022,0.019461667158744218,0.03335793721090444,213.0695797657711,53.2317681194191,13.414034051766558
diagnosis_base,Baseline,base,238,0.5458271823639406,0.2535478791457534,0.3818521799035528,0.0,0.2535478791457534,0.13430272610963487,0.5649067526471989,0.3476349247059686,0.08745832264683252,0.02311780336581045,0.0,0.006185414821375849,0.018074008463733884,0.009526621395531936,0.2358196968175886,0.0,0.24407766990291263,0.16731960641399418,0.0,0.037363448479480366,0.09730833579372108,0.023304792835350852,0.04146737525834072,0.017493356953055803,0.019530558015943313,0.04079322901289243,269.16642062789094,75.8074643551771,13.950398582816652
pocus,POCUS,direct_flags,238,0.5458271823639406,0.20039366204113768,0.33330872945576223,0.0,0.20039366204113768,0.13915461076665683,0.5648714593868241,0.3457689451536476,0.08935959545952828,0.02311780336581045,0.0,0.006313354984745596,0.0184283043007578,0.007317193189646689,0.2358196968175886,0.0,0.24373100303951367,0.1690897597977244,0.0,0.040704655053636456,0.09842535183544927,0.023664009447888986,0.039592559787422495,0.017650821769510876,0.018974510382836336,0.04094085227831906,279.00797165633304,85.5478989749949,13.601023521306958
intrapartum_sensors,Intrapartum sensors,direct_flags,238,0.5458271823639406,0.2535478791457534,0.3754502509595512,0.0,0.2535478791457534,0.12779746087983465,0.5640907165684802,0.34757999306919257,0.08832929036232721,0.02311780336581045,0.0,0.006180494045861628,0.017124298789489224,0.009762818620214546,0.2358196968175886,0.0,0.24388349514563107,0.1636491888079003,0.0,0.035882295049699836,0.09436079126070268,0.023309713610865073,0.04134927664599941,0.017493356953055803,0.019530558015943313,0.03969097529770692,256.86448184233836,56.66416527558693,13.915953154217105
ai_intrapartum_sensors,AI Intrapartum sensors,direct_flags,238,0.5458271823639406,0.2535478791457534,0.37101663222123804,0.0,0.2535478791457534,0.12325066430469442,0.5635804687188086,0.3479857867209646,0.08843374456022678,0.02311780336581045,0.0,0.006185414821375849,0.016573171931896467,0.013104025194370632,0.2358196968175886,0.0,0.24407766990291263,0.16225851519969167,0.0,0.03473083357937211,0.09237279795295739,0.023319555161893515,0.040212577502214346,0.017493356953055803,0.019530558015943313,0.038997145950201755,255.38824918807205,54.36696938603611,13.871666174589116
diagnosis_base,Baseline,base,239,0.5742791063871666,0.26778368270839487,0.39828264934553687,0.0,0.26778368270839487,0.13437161696683397,0.556780312740323,0.3557695828908339,0.08745010436884315,0.018344651117016043,0.0,0.006234622576518059,0.01951087491388643,0.008581832496801495,0.22907705542583262,0.0,0.2551863041289023,0.17055964210435756,0.0,0.04934061608109438,0.1010973329396713,0.022143489813994686,0.05346422596201161,0.017734474953252633,0.01937801397500246,0.027389036512154314,204.7042613915953,75.89003385290725,15.751402421021552
pocus,POCUS,direct_flags,239,0.5742791063871666,0.21499852376734574,0.350423186694223,0.0,0.21499852376734574,0.1393120755831119,0.558793401857935,0.35212461587368865,0.08908198226837626,0.018344651117016043,0.0,0.0060476331069776595,0.019584686546599745,0.006775907883082374,0.22907705542583262,0.0,0.24833299656496263,0.1690451919809718,0.0,0.0508414526129318,0.10292786143096153,0.022045074303710263,0.05094478889873044,0.017832890463537053,0.019210707607518945,0.02711839385887216,188.46570219466588,70.8825255520072,15.21503788997146
intrapartum_sensors,Intrapartum sensors,direct_flags,239,0.5742791063871666,0.26778368270839487,0.3905521110126956,0.0,0.26778368270839487,0.12656234622576518,0.5576205287713841,0.35419906687402797,0.08818040435458786,0.018344651117016043,0.0,0.006244464127546501,0.018344651117016043,0.008439130006889086,0.22907705542583262,0.0,0.2555891238670695,0.1663246185419827,0.0,0.04679165436472788,0.09773644326345832,0.022138569038480466,0.053405176655840964,0.017734474953252633,0.01937801397500246,0.026459009939966537,194.37063281173113,60.26561511848518,15.751402421021552
ai_intrapartum_sensors,AI Intrapartum sensors,direct_flags,239,0.5742791063871666,0.26778368270839487,0.38659580749926187,0.0,0.26778368270839487,0.1225469934061608,0.5570591069707678,0.35480244137487954,0.08813845165435272,0.018344651117016043,0.0,0.006229701801003839,0.01771479185119575,0.01308434209231375,0.22907705542583262,0.0,0.25498489425981874,0.16391949731354158,0.0,0.045310500934947345,0.0959305186497392,0.022138569038480466,0.05192402322606043,0.017734474953252633,0.01937801397500246,0.026055506347800413,190.9260899517764,55.057475540344484,15.63330380868025
diagnosis_base,Baseline,base,240,0.6157464816455074,0.28382541088475544,0.4196535774037988,0.0,0.28382541088475544,0.13975002460387756,0.5557042253521127,0.35492957746478876,0.08936619718309859,0.02641472296033855,0.0,0.008680248007085917,0.025218974510382835,0.01308926286782797,0.22684246112238,0.0,0.35,0.22710151991846503,0.0,0.04328314142308828,0.09571400452711347,0.02135616573171932,0.057297510087589806,0.017704950300167305,0.01928451924023226,0.02523865761243972,169.2746776892038,77.27311754099769,13.812616868418463
pocus,POCUS,direct_flags,240,0.6157464816455074,0.22857002263556736,0.3695600826690286,0.0,0.22857002263556736,0.14468556244464129,0.5541951501547461,0.3575485494677414,0.0882563003775125,0.02641472296033855,0.0,0.008631040251943707,0.02518944985729751,0.009792343273299873,0.22684246112238,0.0,0.34405649274225186,0.22684569706638305,0.0,0.04547288652691664,0.09599448873142408,0.021705540793229013,0.054364727881114065,0.017837811239051274,0.01924023226060427,0.024840074795787818,164.84597972640486,76.94675284702986,13.423875602795
intrapartum_sensors,Intrapartum sensors,direct_flags,240,0.6157464816455074,0.28382541088475544,0.4120509792343273,0.0,0.28382541088475544,0.13207853557720697,0.5557170001117693,0.35434596326515405,0.08993703662307663,0.02641472296033855,0.0,0.008660564905029033,0.023885444346028933,0.013783092215333137,0.22684246112238,0.0,0.3492063492063492,0.22305960204034742,0.0,0.04033067611455565,0.09261883672866844,0.02135616573171932,0.05709575829150674,0.017704950300167305,0.01928451924023226,0.02433323491782305,161.40143686645015,65.82524827566469,13.773250664304694
ai_intrapartum_sensors,AI Intrapartum sensors,direct_flags,240,0.6157464816455074,0.28382541088475544,0.4084243676803464,0.0,0.28382541088475544,0.12835842928845587,0.5552999808318957,0.3546099290780142,0.09009009009009009,0.02641472296033855,0.0,0.00865564412951481,0.023098120263753567,0.01685857691172129,0.22684246112238,0.0,0.3490079365079365,0.22002437423830506,0.0,0.0387511071744907,0.0909260899517764,0.0213512449562051,0.055919692943607914,0.017704950300167305,0.01928451924023226,0.023919889774628483,158.44897155791753,61.532297301164824,13.70928058261982
diagnosis_base,Baseline,base,241,0.5398189154610766,0.25033953351048127,0.37563724042909163,0.0,0.25033953351048127,0.12996260210609192,0.5597667638483965,0.35276967930029157,0.08746355685131195,0.028579864186595808,0.0,0.006027950004920775,0.015628383033166028,0.008936128333825412,0.2960546436945662,0.0,0.22845953002610966,0.1619664439798052,0.0,0.04149197913591182,0.08810156480661352,0.024254502509595512,0.04092116917626218,0.017660663320539317,0.019451825607715776,0.03254600925105797,243.08631040251944,93.92562937870505,12.567660663320538
pocus,POCUS,direct_flags,241,0.5398189154610766,0.1982924908965653,0.32887511071744907,0.0,0.1982924908965653,0.13550831611061903,0.5604255937250345,0.3505338078291815,0.089040598445784,0.028579864186595808,0.0,0.0061657317193189645,0.01621395531935833,0.007376242495817341,0.2960546436945662,0.0,0.23199407517126458,0.16431456639904254,0.0,0.04438539513827379,0.09005019191024506,0.024328314142308828,0.039804153134534004,0.01739494144277138,0.01890561952563724,0.03340714496604665,256.3724042909163,96.9825037255474,12.518452908178329
intrapartum_sensors,Intrapartum sensors,direct_flags,241,0.5398189154610766,0.25033953351048127,0.368521799035528,0.0,0.25033953351048127,0.12274874520224387,0.5592303066746843,0.3524554018841451,0.08831429144117058,0.028579864186595808,0.0,0.006032870780434996,0.014673752583407145,0.008911524456254306,0.2960546436945662,0.0,0.22864602760164118,0.1581375616481943,0.0,0.0392431847259128,0.08487353606928452,0.024259423285109733,0.04085227831906309,0.017660663320539317,0.019451825607715776,0.03134534002558803,229.8002165141226,73.13880976210639,12.567660663320538
ai_intrapartum_sensors,AI Intrapartum sensors,direct_flags,241,0.5398189154610766,0.25033953351048127,0.3649443952366893,0.0,0.25033953351048127,0.11909752977069187,0.5582365822418709,0.3534272610833368,0.08833615667479239,0.028579864186595808,0.0,0.006027950004920775,0.01436374372601122,0.013271331561854149,0.2960546436945662,0.0,0.22845953002610966,0.15744336569579287,0.0,0.03799330774530066,0.08356460978250173,0.024259423285109733,0.03942525341993898,0.017660663320539317,0.019451825607715776,0.030804054719023716,226.84775120559,68.51951651397336,12.488928255093002
diagnosis_base,Baseline,base,242,0.5731030410392678,0.2650132860938884,0.39716071252829444,0.0,0.2650132860938884,0.13633500639700816,0.554356457085108,0.35880314733270774,0.08684039558218437,0.024776104714102944,0.0,0.007966735557523866,0.02405767148902667,0.010904438539513827,0.24153314784610957,0.0,0.2741744284504657,0.1882556796303427,0.0,0.03270347406751304,0.1091920086605649,0.025543745694321426,0.054625528983367776,0.01744414919791359,0.019200866056490504,0.027950004920775515,190.4340124003543,55.89090096132349,18.05924613719122
pocus,POCUS,direct_flags,242,0.5731030410392678,0.2104123609880917,0.3478496211002854,0.0,0.2104123609880917,0.14175278023816554,0.5597597806088798,0.35303919186308885,0.08720102752803138,0.024776104714102944,0.0,0.007971656333038087,0.024648164550733195,0.008001180986123412,0.24153314784610957,0.0,0.27448322602507624,0.1876873501199041,0.0,0.03434209231374865,0.11194764294852869,0.025553587245349868,0.05206672571597284,0.017616376340911327,0.018890857199094578,0.028284617655742545,193.878555260309,58.812297116669846,17.5622478102549
intrapartum_sensors,Intrapartum sensors,direct_flags,242,0.5731030410392678,0.2650132860938884,0.38988780631827574,0.0,0.2650132860938884,0.12898828855427616,0.5551825430130088,0.35760882005111966,0.08720863693587151,0.024776104714102944,0.0,0.007951973230981202,0.022660171242987893,0.011332546009251057,0.24153314784610957,0.0,0.2736663844199831,0.18385435381482812,0.0,0.030951677984450348,0.10562936718826887,0.025548666469835647,0.054231866942230096,0.01744414919791359,0.019200866056490504,0.027138076960929042,186.00531443755537,49.183992845964674,17.990355279992126
ai_intrapartum_sensors,AI Intrapartum sensors,direct_flags,242,0.5731030410392678,0.2650132860938884,0.38598071055998423,0.0,0.2650132860938884,0.12500738116327134,0.5545977011494253,0.35762084711069125,0.08778145173988348,0.024776104714102944,0.0,0.00793721090443854,0.021941738017911622,0.013930715480759769,0.24153314784610957,0.0,0.27315834038950043,0.18169593741086346,0.0,0.02981497884066529,0.10371026473772267,0.025553587245349868,0.053188662533215234,0.01744414919791359,0.019200866056490504,0.026778860348390908,183.05284912902275,44.7127207690588,17.882098218679264
diagnosis_base,Baseline,base,243,0.5272266509201851,0.24640291309910442,0.3734524161007775,0.0,0.24640291309910442,0.1318521799035528,0.5616719537227095,0.35099832058219815,0.08732972569509237,0.019574844995571303,0.0,0.007051471311878752,0.01918610372994784,0.009969491191811829,0.20736030025020852,0.0,0.25434859779907704,0.17590002706848326,0.0,0.03938588721582521,0.09627497293573467,0.024884361775415805,0.045999409506938295,0.017473673850998916,0.01941738017911623,0.034292884558606435,254.40409408522785,116.19745769320751,12.838303316602696
pocus,POCUS,direct_flags,243,0.5272266509201851,0.19596988485385297,0.3284765279007972,0.0,0.19596988485385297,0.13744710166322213,0.5624015466132035,0.3487755978805671,0.08882285550622941,0.019574844995571303,0.0,0.006480661352229112,0.02070662336384214,0.0075730735163861826,0.20736030025020852,0.0,0.23459209120057,0.18487764157989545,0.0,0.04189548272807794,0.0986910737132172,0.024766263163074502,0.044970967424466095,0.017473673850998916,0.019068005117606535,0.034907981497884065,269.16642062789094,113.39317085635801,12.508611357149887
intrapartum_sensors,Intrapartum sensors,direct_flags,243,0.5272266509201851,0.24640291309910442,0.3665731719318965,0.0,0.24640291309910442,0.12486467867335892,0.5620098522167488,0.35042364532019704,0.08756650246305418,0.019574844995571303,0.0,0.007031788209821868,0.018083850014762325,0.010525538824918808,0.20736030025020852,0.0,0.2536386226482073,0.1713606266902919,0.0,0.03687137092805826,0.09328314142308827,0.024894203326444247,0.045669717547485486,0.017473673850998916,0.01941738017911623,0.032732998720598365,241.11800019683102,95.1415425407471,12.823540990060033
ai_intrapartum_sensors,AI Intrapartum sensors,direct_flags,243,0.5272266509201851,0.24640291309910442,0.35632319653577404,0.0,0.24640291309910442,0.11443755535872453,0.5649724802201582,0.34855521155830754,0.08647230822153423,0.019574844995571303,0.0,0.007026867434307647,0.016519043401240035,0.012626709969491192,0.20736030025020852,0.0,0.2534611288604899,0.1659252669039146,0.0,0.03293967129219565,0.08845586064363743,0.024899124101958468,0.04507430371026474,0.017473673850998916,0.01941738017911623,0.03146835941344356,231.27644916838895,79.54456835373938,12.769412459403602
diagnosis_base,Baseline,base,244,0.5859856313354985,0.2707853557720697,0.4053685660860152,0.0,0.2707853557720697,0.14158547387068202,0.565947242206235,0.3479998609807806,0.08605289681298439,0.02396417675425647,0.0,0.006938293475051668,0.022010628875110717,0.010742052947544533,0.21634828964904487,0.0,0.2818872451019592,0.19769291964996022,0.0,0.06532821572679855,0.09483810648558212,0.0216563330380868,0.051240035429583705,0.017271922054915855,0.019304202342289144,0.04219565003444543,306.5643145359708,111.8864646821541,13.246727684283043
pocus,POCUS,direct_flags,244,0.5859856313354985,0.2162779254010432,0.35541285306564313,0.0,0.2162779254010432,0.14647672473181775,0.5663318439883092,0.34578560150502236,0.08788255450666846,0.02396417675425647,0.0,0.007223698454876489,0.022433815569333725,0.008050388741265624,0.21634828964904487,0.0,0.2926051425154475,0.1961366374118052,0.0,0.06964865662828462,0.09766755240625923,0.021759669323885445,0.04814978840665289,0.01724731817734475,0.01909260899517764,0.04275169766755241,298.6910737132172,127.41158465331233,12.739887806318276
intrapartum_sensors,Intrapartum sensors,direct_flags,244,0.5859856313354985,0.2707853557720697,0.39823344159039464,0.0,0.2707853557720697,0.13428304300757798,0.567005020337865,0.34629337828429035,0.08670160137784455,0.02396417675425647,0.0,0.006933372699537447,0.020952662139553192,0.010978250172227142,0.21634828964904487,0.0,0.281687325069972,0.1946158416746652,0.0,0.06233638421415215,0.0920480267690188,0.0216563330380868,0.050959551225273104,0.017271922054915855,0.019304202342289144,0.04066528884952268,287.8653675819309,83.91484851161559,13.236886133254602
ai_intrapartum_sensors,AI Intrapartum sensors,direct_flags,244,0.5859856313354985,0.2707853557720697,0.39435094970967427,0.0,0.2707853557720697,0.13031197716760162,0.5666868061324674,0.3466883165924024,0.08662487727513028,0.02396417675425647,0.0,0.006908768821966342,0.020303119771676016,0.014688514909949808,0.21634828964904487,0.0,0.28068772491003596,0.1920856610800745,0.0,0.06053538037594725,0.0903897254207263,0.021661253813601025,0.049675228816061415,0.017271922054915855,0.019304202342289144,0.040064954236787714,286.3891349276646,81.7065630244678,13.192599153626611
diagnosis_base,Baseline,base,245,0.532368861332546,0.24961125873437653,0.37105599842535186,0.0,0.24961125873437653,0.12324082275366598,0.5511279696546216,0.3595128768217209,0.08935915352365742,0.02273890365121543,0.0,0.007445133353016435,0.018708788505068397,0.009777580946757208,0.20446902654867258,0.0,0.26135774745206425,0.18262164369085931,0.0,0.035390217498277726,0.09057179411475248,0.025514221041236098,0.03983367778761933,0.01770987107568153,0.019456746383229997,0.012277334907981498,98.90758783584292,35.672464734666654,12.415116622379687
pocus,POCUS,direct_flags,245,0.532368861332546,0.19992618836728668,0.3254502509595512,0.0,0.19992618836728668,0.12698553291998818,0.5514609005657599,0.3570487483530962,0.09149035108114392,0.02273890365121543,0.0,0.007272906210018699,0.019875012301938784,0.007450054128530657,0.20446902654867258,0.0,0.25830129325410695,0.18963331611812762,0.0,0.03721090443853951,0.09248105501427024,0.02519929140832595,0.03908079913394351,0.01747859462651314,0.019205786832004725,0.01275957090837516,116.13030213561657,39.697662601626014,12.011613030213562
intrapartum_sensors,Intrapartum sensors,direct_flags,245,0.532368861332546,0.24961125873437653,0.362356067316209,0.0,0.24961125873437653,0.11449168388938097,0.5502213435337603,0.3594361112304981,0.0903425452357416,0.02273890365121543,0.0,0.0074352918019879935,0.017271922054915855,0.010003936620411377,0.20446902654867258,0.0,0.2610122646398342,0.17702239257615493,0.0,0.03238362365908867,0.086576124397205,0.02552406259226454,0.03963192599153627,0.01770987107568153,0.019456746383229997,0.011878752091329594,94.9709674244661,29.46855782428985,12.395433520322802
ai_intrapartum_sensors,AI Intrapartum sensors,direct_flags,245,0.532368861332546,0.24961125873437653,0.36022537151855133,0.0,0.24961125873437653,0.11233638421415215,0.5510972885365106,0.3591922554645407,0.08971045599894871,0.02273890365121543,0.0,0.007425450250959551,0.017016041728176362,0.013217203031197717,0.20446902654867258,0.0,0.26066678182760405,0.1765186319550791,0.0,0.031650428107469736,0.08556244464127546,0.02552406259226454,0.03874618639897648,0.01770987107568153,0.019456746383229997,0.011667158744218089,94.478889873044,28.693069460492747,12.356067316209035
diagnosis_base,Baseline,base,246,0.5647967719712627,0.2593101072729062,0.3854443460289342,0.0,0.2593101072729062,0.12943607912607027,0.5558850364963503,0.35648570559610704,0.08762925790754258,0.029485286881212477,0.0,0.007007184332250763,0.020967424466095858,0.012036216907784668,0.26239271325976526,0.0,0.2864614765640716,0.1981031196243433,0.0,0.044690483220155494,0.09245153036118492,0.02145950201751796,0.042928845586064364,0.017188268871174098,0.019501033362857988,0.022192697569136895,168.2905225863596,57.869500518570845,15.313453400255879
pocus,POCUS,direct_flags,246,0.5647967719712627,0.20429091624840076,0.3354541875799626,0.0,0.20429091624840076,0.13437161696683397,0.5549126597575713,0.35368220602775846,0.09140513421467023,0.029485286881212477,0.0,0.0068989272709379,0.021297116425548667,0.009349473477019978,0.26239271325976526,0.0,0.2785061581247517,0.19748129220660704,0.0,0.04657514024210216,0.09425253419938982,0.02168093691565791,0.04155594921759669,0.017267001279401634,0.019387855526030902,0.022719220549158547,183.05284912902275,64.72342294445343,14.457238460781419
intrapartum_sensors,Intrapartum sensors,direct_flags,246,0.5647967719712627,0.2593101072729062,0.37756618443066625,0.0,0.2593101072729062,0.12150378899714595,0.5562935363680545,0.35541875911226306,0.08828770451968249,0.029485286881212477,0.0,0.007007184332250763,0.019697864383426827,0.012567660663320539,0.26239271325976526,0.0,0.2864614765640716,0.19409425911559347,0.0,0.04152642456451137,0.08891841354197422,0.021464422793032182,0.04289440015746482,0.017188268871174098,0.019501033362857988,0.02132172030311977,163.36974707213855,50.3539809707045,15.26916642062789
ai_intrapartum_sensors,AI Intrapartum sensors,direct_flags,246,0.5647967719712627,0.2593101072729062,0.3726650920185021,0.0,0.2593101072729062,0.11651412262572582,0.5558746515753019,0.35543542528929806,0.08868992313539995,0.029485286881212477,0.0,0.0069924220057081,0.01866942230095463,0.01526916642062789,0.26239271325976526,0.0,0.28585797626232146,0.18939696485623003,0.0,0.03974510382836335,0.08653675819309123,0.021469343568546403,0.04153626611553981,0.017188268871174098,0.019501033362857988,0.02084440507824033,160.90935931502804,46.59622119677133,15.160909359315028
diagnosis_base,Baseline,base,247,0.5554817439228422,0.25793721090443855,0.3877275858675327,0.0,0.25793721090443855,0.13366794606830038,0.5580179649536151,0.3542188190251804,0.08776321602120453,0.020401535281960436,0.0,0.007336876291703573,0.01999311091428009,0.011539218580848342,0.26537796837995264,0.0,0.26582278481012656,0.18753750288483728,0.0,0.04451825607715776,0.09150182068694027,0.02423481940753863,0.05669717547485484,0.017404782993799824,0.019525637240429092,0.026695207164649147,204.7042613915953,71.97624026426645,14.875504379490208
pocus,POCUS,direct_flags,247,0.5554817439228422,0.2058901682905226,0.33914476921562836,0.0,0.2058901682905226,0.13738805235705148,0.5619269340974212,0.34892550143266476,0.08914756446991404,0.020401535281960436,0.0,0.0071794114752484995,0.020258832792048025,0.009088672374766264,0.26537796837995264,0.0,0.25937777777777776,0.18717039461720314,0.0,0.04764294852868812,0.09275169766755241,0.024067513040055114,0.05382836335006397,0.01734573368762917,0.019259915362661157,0.027049503001673064,210.60919200866056,73.71655596250544,14.457238460781419
intrapartum_sensors,Intrapartum sensors,direct_flags,247,0.5554817439228422,0.25793721090443855,0.3806613522291113,0.0,0.25793721090443855,0.12653774234819407,0.5585067081469959,0.3531790783589345,0.08831421349406961,0.020401535281960436,0.0,0.007331955516189351,0.018974510382836336,0.011824623560673162,0.26537796837995264,0.0,0.26564449991085753,0.18435647351310003,0.0,0.04230390709575829,0.08866745399074895,0.02423481940753863,0.05649050290325755,0.017404782993799824,0.019525637240429092,0.025962011613030214,196.83102056884164,59.85392611449526,14.84105895089066
ai_intrapartum_sensors,AI Intrapartum sensors,direct_flags,247,0.5554817439228422,0.25793721090443855,0.3784420824721976,0.0,0.25793721090443855,0.1242495817340813,0.5577821782178218,0.3539405940594059,0.08827722772277227,0.020401535281960436,0.0,0.007312272414132467,0.018590689892727094,0.015485680543253617,0.26537796837995264,0.0,0.26493136031378145,0.18305150443335433,0.0,0.04163960240133845,0.08760948725519142,0.02423481940753863,0.055088081881704554,0.017404782993799824,0.019525637240429092,0.025652002755634288,194.8627103631532,56.82334757705246,14.767247318177345
diagnosis_base,Baseline,base,248,0.5353852967227635,0.2479677197126267,0.37581438834760356,0.0,0.2479677197126267,0.13282157267985434,0.5612774155305276,0.3505112625963248,0.0882113218731476,0.03809172325558508,0.0,0.008060230292294066,0.025120559000098415,0.012060820785355772,0.26553924259055983,0.0,0.3292462311557789,0.22490968367257028,0.0,0.054138372207459894,0.09368172423974018,0.021602204507430372,0.051013679755929534,0.017370337565200275,0.019446904832201555,0.03285601810845389,240.6259226454089,91.31218708164702,15.25932486959945
pocus,POCUS,direct_flags,248,0.5353852967227635,0.19615687432339338,0.3285946265131385,0.0,0.19615687432339338,0.1373437653774235,0.5618215040664971,0.3483572784923507,0.08982121744115223,0.03809172325558508,0.0,0.008020864088180297,0.025627398878063184,0.009585670701702588,0.26553924259055983,0.0,0.3321108394458028,0.22731439046746105,0.0,0.05651018600531444,0.09512843224092117,0.021090443853951382,0.04991142604074402,0.017493356953055803,0.019397697077059343,0.033156185414821376,241.6100777482531,84.03960961222856,14.880425155004428
intrapartum_sensors,Intrapartum sensors,direct_flags,248,0.5353852967227635,0.2479677197126267,0.3673457336876292,0.0,0.2479677197126267,0.12417084932585376,0.5609495125624158,0.35036062455417294,0.08868986288341127,0.03809172325558508,0.0,0.008050388741265624,0.02359511859068989,0.012365908867237476,0.26553924259055983,0.0,0.32884422110552763,0.22078460263376,0.0,0.050408424367680345,0.09000098415510284,0.021602204507430372,0.050821769510874915,0.017370337565200275,0.019446904832201555,0.031173112882590295,225.8635961027458,68.09722426427913,15.224879440999901
ai_intrapartum_sensors,AI Intrapartum sensors,direct_flags,248,0.5353852967227635,0.2479677197126267,0.36515598858380083,0.0,0.2479677197126267,0.12193189646688318,0.5629767141531136,0.3493684168045522,0.08765486904233423,0.03809172325558508,0.0,0.008040547190237182,0.023043991733097135,0.016514122625725814,0.26553924259055983,0.0,0.3284422110552764,0.21910822065222477,0.0,0.049463635468949906,0.0888199980316898,0.021602204507430372,0.04922251746875308,0.017370337565200275,0.019446904832201555,0.030681035331168192,223.40320834563528,64.22806379471783,15.146147032772365
diagnosis_base,Baseline,base,249,0.5317439228422399,0.24813502608011023,0.3729455762228127,0.0,0.24813502608011023,0.12859462651313847,0.5569203688822562,0.35372900164542914,0.0893506294723147,0.02632614900108257,0.0,0.006524948331857101,0.017399862218285603,0.009457730538332841,0.2613580850024426,0.0,0.23590108521615372,0.16377952755905512,0.0,0.035744513335301646,0.09344552701505757,0.025312469245153037,0.042800905422694616,0.017493356953055803,0.019407538628087785,0.025922645408916447,208.14880425155005,78.44294634813134,14.457238460781419
pocus,POCUS,direct_flags,249,0.5317439228422399,0.19868123216218875,0.3268871174097038,0.0,0.19868123216218875,0.1318521799035528,0.5589475648441874,0.3501026310878895,0.09094980406792312,0.02632614900108257,0.0,0.006392087392973133,0.01828068103533117,0.007582915067414624,0.2613580850024426,0.0,0.23296269727403157,0.16832042046123874,0.0,0.0371370928058262,0.09544828264934553,0.025164845979726406,0.04162976085031001,0.01743922842239937,0.01924515303611849,0.02604566479677197,200.76764098021846,73.9309818511364,13.871666174589116
intrapartum_sensors,Intrapartum sensors,direct_flags,249,0.5317439228422399,0.24813502608011023,0.36462454482826495,0.0,0.24813502608011023,0.12018010038382049,0.5572615976743234,0.3532735536174917,0.08946484870818491,0.02632614900108257,0.0,0.006524948331857101,0.01625824229898632,0.009757897844700325,0.2613580850024426,0.0,0.23590108521615372,0.15932873607561363,0.0,0.033008562149394745,0.0899911426040744,0.025317390020667258,0.04264836138175376,0.017493356953055803,0.019407538628087785,0.024785946265131385,197.32309812026378,61.35636397527106,14.403109930124987
ai_intrapartum_sensors,AI Intrapartum sensors,direct_flags,249,0.5317439228422399,0.24813502608011023,0.3612144473969098,0.0,0.24813502608011023,0.11666666666666667,0.5590282171327344,0.35269307014214013,0.08827871272512548,0.02632614900108257,0.0,0.006515106780828658,0.01584489715579175,0.012877669520716464,0.2613580850024426,0.0,0.23554527664116706,0.1579282946686939,0.0,0.031862021454581245,0.08857888003149296,0.025317390020667258,0.0416051569727389,0.017493356953055803,0.019407538628087785,0.024308631040251945,193.3864777088869,55.143061294230954,14.334219072925894
diagnosis_base,Baseline,base,250,0.5402224190532428,0.2522684775120559,0.378850506839878,0.0,0.2522684775120559,0.12997244365712035,0.5563926854200583,0.35425737326316586,0.08934994131677583,0.0221238067119378,0.0,0.006598759964570417,0.020657415608699933,0.01063379588623167,0.27419649935963897,0.0,0.2572415116056014,0.18628799644996671,0.0,0.03405176655840961,0.09759866154906013,0.02273398287570121,0.04739198897746285,0.017650821769510876,0.019638815077256174,0.023171931896466883,172.71922054915856,54.63513731887682,12.400354295837024
pocus,POCUS,direct_flags,250,0.5402224190532428,0.202337368369255,0.33154217104615685,0.0,0.202337368369255,0.13245251451628776,0.5603893450235911,0.3492588327079541,0.09035182226845488,0.0221238067119378,0.0,0.006505265229800217,0.021700620017714792,0.00836039759866155,0.27419649935963897,0.0,0.25408418220257545,0.19136472119765677,0.0,0.03610372994783978,0.0994390315913788,0.022719220549158547,0.045920677098710755,0.017257159728373193,0.019309123117803365,0.023427812223206376,170.75091034347014,55.90947389972517,12.19368172423974
intrapartum_sensors,Intrapartum sensors,direct_flags,250,0.5402224190532428,0.2522684775120559,0.37096250369058165,0.0,0.2522684775120559,0.12204999507922448,0.5571906624198686,0.3536265774301496,0.08918276014998186,0.0221238067119378,0.0,0.0066036807400846375,0.01927959846471804,0.010830626906800513,0.27419649935963897,0.0,0.25743333972760407,0.1816243278323753,0.0,0.032122822556834955,0.09373585277039662,0.02273398287570121,0.047145950201751795,0.017650821769510876,0.019638815077256174,0.022330479283535085,167.7984450349375,46.940047555654736,12.370829642751698
ai_intrapartum_sensors,AI Intrapartum sensors,direct_flags,250,0.5402224190532428,0.2522684775120559,0.36575140242102155,0.0,0.2522684775120559,0.11673063674835155,0.5581316921001602,0.3533007334963325,0.0885675744035073,0.0221238067119378,0.0,0.006588918413541974,0.01841846274972936,0.014900108257061314,0.27419649935963897,0.0,0.256857855361596,0.17879149749223788,0.0,0.03061706524948332,0.09114260407440213,0.02273398287570121,0.04616179509890759,0.017650821769510876,0.019638815077256174,0.021853164058655644,165.8301348292491,43.8620116503659,12.341304989666373
