scenario,intervention,level,run,anc,initial_l45,final_l45,free_referral,self_referral,emergency_transfer,delay_lt1h_given_transfer,delay_1_2h_given_transfer,delay_2plus_given_transfer,iv_iron,pph_bundle,mgso4,antibiotics,oxytocin,iv_iron_given_anemia_anc,pph_bundle_given_pph,mgso4_given_eclampsia,antibiotics_given_sepsis,oxytocin_given_ol,pph,maternal_sepsis,eclampsia,obstructed_labor,aph,uterine_rupture,severe_complication,maternal_deaths_per_100k,facility_maternal_deaths_per_100k,neonatal_deaths_per_1000
mentors_base,MENTORS,base,201,0.6303472976779749,0.6843031912753028,0.716608314217876,0.0,0.6843031912753028,0.040685741880961,0.35212660731948564,0.4708209693372898,0.17705242334322452,0.029709445048090467,0.0,0.0037325445691979557,0.015081089782285001,0.013189665580103828,0.2637784725323805,0.0,0.32919254658385094,0.1373213631366801,0.0,0.02997102499094531,0.10033602961889815,0.008954082659261942,0.05406656203468953,0.02171113525695199,0.0015996619582276954,0.03048412410962212,49.297758461105076,32.02630427124144,7.656243712020605
mentors_current,MENTORS,current,201,0.6303472976779749,0.6843031912753028,0.7165881926838102,0.0,0.6843031912753028,0.04008209585898829,0.35316265060240964,0.47163654618473894,0.17520080321285142,0.06748762525654955,0.013712825465813514,0.005452935731820194,0.04683287053804982,0.030956980160167413,0.5991960696739616,0.4806064880112835,0.49816176470588236,0.4517224648229015,0.0,0.021509919916294418,0.07561672501911545,0.007565696808724697,0.051571491810535636,0.02171113525695199,0.0015996619582276954,0.025473862127248583,47.285605054529356,29.89121731982535,7.5053322065274255
mentors_moderate,MENTORS,moderate,201,0.6303472976779749,0.6843031912753028,0.7164775242464485,0.0,0.6843031912753028,0.039750090546903295,0.35408757276638825,0.47000759301442674,0.175904834219185,0.08582840355748722,0.016610326371282548,0.006710531610930017,0.05697412370719144,0.039176626826029216,0.7620366234926307,0.596028880866426,0.6268796992481203,0.5642686329214827,0.0,0.019115457362469314,0.06679343233128093,0.006368465531812146,0.05044468590285323,0.02171113525695199,0.0015996619582276954,0.02342146565254135,46.2795283512415,28.823673844117298,7.47514990542879
mentors_high,MENTORS,high,201,0.6303472976779749,0.6843031912753028,0.7163467342750212,0.0,0.6843031912753028,0.039377842166686786,0.3530914665304037,0.470873786407767,0.17603474706182934,0.10534629160127168,0.019829771821803694,0.007917823654875448,0.06661233852468912,0.047285605054529355,0.935328271549799,0.7289201183431953,0.7648202137998056,0.6783116483966807,0.0,0.016710934041611333,0.05776892430278884,0.005141051953800958,0.049307819228137956,0.02171113525695199,0.0015996619582276954,0.021479737615195782,42.25522153809006,24.553499941285107,7.384603002132883
prompts_base,PROMPTS,base,201,0.6303472976779749,0.6843031912753028,0.716608314217876,0.0,0.6843031912753028,0.040685741880961,0.35212660731948564,0.4708209693372898,0.17705242334322452,0.029709445048090467,0.0,0.0037325445691979557,0.015081089782285001,0.013189665580103828,0.2637784725323805,0.0,0.32919254658385094,0.1373213631366801,0.0,0.02997102499094531,0.10033602961889815,0.008954082659261942,0.05406656203468953,0.02171113525695199,0.0015996619582276954,0.03048412410962212,49.297758461105076,32.02630427124144,7.656243712020605
prompts_current,PROMPTS,current,201,0.6323695118515835,0.6864159523522073,0.7184091915167612,0.0,0.6864159523522073,0.04042416193810616,0.350920856147337,0.4718765555002489,0.17720258835241415,0.02981005271841925,0.0,0.0037325445691979557,0.015050907481186366,0.013209787114169584,0.2638938368364802,0.0,0.32919254658385094,0.1372854914196568,0.0,0.029940842689846675,0.1001247535112077,0.008954082659261942,0.05406656203468953,0.02171113525695199,0.0015996619582276954,0.030494184876654996,49.297758461105076,32.01263431967816,7.636122177954848
prompts_moderate,PROMPTS,moderate,201,0.6859028532335305,0.7245563201738501,0.7523340979516279,0.0,0.7245563201738501,0.03517244154694354,0.3524027459954233,0.47053775743707094,0.17705949656750572,0.03259688518652662,0.0,0.0038331522395267416,0.015071029015252122,0.013370759386695642,0.26557377049180325,0.0,0.3473108477666363,0.13971274016041782,0.0,0.02961889814479456,0.09832387621232243,0.00875286731860437,0.054640025755563607,0.021670892188820477,0.0016097227252605739,0.03033321260412894,48.291681757817216,30.730104906220195,7.143144593343797
prompts_high,PROMPTS,high,201,0.8377600708277999,0.7663889894965592,0.7663889894965592,0.0,0.7663889894965592,0.0,,,,0.03985069821723208,0.0,0.003672179967000684,0.013763129300977906,0.014115256147128658,0.2664469258711153,0.0,0.3492822966507177,0.14285714285714285,0.0,0.025443679826149947,0.08785061773109581,0.008078795927401504,0.058463117228057464,0.021489798382228663,0.0015694796571290594,0.029135981327216388,34.206607911787195,27.072053311120367,6.308100929614874
prompts_high_shift,PROMPTS,high_shift,201,0.8846231236669484,0.8470662803332126,0.8525292768320657,0.0,0.8470662803332126,0.00882329268783452,0.27936145952109465,0.5210946408209807,0.19954389965792474,0.04209424926556401,0.0,0.003581633063704777,0.015503641997665902,0.01373294699987927,0.2670581476989851,0.0,0.35707121364092276,0.1569725985535296,0.0,0.026178115819550082,0.08883657290031792,0.0078071552175137835,0.05633023461708721,0.02186204676244517,0.0017103303955893598,0.027777777777777776,25.151917582196464,16.571381224625075,5.9358525493983665
blood_base,Blood tracking,base,201,0.6303472976779749,0.6843031912753028,0.716608314217876,0.0,0.6843031912753028,0.040685741880961,0.35212660731948564,0.4708209693372898,0.17705242334322452,0.029709445048090467,0.0,0.0037325445691979557,0.015081089782285001,0.013189665580103828,0.2637784725323805,0.0,0.32919254658385094,0.1373213631366801,0.0,0.02997102499094531,0.10033602961889815,0.008954082659261942,0.05406656203468953,0.02171113525695199,0.0015996619582276954,0.03048412410962212,49.297758461105076,32.02630427124144,7.656243712020605
blood_current,Blood tracking,current,201,0.6303472976779749,0.6843031912753028,0.716608314217876,0.0,0.6843031912753028,0.040685741880961,0.35212660731948564,0.4708209693372898,0.17705242334322452,0.029709445048090467,0.0,0.0037325445691979557,0.015081089782285001,0.013189665580103828,0.2637784725323805,0.0,0.32919254658385094,0.1373213631366801,0.0,0.02997102499094531,0.10033602961889815,0.008954082659261942,0.05406656203468953,0.02171113525695199,0.0015996619582276954,0.03048412410962212,48.291681757817216,30.958760795533397,7.656243712020605
blood_moderate,Blood tracking,moderate,201,0.6303472976779749,0.6843031912753028,0.716608314217876,0.0,0.6843031912753028,0.040685741880961,0.35212660731948564,0.4708209693372898,0.17705242334322452,0.029709445048090467,0.0,0.0037325445691979557,0.015081089782285001,0.013189665580103828,0.2637784725323805,0.0,0.32919254658385094,0.1373213631366801,0.0,0.02997102499094531,0.10033602961889815,0.008954082659261942,0.05406656203468953,0.02171113525695199,0.0015996619582276954,0.03048412410962212,44.26737494466578,26.688586892701206,7.656243712020605
blood_high,Blood tracking,high,201,0.6303472976779749,0.6843031912753028,0.716608314217876,0.0,0.6843031912753028,0.040685741880961,0.35212660731948564,0.4708209693372898,0.17705242334322452,0.029709445048090467,0.0,0.0037325445691979557,0.015081089782285001,0.013189665580103828,0.2637784725323805,0.0,0.32919254658385094,0.1373213631366801,0.0,0.02997102499094531,0.10033602961889815,0.008954082659261942,0.05406656203468953,0.02171113525695199,0.0015996619582276954,0.03048412410962212,41.2491448348022,23.48595646557706,7.656243712020605
referral_base,Transfer & EMT,base,201,0.6303472976779749,0.6843031912753028,0.716608314217876,0.0,0.6843031912753028,0.040685741880961,0.35212660731948564,0.4708209693372898,0.17705242334322452,0.029709445048090467,0.0,0.0037325445691979557,0.015081089782285001,0.013189665580103828,0.2637784725323805,0.0,0.32919254658385094,0.1373213631366801,0.0,0.02997102499094531,0.10033602961889815,0.008954082659261942,0.05406656203468953,0.02171113525695199,0.0015996619582276954,0.03048412410962212,49.297758461105076,32.02630427124144,7.656243712020605
referral_current,Transfer & EMT,current,201,0.6303472976779749,0.6843031912753028,0.716608314217876,0.0,0.6843031912753028,0.040685741880961,0.35212660731948564,0.4708209693372898,0.17705242334322452,0.029709445048090467,0.0,0.0037325445691979557,0.015081089782285001,0.013189665580103828,0.2637784725323805,0.0,0.32919254658385094,0.1373213631366801,0.0,0.02997102499094531,0.10033602961889815,0.008954082659261942,0.05406656203468953,0.02171113525695199,0.0015996619582276954,0.03048412410962212,49.297758461105076,32.02630427124144,7.656243712020605
referral_moderate,Transfer & EMT,moderate,201,0.6303472976779749,0.6843031912753028,0.716608314217876,0.0,0.6843031912753028,0.040685741880961,0.45178041543026703,0.42754698318496537,0.12067260138476756,0.029709445048090467,0.0,0.0037325445691979557,0.015081089782285001,0.013189665580103828,0.2637784725323805,0.0,0.32919254658385094,0.1373213631366801,0.0,0.02997102499094531,0.10033602961889815,0.008954082659261942,0.05406656203468953,0.02171113525695199,0.0015996619582276954,0.03048412410962212,49.297758461105076,32.02630427124144,7.656243712020605
referral_high,Transfer & EMT,high,201,0.6303472976779749,0.6843031912753028,0.716608314217876,0.0,0.6843031912753028,0.040685741880961,0.5306627101879328,0.3951533135509397,0.07418397626112759,0.029709445048090467,0.0,0.0037325445691979557,0.015081089782285001,0.013189665580103828,0.2637784725323805,0.0,0.32919254658385094,0.1373213631366801,0.0,0.02997102499094531,0.10033602961889815,0.008954082659261942,0.05406656203468953,0.02171113525695199,0.0015996619582276954,0.03048412410962212,49.297758461105076,32.02630427124144,7.656243712020605
pulse_base,PULSE,base,201,0.6303472976779749,0.6843031912753028,0.716608314217876,0.0,0.6843031912753028,0.040685741880961,0.35212660731948564,0.4708209693372898,0.17705242334322452,0.029709445048090467,0.0,0.0037325445691979557,0.015081089782285001,0.013189665580103828,0.2637784725323805,0.0,0.32919254658385094,0.1373213631366801,0.0,0.02997102499094531,0.10033602961889815,0.008954082659261942,0.05406656203468953,0.02171113525695199,0.0015996619582276954,0.03048412410962212,49.297758461105076,32.02630427124144,7.656243712020605
pulse_current,PULSE,current,201,0.6303472976779749,0.6843031912753028,0.716608314217876,0.0,0.6843031912753028,0.04065555957986237,0.35238802276664194,0.4704281118535016,0.17718386537985648,0.029709445048090467,0.0,0.0037325445691979557,0.014940239043824702,0.013189665580103828,0.2637784725323805,0.0,0.32919254658385094,0.13699261992619927,0.0,0.02997102499094531,0.09962171515956376,0.008954082659261942,0.05406656203468953,0.02171113525695199,0.0015996619582276954,0.030343273371161817,49.297758461105076,32.02630427124144,7.656243712020605
pulse_moderate,PULSE,moderate,201,0.6303472976779749,0.6843031912753028,0.7165881926838102,0.0,0.6843031912753028,0.0402631896655801,0.3538230884557721,0.4707646176911544,0.17541229385307347,0.029709445048090467,0.0,0.0037325445691979557,0.013893919272405329,0.013189665580103828,0.2637784725323805,0.0,0.32919254658385094,0.13815526210484194,0.0,0.02997102499094531,0.09191516761237876,0.008954082659261942,0.05406656203468953,0.02171113525695199,0.0015996619582276954,0.02925671053161093,47.285605054529356,32.02630427124144,7.646182944987726
pulse_high,PULSE,high,201,0.6303472976779749,0.6843031912753028,0.7165781319167773,0.0,0.6843031912753028,0.039951305887560865,0.35381515990934276,0.47141777889700326,0.17476706119365398,0.029709445048090467,0.0,0.0037325445691979557,0.012827477966920199,0.013189665580103828,0.2637784725323805,0.0,0.32919254658385094,0.1391465677179963,0.0,0.02997102499094531,0.08421868083222665,0.008954082659261942,0.05406656203468953,0.02171113525695199,0.0015996619582276954,0.028109783089862773,47.285605054529356,32.02630427124144,7.626061410921968
fqa_base,FQA,base,201,0.6303472976779749,0.6843031912753028,0.716608314217876,0.0,0.6843031912753028,0.040112278160086924,0.3531477301228994,0.47153248056182595,0.17531978931527464,0.06446939514668598,0.01323996941526822,0.0051913557889653504,0.04469998792707956,0.029669201979958953,0.572398392139348,0.46272855133614627,0.47209515096065874,0.43228254524226506,0.0,0.0219425328987082,0.07661274095537043,0.007766912149382269,0.05179282868525897,0.02171113525695199,0.0015996619582276954,0.025685138234939033,48.291681757817216,30.958760795533397,7.515392973560305
fqa_current,FQA,current,201,0.6303472976779749,0.6843031912753028,0.716608314217876,0.0,0.6843031912753028,0.040112278160086924,0.3531477301228994,0.47153248056182595,0.17531978931527464,0.06446939514668598,0.01323996941526822,0.005211477323031108,0.044760352529276834,0.02967926274699183,0.572398392139348,0.46272855133614627,0.4739249771271729,0.43286631640396966,0.0,0.0219425328987082,0.07659261942130469,0.007766912149382269,0.05179282868525897,0.02171113525695199,0.0015996619582276954,0.025685138234939033,48.291681757817216,30.958760795533397,7.515392973560305
fqa_moderate,FQA,moderate,201,0.6303472976779749,0.6843031912753028,0.716598253450843,0.0,0.6843031912753028,0.04009215662602117,0.3533249686323714,0.4715181932245922,0.1751568381430364,0.06446939514668598,0.013561913960320335,0.005382510362590044,0.04630971065234014,0.030705460984345446,0.572398392139348,0.47464788732394364,0.48947849954254347,0.4483295996883218,0.0,0.02165077065475472,0.07564690732021409,0.007626061410921968,0.05163185641273291,0.02171113525695199,0.0015996619582276954,0.025473862127248583,48.291681757817216,30.958760795533397,7.5053322065274255
fqa_high,FQA,high,201,0.6303472976779749,0.6843031912753028,0.7165781319167773,0.0,0.6843031912753028,0.04004185279085677,0.35376884422110555,0.4708542713567839,0.17537688442211055,0.06446939514668598,0.01402470924383275,0.005573664936214737,0.04759748883254859,0.031570686949173005,0.572398392139348,0.4913641170250264,0.5068618481244281,0.4625085541108613,0.0,0.021318765342669726,0.07439937220813715,0.0075153929735603045,0.05149100567427261,0.02171113525695199,0.0015996619582276954,0.025232403718459494,48.291681757817216,30.958760795533397,7.5053322065274255
combined_base,All,base,201,0.6303472976779749,0.6843031912753028,0.716608314217876,0.0,0.6843031912753028,0.040685741880961,0.35212660731948564,0.4708209693372898,0.17705242334322452,0.029709445048090467,0.0,0.0037325445691979557,0.015081089782285001,0.013189665580103828,0.2637784725323805,0.0,0.32919254658385094,0.1373213631366801,0.0,0.02997102499094531,0.10033602961889815,0.008954082659261942,0.05406656203468953,0.02171113525695199,0.0015996619582276954,0.03048412410962212,49.297758461105076,32.02630427124144,7.656243712020605
combined_current,All,current,201,0.632500301823011,0.6864964384884703,0.7184695561189585,0.0,0.6864964384884703,0.03977021208096905,0.35340247912977485,0.47255249177839614,0.17404502909182898,0.06828242585214697,0.013843615437240935,0.005503239566984587,0.0468429313050827,0.031309107006318164,0.6044171342060736,0.48604733309784526,0.5027573529411765,0.4562469377756002,0.0,0.021409312245965633,0.07445973681033442,0.007505332206527425,0.051561431043502755,0.02171113525695199,0.0015996619582276954,0.025252525252525252,46.2795283512415,28.810448589355072,7.485210672461669
combined_moderate,All,moderate,201,0.7159241820596403,0.7453318040967444,0.7646987806350356,0.0,0.7453318040967444,0.020684937019598375,0.5228599221789884,0.3857003891050584,0.0914396887159533,0.1111614149462755,0.0186526620789569,0.007505332206527425,0.05833232725663005,0.048140770252324036,0.8685637921547048,0.7239359625146428,0.772256728778468,0.6872925557136084,0.0,0.015885951144915287,0.04997182985230794,0.004748682039518693,0.05059559740834641,0.02157028451849169,0.0015996619582276954,0.02072518008772989,31.188377801923615,19.0087968487639,6.670288542798503
combined_high,All,high,201,0.8488369753309992,0.7663889894965592,0.7663889894965592,0.0,0.7663889894965592,0.0,,,,0.1442412169503803,0.016549961769085277,0.00747514990542879,0.04676244516881967,0.052094651696245324,0.9517392458842273,0.744343891402715,0.8292410714285714,0.7250038995476524,0.0,0.013441184755925793,0.036641313533743815,0.004306008290072035,0.05295987766107288,0.021489798382228663,0.0015493581230633024,0.018813634351482957,23.13976417562075,15.59900166389351,6.086764054891545
mentors_base,MENTORS,base,202,0.6310716729043422,0.6844339812467303,0.7188820475673066,0.0,0.6844339812467303,0.04710451124793754,0.3428022212729603,0.4769329346433148,0.1802648440837249,0.02969938428105759,0.0,0.0033502354219485694,0.015614310435027567,0.012586019558131111,0.26420835943793075,0.0,0.3274336283185841,0.13645155618076316,0.0,0.03831140086120166,0.10216708921888205,0.008370558171354984,0.08891705903658095,0.02184192522837941,0.0015795404241619381,0.0447301702281782,64.38890901042295,42.69809246271923,8.742806551571492
mentors_current,MENTORS,current,202,0.6310716729043422,0.6844339812467303,0.7188719868002736,0.0,0.6844339812467303,0.046450561390800435,0.34459605804635046,0.4771496642841672,0.17825427766948235,0.06731659221699063,0.017133486256992233,0.004949897380176265,0.04818101332045555,0.029397561270071232,0.5988543810972881,0.47490239821528163,0.49898580121703856,0.4444960089103397,0.0,0.02698297718218037,0.07302104712463278,0.00733429916696849,0.08699545253330114,0.02184192522837941,0.0015795404241619381,0.03856292003702362,61.37067890055938,39.49573552801529,8.68244194937422
mentors_moderate,MENTORS,moderate,202,0.6310716729043422,0.6844339812467303,0.718761318362912,0.0,0.6844339812467303,0.046088373777616806,0.34490285963763373,0.47609692206941717,0.17900021829294913,0.08552658054650086,0.02080566622399292,0.006096824821924423,0.05873475793794519,0.03724495955571653,0.760852054058892,0.593741027849555,0.6273291925465838,0.5558411882319337,0.0,0.023803774799790737,0.06200450722363073,0.006328222463680631,0.08608998350034207,0.02184192522837941,0.0015795404241619381,0.03619863978429715,56.34029538412008,34.15847397017538,8.662320415308463
mentors_high,MENTORS,high,202,0.6310716729043422,0.6844339812467303,0.7186506499255503,0.0,0.6844339812467303,0.04577648999959757,0.34417582417582415,0.4767032967032967,0.17912087912087912,0.10507465089138396,0.02449796772505936,0.007455028371363033,0.06889613264115256,0.044871020966638496,0.9347534234314866,0.7204142011834319,0.7767295597484277,0.6700587084148728,0.0,0.020664815485532617,0.051772707151193205,0.00541269266368868,0.08519457523441587,0.02184192522837941,0.0015795404241619381,0.03396514950299811,51.30991186768079,28.82121241233548,8.601955813111191
prompts_base,PROMPTS,base,202,0.6310716729043422,0.6844339812467303,0.7188820475673066,0.0,0.6844339812467303,0.04710451124793754,0.3428022212729603,0.4769329346433148,0.1802648440837249,0.02969938428105759,0.0,0.0033502354219485694,0.015614310435027567,0.012586019558131111,0.26420835943793075,0.0,0.3274336283185841,0.13645155618076316,0.0,0.03831140086120166,0.10216708921888205,0.008370558171354984,0.08891705903658095,0.02184192522837941,0.0015795404241619381,0.0447301702281782,64.38890901042295,42.69809246271923,8.742806551571492
prompts_current,PROMPTS,current,202,0.6330737655438851,0.6864863777214375,0.7206225602639945,0.0,0.6864863777214375,0.046873113606181335,0.3414895900407813,0.47778493238892467,0.18072547757029406,0.029799991951386374,0.0,0.0033502354219485694,0.015574067366896052,0.01259608032516399,0.2643226842762806,0.0,0.3274336283185841,0.1363876651982379,0.0,0.03830134009416878,0.10193569157712584,0.008370558171354984,0.0889371805706467,0.02184192522837941,0.0015795404241619381,0.04472010946114532,64.38890901042295,42.681235194946545,8.732745784538613
prompts_moderate,PROMPTS,moderate,202,0.6864561954203389,0.7242947402309952,0.7539438206768884,0.0,0.7242947402309952,0.03915650529196346,0.34249743062692706,0.4773895169578623,0.1801130524152107,0.03255664211839511,0.0,0.0033703569560143264,0.015986558815244075,0.012777174131755805,0.26594345825115057,0.0,0.3383838383838384,0.14242179797436588,0.0,0.03794921324801803,0.10006438890901043,0.008159282063664534,0.0898828926717373,0.02179162139321502,0.0015996619582276954,0.0438850657974164,57.34637208740795,38.15297222251662,8.33031510322347
prompts_high,PROMPTS,high,202,0.8382832307135096,0.7663889894965592,0.7663889894965592,0.0,0.7663889894965592,0.0,,,,0.039800394382067686,0.0,0.0032496277516197835,0.014527747595476679,0.013622278562517607,0.26657681940700806,0.0,0.33716075156576203,0.14458796435365975,0.0,0.03349229345245282,0.08948046199042214,0.007686426013119241,0.09566783371564248,0.021449555314097146,0.001509115054931788,0.04289911062819429,38.23091472493863,31.25227881199671,7.434906837297276
prompts_high_shift,PROMPTS,high_shift,202,0.8848847036098032,0.8466135458167331,0.8526801883375589,0.0,0.8466135458167331,0.011257998309791139,0.2993744414655943,0.4959785522788204,0.20464700625558535,0.04205400619743249,0.0,0.003511207694474627,0.0160670449515071,0.01301863254054489,0.26728051665707525,0.0,0.37648327939590076,0.15726243229935993,0.0,0.03430721558211598,0.09048653869371001,0.007575757575757576,0.09239808442995694,0.02234496358002334,0.0018209988329510242,0.04204394543039961,30.18230109863576,20.72495906820584,6.881564650488953
blood_base,Blood tracking,base,202,0.6310716729043422,0.6844339812467303,0.7188820475673066,0.0,0.6844339812467303,0.04710451124793754,0.3428022212729603,0.4769329346433148,0.1802648440837249,0.02969938428105759,0.0,0.0033502354219485694,0.015614310435027567,0.012586019558131111,0.26420835943793075,0.0,0.3274336283185841,0.13645155618076316,0.0,0.03831140086120166,0.10216708921888205,0.008370558171354984,0.08891705903658095,0.02184192522837941,0.0015795404241619381,0.0447301702281782,64.38890901042295,42.69809246271923,8.742806551571492
blood_current,Blood tracking,current,202,0.6310716729043422,0.6844339812467303,0.7188820475673066,0.0,0.6844339812467303,0.04710451124793754,0.3428022212729603,0.4769329346433148,0.1802648440837249,0.02969938428105759,0.0,0.0033502354219485694,0.015614310435027567,0.012586019558131111,0.26420835943793075,0.0,0.3274336283185841,0.13645155618076316,0.0,0.03831140086120166,0.10216708921888205,0.008370558171354984,0.08891705903658095,0.02184192522837941,0.0015795404241619381,0.0447301702281782,62.37675560384723,40.56318783958327,8.742806551571492
blood_moderate,Blood tracking,moderate,202,0.6310716729043422,0.6844339812467303,0.7188820475673066,0.0,0.6844339812467303,0.04710451124793754,0.3428022212729603,0.4769329346433148,0.1802648440837249,0.02969938428105759,0.0,0.0033502354219485694,0.015614310435027567,0.012586019558131111,0.26420835943793075,0.0,0.3274336283185841,0.13645155618076316,0.0,0.03831140086120166,0.10216708921888205,0.008370558171354984,0.08891705903658095,0.02184192522837941,0.0015795404241619381,0.0447301702281782,60.36460219727152,38.428283216447305,8.742806551571492
blood_high,Blood tracking,high,202,0.6310716729043422,0.6844339812467303,0.7188820475673066,0.0,0.6844339812467303,0.04710451124793754,0.3428022212729603,0.4769329346433148,0.1802648440837249,0.02969938428105759,0.0,0.0033502354219485694,0.015614310435027567,0.012586019558131111,0.26420835943793075,0.0,0.3274336283185841,0.13645155618076316,0.0,0.03831140086120166,0.10216708921888205,0.008370558171354984,0.08891705903658095,0.02184192522837941,0.0015795404241619381,0.0447301702281782,54.32814197754436,32.02356934703942,8.742806551571492
referral_base,Transfer & EMT,base,202,0.6310716729043422,0.6844339812467303,0.7188820475673066,0.0,0.6844339812467303,0.04710451124793754,0.3428022212729603,0.4769329346433148,0.1802648440837249,0.02969938428105759,0.0,0.0033502354219485694,0.015614310435027567,0.012586019558131111,0.26420835943793075,0.0,0.3274336283185841,0.13645155618076316,0.0,0.03831140086120166,0.10216708921888205,0.008370558171354984,0.08891705903658095,0.02184192522837941,0.0015795404241619381,0.0447301702281782,64.38890901042295,42.69809246271923,8.742806551571492
referral_current,Transfer & EMT,current,202,0.6310716729043422,0.6844339812467303,0.7188820475673066,0.0,0.6844339812467303,0.04710451124793754,0.3428022212729603,0.4769329346433148,0.1802648440837249,0.02969938428105759,0.0,0.0033502354219485694,0.015614310435027567,0.012586019558131111,0.26420835943793075,0.0,0.3274336283185841,0.13645155618076316,0.0,0.03831140086120166,0.10216708921888205,0.008370558171354984,0.08891705903658095,0.02184192522837941,0.0015795404241619381,0.0447301702281782,64.38890901042295,42.69809246271923,8.742806551571492
referral_moderate,Transfer & EMT,moderate,202,0.6310716729043422,0.6844339812467303,0.7188820475673066,0.0,0.6844339812467303,0.04710451124793754,0.43656557026911574,0.43976932934643315,0.1236651003844511,0.02969938428105759,0.0,0.0033502354219485694,0.015614310435027567,0.012586019558131111,0.26420835943793075,0.0,0.3274336283185841,0.13645155618076316,0.0,0.03831140086120166,0.10216708921888205,0.008370558171354984,0.08891705903658095,0.02184192522837941,0.0015795404241619381,0.0447301702281782,62.37675560384723,40.56318783958327,8.742806551571492
referral_high,Transfer & EMT,high,202,0.6310716729043422,0.6844339812467303,0.7188820475673066,0.0,0.6844339812467303,0.04710451124793754,0.5168731311405382,0.4073045706962836,0.07582229816317813,0.02969938428105759,0.0,0.0033502354219485694,0.015614310435027567,0.012586019558131111,0.26420835943793075,0.0,0.3274336283185841,0.13645155618076316,0.0,0.03831140086120166,0.10216708921888205,0.008370558171354984,0.08891705903658095,0.02184192522837941,0.0015795404241619381,0.0447301702281782,62.37675560384723,40.56318783958327,8.742806551571492
pulse_base,PULSE,base,202,0.6310716729043422,0.6844339812467303,0.7188820475673066,0.0,0.6844339812467303,0.04710451124793754,0.3428022212729603,0.4769329346433148,0.1802648440837249,0.02969938428105759,0.0,0.0033502354219485694,0.015614310435027567,0.012586019558131111,0.26420835943793075,0.0,0.3274336283185841,0.13645155618076316,0.0,0.03831140086120166,0.10216708921888205,0.008370558171354984,0.08891705903658095,0.02184192522837941,0.0015795404241619381,0.0447301702281782,64.38890901042295,42.69809246271923,8.742806551571492
pulse_current,PULSE,current,202,0.6310716729043422,0.6844339812467303,0.7188820475673066,0.0,0.6844339812467303,0.047074328946838905,0.3430220132506946,0.476597563581962,0.18038042316734346,0.02969938428105759,0.0,0.0033502354219485694,0.015463398929534388,0.012586019558131111,0.26420835943793075,0.0,0.3274336283185841,0.13610201009474895,0.0,0.03831140086120166,0.10143265322548191,0.008370558171354984,0.08891705903658095,0.02184192522837941,0.0015795404241619381,0.044609441023783655,64.38890901042295,42.69809246271923,8.742806551571492
pulse_moderate,PULSE,moderate,202,0.6310716729043422,0.6844339812467303,0.7188619260332407,0.0,0.6844339812467303,0.046671898265523766,0.3438241000215564,0.47725802974779047,0.17891787023065317,0.02969938428105759,0.0,0.0033502354219485694,0.014407018391082136,0.012586019558131111,0.26420835943793075,0.0,0.3274336283185841,0.13754682547305735,0.0,0.03831140086120166,0.09346452573544207,0.008370558171354984,0.08891705903658095,0.02184192522837941,0.0015795404241619381,0.043452452815002617,62.37675560384723,42.69809246271923,8.732745784538613
pulse_high,PULSE,high,202,0.6310716729043422,0.6844339812467303,0.7188518652662079,0.0,0.6844339812467303,0.04631977141937301,0.34426585577758473,0.47654213727193745,0.17919200695047785,0.02969938428105759,0.0,0.0033502354219485694,0.013300334017465491,0.012586019558131111,0.26420835943793075,0.0,0.3274336283185841,0.13850183342063907,0.0,0.03831140086120166,0.0856473097508954,0.008370558171354984,0.08891705903658095,0.02184192522837941,0.0015795404241619381,0.04225522153809006,60.36460219727152,40.56318783958327,8.732745784538613
fqa_base,FQA,base,202,0.6310716729043422,0.6844339812467303,0.7188820475673066,0.0,0.6844339812467303,0.04648074369189907,0.3443722943722944,0.47748917748917746,0.17813852813852815,0.0643687874763572,0.016489597166888005,0.004758742806551572,0.046078313010583925,0.028089661555797014,0.5726304484023986,0.45489869553150153,0.4782608695652174,0.4264432029795158,0.0,0.027606744738218843,0.07417803533341381,0.007434906837297276,0.08715642480582719,0.02184192522837941,0.0015795404241619381,0.03878425691174695,62.37675560384723,40.56318783958327,8.68244194937422
fqa_current,FQA,current,202,0.6310716729043422,0.6844339812467303,0.7188820475673066,0.0,0.6844339812467303,0.04648074369189907,0.3443722943722944,0.47748917748917746,0.17813852813852815,0.0643687874763572,0.01650971870095376,0.0047788643406173285,0.04612861684574832,0.028089661555797014,0.5726304484023986,0.45545378850957535,0.48028311425682507,0.42694850544743457,0.0,0.027606744738218843,0.0741377922652823,0.007434906837297276,0.08714636403879432,0.02184192522837941,0.0015795404241619381,0.03878425691174695,62.37675560384723,40.56318783958327,8.68244194937422
fqa_moderate,FQA,moderate,202,0.6310716729043422,0.6844339812467303,0.7188719868002736,0.0,0.6844339812467303,0.04643043985673468,0.3447453954496208,0.47692307692307695,0.17833152762730228,0.0643687874763572,0.017022817819630567,0.004879472010946115,0.047667914201778745,0.029105799026117752,0.5726304484023986,0.4701305918310642,0.4903943377148635,0.4414422808161744,0.0,0.027234496358002333,0.07293050022133687,0.007354420701034247,0.08703569560143265,0.02184192522837941,0.0015795404241619381,0.038542798502957866,62.37675560384723,40.56318783958327,8.68244194937422
fqa_high,FQA,high,202,0.6310716729043422,0.6844339812467303,0.7188518652662079,0.0,0.6844339812467303,0.046390196788603164,0.34504445890262414,0.47646931251355457,0.1784862285838213,0.0643687874763572,0.017545977705340256,0.0050706265845708075,0.0490059962171516,0.029940842689846675,0.5726304484023986,0.4847137298499166,0.5096056622851365,0.4552336448598131,0.0,0.026942734114048857,0.07154211437079963,0.007324238399935611,0.08688478409593947,0.02184192522837941,0.0015795404241619381,0.03831140086120166,62.37675560384723,40.56318783958327,8.68244194937422
combined_base,All,base,202,0.6310716729043422,0.6844339812467303,0.7188820475673066,0.0,0.6844339812467303,0.04710451124793754,0.3428022212729603,0.4769329346433148,0.1802648440837249,0.02969938428105759,0.0,0.0033502354219485694,0.015614310435027567,0.012586019558131111,0.26420835943793075,0.0,0.3274336283185841,0.13645155618076316,0.0,0.03831140086120166,0.10216708921888205,0.008370558171354984,0.08891705903658095,0.02184192522837941,0.0015795404241619381,0.0447301702281782,64.38890901042295,42.69809246271923,8.742806551571492
combined_current,All,current,202,0.6332045555153125,0.6865668638577005,0.7206829248661918,0.0,0.6865668638577005,0.04617892068091271,0.3442265795206972,0.4786492374727669,0.17712418300653596,0.0681315143466538,0.017314580063584047,0.005010261982373536,0.04826149945671858,0.02967926274699183,0.6042651913982332,0.4804578447794528,0.5055837563451777,0.44957825679475166,0.0,0.02685218721075295,0.07180369431365448,0.0073041168658698535,0.0869652702322025,0.02184192522837941,0.0015795404241619381,0.03837176546339893,60.36460219727152,38.41188207552203,8.672381182341342
combined_moderate,All,moderate,202,0.7166183749849089,0.745190953358284,0.7653527304921727,0.0,0.745190953358284,0.02092639542838746,0.5134615384615384,0.4033653846153846,0.08317307692307692,0.11085959193528915,0.022656847358042576,0.007052597690047889,0.0604652098676003,0.045877097669926356,0.8677744526697118,0.7117572692793932,0.7788888888888889,0.6790960451977401,0.0,0.01985995412290233,0.04504205400619743,0.005141051953800958,0.08726709324318886,0.021429433780031388,0.0015896011911948167,0.032737735924986924,32.194454505211475,21.12490097702667,7.837337518612419
combined_high,All,high,202,0.849269588313413,0.7663889894965592,0.7663889894965592,0.0,0.7663889894965592,0.0,,,,0.1439595154734597,0.020523964747072316,0.007112962292245161,0.048513018632540546,0.04984103988088052,0.9514595385331471,0.734605689593086,0.8337264150943396,0.7206695561201614,0.0,0.01674111634270997,0.03169141615356755,0.004638013602157028,0.09111030624974847,0.021449555314097146,0.001509115054931788,0.03089661555797014,28.17014769206004,21.850190929049308,7.26387379773834
mentors_base,MENTORS,base,203,0.6307899714274217,0.6838303352247576,0.7183991307497284,0.0,0.6838303352247576,0.0438850657974164,0.35419532324621733,0.4679046309032554,0.1779000458505273,0.031409714676646945,0.0,0.003813030705460984,0.015272244355909695,0.012676566461427018,0.2649579903250446,0.0,0.3417493237150586,0.13854157159806516,0.0,0.0359873636766067,0.10031590808483239,0.009155297999919513,0.05610889774236388,0.022163869773431526,0.0015392973560304237,0.03414624330958992,63.3828323071351,43.765077602954676,7.444967604330154
mentors_current,MENTORS,current,203,0.6307899714274217,0.6838303352247576,0.7183790092156626,0.0,0.6838303352247576,0.043180812105114895,0.3569431500465983,0.467381174277726,0.17567567567567569,0.07118998752464888,0.015835647309750896,0.005473057265885951,0.04711457201497042,0.029870417320616523,0.6005261817873208,0.47182254196642687,0.5074626865671642,0.4526824552924118,0.0,0.02491045917340738,0.07493259286087971,0.008018431325204233,0.053996136665459375,0.022163869773431526,0.0015392973560304237,0.0284719707030464,60.36460219727152,40.56275485151897,7.374542235100004
mentors_moderate,MENTORS,moderate,203,0.6307899714274217,0.6838303352247576,0.7182784015453338,0.0,0.6838303352247576,0.04278844219083263,0.35715965201034566,0.4669644956501293,0.17587585233952505,0.09031550565415107,0.01888405972071311,0.006630045474666988,0.057527465893999756,0.037959274015050906,0.7618603072222694,0.5843711083437111,0.6312260536398467,0.567938021454112,0.0,0.021882168296510927,0.06561632258843414,0.0068513823493903175,0.052939756127007125,0.022163869773431526,0.0015392973560304237,0.02632902732504326,59.358525493983656,39.49531393437373,7.3443599340013686
mentors_high,MENTORS,high,203,0.6307899714274217,0.6838303352247576,0.718177793875005,0.0,0.6838303352247576,0.042436315344681876,0.3563300142247511,0.46775723091512567,0.17591275486012328,0.110789166566059,0.022093444404201378,0.007867519819711054,0.0672361060807276,0.04569600386333454,0.9345667487057625,0.7090732967387795,0.7704433497536946,0.6842428586055084,0.0,0.01886393818664735,0.05633023461708721,0.0057748802768723085,0.05204434786108093,0.022163869773431526,0.0015392973560304237,0.024196144714073,52.31598857096865,32.02322751435708,7.273934564771218
prompts_base,PROMPTS,base,203,0.6307899714274217,0.6838303352247576,0.7183991307497284,0.0,0.6838303352247576,0.0438850657974164,0.35419532324621733,0.4679046309032554,0.1779000458505273,0.031409714676646945,0.0,0.003813030705460984,0.015272244355909695,0.012676566461427018,0.2649579903250446,0.0,0.3417493237150586,0.13854157159806516,0.0,0.0359873636766067,0.10031590808483239,0.009155297999919513,0.05610889774236388,0.022163869773431526,0.0015392973560304237,0.03414624330958992,63.3828323071351,43.765077602954676,7.444967604330154
prompts_current,PROMPTS,current,203,0.6327820032999316,0.6858223670972675,0.7201396434464163,0.0,0.6858223670972675,0.04373415429192322,0.35104669887278583,0.47043938348286174,0.17851391764435243,0.03151032234697573,0.0,0.003823091472493863,0.015322548191074087,0.012656444927361262,0.26506431956668924,0.0,0.34172661870503596,0.1388584974471189,0.0,0.035906877540343676,0.10043663728922693,0.009205601835083907,0.05617932311159403,0.022123626705300013,0.0015694796571290594,0.03423679021288583,63.3828323071351,43.7477992722927,7.434906837297276
prompts_moderate,PROMPTS,moderate,203,0.6861443116423196,0.7236810334419896,0.7537828484043624,0.0,0.7236810334419896,0.037919030946919396,0.34677633324489254,0.4709472008490316,0.18227646590607588,0.03437764095134613,0.0,0.0037426053362308344,0.015543885065797416,0.012988450239446255,0.2664327485380117,0.0,0.3441258094357077,0.14373430086519676,0.0,0.03531329228540384,0.09830375467825667,0.008944021892229063,0.057054609843454465,0.02207332287013562,0.0015694796571290594,0.033582840355748725,54.32814197754436,37.090808897555185,7.002293854883496
prompts_high,PROMPTS,high,203,0.8382027445772465,0.7663889894965592,0.7663889894965592,0.0,0.7663889894965592,0.0,,,,0.04203388466336674,0.0,0.0034609038593102336,0.013763129300977906,0.013712825465813514,0.267050175775008,0.0,0.3291866028708134,0.14398484370066308,0.0,0.03109783089862771,0.08685460179484084,0.008370558171354984,0.06106885588957302,0.02157028451849169,0.001458811219767395,0.03193287456235663,37.22483802165077,30.213683673150456,6.378526298845024
prompts_high_shift,PROMPTS,high_shift,203,0.8851161012515594,0.8463318443398125,0.8525292768320657,0.0,0.8463318443398125,0.010201617771338886,0.30078895463510846,0.5039447731755424,0.1952662721893491,0.04435792184796169,0.0,0.003501146927441748,0.015352730492172723,0.013421063221860034,0.2670826266052823,0.0,0.3518705763397371,0.15584150326797386,0.0,0.03203348223268542,0.08890699826954807,0.008098917461467263,0.058161294217071106,0.02200289750090547,0.0017304519296551168,0.03144995774477846,29.176224395347898,18.6543962193757,5.6843333735764014
blood_base,Blood tracking,base,203,0.6307899714274217,0.6838303352247576,0.7183991307497284,0.0,0.6838303352247576,0.0438850657974164,0.35419532324621733,0.4679046309032554,0.1779000458505273,0.031409714676646945,0.0,0.003813030705460984,0.015272244355909695,0.012676566461427018,0.2649579903250446,0.0,0.3417493237150586,0.13854157159806516,0.0,0.0359873636766067,0.10031590808483239,0.009155297999919513,0.05610889774236388,0.022163869773431526,0.0015392973560304237,0.03414624330958992,63.3828323071351,43.765077602954676,7.444967604330154
blood_current,Blood tracking,current,203,0.6307899714274217,0.6838303352247576,0.7183991307497284,0.0,0.6838303352247576,0.0438850657974164,0.35419532324621733,0.4679046309032554,0.1779000458505273,0.031409714676646945,0.0,0.003813030705460984,0.015272244355909695,0.012676566461427018,0.2649579903250446,0.0,0.3417493237150586,0.13854157159806516,0.0,0.0359873636766067,0.10031590808483239,0.009155297999919513,0.05610889774236388,0.022163869773431526,0.0015392973560304237,0.03414624330958992,62.37675560384723,42.697636685809435,7.444967604330154
blood_moderate,Blood tracking,moderate,203,0.6307899714274217,0.6838303352247576,0.7183991307497284,0.0,0.6838303352247576,0.0438850657974164,0.35419532324621733,0.4679046309032554,0.1779000458505273,0.031409714676646945,0.0,0.003813030705460984,0.015272244355909695,0.012676566461427018,0.2649579903250446,0.0,0.3417493237150586,0.13854157159806516,0.0,0.0359873636766067,0.10031590808483239,0.009155297999919513,0.05610889774236388,0.022163869773431526,0.0015392973560304237,0.03414624330958992,61.37067890055938,41.63019576866421,7.444967604330154
blood_high,Blood tracking,high,203,0.6307899714274217,0.6838303352247576,0.7183991307497284,0.0,0.6838303352247576,0.0438850657974164,0.35419532324621733,0.4679046309032554,0.1779000458505273,0.031409714676646945,0.0,0.003813030705460984,0.015272244355909695,0.012676566461427018,0.2649579903250446,0.0,0.3417493237150586,0.13854157159806516,0.0,0.0359873636766067,0.10031590808483239,0.009155297999919513,0.05610889774236388,0.022163869773431526,0.0015392973560304237,0.03414624330958992,54.32814197754436,34.15810934864756,7.444967604330154
referral_base,Transfer & EMT,base,203,0.6307899714274217,0.6838303352247576,0.7183991307497284,0.0,0.6838303352247576,0.0438850657974164,0.35419532324621733,0.4679046309032554,0.1779000458505273,0.031409714676646945,0.0,0.003813030705460984,0.015272244355909695,0.012676566461427018,0.2649579903250446,0.0,0.3417493237150586,0.13854157159806516,0.0,0.0359873636766067,0.10031590808483239,0.009155297999919513,0.05610889774236388,0.022163869773431526,0.0015392973560304237,0.03414624330958992,63.3828323071351,43.765077602954676,7.444967604330154
referral_current,Transfer & EMT,current,203,0.6307899714274217,0.6838303352247576,0.7183991307497284,0.0,0.6838303352247576,0.0438850657974164,0.35419532324621733,0.4679046309032554,0.1779000458505273,0.031409714676646945,0.0,0.003813030705460984,0.015272244355909695,0.012676566461427018,0.2649579903250446,0.0,0.3417493237150586,0.13854157159806516,0.0,0.0359873636766067,0.10031590808483239,0.009155297999919513,0.05610889774236388,0.022163869773431526,0.0015392973560304237,0.03414624330958992,63.3828323071351,43.765077602954676,7.444967604330154
referral_moderate,Transfer & EMT,moderate,203,0.6307899714274217,0.6838303352247576,0.7183991307497284,0.0,0.6838303352247576,0.0438850657974164,0.4484181568088033,0.4312242090784044,0.1203576341127923,0.031409714676646945,0.0,0.003813030705460984,0.015272244355909695,0.012676566461427018,0.2649579903250446,0.0,0.3417493237150586,0.13854157159806516,0.0,0.0359873636766067,0.10031590808483239,0.009155297999919513,0.05610889774236388,0.022163869773431526,0.0015392973560304237,0.03414624330958992,62.37675560384723,42.697636685809435,7.444967604330154
referral_high,Transfer & EMT,high,203,0.6307899714274217,0.6838303352247576,0.7183991307497284,0.0,0.6838303352247576,0.0438850657974164,0.5284273269142595,0.39729481889041723,0.07427785419532325,0.031409714676646945,0.0,0.003813030705460984,0.015272244355909695,0.012676566461427018,0.2649579903250446,0.0,0.3417493237150586,0.13854157159806516,0.0,0.0359873636766067,0.10031590808483239,0.009155297999919513,0.05610889774236388,0.022163869773431526,0.0015392973560304237,0.03414624330958992,62.37675560384723,42.697636685809435,7.444967604330154
pulse_base,PULSE,base,203,0.6307899714274217,0.6838303352247576,0.7183991307497284,0.0,0.6838303352247576,0.0438850657974164,0.35419532324621733,0.4679046309032554,0.1779000458505273,0.031409714676646945,0.0,0.003813030705460984,0.015272244355909695,0.012676566461427018,0.2649579903250446,0.0,0.3417493237150586,0.13854157159806516,0.0,0.0359873636766067,0.10031590808483239,0.009155297999919513,0.05610889774236388,0.022163869773431526,0.0015392973560304237,0.03414624330958992,63.3828323071351,43.765077602954676,7.444967604330154
pulse_current,PULSE,current,203,0.6307899714274217,0.6838303352247576,0.7183991307497284,0.0,0.6838303352247576,0.043864944263350636,0.3543577981651376,0.4676605504587156,0.1779816513761468,0.031409714676646945,0.0,0.003813030705460984,0.015141454384482273,0.012676566461427018,0.2649579903250446,0.0,0.3417493237150586,0.13832720588235295,0.0,0.0359873636766067,0.09963177592659664,0.009155297999919513,0.05610889774236388,0.022163869773431526,0.0015392973560304237,0.034045635639261135,63.3828323071351,43.765077602954676,7.444967604330154
pulse_moderate,PULSE,moderate,203,0.6307899714274217,0.6838303352247576,0.7183790092156626,0.0,0.6838303352247576,0.04347257434906837,0.3552418421661652,0.467947234436473,0.17681092339736174,0.031409714676646945,0.0,0.003813030705460984,0.014004587709766992,0.012676566461427018,0.2649579903250446,0.0,0.3417493237150586,0.13878364905284146,0.0,0.0359873636766067,0.0918548030101815,0.009155297999919513,0.05610889774236388,0.022163869773431526,0.0015392973560304237,0.03289870819751298,60.36460219727152,42.697636685809435,7.434906837297276
pulse_high,PULSE,high,203,0.6307899714274217,0.6838303352247576,0.7183689484486298,0.0,0.6838303352247576,0.04314056903698338,0.35517723880597013,0.46828358208955223,0.1765391791044776,0.031409714676646945,0.0,0.003813030705460984,0.012948207171314742,0.012676566461427018,0.2649579903250446,0.0,0.3417493237150586,0.1399369359573774,0.0,0.0359873636766067,0.08416837699706226,0.009155297999919513,0.05610889774236388,0.022163869773431526,0.0015392973560304237,0.03164111231840316,58.352448790695796,40.56275485151897,7.434906837297276
fqa_base,FQA,base,203,0.6307899714274217,0.6838303352247576,0.7183991307497284,0.0,0.6838303352247576,0.043231115940279286,0.35652781010006984,0.4680009308820107,0.1754712590179195,0.06810133204555516,0.015292365889975451,0.005181295021932472,0.04488108173367138,0.028502153004145037,0.574471696511924,0.4533253802564867,0.4795158286778399,0.43239313753998254,0.0,0.025433619059117066,0.07604933800152924,0.008139160529598777,0.05417723047205119,0.022163869773431526,0.0015392973560304237,0.028723489878868365,61.37067890055938,41.63019576866421,7.374542235100004
fqa_current,FQA,current,203,0.6307899714274217,0.6838303352247576,0.7183991307497284,0.0,0.6838303352247576,0.043231115940279286,0.35652781010006984,0.4680009308820107,0.1754712590179195,0.06810133204555516,0.015292365889975451,0.00520141655599823,0.04493138556883577,0.028502153004145037,0.574471696511924,0.4533253802564867,0.4813780260707635,0.4328777745468644,0.0,0.02542355829208419,0.07604933800152924,0.008139160529598777,0.05417723047205119,0.022163869773431526,0.0015392973560304237,0.028723489878868365,61.37067890055938,41.63019576866421,7.374542235100004
fqa_moderate,FQA,moderate,203,0.6307899714274217,0.6838303352247576,0.7183890699826955,0.0,0.6838303352247576,0.043190872872147776,0.3568600046587468,0.46750524109014674,0.17563475425110645,0.06810133204555516,0.01573503963942211,0.0053623888285242866,0.046510925992997706,0.02953841200853153,0.574471696511924,0.467005076142132,0.4962756052141527,0.448443107963915,0.0,0.025081492212966315,0.07491247132681396,0.008058674393335748,0.05405650126765665,0.022163869773431526,0.0015392973560304237,0.028492092237112156,61.37067890055938,41.63019576866421,7.374542235100004
fqa_high,FQA,high,203,0.6307899714274217,0.6838303352247576,0.7183689484486298,0.0,0.6838303352247576,0.04314056903698338,0.3572761194029851,0.46711753731343286,0.1756063432835821,0.06810133204555516,0.01621795645700028,0.005543482635116101,0.04783894724133768,0.030413698740391966,0.574471696511924,0.4816253361219002,0.5130353817504656,0.46299902629016554,0.0,0.024809851503078593,0.07368505774880277,0.00796812749003984,0.05388546822809771,0.022163869773431526,0.0015392973560304237,0.02825063382832307,61.37067890055938,41.63019576866421,7.374542235100004
combined_base,All,base,203,0.6307899714274217,0.6838303352247576,0.7183991307497284,0.0,0.6838303352247576,0.0438850657974164,0.35419532324621733,0.4679046309032554,0.1779000458505273,0.031409714676646945,0.0,0.003813030705460984,0.015272244355909695,0.012676566461427018,0.2649579903250446,0.0,0.3417493237150586,0.13854157159806516,0.0,0.0359873636766067,0.10031590808483239,0.009155297999919513,0.05610889774236388,0.022163869773431526,0.0015392973560304237,0.03414624330958992,63.3828323071351,43.765077602954676,7.444967604330154
combined_current,All,current,203,0.6329329148054248,0.6859229747675962,0.7202201295826793,0.0,0.6859229747675962,0.0429896575314902,0.3547858647320384,0.470395506669787,0.1748186285981746,0.07204515272244356,0.015885951144915287,0.00555354340214898,0.04722524045233208,0.03011187572940561,0.605888823081479,0.47388955582232895,0.5139664804469274,0.45683698296836983,0.0,0.024819912270111474,0.07400700229385489,0.008028492092237112,0.053996136665459375,0.022123626705300013,0.0015694796571290594,0.02840154533381625,59.358525493983656,39.47803634113291,7.364481468067126
combined_moderate,All,moderate,203,0.7165378888486458,0.7447583403758703,0.7653527304921727,0.0,0.7447583403758703,0.02135900841080124,0.514366462552991,0.39943476212906265,0.0861987753179463,0.11694635599018069,0.020202020202020204,0.0075153929735603045,0.057678377399492935,0.04663165519739225,0.8675274274199567,0.6952908587257618,0.7685185185185185,0.688731379144642,0.0,0.017888043784458126,0.04844259326331039,0.00555354340214898,0.05334218680832226,0.02186204676244517,0.0014990542878989095,0.022697090426174092,35.21268461507505,23.235427690292873,6.589802406535474
combined_high,All,high,203,0.8492192844782486,0.7663889894965592,0.7663889894965592,0.0,0.7663889894965592,0.0,,,,0.15177673145800635,0.018159684494345848,0.007535514507626061,0.04592740150509075,0.05086723811823413,0.9510180924163147,0.7355338223308884,0.8303769401330376,0.7290003193867773,0.0,0.014427139925147893,0.0344883093887078,0.004859350476880357,0.05591774316873918,0.02157028451849169,0.001458811219767395,0.020775483922894283,24.145840878908608,17.68972227136034,6.137067890055938
mentors_base,MENTORS,base,204,0.6303472976779749,0.6837196667873958,0.7176445732222625,0.0,0.6837196667873958,0.043341784377640954,0.34935004642525536,0.4726090993500464,0.17804085422469823,0.026429634995372046,0.0,0.0034407823252444766,0.016187774155901644,0.01217352810978309,0.2660792059151221,0.0,0.3313953488372093,0.1380641839711687,0.0,0.034216668678820075,0.10666425208257878,0.00924584490321542,0.06266851784780071,0.021972715199806835,0.0015292365889975452,0.03470964626343112,59.358525493983656,40.55452983426004,8.078795927401504
mentors_current,MENTORS,current,204,0.6303472976779749,0.6837196667873958,0.7176043301541309,0.0,0.6837196667873958,0.04272807758863536,0.3501295031787144,0.4728043324699788,0.17706616435130682,0.059690530806068655,0.015986558815244075,0.005130991186768079,0.04969012837538734,0.028572578373375186,0.6009318342955535,0.4887726853275915,0.5089820359281437,0.44555705908885884,0.0,0.024548271560223753,0.07958066723006962,0.008521469676848163,0.0609380659181456,0.021972715199806835,0.0015292365889975452,0.029367378968972596,55.33421868083222,36.28563195696951,7.998309791138476
mentors_moderate,MENTORS,moderate,204,0.6303472976779749,0.6837196667873958,0.7174836009497364,0.0,0.6837196667873958,0.04241619381061612,0.3510436432637571,0.47201138519924096,0.1769449715370019,0.07584812266087167,0.019407219606422794,0.006298040162581995,0.06117952432693469,0.03636967282385609,0.7635976906715284,0.6066037735849057,0.6387755102040816,0.56087437742114,0.0,0.021912350597609563,0.06975129783894723,0.007958066723006961,0.06000241458408789,0.021972715199806835,0.0015292365889975452,0.027516197834922936,51.30991186768079,33.08395854900161,7.97818825707272
mentors_high,MENTORS,high,204,0.6303472976779749,0.6837196667873958,0.7174232363475391,0.0,0.6837196667873958,0.042174735401827035,0.3504293893129771,0.47208969465648853,0.17748091603053434,0.092891062014568,0.023029095738259085,0.00754557527465894,0.07201497042134493,0.04366372892269307,0.9351767446571457,0.7383870967741936,0.7780082987551867,0.6768154311649016,0.0,0.01914563966356795,0.05978107770936456,0.007374542235100004,0.05923779628958912,0.021972715199806835,0.0015292365889975452,0.025574469797577368,45.273451647953635,26.680611733065817,7.927884421908326
prompts_base,PROMPTS,base,204,0.6303472976779749,0.6837196667873958,0.7176445732222625,0.0,0.6837196667873958,0.043341784377640954,0.34935004642525536,0.4726090993500464,0.17804085422469823,0.026429634995372046,0.0,0.0034407823252444766,0.016187774155901644,0.01217352810978309,0.2660792059151221,0.0,0.3313953488372093,0.1380641839711687,0.0,0.034216668678820075,0.10666425208257878,0.00924584490321542,0.06266851784780071,0.021972715199806835,0.0015292365889975452,0.03470964626343112,59.358525493983656,40.55452983426004,8.078795927401504
prompts_current,PROMPTS,current,204,0.6323493903175178,0.6856915771258401,0.7193448428508189,0.0,0.6856915771258401,0.04314056903698338,0.3474813432835821,0.47411380597014924,0.17840485074626866,0.026530242665700834,0.0,0.0034508430922773553,0.016207895689967403,0.012163467342750211,0.2662829445622539,0.0,0.3314009661835749,0.13805810266518126,0.0,0.0340657571733269,0.1067950420540062,0.009265966437281179,0.0626785786148336,0.021912350597609563,0.0015694796571290594,0.03477001086562839,58.352448790695796,40.53938721515746,8.068735160368627
prompts_moderate,PROMPTS,moderate,204,0.6859129140005634,0.7235200611694635,0.7530584731779951,0.0,0.7235200611694635,0.037466296430439854,0.34237379162191195,0.4777121374865736,0.1799140708915145,0.0290353736568876,0.0,0.0033703569560143264,0.016187774155901644,0.012485411887802327,0.2682654768544339,0.0,0.3297244094488189,0.14090550836325422,0.0,0.033049619703006156,0.10427985029578656,0.008944021892229063,0.0629099762565898,0.02173125679101775,0.0015292365889975452,0.03372369109420902,49.297758461105076,34.964664498151116,7.595879109823333
prompts_high,PROMPTS,high,204,0.8383435953157069,0.7663889894965592,0.7663889894965592,0.0,0.7663889894965592,0.0,,,,0.035484325324962776,0.0,0.003209384683488269,0.014326532254819108,0.012938146404281863,0.26800911854103343,0.0,0.3275154004106776,0.14174795938682064,0.0,0.027807960078876412,0.09154291923216226,0.008531530443881042,0.06702482997303714,0.021550162984425934,0.0014286289186687593,0.03227494064147451,29.176224395347898,20.834852541331138,7.0525976900478895
prompts_high_shift,PROMPTS,high_shift,204,0.8853776811944143,0.8463016620387138,0.852670127570526,0.0,0.8463016620387138,0.010422954646062216,0.3127413127413127,0.4980694980694981,0.1891891891891892,0.03741599259527546,0.0,0.0033200531208499337,0.01595637651414544,0.012555837257032475,0.2676309729418538,0.0,0.36423841059602646,0.15547495343593765,0.0,0.028763732946999878,0.09243832749808846,0.008068735160368627,0.06445933437965311,0.022163869773431526,0.0018310595999839027,0.031631051551370276,29.176224395347898,19.68769104831774,6.137067890055938
blood_base,Blood tracking,base,204,0.6303472976779749,0.6837196667873958,0.7176445732222625,0.0,0.6837196667873958,0.043341784377640954,0.34935004642525536,0.4726090993500464,0.17804085422469823,0.026429634995372046,0.0,0.0034407823252444766,0.016187774155901644,0.01217352810978309,0.2660792059151221,0.0,0.3313953488372093,0.1380641839711687,0.0,0.034216668678820075,0.10666425208257878,0.00924584490321542,0.06266851784780071,0.021972715199806835,0.0015292365889975452,0.03470964626343112,59.358525493983656,40.55452983426004,8.078795927401504
blood_current,Blood tracking,current,204,0.6303472976779749,0.6837196667873958,0.7176445732222625,0.0,0.6837196667873958,0.043341784377640954,0.34935004642525536,0.4726090993500464,0.17804085422469823,0.026429634995372046,0.0,0.0034407823252444766,0.016187774155901644,0.01217352810978309,0.2660792059151221,0.0,0.3313953488372093,0.1380641839711687,0.0,0.034216668678820075,0.10666425208257878,0.00924584490321542,0.06266851784780071,0.021972715199806835,0.0015292365889975452,0.03470964626343112,57.34637208740795,38.420080895614774,8.078795927401504
blood_moderate,Blood tracking,moderate,204,0.6303472976779749,0.6837196667873958,0.7176445732222625,0.0,0.6837196667873958,0.043341784377640954,0.34935004642525536,0.4726090993500464,0.17804085422469823,0.026429634995372046,0.0,0.0034407823252444766,0.016187774155901644,0.01217352810978309,0.2660792059151221,0.0,0.3313953488372093,0.1380641839711687,0.0,0.034216668678820075,0.10666425208257878,0.00924584490321542,0.06266851784780071,0.021972715199806835,0.0015292365889975452,0.03470964626343112,55.33421868083222,36.28563195696951,8.078795927401504
blood_high,Blood tracking,high,204,0.6303472976779749,0.6837196667873958,0.7176445732222625,0.0,0.6837196667873958,0.043341784377640954,0.34935004642525536,0.4726090993500464,0.17804085422469823,0.026429634995372046,0.0,0.0034407823252444766,0.016187774155901644,0.01217352810978309,0.2660792059151221,0.0,0.3313953488372093,0.1380641839711687,0.0,0.034216668678820075,0.10666425208257878,0.00924584490321542,0.06266851784780071,0.021972715199806835,0.0015292365889975452,0.03470964626343112,48.291681757817216,28.815060671711084,8.078795927401504
referral_base,Transfer & EMT,base,204,0.6303472976779749,0.6837196667873958,0.7176445732222625,0.0,0.6837196667873958,0.043341784377640954,0.34935004642525536,0.4726090993500464,0.17804085422469823,0.026429634995372046,0.0,0.0034407823252444766,0.016187774155901644,0.01217352810978309,0.2660792059151221,0.0,0.3313953488372093,0.1380641839711687,0.0,0.034216668678820075,0.10666425208257878,0.00924584490321542,0.06266851784780071,0.021972715199806835,0.0015292365889975452,0.03470964626343112,59.358525493983656,40.55452983426004,8.078795927401504
referral_current,Transfer & EMT,current,204,0.6303472976779749,0.6837196667873958,0.7176445732222625,0.0,0.6837196667873958,0.043341784377640954,0.34935004642525536,0.4726090993500464,0.17804085422469823,0.026429634995372046,0.0,0.0034407823252444766,0.016187774155901644,0.01217352810978309,0.2660792059151221,0.0,0.3313953488372093,0.1380641839711687,0.0,0.034216668678820075,0.10666425208257878,0.00924584490321542,0.06266851784780071,0.021972715199806835,0.0015292365889975452,0.03470964626343112,59.358525493983656,40.55452983426004,8.078795927401504
referral_moderate,Transfer & EMT,moderate,204,0.6303472976779749,0.6837196667873958,0.7176445732222625,0.0,0.6837196667873958,0.043341784377640954,0.43941504178272983,0.4389507892293408,0.12163416898792943,0.026429634995372046,0.0,0.0034407823252444766,0.016187774155901644,0.01217352810978309,0.2660792059151221,0.0,0.3313953488372093,0.1380641839711687,0.0,0.034216668678820075,0.10666425208257878,0.00924584490321542,0.06266851784780071,0.021972715199806835,0.0015292365889975452,0.03470964626343112,57.34637208740795,38.420080895614774,8.078795927401504
referral_high,Transfer & EMT,high,204,0.6303472976779749,0.6837196667873958,0.7176445732222625,0.0,0.6837196667873958,0.043341784377640954,0.5211234911792015,0.4041318477251625,0.07474466109563603,0.026429634995372046,0.0,0.0034407823252444766,0.016187774155901644,0.01217352810978309,0.2660792059151221,0.0,0.3313953488372093,0.1380641839711687,0.0,0.034216668678820075,0.10666425208257878,0.00924584490321542,0.06266851784780071,0.021972715199806835,0.0015292365889975452,0.03470964626343112,57.34637208740795,38.420080895614774,8.078795927401504
pulse_base,PULSE,base,204,0.6303472976779749,0.6837196667873958,0.7176445732222625,0.0,0.6837196667873958,0.043341784377640954,0.34935004642525536,0.4726090993500464,0.17804085422469823,0.026429634995372046,0.0,0.0034407823252444766,0.016187774155901644,0.01217352810978309,0.2660792059151221,0.0,0.3313953488372093,0.1380641839711687,0.0,0.034216668678820075,0.10666425208257878,0.00924584490321542,0.06266851784780071,0.021972715199806835,0.0015292365889975452,0.03470964626343112,59.358525493983656,40.55452983426004,8.078795927401504
pulse_current,PULSE,current,204,0.6303472976779749,0.6837196667873958,0.7176445732222625,0.0,0.6837196667873958,0.04329148054247656,0.3497559841970718,0.47199628166395535,0.1782477341389728,0.026429634995372046,0.0,0.0034407823252444766,0.016026801883375588,0.01217352810978309,0.2660792059151221,0.0,0.3313953488372093,0.13773128134186408,0.0,0.034216668678820075,0.10584932995291561,0.00924584490321542,0.06266851784780071,0.021972715199806835,0.0015292365889975452,0.03455873475793794,59.358525493983656,40.55452983426004,8.078795927401504
pulse_moderate,PULSE,moderate,204,0.6303472976779749,0.6837196667873958,0.7176244516881967,0.0,0.6837196667873958,0.04291923216226005,0.350210970464135,0.4732770745428973,0.17651195499296765,0.026429634995372046,0.0,0.0034407823252444766,0.014839631373495915,0.01217352810978309,0.2660792059151221,0.0,0.3313953488372093,0.13830285982184717,0.0,0.034216668678820075,0.0976296832870538,0.00924584490321542,0.06266851784780071,0.021972715199806835,0.0015292365889975452,0.033371564248058275,57.34637208740795,40.55452983426004,8.068735160368627
pulse_high,PULSE,high,204,0.6303472976779749,0.6837196667873958,0.7176143909211639,0.0,0.6837196667873958,0.042597287617207935,0.3507321681624941,0.4730751062824752,0.1761927255550307,0.026429634995372046,0.0,0.0034407823252444766,0.013773190068010786,0.01217352810978309,0.2660792059151221,0.0,0.3313953488372093,0.1399938644033132,0.0,0.034216668678820075,0.08943015815525776,0.00924584490321542,0.06266851784780071,0.021972715199806835,0.0015292365889975452,0.032214576039277236,56.34029538412008,39.487305364937406,8.068735160368627
fqa_base,FQA,base,204,0.6303472976779749,0.6837196667873958,0.7176445732222625,0.0,0.6837196667873958,0.04276832065676687,0.35050576334980005,0.4725946836038579,0.17689955304634203,0.05714515674675037,0.015433216628435753,0.004879472010946115,0.047305726588595116,0.027284800193166727,0.5753063911678314,0.4699754901960784,0.48306772908366535,0.42548185684553436,0.0,0.025071431445933438,0.08069741237071915,0.008652259648275585,0.06104873435550726,0.021972715199806835,0.0015292365889975452,0.029659141212926073,56.34029538412008,37.35285642629214,8.008370558171356
fqa_current,FQA,current,204,0.6303472976779749,0.6837196667873958,0.7176445732222625,0.0,0.6837196667873958,0.04276832065676687,0.35050576334980005,0.4725946836038579,0.17689955304634203,0.05714515674675037,0.01545333816250151,0.004899593545011871,0.04735603042375951,0.027294860960199605,0.5753063911678314,0.47058823529411764,0.4850597609561753,0.42597285067873303,0.0,0.02506137067890056,0.08066723006962051,0.008652259648275585,0.06104873435550726,0.021972715199806835,0.0015292365889975452,0.029659141212926073,56.34029538412008,37.35285642629214,8.008370558171356
fqa_moderate,FQA,moderate,204,0.6303472976779749,0.6837196667873958,0.7176143909211639,0.0,0.6837196667873958,0.0427079560545696,0.3507656065959953,0.47208480565371025,0.17714958775029446,0.05714515674675037,0.015865829610849532,0.0050303835164392935,0.04904623928528311,0.02827075536238883,0.5753063911678314,0.48329757891510877,0.49800796812749004,0.44173613628126135,0.0,0.024779669201979958,0.07946999879270795,0.008551651977946799,0.06098836975330999,0.021972715199806835,0.0015292365889975452,0.02932713590084108,56.34029538412008,37.35285642629214,7.998309791138476
fqa_high,FQA,high,204,0.6303472976779749,0.6837196667873958,0.717594269387098,0.0,0.6837196667873958,0.04266771298643809,0.35062485262909693,0.4722942702192879,0.1770808771516152,0.05714515674675037,0.016288381826230432,0.005211477323031108,0.050565415107247776,0.02911585979315063,0.5753063911678314,0.4969306322897483,0.5159362549800797,0.45678451331455056,0.0,0.024437603122862087,0.07806149140810495,0.008511408909815284,0.06086764054891545,0.021972715199806835,0.0015292365889975452,0.029166163628315023,56.34029538412008,37.35285642629214,7.988249024105597
combined_base,All,base,204,0.6303472976779749,0.6837196667873958,0.7176445732222625,0.0,0.6837196667873958,0.043341784377640954,0.34935004642525536,0.4726090993500464,0.17804085422469823,0.026429634995372046,0.0,0.0034407823252444766,0.016187774155901644,0.01217352810978309,0.2660792059151221,0.0,0.3313953488372093,0.1380641839711687,0.0,0.034216668678820075,0.10666425208257878,0.00924584490321542,0.06266851784780071,0.021972715199806835,0.0015292365889975452,0.03470964626343112,59.358525493983656,40.55452983426004,8.078795927401504
combined_current,All,current,204,0.632500301823011,0.6857921847961689,0.7194052074530162,0.0,0.6857921847961689,0.042446376111714756,0.34960891206447026,0.47499407442521924,0.1753970135103105,0.06045514910056743,0.01600668034930983,0.00520141655599823,0.049941647551209306,0.028803976015131395,0.6066020593579649,0.4913526868437307,0.5149402390438247,0.45078096621867053,0.0,0.024326934685500422,0.07851422592458449,0.00854159121091392,0.0608877620829812,0.021912350597609563,0.0015694796571290594,0.029236588997545172,53.32206527425651,35.20375506720717,7.968127490039841
combined_moderate,All,moderate,204,0.7161656404684293,0.7444766388989497,0.765161575918548,0.0,0.7444766388989497,0.02171113525695199,0.505097312326228,0.40963855421686746,0.08526413345690455,0.09819308624089501,0.020795605456960038,0.007213569962573946,0.06228620870055133,0.044247253410600026,0.8698752228163993,0.7267932489451476,0.7660256410256411,0.6833333333333333,0.0,0.017827679182260855,0.050947724254497166,0.007002293854883496,0.060274055293975615,0.0215199806833273,0.0014990542878989095,0.023803774799790737,26.157994285484325,15.839827662675031,7.2135699625739464
combined_high,All,high,204,0.8494909251881363,0.7663889894965592,0.7663889894965592,0.0,0.7663889894965592,0.0,,,,0.12782204515272244,0.017888043784458126,0.007082779991146525,0.0498511006479134,0.04816089178638979,0.9525416104363473,0.7423799582463465,0.819557625145518,0.7261137162954279,0.0,0.014718902169101373,0.03634955128979033,0.006127007123023059,0.06277918628516238,0.021550162984425934,0.0014286289186687593,0.022083383637168497,20.121534065757174,12.485173856045945,6.791017747193046
mentors_base,MENTORS,base,205,0.6304579661153367,0.6847257434906837,0.7174131755805062,0.0,0.6847257434906837,0.04288904986116141,0.3495191179920244,0.47196809758386116,0.17851278442411447,0.02967926274699183,0.0,0.0036520584329349268,0.015413095094369994,0.012133285041651575,0.2654309879431348,0.0,0.3258527827648115,0.13574339890129364,0.0,0.03090667632500302,0.1035051712342549,0.010010463197714193,0.049710249909453094,0.02164070988772184,0.0014789327538331522,0.03799951708318242,73.44359934001369,55.46903334542274,7.042536923015011
mentors_current,MENTORS,current,205,0.6304579661153367,0.6847257434906837,0.7173729325123748,0.0,0.6847257434906837,0.04210431003259688,0.35125448028673834,0.4726403823178017,0.17610513739545997,0.06714555917743169,0.014507626061410922,0.005452935731820194,0.04689323514024709,0.02854239607227655,0.6005038689940615,0.49316005471956226,0.5089201877934272,0.4381050850643857,0.0,0.021952593665741076,0.0775282707553624,0.009074811863656485,0.04758742806551571,0.02164070988772184,0.0014789327538331522,0.031983178397521024,66.40106241699867,48.00204808738506,6.962050786751982
mentors_moderate,MENTORS,moderate,205,0.6304579661153367,0.6847257434906837,0.7172421425409473,0.0,0.6847257434906837,0.04164151474908447,0.3520173955061609,0.4716115003624064,0.17637110413143273,0.08512414986518572,0.017445370035011468,0.006670288542798503,0.05717533904784901,0.03634955128979033,0.7612920640633435,0.6090621707060063,0.639344262295082,0.550411622276029,0.0,0.01943740190752143,0.06796048130709485,0.008461105074650891,0.046500865225964826,0.02164070988772184,0.0014789327538331522,0.029729566582156225,64.38890901042295,45.868623727945725,6.941929252686225
mentors_high,MENTORS,high,205,0.6304579661153367,0.6847257434906837,0.71718177793875,0.0,0.6847257434906837,0.041329630971065234,0.3519961051606621,0.47151898734177217,0.17648490749756574,0.10455149100567428,0.020825787758058673,0.007887641353776812,0.06669282466095215,0.04356312125236428,0.9350368904084938,0.7456772334293948,0.7777777777777778,0.6630989296789037,0.0,0.01693227091633466,0.05829208418849853,0.007776972916415148,0.04564570002817015,0.02164070988772184,0.0014789327538331522,0.027496076300857177,56.34029538412008,37.334926290188385,6.911746951587589
prompts_base,PROMPTS,base,205,0.6304579661153367,0.6847257434906837,0.7174131755805062,0.0,0.6847257434906837,0.04288904986116141,0.3495191179920244,0.47196809758386116,0.17851278442411447,0.02967926274699183,0.0,0.0036520584329349268,0.015413095094369994,0.012133285041651575,0.2654309879431348,0.0,0.3258527827648115,0.13574339890129364,0.0,0.03090667632500302,0.1035051712342549,0.010010463197714193,0.049710249909453094,0.02164070988772184,0.0014789327538331522,0.03799951708318242,73.44359934001369,55.46903334542274,7.042536923015011
prompts_current,PROMPTS,current,205,0.632500301823011,0.686768079198358,0.7191536882771943,0.0,0.686768079198358,0.04262746991830657,0.34812367240972386,0.4729761623790418,0.17890016521123436,0.029789931184353496,0.0,0.0036520584329349268,0.015372852026238481,0.012163467342750211,0.26560818083961246,0.0,0.3258527827648115,0.13568954799751354,0.0,0.03089661555797014,0.10325365205843294,0.010010463197714193,0.04974043221055173,0.02164070988772184,0.0014789327538331522,0.03797939554911667,72.43752263672583,55.445966839046754,7.042536923015011
prompts_moderate,PROMPTS,moderate,205,0.6859531570686949,0.724646867077146,0.7527164070988772,0.0,0.724646867077146,0.03682240734033563,0.3434426229508197,0.4781420765027322,0.17841530054644808,0.032566702885427984,0.0,0.003682240734033563,0.01523200128777818,0.012475351120769447,0.2675206611570248,0.0,0.33826247689463956,0.13772400618575456,0.0,0.030765825586542717,0.10073846030021329,0.009638214817497687,0.05037426053362308,0.021691013722886232,0.0014789327538331522,0.03745623566340698,71.43144593343796,54.009403990341845,6.650167008732746
prompts_high,PROMPTS,high,205,0.8384542637530685,0.7663889894965592,0.7663889894965592,0.0,0.7663889894965592,0.0,,,,0.03979033361503481,0.0,0.003501146927441748,0.01331039478449837,0.013038754074610649,0.2671936224834482,0.0,0.3372093023255814,0.13910209231416254,0.0,0.026580546500865224,0.08717654633989295,0.00904462956255785,0.053794921324801806,0.021399251478932752,0.0013783250835043663,0.03513219847881202,44.26737494466578,38.521202277956505,6.046520986760031
prompts_high_shift,PROMPTS,high_shift,205,0.8855487142339732,0.8469556118958509,0.853324077427663,0.0,0.8469556118958509,0.010493380015292366,0.3068072866730585,0.513902205177373,0.17929050814956854,0.0420037023622681,0.0,0.0037325445691979557,0.015252122821843937,0.012616201859229747,0.26699494788002814,0.0,0.3673267326732673,0.1561598681499794,0.0,0.028290876896454587,0.08790092156626021,0.008933961125196186,0.0511187572940561,0.021912350597609563,0.0017706949977866313,0.03453861322387219,37.22483802165077,26.920687512942635,5.442874964787316
blood_base,Blood tracking,base,205,0.6304579661153367,0.6847257434906837,0.7174131755805062,0.0,0.6847257434906837,0.04288904986116141,0.3495191179920244,0.47196809758386116,0.17851278442411447,0.02967926274699183,0.0,0.0036520584329349268,0.015413095094369994,0.012133285041651575,0.2654309879431348,0.0,0.3258527827648115,0.13574339890129364,0.0,0.03090667632500302,0.1035051712342549,0.010010463197714193,0.049710249909453094,0.02164070988772184,0.0014789327538331522,0.03799951708318242,73.44359934001369,55.46903334542274,7.042536923015011
blood_current,Blood tracking,current,205,0.6304579661153367,0.6847257434906837,0.7174131755805062,0.0,0.6847257434906837,0.04288904986116141,0.3495191179920244,0.47196809758386116,0.17851278442411447,0.02967926274699183,0.0,0.0036520584329349268,0.015413095094369994,0.012133285041651575,0.2654309879431348,0.0,0.3258527827648115,0.13574339890129364,0.0,0.03090667632500302,0.1035051712342549,0.010010463197714193,0.049710249909453094,0.02164070988772184,0.0014789327538331522,0.03799951708318242,71.43144593343796,53.3356089859834,7.042536923015011
blood_moderate,Blood tracking,moderate,205,0.6304579661153367,0.6847257434906837,0.7174131755805062,0.0,0.6847257434906837,0.04288904986116141,0.3495191179920244,0.47196809758386116,0.17851278442411447,0.02967926274699183,0.0,0.0036520584329349268,0.015413095094369994,0.012133285041651575,0.2654309879431348,0.0,0.3258527827648115,0.13574339890129364,0.0,0.03090667632500302,0.1035051712342549,0.010010463197714193,0.049710249909453094,0.02164070988772184,0.0014789327538331522,0.03799951708318242,69.41929252686225,51.20218462654406,7.042536923015011
blood_high,Blood tracking,high,205,0.6304579661153367,0.6847257434906837,0.7174131755805062,0.0,0.6847257434906837,0.04288904986116141,0.3495191179920244,0.47196809758386116,0.17851278442411447,0.02967926274699183,0.0,0.0036520584329349268,0.015413095094369994,0.012133285041651575,0.2654309879431348,0.0,0.3258527827648115,0.13574339890129364,0.0,0.03090667632500302,0.1035051712342549,0.010010463197714193,0.049710249909453094,0.02164070988772184,0.0014789327538331522,0.03799951708318242,64.38890901042295,45.868623727945725,7.042536923015011
referral_base,Transfer & EMT,base,205,0.6304579661153367,0.6847257434906837,0.7174131755805062,0.0,0.6847257434906837,0.04288904986116141,0.3495191179920244,0.47196809758386116,0.17851278442411447,0.02967926274699183,0.0,0.0036520584329349268,0.015413095094369994,0.012133285041651575,0.2654309879431348,0.0,0.3258527827648115,0.13574339890129364,0.0,0.03090667632500302,0.1035051712342549,0.010010463197714193,0.049710249909453094,0.02164070988772184,0.0014789327538331522,0.03799951708318242,73.44359934001369,55.46903334542274,7.042536923015011
referral_current,Transfer & EMT,current,205,0.6304579661153367,0.6847257434906837,0.7174131755805062,0.0,0.6847257434906837,0.04288904986116141,0.3495191179920244,0.47196809758386116,0.17851278442411447,0.02967926274699183,0.0,0.0036520584329349268,0.015413095094369994,0.012133285041651575,0.2654309879431348,0.0,0.3258527827648115,0.13574339890129364,0.0,0.03090667632500302,0.1035051712342549,0.010010463197714193,0.049710249909453094,0.02164070988772184,0.0014789327538331522,0.03799951708318242,73.44359934001369,55.46903334542274,7.042536923015011
referral_moderate,Transfer & EMT,moderate,205,0.6304579661153367,0.6847257434906837,0.7174131755805062,0.0,0.6847257434906837,0.04288904986116141,0.4428806005160685,0.43443584330283835,0.12268355618109313,0.02967926274699183,0.0,0.0036520584329349268,0.015413095094369994,0.012133285041651575,0.2654309879431348,0.0,0.3258527827648115,0.13574339890129364,0.0,0.03090667632500302,0.1035051712342549,0.010010463197714193,0.049710249909453094,0.02164070988772184,0.0014789327538331522,0.03799951708318242,69.41929252686225,51.20218462654406,7.042536923015011
referral_high,Transfer & EMT,high,205,0.6304579661153367,0.6847257434906837,0.7174131755805062,0.0,0.6847257434906837,0.04288904986116141,0.520994604738447,0.40464461646727656,0.07436077879427633,0.02967926274699183,0.0,0.0036520584329349268,0.015413095094369994,0.012133285041651575,0.2654309879431348,0.0,0.3258527827648115,0.13574339890129364,0.0,0.03090667632500302,0.1035051712342549,0.010010463197714193,0.049710249909453094,0.02164070988772184,0.0014789327538331522,0.03799951708318242,68.41321582357439,50.135472446824394,7.042536923015011
pulse_base,PULSE,base,205,0.6304579661153367,0.6847257434906837,0.7174131755805062,0.0,0.6847257434906837,0.04288904986116141,0.3495191179920244,0.47196809758386116,0.17851278442411447,0.02967926274699183,0.0,0.0036520584329349268,0.015413095094369994,0.012133285041651575,0.2654309879431348,0.0,0.3258527827648115,0.13574339890129364,0.0,0.03090667632500302,0.1035051712342549,0.010010463197714193,0.049710249909453094,0.02164070988772184,0.0014789327538331522,0.03799951708318242,73.44359934001369,55.46903334542274,7.042536923015011
pulse_current,PULSE,current,205,0.6304579661153367,0.6847257434906837,0.7174131755805062,0.0,0.6847257434906837,0.04286892832709566,0.34968317296409296,0.4717202534616287,0.17859657357427833,0.02967926274699183,0.0,0.0036520584329349268,0.015272244355909695,0.012133285041651575,0.2654309879431348,0.0,0.3258527827648115,0.135451057374855,0.0,0.03090667632500302,0.10278079600788764,0.010010463197714193,0.049710249909453094,0.02164070988772184,0.0014789327538331522,0.03787878787878788,72.43752263672583,54.40232116570307,7.042536923015011
pulse_moderate,PULSE,moderate,205,0.6304579661153367,0.6847257434906837,0.7173930540464405,0.0,0.6847257434906837,0.04249667994687915,0.34990530303030304,0.47301136363636365,0.17708333333333334,0.02967926274699183,0.0,0.0036520584329349268,0.01417562074932593,0.012133285041651575,0.2654309879431348,0.0,0.3258527827648115,0.13635923739475467,0.0,0.03090667632500302,0.09477242544971629,0.010010463197714193,0.049710249909453094,0.02164070988772184,0.0014789327538331522,0.03665137430077669,70.4253692301501,54.40232116570307,7.032476155982132
pulse_high,PULSE,high,205,0.6304579661153367,0.6847257434906837,0.7173829932794076,0.0,0.6847257434906837,0.042124431566662644,0.350131358968235,0.4733699546214473,0.17649868641031766,0.02967926274699183,0.0,0.0036520584329349268,0.013320455551531248,0.012133285041651575,0.2654309879431348,0.0,0.3258527827648115,0.1397804054054054,0.0,0.03090667632500302,0.08681435872670933,0.010010463197714193,0.049710249909453094,0.02164070988772184,0.0014789327538331522,0.03530323151837096,69.41929252686225,53.3356089859834,7.032476155982132
fqa_base,FQA,base,205,0.6304579661153367,0.6847257434906837,0.7174131755805062,0.0,0.6847257434906837,0.04215461386776128,0.35155131264916467,0.47255369928400953,0.17589498806682577,0.06423799750492977,0.014004587709766992,0.005211477323031108,0.04474023099521107,0.027284800193166727,0.5745006298362426,0.47459938629389703,0.48411214953271026,0.418896006028636,0.0,0.022395267415187735,0.0787959274015051,0.00924584490321542,0.04773833957100889,0.02164070988772184,0.0014789327538331522,0.03231518370960602,66.40106241699867,48.00204808738506,6.972111553784861
fqa_current,FQA,current,205,0.6304579661153367,0.6847257434906837,0.7174131755805062,0.0,0.6847257434906837,0.04215461386776128,0.35155131264916467,0.47255369928400953,0.17589498806682577,0.06423799750492977,0.014014648476799871,0.005231598857096865,0.044810656364441225,0.027284800193166727,0.5745006298362426,0.47494033412887826,0.48598130841121495,0.41959491285916156,0.0,0.0223650851140891,0.07877580586743933,0.009235784136182543,0.04773833957100889,0.02164070988772184,0.0014789327538331522,0.03230512294257314,66.40106241699867,48.00204808738506,6.972111553784861
fqa_moderate,FQA,moderate,205,0.6304579661153367,0.6847257434906837,0.7173829932794076,0.0,0.6847257434906837,0.04210431003259688,0.35173237753882913,0.47216248506571085,0.17610513739545997,0.06423799750492977,0.01438689685701638,0.005382510362590044,0.04636001448750453,0.02827075536238883,0.5745006298362426,0.4875554040231845,0.5,0.4346759739647203,0.0,0.022143748239365768,0.0775282707553624,0.009165358766952392,0.04761761036661435,0.02164070988772184,0.0014789327538331522,0.03203348223268542,66.40106241699867,48.00204808738506,6.962050786751982
fqa_high,FQA,high,205,0.6304579661153367,0.6847257434906837,0.7173628717453419,0.0,0.6847257434906837,0.04205400619743249,0.3519138755980861,0.47200956937799043,0.17607655502392344,0.06423799750492977,0.0147993883053644,0.005573664936214737,0.047718218036943136,0.029065555957986235,0.5745006298362426,0.5022191874359849,0.5177570093457944,0.44910519837136637,0.0,0.021821803694313656,0.0763511610125156,0.009115054931788,0.047496881162219805,0.02164070988772184,0.0014789327538331522,0.031631051551370276,66.40106241699867,48.00204808738506,6.951990019719103
combined_base,All,base,205,0.6304579661153367,0.6847257434906837,0.7174131755805062,0.0,0.6847257434906837,0.04288904986116141,0.3495191179920244,0.47196809758386116,0.17851278442411447,0.02967926274699183,0.0,0.0036520584329349268,0.015413095094369994,0.012133285041651575,0.2654309879431348,0.0,0.3258527827648115,0.13574339890129364,0.0,0.03090667632500302,0.1035051712342549,0.010010463197714193,0.049710249909453094,0.02164070988772184,0.0014789327538331522,0.03799951708318242,73.44359934001369,55.46903334542274,7.042536923015011
combined_current,All,current,205,0.6326612740955371,0.6868787476357198,0.7192241136464244,0.0,0.6868787476357198,0.041802487021610525,0.35090252707581226,0.4741275571600481,0.1749699157641396,0.06799066360819349,0.014648476799871222,0.005493178799951709,0.04697372127651012,0.028844219083262908,0.6060443009595552,0.4986301369863014,0.5126760563380282,0.4433998100664767,0.0,0.021872107529478046,0.07633103947844984,0.009074811863656485,0.047557245764417076,0.02164070988772184,0.0014789327538331522,0.03169141615356755,63.3828323071351,45.84710523509969,6.951990019719103
combined_moderate,All,moderate,205,0.7161153366332649,0.7455531409714676,0.7649804821119562,0.0,0.7455531409714676,0.020564207815203833,0.5048923679060665,0.4060665362035225,0.08904109589041095,0.11033643204957946,0.019527948810817337,0.00754557527465894,0.057275946718177796,0.044659744858948046,0.8678483817361715,0.7352272727272727,0.7820646506777894,0.6725339633786178,0.0,0.016268260292164674,0.049519095335828406,0.007243752263672582,0.046983782043543,0.02149985914926154,0.0014889935208660307,0.02619823735361584,38.23091472493863,24.27645605961453,6.338283230713509
combined_high,All,high,205,0.849601593625498,0.7663889894965592,0.7663889894965592,0.0,0.7663889894965592,0.0,,,,0.14370799629763772,0.01764658537566904,0.007364481468067126,0.04436798261499457,0.04827156022375146,0.9516322451698868,0.7626086956521739,0.8375286041189931,0.711979334840168,0.0,0.013622278562517607,0.034619099360135214,0.006378526298845024,0.04880478087649402,0.021409312245965633,0.0013984466175701235,0.023884260936053763,27.16407098877218,20.79542500649857,5.825184112036702
mentors_base,MENTORS,base,206,0.6300354138999558,0.6843937381785987,0.7169805625980925,0.0,0.6843937381785987,0.042124431566662644,0.3558633866730356,0.4690709338428469,0.1750656794841175,0.026047325848122662,0.0,0.0043261298241377925,0.01688196708117027,0.012696687995492777,0.2630830200182908,0.0,0.3377847604084839,0.1357165965706891,0.0,0.02953841200853153,0.1111111111111111,0.011278119843856895,0.05488148416435269,0.02185198599541229,0.0015493581230633024,0.03557487222825868,61.37067890055938,41.59645043622944,7.153205360376675
mentors_current,MENTORS,current,206,0.6300354138999558,0.6843937381785987,0.7169503802969939,0.0,0.6843937381785987,0.04150066401062417,0.35709090909090907,0.4693333333333333,0.17357575757575758,0.0593887077950823,0.013974405408668357,0.006177310958187452,0.05159161334460139,0.0295987766107288,0.59983741489686,0.4936034115138593,0.5008156606851549,0.437542662116041,0.0,0.02149985914926154,0.07899714274216266,0.010261982373536158,0.05308060686546742,0.02185198599541229,0.0015493581230633024,0.028954887520624573,57.34637208740795,37.330147827385396,7.112962292245161
mentors_moderate,MENTORS,moderate,206,0.6300354138999558,0.6843937381785987,0.7168095295585335,0.0,0.6843937381785987,0.04105799026117751,0.35824552805684884,0.46777750551335456,0.17397696642979663,0.07542557044549077,0.016851784780071634,0.007505332206527425,0.06309107006318161,0.03771781560626182,0.7618128239000101,0.6090909090909091,0.6237458193979933,0.5488840262582056,0.0,0.01909533582840356,0.06699464767193851,0.009527546380136021,0.052205320133606986,0.02185198599541229,0.0015493581230633024,0.026640911103062496,52.31598857096865,31.997269566330342,7.072719224113647
mentors_high,MENTORS,high,206,0.6300354138999558,0.6843937381785987,0.7167391041893034,0.0,0.6843937381785987,0.040746106483158274,0.35777777777777775,0.4679012345679012,0.174320987654321,0.09254899593545012,0.020393174775644896,0.008762928085637249,0.07407742766308503,0.0451527224435591,0.9347627273651051,0.7518545994065282,0.7495697074010327,0.662378553436488,0.0,0.016811541711940117,0.055897621634673426,0.008742806551571492,0.05153124874240412,0.02185198599541229,0.0015493581230633024,0.02449796772505936,50.30383516439293,29.864118261908313,7.062658457080768
prompts_base,PROMPTS,base,206,0.6300354138999558,0.6843937381785987,0.7169805625980925,0.0,0.6843937381785987,0.042124431566662644,0.3558633866730356,0.4690709338428469,0.1750656794841175,0.026047325848122662,0.0,0.0043261298241377925,0.01688196708117027,0.012696687995492777,0.2630830200182908,0.0,0.3377847604084839,0.1357165965706891,0.0,0.02953841200853153,0.1111111111111111,0.011278119843856895,0.05488148416435269,0.02185198599541229,0.0015493581230633024,0.03557487222825868,61.37067890055938,41.59645043622944,7.153205360376675
prompts_current,PROMPTS,current,206,0.6320978711416958,0.6864058915851744,0.7186607106925832,0.0,0.6864058915851744,0.04184273008974204,0.35465256071170953,0.47030536186583316,0.1750420774224573,0.026147933518451447,0.0,0.004316069057104913,0.016831663246005876,0.012716809529558533,0.263323201621074,0.0,0.33726415094339623,0.1355533949116837,0.0,0.029518290474465775,0.1108797134693549,0.011268059076824016,0.05491166646545133,0.02185198599541229,0.0015493581230633024,0.03555475069419293,60.36460219727152,41.580484892423826,7.153205360376675
prompts_moderate,PROMPTS,moderate,206,0.6858324278643003,0.7243048009980281,0.7524347056219566,0.0,0.7243048009980281,0.03633949052275746,0.35160575858250276,0.4689922480620155,0.17940199335548174,0.02868324681073685,0.0,0.004185279085677492,0.016620387138315425,0.012847599500985955,0.2657779435070383,0.0,0.343801652892562,0.1372434992107668,0.0,0.0295987766107288,0.10801239486498451,0.010583926918588274,0.05555555555555555,0.02185198599541229,0.0015694796571290594,0.03495110467222021,58.352448790695796,40.240596407997295,6.811139281258804
prompts_high,PROMPTS,high,206,0.8381524407420822,0.7663889894965592,0.7663889894965592,0.0,0.7663889894965592,0.0,,,,0.035061773109581876,0.0,0.0036419976659020485,0.014779266771298644,0.013511610125155941,0.2651803378481205,0.0,0.32092198581560283,0.13937381404174573,0.0,0.025896414342629483,0.09442029860356553,0.009708640186727836,0.05901645941486579,0.021469676848162905,0.0014487504527345165,0.03287858666344722,36.218761318362915,28.110651854782457,6.277918628516238
prompts_high_shift,PROMPTS,high_shift,206,0.8855889573021047,0.8467242142540947,0.8531530443881041,0.0,0.8467242142540947,0.010412893879029337,0.2966183574879227,0.5207729468599034,0.1826086956521739,0.03707392651615759,0.0,0.0037627268702965914,0.016560022536118154,0.013109179443840798,0.26520331054336094,0.0,0.34661723818350326,0.1548593470693386,0.0,0.02690249104591734,0.09409835405851343,0.009386695641675722,0.056159201577528274,0.022063262103102742,0.0016902088615236026,0.03155056541510725,29.176224395347898,20.71079446607572,5.5636041691818585
blood_base,Blood tracking,base,206,0.6300354138999558,0.6843937381785987,0.7169805625980925,0.0,0.6843937381785987,0.042124431566662644,0.3558633866730356,0.4690709338428469,0.1750656794841175,0.026047325848122662,0.0,0.0043261298241377925,0.01688196708117027,0.012696687995492777,0.2630830200182908,0.0,0.3377847604084839,0.1357165965706891,0.0,0.02953841200853153,0.1111111111111111,0.011278119843856895,0.05488148416435269,0.02185198599541229,0.0015493581230633024,0.03557487222825868,61.37067890055938,41.59645043622944,7.153205360376675
blood_current,Blood tracking,current,206,0.6300354138999558,0.6843937381785987,0.7169805625980925,0.0,0.6843937381785987,0.042124431566662644,0.3558633866730356,0.4690709338428469,0.1750656794841175,0.026047325848122662,0.0,0.0043261298241377925,0.01688196708117027,0.012696687995492777,0.2630830200182908,0.0,0.3377847604084839,0.1357165965706891,0.0,0.02953841200853153,0.1111111111111111,0.011278119843856895,0.05488148416435269,0.02185198599541229,0.0015493581230633024,0.03557487222825868,59.358525493983656,39.46329913180742,7.153205360376675
blood_moderate,Blood tracking,moderate,206,0.6300354138999558,0.6843937381785987,0.7169805625980925,0.0,0.6843937381785987,0.042124431566662644,0.3558633866730356,0.4690709338428469,0.1750656794841175,0.026047325848122662,0.0,0.0043261298241377925,0.01688196708117027,0.012696687995492777,0.2630830200182908,0.0,0.3377847604084839,0.1357165965706891,0.0,0.02953841200853153,0.1111111111111111,0.011278119843856895,0.05488148416435269,0.02185198599541229,0.0015493581230633024,0.03557487222825868,57.34637208740795,37.330147827385396,7.153205360376675
blood_high,Blood tracking,high,206,0.6300354138999558,0.6843937381785987,0.7169805625980925,0.0,0.6843937381785987,0.042124431566662644,0.3558633866730356,0.4690709338428469,0.1750656794841175,0.026047325848122662,0.0,0.0043261298241377925,0.01688196708117027,0.012696687995492777,0.2630830200182908,0.0,0.3377847604084839,0.1357165965706891,0.0,0.02953841200853153,0.1111111111111111,0.011278119843856895,0.05488148416435269,0.02185198599541229,0.0015493581230633024,0.03557487222825868,52.31598857096865,31.997269566330342,7.153205360376675
referral_base,Transfer & EMT,base,206,0.6300354138999558,0.6843937381785987,0.7169805625980925,0.0,0.6843937381785987,0.042124431566662644,0.3558633866730356,0.4690709338428469,0.1750656794841175,0.026047325848122662,0.0,0.0043261298241377925,0.01688196708117027,0.012696687995492777,0.2630830200182908,0.0,0.3377847604084839,0.1357165965706891,0.0,0.02953841200853153,0.1111111111111111,0.011278119843856895,0.05488148416435269,0.02185198599541229,0.0015493581230633024,0.03557487222825868,61.37067890055938,41.59645043622944,7.153205360376675
referral_current,Transfer & EMT,current,206,0.6300354138999558,0.6843937381785987,0.7169805625980925,0.0,0.6843937381785987,0.042124431566662644,0.3558633866730356,0.4690709338428469,0.1750656794841175,0.026047325848122662,0.0,0.0043261298241377925,0.01688196708117027,0.012696687995492777,0.2630830200182908,0.0,0.3377847604084839,0.1357165965706891,0.0,0.02953841200853153,0.1111111111111111,0.011278119843856895,0.05488148416435269,0.02185198599541229,0.0015493581230633024,0.03557487222825868,61.37067890055938,41.59645043622944,7.153205360376675
referral_moderate,Transfer & EMT,moderate,206,0.6300354138999558,0.6843937381785987,0.7169805625980925,0.0,0.6843937381785987,0.042124431566662644,0.449964174826845,0.4279914019584428,0.1220444232147122,0.026047325848122662,0.0,0.0043261298241377925,0.01688196708117027,0.012696687995492777,0.2630830200182908,0.0,0.3377847604084839,0.1357165965706891,0.0,0.02953841200853153,0.1111111111111111,0.011278119843856895,0.05488148416435269,0.02185198599541229,0.0015493581230633024,0.03557487222825868,61.37067890055938,41.59645043622944,7.153205360376675
referral_high,Transfer & EMT,high,206,0.6300354138999558,0.6843937381785987,0.7169805625980925,0.0,0.6843937381785987,0.042124431566662644,0.5266300453785526,0.40028660138524,0.07308335323620731,0.026047325848122662,0.0,0.0043261298241377925,0.01688196708117027,0.012696687995492777,0.2630830200182908,0.0,0.3377847604084839,0.1357165965706891,0.0,0.02953841200853153,0.1111111111111111,0.011278119843856895,0.05488148416435269,0.02185198599541229,0.0015493581230633024,0.03557487222825868,61.37067890055938,41.59645043622944,7.153205360376675
pulse_base,PULSE,base,206,0.6300354138999558,0.6843937381785987,0.7169805625980925,0.0,0.6843937381785987,0.042124431566662644,0.3558633866730356,0.4690709338428469,0.1750656794841175,0.026047325848122662,0.0,0.0043261298241377925,0.01688196708117027,0.012696687995492777,0.2630830200182908,0.0,0.3377847604084839,0.1357165965706891,0.0,0.02953841200853153,0.1111111111111111,0.011278119843856895,0.05488148416435269,0.02185198599541229,0.0015493581230633024,0.03557487222825868,61.37067890055938,41.59645043622944,7.153205360376675
pulse_current,PULSE,current,206,0.6300354138999558,0.6843937381785987,0.7169805625980925,0.0,0.6843937381785987,0.04209424926556401,0.3561185468451243,0.4686902485659656,0.17519120458891013,0.026047325848122662,0.0,0.0043261298241377925,0.01672099480864421,0.012696687995492777,0.2630830200182908,0.0,0.3377847604084839,0.13558492413117965,0.0,0.02953841200853153,0.11012515594188901,0.011278119843856895,0.05488148416435269,0.02185198599541229,0.0015493581230633024,0.03546420379089702,61.37067890055938,41.59645043622944,7.153205360376675
pulse_moderate,PULSE,moderate,206,0.6300354138999558,0.6843937381785987,0.7169604410640267,0.0,0.6843937381785987,0.04173206165238038,0.3563162970106075,0.47058823529411764,0.17309546769527484,0.026047325848122662,0.0,0.0043261298241377925,0.015553945832830296,0.012696687995492777,0.2630830200182908,0.0,0.3377847604084839,0.13659657183247922,0.0,0.02953841200853153,0.10166405086723812,0.011278119843856895,0.05488148416435269,0.02185198599541229,0.0015493581230633024,0.03422672944585295,59.358525493983656,41.59645043622944,7.153205360376675
pulse_high,PULSE,high,206,0.6300354138999558,0.6843937381785987,0.7169503802969939,0.0,0.6843937381785987,0.04136987403919675,0.35651750972762647,0.4705739299610895,0.17290856031128404,0.026047325848122662,0.0,0.0043261298241377925,0.014507626061410922,0.012696687995492777,0.2630830200182908,0.0,0.3377847604084839,0.13898795180722892,0.0,0.02953841200853153,0.09322306732665299,0.011278119843856895,0.05488148416435269,0.02185198599541229,0.0015493581230633024,0.0328886474304801,58.352448790695796,40.52987478401843,7.153205360376675
fqa_base,FQA,base,206,0.6300354138999558,0.6843937381785987,0.7169805625980925,0.0,0.6843937381785987,0.041550967845788565,0.35714285714285715,0.4694915254237288,0.17336561743341405,0.056903698337961287,0.01345124552295867,0.005875487947201095,0.04906636081934887,0.0283311199645861,0.5747383395996342,0.4742816601631784,0.4744110479285134,0.4177301927194861,0.0,0.021902289830576682,0.08021449555314097,0.010433015413095095,0.053201336069861965,0.02185198599541229,0.0015493581230633024,0.029307014366775325,57.34637208740795,37.330147827385396,7.123023059278039
fqa_current,FQA,current,206,0.6300354138999558,0.6843937381785987,0.7169805625980925,0.0,0.6843937381785987,0.041550967845788565,0.35714285714285715,0.4694915254237288,0.17336561743341405,0.056903698337961287,0.013471367057024428,0.0058956094812668515,0.049136786188579015,0.0283311199645861,0.5747383395996342,0.4751596877217885,0.4760357432981316,0.41836559876648965,0.0,0.021882168296510927,0.08019437401907521,0.010422954646062216,0.053191275302829084,0.02185198599541229,0.0015493581230633024,0.029276832065676685,57.34637208740795,37.330147827385396,7.123023059278039
fqa_moderate,FQA,moderate,206,0.6300354138999558,0.6843937381785987,0.7169604410640267,0.0,0.6843937381785987,0.04151072477765705,0.3572467280659234,0.4692195831313621,0.1735336888027145,0.056903698337961287,0.013863736971306693,0.006086764054891545,0.05081693428306974,0.02933719666787396,0.5747383395996342,0.48899929027679206,0.49147034930950445,0.43348781325094404,0.0,0.021600466819590325,0.07880598816853797,0.010352529276832065,0.053140971467664694,0.02185198599541229,0.0015493581230633024,0.028954887520624573,57.34637208740795,37.330147827385396,7.112962292245161
fqa_high,FQA,high,206,0.6300354138999558,0.6843937381785987,0.716930258762928,0.0,0.6843937381785987,0.04146042094249266,0.3574375151662218,0.4688182479980587,0.1737442368357195,0.056903698337961287,0.014256106885588957,0.006267857861483359,0.0523864139401988,0.030142058030504244,0.5747383395996342,0.5031960227272727,0.5060926076360682,0.4472983420668327,0.0,0.021409312245965633,0.07749808845426376,0.010272043140569037,0.05305042456436879,0.02185198599541229,0.0015493581230633024,0.028663125276671093,56.34029538412008,36.26357217517439,7.112962292245161
combined_base,All,base,206,0.6300354138999558,0.6843937381785987,0.7169805625980925,0.0,0.6843937381785987,0.042124431566662644,0.3558633866730356,0.4690709338428469,0.1750656794841175,0.026047325848122662,0.0,0.0043261298241377925,0.01688196708117027,0.012696687995492777,0.2630830200182908,0.0,0.3377847604084839,0.1357165965706891,0.0,0.02953841200853153,0.1111111111111111,0.011278119843856895,0.05488148416435269,0.02185198599541229,0.0015493581230633024,0.03557487222825868,61.37067890055938,41.59645043622944,7.153205360376675
combined_current,All,current,206,0.6322588434142219,0.6865165600225361,0.7187210752947805,0.0,0.6865165600225361,0.0411585979315063,0.3563920801759961,0.4715228550476656,0.1720850647763383,0.060163386856613946,0.014115256147128658,0.00619743249225321,0.05155137027646988,0.029920721155780917,0.6056922921097944,0.4991106367840626,0.5028571428571429,0.44180031039834455,0.0,0.021409312245965633,0.07758863535755967,0.010231800072437522,0.05308060686546742,0.02185198599541229,0.0015493581230633024,0.028743611412934123,53.32206527425651,34.11550229746586,7.0928407581794035
combined_moderate,All,moderate,206,0.7160449112640348,0.7453318040967444,0.764920117509759,0.0,0.7453318040967444,0.020745301621795647,0.510184287099903,0.4020368574199806,0.0877788554801164,0.09781077709364562,0.018954485089943258,0.00818946436476317,0.06378526298845023,0.046229224516077104,0.8686561829878484,0.7373776908023484,0.7537037037037037,0.6701902748414377,0.0,0.016268260292164674,0.04747675962815405,0.008058674393335748,0.052788844621513946,0.021751378325083504,0.0015191758219646667,0.023220250311883777,32.194454505211475,18.997160979831346,6.61998470763411
combined_high,All,high,206,0.8492796490804458,0.7663889894965592,0.7663889894965592,0.0,0.7663889894965592,0.0,,,,0.1276007082779991,0.01749567387017586,0.0078071552175137835,0.050354138999557325,0.049881282949012035,0.9518198874296435,0.767431597528685,0.8134171907756813,0.7143876677133886,0.0,0.013793311602076542,0.0327477966920198,0.006821200048291682,0.05486136263028693,0.02149985914926154,0.001458811219767395,0.02091633466135458,26.157994285484325,17.67739788703103,6.187371725220331
mentors_base,MENTORS,base,207,0.6304680268823695,0.6843233128093685,0.7208640186727836,0.0,0.6843233128093685,0.043231115940279286,0.3602513381428904,0.46730276937398185,0.17244589248312778,0.029266771298643808,0.0,0.003068533945027969,0.016348746428427704,0.01259608032516399,0.262237447038673,0.0,0.324468085106383,0.14038876889848811,0.0,0.038271157793070144,0.10546702080566622,0.007988249024105597,0.04960964223912431,0.02185198599541229,0.001559418890096181,0.025312889854722524,53.32206527425651,38.400409604369116,7.163266127409554
mentors_current,MENTORS,current,207,0.6304680268823695,0.6843233128093685,0.720833836371685,0.0,0.6843233128093685,0.042808563724898385,0.36169212690951824,0.46768507638072854,0.17062279670975322,0.06697452613787275,0.017626463841603286,0.0047788643406173285,0.051309911867680795,0.029518290474465775,0.6001081763274136,0.4878863826232247,0.514626218851571,0.4627949183303085,0.0,0.028150026157994286,0.07798100527184193,0.007173326894442432,0.047396273491891024,0.02185198599541229,0.001559418890096181,0.02105718539981488,48.291681757817216,33.06701938154007,7.082779991146525
mentors_moderate,MENTORS,moderate,207,0.6304680268823695,0.6843233128093685,0.7207432894683891,0.0,0.6843233128093685,0.042546983782043545,0.3620241191771104,0.46677701584298886,0.1711988649799007,0.08497323835969255,0.021268461507505332,0.006016338685661394,0.06314137389834601,0.03743611412934122,0.7613810511133147,0.6038274778634676,0.6549835706462213,0.5818653810495086,0.0,0.02526258601955813,0.06790011670489758,0.006640106241699867,0.04636001448750453,0.02185198599541229,0.001559418890096181,0.019457523441587188,48.291681757817216,33.06701938154007,7.062658457080768
mentors_high,MENTORS,high,207,0.6304680268823695,0.6843233128093685,0.7206527425650932,0.0,0.6843233128093685,0.04225522153809006,0.3616666666666667,0.46714285714285714,0.1711904761904762,0.1043502756650167,0.025081492212966315,0.007203509195541068,0.07425852146967685,0.044810656364441225,0.935004056612278,0.73215859030837,0.7911602209944751,0.7021499238964992,0.0,0.0223650851140891,0.05756770896213127,0.005885548714233973,0.04541430238641394,0.02185198599541229,0.001559418890096181,0.017898104551491007,43.26129824137792,27.733629158711025,7.0123546219163755
prompts_base,PROMPTS,base,207,0.6304680268823695,0.6843233128093685,0.7208640186727836,0.0,0.6843233128093685,0.043231115940279286,0.3602513381428904,0.46730276937398185,0.17244589248312778,0.029266771298643808,0.0,0.003068533945027969,0.016348746428427704,0.01259608032516399,0.262237447038673,0.0,0.324468085106383,0.14038876889848811,0.0,0.038271157793070144,0.10546702080566622,0.007988249024105597,0.04960964223912431,0.02185198599541229,0.001559418890096181,0.025312889854722524,53.32206527425651,38.400409604369116,7.163266127409554
prompts_current,PROMPTS,current,207,0.6325304841241096,0.686365648517043,0.7226749567387017,0.0,0.686365648517043,0.04306008290072035,0.35841121495327105,0.4700934579439252,0.17149532710280374,0.029377439736005474,0.0,0.0030484124109622117,0.01630850336029619,0.012575958791098234,0.2624955052139518,0.0,0.3230277185501066,0.14004319654427647,0.0,0.038261097026037263,0.10548714233973198,0.007988249024105597,0.04974043221055173,0.021811742927280775,0.0015996619582276954,0.025363193689886918,53.32206527425651,38.385669350109296,7.183387661475311
prompts_moderate,PROMPTS,moderate,207,0.686275101613747,0.7243450440661596,0.7556843333735764,0.0,0.7243450440661596,0.036912954243631536,0.3515944399018806,0.4766966475878986,0.17170891251022077,0.03211396836894845,0.0,0.003108777013159483,0.016258199525131797,0.012877781802084591,0.26439161765923963,0.0,0.3333333333333333,0.142353770260747,0.0,0.03755684333373576,0.10334419896172885,0.007847398285645298,0.050505050505050504,0.02171113525695199,0.0015694796571290594,0.024819912270111474,45.273451647953635,31.773939015219717,6.690410076864261
prompts_high,PROMPTS,high,207,0.838333534548674,0.7663889894965592,0.7663889894965592,0.0,0.7663889894965592,0.0,,,,0.03929735603042376,0.0,0.0031288985472252406,0.014004587709766992,0.013300334017465491,0.26420454545454547,0.0,0.34100877192982454,0.1411621539397627,0.0,0.03123868163708801,0.08971185963217836,0.007696486780152119,0.05381504285886756,0.02156022375145881,0.001388385850537245,0.023683045595396194,28.17014769206004,21.868166198063104,6.116946355990181
prompts_high_shift,PROMPTS,high_shift,207,0.8854682280977102,0.8461608113002536,0.853324077427663,0.0,0.8461608113002536,0.010372650810897823,0.3229873908826382,0.507274490785645,0.1697381183317168,0.041540907078755684,0.0,0.003068533945027969,0.01650971870095376,0.012827477966920199,0.2643575132851015,0.0,0.34936998854524626,0.1590578656586217,0.0,0.0328886474304801,0.09319288502555435,0.007354420701034247,0.05091754195339853,0.022314781278924705,0.0017405126966879955,0.02357237715803453,24.145840878908608,16.570694726376406,5.634029538412008
blood_base,Blood tracking,base,207,0.6304680268823695,0.6843233128093685,0.7208640186727836,0.0,0.6843233128093685,0.043231115940279286,0.3602513381428904,0.46730276937398185,0.17244589248312778,0.029266771298643808,0.0,0.003068533945027969,0.016348746428427704,0.01259608032516399,0.262237447038673,0.0,0.324468085106383,0.14038876889848811,0.0,0.038271157793070144,0.10546702080566622,0.007988249024105597,0.04960964223912431,0.02185198599541229,0.001559418890096181,0.025312889854722524,53.32206527425651,38.400409604369116,7.163266127409554
blood_current,Blood tracking,current,207,0.6304680268823695,0.6843233128093685,0.7208640186727836,0.0,0.6843233128093685,0.043231115940279286,0.3602513381428904,0.46730276937398185,0.17244589248312778,0.029266771298643808,0.0,0.003068533945027969,0.016348746428427704,0.01259608032516399,0.262237447038673,0.0,0.324468085106383,0.14038876889848811,0.0,0.038271157793070144,0.10546702080566622,0.007988249024105597,0.04960964223912431,0.02185198599541229,0.001559418890096181,0.025312889854722524,51.30991186768079,36.26705351523749,7.163266127409554
blood_moderate,Blood tracking,moderate,207,0.6304680268823695,0.6843233128093685,0.7208640186727836,0.0,0.6843233128093685,0.043231115940279286,0.3602513381428904,0.46730276937398185,0.17244589248312778,0.029266771298643808,0.0,0.003068533945027969,0.016348746428427704,0.01259608032516399,0.262237447038673,0.0,0.324468085106383,0.14038876889848811,0.0,0.038271157793070144,0.10546702080566622,0.007988249024105597,0.04960964223912431,0.02185198599541229,0.001559418890096181,0.025312889854722524,49.297758461105076,34.133697426105876,7.163266127409554
blood_high,Blood tracking,high,207,0.6304680268823695,0.6843233128093685,0.7208640186727836,0.0,0.6843233128093685,0.043231115940279286,0.3602513381428904,0.46730276937398185,0.17244589248312778,0.029266771298643808,0.0,0.003068533945027969,0.016348746428427704,0.01259608032516399,0.262237447038673,0.0,0.324468085106383,0.14038876889848811,0.0,0.038271157793070144,0.10546702080566622,0.007988249024105597,0.04960964223912431,0.02185198599541229,0.001559418890096181,0.025312889854722524,42.25522153809006,26.666951114145217,7.163266127409554
referral_base,Transfer & EMT,base,207,0.6304680268823695,0.6843233128093685,0.7208640186727836,0.0,0.6843233128093685,0.043231115940279286,0.3602513381428904,0.46730276937398185,0.17244589248312778,0.029266771298643808,0.0,0.003068533945027969,0.016348746428427704,0.01259608032516399,0.262237447038673,0.0,0.324468085106383,0.14038876889848811,0.0,0.038271157793070144,0.10546702080566622,0.007988249024105597,0.04960964223912431,0.02185198599541229,0.001559418890096181,0.025312889854722524,53.32206527425651,38.400409604369116,7.163266127409554
referral_current,Transfer & EMT,current,207,0.6304680268823695,0.6843233128093685,0.7208640186727836,0.0,0.6843233128093685,0.043231115940279286,0.3602513381428904,0.46730276937398185,0.17244589248312778,0.029266771298643808,0.0,0.003068533945027969,0.016348746428427704,0.01259608032516399,0.262237447038673,0.0,0.324468085106383,0.14038876889848811,0.0,0.038271157793070144,0.10546702080566622,0.007988249024105597,0.04960964223912431,0.02185198599541229,0.001559418890096181,0.025312889854722524,53.32206527425651,38.400409604369116,7.163266127409554
referral_moderate,Transfer & EMT,moderate,207,0.6304680268823695,0.6843233128093685,0.7208640186727836,0.0,0.6843233128093685,0.043231115940279286,0.45310681871072844,0.42960204794042356,0.11729113334884804,0.029266771298643808,0.0,0.003068533945027969,0.016348746428427704,0.01259608032516399,0.262237447038673,0.0,0.324468085106383,0.14038876889848811,0.0,0.038271157793070144,0.10546702080566622,0.007988249024105597,0.04960964223912431,0.02185198599541229,0.001559418890096181,0.025312889854722524,51.30991186768079,36.26705351523749,7.163266127409554
referral_high,Transfer & EMT,high,207,0.6304680268823695,0.6843233128093685,0.7208640186727836,0.0,0.6843233128093685,0.043231115940279286,0.531766348615313,0.39585757505236213,0.07237607633232487,0.029266771298643808,0.0,0.003068533945027969,0.016348746428427704,0.01259608032516399,0.262237447038673,0.0,0.324468085106383,0.14038876889848811,0.0,0.038271157793070144,0.10546702080566622,0.007988249024105597,0.04960964223912431,0.02185198599541229,0.001559418890096181,0.025312889854722524,51.30991186768079,36.26705351523749,7.163266127409554
pulse_base,PULSE,base,207,0.6304680268823695,0.6843233128093685,0.7208640186727836,0.0,0.6843233128093685,0.043231115940279286,0.3602513381428904,0.46730276937398185,0.17244589248312778,0.029266771298643808,0.0,0.003068533945027969,0.016348746428427704,0.01259608032516399,0.262237447038673,0.0,0.324468085106383,0.14038876889848811,0.0,0.038271157793070144,0.10546702080566622,0.007988249024105597,0.04960964223912431,0.02185198599541229,0.001559418890096181,0.025312889854722524,53.32206527425651,38.400409604369116,7.163266127409554
pulse_current,PULSE,current,207,0.6304680268823695,0.6843233128093685,0.7208640186727836,0.0,0.6843233128093685,0.04320093363918065,0.36050302748020496,0.4669306008383791,0.17256637168141592,0.029266771298643808,0.0,0.003068533945027969,0.016187774155901644,0.01259608032516399,0.262237447038673,0.0,0.324468085106383,0.14007138504396274,0.0,0.038271157793070144,0.1046822809771017,0.007988249024105597,0.04960964223912431,0.02185198599541229,0.001559418890096181,0.02521228218439374,53.32206527425651,38.400409604369116,7.163266127409554
pulse_moderate,PULSE,moderate,207,0.6304680268823695,0.6843233128093685,0.7208438971387179,0.0,0.6843233128093685,0.04288904986116141,0.361247947454844,0.46704198920947687,0.1717100633356791,0.029266771298643808,0.0,0.003068533945027969,0.01501066441305485,0.01259608032516399,0.262237447038673,0.0,0.324468085106383,0.1408344345856145,0.0,0.038271157793070144,0.09658336351563443,0.007988249024105597,0.04960964223912431,0.02185198599541229,0.001559418890096181,0.024246448549237395,51.30991186768079,38.400409604369116,7.153205360376675
pulse_high,PULSE,high,207,0.6304680268823695,0.6843233128093685,0.720833836371685,0.0,0.6843233128093685,0.04263753068533945,0.3614912694667296,0.4672015101462954,0.171307220386975,0.029266771298643808,0.0,0.003068533945027969,0.013994526942734113,0.01259608032516399,0.262237447038673,0.0,0.324468085106383,0.14322487644151566,0.0,0.038271157793070144,0.08846432452010142,0.007988249024105597,0.04960964223912431,0.02185198599541229,0.001559418890096181,0.023411404885508472,50.30383516439293,37.333731559803304,7.153205360376675
fqa_base,FQA,base,207,0.6304680268823695,0.6843233128093685,0.7208640186727836,0.0,0.6843233128093685,0.042818624491931266,0.3618421052631579,0.4675751879699248,0.17058270676691728,0.06408708599943659,0.01694233168336754,0.004557527465894,0.048714233973198115,0.02825063382832307,0.5742360046876408,0.46712898751733706,0.4902597402597403,0.4409032963030413,0.0,0.02862288220853958,0.07914805424765584,0.007314177632902733,0.047557245764417076,0.02185198599541229,0.001559418890096181,0.021268461507505332,48.291681757817216,33.06701938154007,7.0928407581794035
fqa_current,FQA,current,207,0.6304680268823695,0.6843233128093685,0.7208640186727836,0.0,0.6843233128093685,0.042818624491931266,0.3618421052631579,0.4675751879699248,0.17058270676691728,0.06408708599943659,0.01699263551853193,0.004577648999959757,0.048774598575395386,0.02826069459535595,0.5742360046876408,0.468645948945616,0.49242424242424243,0.44144964487342925,0.0,0.0286128214415067,0.07910781117952433,0.007314177632902733,0.047557245764417076,0.02185198599541229,0.001559418890096181,0.021258400740472454,48.291681757817216,33.06701938154007,7.0928407581794035
fqa_moderate,FQA,moderate,207,0.6304680268823695,0.6843233128093685,0.7208438971387179,0.0,0.6843233128093685,0.04278844219083263,0.3618622149071244,0.4674347519398072,0.17070303315306842,0.06408708599943659,0.01750573463720874,0.004678256670288543,0.050575475874280656,0.02924664976457805,0.5742360046876408,0.48333333333333334,0.5032467532467533,0.4584169250410359,0.0,0.02827075536238883,0.07784015453338163,0.007203509195541068,0.04746669886112117,0.02185198599541229,0.001559418890096181,0.02101694233168337,48.291681757817216,33.06701938154007,7.082779991146525
fqa_high,FQA,high,207,0.6304680268823695,0.6843233128093685,0.720823775604652,0.0,0.6843233128093685,0.042758259889733995,0.36211764705882354,0.4672941176470588,0.17058823529411765,0.06408708599943659,0.01800877298885267,0.004859350476880357,0.05207453016217956,0.030061571894241218,0.5742360046876408,0.4976369196552683,0.5227272727272727,0.473082899186546,0.0,0.028019236186566866,0.07649201175097589,0.0071431445933437965,0.047285605054529355,0.02185198599541229,0.001559418890096181,0.02084590929212443,48.291681757817216,33.06701938154007,7.082779991146525
combined_base,All,base,207,0.6304680268823695,0.6843233128093685,0.7208640186727836,0.0,0.6843233128093685,0.043231115940279286,0.3602513381428904,0.46730276937398185,0.17244589248312778,0.029266771298643808,0.0,0.003068533945027969,0.016348746428427704,0.01259608032516399,0.262237447038673,0.0,0.324468085106383,0.14038876889848811,0.0,0.038271157793070144,0.10546702080566622,0.007988249024105597,0.04960964223912431,0.02185198599541229,0.001559418890096181,0.025312889854722524,53.32206527425651,38.400409604369116,7.163266127409554
combined_current,All,current,207,0.6327015171636685,0.6864863777214375,0.7227655036419977,0.0,0.6864863777214375,0.042597287617207935,0.360651865847898,0.4716580066131318,0.16769012753897025,0.06777938750050304,0.017706949977866312,0.004819107408748843,0.05138033723691094,0.02974968811622198,0.6054641862137143,0.48984135819649316,0.5200868621064061,0.4667763458550407,0.0,0.028129904623928528,0.07696486780152119,0.007163266127409554,0.04741639502595678,0.021811742927280775,0.0015996619582276954,0.020976699263551852,47.285605054529356,31.986352489604435,7.102901525212283
combined_moderate,All,moderate,207,0.7164272204112841,0.7453318040967444,0.7656444927361262,0.0,0.7453318040967444,0.02080566622399292,0.5101547388781431,0.4086073500967118,0.08123791102514506,0.11014527747595476,0.02242544971628637,0.006982172320817739,0.06312125236428025,0.04541430238641394,0.8679245283018868,0.71648987463838,0.7877412031782066,0.7027329749103942,0.0,0.020684937019598375,0.04916696848967765,0.005714515674675037,0.04689323514024709,0.021721196023984868,0.0015292365889975452,0.016690812507545574,28.17014769206004,16.889752142887303,6.3483439977463885
combined_high,All,high,207,0.8494104390518733,0.7663889894965592,0.7663889894965592,0.0,0.7663889894965592,0.0,,,,0.14349672018994727,0.019447462674554307,0.007183387661475311,0.05007243752263672,0.049146846955611896,0.9514375291841771,0.7454685692248361,0.8469750889679716,0.7433905899925317,0.0,0.016700873274578455,0.034830375467825664,0.005281902692261258,0.04855326170067206,0.02163064912068896,0.0013783250835043663,0.015403034327337117,20.121534065757174,14.561339643247178,5.915731015332609
mentors_base,MENTORS,base,208,0.6302366292406133,0.6842830697412371,0.7171717171717171,0.0,0.6842830697412371,0.04910660388748038,0.3251382913337431,0.48535136242573246,0.18951034624052449,0.03449837015574067,0.0,0.0035212684615075055,0.017053000120729203,0.014034770010865628,0.26348547717842324,0.0,0.3342884431709647,0.13932270261384186,0.0,0.036892832709565775,0.11061813352650006,0.009155297999919513,0.0697211155378486,0.02213368747233289,0.001559418890096181,0.05830214495553141,84.51044307618012,54.39477810130227,7.97818825707272
mentors_current,MENTORS,current,208,0.6302366292406133,0.6842830697412371,0.7171415348706185,0.0,0.6842830697412371,0.048090466417159645,0.32719665271966525,0.4859832635983264,0.18682008368200836,0.07893677813996539,0.015674675037224837,0.0051913557889653504,0.05216507706547547,0.03247615598213208,0.6028891962501921,0.45931603773584906,0.5113974231912785,0.45374989060995885,0.0,0.025433619059117066,0.08056662239929172,0.008280011268059077,0.06699464767193851,0.02213368747233289,0.001559418890096181,0.04953921686989416,74.44967604330154,43.729135336341045,7.907762887842569
mentors_moderate,MENTORS,moderate,208,0.6302366292406133,0.6842830697412371,0.7170006841321582,0.0,0.6842830697412371,0.04756730653144996,0.3286802030456853,0.4847715736040609,0.1865482233502538,0.1000241458408789,0.0186526620789569,0.006358404764779267,0.06402672139723932,0.04120890176667069,0.7639465191332411,0.5674931129476584,0.6435845213849287,0.5733849896387062,0.0,0.022465692784417884,0.07002293854883496,0.0076361221779548474,0.06570686949173005,0.02213368747233289,0.001559418890096181,0.04657129059519498,72.43752263672583,41.5960067833488,7.8775805867439335
mentors_high,MENTORS,high,208,0.6302366292406133,0.6842830697412371,0.716940319529961,0.0,0.6842830697412371,0.0471246327820033,0.3292058070025619,0.4846285226302306,0.18616567036720752,0.12237917018793512,0.02163064912068896,0.00747514990542879,0.07460058754879471,0.049358123063302346,0.9346857230674658,0.6844953836357848,0.7780104712041885,0.6902168854137578,0.0,0.019608434947080366,0.05915731015332609,0.006911746951587589,0.06453982051591613,0.02213368747233289,0.001559418890096181,0.04348263511610125,68.41321582357439,37.329749677364305,7.7970944504809045
prompts_base,PROMPTS,base,208,0.6302366292406133,0.6842830697412371,0.7171717171717171,0.0,0.6842830697412371,0.04910660388748038,0.3251382913337431,0.48535136242573246,0.18951034624052449,0.03449837015574067,0.0,0.0035212684615075055,0.017053000120729203,0.014034770010865628,0.26348547717842324,0.0,0.3342884431709647,0.13932270261384186,0.0,0.036892832709565775,0.11061813352650006,0.009155297999919513,0.0697211155378486,0.02213368747233289,0.001559418890096181,0.05830214495553141,84.51044307618012,54.39477810130227,7.97818825707272
prompts_current,PROMPTS,current,208,0.6322990864823534,0.6862952231478128,0.718922290635438,0.0,0.6862952231478128,0.04897581391605296,0.3229252259654889,0.48746918652423993,0.18960558751027115,0.034619099360135214,0.0,0.003511207694474627,0.01707312165479496,0.014014648476799871,0.26365795724465557,0.0,0.3333333333333333,0.13932676518883416,0.0,0.0368827719425329,0.11074892349792748,0.009155297999919513,0.06980160167411163,0.022093444404201378,0.0015896011911948167,0.058261901887399895,82.4982896696044,54.37448024393885,7.948005955974084
prompts_moderate,PROMPTS,moderate,208,0.6863254054489114,0.724314861765061,0.7529679262746992,0.0,0.724314861765061,0.039961366654593745,0.32351460221550854,0.48892245720040284,0.18756294058408862,0.037747997907360456,0.0,0.0034709646263431124,0.017314580063584047,0.014437200692180772,0.26461668664927007,0.0,0.33527696793002915,0.14272682036822026,0.0,0.036319368988691696,0.10964223912431084,0.008964143426294821,0.07013360698619663,0.0219425328987082,0.0015795404241619381,0.05730612901927643,67.40713912028653,44.47833269792858,7.54557527465894
prompts_high,PROMPTS,high,208,0.8382228661113124,0.7663889894965592,0.7663889894965592,0.0,0.7663889894965592,0.0,,,,0.046229224516077104,0.0,0.0034206607911787196,0.015714918105356353,0.014658537566904101,0.2654228280961183,0.0,0.33497536945812806,0.14125519985530838,0.0,0.03222463680631011,0.10073846030021329,0.008642198881242706,0.0745603444806632,0.021670892188820477,0.0014185681516358808,0.05573664936214737,53.32206527425651,44.77953887488805,6.982172320817739
prompts_high_shift,PROMPTS,high_shift,208,0.8854279850295786,0.8462513582035495,0.8528109783089862,0.0,0.8462513582035495,0.01288784256911747,0.27478532396565186,0.516783762685402,0.20843091334894615,0.04896575314902008,0.0,0.003410600024145841,0.017988651454786914,0.014437200692180772,0.2660144293834718,0.0,0.3487654320987654,0.1576441544701111,0.0,0.0334520503843213,0.10238842609360538,0.008360497404322105,0.07173326894442432,0.021972715199806835,0.0016600265604249668,0.0562396877137913,35.21268461507505,21.74971259308359,6.177310958187452
blood_base,Blood tracking,base,208,0.6302366292406133,0.6842830697412371,0.7171717171717171,0.0,0.6842830697412371,0.04910660388748038,0.3251382913337431,0.48535136242573246,0.18951034624052449,0.03449837015574067,0.0,0.0035212684615075055,0.017053000120729203,0.014034770010865628,0.26348547717842324,0.0,0.3342884431709647,0.13932270261384186,0.0,0.036892832709565775,0.11061813352650006,0.009155297999919513,0.0697211155378486,0.02213368747233289,0.001559418890096181,0.05830214495553141,84.51044307618012,54.39477810130227,7.97818825707272
blood_current,Blood tracking,current,208,0.6302366292406133,0.6842830697412371,0.7171717171717171,0.0,0.6842830697412371,0.04910660388748038,0.3251382913337431,0.48535136242573246,0.18951034624052449,0.03449837015574067,0.0,0.0035212684615075055,0.017053000120729203,0.014034770010865628,0.26348547717842324,0.0,0.3342884431709647,0.13932270261384186,0.0,0.036892832709565775,0.11061813352650006,0.009155297999919513,0.0697211155378486,0.02213368747233289,0.001559418890096181,0.05830214495553141,79.48005955974084,49.06195671882166,7.97818825707272
blood_moderate,Blood tracking,moderate,208,0.6302366292406133,0.6842830697412371,0.7171717171717171,0.0,0.6842830697412371,0.04910660388748038,0.3251382913337431,0.48535136242573246,0.18951034624052449,0.03449837015574067,0.0,0.0035212684615075055,0.017053000120729203,0.014034770010865628,0.26348547717842324,0.0,0.3342884431709647,0.13932270261384186,0.0,0.036892832709565775,0.11061813352650006,0.009155297999919513,0.0697211155378486,0.02213368747233289,0.001559418890096181,0.05830214495553141,74.44967604330154,43.729135336341045,7.97818825707272
blood_high,Blood tracking,high,208,0.6302366292406133,0.6842830697412371,0.7171717171717171,0.0,0.6842830697412371,0.04910660388748038,0.3251382913337431,0.48535136242573246,0.18951034624052449,0.03449837015574067,0.0,0.0035212684615075055,0.017053000120729203,0.014034770010865628,0.26348547717842324,0.0,0.3342884431709647,0.13932270261384186,0.0,0.036892832709565775,0.11061813352650006,0.009155297999919513,0.0697211155378486,0.02213368747233289,0.001559418890096181,0.05830214495553141,70.4253692301501,39.46287823035655,7.97818825707272
referral_base,Transfer & EMT,base,208,0.6302366292406133,0.6842830697412371,0.7171717171717171,0.0,0.6842830697412371,0.04910660388748038,0.3251382913337431,0.48535136242573246,0.18951034624052449,0.03449837015574067,0.0,0.0035212684615075055,0.017053000120729203,0.014034770010865628,0.26348547717842324,0.0,0.3342884431709647,0.13932270261384186,0.0,0.036892832709565775,0.11061813352650006,0.009155297999919513,0.0697211155378486,0.02213368747233289,0.001559418890096181,0.05830214495553141,84.51044307618012,54.39477810130227,7.97818825707272
referral_current,Transfer & EMT,current,208,0.6302366292406133,0.6842830697412371,0.7171717171717171,0.0,0.6842830697412371,0.04910660388748038,0.3251382913337431,0.48535136242573246,0.18951034624052449,0.03449837015574067,0.0,0.0035212684615075055,0.017053000120729203,0.014034770010865628,0.26348547717842324,0.0,0.3342884431709647,0.13932270261384186,0.0,0.036892832709565775,0.11061813352650006,0.009155297999919513,0.0697211155378486,0.02213368747233289,0.001559418890096181,0.05830214495553141,84.51044307618012,54.39477810130227,7.97818825707272
referral_moderate,Transfer & EMT,moderate,208,0.6302366292406133,0.6842830697412371,0.7171717171717171,0.0,0.6842830697412371,0.04910660388748038,0.422659291128867,0.4476541692276173,0.12968653964351567,0.03449837015574067,0.0,0.0035212684615075055,0.017053000120729203,0.014034770010865628,0.26348547717842324,0.0,0.3342884431709647,0.13932270261384186,0.0,0.036892832709565775,0.11061813352650006,0.009155297999919513,0.0697211155378486,0.02213368747233289,0.001559418890096181,0.05830214495553141,83.50436637289226,53.32821382480615,7.97818825707272
referral_high,Transfer & EMT,high,208,0.6302366292406133,0.6842830697412371,0.7171717171717171,0.0,0.6842830697412371,0.04910660388748038,0.5054292153247285,0.4146691251792665,0.07990165949600492,0.03449837015574067,0.0,0.0035212684615075055,0.017053000120729203,0.014034770010865628,0.26348547717842324,0.0,0.3342884431709647,0.13932270261384186,0.0,0.036892832709565775,0.11061813352650006,0.009155297999919513,0.0697211155378486,0.02213368747233289,0.001559418890096181,0.05830214495553141,80.4861362630287,50.128520995317785,7.97818825707272
pulse_base,PULSE,base,208,0.6302366292406133,0.6842830697412371,0.7171717171717171,0.0,0.6842830697412371,0.04910660388748038,0.3251382913337431,0.48535136242573246,0.18951034624052449,0.03449837015574067,0.0,0.0035212684615075055,0.017053000120729203,0.014034770010865628,0.26348547717842324,0.0,0.3342884431709647,0.13932270261384186,0.0,0.036892832709565775,0.11061813352650006,0.009155297999919513,0.0697211155378486,0.02213368747233289,0.001559418890096181,0.05830214495553141,84.51044307618012,54.39477810130227,7.97818825707272
pulse_current,PULSE,current,208,0.6302366292406133,0.6842830697412371,0.7171717171717171,0.0,0.6842830697412371,0.04904623928528311,0.32553846153846155,0.48512820512820515,0.18933333333333333,0.03449837015574067,0.0,0.0035212684615075055,0.01688196708117027,0.014034770010865628,0.26348547717842324,0.0,0.3342884431709647,0.13904540934703347,0.0,0.036892832709565775,0.10972272526057386,0.009155297999919513,0.0697211155378486,0.02213368747233289,0.001559418890096181,0.05814117268300535,84.51044307618012,54.39477810130227,7.97818825707272
pulse_moderate,PULSE,moderate,208,0.6302366292406133,0.6842830697412371,0.7171616564046843,0.0,0.6842830697412371,0.04849289709847479,0.32676348547717843,0.48526970954356846,0.1879668049792531,0.03449837015574067,0.0,0.0035212684615075055,0.015574067366896052,0.014034770010865628,0.26348547717842324,0.0,0.3342884431709647,0.13903359080294594,0.0,0.036892832709565775,0.1012515594188901,0.009155297999919513,0.0697211155378486,0.02213368747233289,0.001559418890096181,0.05657169302587629,83.50436637289226,54.39477810130227,7.968127490039841
pulse_high,PULSE,high,208,0.6302366292406133,0.6842830697412371,0.7171515956376514,0.0,0.6842830697412371,0.04794961567869934,0.3273185060847671,0.48510281158203944,0.18757868233319344,0.03449837015574067,0.0,0.0035212684615075055,0.014537808362509558,0.014034770010865628,0.26348547717842324,0.0,0.3342884431709647,0.1414724887409438,0.0,0.036892832709565775,0.09287094048050223,0.009155297999919513,0.0697211155378486,0.02213368747233289,0.001559418890096181,0.05491166646545133,80.4861362630287,51.19508527181391,7.968127490039841
fqa_base,FQA,base,208,0.6302366292406133,0.6842830697412371,0.7171717171717171,0.0,0.6842830697412371,0.04815083101935692,0.32720434600919346,0.4862097785206853,0.18658587547012118,0.07556642118395107,0.0152219405207453,0.004939836613143386,0.049800796812749,0.03109783089862771,0.5771476871061934,0.4430453879941435,0.4856577645895153,0.4340962904498816,0.0,0.02598696124592539,0.08182421827840154,0.008360497404322105,0.0671858022455632,0.02213368747233289,0.001559418890096181,0.04997182985230794,75.4557527465894,44.79569961283717,7.927884421908326
fqa_current,FQA,current,208,0.6302366292406133,0.6842830697412371,0.7171717171717171,0.0,0.6842830697412371,0.048140770252324036,0.32727272727272727,0.48610240334378263,0.18662486938349007,0.07556642118395107,0.01524206205481106,0.004949897380176265,0.04986116141494627,0.03109783089862771,0.5771476871061934,0.44363103953147875,0.486646884272997,0.43462246777163904,0.0,0.02597690047889251,0.08178397521027003,0.008360497404322105,0.06717574147853032,0.02213368747233289,0.001559418890096181,0.04995170831824218,75.4557527465894,44.79569961283717,7.927884421908326
fqa_moderate,FQA,moderate,208,0.6302366292406133,0.6842830697412371,0.7171515956376514,0.0,0.6842830697412371,0.048090466417159645,0.32761506276150626,0.48577405857740585,0.18661087866108786,0.07556642118395107,0.015654553503159082,0.005090748118636565,0.051561431043502755,0.0321843937381786,0.5771476871061934,0.45617121078862505,0.5004945598417408,0.45031192338107373,0.0,0.02569519900197191,0.08047607549599581,0.008350436637289228,0.06703489074007002,0.02213368747233289,0.001559418890096181,0.04960964223912431,75.4557527465894,44.79569961283717,7.907762887842569
fqa_high,FQA,high,208,0.6302366292406133,0.6842830697412371,0.7171314741035857,0.0,0.6842830697412371,0.04804016258199525,0.3275392670157068,0.48607329842931934,0.18638743455497384,0.07556642118395107,0.016056984184474224,0.005261781158195501,0.05305042456436879,0.03310998430520343,0.5771476871061934,0.46844731435280307,0.5173095944609297,0.4644178263167166,0.0,0.025363193689886918,0.07913799348062296,0.00825988973399332,0.06686385770051109,0.02213368747233289,0.001559418890096181,0.049307819228137956,75.4557527465894,44.79569961283717,7.907762887842569
combined_base,All,base,208,0.6302366292406133,0.6842830697412371,0.7171717171717171,0.0,0.6842830697412371,0.04910660388748038,0.3251382913337431,0.48535136242573246,0.18951034624052449,0.03449837015574067,0.0,0.0035212684615075055,0.017053000120729203,0.014034770010865628,0.26348547717842324,0.0,0.3342884431709647,0.13932270261384186,0.0,0.036892832709565775,0.11061813352650006,0.009155297999919513,0.0697211155378486,0.02213368747233289,0.001559418890096181,0.05830214495553141,84.51044307618012,54.39477810130227,7.97818825707272
combined_current,All,current,208,0.6324701195219123,0.6864159523522073,0.7190027767717011,0.0,0.6864159523522073,0.04784900800837056,0.3263246425567704,0.4894869638351556,0.184188393608074,0.07989255100808886,0.015765221940520744,0.005241659624129744,0.05229586703690289,0.0327477966920198,0.6083192891067872,0.461833185971117,0.5163528245787908,0.45825619324693645,0.0,0.025373254456919795,0.07939957342347781,0.008269950501026198,0.06697452613787275,0.022093444404201378,0.0015896011911948167,0.049287697694072194,69.41929252686225,40.512158978240706,7.887641353776813
combined_moderate,All,moderate,208,0.7166183749849089,0.7453217433297115,0.7651012113163508,0.0,0.7453217433297115,0.020835848525091554,0.509415741187832,0.41187831965234184,0.07870593915982617,0.12950219324721315,0.020020926395428386,0.007233691496639704,0.06587790253128899,0.05028371363032717,0.8683802199284895,0.6784861916126833,0.7756202804746494,0.6960773891782716,0.0,0.01836089983500342,0.052144955531409715,0.006640106241699867,0.06580747716205884,0.021932472131675318,0.0015292365889975452,0.04185279085677492,45.273451647953635,26.388566361966685,7.0928407581794035
combined_high,All,high,208,0.8492897098474788,0.7663889894965592,0.7663889894965592,0.0,0.7663889894965592,0.0,,,,0.1681053563523683,0.017888043784458126,0.007354420701034247,0.0541269266368868,0.054418688880840276,0.9518086015380234,0.7112,0.8402298850574713,0.7314751869476547,0.0,0.014930178276791823,0.038894925349108614,0.005885548714233973,0.0689263149422512,0.021680952955853355,0.0014185681516358808,0.039478449837015574,35.21268461507505,27.043050456091446,6.770896213127289
mentors_base,MENTORS,base,209,0.6301360215702845,0.6851281741719989,0.7200591573101534,0.0,0.6851281741719989,0.04836210712704737,0.3384647389224048,0.48346161847306013,0.17807364260453507,0.027888446215139442,0.0,0.0035615115296390196,0.018833755885548715,0.01322990864823534,0.26437768240343346,0.0,0.32808155699721964,0.13917180878745075,0.0,0.03464928166123385,0.12234898788683649,0.009195541068051028,0.08210591975532215,0.022043140569036983,0.0015795404241619381,0.04906636081934887,72.43752263672583,50.11462387375379,8.994325727393457
mentors_current,MENTORS,current,209,0.6301360215702845,0.6851281741719989,0.7200490965431204,0.0,0.6851281741719989,0.04772827880397602,0.3393760539629005,0.4841905564924115,0.17643338954468804,0.0634230753752666,0.015835647309750896,0.005312084993359893,0.05728600748521067,0.030876494023904383,0.601239866475918,0.48149281125726523,0.5038167938931297,0.4443230589153336,0.0,0.02576562437120206,0.08970179886514548,0.008149221296631655,0.07999315867841764,0.022043140569036983,0.0015795404241619381,0.04194333776007083,65.39498571371081,42.650743722343655,8.893718057064671
mentors_moderate,MENTORS,moderate,209,0.6301360215702845,0.6851281741719989,0.7198981850376273,0.0,0.6851281741719989,0.04727554428749648,0.3402851670568206,0.4828686954671207,0.17684613747605873,0.08055656163225884,0.019246247333896738,0.006569680872469717,0.07040524769608435,0.03924705219525937,0.763662374821173,0.5991230817413091,0.6383186705767351,0.558901046242313,0.0,0.023371161817376956,0.0778502153004145,0.007273934564771218,0.07905750734435993,0.022043140569036983,0.0015795404241619381,0.03925711296229224,63.3828323071351,40.51820653622648,8.8333534548674
mentors_high,MENTORS,high,209,0.6301360215702845,0.6851281741719989,0.7198076381343314,0.0,0.6851281741719989,0.04693347820837861,0.34019292604501605,0.48231511254019294,0.17749196141479098,0.09878667149583484,0.02291842730089742,0.00775685138234939,0.08318242182784015,0.047184997384200573,0.936480686695279,0.7303622956075665,0.7717717717717718,0.6775383102515775,0.0,0.020765423155861402,0.06631051551370276,0.006277918628516238,0.07810173447623647,0.022043140569036983,0.0015795404241619381,0.03673186043703972,59.358525493983656,36.25313216399211,8.793110386735885
prompts_base,PROMPTS,base,209,0.6301360215702845,0.6851281741719989,0.7200591573101534,0.0,0.6851281741719989,0.04836210712704737,0.3384647389224048,0.48346161847306013,0.17807364260453507,0.027888446215139442,0.0,0.0035615115296390196,0.018833755885548715,0.01322990864823534,0.26437768240343346,0.0,0.32808155699721964,0.13917180878745075,0.0,0.03464928166123385,0.12234898788683649,0.009195541068051028,0.08210591975532215,0.022043140569036983,0.0015795404241619381,0.04906636081934887,72.43752263672583,50.11462387375379,8.994325727393457
prompts_current,PROMPTS,current,209,0.6321783572779589,0.6871302668115417,0.7217091231035454,0.0,0.6871302668115417,0.04806028411606101,0.33745028260414484,0.4846137743353569,0.17793594306049823,0.028009175419533985,0.0,0.0035514507626061413,0.01878345205038432,0.013250030182301099,0.2647646219686163,0.0,0.3274582560296846,0.13904818648990838,0.0,0.034629160127168095,0.12209746871101453,0.009185480301018149,0.08213610205642079,0.022043140569036983,0.0015795404241619381,0.04901605698418447,71.43144593343796,50.09646233705326,8.994325727393457
prompts_moderate,PROMPTS,moderate,209,0.6863757092840758,0.7252505130991187,0.7550303835164393,0.0,0.7252505130991187,0.038955289951305885,0.34142561983471076,0.48295454545454547,0.1756198347107438,0.03054448871181939,0.0,0.0034609038593102336,0.018733148215219927,0.013481427824057306,0.2656167979002625,0.0,0.3323671497584541,0.1419099154027894,0.0,0.034417884019477644,0.11923015010664413,0.00875286731860437,0.08267938347619623,0.02200289750090547,0.0015896011911948167,0.048080405650126765,61.37067890055938,42.344621703735854,8.340375870256349
prompts_high,PROMPTS,high,209,0.8384945068212001,0.7663889894965592,0.7663889894965592,0.0,0.7663889894965592,0.0,,,,0.037486417964505615,0.0,0.0032496277516197835,0.016419171797657853,0.014135377681194414,0.2660098522167488,0.0,0.3239719157472417,0.13969014807840452,0.0,0.02991066038874804,0.10593987685621152,0.008249828966960441,0.08835365608273975,0.021670892188820477,0.0014688719868002737,0.04637007525453741,37.22483802165077,30.183808988530153,7.273934564771218
prompts_high_shift,PROMPTS,high_shift,209,0.8856895649724335,0.8468751257595879,0.8535353535353535,0.0,0.8468751257595879,0.012042738138355668,0.2756892230576441,0.5238095238095238,0.20050125313283207,0.03978027284800193,0.0,0.0034709646263431124,0.01859229747675963,0.013753068533945027,0.26716216216216215,0.0,0.35240040858018384,0.15664999576163433,0.0,0.03102740552939756,0.10617127449796772,0.008129099762565898,0.08434947080365407,0.021932472131675318,0.0016700873274578453,0.04556521389190712,33.200531208499335,22.77361986687784,6.911746951587589
blood_base,Blood tracking,base,209,0.6301360215702845,0.6851281741719989,0.7200591573101534,0.0,0.6851281741719989,0.04836210712704737,0.3384647389224048,0.48346161847306013,0.17807364260453507,0.027888446215139442,0.0,0.0035615115296390196,0.018833755885548715,0.01322990864823534,0.26437768240343346,0.0,0.32808155699721964,0.13917180878745075,0.0,0.03464928166123385,0.12234898788683649,0.009195541068051028,0.08210591975532215,0.022043140569036983,0.0015795404241619381,0.04906636081934887,72.43752263672583,50.11462387375379,8.994325727393457
blood_current,Blood tracking,current,209,0.6301360215702845,0.6851281741719989,0.7200591573101534,0.0,0.6851281741719989,0.04836210712704737,0.3384647389224048,0.48346161847306013,0.17807364260453507,0.027888446215139442,0.0,0.0035615115296390196,0.018833755885548715,0.01322990864823534,0.26437768240343346,0.0,0.32808155699721964,0.13917180878745075,0.0,0.03464928166123385,0.12234898788683649,0.009195541068051028,0.08210591975532215,0.022043140569036983,0.0015795404241619381,0.04906636081934887,71.43144593343796,49.04835528069521,8.994325727393457
blood_moderate,Blood tracking,moderate,209,0.6301360215702845,0.6851281741719989,0.7200591573101534,0.0,0.6851281741719989,0.04836210712704737,0.3384647389224048,0.48346161847306013,0.17807364260453507,0.027888446215139442,0.0,0.0035615115296390196,0.018833755885548715,0.01322990864823534,0.26437768240343346,0.0,0.32808155699721964,0.13917180878745075,0.0,0.03464928166123385,0.12234898788683649,0.009195541068051028,0.08210591975532215,0.022043140569036983,0.0015795404241619381,0.04906636081934887,70.4253692301501,47.98208668763662,8.994325727393457
blood_high,Blood tracking,high,209,0.6301360215702845,0.6851281741719989,0.7200591573101534,0.0,0.6851281741719989,0.04836210712704737,0.3384647389224048,0.48346161847306013,0.17807364260453507,0.027888446215139442,0.0,0.0035615115296390196,0.018833755885548715,0.01322990864823534,0.26437768240343346,0.0,0.32808155699721964,0.13917180878745075,0.0,0.03464928166123385,0.12234898788683649,0.009195541068051028,0.08210591975532215,0.022043140569036983,0.0015795404241619381,0.04906636081934887,62.37675560384723,39.451937943167884,8.994325727393457
referral_base,Transfer & EMT,base,209,0.6301360215702845,0.6851281741719989,0.7200591573101534,0.0,0.6851281741719989,0.04836210712704737,0.3384647389224048,0.48346161847306013,0.17807364260453507,0.027888446215139442,0.0,0.0035615115296390196,0.018833755885548715,0.01322990864823534,0.26437768240343346,0.0,0.32808155699721964,0.13917180878745075,0.0,0.03464928166123385,0.12234898788683649,0.009195541068051028,0.08210591975532215,0.022043140569036983,0.0015795404241619381,0.04906636081934887,72.43752263672583,50.11462387375379,8.994325727393457
referral_current,Transfer & EMT,current,209,0.6301360215702845,0.6851281741719989,0.7200591573101534,0.0,0.6851281741719989,0.04836210712704737,0.3384647389224048,0.48346161847306013,0.17807364260453507,0.027888446215139442,0.0,0.0035615115296390196,0.018833755885548715,0.01322990864823534,0.26437768240343346,0.0,0.32808155699721964,0.13917180878745075,0.0,0.03464928166123385,0.12234898788683649,0.009195541068051028,0.08210591975532215,0.022043140569036983,0.0015795404241619381,0.04906636081934887,72.43752263672583,50.11462387375379,8.994325727393457
referral_moderate,Transfer & EMT,moderate,209,0.6301360215702845,0.6851281741719989,0.7200591573101534,0.0,0.6851281741719989,0.04836210712704737,0.43166215935094654,0.4472644060744747,0.12107343457457874,0.027888446215139442,0.0,0.0035615115296390196,0.018833755885548715,0.01322990864823534,0.26437768240343346,0.0,0.32808155699721964,0.13917180878745075,0.0,0.03464928166123385,0.12234898788683649,0.009195541068051028,0.08210591975532215,0.022043140569036983,0.0015795404241619381,0.04906636081934887,70.4253692301501,47.98208668763662,8.994325727393457
referral_high,Transfer & EMT,high,209,0.6301360215702845,0.6851281741719989,0.7200591573101534,0.0,0.6851281741719989,0.04836210712704737,0.5148741418764302,0.41148325358851673,0.07364260453505304,0.027888446215139442,0.0,0.0035615115296390196,0.018833755885548715,0.01322990864823534,0.26437768240343346,0.0,0.32808155699721964,0.13917180878745075,0.0,0.03464928166123385,0.12234898788683649,0.009195541068051028,0.08210591975532215,0.022043140569036983,0.0015795404241619381,0.04906636081934887,70.4253692301501,47.98208668763662,8.994325727393457
pulse_base,PULSE,base,209,0.6301360215702845,0.6851281741719989,0.7200591573101534,0.0,0.6851281741719989,0.04836210712704737,0.3384647389224048,0.48346161847306013,0.17807364260453507,0.027888446215139442,0.0,0.0035615115296390196,0.018833755885548715,0.01322990864823534,0.26437768240343346,0.0,0.32808155699721964,0.13917180878745075,0.0,0.03464928166123385,0.12234898788683649,0.009195541068051028,0.08210591975532215,0.022043140569036983,0.0015795404241619381,0.04906636081934887,72.43752263672583,50.11462387375379,8.994325727393457
pulse_current,PULSE,current,209,0.6301360215702845,0.6851281741719989,0.7200591573101534,0.0,0.6851281741719989,0.048301742524850096,0.3388877317225578,0.4832326598625286,0.17787960841491357,0.027888446215139442,0.0,0.0035615115296390196,0.0186526620789569,0.01322990864823534,0.26437768240343346,0.0,0.32808155699721964,0.13894926178520572,0.0,0.03464928166123385,0.12134291118354863,0.009195541068051028,0.08210591975532215,0.022043140569036983,0.0015795404241619381,0.04890538854682281,72.43752263672583,50.11462387375379,8.994325727393457
pulse_moderate,PULSE,moderate,209,0.6301360215702845,0.6851281741719989,0.7200490965431204,0.0,0.6851281741719989,0.04788925107650207,0.3388655462184874,0.4838235294117647,0.1773109243697479,0.027888446215139442,0.0,0.0035615115296390196,0.01722403316028814,0.01322990864823534,0.26437768240343346,0.0,0.32808155699721964,0.13900617083468658,0.0,0.03464928166123385,0.11203670167813594,0.009195541068051028,0.08210591975532215,0.022043140569036983,0.0015795404241619381,0.04735603042375951,69.41929252686225,49.04835528069521,8.984264960360578
pulse_high,PULSE,high,209,0.6301360215702845,0.6851281741719989,0.7200390357760875,0.0,0.6851281741719989,0.0474063342589239,0.3395585738539898,0.48365874363327677,0.17678268251273344,0.027888446215139442,0.0,0.0035615115296390196,0.01615759185480301,0.01322990864823534,0.26437768240343346,0.0,0.32808155699721964,0.14227498228206945,0.0,0.03464928166123385,0.10267012757052597,0.009195541068051028,0.08210591975532215,0.022043140569036983,0.0015795404241619381,0.045806672300696204,67.40713912028653,46.91581809457802,8.964143426294822
fqa_base,FQA,base,209,0.6301360215702845,0.6851281741719989,0.7200591573101534,0.0,0.6851281741719989,0.047708157269910255,0.33973007169970476,0.4839730071699705,0.17629692113032475,0.060696607509356515,0.015292365889975451,0.005050505050505051,0.05459978268743209,0.029588715843695924,0.5753934191702432,0.4636973764490543,0.4780952380952381,0.42528015045842804,0.0,0.02613787275141857,0.09098957704535393,0.008249828966960441,0.08018431325204234,0.022043140569036983,0.0015795404241619381,0.04220491770292567,66.40106241699867,43.71701231540225,8.913839591130428
fqa_current,FQA,current,209,0.6301360215702845,0.6851281741719989,0.7200591573101534,0.0,0.6851281741719989,0.047708157269910255,0.33973007169970476,0.4839730071699705,0.17629692113032475,0.060696607509356515,0.015322548191074087,0.0050706265845708075,0.05467020805666224,0.029588715843695924,0.5753934191702432,0.4646125686394143,0.48,0.42582869681059476,0.0,0.02612781198438569,0.09089903014205802,0.008249828966960441,0.08017425248500945,0.022043140569036983,0.0015795404241619381,0.04219485693589279,66.40106241699867,43.71701231540225,8.90377882409755
fqa_moderate,FQA,moderate,209,0.6301360215702845,0.6851281741719989,0.7200490965431204,0.0,0.6851281741719989,0.047667914201778745,0.33980582524271846,0.4839594765723934,0.17623469818488813,0.060696607509356515,0.01572497887238923,0.005221538090063986,0.05654151072477766,0.03060485331401666,0.5753934191702432,0.47710622710622713,0.4942857142857143,0.44081888775590244,0.0,0.025886353575596602,0.08951064429152078,0.00818946436476317,0.08003340174654916,0.022043140569036983,0.0015795404241619381,0.04193327699303795,66.40106241699867,43.71701231540225,8.893718057064671
fqa_high,FQA,high,209,0.6301360215702845,0.6851281741719989,0.7200189142420218,0.0,0.6851281741719989,0.04761761036661435,0.33995351785336997,0.48362560743714345,0.17642087470948659,0.060696607509356515,0.01615759185480301,0.005392571129622922,0.058251841120367014,0.03151032234697573,0.5753934191702432,0.4905314599877825,0.5104761904761905,0.455188679245283,0.0,0.025675077467906152,0.08812225844098354,0.008139160529598777,0.07992273330918749,0.022043140569036983,0.0015795404241619381,0.04162139321501871,66.40106241699867,43.71701231540225,8.893718057064671
combined_base,All,base,209,0.6301360215702845,0.6851281741719989,0.7200591573101534,0.0,0.6851281741719989,0.04836210712704737,0.3384647389224048,0.48346161847306013,0.17807364260453507,0.027888446215139442,0.0,0.0035615115296390196,0.018833755885548715,0.01322990864823534,0.26437768240343346,0.0,0.32808155699721964,0.13917180878745075,0.0,0.03464928166123385,0.12234898788683649,0.009195541068051028,0.08210591975532215,0.022043140569036983,0.0015795404241619381,0.04906636081934887,72.43752263672583,50.11462387375379,8.994325727393457
combined_current,All,current,209,0.6323493903175178,0.6872509960159362,0.721819791540907,0.0,0.6872509960159362,0.047345969656726626,0.3397790055248619,0.4859753506162346,0.17424564385890354,0.06421787597086402,0.01600668034930983,0.005332206527425651,0.05732625055334219,0.031218560103022253,0.6068644228940864,0.4871402327005511,0.5062082139446036,0.44940452717091256,0.0,0.025705259769004788,0.0881926838102137,0.008139160529598777,0.07998309791138476,0.022043140569036983,0.0015795404241619381,0.04166163628315023,63.3828323071351,41.56718963165075,8.873596522998914
combined_moderate,All,moderate,209,0.7167290434222705,0.7463278200329994,0.7654231558614029,0.0,0.7463278200329994,0.01978952875367218,0.5119471276054905,0.40264361972547025,0.08540925266903915,0.10436033643204957,0.02092639542838746,0.007354420701034247,0.07107931908728722,0.048925510080888565,0.8686877145967674,0.7155142758857929,0.7776595744680851,0.67991531132711,0.0,0.019688921083343393,0.056642118395106446,0.0058956094812668515,0.07976176103666144,0.02178156062618214,0.0015694796571290594,0.034900800837055816,40.24306813151435,25.322332186794405,7.7166083142178765
combined_high,All,high,209,0.8494909251881363,0.7663889894965592,0.7663889894965592,0.0,0.7663889894965592,0.0,,,,0.13617248179001168,0.01914563966356795,0.007283995331804097,0.05797013964344642,0.05232604933800153,0.953169014084507,0.7477406679764244,0.8312284730195177,0.7222361494108799,0.0,0.016620387138315425,0.04141011710732826,0.005432814197754437,0.08327296873113606,0.021540102217393053,0.0014789327538331522,0.03295907279971025,26.157994285484325,19.751957003108334,7.133083826310918
mentors_base,MENTORS,base,210,0.6303976015131394,0.6859129140005634,0.7175640870859994,0.0,0.6859129140005634,0.03900559378647028,0.35181841630126387,0.47485168945060613,0.17332989424813,0.029639019678860318,0.0,0.0036118153648034127,0.014789327538331523,0.01322990864823534,0.2643812258817195,0.0,0.33302411873840443,0.13669332341454343,0.0,0.03233530524367178,0.09599983902772748,0.008933961125196186,0.058040565012676563,0.022234295142661675,0.001559418890096181,0.027164070988772184,52.31598857096865,35.176361485082026,7.61600064388909
mentors_current,MENTORS,current,210,0.6303976015131394,0.6859129140005634,0.7175339047849008,0.0,0.6859129140005634,0.03850255543482635,0.3527567285079697,0.4755683302848184,0.1716749412072119,0.06748762525654955,0.014779266771298644,0.005332206527425651,0.045243269346855006,0.031017344762364684,0.6019922821502288,0.4865849619079165,0.5076628352490421,0.44231336677485983,0.0,0.0246186969294539,0.06655197392249185,0.007776972916415148,0.055766831663246,0.022234295142661675,0.001559418890096181,0.02220411284156304,48.291681757817216,30.912560092950873,7.495271439494547
mentors_moderate,MENTORS,moderate,210,0.6303976015131394,0.6859129140005634,0.7174131755805062,0.0,0.6859129140005634,0.03820073242383999,0.35343692388727943,0.47458519884119044,0.17197787727153016,0.08556682361463237,0.01779749688116222,0.006529437804338203,0.055615920157752824,0.03946838906998269,0.7632594453917257,0.6014960897653859,0.6368989205103042,0.5585530968980499,0.0,0.022485814318483642,0.05590768240170631,0.006640106241699867,0.054780876494023904,0.022234295142661675,0.001559418890096181,0.020463600144875044,47.285605054529356,29.846609744918084,7.455028371363033
mentors_high,MENTORS,high,210,0.6303976015131394,0.6859129140005634,0.7173025071431446,0.0,0.6859129140005634,0.037898909412853635,0.35280063711176,0.475179187682506,0.172020175205734,0.10497404322105518,0.020956577729486097,0.007666304479053483,0.06509316270272446,0.047446577327055414,0.9363726106075563,0.7306208347948089,0.7665995975855131,0.6724872674358174,0.0,0.020091351764658538,0.04584691536882772,0.005664211839510644,0.05367419212040726,0.022234295142661675,0.001559418890096181,0.018773391283351443,45.273451647953635,27.7147090488525,7.394663769165762
prompts_base,PROMPTS,base,210,0.6303976015131394,0.6859129140005634,0.7175640870859994,0.0,0.6859129140005634,0.03900559378647028,0.35181841630126387,0.47485168945060613,0.17332989424813,0.029639019678860318,0.0,0.0036118153648034127,0.014789327538331523,0.01322990864823534,0.2643812258817195,0.0,0.33302411873840443,0.13669332341454343,0.0,0.03233530524367178,0.09599983902772748,0.008933961125196186,0.058040565012676563,0.022234295142661675,0.001559418890096181,0.027164070988772184,52.31598857096865,35.176361485082026,7.61600064388909
prompts_current,PROMPTS,current,210,0.6323996941526822,0.6878747635719747,0.7192140528793916,0.0,0.6878747635719747,0.03873395307658256,0.35064935064935066,0.4766233766233766,0.17272727272727273,0.02975974888325486,0.0,0.0036118153648034127,0.014769206004265765,0.013250030182301099,0.2646979865771812,0.0,0.33302411873840443,0.1367489520260829,0.0,0.03231518370960602,0.09578856292003703,0.008933961125196186,0.058060686546742325,0.022234295142661675,0.001559418890096181,0.027154010221739307,52.31598857096865,35.164366775001334,7.605939876856212
prompts_moderate,PROMPTS,moderate,210,0.6862952231478128,0.725803855285927,0.7530484124109622,0.0,0.725803855285927,0.03392490643486659,0.33807829181494664,0.48546856465005933,0.17645314353499406,0.032425852146967686,0.0,0.0034910861604088694,0.015081089782285001,0.013582035494386092,0.26555161901623137,0.0,0.33365384615384613,0.1416958124586445,0.0,0.031983178397521024,0.09433981246730251,0.008601955813111191,0.0587750010060767,0.02215380900639865,0.0016097227252605739,0.02656042496679947,49.297758461105076,32.811871546815134,7.112962292245161
prompts_high,PROMPTS,high,210,0.8385548714233974,0.7663889894965592,0.7663889894965592,0.0,0.7663889894965592,0.0,,,,0.03963942210954163,0.0,0.0033703569560143264,0.013763129300977906,0.014105195380095779,0.26494519534664784,0.0,0.3336653386454183,0.14321608040201006,0.0,0.027818020845909293,0.08517445370035011,0.008098917461467263,0.06260815324560344,0.021741317558050626,0.001438689685701638,0.025946718177793874,35.21268461507505,29.135103637725795,6.287979395549117
prompts_high_shift,PROMPTS,high_shift,210,0.8856090788361705,0.846865064992555,0.8531128013199726,0.0,0.846865064992555,0.009789126322990865,0.2970195272353546,0.5087358684480987,0.19424460431654678,0.04206406696446537,0.0,0.003511207694474627,0.015111272083383637,0.013702764698780635,0.2661362189688097,0.0,0.3507537688442211,0.15576065539769782,0.0,0.029528351241498652,0.08549639824540223,0.007998309791138476,0.05983138154452895,0.021932472131675318,0.0016197834922934524,0.025363193689886918,21.12761076904503,14.488853931654008,5.845305646102459
blood_base,Blood tracking,base,210,0.6303976015131394,0.6859129140005634,0.7175640870859994,0.0,0.6859129140005634,0.03900559378647028,0.35181841630126387,0.47485168945060613,0.17332989424813,0.029639019678860318,0.0,0.0036118153648034127,0.014789327538331523,0.01322990864823534,0.2643812258817195,0.0,0.33302411873840443,0.13669332341454343,0.0,0.03233530524367178,0.09599983902772748,0.008933961125196186,0.058040565012676563,0.022234295142661675,0.001559418890096181,0.027164070988772184,52.31598857096865,35.176361485082026,7.61600064388909
blood_current,Blood tracking,current,210,0.6303976015131394,0.6859129140005634,0.7175640870859994,0.0,0.6859129140005634,0.03900559378647028,0.35181841630126387,0.47485168945060613,0.17332989424813,0.029639019678860318,0.0,0.0036118153648034127,0.014789327538331523,0.01322990864823534,0.2643812258817195,0.0,0.33302411873840443,0.13669332341454343,0.0,0.03233530524367178,0.09599983902772748,0.008933961125196186,0.058040565012676563,0.022234295142661675,0.001559418890096181,0.027164070988772184,51.30991186768079,34.11041113704924,7.61600064388909
blood_moderate,Blood tracking,moderate,210,0.6303976015131394,0.6859129140005634,0.7175640870859994,0.0,0.6859129140005634,0.03900559378647028,0.35181841630126387,0.47485168945060613,0.17332989424813,0.029639019678860318,0.0,0.0036118153648034127,0.014789327538331523,0.01322990864823534,0.2643812258817195,0.0,0.33302411873840443,0.13669332341454343,0.0,0.03233530524367178,0.09599983902772748,0.008933961125196186,0.058040565012676563,0.022234295142661675,0.001559418890096181,0.027164070988772184,49.297758461105076,31.97851044098366,7.61600064388909
blood_high,Blood tracking,high,210,0.6303976015131394,0.6859129140005634,0.7175640870859994,0.0,0.6859129140005634,0.03900559378647028,0.35181841630126387,0.47485168945060613,0.17332989424813,0.029639019678860318,0.0,0.0036118153648034127,0.014789327538331523,0.01322990864823534,0.2643812258817195,0.0,0.33302411873840443,0.13669332341454343,0.0,0.03233530524367178,0.09599983902772748,0.008933961125196186,0.058040565012676563,0.022234295142661675,0.001559418890096181,0.027164070988772184,44.26737494466578,26.648758700819712,7.61600064388909
referral_base,Transfer & EMT,base,210,0.6303976015131394,0.6859129140005634,0.7175640870859994,0.0,0.6859129140005634,0.03900559378647028,0.35181841630126387,0.47485168945060613,0.17332989424813,0.029639019678860318,0.0,0.0036118153648034127,0.014789327538331523,0.01322990864823534,0.2643812258817195,0.0,0.33302411873840443,0.13669332341454343,0.0,0.03233530524367178,0.09599983902772748,0.008933961125196186,0.058040565012676563,0.022234295142661675,0.001559418890096181,0.027164070988772184,52.31598857096865,35.176361485082026,7.61600064388909
referral_current,Transfer & EMT,current,210,0.6303976015131394,0.6859129140005634,0.7175640870859994,0.0,0.6859129140005634,0.03900559378647028,0.35181841630126387,0.47485168945060613,0.17332989424813,0.029639019678860318,0.0,0.0036118153648034127,0.014789327538331523,0.01322990864823534,0.2643812258817195,0.0,0.33302411873840443,0.13669332341454343,0.0,0.03233530524367178,0.09599983902772748,0.008933961125196186,0.058040565012676563,0.022234295142661675,0.001559418890096181,0.027164070988772184,52.31598857096865,35.176361485082026,7.61600064388909
referral_moderate,Transfer & EMT,moderate,210,0.6303976015131394,0.6859129140005634,0.7175640870859994,0.0,0.6859129140005634,0.03900559378647028,0.4469950993035852,0.43461439257157597,0.1183905081248388,0.029639019678860318,0.0,0.0036118153648034127,0.014789327538331523,0.01322990864823534,0.2643812258817195,0.0,0.33302411873840443,0.13669332341454343,0.0,0.03233530524367178,0.09599983902772748,0.008933961125196186,0.058040565012676563,0.022234295142661675,0.001559418890096181,0.027164070988772184,51.30991186768079,34.11041113704924,7.61600064388909
referral_high,Transfer & EMT,high,210,0.6303976015131394,0.6859129140005634,0.7175640870859994,0.0,0.6859129140005634,0.03900559378647028,0.525406241939644,0.40314676296105234,0.07144699509930358,0.029639019678860318,0.0,0.0036118153648034127,0.014789327538331523,0.01322990864823534,0.2643812258817195,0.0,0.33302411873840443,0.13669332341454343,0.0,0.03233530524367178,0.09599983902772748,0.008933961125196186,0.058040565012676563,0.022234295142661675,0.001559418890096181,0.027164070988772184,50.30383516439293,33.04446078901645,7.61600064388909
pulse_base,PULSE,base,210,0.6303976015131394,0.6859129140005634,0.7175640870859994,0.0,0.6859129140005634,0.03900559378647028,0.35181841630126387,0.47485168945060613,0.17332989424813,0.029639019678860318,0.0,0.0036118153648034127,0.014789327538331523,0.01322990864823534,0.2643812258817195,0.0,0.33302411873840443,0.13669332341454343,0.0,0.03233530524367178,0.09599983902772748,0.008933961125196186,0.058040565012676563,0.022234295142661675,0.001559418890096181,0.027164070988772184,52.31598857096865,35.176361485082026,7.61600064388909
pulse_current,PULSE,current,210,0.6303976015131394,0.6859129140005634,0.7175640870859994,0.0,0.6859129140005634,0.03897541148537165,0.35209086215797625,0.47444501806917916,0.1734641197728446,0.029639019678860318,0.0,0.0036118153648034127,0.014688719868002737,0.01322990864823534,0.2643812258817195,0.0,0.33302411873840443,0.13670411985018727,0.0,0.03233530524367178,0.09530564610245885,0.008933961125196186,0.058040565012676563,0.022234295142661675,0.001559418890096181,0.02704334178437764,52.31598857096865,35.176361485082026,7.61600064388909
pulse_moderate,PULSE,moderate,210,0.6303976015131394,0.6859129140005634,0.7175540263189666,0.0,0.6859129140005634,0.0387138315425168,0.3531704781704782,0.4742723492723493,0.17255717255717257,0.029639019678860318,0.0,0.0036118153648034127,0.013622278562517607,0.01322990864823534,0.2643812258817195,0.0,0.33302411873840443,0.13755968708727015,0.0,0.03233530524367178,0.08780031389593143,0.008933961125196186,0.058040565012676563,0.022234295142661675,0.001559418890096181,0.026107690450319933,50.30383516439293,35.176361485082026,7.61600064388909
pulse_high,PULSE,high,210,0.6303976015131394,0.6859129140005634,0.7175439655519337,0.0,0.6859129140005634,0.03846231236669484,0.35364896678001567,0.47449646874182577,0.17185456447815853,0.029639019678860318,0.0,0.0036118153648034127,0.012736931063624292,0.01322990864823534,0.2643812258817195,0.0,0.33302411873840443,0.14026146687347663,0.0,0.03233530524367178,0.08058674393335748,0.008933961125196186,0.058040565012676563,0.022234295142661675,0.001559418890096181,0.02527264678659101,48.291681757817216,33.04446078901645,7.605939876856212
fqa_base,FQA,base,210,0.6303976015131394,0.6859129140005634,0.7175640870859994,0.0,0.6859129140005634,0.03851261620185923,0.35292580982236155,0.4754440961337513,0.17163009404388715,0.06458006358404765,0.014326532254819108,0.005090748118636565,0.043190872872147776,0.02969938428105759,0.576056717221574,0.4688837668752058,0.4837476099426386,0.42333103244255993,0.0,0.024940641474506017,0.06790011670489758,0.007927884421908326,0.05594792546983782,0.022234295142661675,0.001559418890096181,0.022395267415187735,48.291681757817216,30.912560092950873,7.525453740593183
fqa_current,FQA,current,210,0.6303976015131394,0.6859129140005634,0.7175640870859994,0.0,0.6859129140005634,0.03851261620185923,0.35292580982236155,0.4754440961337513,0.17163009404388715,0.06458006358404765,0.014346653788884865,0.005110869652702322,0.043241176707312166,0.02969938428105759,0.576056717221574,0.4695423114916036,0.48565965583174,0.42382408046543735,0.0,0.024930580707473136,0.06785987363676607,0.007927884421908326,0.05593786470280494,0.022234295142661675,0.001559418890096181,0.022385206648154854,48.291681757817216,30.912560092950873,7.525453740593183
fqa_moderate,FQA,moderate,210,0.6303976015131394,0.6859129140005634,0.7175439655519337,0.0,0.6859129140005634,0.038492494667793475,0.352848928384736,0.47543125980135914,0.17171981181390486,0.06458006358404765,0.014708841402068493,0.005241659624129744,0.04469998792707956,0.03073564328544408,0.576056717221574,0.48266754704522946,0.4980879541108987,0.4387281524637109,0.0,0.024749486900881322,0.06649160932029458,0.007827276751579541,0.0558171354984104,0.022234295142661675,0.001559418890096181,0.022163869773431526,48.291681757817216,30.912560092950873,7.495271439494547
fqa_high,FQA,high,210,0.6303976015131394,0.6859129140005634,0.717523844017868,0.0,0.6859129140005634,0.03845225159966196,0.3532182103610675,0.4748822605965463,0.17189952904238617,0.06458006358404765,0.015111272083383637,0.00541269266368868,0.04595758380618938,0.03167129461950179,0.576056717221574,0.4962008589362405,0.51434034416826,0.4527254707631318,0.0,0.024548271560223753,0.06514346653788886,0.007726669081250755,0.05572658859511449,0.022234295142661675,0.001559418890096181,0.02200289750090547,48.291681757817216,30.912560092950873,7.495271439494547
combined_base,All,base,210,0.6303976015131394,0.6859129140005634,0.7175640870859994,0.0,0.6859129140005634,0.03900559378647028,0.35181841630126387,0.47485168945060613,0.17332989424813,0.029639019678860318,0.0,0.0036118153648034127,0.014789327538331523,0.01322990864823534,0.2643812258817195,0.0,0.33302411873840443,0.13669332341454343,0.0,0.03233530524367178,0.09599983902772748,0.008933961125196186,0.058040565012676563,0.022234295142661675,0.001559418890096181,0.027164070988772184,52.31598857096865,35.176361485082026,7.61600064388909
combined_current,All,current,210,0.6325707271922412,0.6879954927763693,0.7193045997826875,0.0,0.6879954927763693,0.03818061088977424,0.352832674571805,0.4785243741765481,0.1686429512516469,0.06830254738621272,0.014920117509758943,0.0053623888285242866,0.04530363394905228,0.031369471608515435,0.6073537305421364,0.491710875331565,0.5105363984674329,0.44725864123957093,0.0,0.024538210793190872,0.06546541108294096,0.007746790615316512,0.055766831663246,0.022234295142661675,0.001559418890096181,0.022033079802004106,47.285605054529356,29.834842834310074,7.47514990542879
combined_moderate,All,moderate,210,0.7166988611211719,0.7469113445209062,0.7651213328504165,0.0,0.7469113445209062,0.0190752142943378,0.4957805907172996,0.42035864978902954,0.08386075949367089,0.11095013883858505,0.019135578896535072,0.00733429916696849,0.05734637208740794,0.0489556923819872,0.8687568930203245,0.7158449378998871,0.7730646871686108,0.684931506849315,0.0,0.018904181254778864,0.039267173729325124,0.005432814197754437,0.05528391484566783,0.021932472131675318,0.0015392973560304237,0.017827679182260855,25.151917582196464,13.713658804168952,6.6803493098313815
combined_high,All,high,210,0.8496217151595638,0.7663889894965592,0.7663889894965592,0.0,0.7663889894965592,0.0,,,,0.14445249305807076,0.01737494466578132,0.007374542235100004,0.046983782043543,0.05250714314459334,0.9524378109452736,0.7505432420686659,0.8377142857142857,0.7295735041399781,0.0,0.01594631574711256,0.027918628516238077,0.004809046641715964,0.05759789126322991,0.021741317558050626,0.001438689685701638,0.016700873274578455,24.145840878908608,17.667660905623514,6.147128657088817
mentors_base,MENTORS,base,211,0.6310012475351121,0.6862851623807799,0.7210149301782768,0.0,0.6862851623807799,0.045223147812789244,0.3437152391546162,0.4774193548387097,0.17886540600667408,0.03678216427220411,0.0,0.0036419976659020485,0.01502072518008773,0.012837538733953076,0.26764275256222547,0.0,0.3197879858657244,0.14126218185258776,0.0,0.023049217272324844,0.09421908326290797,0.009406817175741478,0.05418729123908407,0.0219425328987082,0.0016097227252605739,0.038120246287576966,52.31598857096865,34.11622973016195,7.847398285645298
mentors_current,MENTORS,current,211,0.6310012475351121,0.6862851623807799,0.7209948086442111,0.0,0.6862851623807799,0.04448871181938911,0.34554500226142015,0.4769335142469471,0.17752148349163274,0.08292084188498532,0.011217755241659624,0.005462996498853073,0.04654110829409634,0.030222544166767274,0.6033674963396779,0.5072793448589626,0.5084269662921348,0.46357350435915423,0.0,0.01595637651414544,0.06466054972031067,0.007958066723006961,0.05179282868525897,0.0219425328987082,0.0016097227252605739,0.03168135538653467,48.291681757817216,29.851701013891702,7.696486780152119
mentors_moderate,MENTORS,moderate,211,0.6310012475351121,0.6862851623807799,0.7208841402068493,0.0,0.6862851623807799,0.04419694957543563,0.34623264284088323,0.4757568859549283,0.17801047120418848,0.10508471165841683,0.013622278562517607,0.006680349309831381,0.05719546058191476,0.038482433900760595,0.7646412884333821,0.6280148423005566,0.6415458937198067,0.5865057257814918,0.0,0.014145438448227294,0.053996136665459375,0.007012354621916375,0.05063584047647793,0.0219425328987082,0.0016097227252605739,0.02946798663930138,44.26737494466578,25.58717229762146,7.656243712020605
mentors_high,MENTORS,high,211,0.6310012475351121,0.6862851623807799,0.7207835325365206,0.0,0.6862851623807799,0.04377439736005473,0.3463571592737302,0.47552286830613655,0.1781199724201333,0.12858666344722122,0.016177713388868767,0.007817215984546662,0.06615960400820958,0.04611855607871544,0.9356515373352855,0.7599243856332704,0.7793380140421263,0.7015896724634588,0.0,0.012304318081210512,0.043754275825988974,0.005955974083464123,0.04946879150066401,0.0219425328987082,0.0016097227252605739,0.02712382792064067,42.25522153809006,23.454907939486336,7.585818342790454
prompts_base,PROMPTS,base,211,0.6310012475351121,0.6862851623807799,0.7210149301782768,0.0,0.6862851623807799,0.045223147812789244,0.3437152391546162,0.4774193548387097,0.17886540600667408,0.03678216427220411,0.0,0.0036419976659020485,0.01502072518008773,0.012837538733953076,0.26764275256222547,0.0,0.3197879858657244,0.14126218185258776,0.0,0.023049217272324844,0.09421908326290797,0.009406817175741478,0.05418729123908407,0.0219425328987082,0.0016097227252605739,0.038120246287576966,52.31598857096865,34.11622973016195,7.847398285645298
prompts_current,PROMPTS,current,211,0.633083826310918,0.6882973157873556,0.7226850175057347,0.0,0.6882973157873556,0.04491126403477001,0.3431899641577061,0.4782706093189964,0.1785394265232975,0.03693307577769729,0.0,0.0036419976659020485,0.014980482111956215,0.012867721035051712,0.267956204379562,0.0,0.3197879858657244,0.14117758604342467,0.0,0.023008974204193327,0.09399774638818463,0.009406817175741478,0.05418729123908407,0.0219425328987082,0.0016097227252605739,0.03808000321944545,51.30991186768079,34.10386759173407,7.837337518612419
prompts_moderate,PROMPTS,moderate,211,0.6869290514708841,0.7262867721035051,0.7558654271801682,0.0,0.7262867721035051,0.03713429111835486,0.3470604172311027,0.47873205093470605,0.17420753183419127,0.04009215662602117,0.0,0.00370236226809932,0.01516157591854803,0.013008571773512013,0.26791717090224554,0.0,0.32653061224489793,0.1446534843540027,0.0,0.023099521107489234,0.09280051511127209,0.009286087971346935,0.05490160569841845,0.022033079802004106,0.0016399050263592096,0.03740593182824258,53.32206527425651,35.988356708123845,7.233691496639704
prompts_high,PROMPTS,high,211,0.8391182743772385,0.7663889894965592,0.7663889894965592,0.0,0.7663889894965592,0.0,,,,0.04901605698418447,0.0,0.003813030705460984,0.013380820153728521,0.013571974727353213,0.26761878604778905,0.0,0.3480257116620753,0.14224598930481283,0.0,0.0199203187250996,0.08343394100366212,0.008642198881242706,0.05803050424564369,0.021691013722886232,0.001458811219767395,0.03530323151837096,33.200531208499335,27.055150884495315,6.217554026318966
prompts_high_shift,PROMPTS,high_shift,211,0.8861322387218802,0.8469757334299167,0.8537768119441426,0.0,0.8469757334299167,0.011177512173528109,0.28802880288028804,0.5139513951395139,0.19801980198019803,0.05200410479294942,0.0,0.0038834560746911343,0.01544327739546863,0.013179604813070948,0.2687568242083918,0.0,0.3544536271808999,0.15921584897832175,0.0,0.02036299247454626,0.08549639824540223,0.008913839591130427,0.055615920157752824,0.021831864461346533,0.0016399050263592096,0.0355648114612258,30.18230109863576,21.73238124805961,5.855366413135338
blood_base,Blood tracking,base,211,0.6310012475351121,0.6862851623807799,0.7210149301782768,0.0,0.6862851623807799,0.045223147812789244,0.3437152391546162,0.4774193548387097,0.17886540600667408,0.03678216427220411,0.0,0.0036419976659020485,0.01502072518008773,0.012837538733953076,0.26764275256222547,0.0,0.3197879858657244,0.14126218185258776,0.0,0.023049217272324844,0.09421908326290797,0.009406817175741478,0.05418729123908407,0.0219425328987082,0.0016097227252605739,0.038120246287576966,52.31598857096865,34.11622973016195,7.847398285645298
blood_current,Blood tracking,current,211,0.6310012475351121,0.6862851623807799,0.7210149301782768,0.0,0.6862851623807799,0.045223147812789244,0.3437152391546162,0.4774193548387097,0.17886540600667408,0.03678216427220411,0.0,0.0036419976659020485,0.01502072518008773,0.012837538733953076,0.26764275256222547,0.0,0.3197879858657244,0.14126218185258776,0.0,0.023049217272324844,0.09421908326290797,0.009406817175741478,0.05418729123908407,0.0219425328987082,0.0016097227252605739,0.038120246287576966,52.31598857096865,34.11622973016195,7.847398285645298
blood_moderate,Blood tracking,moderate,211,0.6310012475351121,0.6862851623807799,0.7210149301782768,0.0,0.6862851623807799,0.045223147812789244,0.3437152391546162,0.4774193548387097,0.17886540600667408,0.03678216427220411,0.0,0.0036419976659020485,0.01502072518008773,0.012837538733953076,0.26764275256222547,0.0,0.3197879858657244,0.14126218185258776,0.0,0.023049217272324844,0.09421908326290797,0.009406817175741478,0.05418729123908407,0.0219425328987082,0.0016097227252605739,0.038120246287576966,50.30383516439293,31.983965372026823,7.847398285645298
blood_high,Blood tracking,high,211,0.6310012475351121,0.6862851623807799,0.7210149301782768,0.0,0.6862851623807799,0.045223147812789244,0.3437152391546162,0.4774193548387097,0.17886540600667408,0.03678216427220411,0.0,0.0036419976659020485,0.01502072518008773,0.012837538733953076,0.26764275256222547,0.0,0.3197879858657244,0.14126218185258776,0.0,0.023049217272324844,0.09421908326290797,0.009406817175741478,0.05418729123908407,0.0219425328987082,0.0016097227252605739,0.038120246287576966,44.26737494466578,25.58717229762146,7.847398285645298
referral_base,Transfer & EMT,base,211,0.6310012475351121,0.6862851623807799,0.7210149301782768,0.0,0.6862851623807799,0.045223147812789244,0.3437152391546162,0.4774193548387097,0.17886540600667408,0.03678216427220411,0.0,0.0036419976659020485,0.01502072518008773,0.012837538733953076,0.26764275256222547,0.0,0.3197879858657244,0.14126218185258776,0.0,0.023049217272324844,0.09421908326290797,0.009406817175741478,0.05418729123908407,0.0219425328987082,0.0016097227252605739,0.038120246287576966,52.31598857096865,34.11622973016195,7.847398285645298
referral_current,Transfer & EMT,current,211,0.6310012475351121,0.6862851623807799,0.7210149301782768,0.0,0.6862851623807799,0.045223147812789244,0.3437152391546162,0.4774193548387097,0.17886540600667408,0.03678216427220411,0.0,0.0036419976659020485,0.01502072518008773,0.012837538733953076,0.26764275256222547,0.0,0.3197879858657244,0.14126218185258776,0.0,0.023049217272324844,0.09421908326290797,0.009406817175741478,0.05418729123908407,0.0219425328987082,0.0016097227252605739,0.038120246287576966,52.31598857096865,34.11622973016195,7.847398285645298
referral_moderate,Transfer & EMT,moderate,211,0.6310012475351121,0.6862851623807799,0.7210149301782768,0.0,0.6862851623807799,0.045223147812789244,0.43648498331479424,0.4402669632925473,0.12324805339265851,0.03678216427220411,0.0,0.0036419976659020485,0.01502072518008773,0.012837538733953076,0.26764275256222547,0.0,0.3197879858657244,0.14126218185258776,0.0,0.023049217272324844,0.09421908326290797,0.009406817175741478,0.05418729123908407,0.0219425328987082,0.0016097227252605739,0.038120246287576966,51.30991186768079,33.05009755109438,7.847398285645298
referral_high,Transfer & EMT,high,211,0.6310012475351121,0.6862851623807799,0.7210149301782768,0.0,0.6862851623807799,0.045223147812789244,0.5203559510567297,0.40444938820912124,0.07519466073414906,0.03678216427220411,0.0,0.0036419976659020485,0.01502072518008773,0.012837538733953076,0.26764275256222547,0.0,0.3197879858657244,0.14126218185258776,0.0,0.023049217272324844,0.09421908326290797,0.009406817175741478,0.05418729123908407,0.0219425328987082,0.0016097227252605739,0.038120246287576966,51.30991186768079,33.05009755109438,7.847398285645298
pulse_base,PULSE,base,211,0.6310012475351121,0.6862851623807799,0.7210149301782768,0.0,0.6862851623807799,0.045223147812789244,0.3437152391546162,0.4774193548387097,0.17886540600667408,0.03678216427220411,0.0,0.0036419976659020485,0.01502072518008773,0.012837538733953076,0.26764275256222547,0.0,0.3197879858657244,0.14126218185258776,0.0,0.023049217272324844,0.09421908326290797,0.009406817175741478,0.05418729123908407,0.0219425328987082,0.0016097227252605739,0.038120246287576966,52.31598857096865,34.11622973016195,7.847398285645298
pulse_current,PULSE,current,211,0.6310012475351121,0.6862851623807799,0.7210149301782768,0.0,0.6862851623807799,0.04520302627872349,0.3438682394836412,0.47718673492098823,0.17894502559537057,0.03678216427220411,0.0,0.0036419976659020485,0.014920117509758943,0.012837538733953076,0.26764275256222547,0.0,0.3197879858657244,0.14129192073170732,0.0,0.023049217272324844,0.0935450118717051,0.009406817175741478,0.05418729123908407,0.0219425328987082,0.0016097227252605739,0.038009577850215304,52.31598857096865,34.11622973016195,7.847398285645298
pulse_moderate,PULSE,moderate,211,0.6310012475351121,0.6862851623807799,0.7210048694112439,0.0,0.6862851623807799,0.04488108173367138,0.3440932526339386,0.47747141896435774,0.17843532840170365,0.03678216427220411,0.0,0.0036419976659020485,0.013813433136142299,0.012837538733953076,0.26764275256222547,0.0,0.3197879858657244,0.14191214470284239,0.0,0.023049217272324844,0.08620065193770374,0.009406817175741478,0.05418729123908407,0.0219425328987082,0.0016097227252605739,0.036912954243631536,50.30383516439293,34.11622973016195,7.837337518612419
pulse_high,PULSE,high,211,0.6310012475351121,0.6862851623807799,0.7209948086442111,0.0,0.6862851623807799,0.044599380256750774,0.3446875704940221,0.47755470336115496,0.1777577261448229,0.03678216427220411,0.0,0.0036419976659020485,0.01288784256911747,0.012837538733953076,0.26764275256222547,0.0,0.3197879858657244,0.1443868349864743,0.0,0.023049217272324844,0.07910781117952433,0.009406817175741478,0.05418729123908407,0.0219425328987082,0.0016097227252605739,0.03577608756891625,50.30383516439293,34.11622973016195,7.817215984546662
fqa_base,FQA,base,211,0.6310012475351121,0.6862851623807799,0.7210149301782768,0.0,0.6862851623807799,0.04455913718861926,0.3452246556784827,0.47753443215172725,0.17724091216979002,0.07945993802567508,0.010855567628475995,0.005221538090063986,0.04442834721719184,0.028914644452493057,0.5781844802342606,0.48889895786135024,0.4841417910447761,0.4441315498340541,0.0,0.01643929333172361,0.06586784176425611,0.008098917461467263,0.051923618656686384,0.0219425328987082,0.0016097227252605739,0.03201336069861966,48.291681757817216,29.851701013891702,7.706547547184997
fqa_current,FQA,current,211,0.6310012475351121,0.6862851623807799,0.7210149301782768,0.0,0.6862851623807799,0.04455913718861926,0.3452246556784827,0.47753443215172725,0.17724091216979002,0.07945993802567508,0.010865628395508874,0.005231598857096865,0.04447865105235623,0.028914644452493057,0.5781844802342606,0.4893520616221115,0.48507462686567165,0.4446344161721814,0.0,0.01643929333172361,0.06580747716205884,0.008098917461467263,0.051923618656686384,0.0219425328987082,0.0016097227252605739,0.03201336069861966,48.291681757817216,29.851701013891702,7.706547547184997
fqa_moderate,FQA,moderate,211,0.6310012475351121,0.6862851623807799,0.7209948086442111,0.0,0.6862851623807799,0.04450883335345487,0.3453887884267631,0.47716998191681737,0.17744122965641954,0.07945993802567508,0.011137269105396596,0.005372449595557166,0.04604813070948529,0.029930781922813794,0.5781844802342606,0.5022686025408348,0.498134328358209,0.4606017912850961,0.0,0.016117348786671495,0.06466054972031067,0.008008370558171355,0.05180288945229184,0.0219425328987082,0.0016097227252605739,0.03174171998873194,48.291681757817216,29.851701013891702,7.696486780152119
fqa_high,FQA,high,211,0.6310012475351121,0.6862851623807799,0.7209746871101452,0.0,0.6862851623807799,0.04445852951829048,0.3457795881421136,0.4768047069472731,0.17741570491061326,0.07945993802567508,0.011469274417481589,0.005563604169181858,0.047295665821562236,0.03082619018873999,0.5781844802342606,0.5179463880054521,0.5158582089552238,0.47508842849924204,0.0,0.015916133446013923,0.06326210310274055,0.007937945188941205,0.051672099480864424,0.0219425328987082,0.0016097227252605739,0.031369471608515435,48.291681757817216,29.851701013891702,7.696486780152119
combined_base,All,base,211,0.6310012475351121,0.6862851623807799,0.7210149301782768,0.0,0.6862851623807799,0.045223147812789244,0.3437152391546162,0.4774193548387097,0.17886540600667408,0.03678216427220411,0.0,0.0036419976659020485,0.01502072518008773,0.012837538733953076,0.26764275256222547,0.0,0.3197879858657244,0.14126218185258776,0.0,0.023049217272324844,0.09421908326290797,0.009406817175741478,0.05418729123908407,0.0219425328987082,0.0016097227252605739,0.038120246287576966,52.31598857096865,34.11622973016195,7.847398285645298
combined_current,All,current,211,0.6332548593504769,0.6884180449917502,0.7227655036419977,0.0,0.6884180449917502,0.0441164634391726,0.34640820980615733,0.4789053591790194,0.17468643101482326,0.08390679705420741,0.01131836291198841,0.005503239566984587,0.04664171596442513,0.030554549478852267,0.6086258483543749,0.5127620783956244,0.5121722846441947,0.469420818144998,0.0,0.015906072678981045,0.06354380457966115,0.007927884421908326,0.05174252485009457,0.0219425328987082,0.0016097227252605739,0.03144995774477846,47.285605054529356,29.839294087557015,7.676365246086362
combined_moderate,All,moderate,211,0.7172018994728158,0.7473640790373858,0.7655338242987645,0.0,0.7473640790373858,0.018753269749285685,0.5048283261802575,0.40772532188841204,0.08744635193133048,0.13594108414825545,0.014859752907561672,0.007626061410921968,0.0570847921445531,0.047718218036943136,0.8684920940994987,0.7478481012658228,0.7774358974358975,0.7033593653154828,0.0,0.01174091512736931,0.037959274015050906,0.005583725703247616,0.050726387379773835,0.021550162984425934,0.0015795404241619381,0.025725381303070546,29.176224395347898,17.93400286944046,6.650167008732746
combined_high,All,high,211,0.8501750573463721,0.7663889894965592,0.7663889894965592,0.0,0.7663889894965592,0.0,,,,0.17699907440943297,0.013823493903175178,0.007736729848283633,0.04577648999959757,0.05126966879954928,0.95282712305026,0.7710437710437711,0.8487858719646799,0.7354129626636496,0.0,0.01046319771419373,0.027244557125035214,0.004829168175781722,0.052134894764376834,0.021691013722886232,0.001458811219767395,0.024145840878908607,20.121534065757174,14.550443268861011,6.006277918628516
mentors_base,MENTORS,base,212,0.6309509436999476,0.6861644331763853,0.7202201295826793,0.0,0.6861644331763853,0.044800595597408344,0.3420166180103301,0.4781046485515383,0.1798787334381316,0.040162581995251315,0.0,0.003360296188981448,0.01524206205481106,0.013219847881202463,0.2662753468516542,0.0,0.31839847473784555,0.13945139911634757,0.0,0.034639220894200975,0.0970662803332126,0.009386695641675722,0.06863455269829771,0.02200289750090547,0.0015292365889975452,0.037908970179886516,60.36460219727152,40.52468806654581,8.249828966960441
mentors_current,MENTORS,current,212,0.6309509436999476,0.6861644331763853,0.7202201295826793,0.0,0.6861644331763853,0.04408628113807397,0.343222272934733,0.47854860794157916,0.1782291191236878,0.09079842247172924,0.015564006599863173,0.005090748118636565,0.04636001448750453,0.03129904623928528,0.60198772678762,0.48028562558211735,0.5065065065065065,0.4550212303742471,0.0,0.025182099883295103,0.06636081934886716,0.008451044307618012,0.06647148778622883,0.02200289750090547,0.0015292365889975452,0.03155056541510725,53.32206527425651,33.059613949024204,8.159282063664534
mentors_moderate,MENTORS,moderate,212,0.6309509436999476,0.6861644331763853,0.720089339611252,0.0,0.6861644331763853,0.04368385045675882,0.34477199447259327,0.47696913864578533,0.17825886688162138,0.11517566099239405,0.018974606624009016,0.006207493259286088,0.05636041691818584,0.04000160972272526,0.763607257203842,0.6037131882202305,0.637396694214876,0.5737402703809914,0.0,0.022606543522878185,0.055404644050062374,0.007776972916415148,0.06555595798623687,0.02200289750090547,0.0015292365889975452,0.029518290474465775,50.30383516439293,30.926735629732324,8.10897822850014
mentors_high,MENTORS,high,212,0.6309509436999476,0.6861644331763853,0.7199887319409232,0.0,0.6861644331763853,0.04332166284357519,0.3455643288434742,0.47631212261960054,0.17812354853692522,0.14097146766469476,0.02226447744376031,0.00733429916696849,0.06501267656646142,0.04788925107650207,0.9346318036286019,0.7310868847043277,0.7796791443850267,0.6889860326260795,0.0,0.019950501026198237,0.045233208579822125,0.007072719224113647,0.06454988128294901,0.02200289750090547,0.0015292365889975452,0.027455833232725664,47.285605054529356,27.727418150794495,8.078795927401504
prompts_base,PROMPTS,base,212,0.6309509436999476,0.6861644331763853,0.7202201295826793,0.0,0.6861644331763853,0.044800595597408344,0.3420166180103301,0.4781046485515383,0.1798787334381316,0.040162581995251315,0.0,0.003360296188981448,0.01524206205481106,0.013219847881202463,0.2662753468516542,0.0,0.31839847473784555,0.13945139911634757,0.0,0.034639220894200975,0.0970662803332126,0.009386695641675722,0.06863455269829771,0.02200289750090547,0.0015292365889975452,0.037908970179886516,60.36460219727152,40.52468806654581,8.249828966960441
prompts_current,PROMPTS,current,212,0.6330335224757535,0.6881665258159282,0.7219002776771701,0.0,0.6881665258159282,0.04451889412048775,0.34146892655367234,0.4788700564971751,0.17966101694915254,0.04034367580184313,0.0,0.003360296188981448,0.0152219405207453,0.013250030182301099,0.26664006915353416,0.0,0.31839847473784555,0.13938277291570705,0.0,0.034629160127168095,0.09694555112881806,0.009386695641675722,0.06865467423236347,0.02200289750090547,0.0015292365889975452,0.037898909412853635,60.36460219727152,40.50999957357895,8.249828966960441
prompts_moderate,PROMPTS,moderate,212,0.6871503883456075,0.726306893637571,0.7554428749647873,0.0,0.726306893637571,0.037114169584289106,0.341827053402006,0.481160206017891,0.177012740580103,0.043824701195219126,0.0,0.003330113887882812,0.0156444927361262,0.0135317316592217,0.26658506731946147,0.0,0.31888246628131023,0.1437817845584836,0.0,0.0348605577689243,0.09644251277717414,0.009195541068051028,0.06900680107851423,0.022043140569036983,0.0015493581230633024,0.037325445691979556,54.32814197754436,38.11701924909472,7.7970944504809045
prompts_high,PROMPTS,high,212,0.8394603404563564,0.7663889894965592,0.7663889894965592,0.0,0.7663889894965592,0.0,,,,0.053623888285242866,0.0,0.003360296188981448,0.014688719868002737,0.014145438448227294,0.26671337069655726,0.0,0.32938856015779094,0.144183290539206,0.0,0.03185238842609361,0.09044629562557849,0.008783049619703005,0.07327256630045474,0.021550162984425934,0.001388385850537245,0.03657088816451366,34.206607911787195,27.059656134215896,6.83126081532456
prompts_high_shift,PROMPTS,high_shift,212,0.8862429071592418,0.8465833635156345,0.8533542597287617,0.0,0.8465833635156345,0.011308302144955531,0.2775800711743772,0.5106761565836299,0.2117437722419929,0.05696406294015856,0.0,0.00370236226809932,0.01650971870095376,0.013783250835043663,0.2682903714935557,0.0,0.3521531100478469,0.15830600038587692,0.0,0.0331703489074007,0.09220692985633225,0.009336391806511328,0.07045555153124874,0.02149985914926154,0.0016499657933920881,0.03633949052275746,33.200531208499335,20.703290788070763,6.2276147933518455
blood_base,Blood tracking,base,212,0.6309509436999476,0.6861644331763853,0.7202201295826793,0.0,0.6861644331763853,0.044800595597408344,0.3420166180103301,0.4781046485515383,0.1798787334381316,0.040162581995251315,0.0,0.003360296188981448,0.01524206205481106,0.013219847881202463,0.2662753468516542,0.0,0.31839847473784555,0.13945139911634757,0.0,0.034639220894200975,0.0970662803332126,0.009386695641675722,0.06863455269829771,0.02200289750090547,0.0015292365889975452,0.037908970179886516,60.36460219727152,40.52468806654581,8.249828966960441
blood_current,Blood tracking,current,212,0.6309509436999476,0.6861644331763853,0.7202201295826793,0.0,0.6861644331763853,0.044800595597408344,0.3420166180103301,0.4781046485515383,0.1798787334381316,0.040162581995251315,0.0,0.003360296188981448,0.01524206205481106,0.013219847881202463,0.2662753468516542,0.0,0.31839847473784555,0.13945139911634757,0.0,0.034639220894200975,0.0970662803332126,0.009386695641675722,0.06863455269829771,0.02200289750090547,0.0015292365889975452,0.037908970179886516,59.358525493983656,39.45824890689986,8.249828966960441
blood_moderate,Blood tracking,moderate,212,0.6309509436999476,0.6861644331763853,0.7202201295826793,0.0,0.6861644331763853,0.044800595597408344,0.3420166180103301,0.4781046485515383,0.1798787334381316,0.040162581995251315,0.0,0.003360296188981448,0.01524206205481106,0.013219847881202463,0.2662753468516542,0.0,0.31839847473784555,0.13945139911634757,0.0,0.034639220894200975,0.0970662803332126,0.009386695641675722,0.06863455269829771,0.02200289750090547,0.0015292365889975452,0.037908970179886516,58.352448790695796,38.391809747253916,8.249828966960441
blood_high,Blood tracking,high,212,0.6309509436999476,0.6861644331763853,0.7202201295826793,0.0,0.6861644331763853,0.044800595597408344,0.3420166180103301,0.4781046485515383,0.1798787334381316,0.040162581995251315,0.0,0.003360296188981448,0.01524206205481106,0.013219847881202463,0.2662753468516542,0.0,0.31839847473784555,0.13945139911634757,0.0,0.034639220894200975,0.0970662803332126,0.009386695641675722,0.06863455269829771,0.02200289750090547,0.0015292365889975452,0.037908970179886516,51.30991186768079,30.926735629732324,8.249828966960441
referral_base,Transfer & EMT,base,212,0.6309509436999476,0.6861644331763853,0.7202201295826793,0.0,0.6861644331763853,0.044800595597408344,0.3420166180103301,0.4781046485515383,0.1798787334381316,0.040162581995251315,0.0,0.003360296188981448,0.01524206205481106,0.013219847881202463,0.2662753468516542,0.0,0.31839847473784555,0.13945139911634757,0.0,0.034639220894200975,0.0970662803332126,0.009386695641675722,0.06863455269829771,0.02200289750090547,0.0015292365889975452,0.037908970179886516,60.36460219727152,40.52468806654581,8.249828966960441
referral_current,Transfer & EMT,current,212,0.6309509436999476,0.6861644331763853,0.7202201295826793,0.0,0.6861644331763853,0.044800595597408344,0.3420166180103301,0.4781046485515383,0.1798787334381316,0.040162581995251315,0.0,0.003360296188981448,0.01524206205481106,0.013219847881202463,0.2662753468516542,0.0,0.31839847473784555,0.13945139911634757,0.0,0.034639220894200975,0.0970662803332126,0.009386695641675722,0.06863455269829771,0.02200289750090547,0.0015292365889975452,0.037908970179886516,60.36460219727152,40.52468806654581,8.249828966960441
referral_moderate,Transfer & EMT,moderate,212,0.6309509436999476,0.6861644331763853,0.7202201295826793,0.0,0.6861644331763853,0.044800595597408344,0.4347630810689423,0.4401527060408713,0.1250842128901864,0.040162581995251315,0.0,0.003360296188981448,0.01524206205481106,0.013219847881202463,0.2662753468516542,0.0,0.31839847473784555,0.13945139911634757,0.0,0.034639220894200975,0.0970662803332126,0.009386695641675722,0.06863455269829771,0.02200289750090547,0.0015292365889975452,0.037908970179886516,58.352448790695796,38.391809747253916,8.249828966960441
referral_high,Transfer & EMT,high,212,0.6309509436999476,0.6861644331763853,0.7202201295826793,0.0,0.6861644331763853,0.044800595597408344,0.5167302941836964,0.40714125308780597,0.07612845272849764,0.040162581995251315,0.0,0.003360296188981448,0.01524206205481106,0.013219847881202463,0.2662753468516542,0.0,0.31839847473784555,0.13945139911634757,0.0,0.034639220894200975,0.0970662803332126,0.009386695641675722,0.06863455269829771,0.02200289750090547,0.0015292365889975452,0.037908970179886516,58.352448790695796,38.391809747253916,8.249828966960441
pulse_base,PULSE,base,212,0.6309509436999476,0.6861644331763853,0.7202201295826793,0.0,0.6861644331763853,0.044800595597408344,0.3420166180103301,0.4781046485515383,0.1798787334381316,0.040162581995251315,0.0,0.003360296188981448,0.01524206205481106,0.013219847881202463,0.2662753468516542,0.0,0.31839847473784555,0.13945139911634757,0.0,0.034639220894200975,0.0970662803332126,0.009386695641675722,0.06863455269829771,0.02200289750090547,0.0015292365889975452,0.037908970179886516,60.36460219727152,40.52468806654581,8.249828966960441
pulse_current,PULSE,current,212,0.6309509436999476,0.6861644331763853,0.7202201295826793,0.0,0.6861644331763853,0.04478047406334259,0.34217029880925637,0.4778701415412267,0.17995955964951696,0.040162581995251315,0.0,0.003360296188981448,0.01516157591854803,0.013219847881202463,0.2662753468516542,0.0,0.31839847473784555,0.1396534148827727,0.0,0.034639220894200975,0.09638214817497687,0.009386695641675722,0.06863455269829771,0.02200289750090547,0.0015292365889975452,0.037798301742524854,60.36460219727152,40.52468806654581,8.249828966960441
pulse_moderate,PULSE,moderate,212,0.6309509436999476,0.6861644331763853,0.7202100688156465,0.0,0.6861644331763853,0.04446859028532335,0.3427601809954751,0.47805429864253396,0.17918552036199095,0.040162581995251315,0.0,0.003360296188981448,0.014125316914161535,0.013219847881202463,0.2662753468516542,0.0,0.31839847473784555,0.1411764705882353,0.0,0.034639220894200975,0.08879632983218641,0.009386695641675722,0.06863455269829771,0.02200289750090547,0.0015292365889975452,0.03678216427220411,58.352448790695796,40.52468806654581,8.239768199927562
pulse_high,PULSE,high,212,0.6309509436999476,0.6861644331763853,0.7202000080486136,0.0,0.6861644331763853,0.04413658497323836,0.3435149304764076,0.47777524504217006,0.1787098244814224,0.040162581995251315,0.0,0.003360296188981448,0.01316954404603807,0.013219847881202463,0.2662753468516542,0.0,0.31839847473784555,0.14356218468962492,0.0,0.034639220894200975,0.08144190913115217,0.009386695641675722,0.06863455269829771,0.02200289750090547,0.0015292365889975452,0.03574590526781762,56.34029538412008,38.391809747253916,8.229707432894685
fqa_base,FQA,base,212,0.6309509436999476,0.6861644331763853,0.7202201295826793,0.0,0.6861644331763853,0.04410640267213972,0.34329379562043794,0.4783302919708029,0.17837591240875914,0.08697533099923538,0.015050907481186366,0.004899593545011871,0.0443076180127973,0.029991146525011066,0.5766408751334045,0.46201358863495984,0.48554336989032904,0.4358238495794161,0.0,0.025644895166807517,0.06763853676204273,0.008581834279045434,0.06661233852468912,0.02200289750090547,0.0015292365889975452,0.03187250996015936,54.32814197754436,34.12605310867015,8.18946436476317
fqa_current,FQA,current,212,0.6309509436999476,0.6861644331763853,0.7202201295826793,0.0,0.6861644331763853,0.04410640267213972,0.34329379562043794,0.4783302919708029,0.17837591240875914,0.08697533099923538,0.015071029015252122,0.0049096543120447506,0.044337800313895934,0.030001207292043947,0.5766408751334045,0.46263125386040765,0.4865403788634098,0.43616389548693585,0.0,0.025644895166807517,0.06755805062577971,0.008571773512012555,0.06661233852468912,0.02200289750090547,0.0015292365889975452,0.031842327659060726,54.32814197754436,34.12605310867015,8.18946436476317
fqa_moderate,FQA,moderate,212,0.6309509436999476,0.6861644331763853,0.7202201295826793,0.0,0.6861644331763853,0.04408628113807397,0.343222272934733,0.47854860794157916,0.1782291191236878,0.08697533099923538,0.015483520463600145,0.0050303835164392935,0.04591734073805787,0.031017344762364684,0.5766408751334045,0.47617574257425743,0.4985044865403789,0.4519259332607189,0.0,0.0253229506217554,0.06642118395106443,0.008481226608716648,0.0664815485532617,0.02200289750090547,0.0015292365889975452,0.031570686949173005,54.32814197754436,34.12605310867015,8.159282063664534
fqa_high,FQA,high,212,0.6309509436999476,0.6861644331763853,0.7202100688156465,0.0,0.6861644331763853,0.04404603806994245,0.3435358611238008,0.47807217907720423,0.17839195979899497,0.08697533099923538,0.015966437281178317,0.00520141655599823,0.04725542275343072,0.031942935329389514,0.5766408751334045,0.4910272277227723,0.5154536390827518,0.46694502435629787,0.0,0.025141856815163587,0.06489194736206688,0.008451044307618012,0.06638094088293292,0.02200289750090547,0.0015292365889975452,0.031309107006318164,54.32814197754436,34.12605310867015,8.159282063664534
combined_base,All,base,212,0.6309509436999476,0.6861644331763853,0.7202201295826793,0.0,0.6861644331763853,0.044800595597408344,0.3420166180103301,0.4781046485515383,0.1798787334381316,0.040162581995251315,0.0,0.003360296188981448,0.01524206205481106,0.013219847881202463,0.2662753468516542,0.0,0.31839847473784555,0.13945139911634757,0.0,0.034639220894200975,0.0970662803332126,0.009386695641675722,0.06863455269829771,0.02200289750090547,0.0015292365889975452,0.037908970179886516,60.36460219727152,40.52468806654581,8.249828966960441
combined_current,All,current,212,0.6332045555153125,0.6882872550203227,0.7220008853474988,0.0,0.6882872550203227,0.04374421505895609,0.34406623735050595,0.4799908003679853,0.17594296228150874,0.09186486377721438,0.015755161173487867,0.005120930419735201,0.0465612298281621,0.03165117308543603,0.6070336391437309,0.48678893378924465,0.5095095095095095,0.4611858495266567,0.0,0.02511167451406495,0.06520383114008613,0.008440983540585135,0.06642118395106443,0.02200289750090547,0.0015292365889975452,0.031309107006318164,52.31598857096865,31.97987399929644,8.149221296631655
combined_moderate,All,moderate,212,0.7174735401827035,0.7472936536681557,0.7655438850657974,0.0,0.7472936536681557,0.018843816652581592,0.5061398825413774,0.40469834490122797,0.08916177255739455,0.1491307497283593,0.021318765342669726,0.007213569962573946,0.05813111191597247,0.04960964223912431,0.8670449227889565,0.7311939268461007,0.7810457516339869,0.6991771539206195,0.0,0.0190752142943378,0.039699786711738905,0.006901686184554711,0.06592820636645338,0.021691013722886232,0.0015292365889975452,0.026107690450319933,27.16407098877218,15.828795745219704,7.26387379773834
combined_high,All,high,212,0.8504768803573585,0.7663889894965592,0.7663889894965592,0.0,0.7663889894965592,0.0,,,,0.19407219606422793,0.019849893355869452,0.007183387661475311,0.048030101814962374,0.05329188297315787,0.9520284275984602,0.7524790236460717,0.8409893992932862,0.7363874749344439,0.0,0.016922210149301783,0.029105799026117752,0.00619743249225321,0.0680812105114894,0.021550162984425934,0.001408507384603002,0.024930580707473136,22.13368747233289,15.592029354593931,6.599863173568353
mentors_base,MENTORS,base,213,0.6302969938428106,0.686275101613747,0.7228459897782606,0.0,0.686275101613747,0.0443076180127973,0.3503633060853769,0.4743415077202543,0.17529518619436876,0.03324077427663085,0.0,0.0031490200812909976,0.01735482313171556,0.01252565495593384,0.2658085277554304,0.0,0.31873727087576376,0.13874366605002816,0.0,0.035997424443639583,0.11315344681878546,0.008370558171354984,0.06785987363676607,0.022033079802004106,0.0015694796571290594,0.028381423799750494,46.2795283512415,29.85997803158759,7.736729848283633
mentors_current,MENTORS,current,213,0.6302969938428106,0.686275101613747,0.722815807477162,0.0,0.686275101613747,0.043754275825988974,0.3522648884801104,0.4743619222809841,0.1733731892389055,0.07530484124109622,0.016479536399855124,0.004829168175781722,0.05368425288744014,0.029649080445893195,0.6021721641190668,0.4882265275707899,0.5111821086261981,0.4542049710589036,0.0,0.025493983661314338,0.08230713509597971,0.007233691496639704,0.06578735562799308,0.022033079802004106,0.0015694796571290594,0.02370316712946195,40.24306813151435,23.46141131053311,7.646182944987726
mentors_moderate,MENTORS,moderate,213,0.6302969938428106,0.686275101613747,0.7226850175057347,0.0,0.686275101613747,0.043442392047969736,0.35294117647058826,0.47359888837424735,0.17345993515516442,0.09562759064751096,0.02001086562839551,0.005955974083464123,0.0659684494345849,0.03797939554911667,0.7646822204344328,0.6108722358722358,0.6477024070021882,0.5745706274097442,0.0,0.022485814318483642,0.07149181053563523,0.0064388909010422955,0.06491206889613264,0.022033079802004106,0.0015694796571290594,0.021962654432773954,39.23699142822649,22.394983523690694,7.595879109823333
mentors_high,MENTORS,high,213,0.6302969938428106,0.686275101613747,0.7226246529035374,0.0,0.686275101613747,0.043190872872147776,0.35336594456091314,0.4733286745865362,0.17330538085255065,0.11692623445611493,0.023471769487705744,0.0071029015252122825,0.07704535393778422,0.04554509235784136,0.9349959774738535,0.7375908947202023,0.792368125701459,0.6920296403397795,0.0,0.01972916415147491,0.06041490603243591,0.00555354340214898,0.06396635679504205,0.022033079802004106,0.0015694796571290594,0.020403235542677773,37.22483802165077,20.262127950005866,7.555636041691819
prompts_base,PROMPTS,base,213,0.6302969938428106,0.686275101613747,0.7228459897782606,0.0,0.686275101613747,0.0443076180127973,0.3503633060853769,0.4743415077202543,0.17529518619436876,0.03324077427663085,0.0,0.0031490200812909976,0.01735482313171556,0.01252565495593384,0.2658085277554304,0.0,0.31873727087576376,0.13874366605002816,0.0,0.035997424443639583,0.11315344681878546,0.008370558171354984,0.06785987363676607,0.022033079802004106,0.0015694796571290594,0.028381423799750494,46.2795283512415,29.85997803158759,7.736729848283633
prompts_current,PROMPTS,current,213,0.6323493903175178,0.6882570727192241,0.7245361986397842,0.0,0.6882570727192241,0.04405609883697533,0.34985156428408315,0.4749942909340032,0.17515414478191368,0.033411807316189784,0.0,0.0031490200812909976,0.017324640830616925,0.012555837257032475,0.2663618864292589,0.0,0.31873727087576376,0.13869201030927836,0.0,0.03595718137550807,0.11297235301219365,0.008370558171354984,0.06787999517083182,0.022033079802004106,0.0015694796571290594,0.02840154533381625,46.2795283512415,29.848518767256177,7.726669081250755
prompts_moderate,PROMPTS,moderate,213,0.6866473499939635,0.7264477443760312,0.7576059398768562,0.0,0.7264477443760312,0.03678216427220411,0.3536652078774617,0.47702407002188185,0.16931072210065645,0.0364099158919876,0.0,0.0031490200812909976,0.01743530926797859,0.012777174131755805,0.26714401712556285,0.0,0.3243523316062176,0.14175869120654397,0.0,0.035625176063423074,0.11100044267374945,0.008199525131796049,0.06819187894885106,0.022103505171234255,0.0015694796571290594,0.027989053885468226,43.26129824137792,27.52546105147261,7.203509195541068
prompts_high,PROMPTS,high,213,0.8389774236387783,0.7663889894965592,0.7663889894965592,0.0,0.7663889894965592,0.0,,,,0.04445852951829048,0.0,0.003068533945027969,0.015503641997665902,0.013541792426254577,0.2666706897592179,0.0,0.3224101479915433,0.14001453752498638,0.0,0.03165117308543603,0.09983299126725421,0.007797094450480904,0.07291037868727111,0.021811742927280775,0.001438689685701638,0.027093645619542035,30.18230109863576,21.85473883587091,6.509316270272445
prompts_high_shift,PROMPTS,high_shift,213,0.8858807195460582,0.8467141534870618,0.8537566904100768,0.0,0.8467141534870618,0.010493380015292366,0.3068072866730585,0.49856184084372,0.19463087248322147,0.04714475431606906,0.0,0.0034508430922773553,0.017968529920721156,0.013089057909775041,0.267481020606199,0.0,0.3532440782698249,0.15926520420902443,0.0,0.03355265805465009,0.10107046561229828,0.008280011268059077,0.06923819872027043,0.021660831421787596,0.0017203911626222383,0.027003098716246128,20.121534065757174,10.350038295141692,5.845305646102459
blood_base,Blood tracking,base,213,0.6302969938428106,0.686275101613747,0.7228459897782606,0.0,0.686275101613747,0.0443076180127973,0.3503633060853769,0.4743415077202543,0.17529518619436876,0.03324077427663085,0.0,0.0031490200812909976,0.01735482313171556,0.01252565495593384,0.2658085277554304,0.0,0.31873727087576376,0.13874366605002816,0.0,0.035997424443639583,0.11315344681878546,0.008370558171354984,0.06785987363676607,0.022033079802004106,0.0015694796571290594,0.028381423799750494,46.2795283512415,29.85997803158759,7.736729848283633
blood_current,Blood tracking,current,213,0.6302969938428106,0.686275101613747,0.7228459897782606,0.0,0.686275101613747,0.0443076180127973,0.3503633060853769,0.4743415077202543,0.17529518619436876,0.03324077427663085,0.0,0.0031490200812909976,0.01735482313171556,0.01252565495593384,0.2658085277554304,0.0,0.31873727087576376,0.13874366605002816,0.0,0.035997424443639583,0.11315344681878546,0.008370558171354984,0.06785987363676607,0.022033079802004106,0.0015694796571290594,0.028381423799750494,46.2795283512415,29.85997803158759,7.736729848283633
blood_moderate,Blood tracking,moderate,213,0.6302969938428106,0.686275101613747,0.7228459897782606,0.0,0.686275101613747,0.0443076180127973,0.3503633060853769,0.4743415077202543,0.17529518619436876,0.03324077427663085,0.0,0.0031490200812909976,0.01735482313171556,0.01252565495593384,0.2658085277554304,0.0,0.31873727087576376,0.13874366605002816,0.0,0.035997424443639583,0.11315344681878546,0.008370558171354984,0.06785987363676607,0.022033079802004106,0.0015694796571290594,0.028381423799750494,44.26737494466578,27.727122457902762,7.736729848283633
blood_high,Blood tracking,high,213,0.6302969938428106,0.686275101613747,0.7228459897782606,0.0,0.686275101613747,0.0443076180127973,0.3503633060853769,0.4743415077202543,0.17529518619436876,0.03324077427663085,0.0,0.0031490200812909976,0.01735482313171556,0.01252565495593384,0.2658085277554304,0.0,0.31873727087576376,0.13874366605002816,0.0,0.035997424443639583,0.11315344681878546,0.008370558171354984,0.06785987363676607,0.022033079802004106,0.0015694796571290594,0.028381423799750494,39.23699142822649,22.394983523690694,7.736729848283633
referral_base,Transfer & EMT,base,213,0.6302969938428106,0.686275101613747,0.7228459897782606,0.0,0.686275101613747,0.0443076180127973,0.3503633060853769,0.4743415077202543,0.17529518619436876,0.03324077427663085,0.0,0.0031490200812909976,0.01735482313171556,0.01252565495593384,0.2658085277554304,0.0,0.31873727087576376,0.13874366605002816,0.0,0.035997424443639583,0.11315344681878546,0.008370558171354984,0.06785987363676607,0.022033079802004106,0.0015694796571290594,0.028381423799750494,46.2795283512415,29.85997803158759,7.736729848283633
referral_current,Transfer & EMT,current,213,0.6302969938428106,0.686275101613747,0.7228459897782606,0.0,0.686275101613747,0.0443076180127973,0.3503633060853769,0.4743415077202543,0.17529518619436876,0.03324077427663085,0.0,0.0031490200812909976,0.01735482313171556,0.01252565495593384,0.2658085277554304,0.0,0.31873727087576376,0.13874366605002816,0.0,0.035997424443639583,0.11315344681878546,0.008370558171354984,0.06785987363676607,0.022033079802004106,0.0015694796571290594,0.028381423799750494,46.2795283512415,29.85997803158759,7.736729848283633
referral_moderate,Transfer & EMT,moderate,213,0.6302969938428106,0.686275101613747,0.7228459897782606,0.0,0.686275101613747,0.0443076180127973,0.44118982742960944,0.4384650317892825,0.12034514078110808,0.03324077427663085,0.0,0.0031490200812909976,0.01735482313171556,0.01252565495593384,0.2658085277554304,0.0,0.31873727087576376,0.13874366605002816,0.0,0.035997424443639583,0.11315344681878546,0.008370558171354984,0.06785987363676607,0.022033079802004106,0.0015694796571290594,0.028381423799750494,45.273451647953635,28.793550244745177,7.736729848283633
referral_high,Transfer & EMT,high,213,0.6302969938428106,0.686275101613747,0.7228459897782606,0.0,0.686275101613747,0.0443076180127973,0.5217983651226158,0.40463215258855584,0.07356948228882834,0.03324077427663085,0.0,0.0031490200812909976,0.01735482313171556,0.01252565495593384,0.2658085277554304,0.0,0.31873727087576376,0.13874366605002816,0.0,0.035997424443639583,0.11315344681878546,0.008370558171354984,0.06785987363676607,0.022033079802004106,0.0015694796571290594,0.028381423799750494,45.273451647953635,28.793550244745177,7.736729848283633
pulse_base,PULSE,base,213,0.6302969938428106,0.686275101613747,0.7228459897782606,0.0,0.686275101613747,0.0443076180127973,0.3503633060853769,0.4743415077202543,0.17529518619436876,0.03324077427663085,0.0,0.0031490200812909976,0.01735482313171556,0.01252565495593384,0.2658085277554304,0.0,0.31873727087576376,0.13874366605002816,0.0,0.035997424443639583,0.11315344681878546,0.008370558171354984,0.06785987363676607,0.022033079802004106,0.0015694796571290594,0.028381423799750494,46.2795283512415,29.85997803158759,7.736729848283633
pulse_current,PULSE,current,213,0.6302969938428106,0.686275101613747,0.7228459897782606,0.0,0.686275101613747,0.04427743571169866,0.3506021358782095,0.47421040672574416,0.17518745739604635,0.03324077427663085,0.0,0.0031490200812909976,0.017234093927321018,0.01252565495593384,0.2658085277554304,0.0,0.31873727087576376,0.1389407088977208,0.0,0.035997424443639583,0.11217755241659624,0.008370558171354984,0.06785987363676607,0.022033079802004106,0.0015694796571290594,0.02826069459535595,46.2795283512415,29.85997803158759,7.736729848283633
pulse_moderate,PULSE,moderate,213,0.6302969938428106,0.686275101613747,0.7228359290112278,0.0,0.686275101613747,0.044015855768843815,0.35154285714285716,0.47382857142857143,0.17462857142857144,0.03324077427663085,0.0,0.0031490200812909976,0.01594631574711256,0.01252565495593384,0.2658085277554304,0.0,0.31873727087576376,0.13927943760984182,0.0,0.035997424443639583,0.1034548673990905,0.008370558171354984,0.06785987363676607,0.022033079802004106,0.0015694796571290594,0.02725461789206809,44.26737494466578,29.85997803158759,7.726669081250755
pulse_high,PULSE,high,213,0.6302969938428106,0.686275101613747,0.7228258682441949,0.0,0.686275101613747,0.043764336593021855,0.35195402298850575,0.47402298850574714,0.17402298850574713,0.03324077427663085,0.0,0.0031490200812909976,0.014859752907561672,0.01252565495593384,0.2658085277554304,0.0,0.31873727087576376,0.14158358895705522,0.0,0.035997424443639583,0.09488309388707795,0.008370558171354984,0.06785987363676607,0.022033079802004106,0.0015694796571290594,0.026379331160207655,42.25522153809006,27.727122457902762,7.7166083142178765
fqa_base,FQA,base,213,0.6302969938428106,0.686275101613747,0.7228459897782606,0.0,0.686275101613747,0.043764336593021855,0.3524137931034483,0.4742528735632184,0.17333333333333334,0.07211557809167371,0.015966437281178317,0.004668195903255664,0.05138033723691094,0.028381423799750494,0.5766693483507643,0.470919881305638,0.49256900212314225,0.4360112695295825,0.0,0.026027204314056904,0.0835848525091553,0.007314177632902733,0.06592820636645338,0.022033079802004106,0.0015694796571290594,0.02390438247011952,40.24306813151435,23.46141131053311,7.666304479053483
fqa_current,FQA,current,213,0.6302969938428106,0.686275101613747,0.7228459897782606,0.0,0.686275101613747,0.043764336593021855,0.3524137931034483,0.4742528735632184,0.17333333333333334,0.07211557809167371,0.015996619582276952,0.004678256670288543,0.0514004587709767,0.028391484566783372,0.5766693483507643,0.47181008902077154,0.49363057324840764,0.4362937660119556,0.0,0.026007082779991145,0.08352448790695803,0.007314177632902733,0.0659181455994205,0.022033079802004106,0.0015694796571290594,0.023874200169020886,40.24306813151435,23.46141131053311,7.666304479053483
fqa_moderate,FQA,moderate,213,0.6302969938428106,0.686275101613747,0.7228258682441949,0.0,0.686275101613747,0.04374421505895609,0.35234590616375344,0.4742410303587857,0.1734130634774609,0.07211557809167371,0.016409111030624975,0.004758742806551572,0.05306048533140167,0.029377439736005474,0.5766693483507643,0.48440748440748443,0.5021231422505308,0.4512706425943356,0.0,0.025644895166807517,0.08214616282345366,0.007273934564771218,0.06580747716205884,0.022033079802004106,0.0015694796571290594,0.023672984828363313,40.24306813151435,23.46141131053311,7.646182944987726
fqa_high,FQA,high,213,0.6302969938428106,0.686275101613747,0.7227856251760634,0.0,0.686275101613747,0.0436939112237917,0.35275155422518994,0.47432650241768365,0.1729219433571264,0.07211557809167371,0.016821602478972998,0.004949897380176265,0.05470039035776088,0.030222544166767274,0.5766693483507643,0.4974709907765546,0.5222929936305732,0.4658954584404456,0.0,0.025363193689886918,0.08096905308060687,0.00719344842850819,0.06569680872469717,0.022033079802004106,0.0015694796571290594,0.023522073322870134,40.24306813151435,23.46141131053311,7.636122177954848
combined_base,All,base,213,0.6302969938428106,0.686275101613747,0.7228459897782606,0.0,0.686275101613747,0.0443076180127973,0.3503633060853769,0.4743415077202543,0.17529518619436876,0.03324077427663085,0.0,0.0031490200812909976,0.01735482313171556,0.01252565495593384,0.2658085277554304,0.0,0.31873727087576376,0.13874366605002816,0.0,0.035997424443639583,0.11315344681878546,0.008370558171354984,0.06785987363676607,0.022033079802004106,0.0015694796571290594,0.028381423799750494,46.2795283512415,29.85997803158759,7.736729848283633
combined_current,All,current,213,0.6325204233570767,0.6883778019236186,0.7246066240090144,0.0,0.6883778019236186,0.04343233128093686,0.35302293259207784,0.47625665971739634,0.17072040769052582,0.0762606141092197,0.016620387138315425,0.004859350476880357,0.05392571129622922,0.02997102499094531,0.6078101194771871,0.49372384937238495,0.5143769968051118,0.4609563123495012,0.0,0.025333011388788282,0.0809086884784096,0.0072236307296068255,0.0657772948609602,0.022033079802004106,0.0015694796571290594,0.02357237715803453,40.24306813151435,23.451157634417772,7.626061410921968
combined_moderate,All,moderate,213,0.7169201979958952,0.74734395750332,0.7658557688438167,0.0,0.74734395750332,0.018773391283351443,0.5058949624866024,0.4105037513397642,0.08360128617363344,0.12392852831099843,0.02149985914926154,0.006901686184554711,0.06553583645217112,0.04717493661716769,0.8693626932034724,0.7256366723259763,0.792147806004619,0.6920216721555296,0.0,0.018833755885548715,0.05197392249185078,0.005352328061491408,0.06514346653788886,0.02192241136464244,0.001559418890096181,0.019216065032798102,25.151917582196464,12.661433274246644,6.811139281258804
combined_high,All,high,213,0.8501750573463721,0.7663889894965592,0.7663889894965592,0.0,0.7663889894965592,0.0,,,,0.1611030624974848,0.019618495714113244,0.006941929252686225,0.05355346291601272,0.05075656968087247,0.9527010947168015,0.7497116493656286,0.8445532435740514,0.7346121998343914,0.0,0.0160670449515071,0.03799951708318242,0.004889532777978993,0.06763853676204273,0.02178156062618214,0.0014286289186687593,0.018049016056984186,22.13368747233289,13.511828046397538,6.247736327417602
mentors_base,MENTORS,base,214,0.6305283914845667,0.6865165600225361,0.7224334983299127,0.0,0.6865165600225361,0.04504205400619743,0.3488943488943489,0.4724145633236542,0.17869108778199688,0.029568594309630165,0.0,0.003923699142822649,0.016791420177874362,0.012877781802084591,0.26403737310214714,0.0,0.3277310924369748,0.14250341530054644,0.0,0.05165197794679866,0.10595999839027727,0.010694595355949937,0.05411686586985392,0.022012958267938348,0.0018411203670167815,0.034367580184313254,65.39498571371081,45.86079648471662,7.455028371363033
mentors_current,MENTORS,current,214,0.6305283914845667,0.6865165600225361,0.7223932552617811,0.0,0.6865165600225361,0.044398164916093205,0.35100838431905734,0.47178789938817134,0.17720371629277135,0.06741719988731941,0.021892229063543805,0.0057748802768723085,0.05170228178196306,0.03059479254698378,0.6020123978079238,0.4620938628158845,0.512042818911686,0.4624313866642671,0.0,0.03693307577769729,0.07607952030262788,0.009477242544971629,0.05189343635558775,0.022012958267938348,0.0018411203670167815,0.028492092237112156,57.34637208740795,37.32855527825772,7.364481468067126
mentors_moderate,MENTORS,moderate,214,0.6305283914845667,0.6865165600225361,0.7222524045233208,0.0,0.6865165600225361,0.04398567346774518,0.35224153705397987,0.4709515096065874,0.17680695333943275,0.08563724898386253,0.02632902732504326,0.0071431445933437965,0.0633325284719707,0.039065958388667554,0.7647111670110502,0.5794951284322409,0.6507791017415215,0.5820619509939898,0.0,0.03267737132278965,0.06542516801480945,0.008783049619703005,0.050947724254497166,0.022012958267938348,0.0018411203670167815,0.02640951346130629,55.33421868083222,36.26202512745035,7.324238399935611
mentors_high,MENTORS,high,214,0.6305283914845667,0.6865165600225361,0.7221920399211236,0.0,0.6865165600225361,0.0436939112237917,0.35252129864149206,0.471102924245913,0.17637577711259497,0.10475270634633184,0.030162179564570003,0.00833031510322347,0.0740874884301179,0.046822809771016945,0.9354056239331596,0.6931791907514451,0.7848341232227488,0.7004660896033482,0.0,0.0284719707030464,0.05516318564127329,0.008088856694434383,0.0499919513863737,0.022012958267938348,0.0018411203670167815,0.02463881846351966,51.30991186768079,31.9959045242209,7.283995331804097
prompts_base,PROMPTS,base,214,0.6305283914845667,0.6865165600225361,0.7224334983299127,0.0,0.6865165600225361,0.04504205400619743,0.3488943488943489,0.4724145633236542,0.17869108778199688,0.029568594309630165,0.0,0.003923699142822649,0.016791420177874362,0.012877781802084591,0.26403737310214714,0.0,0.3277310924369748,0.14250341530054644,0.0,0.05165197794679866,0.10595999839027727,0.010694595355949937,0.05411686586985392,0.022012958267938348,0.0018411203670167815,0.034367580184313254,65.39498571371081,45.86079648471662,7.455028371363033
prompts_current,PROMPTS,current,214,0.632580787959274,0.6884683488269145,0.7241035856573705,0.0,0.6884683488269145,0.044800595597408344,0.3485290815180777,0.47271502357960926,0.17875589490231306,0.02969938428105759,0.0,0.003923699142822649,0.016761237876775727,0.012907964103183227,0.26444504165546895,0.0,0.3277310924369748,0.1424296828246559,0.0,0.05158155257756852,0.10579902611775122,0.010694595355949937,0.054147048170952554,0.022012958267938348,0.0018411203670167815,0.03435751941728037,65.39498571371081,45.844172459379934,7.455028371363033
prompts_moderate,PROMPTS,moderate,214,0.687029659141213,0.7268904181254778,0.7575053322065274,0.0,0.7268904181254778,0.037053804982091834,0.3513440130328537,0.4759706760792832,0.17268531088786315,0.03239566984586905,0.0,0.0038633345406253773,0.016710934041611333,0.013129300977906556,0.2653263019116678,0.0,0.33132010353753233,0.1445856545961003,0.0,0.04979073604571613,0.10371644734194535,0.010342468509799188,0.054408628113807395,0.02220411284156304,0.001800877298885267,0.033854481065636446,59.358525493983656,41.29081438190827,6.941929252686225
prompts_high,PROMPTS,high,214,0.8392188820475673,0.7663889894965592,0.7663889894965592,0.0,0.7663889894965592,0.0,,,,0.03964948287657451,0.0,0.0037325445691979557,0.014085073846030022,0.013944223107569721,0.26511940800538175,0.0,0.3400549954170486,0.14016820184221065,0.0,0.03950863213811421,0.0901142903134935,0.009587910982333293,0.05780916737092036,0.0215199806833273,0.0015694796571290594,0.031148134733792104,34.206607911787195,28.099242361168926,6.308100929614874
prompts_high_shift,PROMPTS,high_shift,214,0.8859612056823212,0.846784578856292,0.8535454143023864,0.0,0.846784578856292,0.01061410921968691,0.3080568720379147,0.5061611374407583,0.18578199052132702,0.04198358082820234,0.0,0.0035715722966718983,0.01650971870095376,0.013471367057024428,0.26557627442245274,0.0,0.32598714416896235,0.160709039271374,0.0,0.04166163628315023,0.09177431687391847,0.009779065555957986,0.054629964988530726,0.022063262103102742,0.0017706949977866313,0.031258803171153766,30.18230109863576,19.66547983770804,5.55354340214898
blood_base,Blood tracking,base,214,0.6305283914845667,0.6865165600225361,0.7224334983299127,0.0,0.6865165600225361,0.04504205400619743,0.3488943488943489,0.4724145633236542,0.17869108778199688,0.029568594309630165,0.0,0.003923699142822649,0.016791420177874362,0.012877781802084591,0.26403737310214714,0.0,0.3277310924369748,0.14250341530054644,0.0,0.05165197794679866,0.10595999839027727,0.010694595355949937,0.05411686586985392,0.022012958267938348,0.0018411203670167815,0.034367580184313254,65.39498571371081,45.86079648471662,7.455028371363033
blood_current,Blood tracking,current,214,0.6305283914845667,0.6865165600225361,0.7224334983299127,0.0,0.6865165600225361,0.04504205400619743,0.3488943488943489,0.4724145633236542,0.17869108778199688,0.029568594309630165,0.0,0.003923699142822649,0.016791420177874362,0.012877781802084591,0.26403737310214714,0.0,0.3277310924369748,0.14250341530054644,0.0,0.05165197794679866,0.10595999839027727,0.010694595355949937,0.05411686586985392,0.022012958267938348,0.0018411203670167815,0.034367580184313254,65.39498571371081,45.86079648471662,7.455028371363033
blood_moderate,Blood tracking,moderate,214,0.6305283914845667,0.6865165600225361,0.7224334983299127,0.0,0.6865165600225361,0.04504205400619743,0.3488943488943489,0.4724145633236542,0.17869108778199688,0.029568594309630165,0.0,0.003923699142822649,0.016791420177874362,0.012877781802084591,0.26403737310214714,0.0,0.3277310924369748,0.14250341530054644,0.0,0.05165197794679866,0.10595999839027727,0.010694595355949937,0.05411686586985392,0.022012958267938348,0.0018411203670167815,0.034367580184313254,62.37675560384723,42.66120603229454,7.455028371363033
blood_high,Blood tracking,high,214,0.6305283914845667,0.6865165600225361,0.7224334983299127,0.0,0.6865165600225361,0.04504205400619743,0.3488943488943489,0.4724145633236542,0.17869108778199688,0.029568594309630165,0.0,0.003923699142822649,0.016791420177874362,0.012877781802084591,0.26403737310214714,0.0,0.3277310924369748,0.14250341530054644,0.0,0.05165197794679866,0.10595999839027727,0.010694595355949937,0.05411686586985392,0.022012958267938348,0.0018411203670167815,0.034367580184313254,57.34637208740795,37.32855527825772,7.455028371363033
referral_base,Transfer & EMT,base,214,0.6305283914845667,0.6865165600225361,0.7224334983299127,0.0,0.6865165600225361,0.04504205400619743,0.3488943488943489,0.4724145633236542,0.17869108778199688,0.029568594309630165,0.0,0.003923699142822649,0.016791420177874362,0.012877781802084591,0.26403737310214714,0.0,0.3277310924369748,0.14250341530054644,0.0,0.05165197794679866,0.10595999839027727,0.010694595355949937,0.05411686586985392,0.022012958267938348,0.0018411203670167815,0.034367580184313254,65.39498571371081,45.86079648471662,7.455028371363033
referral_current,Transfer & EMT,current,214,0.6305283914845667,0.6865165600225361,0.7224334983299127,0.0,0.6865165600225361,0.04504205400619743,0.3488943488943489,0.4724145633236542,0.17869108778199688,0.029568594309630165,0.0,0.003923699142822649,0.016791420177874362,0.012877781802084591,0.26403737310214714,0.0,0.3277310924369748,0.14250341530054644,0.0,0.05165197794679866,0.10595999839027727,0.010694595355949937,0.05411686586985392,0.022012958267938348,0.0018411203670167815,0.034367580184313254,65.39498571371081,45.86079648471662,7.455028371363033
referral_moderate,Transfer & EMT,moderate,214,0.6305283914845667,0.6865165600225361,0.7224334983299127,0.0,0.6865165600225361,0.04504205400619743,0.43712307348670987,0.44092025910207727,0.12195666741121286,0.029568594309630165,0.0,0.003923699142822649,0.016791420177874362,0.012877781802084591,0.26403737310214714,0.0,0.3277310924369748,0.14250341530054644,0.0,0.05165197794679866,0.10595999839027727,0.010694595355949937,0.05411686586985392,0.022012958267938348,0.0018411203670167815,0.034367580184313254,63.3828323071351,43.7277361831019,7.455028371363033
referral_high,Transfer & EMT,high,214,0.6305283914845667,0.6865165600225361,0.7224334983299127,0.0,0.6865165600225361,0.04504205400619743,0.5197677015858834,0.4071923162832254,0.07303998213089122,0.029568594309630165,0.0,0.003923699142822649,0.016791420177874362,0.012877781802084591,0.26403737310214714,0.0,0.3277310924369748,0.14250341530054644,0.0,0.05165197794679866,0.10595999839027727,0.010694595355949937,0.05411686586985392,0.022012958267938348,0.0018411203670167815,0.034367580184313254,61.37067890055938,41.59467588148717,7.455028371363033
pulse_base,PULSE,base,214,0.6305283914845667,0.6865165600225361,0.7224334983299127,0.0,0.6865165600225361,0.04504205400619743,0.3488943488943489,0.4724145633236542,0.17869108778199688,0.029568594309630165,0.0,0.003923699142822649,0.016791420177874362,0.012877781802084591,0.26403737310214714,0.0,0.3277310924369748,0.14250341530054644,0.0,0.05165197794679866,0.10595999839027727,0.010694595355949937,0.05411686586985392,0.022012958267938348,0.0018411203670167815,0.034367580184313254,65.39498571371081,45.86079648471662,7.455028371363033
pulse_current,PULSE,current,214,0.6305283914845667,0.6865165600225361,0.7224334983299127,0.0,0.6865165600225361,0.045021932472131675,0.3490502793296089,0.47217877094972066,0.1787709497206704,0.029568594309630165,0.0,0.003923699142822649,0.016710934041611333,0.012877781802084591,0.26403737310214714,0.0,0.3277310924369748,0.14291860265014628,0.0,0.05165197794679866,0.10513501549358123,0.010694595355949937,0.05411686586985392,0.022012958267938348,0.0018411203670167815,0.034266972513984466,65.39498571371081,45.86079648471662,7.455028371363033
pulse_moderate,PULSE,moderate,214,0.6305283914845667,0.6865165600225361,0.7224234375628797,0.0,0.6865165600225361,0.04477041329630971,0.3496629213483146,0.47235955056179774,0.17797752808988765,0.029568594309630165,0.0,0.003923699142822649,0.01544327739546863,0.012877781802084591,0.26403737310214714,0.0,0.3277310924369748,0.14317694244939838,0.0,0.05165197794679866,0.09693549036178518,0.010694595355949937,0.05411686586985392,0.022012958267938348,0.0018411203670167815,0.03327095657772949,63.3828323071351,45.86079648471662,7.455028371363033
pulse_high,PULSE,high,214,0.6305283914845667,0.6865165600225361,0.7224133767958469,0.0,0.6865165600225361,0.04451889412048775,0.3502824858757062,0.4725423728813559,0.17717514124293784,0.029568594309630165,0.0,0.003923699142822649,0.014407018391082136,0.012877781802084591,0.26403737310214714,0.0,0.3277310924369748,0.1457061457061457,0.0,0.05165197794679866,0.08896736287174534,0.010694595355949937,0.05411686586985392,0.022012958267938348,0.0018411203670167815,0.03230512294257314,61.37067890055938,43.7277361831019,7.455028371363033
fqa_base,FQA,base,214,0.6305283914845667,0.6865165600225361,0.7224334983299127,0.0,0.6865165600225361,0.04446859028532335,0.3506787330316742,0.47217194570135745,0.17714932126696833,0.06453982051591613,0.02112761076904503,0.005573664936214737,0.04946879150066401,0.029317075133808202,0.5763183900817537,0.44331855604813175,0.4920071047957371,0.4435723951285521,0.0,0.03757696486780152,0.07733711618173769,0.009618093283431928,0.05201416555998229,0.022012958267938348,0.0018411203670167815,0.028793915248098514,57.34637208740795,37.32855527825772,7.384603002132883
fqa_current,FQA,current,214,0.6305283914845667,0.6865165600225361,0.7224334983299127,0.0,0.6865165600225361,0.04446859028532335,0.3506787330316742,0.47217194570135745,0.17714932126696833,0.06453982051591613,0.021167853837176547,0.005593786470280494,0.049509034568795525,0.02932713590084108,0.5763183900817537,0.4441629723453663,0.4937833037300178,0.44393324312133514,0.0,0.03755684333373576,0.07730693388063906,0.009618093283431928,0.05200410479294942,0.022012958267938348,0.0018411203670167815,0.028783854481065636,57.34637208740795,37.32855527825772,7.384603002132883
fqa_moderate,FQA,moderate,214,0.6305283914845667,0.6865165600225361,0.722403316028814,0.0,0.6865165600225361,0.04440822568312608,0.3509288627095605,0.4716810149524241,0.1773901223380154,0.06453982051591613,0.021831864461346533,0.005714515674675037,0.05110869652702322,0.03031309107006318,0.5763183900817537,0.45857988165680474,0.5044404973357016,0.4594374604323053,0.0,0.037124230351321987,0.07593866956416757,0.009527546380136021,0.05191355788965351,0.022012958267938348,0.0018411203670167815,0.02854239607227655,57.34637208740795,37.32855527825772,7.364481468067126
fqa_high,FQA,high,214,0.6305283914845667,0.6865165600225361,0.7223731337277154,0.0,0.6865165600225361,0.04437804338202744,0.35094082974382224,0.47177510768533215,0.1772840625708456,0.06453982051591613,0.02241538894925349,0.005905670248299731,0.052557446979757734,0.031228620870055134,0.5763183900817537,0.47153439153439153,0.5213143872113677,0.47361740707162286,0.0,0.03677210350517123,0.07474143828725502,0.009487303312004508,0.05181295021932472,0.022012958267938348,0.0018411203670167815,0.02825063382832307,57.34637208740795,37.32855527825772,7.364481468067126
combined_base,All,base,214,0.6305283914845667,0.6865165600225361,0.7224334983299127,0.0,0.6865165600225361,0.04504205400619743,0.3488943488943489,0.4724145633236542,0.17869108778199688,0.029568594309630165,0.0,0.003923699142822649,0.016791420177874362,0.012877781802084591,0.26403737310214714,0.0,0.3277310924369748,0.14250341530054644,0.0,0.05165197794679866,0.10595999839027727,0.010694595355949937,0.05411686586985392,0.022012958267938348,0.0018411203670167815,0.034367580184313254,65.39498571371081,45.86079648471662,7.455028371363033
combined_current,All,current,214,0.632751820998833,0.6885890780313091,0.7241639502595678,0.0,0.6885890780313091,0.04410640267213972,0.3517335766423358,0.4733120437956204,0.1749543795620438,0.06826230431808121,0.02205320133606986,0.005815123345003823,0.05186325405448911,0.03094691939313453,0.607648217804048,0.46707862774344766,0.5160714285714286,0.46833833015353865,0.0,0.036681556601875324,0.07488228902571532,0.009457121010905872,0.05187331482152199,0.022012958267938348,0.0018411203670167815,0.028290876896454587,57.34637208740795,37.313035042270336,7.3443599340013686
combined_moderate,All,moderate,214,0.7174936617167693,0.7479476035252928,0.7658457080767838,0.0,0.7479476035252928,0.018119441426214335,0.5030538589672404,0.410882842865075,0.08606329816768463,0.11105074650891383,0.025584530564610245,0.007877580586743933,0.06219566179725542,0.04849289709847479,0.8695446667717032,0.6775912603250733,0.7877263581488934,0.7009070294784581,0.0,0.025161978349229345,0.04652098676003059,0.00747514990542879,0.05100808885669444,0.02165077065475472,0.0017304519296551168,0.02284800193166727,36.218761318362915,23.2123827510894,6.609923940601232
combined_high,All,high,214,0.8505070626584571,0.7663889894965592,0.7663889894965592,0.0,0.7663889894965592,0.0,,,,0.14445249305807076,0.02072518008772989,0.007656243712020605,0.04946879150066401,0.05212483399734396,0.9525641876202481,0.7142857142857143,0.8418141592920354,0.7391761876127481,0.0,0.018763330516318562,0.03327095657772949,0.006569680872469717,0.05254738621272486,0.021590406052557447,0.001559418890096181,0.020946516962453216,21.12761076904503,14.551048195150342,6.056581753792909
mentors_base,MENTORS,base,215,0.6308603967966517,0.6869290514708841,0.7193146605497203,0.0,0.6869290514708841,0.03865346694031953,0.35918792295679336,0.4721499219156689,0.16866215512753774,0.029769809650287738,0.0,0.0037124230351321987,0.015211879753712423,0.013129300977906556,0.2650246305418719,0.0,0.33545454545454545,0.1379184529781994,0.0,0.03724495955571653,0.09966195822769527,0.00932633103947845,0.05713509597971749,0.021952593665741076,0.001559418890096181,0.022878184232765907,36.218761318362915,23.470672328077324,7.585818342790454
mentors_current,MENTORS,current,215,0.6308603967966517,0.6869290514708841,0.7192844782486216,0.0,0.6869290514708841,0.03819067165680712,0.3601159114857745,0.4731296101159115,0.166754478398314,0.06771902289830577,0.016499657933920883,0.005583725703247616,0.04649080445893195,0.031067648597529075,0.6028660994178235,0.4766056378959605,0.5280685061845861,0.44415609381007304,0.0,0.025353132922854037,0.07331280936858627,0.007998309791138476,0.05527385407863496,0.021952593665741076,0.001559418890096181,0.018904181254778864,30.18230109863576,17.069579874965328,7.4650891383959115
mentors_moderate,MENTORS,moderate,215,0.6308603967966517,0.6869290514708841,0.7191335667431284,0.0,0.6869290514708841,0.03782848404362349,0.36117021276595745,0.4723404255319149,0.16648936170212766,0.08601955813111192,0.020041047929494144,0.006750774679061532,0.05738661515553946,0.039589118274377236,0.7657859381997313,0.5981981981981982,0.6539961013645225,0.5629688116857481,0.0,0.022355024347056218,0.06418769366976539,0.007062658457080768,0.05450923578413618,0.021952593665741076,0.001559418890096181,0.01728439776248541,28.17014769206004,14.93588239059466,7.414785303231518
mentors_high,MENTORS,high,215,0.6308603967966517,0.6869290514708841,0.7190631413738984,0.0,0.6869290514708841,0.03759708640186728,0.36178753010436177,0.47176879850147174,0.16644367139416644,0.1050545293573182,0.023029095738259085,0.007907762887842569,0.06680349309831382,0.04746669886112117,0.9352440662785491,0.7106488668115493,0.7875751503006012,0.6735646175694867,0.0,0.019447462674554307,0.05482111956215542,0.006086764054891545,0.05371443518853877,0.021952593665741076,0.001559418890096181,0.01608716648557286,28.17014769206004,14.93588239059466,7.394663769165762
prompts_base,PROMPTS,base,215,0.6308603967966517,0.6869290514708841,0.7193146605497203,0.0,0.6869290514708841,0.03865346694031953,0.35918792295679336,0.4721499219156689,0.16866215512753774,0.029769809650287738,0.0,0.0037124230351321987,0.015211879753712423,0.013129300977906556,0.2650246305418719,0.0,0.33545454545454545,0.1379184529781994,0.0,0.03724495955571653,0.09966195822769527,0.00932633103947845,0.05713509597971749,0.021952593665741076,0.001559418890096181,0.022878184232765907,36.218761318362915,23.470672328077324,7.585818342790454
prompts_current,PROMPTS,current,215,0.6329027325043262,0.688850657974164,0.7209948086442111,0.0,0.688850657974164,0.03844219083262908,0.35880659513216434,0.47291285003925676,0.1682805548285789,0.02990059962171516,0.0,0.0037124230351321987,0.015211879753712423,0.013149422511972313,0.26545194712397285,0.0,0.33545454545454545,0.13810741687979539,0.0,0.03722483802165077,0.09949092518813635,0.00932633103947845,0.05715521751378325,0.021952593665741076,0.001559418890096181,0.022878184232765907,36.218761318362915,23.4624121492636,7.575757575757576
prompts_moderate,PROMPTS,moderate,215,0.6871705098796732,0.7270715119320696,0.7549197150790776,0.0,0.7270715119320696,0.03318040967443358,0.35324439053972106,0.47756215888417225,0.16919345057610674,0.03254658135136223,0.0,0.0036319368988691697,0.015382912793271359,0.013390880920761399,0.2660799473597631,0.0,0.3327188940092166,0.1422987436016752,0.0,0.03676204273813836,0.09751901484969214,0.009185480301018149,0.057507344359934,0.022063262103102742,0.0015795404241619381,0.022485814318483642,36.218761318362915,24.356666313671504,7.0928407581794035
prompts_high,PROMPTS,high,215,0.8391182743772385,0.7663889894965592,0.7663889894965592,0.0,0.7663889894965592,0.0,,,,0.03983057668316632,0.0,0.003511207694474627,0.01373294699987927,0.013843615437240935,0.2660081972720554,0.0,0.33752417794970985,0.14101239669421486,0.0,0.030775886353575598,0.08788080003219445,0.008370558171354984,0.0610789166566059,0.021741317558050626,0.001438689685701638,0.021691013722886232,27.16407098877218,18.737898440590453,6.358404764779267
prompts_high_shift,PROMPTS,high_shift,215,0.8861221779548473,0.8467946396233249,0.8532838343595316,0.0,0.8467946396233249,0.009205601835083907,0.3256830601092896,0.4961748633879781,0.17814207650273223,0.042225039236991425,0.0,0.0036118153648034127,0.015483520463600145,0.013702764698780635,0.2666454891994917,0.0,0.3455245428296439,0.15903689159863593,0.0,0.032848404362348586,0.08748843011791219,0.008571773512012555,0.05766831663246006,0.02185198599541229,0.0017103303955893598,0.021006881564650488,16.097227252605737,9.316480854631843,5.76481950983943
blood_base,Blood tracking,base,215,0.6308603967966517,0.6869290514708841,0.7193146605497203,0.0,0.6869290514708841,0.03865346694031953,0.35918792295679336,0.4721499219156689,0.16866215512753774,0.029769809650287738,0.0,0.0037124230351321987,0.015211879753712423,0.013129300977906556,0.2650246305418719,0.0,0.33545454545454545,0.1379184529781994,0.0,0.03724495955571653,0.09966195822769527,0.00932633103947845,0.05713509597971749,0.021952593665741076,0.001559418890096181,0.022878184232765907,36.218761318362915,23.470672328077324,7.585818342790454
blood_current,Blood tracking,current,215,0.6308603967966517,0.6869290514708841,0.7193146605497203,0.0,0.6869290514708841,0.03865346694031953,0.35918792295679336,0.4721499219156689,0.16866215512753774,0.029769809650287738,0.0,0.0037124230351321987,0.015211879753712423,0.013129300977906556,0.2650246305418719,0.0,0.33545454545454545,0.1379184529781994,0.0,0.03724495955571653,0.09966195822769527,0.00932633103947845,0.05713509597971749,0.021952593665741076,0.001559418890096181,0.022878184232765907,35.21268461507505,22.403823585891992,7.585818342790454
blood_moderate,Blood tracking,moderate,215,0.6308603967966517,0.6869290514708841,0.7193146605497203,0.0,0.6869290514708841,0.03865346694031953,0.35918792295679336,0.4721499219156689,0.16866215512753774,0.029769809650287738,0.0,0.0037124230351321987,0.015211879753712423,0.013129300977906556,0.2650246305418719,0.0,0.33545454545454545,0.1379184529781994,0.0,0.03724495955571653,0.09966195822769527,0.00932633103947845,0.05713509597971749,0.021952593665741076,0.001559418890096181,0.022878184232765907,34.206607911787195,21.33697484370666,7.585818342790454
blood_high,Blood tracking,high,215,0.6308603967966517,0.6869290514708841,0.7193146605497203,0.0,0.6869290514708841,0.03865346694031953,0.35918792295679336,0.4721499219156689,0.16866215512753774,0.029769809650287738,0.0,0.0037124230351321987,0.015211879753712423,0.013129300977906556,0.2650246305418719,0.0,0.33545454545454545,0.1379184529781994,0.0,0.03724495955571653,0.09966195822769527,0.00932633103947845,0.05713509597971749,0.021952593665741076,0.001559418890096181,0.022878184232765907,30.18230109863576,17.069579874965328,7.585818342790454
referral_base,Transfer & EMT,base,215,0.6308603967966517,0.6869290514708841,0.7193146605497203,0.0,0.6869290514708841,0.03865346694031953,0.35918792295679336,0.4721499219156689,0.16866215512753774,0.029769809650287738,0.0,0.0037124230351321987,0.015211879753712423,0.013129300977906556,0.2650246305418719,0.0,0.33545454545454545,0.1379184529781994,0.0,0.03724495955571653,0.09966195822769527,0.00932633103947845,0.05713509597971749,0.021952593665741076,0.001559418890096181,0.022878184232765907,36.218761318362915,23.470672328077324,7.585818342790454
referral_current,Transfer & EMT,current,215,0.6308603967966517,0.6869290514708841,0.7193146605497203,0.0,0.6869290514708841,0.03865346694031953,0.35918792295679336,0.4721499219156689,0.16866215512753774,0.029769809650287738,0.0,0.0037124230351321987,0.015211879753712423,0.013129300977906556,0.2650246305418719,0.0,0.33545454545454545,0.1379184529781994,0.0,0.03724495955571653,0.09966195822769527,0.00932633103947845,0.05713509597971749,0.021952593665741076,0.001559418890096181,0.022878184232765907,36.218761318362915,23.470672328077324,7.585818342790454
referral_moderate,Transfer & EMT,moderate,215,0.6308603967966517,0.6869290514708841,0.7193146605497203,0.0,0.6869290514708841,0.03865346694031953,0.44768349817803227,0.43883394065590836,0.11348256116605934,0.029769809650287738,0.0,0.0037124230351321987,0.015211879753712423,0.013129300977906556,0.2650246305418719,0.0,0.33545454545454545,0.1379184529781994,0.0,0.03724495955571653,0.09966195822769527,0.00932633103947845,0.05713509597971749,0.021952593665741076,0.001559418890096181,0.022878184232765907,35.21268461507505,22.403823585891992,7.585818342790454
referral_high,Transfer & EMT,high,215,0.6308603967966517,0.6869290514708841,0.7193146605497203,0.0,0.6869290514708841,0.03865346694031953,0.5252472670484123,0.4081207704320666,0.06663196251952108,0.029769809650287738,0.0,0.0037124230351321987,0.015211879753712423,0.013129300977906556,0.2650246305418719,0.0,0.33545454545454545,0.1379184529781994,0.0,0.03724495955571653,0.09966195822769527,0.00932633103947845,0.05713509597971749,0.021952593665741076,0.001559418890096181,0.022878184232765907,35.21268461507505,22.403823585891992,7.585818342790454
pulse_base,PULSE,base,215,0.6308603967966517,0.6869290514708841,0.7193146605497203,0.0,0.6869290514708841,0.03865346694031953,0.35918792295679336,0.4721499219156689,0.16866215512753774,0.029769809650287738,0.0,0.0037124230351321987,0.015211879753712423,0.013129300977906556,0.2650246305418719,0.0,0.33545454545454545,0.1379184529781994,0.0,0.03724495955571653,0.09966195822769527,0.00932633103947845,0.05713509597971749,0.021952593665741076,0.001559418890096181,0.022878184232765907,36.218761318362915,23.470672328077324,7.585818342790454
pulse_current,PULSE,current,215,0.6308603967966517,0.6869290514708841,0.7193146605497203,0.0,0.6869290514708841,0.03863334540625377,0.359375,0.47213541666666664,0.16848958333333333,0.029769809650287738,0.0,0.0037124230351321987,0.015121332850416516,0.013129300977906556,0.2650246305418719,0.0,0.33545454545454545,0.13805456048498208,0.0,0.03724495955571653,0.09895770453539378,0.00932633103947845,0.05713509597971749,0.021952593665741076,0.001559418890096181,0.022807758863535758,36.218761318362915,23.470672328077324,7.585818342790454
pulse_moderate,PULSE,moderate,215,0.6308603967966517,0.6869290514708841,0.7193146605497203,0.0,0.6869290514708841,0.03842206929856332,0.3605655930871956,0.4713275726630008,0.1681068342498036,0.029769809650287738,0.0,0.0037124230351321987,0.013934162340536842,0.013129300977906556,0.2650246305418719,0.0,0.33545454545454545,0.13796194840123518,0.0,0.03724495955571653,0.09113042778381424,0.00932633103947845,0.05713509597971749,0.021952593665741076,0.001559418890096181,0.02199283673387259,35.21268461507505,23.470672328077324,7.565696808724697
pulse_high,PULSE,high,215,0.6308603967966517,0.6869290514708841,0.7193045997826875,0.0,0.6869290514708841,0.03819067165680712,0.3609062170706006,0.47154899894625923,0.16754478398314016,0.029769809650287738,0.0,0.0037124230351321987,0.012948207171314742,0.013129300977906556,0.2650246305418719,0.0,0.33545454545454545,0.13986089980439034,0.0,0.03724495955571653,0.08356473097508954,0.00932633103947845,0.05713509597971749,0.021952593665741076,0.001559418890096181,0.02122821843937382,34.206607911787195,22.403823585891992,7.555636041691819
fqa_base,FQA,base,215,0.6308603967966517,0.6869290514708841,0.7193146605497203,0.0,0.6869290514708841,0.038220853957905754,0.36009476177941563,0.473545669913135,0.16635956830744933,0.0647913396917381,0.01593625498007968,0.005332206527425651,0.044388104149060324,0.029789931184353496,0.5768025078369906,0.4582007520971941,0.50332383665717,0.42513008286760456,0.0,0.02592659664372812,0.07442955450923579,0.008149221296631655,0.0553945832830295,0.021952593665741076,0.001559418890096181,0.019065153527304923,30.18230109863576,17.069579874965328,7.495271439494547
fqa_current,FQA,current,215,0.6308603967966517,0.6869290514708841,0.7193146605497203,0.0,0.6869290514708841,0.038220853957905754,0.36009476177941563,0.473545669913135,0.16635956830744933,0.0647913396917381,0.01595637651414544,0.0053623888285242866,0.04442834721719184,0.029799991951386374,0.5768025078369906,0.4587792884003471,0.5061728395061729,0.42551551358643286,0.0,0.025916535876695238,0.07438931144110426,0.008149221296631655,0.0553945832830295,0.021952593665741076,0.001559418890096181,0.019065153527304923,30.18230109863576,17.069579874965328,7.495271439494547
fqa_moderate,FQA,moderate,215,0.6308603967966517,0.6869290514708841,0.7192945390156545,0.0,0.6869290514708841,0.03819067165680712,0.3601159114857745,0.4733930453108535,0.16649104320337196,0.0647913396917381,0.01643929333172361,0.0054831180329188295,0.045977705340255144,0.030806068654674234,0.5768025078369906,0.4730746960046323,0.5175688509021842,0.44086436426779857,0.0,0.025574469797577368,0.07330274860155338,0.008058674393335748,0.05531409714676647,0.021952593665741076,0.001559418890096181,0.018894120487745986,30.18230109863576,17.069579874965328,7.47514990542879
fqa_high,FQA,high,215,0.6308603967966517,0.6869290514708841,0.7192643567145559,0.0,0.6869290514708841,0.03814036782164272,0.3603270904774466,0.4732260617251385,0.16644684779741492,0.0647913396917381,0.016841724013038753,0.005664211839510644,0.04725542275343072,0.03174171998873194,0.5768025078369906,0.4853580748042911,0.5346628679962013,0.4549593180937621,0.0,0.025222342951426616,0.0720753350235422,0.007988249024105597,0.05522355024347056,0.021952593665741076,0.001559418890096181,0.01872308744818705,30.18230109863576,17.069579874965328,7.4650891383959115
combined_base,All,base,215,0.6308603967966517,0.6869290514708841,0.7193146605497203,0.0,0.6869290514708841,0.03865346694031953,0.35918792295679336,0.4721499219156689,0.16866215512753774,0.029769809650287738,0.0,0.0037124230351321987,0.015211879753712423,0.013129300977906556,0.2650246305418719,0.0,0.33545454545454545,0.1379184529781994,0.0,0.03724495955571653,0.09966195822769527,0.00932633103947845,0.05713509597971749,0.021952593665741076,0.001559418890096181,0.022878184232765907,36.218761318362915,23.470672328077324,7.585818342790454
combined_current,All,current,215,0.6330737655438851,0.6889713871785585,0.7210652340134411,0.0,0.6889713871785585,0.03792909171395227,0.36074270557029176,0.4755968169761273,0.1636604774535809,0.0685440057950018,0.016620387138315425,0.005603847237313372,0.04675238440178679,0.03143989697774558,0.6083578890972409,0.4807916181606519,0.5299714557564225,0.4509461426491994,0.0,0.025232403718459494,0.07222624652903538,0.007988249024105597,0.055263793311602076,0.021952593665741076,0.001559418890096181,0.018793512817417198,30.18230109863576,17.06266262850318,7.455028371363033
combined_moderate,All,moderate,215,0.7176345124552296,0.7479979073604571,0.7653829127932713,0.0,0.7479979073604571,0.018049016056984186,0.5005574136008919,0.4158305462653289,0.08361204013377926,0.11129220491770292,0.02091633466135458,0.007505332206527425,0.058161294217071106,0.04912672542154614,0.8697908476175499,0.7052238805970149,0.7795193312434692,0.6809989398044528,0.0,0.01807919835808282,0.047134693549036176,0.005795001810938066,0.055102821039076016,0.02179162139321502,0.001559418890096181,0.015181697452613788,17.103303955893598,9.49868073878628,6.690410076864261
combined_high,All,high,215,0.8502857257837337,0.7663889894965592,0.7663889894965592,0.0,0.7663889894965592,0.0,,,,0.14458328302949816,0.01807919835808282,0.007424846070264397,0.04733590888969375,0.05264799388305364,0.9525419235103069,0.7392019744960922,0.8367346938775511,0.7234009840098401,0.0,0.014195742283391686,0.0342971548150831,0.005000201215340658,0.056682361463237955,0.021741317558050626,0.0014286289186687593,0.013974405408668357,17.103303955893598,8.317478140627761,6.2276147933518455
mentors_base,MENTORS,base,216,0.630095778502153,0.6862549800796812,0.7187110145277475,0.0,0.6862549800796812,0.04267777375347096,0.34134842055634135,0.48444130127298446,0.17421027817067422,0.02612781198438569,0.0,0.004275825988973399,0.016278321059197555,0.01259608032516399,0.26392276422764227,0.0,0.3547579298831386,0.1355108877721943,0.0,0.02105718539981488,0.10990381906716568,0.010714716890015694,0.06840315505654151,0.022143748239365768,0.0015292365889975452,0.03816048935570848,63.3828323071351,44.81720980856649,9.094933397722242
mentors_current,MENTORS,current,216,0.630095778502153,0.6862549800796812,0.7186808322266489,0.0,0.6862549800796812,0.04205400619743249,0.3435406698564593,0.48325358851674644,0.17320574162679425,0.05982132077749608,0.009919916294418286,0.006076703287858667,0.05000201215340658,0.029981085757978188,0.6042682926829268,0.4910358565737052,0.5220397579948142,0.4375385157144115,0.0,0.015564006599863173,0.08403758702563484,0.009708640186727836,0.06603887480381504,0.022143748239365768,0.0015292365889975452,0.03291882973157874,57.34637208740795,38.41475126448557,8.883657290031792
mentors_moderate,MENTORS,moderate,216,0.630095778502153,0.6862549800796812,0.7185802245563202,0.0,0.6862549800796812,0.041742122419413254,0.34369727645215714,0.48276693179079294,0.1735357917570499,0.07610970260372651,0.012113163507585819,0.007354420701034247,0.061913960320334825,0.03831140086120166,0.7688008130081301,0.608388074785245,0.6457597173144877,0.5548142805625677,0.0,0.014054891544931386,0.07462070908286048,0.00904462956255785,0.06489194736206688,0.022143748239365768,0.0015292365889975452,0.030977101694233167,56.34029538412008,37.347674840472074,8.82329268783452
mentors_high,MENTORS,high,216,0.630095778502153,0.6862549800796812,0.718429313050827,0.0,0.6862549800796812,0.04126926636886796,0.34349098000975137,0.48293515358361777,0.17357386640663092,0.09258923900358164,0.014487504527345164,0.008601955813111191,0.07264879874441628,0.045816733067729085,0.9352642276422765,0.7392197125256673,0.7737556561085973,0.6674986134220743,0.0,0.012475351120769447,0.06532456034448067,0.00833031510322347,0.0637550806873516,0.022143748239365768,0.0015292365889975452,0.029015252122821845,52.31598857096865,33.07936914441812,8.762928085637249
prompts_base,PROMPTS,base,216,0.630095778502153,0.6862549800796812,0.7187110145277475,0.0,0.6862549800796812,0.04267777375347096,0.34134842055634135,0.48444130127298446,0.17421027817067422,0.02612781198438569,0.0,0.004275825988973399,0.016278321059197555,0.01259608032516399,0.26392276422764227,0.0,0.3547579298831386,0.1355108877721943,0.0,0.02105718539981488,0.10990381906716568,0.010714716890015694,0.06840315505654151,0.022143748239365768,0.0015292365889975452,0.03816048935570848,63.3828323071351,44.81720980856649,9.094933397722242
prompts_current,PROMPTS,current,216,0.6321381142098274,0.6882067688840597,0.7204112841563041,0.0,0.6882067688840597,0.04245643687874764,0.3409952606635071,0.48530805687203793,0.17369668246445497,0.026258601955813112,0.0,0.004265765221940521,0.016258199525131797,0.012616201859229747,0.2645180906050471,0.0,0.35421888053467,0.1355363582990858,0.0,0.021006881564650488,0.10972272526057386,0.010704656122982817,0.06841321582357439,0.022143748239365768,0.0015292365889975452,0.03814036782164272,62.37675560384723,44.80095575372275,9.084872630689365
prompts_moderate,PROMPTS,moderate,216,0.6865064992555032,0.7265282305122942,0.754557527465894,0.0,0.7265282305122942,0.03566541913155459,0.34301833568406204,0.48265162200282086,0.17433004231311708,0.028632942975572458,0.0,0.0040746106483158274,0.016328624894361946,0.01281741719988732,0.26528709917971666,0.0,0.35064935064935066,0.1393013475238177,0.0,0.02092639542838746,0.10705662199686104,0.010221739305404645,0.06883576803895529,0.022103505171234255,0.001559418890096181,0.0373053241579138,58.352448790695796,42.366149446592175,8.461105074650892
prompts_high,PROMPTS,high,216,0.8391182743772385,0.7663889894965592,0.7663889894965592,0.0,0.7663889894965592,0.0,,,,0.035202623848042174,0.0,0.0036319368988691697,0.014276228419654714,0.013400941687794278,0.26561906930843393,0.0,0.3333333333333333,0.1408296943231441,0.0,0.018129502193247212,0.09242826673105557,0.009296148738379814,0.07335305243671777,0.021831864461346533,0.001458811219767395,0.035584932995291564,39.23699142822649,28.10918858142295,7.294056098836975
prompts_high_shift,PROMPTS,high_shift,216,0.8859209626141897,0.8465431204475029,0.8530423759507425,0.0,0.8465431204475029,0.010573866151555394,0.29305423406279735,0.5099904852521409,0.19695528068506185,0.03735562799307819,0.0,0.003722483802165077,0.01574510040645499,0.01309911867680792,0.26639403070741857,0.0,0.3378995433789954,0.15421757981868348,0.0,0.018391082136102056,0.09267978590687755,0.009618093283431928,0.0693991709927965,0.0215199806833273,0.0016700873274578453,0.03474988933156264,29.176224395347898,18.63257595362559,6.982172320817739
blood_base,Blood tracking,base,216,0.630095778502153,0.6862549800796812,0.7187110145277475,0.0,0.6862549800796812,0.04267777375347096,0.34134842055634135,0.48444130127298446,0.17421027817067422,0.02612781198438569,0.0,0.004275825988973399,0.016278321059197555,0.01259608032516399,0.26392276422764227,0.0,0.3547579298831386,0.1355108877721943,0.0,0.02105718539981488,0.10990381906716568,0.010714716890015694,0.06840315505654151,0.022143748239365768,0.0015292365889975452,0.03816048935570848,63.3828323071351,44.81720980856649,9.094933397722242
blood_current,Blood tracking,current,216,0.630095778502153,0.6862549800796812,0.7187110145277475,0.0,0.6862549800796812,0.04267777375347096,0.34134842055634135,0.48444130127298446,0.17421027817067422,0.02612781198438569,0.0,0.004275825988973399,0.016278321059197555,0.01259608032516399,0.26392276422764227,0.0,0.3547579298831386,0.1355108877721943,0.0,0.02105718539981488,0.10990381906716568,0.010714716890015694,0.06840315505654151,0.022143748239365768,0.0015292365889975452,0.03816048935570848,62.37675560384723,43.750133384553,9.094933397722242
blood_moderate,Blood tracking,moderate,216,0.630095778502153,0.6862549800796812,0.7187110145277475,0.0,0.6862549800796812,0.04267777375347096,0.34134842055634135,0.48444130127298446,0.17421027817067422,0.02612781198438569,0.0,0.004275825988973399,0.016278321059197555,0.01259608032516399,0.26392276422764227,0.0,0.3547579298831386,0.1355108877721943,0.0,0.02105718539981488,0.10990381906716568,0.010714716890015694,0.06840315505654151,0.022143748239365768,0.0015292365889975452,0.03816048935570848,61.37067890055938,42.68305696053952,9.094933397722242
blood_high,Blood tracking,high,216,0.630095778502153,0.6862549800796812,0.7187110145277475,0.0,0.6862549800796812,0.04267777375347096,0.34134842055634135,0.48444130127298446,0.17421027817067422,0.02612781198438569,0.0,0.004275825988973399,0.016278321059197555,0.01259608032516399,0.26392276422764227,0.0,0.3547579298831386,0.1355108877721943,0.0,0.02105718539981488,0.10990381906716568,0.010714716890015694,0.06840315505654151,0.022143748239365768,0.0015292365889975452,0.03816048935570848,59.358525493983656,40.54890411251254,9.094933397722242
referral_base,Transfer & EMT,base,216,0.630095778502153,0.6862549800796812,0.7187110145277475,0.0,0.6862549800796812,0.04267777375347096,0.34134842055634135,0.48444130127298446,0.17421027817067422,0.02612781198438569,0.0,0.004275825988973399,0.016278321059197555,0.01259608032516399,0.26392276422764227,0.0,0.3547579298831386,0.1355108877721943,0.0,0.02105718539981488,0.10990381906716568,0.010714716890015694,0.06840315505654151,0.022143748239365768,0.0015292365889975452,0.03816048935570848,63.3828323071351,44.81720980856649,9.094933397722242
referral_current,Transfer & EMT,current,216,0.630095778502153,0.6862549800796812,0.7187110145277475,0.0,0.6862549800796812,0.04267777375347096,0.34134842055634135,0.48444130127298446,0.17421027817067422,0.02612781198438569,0.0,0.004275825988973399,0.016278321059197555,0.01259608032516399,0.26392276422764227,0.0,0.3547579298831386,0.1355108877721943,0.0,0.02105718539981488,0.10990381906716568,0.010714716890015694,0.06840315505654151,0.022143748239365768,0.0015292365889975452,0.03816048935570848,63.3828323071351,44.81720980856649,9.094933397722242
referral_moderate,Transfer & EMT,moderate,216,0.630095778502153,0.6862549800796812,0.7187110145277475,0.0,0.6862549800796812,0.04267777375347096,0.43446487505893444,0.44884488448844884,0.1166902404526167,0.02612781198438569,0.0,0.004275825988973399,0.016278321059197555,0.01259608032516399,0.26392276422764227,0.0,0.3547579298831386,0.1355108877721943,0.0,0.02105718539981488,0.10990381906716568,0.010714716890015694,0.06840315505654151,0.022143748239365768,0.0015292365889975452,0.03816048935570848,62.37675560384723,43.750133384553,9.094933397722242
referral_high,Transfer & EMT,high,216,0.630095778502153,0.6862549800796812,0.7187110145277475,0.0,0.6862549800796812,0.04267777375347096,0.5127298444130127,0.41772748703441775,0.06954266855256955,0.02612781198438569,0.0,0.004275825988973399,0.016278321059197555,0.01259608032516399,0.26392276422764227,0.0,0.3547579298831386,0.1355108877721943,0.0,0.02105718539981488,0.10990381906716568,0.010714716890015694,0.06840315505654151,0.022143748239365768,0.0015292365889975452,0.03816048935570848,62.37675560384723,43.750133384553,9.094933397722242
pulse_base,PULSE,base,216,0.630095778502153,0.6862549800796812,0.7187110145277475,0.0,0.6862549800796812,0.04267777375347096,0.34134842055634135,0.48444130127298446,0.17421027817067422,0.02612781198438569,0.0,0.004275825988973399,0.016278321059197555,0.01259608032516399,0.26392276422764227,0.0,0.3547579298831386,0.1355108877721943,0.0,0.02105718539981488,0.10990381906716568,0.010714716890015694,0.06840315505654151,0.022143748239365768,0.0015292365889975452,0.03816048935570848,63.3828323071351,44.81720980856649,9.094933397722242
pulse_current,PULSE,current,216,0.630095778502153,0.6862549800796812,0.7187110145277475,0.0,0.6862549800796812,0.04263753068533945,0.341670599339311,0.4841906559697971,0.17413874469089194,0.02612781198438569,0.0,0.004275825988973399,0.01616765262183589,0.01259608032516399,0.26392276422764227,0.0,0.3547579298831386,0.13569196994004898,0.0,0.02105718539981488,0.10898828926717373,0.010714716890015694,0.06840315505654151,0.022143748239365768,0.0015292365889975452,0.03802969938428106,63.3828323071351,44.81720980856649,9.094933397722242
pulse_moderate,PULSE,moderate,216,0.630095778502153,0.6862549800796812,0.7187110145277475,0.0,0.6862549800796812,0.04231558614028733,0.34213029006181644,0.4845458868283405,0.1733238231098431,0.02612781198438569,0.0,0.004275825988973399,0.01495029981085758,0.01259608032516399,0.26392276422764227,0.0,0.3547579298831386,0.13595608417200367,0.0,0.02105718539981488,0.10046681959032557,0.010714716890015694,0.06840315505654151,0.022143748239365768,0.0015292365889975452,0.036842528874401384,61.37067890055938,44.81720980856649,9.074811863656485
pulse_high,PULSE,high,216,0.630095778502153,0.6862549800796812,0.7186908929936818,0.0,0.6862549800796812,0.042013763129300975,0.3426724137931034,0.483955938697318,0.17337164750957854,0.02612781198438569,0.0,0.004275825988973399,0.013944223107569721,0.01259608032516399,0.26392276422764227,0.0,0.3547579298831386,0.13829574935142686,0.0,0.02105718539981488,0.09211638295303634,0.010714716890015694,0.06840315505654151,0.022143748239365768,0.0015292365889975452,0.03553462916012717,60.36460219727152,43.750133384553,9.064751096623606
fqa_base,FQA,base,216,0.630095778502153,0.6862549800796812,0.7187110145277475,0.0,0.6862549800796812,0.04208418849853113,0.3432942863973225,0.4836241931628018,0.17308152043987568,0.05732625055334219,0.009517485613103144,0.005845305646102459,0.047708157269910255,0.028723489878868365,0.5790650406504065,0.47088103534096565,0.5004306632213609,0.41886759120219064,0.0,0.01574510040645499,0.08490281299046239,0.00988973399331965,0.06616966477524247,0.022143748239365768,0.0015292365889975452,0.03303955893597328,57.34637208740795,38.41475126448557,8.893718057064671
fqa_current,FQA,current,216,0.630095778502153,0.6862549800796812,0.7187110145277475,0.0,0.6862549800796812,0.04208418849853113,0.3432942863973225,0.4836241931628018,0.17308152043987568,0.05732625055334219,0.009527546380136021,0.005865427180168216,0.04773833957100889,0.028733550645901242,0.5790650406504065,0.4713787954206073,0.5021533161068045,0.41913258546064835,0.0,0.01574510040645499,0.08487263068936375,0.009879673226286773,0.06616966477524247,0.022143748239365768,0.0015292365889975452,0.0330294981689404,57.34637208740795,38.41475126448557,8.893718057064671
fqa_moderate,FQA,moderate,216,0.630095778502153,0.6862549800796812,0.7186908929936818,0.0,0.6862549800796812,0.042023823896333856,0.34378740723006945,0.4831218577926742,0.1730907349772564,0.05732625055334219,0.009819308624089501,0.005996217151595638,0.04931787999517083,0.029719505815123344,0.5790650406504065,0.4855721393034826,0.5133505598621878,0.43380530973451326,0.0,0.015654553503159082,0.08374582478168136,0.00975894402189223,0.06608917863897944,0.022143748239365768,0.0015292365889975452,0.03287858666344722,57.34637208740795,38.41475126448557,8.883657290031792
fqa_high,FQA,high,216,0.630095778502153,0.6862549800796812,0.7186808322266489,0.0,0.6862549800796812,0.0420037023622681,0.3439520958083832,0.4831137724550898,0.17293413173652694,0.05732625055334219,0.010070827799911464,0.006137067890055938,0.05082699505010262,0.03062497484808242,0.5790650406504065,0.49825783972125437,0.5254091300602929,0.44783263895044767,0.0,0.015483520463600145,0.08270956577729487,0.009708640186727836,0.06594832790051913,0.022143748239365768,0.0015292365889975452,0.03267737132278965,57.34637208740795,38.41475126448557,8.883657290031792
combined_base,All,base,216,0.630095778502153,0.6862549800796812,0.7187110145277475,0.0,0.6862549800796812,0.04267777375347096,0.34134842055634135,0.48444130127298446,0.17421027817067422,0.02612781198438569,0.0,0.004275825988973399,0.016278321059197555,0.01259608032516399,0.26392276422764227,0.0,0.3547579298831386,0.1355108877721943,0.0,0.02105718539981488,0.10990381906716568,0.010714716890015694,0.06840315505654151,0.022143748239365768,0.0015292365889975452,0.03816048935570848,63.3828323071351,44.81720980856649,9.094933397722242
combined_current,All,current,216,0.6323192080164192,0.6883375588554872,0.7205018310596,0.0,0.6883375588554872,0.041762243953479015,0.3444953023367863,0.48518429294145987,0.1703204047217538,0.060585939071994846,0.0099601593625498,0.006076703287858667,0.05012274135780112,0.03031309107006318,0.6101317122593718,0.49425861208187716,0.5224913494809689,0.442923186344239,0.0,0.015503641997665902,0.08274980884542638,0.0096784578856292,0.06599863173568353,0.022143748239365768,0.0015292365889975452,0.03269749285685541,55.33421868083222,37.33174051240481,8.873596522998914
combined_moderate,All,moderate,216,0.7171314741035857,0.7475250513099119,0.765252122821844,0.0,0.7475250513099119,0.018531932874562358,0.49457111834962,0.4169381107491857,0.08849077090119435,0.09837418004748683,0.013219847881202463,0.008068735160368627,0.061692623445611494,0.047557245764417076,0.8717902995720399,0.721978021978022,0.7733847637415622,0.6706036745406824,0.0,0.011821401263632339,0.0555354340214898,0.007797094450480904,0.06514346653788886,0.021982775966839712,0.0015493581230633024,0.027083584852509154,32.194454505211475,20.056157240272764,7.535514507626061
combined_high,All,high,216,0.8501951788804378,0.7663889894965592,0.7663889894965592,0.0,0.7663889894965592,0.0,,,,0.12809368586261016,0.012414986518572176,0.007716608314217876,0.04899593545011872,0.05118918266328625,0.9534935969445069,0.7552019583843329,0.8265086206896551,0.7137622746592408,0.0,0.010422954646062216,0.03966960441064027,0.006901686184554711,0.06726628838182623,0.021771499859149262,0.0014688719868002737,0.025333011388788282,28.17014769206004,17.675927466311762,7.042536923015011
mentors_base,MENTORS,base,217,0.6299448669966599,0.6860034609038593,0.7221618576200249,0.0,0.6860034609038593,0.04672220210068816,0.3449612403100775,0.4788975021533161,0.17614125753660637,0.027928689283270955,0.0,0.003963942210954163,0.016922210149301783,0.014215863817457442,0.2653665997514578,0.0,0.347136563876652,0.13746322327558025,0.0,0.033059680470039036,0.11034649281661234,0.009859551692221014,0.05661193609400781,0.022093444404201378,0.0014889935208660307,0.03922693066119361,66.40106241699867,44.82294935006723,7.495271439494547
mentors_current,MENTORS,current,217,0.6299448669966599,0.6860034609038593,0.7221417360859592,0.0,0.6860034609038593,0.04609843454464969,0.3465735486687036,0.47773897861195985,0.17568747271933655,0.06345325767636524,0.015463398929534388,0.00569439414060928,0.05185319328745624,0.03370356956014327,0.602906031928114,0.4929441949967928,0.5178408051235133,0.44415718717683556,0.0,0.024085476276711336,0.0787959274015051,0.00882329268783452,0.05403637973359089,0.022093444404201378,0.0014889935208660307,0.032566702885427984,55.33421868083222,33.08360547266867,7.364481468067126
mentors_moderate,MENTORS,moderate,217,0.6299448669966599,0.6860034609038593,0.7219707030464002,0.0,0.6860034609038593,0.04568594309630166,0.3481611979740145,0.476326800264259,0.1755120017617265,0.08079802004104793,0.01886393818664735,0.0068916254175218315,0.06379532375548312,0.042758259889733995,0.7677086320619444,0.6135471204188482,0.6401869158878505,0.5615977327074662,0.0,0.0215199806833273,0.06725622761479336,0.00810897822850014,0.05296993842810576,0.022093444404201378,0.0014889935208660307,0.03017224033160288,51.30991186768079,28.814753153614653,7.314177632902733
mentors_high,MENTORS,high,217,0.6299448669966599,0.6860034609038593,0.7218700953760715,0.0,0.6860034609038593,0.045293573182019396,0.3482896490448689,0.47623278542869835,0.1754775655264327,0.09830375467825667,0.02262666505694394,0.00811903899553302,0.07448991911143306,0.05104833192482595,0.9340407226842558,0.7516711229946524,0.7729885057471264,0.6742555322830344,0.0,0.01920600426576522,0.05687351603686265,0.0072638737977383395,0.05191355788965351,0.022093444404201378,0.0014889935208660307,0.02797899311843535,51.30991186768079,28.814753153614653,7.26387379773834
prompts_base,PROMPTS,base,217,0.6299448669966599,0.6860034609038593,0.7221618576200249,0.0,0.6860034609038593,0.04672220210068816,0.3449612403100775,0.4788975021533161,0.17614125753660637,0.027928689283270955,0.0,0.003963942210954163,0.016922210149301783,0.014215863817457442,0.2653665997514578,0.0,0.347136563876652,0.13746322327558025,0.0,0.033059680470039036,0.11034649281661234,0.009859551692221014,0.05661193609400781,0.022093444404201378,0.0014889935208660307,0.03922693066119361,66.40106241699867,44.82294935006723,7.495271439494547
prompts_current,PROMPTS,current,217,0.6319771419373013,0.687935128174172,0.7238319449474828,0.0,0.687935128174172,0.04649080445893195,0.34473057779701366,0.4795498809781433,0.1757195412248431,0.0280494184876655,0.0,0.0039538814439212845,0.016902088615236024,0.0142359853515232,0.2658529608086202,0.0,0.34656084656084657,0.13744579890370612,0.0,0.03303955893597328,0.11019558131111916,0.009849490925188137,0.056642118395106446,0.022093444404201378,0.0014889935208660307,0.03920680912712785,65.39498571371081,44.807647171783984,7.495271439494547
prompts_moderate,PROMPTS,moderate,217,0.6865769246247334,0.7263370759386696,0.7574650891383959,0.0,0.7263370759386696,0.03756690410076864,0.3422603106588109,0.4825923942153187,0.17514729512587038,0.030584731779950903,0.0,0.003823091472493863,0.016982574751499054,0.014628355265805465,0.26659650969043236,0.0,0.3389830508474576,0.14074877011590095,0.0,0.03265724978872389,0.10802245563201739,0.009698579419694958,0.05729606825224355,0.022033079802004106,0.0015694796571290594,0.03836170469636605,57.34637208740795,40.255516594807034,6.941929252686225
prompts_high,PROMPTS,high,217,0.8393396112519619,0.7663889894965592,0.7663889894965592,0.0,0.7663889894965592,0.0,,,,0.03750653949857137,0.0,0.0034709646263431124,0.01480944907239728,0.014980482111956215,0.26607665405752623,0.0,0.32701421800947866,0.14102318451810691,0.0,0.027596683971185962,0.09380659181455994,0.008813231920801643,0.06096824821924424,0.02171113525695199,0.001438689685701638,0.03644009819308624,42.25522153809006,31.23698458975427,5.955974083464123
prompts_high_shift,PROMPTS,high_shift,217,0.8859109018471568,0.8465431204475029,0.8536158396716166,0.0,0.8465431204475029,0.01138878828121856,0.29770318021201414,0.49823321554770317,0.2040636042402827,0.039750090546903295,0.0,0.0036419976659020485,0.016278321059197555,0.014618294498772586,0.2667251738337946,0.0,0.3330266789328427,0.15478809911030325,0.0,0.02868324681073685,0.09352489033763935,0.009195541068051028,0.057215582115980525,0.02156022375145881,0.0016902088615236026,0.035997424443639583,33.200531208499335,20.705434141190356,5.6843333735764014
blood_base,Blood tracking,base,217,0.6299448669966599,0.6860034609038593,0.7221618576200249,0.0,0.6860034609038593,0.04672220210068816,0.3449612403100775,0.4788975021533161,0.17614125753660637,0.027928689283270955,0.0,0.003963942210954163,0.016922210149301783,0.014215863817457442,0.2653665997514578,0.0,0.347136563876652,0.13746322327558025,0.0,0.033059680470039036,0.11034649281661234,0.009859551692221014,0.05661193609400781,0.022093444404201378,0.0014889935208660307,0.03922693066119361,66.40106241699867,44.82294935006723,7.495271439494547
blood_current,Blood tracking,current,217,0.6299448669966599,0.6860034609038593,0.7221618576200249,0.0,0.6860034609038593,0.04672220210068816,0.3449612403100775,0.4788975021533161,0.17614125753660637,0.027928689283270955,0.0,0.003963942210954163,0.016922210149301783,0.014215863817457442,0.2653665997514578,0.0,0.347136563876652,0.13746322327558025,0.0,0.033059680470039036,0.11034649281661234,0.009859551692221014,0.05661193609400781,0.022093444404201378,0.0014889935208660307,0.03922693066119361,64.38890901042295,42.688523190540224,7.495271439494547
blood_moderate,Blood tracking,moderate,217,0.6299448669966599,0.6860034609038593,0.7221618576200249,0.0,0.6860034609038593,0.04672220210068816,0.3449612403100775,0.4788975021533161,0.17614125753660637,0.027928689283270955,0.0,0.003963942210954163,0.016922210149301783,0.014215863817457442,0.2653665997514578,0.0,0.347136563876652,0.13746322327558025,0.0,0.033059680470039036,0.11034649281661234,0.009859551692221014,0.05661193609400781,0.022093444404201378,0.0014889935208660307,0.03922693066119361,61.37067890055938,39.4868839512497,7.495271439494547
blood_high,Blood tracking,high,217,0.6299448669966599,0.6860034609038593,0.7221618576200249,0.0,0.6860034609038593,0.04672220210068816,0.3449612403100775,0.4788975021533161,0.17614125753660637,0.027928689283270955,0.0,0.003963942210954163,0.016922210149301783,0.014215863817457442,0.2653665997514578,0.0,0.347136563876652,0.13746322327558025,0.0,0.033059680470039036,0.11034649281661234,0.009859551692221014,0.05661193609400781,0.022093444404201378,0.0014889935208660307,0.03922693066119361,55.33421868083222,33.08360547266867,7.495271439494547
referral_base,Transfer & EMT,base,217,0.6299448669966599,0.6860034609038593,0.7221618576200249,0.0,0.6860034609038593,0.04672220210068816,0.3449612403100775,0.4788975021533161,0.17614125753660637,0.027928689283270955,0.0,0.003963942210954163,0.016922210149301783,0.014215863817457442,0.2653665997514578,0.0,0.347136563876652,0.13746322327558025,0.0,0.033059680470039036,0.11034649281661234,0.009859551692221014,0.05661193609400781,0.022093444404201378,0.0014889935208660307,0.03922693066119361,66.40106241699867,44.82294935006723,7.495271439494547
referral_current,Transfer & EMT,current,217,0.6299448669966599,0.6860034609038593,0.7221618576200249,0.0,0.6860034609038593,0.04672220210068816,0.3449612403100775,0.4788975021533161,0.17614125753660637,0.027928689283270955,0.0,0.003963942210954163,0.016922210149301783,0.014215863817457442,0.2653665997514578,0.0,0.347136563876652,0.13746322327558025,0.0,0.033059680470039036,0.11034649281661234,0.009859551692221014,0.05661193609400781,0.022093444404201378,0.0014889935208660307,0.03922693066119361,66.40106241699867,44.82294935006723,7.495271439494547
referral_moderate,Transfer & EMT,moderate,217,0.6299448669966599,0.6860034609038593,0.7221618576200249,0.0,0.6860034609038593,0.04672220210068816,0.4356158484065461,0.44487510766580535,0.11950904392764858,0.027928689283270955,0.0,0.003963942210954163,0.016922210149301783,0.014215863817457442,0.2653665997514578,0.0,0.347136563876652,0.13746322327558025,0.0,0.033059680470039036,0.11034649281661234,0.009859551692221014,0.05661193609400781,0.022093444404201378,0.0014889935208660307,0.03922693066119361,64.38890901042295,42.688523190540224,7.495271439494547
referral_high,Transfer & EMT,high,217,0.6299448669966599,0.6860034609038593,0.7221618576200249,0.0,0.6860034609038593,0.04672220210068816,0.5167958656330749,0.41214470284237725,0.0710594315245478,0.027928689283270955,0.0,0.003963942210954163,0.016922210149301783,0.014215863817457442,0.2653665997514578,0.0,0.347136563876652,0.13746322327558025,0.0,0.033059680470039036,0.11034649281661234,0.009859551692221014,0.05661193609400781,0.022093444404201378,0.0014889935208660307,0.03922693066119361,64.38890901042295,42.688523190540224,7.495271439494547
pulse_base,PULSE,base,217,0.6299448669966599,0.6860034609038593,0.7221618576200249,0.0,0.6860034609038593,0.04672220210068816,0.3449612403100775,0.4788975021533161,0.17614125753660637,0.027928689283270955,0.0,0.003963942210954163,0.016922210149301783,0.014215863817457442,0.2653665997514578,0.0,0.347136563876652,0.13746322327558025,0.0,0.033059680470039036,0.11034649281661234,0.009859551692221014,0.05661193609400781,0.022093444404201378,0.0014889935208660307,0.03922693066119361,66.40106241699867,44.82294935006723,7.495271439494547
pulse_current,PULSE,current,217,0.6299448669966599,0.6860034609038593,0.7221618576200249,0.0,0.6860034609038593,0.0467020805666224,0.34510986643688063,0.478888410168031,0.17600172339508832,0.027928689283270955,0.0,0.003963942210954163,0.016811541711940117,0.014215863817457442,0.2653665997514578,0.0,0.347136563876652,0.13771221361463656,0.0,0.033059680470039036,0.10941084148255463,0.009859551692221014,0.05661193609400781,0.022093444404201378,0.0014889935208660307,0.0391363837578977,66.40106241699867,44.82294935006723,7.495271439494547
pulse_moderate,PULSE,moderate,217,0.6299448669966599,0.6860034609038593,0.7221618576200249,0.0,0.6860034609038593,0.04630971065234014,0.34607864436237235,0.4783836628285901,0.17553769280903758,0.027928689283270955,0.0,0.003963942210954163,0.015634431969093324,0.014215863817457442,0.2653665997514578,0.0,0.347136563876652,0.13877478121093054,0.0,0.033059680470039036,0.1008290072035092,0.009859551692221014,0.05661193609400781,0.022093444404201378,0.0014889935208660307,0.037919030946919396,64.38890901042295,43.75573627030373,7.495271439494547
pulse_high,PULSE,high,217,0.6299448669966599,0.6860034609038593,0.722151796852992,0.0,0.6860034609038593,0.04598776610728802,0.3463137169109604,0.4782323342813389,0.1754539488077007,0.027928689283270955,0.0,0.003963942210954163,0.014537808362509558,0.014215863817457442,0.2653665997514578,0.0,0.347136563876652,0.14072847682119205,0.0,0.033059680470039036,0.09262948207171315,0.009859551692221014,0.05661193609400781,0.022093444404201378,0.0014889935208660307,0.03659100969857942,62.37675560384723,41.62131011077672,7.47514990542879
fqa_base,FQA,base,217,0.6299448669966599,0.6860034609038593,0.7221618576200249,0.0,0.6860034609038593,0.04612861684574832,0.3465648854961832,0.47808069792802615,0.17535441657579062,0.060746911344520906,0.014910056742726066,0.0054831180329188295,0.049458730733631134,0.032214576039277236,0.5771914730905268,0.47393668052446436,0.4968094804010939,0.4250021613209994,0.0,0.0244778461909936,0.07998309791138476,0.008933961125196186,0.05418729123908407,0.022093444404201378,0.0014889935208660307,0.03285846512938147,55.33421868083222,33.08360547266867,7.394663769165762
fqa_current,FQA,current,217,0.6299448669966599,0.6860034609038593,0.7221618576200249,0.0,0.6860034609038593,0.04612861684574832,0.3465648854961832,0.47808069792802615,0.17535441657579062,0.060746911344520906,0.014940239043824702,0.005503239566984587,0.049509034568795525,0.03222463680631011,0.5771914730905268,0.4748960665174288,0.4986326344576117,0.42543442552087835,0.0,0.024457724656927846,0.07991267254215462,0.008933961125196186,0.05418729123908407,0.022093444404201378,0.0014889935208660307,0.03282828282828283,55.33421868083222,33.08360547266867,7.394663769165762
fqa_moderate,FQA,moderate,217,0.6299448669966599,0.6860034609038593,0.7221417360859592,0.0,0.6860034609038593,0.046088373777616806,0.34664920323073567,0.4778432656625191,0.17550753110674525,0.060746911344520906,0.015362791259205602,0.00562396877137913,0.051159000362187616,0.03338162501509115,0.5771914730905268,0.48864,0.5095715587967183,0.440450411433521,0.0,0.024256509316270273,0.07854440822568312,0.008883657290031792,0.0540766228017224,0.022093444404201378,0.0014889935208660307,0.032586824419493746,55.33421868083222,33.08360547266867,7.374542235100004
fqa_high,FQA,high,217,0.6299448669966599,0.6860034609038593,0.7221115537848606,0.0,0.6860034609038593,0.04604813070948529,0.34673366834170855,0.4778239021192921,0.17544242953899936,0.060746911344520906,0.015704857338323473,0.005754758742806552,0.05267817618415228,0.03435751941728037,0.5771914730905268,0.500480923372876,0.5214220601640839,0.45427728613569324,0.0,0.02390438247011952,0.07731699464767194,0.008803171153768764,0.05396595436436074,0.022093444404201378,0.0014889935208660307,0.03222463680631011,55.33421868083222,33.08360547266867,7.364481468067126
combined_base,All,base,217,0.6299448669966599,0.6860034609038593,0.7221618576200249,0.0,0.6860034609038593,0.04672220210068816,0.3449612403100775,0.4788975021533161,0.17614125753660637,0.027928689283270955,0.0,0.003963942210954163,0.016922210149301783,0.014215863817457442,0.2653665997514578,0.0,0.347136563876652,0.13746322327558025,0.0,0.033059680470039036,0.11034649281661234,0.009859551692221014,0.05661193609400781,0.022093444404201378,0.0014889935208660307,0.03922693066119361,66.40106241699867,44.82294935006723,7.495271439494547
combined_current,All,current,217,0.6321582357438931,0.6880659181455995,0.7239124310837458,0.0,0.6880659181455995,0.045806672300696204,0.3472435756643971,0.47990336042169995,0.17285306391390293,0.06421787597086402,0.015533824298764537,0.00569439414060928,0.05201416555998229,0.03403557487222826,0.6084842707340324,0.49582530507385997,0.5183150183150184,0.44991732660342876,0.0,0.02397480783934967,0.07743772385206649,0.008783049619703005,0.054006197432492256,0.022093444404201378,0.0014889935208660307,0.03229506217554026,53.32206527425651,32.00341369746106,7.3443599340013686
combined_moderate,All,moderate,217,0.7174131755805062,0.7473942613384844,0.7655640065998631,0.0,0.7473942613384844,0.018682844380055536,0.4964997307485191,0.41626278944534195,0.08723747980613894,0.10475270634633184,0.020111473298724293,0.007716608314217876,0.06284961165439253,0.052728480019316674,0.8715158617226082,0.7298284045271997,0.767,0.6733132140547532,0.0,0.017706949977866312,0.04848283633144191,0.007042536923015011,0.05366413135337438,0.021882168296510927,0.0015292365889975452,0.026429634995372046,28.17014769206004,13.726256216410269,6.298040162581995
combined_high,All,high,217,0.8504165157551612,0.7663889894965592,0.7663889894965592,0.0,0.7663889894965592,0.0,,,,0.1362429071592418,0.018350839067970543,0.0075556360416918185,0.050364199766590206,0.056994245241257194,0.9530579210359631,0.7609511889862328,0.831672203765227,0.7179119460777283,0.0,0.015181697452613788,0.03427703328101735,0.00619743249225321,0.05517324640830617,0.02171113525695199,0.001438689685701638,0.02455833232725663,25.151917582196464,14.5577057055808,5.734637208740795
mentors_base,MENTORS,base,218,0.6294116463439172,0.6855809086884784,0.7213469354903618,0.0,0.6855809086884784,0.049931586784176425,0.33669151722748336,0.48015313318557323,0.18315534958694338,0.031258803171153766,0.0,0.0035413899955732625,0.01516157591854803,0.013541792426254577,0.2645381013197105,0.0,0.32562442183163737,0.14092014213577708,0.0,0.02626866272284599,0.09787114169584289,0.009608032516399051,0.0459978268743209,0.021892229063543805,0.0014990542878989095,0.051994044025916536,77.46790615316512,48.039969254419674,6.378526298845024
mentors_current,MENTORS,current,218,0.6294116463439172,0.6855809086884784,0.7213066924222302,0.0,0.6855809086884784,0.04917702925671053,0.33817512274959083,0.4807692307692308,0.1810556464811784,0.07124029135981327,0.012867721035051712,0.005352328061491408,0.045867036902893475,0.03216427220411284,0.6028948488718604,0.507137192704203,0.5120307988450433,0.4518782832788185,0.0,0.019739224918507787,0.07247776570485734,0.008642198881242706,0.043975612700712305,0.021892229063543805,0.0014990542878989095,0.04494144633586865,65.39498571371081,35.22931078657443,6.2678578614833595
mentors_moderate,MENTORS,moderate,218,0.6294116463439172,0.6855809086884784,0.7211859632178357,0.0,0.6855809086884784,0.04878465934242827,0.3396576613734791,0.4790678490410394,0.18127448958548154,0.09052678176184152,0.01601674111634271,0.006569680872469717,0.05656163225884341,0.040907078755684334,0.7661132396764581,0.6370548219287715,0.6427165354330708,0.5737905695039804,0.0,0.017847800716326613,0.06361422994889131,0.00796812749003984,0.04316069057104914,0.021892229063543805,0.0014990542878989095,0.04236588997545173,62.37675560384723,32.026646169613116,6.257797094450481
mentors_high,MENTORS,high,218,0.6294116463439172,0.6855809086884784,0.7210249909453097,0.0,0.6855809086884784,0.048301742524850096,0.33951260154134555,0.4790668610706103,0.18142053738804415,0.11033643204957946,0.019467584208620065,0.0078071552175137835,0.06599863173568353,0.04885508471165842,0.9337590464027246,0.7837181044957473,0.7830474268415741,0.6896551724137931,0.0,0.01615759185480301,0.05431808121051149,0.00740472453619864,0.042235100004024306,0.021892229063543805,0.0014990542878989095,0.03983057668316632,59.358525493983656,28.823981552651805,6.2276147933518455
prompts_base,PROMPTS,base,218,0.6294116463439172,0.6855809086884784,0.7213469354903618,0.0,0.6855809086884784,0.049931586784176425,0.33669151722748336,0.48015313318557323,0.18315534958694338,0.031258803171153766,0.0,0.0035413899955732625,0.01516157591854803,0.013541792426254577,0.2645381013197105,0.0,0.32562442183163737,0.14092014213577708,0.0,0.02626866272284599,0.09787114169584289,0.009608032516399051,0.0459978268743209,0.021892229063543805,0.0014990542878989095,0.051994044025916536,77.46790615316512,48.039969254419674,6.378526298845024
prompts_current,PROMPTS,current,218,0.6314338605175258,0.6874723328906596,0.722986840516721,0.0,0.6874723328906596,0.049710249909453094,0.33657154422181745,0.48067192875936043,0.1827565270188221,0.031369471608515435,0.0,0.0035413899955732625,0.015151515151515152,0.013561913960320335,0.264843285483734,0.0,0.32562442183163737,0.14097163718056727,0.0,0.026258601955813112,0.09775041249144835,0.009608032516399051,0.046028009175419535,0.021892229063543805,0.0014990542878989095,0.051983983258883655,76.46182944987726,48.022538578105994,6.378526298845024
prompts_moderate,PROMPTS,moderate,218,0.6863757092840758,0.7259245844903215,0.7565898024065355,0.0,0.7259245844903215,0.03863334540625377,0.34348958333333335,0.4791666666666667,0.17734375,0.03422672944585295,0.0,0.003501146927441748,0.01552376353173166,0.013763129300977906,0.26594746716697937,0.0,0.3228200371057514,0.14621434663128968,0.0,0.026389391927240533,0.09642239124310838,0.009507424846070265,0.04668195903255664,0.0219425328987082,0.0015392973560304237,0.051350154935812305,64.38890901042295,43.444629290157145,6.106885588957303
prompts_high,PROMPTS,high,218,0.8391886997464687,0.7663889894965592,0.7663889894965592,0.0,0.7663889894965592,0.0,,,,0.04182260855567629,0.0,0.003360296188981448,0.013471367057024428,0.014356714555917744,0.26470962812022414,0.0,0.3320079522862823,0.14433545327153174,0.0,0.022908366533864542,0.0848022053201336,0.00854159121091392,0.04970018914242022,0.021610527586623206,0.0013984466175701235,0.04910660388748038,48.291681757817216,36.44884144753971,5.352328061491408
prompts_high_shift,PROMPTS,high_shift,218,0.8859913879834198,0.8464022697090426,0.8532435912914,0.0,0.8464022697090426,0.012274135780111876,0.2959016393442623,0.5081967213114754,0.1959016393442623,0.04434786108092881,0.0,0.003581633063704777,0.014688719868002737,0.013903980039438206,0.26562217535402227,0.0,0.3393708293612965,0.1561664349128249,0.0,0.024326934685500422,0.08506378526298845,0.009286087971346935,0.04649080445893195,0.021308704575636845,0.001700269628556481,0.04953921686989416,46.2795283512415,32.093090668157444,4.889532777978993
blood_base,Blood tracking,base,218,0.6294116463439172,0.6855809086884784,0.7213469354903618,0.0,0.6855809086884784,0.049931586784176425,0.33669151722748336,0.48015313318557323,0.18315534958694338,0.031258803171153766,0.0,0.0035413899955732625,0.01516157591854803,0.013541792426254577,0.2645381013197105,0.0,0.32562442183163737,0.14092014213577708,0.0,0.02626866272284599,0.09787114169584289,0.009608032516399051,0.0459978268743209,0.021892229063543805,0.0014990542878989095,0.051994044025916536,77.46790615316512,48.039969254419674,6.378526298845024
blood_current,Blood tracking,current,218,0.6294116463439172,0.6855809086884784,0.7213469354903618,0.0,0.6855809086884784,0.049931586784176425,0.33669151722748336,0.48015313318557323,0.18315534958694338,0.031258803171153766,0.0,0.0035413899955732625,0.01516157591854803,0.013541792426254577,0.2645381013197105,0.0,0.32562442183163737,0.14092014213577708,0.0,0.02626866272284599,0.09787114169584289,0.009608032516399051,0.0459978268743209,0.021892229063543805,0.0014990542878989095,0.051994044025916536,75.4557527465894,45.9048595097788,6.378526298845024
blood_moderate,Blood tracking,moderate,218,0.6294116463439172,0.6855809086884784,0.7213469354903618,0.0,0.6855809086884784,0.049931586784176425,0.33669151722748336,0.48015313318557323,0.18315534958694338,0.031258803171153766,0.0,0.0035413899955732625,0.01516157591854803,0.013541792426254577,0.2645381013197105,0.0,0.32562442183163737,0.14092014213577708,0.0,0.02626866272284599,0.09787114169584289,0.009608032516399051,0.0459978268743209,0.021892229063543805,0.0014990542878989095,0.051994044025916536,71.43144593343796,41.63464002049705,6.378526298845024
blood_high,Blood tracking,high,218,0.6294116463439172,0.6855809086884784,0.7213469354903618,0.0,0.6855809086884784,0.049931586784176425,0.33669151722748336,0.48015313318557323,0.18315534958694338,0.031258803171153766,0.0,0.0035413899955732625,0.01516157591854803,0.013541792426254577,0.2645381013197105,0.0,0.32562442183163737,0.14092014213577708,0.0,0.02626866272284599,0.09787114169584289,0.009608032516399051,0.0459978268743209,0.021892229063543805,0.0014990542878989095,0.051994044025916536,66.40106241699867,36.296865658894866,6.378526298845024
referral_base,Transfer & EMT,base,218,0.6294116463439172,0.6855809086884784,0.7213469354903618,0.0,0.6855809086884784,0.049931586784176425,0.33669151722748336,0.48015313318557323,0.18315534958694338,0.031258803171153766,0.0,0.0035413899955732625,0.01516157591854803,0.013541792426254577,0.2645381013197105,0.0,0.32562442183163737,0.14092014213577708,0.0,0.02626866272284599,0.09787114169584289,0.009608032516399051,0.0459978268743209,0.021892229063543805,0.0014990542878989095,0.051994044025916536,77.46790615316512,48.039969254419674,6.378526298845024
referral_current,Transfer & EMT,current,218,0.6294116463439172,0.6855809086884784,0.7213469354903618,0.0,0.6855809086884784,0.049931586784176425,0.33669151722748336,0.48015313318557323,0.18315534958694338,0.031258803171153766,0.0,0.0035413899955732625,0.01516157591854803,0.013541792426254577,0.2645381013197105,0.0,0.32562442183163737,0.14092014213577708,0.0,0.02626866272284599,0.09787114169584289,0.009608032516399051,0.0459978268743209,0.021892229063543805,0.0014990542878989095,0.051994044025916536,77.46790615316512,48.039969254419674,6.378526298845024
referral_moderate,Transfer & EMT,moderate,218,0.6294116463439172,0.6855809086884784,0.7213469354903618,0.0,0.6855809086884784,0.049931586784176425,0.4287729196050776,0.4458996574652428,0.12532742292967963,0.031258803171153766,0.0,0.0035413899955732625,0.01516157591854803,0.013541792426254577,0.2645381013197105,0.0,0.32562442183163737,0.14092014213577708,0.0,0.02626866272284599,0.09787114169584289,0.009608032516399051,0.0459978268743209,0.021892229063543805,0.0014990542878989095,0.051994044025916536,76.46182944987726,46.972414382099245,6.378526298845024
referral_high,Transfer & EMT,high,218,0.6294116463439172,0.6855809086884784,0.7213469354903618,0.0,0.6855809086884784,0.049931586784176425,0.5138021358049567,0.41063872657666733,0.07555913761837599,0.031258803171153766,0.0,0.0035413899955732625,0.01516157591854803,0.013541792426254577,0.2645381013197105,0.0,0.32562442183163737,0.14092014213577708,0.0,0.02626866272284599,0.09787114169584289,0.009608032516399051,0.0459978268743209,0.021892229063543805,0.0014990542878989095,0.051994044025916536,75.4557527465894,45.9048595097788,6.378526298845024
pulse_base,PULSE,base,218,0.6294116463439172,0.6855809086884784,0.7213469354903618,0.0,0.6855809086884784,0.049931586784176425,0.33669151722748336,0.48015313318557323,0.18315534958694338,0.031258803171153766,0.0,0.0035413899955732625,0.01516157591854803,0.013541792426254577,0.2645381013197105,0.0,0.32562442183163737,0.14092014213577708,0.0,0.02626866272284599,0.09787114169584289,0.009608032516399051,0.0459978268743209,0.021892229063543805,0.0014990542878989095,0.051994044025916536,77.46790615316512,48.039969254419674,6.378526298845024
pulse_current,PULSE,current,218,0.6294116463439172,0.6855809086884784,0.7213368747233289,0.0,0.6855809086884784,0.04991146525011067,0.33682725257004636,0.4799435597661762,0.18322918766377747,0.031258803171153766,0.0,0.0035413899955732625,0.015081089782285001,0.013541792426254577,0.2645381013197105,0.0,0.32562442183163737,0.1411753625918252,0.0,0.02626866272284599,0.0971668880035414,0.009608032516399051,0.0459978268743209,0.021892229063543805,0.0014990542878989095,0.05190349712262063,77.46790615316512,48.039969254419674,6.378526298845024
pulse_moderate,PULSE,moderate,218,0.6294116463439172,0.6855809086884784,0.721326813956296,0.0,0.6855809086884784,0.04948891303472977,0.33828013823947956,0.47875584468387883,0.1829640170766416,0.031258803171153766,0.0,0.0035413899955732625,0.014014648476799871,0.013541792426254577,0.2645381013197105,0.0,0.32562442183163737,0.142360756259581,0.0,0.02626866272284599,0.08948046199042214,0.009608032516399051,0.0459978268743209,0.021892229063543805,0.0014990542878989095,0.050515111272083385,76.46182944987726,48.039969254419674,6.378526298845024
pulse_high,PULSE,high,218,0.6294116463439172,0.6855809086884784,0.7213167531892631,0.0,0.6855809086884784,0.04904623928528311,0.3392820512820513,0.47835897435897434,0.18235897435897436,0.031258803171153766,0.0,0.0035413899955732625,0.013048814841643526,0.013541792426254577,0.2645381013197105,0.0,0.32562442183163737,0.1445125348189415,0.0,0.02626866272284599,0.08218640589158517,0.009608032516399051,0.0459978268743209,0.021892229063543805,0.0014990542878989095,0.0489556923819872,74.44967604330154,45.9048595097788,6.378526298845024
fqa_base,FQA,base,218,0.6294116463439172,0.6855809086884784,0.7213368747233289,0.0,0.6855809086884784,0.0492373938589078,0.3381691867592971,0.48058847568451163,0.18124233755619126,0.06818181818181818,0.01239486498450642,0.005141051953800958,0.043804579661153364,0.030765825586542717,0.5770114942528736,0.4873417721518987,0.4904030710172745,0.4325452016689847,0.0,0.020041047929494144,0.07352408547627672,0.008772988852670128,0.04410640267213972,0.021892229063543805,0.0014990542878989095,0.045243269346855006,67.40713912028653,37.3644205312153,6.298040162581995
fqa_current,FQA,current,218,0.6294116463439172,0.6855809086884784,0.7213368747233289,0.0,0.6855809086884784,0.0492373938589078,0.3381691867592971,0.48058847568451163,0.18124233755619126,0.06818181818181818,0.012414986518572176,0.005141051953800958,0.04384482272928488,0.030775886353575598,0.5770114942528736,0.48813291139240506,0.4904030710172745,0.43294257897874033,0.0,0.020030987162461267,0.07346372087407944,0.008762928085637249,0.04410640267213972,0.021892229063543805,0.0014990542878989095,0.045233208579822125,67.40713912028653,37.3644205312153,6.298040162581995
fqa_moderate,FQA,moderate,218,0.6294116463439172,0.6855809086884784,0.7213066924222302,0.0,0.6855809086884784,0.04919715079077629,0.33824130879345604,0.4807770961145194,0.18098159509202455,0.06818181818181818,0.012757052597690048,0.005281902692261258,0.04530363394905228,0.03185238842609361,0.5770114942528736,0.5027755749405234,0.5038387715930902,0.4478814402227969,0.0,0.01978952875367218,0.0723972795685943,0.00868244194937422,0.04400579500181094,0.021892229063543805,0.0014990542878989095,0.04498168940400016,65.39498571371081,35.22931078657443,6.2678578614833595
fqa_high,FQA,high,218,0.6294116463439172,0.6855809086884784,0.7212865708881645,0.0,0.6855809086884784,0.04910660388748038,0.33886498668305676,0.48002458512599877,0.18111042819094447,0.06818181818181818,0.01309911867680792,0.005422753430721558,0.046661837498490885,0.032798100527184196,0.5770114942528736,0.5164617215390718,0.517274472168906,0.46296666001197845,0.0,0.019608434947080366,0.07116986599058313,0.008632138114209827,0.04394543039961367,0.021892229063543805,0.0014990542878989095,0.04462956255784941,65.39498571371081,35.22931078657443,6.2678578614833595
combined_base,All,base,218,0.6294116463439172,0.6855809086884784,0.7213469354903618,0.0,0.6855809086884784,0.049931586784176425,0.33669151722748336,0.48015313318557323,0.18315534958694338,0.031258803171153766,0.0,0.0035413899955732625,0.01516157591854803,0.013541792426254577,0.2645381013197105,0.0,0.32562442183163737,0.14092014213577708,0.0,0.02626866272284599,0.09787114169584289,0.009608032516399051,0.0459978268743209,0.021892229063543805,0.0014990542878989095,0.051994044025916536,77.46790615316512,48.039969254419674,6.378526298845024
combined_current,All,current,218,0.6316250150911505,0.687603122862087,0.7230572658859511,0.0,0.687603122862087,0.04889532777978993,0.3397119341563786,0.4816872427983539,0.17860082304526748,0.07205521348947644,0.012958267938347619,0.0053623888285242866,0.04605819147651817,0.03249627751619783,0.6081861413043478,0.5111111111111111,0.5129932627526468,0.4579831932773109,0.0,0.019688921083343393,0.07138114209827358,0.008632138114209827,0.04398567346774518,0.021892229063543805,0.0014990542878989095,0.04468992716004668,64.38890901042295,35.214273518866314,6.2678578614833595
combined_moderate,All,moderate,218,0.717191838705783,0.7469415268220049,0.7651917582196467,0.0,0.7469415268220049,0.019115457362469314,0.4978947368421053,0.41578947368421054,0.0863157894736842,0.11735884743852872,0.017898104551491007,0.007505332206527425,0.056430842287415996,0.050404442834721716,0.8698732289336316,0.7645036527718092,0.7754677754677755,0.692127344521224,0.0,0.015201818986679544,0.047074328946838905,0.0071029015252122825,0.0441164634391726,0.021741317558050626,0.0015292365889975452,0.038482433900760595,35.21268461507505,19.00899759219364,5.704454907642159
combined_high,All,high,218,0.8503963942210954,0.7663889894965592,0.7663889894965592,0.0,0.7663889894965592,0.0,,,,0.15253128898547225,0.016982574751499054,0.007314177632902733,0.0449615678699344,0.05423759507424846,0.9522044969224972,0.7958510136727959,0.8346727898966705,0.7286809065710093,0.0,0.013501549358123064,0.0340657571733269,0.006227614793351845,0.04500181093806592,0.021610527586623206,0.0013984466175701235,0.03574590526781762,27.16407098877218,15.599326109112086,5.20141655599823
mentors_base,MENTORS,base,219,0.629602800917542,0.685450118717051,0.7170006841321582,0.0,0.685450118717051,0.038854682280977104,0.35706887622993266,0.47099948213360954,0.1719316416364578,0.029397561270071232,0.0,0.003088655479093726,0.01566461427019196,0.012052798905388547,0.2625101069086335,0.0,0.324181626187962,0.13822798295454544,0.0,0.023019034971226208,0.10116101251559419,0.00839067970542074,0.06324198156867479,0.021872107529478046,0.0015292365889975452,0.026500060364602198,37.22483802165077,21.349046231359615,7.515392973560305
mentors_current,MENTORS,current,219,0.629602800917542,0.685450118717051,0.7169705018310596,0.0,0.685450118717051,0.03841200853153044,0.35856469355683607,0.4714510214772132,0.16998428496595075,0.06749768602358244,0.01110708680429796,0.004718499738420057,0.04731578735562799,0.029166163628315023,0.6027311113107537,0.4975214060387562,0.5108932461873639,0.44143044865778114,0.0,0.01701275705259769,0.0710893798543201,0.007605939876856212,0.06139080043462514,0.021872107529478046,0.0015292365889975452,0.022012958267938348,34.206607911787195,18.14668929665567,7.4248460702643975
mentors_moderate,MENTORS,moderate,219,0.629602800917542,0.685450118717051,0.716859833393698,0.0,0.685450118717051,0.0381504285886756,0.35917721518987344,0.4704641350210971,0.17035864978902954,0.08573785665419131,0.013753068533945027,0.005795001810938066,0.058000321944545054,0.03718459495351926,0.7656095588895876,0.6216462028194634,0.6385809312638581,0.5571124855044453,0.0,0.015071029015252122,0.05994204998189062,0.006982172320817739,0.060585939071994846,0.021872107529478046,0.0015292365889975452,0.020564207815203833,33.200531208499335,17.07923698508769,7.40472453619864
mentors_high,MENTORS,high,219,0.629602800917542,0.685450118717051,0.7167491649563362,0.0,0.685450118717051,0.03782848404362349,0.35904255319148937,0.47047872340425534,0.17047872340425532,0.10448106563644412,0.01657008330315103,0.0071029015252122825,0.06742726065435228,0.0443076180127973,0.9329799658611087,0.7558513079394218,0.7932584269662921,0.6671311964961179,0.0,0.013421063221860034,0.0502736528632943,0.006589802406535474,0.059640226970904264,0.021872107529478046,0.0015292365889975452,0.019256308100929615,33.200531208499335,17.07923698508769,7.374542235100004
prompts_base,PROMPTS,base,219,0.629602800917542,0.685450118717051,0.7170006841321582,0.0,0.685450118717051,0.038854682280977104,0.35706887622993266,0.47099948213360954,0.1719316416364578,0.029397561270071232,0.0,0.003088655479093726,0.01566461427019196,0.012052798905388547,0.2625101069086335,0.0,0.324181626187962,0.13822798295454544,0.0,0.023019034971226208,0.10116101251559419,0.00839067970542074,0.06324198156867479,0.021872107529478046,0.0015292365889975452,0.026500060364602198,37.22483802165077,21.349046231359615,7.515392973560305
prompts_current,PROMPTS,current,219,0.6316250150911505,0.6873717252203307,0.7186506499255503,0.0,0.6873717252203307,0.03858304157108938,0.3569752281616688,0.4714471968709257,0.17157757496740547,0.029498168940400016,0.0,0.003098716246126605,0.0156444927361262,0.012072920439454304,0.26272401433691756,0.0,0.3252375923970433,0.13820993689449826,0.0,0.02299891343716045,0.10102016177713388,0.00839067970542074,0.06327216386977343,0.021872107529478046,0.0015292365889975452,0.026500060364602198,37.22483802165077,21.341073029151904,7.5053322065274255
prompts_moderate,PROMPTS,moderate,219,0.6864662561873717,0.7258742806551571,0.7530685339450279,0.0,0.7258742806551571,0.03361302265684736,0.3552828494462736,0.47261299012271774,0.17210416043100868,0.03224475834037587,0.0,0.003098716246126605,0.015906072678981045,0.012274135780111876,0.2643735049080261,0.0,0.3297644539614561,0.14238112391930835,0.0,0.022898305766831665,0.09952110748923498,0.008229707432894685,0.06349350074449676,0.0219425328987082,0.0015493581230633024,0.02624854118878023,30.18230109863576,16.951127779720096,7.0525976900478895
prompts_high,PROMPTS,high,219,0.8395408265926194,0.7663889894965592,0.7663889894965592,0.0,0.7663889894965592,0.0,,,,0.039478449837015574,0.0,0.0029478047406334257,0.014427139925147893,0.012918024870216106,0.26319672680930983,0.0,0.3281075027995521,0.1441350889536637,0.0,0.02051390398003944,0.08885669443438368,0.007706547547184997,0.06792023823896334,0.021952593665741076,0.0014990542878989095,0.02590647510966236,21.12761076904503,12.492972702854644,6.589802406535474
prompts_high_shift,PROMPTS,high_shift,219,0.8860718741196829,0.8469354903617852,0.8526801883375589,0.0,0.8469354903617852,0.009084872630689364,0.3078626799557032,0.5105204872646734,0.18161683277962348,0.04187291239084068,0.0,0.003088655479093726,0.01551370276469878,0.012726870296591412,0.26415333841076416,0.0,0.3355191256830601,0.15616771318614545,0.0,0.021801682160247898,0.0878606784981287,0.008068735160368627,0.0638959314258119,0.021550162984425934,0.0016298442593263311,0.025514105195380096,21.12761076904503,13.454075032341526,5.986156384562759
blood_base,Blood tracking,base,219,0.629602800917542,0.685450118717051,0.7170006841321582,0.0,0.685450118717051,0.038854682280977104,0.35706887622993266,0.47099948213360954,0.1719316416364578,0.029397561270071232,0.0,0.003088655479093726,0.01566461427019196,0.012052798905388547,0.2625101069086335,0.0,0.324181626187962,0.13822798295454544,0.0,0.023019034971226208,0.10116101251559419,0.00839067970542074,0.06324198156867479,0.021872107529478046,0.0015292365889975452,0.026500060364602198,37.22483802165077,21.349046231359615,7.515392973560305
blood_current,Blood tracking,current,219,0.629602800917542,0.685450118717051,0.7170006841321582,0.0,0.685450118717051,0.038854682280977104,0.35706887622993266,0.47099948213360954,0.1719316416364578,0.029397561270071232,0.0,0.003088655479093726,0.01566461427019196,0.012052798905388547,0.2625101069086335,0.0,0.324181626187962,0.13822798295454544,0.0,0.023019034971226208,0.10116101251559419,0.00839067970542074,0.06324198156867479,0.021872107529478046,0.0015292365889975452,0.026500060364602198,37.22483802165077,21.349046231359615,7.515392973560305
blood_moderate,Blood tracking,moderate,219,0.629602800917542,0.685450118717051,0.7170006841321582,0.0,0.685450118717051,0.038854682280977104,0.35706887622993266,0.47099948213360954,0.1719316416364578,0.029397561270071232,0.0,0.003088655479093726,0.01566461427019196,0.012052798905388547,0.2625101069086335,0.0,0.324181626187962,0.13822798295454544,0.0,0.023019034971226208,0.10116101251559419,0.00839067970542074,0.06324198156867479,0.021872107529478046,0.0015292365889975452,0.026500060364602198,35.21268461507505,19.214141608223652,7.515392973560305
blood_high,Blood tracking,high,219,0.629602800917542,0.685450118717051,0.7170006841321582,0.0,0.685450118717051,0.038854682280977104,0.35706887622993266,0.47099948213360954,0.1719316416364578,0.029397561270071232,0.0,0.003088655479093726,0.01566461427019196,0.012052798905388547,0.2625101069086335,0.0,0.324181626187962,0.13822798295454544,0.0,0.023019034971226208,0.10116101251559419,0.00839067970542074,0.06324198156867479,0.021872107529478046,0.0015292365889975452,0.026500060364602198,33.200531208499335,17.07923698508769,7.515392973560305
referral_base,Transfer & EMT,base,219,0.629602800917542,0.685450118717051,0.7170006841321582,0.0,0.685450118717051,0.038854682280977104,0.35706887622993266,0.47099948213360954,0.1719316416364578,0.029397561270071232,0.0,0.003088655479093726,0.01566461427019196,0.012052798905388547,0.2625101069086335,0.0,0.324181626187962,0.13822798295454544,0.0,0.023019034971226208,0.10116101251559419,0.00839067970542074,0.06324198156867479,0.021872107529478046,0.0015292365889975452,0.026500060364602198,37.22483802165077,21.349046231359615,7.515392973560305
referral_current,Transfer & EMT,current,219,0.629602800917542,0.685450118717051,0.7170006841321582,0.0,0.685450118717051,0.038854682280977104,0.35706887622993266,0.47099948213360954,0.1719316416364578,0.029397561270071232,0.0,0.003088655479093726,0.01566461427019196,0.012052798905388547,0.2625101069086335,0.0,0.324181626187962,0.13822798295454544,0.0,0.023019034971226208,0.10116101251559419,0.00839067970542074,0.06324198156867479,0.021872107529478046,0.0015292365889975452,0.026500060364602198,37.22483802165077,21.349046231359615,7.515392973560305
referral_moderate,Transfer & EMT,moderate,219,0.629602800917542,0.685450118717051,0.7170006841321582,0.0,0.685450118717051,0.038854682280977104,0.446918694976696,0.43811496633868463,0.11496633868461936,0.029397561270071232,0.0,0.003088655479093726,0.01566461427019196,0.012052798905388547,0.2625101069086335,0.0,0.324181626187962,0.13822798295454544,0.0,0.023019034971226208,0.10116101251559419,0.00839067970542074,0.06324198156867479,0.021872107529478046,0.0015292365889975452,0.026500060364602198,36.218761318362915,20.281593919791636,7.515392973560305
referral_high,Transfer & EMT,high,219,0.629602800917542,0.685450118717051,0.7170006841321582,0.0,0.685450118717051,0.038854682280977104,0.5233039875712067,0.407819782496116,0.06887622993267736,0.029397561270071232,0.0,0.003088655479093726,0.01566461427019196,0.012052798905388547,0.2625101069086335,0.0,0.324181626187962,0.13822798295454544,0.0,0.023019034971226208,0.10116101251559419,0.00839067970542074,0.06324198156867479,0.021872107529478046,0.0015292365889975452,0.026500060364602198,36.218761318362915,20.281593919791636,7.515392973560305
pulse_base,PULSE,base,219,0.629602800917542,0.685450118717051,0.7170006841321582,0.0,0.685450118717051,0.038854682280977104,0.35706887622993266,0.47099948213360954,0.1719316416364578,0.029397561270071232,0.0,0.003088655479093726,0.01566461427019196,0.012052798905388547,0.2625101069086335,0.0,0.324181626187962,0.13822798295454544,0.0,0.023019034971226208,0.10116101251559419,0.00839067970542074,0.06324198156867479,0.021872107529478046,0.0015292365889975452,0.026500060364602198,37.22483802165077,21.349046231359615,7.515392973560305
pulse_current,PULSE,current,219,0.629602800917542,0.685450118717051,0.7169906233651253,0.0,0.685450118717051,0.03883456074691134,0.3572538860103627,0.47072538860103624,0.17202072538860103,0.029397561270071232,0.0,0.003088655479093726,0.015594188900961809,0.012052798905388547,0.2625101069086335,0.0,0.324181626187962,0.13859084406294706,0.0,0.023019034971226208,0.10042657652219406,0.00839067970542074,0.06324198156867479,0.021872107529478046,0.0015292365889975452,0.026429634995372046,37.22483802165077,21.349046231359615,7.515392973560305
pulse_moderate,PULSE,moderate,219,0.629602800917542,0.685450118717051,0.7169805625980925,0.0,0.685450118717051,0.03858304157108938,0.3580182529335072,0.47040417209908736,0.17157757496740547,0.029397561270071232,0.0,0.003088655479093726,0.014507626061410922,0.012052798905388547,0.2625101069086335,0.0,0.324181626187962,0.13982352370794143,0.0,0.023019034971226208,0.09248863133325284,0.00839067970542074,0.06324198156867479,0.021872107529478046,0.0015292365889975452,0.025544287496478732,36.218761318362915,21.349046231359615,7.515392973560305
pulse_high,PULSE,high,219,0.629602800917542,0.685450118717051,0.7169705018310596,0.0,0.685450118717051,0.03835164392933317,0.35912906610703044,0.4698321091290661,0.17103882476390347,0.029397561270071232,0.0,0.003088655479093726,0.013431123988892913,0.012052798905388547,0.2625101069086335,0.0,0.324181626187962,0.14125489366204635,0.0,0.023019034971226208,0.08490281299046239,0.00839067970542074,0.06324198156867479,0.021872107529478046,0.0015292365889975452,0.024719304599782686,35.21268461507505,20.281593919791636,7.515392973560305
fqa_base,FQA,base,219,0.629602800917542,0.685450118717051,0.7169906233651253,0.0,0.685450118717051,0.03844219083262908,0.35854488353834074,0.4716042920701387,0.16985082439152055,0.06464042818624492,0.010694595355949937,0.004567588232926878,0.04514266167652622,0.02784820314700793,0.577216781960291,0.47818263607737294,0.49294245385450597,0.4223456325301205,0.0,0.01728439776248541,0.07226648959716689,0.007716608314217876,0.061491408104953925,0.021872107529478046,0.0015292365889975452,0.022163869773431526,34.206607911787195,18.14668929665567,7.434906837297276
fqa_current,FQA,current,219,0.629602800917542,0.685450118717051,0.7169906233651253,0.0,0.685450118717051,0.03844219083262908,0.35854488353834074,0.4716042920701387,0.16985082439152055,0.06464042818624492,0.010704656122982817,0.004567588232926878,0.045182904744657734,0.027858263914040806,0.577216781960291,0.47863247863247865,0.49294245385450597,0.42272213855421686,0.0,0.01728439776248541,0.07222624652903538,0.007716608314217876,0.061491408104953925,0.021872107529478046,0.0015292365889975452,0.02215380900639865,34.206607911787195,18.14668929665567,7.434906837297276
fqa_moderate,FQA,moderate,219,0.629602800917542,0.685450118717051,0.7169705018310596,0.0,0.685450118717051,0.03841200853153044,0.35856469355683607,0.4714510214772132,0.16998428496595075,0.06464042818624492,0.010996418366936295,0.0046581351362227855,0.04675238440178679,0.028854279850295785,0.577216781960291,0.4925642181162686,0.50271444082519,0.4376530420041439,0.0,0.017063060887762084,0.07101895448508995,0.007646182944987726,0.06141092196869089,0.021872107529478046,0.0015292365889975452,0.02199283673387259,34.206607911787195,18.14668929665567,7.4248460702643975
fqa_high,FQA,high,219,0.629602800917542,0.685450118717051,0.7169503802969939,0.0,0.685450118717051,0.0383415831623003,0.3592233009708738,0.47100498556809234,0.16977171346103384,0.06464042818624492,0.011298241377922652,0.004809046641715964,0.04815083101935692,0.029739627349189102,0.577216781960291,0.5060838215412348,0.5190010857763301,0.45236294896030244,0.0,0.016831663246005876,0.06958026479938831,0.007585818342790454,0.06131031429836211,0.021872107529478046,0.0015292365889975452,0.021771499859149262,34.206607911787195,18.14668929665567,7.4248460702643975
combined_base,All,base,219,0.629602800917542,0.685450118717051,0.7170006841321582,0.0,0.685450118717051,0.038854682280977104,0.35706887622993266,0.47099948213360954,0.1719316416364578,0.029397561270071232,0.0,0.003088655479093726,0.01566461427019196,0.012052798905388547,0.2625101069086335,0.0,0.324181626187962,0.13822798295454544,0.0,0.023019034971226208,0.10116101251559419,0.00839067970542074,0.06324198156867479,0.021872107529478046,0.0015292365889975452,0.026500060364602198,37.22483802165077,21.349046231359615,7.515392973560305
combined_current,All,current,219,0.6318161696647753,0.6875125759587911,0.7187311360618134,0.0,0.6875125759587911,0.03809006398647833,0.35974643423137875,0.47332276809297413,0.1669307976756471,0.06829248661917985,0.011187572940560988,0.0047386212724858144,0.047456638094088295,0.029457925872268503,0.6080257972053028,0.5015787099684258,0.5136314067611778,0.4470242608036391,0.0,0.01688196708117027,0.06983178397521027,0.007585818342790454,0.06137067890055938,0.021872107529478046,0.0015292365889975452,0.02185198599541229,34.206607911787195,18.13875077356437,7.394663769165762
combined_moderate,All,moderate,219,0.7173628717453419,0.747102499094531,0.7647792667712986,0.0,0.747102499094531,0.018733148215219927,0.5053705692803437,0.41084854994629433,0.08378088077336197,0.11115135417924263,0.01572497887238923,0.006780956980160168,0.0588253048412411,0.04526339088092076,0.8695789059425423,0.7464183381088825,0.7864644107351225,0.678227583806983,0.0,0.01316954404603807,0.04249667994687915,0.006267857861483359,0.0609380659181456,0.021962654432773954,0.0015392973560304237,0.018250231397641755,20.121534065757174,9.50219078287494,6.8010785142259245
combined_high,All,high,219,0.8507485210672462,0.7663889894965592,0.7663889894965592,0.0,0.7663889894965592,0.0,,,,0.14472413376795848,0.015101211316350758,0.00676083544609441,0.047718218036943136,0.04901605698418447,0.9516406456734586,0.7773174520973589,0.8421052631578947,0.7210398297354819,0.0,0.011660428991106283,0.030413698740391966,0.005704454907642159,0.06316149543241177,0.021932472131675318,0.0014688719868002737,0.01758622077347177,17.103303955893598,9.35667650850418,6.318161696647753
mentors_base,MENTORS,base,220,0.6299146846955612,0.6854803010181496,0.722815807477162,0.0,0.6854803010181496,0.04890538854682281,0.3437564287183707,0.4817938695741617,0.1744497017074676,0.03460903859310234,0.0,0.003390478490080084,0.015704857338323473,0.012485411887802327,0.26299694189602446,0.0,0.3291015625,0.14489928525016244,0.0,0.0246186969294539,0.0969757334299167,0.008561712744979678,0.05390558976216347,0.02165077065475472,0.0017606342307537528,0.04062537727876373,61.37067890055938,42.70493028420131,6.861443116423196
mentors_current,MENTORS,current,220,0.6299146846955612,0.6854803010181496,0.7227856251760634,0.0,0.6854803010181496,0.04836210712704737,0.34553775743707094,0.48138131890992303,0.17308092365300604,0.07935933035534629,0.012062859672421426,0.005100808885669443,0.048452654030343274,0.03012193649643849,0.6030581039755352,0.5089134125636672,0.518935516888434,0.4699912169415439,0.0,0.01843132520423357,0.06862449193126484,0.007344359934001368,0.05200410479294942,0.02165077065475472,0.0017606342307537528,0.03481025393375991,54.32814197754436,35.23156748446608,6.750774679061532
mentors_moderate,MENTORS,moderate,220,0.6299146846955612,0.6854803010181496,0.7226648959716688,0.0,0.6854803010181496,0.04804016258199525,0.34659685863874345,0.48041884816753927,0.17298429319371728,0.10084912873757496,0.014849692140528795,0.006237675560384724,0.059851503078594714,0.038321461628234535,0.7663608562691131,0.6318493150684932,0.6465067778936392,0.5954358923030728,0.0,0.016690812507545574,0.05836250955772868,0.0065998631735683525,0.05123948649845064,0.02165077065475472,0.0017606342307537528,0.03270755362388829,52.31598857096865,33.096320970256016,6.730653144995775
mentors_high,MENTORS,high,220,0.6299146846955612,0.6854803010181496,0.7225441667672743,0.0,0.6854803010181496,0.047667914201778745,0.34634867032503164,0.48037146475306036,0.17327986492190797,0.12265081089782286,0.01779749688116222,0.007465089138395911,0.0698619662763089,0.04593746227212363,0.9320336391437309,0.7671292281006071,0.7935828877005348,0.7142563258588768,0.0,0.014849692140528795,0.048925510080888565,0.00576481950983943,0.05037426053362308,0.02165077065475472,0.0017606342307537528,0.03060485331401666,49.297758461105076,29.89345119894092,6.700470843897139
prompts_base,PROMPTS,base,220,0.6299146846955612,0.6854803010181496,0.722815807477162,0.0,0.6854803010181496,0.04890538854682281,0.3437564287183707,0.4817938695741617,0.1744497017074676,0.03460903859310234,0.0,0.003390478490080084,0.015704857338323473,0.012485411887802327,0.26299694189602446,0.0,0.3291015625,0.14489928525016244,0.0,0.0246186969294539,0.0969757334299167,0.008561712744979678,0.05390558976216347,0.02165077065475472,0.0017606342307537528,0.04062537727876373,61.37067890055938,42.70493028420131,6.861443116423196
prompts_current,PROMPTS,current,220,0.6318865950340053,0.6873012998511007,0.7243852871342911,0.0,0.6873012998511007,0.048673990905066605,0.34353038445638695,0.48243075651095496,0.17403885903265812,0.03470964626343112,0.0,0.003400539257112962,0.015684735804257718,0.012505533421868083,0.263097689315946,0.0,0.330078125,0.14487501161602082,0.0,0.024588514628355266,0.09682482192442352,0.008561712744979678,0.053935772063262104,0.02165077065475472,0.0017606342307537528,0.04058513421063222,61.37067890055938,42.689889966808614,6.861443116423196
prompts_moderate,PROMPTS,moderate,220,0.686607106925832,0.7256630045474667,0.757706547547185,0.0,0.7256630045474667,0.03850255543482635,0.35118892082571207,0.47582963156519464,0.1729814476090933,0.03787878787878788,0.0,0.0032596885186526622,0.01601674111634271,0.012646384160328383,0.26452610131384807,0.0,0.32047477744807124,0.14877114288384263,0.0,0.024930580707473136,0.09618093283431929,0.008461105074650891,0.054519296551169064,0.021831864461346533,0.0017908165318523885,0.03988088051833072,51.30991186768079,38.14892918075174,6.47913396917381
prompts_high,PROMPTS,high,220,0.839571008893718,0.7663889894965592,0.7663889894965592,0.0,0.7663889894965592,0.0,,,,0.046400257555636044,0.0,0.0031691416153567546,0.014014648476799871,0.013260090949333976,0.2638594885290921,0.0,0.32676348547717843,0.145422277899572,0.0,0.02184192522837941,0.08618053040363798,0.007706547547184997,0.05801038271157793,0.021429433780031388,0.0015292365889975452,0.03882449997987847,30.18230109863576,21.86497855149723,5.714515674675037
prompts_high_shift,PROMPTS,high_shift,220,0.8860014487504527,0.8470461587991468,0.8537265081089782,0.0,0.8470461587991468,0.011157390639462353,0.30027051397655546,0.5004508566275925,0.1992786293958521,0.04910660388748038,0.0,0.0032295062175540265,0.015483520463600145,0.013109179443840798,0.2647824671802105,0.0,0.3305870236869207,0.15823565700185072,0.0,0.022727272727272728,0.08720672864099159,0.00810897822850014,0.05444887118193891,0.021509919916294418,0.001680148094490724,0.03902571532053604,31.188377801923615,21.737105238642364,5.382510362590044
blood_base,Blood tracking,base,220,0.6299146846955612,0.6854803010181496,0.722815807477162,0.0,0.6854803010181496,0.04890538854682281,0.3437564287183707,0.4817938695741617,0.1744497017074676,0.03460903859310234,0.0,0.003390478490080084,0.015704857338323473,0.012485411887802327,0.26299694189602446,0.0,0.3291015625,0.14489928525016244,0.0,0.0246186969294539,0.0969757334299167,0.008561712744979678,0.05390558976216347,0.02165077065475472,0.0017606342307537528,0.04062537727876373,61.37067890055938,42.70493028420131,6.861443116423196
blood_current,Blood tracking,current,220,0.6299146846955612,0.6854803010181496,0.722815807477162,0.0,0.6854803010181496,0.04890538854682281,0.3437564287183707,0.4817938695741617,0.1744497017074676,0.03460903859310234,0.0,0.003390478490080084,0.015704857338323473,0.012485411887802327,0.26299694189602446,0.0,0.3291015625,0.14489928525016244,0.0,0.0246186969294539,0.0969757334299167,0.008561712744979678,0.05390558976216347,0.02165077065475472,0.0017606342307537528,0.04062537727876373,59.358525493983656,40.569683769991244,6.861443116423196
blood_moderate,Blood tracking,moderate,220,0.6299146846955612,0.6854803010181496,0.722815807477162,0.0,0.6854803010181496,0.04890538854682281,0.3437564287183707,0.4817938695741617,0.1744497017074676,0.03460903859310234,0.0,0.003390478490080084,0.015704857338323473,0.012485411887802327,0.26299694189602446,0.0,0.3291015625,0.14489928525016244,0.0,0.0246186969294539,0.0969757334299167,0.008561712744979678,0.05390558976216347,0.02165077065475472,0.0017606342307537528,0.04062537727876373,58.352448790695796,39.50206051288621,6.861443116423196
blood_high,Blood tracking,high,220,0.6299146846955612,0.6854803010181496,0.722815807477162,0.0,0.6854803010181496,0.04890538854682281,0.3437564287183707,0.4817938695741617,0.1744497017074676,0.03460903859310234,0.0,0.003390478490080084,0.015704857338323473,0.012485411887802327,0.26299694189602446,0.0,0.3291015625,0.14489928525016244,0.0,0.0246186969294539,0.0969757334299167,0.008561712744979678,0.05390558976216347,0.02165077065475472,0.0017606342307537528,0.04062537727876373,54.32814197754436,35.23156748446608,6.861443116423196
referral_base,Transfer & EMT,base,220,0.6299146846955612,0.6854803010181496,0.722815807477162,0.0,0.6854803010181496,0.04890538854682281,0.3437564287183707,0.4817938695741617,0.1744497017074676,0.03460903859310234,0.0,0.003390478490080084,0.015704857338323473,0.012485411887802327,0.26299694189602446,0.0,0.3291015625,0.14489928525016244,0.0,0.0246186969294539,0.0969757334299167,0.008561712744979678,0.05390558976216347,0.02165077065475472,0.0017606342307537528,0.04062537727876373,61.37067890055938,42.70493028420131,6.861443116423196
referral_current,Transfer & EMT,current,220,0.6299146846955612,0.6854803010181496,0.722815807477162,0.0,0.6854803010181496,0.04890538854682281,0.3437564287183707,0.4817938695741617,0.1744497017074676,0.03460903859310234,0.0,0.003390478490080084,0.015704857338323473,0.012485411887802327,0.26299694189602446,0.0,0.3291015625,0.14489928525016244,0.0,0.0246186969294539,0.0969757334299167,0.008561712744979678,0.05390558976216347,0.02165077065475472,0.0017606342307537528,0.04062537727876373,61.37067890055938,42.70493028420131,6.861443116423196
referral_moderate,Transfer & EMT,moderate,220,0.6299146846955612,0.6854803010181496,0.722815807477162,0.0,0.6854803010181496,0.04890538854682281,0.43386134540218063,0.44764451758897345,0.11849413700884592,0.03460903859310234,0.0,0.003390478490080084,0.015704857338323473,0.012485411887802327,0.26299694189602446,0.0,0.3291015625,0.14489928525016244,0.0,0.0246186969294539,0.0969757334299167,0.008561712744979678,0.05390558976216347,0.02165077065475472,0.0017606342307537528,0.04062537727876373,59.358525493983656,40.569683769991244,6.861443116423196
referral_high,Transfer & EMT,high,220,0.6299146846955612,0.6854803010181496,0.722815807477162,0.0,0.6854803010181496,0.04890538854682281,0.5163546595350751,0.41205513268874716,0.07159020777617774,0.03460903859310234,0.0,0.003390478490080084,0.015704857338323473,0.012485411887802327,0.26299694189602446,0.0,0.3291015625,0.14489928525016244,0.0,0.0246186969294539,0.0969757334299167,0.008561712744979678,0.05390558976216347,0.02165077065475472,0.0017606342307537528,0.04062537727876373,58.352448790695796,39.50206051288621,6.861443116423196
pulse_base,PULSE,base,220,0.6299146846955612,0.6854803010181496,0.722815807477162,0.0,0.6854803010181496,0.04890538854682281,0.3437564287183707,0.4817938695741617,0.1744497017074676,0.03460903859310234,0.0,0.003390478490080084,0.015704857338323473,0.012485411887802327,0.26299694189602446,0.0,0.3291015625,0.14489928525016244,0.0,0.0246186969294539,0.0969757334299167,0.008561712744979678,0.05390558976216347,0.02165077065475472,0.0017606342307537528,0.04062537727876373,61.37067890055938,42.70493028420131,6.861443116423196
pulse_current,PULSE,current,220,0.6299146846955612,0.6854803010181496,0.7228057467101292,0.0,0.6854803010181496,0.048885267012757055,0.3438979213830006,0.481580572134184,0.1745215064828154,0.03460903859310234,0.0,0.003390478490080084,0.015614310435027567,0.012485411887802327,0.26299694189602446,0.0,0.3291015625,0.1450467289719626,0.0,0.0246186969294539,0.09628154050464807,0.008561712744979678,0.05390558976216347,0.02165077065475472,0.0017606342307537528,0.04057507344359934,61.37067890055938,42.70493028420131,6.861443116423196
pulse_moderate,PULSE,moderate,220,0.6299146846955612,0.6854803010181496,0.7227956859430963,0.0,0.6854803010181496,0.0485331401666063,0.3445273631840796,0.48155058043117743,0.17392205638474295,0.03460903859310234,0.0,0.003390478490080084,0.014457322226246528,0.012485411887802327,0.26299694189602446,0.0,0.3291015625,0.14569603568893846,0.0,0.0246186969294539,0.08869572216185762,0.008561712744979678,0.05390558976216347,0.02165077065475472,0.0017606342307537528,0.039528753672179964,60.36460219727152,42.70493028420131,6.861443116423196
pulse_high,PULSE,high,220,0.6299146846955612,0.6854803010181496,0.7227856251760634,0.0,0.6854803010181496,0.04821119562155419,0.34557595993322204,0.48080133555926546,0.17362270450751252,0.03460903859310234,0.0,0.003390478490080084,0.013380820153728521,0.012485411887802327,0.26299694189602446,0.0,0.3291015625,0.14712389380530974,0.0,0.0246186969294539,0.08139160529598777,0.008561712744979678,0.05390558976216347,0.02165077065475472,0.0017606342307537528,0.03837176546339893,59.358525493983656,41.63730702709628,6.851382349390318
fqa_base,FQA,base,220,0.6299146846955612,0.6854803010181496,0.7228057467101292,0.0,0.6854803010181496,0.048402350195178884,0.3454583246726252,0.4811889420078986,0.1733527333194762,0.07595879109823334,0.011630246690007647,0.004939836613143386,0.04614873837981408,0.028783854481065636,0.577217125382263,0.48962304108428634,0.5,0.4488697524219591,0.0,0.018672783613022655,0.06985190550927603,0.007444967604330154,0.052134894764376834,0.02165077065475472,0.0017606342307537528,0.03508189464364763,54.32814197754436,35.23156748446608,6.770896213127289
fqa_current,FQA,current,220,0.6299146846955612,0.6854803010181496,0.7228057467101292,0.0,0.6854803010181496,0.048402350195178884,0.3454583246726252,0.4811889420078986,0.1733527333194762,0.07595879109823334,0.011640307457040524,0.004939836613143386,0.04617892068091271,0.028793915248098514,0.577217125382263,0.4900465904277848,0.5,0.44916332322145025,0.0,0.018672783613022655,0.0698116624411445,0.007444967604330154,0.05212483399734396,0.02165077065475472,0.0017606342307537528,0.03507183387661475,54.32814197754436,35.23156748446608,6.770896213127289
fqa_moderate,FQA,moderate,220,0.6299146846955612,0.6854803010181496,0.7227755644090306,0.0,0.6854803010181496,0.04836210712704737,0.34553775743707094,0.48138131890992303,0.17308092365300604,0.07595879109823334,0.011972312769125517,0.005050505050505051,0.04783894724133768,0.02981005271841925,0.577217125382263,0.5048790835808231,0.5112016293279023,0.4659937279498236,0.0,0.018481629039397963,0.0685540665620347,0.00740472453619864,0.05204434786108093,0.02165077065475472,0.0017606342307537528,0.03487061853595718,54.32814197754436,35.23156748446608,6.750774679061532
fqa_high,FQA,high,220,0.6299146846955612,0.6854803010181496,0.7227655036419977,0.0,0.6854803010181496,0.048311803291882977,0.3458975426905456,0.48084131611828407,0.17326114119117034,0.07595879109823334,0.012254014246046118,0.005181295021932472,0.049287697694072194,0.03073564328544408,0.577217125382263,0.5169779286926995,0.5244399185336049,0.4818530539982296,0.0,0.018330717533904785,0.06738701758622077,0.007364481468067126,0.0519638617248179,0.02165077065475472,0.0017606342307537528,0.034639220894200975,54.32814197754436,35.23156748446608,6.750774679061532
combined_base,All,base,220,0.6299146846955612,0.6854803010181496,0.722815807477162,0.0,0.6854803010181496,0.04890538854682281,0.3437564287183707,0.4817938695741617,0.1744497017074676,0.03460903859310234,0.0,0.003390478490080084,0.015704857338323473,0.012485411887802327,0.26299694189602446,0.0,0.3291015625,0.14489928525016244,0.0,0.0246186969294539,0.0969757334299167,0.008561712744979678,0.05390558976216347,0.02165077065475472,0.0017606342307537528,0.04062537727876373,61.37067890055938,42.70493028420131,6.861443116423196
combined_current,All,current,220,0.6320777496076301,0.6874421505895609,0.724475834037587,0.0,0.6874421505895609,0.048090466417159645,0.3468619246861925,0.48284518828451883,0.17029288702928871,0.08027486015533825,0.012133285041651575,0.005110869652702322,0.04863374783693509,0.030433820274457724,0.6082945795532515,0.5127551020408163,0.5204918032786885,0.4760685444159937,0.0,0.018320656766871907,0.06753792909171395,0.007314177632902733,0.05200410479294942,0.02165077065475472,0.0017606342307537528,0.034629160127168095,53.32206527425651,34.149725201430016,6.720592377962896
combined_moderate,All,moderate,220,0.7176948770574268,0.7470622560263994,0.7655941889009618,0.0,0.7470622560263994,0.018974606624009016,0.5106044538706257,0.40137857900318136,0.088016967126193,0.13041772304720511,0.01666063020644694,0.007213569962573946,0.06022375145881122,0.04737615195782526,0.8684263415287734,0.7547857793983591,0.7913907284768212,0.7141493676926748,0.0,0.014155499215260171,0.04220491770292567,0.005503239566984587,0.051983983258883655,0.021389190711899875,0.0017103303955893598,0.029236588997545172,27.16407098877218,16.89617301681169,6.046520986760031
combined_high,All,high,220,0.8507283995331804,0.7663889894965592,0.7663889894965592,0.0,0.7663889894965592,0.0,,,,0.16971507907762887,0.01580546500865226,0.007213569962573946,0.04921727232484205,0.0509779065555958,0.951921449128153,0.7823705179282868,0.8576555023923444,0.7520368946963873,0.0,0.012616201859229747,0.03098716246126605,0.004809046641715964,0.053140971467664694,0.021459616081130024,0.0015292365889975452,0.027999114652501107,22.13368747233289,14.556192100146601,5.543482635116101
mentors_base,MENTORS,base,221,0.6299649885307256,0.6854199364159523,0.7191536882771943,0.0,0.6854199364159523,0.04135981327216387,0.3519824860131355,0.472877645341766,0.1751398686450985,0.033160288140367825,0.0,0.003601754597770534,0.015473459696567266,0.013320455551531248,0.2639122427736408,0.0,0.33457943925233646,0.1415033581746251,0.0,0.023471769487705744,0.09896776530242665,0.009195541068051028,0.06131031429836211,0.021761439092116384,0.0015694796571290594,0.027707352408547627,46.2795283512415,26.690296475813255,7.203509195541068
mentors_current,MENTORS,current,221,0.6299649885307256,0.6854199364159523,0.7191235059760956,0.0,0.6854199364159523,0.040907078755684334,0.3536645351697,0.47245450073782586,0.17388096409247417,0.07581794035977303,0.01167048975813916,0.005302024226327015,0.0476880357358445,0.03174171998873194,0.6034110016814797,0.5144124168514412,0.5202369200394866,0.46046240528463184,0.0,0.017485613103142984,0.0727292848806793,0.007917823654875448,0.0588253048412411,0.021761439092116384,0.0015694796571290594,0.0234918910217715,42.25522153809006,22.419849039683132,7.082779991146525
mentors_moderate,MENTORS,moderate,221,0.6299649885307256,0.6854199364159523,0.7189625337035696,0.0,0.6854199364159523,0.04058513421063222,0.35448686167575605,0.47174020823004464,0.1737729300941993,0.09637208740794398,0.014256106885588957,0.0063986478329107815,0.0585436033643205,0.04039397963700753,0.7669949555608936,0.6368539325842697,0.6450304259634888,0.5826574546910984,0.0,0.015674675037224837,0.0631916777335104,0.007294056098836975,0.057698498933558696,0.021761439092116384,0.0015694796571290594,0.021982775966839712,41.2491448348022,21.352237180650604,7.0525976900478895
mentors_high,MENTORS,high,221,0.6299649885307256,0.6854199364159523,0.7188619260332407,0.0,0.6854199364159523,0.04024306813151435,0.3555,0.47125,0.17325,0.11711738902973963,0.017022817819630567,0.007585818342790454,0.06823212201698257,0.04847277556440903,0.9321002482184322,0.7704918032786885,0.7870563674321504,0.6987430455388419,0.0,0.013863736971306693,0.05364400981930863,0.006418769366976538,0.05672260453136947,0.021761439092116384,0.0015694796571290594,0.020624572417401104,40.24306813151435,20.284625321618073,7.002293854883496
prompts_base,PROMPTS,base,221,0.6299649885307256,0.6854199364159523,0.7191536882771943,0.0,0.6854199364159523,0.04135981327216387,0.3519824860131355,0.472877645341766,0.1751398686450985,0.033160288140367825,0.0,0.003601754597770534,0.015473459696567266,0.013320455551531248,0.2639122427736408,0.0,0.33457943925233646,0.1415033581746251,0.0,0.023471769487705744,0.09896776530242665,0.009195541068051028,0.06131031429836211,0.021761439092116384,0.0015694796571290594,0.027707352408547627,46.2795283512415,26.690296475813255,7.203509195541068
prompts_current,PROMPTS,current,221,0.6319570204032355,0.6872107529478048,0.7206929856332247,0.0,0.6872107529478048,0.0411082940963419,0.35168869309838474,0.473568281938326,0.17474302496328928,0.033260895810696606,0.0,0.0036118153648034127,0.01544327739546863,0.013340577085597006,0.26405750798722044,0.0,0.3355140186915888,0.14139646278555637,0.0,0.023431526419574227,0.09882691456396636,0.009195541068051028,0.061340496599460746,0.021761439092116384,0.0015694796571290594,0.02769729164151475,46.2795283512415,26.68118122925538,7.19344842850819
prompts_moderate,PROMPTS,moderate,221,0.6865869853917662,0.7253410600024146,0.7544971628636967,0.0,0.7253410600024146,0.03523280614914081,0.3520845231296402,0.47201599086236434,0.17589948600799543,0.03622882208539579,0.0,0.003621876131836291,0.015674675037224837,0.013582035494386092,0.26522795904839064,0.0,0.3339517625231911,0.1456210860828115,0.0,0.023441587186607108,0.09726749567387018,0.009306209505412692,0.061742927280775885,0.021882168296510927,0.0015996619582276954,0.0270634633184434,40.24306813151435,25.435314815011075,6.851382349390318
prompts_high,PROMPTS,high,221,0.8392993681838303,0.7663889894965592,0.7663889894965592,0.0,0.7663889894965592,0.0,,,,0.044337800313895934,0.0,0.0034609038593102336,0.013753068533945027,0.01416555998229305,0.26479601033467526,0.0,0.3346303501945525,0.14354720151212852,0.0,0.02044347861080929,0.08683448026077509,0.008561712744979678,0.06544528954887521,0.02178156062618214,0.0014688719868002737,0.02634914885910902,30.18230109863576,20.826391202932356,6.187371725220331
prompts_high_shift,PROMPTS,high_shift,221,0.8861221779548473,0.8465934242826673,0.8528612821441507,0.0,0.8465934242826673,0.009567789448267536,0.30914826498422715,0.5152471083070452,0.17560462670872765,0.04701396434464163,0.0,0.0034609038593102336,0.015030785947120609,0.013833554670208057,0.2657983049883397,0.0,0.33925049309664695,0.15614548494983277,0.0,0.020896213127288826,0.08680429795967645,0.00862207734717695,0.061742927280775885,0.021670892188820477,0.0015896011911948167,0.02640951346130629,24.145840878908608,13.458253532791552,5.734637208740795
blood_base,Blood tracking,base,221,0.6299649885307256,0.6854199364159523,0.7191536882771943,0.0,0.6854199364159523,0.04135981327216387,0.3519824860131355,0.472877645341766,0.1751398686450985,0.033160288140367825,0.0,0.003601754597770534,0.015473459696567266,0.013320455551531248,0.2639122427736408,0.0,0.33457943925233646,0.1415033581746251,0.0,0.023471769487705744,0.09896776530242665,0.009195541068051028,0.06131031429836211,0.021761439092116384,0.0015694796571290594,0.027707352408547627,46.2795283512415,26.690296475813255,7.203509195541068
blood_current,Blood tracking,current,221,0.6299649885307256,0.6854199364159523,0.7191536882771943,0.0,0.6854199364159523,0.04135981327216387,0.3519824860131355,0.472877645341766,0.1751398686450985,0.033160288140367825,0.0,0.003601754597770534,0.015473459696567266,0.013320455551531248,0.2639122427736408,0.0,0.33457943925233646,0.1415033581746251,0.0,0.023471769487705744,0.09896776530242665,0.009195541068051028,0.06131031429836211,0.021761439092116384,0.0015694796571290594,0.027707352408547627,45.273451647953635,25.622684616780724,7.203509195541068
blood_moderate,Blood tracking,moderate,221,0.6299649885307256,0.6854199364159523,0.7191536882771943,0.0,0.6854199364159523,0.04135981327216387,0.3519824860131355,0.472877645341766,0.1751398686450985,0.033160288140367825,0.0,0.003601754597770534,0.015473459696567266,0.013320455551531248,0.2639122427736408,0.0,0.33457943925233646,0.1415033581746251,0.0,0.023471769487705744,0.09896776530242665,0.009195541068051028,0.06131031429836211,0.021761439092116384,0.0015694796571290594,0.027707352408547627,43.26129824137792,23.48746089871566,7.203509195541068
blood_high,Blood tracking,high,221,0.6299649885307256,0.6854199364159523,0.7191536882771943,0.0,0.6854199364159523,0.04135981327216387,0.3519824860131355,0.472877645341766,0.1751398686450985,0.033160288140367825,0.0,0.003601754597770534,0.015473459696567266,0.013320455551531248,0.2639122427736408,0.0,0.33457943925233646,0.1415033581746251,0.0,0.023471769487705744,0.09896776530242665,0.009195541068051028,0.06131031429836211,0.021761439092116384,0.0015694796571290594,0.027707352408547627,39.23699142822649,19.21701346258554,7.203509195541068
referral_base,Transfer & EMT,base,221,0.6299649885307256,0.6854199364159523,0.7191536882771943,0.0,0.6854199364159523,0.04135981327216387,0.3519824860131355,0.472877645341766,0.1751398686450985,0.033160288140367825,0.0,0.003601754597770534,0.015473459696567266,0.013320455551531248,0.2639122427736408,0.0,0.33457943925233646,0.1415033581746251,0.0,0.023471769487705744,0.09896776530242665,0.009195541068051028,0.06131031429836211,0.021761439092116384,0.0015694796571290594,0.027707352408547627,46.2795283512415,26.690296475813255,7.203509195541068
referral_current,Transfer & EMT,current,221,0.6299649885307256,0.6854199364159523,0.7191536882771943,0.0,0.6854199364159523,0.04135981327216387,0.3519824860131355,0.472877645341766,0.1751398686450985,0.033160288140367825,0.0,0.003601754597770534,0.015473459696567266,0.013320455551531248,0.2639122427736408,0.0,0.33457943925233646,0.1415033581746251,0.0,0.023471769487705744,0.09896776530242665,0.009195541068051028,0.06131031429836211,0.021761439092116384,0.0015694796571290594,0.027707352408547627,46.2795283512415,26.690296475813255,7.203509195541068
referral_moderate,Transfer & EMT,moderate,221,0.6299649885307256,0.6854199364159523,0.7191536882771943,0.0,0.6854199364159523,0.04135981327216387,0.4405254196059353,0.44149841887618585,0.11797616151787886,0.033160288140367825,0.0,0.003601754597770534,0.015473459696567266,0.013320455551531248,0.2639122427736408,0.0,0.33457943925233646,0.1415033581746251,0.0,0.023471769487705744,0.09896776530242665,0.009195541068051028,0.06131031429836211,0.021761439092116384,0.0015694796571290594,0.027707352408547627,45.273451647953635,25.622684616780724,7.203509195541068
referral_high,Transfer & EMT,high,221,0.6299649885307256,0.6854199364159523,0.7191536882771943,0.0,0.6854199364159523,0.04135981327216387,0.5181221114084165,0.4108489418632936,0.07102894672828995,0.033160288140367825,0.0,0.003601754597770534,0.015473459696567266,0.013320455551531248,0.2639122427736408,0.0,0.33457943925233646,0.1415033581746251,0.0,0.023471769487705744,0.09896776530242665,0.009195541068051028,0.06131031429836211,0.021761439092116384,0.0015694796571290594,0.027707352408547627,45.273451647953635,25.622684616780724,7.203509195541068
pulse_base,PULSE,base,221,0.6299649885307256,0.6854199364159523,0.7191536882771943,0.0,0.6854199364159523,0.04135981327216387,0.3519824860131355,0.472877645341766,0.1751398686450985,0.033160288140367825,0.0,0.003601754597770534,0.015473459696567266,0.013320455551531248,0.2639122427736408,0.0,0.33457943925233646,0.1415033581746251,0.0,0.023471769487705744,0.09896776530242665,0.009195541068051028,0.06131031429836211,0.021761439092116384,0.0015694796571290594,0.027707352408547627,46.2795283512415,26.690296475813255,7.203509195541068
pulse_current,PULSE,current,221,0.6299649885307256,0.6854199364159523,0.7191436275101614,0.0,0.6854199364159523,0.041339691738098115,0.3521538087125821,0.4726210756875152,0.17522511559990264,0.033160288140367825,0.0,0.003601754597770534,0.015362791259205602,0.013320455551531248,0.2639122427736408,0.0,0.33457943925233646,0.1414412745461282,0.0,0.023471769487705744,0.09826351161012516,0.009195541068051028,0.06131031429836211,0.021761439092116384,0.0015694796571290594,0.027657048573383233,46.2795283512415,26.690296475813255,7.203509195541068
pulse_moderate,PULSE,moderate,221,0.6299649885307256,0.6854199364159523,0.7191335667431284,0.0,0.6854199364159523,0.04103786872711176,0.353272860995342,0.47192939445942633,0.17479774454523167,0.033160288140367825,0.0,0.003601754597770534,0.014215863817457442,0.013320455551531248,0.2639122427736408,0.0,0.33457943925233646,0.1420100502512563,0.0,0.023471769487705744,0.09048653869371001,0.009195541068051028,0.06131031429836211,0.021761439092116384,0.0015694796571290594,0.026731458006358406,45.273451647953635,26.690296475813255,7.183387661475311
pulse_high,PULSE,high,221,0.6299649885307256,0.6854199364159523,0.7191235059760956,0.0,0.6854199364159523,0.040856774920519943,0.35459246491012064,0.47131248460970204,0.1740950504801773,0.033160288140367825,0.0,0.003601754597770534,0.013179604813070948,0.013320455551531248,0.2639122427736408,0.0,0.33457943925233646,0.14362460256550816,0.0,0.023471769487705744,0.08303151032234697,0.009195541068051028,0.06131031429836211,0.021761439092116384,0.0015694796571290594,0.025997022012958268,44.26737494466578,25.622684616780724,7.183387661475311
fqa_base,FQA,base,221,0.6299649885307256,0.6854199364159523,0.7191436275101614,0.0,0.6854199364159523,0.04092720028975009,0.35373647984267453,0.4724680432645034,0.17379547689282202,0.07254819107408748,0.011217755241659624,0.005130991186768079,0.04548472775564409,0.03031309107006318,0.5773881015293458,0.49358123063302345,0.5019685039370079,0.44034284601149315,0.0,0.017686828443800557,0.07395669845869049,0.008058674393335748,0.058956094812668516,0.021761439092116384,0.0015694796571290594,0.023753470964626343,42.25522153809006,22.419849039683132,7.102901525212283
fqa_current,FQA,current,221,0.6299649885307256,0.6854199364159523,0.7191436275101614,0.0,0.6854199364159523,0.04092720028975009,0.35373647984267453,0.4724680432645034,0.17379547689282202,0.07254819107408748,0.011227816008692503,0.005130991186768079,0.04551491005674273,0.03032315183709606,0.5773881015293458,0.4940239043824701,0.5019685039370079,0.44063504431674294,0.0,0.017686828443800557,0.07391645539055898,0.008058674393335748,0.05893597327860276,0.021761439092116384,0.0015694796571290594,0.023743410197593465,42.25522153809006,22.419849039683132,7.102901525212283
fqa_moderate,FQA,moderate,221,0.6299649885307256,0.6854199364159523,0.7191235059760956,0.0,0.6854199364159523,0.040907078755684334,0.3536645351697,0.47245450073782586,0.17388096409247417,0.07254819107408748,0.011569882087810375,0.005241659624129744,0.047074328946838905,0.03142983621071271,0.5773881015293458,0.5097517730496454,0.5127952755905512,0.4563542377840632,0.0,0.017525856171274497,0.07275946718177793,0.00796812749003984,0.058845426375306854,0.021761439092116384,0.0015694796571290594,0.02350195178880438,42.25522153809006,22.419849039683132,7.0928407581794035
fqa_high,FQA,high,221,0.6299649885307256,0.6854199364159523,0.719093323674997,0.0,0.6854199364159523,0.04084671415348706,0.3536945812807882,0.4724137931034483,0.17389162561576355,0.07254819107408748,0.011791218962533703,0.005372449595557166,0.04842247172924464,0.032405730612901924,0.5773881015293458,0.5204262877442274,0.5255905511811023,0.47167777342218736,0.0,0.017324640830616925,0.07142138516640509,0.007877580586743933,0.05872469717091231,0.021761439092116384,0.0015694796571290594,0.023310797215179684,42.25522153809006,22.419849039683132,7.082779991146525
combined_base,All,base,221,0.6299649885307256,0.6854199364159523,0.7191536882771943,0.0,0.6854199364159523,0.04135981327216387,0.3519824860131355,0.472877645341766,0.1751398686450985,0.033160288140367825,0.0,0.003601754597770534,0.015473459696567266,0.013320455551531248,0.2639122427736408,0.0,0.33457943925233646,0.1415033581746251,0.0,0.023471769487705744,0.09896776530242665,0.009195541068051028,0.06131031429836211,0.021761439092116384,0.0015694796571290594,0.027707352408547627,46.2795283512415,26.690296475813255,7.203509195541068
combined_current,All,current,221,0.6321280534427944,0.6873415429192321,0.7207634110024548,0.0,0.6873415429192321,0.040595194977665096,0.3543990086741016,0.4745972738537794,0.17100371747211895,0.07669322709163347,0.01168055052517204,0.005312084993359893,0.047818825707271924,0.03208378606784981,0.6086713510060684,0.5162294353045798,0.5217391304347826,0.46634615384615385,0.0,0.017405126966879955,0.07167290434222705,0.007877580586743933,0.058795122540142464,0.021761439092116384,0.0015694796571290594,0.0233510402833112,41.2491448348022,21.343806027490825,7.062658457080768
combined_moderate,All,moderate,221,0.7176848162903939,0.7467604330154131,0.7649704213449233,0.0,0.7467604330154131,0.019216065032798102,0.4968586387434555,0.4167539267015707,0.08638743455497382,0.12429071592418206,0.015684735804257718,0.007384603002132882,0.0584932995291561,0.049931586784176425,0.8690208216094542,0.7578998541565386,0.7758985200845666,0.7000602046959663,0.0,0.012928085637248983,0.04614873837981408,0.006418769366976538,0.0580707473137752,0.02179162139321502,0.0015896011911948167,0.0194977665097187,23.13976417562075,11.616364289184109,6.418769366976538
combined_high,All,high,221,0.8505171234254899,0.7663889894965592,0.7663889894965592,0.0,0.7663889894965592,0.0,,,,0.1614954324117671,0.014648476799871222,0.007374542235100004,0.04719505815123345,0.053986075898426494,0.9514551597415684,0.7798607391537226,0.8386727688787186,0.7403724747474747,0.0,0.011720793593303554,0.03353253652058433,0.005654151072477766,0.059841442311561834,0.02178156062618214,0.0014688719868002737,0.018461507505332205,20.121534065757174,11.438911015671307,5.986156384562759
mentors_base,MENTORS,base,222,0.629592740150509,0.6852690249104592,0.7198881242705943,0.0,0.6852690249104592,0.04672220210068816,0.3372093023255814,0.48083548664944015,0.18195521102497847,0.02803935772063262,0.0,0.003209384683488269,0.014507626061410922,0.013783250835043663,0.2640955178622193,0.0,0.33263816475495306,0.13935059914959413,0.0,0.03929735603042376,0.0938267133486257,0.008440983540585135,0.04330154130950944,0.021821803694313656,0.0015694796571290594,0.04395549116664654,70.4253692301501,45.905839649834526,6.2678578614833595
mentors_current,MENTORS,current,222,0.629592740150509,0.6852690249104592,0.71983782043543,0.0,0.6852690249104592,0.04604813070948529,0.3386497705920909,0.48131964168669433,0.18003058772121477,0.0642279367378969,0.017767314580063583,0.004758742806551572,0.04447865105235623,0.032777978993118434,0.6049464607220696,0.4858321870701513,0.509698275862069,0.44883248730964465,0.0,0.02825063382832307,0.06815163588071954,0.007535514507626061,0.0411082940963419,0.021821803694313656,0.0015694796571290594,0.036852589641434265,59.358525493983656,34.162485320807086,6.137067890055938
mentors_moderate,MENTORS,moderate,222,0.629592740150509,0.6852690249104592,0.7197070304640025,0.0,0.6852690249104592,0.04563563926113727,0.3401675485008818,0.4799382716049383,0.17989417989417988,0.081703489074007,0.021509919916294418,0.005865427180168216,0.05508269950501026,0.0415811501468872,0.7695442054392116,0.6061808902750213,0.6427783902976847,0.5696004993757803,0.0,0.024960763008571772,0.05901645941486579,0.006941929252686225,0.04024306813151435,0.021821803694313656,0.0015694796571290594,0.03422672944585295,57.34637208740795,32.027329988256646,6.106885588957303
mentors_high,MENTORS,high,222,0.629592740150509,0.6852690249104592,0.7195762404925752,0.0,0.6852690249104592,0.04520302627872349,0.3405297128867127,0.4796349877587358,0.17983529935455153,0.0990884945068212,0.02521228218439374,0.007092840758179403,0.0647007927884422,0.049871222181979154,0.9332891121008244,0.7316788321167883,0.7903587443946188,0.686046511627907,0.0,0.02213368747233289,0.050152923658899756,0.00640870859994366,0.039337599098555276,0.021821803694313656,0.0015694796571290594,0.03203348223268542,54.32814197754436,28.82459698943098,6.076703287858667
prompts_base,PROMPTS,base,222,0.629592740150509,0.6852690249104592,0.7198881242705943,0.0,0.6852690249104592,0.04672220210068816,0.3372093023255814,0.48083548664944015,0.18195521102497847,0.02803935772063262,0.0,0.003209384683488269,0.014507626061410922,0.013783250835043663,0.2640955178622193,0.0,0.33263816475495306,0.13935059914959413,0.0,0.03929735603042376,0.0938267133486257,0.008440983540585135,0.04330154130950944,0.021821803694313656,0.0015694796571290594,0.04395549116664654,70.4253692301501,45.905839649834526,6.2678578614833595
prompts_current,PROMPTS,current,222,0.6315646504889533,0.6870598414423116,0.7214374823936577,0.0,0.6870598414423116,0.046510925992997706,0.33657797966688296,0.481721825654337,0.18170019467878,0.02813996539096141,0.0,0.003209384683488269,0.014497565294378043,0.013803372369109421,0.26436672967863895,0.0,0.33298538622129437,0.1394156346749226,0.0,0.039267173729325124,0.09369592337719827,0.008430922773552256,0.04335184514467383,0.021821803694313656,0.0015694796571290594,0.04392530886554791,70.4253692301501,45.889672689241536,6.277918628516238
prompts_moderate,PROMPTS,moderate,222,0.6864763169544046,0.7254114853716447,0.7550907481186365,0.0,0.7254114853716447,0.037747997907360456,0.3414179104477612,0.48294243070362475,0.17563965884861407,0.030745704052476962,0.0,0.0031792023823896333,0.014537808362509558,0.013994526942734113,0.2659009832071696,0.0,0.3333333333333333,0.1420426619482945,0.0,0.038532737735924985,0.09205601835083907,0.008310193569157713,0.043653668155660186,0.02178156062618214,0.0016097227252605739,0.0429896575314902,58.352448790695796,39.212361431993045,5.915731015332609
prompts_high,PROMPTS,high,222,0.8388969375025151,0.7663889894965592,0.7663889894965592,0.0,0.7663889894965592,0.0,,,,0.0377278763732947,0.0,0.0029578655076663045,0.012706748762525656,0.014718902169101373,0.2656183595410115,0.0,0.3252212389380531,0.14224574839508955,0.0,0.0321340899030142,0.08032516399050263,0.007847398285645298,0.04675238440178679,0.021721196023984868,0.0015191758219646667,0.040323554267777374,39.23699142822649,28.11416433249685,5.20141655599823
prompts_high_shift,PROMPTS,high_shift,222,0.8858907803130911,0.8464123304760754,0.8525695199001971,0.0,0.8464123304760754,0.011127208338363717,0.2857142857142857,0.5135623869801085,0.2007233273056058,0.039800394382067686,0.0,0.002998108575797819,0.013853676204273814,0.0145176868284438,0.26514745308310994,0.0,0.3344556677890011,0.15605167724388033,0.0,0.03449837015574067,0.07984224717292446,0.00775685138234939,0.04374421505895609,0.021761439092116384,0.0015996619582276954,0.04140005634029539,37.22483802165077,23.813714628868436,5.020322749406414
blood_base,Blood tracking,base,222,0.629592740150509,0.6852690249104592,0.7198881242705943,0.0,0.6852690249104592,0.04672220210068816,0.3372093023255814,0.48083548664944015,0.18195521102497847,0.02803935772063262,0.0,0.003209384683488269,0.014507626061410922,0.013783250835043663,0.2640955178622193,0.0,0.33263816475495306,0.13935059914959413,0.0,0.03929735603042376,0.0938267133486257,0.008440983540585135,0.04330154130950944,0.021821803694313656,0.0015694796571290594,0.04395549116664654,70.4253692301501,45.905839649834526,6.2678578614833595
blood_current,Blood tracking,current,222,0.629592740150509,0.6852690249104592,0.7198881242705943,0.0,0.6852690249104592,0.04672220210068816,0.3372093023255814,0.48083548664944015,0.18195521102497847,0.02803935772063262,0.0,0.003209384683488269,0.014507626061410922,0.013783250835043663,0.2640955178622193,0.0,0.33263816475495306,0.13935059914959413,0.0,0.03929735603042376,0.0938267133486257,0.008440983540585135,0.04330154130950944,0.021821803694313656,0.0015694796571290594,0.04395549116664654,65.39498571371081,40.56795131845842,6.2678578614833595
blood_moderate,Blood tracking,moderate,222,0.629592740150509,0.6852690249104592,0.7198881242705943,0.0,0.6852690249104592,0.04672220210068816,0.3372093023255814,0.48083548664944015,0.18195521102497847,0.02803935772063262,0.0,0.003209384683488269,0.014507626061410922,0.013783250835043663,0.2640955178622193,0.0,0.33263816475495306,0.13935059914959413,0.0,0.03929735603042376,0.0938267133486257,0.008440983540585135,0.04330154130950944,0.021821803694313656,0.0015694796571290594,0.04395549116664654,58.352448790695796,33.094907654531866,6.2678578614833595
blood_high,Blood tracking,high,222,0.629592740150509,0.6852690249104592,0.7198881242705943,0.0,0.6852690249104592,0.04672220210068816,0.3372093023255814,0.48083548664944015,0.18195521102497847,0.02803935772063262,0.0,0.003209384683488269,0.014507626061410922,0.013783250835043663,0.2640955178622193,0.0,0.33263816475495306,0.13935059914959413,0.0,0.03929735603042376,0.0938267133486257,0.008440983540585135,0.04330154130950944,0.021821803694313656,0.0015694796571290594,0.04395549116664654,54.32814197754436,28.82459698943098,6.2678578614833595
referral_base,Transfer & EMT,base,222,0.629592740150509,0.6852690249104592,0.7198881242705943,0.0,0.6852690249104592,0.04672220210068816,0.3372093023255814,0.48083548664944015,0.18195521102497847,0.02803935772063262,0.0,0.003209384683488269,0.014507626061410922,0.013783250835043663,0.2640955178622193,0.0,0.33263816475495306,0.13935059914959413,0.0,0.03929735603042376,0.0938267133486257,0.008440983540585135,0.04330154130950944,0.021821803694313656,0.0015694796571290594,0.04395549116664654,70.4253692301501,45.905839649834526,6.2678578614833595
referral_current,Transfer & EMT,current,222,0.629592740150509,0.6852690249104592,0.7198881242705943,0.0,0.6852690249104592,0.04672220210068816,0.3372093023255814,0.48083548664944015,0.18195521102497847,0.02803935772063262,0.0,0.003209384683488269,0.014507626061410922,0.013783250835043663,0.2640955178622193,0.0,0.33263816475495306,0.13935059914959413,0.0,0.03929735603042376,0.0938267133486257,0.008440983540585135,0.04330154130950944,0.021821803694313656,0.0015694796571290594,0.04395549116664654,70.4253692301501,45.905839649834526,6.2678578614833595
referral_moderate,Transfer & EMT,moderate,222,0.629592740150509,0.6852690249104592,0.7198881242705943,0.0,0.6852690249104592,0.04672220210068816,0.4263565891472868,0.45133505598621876,0.1223083548664944,0.02803935772063262,0.0,0.003209384683488269,0.014507626061410922,0.013783250835043663,0.2640955178622193,0.0,0.33263816475495306,0.13935059914959413,0.0,0.03929735603042376,0.0938267133486257,0.008440983540585135,0.04330154130950944,0.021821803694313656,0.0015694796571290594,0.04395549116664654,69.41929252686225,44.838261983559306,6.2678578614833595
referral_high,Transfer & EMT,high,222,0.629592740150509,0.6852690249104592,0.7198881242705943,0.0,0.6852690249104592,0.04672220210068816,0.5090439276485789,0.41709732988802756,0.07385874246339362,0.02803935772063262,0.0,0.003209384683488269,0.014507626061410922,0.013783250835043663,0.2640955178622193,0.0,0.33263816475495306,0.13935059914959413,0.0,0.03929735603042376,0.0938267133486257,0.008440983540585135,0.04330154130950944,0.021821803694313656,0.0015694796571290594,0.04395549116664654,68.41321582357439,43.770684317284086,6.2678578614833595
pulse_base,PULSE,base,222,0.629592740150509,0.6852690249104592,0.7198881242705943,0.0,0.6852690249104592,0.04672220210068816,0.3372093023255814,0.48083548664944015,0.18195521102497847,0.02803935772063262,0.0,0.003209384683488269,0.014507626061410922,0.013783250835043663,0.2640955178622193,0.0,0.33263816475495306,0.13935059914959413,0.0,0.03929735603042376,0.0938267133486257,0.008440983540585135,0.04330154130950944,0.021821803694313656,0.0015694796571290594,0.04395549116664654,70.4253692301501,45.905839649834526,6.2678578614833595
pulse_current,PULSE,current,222,0.629592740150509,0.6852690249104592,0.7198780635035615,0.0,0.6852690249104592,0.04669201979958952,0.3374272786037492,0.48071536306830426,0.18185735832794656,0.02803935772063262,0.0,0.003209384683488269,0.014396957624049257,0.013783250835043663,0.2640955178622193,0.0,0.33263816475495306,0.13927007299270072,0.0,0.03929735603042376,0.0931224596563242,0.008440983540585135,0.04330154130950944,0.021821803694313656,0.0015694796571290594,0.04387500503038352,70.4253692301501,45.905839649834526,6.2678578614833595
pulse_moderate,PULSE,moderate,222,0.629592740150509,0.6852690249104592,0.7198680027365286,0.0,0.6852690249104592,0.046289589118274375,0.33905672679852206,0.4796783307976527,0.18126494240382526,0.02803935772063262,0.0,0.003209384683488269,0.013421063221860034,0.013783250835043663,0.2640955178622193,0.0,0.33263816475495306,0.1408510188997994,0.0,0.03929735603042376,0.08575797818825708,0.008440983540585135,0.04330154130950944,0.021821803694313656,0.0015694796571290594,0.04266771298643809,69.41929252686225,45.905839649834526,6.247736327417602
pulse_high,PULSE,high,222,0.629592740150509,0.6852690249104592,0.7198579419694957,0.0,0.6852690249104592,0.04595758380618938,0.34041155866900175,0.4783274956217163,0.18126094570928197,0.02803935772063262,0.0,0.003209384683488269,0.012404925751539297,0.013783250835043663,0.2640955178622193,0.0,0.33263816475495306,0.14196891191709846,0.0,0.03929735603042376,0.07873556279930782,0.008440983540585135,0.04330154130950944,0.021821803694313656,0.0015694796571290594,0.04131957020403235,68.41321582357439,44.838261983559306,6.247736327417602
fqa_base,FQA,base,222,0.629592740150509,0.6852690249104592,0.7198780635035615,0.0,0.6852690249104592,0.046088373777616806,0.3387906570617769,0.48068107400130977,0.18052826893691334,0.061551772707151196,0.017123425489959355,0.004567588232926878,0.04246649764578051,0.0313392893074168,0.5797403581919833,0.4659184232137969,0.48869752421959095,0.429837067209776,0.0,0.028703368344802607,0.06918789488510604,0.007696486780152119,0.04126926636886796,0.021821803694313656,0.0015694796571290594,0.03713429111835486,59.358525493983656,34.162485320807086,6.167250191154574
fqa_current,FQA,current,222,0.629592740150509,0.6852690249104592,0.7198780635035615,0.0,0.6852690249104592,0.046088373777616806,0.3387906570617769,0.48068107400130977,0.18052826893691334,0.061551772707151196,0.01714354702402511,0.004577648999959757,0.04250674071391203,0.031349350074449674,0.5797403581919833,0.4665936473165389,0.4897739504843918,0.4302882167226805,0.0,0.02869330757776973,0.06913759104994165,0.007696486780152119,0.04126926636886796,0.021821803694313656,0.0015694796571290594,0.037124230351321987,59.358525493983656,34.162485320807086,6.167250191154574
fqa_moderate,FQA,moderate,222,0.629592740150509,0.6852690249104592,0.7198478812024629,0.0,0.6852690249104592,0.046038069942452416,0.33916083916083917,0.48098776223776224,0.1798513986013986,0.061551772707151196,0.017686828443800557,0.004678256670288543,0.04393536963258079,0.032466095215099196,0.5797403581919833,0.4821722435545804,0.5005382131324004,0.44547587473222483,0.0,0.028381423799750494,0.06811139281258803,0.0075958791098233325,0.041118354863374784,0.021821803694313656,0.0015694796571290594,0.0368827719425329,59.358525493983656,34.162485320807086,6.137067890055938
fqa_high,FQA,high,222,0.629592740150509,0.6852690249104592,0.7198277596683971,0.0,0.6852690249104592,0.0459978268743209,0.33902012248468943,0.4809711286089239,0.1800087489063867,0.061551772707151196,0.01806913759104994,0.004798985874683086,0.04520302627872349,0.03351241498651857,0.5797403581919833,0.49313563975837454,0.5134553283100107,0.46006553348351426,0.0,0.0280494184876655,0.06686385770051109,0.0075153929735603045,0.04105799026117751,0.021821803694313656,0.0015694796571290594,0.03656082739748078,59.358525493983656,34.162485320807086,6.137067890055938
combined_base,All,base,222,0.629592740150509,0.6852690249104592,0.7198881242705943,0.0,0.6852690249104592,0.04672220210068816,0.3372093023255814,0.48083548664944015,0.18195521102497847,0.02803935772063262,0.0,0.003209384683488269,0.014507626061410922,0.013783250835043663,0.2640955178622193,0.0,0.33263816475495306,0.13935059914959413,0.0,0.03929735603042376,0.0938267133486257,0.008440983540585135,0.04330154130950944,0.021821803694313656,0.0015694796571290594,0.04395549116664654,70.4253692301501,45.905839649834526,6.2678578614833595
combined_current,All,current,222,0.6317356835285122,0.6871705098796732,0.7214777254617892,0.0,0.6871705098796732,0.04579661153366333,0.3396309314586995,0.48264499121265375,0.17772407732864676,0.06493219043019839,0.017847800716326613,0.004758742806551572,0.0446798663930138,0.0331703489074007,0.6097883597883598,0.48857064169650233,0.5107991360691144,0.45511375281820043,0.0,0.02811984385689565,0.06707513380820154,0.007495271439494547,0.041118354863374784,0.021821803694313656,0.0015694796571290594,0.036631252766710934,57.34637208740795,32.01434242540658,6.137067890055938
combined_moderate,All,moderate,222,0.7173930540464405,0.7465893999758542,0.7650911505493179,0.0,0.7465893999758542,0.019447462674554307,0.5043973098810139,0.4081738230729436,0.08742886704604243,0.10570847921445531,0.02278763732947,0.006710531610930017,0.05507263873797738,0.05134009416877943,0.8725294801527985,0.7217973231357553,0.7719907407407407,0.6865671641791045,0.0,0.020393174775644896,0.04277838142379975,0.006348343997746388,0.04084671415348706,0.021701074489919113,0.0016097227252605739,0.030423759507424847,33.200531208499335,16.896708310012354,5.442874964787316
combined_high,All,high,222,0.8501146927441748,0.7663889894965592,0.7663889894965592,0.0,0.7663889894965592,0.0,,,,0.1370880115900036,0.0199203187250996,0.006801078514225924,0.04406615960400821,0.05538452251599662,0.9516692275457466,0.7597851112816577,0.8407960199004975,0.7266091572660915,0.0,0.016479536399855124,0.03083625095577287,0.005805062577970944,0.041540907078755684,0.021600466819590325,0.0015191758219646667,0.027657048573383233,26.157994285484325,14.5577057055808,5.000201215340658
mentors_base,MENTORS,base,223,0.6295424363153447,0.6849571411324399,0.7193347820837861,0.0,0.6849571411324399,0.04119884099963781,0.35604395604395606,0.47863247863247865,0.16532356532356532,0.03144995774477846,0.0,0.0036621191999678055,0.01573503963942211,0.013270151716366856,0.2644446324338042,0.0,0.32941176470588235,0.14141048824593128,0.0,0.0348605577689243,0.09986317356835285,0.009829369391122379,0.05065596201054368,0.021701074489919113,0.0015896011911948167,0.024528150026157994,44.26737494466578,24.554286324330096,6.911746951587589
mentors_current,MENTORS,current,223,0.6295424363153447,0.6849571411324399,0.7192844782486216,0.0,0.6849571411324399,0.0407360457161254,0.35811311434922205,0.4778957767349963,0.16399110891578167,0.07168296510925994,0.014728962936134252,0.005372449595557166,0.04742645579298966,0.03202342146565254,0.6027408848659166,0.4575,0.5076045627376425,0.45226902043557515,0.0,0.02448790695802648,0.07084792144553101,0.008923900358163307,0.04812064871825828,0.021701074489919113,0.0015896011911948167,0.019970622560263995,39.23699142822649,19.216397992953986,6.770896213127289
mentors_moderate,MENTORS,moderate,223,0.6295424363153447,0.6849571411324399,0.7191536882771943,0.0,0.6849571411324399,0.04039397963700753,0.35915317559153176,0.47696139476961397,0.1638854296388543,0.09126121775524167,0.017606342307537527,0.006589802406535474,0.05823171958630126,0.040595194977665096,0.767363167244734,0.5704041720990873,0.6390243902439025,0.5725591057473538,0.0,0.021620588353656083,0.06062618214012636,0.00817940359773029,0.04700390357760876,0.021701074489919113,0.0015896011911948167,0.018501750573463722,37.22483802165077,17.081242660403543,6.740713912028653
mentors_high,MENTORS,high,223,0.6295424363153447,0.6849571411324399,0.7190128375387339,0.0,0.6849571411324399,0.04000160972272526,0.3596579476861167,0.4766096579476861,0.1637323943661972,0.11090989577045354,0.020191959434987323,0.007817215984546662,0.0680812105114894,0.04869411243913236,0.9325776161069284,0.6810315575161181,0.777,0.6895954346275349,0.0,0.01915570043060083,0.05112881806108898,0.00754557527465894,0.04584691536882772,0.021701074489919113,0.0015896011911948167,0.017053000120729203,36.218761318362915,16.013664994128323,6.700470843897139
prompts_base,PROMPTS,base,223,0.6295424363153447,0.6849571411324399,0.7193347820837861,0.0,0.6849571411324399,0.04119884099963781,0.35604395604395606,0.47863247863247865,0.16532356532356532,0.03144995774477846,0.0,0.0036621191999678055,0.01573503963942211,0.013270151716366856,0.2644446324338042,0.0,0.32941176470588235,0.14141048824593128,0.0,0.0348605577689243,0.09986317356835285,0.009829369391122379,0.05065596201054368,0.021701074489919113,0.0015896011911948167,0.024528150026157994,44.26737494466578,24.554286324330096,6.911746951587589
prompts_current,PROMPTS,current,223,0.6315143466537889,0.6867378968972594,0.7208740794398165,0.0,0.6867378968972594,0.040967443357881606,0.3555992141453831,0.4793713163064833,0.1650294695481336,0.03155056541510725,0.0,0.003672179967000684,0.01572497887238923,0.013290273250432612,0.26464135021097046,0.0,0.33031674208144796,0.14143516423853045,0.0,0.034830375467825664,0.09976256589802407,0.009829369391122379,0.0506962050786752,0.021701074489919113,0.0015896011911948167,0.024528150026157994,44.26737494466578,24.546424759871933,6.901686184554711
prompts_moderate,PROMPTS,moderate,223,0.6865668638577005,0.7251800877298885,0.7548392289428146,0.0,0.7251800877298885,0.03515232001287778,0.35088723526044646,0.48168288494562106,0.16742987979393245,0.03439776248541189,0.0,0.003682240734033563,0.016187774155901644,0.0135317316592217,0.26565656565656565,0.0,0.3303249097472924,0.14696748264523202,0.0,0.03409593947442553,0.09862569922330879,0.009859551692221014,0.051249547265483524,0.02179162139321502,0.0016399050263592096,0.02392450400418528,38.23091472493863,23.316199459488104,6.509316270272445
prompts_high,PROMPTS,high,223,0.8390579097750412,0.7663889894965592,0.7663889894965592,0.0,0.7663889894965592,0.0,,,,0.04207412773149825,0.0,0.0034910861604088694,0.01466859833393698,0.014205803050424565,0.2645998101866498,0.0,0.3295346628679962,0.14784019468667614,0.0,0.0290353736568876,0.08875608676405489,0.009296148738379814,0.05516318564127329,0.021691013722886232,0.0014990542878989095,0.023230311078916658,25.151917582196464,17.702801207955847,5.805062577970944
prompts_high_shift,PROMPTS,high_shift,223,0.8861020564207815,0.8465632419815686,0.8525695199001971,0.0,0.8465632419815686,0.009406817175741478,0.3155080213903743,0.5005347593582887,0.1839572192513369,0.04451889412048775,0.0,0.0035514507626061413,0.015403034327337117,0.01416555998229305,0.2647956435880558,0.0,0.33942307692307694,0.1548968029138001,0.0,0.029639019678860318,0.08904784900800837,0.009296148738379814,0.05170228178196306,0.021872107529478046,0.001559418890096181,0.02397480783934967,25.151917582196464,14.49590490686381,5.432814197754437
blood_base,Blood tracking,base,223,0.6295424363153447,0.6849571411324399,0.7193347820837861,0.0,0.6849571411324399,0.04119884099963781,0.35604395604395606,0.47863247863247865,0.16532356532356532,0.03144995774477846,0.0,0.0036621191999678055,0.01573503963942211,0.013270151716366856,0.2644446324338042,0.0,0.32941176470588235,0.14141048824593128,0.0,0.0348605577689243,0.09986317356835285,0.009829369391122379,0.05065596201054368,0.021701074489919113,0.0015896011911948167,0.024528150026157994,44.26737494466578,24.554286324330096,6.911746951587589
blood_current,Blood tracking,current,223,0.6295424363153447,0.6849571411324399,0.7193347820837861,0.0,0.6849571411324399,0.04119884099963781,0.35604395604395606,0.47863247863247865,0.16532356532356532,0.03144995774477846,0.0,0.0036621191999678055,0.01573503963942211,0.013270151716366856,0.2644446324338042,0.0,0.32941176470588235,0.14141048824593128,0.0,0.0348605577689243,0.09986317356835285,0.009829369391122379,0.05065596201054368,0.021701074489919113,0.0015896011911948167,0.024528150026157994,43.26129824137792,23.486708658054873,6.911746951587589
blood_moderate,Blood tracking,moderate,223,0.6295424363153447,0.6849571411324399,0.7193347820837861,0.0,0.6849571411324399,0.04119884099963781,0.35604395604395606,0.47863247863247865,0.16532356532356532,0.03144995774477846,0.0,0.0036621191999678055,0.01573503963942211,0.013270151716366856,0.2644446324338042,0.0,0.32941176470588235,0.14141048824593128,0.0,0.0348605577689243,0.09986317356835285,0.009829369391122379,0.05065596201054368,0.021701074489919113,0.0015896011911948167,0.024528150026157994,40.24306813151435,20.28397565922921,6.911746951587589
blood_high,Blood tracking,high,223,0.6295424363153447,0.6849571411324399,0.7193347820837861,0.0,0.6849571411324399,0.04119884099963781,0.35604395604395606,0.47863247863247865,0.16532356532356532,0.03144995774477846,0.0,0.0036621191999678055,0.01573503963942211,0.013270151716366856,0.2644446324338042,0.0,0.32941176470588235,0.14141048824593128,0.0,0.0348605577689243,0.09986317356835285,0.009829369391122379,0.05065596201054368,0.021701074489919113,0.0015896011911948167,0.024528150026157994,36.218761318362915,16.013664994128323,6.911746951587589
referral_base,Transfer & EMT,base,223,0.6295424363153447,0.6849571411324399,0.7193347820837861,0.0,0.6849571411324399,0.04119884099963781,0.35604395604395606,0.47863247863247865,0.16532356532356532,0.03144995774477846,0.0,0.0036621191999678055,0.01573503963942211,0.013270151716366856,0.2644446324338042,0.0,0.32941176470588235,0.14141048824593128,0.0,0.0348605577689243,0.09986317356835285,0.009829369391122379,0.05065596201054368,0.021701074489919113,0.0015896011911948167,0.024528150026157994,44.26737494466578,24.554286324330096,6.911746951587589
referral_current,Transfer & EMT,current,223,0.6295424363153447,0.6849571411324399,0.7193347820837861,0.0,0.6849571411324399,0.04119884099963781,0.35604395604395606,0.47863247863247865,0.16532356532356532,0.03144995774477846,0.0,0.0036621191999678055,0.01573503963942211,0.013270151716366856,0.2644446324338042,0.0,0.32941176470588235,0.14141048824593128,0.0,0.0348605577689243,0.09986317356835285,0.009829369391122379,0.05065596201054368,0.021701074489919113,0.0015896011911948167,0.024528150026157994,44.26737494466578,24.554286324330096,6.911746951587589
referral_moderate,Transfer & EMT,moderate,223,0.6295424363153447,0.6849571411324399,0.7193347820837861,0.0,0.6849571411324399,0.04119884099963781,0.4437118437118437,0.44664224664224667,0.10964590964590964,0.03144995774477846,0.0,0.0036621191999678055,0.01573503963942211,0.013270151716366856,0.2644446324338042,0.0,0.32941176470588235,0.14141048824593128,0.0,0.0348605577689243,0.09986317356835285,0.009829369391122379,0.05065596201054368,0.021701074489919113,0.0015896011911948167,0.024528150026157994,43.26129824137792,23.486708658054873,6.911746951587589
referral_high,Transfer & EMT,high,223,0.6295424363153447,0.6849571411324399,0.7193347820837861,0.0,0.6849571411324399,0.04119884099963781,0.5235653235653236,0.41074481074481073,0.06568986568986569,0.03144995774477846,0.0,0.0036621191999678055,0.01573503963942211,0.013270151716366856,0.2644446324338042,0.0,0.32941176470588235,0.14141048824593128,0.0,0.0348605577689243,0.09986317356835285,0.009829369391122379,0.05065596201054368,0.021701074489919113,0.0015896011911948167,0.024528150026157994,43.26129824137792,23.486708658054873,6.911746951587589
pulse_base,PULSE,base,223,0.6295424363153447,0.6849571411324399,0.7193347820837861,0.0,0.6849571411324399,0.04119884099963781,0.35604395604395606,0.47863247863247865,0.16532356532356532,0.03144995774477846,0.0,0.0036621191999678055,0.01573503963942211,0.013270151716366856,0.2644446324338042,0.0,0.32941176470588235,0.14141048824593128,0.0,0.0348605577689243,0.09986317356835285,0.009829369391122379,0.05065596201054368,0.021701074489919113,0.0015896011911948167,0.024528150026157994,44.26737494466578,24.554286324330096,6.911746951587589
pulse_current,PULSE,current,223,0.6295424363153447,0.6849571411324399,0.7193247213167532,0.0,0.6849571411324399,0.041168658698539175,0.3563049853372434,0.478494623655914,0.1652003910068426,0.03144995774477846,0.0,0.0036621191999678055,0.0156444927361262,0.013270151716366856,0.2644446324338042,0.0,0.32941176470588235,0.14159533782553269,0.0,0.0348605577689243,0.09912873757495272,0.009829369391122379,0.05065596201054368,0.021701074489919113,0.0015896011911948167,0.024467785423960723,44.26737494466578,24.554286324330096,6.911746951587589
pulse_moderate,PULSE,moderate,223,0.6295424363153447,0.6849571411324399,0.7193146605497203,0.0,0.6849571411324399,0.04088695722161858,0.3577755905511811,0.47711614173228345,0.16510826771653545,0.03144995774477846,0.0,0.0036621191999678055,0.014537808362509558,0.013270151716366856,0.2644446324338042,0.0,0.32941176470588235,0.14270195536243335,0.0,0.0348605577689243,0.09140206849370196,0.009829369391122379,0.05065596201054368,0.021701074489919113,0.0015896011911948167,0.023622680993198922,43.26129824137792,24.554286324330096,6.901686184554711
pulse_high,PULSE,high,223,0.6295424363153447,0.6849571411324399,0.7193045997826875,0.0,0.6849571411324399,0.040705863415026765,0.35912011863568954,0.4762728620860109,0.16460701927829954,0.03144995774477846,0.0,0.0036621191999678055,0.013431123988892913,0.013270151716366856,0.2644446324338042,0.0,0.32941176470588235,0.1438112679090811,0.0,0.0348605577689243,0.0839168578212403,0.009829369391122379,0.05065596201054368,0.021701074489919113,0.0015896011911948167,0.022837941164634393,43.26129824137792,24.554286324330096,6.901686184554711
fqa_base,FQA,base,223,0.6295424363153447,0.6849571411324399,0.7193247213167532,0.0,0.6849571411324399,0.04077628878425691,0.3582531458179127,0.47767086109055024,0.16407599309153714,0.06868485653346211,0.0142359853515232,0.0051913557889653504,0.045233208579822125,0.03059479254698378,0.5775315117164368,0.44039838157485217,0.4890995260663507,0.43243243243243246,0.0,0.02506137067890056,0.07194454505211477,0.008994325727393457,0.04827156022375146,0.021701074489919113,0.0015896011911948167,0.020191959434987323,39.23699142822649,19.216397992953986,6.8010785142259245
fqa_current,FQA,current,223,0.6295424363153447,0.6849571411324399,0.7193247213167532,0.0,0.6849571411324399,0.04077628878425691,0.3582531458179127,0.47767086109055024,0.16407599309153714,0.06868485653346211,0.014256106885588957,0.00520141655599823,0.04526339088092076,0.03061491408104954,0.5775315117164368,0.4410208527855587,0.4900473933649289,0.432720977204963,0.0,0.02506137067890056,0.0719344842850819,0.008984264960360578,0.04827156022375146,0.021701074489919113,0.0015896011911948167,0.020191959434987323,39.23699142822649,19.216397992953986,6.8010785142259245
fqa_moderate,FQA,moderate,223,0.6295424363153447,0.6849571411324399,0.7192744174815888,0.0,0.6849571411324399,0.040705863415026765,0.3583786455758774,0.4777558082056352,0.1638655462184874,0.06868485653346211,0.014678659100969858,0.0053221457603927725,0.046883174373214216,0.03172159845466618,0.5775315117164368,0.4549423136888057,0.5014218009478673,0.4489835244243183,0.0,0.024679061531651173,0.07072719224113647,0.008964143426294821,0.04815083101935692,0.021701074489919113,0.0015896011911948167,0.02001086562839551,39.23699142822649,19.216397992953986,6.770896213127289
fqa_high,FQA,high,223,0.6295424363153447,0.6849571411324399,0.7192643567145559,0.0,0.6849571411324399,0.04066562034689525,0.3587333003463632,0.4772389905987135,0.1640277090549233,0.06868485653346211,0.014970421344923338,0.0054428749647873155,0.048241377922652824,0.03276791822608556,0.5775315117164368,0.46384039900249374,0.5127962085308057,0.463553750966744,0.0,0.024336995452533303,0.06954002173125678,0.008913839591130427,0.048080405650126765,0.021701074489919113,0.0015896011911948167,0.019759346452573545,39.23699142822649,19.216397992953986,6.770896213127289
combined_base,All,base,223,0.6295424363153447,0.6849571411324399,0.7193347820837861,0.0,0.6849571411324399,0.04119884099963781,0.35604395604395606,0.47863247863247865,0.16532356532356532,0.03144995774477846,0.0,0.0036621191999678055,0.01573503963942211,0.013270151716366856,0.2644446324338042,0.0,0.32941176470588235,0.14141048824593128,0.0,0.0348605577689243,0.09986317356835285,0.009829369391122379,0.05065596201054368,0.021701074489919113,0.0015896011911948167,0.024528150026157994,44.26737494466578,24.554286324330096,6.911746951587589
combined_current,All,current,223,0.6316853796933478,0.6868485653346211,0.720914322507948,0.0,0.6868485653346211,0.04046440500623768,0.3592739930382894,0.47961213326703134,0.16111387369467928,0.07246770493782446,0.014759145237232887,0.005382510362590044,0.04764779266771298,0.03239566984586905,0.6076429897081154,0.4590112640801001,0.5090390104662227,0.4583373657214749,0.0,0.024316873918467544,0.06975129783894723,0.00890377882409755,0.04812064871825828,0.021701074489919113,0.0015896011911948167,0.019890136424000966,38.23091472493863,18.1420415132597,6.750774679061532
combined_moderate,All,moderate,223,0.7173829932794076,0.7463479415670651,0.7651515151515151,0.0,0.7463479415670651,0.019548070344883095,0.5054040144107051,0.40916109109624293,0.08543489449305199,0.11799267576160007,0.01814962372731297,0.007585818342790454,0.05920761398849048,0.05001207292043945,0.8694491808139966,0.6723816623183004,0.7709611451942741,0.6939858490566038,0.0,0.017405126966879955,0.04387500503038352,0.00747514990542879,0.04737615195782526,0.021721196023984868,0.0016298442593263311,0.016056984184474224,22.13368747233289,9.505000686472272,6.046520986760031
combined_high,All,high,223,0.8501348142782406,0.7663889894965592,0.7663889894965592,0.0,0.7663889894965592,0.0,,,,0.15331602881403678,0.015674675037224837,0.007585818342790454,0.048392289428146,0.054046440500623766,0.9510109835247129,0.7088262056414922,0.8415178571428571,0.7379564283522553,0.0,0.013944223107569721,0.0317115376876333,0.006740713912028653,0.04873435550726388,0.021540102217393053,0.0014990542878989095,0.014618294498772586,17.103303955893598,10.399442589877182,5.55354340214898
mentors_base,MENTORS,base,224,0.6294217071109501,0.6846553181214535,0.7215079077628879,0.0,0.6846553181214535,0.043834761962252,0.3552903373881111,0.47899931145283453,0.1657103511590544,0.03143989697774558,0.0,0.0035916938307376553,0.01644935409875649,0.013360698619662763,0.26406962988000676,0.0,0.34626576139670223,0.14142375227056483,0.0,0.029739627349189102,0.10682522435510483,0.00862207734717695,0.057839349672018994,0.02171113525695199,0.0016399050263592096,0.025252525252525252,48.291681757817216,29.887069572828388,7.283995331804097
mentors_current,MENTORS,current,224,0.6294217071109501,0.6846553181214535,0.7214777254617892,0.0,0.6846553181214535,0.04342227051390398,0.35704355885078776,0.4784522706209453,0.1645041705282669,0.07170308664332568,0.0143768360899835,0.005120930419735201,0.04983097911384764,0.03217433297114572,0.6022477606895387,0.5089031339031339,0.5204498977505112,0.45578356492132144,0.0,0.020614511650368223,0.08035534629160127,0.007253813030705461,0.05548513018632541,0.02171113525695199,0.0016399050263592096,0.02134894764376836,42.25522153809006,23.482697521508015,7.143144593343797
mentors_moderate,MENTORS,moderate,224,0.6294217071109501,0.6846553181214535,0.7213469354903618,0.0,0.6846553181214535,0.04312044750291762,0.35814279048063463,0.4773681754549697,0.16448903406439572,0.09135176465853757,0.017545977705340256,0.0061873717252203305,0.061109098957704534,0.040806471085355546,0.7672807165793476,0.6314265025343954,0.6446540880503144,0.5769924954877933,0.0,0.018129502193247212,0.0710390760191557,0.006388587065877902,0.05447905348303755,0.02171113525695199,0.0016399050263592096,0.019870014889935207,41.2491448348022,22.41530217962129,7.112962292245161
mentors_high,MENTORS,high,224,0.6294217071109501,0.6846553181214535,0.7211960239848686,0.0,0.6846553181214535,0.042748199122701114,0.358672628853848,0.4765827253471405,0.16474464579901152,0.1110205642078152,0.02091633466135458,0.007434906837297276,0.0710390760191557,0.04884502394462554,0.9324826770322798,0.7665929203539823,0.7929184549356223,0.6918479325886733,0.0,0.015926194213046804,0.061763048814841646,0.005493178799951709,0.05338242987645378,0.02171113525695199,0.0016399050263592096,0.018481629039397963,38.23091472493863,19.213116153961103,7.062658457080768
prompts_base,PROMPTS,base,224,0.6294217071109501,0.6846553181214535,0.7215079077628879,0.0,0.6846553181214535,0.043834761962252,0.3552903373881111,0.47899931145283453,0.1657103511590544,0.03143989697774558,0.0,0.0035916938307376553,0.01644935409875649,0.013360698619662763,0.26406962988000676,0.0,0.34626576139670223,0.14142375227056483,0.0,0.029739627349189102,0.10682522435510483,0.00862207734717695,0.057839349672018994,0.02171113525695199,0.0016399050263592096,0.025252525252525252,48.291681757817216,29.887069572828388,7.283995331804097
prompts_current,PROMPTS,current,224,0.6313533743812628,0.6864260131192402,0.7229969012837538,0.0,0.6864260131192402,0.04356312125236428,0.35473441108545034,0.48013856812933026,0.1651270207852194,0.03153044388104149,0.0,0.003601754597770534,0.01643929333172361,0.013380820153728521,0.26420502444781657,0.0,0.3472356935014549,0.14144736842105263,0.0,0.029719505815123344,0.10670449515071029,0.00862207734717695,0.057889653507183385,0.02171113525695199,0.0016399050263592096,0.02527264678659101,48.291681757817216,29.878139872377663,7.273934564771218
prompts_moderate,PROMPTS,moderate,224,0.6865064992555032,0.7248682039518692,0.7565696808724697,0.0,0.7248682039518692,0.0368827719425329,0.34833606110201853,0.48417894162575015,0.16748499727223132,0.034468187854642035,0.0,0.0034910861604088694,0.016821602478972998,0.013622278562517607,0.26591120769947224,0.0,0.33754863813229574,0.14687280393534785,0.0,0.029860356553583645,0.10499416475512093,0.00862207734717695,0.0583524487906958,0.02186204676244517,0.0016902088615236026,0.024467785423960723,43.26129824137792,28.61594225938762,6.921807718620467
prompts_high,PROMPTS,high,224,0.8392390035816331,0.7663889894965592,0.7663889894965592,0.0,0.7663889894965592,0.0,,,,0.042164674634794154,0.0,0.0033502354219485694,0.014960360577890458,0.01416555998229305,0.26446646052880673,0.0,0.33979591836734696,0.14679170779861797,0.0,0.025997022012958268,0.09329349269588313,0.00797818825707272,0.06240693790494587,0.021821803694313656,0.0014688719868002737,0.023683045595396194,30.18230109863576,20.826174335905364,6.167250191154574
prompts_high_shift,PROMPTS,high_shift,224,0.8862630286933075,0.8463620266409111,0.8527606744738219,0.0,0.8463620266409111,0.009779065555957986,0.3220164609053498,0.5020576131687243,0.17592592592592593,0.04457925872268502,0.0,0.003209384683488269,0.015976498048211194,0.014195742283391686,0.2646637199856648,0.0,0.33473242392444913,0.15567101264581903,0.0,0.02711376715360779,0.0938267133486257,0.007958066723006961,0.05955974083464123,0.021449555314097146,0.0015292365889975452,0.024508028492092236,26.157994285484325,16.568292430361396,5.845305646102459
blood_base,Blood tracking,base,224,0.6294217071109501,0.6846553181214535,0.7215079077628879,0.0,0.6846553181214535,0.043834761962252,0.3552903373881111,0.47899931145283453,0.1657103511590544,0.03143989697774558,0.0,0.0035916938307376553,0.01644935409875649,0.013360698619662763,0.26406962988000676,0.0,0.34626576139670223,0.14142375227056483,0.0,0.029739627349189102,0.10682522435510483,0.00862207734717695,0.057839349672018994,0.02171113525695199,0.0016399050263592096,0.025252525252525252,48.291681757817216,29.887069572828388,7.283995331804097
blood_current,Blood tracking,current,224,0.6294217071109501,0.6846553181214535,0.7215079077628879,0.0,0.6846553181214535,0.043834761962252,0.3552903373881111,0.47899931145283453,0.1657103511590544,0.03143989697774558,0.0,0.0035916938307376553,0.01644935409875649,0.013360698619662763,0.26406962988000676,0.0,0.34626576139670223,0.14142375227056483,0.0,0.029739627349189102,0.10682522435510483,0.00862207734717695,0.057839349672018994,0.02171113525695199,0.0016399050263592096,0.025252525252525252,46.2795283512415,27.752278889054928,7.283995331804097
blood_moderate,Blood tracking,moderate,224,0.6294217071109501,0.6846553181214535,0.7215079077628879,0.0,0.6846553181214535,0.043834761962252,0.3552903373881111,0.47899931145283453,0.1657103511590544,0.03143989697774558,0.0,0.0035916938307376553,0.01644935409875649,0.013360698619662763,0.26406962988000676,0.0,0.34626576139670223,0.14142375227056483,0.0,0.029739627349189102,0.10682522435510483,0.00862207734717695,0.057839349672018994,0.02171113525695199,0.0016399050263592096,0.025252525252525252,45.273451647953635,26.684883547168198,7.283995331804097
blood_high,Blood tracking,high,224,0.6294217071109501,0.6846553181214535,0.7215079077628879,0.0,0.6846553181214535,0.043834761962252,0.3552903373881111,0.47899931145283453,0.1657103511590544,0.03143989697774558,0.0,0.0035916938307376553,0.01644935409875649,0.013360698619662763,0.26406962988000676,0.0,0.34626576139670223,0.14142375227056483,0.0,0.029739627349189102,0.10682522435510483,0.00862207734717695,0.057839349672018994,0.02171113525695199,0.0016399050263592096,0.025252525252525252,42.25522153809006,23.482697521508015,7.283995331804097
referral_base,Transfer & EMT,base,224,0.6294217071109501,0.6846553181214535,0.7215079077628879,0.0,0.6846553181214535,0.043834761962252,0.3552903373881111,0.47899931145283453,0.1657103511590544,0.03143989697774558,0.0,0.0035916938307376553,0.01644935409875649,0.013360698619662763,0.26406962988000676,0.0,0.34626576139670223,0.14142375227056483,0.0,0.029739627349189102,0.10682522435510483,0.00862207734717695,0.057839349672018994,0.02171113525695199,0.0016399050263592096,0.025252525252525252,48.291681757817216,29.887069572828388,7.283995331804097
referral_current,Transfer & EMT,current,224,0.6294217071109501,0.6846553181214535,0.7215079077628879,0.0,0.6846553181214535,0.043834761962252,0.3552903373881111,0.47899931145283453,0.1657103511590544,0.03143989697774558,0.0,0.0035916938307376553,0.01644935409875649,0.013360698619662763,0.26406962988000676,0.0,0.34626576139670223,0.14142375227056483,0.0,0.029739627349189102,0.10682522435510483,0.00862207734717695,0.057839349672018994,0.02171113525695199,0.0016399050263592096,0.025252525252525252,48.291681757817216,29.887069572828388,7.283995331804097
referral_moderate,Transfer & EMT,moderate,224,0.6294217071109501,0.6846553181214535,0.7215079077628879,0.0,0.6846553181214535,0.043834761962252,0.4425063116823502,0.44732614184071606,0.11016754647693366,0.03143989697774558,0.0,0.0035916938307376553,0.01644935409875649,0.013360698619662763,0.26406962988000676,0.0,0.34626576139670223,0.14142375227056483,0.0,0.029739627349189102,0.10682522435510483,0.00862207734717695,0.057839349672018994,0.02171113525695199,0.0016399050263592096,0.025252525252525252,47.285605054529356,28.819674230941658,7.283995331804097
referral_high,Transfer & EMT,high,224,0.6294217071109501,0.6846553181214535,0.7215079077628879,0.0,0.6846553181214535,0.043834761962252,0.5207711728253386,0.4133578150103282,0.06587101216433326,0.03143989697774558,0.0,0.0035916938307376553,0.01644935409875649,0.013360698619662763,0.26406962988000676,0.0,0.34626576139670223,0.14142375227056483,0.0,0.029739627349189102,0.10682522435510483,0.00862207734717695,0.057839349672018994,0.02171113525695199,0.0016399050263592096,0.025252525252525252,46.2795283512415,27.752278889054928,7.283995331804097
pulse_base,PULSE,base,224,0.6294217071109501,0.6846553181214535,0.7215079077628879,0.0,0.6846553181214535,0.043834761962252,0.3552903373881111,0.47899931145283453,0.1657103511590544,0.03143989697774558,0.0,0.0035916938307376553,0.01644935409875649,0.013360698619662763,0.26406962988000676,0.0,0.34626576139670223,0.14142375227056483,0.0,0.029739627349189102,0.10682522435510483,0.00862207734717695,0.057839349672018994,0.02171113525695199,0.0016399050263592096,0.025252525252525252,48.291681757817216,29.887069572828388,7.283995331804097
pulse_current,PULSE,current,224,0.6294217071109501,0.6846553181214535,0.721497846995855,0.0,0.6846553181214535,0.043804579661153364,0.3553054662379421,0.4788700045934773,0.16582452916858062,0.03143989697774558,0.0,0.0035916938307376553,0.01635880719546058,0.013360698619662763,0.26406962988000676,0.0,0.34626576139670223,0.14171169600836675,0.0,0.029739627349189102,0.10600024145840879,0.00862207734717695,0.057839349672018994,0.02171113525695199,0.0016399050263592096,0.025172039116262222,48.291681757817216,29.887069572828388,7.283995331804097
pulse_moderate,PULSE,moderate,224,0.6294217071109501,0.6846553181214535,0.721487786228822,0.0,0.6846553181214535,0.04353293895126564,0.35659810492257915,0.4776981742546799,0.16570372082274093,0.03143989697774558,0.0,0.0035916938307376553,0.015201818986679544,0.013360698619662763,0.26406962988000676,0.0,0.34626576139670223,0.14284363773870296,0.0,0.029739627349189102,0.09771016942331684,0.00862207734717695,0.057839349672018994,0.02171113525695199,0.0016399050263592096,0.02428669161736891,47.285605054529356,29.887069572828388,7.273934564771218
pulse_high,PULSE,high,224,0.6294217071109501,0.6846553181214535,0.7214777254617892,0.0,0.6846553181214535,0.043331723610608074,0.3577896447643371,0.4771302530763873,0.1650801021592756,0.03143989697774558,0.0,0.0035916938307376553,0.014004587709766992,0.013360698619662763,0.26406962988000676,0.0,0.34626576139670223,0.14341644343704923,0.0,0.029739627349189102,0.08976216346734275,0.00862207734717695,0.057839349672018994,0.02171113525695199,0.0016399050263592096,0.02350195178880438,47.285605054529356,29.887069572828388,7.273934564771218
fqa_base,FQA,base,224,0.6294217071109501,0.6846553181214535,0.721497846995855,0.0,0.6846553181214535,0.043442392047969736,0.3571097730430755,0.4779990736452061,0.16489115331171839,0.06867479576642924,0.013813433136142299,0.004970018914242022,0.047496881162219805,0.03073564328544408,0.5768125739394964,0.4868794326241135,0.5035677879714577,0.43547643206346276,0.0,0.021107489234979276,0.08116020765423156,0.007324238399935611,0.055625980924785705,0.02171113525695199,0.0016399050263592096,0.021469676848162905,42.25522153809006,23.482697521508015,7.163266127409554
fqa_current,FQA,current,224,0.6294217071109501,0.6846553181214535,0.721497846995855,0.0,0.6846553181214535,0.043442392047969736,0.3571097730430755,0.4779990736452061,0.16489115331171839,0.06867479576642924,0.013833554670208057,0.004970018914242022,0.04753712423035132,0.03075576481950984,0.5768125739394964,0.4877616175948918,0.5035677879714577,0.43588560885608857,0.0,0.02107730693388064,0.08108978228500141,0.007324238399935611,0.055615920157752824,0.02171113525695199,0.0016399050263592096,0.021469676848162905,42.25522153809006,23.482697521508015,7.163266127409554
fqa_moderate,FQA,moderate,224,0.6294217071109501,0.6846553181214535,0.7214676646947563,0.0,0.6846553181214535,0.043402148979838226,0.3569772832637923,0.47821047751506723,0.16481223922114047,0.06867479576642924,0.014276228419654714,0.005080687351603687,0.04919715079077629,0.03186244919312648,0.5768125739394964,0.5046230440967283,0.5147808358817533,0.45189908511228166,0.0,0.020735240854762766,0.08019437401907521,0.007283995331804097,0.05551531248742404,0.02171113525695199,0.0016399050263592096,0.021318765342669726,42.25522153809006,23.482697521508015,7.143144593343797
fqa_high,FQA,high,224,0.6294217071109501,0.6846553181214535,0.7214475431606906,0.0,0.6846553181214535,0.04336190591170671,0.35730858468677495,0.4777262180974478,0.16496519721577727,0.06867479576642924,0.014618294498772586,0.0051913557889653504,0.05068614431164232,0.03289870819751298,0.5768125739394964,0.5167140825035562,0.5259938837920489,0.46682727946627134,0.0,0.020403235542677773,0.07913799348062296,0.007203509195541068,0.05545494788522677,0.02171113525695199,0.0016399050263592096,0.021218157672340938,42.25522153809006,23.482697521508015,7.143144593343797
combined_base,All,base,224,0.6294217071109501,0.6846553181214535,0.7215079077628879,0.0,0.6846553181214535,0.043834761962252,0.3552903373881111,0.47899931145283453,0.1657103511590544,0.03143989697774558,0.0,0.0035916938307376553,0.01644935409875649,0.013360698619662763,0.26406962988000676,0.0,0.34626576139670223,0.14142375227056483,0.0,0.029739627349189102,0.10682522435510483,0.00862207734717695,0.057839349672018994,0.02171113525695199,0.0016399050263592096,0.025252525252525252,48.291681757817216,29.887069572828388,7.283995331804097
combined_current,All,current,224,0.6315344681878546,0.6865366815566019,0.7230472051189183,0.0,0.6865366815566019,0.04310032596885187,0.35784313725490197,0.4803921568627451,0.16176470588235295,0.07243752263672583,0.014477443760312287,0.005130991186768079,0.05002213368747233,0.03254658135136223,0.6067756615540199,0.5128296507483963,0.5220061412487206,0.4614385150812065,0.0,0.02050384321300656,0.07922854038391887,0.007213569962573946,0.05550525172039116,0.02171113525695199,0.0016399050263592096,0.021258400740472454,40.24306813151435,21.340389888923273,7.123023059278039
combined_moderate,All,moderate,224,0.7173628717453419,0.7461567869934403,0.7654130950943699,0.0,0.7461567869934403,0.01978952875367218,0.4961870869344179,0.4199288256227758,0.0838840874428063,0.11812346573302748,0.019165761197633708,0.00719344842850819,0.06078715441265242,0.05006237675560385,0.8693173404412854,0.7505910165484634,0.7883131201764058,0.6936854190585534,0.0,0.01495029981085758,0.05311078916656606,0.005473057265885951,0.055153124874240414,0.021660831421787596,0.0016298442593263311,0.016962453217433296,21.12761076904503,7.392934466916618,6.418769366976538
combined_high,All,high,224,0.8501951788804378,0.7663889894965592,0.7663889894965592,0.0,0.7663889894965592,0.0,,,,0.15372852026238482,0.017757253813030706,0.007062658457080768,0.04912672542154614,0.054428749647873156,0.9512544356595903,0.7789055604589585,0.8387096774193549,0.7381708238851096,0.0,0.013008571773512013,0.03858304157108938,0.004809046641715964,0.056642118395106446,0.021821803694313656,0.0014688719868002737,0.015926194213046804,20.121534065757174,11.43926788685524,5.955974083464123
mentors_base,MENTORS,base,225,0.6289186687593062,0.6843333735764014,0.7187110145277475,0.0,0.6843333735764014,0.04457925872268502,0.3455201986007673,0.4822839088241932,0.1721958925750395,0.028009175419533985,0.0,0.0034508430922773553,0.016348746428427704,0.012575958791098234,0.26346172045045896,0.0,0.3402777777777778,0.1422070534698521,0.0,0.02877379371403276,0.10273049217272325,0.008632138114209827,0.05744697975773673,0.021932472131675318,0.0016097227252605739,0.03628918668759306,61.37067890055938,36.29144162414875,7.173326894442432
mentors_current,MENTORS,current,225,0.6289186687593062,0.6843333735764014,0.7186808322266489,0.0,0.6843333735764014,0.04409634190510685,0.34747889573351587,0.48026465890942277,0.17225644535706136,0.06440903054448871,0.013672582397682,0.005000201215340658,0.0499919513863737,0.030494184876654996,0.6058483959496546,0.4994487320837927,0.5128998968008256,0.456751539663572,0.0,0.021097428467946395,0.0723067326652984,0.007424846070264397,0.05552537325445692,0.021932472131675318,0.0016097227252605739,0.030423759507424847,53.32206527425651,27.752278889054928,7.072719224113647
mentors_moderate,MENTORS,moderate,225,0.6289186687593062,0.6843333735764014,0.7185299207211557,0.0,0.6843333735764014,0.043764336593021855,0.3487356321839081,0.4788505747126437,0.1724137931034483,0.08191476518169745,0.016751177109742846,0.006167250191154574,0.06198438568956497,0.038693710008451045,0.7705119712311914,0.6242969628796401,0.6466244725738397,0.5805691669807764,0.0,0.018914242021811745,0.06067648597529075,0.006740713912028653,0.05481105879512254,0.021932472131675318,0.0016097227252605739,0.028431727634914885,48.291681757817216,23.482697521508015,7.032476155982132
mentors_high,MENTORS,high,225,0.6289186687593062,0.6843333735764014,0.7184494345848927,0.0,0.6843333735764014,0.04343233128093686,0.3488533703961084,0.4790363678480426,0.17211026175584898,0.09926958831341301,0.02001086562839551,0.007324238399935611,0.07259849490925188,0.04641031832266892,0.933756032932715,0.7580030487804879,0.7861771058315334,0.6976024748646559,0.0,0.01695239245040042,0.0506459012435108,0.005865427180168216,0.053986075898426494,0.021932472131675318,0.0016097227252605739,0.02640951346130629,48.291681757817216,23.482697521508015,7.0123546219163755
prompts_base,PROMPTS,base,225,0.6289186687593062,0.6843333735764014,0.7187110145277475,0.0,0.6843333735764014,0.04457925872268502,0.3455201986007673,0.4822839088241932,0.1721958925750395,0.028009175419533985,0.0,0.0034508430922773553,0.016348746428427704,0.012575958791098234,0.26346172045045896,0.0,0.3402777777777778,0.1422070534698521,0.0,0.02877379371403276,0.10273049217272325,0.008632138114209827,0.05744697975773673,0.021932472131675318,0.0016097227252605739,0.03628918668759306,61.37067890055938,36.29144162414875,7.173326894442432
prompts_current,PROMPTS,current,225,0.6308704575636847,0.686104068574188,0.7202201295826793,0.0,0.686104068574188,0.04431767877983017,0.34506242905788875,0.48354143019296253,0.1713961407491487,0.028099722322829892,0.0,0.0034508430922773553,0.016338685661394826,0.01259608032516399,0.2636895770392749,0.0,0.34061569016881826,0.14221910850337158,0.0,0.028763732946999878,0.10262988450239446,0.00862207734717695,0.05749728359290112,0.021932472131675318,0.0016097227252605739,0.03629924745462594,61.37067890055938,36.280211278877445,7.173326894442432
prompts_moderate,PROMPTS,moderate,225,0.686194615477484,0.7247072316793433,0.754225522153809,0.0,0.7247072316793433,0.03723489878868365,0.33504458254525804,0.49013780059443396,0.17481761686030803,0.03073564328544408,0.0,0.0034407823252444766,0.01643929333172361,0.012867721035051712,0.26539831465554686,0.0,0.33827893175074186,0.14586680949830388,0.0,0.02867318604370397,0.10051712342548996,0.00862207734717695,0.05781922813795324,0.02200289750090547,0.0016902088615236026,0.035051712342548995,49.297758461105076,31.795154418466627,6.901686184554711
prompts_high,PROMPTS,high,225,0.8388265121332851,0.7663889894965592,0.7663889894965592,0.0,0.7663889894965592,0.0,,,,0.03757696486780152,0.0,0.0032194454505211478,0.014256106885588957,0.013411002454827157,0.263771186440678,0.0,0.34371643394199786,0.1451100870455709,0.0,0.025151917582196467,0.08782043542999718,0.007716608314217876,0.062064871825828004,0.02178156062618214,0.0014990542878989095,0.033784055696406294,34.206607911787195,21.86679995001874,6.177310958187452
prompts_high_shift,PROMPTS,high_shift,225,0.8859109018471568,0.846452573544207,0.8523783653265725,0.0,0.846452573544207,0.01025192160650328,0.3169774288518155,0.4916584887144259,0.19136408243375858,0.03956899674031148,0.0,0.0031288985472252406,0.015362791259205602,0.013652460863616243,0.26297138272265314,0.0,0.34100877192982454,0.1564068421591724,0.0,0.026640911103062496,0.08705581713549841,0.0076361221779548474,0.05883536560827397,0.02178156062618214,0.0016197834922934524,0.033643204957945996,33.200531208499335,21.745208288030817,5.865427180168216
blood_base,Blood tracking,base,225,0.6289186687593062,0.6843333735764014,0.7187110145277475,0.0,0.6843333735764014,0.04457925872268502,0.3455201986007673,0.4822839088241932,0.1721958925750395,0.028009175419533985,0.0,0.0034508430922773553,0.016348746428427704,0.012575958791098234,0.26346172045045896,0.0,0.3402777777777778,0.1422070534698521,0.0,0.02877379371403276,0.10273049217272325,0.008632138114209827,0.05744697975773673,0.021932472131675318,0.0016097227252605739,0.03628918668759306,61.37067890055938,36.29144162414875,7.173326894442432
blood_current,Blood tracking,current,225,0.6289186687593062,0.6843333735764014,0.7187110145277475,0.0,0.6843333735764014,0.04457925872268502,0.3455201986007673,0.4822839088241932,0.1721958925750395,0.028009175419533985,0.0,0.0034508430922773553,0.016348746428427704,0.012575958791098234,0.26346172045045896,0.0,0.3402777777777778,0.1422070534698521,0.0,0.02877379371403276,0.10273049217272325,0.008632138114209827,0.05744697975773673,0.021932472131675318,0.0016097227252605739,0.03628918668759306,60.36460219727152,35.22404628226202,7.173326894442432
blood_moderate,Blood tracking,moderate,225,0.6289186687593062,0.6843333735764014,0.7187110145277475,0.0,0.6843333735764014,0.04457925872268502,0.3455201986007673,0.4822839088241932,0.1721958925750395,0.028009175419533985,0.0,0.0034508430922773553,0.016348746428427704,0.012575958791098234,0.26346172045045896,0.0,0.3402777777777778,0.1422070534698521,0.0,0.02877379371403276,0.10273049217272325,0.008632138114209827,0.05744697975773673,0.021932472131675318,0.0016097227252605739,0.03628918668759306,56.34029538412008,30.95446491471511,7.173326894442432
blood_high,Blood tracking,high,225,0.6289186687593062,0.6843333735764014,0.7187110145277475,0.0,0.6843333735764014,0.04457925872268502,0.3455201986007673,0.4822839088241932,0.1721958925750395,0.028009175419533985,0.0,0.0034508430922773553,0.016348746428427704,0.012575958791098234,0.26346172045045896,0.0,0.3402777777777778,0.1422070534698521,0.0,0.02877379371403276,0.10273049217272325,0.008632138114209827,0.05744697975773673,0.021932472131675318,0.0016097227252605739,0.03628918668759306,52.31598857096865,26.684883547168198,7.173326894442432
referral_base,Transfer & EMT,base,225,0.6289186687593062,0.6843333735764014,0.7187110145277475,0.0,0.6843333735764014,0.04457925872268502,0.3455201986007673,0.4822839088241932,0.1721958925750395,0.028009175419533985,0.0,0.0034508430922773553,0.016348746428427704,0.012575958791098234,0.26346172045045896,0.0,0.3402777777777778,0.1422070534698521,0.0,0.02877379371403276,0.10273049217272325,0.008632138114209827,0.05744697975773673,0.021932472131675318,0.0016097227252605739,0.03628918668759306,61.37067890055938,36.29144162414875,7.173326894442432
referral_current,Transfer & EMT,current,225,0.6289186687593062,0.6843333735764014,0.7187110145277475,0.0,0.6843333735764014,0.04457925872268502,0.3455201986007673,0.4822839088241932,0.1721958925750395,0.028009175419533985,0.0,0.0034508430922773553,0.016348746428427704,0.012575958791098234,0.26346172045045896,0.0,0.3402777777777778,0.1422070534698521,0.0,0.02877379371403276,0.10273049217272325,0.008632138114209827,0.05744697975773673,0.021932472131675318,0.0016097227252605739,0.03628918668759306,61.37067890055938,36.29144162414875,7.173326894442432
referral_moderate,Transfer & EMT,moderate,225,0.6289186687593062,0.6843333735764014,0.7187110145277475,0.0,0.6843333735764014,0.04457925872268502,0.4333107650643196,0.45091401489505756,0.11577522004062288,0.028009175419533985,0.0,0.0034508430922773553,0.016348746428427704,0.012575958791098234,0.26346172045045896,0.0,0.3402777777777778,0.1422070534698521,0.0,0.02877379371403276,0.10273049217272325,0.008632138114209827,0.05744697975773673,0.021932472131675318,0.0016097227252605739,0.03628918668759306,58.352448790695796,33.08925559848857,7.173326894442432
referral_high,Transfer & EMT,high,225,0.6289186687593062,0.6843333735764014,0.7187110145277475,0.0,0.6843333735764014,0.04457925872268502,0.5111712931618145,0.41931843827578424,0.06951026856240126,0.028009175419533985,0.0,0.0034508430922773553,0.016348746428427704,0.012575958791098234,0.26346172045045896,0.0,0.3402777777777778,0.1422070534698521,0.0,0.02877379371403276,0.10273049217272325,0.008632138114209827,0.05744697975773673,0.021932472131675318,0.0016097227252605739,0.03628918668759306,58.352448790695796,33.08925559848857,7.173326894442432
pulse_base,PULSE,base,225,0.6289186687593062,0.6843333735764014,0.7187110145277475,0.0,0.6843333735764014,0.04457925872268502,0.3455201986007673,0.4822839088241932,0.1721958925750395,0.028009175419533985,0.0,0.0034508430922773553,0.016348746428427704,0.012575958791098234,0.26346172045045896,0.0,0.3402777777777778,0.1422070534698521,0.0,0.02877379371403276,0.10273049217272325,0.008632138114209827,0.05744697975773673,0.021932472131675318,0.0016097227252605739,0.03628918668759306,61.37067890055938,36.29144162414875,7.173326894442432
pulse_current,PULSE,current,225,0.6289186687593062,0.6843333735764014,0.7187009537607147,0.0,0.6843333735764014,0.04455913718861926,0.3454504402799729,0.482275908783021,0.17227365093700608,0.028009175419533985,0.0,0.0034508430922773553,0.01622801722403316,0.012575958791098234,0.26346172045045896,0.0,0.3402777777777778,0.14221477693528478,0.0,0.02877379371403276,0.10192563081009297,0.008632138114209827,0.05744697975773673,0.021932472131675318,0.0016097227252605739,0.03622882208539579,61.37067890055938,36.29144162414875,7.173326894442432
pulse_moderate,PULSE,moderate,225,0.6289186687593062,0.6843333735764014,0.7186908929936818,0.0,0.6843333735764014,0.04421707110950139,0.34675767918088735,0.481683731513083,0.17155858930602957,0.028009175419533985,0.0,0.0034508430922773553,0.015071029015252122,0.012575958791098234,0.26346172045045896,0.0,0.3402777777777778,0.143184859491493,0.0,0.02877379371403276,0.09399774638818463,0.008632138114209827,0.05744697975773673,0.021932472131675318,0.0016097227252605739,0.03517244154694354,60.36460219727152,36.29144162414875,7.173326894442432
pulse_high,PULSE,high,225,0.6289186687593062,0.6843333735764014,0.7186808322266489,0.0,0.6843333735764014,0.04392530886554791,0.34814475492441593,0.48076042143838754,0.17109482363719652,0.028009175419533985,0.0,0.0034508430922773553,0.0139542838746026,0.012575958791098234,0.26346172045045896,0.0,0.3402777777777778,0.14464490562102408,0.0,0.02877379371403276,0.08629119884099964,0.008632138114209827,0.05744697975773673,0.021932472131675318,0.0016097227252605739,0.03403557487222826,59.358525493983656,36.29144162414875,7.173326894442432
fqa_base,FQA,base,225,0.6289186687593062,0.6843333735764014,0.7187009537607147,0.0,0.6843333735764014,0.044126524206205484,0.34746922024623805,0.4803921568627451,0.17213862289101686,0.06172280574671013,0.013119240210873677,0.0048392289428146,0.047557245764417076,0.0291762243953479,0.5805810542254187,0.4785321100917431,0.49536560247167866,0.435668202764977,0.0,0.021409312245965633,0.07336311320375065,0.007565696808724697,0.055636041691818586,0.021932472131675318,0.0016097227252605739,0.030715521751378327,53.32206527425651,27.752278889054928,7.0928407581794035
fqa_current,FQA,current,225,0.6289186687593062,0.6843333735764014,0.7187009537607147,0.0,0.6843333735764014,0.044126524206205484,0.34746922024623805,0.4803921568627451,0.17213862289101686,0.06172280574671013,0.013139361744939433,0.0048392289428146,0.04759748883254859,0.02919634592941366,0.5805810542254187,0.47926605504587155,0.49536560247167866,0.436077057793345,0.0,0.021399251478932752,0.07330274860155338,0.00754557527465894,0.055636041691818586,0.021932472131675318,0.0016097227252605739,0.030705460984345446,53.32206527425651,27.752278889054928,7.0928407581794035
fqa_moderate,FQA,moderate,225,0.6289186687593062,0.6843333735764014,0.7186808322266489,0.0,0.6843333735764014,0.04408628113807397,0.3475581926061159,0.48014605203103605,0.17229575536284802,0.06172280574671013,0.013541792426254577,0.004939836613143386,0.04926757616000644,0.030212483399734397,0.5805810542254187,0.49448934606906686,0.505664263645726,0.45242054693274203,0.0,0.021177914604209425,0.0720753350235422,0.007495271439494547,0.05554549478852268,0.021932472131675318,0.0016097227252605739,0.0304438810414906,53.32206527425651,27.752278889054928,7.072719224113647
fqa_high,FQA,high,225,0.6289186687593062,0.6843333735764014,0.7186607106925832,0.0,0.6843333735764014,0.04406615960400821,0.34748858447488584,0.480365296803653,0.17214611872146118,0.06172280574671013,0.013903980039438206,0.005060565817537929,0.05068614431164232,0.031208499335989376,0.5805810542254187,0.5084621044885945,0.518022657054583,0.4667407819158792,0.0,0.020956577729486097,0.07083786067849814,0.007424846070264397,0.055475069419292526,0.021932472131675318,0.0016097227252605739,0.030262787234898787,53.32206527425651,27.752278889054928,7.072719224113647
combined_base,All,base,225,0.6289186687593062,0.6843333735764014,0.7187110145277475,0.0,0.6843333735764014,0.04457925872268502,0.3455201986007673,0.4822839088241932,0.1721958925750395,0.028009175419533985,0.0,0.0034508430922773553,0.016348746428427704,0.012575958791098234,0.26346172045045896,0.0,0.3402777777777778,0.1422070534698521,0.0,0.02877379371403276,0.10273049217272325,0.008632138114209827,0.05744697975773673,0.021932472131675318,0.0016097227252605739,0.03628918668759306,61.37067890055938,36.29144162414875,7.173326894442432
combined_current,All,current,225,0.6310616121373094,0.6862147370115498,0.7202704334178438,0.0,0.6862147370115498,0.04378445812708761,0.3485753676470588,0.4820772058823529,0.16934742647058823,0.06503279810052719,0.013753068533945027,0.005000201215340658,0.05010261982373536,0.03083625095577287,0.6100415251038127,0.5029433406916851,0.5144927536231884,0.4617524339360223,0.0,0.02106724616684776,0.07109944062135297,0.007384603002132882,0.0555354340214898,0.021932472131675318,0.0016097227252605739,0.03032315183709606,53.32206527425651,27.742210840802393,7.062658457080768
combined_moderate,All,moderate,225,0.716930258762928,0.7459354501187171,0.7650609682482192,0.0,0.7459354501187171,0.020030987162461267,0.49171270718232046,0.4193872425916625,0.08890005022601707,0.10578896535071834,0.018541993641595235,0.007153205360376675,0.06179323111594028,0.04761761036661435,0.8720351633770111,0.7419484702093397,0.7821782178217822,0.6987485779294653,0.0,0.015986558815244075,0.04310032596885187,0.005875487947201095,0.05550525172039116,0.021912350597609563,0.0016700873274578453,0.024548271560223753,28.17014769206004,13.730315480402615,6.438890901042296
combined_high,All,high,225,0.8498128697331885,0.7663889894965592,0.7663889894965592,0.0,0.7663889894965592,0.0,,,,0.13747032073725302,0.01707312165479496,0.006951990019719103,0.04925751539297356,0.05185319328745624,0.9519297756722864,0.7717144156434743,0.8457772337821298,0.7412566237698713,0.0,0.013964344641635477,0.030202422632701516,0.0050706265845708075,0.05753752666103264,0.02178156062618214,0.0014990542878989095,0.0233510402833112,24.145840878908608,12.479201331114808,5.986156384562759
mentors_base,MENTORS,base,226,0.628526298845024,0.6838202744577246,0.7205621956617972,0.0,0.6838202744577246,0.045816733067729085,0.3515590689503733,0.4780412823891085,0.17039964866051824,0.028240573061290193,0.0,0.003601754597770534,0.016499657933920883,0.012696687995492777,0.2649863117152837,0.0,0.34456207892204044,0.13895949839010338,0.0,0.02382389633385649,0.10832427864300374,0.008803171153768764,0.05859390719948489,0.02199283673387259,0.0016499657933920881,0.03165117308543603,49.297758461105076,27.75761199128838,6.710531610930017
mentors_current,MENTORS,current,226,0.628526298845024,0.6838202744577246,0.7205521348947643,0.0,0.6838202744577246,0.04531369471608515,0.3530195381882771,0.47735346358792186,0.16962699822380106,0.06497243349832992,0.01189182663286249,0.005171234254899594,0.050666022777576564,0.03059479254698378,0.609647880675918,0.5116883116883116,0.5186680121089808,0.450366660704704,0.0,0.01814962372731297,0.080958992313574,0.007424846070264397,0.05607871544126524,0.02199283673387259,0.0016499657933920881,0.02711376715360779,44.26737494466578,22.419609685271382,6.609923940601232
mentors_moderate,MENTORS,moderate,226,0.628526298845024,0.6838202744577246,0.7204012233892712,0.0,0.6838202744577246,0.04498168940400016,0.3538358309103109,0.4766271527622456,0.16953701632744353,0.08230713509597971,0.014638416032838343,0.006318161696647753,0.0623465733027486,0.038683649241418164,0.7723024638912489,0.636482939632546,0.6460905349794238,0.5696295615405828,0.0,0.01657008330315103,0.07140126363233933,0.006750774679061532,0.05514306410720753,0.02199283673387259,0.0016499657933920881,0.02550404442834722,42.25522153809006,21.352009224067984,6.569680872469717
mentors_high,MENTORS,high,226,0.628526298845024,0.6838202744577246,0.7203106764859752,0.0,0.6838202744577246,0.04462956255784941,0.3545987376014427,0.47587917042380523,0.16952209197475204,0.09957141132439937,0.017737132278964948,0.0075556360416918185,0.07242746186969294,0.046390196788603164,0.9342962333616539,0.7790543526292532,0.7896950578338591,0.6804991019945175,0.0,0.014940239043824702,0.06152159040605256,0.005935852549398366,0.053986075898426494,0.02199283673387259,0.0016499657933920881,0.02407541550967846,40.24306813151435,19.216808301661185,6.519377037305325
prompts_base,PROMPTS,base,226,0.628526298845024,0.6838202744577246,0.7205621956617972,0.0,0.6838202744577246,0.045816733067729085,0.3515590689503733,0.4780412823891085,0.17039964866051824,0.028240573061290193,0.0,0.003601754597770534,0.016499657933920883,0.012696687995492777,0.2649863117152837,0.0,0.34456207892204044,0.13895949839010338,0.0,0.02382389633385649,0.10832427864300374,0.008803171153768764,0.05859390719948489,0.02199283673387259,0.0016499657933920881,0.03165117308543603,49.297758461105076,27.75761199128838,6.710531610930017
prompts_current,PROMPTS,current,226,0.630508269950501,0.6856312125236428,0.722081371483762,0.0,0.6856312125236428,0.0455249708237756,0.35116022099447514,0.47911602209944754,0.16972375690607736,0.028341180731618978,0.0,0.003601754597770534,0.016489597166888005,0.012716809529558533,0.2652792164987287,0.0,0.3448940269749518,0.13902790737127832,0.0,0.023793714032757856,0.10816330637047769,0.008793110386735884,0.05865427180168216,0.02199283673387259,0.0016499657933920881,0.03165117308543603,49.297758461105076,27.749020779747482,6.710531610930017
prompts_moderate,PROMPTS,moderate,226,0.685772063262103,0.7242544971628637,0.7559559740834642,0.0,0.7242544971628637,0.038120246287576966,0.35233570863024544,0.4766429136975455,0.171021377672209,0.031017344762364684,0.0,0.0034910861604088694,0.01672099480864421,0.01280735643285444,0.26704200952793417,0.0,0.33787731256085685,0.1439334892179787,0.0,0.023813835566823614,0.10576884381665258,0.008692502716407098,0.05920761398849048,0.02207332287013562,0.0017103303955893598,0.03081612942170711,42.25522153809006,26.501579494137854,6.338283230713509
prompts_high,PROMPTS,high,226,0.8389573021047124,0.7663889894965592,0.7663889894965592,0.0,0.7663889894965592,0.0,,,,0.03796933478208379,0.0,0.0032798100527184192,0.014537808362509558,0.013431123988892913,0.2655315556180961,0.0,0.3381742738589212,0.1420566260322454,0.0,0.021087367700913517,0.09314258119038996,0.007927884421908326,0.06294015855768843,0.02179162139321502,0.0015191758219646667,0.029840235019517887,31.188377801923615,20.82921088534561,5.634029538412008
prompts_high_shift,PROMPTS,high_shift,226,0.8863435148295706,0.8461608113002536,0.8526399452694273,0.0,0.8461608113002536,0.010272043140569037,0.31831537708129287,0.48677766895200786,0.19490695396669933,0.039951305887560865,0.0,0.0031691416153567546,0.01593625498007968,0.01366252163064912,0.26445125199786895,0.0,0.34276387377584333,0.1561052527840741,0.0,0.02241538894925349,0.0925087528673186,0.007746790615316512,0.059529558533542595,0.021952593665741076,0.0015896011911948167,0.029880478087649404,30.18230109863576,20.714655618850337,5.462996498853073
blood_base,Blood tracking,base,226,0.628526298845024,0.6838202744577246,0.7205621956617972,0.0,0.6838202744577246,0.045816733067729085,0.3515590689503733,0.4780412823891085,0.17039964866051824,0.028240573061290193,0.0,0.003601754597770534,0.016499657933920883,0.012696687995492777,0.2649863117152837,0.0,0.34456207892204044,0.13895949839010338,0.0,0.02382389633385649,0.10832427864300374,0.008803171153768764,0.05859390719948489,0.02199283673387259,0.0016499657933920881,0.03165117308543603,49.297758461105076,27.75761199128838,6.710531610930017
blood_current,Blood tracking,current,226,0.628526298845024,0.6838202744577246,0.7205621956617972,0.0,0.6838202744577246,0.045816733067729085,0.3515590689503733,0.4780412823891085,0.17039964866051824,0.028240573061290193,0.0,0.003601754597770534,0.016499657933920883,0.012696687995492777,0.2649863117152837,0.0,0.34456207892204044,0.13895949839010338,0.0,0.02382389633385649,0.10832427864300374,0.008803171153768764,0.05859390719948489,0.02199283673387259,0.0016499657933920881,0.03165117308543603,49.297758461105076,27.75761199128838,6.710531610930017
blood_moderate,Blood tracking,moderate,226,0.628526298845024,0.6838202744577246,0.7205621956617972,0.0,0.6838202744577246,0.045816733067729085,0.3515590689503733,0.4780412823891085,0.17039964866051824,0.028240573061290193,0.0,0.003601754597770534,0.016499657933920883,0.012696687995492777,0.2649863117152837,0.0,0.34456207892204044,0.13895949839010338,0.0,0.02382389633385649,0.10832427864300374,0.008803171153768764,0.05859390719948489,0.02199283673387259,0.0016499657933920881,0.03165117308543603,47.285605054529356,25.62241106888158,6.710531610930017
blood_high,Blood tracking,high,226,0.628526298845024,0.6838202744577246,0.7205621956617972,0.0,0.6838202744577246,0.045816733067729085,0.3515590689503733,0.4780412823891085,0.17039964866051824,0.028240573061290193,0.0,0.003601754597770534,0.016499657933920883,0.012696687995492777,0.2649863117152837,0.0,0.34456207892204044,0.13895949839010338,0.0,0.02382389633385649,0.10832427864300374,0.008803171153768764,0.05859390719948489,0.02199283673387259,0.0016499657933920881,0.03165117308543603,43.26129824137792,21.352009224067984,6.710531610930017
referral_base,Transfer & EMT,base,226,0.628526298845024,0.6838202744577246,0.7205621956617972,0.0,0.6838202744577246,0.045816733067729085,0.3515590689503733,0.4780412823891085,0.17039964866051824,0.028240573061290193,0.0,0.003601754597770534,0.016499657933920883,0.012696687995492777,0.2649863117152837,0.0,0.34456207892204044,0.13895949839010338,0.0,0.02382389633385649,0.10832427864300374,0.008803171153768764,0.05859390719948489,0.02199283673387259,0.0016499657933920881,0.03165117308543603,49.297758461105076,27.75761199128838,6.710531610930017
referral_current,Transfer & EMT,current,226,0.628526298845024,0.6838202744577246,0.7205621956617972,0.0,0.6838202744577246,0.045816733067729085,0.3515590689503733,0.4780412823891085,0.17039964866051824,0.028240573061290193,0.0,0.003601754597770534,0.016499657933920883,0.012696687995492777,0.2649863117152837,0.0,0.34456207892204044,0.13895949839010338,0.0,0.02382389633385649,0.10832427864300374,0.008803171153768764,0.05859390719948489,0.02199283673387259,0.0016499657933920881,0.03165117308543603,49.297758461105076,27.75761199128838,6.710531610930017
referral_moderate,Transfer & EMT,moderate,226,0.628526298845024,0.6838202744577246,0.7205621956617972,0.0,0.6838202744577246,0.045816733067729085,0.4393939393939394,0.4475186649099693,0.11308739569609134,0.028240573061290193,0.0,0.003601754597770534,0.016499657933920883,0.012696687995492777,0.2649863117152837,0.0,0.34456207892204044,0.13895949839010338,0.0,0.02382389633385649,0.10832427864300374,0.008803171153768764,0.05859390719948489,0.02199283673387259,0.0016499657933920881,0.03165117308543603,48.291681757817216,26.69001153008498,6.710531610930017
referral_high,Transfer & EMT,high,226,0.628526298845024,0.6838202744577246,0.7205621956617972,0.0,0.6838202744577246,0.045816733067729085,0.5191040843214756,0.41304347826086957,0.06785243741765482,0.028240573061290193,0.0,0.003601754597770534,0.016499657933920883,0.012696687995492777,0.2649863117152837,0.0,0.34456207892204044,0.13895949839010338,0.0,0.02382389633385649,0.10832427864300374,0.008803171153768764,0.05859390719948489,0.02199283673387259,0.0016499657933920881,0.03165117308543603,48.291681757817216,26.69001153008498,6.710531610930017
pulse_base,PULSE,base,226,0.628526298845024,0.6838202744577246,0.7205621956617972,0.0,0.6838202744577246,0.045816733067729085,0.3515590689503733,0.4780412823891085,0.17039964866051824,0.028240573061290193,0.0,0.003601754597770534,0.016499657933920883,0.012696687995492777,0.2649863117152837,0.0,0.34456207892204044,0.13895949839010338,0.0,0.02382389633385649,0.10832427864300374,0.008803171153768764,0.05859390719948489,0.02199283673387259,0.0016499657933920881,0.03165117308543603,49.297758461105076,27.75761199128838,6.710531610930017
pulse_current,PULSE,current,226,0.628526298845024,0.6838202744577246,0.7205521348947643,0.0,0.6838202744577246,0.04578655076663045,0.35157108327840036,0.4779169413315755,0.17051197539002416,0.028240573061290193,0.0,0.003601754597770534,0.016409111030624975,0.012696687995492777,0.2649863117152837,0.0,0.34456207892204044,0.13930645712333448,0.0,0.02382389633385649,0.10744899191114331,0.008803171153768764,0.05859390719948489,0.02199283673387259,0.0016499657933920881,0.031570686949173005,49.297758461105076,27.75761199128838,6.710531610930017
pulse_moderate,PULSE,moderate,226,0.628526298845024,0.6838202744577246,0.7205420741277315,0.0,0.6838202744577246,0.045504849289709846,0.35242095954012825,0.47733804996683615,0.1702409904930356,0.028240573061290193,0.0,0.003601754597770534,0.01523200128777818,0.012696687995492777,0.2649863117152837,0.0,0.34456207892204044,0.1401462556697214,0.0,0.02382389633385649,0.0990884945068212,0.008803171153768764,0.05859390719948489,0.02199283673387259,0.0016499657933920881,0.030554549478852267,48.291681757817216,27.75761199128838,6.710531610930017
pulse_high,PULSE,high,226,0.628526298845024,0.6838202744577246,0.7205320133606986,0.0,0.6838202744577246,0.04525333011388788,0.35371276122721207,0.47621164962205426,0.17007558915073365,0.028240573061290193,0.0,0.003601754597770534,0.014014648476799871,0.012696687995492777,0.2649863117152837,0.0,0.34456207892204044,0.14063604240282684,0.0,0.02382389633385649,0.0910499416475512,0.008803171153768764,0.05859390719948489,0.02199283673387259,0.0016499657933920881,0.029659141212926073,48.291681757817216,27.75761199128838,6.700470843897139
fqa_base,FQA,base,226,0.628526298845024,0.6838202744577246,0.7205521348947643,0.0,0.6838202744577246,0.04532375548311803,0.3527192008879023,0.4772475027746948,0.17003329633740288,0.06223590486538694,0.011378727514185682,0.0049800796812749,0.04823131715561994,0.029317075133808202,0.583970546587369,0.4896103896103896,0.49899193548387094,0.4302252535223907,0.0,0.018411203670167815,0.08185440057950018,0.0075556360416918185,0.056219566179725546,0.02199283673387259,0.0016499657933920881,0.027294860960199605,44.26737494466578,22.419609685271382,6.61998470763411
fqa_current,FQA,current,226,0.628526298845024,0.6838202744577246,0.7205521348947643,0.0,0.6838202744577246,0.04532375548311803,0.3527192008879023,0.4772475027746948,0.17003329633740288,0.06223590486538694,0.01138878828121856,0.0049800796812749,0.04827156022375146,0.02933719666787396,0.583970546587369,0.49004329004329006,0.49899193548387094,0.4305842232791887,0.0,0.018391082136102056,0.0818443398124673,0.0075556360416918185,0.056219566179725546,0.02199283673387259,0.0016499657933920881,0.027284800193166727,44.26737494466578,22.419609685271382,6.61998470763411
fqa_moderate,FQA,moderate,226,0.628526298845024,0.6838202744577246,0.7205420741277315,0.0,0.6838202744577246,0.045293573182019396,0.3529542425588627,0.47712127943136384,0.16992447800977342,0.06223590486538694,0.011761036661435067,0.005100808885669443,0.04991146525011067,0.03032315183709606,0.583970546587369,0.5060606060606061,0.5110887096774194,0.4460127663400162,0.0,0.018189866795444484,0.08072759467181778,0.007465089138395911,0.056098836975331,0.02199283673387259,0.0016499657933920881,0.027103706386574913,44.26737494466578,22.419609685271382,6.609923940601232
fqa_high,FQA,high,226,0.628526298845024,0.6838202744577246,0.7205219525936657,0.0,0.6838202744577246,0.04526339088092076,0.35296732607246056,0.47699488775283394,0.1700377861747055,0.06223590486538694,0.012062859672421426,0.005221538090063986,0.05139039800394382,0.03127892470521953,0.583970546587369,0.5197225834416992,0.5231854838709677,0.460263110470355,0.0,0.018038955289951305,0.07960078876413537,0.007384603002132882,0.056008290072035095,0.02199283673387259,0.0016499657933920881,0.026872308744818704,44.26737494466578,22.419609685271382,6.609923940601232
combined_base,All,base,226,0.628526298845024,0.6838202744577246,0.7205621956617972,0.0,0.6838202744577246,0.045816733067729085,0.3515590689503733,0.4780412823891085,0.17039964866051824,0.028240573061290193,0.0,0.003601754597770534,0.016499657933920883,0.012696687995492777,0.2649863117152837,0.0,0.34456207892204044,0.13895949839010338,0.0,0.02382389633385649,0.10832427864300374,0.008803171153768764,0.05859390719948489,0.02199283673387259,0.0016499657933920881,0.03165117308543603,49.297758461105076,27.75761199128838,6.710531610930017
combined_current,All,current,226,0.6306994245241258,0.6857418809610044,0.722151796852992,0.0,0.6857418809610044,0.04498168940400016,0.3538358309103109,0.47886378886155223,0.16730038022813687,0.06559620105436839,0.011942130468026882,0.005171234254899594,0.05078675198197111,0.030916737092035896,0.6137625906052904,0.5147441457068517,0.5197168857431749,0.4555545528381915,0.0,0.01806913759104994,0.07976176103666144,0.007384603002132882,0.05608877620829812,0.02199283673387259,0.0016499657933920881,0.02696285564811461,44.26737494466578,22.411474675033617,6.599863173568353
combined_moderate,All,moderate,226,0.7165479496156787,0.7454625940681717,0.7654030343273371,0.0,0.7454625940681717,0.020544086281138074,0.5053868756121449,0.4069539666993144,0.08765915768854064,0.10619139603203348,0.016388989496559217,0.007294056098836975,0.06203468952472937,0.04762767113364723,0.8730355665839536,0.7619270346117867,0.7880434782608695,0.6854919399666481,0.0,0.014135377681194414,0.05247696084349471,0.005795001810938066,0.05565616322588434,0.02186204676244517,0.0016700873274578453,0.022666908125075456,26.157994285484325,11.619922885966302,5.855366413135338
combined_high,All,high,226,0.8499839027727474,0.7663889894965592,0.7663889894965592,0.0,0.7663889894965592,0.0,,,,0.1380840275262586,0.01572497887238923,0.007203509195541068,0.0498511006479134,0.051833071753390476,0.9525296689569019,0.7838515546639919,0.8453364817001181,0.7302873986735445,0.0,0.013068936375709285,0.03738581029417683,0.005151112720833836,0.05729606825224355,0.02179162139321502,0.0015191758219646667,0.021469676848162905,22.13368747233289,12.481278082875688,5.442874964787316
mentors_base,MENTORS,base,227,0.6283250835043663,0.6839510644291521,0.7194152682200491,0.0,0.6839510644291521,0.04926757616000644,0.33387788441903204,0.4872370839289361,0.17888503165203185,0.03137953237554831,0.0,0.003813030705460984,0.015473459696567266,0.012958267938347619,0.26309574019401094,0.0,0.33274802458296754,0.1438458660680883,0.0,0.02478972996901284,0.09718700953760714,0.009708640186727836,0.057789045836854604,0.022023019034971225,0.0016399050263592096,0.04826149945671858,86.52259648275584,60.851926977687626,6.982172320817739
mentors_current,MENTORS,current,227,0.6283250835043663,0.6839510644291521,0.7193649643848847,0.0,0.6839510644291521,0.04863374783693509,0.33553992552751344,0.4869673148531237,0.17749275961936284,0.07229667189826552,0.012093041973520062,0.005593786470280494,0.04689323514024709,0.031007283995331803,0.606157739350485,0.5093220338983051,0.5114995400183993,0.45853418593212003,0.0,0.017193850859189504,0.07128053442794478,0.008340375870256348,0.05523361101050344,0.022023019034971225,0.0016399050263592096,0.04171194011831462,72.43752263672583,45.905839649834526,6.851382349390318
mentors_moderate,MENTORS,moderate,227,0.6283250835043663,0.6839510644291521,0.719254295947523,0.0,0.6839510644291521,0.048291681757817215,0.336875,0.48541666666666666,0.17770833333333333,0.09178437764095135,0.014859752907561672,0.006821200048291682,0.05837257032476156,0.03934765986558815,0.7695487136229439,0.6317365269461078,0.6366197183098592,0.5847022069938527,0.0,0.015282305122942572,0.06205481105879512,0.007505332206527425,0.05424765584128134,0.022023019034971225,0.0016399050263592096,0.03942814600185118,69.41929252686225,42.70310665100886,6.8010785142259245
mentors_high,MENTORS,high,227,0.6283250835043663,0.6839510644291521,0.7191335667431284,0.0,0.6839510644291521,0.047859068775403434,0.33718730292200966,0.4847593020811436,0.17805339499684675,0.11134250875286732,0.01786792225039237,0.008139160529598777,0.0680812105114894,0.0471246327820033,0.9335301560522986,0.7715030408340573,0.7808880308880309,0.6999379395945386,0.0,0.01345124552295867,0.05270835848525091,0.00654955933840396,0.05306048533140167,0.022023019034971225,0.0016399050263592096,0.03729526339088092,66.40106241699867,39.5003736521832,6.7608354460944105
prompts_base,PROMPTS,base,227,0.6283250835043663,0.6839510644291521,0.7194152682200491,0.0,0.6839510644291521,0.04926757616000644,0.33387788441903204,0.4872370839289361,0.17888503165203185,0.03137953237554831,0.0,0.003813030705460984,0.015473459696567266,0.012958267938347619,0.26309574019401094,0.0,0.33274802458296754,0.1438458660680883,0.0,0.02478972996901284,0.09718700953760714,0.009708640186727836,0.057789045836854604,0.022023019034971225,0.0016399050263592096,0.04826149945671858,86.52259648275584,60.851926977687626,6.982172320817739
prompts_current,PROMPTS,current,227,0.6302969938428106,0.685782124029136,0.7209746871101452,0.0,0.685782124029136,0.04901605698418447,0.3335385878489327,0.4883004926108374,0.1781609195402299,0.0314801400458771,0.0,0.003823091472493863,0.015463398929534388,0.012978389472413377,0.2632730332351704,0.0,0.33362598770851626,0.14392733402003932,0.0,0.024759547667914203,0.09703609803211397,0.009708640186727836,0.057839349672018994,0.022023019034971225,0.0016399050263592096,0.048251438689685705,86.52259648275584,60.83374244914513,6.992233087850618
prompts_moderate,PROMPTS,moderate,227,0.6853495110467221,0.7242846794639624,0.7548593504768804,0.0,0.7242846794639624,0.03962936134250875,0.34094947956334093,0.48667174409748665,0.17237877633917237,0.0344380055535434,0.0,0.003792909171395227,0.0156444927361262,0.01309911867680792,0.265143299767622,0.0,0.33511111111111114,0.14768733972836925,0.0,0.024538210793190872,0.09544649684091915,0.009618093283431928,0.05830214495553141,0.022023019034971225,0.001680148094490724,0.0475471849973842,76.46182944987726,57.237344187229716,6.378526298845024
prompts_high,PROMPTS,high,227,0.8390377882409755,0.7663889894965592,0.7663889894965592,0.0,0.7663889894965592,0.0,,,,0.042225039236991425,0.0,0.0035916938307376553,0.013773190068010786,0.013803372369109421,0.2644445844622267,0.0,0.33209302325581397,0.14511341954632181,0.0,0.021087367700913517,0.08566743128496117,0.008974204193327699,0.06221578333132118,0.021982775966839712,0.0015493581230633024,0.04631977141937301,49.297758461105076,38.52481206138981,5.5636041691818585
prompts_high_shift,PROMPTS,high_shift,227,0.8867157632097871,0.8464123304760754,0.8528512213771178,0.0,0.8464123304760754,0.012022616604289911,0.302928870292887,0.48535564853556484,0.21171548117154812,0.04446859028532335,0.0,0.0036520584329349268,0.01516157591854803,0.013753068533945027,0.26419605499103405,0.0,0.3503861003861004,0.16014877789585547,0.0,0.02276751579540424,0.0850839067970542,0.008702563483439977,0.05894603404563564,0.021902289830576682,0.0016902088615236026,0.046390196788603164,47.285605054529356,33.138300626520994,5.462996498853073
blood_base,Blood tracking,base,227,0.6283250835043663,0.6839510644291521,0.7194152682200491,0.0,0.6839510644291521,0.04926757616000644,0.33387788441903204,0.4872370839289361,0.17888503165203185,0.03137953237554831,0.0,0.003813030705460984,0.015473459696567266,0.012958267938347619,0.26309574019401094,0.0,0.33274802458296754,0.1438458660680883,0.0,0.02478972996901284,0.09718700953760714,0.009708640186727836,0.057789045836854604,0.022023019034971225,0.0016399050263592096,0.04826149945671858,86.52259648275584,60.851926977687626,6.982172320817739
blood_current,Blood tracking,current,227,0.6283250835043663,0.6839510644291521,0.7194152682200491,0.0,0.6839510644291521,0.04926757616000644,0.33387788441903204,0.4872370839289361,0.17888503165203185,0.03137953237554831,0.0,0.003813030705460984,0.015473459696567266,0.012958267938347619,0.26309574019401094,0.0,0.33274802458296754,0.1438458660680883,0.0,0.02478972996901284,0.09718700953760714,0.009708640186727836,0.057789045836854604,0.022023019034971225,0.0016399050263592096,0.04826149945671858,83.50436637289226,57.64919397886196,6.982172320817739
blood_moderate,Blood tracking,moderate,227,0.6283250835043663,0.6839510644291521,0.7194152682200491,0.0,0.6839510644291521,0.04926757616000644,0.33387788441903204,0.4872370839289361,0.17888503165203185,0.03137953237554831,0.0,0.003813030705460984,0.015473459696567266,0.012958267938347619,0.26309574019401094,0.0,0.33274802458296754,0.1438458660680883,0.0,0.02478972996901284,0.09718700953760714,0.009708640186727836,0.057789045836854604,0.022023019034971225,0.0016399050263592096,0.04826149945671858,78.47398285645298,52.31130564748585,6.982172320817739
blood_high,Blood tracking,high,227,0.6283250835043663,0.6839510644291521,0.7194152682200491,0.0,0.6839510644291521,0.04926757616000644,0.33387788441903204,0.4872370839289361,0.17888503165203185,0.03137953237554831,0.0,0.003813030705460984,0.015473459696567266,0.012958267938347619,0.26309574019401094,0.0,0.33274802458296754,0.1438458660680883,0.0,0.02478972996901284,0.09718700953760714,0.009708640186727836,0.057789045836854604,0.022023019034971225,0.0016399050263592096,0.04826149945671858,75.4557527465894,49.10857264866019,6.982172320817739
referral_base,Transfer & EMT,base,227,0.6283250835043663,0.6839510644291521,0.7194152682200491,0.0,0.6839510644291521,0.04926757616000644,0.33387788441903204,0.4872370839289361,0.17888503165203185,0.03137953237554831,0.0,0.003813030705460984,0.015473459696567266,0.012958267938347619,0.26309574019401094,0.0,0.33274802458296754,0.1438458660680883,0.0,0.02478972996901284,0.09718700953760714,0.009708640186727836,0.057789045836854604,0.022023019034971225,0.0016399050263592096,0.04826149945671858,86.52259648275584,60.851926977687626,6.982172320817739
referral_current,Transfer & EMT,current,227,0.6283250835043663,0.6839510644291521,0.7194152682200491,0.0,0.6839510644291521,0.04926757616000644,0.33387788441903204,0.4872370839289361,0.17888503165203185,0.03137953237554831,0.0,0.003813030705460984,0.015473459696567266,0.012958267938347619,0.26309574019401094,0.0,0.33274802458296754,0.1438458660680883,0.0,0.02478972996901284,0.09718700953760714,0.009708640186727836,0.057789045836854604,0.022023019034971225,0.0016399050263592096,0.04826149945671858,86.52259648275584,60.851926977687626,6.982172320817739
referral_moderate,Transfer & EMT,moderate,227,0.6283250835043663,0.6839510644291521,0.7194152682200491,0.0,0.6839510644291521,0.04926757616000644,0.42474984684500716,0.45476822544414947,0.12048192771084337,0.03137953237554831,0.0,0.003813030705460984,0.015473459696567266,0.012958267938347619,0.26309574019401094,0.0,0.33274802458296754,0.1438458660680883,0.0,0.02478972996901284,0.09718700953760714,0.009708640186727836,0.057789045836854604,0.022023019034971225,0.0016399050263592096,0.04826149945671858,86.52259648275584,60.851926977687626,6.982172320817739
referral_high,Transfer & EMT,high,227,0.6283250835043663,0.6839510644291521,0.7194152682200491,0.0,0.6839510644291521,0.04926757616000644,0.5070451296712273,0.4198488870737186,0.07310598325505412,0.03137953237554831,0.0,0.003813030705460984,0.015473459696567266,0.012958267938347619,0.26309574019401094,0.0,0.33274802458296754,0.1438458660680883,0.0,0.02478972996901284,0.09718700953760714,0.009708640186727836,0.057789045836854604,0.022023019034971225,0.0016399050263592096,0.04826149945671858,85.51651977946798,59.7843493114124,6.982172320817739
pulse_base,PULSE,base,227,0.6283250835043663,0.6839510644291521,0.7194152682200491,0.0,0.6839510644291521,0.04926757616000644,0.33387788441903204,0.4872370839289361,0.17888503165203185,0.03137953237554831,0.0,0.003813030705460984,0.015473459696567266,0.012958267938347619,0.26309574019401094,0.0,0.33274802458296754,0.1438458660680883,0.0,0.02478972996901284,0.09718700953760714,0.009708640186727836,0.057789045836854604,0.022023019034971225,0.0016399050263592096,0.04826149945671858,86.52259648275584,60.851926977687626,6.982172320817739
pulse_current,PULSE,current,227,0.6283250835043663,0.6839510644291521,0.7194052074530162,0.0,0.6839510644291521,0.0492373938589078,0.3338782182263997,0.4873314262362076,0.17879035553739273,0.03137953237554831,0.0,0.003813030705460984,0.015372852026238481,0.012958267938347619,0.26309574019401094,0.0,0.33274802458296754,0.14389302194180242,0.0,0.02478972996901284,0.09649281661233852,0.009708640186727836,0.057789045836854604,0.022023019034971225,0.0016399050263592096,0.04818101332045555,86.52259648275584,60.851926977687626,6.982172320817739
pulse_moderate,PULSE,moderate,227,0.6283250835043663,0.6839510644291521,0.7193951466859834,0.0,0.6839510644291521,0.04880478087649402,0.3358070500927644,0.48608534322820035,0.17810760667903525,0.03137953237554831,0.0,0.003813030705460984,0.01416555998229305,0.012958267938347619,0.26309574019401094,0.0,0.33274802458296754,0.14383491674328328,0.0,0.02478972996901284,0.08890699826954807,0.009708640186727836,0.057789045836854604,0.022023019034971225,0.0016399050263592096,0.04695359974244436,85.51651977946798,60.851926977687626,6.982172320817739
pulse_high,PULSE,high,227,0.6283250835043663,0.6839510644291521,0.7193850859189505,0.0,0.6839510644291521,0.048502957865507665,0.3370669985480191,0.48516905206388716,0.17776394938809376,0.03137953237554831,0.0,0.003813030705460984,0.012968328705380498,0.012958267938347619,0.26309574019401094,0.0,0.33274802458296754,0.14362116991643453,0.0,0.02478972996901284,0.08155257756851382,0.009708640186727836,0.057789045836854604,0.022023019034971225,0.0016399050263592096,0.04570606463036742,83.50436637289226,59.7843493114124,6.972111553784861
fqa_base,FQA,base,227,0.6283250835043663,0.6839510644291521,0.7194052074530162,0.0,0.6839510644291521,0.048673990905066605,0.3354692021496486,0.4867713931376602,0.1777594047126912,0.06924825948730332,0.011579942854843253,0.005392571129622922,0.04466980562598093,0.029669201979958953,0.5805989034162801,0.48626953950147866,0.4912923923006416,0.43808584114454857,0.0,0.01758622077347177,0.07220612499496962,0.008511408909815284,0.055404644050062374,0.022023019034971225,0.0016399050263592096,0.04210431003259688,72.43752263672583,45.905839649834526,6.881564650488953
fqa_current,FQA,current,227,0.6283250835043663,0.6839510644291521,0.7194052074530162,0.0,0.6839510644291521,0.048673990905066605,0.3354692021496486,0.4867713931376602,0.1777594047126912,0.06924825948730332,0.011590003621876132,0.005392571129622922,0.044710048694112436,0.02968932351402471,0.5805989034162801,0.4866920152091255,0.4912923923006416,0.43848051307350766,0.0,0.01756609923940601,0.07217594269387098,0.008511408909815284,0.055404644050062374,0.022023019034971225,0.0016399050263592096,0.04208418849853113,72.43752263672583,45.905839649834526,6.881564650488953
fqa_moderate,FQA,moderate,227,0.6283250835043663,0.6839510644291521,0.7193750251519175,0.0,0.6839510644291521,0.04862368706990221,0.33581626319056485,0.4868611628388165,0.17732257397061865,0.06924825948730332,0.011972312769125517,0.005533421868083223,0.046239285283109985,0.030725582518411204,0.5805989034162801,0.5040237187632359,0.5041246562786434,0.4544196163733439,0.0,0.017254215461386776,0.07110950138838586,0.00840074047245362,0.05528391484566783,0.022023019034971225,0.0016399050263592096,0.04173206165238038,72.43752263672583,45.905839649834526,6.851382349390318
fqa_high,FQA,high,227,0.6283250835043663,0.6839510644291521,0.7193549036178518,0.0,0.6839510644291521,0.048563322467704936,0.33581934949243836,0.48663766314481044,0.1775429873627512,0.06924825948730332,0.012284196547144754,0.005684333373576401,0.0474063342589239,0.03170147692060043,0.5805989034162801,0.5175922000847817,0.5178735105407882,0.4676923076923077,0.0,0.016982574751499054,0.06996257394663769,0.008310193569157713,0.05517324640830617,0.022023019034971225,0.0016399050263592096,0.041440299408426896,72.43752263672583,45.905839649834526,6.851382349390318
combined_base,All,base,227,0.6283250835043663,0.6839510644291521,0.7194152682200491,0.0,0.6839510644291521,0.04926757616000644,0.33387788441903204,0.4872370839289361,0.17888503165203185,0.03137953237554831,0.0,0.003813030705460984,0.015473459696567266,0.012958267938347619,0.26309574019401094,0.0,0.33274802458296754,0.1438458660680883,0.0,0.02478972996901284,0.09718700953760714,0.009708640186727836,0.057789045836854604,0.022023019034971225,0.0016399050263592096,0.04826149945671858,86.52259648275584,60.851926977687626,6.982172320817739
combined_current,All,current,227,0.6304881484164353,0.6858927924664976,0.7210048694112439,0.0,0.6858927924664976,0.048311803291882977,0.3369429404414827,0.48771345272802996,0.1753436068304873,0.07299086482353415,0.012133285041651575,0.005613908004346252,0.047034085878707395,0.031349350074449674,0.6102279417949364,0.5118845500848896,0.5138121546961326,0.46411198252754887,0.0,0.01707312165479496,0.0701436677532295,0.008320254336190592,0.05524367177753632,0.022023019034971225,0.0016399050263592096,0.041530846311722804,72.43752263672583,45.889672689241536,6.851382349390318
combined_moderate,All,moderate,227,0.7159946074288703,0.7455128979033362,0.7652923658899754,0.0,0.7455128979033362,0.02057426858223671,0.508557457212714,0.4058679706601467,0.08557457212713937,0.11841522797698097,0.016469475632822247,0.007927884421908326,0.05880518330717534,0.048452654030343274,0.8706909306110371,0.7543778801843318,0.7794263105835806,0.7046413502109705,0.0,0.012565898024065355,0.04521308704575637,0.006469073202140931,0.054640025755563607,0.022012958267938348,0.0016700873274578453,0.035997424443639583,40.24306813151435,24.29389272661977,5.724576441707916
combined_high,All,high,227,0.850094571210109,0.7663889894965592,0.7663889894965592,0.0,0.7663889894965592,0.0,,,,0.15404040404040403,0.015191758219646665,0.0078071552175137835,0.04795967644573222,0.05245683930942895,0.9520582017162045,0.7876890975482524,0.8407367280606717,0.7409076779608331,0.0,0.01089581069660751,0.03338162501509115,0.005714515674675037,0.05610889774236388,0.021912350597609563,0.0015292365889975452,0.034427944786510525,32.194454505211475,20.796506186960592,5.382510362590044
mentors_base,MENTORS,base,228,0.6285061773109581,0.6840717936335466,0.7203207372530082,0.0,0.6840717936335466,0.04817095255342267,0.341687552213868,0.485171261487051,0.17314118629908104,0.036852589641434265,0.0,0.0036118153648034127,0.018974606624009016,0.011922008933961125,0.2652425778421434,0.0,0.3478682170542636,0.1500755948118087,0.0,0.038532737735924985,0.11372691053965954,0.008742806551571492,0.05617932311159403,0.021882168296510927,0.001680148094490724,0.04143023864139402,70.4253692301501,48.0440724291083,6.7608354460944105
mentors_current,MENTORS,current,228,0.6285061773109581,0.6840717936335466,0.7202704334178438,0.0,0.6840717936335466,0.047446577327055414,0.34478371501272265,0.48367260390161154,0.1715436810856658,0.08417843776409513,0.017988651454786914,0.005181295021932472,0.05709485291158598,0.028753672179967,0.6058653149891383,0.5018243053606511,0.5244399185336049,0.47769360269360267,0.0,0.028381423799750494,0.08039558935973279,0.007465089138395911,0.05389552899513059,0.021882168296510927,0.001680148094490724,0.03495110467222021,59.358525493983656,36.29996583532627,6.660227775765624
mentors_moderate,MENTORS,moderate,228,0.6285061773109581,0.6840717936335466,0.7201597649804821,0.0,0.6840717936335466,0.04704414664574027,0.34602224123182207,0.4820359281437126,0.17194183062446536,0.10668437361664453,0.021469676848162905,0.006217554026318966,0.07053603766751178,0.03656082739748078,0.7678493845039827,0.618730066685996,0.6444212721584984,0.6061732664706899,0.0,0.02561471286570888,0.06872509960159362,0.006730653144995775,0.05290957382590849,0.021882168296510927,0.001680148094490724,0.032637128254658136,55.33421868083222,32.029381619405534,6.61998470763411
mentors_high,MENTORS,high,228,0.6285061773109581,0.6840717936335466,0.7200591573101534,0.0,0.6840717936335466,0.04662159443035937,0.3463530427276651,0.4812257229175658,0.1724212343547691,0.12952231478127893,0.025081492212966315,0.007434906837297276,0.08234737816411124,0.04378445812708761,0.9322230267921796,0.7468544038346315,0.7920685959271169,0.7280085386462688,0.0,0.022747394261338483,0.05701436677532295,0.00583524487906958,0.05189343635558775,0.021882168296510927,0.001680148094490724,0.03039357720632621,53.32206527425651,29.894089511445166,6.54955933840396
prompts_base,PROMPTS,base,228,0.6285061773109581,0.6840717936335466,0.7203207372530082,0.0,0.6840717936335466,0.04817095255342267,0.341687552213868,0.485171261487051,0.17314118629908104,0.036852589641434265,0.0,0.0036118153648034127,0.018974606624009016,0.011922008933961125,0.2652425778421434,0.0,0.3478682170542636,0.1500755948118087,0.0,0.038532737735924985,0.11372691053965954,0.008742806551571492,0.05617932311159403,0.021882168296510927,0.001680148094490724,0.04143023864139402,70.4253692301501,48.0440724291083,6.7608354460944105
prompts_current,PROMPTS,current,228,0.630508269950501,0.6859330355346291,0.7219203992112359,0.0,0.6859330355346291,0.047919433377600705,0.3415914339701869,0.48582825950031494,0.1725803065294982,0.036953197311763046,0.0,0.003621876131836291,0.018974606624009016,0.011942130468026882,0.26529433008306247,0.0,0.3488372093023256,0.150111429481057,0.0,0.038482433900760595,0.11368666747152803,0.008742806551571492,0.05622962694675842,0.021882168296510927,0.001680148094490724,0.04141011710732826,69.41929252686225,46.96188616011869,6.770896213127289
prompts_moderate,PROMPTS,moderate,228,0.685701637892873,0.7245160771057185,0.7557748802768723,0.0,0.7245160771057185,0.039106201456799064,0.34422433753537435,0.48443529714432726,0.17134036532029842,0.04034367580184313,0.0,0.0036118153648034127,0.019346855004225522,0.012072920439454304,0.2668174861933595,0.0,0.34922178988326846,0.15397549843862599,0.0,0.03798945631614954,0.11275101613747032,0.00868244194937422,0.05672260453136947,0.021912350597609563,0.0017203911626222383,0.04086683568755282,57.34637208740795,41.33632933395515,6.398647832910782
prompts_high,PROMPTS,high,228,0.8389371805706467,0.7663889894965592,0.7663889894965592,0.0,0.7663889894965592,0.0,,,,0.04940842689846674,0.0,0.0035615115296390196,0.017002696285564813,0.012897903336150348,0.26586184495452575,0.0,0.3518886679920477,0.14984926405391027,0.0,0.03164111231840316,0.10206648154855326,0.00833031510322347,0.060656364441225,0.021691013722886232,0.0015694796571290594,0.03908607992273331,40.24306813151435,30.195751770095793,5.714515674675037
prompts_high_shift,PROMPTS,high_shift,228,0.8869270393174775,0.8463519658738782,0.8529417682804137,0.0,0.8463519658738782,0.011509517485613104,0.3041958041958042,0.49125874125874125,0.20454545454545456,0.0519638617248179,0.0,0.003621876131836291,0.019024910459173407,0.012696687995492777,0.26536169338265514,0.0,0.36108324974924777,0.16393584742089293,0.0,0.03501146927441748,0.10363596120568232,0.008430922773552256,0.05765825586542718,0.021761439092116384,0.0016600265604249668,0.03982051591613345,40.24306813151435,28.99180981372762,5.352328061491408
blood_base,Blood tracking,base,228,0.6285061773109581,0.6840717936335466,0.7203207372530082,0.0,0.6840717936335466,0.04817095255342267,0.341687552213868,0.485171261487051,0.17314118629908104,0.036852589641434265,0.0,0.0036118153648034127,0.018974606624009016,0.011922008933961125,0.2652425778421434,0.0,0.3478682170542636,0.1500755948118087,0.0,0.038532737735924985,0.11372691053965954,0.008742806551571492,0.05617932311159403,0.021882168296510927,0.001680148094490724,0.04143023864139402,70.4253692301501,48.0440724291083,6.7608354460944105
blood_current,Blood tracking,current,228,0.6285061773109581,0.6840717936335466,0.7203207372530082,0.0,0.6840717936335466,0.04817095255342267,0.341687552213868,0.485171261487051,0.17314118629908104,0.036852589641434265,0.0,0.0036118153648034127,0.018974606624009016,0.011922008933961125,0.2652425778421434,0.0,0.3478682170542636,0.1500755948118087,0.0,0.038532737735924985,0.11372691053965954,0.008742806551571492,0.05617932311159403,0.021882168296510927,0.001680148094490724,0.04143023864139402,66.40106241699867,43.77348821318756,6.7608354460944105
blood_moderate,Blood tracking,moderate,228,0.6285061773109581,0.6840717936335466,0.7203207372530082,0.0,0.6840717936335466,0.04817095255342267,0.341687552213868,0.485171261487051,0.17314118629908104,0.036852589641434265,0.0,0.0036118153648034127,0.018974606624009016,0.011922008933961125,0.2652425778421434,0.0,0.3478682170542636,0.1500755948118087,0.0,0.038532737735924985,0.11372691053965954,0.008742806551571492,0.05617932311159403,0.021882168296510927,0.001680148094490724,0.04143023864139402,62.37675560384723,39.50290399726683,6.7608354460944105
blood_high,Blood tracking,high,228,0.6285061773109581,0.6840717936335466,0.7203207372530082,0.0,0.6840717936335466,0.04817095255342267,0.341687552213868,0.485171261487051,0.17314118629908104,0.036852589641434265,0.0,0.0036118153648034127,0.018974606624009016,0.011922008933961125,0.2652425778421434,0.0,0.3478682170542636,0.1500755948118087,0.0,0.038532737735924985,0.11372691053965954,0.008742806551571492,0.05617932311159403,0.021882168296510927,0.001680148094490724,0.04143023864139402,56.34029538412008,33.09702767338572,6.7608354460944105
referral_base,Transfer & EMT,base,228,0.6285061773109581,0.6840717936335466,0.7203207372530082,0.0,0.6840717936335466,0.04817095255342267,0.341687552213868,0.485171261487051,0.17314118629908104,0.036852589641434265,0.0,0.0036118153648034127,0.018974606624009016,0.011922008933961125,0.2652425778421434,0.0,0.3478682170542636,0.1500755948118087,0.0,0.038532737735924985,0.11372691053965954,0.008742806551571492,0.05617932311159403,0.021882168296510927,0.001680148094490724,0.04143023864139402,70.4253692301501,48.0440724291083,6.7608354460944105
referral_current,Transfer & EMT,current,228,0.6285061773109581,0.6840717936335466,0.7203207372530082,0.0,0.6840717936335466,0.04817095255342267,0.341687552213868,0.485171261487051,0.17314118629908104,0.036852589641434265,0.0,0.0036118153648034127,0.018974606624009016,0.011922008933961125,0.2652425778421434,0.0,0.3478682170542636,0.1500755948118087,0.0,0.038532737735924985,0.11372691053965954,0.008742806551571492,0.05617932311159403,0.021882168296510927,0.001680148094490724,0.04143023864139402,70.4253692301501,48.0440724291083,6.7608354460944105
referral_moderate,Transfer & EMT,moderate,228,0.6285061773109581,0.6840717936335466,0.7203207372530082,0.0,0.6840717936335466,0.04817095255342267,0.43379281537176273,0.44841269841269843,0.11779448621553884,0.036852589641434265,0.0,0.0036118153648034127,0.018974606624009016,0.011922008933961125,0.2652425778421434,0.0,0.3478682170542636,0.1500755948118087,0.0,0.038532737735924985,0.11372691053965954,0.008742806551571492,0.05617932311159403,0.021882168296510927,0.001680148094490724,0.04143023864139402,66.40106241699867,43.77348821318756,6.7608354460944105
referral_high,Transfer & EMT,high,228,0.6285061773109581,0.6840717936335466,0.7203207372530082,0.0,0.6840717936335466,0.04817095255342267,0.5158730158730159,0.41353383458646614,0.07059314954051796,0.036852589641434265,0.0,0.0036118153648034127,0.018974606624009016,0.011922008933961125,0.2652425778421434,0.0,0.3478682170542636,0.1500755948118087,0.0,0.038532737735924985,0.11372691053965954,0.008742806551571492,0.05617932311159403,0.021882168296510927,0.001680148094490724,0.04143023864139402,66.40106241699867,43.77348821318756,6.7608354460944105
pulse_base,PULSE,base,228,0.6285061773109581,0.6840717936335466,0.7203207372530082,0.0,0.6840717936335466,0.04817095255342267,0.341687552213868,0.485171261487051,0.17314118629908104,0.036852589641434265,0.0,0.0036118153648034127,0.018974606624009016,0.011922008933961125,0.2652425778421434,0.0,0.3478682170542636,0.1500755948118087,0.0,0.038532737735924985,0.11372691053965954,0.008742806551571492,0.05617932311159403,0.021882168296510927,0.001680148094490724,0.04143023864139402,70.4253692301501,48.0440724291083,6.7608354460944105
pulse_current,PULSE,current,228,0.6285061773109581,0.6840717936335466,0.7203106764859752,0.0,0.6840717936335466,0.048140770252324036,0.34169278996865204,0.4852664576802508,0.17304075235109717,0.036852589641434265,0.0,0.0036118153648034127,0.018793512817417198,0.011922008933961125,0.2652425778421434,0.0,0.3478682170542636,0.14989568287594288,0.0,0.038532737735924985,0.11273089460340456,0.008742806551571492,0.05617932311159403,0.021882168296510927,0.001680148094490724,0.04134975250513099,70.4253692301501,48.0440724291083,6.7608354460944105
pulse_moderate,PULSE,moderate,228,0.6285061773109581,0.6840717936335466,0.7203006157189424,0.0,0.6840717936335466,0.04779870417320616,0.34287518417175333,0.48431909071774365,0.17280572511050304,0.036852589641434265,0.0,0.0036118153648034127,0.01736488389874844,0.011922008933961125,0.2652425778421434,0.0,0.3478682170542636,0.15002172968274663,0.0,0.038532737735924985,0.10402833111996458,0.008742806551571492,0.05617932311159403,0.021882168296510927,0.001680148094490724,0.04021288583041571,70.4253692301501,48.0440724291083,6.7608354460944105
pulse_high,PULSE,high,228,0.6285061773109581,0.6840717936335466,0.7202905549519095,0.0,0.6840717936335466,0.047456638094088295,0.34492262030951876,0.48272206911172355,0.1723553105787577,0.036852589641434265,0.0,0.0036118153648034127,0.015825586542718015,0.011922008933961125,0.2652425778421434,0.0,0.3478682170542636,0.14915607813388962,0.0,0.038532737735924985,0.09557728681234658,0.008742806551571492,0.05617932311159403,0.021882168296510927,0.001680148094490724,0.038904986116141495,69.41929252686225,48.0440724291083,6.750774679061532
fqa_base,FQA,base,228,0.6285061773109581,0.6840717936335466,0.7203106764859752,0.0,0.6840717936335466,0.04748682039518693,0.34470338983050847,0.48347457627118645,0.17182203389830508,0.08061692623445611,0.017314580063584047,0.005000201215340658,0.05417723047205119,0.02747595476679142,0.5802317161477191,0.4813986013986014,0.5040567951318459,0.4550063371356147,0.0,0.028733550645901242,0.08156263833554671,0.0075958791098233325,0.053996136665459375,0.021882168296510927,0.001680148094490724,0.035222745382107935,59.358525493983656,36.29996583532627,6.670288542798503
fqa_current,FQA,current,228,0.6285061773109581,0.6840717936335466,0.7203106764859752,0.0,0.6840717936335466,0.04748682039518693,0.34470338983050847,0.48347457627118645,0.17182203389830508,0.08061692623445611,0.01735482313171556,0.005000201215340658,0.054207412773149825,0.027496076300857177,0.5802317161477191,0.4825174825174825,0.5040567951318459,0.45529829305391245,0.0,0.028723489878868365,0.08152239526741518,0.007585818342790454,0.053996136665459375,0.021882168296510927,0.001680148094490724,0.035212684615075054,59.358525493983656,36.29996583532627,6.670288542798503
fqa_moderate,FQA,moderate,228,0.6285061773109581,0.6840717936335466,0.7202804941848766,0.0,0.6840717936335466,0.04743651656002253,0.34506892895015906,0.4835630965005302,0.17136797454931071,0.08061692623445611,0.01786792225039237,0.005141051953800958,0.056159201577528274,0.0284719707030464,0.5802317161477191,0.4973396807616914,0.5182555780933062,0.47249026578635517,0.0,0.028492092237112156,0.080294981689404,0.007495271439494547,0.05389552899513059,0.021882168296510927,0.001680148094490724,0.03495110467222021,59.358525493983656,36.29996583532627,6.660227775765624
fqa_high,FQA,high,228,0.6285061773109581,0.6840717936335466,0.7202603726508109,0.0,0.6840717936335466,0.04737615195782526,0.34508388192822254,0.4833297940114674,0.17158632406031005,0.08061692623445611,0.018240170630608878,0.005261781158195501,0.057839349672018994,0.029367378968972596,0.5802317161477191,0.508127802690583,0.5304259634888439,0.48716210490636386,0.0,0.028280816129421706,0.07901726427622842,0.007434906837297276,0.05382510362590044,0.021882168296510927,0.001680148094490724,0.03469958549639825,59.358525493983656,36.29996583532627,6.660227775765624
combined_base,All,base,228,0.6285061773109581,0.6840717936335466,0.7203207372530082,0.0,0.6840717936335466,0.04817095255342267,0.341687552213868,0.485171261487051,0.17314118629908104,0.036852589641434265,0.0,0.0036118153648034127,0.018974606624009016,0.011922008933961125,0.2652425778421434,0.0,0.3478682170542636,0.1500755948118087,0.0,0.038532737735924985,0.11372691053965954,0.008742806551571492,0.05617932311159403,0.021882168296510927,0.001680148094490724,0.04143023864139402,70.4253692301501,48.0440724291083,6.7608354460944105
combined_current,All,current,228,0.6306994245241258,0.6860437039719908,0.7219505815123345,0.0,0.6860437039719908,0.0471246327820033,0.34671221178479933,0.48377455166524336,0.1695132365499573,0.08498329912672542,0.01801883375588555,0.005181295021932472,0.05718539981488189,0.0290353736568876,0.6099357354321612,0.503939223410242,0.5255102040816326,0.4827996262634842,0.0,0.02827075536238883,0.07909775041249145,0.007394663769165762,0.05389552899513059,0.021882168296510927,0.001680148094490724,0.03472976779749688,55.33421868083222,32.017759183760596,6.660227775765624
combined_moderate,All,moderate,228,0.7162159443035937,0.7456738701758622,0.7653124874240412,0.0,0.7456738701758622,0.020403235542677773,0.507396449704142,0.40532544378698226,0.08727810650887574,0.13736971306692422,0.022546178920680914,0.007294056098836975,0.07127047366091191,0.04490120326773713,0.8679677070752019,0.7290175666883539,0.7863340563991323,0.7279827355872983,0.0,0.021308704575636845,0.04976055374461749,0.0057748802768723085,0.05355346291601272,0.021882168296510927,0.0017203911626222383,0.028793915248098514,29.176224395347898,13.731185635067336,5.925791782365487
combined_high,All,high,228,0.8499839027727474,0.7663889894965592,0.7663889894965592,0.0,0.7663889894965592,0.0,,,,0.17913195702040324,0.019538009577850214,0.007444967604330154,0.058483238762123226,0.04862368706990221,0.951223421305695,0.7642660369933097,0.8495981630309989,0.7689153439153439,0.0,0.017344762364682683,0.036470280494184874,0.005251720391162622,0.05508269950501026,0.021660831421787596,0.0015493581230633024,0.027013159483279005,24.145840878908608,13.518010148906079,5.503239566984587
mentors_base,MENTORS,base,229,0.6282949012032677,0.6835687552819026,0.7171415348706185,0.0,0.6835687552819026,0.047184997384200573,0.332409381663113,0.48443496801705754,0.18315565031982942,0.022988852670127572,0.0,0.003672179967000684,0.016821602478972998,0.012143345808684454,0.26321852321161154,0.0,0.3536821705426357,0.13904365904365903,0.0,0.03296913356674313,0.1097529075616725,0.009104994164755121,0.054157108937985435,0.022123626705300013,0.0016399050263592096,0.04922733309187492,81.49221296631656,54.46390431439556,6.740713912028653
mentors_current,MENTORS,current,229,0.6282949012032677,0.6835687552819026,0.7171113525695199,0.0,0.6835687552819026,0.04658135136222786,0.33455723542116633,0.48250539956803457,0.18293736501079913,0.05332206527425651,0.014749084470200008,0.005080687351603687,0.050987967322628676,0.02925671053161093,0.6105287409284644,0.47566515249837765,0.507537688442211,0.4415018729854517,0.0,0.024226327015171637,0.0809992353817055,0.008088856694434383,0.052094651696245324,0.022123626705300013,0.0016399050263592096,0.042124431566662644,71.43144593343796,43.78470739000427,6.61998470763411
mentors_moderate,MENTORS,moderate,229,0.6282949012032677,0.6835687552819026,0.7169805625980925,0.0,0.6835687552819026,0.046188981447945594,0.33587453713787846,0.4815944238727946,0.18253103898932693,0.06769890136424,0.01772707151193207,0.006247736327417602,0.06316149543241177,0.03717453418648638,0.775141112775026,0.5867465867465868,0.6369230769230769,0.5591378696116851,0.0,0.02171113525695199,0.07060646303674192,0.007444967604330154,0.05127972956658216,0.022123626705300013,0.0016399050263592096,0.03949857137108133,68.41321582357439,40.580948312686886,6.569680872469717
mentors_high,MENTORS,high,229,0.6282949012032677,0.6835687552819026,0.7169000764618294,0.0,0.6835687552819026,0.04578655076663045,0.33575038453087236,0.4816523840914085,0.1825972313777192,0.08152239526741518,0.02084590929212443,0.007495271439494547,0.07460058754879471,0.04455913718861926,0.9334178090081788,0.7071672354948806,0.7809224318658281,0.6752572625443949,0.0,0.019316672703126887,0.06055575677089621,0.006780956980160168,0.0504145036017546,0.022123626705300013,0.0016399050263592096,0.03715441265242062,62.37675560384723,34.17343015805211,6.509316270272445
prompts_base,PROMPTS,base,229,0.6282949012032677,0.6835687552819026,0.7171415348706185,0.0,0.6835687552819026,0.047184997384200573,0.332409381663113,0.48443496801705754,0.18315565031982942,0.022988852670127572,0.0,0.003672179967000684,0.016821602478972998,0.012143345808684454,0.26321852321161154,0.0,0.3536821705426357,0.13904365904365903,0.0,0.03296913356674313,0.1097529075616725,0.009104994164755121,0.054157108937985435,0.022123626705300013,0.0016399050263592096,0.04922733309187492,81.49221296631656,54.46390431439556,6.740713912028653
prompts_current,PROMPTS,current,229,0.6302466900076462,0.6853495110467221,0.7186707714596161,0.0,0.6853495110467221,0.04696366050947724,0.33204798628963156,0.48586118251928023,0.18209083119108826,0.0230693388063906,0.0,0.003682240734033563,0.016811541711940117,0.012163467342750211,0.2634420955882353,0.0,0.3546511627906977,0.13909930908182802,0.0,0.032938951265644494,0.10963217835727795,0.009104994164755121,0.054217473540182706,0.022123626705300013,0.0016399050263592096,0.04922733309187492,81.49221296631656,54.447042244499244,6.740713912028653
prompts_moderate,PROMPTS,moderate,229,0.6853092679785907,0.7238319449474828,0.752977987041732,0.0,0.7238319449474828,0.03928729526339088,0.3323943661971831,0.4850192061459667,0.18258642765685018,0.025282707553623888,0.0,0.003501146927441748,0.01688196708117027,0.01231437884824339,0.26629225389424604,0.0,0.3455809334657398,0.1435414884516681,0.0,0.032043542999718296,0.10635236830455953,0.008843414221900278,0.05450923578413618,0.02213368747233289,0.001680148094490724,0.048090466417159645,62.37675560384723,44.526901669758814,6.47913396917381
prompts_high,PROMPTS,high,229,0.8391484566783372,0.7663889894965592,0.7663889894965592,0.0,0.7663889894965592,0.0,,,,0.03111795243269347,0.0,0.0031490200812909976,0.014366775322950621,0.013008571773512013,0.2662477403804769,0.0,0.33947939262472887,0.1423586880669923,0.0,0.02541349752505131,0.09114048855084711,0.007847398285645298,0.058422874159925954,0.021892229063543805,0.001559418890096181,0.04600788764135378,40.24306813151435,29.156947684105297,5.704454907642159
prompts_high_shift,PROMPTS,high_shift,229,0.8868968570163789,0.8461004466980563,0.8523079399573423,0.0,0.8461004466980563,0.011922008933961125,0.3012658227848101,0.4911392405063291,0.20759493670886076,0.03270755362388829,0.0,0.0031288985472252406,0.01579540424161938,0.012958267938347619,0.2651280378404828,0.0,0.34478935698447893,0.15625,0.0,0.027365286329429757,0.0907682401706306,0.007817215984546662,0.055847317799509036,0.02164070988772184,0.001680148094490724,0.04614873837981408,45.273451647953635,33.138986982591675,5.62396877137913
blood_base,Blood tracking,base,229,0.6282949012032677,0.6835687552819026,0.7171415348706185,0.0,0.6835687552819026,0.047184997384200573,0.332409381663113,0.48443496801705754,0.18315565031982942,0.022988852670127572,0.0,0.003672179967000684,0.016821602478972998,0.012143345808684454,0.26321852321161154,0.0,0.3536821705426357,0.13904365904365903,0.0,0.03296913356674313,0.1097529075616725,0.009104994164755121,0.054157108937985435,0.022123626705300013,0.0016399050263592096,0.04922733309187492,81.49221296631656,54.46390431439556,6.740713912028653
blood_current,Blood tracking,current,229,0.6282949012032677,0.6835687552819026,0.7171415348706185,0.0,0.6835687552819026,0.047184997384200573,0.332409381663113,0.48443496801705754,0.18315565031982942,0.022988852670127572,0.0,0.003672179967000684,0.016821602478972998,0.012143345808684454,0.26321852321161154,0.0,0.3536821705426357,0.13904365904365903,0.0,0.03296913356674313,0.1097529075616725,0.009104994164755121,0.054157108937985435,0.022123626705300013,0.0016399050263592096,0.04922733309187492,75.4557527465894,48.056386159760784,6.740713912028653
blood_moderate,Blood tracking,moderate,229,0.6282949012032677,0.6835687552819026,0.7171415348706185,0.0,0.6835687552819026,0.047184997384200573,0.332409381663113,0.48443496801705754,0.18315565031982942,0.022988852670127572,0.0,0.003672179967000684,0.016821602478972998,0.012143345808684454,0.26321852321161154,0.0,0.3536821705426357,0.13904365904365903,0.0,0.03296913356674313,0.1097529075616725,0.009104994164755121,0.054157108937985435,0.022123626705300013,0.0016399050263592096,0.04922733309187492,71.43144593343796,43.78470739000427,6.740713912028653
blood_high,Blood tracking,high,229,0.6282949012032677,0.6835687552819026,0.7171415348706185,0.0,0.6835687552819026,0.047184997384200573,0.332409381663113,0.48443496801705754,0.18315565031982942,0.022988852670127572,0.0,0.003672179967000684,0.016821602478972998,0.012143345808684454,0.26321852321161154,0.0,0.3536821705426357,0.13904365904365903,0.0,0.03296913356674313,0.1097529075616725,0.009104994164755121,0.054157108937985435,0.022123626705300013,0.0016399050263592096,0.04922733309187492,65.39498571371081,37.3771892353695,6.740713912028653
referral_base,Transfer & EMT,base,229,0.6282949012032677,0.6835687552819026,0.7171415348706185,0.0,0.6835687552819026,0.047184997384200573,0.332409381663113,0.48443496801705754,0.18315565031982942,0.022988852670127572,0.0,0.003672179967000684,0.016821602478972998,0.012143345808684454,0.26321852321161154,0.0,0.3536821705426357,0.13904365904365903,0.0,0.03296913356674313,0.1097529075616725,0.009104994164755121,0.054157108937985435,0.022123626705300013,0.0016399050263592096,0.04922733309187492,81.49221296631656,54.46390431439556,6.740713912028653
referral_current,Transfer & EMT,current,229,0.6282949012032677,0.6835687552819026,0.7171415348706185,0.0,0.6835687552819026,0.047184997384200573,0.332409381663113,0.48443496801705754,0.18315565031982942,0.022988852670127572,0.0,0.003672179967000684,0.016821602478972998,0.012143345808684454,0.26321852321161154,0.0,0.3536821705426357,0.13904365904365903,0.0,0.03296913356674313,0.1097529075616725,0.009104994164755121,0.054157108937985435,0.022123626705300013,0.0016399050263592096,0.04922733309187492,81.49221296631656,54.46390431439556,6.740713912028653
referral_moderate,Transfer & EMT,moderate,229,0.6282949012032677,0.6835687552819026,0.7171415348706185,0.0,0.6835687552819026,0.047184997384200573,0.4223880597014925,0.4539445628997868,0.12366737739872068,0.022988852670127572,0.0,0.003672179967000684,0.016821602478972998,0.012143345808684454,0.26321852321161154,0.0,0.3536821705426357,0.13904365904365903,0.0,0.03296913356674313,0.1097529075616725,0.009104994164755121,0.054157108937985435,0.022123626705300013,0.0016399050263592096,0.04922733309187492,79.48005955974084,52.328064929517296,6.740713912028653
referral_high,Transfer & EMT,high,229,0.6282949012032677,0.6835687552819026,0.7171415348706185,0.0,0.6835687552819026,0.047184997384200573,0.5072494669509595,0.4187633262260128,0.07398720682302772,0.022988852670127572,0.0,0.003672179967000684,0.016821602478972998,0.012143345808684454,0.26321852321161154,0.0,0.3536821705426357,0.13904365904365903,0.0,0.03296913356674313,0.1097529075616725,0.009104994164755121,0.054157108937985435,0.022123626705300013,0.0016399050263592096,0.04922733309187492,78.47398285645298,51.26014523707817,6.740713912028653
pulse_base,PULSE,base,229,0.6282949012032677,0.6835687552819026,0.7171415348706185,0.0,0.6835687552819026,0.047184997384200573,0.332409381663113,0.48443496801705754,0.18315565031982942,0.022988852670127572,0.0,0.003672179967000684,0.016821602478972998,0.012143345808684454,0.26321852321161154,0.0,0.3536821705426357,0.13904365904365903,0.0,0.03296913356674313,0.1097529075616725,0.009104994164755121,0.054157108937985435,0.022123626705300013,0.0016399050263592096,0.04922733309187492,81.49221296631656,54.46390431439556,6.740713912028653
pulse_current,PULSE,current,229,0.6282949012032677,0.6835687552819026,0.7171314741035857,0.0,0.6835687552819026,0.04714475431606906,0.3326931284677764,0.48420827998292787,0.18309859154929578,0.022988852670127572,0.0,0.003672179967000684,0.01667069097347982,0.012143345808684454,0.26321852321161154,0.0,0.3536821705426357,0.13892848159637797,0.0,0.03296913356674313,0.10881725622761479,0.009104994164755121,0.054157108937985435,0.022123626705300013,0.0016399050263592096,0.04912672542154614,81.49221296631656,54.46390431439556,6.740713912028653
pulse_moderate,PULSE,moderate,229,0.6282949012032677,0.6835687552819026,0.7171214133365528,0.0,0.6835687552819026,0.046712141333655276,0.33426663794960154,0.48395433986646563,0.1817790221839328,0.022988852670127572,0.0,0.003672179967000684,0.015392973560304238,0.012143345808684454,0.26321852321161154,0.0,0.3536821705426357,0.13902771467514766,0.0,0.03296913356674313,0.10028572578373375,0.009104994164755121,0.054157108937985435,0.022123626705300013,0.0016399050263592096,0.047657853434745864,79.48005955974084,52.328064929517296,6.730653144995775
pulse_high,PULSE,high,229,0.6282949012032677,0.6835687552819026,0.7171113525695199,0.0,0.6835687552819026,0.04634995372047165,0.3360104189277187,0.4827436509659214,0.1812459301063599,0.022988852670127572,0.0,0.003672179967000684,0.014205803050424565,0.012143345808684454,0.26321852321161154,0.0,0.3536821705426357,0.13992666732732137,0.0,0.03296913356674313,0.09205601835083907,0.009104994164755121,0.054157108937985435,0.022123626705300013,0.0016399050263592096,0.04621916374904423,77.46790615316512,52.328064929517296,6.730653144995775
fqa_base,FQA,base,229,0.6282949012032677,0.6835687552819026,0.7171314741035857,0.0,0.6835687552819026,0.04659141212926073,0.33470092852515654,0.48240120924206437,0.1828978622327791,0.05103827115779307,0.014135377681194414,0.004859350476880357,0.04843253249627752,0.028029296953599743,0.5843796797603963,0.45439844760672704,0.4844533600802407,0.4213197969543147,0.0,0.024548271560223753,0.08197512978389472,0.008219646665861806,0.05218519859954123,0.022123626705300013,0.0016399050263592096,0.042375950742484604,71.43144593343796,43.78470739000427,6.6401062416998675
fqa_current,FQA,current,229,0.6282949012032677,0.6835687552819026,0.7171314741035857,0.0,0.6835687552819026,0.04659141212926073,0.33470092852515654,0.48240120924206437,0.1828978622327791,0.05103827115779307,0.01416555998229305,0.004859350476880357,0.048462714797376155,0.0280494184876655,0.5843796797603963,0.4553686934023286,0.4844533600802407,0.4215823560301068,0.0,0.024548271560223753,0.08190470441466458,0.008219646665861806,0.05218519859954123,0.022123626705300013,0.0016399050263592096,0.04236588997545173,71.43144593343796,43.78470739000427,6.6401062416998675
fqa_moderate,FQA,moderate,229,0.6282949012032677,0.6835687552819026,0.717101291802487,0.0,0.6835687552819026,0.04654110829409634,0.33484651967142237,0.482274102896671,0.1828793774319066,0.05103827115779307,0.014618294498772586,0.0050303835164392935,0.05007243752263672,0.02898506982172321,0.5843796797603963,0.4702265372168285,0.5015045135406219,0.43642581550333215,0.0,0.02428669161736891,0.08069741237071915,0.008159282063664534,0.05211477323031108,0.022123626705300013,0.0016399050263592096,0.04211437079962976,71.43144593343796,43.78470739000427,6.61998470763411
fqa_high,FQA,high,229,0.6282949012032677,0.6835687552819026,0.7170711095013884,0.0,0.6835687552819026,0.04649080445893195,0.33477602250595107,0.4823631248647479,0.18286085262930102,0.05103827115779307,0.014980482111956215,0.005130991186768079,0.05147088414020685,0.02989053885468228,0.5843796797603963,0.48297113201427183,0.5115346038114343,0.4496791772875099,0.0,0.0240552939756127,0.07957060646303674,0.008068735160368627,0.05202422632701517,0.022123626705300013,0.0016399050263592096,0.04184273008974204,71.43144593343796,43.78470739000427,6.609923940601232
combined_base,All,base,229,0.6282949012032677,0.6835687552819026,0.7171415348706185,0.0,0.6835687552819026,0.047184997384200573,0.332409381663113,0.48443496801705754,0.18315565031982942,0.022988852670127572,0.0,0.003672179967000684,0.016821602478972998,0.012143345808684454,0.26321852321161154,0.0,0.3536821705426357,0.13904365904365903,0.0,0.03296913356674313,0.1097529075616725,0.009104994164755121,0.054157108937985435,0.022123626705300013,0.0016399050263592096,0.04922733309187492,81.49221296631656,54.46390431439556,6.740713912028653
combined_current,All,current,229,0.6304579661153367,0.6854803010181496,0.7187311360618134,0.0,0.6854803010181496,0.04626946758420862,0.33572515764296584,0.4840182648401826,0.18025657751685148,0.05380498209183468,0.014819509839430159,0.005090748118636565,0.0509779065555958,0.02953841200853153,0.6141479099678456,0.47918022121014964,0.5095669687814703,0.4459994718774756,0.0,0.024105597810777094,0.07978188257072719,0.008028492092237112,0.05207453016217956,0.022123626705300013,0.0016399050263592096,0.04189303392490643,66.40106241699867,38.43074459567654,6.609923940601232
combined_moderate,All,moderate,229,0.7158436959233772,0.7450702241538895,0.7648496921405288,0.0,0.7450702241538895,0.02099682079761761,0.5002395783421179,0.41255390512697654,0.08720651653090561,0.08679423719264356,0.018461507505332205,0.007082779991146525,0.06344319690933237,0.04562557849410439,0.8729130830719417,0.6864945753834643,0.7727771679473107,0.6792330891856958,0.0,0.017777375347096464,0.051159000362187616,0.0065596201054368385,0.05179282868525897,0.021962654432773954,0.0016902088615236026,0.03523280614914081,36.218761318362915,20.07162400566231,5.955974083464123
combined_high,All,high,229,0.850346090385931,0.7663889894965592,0.7663889894965592,0.0,0.7663889894965592,0.0,,,,0.11289186687593063,0.015131393617449394,0.006801078514225924,0.05032395669845869,0.049559338403959916,0.9523041670202834,0.7168732125834127,0.8253968253968254,0.7274578243164631,0.0,0.013773190068010786,0.03578614833594913,0.005795001810938066,0.053523280614914084,0.021962654432773954,0.001559418890096181,0.03289870819751298,28.17014769206004,16.63876207610154,5.5233611010503445
mentors_base,MENTORS,base,230,0.6284055696406294,0.6836995452533301,0.7177149985914926,0.0,0.6836995452533301,0.0411082940963419,0.3489965736661772,0.47944199706314244,0.17156142927068038,0.024799790736045716,0.0,0.0035514507626061413,0.01643929333172361,0.012746991830657169,0.2632984405041658,0.0,0.34271844660194173,0.1407043830190304,0.0,0.027355225562396876,0.10551732464083062,0.00890377882409755,0.05733631132037507,0.022063262103102742,0.001700269628556481,0.025202221417360858,40.24306813151435,22.420567133583877,7.233691496639704
mentors_current,MENTORS,current,230,0.6284055696406294,0.6836995452533301,0.7177049378244598,0.0,0.6836995452533301,0.04082659261942131,0.3506653523903401,0.4785608674223756,0.17077378018728437,0.05745704052476961,0.012575958791098234,0.005090748118636565,0.04952915610286128,0.030715521751378327,0.6100192266609699,0.48374613003095973,0.5075225677031093,0.4426362165078223,0.0,0.01970904261740915,0.07697492856855406,0.007817215984546662,0.05533421868083223,0.022063262103102742,0.001700269628556481,0.021198036138275183,34.206607911787195,16.014690809702767,7.133083826310918
mentors_moderate,MENTORS,moderate,230,0.6284055696406294,0.6836995452533301,0.7175640870859994,0.0,0.6836995452533301,0.04056501267656646,0.35119047619047616,0.47842261904761907,0.17038690476190477,0.07294056098836975,0.015413095094369994,0.006287979395549117,0.06145116503682241,0.03879431767877983,0.7744071779534287,0.6019646365422396,0.6364562118126272,0.5600586832935999,0.0,0.01765664614270192,0.06678337156424806,0.007203509195541068,0.054730572658859514,0.022063262103102742,0.001700269628556481,0.01994044025916536,33.200531208499335,14.947044755722583,7.102901525212283
mentors_high,MENTORS,high,230,0.6284055696406294,0.6836995452533301,0.7174836009497364,0.0,0.6836995452533301,0.040323554267777374,0.3522954091816367,0.47754491017964074,0.17015968063872255,0.08790092156626021,0.018310595999839026,0.007525453740593183,0.07200490965431204,0.04653104752706346,0.9332407605212562,0.7271274470635237,0.7791666666666667,0.6708220076858187,0.0,0.01585576884381665,0.0570847921445531,0.006368465531812146,0.05388546822809771,0.022063262103102742,0.001700269628556481,0.018582236709726748,32.194454505211475,13.8793987017424,7.0928407581794035
prompts_base,PROMPTS,base,230,0.6284055696406294,0.6836995452533301,0.7177149985914926,0.0,0.6836995452533301,0.0411082940963419,0.3489965736661772,0.47944199706314244,0.17156142927068038,0.024799790736045716,0.0,0.0035514507626061413,0.01643929333172361,0.012746991830657169,0.2632984405041658,0.0,0.34271844660194173,0.1407043830190304,0.0,0.027355225562396876,0.10551732464083062,0.00890377882409755,0.05733631132037507,0.022063262103102742,0.001700269628556481,0.025202221417360858,40.24306813151435,22.420567133583877,7.233691496639704
prompts_current,PROMPTS,current,230,0.6303472976779749,0.6854702402511167,0.7192442351804902,0.0,0.6854702402511167,0.04086683568755282,0.34884293451501724,0.48055145248645986,0.1706056129985229,0.024890337639341623,0.0,0.0035615115296390196,0.016429232564690734,0.012777174131755805,0.26347177848775294,0.0,0.34368932038834954,0.1408001379548198,0.0,0.027355225562396876,0.10536641313533744,0.00890377882409755,0.05738661515553946,0.022063262103102742,0.001700269628556481,0.025222342951426616,40.24306813151435,22.413627485511192,7.233691496639704
prompts_moderate,PROMPTS,moderate,230,0.6854702402511167,0.7240935248903376,0.7535816330637047,0.0,0.7240935248903376,0.03572578373375186,0.34384680371726273,0.4854970430864545,0.17065615319628274,0.02726467865910097,0.0,0.0034508430922773553,0.01643929333172361,0.012907964103183227,0.26620825147347743,0.0,0.3399405351833499,0.14512834177102762,0.0,0.027093645619542035,0.1019558131111916,0.008702563483439977,0.05743691899070385,0.022043140569036983,0.0017405126966879955,0.024548271560223753,37.22483802165077,22.25802348751431,6.811139281258804
prompts_high,PROMPTS,high,230,0.8391283351442714,0.7663889894965592,0.7663889894965592,0.0,0.7663889894965592,0.0,,,,0.03360296188981448,0.0,0.0032496277516197835,0.01402470924383275,0.013622278562517607,0.2661142538443152,0.0,0.34582441113490364,0.1434746809386579,0.0,0.02386413940198801,0.08769970622560264,0.007837337518612418,0.061541711940118315,0.021982775966839712,0.0015996619582276954,0.023833957100889373,26.157994285484325,15.617679212868968,5.955974083464123
prompts_high_shift,PROMPTS,high_shift,230,0.8870377077548393,0.8462412974365165,0.852589641434263,0.0,0.8462412974365165,0.009728761720793594,0.3391933815925543,0.47983453981385726,0.1809720785935884,0.03523280614914081,0.0,0.003330113887882812,0.015201818986679544,0.01323996941526822,0.2647814910025707,0.0,0.35401069518716577,0.15591786193375295,0.0,0.02534307215582116,0.0869652702322025,0.007948005955974084,0.0589661555797014,0.02134894764376836,0.0016499657933920881,0.024518089259125117,26.157994285484325,19.672810105611926,5.895609481266852
blood_base,Blood tracking,base,230,0.6284055696406294,0.6836995452533301,0.7177149985914926,0.0,0.6836995452533301,0.0411082940963419,0.3489965736661772,0.47944199706314244,0.17156142927068038,0.024799790736045716,0.0,0.0035514507626061413,0.01643929333172361,0.012746991830657169,0.2632984405041658,0.0,0.34271844660194173,0.1407043830190304,0.0,0.027355225562396876,0.10551732464083062,0.00890377882409755,0.05733631132037507,0.022063262103102742,0.001700269628556481,0.025202221417360858,40.24306813151435,22.420567133583877,7.233691496639704
blood_current,Blood tracking,current,230,0.6284055696406294,0.6836995452533301,0.7177149985914926,0.0,0.6836995452533301,0.0411082940963419,0.3489965736661772,0.47944199706314244,0.17156142927068038,0.024799790736045716,0.0,0.0035514507626061413,0.01643929333172361,0.012746991830657169,0.2632984405041658,0.0,0.34271844660194173,0.1407043830190304,0.0,0.027355225562396876,0.10551732464083062,0.00890377882409755,0.05733631132037507,0.022063262103102742,0.001700269628556481,0.025202221417360858,40.24306813151435,22.420567133583877,7.233691496639704
blood_moderate,Blood tracking,moderate,230,0.6284055696406294,0.6836995452533301,0.7177149985914926,0.0,0.6836995452533301,0.0411082940963419,0.3489965736661772,0.47944199706314244,0.17156142927068038,0.024799790736045716,0.0,0.0035514507626061413,0.01643929333172361,0.012746991830657169,0.2632984405041658,0.0,0.34271844660194173,0.1407043830190304,0.0,0.027355225562396876,0.10551732464083062,0.00890377882409755,0.05733631132037507,0.022063262103102742,0.001700269628556481,0.025202221417360858,38.23091472493863,20.285275025623505,7.233691496639704
blood_high,Blood tracking,high,230,0.6284055696406294,0.6836995452533301,0.7177149985914926,0.0,0.6836995452533301,0.0411082940963419,0.3489965736661772,0.47944199706314244,0.17156142927068038,0.024799790736045716,0.0,0.0035514507626061413,0.01643929333172361,0.012746991830657169,0.2632984405041658,0.0,0.34271844660194173,0.1407043830190304,0.0,0.027355225562396876,0.10551732464083062,0.00890377882409755,0.05733631132037507,0.022063262103102742,0.001700269628556481,0.025202221417360858,34.206607911787195,16.014690809702767,7.233691496639704
referral_base,Transfer & EMT,base,230,0.6284055696406294,0.6836995452533301,0.7177149985914926,0.0,0.6836995452533301,0.0411082940963419,0.3489965736661772,0.47944199706314244,0.17156142927068038,0.024799790736045716,0.0,0.0035514507626061413,0.01643929333172361,0.012746991830657169,0.2632984405041658,0.0,0.34271844660194173,0.1407043830190304,0.0,0.027355225562396876,0.10551732464083062,0.00890377882409755,0.05733631132037507,0.022063262103102742,0.001700269628556481,0.025202221417360858,40.24306813151435,22.420567133583877,7.233691496639704
referral_current,Transfer & EMT,current,230,0.6284055696406294,0.6836995452533301,0.7177149985914926,0.0,0.6836995452533301,0.0411082940963419,0.3489965736661772,0.47944199706314244,0.17156142927068038,0.024799790736045716,0.0,0.0035514507626061413,0.01643929333172361,0.012746991830657169,0.2632984405041658,0.0,0.34271844660194173,0.1407043830190304,0.0,0.027355225562396876,0.10551732464083062,0.00890377882409755,0.05733631132037507,0.022063262103102742,0.001700269628556481,0.025202221417360858,40.24306813151435,22.420567133583877,7.233691496639704
referral_moderate,Transfer & EMT,moderate,230,0.6284055696406294,0.6836995452533301,0.7177149985914926,0.0,0.6836995452533301,0.0411082940963419,0.434654919236417,0.45276554087126775,0.11257953989231523,0.024799790736045716,0.0,0.0035514507626061413,0.01643929333172361,0.012746991830657169,0.2632984405041658,0.0,0.34271844660194173,0.1407043830190304,0.0,0.027355225562396876,0.10551732464083062,0.00890377882409755,0.05733631132037507,0.022063262103102742,0.001700269628556481,0.025202221417360858,38.23091472493863,20.285275025623505,7.233691496639704
referral_high,Transfer & EMT,high,230,0.6284055696406294,0.6836995452533301,0.7177149985914926,0.0,0.6836995452533301,0.0411082940963419,0.51786588350465,0.4145863925599608,0.06754772393538913,0.024799790736045716,0.0,0.0035514507626061413,0.01643929333172361,0.012746991830657169,0.2632984405041658,0.0,0.34271844660194173,0.1407043830190304,0.0,0.027355225562396876,0.10551732464083062,0.00890377882409755,0.05733631132037507,0.022063262103102742,0.001700269628556481,0.025202221417360858,38.23091472493863,20.285275025623505,7.233691496639704
pulse_base,PULSE,base,230,0.6284055696406294,0.6836995452533301,0.7177149985914926,0.0,0.6836995452533301,0.0411082940963419,0.3489965736661772,0.47944199706314244,0.17156142927068038,0.024799790736045716,0.0,0.0035514507626061413,0.01643929333172361,0.012746991830657169,0.2632984405041658,0.0,0.34271844660194173,0.1407043830190304,0.0,0.027355225562396876,0.10551732464083062,0.00890377882409755,0.05733631132037507,0.022063262103102742,0.001700269628556481,0.025202221417360858,40.24306813151435,22.420567133583877,7.233691496639704
pulse_current,PULSE,current,230,0.6284055696406294,0.6836995452533301,0.7177049378244598,0.0,0.6836995452533301,0.041068051028210394,0.349093581577658,0.479421852033317,0.17148456638902498,0.024799790736045716,0.0,0.0035514507626061413,0.01629844259326331,0.012746991830657169,0.2632984405041658,0.0,0.34271844660194173,0.14057618882332523,0.0,0.027355225562396876,0.1046822809771017,0.00890377882409755,0.05733631132037507,0.022063262103102742,0.001700269628556481,0.02513179604813071,40.24306813151435,22.420567133583877,7.233691496639704
pulse_moderate,PULSE,moderate,230,0.6284055696406294,0.6836995452533301,0.7176948770574268,0.0,0.6836995452533301,0.040766228017224036,0.3506910167818361,0.4792694965449161,0.17003948667324778,0.024799790736045716,0.0,0.0035514507626061413,0.015050907481186366,0.012746991830657169,0.2632984405041658,0.0,0.34271844660194173,0.14070729872084273,0.0,0.027355225562396876,0.0964123304760755,0.00890377882409755,0.05733631132037507,0.022063262103102742,0.001700269628556481,0.024186083947040124,40.24306813151435,22.420567133583877,7.223630729606826
pulse_high,PULSE,high,230,0.6284055696406294,0.6836995452533301,0.7176747555233611,0.0,0.6836995452533301,0.040554951909533586,0.35226990821136195,0.47779707268667826,0.16993301910195982,0.024799790736045716,0.0,0.0035514507626061413,0.013793311602076542,0.012746991830657169,0.2632984405041658,0.0,0.34271844660194173,0.14068753206772705,0.0,0.027355225562396876,0.08850456758823293,0.00890377882409755,0.05733631132037507,0.022063262103102742,0.001700269628556481,0.02329067568111393,40.24306813151435,22.420567133583877,7.223630729606826
fqa_base,FQA,base,230,0.6284055696406294,0.6836995452533301,0.7177049378244598,0.0,0.6836995452533301,0.040806471085355546,0.3505917159763314,0.47879684418145957,0.17061143984220908,0.054982091834681474,0.012002495070224153,0.004869411243913236,0.04701396434464163,0.02940762203710411,0.5837427900021362,0.4606177606177606,0.4844844844844845,0.4220175200939221,0.0,0.020041047929494144,0.0778502153004145,0.00797818825707272,0.05544488711819389,0.022063262103102742,0.001700269628556481,0.02135900841080124,35.21268461507505,17.08233686368295,7.163266127409554
fqa_current,FQA,current,230,0.6284055696406294,0.6836995452533301,0.7177049378244598,0.0,0.6836995452533301,0.040806471085355546,0.3505917159763314,0.47879684418145957,0.17061143984220908,0.054982091834681474,0.012032677371322789,0.004879472010946115,0.04704414664574027,0.029427743571169868,0.5837427900021362,0.4617760617760618,0.4854854854854855,0.4222884493813781,0.0,0.020041047929494144,0.0778502153004145,0.00797818825707272,0.05544488711819389,0.022063262103102742,0.001700269628556481,0.02135900841080124,35.21268461507505,17.08233686368295,7.163266127409554
fqa_moderate,FQA,moderate,230,0.6284055696406294,0.6836995452533301,0.7176948770574268,0.0,0.6836995452533301,0.040766228017224036,0.35093780848963474,0.47828232971372164,0.17077986179664364,0.054982091834681474,0.012445168819670812,0.005050505050505051,0.04876453780836251,0.03040363797335909,0.5837427900021362,0.47816003092385,0.5025025025025025,0.4384838067667813,0.0,0.019769407219606423,0.07673347015976498,0.007877580586743933,0.05537446174896374,0.022063262103102742,0.001700269628556481,0.021198036138275183,34.206607911787195,16.014690809702767,7.133083826310918
fqa_high,FQA,high,230,0.6284055696406294,0.6836995452533301,0.7176848162903939,0.0,0.6836995452533301,0.040746106483158274,0.3511111111111111,0.4785185185185185,0.17037037037037037,0.054982091834681474,0.012777174131755805,0.005161173487866715,0.050152923658899756,0.031369471608515435,0.5837427900021362,0.4909161190568226,0.5135135135135135,0.4519492293744334,0.0,0.019598374180047486,0.07560666425208258,0.0078071552175137835,0.05528391484566783,0.022063262103102742,0.001700269628556481,0.02099682079761761,34.206607911787195,16.014690809702767,7.133083826310918
combined_base,All,base,230,0.6284055696406294,0.6836995452533301,0.7177149985914926,0.0,0.6836995452533301,0.0411082940963419,0.3489965736661772,0.47944199706314244,0.17156142927068038,0.024799790736045716,0.0,0.0035514507626061413,0.01643929333172361,0.012746991830657169,0.2632984405041658,0.0,0.34271844660194173,0.1407043830190304,0.0,0.027355225562396876,0.10551732464083062,0.00890377882409755,0.05733631132037507,0.022063262103102742,0.001700269628556481,0.025202221417360858,40.24306813151435,22.420567133583877,7.233691496639704
combined_current,All,current,230,0.6305585737856654,0.6856010302225441,0.7193347820837861,0.0,0.6856010302225441,0.04052476960843495,0.35178748758689177,0.4798907646474677,0.16832174776564052,0.05802044347861081,0.012666505694394141,0.005110869652702322,0.04957945993802568,0.03102740552939756,0.6139024909516713,0.48741773132017036,0.5100401606425703,0.4471869328493648,0.0,0.019668799549277638,0.07576763652460863,0.0078071552175137835,0.055364400981930864,0.022063262103102742,0.001700269628556481,0.02112761076904503,34.206607911787195,16.008708737553228,7.123023059278039
combined_moderate,All,moderate,230,0.7160851543321662,0.745361986397843,0.7650207251800877,0.0,0.745361986397843,0.020584329349269587,0.5117302052785924,0.40762463343108507,0.08064516129032258,0.09358525493983662,0.01707312165479496,0.007203509195541068,0.0609380659181456,0.04757736729848284,0.8727716269468944,0.7130252100840336,0.7707212055974165,0.673,0.0,0.01502072518008773,0.04777858263914041,0.006257797094450481,0.05532415791379935,0.022012958267938348,0.0017103303955893598,0.017334701597649806,21.12761076904503,7.393168712110009,6.328222463680631
combined_high,All,high,230,0.8502857257837337,0.7663889894965592,0.7663889894965592,0.0,0.7663889894965592,0.0,,,,0.12186607106925831,0.015785343474586502,0.007052597690047889,0.04879472010946115,0.05155137027646988,0.9524296272998899,0.75,0.8315539739027283,0.7210823669342848,0.0,0.012676566461427018,0.03371363032717614,0.00541269266368868,0.05681315143466538,0.021912350597609563,0.0015795404241619381,0.01621795645700028,18.109380659181458,8.318170002599429,5.744697975773673
mentors_base,MENTORS,base,231,0.6286570888164513,0.6836391806511328,0.7184494345848927,0.0,0.6836391806511328,0.04683287053804982,0.3359828141783029,0.48292158968850696,0.18109559613319012,0.028321059197553223,0.0,0.003380417723047205,0.015865829610849532,0.012988450239446255,0.2650659133709981,0.0,0.3349950149551346,0.14232851985559566,0.0,0.027083584852509154,0.1004970018914242,0.00882329268783452,0.06252766710934042,0.021882168296510927,0.0018209988329510242,0.04291923216226005,71.43144593343796,46.993484994125815,7.062658457080768
mentors_current,MENTORS,current,231,0.6286570888164513,0.6836391806511328,0.7184091915167612,0.0,0.6836391806511328,0.04621916374904423,0.33826730518067044,0.48149760557248583,0.1802350892468437,0.06514346653788886,0.01302869330757777,0.004869411243913236,0.04798985874683086,0.031138073966759227,0.60969868173258,0.5062548866301798,0.5062761506276151,0.4538102939777376,0.0,0.02021208096905308,0.07183387661475311,0.007787033683448026,0.05980119924343032,0.021882168296510927,0.0018209988329510242,0.037214777254617894,59.358525493983656,34.177079995727865,6.962050786751982
mentors_moderate,MENTORS,moderate,231,0.6286570888164513,0.6836391806511328,0.7182985230793996,0.0,0.6836391806511328,0.045877097669926356,0.3396929824561403,0.47982456140350876,0.18048245614035088,0.08253853273773593,0.01566461427019196,0.006076703287858667,0.058905790977504126,0.03936778139965391,0.7725047080979285,0.6208133971291866,0.6425531914893617,0.5713867473406851,0.0,0.018370960602036298,0.06137067890055938,0.00719344842850819,0.05862408950058352,0.021882168296510927,0.0018209988329510242,0.035262988450239445,55.33421868083222,29.904944996261882,6.921807718620467
mentors_high,MENTORS,high,231,0.6286570888164513,0.6836391806511328,0.7182180369431366,0.0,0.6836391806511328,0.04558533542597288,0.3398808210108144,0.4798057823879938,0.18031339660119178,0.09971226206285967,0.018582236709726748,0.007213569962573946,0.06849370195983742,0.04715481508310194,0.9332391713747646,0.7508130081300813,0.775974025974026,0.6829855537720706,0.0,0.016399050263592098,0.05190349712262063,0.006670288542798503,0.05737655438850658,0.021882168296510927,0.0018209988329510242,0.03324077427663085,53.32206527425651,27.768877496528887,6.881564650488953
prompts_base,PROMPTS,base,231,0.6286570888164513,0.6836391806511328,0.7184494345848927,0.0,0.6836391806511328,0.04683287053804982,0.3359828141783029,0.48292158968850696,0.18109559613319012,0.028321059197553223,0.0,0.003380417723047205,0.015865829610849532,0.012988450239446255,0.2650659133709981,0.0,0.3349950149551346,0.14232851985559566,0.0,0.027083584852509154,0.1004970018914242,0.00882329268783452,0.06252766710934042,0.021882168296510927,0.0018209988329510242,0.04291923216226005,71.43144593343796,46.993484994125815,7.062658457080768
prompts_current,PROMPTS,current,231,0.6306390599219285,0.6854199364159523,0.7199887319409232,0.0,0.6854199364159523,0.04662159443035937,0.33534743202416917,0.4842468709538196,0.18040569702201123,0.028421666867882008,0.0,0.003390478490080084,0.01585576884381665,0.01301863254054489,0.2652831251760729,0.0,0.33599202392821537,0.14239248283339356,0.0,0.02705340255141052,0.10036621191999678,0.00882329268783452,0.06259809247857057,0.021882168296510927,0.0018209988329510242,0.04289911062819429,71.43144593343796,46.97793104920938,7.062658457080768
prompts_moderate,PROMPTS,moderate,231,0.6856815163588071,0.7239224918507787,0.7541249144834802,0.0,0.7239224918507787,0.039267173729325124,0.33948244939789907,0.48373046374583656,0.1767870868562644,0.031067648597529075,0.0,0.003360296188981448,0.01594631574711256,0.013159483279005192,0.26722049151955696,0.0,0.33771486349848334,0.14589469808541974,0.0,0.02669121493822689,0.09804217473540183,0.008662320415308462,0.06324198156867479,0.021831864461346533,0.0018411203670167815,0.042174735401827035,60.36460219727152,43.46996331559193,6.8010785142259245
prompts_high,PROMPTS,high,231,0.8389774236387783,0.7663889894965592,0.7663889894965592,0.0,0.7663889894965592,0.0,,,,0.03813030705460985,0.0,0.0032194454505211478,0.01416555998229305,0.013783250835043663,0.26615168539325845,0.0,0.3429796355841372,0.1463161176348332,0.0,0.021912350597609563,0.08679423719264356,0.007877580586743933,0.06773914443237153,0.021509919916294418,0.0016097227252605739,0.04148054247655841,38.23091472493863,27.08164073078766,6.116946355990181
prompts_high_shift,PROMPTS,high_shift,231,0.8868666747152802,0.8459595959595959,0.8527606744738219,0.0,0.8459595959595959,0.011932069700994004,0.32040472175379425,0.4730185497470489,0.20657672849915684,0.0400317920238239,0.0,0.0032194454505211478,0.015533824298764537,0.013642400096583364,0.26512526652452023,0.0,0.34334763948497854,0.15968559313269212,0.0,0.024226327015171637,0.08634150267616403,0.008199525131796049,0.0647913396917381,0.02134894764376836,0.0015292365889975452,0.040685741880961,43.26129824137792,34.18590918979395,5.613908004346252
blood_base,Blood tracking,base,231,0.6286570888164513,0.6836391806511328,0.7184494345848927,0.0,0.6836391806511328,0.04683287053804982,0.3359828141783029,0.48292158968850696,0.18109559613319012,0.028321059197553223,0.0,0.003380417723047205,0.015865829610849532,0.012988450239446255,0.2650659133709981,0.0,0.3349950149551346,0.14232851985559566,0.0,0.027083584852509154,0.1004970018914242,0.00882329268783452,0.06252766710934042,0.021882168296510927,0.0018209988329510242,0.04291923216226005,71.43144593343796,46.993484994125815,7.062658457080768
blood_current,Blood tracking,current,231,0.6286570888164513,0.6836391806511328,0.7184494345848927,0.0,0.6836391806511328,0.04683287053804982,0.3359828141783029,0.48292158968850696,0.18109559613319012,0.028321059197553223,0.0,0.003380417723047205,0.015865829610849532,0.012988450239446255,0.2650659133709981,0.0,0.3349950149551346,0.14232851985559566,0.0,0.027083584852509154,0.1004970018914242,0.00882329268783452,0.06252766710934042,0.021882168296510927,0.0018209988329510242,0.04291923216226005,69.41929252686225,44.85741749439283,7.062658457080768
blood_moderate,Blood tracking,moderate,231,0.6286570888164513,0.6836391806511328,0.7184494345848927,0.0,0.6836391806511328,0.04683287053804982,0.3359828141783029,0.48292158968850696,0.18109559613319012,0.028321059197553223,0.0,0.003380417723047205,0.015865829610849532,0.012988450239446255,0.2650659133709981,0.0,0.3349950149551346,0.14232851985559566,0.0,0.027083584852509154,0.1004970018914242,0.00882329268783452,0.06252766710934042,0.021882168296510927,0.0018209988329510242,0.04291923216226005,67.40713912028653,42.72134999465983,7.062658457080768
blood_high,Blood tracking,high,231,0.6286570888164513,0.6836391806511328,0.7184494345848927,0.0,0.6836391806511328,0.04683287053804982,0.3359828141783029,0.48292158968850696,0.18109559613319012,0.028321059197553223,0.0,0.003380417723047205,0.015865829610849532,0.012988450239446255,0.2650659133709981,0.0,0.3349950149551346,0.14232851985559566,0.0,0.027083584852509154,0.1004970018914242,0.00882329268783452,0.06252766710934042,0.021882168296510927,0.0018209988329510242,0.04291923216226005,63.3828323071351,38.44921499519385,7.062658457080768
referral_base,Transfer & EMT,base,231,0.6286570888164513,0.6836391806511328,0.7184494345848927,0.0,0.6836391806511328,0.04683287053804982,0.3359828141783029,0.48292158968850696,0.18109559613319012,0.028321059197553223,0.0,0.003380417723047205,0.015865829610849532,0.012988450239446255,0.2650659133709981,0.0,0.3349950149551346,0.14232851985559566,0.0,0.027083584852509154,0.1004970018914242,0.00882329268783452,0.06252766710934042,0.021882168296510927,0.0018209988329510242,0.04291923216226005,71.43144593343796,46.993484994125815,7.062658457080768
referral_current,Transfer & EMT,current,231,0.6286570888164513,0.6836391806511328,0.7184494345848927,0.0,0.6836391806511328,0.04683287053804982,0.3359828141783029,0.48292158968850696,0.18109559613319012,0.028321059197553223,0.0,0.003380417723047205,0.015865829610849532,0.012988450239446255,0.2650659133709981,0.0,0.3349950149551346,0.14232851985559566,0.0,0.027083584852509154,0.1004970018914242,0.00882329268783452,0.06252766710934042,0.021882168296510927,0.0018209988329510242,0.04291923216226005,71.43144593343796,46.993484994125815,7.062658457080768
referral_moderate,Transfer & EMT,moderate,231,0.6286570888164513,0.6836391806511328,0.7184494345848927,0.0,0.6836391806511328,0.04683287053804982,0.42448979591836733,0.45520945220193343,0.12030075187969924,0.028321059197553223,0.0,0.003380417723047205,0.015865829610849532,0.012988450239446255,0.2650659133709981,0.0,0.3349950149551346,0.14232851985559566,0.0,0.027083584852509154,0.1004970018914242,0.00882329268783452,0.06252766710934042,0.021882168296510927,0.0018209988329510242,0.04291923216226005,70.4253692301501,45.925451244259314,7.062658457080768
referral_high,Transfer & EMT,high,231,0.6286570888164513,0.6836391806511328,0.7184494345848927,0.0,0.6836391806511328,0.04683287053804982,0.5067669172932331,0.42363050483351233,0.06960257787325456,0.028321059197553223,0.0,0.003380417723047205,0.015865829610849532,0.012988450239446255,0.2650659133709981,0.0,0.3349950149551346,0.14232851985559566,0.0,0.027083584852509154,0.1004970018914242,0.00882329268783452,0.06252766710934042,0.021882168296510927,0.0018209988329510242,0.04291923216226005,69.41929252686225,44.85741749439283,7.062658457080768
pulse_base,PULSE,base,231,0.6286570888164513,0.6836391806511328,0.7184494345848927,0.0,0.6836391806511328,0.04683287053804982,0.3359828141783029,0.48292158968850696,0.18109559613319012,0.028321059197553223,0.0,0.003380417723047205,0.015865829610849532,0.012988450239446255,0.2650659133709981,0.0,0.3349950149551346,0.14232851985559566,0.0,0.027083584852509154,0.1004970018914242,0.00882329268783452,0.06252766710934042,0.021882168296510927,0.0018209988329510242,0.04291923216226005,71.43144593343796,46.993484994125815,7.062658457080768
pulse_current,PULSE,current,231,0.6286570888164513,0.6836391806511328,0.7184393738178598,0.0,0.6836391806511328,0.046812749003984064,0.3359123146357189,0.4829142488716957,0.18117343649258544,0.028321059197553223,0.0,0.003380417723047205,0.015775282707553625,0.012988450239446255,0.2650659133709981,0.0,0.3349950149551346,0.14253249704572313,0.0,0.027083584852509154,0.09977262666505694,0.00882329268783452,0.06252766710934042,0.021882168296510927,0.0018209988329510242,0.04286892832709566,71.43144593343796,46.993484994125815,7.062658457080768
pulse_moderate,PULSE,moderate,231,0.6286570888164513,0.6836391806511328,0.718429313050827,0.0,0.6836391806511328,0.04649080445893195,0.3369400562648777,0.48214672148885523,0.18091322224626705,0.028321059197553223,0.0,0.003380417723047205,0.014688719868002737,0.012988450239446255,0.2650659133709981,0.0,0.3349950149551346,0.14398422090729784,0.0,0.027083584852509154,0.09183468147611575,0.00882329268783452,0.06252766710934042,0.021882168296510927,0.0018209988329510242,0.041752183186446135,71.43144593343796,46.993484994125815,7.062658457080768
pulse_high,PULSE,high,231,0.6286570888164513,0.6836391806511328,0.7184192522837941,0.0,0.6836391806511328,0.04617892068091271,0.338562091503268,0.4803921568627451,0.18104575163398692,0.028321059197553223,0.0,0.003380417723047205,0.01345124552295867,0.012988450239446255,0.2650659133709981,0.0,0.3349950149551346,0.14380983112832096,0.0,0.027083584852509154,0.08439977463881847,0.00882329268783452,0.06252766710934042,0.021882168296510927,0.0018209988329510242,0.040695802647993884,70.4253692301501,46.993484994125815,7.062658457080768
fqa_base,FQA,base,231,0.6286570888164513,0.6836391806511328,0.7184393738178598,0.0,0.6836391806511328,0.04625940681717574,0.33819051761635494,0.48129621574597653,0.18051326663766856,0.06230633023461709,0.012465290353736568,0.004648074369189907,0.045716125397400297,0.02983017425248501,0.5831450094161958,0.48360655737704916,0.4822546972860125,0.4334223578786723,0.0,0.020463600144875044,0.07294056098836975,0.007907762887842569,0.05997223228298926,0.021882168296510927,0.0018209988329510242,0.03750653949857137,59.358525493983656,34.177079995727865,6.972111553784861
fqa_current,FQA,current,231,0.6286570888164513,0.6836391806511328,0.7184393738178598,0.0,0.6836391806511328,0.04625940681717574,0.33819051761635494,0.48129621574597653,0.18051326663766856,0.06230633023461709,0.012485411887802327,0.004648074369189907,0.04573624693146606,0.029850295786550768,0.5831450094161958,0.4843871975019516,0.4822546972860125,0.4336131247615414,0.0,0.020453539377842167,0.07291037868727111,0.007907762887842569,0.05997223228298926,0.021882168296510927,0.0018209988329510242,0.03749647873153849,59.358525493983656,34.177079995727865,6.972111553784861
fqa_moderate,FQA,moderate,231,0.6286570888164513,0.6836391806511328,0.7184091915167612,0.0,0.6836391806511328,0.046229224516077104,0.3381936887921654,0.48117519042437434,0.18063112078346028,0.06230633023461709,0.012897903336150348,0.004829168175781722,0.04735603042375951,0.03082619018873999,0.5831450094161958,0.5005857087075362,0.5010438413361169,0.4497420217848271,0.0,0.020272445571250353,0.07170308664332568,0.007817215984546662,0.05987162461266047,0.021882168296510927,0.0018209988329510242,0.0372550203227494,59.358525493983656,34.177079995727865,6.962050786751982
fqa_high,FQA,high,231,0.6286570888164513,0.6836391806511328,0.7183890699826955,0.0,0.6836391806511328,0.04615879914684696,0.3384917175239756,0.4810374891020052,0.18047079337401917,0.06230633023461709,0.013199726347136705,0.004929775846110507,0.0485834440017707,0.03181214535796209,0.5831450094161958,0.5131012905748924,0.511482254697286,0.4632134292565947,0.0,0.020111473298724293,0.07046561229828162,0.007746790615316512,0.05971065234013441,0.021882168296510927,0.0018209988329510242,0.03694313654473017,59.358525493983656,34.177079995727865,6.951990019719103
combined_base,All,base,231,0.6286570888164513,0.6836391806511328,0.7184494345848927,0.0,0.6836391806511328,0.04683287053804982,0.3359828141783029,0.48292158968850696,0.18109559613319012,0.028321059197553223,0.0,0.003380417723047205,0.015865829610849532,0.012988450239446255,0.2650659133709981,0.0,0.3349950149551346,0.14232851985559566,0.0,0.027083584852509154,0.1004970018914242,0.00882329268783452,0.06252766710934042,0.021882168296510927,0.0018209988329510242,0.04291923216226005,71.43144593343796,46.993484994125815,7.062658457080768
combined_current,All,current,231,0.630840275262586,0.6855507263873798,0.7200490965431204,0.0,0.6855507263873798,0.04595758380618938,0.33887915936952717,0.4829246935201401,0.17819614711033274,0.0657772948609602,0.013089057909775041,0.004889532777978993,0.04805022334902813,0.03146001851181134,0.6137238336618793,0.509596553074814,0.5089005235602094,0.4583493282149712,0.0,0.02014165559982293,0.07071713147410359,0.007746790615316512,0.05983138154452895,0.021882168296510927,0.0018209988329510242,0.0370236226809932,59.358525493983656,34.16357948904096,6.962050786751982
combined_moderate,All,moderate,231,0.7164574027123828,0.7453519256308101,0.7651515151515151,0.0,0.7453519256308101,0.020694997786631253,0.5065629557608167,0.4093339815264949,0.08410306271268839,0.10627188216829651,0.01709324318886072,0.006931868485653346,0.05897621634673428,0.04799991951386374,0.8725425408888154,0.7435448577680526,0.7767756482525366,0.6871410151213222,0.0,0.015423155861402874,0.044025916535876695,0.006338283230713509,0.059479254698378205,0.02157028451849169,0.0017606342307537528,0.03181214535796209,30.18230109863576,14.790398918187964,6.378526298845024
combined_high,All,high,231,0.850094571210109,0.7663889894965592,0.7663889894965592,0.0,0.7663889894965592,0.0,,,,0.13821481749768602,0.014718902169101373,0.0069721115537848604,0.04777858263914041,0.05239647470723168,0.9522423234213627,0.7724392819429778,0.84,0.7308402585410896,0.0,0.012505533421868083,0.03143989697774558,0.005603847237313372,0.06144110426978953,0.021509919916294418,0.0016097227252605739,0.030745704052476962,24.145840878908608,13.52236911906966,5.865427180168216
mentors_base,MENTORS,base,232,0.6288884864582076,0.6835989375830013,0.717523844017868,0.0,0.6835989375830013,0.04802004104792949,0.3297716320972135,0.4866959983239053,0.1835323695788812,0.024809851503078593,0.0,0.0032395669845869048,0.018240170630608878,0.012334500382309148,0.2635741769987174,0.0,0.3382352941176471,0.1434903047091413,0.0,0.041591210913920075,0.11518572175942694,0.008591895046078313,0.07217594269387098,0.022083383637168497,0.0016700873274578453,0.04946879150066401,91.55297999919513,65.14797133489262,8.360497404322105
mentors_current,MENTORS,current,232,0.6288884864582076,0.6835989375830013,0.7175037224838021,0.0,0.6835989375830013,0.047446577327055414,0.33121289228159456,0.48536895674300257,0.18341815097540287,0.05744697975773673,0.018240170630608878,0.0047386212724858144,0.05535434021489798,0.029206406696446537,0.6103035485250107,0.46594705731174507,0.5141921397379913,0.45463559742191373,0.0,0.031077709364561956,0.08468147611573906,0.007837337518612418,0.07069700994003783,0.022083383637168497,0.0016700873274578453,0.042969535997424445,73.44359934001369,45.923979793448886,8.25988973399332
mentors_moderate,MENTORS,moderate,232,0.6288884864582076,0.6835989375830013,0.7173930540464405,0.0,0.6835989375830013,0.047134693549036176,0.33233724653148344,0.48452508004268946,0.1831376734258271,0.0728198317839752,0.022113565938267132,0.005865427180168216,0.06827236508511408,0.03713429111835486,0.7736212056434374,0.5801002903140671,0.6484983314794216,0.5716451857467779,0.0,0.028099722322829892,0.07384603002132882,0.007283995331804097,0.07012354621916375,0.022083383637168497,0.0016700873274578453,0.04072598494909252,70.4253692301501,42.71998120320827,8.229707432894685
mentors_high,MENTORS,high,232,0.6288884864582076,0.6835989375830013,0.7173226286772103,0.0,0.6835989375830013,0.04673226286772104,0.3321851453175457,0.485037674919268,0.18277717976318622,0.08784055696406294,0.025956778944826755,0.006901686184554711,0.0804861362630287,0.0445390156545535,0.9331979478409577,0.6971088894893273,0.7768969422423556,0.6890611541774333,0.0,0.0253229506217554,0.06279930781922814,0.006700470843897139,0.06947965712905951,0.022083383637168497,0.0016700873274578453,0.038432130065596204,65.39498571371081,37.37998355280724,8.19952513179605
prompts_base,PROMPTS,base,232,0.6288884864582076,0.6835989375830013,0.717523844017868,0.0,0.6835989375830013,0.04802004104792949,0.3297716320972135,0.4866959983239053,0.1835323695788812,0.024809851503078593,0.0,0.0032395669845869048,0.018240170630608878,0.012334500382309148,0.2635741769987174,0.0,0.3382352941176471,0.1434903047091413,0.0,0.041591210913920075,0.11518572175942694,0.008591895046078313,0.07217594269387098,0.022083383637168497,0.0016700873274578453,0.04946879150066401,91.55297999919513,65.14797133489262,8.360497404322105
prompts_current,PROMPTS,current,232,0.6308805183307176,0.6853998148818866,0.7191134452090627,0.0,0.6853998148818866,0.0478288864743048,0.32919646613378206,0.48779974758098443,0.18300378628523348,0.02491045917340738,0.0,0.0032496277516197835,0.018230109863576,0.012364682683407784,0.2638814877970798,0.0,0.3392857142857143,0.1435247524752475,0.0,0.04156102861282144,0.11507505332206527,0.008591895046078313,0.07220612499496962,0.022083383637168497,0.0016700873274578453,0.04943860919956537,91.55297999919513,65.12571398067581,8.370558171354984
prompts_moderate,PROMPTS,moderate,232,0.6859330355346291,0.7239426133848444,0.7535413899955733,0.0,0.7239426133848444,0.03971990824580466,0.3333333333333333,0.4870820668693009,0.17958459979736577,0.02717413175580506,0.0,0.003189263149422512,0.018350839067970543,0.01260614109219687,0.2657418339236521,0.0,0.337953091684435,0.14739393939393938,0.0,0.04051470884140207,0.11225803855285928,0.008420862006519376,0.07246770493782446,0.022123626705300013,0.0016902088615236026,0.04834198559298161,76.46182944987726,58.31027427032643,7.787033683448026
prompts_high,PROMPTS,high,232,0.8387762082981206,0.7663889894965592,0.7663889894965592,0.0,0.7663889894965592,0.0,,,,0.03352247575355145,0.0,0.0030484124109622117,0.016127409553704373,0.013078997142742162,0.2659854713818153,0.0,0.34668192219679633,0.14717223650385605,0.0,0.0338746025997022,0.0986659422914403,0.007575757575757576,0.07776972916415148,0.021912350597609563,0.0015392973560304237,0.04696366050947724,46.2795283512415,33.334375032553105,6.670288542798503
prompts_high_shift,PROMPTS,high_shift,232,0.8865346694031953,0.8456376514145438,0.8525997022012958,0.0,0.8456376514145438,0.012736931063624292,0.3175355450236967,0.4755134281200632,0.20695102685624012,0.0351925630810093,0.0,0.0030282908768964546,0.017415187733912832,0.012978389472413377,0.2647392719291607,0.0,0.34597701149425286,0.15864723673357162,0.0,0.035625176063423074,0.0984345446496841,0.007817215984546662,0.07406736689605216,0.020896213127288826,0.0016197834922934524,0.04617892068091271,42.25522153809006,35.22038638835655,6.2678578614833595
blood_base,Blood tracking,base,232,0.6288884864582076,0.6835989375830013,0.717523844017868,0.0,0.6835989375830013,0.04802004104792949,0.3297716320972135,0.4866959983239053,0.1835323695788812,0.024809851503078593,0.0,0.0032395669845869048,0.018240170630608878,0.012334500382309148,0.2635741769987174,0.0,0.3382352941176471,0.1434903047091413,0.0,0.041591210913920075,0.11518572175942694,0.008591895046078313,0.07217594269387098,0.022083383637168497,0.0016700873274578453,0.04946879150066401,91.55297999919513,65.14797133489262,8.360497404322105
blood_current,Blood tracking,current,232,0.6288884864582076,0.6835989375830013,0.717523844017868,0.0,0.6835989375830013,0.04802004104792949,0.3297716320972135,0.4866959983239053,0.1835323695788812,0.024809851503078593,0.0,0.0032395669845869048,0.018240170630608878,0.012334500382309148,0.2635741769987174,0.0,0.3382352941176471,0.1434903047091413,0.0,0.041591210913920075,0.11518572175942694,0.008591895046078313,0.07217594269387098,0.022083383637168497,0.0016700873274578453,0.04946879150066401,82.4982896696044,55.53597556417075,8.360497404322105
blood_moderate,Blood tracking,moderate,232,0.6288884864582076,0.6835989375830013,0.717523844017868,0.0,0.6835989375830013,0.04802004104792949,0.3297716320972135,0.4866959983239053,0.1835323695788812,0.024809851503078593,0.0,0.0032395669845869048,0.018240170630608878,0.012334500382309148,0.2635741769987174,0.0,0.3382352941176471,0.1434903047091413,0.0,0.041591210913920075,0.11518572175942694,0.008591895046078313,0.07217594269387098,0.022083383637168497,0.0016700873274578453,0.04946879150066401,80.4861362630287,53.39997650401034,8.360497404322105
blood_high,Blood tracking,high,232,0.6288884864582076,0.6835989375830013,0.717523844017868,0.0,0.6835989375830013,0.04802004104792949,0.3297716320972135,0.4866959983239053,0.1835323695788812,0.024809851503078593,0.0,0.0032395669845869048,0.018240170630608878,0.012334500382309148,0.2635741769987174,0.0,0.3382352941176471,0.1434903047091413,0.0,0.041591210913920075,0.11518572175942694,0.008591895046078313,0.07217594269387098,0.022083383637168497,0.0016700873274578453,0.04946879150066401,75.4557527465894,48.0599788536093,8.360497404322105
referral_base,Transfer & EMT,base,232,0.6288884864582076,0.6835989375830013,0.717523844017868,0.0,0.6835989375830013,0.04802004104792949,0.3297716320972135,0.4866959983239053,0.1835323695788812,0.024809851503078593,0.0,0.0032395669845869048,0.018240170630608878,0.012334500382309148,0.2635741769987174,0.0,0.3382352941176471,0.1434903047091413,0.0,0.041591210913920075,0.11518572175942694,0.008591895046078313,0.07217594269387098,0.022083383637168497,0.0016700873274578453,0.04946879150066401,91.55297999919513,65.14797133489262,8.360497404322105
referral_current,Transfer & EMT,current,232,0.6288884864582076,0.6835989375830013,0.717523844017868,0.0,0.6835989375830013,0.04802004104792949,0.3297716320972135,0.4866959983239053,0.1835323695788812,0.024809851503078593,0.0,0.0032395669845869048,0.018240170630608878,0.012334500382309148,0.2635741769987174,0.0,0.3382352941176471,0.1434903047091413,0.0,0.041591210913920075,0.11518572175942694,0.008591895046078313,0.07217594269387098,0.022083383637168497,0.0016700873274578453,0.04946879150066401,91.55297999919513,65.14797133489262,8.360497404322105
referral_moderate,Transfer & EMT,moderate,232,0.6288884864582076,0.6835989375830013,0.717523844017868,0.0,0.6835989375830013,0.04802004104792949,0.4202807458621412,0.45652629373559606,0.12319296040226273,0.024809851503078593,0.0,0.0032395669845869048,0.018240170630608878,0.012334500382309148,0.2635741769987174,0.0,0.3382352941176471,0.1434903047091413,0.0,0.041591210913920075,0.11518572175942694,0.008591895046078313,0.07217594269387098,0.022083383637168497,0.0016700873274578453,0.04946879150066401,91.55297999919513,65.14797133489262,8.360497404322105
referral_high,Transfer & EMT,high,232,0.6288884864582076,0.6835989375830013,0.717523844017868,0.0,0.6835989375830013,0.04802004104792949,0.5053425518541798,0.4202807458621412,0.07437670228367903,0.024809851503078593,0.0,0.0032395669845869048,0.018240170630608878,0.012334500382309148,0.2635741769987174,0.0,0.3382352941176471,0.1434903047091413,0.0,0.041591210913920075,0.11518572175942694,0.008591895046078313,0.07217594269387098,0.022083383637168497,0.0016700873274578453,0.04946879150066401,88.53474988933156,61.943972744651994,8.360497404322105
pulse_base,PULSE,base,232,0.6288884864582076,0.6835989375830013,0.717523844017868,0.0,0.6835989375830013,0.04802004104792949,0.3297716320972135,0.4866959983239053,0.1835323695788812,0.024809851503078593,0.0,0.0032395669845869048,0.018240170630608878,0.012334500382309148,0.2635741769987174,0.0,0.3382352941176471,0.1434903047091413,0.0,0.041591210913920075,0.11518572175942694,0.008591895046078313,0.07217594269387098,0.022083383637168497,0.0016700873274578453,0.04946879150066401,91.55297999919513,65.14797133489262,8.360497404322105
pulse_current,PULSE,current,232,0.6288884864582076,0.6835989375830013,0.717513783250835,0.0,0.6835989375830013,0.047979797979797977,0.3298385405745439,0.4866848395890124,0.1834766198364437,0.024809851503078593,0.0,0.0032395669845869048,0.018119441426214335,0.012334500382309148,0.2635741769987174,0.0,0.3382352941176471,0.14373503591380687,0.0,0.041591210913920075,0.11420982735723771,0.008591895046078313,0.07217594269387098,0.022083383637168497,0.0016700873274578453,0.04939836613143386,91.55297999919513,65.14797133489262,8.360497404322105
pulse_moderate,PULSE,moderate,232,0.6288884864582076,0.6835989375830013,0.7175037224838021,0.0,0.6835989375830013,0.04753712423035132,0.3314285714285714,0.4857142857142857,0.18285714285714286,0.024809851503078593,0.0,0.0032395669845869048,0.016771298643808604,0.012334500382309148,0.2635741769987174,0.0,0.3382352941176471,0.14414180717682662,0.0,0.041591210913920075,0.10528592699907441,0.008591895046078313,0.07217594269387098,0.022083383637168497,0.0016700873274578453,0.04804016258199525,89.54082659261942,63.0119722747322,8.340375870256349
pulse_high,PULSE,high,232,0.6288884864582076,0.6835989375830013,0.7175037224838021,0.0,0.6835989375830013,0.04725542275343072,0.33297849691292314,0.4845646157121567,0.18245688737492016,0.024809851503078593,0.0,0.0032395669845869048,0.015332608958106966,0.012334500382309148,0.2635741769987174,0.0,0.3382352941176471,0.1437735849056604,0.0,0.041591210913920075,0.09663366735079883,0.008591895046078313,0.07217594269387098,0.022083383637168497,0.0016700873274578453,0.04676244516881967,89.54082659261942,63.0119722747322,8.33031510322347
fqa_base,FQA,base,232,0.6288884864582076,0.6835989375830013,0.717513783250835,0.0,0.6835989375830013,0.047456638094088295,0.3313546745813017,0.48505405978376087,0.18359126563493747,0.054941848766549964,0.017545977705340256,0.004547466698861121,0.05246690007646183,0.027999114652501107,0.5836896109448483,0.44614991046303404,0.4923747276688453,0.4331755129163552,0.0,0.0314801400458771,0.0856070666827639,0.007927884421908326,0.07078755684333374,0.022083383637168497,0.0016700873274578453,0.04321099440621353,73.44359934001369,45.923979793448886,8.280011268059077
fqa_current,FQA,current,232,0.6288884864582076,0.6835989375830013,0.717513783250835,0.0,0.6835989375830013,0.047456638094088295,0.3313546745813017,0.48505405978376087,0.18359126563493747,0.054941848766549964,0.01757616000643889,0.004547466698861121,0.05248702161052759,0.028019236186566866,0.5836896109448483,0.4469173701713993,0.4923747276688453,0.4333776374813092,0.0,0.03147007927884422,0.08556682361463237,0.007927884421908326,0.07077749607630086,0.022083383637168497,0.0016700873274578453,0.04320093363918065,73.44359934001369,45.923979793448886,8.280011268059077
fqa_moderate,FQA,moderate,232,0.6288884864582076,0.6835989375830013,0.7174936617167693,0.0,0.6835989375830013,0.04741639502595678,0.33142372162104816,0.48525355399957565,0.1833227243793762,0.054941848766549964,0.01816974526137873,0.0046983782043542996,0.054368385045675885,0.028934765986558815,0.5836896109448483,0.46260245901639346,0.5087145969498911,0.4495092330727001,0.0,0.03124874240412089,0.08444001770694998,0.007877580586743933,0.0707070707070707,0.022083383637168497,0.0016700873274578453,0.042979596764457326,73.44359934001369,45.923979793448886,8.25988973399332
fqa_high,FQA,high,232,0.6288884864582076,0.6835989375830013,0.7174735401827035,0.0,0.6835989375830013,0.047396273491891024,0.33113988537465505,0.485459562725536,0.18340055189980894,0.054941848766549964,0.01859229747675963,0.004798985874683086,0.05597810777093645,0.029799991951386374,0.5836896109448483,0.47372468597795436,0.5196078431372549,0.4634349491920706,0.0,0.03096704092720029,0.08325284719707031,0.007857459052678177,0.0706668276389392,0.022083383637168497,0.0016700873274578453,0.04282868525896414,73.44359934001369,45.923979793448886,8.25988973399332
combined_base,All,base,232,0.6288884864582076,0.6835989375830013,0.717523844017868,0.0,0.6835989375830013,0.04802004104792949,0.3297716320972135,0.4866959983239053,0.1835323695788812,0.024809851503078593,0.0,0.0032395669845869048,0.018240170630608878,0.012334500382309148,0.2635741769987174,0.0,0.3382352941176471,0.1434903047091413,0.0,0.041591210913920075,0.11518572175942694,0.008591895046078313,0.07217594269387098,0.022083383637168497,0.0016700873274578453,0.04946879150066401,91.55297999919513,65.14797133489262,8.360497404322105
combined_current,All,current,232,0.6310716729043422,0.6855205440862812,0.7191637490442271,0.0,0.6855205440862812,0.04717493661716769,0.33162721262529327,0.48667093196843675,0.18170185540626999,0.05801038271157793,0.01838102136906918,0.004748682039518693,0.05529397561270071,0.029478047406334258,0.6142537551933525,0.4702702702702703,0.5158469945355191,0.4586497538179087,0.0,0.031017344762364684,0.08333333333333333,0.007827276751579541,0.07069700994003783,0.022083383637168497,0.0016700873274578453,0.042808563724898385,67.40713912028653,39.5003736521832,8.280011268059077
combined_moderate,All,moderate,232,0.7166384965189746,0.7453418648637772,0.7648899352086603,0.0,0.7453418648637772,0.020684937019598375,0.5014591439688716,0.4143968871595331,0.08414396887159534,0.0933538572980804,0.02350195178880438,0.006539498571371081,0.06915771258400741,0.045283512414986515,0.8723324245557958,0.6838407494145199,0.7683215130023641,0.6913406416574475,0.0,0.023602559459133164,0.05340255141051954,0.006418769366976538,0.071179926757616,0.02200289750090547,0.001680148094490724,0.03662119199967805,37.22483802165077,20.071836044791887,7.0525976900478895
combined_high,All,high,232,0.8499034166364844,0.7663889894965592,0.7663889894965592,0.0,0.7663889894965592,0.0,,,,0.12161455189343635,0.02030262787234899,0.006569680872469717,0.05612901927642964,0.04919715079077629,0.952410967538607,0.7178939879046603,0.8276299112801014,0.7345622119815668,0.0,0.018894120487745986,0.03855285926999075,0.005744697975773673,0.07425852146967685,0.021912350597609563,0.0015392973560304237,0.03477001086562839,27.16407098877218,14.562854319446613,6.539498571371081
mentors_base,MENTORS,base,233,0.6290393979637008,0.6838202744577246,0.7179866393013803,0.0,0.6838202744577246,0.041017747193045996,0.35221976943831246,0.47633063527103264,0.1714495952906549,0.03495110467222021,0.0,0.0034407823252444766,0.014708841402068493,0.012706748762525656,0.26460507273973644,0.0,0.33463796477495106,0.14609773158788847,0.0,0.029005191355788964,0.09033562718821683,0.00825988973399332,0.05191355788965351,0.02207332287013562,0.0016902088615236026,0.02336110105034408,39.23699142822649,22.41386671220595,6.851382349390318
mentors_current,MENTORS,current,233,0.6290393979637008,0.6838202744577246,0.7179564570002817,0.0,0.6838202744577246,0.04062537727876373,0.35438335809806837,0.47622585438335807,0.16939078751857356,0.08005352328061491,0.013893919272405329,0.004959958147209143,0.04391524809851503,0.02997102499094531,0.6060629141594942,0.5067889908256881,0.5066803699897225,0.4630317174074467,0.0,0.0203428709404805,0.06275906475109662,0.006921807718620467,0.04954927763692704,0.02207332287013562,0.0016902088615236026,0.019135578896535072,35.21268461507505,18.144558767023867,6.730653144995775
mentors_moderate,MENTORS,moderate,233,0.6290393979637008,0.6838202744577246,0.7178055454947885,0.0,0.6838202744577246,0.040323554267777374,0.3555389221556886,0.4752994011976048,0.1691616766467066,0.10162380779910661,0.016771298643808604,0.006016338685661394,0.0536540705863415,0.03802969938428106,0.7693655266966258,0.6243445692883896,0.6294736842105263,0.5823323869840576,0.0,0.017908165318523885,0.05288945229184273,0.00597609561752988,0.04875447704132963,0.02207332287013562,0.0016902088615236026,0.017968529920721156,33.200531208499335,16.00990479443282,6.710531610930017
mentors_high,MENTORS,high,233,0.6290393979637008,0.6838202744577246,0.7177451808925912,0.0,0.6838202744577246,0.04002173125679102,0.3559577677224736,0.47561588738059324,0.16842634489693314,0.12323433538572981,0.01993037949213248,0.007243752263672582,0.06264839631373496,0.045595396193005754,0.9329728082869982,0.7578423871461362,0.7783783783783784,0.7010019137678712,0.0,0.01585576884381665,0.04370397199082458,0.005211477323031108,0.04779870417320616,0.02207332287013562,0.0016902088615236026,0.01643929333172361,33.200531208499335,16.00990479443282,6.690410076864261
prompts_base,PROMPTS,base,233,0.6290393979637008,0.6838202744577246,0.7179866393013803,0.0,0.6838202744577246,0.041017747193045996,0.35221976943831246,0.47633063527103264,0.1714495952906549,0.03495110467222021,0.0,0.0034407823252444766,0.014708841402068493,0.012706748762525656,0.26460507273973644,0.0,0.33463796477495106,0.14609773158788847,0.0,0.029005191355788964,0.09033562718821683,0.00825988973399332,0.05191355788965351,0.02207332287013562,0.0016902088615236026,0.02336110105034408,39.23699142822649,22.41386671220595,6.851382349390318
prompts_current,PROMPTS,current,233,0.6310515513702765,0.6856815163588071,0.7196164835607066,0.0,0.6856815163588071,0.04078634955128979,0.3519980266403552,0.47705969412925503,0.17094227923038974,0.035061773109581876,0.0,0.0034508430922773553,0.014698780635035616,0.012736931063624292,0.2647773894544902,0.0,0.3356164383561644,0.14617308654327163,0.0,0.028995130588756086,0.09022495875085516,0.00825988973399332,0.0519638617248179,0.02207332287013562,0.0016902088615236026,0.02336110105034408,39.23699142822649,22.40621399001323,6.851382349390318
prompts_moderate,PROMPTS,moderate,233,0.6862046762445169,0.7244154694353897,0.7540544891142501,0.0,0.7244154694353897,0.03576602680188338,0.349929676511955,0.4810126582278481,0.16905766526019692,0.03813030705460985,0.0,0.003430721558211598,0.014759145237232887,0.012907964103183227,0.26546193177838484,0.0,0.33562992125984253,0.1489945155393053,0.0,0.028894522918427302,0.08852468912229869,0.008269950501026198,0.0522455632017385,0.022063262103102742,0.0016902088615236026,0.022697090426174092,34.206607911787195,21.188909724650117,6.489194736206689
prompts_high,PROMPTS,high,233,0.8386756006277919,0.7663889894965592,0.7663889894965592,0.0,0.7663889894965592,0.0,,,,0.046863052839148454,0.0,0.0032999315867841762,0.013189665580103828,0.013491488591090185,0.2655795655396545,0.0,0.3371017471736896,0.14760189146588606,0.0,0.02505130991186768,0.0797315787355628,0.007867519819711054,0.05618938387862691,0.02221417360859592,0.0015996619582276954,0.02228459897782607,24.145840878908608,14.576045310677994,6.116946355990181
prompts_high_shift,PROMPTS,high_shift,233,0.8863736971306693,0.8455873475793795,0.8525997022012958,0.0,0.8455873475793795,0.010362590043864944,0.3466019417475728,0.46310679611650485,0.19029126213592232,0.04943860919956537,0.0,0.0034407823252444766,0.014839631373495915,0.013501549358123064,0.2654637782939874,0.0,0.34580384226491406,0.16341679592288944,0.0,0.027164070988772184,0.08025473862127248,0.007887641353776812,0.054147048170952554,0.02099682079761761,0.0016197834922934524,0.023662924061330436,30.18230109863576,23.815440689198144,5.593786470280494
blood_base,Blood tracking,base,233,0.6290393979637008,0.6838202744577246,0.7179866393013803,0.0,0.6838202744577246,0.041017747193045996,0.35221976943831246,0.47633063527103264,0.1714495952906549,0.03495110467222021,0.0,0.0034407823252444766,0.014708841402068493,0.012706748762525656,0.26460507273973644,0.0,0.33463796477495106,0.14609773158788847,0.0,0.029005191355788964,0.09033562718821683,0.00825988973399332,0.05191355788965351,0.02207332287013562,0.0016902088615236026,0.02336110105034408,39.23699142822649,22.41386671220595,6.851382349390318
blood_current,Blood tracking,current,233,0.6290393979637008,0.6838202744577246,0.7179866393013803,0.0,0.6838202744577246,0.041017747193045996,0.35221976943831246,0.47633063527103264,0.1714495952906549,0.03495110467222021,0.0,0.0034407823252444766,0.014708841402068493,0.012706748762525656,0.26460507273973644,0.0,0.33463796477495106,0.14609773158788847,0.0,0.029005191355788964,0.09033562718821683,0.00825988973399332,0.05191355788965351,0.02207332287013562,0.0016902088615236026,0.02336110105034408,38.23091472493863,21.346539725910432,6.851382349390318
blood_moderate,Blood tracking,moderate,233,0.6290393979637008,0.6838202744577246,0.7179866393013803,0.0,0.6838202744577246,0.041017747193045996,0.35221976943831246,0.47633063527103264,0.1714495952906549,0.03495110467222021,0.0,0.0034407823252444766,0.014708841402068493,0.012706748762525656,0.26460507273973644,0.0,0.33463796477495106,0.14609773158788847,0.0,0.029005191355788964,0.09033562718821683,0.00825988973399332,0.05191355788965351,0.02207332287013562,0.0016902088615236026,0.02336110105034408,37.22483802165077,20.27921273961491,6.851382349390318
blood_high,Blood tracking,high,233,0.6290393979637008,0.6838202744577246,0.7179866393013803,0.0,0.6838202744577246,0.041017747193045996,0.35221976943831246,0.47633063527103264,0.1714495952906549,0.03495110467222021,0.0,0.0034407823252444766,0.014708841402068493,0.012706748762525656,0.26460507273973644,0.0,0.33463796477495106,0.14609773158788847,0.0,0.029005191355788964,0.09033562718821683,0.00825988973399332,0.05191355788965351,0.02207332287013562,0.0016902088615236026,0.02336110105034408,33.200531208499335,16.00990479443282,6.851382349390318
referral_base,Transfer & EMT,base,233,0.6290393979637008,0.6838202744577246,0.7179866393013803,0.0,0.6838202744577246,0.041017747193045996,0.35221976943831246,0.47633063527103264,0.1714495952906549,0.03495110467222021,0.0,0.0034407823252444766,0.014708841402068493,0.012706748762525656,0.26460507273973644,0.0,0.33463796477495106,0.14609773158788847,0.0,0.029005191355788964,0.09033562718821683,0.00825988973399332,0.05191355788965351,0.02207332287013562,0.0016902088615236026,0.02336110105034408,39.23699142822649,22.41386671220595,6.851382349390318
referral_current,Transfer & EMT,current,233,0.6290393979637008,0.6838202744577246,0.7179866393013803,0.0,0.6838202744577246,0.041017747193045996,0.35221976943831246,0.47633063527103264,0.1714495952906549,0.03495110467222021,0.0,0.0034407823252444766,0.014708841402068493,0.012706748762525656,0.26460507273973644,0.0,0.33463796477495106,0.14609773158788847,0.0,0.029005191355788964,0.09033562718821683,0.00825988973399332,0.05191355788965351,0.02207332287013562,0.0016902088615236026,0.02336110105034408,39.23699142822649,22.41386671220595,6.851382349390318
referral_moderate,Transfer & EMT,moderate,233,0.6290393979637008,0.6838202744577246,0.7179866393013803,0.0,0.6838202744577246,0.041017747193045996,0.4380672062791268,0.44763306352710325,0.11429973019376993,0.03495110467222021,0.0,0.0034407823252444766,0.014708841402068493,0.012706748762525656,0.26460507273973644,0.0,0.33463796477495106,0.14609773158788847,0.0,0.029005191355788964,0.09033562718821683,0.00825988973399332,0.05191355788965351,0.02207332287013562,0.0016902088615236026,0.02336110105034408,38.23091472493863,21.346539725910432,6.851382349390318
referral_high,Transfer & EMT,high,233,0.6290393979637008,0.6838202744577246,0.7179866393013803,0.0,0.6838202744577246,0.041017747193045996,0.5234240863379936,0.4074074074074074,0.06916850625459897,0.03495110467222021,0.0,0.0034407823252444766,0.014708841402068493,0.012706748762525656,0.26460507273973644,0.0,0.33463796477495106,0.14609773158788847,0.0,0.029005191355788964,0.09033562718821683,0.00825988973399332,0.05191355788965351,0.02207332287013562,0.0016902088615236026,0.02336110105034408,38.23091472493863,21.346539725910432,6.851382349390318
pulse_base,PULSE,base,233,0.6290393979637008,0.6838202744577246,0.7179866393013803,0.0,0.6838202744577246,0.041017747193045996,0.35221976943831246,0.47633063527103264,0.1714495952906549,0.03495110467222021,0.0,0.0034407823252444766,0.014708841402068493,0.012706748762525656,0.26460507273973644,0.0,0.33463796477495106,0.14609773158788847,0.0,0.029005191355788964,0.09033562718821683,0.00825988973399332,0.05191355788965351,0.02207332287013562,0.0016902088615236026,0.02336110105034408,39.23699142822649,22.41386671220595,6.851382349390318
pulse_current,PULSE,current,233,0.6290393979637008,0.6838202744577246,0.7179765785343475,0.0,0.6838202744577246,0.04100768642601312,0.352306182531894,0.47620215897939155,0.17149165848871442,0.03495110467222021,0.0,0.0034407823252444766,0.01458811219767395,0.012706748762525656,0.26460507273973644,0.0,0.33463796477495106,0.1459486663311525,0.0,0.029005191355788964,0.08970179886514548,0.00825988973399332,0.05191355788965351,0.02207332287013562,0.0016902088615236026,0.02334097951627832,39.23699142822649,22.41386671220595,6.851382349390318
pulse_moderate,PULSE,moderate,233,0.6290393979637008,0.6838202744577246,0.7179665177673146,0.0,0.6838202744577246,0.0407360457161254,0.35391454680167944,0.4749320819955545,0.1711533712027661,0.03495110467222021,0.0,0.0034407823252444766,0.013551853193287456,0.012706748762525656,0.26460507273973644,0.0,0.33463796477495106,0.1470524017467249,0.0,0.029005191355788964,0.08258883657290032,0.00825988973399332,0.05191355788965351,0.02207332287013562,0.0016902088615236026,0.022515996619582278,39.23699142822649,22.41386671220595,6.851382349390318
pulse_high,PULSE,high,233,0.6290393979637008,0.6838202744577246,0.7179665177673146,0.0,0.6838202744577246,0.040595194977665096,0.35489467162329613,0.47410161090458486,0.17100371747211895,0.03495110467222021,0.0,0.0034407823252444766,0.01239486498450642,0.012706748762525656,0.26460507273973644,0.0,0.33463796477495106,0.14666666666666667,0.0,0.029005191355788964,0.07579781882570727,0.00825988973399332,0.05191355788965351,0.02207332287013562,0.0016902088615236026,0.021761439092116384,39.23699142822649,22.41386671220595,6.851382349390318
fqa_base,FQA,base,233,0.6290393979637008,0.6838202744577246,0.7179765785343475,0.0,0.6838202744577246,0.04064549881282949,0.35445544554455444,0.4762376237623762,0.16930693069306932,0.07655237635317316,0.01331039478449837,0.004728560505452936,0.04179242625457765,0.028783854481065636,0.5795567065275344,0.4840834248079034,0.48205128205128206,0.44172692471288816,0.0,0.020735240854762766,0.0637550806873516,0.007082779991146525,0.049659946074288704,0.02207332287013562,0.0016902088615236026,0.019377037305324158,35.21268461507505,18.144558767023867,6.740713912028653
fqa_current,FQA,current,233,0.6290393979637008,0.6838202744577246,0.7179765785343475,0.0,0.6838202744577246,0.04064549881282949,0.35445544554455444,0.4762376237623762,0.16930693069306932,0.07655237635317316,0.013340577085597006,0.004728560505452936,0.041812547788643406,0.028803976015131395,0.5795567065275344,0.48518111964873767,0.48205128205128206,0.4419396001701404,0.0,0.02072518008772989,0.06374501992031872,0.007082779991146525,0.049659946074288704,0.02207332287013562,0.0016902088615236026,0.01936697653829128,35.21268461507505,18.144558767023867,6.740713912028653
fqa_moderate,FQA,moderate,233,0.6290393979637008,0.6838202744577246,0.7179463962332489,0.0,0.6838202744577246,0.04061531651173086,0.354471141937082,0.4760961109734952,0.16943274708942282,0.07655237635317316,0.013773190068010786,0.004919715079077629,0.04336190591170671,0.02968932351402471,0.5795567065275344,0.5016489556614144,0.5015384615384615,0.4588034915903768,0.0,0.020453539377842167,0.06272888244999798,0.006982172320817739,0.049569399170992796,0.02207332287013562,0.0016902088615236026,0.01914563966356795,35.21268461507505,18.144558767023867,6.730653144995775
fqa_high,FQA,high,233,0.6290393979637008,0.6838202744577246,0.7179061531651173,0.0,0.6838202744577246,0.04056501267656646,0.35466269841269843,0.4759424603174603,0.16939484126984128,0.07655237635317316,0.0140951346130629,0.005010261982373536,0.04441828645015896,0.030554549478852267,0.5795567065275344,0.5141284403669725,0.5107692307692308,0.4717888437700363,0.0,0.020171837900921565,0.06168256267857861,0.006861443116423196,0.049509034568795525,0.02207332287013562,0.0016902088615236026,0.019034971226206288,35.21268461507505,18.144558767023867,6.730653144995775
combined_base,All,base,233,0.6290393979637008,0.6838202744577246,0.7179866393013803,0.0,0.6838202744577246,0.041017747193045996,0.35221976943831246,0.47633063527103264,0.1714495952906549,0.03495110467222021,0.0,0.0034407823252444766,0.014708841402068493,0.012706748762525656,0.26460507273973644,0.0,0.33463796477495106,0.14609773158788847,0.0,0.029005191355788964,0.09033562718821683,0.00825988973399332,0.05191355788965351,0.02207332287013562,0.0016902088615236026,0.02336110105034408,39.23699142822649,22.41386671220595,6.851382349390318
combined_current,All,current,233,0.6312427059439012,0.6858022455632017,0.7196466658618053,0.0,0.6858022455632017,0.040333615034810255,0.35520079820404094,0.47692691444250435,0.16787228735345472,0.08082820234214656,0.013984466175701236,0.004959958147209143,0.04385488349631776,0.03025272646786591,0.6102081118031293,0.5106539309331374,0.5082474226804123,0.46710244320617234,0.0,0.020252324037184594,0.061742927280775885,0.0068513823493903175,0.049569399170992796,0.02207332287013562,0.0016902088615236026,0.019115457362469314,34.206607911787195,17.07049045652893,6.720592377962896
combined_moderate,All,moderate,233,0.7167592257233691,0.7457040524769608,0.7650710290152521,0.0,0.7457040524769608,0.020202020202020204,0.5069721115537849,0.40886454183266935,0.08416334661354581,0.13072960682522436,0.018471568272365086,0.007042536923015011,0.054147048170952554,0.04655116906112922,0.8692220215399024,0.7454323995127893,0.7734806629834254,0.7032536260290082,0.0,0.014990542878989094,0.03770775483922894,0.005231598857096865,0.04902611775121735,0.022012958267938348,0.0016700873274578453,0.015392973560304238,20.121534065757174,7.390436774813391,6.207493259286088
combined_high,All,high,233,0.8497726266650569,0.7663889894965592,0.7663889894965592,0.0,0.7663889894965592,0.0,,,,0.17037908970179885,0.016761237876775727,0.007042536923015011,0.044438407984224715,0.05031389593142581,0.9527962191965793,0.7799625468164794,0.8254716981132075,0.7508074111847697,0.0,0.012435108052637932,0.02685218721075295,0.0047788643406173285,0.05075656968087247,0.02215380900639865,0.0015795404241619381,0.014628355265805465,17.103303955893598,8.317478140627761,5.875487947201095
mentors_base,MENTORS,base,234,0.6287073926516158,0.6834882691456396,0.7186506499255503,0.0,0.6834882691456396,0.0479697372127651,0.3313758389261745,0.48699664429530204,0.18162751677852348,0.034900800837055816,0.0,0.003330113887882812,0.016761237876775727,0.014356714555917744,0.26497097464100217,0.0,0.3340060544904137,0.1501712637461691,0.0,0.03766751177109743,0.10135216708921888,0.008531530443881042,0.0619743249225321,0.022435510483319248,0.0017103303955893598,0.04498168940400016,76.46182944987726,54.436000341559215,7.626061410921968
mentors_current,MENTORS,current,234,0.6287073926516158,0.6834882691456396,0.7186204676244516,0.0,0.6834882691456396,0.047305726588595116,0.33368779242875374,0.4859634198213526,0.18034878774989366,0.07990261177512173,0.017183790092156627,0.004788925107650208,0.04918709002374341,0.03329107811179524,0.6066300030553009,0.49897750511247446,0.5047720042417816,0.4704127778312326,0.0,0.024749486900881322,0.07328262706748763,0.007354420701034247,0.0591975532214576,0.022435510483319248,0.0017103303955893598,0.03821079319087287,62.37675560384723,39.49278456152335,7.4650891383959115
mentors_moderate,MENTORS,moderate,234,0.6287073926516158,0.6834882691456396,0.7184796168859914,0.0,0.6834882691456396,0.04685299207211558,0.33519433111445135,0.48486149881898216,0.17994417006656646,0.1013924101573504,0.020242263270151717,0.0058553664131353374,0.05972071310716729,0.0421445531007284,0.7697830736327528,0.6130408287629494,0.6360655737704918,0.589181141439206,0.0,0.021097428467946395,0.06336271077306933,0.00661998470763411,0.058040565012676563,0.022435510483319248,0.0017103303955893598,0.03571572296671898,60.36460219727152,38.42541200580651,7.414785303231518
mentors_high,MENTORS,high,234,0.6287073926516158,0.6834882691456396,0.7183588876815968,0.0,0.6834882691456396,0.04633989295343877,0.3356491532783326,0.48501953973078593,0.17933130699088146,0.12282184393738178,0.023471769487705744,0.006992233087850618,0.06927844178840195,0.05037426053362308,0.9324778490681332,0.7380575767162291,0.7800224466891134,0.7067638304423689,0.0,0.01814962372731297,0.05368425288744014,0.005805062577970944,0.0569439414060928,0.022435510483319248,0.0017103303955893598,0.033431928850255546,56.34029538412008,34.15592178293912,7.384603002132883
prompts_base,PROMPTS,base,234,0.6287073926516158,0.6834882691456396,0.7186506499255503,0.0,0.6834882691456396,0.0479697372127651,0.3313758389261745,0.48699664429530204,0.18162751677852348,0.034900800837055816,0.0,0.003330113887882812,0.016761237876775727,0.014356714555917744,0.26497097464100217,0.0,0.3340060544904137,0.1501712637461691,0.0,0.03766751177109743,0.10135216708921888,0.008531530443881042,0.0619743249225321,0.022435510483319248,0.0017103303955893598,0.04498168940400016,76.46182944987726,54.436000341559215,7.626061410921968
prompts_current,PROMPTS,current,234,0.6306893637570928,0.6852992072115578,0.7202402511167452,0.0,0.6852992072115578,0.047768521872107526,0.33087615838247686,0.4877843302443134,0.18133951137320978,0.03501146927441748,0.0,0.0033401746549156907,0.01673105557567709,0.014396957624049257,0.26516306004266993,0.0,0.3350151362260343,0.14999549021376388,0.0,0.03761720793593303,0.1012918024870216,0.008531530443881042,0.062014567990663606,0.022435510483319248,0.0017103303955893598,0.0449615678699344,76.46182944987726,54.41915554275105,7.636122177954848
prompts_moderate,PROMPTS,moderate,234,0.6860034609038593,0.7244355909694555,0.7548492897098474,0.0,0.7244355909694555,0.039609239808443,0.333502667005334,0.4861569723139446,0.18034036068072137,0.03804982091834681,0.0,0.0034508430922773553,0.01678135941084148,0.01459817296470683,0.2654407636159461,0.0,0.34822335025380713,0.15203718895269347,0.0,0.03707392651615759,0.09995372047164876,0.008481226608716648,0.062376755603847235,0.02228459897782607,0.0017606342307537528,0.04442834721719184,65.39498571371081,49.79499295453823,7.253813030705461
prompts_high,PROMPTS,high,234,0.8385246891222987,0.7663889894965592,0.7663889894965592,0.0,0.7663889894965592,0.0,,,,0.04675238440178679,0.0,0.003380417723047205,0.014859752907561672,0.01509115054931788,0.2652851515670491,0.0,0.3518324607329843,0.150392017106201,0.0,0.03052436717775363,0.08928930741679746,0.00811903899553302,0.06663246005875488,0.022485814318483642,0.0017405126966879955,0.042597287617207935,49.297758461105076,38.52040019572528,6.499255503239567
prompts_high_shift,PROMPTS,high_shift,234,0.8864240009658336,0.8458288059881686,0.852921646746348,0.0,0.8458288059881686,0.01281741719988732,0.32574568288854006,0.46232339089481944,0.2119309262166405,0.04936818383033523,0.0,0.003581633063704777,0.016529840235019518,0.014970421344923338,0.26527192128878796,0.0,0.36438075742067555,0.16438219109554777,0.0,0.033431928850255546,0.09010422954646062,0.00825988973399332,0.06486176506096825,0.02122821843937382,0.0016298442593263311,0.0429896575314902,41.2491448348022,33.12972357386893,5.996217151595638
blood_base,Blood tracking,base,234,0.6287073926516158,0.6834882691456396,0.7186506499255503,0.0,0.6834882691456396,0.0479697372127651,0.3313758389261745,0.48699664429530204,0.18162751677852348,0.034900800837055816,0.0,0.003330113887882812,0.016761237876775727,0.014356714555917744,0.26497097464100217,0.0,0.3340060544904137,0.1501712637461691,0.0,0.03766751177109743,0.10135216708921888,0.008531530443881042,0.0619743249225321,0.022435510483319248,0.0017103303955893598,0.04498168940400016,76.46182944987726,54.436000341559215,7.626061410921968
blood_current,Blood tracking,current,234,0.6287073926516158,0.6834882691456396,0.7186506499255503,0.0,0.6834882691456396,0.0479697372127651,0.3313758389261745,0.48699664429530204,0.18162751677852348,0.034900800837055816,0.0,0.003330113887882812,0.016761237876775727,0.014356714555917744,0.26497097464100217,0.0,0.3340060544904137,0.1501712637461691,0.0,0.03766751177109743,0.10135216708921888,0.008531530443881042,0.0619743249225321,0.022435510483319248,0.0017103303955893598,0.04498168940400016,71.43144593343796,49.09913756297498,7.626061410921968
blood_moderate,Blood tracking,moderate,234,0.6287073926516158,0.6834882691456396,0.7186506499255503,0.0,0.6834882691456396,0.0479697372127651,0.3313758389261745,0.48699664429530204,0.18162751677852348,0.034900800837055816,0.0,0.003330113887882812,0.016761237876775727,0.014356714555917744,0.26497097464100217,0.0,0.3340060544904137,0.1501712637461691,0.0,0.03766751177109743,0.10135216708921888,0.008531530443881042,0.0619743249225321,0.022435510483319248,0.0017103303955893598,0.04498168940400016,69.41929252686225,46.964392451541286,7.626061410921968
blood_high,Blood tracking,high,234,0.6287073926516158,0.6834882691456396,0.7186506499255503,0.0,0.6834882691456396,0.0479697372127651,0.3313758389261745,0.48699664429530204,0.18162751677852348,0.034900800837055816,0.0,0.003330113887882812,0.016761237876775727,0.014356714555917744,0.26497097464100217,0.0,0.3340060544904137,0.1501712637461691,0.0,0.03766751177109743,0.10135216708921888,0.008531530443881042,0.0619743249225321,0.022435510483319248,0.0017103303955893598,0.04498168940400016,62.37675560384723,39.49278456152335,7.626061410921968
referral_base,Transfer & EMT,base,234,0.6287073926516158,0.6834882691456396,0.7186506499255503,0.0,0.6834882691456396,0.0479697372127651,0.3313758389261745,0.48699664429530204,0.18162751677852348,0.034900800837055816,0.0,0.003330113887882812,0.016761237876775727,0.014356714555917744,0.26497097464100217,0.0,0.3340060544904137,0.1501712637461691,0.0,0.03766751177109743,0.10135216708921888,0.008531530443881042,0.0619743249225321,0.022435510483319248,0.0017103303955893598,0.04498168940400016,76.46182944987726,54.436000341559215,7.626061410921968
referral_current,Transfer & EMT,current,234,0.6287073926516158,0.6834882691456396,0.7186506499255503,0.0,0.6834882691456396,0.0479697372127651,0.3313758389261745,0.48699664429530204,0.18162751677852348,0.034900800837055816,0.0,0.003330113887882812,0.016761237876775727,0.014356714555917744,0.26497097464100217,0.0,0.3340060544904137,0.1501712637461691,0.0,0.03766751177109743,0.10135216708921888,0.008531530443881042,0.0619743249225321,0.022435510483319248,0.0017103303955893598,0.04498168940400016,76.46182944987726,54.436000341559215,7.626061410921968
referral_moderate,Transfer & EMT,moderate,234,0.6287073926516158,0.6834882691456396,0.7186506499255503,0.0,0.6834882691456396,0.0479697372127651,0.42051174496644295,0.45679530201342283,0.12269295302013423,0.034900800837055816,0.0,0.003330113887882812,0.016761237876775727,0.014356714555917744,0.26497097464100217,0.0,0.3340060544904137,0.1501712637461691,0.0,0.03766751177109743,0.10135216708921888,0.008531530443881042,0.0619743249225321,0.022435510483319248,0.0017103303955893598,0.04498168940400016,75.4557527465894,53.36862778584237,7.626061410921968
referral_high,Transfer & EMT,high,234,0.6287073926516158,0.6834882691456396,0.7186506499255503,0.0,0.6834882691456396,0.0479697372127651,0.5048238255033557,0.4196728187919463,0.07550335570469799,0.034900800837055816,0.0,0.003330113887882812,0.016761237876775727,0.014356714555917744,0.26497097464100217,0.0,0.3340060544904137,0.1501712637461691,0.0,0.03766751177109743,0.10135216708921888,0.008531530443881042,0.0619743249225321,0.022435510483319248,0.0017103303955893598,0.04498168940400016,74.44967604330154,52.30125523012552,7.626061410921968
pulse_base,PULSE,base,234,0.6287073926516158,0.6834882691456396,0.7186506499255503,0.0,0.6834882691456396,0.0479697372127651,0.3313758389261745,0.48699664429530204,0.18162751677852348,0.034900800837055816,0.0,0.003330113887882812,0.016761237876775727,0.014356714555917744,0.26497097464100217,0.0,0.3340060544904137,0.1501712637461691,0.0,0.03766751177109743,0.10135216708921888,0.008531530443881042,0.0619743249225321,0.022435510483319248,0.0017103303955893598,0.04498168940400016,76.46182944987726,54.436000341559215,7.626061410921968
pulse_current,PULSE,current,234,0.6287073926516158,0.6834882691456396,0.7186405891585175,0.0,0.6834882691456396,0.04794961567869934,0.3313050776332354,0.4869911875786823,0.18170373478808224,0.034900800837055816,0.0,0.003330113887882812,0.016600265604249667,0.014356714555917744,0.26497097464100217,0.0,0.3340060544904137,0.14979573309123922,0.0,0.03766751177109743,0.1006378526298845,0.008531530443881042,0.0619743249225321,0.022435510483319248,0.0017103303955893598,0.04493138556883577,76.46182944987726,54.436000341559215,7.626061410921968
pulse_moderate,PULSE,moderate,234,0.6287073926516158,0.6834882691456396,0.7186305283914846,0.0,0.6834882691456396,0.0475471849973842,0.3330512060939484,0.4856115107913669,0.18133728311468472,0.034900800837055816,0.0,0.003330113887882812,0.015342669725139845,0.014356714555917744,0.26497097464100217,0.0,0.3340060544904137,0.15014275868858915,0.0,0.03766751177109743,0.09265966437281178,0.008531530443881042,0.0619743249225321,0.022435510483319248,0.0017103303955893598,0.043754275825988974,76.46182944987726,54.436000341559215,7.626061410921968
pulse_high,PULSE,high,234,0.6287073926516158,0.6834882691456396,0.7186305283914846,0.0,0.6834882691456396,0.0472654835204636,0.334610472541507,0.4844614729672201,0.1809280544912729,0.034900800837055816,0.0,0.003330113887882812,0.014034770010865628,0.014356714555917744,0.26497097464100217,0.0,0.3340060544904137,0.1498388829215897,0.0,0.03766751177109743,0.08504366372892269,0.008531530443881042,0.0619743249225321,0.022435510483319248,0.0017103303955893598,0.04250674071391203,76.46182944987726,54.436000341559215,7.626061410921968
fqa_base,FQA,base,234,0.6287073926516158,0.6834882691456396,0.7186405891585175,0.0,0.6834882691456396,0.047345969656726626,0.3336166595835104,0.4857628559286018,0.1806204844878878,0.07640146484767998,0.01659020483721679,0.004607831301058392,0.04680268823695118,0.03196305686345527,0.5800488848151543,0.47908192911098196,0.48414376321353064,0.4482991230606148,0.0,0.025292768320656765,0.07447985834440017,0.007455028371363033,0.05937864702804942,0.022435510483319248,0.0017103303955893598,0.038643406173286654,62.37675560384723,39.49278456152335,7.485210672461669
fqa_current,FQA,current,234,0.6287073926516158,0.6834882691456396,0.7186405891585175,0.0,0.6834882691456396,0.047345969656726626,0.3336166595835104,0.4857628559286018,0.1806204844878878,0.07640146484767998,0.016630447905348303,0.0046178920680912715,0.046812749003984064,0.031983178397521024,0.5800488848151543,0.48024404416037186,0.48520084566596194,0.4483954900260191,0.0,0.02526258601955813,0.0744194937422029,0.007444967604330154,0.05937864702804942,0.022435510483319248,0.0017103303955893598,0.03860316310515514,62.37675560384723,39.49278456152335,7.485210672461669
fqa_moderate,FQA,moderate,234,0.6287073926516158,0.6834882691456396,0.7186104068574188,0.0,0.6834882691456396,0.047305726588595116,0.33368779242875374,0.4857507443641004,0.1805614632071459,0.07640146484767998,0.01714354702402511,0.004758742806551572,0.04848283633144191,0.03297919433377601,0.5800488848151543,0.4954928758359988,0.5,0.46519934356598125,0.0,0.02491045917340738,0.0732021409312246,0.007394663769165762,0.05922773552255624,0.022435510483319248,0.0017103303955893598,0.03830134009416878,62.37675560384723,39.49278456152335,7.4650891383959115
fqa_high,FQA,high,234,0.6287073926516158,0.6834882691456396,0.718590285323353,0.0,0.6834882691456396,0.047245361986397845,0.33368824531516184,0.485732538330494,0.18057921635434412,0.07640146484767998,0.017475552336110103,0.004889532777978993,0.04978067527868325,0.03395508873596523,0.5800488848151543,0.5059714535391786,0.5137420718816068,0.4793644642511141,0.0,0.024588514628355266,0.07214576039277235,0.007324238399935611,0.05915731015332609,0.022435510483319248,0.0017103303955893598,0.03802969938428106,62.37675560384723,39.49278456152335,7.4650891383959115
combined_base,All,base,234,0.6287073926516158,0.6834882691456396,0.7186506499255503,0.0,0.6834882691456396,0.0479697372127651,0.3313758389261745,0.48699664429530204,0.18162751677852348,0.034900800837055816,0.0,0.003330113887882812,0.016761237876775727,0.014356714555917744,0.26497097464100217,0.0,0.3340060544904137,0.1501712637461691,0.0,0.03766751177109743,0.10135216708921888,0.008531530443881042,0.0619743249225321,0.022435510483319248,0.0017103303955893598,0.04498168940400016,76.46182944987726,54.436000341559215,7.626061410921968
combined_current,All,current,234,0.6308805183307176,0.6854199364159523,0.7202804941848766,0.0,0.6854199364159523,0.04704414664574027,0.33426005132591957,0.4865269461077844,0.179213002566296,0.08065716930258762,0.017264276228419653,0.004798985874683086,0.04915690772264478,0.033643204957945996,0.610632949958108,0.5027834749487254,0.5074468085106383,0.47423080656119576,0.0,0.024598575395388143,0.07234697573342992,0.0073041168658698535,0.05920761398849048,0.022435510483319248,0.0017103303955893598,0.038110185520544085,60.36460219727152,37.344486886750175,7.4650891383959115
combined_moderate,All,moderate,234,0.7166284357519417,0.7458147209143225,0.7652320012877781,0.0,0.7458147209143225,0.020252324037184594,0.5027322404371585,0.4128166915052161,0.08445106805762544,0.1303372369109421,0.021660831421787596,0.007012354621916375,0.05956980160167411,0.05131997263471367,0.8683557879214424,0.7348122866894198,0.781390134529148,0.707745637102558,0.0,0.01686184554710451,0.04578655076663045,0.005885548714233973,0.05839269185882732,0.022405328182220612,0.0017304519296551168,0.03187250996015936,33.200531208499335,20.05869808492219,6.670288542798503
combined_high,All,high,234,0.8495412290233008,0.7663889894965592,0.7663889894965592,0.0,0.7663889894965592,0.0,,,,0.17015775282707554,0.017847800716326613,0.007052597690047889,0.048090466417159645,0.05573664936214737,0.9527913920342516,0.7623549634722819,0.8425480769230769,0.7471084713973116,0.0,0.013139361744939433,0.03350235421948569,0.005241659624129744,0.06064630367419212,0.022515996619582278,0.0017103303955893598,0.03018230109863576,23.13976417562075,12.475309283709326,6.177310958187452
mentors_base,MENTORS,base,235,0.6288683649241418,0.6834178437764095,0.7173528109783089,0.0,0.6834178437764095,0.040544891142500705,0.34838709677419355,0.4796526054590571,0.17196029776674937,0.033371564248058275,0.0,0.003682240734033563,0.01566461427019196,0.013672582397682,0.26648991724913634,0.0,0.3330300272975432,0.14654117647058823,0.0,0.029156102861282143,0.0950943699947684,0.00903456879552497,0.04870417320616524,0.022807758863535758,0.0017203911626222383,0.023451647953639985,41.2491448348022,23.485204321277596,6.217554026318966
mentors_current,MENTORS,current,235,0.6288683649241418,0.6834178437764095,0.7173226286772103,0.0,0.6834178437764095,0.04014246046118556,0.350125313283208,0.4799498746867168,0.1699248120300752,0.07598897339933197,0.01374300776691215,0.005281902692261258,0.04584691536882772,0.03189263149422512,0.6068128866393508,0.5044313146233382,0.506268081002893,0.4562931811354761,0.0,0.020463600144875044,0.06395629602800917,0.00747514990542879,0.04609843454464969,0.022807758863535758,0.0017203911626222383,0.01920600426576522,35.21268461507505,17.080148597292798,6.096824821924423
mentors_moderate,MENTORS,moderate,235,0.6288683649241418,0.6834178437764095,0.7172018994728158,0.0,0.6834178437764095,0.03987081975129784,0.35124905374716126,0.47918243754731266,0.16956850870552612,0.0962714797376152,0.016580144070183912,0.006338283230713509,0.0558171354984104,0.04028331119964586,0.7687796256125974,0.6218867924528302,0.6293706293706294,0.57248993911877,0.0,0.018179806028411606,0.05307054609843454,0.006489194736206689,0.04494144633586865,0.022807758863535758,0.0017203911626222383,0.017968529920721156,34.206607911787195,16.012639309961997,6.056581753792909
mentors_high,MENTORS,high,235,0.6288683649241418,0.6834178437764095,0.7170509879673226,0.0,0.6834178437764095,0.03945832830294982,0.3518612952575217,0.4785823559408465,0.1695563488016318,0.11669483681435873,0.019588313413014608,0.0075958791098233325,0.0646907320214093,0.04816089178638979,0.9318711336064915,0.7531914893617021,0.775950668036999,0.686159428022623,0.0,0.016127409553704373,0.042798502957865504,0.005644090305444887,0.04391524809851503,0.022807758863535758,0.0017203911626222383,0.016258199525131797,34.206607911787195,16.012639309961997,6.026399452694274
prompts_base,PROMPTS,base,235,0.6288683649241418,0.6834178437764095,0.7173528109783089,0.0,0.6834178437764095,0.040544891142500705,0.34838709677419355,0.4796526054590571,0.17196029776674937,0.033371564248058275,0.0,0.003682240734033563,0.01566461427019196,0.013672582397682,0.26648991724913634,0.0,0.3330300272975432,0.14654117647058823,0.0,0.029156102861282143,0.0950943699947684,0.00903456879552497,0.04870417320616524,0.022807758863535758,0.0017203911626222383,0.023451647953639985,41.2491448348022,23.485204321277596,6.217554026318966
prompts_current,PROMPTS,current,235,0.6308704575636847,0.685198599541229,0.7189524729365366,0.0,0.685198599541229,0.04037385810294177,0.34786942437079493,0.48043857463244455,0.17169200099676052,0.03349229345245282,0.0,0.003692301501066441,0.0156444927361262,0.013712825465813514,0.2667681705264845,0.0,0.33393994540491356,0.14644942550386136,0.0,0.029156102861282143,0.09502394462553825,0.00903456879552497,0.048774598575395386,0.022807758863535758,0.0017203911626222383,0.023451647953639985,41.2491448348022,23.477936075983138,6.217554026318966
prompts_moderate,PROMPTS,moderate,235,0.6859732786027607,0.7240532818222061,0.7534307215582116,0.0,0.7240532818222061,0.035373656887601114,0.34812286689419797,0.48321956769055746,0.1686575654152446,0.03637973359088897,0.0,0.003792909171395227,0.01574510040645499,0.013843615437240935,0.2671000147732309,0.0,0.34523809523809523,0.15007671653241272,0.0,0.02911585979315063,0.09294136584973238,0.009004386494426335,0.049146846955611896,0.022747394261338483,0.0017405126966879955,0.02286812346573303,36.218761318362915,23.312740412635502,5.855366413135338
prompts_high,PROMPTS,high,235,0.8381926838102137,0.7663889894965592,0.7663889894965592,0.0,0.7663889894965592,0.0,,,,0.044599380256750774,0.0,0.003682240734033563,0.013833554670208057,0.014276228419654714,0.2664382738309893,0.0,0.35499515033947626,0.1478653618668674,0.0,0.025141856815163587,0.08288059881685379,0.008280011268059077,0.0526681154171194,0.02247575355145076,0.0016600265604249668,0.022194052074530162,21.12761076904503,12.496485363491518,5.050505050505051
prompts_high_shift,PROMPTS,high_shift,235,0.8861624210229788,0.8456778944826754,0.8526399452694273,0.0,0.8456778944826754,0.010503440782325244,0.35344827586206895,0.4549808429118774,0.19157088122605365,0.0471246327820033,0.0,0.003792909171395227,0.01516157591854803,0.014135377681194414,0.2663330869392165,0.0,0.3600764087870105,0.16152197213290462,0.0,0.026892430278884463,0.08164312447180973,0.008350436637289228,0.05059559740834641,0.021389190711899875,0.001458811219767395,0.023230311078916658,25.151917582196464,18.639715019468145,4.8995935450118715
blood_base,Blood tracking,base,235,0.6288683649241418,0.6834178437764095,0.7173528109783089,0.0,0.6834178437764095,0.040544891142500705,0.34838709677419355,0.4796526054590571,0.17196029776674937,0.033371564248058275,0.0,0.003682240734033563,0.01566461427019196,0.013672582397682,0.26648991724913634,0.0,0.3330300272975432,0.14654117647058823,0.0,0.029156102861282143,0.0950943699947684,0.00903456879552497,0.04870417320616524,0.022807758863535758,0.0017203911626222383,0.023451647953639985,41.2491448348022,23.485204321277596,6.217554026318966
blood_current,Blood tracking,current,235,0.6288683649241418,0.6834178437764095,0.7173528109783089,0.0,0.6834178437764095,0.040544891142500705,0.34838709677419355,0.4796526054590571,0.17196029776674937,0.033371564248058275,0.0,0.003682240734033563,0.01566461427019196,0.013672582397682,0.26648991724913634,0.0,0.3330300272975432,0.14654117647058823,0.0,0.029156102861282143,0.0950943699947684,0.00903456879552497,0.04870417320616524,0.022807758863535758,0.0017203911626222383,0.023451647953639985,39.23699142822649,21.350185746615995,6.217554026318966
blood_moderate,Blood tracking,moderate,235,0.6288683649241418,0.6834178437764095,0.7173528109783089,0.0,0.6834178437764095,0.040544891142500705,0.34838709677419355,0.4796526054590571,0.17196029776674937,0.033371564248058275,0.0,0.003682240734033563,0.01566461427019196,0.013672582397682,0.26648991724913634,0.0,0.3330300272975432,0.14654117647058823,0.0,0.029156102861282143,0.0950943699947684,0.00903456879552497,0.04870417320616524,0.022807758863535758,0.0017203911626222383,0.023451647953639985,39.23699142822649,21.350185746615995,6.217554026318966
blood_high,Blood tracking,high,235,0.6288683649241418,0.6834178437764095,0.7173528109783089,0.0,0.6834178437764095,0.040544891142500705,0.34838709677419355,0.4796526054590571,0.17196029776674937,0.033371564248058275,0.0,0.003682240734033563,0.01566461427019196,0.013672582397682,0.26648991724913634,0.0,0.3330300272975432,0.14654117647058823,0.0,0.029156102861282143,0.0950943699947684,0.00903456879552497,0.04870417320616524,0.022807758863535758,0.0017203911626222383,0.023451647953639985,37.22483802165077,19.2151671719544,6.217554026318966
referral_base,Transfer & EMT,base,235,0.6288683649241418,0.6834178437764095,0.7173528109783089,0.0,0.6834178437764095,0.040544891142500705,0.34838709677419355,0.4796526054590571,0.17196029776674937,0.033371564248058275,0.0,0.003682240734033563,0.01566461427019196,0.013672582397682,0.26648991724913634,0.0,0.3330300272975432,0.14654117647058823,0.0,0.029156102861282143,0.0950943699947684,0.00903456879552497,0.04870417320616524,0.022807758863535758,0.0017203911626222383,0.023451647953639985,41.2491448348022,23.485204321277596,6.217554026318966
referral_current,Transfer & EMT,current,235,0.6288683649241418,0.6834178437764095,0.7173528109783089,0.0,0.6834178437764095,0.040544891142500705,0.34838709677419355,0.4796526054590571,0.17196029776674937,0.033371564248058275,0.0,0.003682240734033563,0.01566461427019196,0.013672582397682,0.26648991724913634,0.0,0.3330300272975432,0.14654117647058823,0.0,0.029156102861282143,0.0950943699947684,0.00903456879552497,0.04870417320616524,0.022807758863535758,0.0017203911626222383,0.023451647953639985,41.2491448348022,23.485204321277596,6.217554026318966
referral_moderate,Transfer & EMT,moderate,235,0.6288683649241418,0.6834178437764095,0.7173528109783089,0.0,0.6834178437764095,0.040544891142500705,0.43548387096774194,0.4501240694789082,0.11439205955334987,0.033371564248058275,0.0,0.003682240734033563,0.01566461427019196,0.013672582397682,0.26648991724913634,0.0,0.3330300272975432,0.14654117647058823,0.0,0.029156102861282143,0.0950943699947684,0.00903456879552497,0.04870417320616524,0.022807758863535758,0.0017203911626222383,0.023451647953639985,41.2491448348022,23.485204321277596,6.217554026318966
referral_high,Transfer & EMT,high,235,0.6288683649241418,0.6834178437764095,0.7173528109783089,0.0,0.6834178437764095,0.040544891142500705,0.5188585607940447,0.41240694789081883,0.06873449131513648,0.033371564248058275,0.0,0.003682240734033563,0.01566461427019196,0.013672582397682,0.26648991724913634,0.0,0.3330300272975432,0.14654117647058823,0.0,0.029156102861282143,0.0950943699947684,0.00903456879552497,0.04870417320616524,0.022807758863535758,0.0017203911626222383,0.023451647953639985,40.24306813151435,22.417695033946796,6.217554026318966
pulse_base,PULSE,base,235,0.6288683649241418,0.6834178437764095,0.7173528109783089,0.0,0.6834178437764095,0.040544891142500705,0.34838709677419355,0.4796526054590571,0.17196029776674937,0.033371564248058275,0.0,0.003682240734033563,0.01566461427019196,0.013672582397682,0.26648991724913634,0.0,0.3330300272975432,0.14654117647058823,0.0,0.029156102861282143,0.0950943699947684,0.00903456879552497,0.04870417320616524,0.022807758863535758,0.0017203911626222383,0.023451647953639985,41.2491448348022,23.485204321277596,6.217554026318966
pulse_current,PULSE,current,235,0.6288683649241418,0.6834178437764095,0.7173427502112761,0.0,0.6834178437764095,0.04052476960843495,0.3483118172790467,0.47964250248262164,0.17204568023833167,0.033371564248058275,0.0,0.003682240734033563,0.015564006599863173,0.013672582397682,0.26648991724913634,0.0,0.3330300272975432,0.14659338576708045,0.0,0.029156102861282143,0.09444042013763129,0.00903456879552497,0.04870417320616524,0.022807758863535758,0.0017203911626222383,0.02342146565254135,41.2491448348022,23.485204321277596,6.217554026318966
pulse_moderate,PULSE,moderate,235,0.6288683649241418,0.6834178437764095,0.7173326894442432,0.0,0.6834178437764095,0.040273250432612984,0.3497376967274544,0.4783912065950537,0.17187109667749187,0.033371564248058275,0.0,0.003682240734033563,0.014356714555917744,0.013672582397682,0.26648991724913634,0.0,0.3330300272975432,0.14672013160600453,0.0,0.029156102861282143,0.08695520946516963,0.00903456879552497,0.04870417320616524,0.022807758863535758,0.0017203911626222383,0.02256630045474667,41.2491448348022,23.485204321277596,6.217554026318966
pulse_high,PULSE,high,235,0.6288683649241418,0.6834178437764095,0.7173326894442432,0.0,0.6834178437764095,0.040112278160086924,0.3508903937797843,0.4773012289942313,0.17180837722598444,0.033371564248058275,0.0,0.003682240734033563,0.013159483279005192,0.013672582397682,0.26648991724913634,0.0,0.3330300272975432,0.1466696568737385,0.0,0.029156102861282143,0.07983218640589158,0.00903456879552497,0.04870417320616524,0.022807758863535758,0.0017203911626222383,0.02186204676244517,41.2491448348022,23.485204321277596,6.217554026318966
fqa_base,FQA,base,235,0.6288683649241418,0.6834178437764095,0.7173427502112761,0.0,0.6834178437764095,0.04014246046118556,0.35037593984962406,0.47969924812030074,0.1699248120300752,0.07262867721035052,0.013149422511972313,0.005080687351603687,0.04372409352489034,0.030645096382148174,0.5799791114324737,0.4815770081061164,0.4851104707012488,0.43647685045696494,0.0,0.020755362388828524,0.06532456034448067,0.0076763652460863615,0.04621916374904423,0.022807758863535758,0.0017203911626222383,0.019427341140488552,36.218761318362915,18.147657884623598,6.106885588957303
fqa_current,FQA,current,235,0.6288683649241418,0.6834178437764095,0.7173427502112761,0.0,0.6834178437764095,0.04014246046118556,0.35037593984962406,0.47969924812030074,0.1699248120300752,0.07262867721035052,0.013179604813070948,0.005090748118636565,0.04373415429192322,0.030665217916213933,0.5799791114324737,0.48268238761974946,0.4860710854947166,0.43657728231395,0.0,0.020745301621795647,0.0652641957422834,0.007666304479053483,0.04621916374904423,0.022807758863535758,0.0017203911626222383,0.019407219606422794,36.218761318362915,18.147657884623598,6.106885588957303
fqa_moderate,FQA,moderate,235,0.6288683649241418,0.6834178437764095,0.7173226286772103,0.0,0.6834178437764095,0.040122338927119805,0.35005015045135407,0.4799398194583751,0.17001003009027083,0.07262867721035052,0.013612217795484728,0.005251720391162622,0.04525333011388788,0.03161093001730452,0.5799791114324737,0.49889380530973454,0.5014409221902018,0.4519694533762058,0.0,0.020544086281138074,0.06398647832910781,0.007535514507626061,0.04612861684574832,0.022807758863535758,0.0017203911626222383,0.01920600426576522,35.21268461507505,17.080148597292798,6.096824821924423
fqa_high,FQA,high,235,0.6288683649241418,0.6834178437764095,0.7173025071431446,0.0,0.6834178437764095,0.04009215662602117,0.3503136762860728,0.4795483061480552,0.17013801756587202,0.07262867721035052,0.013934162340536842,0.005352328061491408,0.04633989295343877,0.03252645981729647,0.5799791114324737,0.5106932153392331,0.5110470701248799,0.4646892655367232,0.0,0.020373053241579137,0.06266851784780071,0.007444967604330154,0.04604813070948529,0.022807758863535758,0.0017203911626222383,0.01909533582840356,35.21268461507505,17.080148597292798,6.096824821924423
combined_base,All,base,235,0.6288683649241418,0.6834178437764095,0.7173528109783089,0.0,0.6834178437764095,0.040544891142500705,0.34838709677419355,0.4796526054590571,0.17196029776674937,0.033371564248058275,0.0,0.003682240734033563,0.01566461427019196,0.013672582397682,0.26648991724913634,0.0,0.3330300272975432,0.14654117647058823,0.0,0.029156102861282143,0.0950943699947684,0.00903456879552497,0.04870417320616524,0.022807758863535758,0.0017203911626222383,0.023451647953639985,41.2491448348022,23.485204321277596,6.217554026318966
combined_current,All,current,235,0.6310515513702765,0.6853193287456235,0.7190027767717011,0.0,0.6853193287456235,0.039911062819429355,0.35064280312578777,0.4809679858835392,0.16838921099067305,0.07675359169383074,0.013833554670208057,0.005291963459294137,0.045867036902893475,0.03222463680631011,0.6111022108298623,0.5079423716291097,0.5082125603864734,0.4605981006263892,0.0,0.020393174775644896,0.06283955088735965,0.007424846070264397,0.04612861684574832,0.022807758863535758,0.0017203911626222383,0.019135578896535072,33.200531208499335,14.93970760857966,6.096824821924423
combined_moderate,All,moderate,235,0.7165680711497444,0.7454726548352046,0.7651012113163508,0.0,0.7454726548352046,0.020383114008612018,0.5009871668311945,0.41510365251727543,0.08390918065153011,0.12381785987363676,0.018310595999839026,0.0075153929735603045,0.05594792546983782,0.049247454625940684,0.8685250529287226,0.7404393816110659,0.7821989528795812,0.692441788071224,0.0,0.015272244355909695,0.03633949052275746,0.005462996498853073,0.04513260090949334,0.022646786591009698,0.0017103303955893598,0.015171636685580909,20.121534065757174,8.447283670344754,5.422753430721558
combined_high,All,high,235,0.8491287375749527,0.7663889894965592,0.7663889894965592,0.0,0.7663889894965592,0.0,,,,0.16152561471286572,0.016127409553704373,0.007495271439494547,0.04506217554026319,0.053573584450078475,0.9520844452351301,0.7662523900573613,0.8456299659477866,0.7355887666283462,0.0,0.012958267938347619,0.02512173528109783,0.004819107408748843,0.046400257555636044,0.02257636122177955,0.0016600265604249668,0.014215863817457442,14.08507384603002,5.199667221297837,4.879472010946115
mentors_base,MENTORS,base,236,0.6294720109461145,0.683377600708278,0.7181677331079721,0.0,0.683377600708278,0.054619904221497845,0.31294897771228586,0.49548719837907534,0.1915638239086388,0.03493098313815445,0.0,0.0036118153648034127,0.017616403074570405,0.01252565495593384,0.2650381679389313,0.0,0.3225516621743037,0.1468220694281402,0.0,0.028713429111835487,0.10803251639905026,0.009990341663648436,0.06146122580385529,0.02255623968771379,0.001680148094490724,0.06998269548070345,120.72920439454305,81.12897371848247,7.374542235100004
mentors_current,MENTORS,current,236,0.6294720109461145,0.683377600708278,0.7181274900398407,0.0,0.683377600708278,0.05369431365447302,0.31534569983136596,0.49409780775716694,0.1905564924114671,0.08005352328061491,0.01345124552295867,0.005151112720833836,0.05190349712262063,0.029820113485452132,0.6074045801526717,0.4988805970149254,0.4904214559386973,0.4626905829596413,0.0,0.0203428709404805,0.07488228902571532,0.008783049619703005,0.058644211034649285,0.02255623968771379,0.001680148094490724,0.06008290072035092,104.6319771419373,64.04918977774932,7.243752263672582
mentors_moderate,MENTORS,moderate,236,0.6294720109461145,0.683377600708278,0.7180268823695118,0.0,0.683377600708278,0.05316109300173045,0.31661619984859957,0.4937547312641938,0.18962906888720665,0.10128174171998873,0.01635880719546058,0.006277918628516238,0.06297034085878707,0.03783854481065636,0.768473282442748,0.6203739030904235,0.6196623634558094,0.5795907028428559,0.0,0.018109380659181457,0.06309107006318161,0.008018431325204233,0.05738661515553946,0.02255623968771379,0.001680148094490724,0.05661193609400781,97.58944021892229,56.57678430367856,7.173326894442432
mentors_high,MENTORS,high,236,0.6294720109461145,0.683377600708278,0.7179363354662159,0.0,0.683377600708278,0.05245683930942895,0.3174146528576908,0.4932873034138857,0.1892980437284235,0.12280172240331604,0.019256308100929615,0.007525453740593183,0.07303110789166566,0.045454545454545456,0.9317557251908397,0.7488262910798122,0.7679671457905544,0.6965073882172328,0.0,0.0160670449515071,0.05242665700833032,0.0073041168658698535,0.056209505412692665,0.02255623968771379,0.001680148094490724,0.05295987766107288,92.559056702483,51.239351822199446,7.143144593343797
prompts_base,PROMPTS,base,236,0.6294720109461145,0.683377600708278,0.7181677331079721,0.0,0.683377600708278,0.054619904221497845,0.31294897771228586,0.49548719837907534,0.1915638239086388,0.03493098313815445,0.0,0.0036118153648034127,0.017616403074570405,0.01252565495593384,0.2650381679389313,0.0,0.3225516621743037,0.1468220694281402,0.0,0.028713429111835487,0.10803251639905026,0.009990341663648436,0.06146122580385529,0.02255623968771379,0.001680148094490724,0.06998269548070345,120.72920439454305,81.12897371848247,7.374542235100004
prompts_current,PROMPTS,current,236,0.6314741035856574,0.6851784780071632,0.7197774558332327,0.0,0.6851784780071632,0.054519296551169064,0.3122347296549179,0.4964015501014947,0.1913637202435874,0.035041651575516114,0.0,0.003621876131836291,0.017606342307537527,0.012555837257032475,0.26522997258604936,0.0,0.32345013477088946,0.14681208053691275,0.0,0.028703368344802607,0.10796209102982011,0.009990341663648436,0.06152159040605256,0.02255623968771379,0.001680148094490724,0.07001287778180208,118.71705098796731,80.03671017106512,7.384603002132883
prompts_moderate,PROMPTS,moderate,236,0.6866272284598978,0.7239929172200088,0.7542054006197433,0.0,0.7239929172200088,0.04125920560183508,0.3279687881004633,0.4952450621799561,0.1767861497195806,0.03803976015131394,0.0,0.00370236226809932,0.017777375347096464,0.012777174131755805,0.26505432877672624,0.0,0.33363553943789664,0.15118069815195073,0.0,0.0286128214415067,0.10546702080566622,0.009909855527385408,0.06182341341703892,0.02256630045474667,0.0016499657933920881,0.06891625417521832,95.57728681234657,70.99036862013796,6.770896213127289
prompts_high,PROMPTS,high,236,0.8385246891222987,0.7663889894965592,0.7663889894965592,0.0,0.7663889894965592,0.0,,,,0.04662159443035937,0.0,0.0035212684615075055,0.01573503963942211,0.01322990864823534,0.26458832933653076,0.0,0.34146341463414637,0.1488673139158576,0.0,0.024930580707473136,0.09491327618817659,0.009004386494426335,0.06621996861040685,0.022294659744858947,0.0015896011911948167,0.06636081934886716,62.37675560384723,45.8166293538814,5.875487947201095
prompts_high_shift,PROMPTS,high_shift,236,0.8862429071592418,0.8453056461024588,0.8527707352408548,0.0,0.8453056461024588,0.014759145237232887,0.3115201090661213,0.4730743012951602,0.21540558963871848,0.049247454625940684,0.0,0.0037124230351321987,0.01759628154050465,0.013179604813070948,0.26469474936462445,0.0,0.3527724665391969,0.16388680659670166,0.0,0.026932673347015976,0.09519497766509719,0.009195541068051028,0.06397641756207494,0.021248339973439574,0.0015694796571290594,0.06664252082578775,66.40106241699867,49.707450939781495,5.372449595557166
blood_base,Blood tracking,base,236,0.6294720109461145,0.683377600708278,0.7181677331079721,0.0,0.683377600708278,0.054619904221497845,0.31294897771228586,0.49548719837907534,0.1915638239086388,0.03493098313815445,0.0,0.0036118153648034127,0.017616403074570405,0.01252565495593384,0.2650381679389313,0.0,0.3225516621743037,0.1468220694281402,0.0,0.028713429111835487,0.10803251639905026,0.009990341663648436,0.06146122580385529,0.02255623968771379,0.001680148094490724,0.06998269548070345,120.72920439454305,81.12897371848247,7.374542235100004
blood_current,Blood tracking,current,236,0.6294720109461145,0.683377600708278,0.7181677331079721,0.0,0.683377600708278,0.054619904221497845,0.31294897771228586,0.49548719837907534,0.1915638239086388,0.03493098313815445,0.0,0.0036118153648034127,0.017616403074570405,0.01252565495593384,0.2650381679389313,0.0,0.3225516621743037,0.1468220694281402,0.0,0.028713429111835487,0.10803251639905026,0.009990341663648436,0.06146122580385529,0.02255623968771379,0.001680148094490724,0.06998269548070345,113.68666747152803,73.6565682444117,7.374542235100004
blood_moderate,Blood tracking,moderate,236,0.6294720109461145,0.683377600708278,0.7181677331079721,0.0,0.683377600708278,0.054619904221497845,0.31294897771228586,0.49548719837907534,0.1915638239086388,0.03493098313815445,0.0,0.0036118153648034127,0.017616403074570405,0.01252565495593384,0.2650381679389313,0.0,0.3225516621743037,0.1468220694281402,0.0,0.028713429111835487,0.10803251639905026,0.009990341663648436,0.06146122580385529,0.02255623968771379,0.001680148094490724,0.06998269548070345,109.6623606583766,69.38662225922843,7.374542235100004
blood_high,Blood tracking,high,236,0.6294720109461145,0.683377600708278,0.7181677331079721,0.0,0.683377600708278,0.054619904221497845,0.31294897771228586,0.49548719837907534,0.1915638239086388,0.03493098313815445,0.0,0.0036118153648034127,0.017616403074570405,0.01252565495593384,0.2650381679389313,0.0,0.3225516621743037,0.1468220694281402,0.0,0.028713429111835487,0.10803251639905026,0.009990341663648436,0.06146122580385529,0.02255623968771379,0.001680148094490724,0.06998269548070345,103.62590043864945,62.98170328145349,7.374542235100004
referral_base,Transfer & EMT,base,236,0.6294720109461145,0.683377600708278,0.7181677331079721,0.0,0.683377600708278,0.054619904221497845,0.31294897771228586,0.49548719837907534,0.1915638239086388,0.03493098313815445,0.0,0.0036118153648034127,0.017616403074570405,0.01252565495593384,0.2650381679389313,0.0,0.3225516621743037,0.1468220694281402,0.0,0.028713429111835487,0.10803251639905026,0.009990341663648436,0.06146122580385529,0.02255623968771379,0.001680148094490724,0.06998269548070345,120.72920439454305,81.12897371848247,7.374542235100004
referral_current,Transfer & EMT,current,236,0.6294720109461145,0.683377600708278,0.7181677331079721,0.0,0.683377600708278,0.054619904221497845,0.31294897771228586,0.49548719837907534,0.1915638239086388,0.03493098313815445,0.0,0.0036118153648034127,0.017616403074570405,0.01252565495593384,0.2650381679389313,0.0,0.3225516621743037,0.1468220694281402,0.0,0.028713429111835487,0.10803251639905026,0.009990341663648436,0.06146122580385529,0.02255623968771379,0.001680148094490724,0.06998269548070345,120.72920439454305,81.12897371848247,7.374542235100004
referral_moderate,Transfer & EMT,moderate,236,0.6294720109461145,0.683377600708278,0.7181677331079721,0.0,0.683377600708278,0.054619904221497845,0.40578375391416466,0.46306870510222875,0.13114754098360656,0.03493098313815445,0.0,0.0036118153648034127,0.017616403074570405,0.01252565495593384,0.2650381679389313,0.0,0.3225516621743037,0.1468220694281402,0.0,0.028713429111835487,0.10803251639905026,0.009990341663648436,0.06146122580385529,0.02255623968771379,0.001680148094490724,0.06998269548070345,117.71097428467947,77.926514229595,7.374542235100004
referral_high,Transfer & EMT,high,236,0.6294720109461145,0.683377600708278,0.7181677331079721,0.0,0.683377600708278,0.054619904221497845,0.4943820224719101,0.424755940320501,0.08086203720758887,0.03493098313815445,0.0,0.0036118153648034127,0.017616403074570405,0.01252565495593384,0.2650381679389313,0.0,0.3225516621743037,0.1468220694281402,0.0,0.028713429111835487,0.10803251639905026,0.009990341663648436,0.06146122580385529,0.02255623968771379,0.001680148094490724,0.06998269548070345,115.69882087810375,75.79154123700334,7.374542235100004
pulse_base,PULSE,base,236,0.6294720109461145,0.683377600708278,0.7181677331079721,0.0,0.683377600708278,0.054619904221497845,0.31294897771228586,0.49548719837907534,0.1915638239086388,0.03493098313815445,0.0,0.0036118153648034127,0.017616403074570405,0.01252565495593384,0.2650381679389313,0.0,0.3225516621743037,0.1468220694281402,0.0,0.028713429111835487,0.10803251639905026,0.009990341663648436,0.06146122580385529,0.02255623968771379,0.001680148094490724,0.06998269548070345,120.72920439454305,81.12897371848247,7.374542235100004
pulse_current,PULSE,current,236,0.6294720109461145,0.683377600708278,0.7181576723409393,0.0,0.683377600708278,0.05458972192039921,0.3131220051603391,0.49539255436785845,0.19148544047180244,0.03493098313815445,0.0,0.0036118153648034127,0.017475552336110103,0.01252565495593384,0.2650381679389313,0.0,0.3225516621743037,0.146842505706315,0.0,0.028713429111835487,0.10715722966718982,0.009990341663648436,0.06146122580385529,0.02255623968771379,0.001680148094490724,0.06985190550927603,120.72920439454305,81.12897371848247,7.374542235100004
pulse_moderate,PULSE,moderate,236,0.6294720109461145,0.683377600708278,0.7181476115739064,0.0,0.683377600708278,0.054147048170952554,0.31512448903753254,0.49405425492382016,0.19082125603864733,0.03493098313815445,0.0,0.0036118153648034127,0.01614753108777013,0.01252565495593384,0.2650381679389313,0.0,0.3225516621743037,0.14705882352941177,0.0,0.028713429111835487,0.09873636766067045,0.009990341663648436,0.06146122580385529,0.02255623968771379,0.001680148094490724,0.06804096744335789,120.72920439454305,81.12897371848247,7.374542235100004
pulse_high,PULSE,high,236,0.6294720109461145,0.683377600708278,0.7181476115739064,0.0,0.683377600708278,0.05367419212040726,0.31658856607310215,0.492970946579194,0.19044048734770383,0.03493098313815445,0.0,0.0036118153648034127,0.014749084470200008,0.01252565495593384,0.2650381679389313,0.0,0.3225516621743037,0.1464828137490008,0.0,0.028713429111835487,0.0907279971024991,0.009990341663648436,0.06146122580385529,0.02255623968771379,0.001680148094490724,0.06637088011590003,116.70489758139159,80.06148722218664,7.364481468067126
fqa_base,FQA,base,236,0.6294720109461145,0.683377600708278,0.7181576723409393,0.0,0.683377600708278,0.05374461748963741,0.31505054286783973,0.49419692998876824,0.190752527143392,0.07649201175097589,0.012948207171314742,0.0049096543120447506,0.04960964223912431,0.028643003742605335,0.580381679389313,0.4775510204081633,0.4665391969407266,0.4428776719956889,0.0,0.020684937019598375,0.07636122177954847,0.00890377882409755,0.05883536560827397,0.02255623968771379,0.001680148094490724,0.060656364441225,106.64413054851302,66.18416277034096,7.26387379773834
fqa_current,FQA,current,236,0.6294720109461145,0.683377600708278,0.7181576723409393,0.0,0.683377600708278,0.05374461748963741,0.31505054286783973,0.49419692998876824,0.190752527143392,0.07649201175097589,0.012958267938347619,0.0049096543120447506,0.04961970300615719,0.028663125276671093,0.580381679389313,0.4779220779220779,0.4665391969407266,0.44296748697682775,0.0,0.020664815485532617,0.07627067487625257,0.00890377882409755,0.05883536560827397,0.02255623968771379,0.001680148094490724,0.060636242907159243,106.64413054851302,66.18416277034096,7.26387379773834
fqa_moderate,FQA,moderate,236,0.6294720109461145,0.683377600708278,0.7181274900398407,0.0,0.683377600708278,0.05371443518853877,0.3152275707061247,0.4941000187300993,0.19067241056377598,0.07649201175097589,0.013350637852629885,0.005110869652702322,0.05126966879954928,0.02954847277556441,0.580381679389313,0.4933085501858736,0.48565965583174,0.4586033117350612,0.0,0.02043341784377641,0.07495271439494547,0.008843414221900278,0.05871463640387943,0.02255623968771379,0.001680148094490724,0.06018350839067971,105.63805384522516,65.11667627404513,7.253813030705461
fqa_high,FQA,high,236,0.6294720109461145,0.683377600708278,0.718097307738742,0.0,0.683377600708278,0.05364400981930863,0.3152663165791448,0.4939984996249062,0.19073518379594898,0.07649201175097589,0.013642400096583364,0.005211477323031108,0.052557446979757734,0.03040363797335909,0.580381679389313,0.5055928411633109,0.49521988527724664,0.4713525218803573,0.0,0.020272445571250353,0.07365487544770413,0.008742806551571492,0.05859390719948489,0.02255623968771379,0.001680148094490724,0.05978107770936456,104.6319771419373,64.04918977774932,7.243752263672582
combined_base,All,base,236,0.6294720109461145,0.683377600708278,0.7181677331079721,0.0,0.683377600708278,0.054619904221497845,0.31294897771228586,0.49548719837907534,0.1915638239086388,0.03493098313815445,0.0,0.0036118153648034127,0.017616403074570405,0.01252565495593384,0.2650381679389313,0.0,0.3225516621743037,0.1468220694281402,0.0,0.028713429111835487,0.10803251639905026,0.009990341663648436,0.06146122580385529,0.02255623968771379,0.001680148094490724,0.06998269548070345,120.72920439454305,81.12897371848247,7.374542235100004
combined_current,All,current,236,0.6316350758581835,0.6852790856774921,0.7198076381343314,0.0,0.6852790856774921,0.053563523683045594,0.3163035311795642,0.4945529676934636,0.1891435011269722,0.0808583846432452,0.013511610125155941,0.005151112720833836,0.051983983258883655,0.030081693428306973,0.6117835122174012,0.5020560747663552,0.4918347742555235,0.4673903211216644,0.0,0.02029256710531611,0.07370517928286853,0.008712624250472856,0.058684454102780795,0.02255623968771379,0.001680148094490724,0.059851503078594714,98.59551692221015,58.69108215684391,7.243752263672582
combined_moderate,All,moderate,236,0.717191838705783,0.7452915610286128,0.7651414543844822,0.0,0.7452915610286128,0.020745301621795647,0.4903006789524733,0.42725509214354995,0.08244422890397672,0.13026681154171194,0.017948408386655398,0.007354420701034247,0.06317155619944465,0.04631977141937301,0.866956812855708,0.7350638648537289,0.7694736842105263,0.7021133847702113,0.0,0.015211879753712423,0.044971628636967284,0.007022415388949254,0.05799026117751217,0.022445571250352125,0.0016499657933920881,0.050937663487464285,53.32206527425651,32.72907714560216,6.237675560384724
combined_high,All,high,236,0.8494808644211035,0.7663889894965592,0.7663889894965592,0.0,0.7663889894965592,0.0,,,,0.1701275705259769,0.015775282707553625,0.007012354621916375,0.050927602720431404,0.050515111272083385,0.9525687246507436,0.7600581677169171,0.8190364277320799,0.7468279728533491,0.0,0.012777174131755805,0.03168135538653467,0.006167250191154574,0.06007283995331804,0.022294659744858947,0.0015896011911948167,0.04784900800837056,40.24306813151435,23.91598211500468,5.664211839510644
mentors_base,MENTORS,base,237,0.6295524970823776,0.6835083906797054,0.7209344440420138,0.0,0.6835083906797054,0.05158155257756852,0.3261166374097913,0.49288082699434366,0.18100253559586502,0.04167169705018311,0.0,0.0038532737735924986,0.01814962372731297,0.01466859833393698,0.2654277475168215,0.0,0.331028522039758,0.14873443812350565,0.0,0.038904986116141495,0.11123184031550565,0.00975894402189223,0.06359410841482555,0.02278763732947,0.0017405126966879955,0.04769809650287738,69.41929252686225,46.98495413627772,7.253813030705461
mentors_current,MENTORS,current,237,0.6295524970823776,0.6835083906797054,0.7208942009738822,0.0,0.6835083906797054,0.0506459012435108,0.3295589988081049,0.49165673420738976,0.17878426698450536,0.09568795524970823,0.01778743611412934,0.005452935731820194,0.053633949052275746,0.03437764095134613,0.6094841396988144,0.5092165898617511,0.5079662605435802,0.4758546817816656,0.0,0.02563483439977464,0.07988249024105598,0.008058674393335748,0.06109903819067165,0.02278763732947,0.0017405126966879955,0.04044428347217192,53.32206527425651,29.89951626854037,7.153205360376675
mentors_moderate,MENTORS,moderate,237,0.6295524970823776,0.6835083906797054,0.7207835325365206,0.0,0.6835083906797054,0.050142862891866875,0.33085874799357945,0.4911717495987159,0.17796950240770465,0.12036701678135941,0.02086603082619019,0.0064791339691738095,0.06471085355547507,0.04343233128093686,0.7666773470041653,0.6302035855363112,0.6338582677165354,0.5958866036687048,0.0,0.02157028451849169,0.06883576803895529,0.0071029015252122825,0.05998229305002213,0.02278763732947,0.0017405126966879955,0.03770775483922894,53.32206527425651,29.89951626854037,7.112962292245161
mentors_high,MENTORS,high,237,0.6295524970823776,0.6835083906797054,0.7206527425650932,0.0,0.6835083906797054,0.04952915610286128,0.3317083079423116,0.4915701807840748,0.17672151127361366,0.1460722765503642,0.023411404885508472,0.0076763652460863615,0.07443961527626866,0.051883375588554874,0.9304069208586991,0.7477506426735219,0.7841726618705036,0.7143960606353191,0.0,0.01844138597126645,0.05793995734234778,0.006096824821924423,0.05892591251156988,0.02278763732947,0.0017405126966879955,0.035102016177713385,50.30383516439293,26.695996668339614,7.082779991146525
prompts_base,PROMPTS,base,237,0.6295524970823776,0.6835083906797054,0.7209344440420138,0.0,0.6835083906797054,0.05158155257756852,0.3261166374097913,0.49288082699434366,0.18100253559586502,0.04167169705018311,0.0,0.0038532737735924986,0.01814962372731297,0.01466859833393698,0.2654277475168215,0.0,0.331028522039758,0.14873443812350565,0.0,0.038904986116141495,0.11123184031550565,0.00975894402189223,0.06359410841482555,0.02278763732947,0.0017405126966879955,0.04769809650287738,69.41929252686225,46.98495413627772,7.253813030705461
prompts_current,PROMPTS,current,237,0.6316048935570848,0.6853394502796893,0.7225642883013401,0.0,0.6853394502796893,0.05142058030504246,0.3255722950498924,0.4936411661123068,0.18078653883780083,0.041802487021610525,0.0,0.0038633345406253773,0.01814962372731297,0.014708841402068493,0.26558005752636626,0.0,0.33189282627484873,0.1487467018469657,0.0,0.038904986116141495,0.11120165801440701,0.00975894402189223,0.06363435148295706,0.02278763732947,0.0017405126966879955,0.047708157269910255,69.41929252686225,46.96990723443321,7.26387379773834
prompts_moderate,PROMPTS,moderate,237,0.6866171676928648,0.7240130387540746,0.7563382832307135,0.0,0.7240130387540746,0.04067568111392813,0.3393519663616127,0.48899332179074945,0.1716547118476379,0.04525333011388788,0.0,0.0039136383757897705,0.018531932874562358,0.01487987444162743,0.2646816523478875,0.0,0.33592400690846286,0.15335942053117976,0.0,0.03877419614471407,0.10979315062980402,0.00975894402189223,0.06409714676646948,0.02278763732947,0.0017103303955893598,0.0468429313050827,57.34637208740795,42.40072929254383,6.921807718620467
prompts_high,PROMPTS,high,237,0.8384341422190028,0.7663889894965592,0.7663889894965592,0.0,0.7663889894965592,0.0,,,,0.05544488711819389,0.0,0.0038834560746911343,0.016912149382268905,0.015483520463600145,0.26437994722955144,0.0,0.3428063943161634,0.1516053391053391,0.0,0.03375387339530766,0.10155338242987645,0.009286087971346935,0.06884582880598816,0.02256630045474667,0.0016399050263592096,0.04596764457322226,48.291681757817216,36.453396935831606,6.217554026318966
prompts_high_shift,PROMPTS,high_shift,237,0.8858907803130911,0.8449937623244396,0.8531932874562357,0.0,0.8449937623244396,0.013582035494386092,0.3377777777777778,0.4651851851851852,0.19703703703703704,0.05862408950058352,0.0,0.004064549881282949,0.018672783613022655,0.015413095094369994,0.2647673573246092,0.0,0.35376532399299476,0.16362514326016045,0.0,0.037697694072196065,0.10259970220129583,0.009517485613103144,0.06636081934886716,0.021308704575636845,0.0014990542878989095,0.04652098676003059,37.22483802165077,27.966812715577518,5.533421868083223
blood_base,Blood tracking,base,237,0.6295524970823776,0.6835083906797054,0.7209344440420138,0.0,0.6835083906797054,0.05158155257756852,0.3261166374097913,0.49288082699434366,0.18100253559586502,0.04167169705018311,0.0,0.0038532737735924986,0.01814962372731297,0.01466859833393698,0.2654277475168215,0.0,0.331028522039758,0.14873443812350565,0.0,0.038904986116141495,0.11123184031550565,0.00975894402189223,0.06359410841482555,0.02278763732947,0.0017405126966879955,0.04769809650287738,69.41929252686225,46.98495413627772,7.253813030705461
blood_current,Blood tracking,current,237,0.6295524970823776,0.6835083906797054,0.7209344440420138,0.0,0.6835083906797054,0.05158155257756852,0.3261166374097913,0.49288082699434366,0.18100253559586502,0.04167169705018311,0.0,0.0038532737735924986,0.01814962372731297,0.01466859833393698,0.2654277475168215,0.0,0.331028522039758,0.14873443812350565,0.0,0.038904986116141495,0.11123184031550565,0.00975894402189223,0.06359410841482555,0.02278763732947,0.0017405126966879955,0.04769809650287738,64.38890901042295,41.6457548026098,7.253813030705461
blood_moderate,Blood tracking,moderate,237,0.6295524970823776,0.6835083906797054,0.7209344440420138,0.0,0.6835083906797054,0.05158155257756852,0.3261166374097913,0.49288082699434366,0.18100253559586502,0.04167169705018311,0.0,0.0038532737735924986,0.01814962372731297,0.01466859833393698,0.2654277475168215,0.0,0.331028522039758,0.14873443812350565,0.0,0.038904986116141495,0.11123184031550565,0.00975894402189223,0.06359410841482555,0.02278763732947,0.0017405126966879955,0.04769809650287738,59.358525493983656,36.30655546894188,7.253813030705461
blood_high,Blood tracking,high,237,0.6295524970823776,0.6835083906797054,0.7209344440420138,0.0,0.6835083906797054,0.05158155257756852,0.3261166374097913,0.49288082699434366,0.18100253559586502,0.04167169705018311,0.0,0.0038532737735924986,0.01814962372731297,0.01466859833393698,0.2654277475168215,0.0,0.331028522039758,0.14873443812350565,0.0,0.038904986116141495,0.11123184031550565,0.00975894402189223,0.06359410841482555,0.02278763732947,0.0017405126966879955,0.04769809650287738,56.34029538412008,33.103035868741124,7.253813030705461
referral_base,Transfer & EMT,base,237,0.6295524970823776,0.6835083906797054,0.7209344440420138,0.0,0.6835083906797054,0.05158155257756852,0.3261166374097913,0.49288082699434366,0.18100253559586502,0.04167169705018311,0.0,0.0038532737735924986,0.01814962372731297,0.01466859833393698,0.2654277475168215,0.0,0.331028522039758,0.14873443812350565,0.0,0.038904986116141495,0.11123184031550565,0.00975894402189223,0.06359410841482555,0.02278763732947,0.0017405126966879955,0.04769809650287738,69.41929252686225,46.98495413627772,7.253813030705461
referral_current,Transfer & EMT,current,237,0.6295524970823776,0.6835083906797054,0.7209344440420138,0.0,0.6835083906797054,0.05158155257756852,0.3261166374097913,0.49288082699434366,0.18100253559586502,0.04167169705018311,0.0,0.0038532737735924986,0.01814962372731297,0.01466859833393698,0.2654277475168215,0.0,0.331028522039758,0.14873443812350565,0.0,0.038904986116141495,0.11123184031550565,0.00975894402189223,0.06359410841482555,0.02278763732947,0.0017405126966879955,0.04769809650287738,69.41929252686225,46.98495413627772,7.253813030705461
referral_moderate,Transfer & EMT,moderate,237,0.6295524970823776,0.6835083906797054,0.7209344440420138,0.0,0.6835083906797054,0.05158155257756852,0.416227813536181,0.46225863077823287,0.12151355568558611,0.04167169705018311,0.0,0.0038532737735924986,0.01814962372731297,0.01466859833393698,0.2654277475168215,0.0,0.331028522039758,0.14873443812350565,0.0,0.038904986116141495,0.11123184031550565,0.00975894402189223,0.06359410841482555,0.02278763732947,0.0017405126966879955,0.04769809650287738,65.39498571371081,42.71359466934339,7.253813030705461
referral_high,Transfer & EMT,high,237,0.6295524970823776,0.6835083906797054,0.7209344440420138,0.0,0.6835083906797054,0.05158155257756852,0.5041934854690853,0.4212990052662376,0.0745075092646772,0.04167169705018311,0.0,0.0038532737735924986,0.01814962372731297,0.01466859833393698,0.2654277475168215,0.0,0.331028522039758,0.14873443812350565,0.0,0.038904986116141495,0.11123184031550565,0.00975894402189223,0.06359410841482555,0.02278763732947,0.0017405126966879955,0.04769809650287738,65.39498571371081,42.71359466934339,7.253813030705461
pulse_base,PULSE,base,237,0.6295524970823776,0.6835083906797054,0.7209344440420138,0.0,0.6835083906797054,0.05158155257756852,0.3261166374097913,0.49288082699434366,0.18100253559586502,0.04167169705018311,0.0,0.0038532737735924986,0.01814962372731297,0.01466859833393698,0.2654277475168215,0.0,0.331028522039758,0.14873443812350565,0.0,0.038904986116141495,0.11123184031550565,0.00975894402189223,0.06359410841482555,0.02278763732947,0.0017405126966879955,0.04769809650287738,69.41929252686225,46.98495413627772,7.253813030705461
pulse_current,PULSE,current,237,0.6295524970823776,0.6835083906797054,0.7209243832749809,0.0,0.6835083906797054,0.051561431043502755,0.3260487804878049,0.4928780487804878,0.1810731707317073,0.04167169705018311,0.0,0.0038532737735924986,0.01801883375588555,0.01466859833393698,0.2654277475168215,0.0,0.331028522039758,0.1489025606917193,0.0,0.038904986116141495,0.11030624974848083,0.00975894402189223,0.06359410841482555,0.02278763732947,0.0017405126966879955,0.04762767113364723,69.41929252686225,46.98495413627772,7.253813030705461
pulse_moderate,PULSE,moderate,237,0.6295524970823776,0.6835083906797054,0.7209243832749809,0.0,0.6835083906797054,0.05118918266328625,0.32763364779874216,0.4921383647798742,0.18022798742138366,0.04167169705018311,0.0,0.0038532737735924986,0.01667069097347982,0.01466859833393698,0.2654277475168215,0.0,0.331028522039758,0.14921206663665015,0.0,0.038904986116141495,0.10171435470240252,0.00975894402189223,0.06359410841482555,0.02278763732947,0.0017405126966879955,0.046289589118274375,69.41929252686225,46.98495413627772,7.243752263672582
pulse_high,PULSE,high,237,0.6295524970823776,0.6835083906797054,0.7209243832749809,0.0,0.6835083906797054,0.050877298885267014,0.3292465888866917,0.4910025706940874,0.17975084041922088,0.04167169705018311,0.0,0.0038532737735924986,0.01523200128777818,0.01466859833393698,0.2654277475168215,0.0,0.331028522039758,0.14876682715928072,0.0,0.038904986116141495,0.0933538572980804,0.00975894402189223,0.06359410841482555,0.02278763732947,0.0017405126966879955,0.04512254014246046,68.41321582357439,46.98495413627772,7.243752263672582
fqa_base,FQA,base,237,0.6295524970823776,0.6835083906797054,0.7209243832749809,0.0,0.6835083906797054,0.05073644814680671,0.3293674400158636,0.49157247670037674,0.17906008328375966,0.09125115698820878,0.01722403316028814,0.005211477323031108,0.051360215702845186,0.03296913356674313,0.581223966677347,0.4883057615516258,0.4827586206896552,0.45588497946061796,0.0,0.02626866272284599,0.08124069379049459,0.008169342830697413,0.06122982816209908,0.02278763732947,0.0017405126966879955,0.04088695722161858,53.32206527425651,29.89951626854037,7.173326894442432
fqa_current,FQA,current,237,0.6295524970823776,0.6835083906797054,0.7209243832749809,0.0,0.6835083906797054,0.05073644814680671,0.3293674400158636,0.49157247670037674,0.17906008328375966,0.09125115698820878,0.017264276228419653,0.005221538090063986,0.05138033723691094,0.032989255100808884,0.581223966677347,0.4894466628636623,0.483690587138863,0.45606358278263975,0.0,0.02626866272284599,0.08122057225642883,0.008169342830697413,0.06122982816209908,0.02278763732947,0.0017405126966879955,0.04088695722161858,53.32206527425651,29.89951626854037,7.173326894442432
fqa_moderate,FQA,moderate,237,0.6295524970823776,0.6835083906797054,0.7208841402068493,0.0,0.6835083906797054,0.05067608354460944,0.3293627159023228,0.49156243795910265,0.17907484613857455,0.09125115698820878,0.017817618415227977,0.005432814197754437,0.053000120729204396,0.034055696406294016,0.581223966677347,0.506,0.5032618825722274,0.47157819353683644,0.0,0.025856171274497967,0.07989255100808886,0.00811903899553302,0.061119159724737415,0.02278763732947,0.0017405126966879955,0.040534830375467824,53.32206527425651,29.89951626854037,7.153205360376675
fqa_high,FQA,high,237,0.6295524970823776,0.6835083906797054,0.7208841402068493,0.0,0.6835083906797054,0.0506459012435108,0.32936034962256655,0.49165673420738976,0.1789829161700437,0.09125115698820878,0.018209988329510242,0.005543482635116101,0.054418688880840276,0.035061773109581876,0.581223966677347,0.5171428571428571,0.5135135135135135,0.48515561933805723,0.0,0.025534226729445855,0.07857459052678176,0.008068735160368627,0.061008491287375746,0.02278763732947,0.0017405126966879955,0.04020282506338283,53.32206527425651,29.89951626854037,7.153205360376675
combined_base,All,base,237,0.6295524970823776,0.6835083906797054,0.7209344440420138,0.0,0.6835083906797054,0.05158155257756852,0.3261166374097913,0.49288082699434366,0.18100253559586502,0.04167169705018311,0.0,0.0038532737735924986,0.01814962372731297,0.01466859833393698,0.2654277475168215,0.0,0.331028522039758,0.14873443812350565,0.0,0.038904986116141495,0.11123184031550565,0.00975894402189223,0.06359410841482555,0.02278763732947,0.0017405126966879955,0.04769809650287738,69.41929252686225,46.98495413627772,7.253813030705461
combined_current,All,current,237,0.6317658658296108,0.6854400579500181,0.7225944706024388,0.0,0.6854400579500181,0.05043462513582035,0.3305405944544185,0.4921204867344903,0.17733891881109115,0.09666384965189746,0.017888043784458126,0.0054428749647873155,0.05364400981930863,0.034689524729365366,0.6139297124600639,0.5126874279123415,0.5089369708372531,0.480144079243584,0.0,0.025544287496478732,0.07867519819711055,0.008018431325204233,0.06108897742363878,0.02278763732947,0.0017405126966879955,0.040273250432612984,50.30383516439293,26.686307789199514,7.153205360376675
combined_moderate,All,moderate,237,0.7173528109783089,0.7453116825626785,0.7654130950943699,0.0,0.7453116825626785,0.02072518008772989,0.5,0.4179611650485437,0.08203883495145631,0.1550464807436919,0.022103505171234255,0.007565696808724697,0.06481146122580385,0.053201336069861965,0.866321884310529,0.7447457627118644,0.7784679089026915,0.7145075421472937,0.0,0.017535916938307375,0.05084711658416838,0.005955974083464123,0.060736850577488025,0.022697090426174092,0.0016902088615236026,0.033683448026077506,30.18230109863576,15.843173704556497,6.529437804338203
combined_high,All,high,237,0.8494506821200049,0.7663889894965592,0.7663889894965592,0.0,0.7663889894965592,0.0,,,,0.20224153889492535,0.01894442432291038,0.007535514507626061,0.05330194374019075,0.0581210511489396,0.9513037717098103,0.7704582651391162,0.8322222222222222,0.7544859014525777,0.0,0.014085073846030022,0.037737937140327575,0.005281902692261258,0.06293009779065556,0.02256630045474667,0.0016399050263592096,0.032194454505211474,24.145840878908608,12.480499219968797,6.006277918628516
mentors_base,MENTORS,base,238,0.6291601271680953,0.6830958992313574,0.7206326210310274,0.0,0.6830958992313574,0.05287939152480985,0.3236301369863014,0.4901065449010654,0.1862633181126332,0.03143989697774558,0.0,0.0035615115296390196,0.01616765262183589,0.012254014246046118,0.26386895212361733,0.0,0.32899628252788105,0.14562754870865427,0.0,0.026661032637128254,0.10143265322548191,0.009477242544971629,0.05005231598857097,0.022254416676727434,0.0018209988329510242,0.05265805465008652,79.48005955974084,51.258503038134194,6.931868485653347
mentors_current,MENTORS,current,238,0.6291601271680953,0.6830958992313574,0.7206124994969616,0.0,0.6830958992313574,0.05231598857096865,0.325,0.4894230769230769,0.18557692307692308,0.07225642883013401,0.012535715722966719,0.005171234254899594,0.049297758461105075,0.029125920560183507,0.6064341805285823,0.49919871794871795,0.5004868549172347,0.4676464974231724,0.0,0.019739224918507787,0.07624049257515393,0.008420862006519376,0.04838222866111312,0.022254416676727434,0.0018209988329510242,0.046651776731458004,70.4253692301501,41.64753371848403,6.881564650488953
mentors_moderate,MENTORS,moderate,238,0.6291601271680953,0.6830958992313574,0.7205219525936657,0.0,0.6830958992313574,0.051983983258883655,0.3257209212308883,0.48906522159860655,0.18521385717050512,0.09141212926073485,0.015211879753712423,0.006499255503239567,0.060535635236830455,0.03692301501066441,0.7672042556784598,0.6181520850367948,0.6447105788423154,0.5888051668460711,0.0,0.017837739949293736,0.06733671375105638,0.007766912149382269,0.04774840033804177,0.022254416676727434,0.0018209988329510242,0.0442573141776329,67.40713912028653,38.443877278600645,6.841321582357439
mentors_high,MENTORS,high,238,0.6291601271680953,0.6830958992313574,0.7204515272244356,0.0,0.6830958992313574,0.05159161334460139,0.32585803432137284,0.48868954758190325,0.18545241809672386,0.11106080727594672,0.017888043784458126,0.007716608314217876,0.07084792144553101,0.04427743571169866,0.9321117959976357,0.7451802179379715,0.781855249745158,0.7081657280772325,0.0,0.015906072678981045,0.05819147651816974,0.007203509195541068,0.04704414664574027,0.022254416676727434,0.0018209988329510242,0.042235100004024306,66.40106241699867,37.37599179863952,6.83126081532456
prompts_base,PROMPTS,base,238,0.6291601271680953,0.6830958992313574,0.7206326210310274,0.0,0.6830958992313574,0.05287939152480985,0.3236301369863014,0.4901065449010654,0.1862633181126332,0.03143989697774558,0.0,0.0035615115296390196,0.01616765262183589,0.012254014246046118,0.26386895212361733,0.0,0.32899628252788105,0.14562754870865427,0.0,0.026661032637128254,0.10143265322548191,0.009477242544971629,0.05005231598857097,0.022254416676727434,0.0018209988329510242,0.05265805465008652,79.48005955974084,51.258503038134194,6.931868485653347
prompts_current,PROMPTS,current,238,0.6312728882449998,0.6849470803654071,0.7222926475914524,0.0,0.6849470803654071,0.05273854078634955,0.32315909958031286,0.4908431896222816,0.18599771079740557,0.031560626182140124,0.0,0.0035715722966718983,0.01615759185480301,0.012284196547144754,0.26416842105263155,0.0,0.3302325581395349,0.1456557228369309,0.0,0.026661032637128254,0.10132198478812024,0.009477242544971629,0.05007243752263672,0.022254416676727434,0.0018209988329510242,0.05263793311602077,79.48005955974084,51.24153980827124,6.931868485653347
prompts_moderate,PROMPTS,moderate,238,0.6865266207895689,0.7238520664815485,0.7563483439977464,0.0,0.7238520664815485,0.041128415630407665,0.339041095890411,0.48409980430528377,0.17685909980430528,0.03427703328101735,0.0,0.0036118153648034127,0.016388989496559217,0.012505533421868083,0.26388351018511347,0.0,0.3380414312617702,0.15119732689808799,0.0,0.02656042496679947,0.09870618535957182,0.009396756408708599,0.05039438206768884,0.022194052074530162,0.0018109380659181455,0.05143064107207534,61.37067890055938,44.52076575717102,6.509316270272445
prompts_high,PROMPTS,high,238,0.838333534548674,0.7663889894965592,0.7663889894965592,0.0,0.7663889894965592,0.0,,,,0.041802487021610525,0.0,0.0034609038593102336,0.014336593021851985,0.013089057909775041,0.26287485764899404,0.0,0.34331337325349304,0.14923028589381088,0.0,0.023723288663527707,0.08772988852670127,0.008561712744979678,0.053563523683045594,0.02200289750090547,0.0016097227252605739,0.05033401746549157,44.26737494466578,32.284268188540125,5.6038472373133725
prompts_high_shift,PROMPTS,high_shift,238,0.8855587750010061,0.8449132761881766,0.8530222544166767,0.0,0.8449132761881766,0.0140951346130629,0.3340471092077088,0.46466809421841543,0.2012847965738758,0.0441164634391726,0.0,0.0037426053362308344,0.01629844259326331,0.013149422511972313,0.2628581704831555,0.0,0.3708873379860419,0.16751111570675215,0.0,0.025312889854722524,0.0878606784981287,0.00889371805706467,0.05207453016217956,0.021489798382228663,0.0014889935208660307,0.050766630447905345,51.30991186768079,40.39608882996354,5.1108696527023225
blood_base,Blood tracking,base,238,0.6291601271680953,0.6830958992313574,0.7206326210310274,0.0,0.6830958992313574,0.05287939152480985,0.3236301369863014,0.4901065449010654,0.1862633181126332,0.03143989697774558,0.0,0.0035615115296390196,0.01616765262183589,0.012254014246046118,0.26386895212361733,0.0,0.32899628252788105,0.14562754870865427,0.0,0.026661032637128254,0.10143265322548191,0.009477242544971629,0.05005231598857097,0.022254416676727434,0.0018209988329510242,0.05265805465008652,79.48005955974084,51.258503038134194,6.931868485653347
blood_current,Blood tracking,current,238,0.6291601271680953,0.6830958992313574,0.7206326210310274,0.0,0.6830958992313574,0.05287939152480985,0.3236301369863014,0.4901065449010654,0.1862633181126332,0.03143989697774558,0.0,0.0035615115296390196,0.01616765262183589,0.012254014246046118,0.26386895212361733,0.0,0.32899628252788105,0.14562754870865427,0.0,0.026661032637128254,0.10143265322548191,0.009477242544971629,0.05005231598857097,0.022254416676727434,0.0018209988329510242,0.05265805465008652,77.46790615316512,49.12273207821193,6.931868485653347
blood_moderate,Blood tracking,moderate,238,0.6291601271680953,0.6830958992313574,0.7206326210310274,0.0,0.6830958992313574,0.05287939152480985,0.3236301369863014,0.4901065449010654,0.1862633181126332,0.03143989697774558,0.0,0.0035615115296390196,0.01616765262183589,0.012254014246046118,0.26386895212361733,0.0,0.32899628252788105,0.14562754870865427,0.0,0.026661032637128254,0.10143265322548191,0.009477242544971629,0.05005231598857097,0.022254416676727434,0.0018209988329510242,0.05265805465008652,75.4557527465894,46.98696111828968,6.931868485653347
blood_high,Blood tracking,high,238,0.6291601271680953,0.6830958992313574,0.7206326210310274,0.0,0.6830958992313574,0.05287939152480985,0.3236301369863014,0.4901065449010654,0.1862633181126332,0.03143989697774558,0.0,0.0035615115296390196,0.01616765262183589,0.012254014246046118,0.26386895212361733,0.0,0.32899628252788105,0.14562754870865427,0.0,0.026661032637128254,0.10143265322548191,0.009477242544971629,0.05005231598857097,0.022254416676727434,0.0018209988329510242,0.05265805465008652,71.43144593343796,42.715419198445154,6.931868485653347
referral_base,Transfer & EMT,base,238,0.6291601271680953,0.6830958992313574,0.7206326210310274,0.0,0.6830958992313574,0.05287939152480985,0.3236301369863014,0.4901065449010654,0.1862633181126332,0.03143989697774558,0.0,0.0035615115296390196,0.01616765262183589,0.012254014246046118,0.26386895212361733,0.0,0.32899628252788105,0.14562754870865427,0.0,0.026661032637128254,0.10143265322548191,0.009477242544971629,0.05005231598857097,0.022254416676727434,0.0018209988329510242,0.05265805465008652,79.48005955974084,51.258503038134194,6.931868485653347
referral_current,Transfer & EMT,current,238,0.6291601271680953,0.6830958992313574,0.7206326210310274,0.0,0.6830958992313574,0.05287939152480985,0.3236301369863014,0.4901065449010654,0.1862633181126332,0.03143989697774558,0.0,0.0035615115296390196,0.01616765262183589,0.012254014246046118,0.26386895212361733,0.0,0.32899628252788105,0.14562754870865427,0.0,0.026661032637128254,0.10143265322548191,0.009477242544971629,0.05005231598857097,0.022254416676727434,0.0018209988329510242,0.05265805465008652,79.48005955974084,51.258503038134194,6.931868485653347
referral_moderate,Transfer & EMT,moderate,238,0.6291601271680953,0.6830958992313574,0.7206326210310274,0.0,0.6830958992313574,0.05287939152480985,0.4160958904109589,0.4602359208523592,0.12366818873668188,0.03143989697774558,0.0,0.0035615115296390196,0.01616765262183589,0.012254014246046118,0.26386895212361733,0.0,0.32899628252788105,0.14562754870865427,0.0,0.026661032637128254,0.10143265322548191,0.009477242544971629,0.05005231598857097,0.022254416676727434,0.0018209988329510242,0.05265805465008652,77.46790615316512,49.12273207821193,6.931868485653347
referral_high,Transfer & EMT,high,238,0.6291601271680953,0.6830958992313574,0.7206326210310274,0.0,0.6830958992313574,0.05287939152480985,0.507420091324201,0.4157153729071537,0.07686453576864535,0.03143989697774558,0.0,0.0035615115296390196,0.01616765262183589,0.012254014246046118,0.26386895212361733,0.0,0.32899628252788105,0.14562754870865427,0.0,0.026661032637128254,0.10143265322548191,0.009477242544971629,0.05005231598857097,0.022254416676727434,0.0018209988329510242,0.05265805465008652,76.46182944987726,48.054846598250805,6.931868485653347
pulse_base,PULSE,base,238,0.6291601271680953,0.6830958992313574,0.7206326210310274,0.0,0.6830958992313574,0.05287939152480985,0.3236301369863014,0.4901065449010654,0.1862633181126332,0.03143989697774558,0.0,0.0035615115296390196,0.01616765262183589,0.012254014246046118,0.26386895212361733,0.0,0.32899628252788105,0.14562754870865427,0.0,0.026661032637128254,0.10143265322548191,0.009477242544971629,0.05005231598857097,0.022254416676727434,0.0018209988329510242,0.05265805465008652,79.48005955974084,51.258503038134194,6.931868485653347
pulse_current,PULSE,current,238,0.6291601271680953,0.6830958992313574,0.7206124994969616,0.0,0.6830958992313574,0.052839148456678336,0.32368621477532367,0.4900990099009901,0.18621477532368622,0.03143989697774558,0.0,0.0035615115296390196,0.016077105718539982,0.012254014246046118,0.26386895212361733,0.0,0.32899628252788105,0.14585615188024825,0.0,0.026661032637128254,0.10069821723208178,0.009477242544971629,0.05005231598857097,0.022254416676727434,0.0018209988329510242,0.052567507746790615,79.48005955974084,51.258503038134194,6.931868485653347
pulse_moderate,PULSE,moderate,238,0.6291601271680953,0.6830958992313574,0.7206024387299288,0.0,0.6830958992313574,0.052406535474264555,0.3257822998656172,0.48934536379343446,0.18487233634094835,0.03143989697774558,0.0,0.0035615115296390196,0.014849692140528795,0.012254014246046118,0.26386895212361733,0.0,0.32899628252788105,0.14615308446380829,0.0,0.026661032637128254,0.09275021127610769,0.009477242544971629,0.05005231598857097,0.022254416676727434,0.0018209988329510242,0.051138878828121855,79.48005955974084,51.258503038134194,6.931868485653347
pulse_high,PULSE,high,238,0.6291601271680953,0.6830958992313574,0.7206024387299288,0.0,0.6830958992313574,0.05206446939514669,0.3267632850241546,0.4888888888888889,0.18434782608695652,0.03143989697774558,0.0,0.0035615115296390196,0.01345124552295867,0.012254014246046118,0.26386895212361733,0.0,0.32899628252788105,0.14433768757422002,0.0,0.026661032637128254,0.08523481830254738,0.009477242544971629,0.05005231598857097,0.022254416676727434,0.0018209988329510242,0.04974043221055173,77.46790615316512,51.258503038134194,6.931868485653347
fqa_base,FQA,base,238,0.6291601271680953,0.6830958992313574,0.7206124994969616,0.0,0.6830958992313574,0.05233611010503441,0.3248750480584391,0.48942714340638216,0.18569780853517878,0.06893637570928407,0.012052798905388547,0.004939836613143386,0.04719505815123345,0.027989053885468226,0.5785696191843283,0.47767145135566186,0.4766990291262136,0.44834177578132467,0.0,0.02000080486136263,0.07718620467624451,0.008531530443881042,0.04844259326331039,0.022254416676727434,0.0018209988329510242,0.04695359974244436,70.4253692301501,41.64753371848403,6.891625417521832
fqa_current,FQA,current,238,0.6291601271680953,0.6830958992313574,0.7206124994969616,0.0,0.6830958992313574,0.05233611010503441,0.3248750480584391,0.48942714340638216,0.18569780853517878,0.06893637570928407,0.012082981206487183,0.004939836613143386,0.04720511891826633,0.028009175419533985,0.5785696191843283,0.4788676236044657,0.4766990291262136,0.44843735066424545,0.0,0.02000080486136263,0.07716608314217877,0.008531530443881042,0.04844259326331039,0.022254416676727434,0.0018209988329510242,0.04694353897541149,70.4253692301501,41.64753371848403,6.891625417521832
fqa_moderate,FQA,moderate,238,0.6291601271680953,0.6830958992313574,0.7205923779628959,0.0,0.6830958992313574,0.05231598857096865,0.325,0.48923076923076925,0.18576923076923077,0.06893637570928407,0.01245522958670369,0.005141051953800958,0.04869411243913236,0.028874401384361544,0.5785696191843283,0.4940143655227454,0.4961165048543689,0.46342397548831865,0.0,0.019829771821803694,0.07613988490482515,0.008461105074650891,0.048402350195178884,0.022254416676727434,0.0018209988329510242,0.046712141333655276,70.4253692301501,41.64753371848403,6.881564650488953
fqa_high,FQA,high,238,0.6291601271680953,0.6830958992313574,0.7205722564288302,0.0,0.6830958992313574,0.05227574550283714,0.32525019245573517,0.48903002309468824,0.1857197844495766,0.06893637570928407,0.012746991830657169,0.005241659624129744,0.0498511006479134,0.029729566582156225,0.5785696191843283,0.5068,0.5058252427184466,0.4761218410685116,0.0,0.019608434947080366,0.07510362590043865,0.00840074047245362,0.048311803291882977,0.022254416676727434,0.0018209988329510242,0.046440500623767554,70.4253692301501,41.64753371848403,6.871503883456075
combined_base,All,base,238,0.6291601271680953,0.6830958992313574,0.7206326210310274,0.0,0.6830958992313574,0.05287939152480985,0.3236301369863014,0.4901065449010654,0.1862633181126332,0.03143989697774558,0.0,0.0035615115296390196,0.01616765262183589,0.012254014246046118,0.26386895212361733,0.0,0.32899628252788105,0.14562754870865427,0.0,0.026661032637128254,0.10143265322548191,0.009477242544971629,0.05005231598857097,0.022254416676727434,0.0018209988329510242,0.05265805465008652,79.48005955974084,51.258503038134194,6.931868485653347
combined_current,All,current,238,0.6314338605175258,0.6850476880357358,0.722322829892551,0.0,0.6850476880357358,0.0521047124632782,0.3267039969106005,0.4894767329600309,0.1838192701293686,0.07300092559056702,0.012636323393295505,0.0051913557889653504,0.049358123063302346,0.029397561270071232,0.6107744107744107,0.5036086607858862,0.50390625,0.4723211706941369,0.0,0.019658738782244757,0.07522435510483319,0.008380618938387863,0.048352046360014486,0.022254416676727434,0.0018209988329510242,0.04643043985673468,69.41929252686225,40.564486859241235,6.871503883456075
combined_moderate,All,moderate,238,0.7171113525695199,0.7450601633868567,0.7654332166284358,0.0,0.7450601633868567,0.020976699263551852,0.5079136690647482,0.4115107913669065,0.08057553956834532,0.11811340496599461,0.01699263551853193,0.007374542235100004,0.060163386856613946,0.045283512414986515,0.8687930141345371,0.7447089947089947,0.7831196581196581,0.7054382446620266,0.0,0.014970421344923338,0.0502233490281299,0.006730653144995775,0.04821119562155419,0.022103505171234255,0.0017304519296551168,0.040494587307336315,44.26737494466578,27.460340930694326,6.026399452694274
combined_high,All,high,238,0.849430560585939,0.7663889894965592,0.7663889894965592,0.0,0.7663889894965592,0.0,,,,0.1535876695239245,0.015574067366896052,0.007434906837297276,0.048502957865507665,0.049569399170992796,0.9525770622738051,0.7697662854301343,0.843607305936073,0.7418064317587321,0.0,0.01309911867680792,0.037063865749124715,0.006076703287858667,0.04968006760835446,0.022083383637168497,0.0014990542878989095,0.03844219083262908,31.188377801923615,19.758529965370574,5.543482635116101
mentors_base,MENTORS,base,239,0.6289991548955692,0.6835285122137712,0.7184896776530243,0.0,0.6835285122137712,0.0455249708237756,0.3352486187845304,0.48596685082872926,0.17878453038674033,0.024608636162421024,0.0,0.0035615115296390196,0.016610326371282548,0.011197633707593867,0.2615763019997861,0.0,0.35014836795252224,0.1429313479352437,0.0,0.03678216427220411,0.10541671697050183,0.008772988852670128,0.0633828323071351,0.022455632017385006,0.001700269628556481,0.03676204273813836,67.40713912028653,45.91417253051157,7.595879109823333
mentors_current,MENTORS,current,239,0.6289991548955692,0.6835285122137712,0.7184594953519257,0.0,0.6835285122137712,0.04500181093806592,0.33713391459870334,0.48490945674044267,0.17795662866085402,0.05715521751378325,0.01615759185480301,0.005040444283472172,0.05037426053362308,0.026781761841522797,0.6075286065661426,0.46754002911208153,0.5127942681678608,0.4550990728958371,0.0,0.025463801360215702,0.07629079641031833,0.007827276751579541,0.061320375065394984,0.022455632017385006,0.001700269628556481,0.031168256267857863,55.33421868083222,33.10091508013625,7.515392973560305
mentors_moderate,MENTORS,moderate,239,0.6289991548955692,0.6835285122137712,0.7183588876815968,0.0,0.6835285122137712,0.044659744858948046,0.3385897724712773,0.4838927686415859,0.17751745888713674,0.07253813030705461,0.01964867801521188,0.006247736327417602,0.061531651173085435,0.03371363032717614,0.7710405304245536,0.5850808867585381,0.646875,0.5695660271931459,0.0,0.022173930540464404,0.06587790253128899,0.007203509195541068,0.060475270634633184,0.022455632017385006,0.001700269628556481,0.02911585979315063,53.32206527425651,30.965372171740363,7.4650891383959115
mentors_high,MENTORS,high,239,0.6289991548955692,0.6835285122137712,0.7182985230793996,0.0,0.6835285122137712,0.044287496478731536,0.33916401635620175,0.48409813721035894,0.17673784643343934,0.0877198277596684,0.022948609601996055,0.007485210672461669,0.0723570365004628,0.0404543442392048,0.9324136455994011,0.7016302676099662,0.7906482465462275,0.6859977107974056,0.0,0.0194977665097187,0.056199444645659784,0.006589802406535474,0.05957986236870699,0.022455632017385006,0.001700269628556481,0.02725461789206809,50.30383516439293,27.76205780914653,7.434906837297276
prompts_base,PROMPTS,base,239,0.6289991548955692,0.6835285122137712,0.7184896776530243,0.0,0.6835285122137712,0.0455249708237756,0.3352486187845304,0.48596685082872926,0.17878453038674033,0.024608636162421024,0.0,0.0035615115296390196,0.016610326371282548,0.011197633707593867,0.2615763019997861,0.0,0.35014836795252224,0.1429313479352437,0.0,0.03678216427220411,0.10541671697050183,0.008772988852670128,0.0633828323071351,0.022455632017385006,0.001700269628556481,0.03676204273813836,67.40713912028653,45.91417253051157,7.595879109823333
prompts_current,PROMPTS,current,239,0.6311521590406053,0.6854702402511167,0.720250311883778,0.0,0.6854702402511167,0.04537405931828242,0.3348115299334812,0.4866962305986696,0.17849223946784923,0.024719304599782686,0.0,0.0035715722966718983,0.016600265604249667,0.011227816008692503,0.262024101525008,0.0,0.35113748763600394,0.14291901255954959,0.0,0.036741921204072596,0.10534629160127168,0.008772988852670128,0.06341301460823373,0.022455632017385006,0.001700269628556481,0.03675198197110548,67.40713912028653,45.89897954826865,7.595879109823333
prompts_moderate,PROMPTS,moderate,239,0.6865869853917662,0.7245563201738501,0.7547989858746831,0.0,0.7245563201738501,0.03824097549197151,0.3391212838726651,0.487503288608261,0.17337542751907392,0.02684212644372007,0.0,0.0035615115296390196,0.016690812507545574,0.01145921365044871,0.26205677241921227,0.0,0.35577889447236183,0.14857603439011285,0.0,0.035896816773310795,0.10140247092438327,0.00862207734717695,0.0638456275906475,0.022455632017385006,0.001680148094490724,0.03540383918869975,55.33421868083222,41.33238657439299,7.133083826310918
prompts_high,PROMPTS,high,239,0.8384643245201014,0.7663889894965592,0.7663889894965592,0.0,0.7663889894965592,0.0,,,,0.03289870819751298,0.0,0.003390478490080084,0.014356714555917744,0.012093041973520062,0.26183041076147007,0.0,0.3619763694951665,0.1488939899833055,0.0,0.029357318201939715,0.08686466256187372,0.008008370558171355,0.06842327659060726,0.022465692784417884,0.0016600265604249668,0.03374381262827478,37.22483802165077,26.025671722587163,6.298040162581995
prompts_high_shift,PROMPTS,high_shift,239,0.8855285926999075,0.8455068614431164,0.8528512213771178,0.0,0.8455068614431164,0.01195219123505976,0.3367003367003367,0.468013468013468,0.19528619528619529,0.03460903859310234,0.0,0.003309992353817055,0.01630850336029619,0.01218358887681597,0.26116003644093533,0.0,0.37175141242937854,0.16498727735368957,0.0,0.03160086925027164,0.08821280534427944,0.0075958791098233325,0.066954404603807,0.021097428467946395,0.001559418890096181,0.03469958549639825,42.25522153809006,34.16927250512539,6.0163386856613945
blood_base,Blood tracking,base,239,0.6289991548955692,0.6835285122137712,0.7184896776530243,0.0,0.6835285122137712,0.0455249708237756,0.3352486187845304,0.48596685082872926,0.17878453038674033,0.024608636162421024,0.0,0.0035615115296390196,0.016610326371282548,0.011197633707593867,0.2615763019997861,0.0,0.35014836795252224,0.1429313479352437,0.0,0.03678216427220411,0.10541671697050183,0.008772988852670128,0.0633828323071351,0.022455632017385006,0.001700269628556481,0.03676204273813836,67.40713912028653,45.91417253051157,7.595879109823333
blood_current,Blood tracking,current,239,0.6289991548955692,0.6835285122137712,0.7184896776530243,0.0,0.6835285122137712,0.0455249708237756,0.3352486187845304,0.48596685082872926,0.17878453038674033,0.024608636162421024,0.0,0.0035615115296390196,0.016610326371282548,0.011197633707593867,0.2615763019997861,0.0,0.35014836795252224,0.1429313479352437,0.0,0.03678216427220411,0.10541671697050183,0.008772988852670128,0.0633828323071351,0.022455632017385006,0.001700269628556481,0.03676204273813836,63.3828323071351,41.643086713719796,7.595879109823333
blood_moderate,Blood tracking,moderate,239,0.6289991548955692,0.6835285122137712,0.7184896776530243,0.0,0.6835285122137712,0.0455249708237756,0.3352486187845304,0.48596685082872926,0.17878453038674033,0.024608636162421024,0.0,0.0035615115296390196,0.016610326371282548,0.011197633707593867,0.2615763019997861,0.0,0.35014836795252224,0.1429313479352437,0.0,0.03678216427220411,0.10541671697050183,0.008772988852670128,0.0633828323071351,0.022455632017385006,0.001700269628556481,0.03676204273813836,61.37067890055938,39.507543805323905,7.595879109823333
blood_high,Blood tracking,high,239,0.6289991548955692,0.6835285122137712,0.7184896776530243,0.0,0.6835285122137712,0.0455249708237756,0.3352486187845304,0.48596685082872926,0.17878453038674033,0.024608636162421024,0.0,0.0035615115296390196,0.016610326371282548,0.011197633707593867,0.2615763019997861,0.0,0.35014836795252224,0.1429313479352437,0.0,0.03678216427220411,0.10541671697050183,0.008772988852670128,0.0633828323071351,0.022455632017385006,0.001700269628556481,0.03676204273813836,57.34637208740795,35.23645798853213,7.595879109823333
referral_base,Transfer & EMT,base,239,0.6289991548955692,0.6835285122137712,0.7184896776530243,0.0,0.6835285122137712,0.0455249708237756,0.3352486187845304,0.48596685082872926,0.17878453038674033,0.024608636162421024,0.0,0.0035615115296390196,0.016610326371282548,0.011197633707593867,0.2615763019997861,0.0,0.35014836795252224,0.1429313479352437,0.0,0.03678216427220411,0.10541671697050183,0.008772988852670128,0.0633828323071351,0.022455632017385006,0.001700269628556481,0.03676204273813836,67.40713912028653,45.91417253051157,7.595879109823333
referral_current,Transfer & EMT,current,239,0.6289991548955692,0.6835285122137712,0.7184896776530243,0.0,0.6835285122137712,0.0455249708237756,0.3352486187845304,0.48596685082872926,0.17878453038674033,0.024608636162421024,0.0,0.0035615115296390196,0.016610326371282548,0.011197633707593867,0.2615763019997861,0.0,0.35014836795252224,0.1429313479352437,0.0,0.03678216427220411,0.10541671697050183,0.008772988852670128,0.0633828323071351,0.022455632017385006,0.001700269628556481,0.03676204273813836,67.40713912028653,45.91417253051157,7.595879109823333
referral_moderate,Transfer & EMT,moderate,239,0.6289991548955692,0.6835285122137712,0.7184896776530243,0.0,0.6835285122137712,0.0455249708237756,0.42187845303867405,0.45988950276243096,0.11823204419889503,0.024608636162421024,0.0,0.0035615115296390196,0.016610326371282548,0.011197633707593867,0.2615763019997861,0.0,0.35014836795252224,0.1429313479352437,0.0,0.03678216427220411,0.10541671697050183,0.008772988852670128,0.0633828323071351,0.022455632017385006,0.001700269628556481,0.03676204273813836,66.40106241699867,44.846401076313626,7.595879109823333
referral_high,Transfer & EMT,high,239,0.6289991548955692,0.6835285122137712,0.7184896776530243,0.0,0.6835285122137712,0.0455249708237756,0.5107182320441989,0.4152486187845304,0.07403314917127071,0.024608636162421024,0.0,0.0035615115296390196,0.016610326371282548,0.011197633707593867,0.2615763019997861,0.0,0.35014836795252224,0.1429313479352437,0.0,0.03678216427220411,0.10541671697050183,0.008772988852670128,0.0633828323071351,0.022455632017385006,0.001700269628556481,0.03676204273813836,66.40106241699867,44.846401076313626,7.595879109823333
pulse_base,PULSE,base,239,0.6289991548955692,0.6835285122137712,0.7184896776530243,0.0,0.6835285122137712,0.0455249708237756,0.3352486187845304,0.48596685082872926,0.17878453038674033,0.024608636162421024,0.0,0.0035615115296390196,0.016610326371282548,0.011197633707593867,0.2615763019997861,0.0,0.35014836795252224,0.1429313479352437,0.0,0.03678216427220411,0.10541671697050183,0.008772988852670128,0.0633828323071351,0.022455632017385006,0.001700269628556481,0.03676204273813836,67.40713912028653,45.91417253051157,7.595879109823333
pulse_current,PULSE,current,239,0.6289991548955692,0.6835285122137712,0.7184796168859914,0.0,0.6835285122137712,0.045504849289709846,0.33517576829537915,0.4859606455892107,0.17886358611541012,0.024608636162421024,0.0,0.0035615115296390196,0.01651977946798664,0.011197633707593867,0.2615763019997861,0.0,0.35014836795252224,0.14323098394975575,0.0,0.03678216427220411,0.10462191637490442,0.008772988852670128,0.0633828323071351,0.022455632017385006,0.001700269628556481,0.036701678135941086,67.40713912028653,45.91417253051157,7.595879109823333
pulse_moderate,PULSE,moderate,239,0.6289991548955692,0.6835285122137712,0.7184695561189585,0.0,0.6835285122137712,0.04520302627872349,0.33674604941019365,0.4849766303138215,0.17827732027598486,0.024608636162421024,0.0,0.0035615115296390196,0.01524206205481106,0.011197633707593867,0.2615763019997861,0.0,0.35014836795252224,0.14331662094409234,0.0,0.03678216427220411,0.09635196587387822,0.008772988852670128,0.0633828323071351,0.022455632017385006,0.001700269628556481,0.0355648114612258,67.40713912028653,45.91417253051157,7.595879109823333
pulse_high,PULSE,high,239,0.6289991548955692,0.6835285122137712,0.7184594953519257,0.0,0.6835285122137712,0.04492132480180289,0.3379619260918253,0.48376259798432253,0.17827547592385218,0.024608636162421024,0.0,0.0035615115296390196,0.013853676204273814,0.011197633707593867,0.2615763019997861,0.0,0.35014836795252224,0.14206128133704735,0.0,0.03678216427220411,0.0885146283552658,0.008772988852670128,0.0633828323071351,0.022455632017385006,0.001700269628556481,0.03454867399090507,66.40106241699867,45.91417253051157,7.595879109823333
fqa_base,FQA,base,239,0.6289991548955692,0.6835285122137712,0.7184796168859914,0.0,0.6835285122137712,0.045031993239164556,0.33690795352993747,0.48525469168900803,0.1778373547810545,0.054418688880840276,0.015543885065797416,0.004879472010946115,0.047979797979797977,0.02571532053603767,0.5784408084696824,0.447178002894356,0.49540347293156284,0.4348103574033552,0.0,0.02597690047889251,0.07735723771580345,0.007948005955974084,0.06143104350275665,0.022455632017385006,0.001700269628556481,0.031369471608515435,55.33421868083222,33.10091508013625,7.525453740593183
fqa_current,FQA,current,239,0.6289991548955692,0.6835285122137712,0.7184796168859914,0.0,0.6835285122137712,0.045031993239164556,0.33690795352993747,0.48525469168900803,0.1778373547810545,0.054418688880840276,0.015574067366896052,0.004879472010946115,0.04799991951386374,0.025735442070103424,0.5784408084696824,0.4480463096960926,0.49540347293156284,0.43503236983678306,0.0,0.02597690047889251,0.07734717694877058,0.007948005955974084,0.06143104350275665,0.022455632017385006,0.001700269628556481,0.031359410841482555,55.33421868083222,33.10091508013625,7.525453740593183
fqa_moderate,FQA,moderate,239,0.6289991548955692,0.6835285122137712,0.7184695561189585,0.0,0.6835285122137712,0.045011871705098794,0.3370585605721949,0.4850245864997765,0.1779168529280286,0.054418688880840276,0.016077105718539982,0.005020322749406414,0.04961970300615719,0.026530242665700834,0.5784408084696824,0.4635915288656803,0.5097037793667007,0.4504932407745707,0.0,0.025584530564610245,0.07613988490482515,0.007887641353776812,0.061340496599460746,0.022455632017385006,0.001700269628556481,0.0311984385689565,55.33421868083222,33.10091508013625,7.515392973560305
fqa_high,FQA,high,239,0.6289991548955692,0.6835285122137712,0.7184393738178598,0.0,0.6835285122137712,0.044971628636967284,0.33736017897091725,0.4850111856823266,0.17762863534675616,0.054418688880840276,0.016419171797657853,0.005130991186768079,0.05084711658416838,0.027355225562396876,0.5784408084696824,0.4738675958188153,0.5209397344228804,0.46282051282051284,0.0,0.025222342951426616,0.0749426536279126,0.007817215984546662,0.06126001046319771,0.022455632017385006,0.001700269628556481,0.031017344762364684,55.33421868083222,33.10091508013625,7.515392973560305
combined_base,All,base,239,0.6289991548955692,0.6835285122137712,0.7184896776530243,0.0,0.6835285122137712,0.0455249708237756,0.3352486187845304,0.48596685082872926,0.17878453038674033,0.024608636162421024,0.0,0.0035615115296390196,0.016610326371282548,0.011197633707593867,0.2615763019997861,0.0,0.35014836795252224,0.1429313479352437,0.0,0.03678216427220411,0.10541671697050183,0.008772988852670128,0.0633828323071351,0.022455632017385006,0.001700269628556481,0.03676204273813836,67.40713912028653,45.91417253051157,7.595879109823333
combined_current,All,current,239,0.6313030705460985,0.6855607871544126,0.7202804941848766,0.0,0.6855607871544126,0.044810656364441225,0.33879658733722495,0.4847328244274809,0.17647058823529413,0.05771862046762445,0.016268260292164674,0.0050706265845708075,0.05033401746549157,0.027033281017344764,0.6116204690831557,0.4717036172695449,0.5163934426229508,0.4586962501146053,0.0,0.025312889854722524,0.07516399050263592,0.0078071552175137835,0.061330435832427865,0.022455632017385006,0.001700269628556481,0.031067648597529075,52.31598857096865,29.886750563045034,7.5053322065274255
combined_moderate,All,moderate,239,0.7169101372288623,0.7455833232725663,0.765252122821844,0.0,0.7455833232725663,0.02049378244597368,0.49189985272459497,0.42464408443789886,0.08345606283750613,0.09323312809368586,0.020835848525091554,0.007173326894442432,0.061159402792868925,0.041540907078755684,0.8700591493756454,0.6942675159235668,0.7792349726775957,0.6913453883771181,0.0,0.017717010744899193,0.04706426817980603,0.006469073202140931,0.06137067890055938,0.02228459897782607,0.0016600265604249668,0.025685138234939033,31.188377801923615,15.839493136219643,6.589802406535474
combined_high,All,high,239,0.8494909251881363,0.7663889894965592,0.7663889894965592,0.0,0.7663889894965592,0.0,,,,0.1213529719505815,0.01750573463720874,0.007032476155982132,0.047859068775403434,0.04490120326773713,0.9530657395701644,0.7262103505843072,0.8381294964028777,0.7321840849622903,0.0,0.014075013078997143,0.032989255100808884,0.005634029538412008,0.06373495915328585,0.022304720511891828,0.0016399050263592096,0.02397480783934967,21.12761076904503,12.474401488611912,5.986156384562759
mentors_base,MENTORS,base,240,0.6294518894120488,0.6838001529236589,0.7197170912310354,0.0,0.6838001529236589,0.046229224516077104,0.33906420021762784,0.4835690968443961,0.17736670293797607,0.031570686949173005,0.0,0.003390478490080084,0.016489597166888005,0.012877781802084591,0.2642971447822791,0.0,0.3303921568627451,0.14739208633093526,0.0,0.030061571894241218,0.10240854762767114,0.008813231920801643,0.06940923175982937,0.02234496358002334,0.0017606342307537528,0.035273049217272326,59.358525493983656,41.64975757705205,7.585818342790454
mentors_current,MENTORS,current,240,0.6294518894120488,0.6838001529236589,0.7196969696969697,0.0,0.6838001529236589,0.04572618616443318,0.3405940594059406,0.4829482948294829,0.17645764576457645,0.07257837337518612,0.014547869129542436,0.004849289709847479,0.048925510080888565,0.030272848001931668,0.6075970689800387,0.5145907473309609,0.49537512846865367,0.4646918299092212,0.0,0.021399251478932752,0.07637128254658135,0.007656243712020605,0.06666264235985352,0.02234496358002334,0.0017606342307537528,0.03040363797335909,50.30383516439293,32.03827505927081,7.515392973560305
mentors_moderate,MENTORS,moderate,240,0.6294518894120488,0.6838001529236589,0.7196164835607066,0.0,0.6838001529236589,0.04540424161938106,0.3425659206736096,0.4810547307777532,0.17637934854863727,0.09181455994204998,0.01750573463720874,0.006016338685661394,0.05956980160167411,0.03836170469636605,0.7686347174260928,0.6338797814207651,0.6321353065539113,0.5823170731707317,0.0,0.01880357358445008,0.06712543764336593,0.006992233087850618,0.06537486417964505,0.02234496358002334,0.0017606342307537528,0.028643003742605335,50.30383516439293,32.03827505927081,7.455028371363033
mentors_high,MENTORS,high,240,0.6294518894120488,0.6838001529236589,0.7194957543563121,0.0,0.6838001529236589,0.045011871705098794,0.34264640143048725,0.4816718819848011,0.17568171658471166,0.11141293412209746,0.020584329349269587,0.007273934564771218,0.06937904945873073,0.046088373777616806,0.9327044554872399,0.7654320987654321,0.7799352750809061,0.6994624201237448,0.0,0.01637892872952634,0.05774880276872309,0.006378526298845024,0.06425811903899553,0.02234496358002334,0.0017606342307537528,0.0270634633184434,47.285605054529356,28.83444755334373,7.40472453619864
prompts_base,PROMPTS,base,240,0.6294518894120488,0.6838001529236589,0.7197170912310354,0.0,0.6838001529236589,0.046229224516077104,0.33906420021762784,0.4835690968443961,0.17736670293797607,0.031570686949173005,0.0,0.003390478490080084,0.016489597166888005,0.012877781802084591,0.2642971447822791,0.0,0.3303921568627451,0.14739208633093526,0.0,0.030061571894241218,0.10240854762767114,0.008813231920801643,0.06940923175982937,0.02234496358002334,0.0017606342307537528,0.035273049217272326,59.358525493983656,41.64975757705205,7.585818342790454
prompts_current,PROMPTS,current,240,0.6315244074208217,0.6856915771258401,0.721417360859592,0.0,0.6856915771258401,0.04605819147651817,0.33857579729139364,0.4842726081258191,0.17715159458278723,0.03170147692060043,0.0,0.003400539257112962,0.016489597166888005,0.012918024870216106,0.26465647572652445,0.0,0.33137254901960783,0.14741860046771002,0.0,0.030031389593142582,0.1023783653265725,0.008813231920801643,0.06942935329389513,0.02234496358002334,0.0017606342307537528,0.035262988450239445,59.358525493983656,41.63641798693257,7.585818342790454
prompts_moderate,PROMPTS,moderate,240,0.6868083222664896,0.7248279608837378,0.7557748802768723,0.0,0.7248279608837378,0.03867358847438529,0.34495317377731527,0.48100936524453697,0.17403746097814776,0.034468187854642035,0.0,0.003481025393375991,0.016610326371282548,0.013219847881202463,0.26443346711948135,0.0,0.3425742574257426,0.15134292785773215,0.0,0.02983017425248501,0.10006438890901043,0.008742806551571492,0.06988208781037467,0.02234496358002334,0.0017706949977866313,0.03455873475793794,49.297758461105076,39.21818027643518,7.2135699625739464
prompts_high,PROMPTS,high,240,0.8386152360255946,0.7663889894965592,0.7663889894965592,0.0,0.7663889894965592,0.0,,,,0.04204394543039961,0.0,0.003289870819751298,0.01459817296470683,0.013994526942734113,0.2638424142938317,0.0,0.3424083769633508,0.15019149156402029,0.0,0.024538210793190872,0.0887057829288905,0.008169342830697413,0.07470119521912351,0.022465692784417884,0.001700269628556481,0.03297919433377601,37.22483802165077,28.11094452773613,6.438890901042296
prompts_high_shift,PROMPTS,high_shift,240,0.8854481065636444,0.8455269829771822,0.852992072115578,0.0,0.8455269829771822,0.011932069700994004,0.3279932546374368,0.47133220910623946,0.20067453625632378,0.044337800313895934,0.0,0.0034206607911787196,0.01614753108777013,0.01388385850537245,0.2640503295386459,0.0,0.3667745415318231,0.1631760878405856,0.0,0.028632942975572458,0.08956094812668518,0.007937945188941205,0.07222624652903538,0.02113767153607791,0.0016700873274578453,0.034055696406294016,40.24306813151435,34.17670391582175,6.036460219727152
blood_base,Blood tracking,base,240,0.6294518894120488,0.6838001529236589,0.7197170912310354,0.0,0.6838001529236589,0.046229224516077104,0.33906420021762784,0.4835690968443961,0.17736670293797607,0.031570686949173005,0.0,0.003390478490080084,0.016489597166888005,0.012877781802084591,0.2642971447822791,0.0,0.3303921568627451,0.14739208633093526,0.0,0.030061571894241218,0.10240854762767114,0.008813231920801643,0.06940923175982937,0.02234496358002334,0.0017606342307537528,0.035273049217272326,59.358525493983656,41.64975757705205,7.585818342790454
blood_current,Blood tracking,current,240,0.6294518894120488,0.6838001529236589,0.7197170912310354,0.0,0.6838001529236589,0.046229224516077104,0.33906420021762784,0.4835690968443961,0.17736670293797607,0.031570686949173005,0.0,0.003390478490080084,0.016489597166888005,0.012877781802084591,0.2642971447822791,0.0,0.3303921568627451,0.14739208633093526,0.0,0.030061571894241218,0.10240854762767114,0.008813231920801643,0.06940923175982937,0.02234496358002334,0.0017606342307537528,0.035273049217272326,56.34029538412008,38.44593007112497,7.585818342790454
blood_moderate,Blood tracking,moderate,240,0.6294518894120488,0.6838001529236589,0.7197170912310354,0.0,0.6838001529236589,0.046229224516077104,0.33906420021762784,0.4835690968443961,0.17736670293797607,0.031570686949173005,0.0,0.003390478490080084,0.016489597166888005,0.012877781802084591,0.2642971447822791,0.0,0.3303921568627451,0.14739208633093526,0.0,0.030061571894241218,0.10240854762767114,0.008813231920801643,0.06940923175982937,0.02234496358002334,0.0017606342307537528,0.035273049217272326,53.32206527425651,35.24210256519789,7.585818342790454
blood_high,Blood tracking,high,240,0.6294518894120488,0.6838001529236589,0.7197170912310354,0.0,0.6838001529236589,0.046229224516077104,0.33906420021762784,0.4835690968443961,0.17736670293797607,0.031570686949173005,0.0,0.003390478490080084,0.016489597166888005,0.012877781802084591,0.2642971447822791,0.0,0.3303921568627451,0.14739208633093526,0.0,0.030061571894241218,0.10240854762767114,0.008813231920801643,0.06940923175982937,0.02234496358002334,0.0017606342307537528,0.035273049217272326,53.32206527425651,35.24210256519789,7.585818342790454
referral_base,Transfer & EMT,base,240,0.6294518894120488,0.6838001529236589,0.7197170912310354,0.0,0.6838001529236589,0.046229224516077104,0.33906420021762784,0.4835690968443961,0.17736670293797607,0.031570686949173005,0.0,0.003390478490080084,0.016489597166888005,0.012877781802084591,0.2642971447822791,0.0,0.3303921568627451,0.14739208633093526,0.0,0.030061571894241218,0.10240854762767114,0.008813231920801643,0.06940923175982937,0.02234496358002334,0.0017606342307537528,0.035273049217272326,59.358525493983656,41.64975757705205,7.585818342790454
referral_current,Transfer & EMT,current,240,0.6294518894120488,0.6838001529236589,0.7197170912310354,0.0,0.6838001529236589,0.046229224516077104,0.33906420021762784,0.4835690968443961,0.17736670293797607,0.031570686949173005,0.0,0.003390478490080084,0.016489597166888005,0.012877781802084591,0.2642971447822791,0.0,0.3303921568627451,0.14739208633093526,0.0,0.030061571894241218,0.10240854762767114,0.008813231920801643,0.06940923175982937,0.02234496358002334,0.0017606342307537528,0.035273049217272326,59.358525493983656,41.64975757705205,7.585818342790454
referral_moderate,Transfer & EMT,moderate,240,0.6294518894120488,0.6838001529236589,0.7197170912310354,0.0,0.6838001529236589,0.046229224516077104,0.42611534276387375,0.45636561479869425,0.117519042437432,0.031570686949173005,0.0,0.003390478490080084,0.016489597166888005,0.012877781802084591,0.2642971447822791,0.0,0.3303921568627451,0.14739208633093526,0.0,0.030061571894241218,0.10240854762767114,0.008813231920801643,0.06940923175982937,0.02234496358002334,0.0017606342307537528,0.035273049217272326,59.358525493983656,41.64975757705205,7.585818342790454
referral_high,Transfer & EMT,high,240,0.6294518894120488,0.6838001529236589,0.7197170912310354,0.0,0.6838001529236589,0.046229224516077104,0.514689880304679,0.41262241566920566,0.07268770402611534,0.031570686949173005,0.0,0.003390478490080084,0.016489597166888005,0.012877781802084591,0.2642971447822791,0.0,0.3303921568627451,0.14739208633093526,0.0,0.030061571894241218,0.10240854762767114,0.008813231920801643,0.06940923175982937,0.02234496358002334,0.0017606342307537528,0.035273049217272326,58.352448790695796,40.581815075076356,7.585818342790454
pulse_base,PULSE,base,240,0.6294518894120488,0.6838001529236589,0.7197170912310354,0.0,0.6838001529236589,0.046229224516077104,0.33906420021762784,0.4835690968443961,0.17736670293797607,0.031570686949173005,0.0,0.003390478490080084,0.016489597166888005,0.012877781802084591,0.2642971447822791,0.0,0.3303921568627451,0.14739208633093526,0.0,0.030061571894241218,0.10240854762767114,0.008813231920801643,0.06940923175982937,0.02234496358002334,0.0017606342307537528,0.035273049217272326,59.358525493983656,41.64975757705205,7.585818342790454
pulse_current,PULSE,current,240,0.6294518894120488,0.6838001529236589,0.7197070304640025,0.0,0.6838001529236589,0.04620910298201135,0.33899412148922276,0.48356194208578274,0.17744393642499456,0.031570686949173005,0.0,0.003390478490080084,0.01637892872952634,0.012877781802084591,0.2642971447822791,0.0,0.3303921568627451,0.14746376811594203,0.0,0.030061571894241218,0.101674111634271,0.008813231920801643,0.06940923175982937,0.02234496358002334,0.0017606342307537528,0.035222745382107935,59.358525493983656,41.64975757705205,7.585818342790454
pulse_moderate,PULSE,moderate,240,0.6294518894120488,0.6838001529236589,0.7196969696969697,0.0,0.6838001529236589,0.04589721920399211,0.3406400701446734,0.48224462954844366,0.17711530030688294,0.031570686949173005,0.0,0.003390478490080084,0.015071029015252122,0.012877781802084591,0.2642971447822791,0.0,0.3303921568627451,0.14716573337262992,0.0,0.030061571894241218,0.093635558775001,0.008813231920801643,0.06940923175982937,0.02234496358002334,0.0017606342307537528,0.034106000241458406,59.358525493983656,41.64975757705205,7.585818342790454
pulse_high,PULSE,high,240,0.6294518894120488,0.6838001529236589,0.7196969696969697,0.0,0.6838001529236589,0.04568594309630166,0.34155472362915656,0.4813917639286501,0.17705351244219336,0.031570686949173005,0.0,0.003390478490080084,0.013682643164714878,0.012877781802084591,0.2642971447822791,0.0,0.3303921568627451,0.1457507233951345,0.0,0.030061571894241218,0.08596925429594753,0.008813231920801643,0.06940923175982937,0.02234496358002334,0.0017606342307537528,0.0331703489074007,58.352448790695796,41.64975757705205,7.585818342790454
fqa_base,FQA,base,240,0.6294518894120488,0.6838001529236589,0.7197070304640025,0.0,0.6838001529236589,0.04575636846553181,0.3403693931398417,0.4830694810905893,0.17656112576956903,0.06920801641917179,0.01402470924383275,0.004688317437321421,0.04673226286772104,0.029085677492051994,0.5793817906173672,0.4936260623229462,0.4774590163934426,0.44458269525267996,0.0,0.021721196023984868,0.07732705541470482,0.007766912149382269,0.06677331079721519,0.02234496358002334,0.0017606342307537528,0.03062497484808242,50.30383516439293,32.03827505927081,7.515392973560305
fqa_current,FQA,current,240,0.6294518894120488,0.6838001529236589,0.7197070304640025,0.0,0.6838001529236589,0.04575636846553181,0.3403693931398417,0.4830694810905893,0.17656112576956903,0.06920801641917179,0.014054891544931386,0.004688317437321421,0.04674232363475391,0.02911585979315063,0.5793817906173672,0.4946883852691218,0.4774590163934426,0.44467840735068914,0.0,0.021721196023984868,0.07729687311360618,0.007766912149382269,0.06677331079721519,0.02234496358002334,0.0017606342307537528,0.03062497484808242,50.30383516439293,32.03827505927081,7.515392973560305
fqa_moderate,FQA,moderate,240,0.6294518894120488,0.6838001529236589,0.7196869089299368,0.0,0.6838001529236589,0.045716125397400297,0.3404489436619718,0.48305457746478875,0.17649647887323944,0.06920801641917179,0.014477443760312287,0.0048392289428146,0.04832186405891585,0.03004145036017546,0.5793817906173672,0.5102836879432624,0.492827868852459,0.4603220241518114,0.0,0.02149985914926154,0.07632097871141696,0.007716608314217876,0.06668276389391928,0.02234496358002334,0.0017606342307537528,0.030474063342589237,50.30383516439293,32.03827505927081,7.515392973560305
fqa_high,FQA,high,240,0.6294518894120488,0.6838001529236589,0.7196869089299368,0.0,0.6838001529236589,0.04570606463036742,0.3405238828967643,0.4829407880255338,0.17653532907770195,0.06920801641917179,0.014769206004265765,0.004949897380176265,0.049458730733631134,0.03089661555797014,0.5793817906173672,0.5207520397304009,0.5040983606557377,0.4726468608787617,0.0,0.021268461507505332,0.07517405126966879,0.007626061410921968,0.06656203468952474,0.02234496358002334,0.0017606342307537528,0.03025272646786591,50.30383516439293,32.03827505927081,7.515392973560305
combined_base,All,base,240,0.6294518894120488,0.6838001529236589,0.7197170912310354,0.0,0.6838001529236589,0.046229224516077104,0.33906420021762784,0.4835690968443961,0.17736670293797607,0.031570686949173005,0.0,0.003390478490080084,0.016489597166888005,0.012877781802084591,0.2642971447822791,0.0,0.3303921568627451,0.14739208633093526,0.0,0.030061571894241218,0.10240854762767114,0.008813231920801643,0.06940923175982937,0.02234496358002334,0.0017606342307537528,0.035273049217272326,59.358525493983656,41.64975757705205,7.585818342790454
combined_current,All,current,240,0.6316954404603807,0.6858022455632017,0.7214777254617892,0.0,0.6858022455632017,0.04551491005674273,0.34239610963748895,0.4827586206896552,0.17484526967285588,0.0733429916696849,0.014638416032838343,0.004869411243913236,0.04891544931385569,0.030574671012918025,0.6120906801007556,0.5185317177476836,0.4984552008238929,0.46844590037575873,0.0,0.021328826109702603,0.07533502354219486,0.007605939876856212,0.066622399291722,0.02234496358002334,0.0017606342307537528,0.030292969535997423,46.2795283512415,27.75642668033137,7.5053322065274255
combined_moderate,All,moderate,240,0.7173025071431446,0.7459656324198157,0.7654332166284358,0.0,0.7459656324198157,0.020091351764658538,0.5102653980971458,0.4071106659989985,0.08262393590385578,0.11855607871544127,0.019125518129502195,0.007062658457080768,0.05908688478409594,0.04711457201497042,0.8693471043895241,0.7597921662669864,0.7739801543550165,0.7014212349217723,0.0,0.015252122821843937,0.049146846955611896,0.006277918628516238,0.06599863173568353,0.022304720511891828,0.0017405126966879955,0.025453740593182825,31.188377801923615,20.064629226772553,6.740713912028653
combined_high,All,high,240,0.8496619582276953,0.7663889894965592,0.7663889894965592,0.0,0.7663889894965592,0.0,,,,0.15388949253491085,0.016268260292164674,0.006941929252686225,0.04722524045233208,0.051621795645700026,0.9526656701544594,0.7891654465592972,0.8293269230769231,0.7373546968268929,0.0,0.012123224274618698,0.036047728278803974,0.005422753430721558,0.06837297275544288,0.022435510483319248,0.0017304519296551168,0.024085476276711336,26.157994285484325,19.75339446489094,6.187371725220331
mentors_base,MENTORS,base,241,0.6294518894120488,0.6831160207654231,0.7191335667431284,0.0,0.6831160207654231,0.048241377922652824,0.33639207507820645,0.4880083420229406,0.17559958289885297,0.03155056541510725,0.0,0.003802969938428106,0.01458811219767395,0.011127208338363717,0.26317556226921784,0.0,0.34177215189873417,0.1460515713134569,0.0,0.02983017425248501,0.09212644372006921,0.009577850215300415,0.04890538854682281,0.022596482755845304,0.0018411203670167815,0.04257716608314218,74.44967604330154,52.35881818667522,6.489194736206689
mentors_current,MENTORS,current,241,0.6294518894120488,0.6831160207654231,0.7191235059760956,0.0,0.6831160207654231,0.0476880357358445,0.3379746835443038,0.48713080168776374,0.1748945147679325,0.0728298925510081,0.01417562074932593,0.005382510362590044,0.04483077789850698,0.026741518773391284,0.6075025176233635,0.503034630489111,0.5085551330798479,0.4725845794888111,0.0,0.022405328182220612,0.07071713147410359,0.008501348142782406,0.04668195903255664,0.022596482755845304,0.0018411203670167815,0.03750653949857137,63.3828323071351,40.604797777421595,6.448951668075174
mentors_moderate,MENTORS,moderate,241,0.6294518894120488,0.6831160207654231,0.7190430198398325,0.0,0.6831160207654231,0.047396273491891024,0.3387815750371471,0.4865209085119932,0.17469751645085968,0.09225723369149665,0.017234093927321018,0.0065193770373053244,0.05480099802808966,0.033623083423880235,0.7695535414568647,0.62472647702407,0.6346718903036239,0.5926449787835927,0.0,0.020473660911907925,0.06314137389834601,0.00775685138234939,0.04578655076663045,0.022596482755845304,0.0018411203670167815,0.035625176063423074,62.37675560384723,39.53625046748945,6.40870859994366
mentors_high,MENTORS,high,241,0.6294518894120488,0.6831160207654231,0.7189725944706025,0.0,0.6831160207654231,0.04701396434464163,0.33918253798416437,0.4861973036593195,0.17462015835651615,0.11180530403637973,0.020332810173447624,0.0078071552175137835,0.0643184836411928,0.0404543442392048,0.9326116146357838,0.7557965594614809,0.7775551102204409,0.7137434408842246,0.0,0.018330717533904785,0.05545494788522677,0.007233691496639704,0.044820717131474105,0.022596482755845304,0.0018411203670167815,0.03377399492937341,61.37067890055938,38.467703157557295,6.368465531812146
prompts_base,PROMPTS,base,241,0.6294518894120488,0.6831160207654231,0.7191335667431284,0.0,0.6831160207654231,0.048241377922652824,0.33639207507820645,0.4880083420229406,0.17559958289885297,0.03155056541510725,0.0,0.003802969938428106,0.01458811219767395,0.011127208338363717,0.26317556226921784,0.0,0.34177215189873417,0.1460515713134569,0.0,0.02983017425248501,0.09212644372006921,0.009577850215300415,0.04890538854682281,0.022596482755845304,0.0018411203670167815,0.04257716608314218,74.44967604330154,52.35881818667522,6.489194736206689
prompts_current,PROMPTS,current,241,0.6314640428186244,0.6850074449676044,0.720823775604652,0.0,0.6850074449676044,0.048090466417159645,0.33577405857740583,0.4889121338912134,0.17531380753138076,0.03168135538653467,0.0,0.003813030705460984,0.01458811219767395,0.011147329872429473,0.26358081526743116,0.0,0.3429864253393665,0.14611043933897622,0.0,0.029799991951386374,0.0920862006519377,0.009577850215300415,0.04894563161495433,0.022596482755845304,0.0018411203670167815,0.042597287617207935,74.44967604330154,52.342039203119164,6.489194736206689
prompts_moderate,PROMPTS,moderate,241,0.6867781399653909,0.7239526741518774,0.7551511127208338,0.0,0.7239526741518774,0.03993118435349511,0.3434114386495339,0.4852607709750567,0.17132779037540943,0.03444806632057628,0.0,0.003813030705460984,0.01480944907239728,0.011479335184514468,0.26358737490377215,0.0,0.3486660533578657,0.15181518151815182,0.0,0.029840235019517887,0.08974204193327699,0.0095376071471689,0.04953921686989416,0.022546178920680914,0.001800877298885267,0.041329630971065234,60.36460219727152,46.660586650830346,6.19743249225321
prompts_high,PROMPTS,high,241,0.8384643245201014,0.7663889894965592,0.7663889894965592,0.0,0.7663889894965592,0.0,,,,0.042023823896333856,0.0,0.00370236226809932,0.012706748762525656,0.01218358887681597,0.2631015369110607,0.0,0.3569350145489816,0.14900896649362907,0.0,0.02611775121735281,0.07863495512897903,0.008873596522998914,0.05259769004788925,0.022304720511891828,0.0017203911626222383,0.04014246046118556,47.285605054529356,36.458333333333336,5.402631896655802
prompts_high_shift,PROMPTS,high_shift,241,0.8856292003702362,0.845044066159604,0.8524588514628355,0.0,0.845044066159604,0.012626262626262626,0.31633466135458166,0.47649402390438245,0.20717131474103587,0.04434786108092881,0.0,0.003802969938428106,0.014427139925147893,0.012163467342750211,0.26338432122370936,0.0,0.375,0.16484653408437752,0.0,0.028532335305243673,0.07991267254215462,0.008783049619703005,0.051460823373173974,0.02127852227453821,0.0015694796571290594,0.04130950943699948,57.34637208740795,47.66345456429386,5.221538090063986
blood_base,Blood tracking,base,241,0.6294518894120488,0.6831160207654231,0.7191335667431284,0.0,0.6831160207654231,0.048241377922652824,0.33639207507820645,0.4880083420229406,0.17559958289885297,0.03155056541510725,0.0,0.003802969938428106,0.01458811219767395,0.011127208338363717,0.26317556226921784,0.0,0.34177215189873417,0.1460515713134569,0.0,0.02983017425248501,0.09212644372006921,0.009577850215300415,0.04890538854682281,0.022596482755845304,0.0018411203670167815,0.04257716608314218,74.44967604330154,52.35881818667522,6.489194736206689
blood_current,Blood tracking,current,241,0.6294518894120488,0.6831160207654231,0.7191335667431284,0.0,0.6831160207654231,0.048241377922652824,0.33639207507820645,0.4880083420229406,0.17559958289885297,0.03155056541510725,0.0,0.003802969938428106,0.01458811219767395,0.011127208338363717,0.26317556226921784,0.0,0.34177215189873417,0.1460515713134569,0.0,0.02983017425248501,0.09212644372006921,0.009577850215300415,0.04890538854682281,0.022596482755845304,0.0018411203670167815,0.04257716608314218,67.40713912028653,44.87898701715019,6.489194736206689
blood_moderate,Blood tracking,moderate,241,0.6294518894120488,0.6831160207654231,0.7191335667431284,0.0,0.6831160207654231,0.048241377922652824,0.33639207507820645,0.4880083420229406,0.17559958289885297,0.03155056541510725,0.0,0.003802969938428106,0.01458811219767395,0.011127208338363717,0.26317556226921784,0.0,0.34177215189873417,0.1460515713134569,0.0,0.02983017425248501,0.09212644372006921,0.009577850215300415,0.04890538854682281,0.022596482755845304,0.0018411203670167815,0.04257716608314218,64.38890901042295,41.673345087353745,6.489194736206689
blood_high,Blood tracking,high,241,0.6294518894120488,0.6831160207654231,0.7191335667431284,0.0,0.6831160207654231,0.048241377922652824,0.33639207507820645,0.4880083420229406,0.17559958289885297,0.03155056541510725,0.0,0.003802969938428106,0.01458811219767395,0.011127208338363717,0.26317556226921784,0.0,0.34177215189873417,0.1460515713134569,0.0,0.02983017425248501,0.09212644372006921,0.009577850215300415,0.04890538854682281,0.022596482755845304,0.0018411203670167815,0.04257716608314218,64.38890901042295,41.673345087353745,6.489194736206689
referral_base,Transfer & EMT,base,241,0.6294518894120488,0.6831160207654231,0.7191335667431284,0.0,0.6831160207654231,0.048241377922652824,0.33639207507820645,0.4880083420229406,0.17559958289885297,0.03155056541510725,0.0,0.003802969938428106,0.01458811219767395,0.011127208338363717,0.26317556226921784,0.0,0.34177215189873417,0.1460515713134569,0.0,0.02983017425248501,0.09212644372006921,0.009577850215300415,0.04890538854682281,0.022596482755845304,0.0018411203670167815,0.04257716608314218,74.44967604330154,52.35881818667522,6.489194736206689
referral_current,Transfer & EMT,current,241,0.6294518894120488,0.6831160207654231,0.7191335667431284,0.0,0.6831160207654231,0.048241377922652824,0.33639207507820645,0.4880083420229406,0.17559958289885297,0.03155056541510725,0.0,0.003802969938428106,0.01458811219767395,0.011127208338363717,0.26317556226921784,0.0,0.34177215189873417,0.1460515713134569,0.0,0.02983017425248501,0.09212644372006921,0.009577850215300415,0.04890538854682281,0.022596482755845304,0.0018411203670167815,0.04257716608314218,74.44967604330154,52.35881818667522,6.489194736206689
referral_moderate,Transfer & EMT,moderate,241,0.6294518894120488,0.6831160207654231,0.7191335667431284,0.0,0.6831160207654231,0.048241377922652824,0.4281543274244004,0.45610010427528674,0.11574556830031282,0.03155056541510725,0.0,0.003802969938428106,0.01458811219767395,0.011127208338363717,0.26317556226921784,0.0,0.34177215189873417,0.1460515713134569,0.0,0.02983017425248501,0.09212644372006921,0.009577850215300415,0.04890538854682281,0.022596482755845304,0.0018411203670167815,0.04257716608314218,73.44359934001369,51.290270876743065,6.489194736206689
referral_high,Transfer & EMT,high,241,0.6294518894120488,0.6831160207654231,0.7191335667431284,0.0,0.6831160207654231,0.048241377922652824,0.521584984358707,0.4056308654848801,0.07278415015641293,0.03155056541510725,0.0,0.003802969938428106,0.01458811219767395,0.011127208338363717,0.26317556226921784,0.0,0.34177215189873417,0.1460515713134569,0.0,0.02983017425248501,0.09212644372006921,0.009577850215300415,0.04890538854682281,0.022596482755845304,0.0018411203670167815,0.04257716608314218,69.41929252686225,47.01608163701448,6.489194736206689
pulse_base,PULSE,base,241,0.6294518894120488,0.6831160207654231,0.7191335667431284,0.0,0.6831160207654231,0.048241377922652824,0.33639207507820645,0.4880083420229406,0.17559958289885297,0.03155056541510725,0.0,0.003802969938428106,0.01458811219767395,0.011127208338363717,0.26317556226921784,0.0,0.34177215189873417,0.1460515713134569,0.0,0.02983017425248501,0.09212644372006921,0.009577850215300415,0.04890538854682281,0.022596482755845304,0.0018411203670167815,0.04257716608314218,74.44967604330154,52.35881818667522,6.489194736206689
pulse_current,PULSE,current,241,0.6294518894120488,0.6831160207654231,0.7191235059760956,0.0,0.6831160207654231,0.04822125638858707,0.33632380554976005,0.4880033382015439,0.17567285624869602,0.03155056541510725,0.0,0.003802969938428106,0.014507626061410922,0.011127208338363717,0.26317556226921784,0.0,0.34177215189873417,0.14630681818181818,0.0,0.02983017425248501,0.09147249386293212,0.009577850215300415,0.04890538854682281,0.022596482755845304,0.0018411203670167815,0.04251680148094491,74.44967604330154,52.35881818667522,6.489194736206689
pulse_moderate,PULSE,moderate,241,0.6294518894120488,0.6831160207654231,0.7191134452090627,0.0,0.6831160207654231,0.047879190309469195,0.3383063668837991,0.4864467325068292,0.1752469006093717,0.03155056541510725,0.0,0.003802969938428106,0.013340577085597006,0.011127208338363717,0.26317556226921784,0.0,0.34177215189873417,0.14590669014084506,0.0,0.02983017425248501,0.08422874159925953,0.009577850215300415,0.04890538854682281,0.022596482755845304,0.0018411203670167815,0.041339691738098115,74.44967604330154,52.35881818667522,6.489194736206689
pulse_high,PULSE,high,241,0.6294518894120488,0.6831160207654231,0.7191134452090627,0.0,0.6831160207654231,0.04759748883254859,0.3392517438173748,0.48636651870640457,0.17438173747622068,0.03155056541510725,0.0,0.003802969938428106,0.012153406575717333,0.011127208338363717,0.26317556226921784,0.0,0.34177215189873417,0.14500060016804706,0.0,0.02983017425248501,0.07731699464767194,0.009577850215300415,0.04890538854682281,0.022596482755845304,0.0018411203670167815,0.04021288583041571,72.43752263672583,52.35881818667522,6.489194736206689
fqa_base,FQA,base,241,0.6294518894120488,0.6831160207654231,0.7191235059760956,0.0,0.6831160207654231,0.047718218036943136,0.3377609108159393,0.48703352308665404,0.1752055660974067,0.069439414060928,0.013702764698780635,0.005211477323031108,0.042818624491931266,0.025665016700873275,0.5792212151728768,0.4840085287846482,0.4900662251655629,0.4524771422496279,0.0,0.022757455028371364,0.07157229667189827,0.008652259648275585,0.046812749003984064,0.022596482755845304,0.0018411203670167815,0.03783854481065636,63.3828323071351,40.604797777421595,6.448951668075174
fqa_current,FQA,current,241,0.6294518894120488,0.6831160207654231,0.7191235059760956,0.0,0.6831160207654231,0.047718218036943136,0.3377609108159393,0.48703352308665404,0.1752055660974067,0.069439414060928,0.013722886232846392,0.005211477323031108,0.04283874602599702,0.02569519900197191,0.5792212151728768,0.48489157483114115,0.4900662251655629,0.45268977248564746,0.0,0.022757455028371364,0.0715521751378325,0.008652259648275585,0.046812749003984064,0.022596482755845304,0.0018411203670167815,0.03783854481065636,63.3828323071351,40.604797777421595,6.448951668075174
fqa_moderate,FQA,moderate,241,0.6294518894120488,0.6831160207654231,0.7191235059760956,0.0,0.6831160207654231,0.047718218036943136,0.3377609108159393,0.48703352308665404,0.1752055660974067,0.069439414060928,0.014115256147128658,0.005372449595557166,0.044287496478731536,0.026500060364602198,0.5792212151728768,0.49946600213599146,0.5052034058656575,0.4684473768223901,0.0,0.02247575355145076,0.0706165238037748,0.008571773512012555,0.0467020805666224,0.022596482755845304,0.0018411203670167815,0.03760714716890016,63.3828323071351,40.604797777421595,6.448951668075174
fqa_high,FQA,high,241,0.6294518894120488,0.6831160207654231,0.7191134452090627,0.0,0.6831160207654231,0.047667914201778745,0.33811734909244406,0.486492190797805,0.17539046010975096,0.069439414060928,0.014396957624049257,0.005503239566984587,0.04532375548311803,0.027294860960199605,0.5792212151728768,0.5097969362308514,0.5175023651844843,0.48114920431485636,0.0,0.022294659744858947,0.06961044710048694,0.008521469676848163,0.04662159443035937,0.022596482755845304,0.0018411203670167815,0.037325445691979556,63.3828323071351,40.604797777421595,6.448951668075174
combined_base,All,base,241,0.6294518894120488,0.6831160207654231,0.7191335667431284,0.0,0.6831160207654231,0.048241377922652824,0.33639207507820645,0.4880083420229406,0.17559958289885297,0.03155056541510725,0.0,0.003802969938428106,0.01458811219767395,0.011127208338363717,0.26317556226921784,0.0,0.34177215189873417,0.1460515713134569,0.0,0.02983017425248501,0.09212644372006921,0.009577850215300415,0.04890538854682281,0.022596482755845304,0.0018411203670167815,0.04257716608314218,74.44967604330154,52.35881818667522,6.489194736206689
combined_current,All,current,241,0.6316350758581835,0.6851080526379331,0.7208841402068493,0.0,0.6851080526379331,0.047496881162219805,0.33997034526583353,0.4865494598601991,0.17348019487396737,0.0735743893114411,0.014266167652621837,0.0054026318966558014,0.04478047406334259,0.027003098716246128,0.6119153208936491,0.5071530758226037,0.5119161105815062,0.4763484589041096,0.0,0.022294659744858947,0.06973117630488149,0.008461105074650891,0.0467020805666224,0.022596482755845304,0.0018411203670167815,0.03739587106120971,58.352448790695796,35.24963148112543,6.438890901042296
combined_moderate,All,moderate,241,0.7173025071431446,0.7451708318242183,0.7653728520262385,0.0,0.7451708318242183,0.02084590929212443,0.5164092664092664,0.4034749034749035,0.08011583011583012,0.11887802326049338,0.019125518129502195,0.007525453740593183,0.054408628113807395,0.0415811501468872,0.8692709482822041,0.7454901960784314,0.7735263702171665,0.7123287671232876,0.0,0.01745543080204435,0.04736609119079239,0.006951990019719103,0.04625940681717574,0.02247575355145076,0.0017706949977866313,0.03203348223268542,39.23699142822649,25.356308966624756,5.795001810938066
combined_high,All,high,241,0.849601593625498,0.7663889894965592,0.7663889894965592,0.0,0.7663889894965592,0.0,,,,0.15423155861402874,0.017193850859189504,0.007485210672461669,0.04367378968972595,0.04575636846553181,0.9526472781506339,0.7736532367587143,0.8331466965285554,0.7533842415827837,0.0,0.014819509839430159,0.03454867399090507,0.006207493259286088,0.04764779266771298,0.022304720511891828,0.0017203911626222383,0.03018230109863576,28.17014769206004,18.723475076974285,5.181295021932472
mentors_base,MENTORS,base,242,0.629844259326331,0.683458086844541,0.7189625337035696,0.0,0.683458086844541,0.047134693549036176,0.33724653148345785,0.4847385272145144,0.17801494130202775,0.03175178075576482,0.0,0.004215461386776128,0.019487705742685824,0.013008571773512013,0.26500965656226383,0.0,0.33466453674121405,0.14631014427071531,0.0,0.022445571250352125,0.11883778019236187,0.010543683850456759,0.06482152199283674,0.022666908125075456,0.0017908165318523885,0.03915650529196346,56.34029538412008,34.1971680470211,8.18946436476317
mentors_current,MENTORS,current,242,0.629844259326331,0.683458086844541,0.7189524729365366,0.0,0.683458086844541,0.04652098676003059,0.33953287197231835,0.483780276816609,0.17668685121107267,0.0727292848806793,0.010744899191114331,0.005955974083464123,0.05796007887641354,0.030453941808523483,0.6070199009152741,0.4979020979020979,0.4987363100252738,0.46213701267447455,0.0,0.01665056943941406,0.08056662239929172,0.009115054931788,0.06203468952472937,0.022666908125075456,0.0017908165318523885,0.03270755362388829,50.30383516439293,27.785199038204645,8.048613626302869
mentors_moderate,MENTORS,moderate,242,0.629844259326331,0.683458086844541,0.7188820475673066,0.0,0.683458086844541,0.046239285283109985,0.34073107049608353,0.4825935596170583,0.17667536988685814,0.09215662602116785,0.013360698619662763,0.007233691496639704,0.07030464002575557,0.038281218560103025,0.7691661768410446,0.627302786962683,0.6273996509598604,0.5777594047126912,0.0,0.01495029981085758,0.06733671375105638,0.008219646665861806,0.06071672904342227,0.022666908125075456,0.0017908165318523885,0.03075576481950984,49.297758461105076,26.716537536735242,7.937945188941205
mentors_high,MENTORS,high,242,0.629844259326331,0.683458086844541,0.7187915006640107,0.0,0.683458086844541,0.04584691536882772,0.3412332675005486,0.4825543120473996,0.1762124204520518,0.11178518250231398,0.015916133446013923,0.008561712744979678,0.08219646665861806,0.04616885991387983,0.9329918548996557,0.7569377990430622,0.7652877697841727,0.6956743869209809,0.0,0.013300334017465491,0.05432814197754437,0.007314177632902733,0.05944907239727957,0.022666908125075456,0.0017908165318523885,0.02862288220853958,47.285605054529356,24.57921453379642,7.8775805867439335
prompts_base,PROMPTS,base,242,0.629844259326331,0.683458086844541,0.7189625337035696,0.0,0.683458086844541,0.047134693549036176,0.33724653148345785,0.4847385272145144,0.17801494130202775,0.03175178075576482,0.0,0.004215461386776128,0.019487705742685824,0.013008571773512013,0.26500965656226383,0.0,0.33466453674121405,0.14631014427071531,0.0,0.022445571250352125,0.11883778019236187,0.010543683850456759,0.06482152199283674,0.022666908125075456,0.0017908165318523885,0.03915650529196346,56.34029538412008,34.1971680470211,8.18946436476317
prompts_current,PROMPTS,current,242,0.6317859873636766,0.6853092679785907,0.7206326210310274,0.0,0.6853092679785907,0.04700390357760876,0.3366866438356164,0.4852311643835616,0.1780821917808219,0.03188257072719224,0.0,0.004225522153809006,0.01950782727675158,0.013038754074610649,0.2654326157969679,0.0,0.33573141486810554,0.14649440918706558,0.0,0.022445571250352125,0.11879753712423036,0.010543683850456759,0.06485170429393537,0.022666908125075456,0.0017908165318523885,0.039166566058996335,56.34029538412008,34.18584278785548,8.18946436476317
prompts_moderate,PROMPTS,moderate,242,0.6868183830335225,0.724143828725502,0.754889532777979,0.0,0.724143828725502,0.03934765986558815,0.3459473280490923,0.4822296087957044,0.17182306315520327,0.03458891705903658,0.0,0.004215461386776128,0.019769407219606423,0.013280212483399735,0.2652368461657152,0.0,0.34288052373158756,0.15166718122877432,0.0,0.022375145881121977,0.11564851704293935,0.010382711577930701,0.06565656565656566,0.022616604289911062,0.0017606342307537528,0.03816048935570848,45.273451647953635,32.87973441659685,7.585818342790454
prompts_high,PROMPTS,high,242,0.838665539860759,0.7663889894965592,0.7663889894965592,0.0,0.7663889894965592,0.0,,,,0.0422854038391887,0.0,0.004094732182381585,0.017254215461386776,0.014085073846030022,0.2649227860069335,0.0,0.3557692307692308,0.1511545919266702,0.0,0.020030987162461267,0.10156344319690934,0.009567789448267536,0.07018391082136102,0.022375145881121977,0.0016700873274578453,0.03715441265242062,36.218761318362915,26.041124143247014,6.217554026318966
prompts_high_shift,PROMPTS,high_shift,242,0.8858706587790253,0.8449837015574068,0.852418608394704,0.0,0.8449837015574068,0.012435108052637932,0.3179611650485437,0.4741100323624595,0.20792880258899676,0.044609441023783655,0.0,0.004386494426335064,0.018914242021811745,0.01366252163064912,0.26509625732392683,0.0,0.3807860262008734,0.16195727084769124,0.0,0.02247575355145076,0.10243872992876978,0.00974888325485935,0.06820193971588394,0.021037063865749123,0.001559418890096181,0.037848605577689244,38.23091472493863,29.018551145196394,5.945913316431245
blood_base,Blood tracking,base,242,0.629844259326331,0.683458086844541,0.7189625337035696,0.0,0.683458086844541,0.047134693549036176,0.33724653148345785,0.4847385272145144,0.17801494130202775,0.03175178075576482,0.0,0.004215461386776128,0.019487705742685824,0.013008571773512013,0.26500965656226383,0.0,0.33466453674121405,0.14631014427071531,0.0,0.022445571250352125,0.11883778019236187,0.010543683850456759,0.06482152199283674,0.022666908125075456,0.0017908165318523885,0.03915650529196346,56.34029538412008,34.1971680470211,8.18946436476317
blood_current,Blood tracking,current,242,0.629844259326331,0.683458086844541,0.7189625337035696,0.0,0.683458086844541,0.047134693549036176,0.33724653148345785,0.4847385272145144,0.17801494130202775,0.03175178075576482,0.0,0.004215461386776128,0.019487705742685824,0.013008571773512013,0.26500965656226383,0.0,0.33466453674121405,0.14631014427071531,0.0,0.022445571250352125,0.11883778019236187,0.010543683850456759,0.06482152199283674,0.022666908125075456,0.0017908165318523885,0.03915650529196346,55.33421868083222,33.128506545551694,8.18946436476317
blood_moderate,Blood tracking,moderate,242,0.629844259326331,0.683458086844541,0.7189625337035696,0.0,0.683458086844541,0.047134693549036176,0.33724653148345785,0.4847385272145144,0.17801494130202775,0.03175178075576482,0.0,0.004215461386776128,0.019487705742685824,0.013008571773512013,0.26500965656226383,0.0,0.33466453674121405,0.14631014427071531,0.0,0.022445571250352125,0.11883778019236187,0.010543683850456759,0.06482152199283674,0.022666908125075456,0.0017908165318523885,0.03915650529196346,55.33421868083222,33.128506545551694,8.18946436476317
blood_high,Blood tracking,high,242,0.629844259326331,0.683458086844541,0.7189625337035696,0.0,0.683458086844541,0.047134693549036176,0.33724653148345785,0.4847385272145144,0.17801494130202775,0.03175178075576482,0.0,0.004215461386776128,0.019487705742685824,0.013008571773512013,0.26500965656226383,0.0,0.33466453674121405,0.14631014427071531,0.0,0.022445571250352125,0.11883778019236187,0.010543683850456759,0.06482152199283674,0.022666908125075456,0.0017908165318523885,0.03915650529196346,55.33421868083222,33.128506545551694,8.18946436476317
referral_base,Transfer & EMT,base,242,0.629844259326331,0.683458086844541,0.7189625337035696,0.0,0.683458086844541,0.047134693549036176,0.33724653148345785,0.4847385272145144,0.17801494130202775,0.03175178075576482,0.0,0.004215461386776128,0.019487705742685824,0.013008571773512013,0.26500965656226383,0.0,0.33466453674121405,0.14631014427071531,0.0,0.022445571250352125,0.11883778019236187,0.010543683850456759,0.06482152199283674,0.022666908125075456,0.0017908165318523885,0.03915650529196346,56.34029538412008,34.1971680470211,8.18946436476317
referral_current,Transfer & EMT,current,242,0.629844259326331,0.683458086844541,0.7189625337035696,0.0,0.683458086844541,0.047134693549036176,0.33724653148345785,0.4847385272145144,0.17801494130202775,0.03175178075576482,0.0,0.004215461386776128,0.019487705742685824,0.013008571773512013,0.26500965656226383,0.0,0.33466453674121405,0.14631014427071531,0.0,0.022445571250352125,0.11883778019236187,0.010543683850456759,0.06482152199283674,0.022666908125075456,0.0017908165318523885,0.03915650529196346,56.34029538412008,34.1971680470211,8.18946436476317
referral_moderate,Transfer & EMT,moderate,242,0.629844259326331,0.683458086844541,0.7189625337035696,0.0,0.683458086844541,0.047134693549036176,0.4249733191035219,0.456136606189968,0.11889007470651014,0.03175178075576482,0.0,0.004215461386776128,0.019487705742685824,0.013008571773512013,0.26500965656226383,0.0,0.33466453674121405,0.14631014427071531,0.0,0.022445571250352125,0.11883778019236187,0.010543683850456759,0.06482152199283674,0.022666908125075456,0.0017908165318523885,0.03915650529196346,55.33421868083222,33.128506545551694,8.18946436476317
referral_high,Transfer & EMT,high,242,0.629844259326331,0.683458086844541,0.7189625337035696,0.0,0.683458086844541,0.047134693549036176,0.5133404482390609,0.4134471718249733,0.07321237993596585,0.03175178075576482,0.0,0.004215461386776128,0.019487705742685824,0.013008571773512013,0.26500965656226383,0.0,0.33466453674121405,0.14631014427071531,0.0,0.022445571250352125,0.11883778019236187,0.010543683850456759,0.06482152199283674,0.022666908125075456,0.0017908165318523885,0.03915650529196346,55.33421868083222,33.128506545551694,8.18946436476317
pulse_base,PULSE,base,242,0.629844259326331,0.683458086844541,0.7189625337035696,0.0,0.683458086844541,0.047134693549036176,0.33724653148345785,0.4847385272145144,0.17801494130202775,0.03175178075576482,0.0,0.004215461386776128,0.019487705742685824,0.013008571773512013,0.26500965656226383,0.0,0.33466453674121405,0.14631014427071531,0.0,0.022445571250352125,0.11883778019236187,0.010543683850456759,0.06482152199283674,0.022666908125075456,0.0017908165318523885,0.03915650529196346,56.34029538412008,34.1971680470211,8.18946436476317
pulse_current,PULSE,current,242,0.629844259326331,0.683458086844541,0.7189524729365366,0.0,0.683458086844541,0.04711457201497042,0.337177023275678,0.4847320093956865,0.1780909673286355,0.03175178075576482,0.0,0.004215461386776128,0.019387098072357035,0.013008571773512013,0.26500965656226383,0.0,0.33466453674121405,0.14674078586658543,0.0,0.022445571250352125,0.11784176425610689,0.010543683850456759,0.06482152199283674,0.022666908125075456,0.0017908165318523885,0.039065958388667554,56.34029538412008,34.1971680470211,8.18946436476317
pulse_moderate,PULSE,moderate,242,0.629844259326331,0.683458086844541,0.7189424121695038,0.0,0.683458086844541,0.04680268823695118,0.338993981083405,0.48344797936371453,0.1775580395528805,0.03175178075576482,0.0,0.004215461386776128,0.01795846915368828,0.013008571773512013,0.26500965656226383,0.0,0.33466453674121405,0.1473258501155497,0.0,0.022445571250352125,0.10866634472212161,0.010543683850456759,0.06482152199283674,0.022666908125075456,0.0017908165318523885,0.037858666344722125,56.34029538412008,34.1971680470211,8.18946436476317
pulse_high,PULSE,high,242,0.629844259326331,0.683458086844541,0.7189424121695038,0.0,0.683458086844541,0.046460622157833316,0.34019055868341275,0.4820268514508445,0.17778258986574275,0.03175178075576482,0.0,0.004215461386776128,0.016348746428427704,0.013008571773512013,0.26500965656226383,0.0,0.33466453674121405,0.14626462646264626,0.0,0.022445571250352125,0.0997022012958268,0.010543683850456759,0.06482152199283674,0.022666908125075456,0.0017908165318523885,0.036741921204072596,55.33421868083222,34.1971680470211,8.17940359773029
fqa_base,FQA,base,242,0.629844259326331,0.683458086844541,0.7189524729365366,0.0,0.683458086844541,0.04654110829409634,0.33916990920881973,0.4840034587116299,0.17682663207955038,0.06935892792466497,0.010433015413095095,0.005684333373576401,0.055253732544569195,0.02924664976457805,0.5788899151901923,0.48142989786443824,0.473993288590604,0.4419053749597683,0.0,0.01699263551853193,0.08224677049378244,0.009265966437281179,0.0622057225642883,0.022666908125075456,0.0017908165318523885,0.033049619703006156,51.30991186768079,28.853860539674056,8.058674393335748
fqa_current,FQA,current,242,0.629844259326331,0.683458086844541,0.7189524729365366,0.0,0.683458086844541,0.04654110829409634,0.33916990920881973,0.4840034587116299,0.17682663207955038,0.06935892792466497,0.010433015413095095,0.00569439414060928,0.05528391484566783,0.029276832065676685,0.5788899151901923,0.48142989786443824,0.4748322147651007,0.4421467653685227,0.0,0.01699263551853193,0.08219646665861806,0.009265966437281179,0.0622057225642883,0.022666908125075456,0.0017908165318523885,0.033049619703006156,51.30991186768079,28.853860539674056,8.058674393335748
fqa_moderate,FQA,moderate,242,0.629844259326331,0.683458086844541,0.7189424121695038,0.0,0.683458086844541,0.04652098676003059,0.3393166089965398,0.483780276816609,0.1769031141868512,0.06935892792466497,0.010694595355949937,0.005905670248299731,0.057205521348947644,0.030222544166767274,0.5788899151901923,0.4944186046511628,0.4924496644295302,0.45788371718473186,0.0,0.01672099480864421,0.08037546782566703,0.009175419533985272,0.062064871825828004,0.022666908125075456,0.0017908165318523885,0.03272767515795404,50.30383516439293,27.785199038204645,8.058674393335748
fqa_high,FQA,high,242,0.629844259326331,0.683458086844541,0.7189323514024709,0.0,0.683458086844541,0.04648074369189907,0.3393939393939394,0.4837662337662338,0.17683982683982685,0.06935892792466497,0.010885749929574631,0.006086764054891545,0.05873475793794519,0.031067648597529075,0.5788899151901923,0.5046641791044776,0.5075503355704698,0.47095837366892546,0.0,0.016549961769085277,0.07895689967403115,0.009125115698820878,0.061964264155499216,0.022666908125075456,0.0017908165318523885,0.03244597368103344,49.297758461105076,26.716537536735242,8.048613626302869
combined_base,All,base,242,0.629844259326331,0.683458086844541,0.7189625337035696,0.0,0.683458086844541,0.047134693549036176,0.33724653148345785,0.4847385272145144,0.17801494130202775,0.03175178075576482,0.0,0.004215461386776128,0.019487705742685824,0.013008571773512013,0.26500965656226383,0.0,0.33466453674121405,0.14631014427071531,0.0,0.022445571250352125,0.11883778019236187,0.010543683850456759,0.06482152199283674,0.022666908125075456,0.0017908165318523885,0.03915650529196346,56.34029538412008,34.1971680470211,8.18946436476317
combined_current,All,current,242,0.6319771419373013,0.6854199364159523,0.7206929856332247,0.0,0.6854199364159523,0.04633989295343877,0.341511072514112,0.4830655666521928,0.17542336083369517,0.07347378164111232,0.010845506861443116,0.005986156384562759,0.05803050424564369,0.03075576481950984,0.6114879008624299,0.5027985074626866,0.5025337837837838,0.4671958529078244,0.0,0.016600265604249667,0.0791178719465572,0.009074811863656485,0.06202462875769649,0.022666908125075456,0.0017908165318523885,0.03255664211839511,48.291681757817216,25.63856039483383,8.038552859269991
combined_moderate,All,moderate,242,0.7174232363475391,0.745442472534106,0.7653829127932713,0.0,0.745442472534106,0.020584329349269587,0.5131964809384164,0.40371456500488756,0.08308895405669599,0.11857620024950702,0.015252122821843937,0.008088856694434383,0.07016378928729526,0.047446577327055414,0.8689817886898179,0.7508667657256067,0.760643330179754,0.6986575836505711,0.0,0.012797295665821563,0.046229224516077104,0.007022415388949254,0.06152159040605256,0.022515996619582278,0.0017203911626222383,0.027395468630528393,30.18230109863576,16.905992117581174,6.6401062416998675
combined_high,All,high,242,0.8497927481991226,0.7663889894965592,0.7663889894965592,0.0,0.7663889894965592,0.0,,,,0.15415107247776572,0.014366775322950621,0.007937945188941205,0.055615920157752824,0.05226568473580426,0.9527421962442483,0.7786259541984732,0.8253138075313807,0.7422126745435016,0.0,0.011378727514185682,0.03139965390961407,0.006096824821924423,0.06374501992031872,0.022375145881121977,0.0016700873274578453,0.02597690047889251,23.13976417562075,13.522087810357919,5.996217151595638
mentors_base,MENTORS,base,243,0.629260734838424,0.6831059599983903,0.717765302426657,0.0,0.6831059599983903,0.048301742524850096,0.32764007498437825,0.48906477817121435,0.18329514684440743,0.031832266892027845,0.0,0.003813030705460984,0.016751177109742846,0.01366252163064912,0.26534719892653474,0.0,0.33658969804618116,0.15032502708559048,0.0,0.02826069459535595,0.10092961487383798,0.00974888325485935,0.0549720310676486,0.022546178920680914,0.0016499657933920881,0.04612861684574832,68.41321582357439,48.09182332132819,6.710531610930017
mentors_current,MENTORS,current,243,0.629260734838424,0.6831059599983903,0.7177552416596241,0.0,0.6831059599983903,0.04762767113364723,0.3293198141106886,0.4879594423320659,0.18272074355724546,0.07273934564771219,0.0140951346130629,0.005462996498853073,0.04920721155780917,0.031580747716205886,0.606340154310634,0.5179297597042514,0.5046468401486989,0.46794871794871795,0.0,0.02021208096905308,0.07261861644331764,0.008440983540585135,0.05248702161052759,0.022546178920680914,0.0016499657933920881,0.03897541148537165,58.352448790695796,37.40475147214415,6.650167008732746
mentors_moderate,MENTORS,moderate,243,0.629260734838424,0.6831059599983903,0.7176848162903939,0.0,0.6831059599983903,0.047245361986397845,0.3309199318568995,0.4867972742759796,0.18228279386712096,0.09222705139039801,0.017485613103142984,0.006579741639502596,0.05997223228298926,0.03986075898426496,0.7687856424018785,0.649962602842184,0.6240458015267175,0.5860204482894219,0.0,0.01814962372731297,0.062396877137913,0.00775685138234939,0.051370276469878066,0.022546178920680914,0.0016499657933920881,0.03630930822165882,55.33421868083222,34.198629917388935,6.609923940601232
mentors_high,MENTORS,high,243,0.629260734838424,0.6831059599983903,0.7175439655519337,0.0,0.6831059599983903,0.04668195903255664,0.33125,0.4868534482758621,0.18189655172413793,0.11188579017264276,0.020876091593223067,0.007927884421908326,0.0702342146565254,0.04793955491166647,0.9326568265682657,0.7883738601823708,0.7755905511811023,0.7079403711591117,0.0,0.0160670449515071,0.0526681154171194,0.0069721115537848604,0.0502736528632943,0.022546178920680914,0.0016499657933920881,0.033945027968932354,48.291681757817216,26.717679622960105,6.559620105436839
prompts_base,PROMPTS,base,243,0.629260734838424,0.6831059599983903,0.717765302426657,0.0,0.6831059599983903,0.048301742524850096,0.32764007498437825,0.48906477817121435,0.18329514684440743,0.031832266892027845,0.0,0.003813030705460984,0.016751177109742846,0.01366252163064912,0.26534719892653474,0.0,0.33658969804618116,0.15032502708559048,0.0,0.02826069459535595,0.10092961487383798,0.00974888325485935,0.0549720310676486,0.022546178920680914,0.0016499657933920881,0.04612861684574832,68.41321582357439,48.09182332132819,6.710531610930017
prompts_current,PROMPTS,current,243,0.631172280574671,0.6849068372972755,0.7193750251519175,0.0,0.6849068372972755,0.04818101332045555,0.3267905617039048,0.489663812904573,0.18354562539152225,0.03195299609642239,0.0,0.003823091472493863,0.016761237876775727,0.013692703931747756,0.2656851263175506,0.0,0.33747779751332146,0.1504424778761062,0.0,0.02827075536238883,0.10089943257273934,0.00974888325485935,0.055002213368747235,0.022546178920680914,0.0016499657933920881,0.04614873837981408,68.41321582357439,48.075382199288484,6.730653144995775
prompts_moderate,PROMPTS,moderate,243,0.6864964384884703,0.7239627349189102,0.7540947321823815,0.0,0.7239627349189102,0.03999154895569238,0.33635220125786164,0.4850314465408805,0.17861635220125785,0.034689524729365366,0.0,0.0039035776087568918,0.016982574751499054,0.013903980039438206,0.26559852102911724,0.0,0.3508137432188065,0.15510429109620508,0.0,0.028230512294257316,0.0986659422914403,0.009577850215300415,0.05522355024347056,0.022465692784417884,0.0016600265604249668,0.04525333011388788,54.32814197754436,42.42141432995376,6.499255503239567
prompts_high,PROMPTS,high,243,0.838414020684937,0.7663889894965592,0.7663889894965592,0.0,0.7663889894965592,0.0,,,,0.042396072276550366,0.0,0.0037124230351321987,0.014869813674594551,0.014688719868002737,0.2653318221886412,0.0,0.35311004784688993,0.1526386450480223,0.0,0.02436717775363194,0.08825304841241097,0.00890377882409755,0.058855487142339735,0.022435510483319248,0.0016298442593263311,0.04373415429192322,44.26737494466578,34.373209728659965,5.925791782365487
prompts_high_shift,PROMPTS,high_shift,243,0.8859310233812225,0.8453358284035575,0.8525695199001971,0.0,0.8453358284035575,0.012857660268018834,0.3059467918622848,0.48200312989045385,0.21205007824726135,0.04474023099521107,0.0,0.003621876131836291,0.015594188900961809,0.0140951346130629,0.2653974695631416,0.0,0.3508771929824561,0.15721675626331272,0.0,0.02738540786349551,0.08862529679262747,0.00890377882409755,0.05691375910499417,0.02143949454706427,0.0016499657933920881,0.04435792184796169,51.30991186768079,43.52061011750565,5.513300334017465
blood_base,Blood tracking,base,243,0.629260734838424,0.6831059599983903,0.717765302426657,0.0,0.6831059599983903,0.048301742524850096,0.32764007498437825,0.48906477817121435,0.18329514684440743,0.031832266892027845,0.0,0.003813030705460984,0.016751177109742846,0.01366252163064912,0.26534719892653474,0.0,0.33658969804618116,0.15032502708559048,0.0,0.02826069459535595,0.10092961487383798,0.00974888325485935,0.0549720310676486,0.022546178920680914,0.0016499657933920881,0.04612861684574832,68.41321582357439,48.09182332132819,6.710531610930017
blood_current,Blood tracking,current,243,0.629260734838424,0.6831059599983903,0.717765302426657,0.0,0.6831059599983903,0.048301742524850096,0.32764007498437825,0.48906477817121435,0.18329514684440743,0.031832266892027845,0.0,0.003813030705460984,0.016751177109742846,0.01366252163064912,0.26534719892653474,0.0,0.33658969804618116,0.15032502708559048,0.0,0.02826069459535595,0.10092961487383798,0.00974888325485935,0.0549720310676486,0.022546178920680914,0.0016499657933920881,0.04612861684574832,63.3828323071351,42.74828739673617,6.710531610930017
blood_moderate,Blood tracking,moderate,243,0.629260734838424,0.6831059599983903,0.717765302426657,0.0,0.6831059599983903,0.048301742524850096,0.32764007498437825,0.48906477817121435,0.18329514684440743,0.031832266892027845,0.0,0.003813030705460984,0.016751177109742846,0.01366252163064912,0.26534719892653474,0.0,0.33658969804618116,0.15032502708559048,0.0,0.02826069459535595,0.10092961487383798,0.00974888325485935,0.0549720310676486,0.022546178920680914,0.0016499657933920881,0.04612861684574832,61.37067890055938,40.610873026899355,6.710531610930017
blood_high,Blood tracking,high,243,0.629260734838424,0.6831059599983903,0.717765302426657,0.0,0.6831059599983903,0.048301742524850096,0.32764007498437825,0.48906477817121435,0.18329514684440743,0.031832266892027845,0.0,0.003813030705460984,0.016751177109742846,0.01366252163064912,0.26534719892653474,0.0,0.33658969804618116,0.15032502708559048,0.0,0.02826069459535595,0.10092961487383798,0.00974888325485935,0.0549720310676486,0.022546178920680914,0.0016499657933920881,0.04612861684574832,59.358525493983656,38.47345865706255,6.710531610930017
referral_base,Transfer & EMT,base,243,0.629260734838424,0.6831059599983903,0.717765302426657,0.0,0.6831059599983903,0.048301742524850096,0.32764007498437825,0.48906477817121435,0.18329514684440743,0.031832266892027845,0.0,0.003813030705460984,0.016751177109742846,0.01366252163064912,0.26534719892653474,0.0,0.33658969804618116,0.15032502708559048,0.0,0.02826069459535595,0.10092961487383798,0.00974888325485935,0.0549720310676486,0.022546178920680914,0.0016499657933920881,0.04612861684574832,68.41321582357439,48.09182332132819,6.710531610930017
referral_current,Transfer & EMT,current,243,0.629260734838424,0.6831059599983903,0.717765302426657,0.0,0.6831059599983903,0.048301742524850096,0.32764007498437825,0.48906477817121435,0.18329514684440743,0.031832266892027845,0.0,0.003813030705460984,0.016751177109742846,0.01366252163064912,0.26534719892653474,0.0,0.33658969804618116,0.15032502708559048,0.0,0.02826069459535595,0.10092961487383798,0.00974888325485935,0.0549720310676486,0.022546178920680914,0.0016499657933920881,0.04612861684574832,68.41321582357439,48.09182332132819,6.710531610930017
referral_moderate,Transfer & EMT,moderate,243,0.629260734838424,0.6831059599983903,0.717765302426657,0.0,0.6831059599983903,0.048301742524850096,0.4176213288898146,0.45969589668818994,0.12268277442199542,0.031832266892027845,0.0,0.003813030705460984,0.016751177109742846,0.01366252163064912,0.26534719892653474,0.0,0.33658969804618116,0.15032502708559048,0.0,0.02826069459535595,0.10092961487383798,0.00974888325485935,0.0549720310676486,0.022546178920680914,0.0016499657933920881,0.04612861684574832,66.40106241699867,45.95440895149138,6.710531610930017
referral_high,Transfer & EMT,high,243,0.629260734838424,0.6831059599983903,0.717765302426657,0.0,0.6831059599983903,0.048301742524850096,0.507602582795251,0.41408039991668405,0.07831701728806499,0.031832266892027845,0.0,0.003813030705460984,0.016751177109742846,0.01366252163064912,0.26534719892653474,0.0,0.33658969804618116,0.15032502708559048,0.0,0.02826069459535595,0.10092961487383798,0.00974888325485935,0.0549720310676486,0.022546178920680914,0.0016499657933920881,0.04612861684574832,66.40106241699867,45.95440895149138,6.710531610930017
pulse_base,PULSE,base,243,0.629260734838424,0.6831059599983903,0.717765302426657,0.0,0.6831059599983903,0.048301742524850096,0.32764007498437825,0.48906477817121435,0.18329514684440743,0.031832266892027845,0.0,0.003813030705460984,0.016751177109742846,0.01366252163064912,0.26534719892653474,0.0,0.33658969804618116,0.15032502708559048,0.0,0.02826069459535595,0.10092961487383798,0.00974888325485935,0.0549720310676486,0.022546178920680914,0.0016499657933920881,0.04612861684574832,68.41321582357439,48.09182332132819,6.710531610930017
pulse_current,PULSE,current,243,0.629260734838424,0.6831059599983903,0.7177552416596241,0.0,0.6831059599983903,0.048291681757817215,0.3277083333333333,0.48895833333333333,0.18333333333333332,0.031832266892027845,0.0,0.003813030705460984,0.016640508672381184,0.01366252163064912,0.26534719892653474,0.0,0.33658969804618116,0.15040465581522233,0.0,0.02826069459535595,0.10018511811340497,0.00974888325485935,0.0549720310676486,0.022546178920680914,0.0016499657933920881,0.046088373777616806,68.41321582357439,48.09182332132819,6.710531610930017
pulse_moderate,PULSE,moderate,243,0.629260734838424,0.6831059599983903,0.7177351201255584,0.0,0.6831059599983903,0.04780876494023904,0.3303872053872054,0.48737373737373735,0.18223905723905723,0.031832266892027845,0.0,0.003813030705460984,0.015342669725139845,0.01366252163064912,0.26534719892653474,0.0,0.33658969804618116,0.1504389858932623,0.0,0.02826069459535595,0.09228741599259528,0.00974888325485935,0.0549720310676486,0.022546178920680914,0.0016499657933920881,0.044549076421586384,68.41321582357439,48.09182332132819,6.720592377962896
pulse_high,PULSE,high,243,0.629260734838424,0.6831059599983903,0.7177351201255584,0.0,0.6831059599983903,0.04732584812266087,0.33163265306122447,0.4870323129251701,0.18133503401360543,0.031832266892027845,0.0,0.003813030705460984,0.014004587709766992,0.01366252163064912,0.26534719892653474,0.0,0.33658969804618116,0.149757934373319,0.0,0.02826069459535595,0.08472171918387057,0.00974888325485935,0.0549720310676486,0.022546178920680914,0.0016499657933920881,0.04305002213368747,65.39498571371081,47.02311613640978,6.720592377962896
fqa_base,FQA,base,243,0.629260734838424,0.6831059599983903,0.7177552416596241,0.0,0.6831059599983903,0.047667914201778745,0.32925284930350357,0.48775854791051076,0.18298860278598564,0.06928850255543482,0.013551853193287456,0.005271841925228379,0.046863052839148454,0.030353334138194694,0.5775746393827574,0.49649834131957243,0.4856348470806302,0.4462113229236517,0.0,0.020564207815203833,0.07351402470924383,0.008581834279045434,0.052627872348987886,0.022546178920680914,0.0016499657933920881,0.03928729526339088,59.358525493983656,38.47345865706255,6.650167008732746
fqa_current,FQA,current,243,0.629260734838424,0.6831059599983903,0.7177552416596241,0.0,0.6831059599983903,0.047667914201778745,0.32925284930350357,0.48775854791051076,0.18298860278598564,0.06928850255543482,0.013551853193287456,0.005271841925228379,0.046883174373214216,0.03038351643929333,0.5775746393827574,0.49649834131957243,0.4856348470806302,0.4464456792488983,0.0,0.02055414704817095,0.07347378164111232,0.008581834279045434,0.052617811581955005,0.022546178920680914,0.0016499657933920881,0.039277234496358004,59.358525493983656,38.47345865706255,6.650167008732746
fqa_moderate,FQA,moderate,243,0.629260734838424,0.6831059599983903,0.7177451808925912,0.0,0.6831059599983903,0.04762767113364723,0.3293198141106886,0.4879594423320659,0.18272074355724546,0.06928850255543482,0.013964344641635477,0.0054428749647873155,0.0485834440017707,0.03132922854038392,0.5775746393827574,0.5129342202512934,0.5013901760889713,0.46330231219418594,0.0,0.020262384804217475,0.07261861644331764,0.008511408909815284,0.05250714314459334,0.022546178920680914,0.0016499657933920881,0.039065958388667554,58.352448790695796,37.40475147214415,6.650167008732746
fqa_high,FQA,high,243,0.629260734838424,0.6831059599983903,0.7177451808925912,0.0,0.6831059599983903,0.04759748883254859,0.3295286408793067,0.48763474952441344,0.18283660959627987,0.06928850255543482,0.014316471487786229,0.005563604169181858,0.04979073604571613,0.03223469757334299,0.5775746393827574,0.5258684405025869,0.5125115848007414,0.47632338787295475,0.0,0.020111473298724293,0.07149181053563523,0.00840074047245362,0.052406535474264555,0.022546178920680914,0.0016499657933920881,0.038744013843615435,58.352448790695796,37.40475147214415,6.650167008732746
combined_base,All,base,243,0.629260734838424,0.6831059599983903,0.717765302426657,0.0,0.6831059599983903,0.048301742524850096,0.32764007498437825,0.48906477817121435,0.18329514684440743,0.031832266892027845,0.0,0.003813030705460984,0.016751177109742846,0.01366252163064912,0.26534719892653474,0.0,0.33658969804618116,0.15032502708559048,0.0,0.02826069459535595,0.10092961487383798,0.00974888325485935,0.0549720310676486,0.022546178920680914,0.0016499657933920881,0.04612861684574832,68.41321582357439,48.09182332132819,6.710531610930017
combined_current,All,current,243,0.6313634351482957,0.6850175057346372,0.7194454505211477,0.0,0.6850175057346372,0.04747675962815405,0.33015469379105744,0.4882390336935791,0.18160627251536343,0.07347378164111232,0.014215863817457442,0.005493178799951709,0.049247454625940684,0.03191275302829088,0.61072085633049,0.5225591715976331,0.5093283582089553,0.4720347155255545,0.0,0.020161777133888687,0.07163266127409554,0.008370558171354984,0.05248702161052759,0.022546178920680914,0.0016499657933920881,0.03884462151394422,55.33421868083222,34.18584278785548,6.650167008732746
combined_moderate,All,moderate,243,0.7173326894442432,0.7454223510000403,0.7652118797537124,0.0,0.7454223510000403,0.020604450883335346,0.51318359375,0.40087890625,0.0859375,0.11859632178357278,0.01951788804378446,0.007736729848283633,0.060948126685178475,0.04926757616000644,0.8677217519322783,0.7710651828298887,0.7752016129032258,0.7120357310766338,0.0,0.015272244355909695,0.045615517727071515,0.006871503883456075,0.05143064107207534,0.0223650851140891,0.0016700873274578453,0.032194454505211474,34.206607911787195,23.2420554428668,6.2276147933518455
combined_high,All,high,243,0.8495613505573665,0.7663889894965592,0.7663889894965592,0.0,0.7663889894965592,0.0,,,,0.15425168014809448,0.01785786148335949,0.007434906837297276,0.04894563161495433,0.05423759507424846,0.9522389913669959,0.8028041610131162,0.8211111111111111,0.7513513513513513,0.0,0.01316954404603807,0.03281822206124995,0.006167250191154574,0.05290957382590849,0.02247575355145076,0.0016298442593263311,0.029478047406334258,29.176224395347898,20.802779251307975,5.724576441707916
mentors_base,MENTORS,base,244,0.6290997625658981,0.6827538331522395,0.7194353897541148,0.0,0.6827538331522395,0.05350315908084832,0.3202331703647988,0.49623918766453556,0.18352764197066565,0.03338162501509115,0.0,0.0034709646263431124,0.017203911626222382,0.012404925751539297,0.26548247719635143,0.0,0.34226190476190477,0.15107341637953883,0.0,0.05012274135780112,0.10206648154855326,0.008672381182341342,0.06109903819067165,0.022455632017385006,0.0017908165318523885,0.056692422230270836,93.56513340577087,67.32423565619757,7.19344842850819
mentors_current,MENTORS,current,244,0.6290997625658981,0.6827538331522395,0.719425328987082,0.0,0.6827538331522395,0.052718419252283794,0.32137404580152673,0.49580152671755723,0.18282442748091604,0.07637128254658135,0.02249587508551652,0.004970018914242022,0.05060565817537929,0.029025312889854722,0.6073771803488558,0.48693379790940766,0.5129802699896158,0.4710619966285821,0.0,0.03528310998430521,0.07036500462795284,0.0075958791098233325,0.058744818704978066,0.022455632017385006,0.0017908165318523885,0.04821119562155419,76.46182944987726,49.15737841563632,7.133083826310918
mentors_moderate,MENTORS,moderate,244,0.6290997625658981,0.6827538331522395,0.7193448428508189,0.0,0.6827538331522395,0.05223550243470562,0.32280431432973805,0.4947996918335901,0.1823959938366718,0.09667391041893034,0.02663085033602962,0.005935852549398366,0.06147128657088816,0.036480341261217755,0.7688430148823812,0.603786496350365,0.6303418803418803,0.5880088538158021,0.0,0.030775886353575598,0.059267978590687755,0.006881564650488953,0.057678377399492935,0.022455632017385006,0.0017908165318523885,0.04533381625015091,72.43752263672583,44.88282377079838,7.0928407581794035
mentors_high,MENTORS,high,244,0.6290997625658981,0.6827538331522395,0.7192241136464244,0.0,0.6827538331522395,0.0516821602478973,0.32236714035429237,0.49562001167996883,0.18201284796573874,0.11729848283633144,0.030474063342589237,0.0071431445933437965,0.07201497042134493,0.04390518733148215,0.932869259081453,0.7225667938931297,0.7785087719298246,0.7099077655459685,0.0,0.026811944142621433,0.04826149945671858,0.00619743249225321,0.05676284759950099,0.022455632017385006,0.0017908165318523885,0.042184796168859916,66.40106241699867,38.470991803541466,7.042536923015011
prompts_base,PROMPTS,base,244,0.6290997625658981,0.6827538331522395,0.7194353897541148,0.0,0.6827538331522395,0.05350315908084832,0.3202331703647988,0.49623918766453556,0.18352764197066565,0.03338162501509115,0.0,0.0034709646263431124,0.017203911626222382,0.012404925751539297,0.26548247719635143,0.0,0.34226190476190477,0.15107341637953883,0.0,0.05012274135780112,0.10206648154855326,0.008672381182341342,0.06109903819067165,0.022455632017385006,0.0017908165318523885,0.056692422230270836,93.56513340577087,67.32423565619757,7.19344842850819
prompts_current,PROMPTS,current,244,0.6310314298362107,0.6846050142862892,0.7211054770815727,0.0,0.6846050142862892,0.05338242987645378,0.31926121372031663,0.49717301168488504,0.18356577459479834,0.03351241498651857,0.0,0.003481025393375991,0.01722403316028814,0.012425047285605055,0.26584197924980046,0.0,0.34325396825396826,0.1512501104337839,0.0,0.050092559056702485,0.10205642078152038,0.008672381182341342,0.06113928125880317,0.022455632017385006,0.0017908165318523885,0.05670248299730372,92.559056702483,66.2315326190298,7.19344842850819
prompts_moderate,PROMPTS,moderate,244,0.6865064992555032,0.7239526741518774,0.7555434826351161,0.0,0.7239526741518774,0.041178719465572056,0.3386269240166137,0.4881505008551185,0.17322257512826778,0.03636967282385609,0.0,0.0035615115296390196,0.017405126966879955,0.012676566461427018,0.26588702559576344,0.0,0.35685483870967744,0.15522655899506504,0.0,0.04927763692703932,0.1000241458408789,0.008581834279045434,0.06168256267857861,0.022465692784417884,0.0017807557648195098,0.05533421868083223,75.4557527465894,58.32573331353793,6.811139281258804
prompts_high,PROMPTS,high,244,0.8387057829288905,0.7663889894965592,0.7663889894965592,0.0,0.7663889894965592,0.0,,,,0.04448871181938911,0.0,0.0035916938307376553,0.0156444927361262,0.013592096261418971,0.26563344746801226,0.0,0.3722627737226277,0.15526709935097355,0.0,0.04104792949414463,0.09012435108052638,0.008219646665861806,0.06588796329832186,0.022314781278924705,0.0017103303955893598,0.05391565052919635,52.31598857096865,41.65581879718823,5.9760956175298805
prompts_high_shift,PROMPTS,high_shift,244,0.8864340617328665,0.8456778944826754,0.8531832266892028,0.0,0.8456778944826754,0.01374300776691215,0.30161054172767204,0.48096632503660325,0.21742313323572474,0.04710451124793754,0.0,0.003672179967000684,0.016560022536118154,0.01302869330757777,0.2663556718625555,0.0,0.37169042769857435,0.16060103424724365,0.0,0.04533381625015091,0.09099963781238682,0.008571773512012555,0.06364441224998994,0.021117550002012153,0.0016298442593263311,0.05401625819952513,58.352448790695796,49.729080115620114,5.493178799951709
blood_base,Blood tracking,base,244,0.6290997625658981,0.6827538331522395,0.7194353897541148,0.0,0.6827538331522395,0.05350315908084832,0.3202331703647988,0.49623918766453556,0.18352764197066565,0.03338162501509115,0.0,0.0034709646263431124,0.017203911626222382,0.012404925751539297,0.26548247719635143,0.0,0.34226190476190477,0.15107341637953883,0.0,0.05012274135780112,0.10206648154855326,0.008672381182341342,0.06109903819067165,0.022455632017385006,0.0017908165318523885,0.056692422230270836,93.56513340577087,67.32423565619757,7.19344842850819
blood_current,Blood tracking,current,244,0.6290997625658981,0.6827538331522395,0.7194353897541148,0.0,0.6827538331522395,0.05350315908084832,0.3202331703647988,0.49623918766453556,0.18352764197066565,0.03338162501509115,0.0,0.0034709646263431124,0.017203911626222382,0.012404925751539297,0.26548247719635143,0.0,0.34226190476190477,0.15107341637953883,0.0,0.05012274135780112,0.10206648154855326,0.008672381182341342,0.06109903819067165,0.022455632017385006,0.0017908165318523885,0.056692422230270836,86.52259648275584,59.84376502773117,7.19344842850819
blood_moderate,Blood tracking,moderate,244,0.6290997625658981,0.6827538331522395,0.7194353897541148,0.0,0.6827538331522395,0.05350315908084832,0.3202331703647988,0.49623918766453556,0.18352764197066565,0.03338162501509115,0.0,0.0034709646263431124,0.017203911626222382,0.012404925751539297,0.26548247719635143,0.0,0.34226190476190477,0.15107341637953883,0.0,0.05012274135780112,0.10206648154855326,0.008672381182341342,0.06109903819067165,0.022455632017385006,0.0017908165318523885,0.056692422230270836,79.48005955974084,52.363294399264774,7.19344842850819
blood_high,Blood tracking,high,244,0.6290997625658981,0.6827538331522395,0.7194353897541148,0.0,0.6827538331522395,0.05350315908084832,0.3202331703647988,0.49623918766453556,0.18352764197066565,0.03338162501509115,0.0,0.0034709646263431124,0.017203911626222382,0.012404925751539297,0.26548247719635143,0.0,0.34226190476190477,0.15107341637953883,0.0,0.05012274135780112,0.10206648154855326,0.008672381182341342,0.06109903819067165,0.022455632017385006,0.0017908165318523885,0.056692422230270836,73.44359934001369,45.951462432007865,7.19344842850819
referral_base,Transfer & EMT,base,244,0.6290997625658981,0.6827538331522395,0.7194353897541148,0.0,0.6827538331522395,0.05350315908084832,0.3202331703647988,0.49623918766453556,0.18352764197066565,0.03338162501509115,0.0,0.0034709646263431124,0.017203911626222382,0.012404925751539297,0.26548247719635143,0.0,0.34226190476190477,0.15107341637953883,0.0,0.05012274135780112,0.10206648154855326,0.008672381182341342,0.06109903819067165,0.022455632017385006,0.0017908165318523885,0.056692422230270836,93.56513340577087,67.32423565619757,7.19344842850819
referral_current,Transfer & EMT,current,244,0.6290997625658981,0.6827538331522395,0.7194353897541148,0.0,0.6827538331522395,0.05350315908084832,0.3202331703647988,0.49623918766453556,0.18352764197066565,0.03338162501509115,0.0,0.0034709646263431124,0.017203911626222382,0.012404925751539297,0.26548247719635143,0.0,0.34226190476190477,0.15107341637953883,0.0,0.05012274135780112,0.10206648154855326,0.008672381182341342,0.06109903819067165,0.022455632017385006,0.0017908165318523885,0.056692422230270836,93.56513340577087,67.32423565619757,7.19344842850819
referral_moderate,Transfer & EMT,moderate,244,0.6290997625658981,0.6827538331522395,0.7194353897541148,0.0,0.6827538331522395,0.05350315908084832,0.41387739751786384,0.4633320797292215,0.12279052275291463,0.03338162501509115,0.0,0.0034709646263431124,0.017203911626222382,0.012404925751539297,0.26548247719635143,0.0,0.34226190476190477,0.15107341637953883,0.0,0.05012274135780112,0.10206648154855326,0.008672381182341342,0.06109903819067165,0.022455632017385006,0.0017908165318523885,0.056692422230270836,90.54690329590727,64.11831967256911,7.19344842850819
referral_high,Transfer & EMT,high,244,0.6290997625658981,0.6827538331522395,0.7194353897541148,0.0,0.6827538331522395,0.05350315908084832,0.5078977059044754,0.41538172245204963,0.076720571643475,0.03338162501509115,0.0,0.0034709646263431124,0.017203911626222382,0.012404925751539297,0.26548247719635143,0.0,0.34226190476190477,0.15107341637953883,0.0,0.05012274135780112,0.10206648154855326,0.008672381182341342,0.06109903819067165,0.022455632017385006,0.0017908165318523885,0.056692422230270836,89.54082659261942,63.049681011359624,7.19344842850819
pulse_base,PULSE,base,244,0.6290997625658981,0.6827538331522395,0.7194353897541148,0.0,0.6827538331522395,0.05350315908084832,0.3202331703647988,0.49623918766453556,0.18352764197066565,0.03338162501509115,0.0,0.0034709646263431124,0.017203911626222382,0.012404925751539297,0.26548247719635143,0.0,0.34226190476190477,0.15107341637953883,0.0,0.05012274135780112,0.10206648154855326,0.008672381182341342,0.06109903819067165,0.022455632017385006,0.0017908165318523885,0.056692422230270836,93.56513340577087,67.32423565619757,7.19344842850819
pulse_current,PULSE,current,244,0.6290997625658981,0.6827538331522395,0.719425328987082,0.0,0.6827538331522395,0.05347297677974969,0.3202257761053622,0.496142991533396,0.18363123236124176,0.03338162501509115,0.0,0.0034709646263431124,0.017113364722926475,0.012404925751539297,0.26548247719635143,0.0,0.34226190476190477,0.1513749221322417,0.0,0.05012274135780112,0.10131192402108737,0.008672381182341342,0.06109903819067165,0.022455632017385006,0.0017908165318523885,0.05661193609400781,93.56513340577087,67.32423565619757,7.19344842850819
pulse_moderate,PULSE,moderate,244,0.6290997625658981,0.6827538331522395,0.7194052074530162,0.0,0.6827538331522395,0.05301018149623727,0.32245207819320554,0.4955399506547732,0.18200797115202125,0.03338162501509115,0.0,0.0034709646263431124,0.015815525775685138,0.012404925751539297,0.26548247719635143,0.0,0.34226190476190477,0.1517520996235158,0.0,0.05012274135780112,0.0933136142299489,0.008672381182341342,0.06109903819067165,0.022455632017385006,0.0017908165318523885,0.05514306410720753,93.56513340577087,67.32423565619757,7.203509195541068
pulse_high,PULSE,high,244,0.6290997625658981,0.6827538331522395,0.7194052074530162,0.0,0.6827538331522395,0.052617811581955005,0.32351816443594644,0.49521988527724664,0.1812619502868069,0.03338162501509115,0.0,0.0034709646263431124,0.014427139925147893,0.012404925751539297,0.26548247719635143,0.0,0.34226190476190477,0.1509314808967477,0.0,0.05012274135780112,0.08572779588715844,0.008672381182341342,0.06109903819067165,0.022455632017385006,0.0017908165318523885,0.05385528592699908,91.55297999919513,67.32423565619757,7.19344842850819
fqa_base,FQA,base,244,0.6290997625658981,0.6827538331522395,0.719425328987082,0.0,0.6827538331522395,0.05275866232041531,0.3213196033562166,0.4956140350877193,0.18306636155606407,0.07268904181254779,0.021761439092116384,0.00476880357358445,0.04832186405891585,0.02784820314700793,0.5780924947991679,0.46787800129785856,0.49119170984455957,0.4505205890629397,0.0,0.03596724214254095,0.07168296510925994,0.007686426013119241,0.05888566944343837,0.022455632017385006,0.0017908165318523885,0.04862368706990221,78.47398285645298,51.29465573805528,7.133083826310918
fqa_current,FQA,current,244,0.6290997625658981,0.6827538331522395,0.719425328987082,0.0,0.6827538331522395,0.05275866232041531,0.3213196033562166,0.4956140350877193,0.18306636155606407,0.07268904181254779,0.02178156062618214,0.0047788643406173285,0.04834198559298161,0.027878385448106564,0.5780924947991679,0.4683106208089985,0.49222797927461137,0.4507081887252603,0.0,0.03595718137550807,0.07166284357519417,0.007686426013119241,0.05888566944343837,0.022455632017385006,0.0017908165318523885,0.04860356553583645,78.47398285645298,51.29465573805528,7.133083826310918
fqa_moderate,FQA,moderate,244,0.6290997625658981,0.6827538331522395,0.7194152682200491,0.0,0.6827538331522395,0.052728480019316674,0.32131272657889715,0.4957069261591299,0.1829803472619729,0.07268904181254779,0.02242544971628637,0.004949897380176265,0.049931586784176425,0.028763732946999878,0.5780924947991679,0.48278102664067574,0.5098445595854922,0.4661844824347173,0.0,0.0355648114612258,0.07044549076421587,0.0076361221779548474,0.058795122540142464,0.022455632017385006,0.0017908165318523885,0.048251438689685705,77.46790615316512,50.226017076845814,7.133083826310918
fqa_high,FQA,high,244,0.6290997625658981,0.6827538331522395,0.7194152682200491,0.0,0.6827538331522395,0.05269829771821804,0.32130584192439865,0.4956090110729286,0.18308514700267278,0.07268904181254779,0.02297879190309469,0.005060565817537929,0.05120930419735201,0.029649080445893195,0.5780924947991679,0.4948006932409012,0.5212435233160622,0.4795553043150556,0.0,0.03525292768320657,0.06911746951587588,0.007535514507626061,0.058694514869813676,0.022455632017385006,0.0017908165318523885,0.047919433377600705,76.46182944987726,49.15737841563632,7.143144593343797
combined_base,All,base,244,0.6290997625658981,0.6827538331522395,0.7194353897541148,0.0,0.6827538331522395,0.05350315908084832,0.3202331703647988,0.49623918766453556,0.18352764197066565,0.03338162501509115,0.0,0.0034709646263431124,0.017203911626222382,0.012404925751539297,0.26548247719635143,0.0,0.34226190476190477,0.15107341637953883,0.0,0.05012274135780112,0.10206648154855326,0.008672381182341342,0.06109903819067165,0.022455632017385006,0.0017908165318523885,0.056692422230270836,93.56513340577087,67.32423565619757,7.19344842850819
combined_current,All,current,244,0.6312326451768683,0.6847257434906837,0.7211859632178357,0.0,0.6847257434906837,0.05253732544569198,0.3226733052470318,0.4954040597472233,0.18192263500574493,0.07713590084108013,0.022697090426174092,0.005010261982373536,0.050666022777576564,0.029317075133808202,0.6116961863730652,0.49214659685863876,0.518210197710718,0.4753634132527846,0.0,0.03515232001287778,0.06935892792466497,0.007525453740593183,0.05875487947201095,0.022455632017385006,0.0017908165318523885,0.048030101814962374,70.4253692301501,42.72865169739569,7.123023059278039
combined_moderate,All,moderate,244,0.7173829932794076,0.7455430802044348,0.7655036419976659,0.0,0.7455430802044348,0.02049378244597368,0.5125184094256259,0.4020618556701031,0.08541973490427099,0.12412974365165601,0.02761680550525172,0.006982172320817739,0.062115175660992394,0.0451527224435591,0.8678342829007526,0.7115085536547434,0.7762863534675615,0.7115362452460527,0.0,0.02455833232725663,0.04211437079962976,0.006127007123023059,0.05859390719948489,0.022375145881121977,0.0017405126966879955,0.040595194977665096,38.23091472493863,20.071411971012655,6.3483439977463885
combined_high,All,high,244,0.8499034166364844,0.7663889894965592,0.7663889894965592,0.0,0.7663889894965592,0.0,,,,0.161666465451326,0.02286812346573303,0.007022415388949254,0.050666022777576564,0.049770614511650366,0.952124192688274,0.7415986949429038,0.8429951690821256,0.7538922155688623,0.0,0.019266368867962493,0.02990059962171516,0.005462996498853073,0.06041490603243591,0.022314781278924705,0.0017103303955893598,0.03820073242383999,26.157994285484325,17.679420115020225,5.774880276872309
mentors_base,MENTORS,base,245,0.6294015855768844,0.6826331039478449,0.7147571330838263,0.0,0.6826331039478449,0.0368827719425329,0.35515548281505727,0.477632296781233,0.16721222040370975,0.03499134774035172,0.0,0.003923699142822649,0.015574067366896052,0.012767113364722927,0.2642656333105387,0.0,0.34120734908136485,0.15108334959984385,0.0,0.02449796772505936,0.09399774638818463,0.009990341663648436,0.04719505815123345,0.02268702965914121,0.0017203911626222383,0.01651977946798664,25.151917582196464,16.0268396140737,6.328222463680631
mentors_current,MENTORS,current,245,0.6294015855768844,0.6826331039478449,0.7147370115497605,0.0,0.6826331039478449,0.036530645096382146,0.35692646653814375,0.47700358028091433,0.1660699531809419,0.08037546782566703,0.01196225200209264,0.0054831180329188295,0.04555515312487424,0.029940842689846675,0.6070207431046273,0.5127210004312204,0.5041628122109159,0.47058823529411764,0.0,0.018119441426214335,0.06814157511368667,0.008672381182341342,0.0447301702281782,0.02268702965914121,0.0017203911626222383,0.013722886232846392,23.13976417562075,13.889927665530541,6.2678578614833595
mentors_moderate,MENTORS,moderate,245,0.6294015855768844,0.6826331039478449,0.7146665861805304,0.0,0.6826331039478449,0.03633949052275746,0.35852713178294576,0.47563676633444074,0.16583610188261352,0.10175459777053403,0.014658537566904101,0.006509316270272445,0.05522355024347056,0.037737937140327575,0.768482638097409,0.6412852112676056,0.6203259827420902,0.5874986620999679,0.0,0.016388989496559217,0.05936858626101654,0.007837337518612418,0.04364360738862731,0.02268702965914121,0.0017203911626222383,0.012746991830657169,21.12761076904503,11.753015716987381,6.2276147933518455
mentors_high,MENTORS,high,245,0.6294015855768844,0.6826331039478449,0.7145559177431687,0.0,0.6826331039478449,0.036047728278803974,0.3580798213787329,0.47669550655874965,0.16522467206251745,0.12346573302748602,0.01735482313171556,0.0078071552175137835,0.06433860517525856,0.04546460622157833,0.9324519413418433,0.7738896366083445,0.7683168316831683,0.70803808680248,0.0,0.014608233731739707,0.05060565817537929,0.007012354621916375,0.04266771298643809,0.02268702965914121,0.0017203911626222383,0.011771097428467946,21.12761076904503,11.753015716987381,6.177310958187452
prompts_base,PROMPTS,base,245,0.6294015855768844,0.6826331039478449,0.7147571330838263,0.0,0.6826331039478449,0.0368827719425329,0.35515548281505727,0.477632296781233,0.16721222040370975,0.03499134774035172,0.0,0.003923699142822649,0.015574067366896052,0.012767113364722927,0.2642656333105387,0.0,0.34120734908136485,0.15108334959984385,0.0,0.02449796772505936,0.09399774638818463,0.009990341663648436,0.04719505815123345,0.02268702965914121,0.0017203911626222383,0.01651977946798664,25.151917582196464,16.0268396140737,6.328222463680631
prompts_current,PROMPTS,current,245,0.6313634351482957,0.6845245281500262,0.7164775242464485,0.0,0.6845245281500262,0.03673186043703972,0.3538756505067105,0.4787729389208436,0.1673514105724459,0.035112076944746266,0.0,0.003933759909855527,0.015594188900961809,0.012787234898788684,0.26449412656309207,0.0,0.342082239720035,0.15120476051116966,0.0,0.02448790695802648,0.09404805022334903,0.009990341663648436,0.047245361986397845,0.02268702965914121,0.0017203911626222383,0.016529840235019518,25.151917582196464,16.021019577685923,6.328222463680631
prompts_moderate,PROMPTS,moderate,245,0.6867378968972594,0.7238721880156143,0.7518209988329511,0.0,0.7238721880156143,0.03252645981729647,0.3560160841323848,0.47510052582740486,0.16888339004021033,0.03813030705460985,0.0,0.004014246046118556,0.015634431969093324,0.013038754074610649,0.2644985693349152,0.0,0.3537234042553192,0.15392234548335976,0.0,0.024508028492092236,0.0920862006519377,0.009929977061451165,0.04759748883254859,0.022606543522878185,0.0017203911626222383,0.016026801883375588,21.12761076904503,14.84576312524522,5.9760956175298805
prompts_high,PROMPTS,high,245,0.838253048412411,0.7663889894965592,0.7663889894965592,0.0,0.7663889894965592,0.0,,,,0.046712141333655276,0.0,0.0039035776087568918,0.013903980039438206,0.013793311602076542,0.2649206892616684,0.0,0.3559633027522936,0.15289301913928532,0.0,0.021479737615195782,0.08267938347619623,0.009517485613103144,0.05089742041933277,0.022717211960239847,0.0016902088615236026,0.015493581230633024,17.103303955893598,11.456423929345108,5.251720391162622
prompts_high_shift,PROMPTS,high_shift,245,0.8858706587790253,0.8453861322387218,0.852257636122178,0.0,0.8453861322387218,0.009225723369149664,0.35659760087241005,0.46455834242093785,0.17884405670665213,0.04932794076220371,0.0,0.0039538814439212845,0.015081089782285001,0.013471367057024428,0.26499837855366987,0.0,0.3622119815668203,0.16075067024128686,0.0,0.023894321703086644,0.08455068614431165,0.00946718177793875,0.04982091834681476,0.021409312245965633,0.0015996619582276954,0.016549961769085277,25.151917582196464,18.65053050397878,4.949897380176265
blood_base,Blood tracking,base,245,0.6294015855768844,0.6826331039478449,0.7147571330838263,0.0,0.6826331039478449,0.0368827719425329,0.35515548281505727,0.477632296781233,0.16721222040370975,0.03499134774035172,0.0,0.003923699142822649,0.015574067366896052,0.012767113364722927,0.2642656333105387,0.0,0.34120734908136485,0.15108334959984385,0.0,0.02449796772505936,0.09399774638818463,0.009990341663648436,0.04719505815123345,0.02268702965914121,0.0017203911626222383,0.01651977946798664,25.151917582196464,16.0268396140737,6.328222463680631
blood_current,Blood tracking,current,245,0.6294015855768844,0.6826331039478449,0.7147571330838263,0.0,0.6826331039478449,0.0368827719425329,0.35515548281505727,0.477632296781233,0.16721222040370975,0.03499134774035172,0.0,0.003923699142822649,0.015574067366896052,0.012767113364722927,0.2642656333105387,0.0,0.34120734908136485,0.15108334959984385,0.0,0.02449796772505936,0.09399774638818463,0.009990341663648436,0.04719505815123345,0.02268702965914121,0.0017203911626222383,0.01651977946798664,24.145840878908608,14.958383639802122,6.328222463680631
blood_moderate,Blood tracking,moderate,245,0.6294015855768844,0.6826331039478449,0.7147571330838263,0.0,0.6826331039478449,0.0368827719425329,0.35515548281505727,0.477632296781233,0.16721222040370975,0.03499134774035172,0.0,0.003923699142822649,0.015574067366896052,0.012767113364722927,0.2642656333105387,0.0,0.34120734908136485,0.15108334959984385,0.0,0.02449796772505936,0.09399774638818463,0.009990341663648436,0.04719505815123345,0.02268702965914121,0.0017203911626222383,0.01651977946798664,24.145840878908608,14.958383639802122,6.328222463680631
blood_high,Blood tracking,high,245,0.6294015855768844,0.6826331039478449,0.7147571330838263,0.0,0.6826331039478449,0.0368827719425329,0.35515548281505727,0.477632296781233,0.16721222040370975,0.03499134774035172,0.0,0.003923699142822649,0.015574067366896052,0.012767113364722927,0.2642656333105387,0.0,0.34120734908136485,0.15108334959984385,0.0,0.02449796772505936,0.09399774638818463,0.009990341663648436,0.04719505815123345,0.02268702965914121,0.0017203911626222383,0.01651977946798664,24.145840878908608,14.958383639802122,6.328222463680631
referral_base,Transfer & EMT,base,245,0.6294015855768844,0.6826331039478449,0.7147571330838263,0.0,0.6826331039478449,0.0368827719425329,0.35515548281505727,0.477632296781233,0.16721222040370975,0.03499134774035172,0.0,0.003923699142822649,0.015574067366896052,0.012767113364722927,0.2642656333105387,0.0,0.34120734908136485,0.15108334959984385,0.0,0.02449796772505936,0.09399774638818463,0.009990341663648436,0.04719505815123345,0.02268702965914121,0.0017203911626222383,0.01651977946798664,25.151917582196464,16.0268396140737,6.328222463680631
referral_current,Transfer & EMT,current,245,0.6294015855768844,0.6826331039478449,0.7147571330838263,0.0,0.6826331039478449,0.0368827719425329,0.35515548281505727,0.477632296781233,0.16721222040370975,0.03499134774035172,0.0,0.003923699142822649,0.015574067366896052,0.012767113364722927,0.2642656333105387,0.0,0.34120734908136485,0.15108334959984385,0.0,0.02449796772505936,0.09399774638818463,0.009990341663648436,0.04719505815123345,0.02268702965914121,0.0017203911626222383,0.01651977946798664,25.151917582196464,16.0268396140737,6.328222463680631
referral_moderate,Transfer & EMT,moderate,245,0.6294015855768844,0.6826331039478449,0.7147571330838263,0.0,0.6826331039478449,0.0368827719425329,0.444899072558647,0.44271685761047463,0.11238406983087834,0.03499134774035172,0.0,0.003923699142822649,0.015574067366896052,0.012767113364722927,0.2642656333105387,0.0,0.34120734908136485,0.15108334959984385,0.0,0.02449796772505936,0.09399774638818463,0.009990341663648436,0.04719505815123345,0.02268702965914121,0.0017203911626222383,0.01651977946798664,25.151917582196464,16.0268396140737,6.328222463680631
referral_high,Transfer & EMT,high,245,0.6294015855768844,0.6826331039478449,0.7147571330838263,0.0,0.6826331039478449,0.0368827719425329,0.5343698854337152,0.39470812875068195,0.07092198581560284,0.03499134774035172,0.0,0.003923699142822649,0.015574067366896052,0.012767113364722927,0.2642656333105387,0.0,0.34120734908136485,0.15108334959984385,0.0,0.02449796772505936,0.09399774638818463,0.009990341663648436,0.04719505815123345,0.02268702965914121,0.0017203911626222383,0.01651977946798664,25.151917582196464,16.0268396140737,6.328222463680631
pulse_base,PULSE,base,245,0.6294015855768844,0.6826331039478449,0.7147571330838263,0.0,0.6826331039478449,0.0368827719425329,0.35515548281505727,0.477632296781233,0.16721222040370975,0.03499134774035172,0.0,0.003923699142822649,0.015574067366896052,0.012767113364722927,0.2642656333105387,0.0,0.34120734908136485,0.15108334959984385,0.0,0.02449796772505936,0.09399774638818463,0.009990341663648436,0.04719505815123345,0.02268702965914121,0.0017203911626222383,0.01651977946798664,25.151917582196464,16.0268396140737,6.328222463680631
pulse_current,PULSE,current,245,0.6294015855768844,0.6826331039478449,0.7147470723167935,0.0,0.6826331039478449,0.03687271117550002,0.35525238744884036,0.47748976807639837,0.16725784447476125,0.03499134774035172,0.0,0.003923699142822649,0.015483520463600145,0.012767113364722927,0.2642656333105387,0.0,0.34120734908136485,0.1512679378808728,0.0,0.02449796772505936,0.09334379653104753,0.009990341663648436,0.04719505815123345,0.02268702965914121,0.0017203911626222383,0.016499657933920883,25.151917582196464,16.0268396140737,6.328222463680631
pulse_moderate,PULSE,moderate,245,0.6294015855768844,0.6826331039478449,0.7147370115497605,0.0,0.6826331039478449,0.03667149583484245,0.35692729766803843,0.47599451303155005,0.16707818930041152,0.03499134774035172,0.0,0.003923699142822649,0.014316471487786229,0.012767113364722927,0.2642656333105387,0.0,0.34120734908136485,0.15173811047131586,0.0,0.02449796772505936,0.08603967966517767,0.009990341663648436,0.04719505815123345,0.02268702965914121,0.0017203911626222383,0.015845708076783774,25.151917582196464,16.0268396140737,6.328222463680631
pulse_high,PULSE,high,245,0.6294015855768844,0.6826331039478449,0.7147370115497605,0.0,0.6826331039478449,0.03656082739748078,0.35718216840946615,0.4755090809025867,0.16730875068794718,0.03499134774035172,0.0,0.003923699142822649,0.013109179443840798,0.012767113364722927,0.2642656333105387,0.0,0.34120734908136485,0.1515292475869287,0.0,0.02449796772505936,0.07897702120809691,0.009990341663648436,0.04719505815123345,0.02268702965914121,0.0017203911626222383,0.015272244355909695,24.145840878908608,16.0268396140737,6.328222463680631
fqa_base,FQA,base,245,0.6294015855768844,0.6826331039478449,0.7147470723167935,0.0,0.6826331039478449,0.03657088816451366,0.3570839064649243,0.4767537826685007,0.16616231086657496,0.07650207251800878,0.011499456718580225,0.005261781158195501,0.043392088212805345,0.02868324681073685,0.5777676468353469,0.49182444061962133,0.48247232472324725,0.44875663302465923,0.0,0.018330717533904785,0.06936898869169786,0.008813231920801643,0.044860960199605615,0.02268702965914121,0.0017203911626222383,0.013863736971306693,23.13976417562075,13.889927665530541,6.2678578614833595
fqa_current,FQA,current,245,0.6294015855768844,0.6826331039478449,0.7147470723167935,0.0,0.6826331039478449,0.03657088816451366,0.3570839064649243,0.4767537826685007,0.16616231086657496,0.07650207251800878,0.011509517485613104,0.005271841925228379,0.04343233128093686,0.028713429111835487,0.5777676468353469,0.49225473321858865,0.4833948339483395,0.44917282280720006,0.0,0.018330717533904785,0.06932874562356633,0.008803171153768764,0.044860960199605615,0.02268702965914121,0.0017203911626222383,0.013863736971306693,23.13976417562075,13.889927665530541,6.2678578614833595
fqa_moderate,FQA,moderate,245,0.6294015855768844,0.6826331039478449,0.7147269507827276,0.0,0.6826331039478449,0.036530645096382146,0.35692646653814375,0.47700358028091433,0.1660699531809419,0.07650207251800878,0.011821401263632339,0.005473057265885951,0.04499175017103304,0.029669201979958953,0.5777676468353469,0.5064655172413793,0.5018450184501845,0.46578481408186645,0.0,0.018179806028411606,0.06824218278401545,0.008732745784538613,0.04475029176224395,0.02268702965914121,0.0017203911626222383,0.01373294699987927,23.13976417562075,13.889927665530541,6.2678578614833595
fqa_high,FQA,high,245,0.6294015855768844,0.6826331039478449,0.7147269507827276,0.0,0.6826331039478449,0.03651052356231639,0.3571231744282171,0.4767153485808763,0.16616147699090658,0.07650207251800878,0.012123224274618698,0.005583725703247616,0.0461386776127812,0.030564610245885145,0.5777676468353469,0.5193965517241379,0.5119926199261993,0.47940623039933095,0.0,0.018028894522918427,0.06725622761479336,0.00868244194937422,0.04462956255784941,0.02268702965914121,0.0017203911626222383,0.013632339329550484,23.13976417562075,13.889927665530541,6.2678578614833595
combined_base,All,base,245,0.6294015855768844,0.6826331039478449,0.7147571330838263,0.0,0.6826331039478449,0.0368827719425329,0.35515548281505727,0.477632296781233,0.16721222040370975,0.03499134774035172,0.0,0.003923699142822649,0.015574067366896052,0.012767113364722927,0.2642656333105387,0.0,0.34120734908136485,0.15108334959984385,0.0,0.02449796772505936,0.09399774638818463,0.009990341663648436,0.04719505815123345,0.02268702965914121,0.0017203911626222383,0.01651977946798664,25.151917582196464,16.0268396140737,6.328222463680631
combined_current,All,current,245,0.6315747112559862,0.6846553181214535,0.7165580103827116,0.0,0.6846553181214535,0.03634955128979033,0.3578743426515361,0.47716579020204813,0.16495986714641572,0.08117026842126444,0.012052798905388547,0.005503239566984587,0.045605456960038634,0.030262787234898787,0.6112584286688385,0.5172711571675302,0.5078922934076138,0.47495808885163454,0.0,0.01801883375588555,0.0673266529840235,0.00861201658014407,0.04472010946114532,0.02268702965914121,0.0017203911626222383,0.013622278562517607,22.13368747233289,12.81640499839795,6.257797094450481
combined_moderate,All,moderate,245,0.7173226286772103,0.7452513179604813,0.7647692060042658,0.0,0.7452513179604813,0.0203428709404805,0.5044510385756676,0.41097922848664686,0.08456973293768547,0.13055857378566543,0.016851784780071634,0.007686426013119241,0.056259809247857055,0.046450561390800435,0.8664040592869542,0.7787075778707578,0.7662988966900702,0.7156385973893012,0.0,0.014054891544931386,0.04337196667873959,0.007052597690047889,0.043754275825988974,0.02268702965914121,0.0017203911626222383,0.01067447382188418,13.078997142742162,6.33820671004817,5.583725703247616
combined_high,All,high,245,0.8494708036540706,0.7663889894965592,0.7663889894965592,0.0,0.7663889894965592,0.0,,,,0.17019799589520704,0.015081089782285001,0.007626061410921968,0.04475029176224395,0.05105839269185883,0.9520513253418875,0.7960701009028146,0.831140350877193,0.7521136286777139,0.0,0.012143345808684454,0.03129904623928528,0.006217554026318966,0.04526339088092076,0.022717211960239847,0.0016902088615236026,0.009869612459253893,11.066843736166446,6.240509225552805,5.080687351603687
mentors_base,MENTORS,base,246,0.6295021932472131,0.6819389110225763,0.7152601714354703,0.0,0.6819389110225763,0.04204394543039961,0.34266570949988034,0.48408710217755446,0.1732471883225652,0.03493098313815445,0.0,0.0037828484043623484,0.015986558815244075,0.013803372369109421,0.2640906670723359,0.0,0.3661148977604674,0.14789650037230082,0.0,0.032576763652460865,0.09820314700792789,0.008793110386735884,0.051299851100647914,0.022526057386615155,0.001800877298885267,0.03011187572940561,46.2795283512415,30.997477446662963,6.871503883456075
mentors_current,MENTORS,current,246,0.6295021932472131,0.6819389110225763,0.7152299891343716,0.0,0.6819389110225763,0.04146042094249266,0.3453045377335598,0.48313516136859985,0.17156030089784033,0.08035534629160127,0.01502072518008773,0.005060565817537929,0.047184997384200573,0.03191275302829088,0.6075150224385791,0.49799866577718477,0.5169578622816033,0.4662954861801551,0.0,0.022163869773431526,0.07057628073564329,0.007605939876856212,0.048291681757817215,0.022526057386615155,0.001800877298885267,0.024990945309670408,38.23091472493863,22.446449185514556,6.780956980160168
mentors_moderate,MENTORS,moderate,246,0.6295021932472131,0.6819389110225763,0.7151796852992072,0.0,0.6819389110225763,0.041178719465572056,0.3469337893965307,0.48253115074517466,0.17053505985829465,0.101674111634271,0.018038955289951305,0.005996217151595638,0.05711497444565174,0.04008209585898829,0.7686924773712634,0.6210599237963284,0.6347177848775293,0.5820176337912651,0.0,0.019236186566863857,0.06102861282144151,0.00676083544609441,0.04694353897541149,0.022526057386615155,0.001800877298885267,0.023230311078916658,38.23091472493863,22.446449185514556,6.690410076864261
mentors_high,MENTORS,high,246,0.6295021932472131,0.6819389110225763,0.7150589560948126,0.0,0.6819389110225763,0.04072598494909252,0.3470849802371542,0.483695652173913,0.1692193675889328,0.12335506459012435,0.02085597005915731,0.00719344842850819,0.06686385770051109,0.048191074087488434,0.9326081995892599,0.7464890169247389,0.7814207650273224,0.704398516163222,0.0,0.016620387138315425,0.05174252485009457,0.00597609561752988,0.04564570002817015,0.022526057386615155,0.001800877298885267,0.021459616081130024,36.218761318362915,20.308692120227455,6.6401062416998675
prompts_base,PROMPTS,base,246,0.6295021932472131,0.6819389110225763,0.7152601714354703,0.0,0.6819389110225763,0.04204394543039961,0.34266570949988034,0.48408710217755446,0.1732471883225652,0.03493098313815445,0.0,0.0037828484043623484,0.015986558815244075,0.013803372369109421,0.2640906670723359,0.0,0.3661148977604674,0.14789650037230082,0.0,0.032576763652460865,0.09820314700792789,0.008793110386735884,0.051299851100647914,0.022526057386615155,0.001800877298885267,0.03011187572940561,46.2795283512415,30.997477446662963,6.871503883456075
prompts_current,PROMPTS,current,246,0.6314539820515916,0.6837800313895931,0.716930258762928,0.0,0.6837800313895931,0.041913155458972194,0.3418146903504561,0.48487758041286605,0.17330772923667787,0.03507183387661475,0.0,0.003792909171395227,0.015996619582276952,0.013833554670208057,0.26443146476522794,0.0,0.3670886075949367,0.14798957557706627,0.0,0.03251639905026359,0.09820314700792789,0.008793110386735884,0.05134009416877943,0.022526057386615155,0.001800877298885267,0.03012193649643849,46.2795283512415,30.986216476119242,6.861443116423196
prompts_moderate,PROMPTS,moderate,246,0.6872208137148376,0.7233490281299046,0.752324037184595,0.0,0.7233490281299046,0.03657088816451366,0.3471801925722146,0.48060522696011004,0.17221458046767538,0.03810012475351121,0.0,0.0038834560746911343,0.01622801722403316,0.013893919272405329,0.26439991621866926,0.0,0.37079731027857826,0.15300701954088408,0.0,0.031842327659060726,0.0958489275222343,0.008984264960360578,0.051782767918226086,0.02257636122177955,0.0017706949977866313,0.02888446215139442,36.218761318362915,26.51844623119842,6.368465531812146
prompts_high,PROMPTS,high,246,0.8382832307135096,0.7663889894965592,0.7663889894965592,0.0,0.7663889894965592,0.0,,,,0.046671898265523766,0.0,0.003601754597770534,0.014578051430641071,0.0145176868284438,0.26519179100211515,0.0,0.358,0.15279974691553305,0.0,0.02632902732504326,0.08638174574429555,0.008370558171354984,0.05477081572699102,0.022254416676727434,0.0017304519296551168,0.028160086925027163,27.16407098877218,18.75742481398887,5.332206527425651
prompts_high_shift,PROMPTS,high_shift,246,0.8862328463922089,0.845044066159604,0.8519356915771258,0.0,0.845044066159604,0.011288180610889775,0.31283422459893045,0.4750445632798574,0.21212121212121213,0.049297758461105075,0.0,0.0035615115296390196,0.01601674111634271,0.014034770010865628,0.26529507309149974,0.0,0.365702479338843,0.16261491317671092,0.0,0.028874401384361544,0.0882329268783452,0.008360497404322105,0.05430802044347861,0.02157028451849169,0.001680148094490724,0.029769809650287738,34.206607911787195,27.989426216762553,5.261781158195501
blood_base,Blood tracking,base,246,0.6295021932472131,0.6819389110225763,0.7152601714354703,0.0,0.6819389110225763,0.04204394543039961,0.34266570949988034,0.48408710217755446,0.1732471883225652,0.03493098313815445,0.0,0.0037828484043623484,0.015986558815244075,0.013803372369109421,0.2640906670723359,0.0,0.3661148977604674,0.14789650037230082,0.0,0.032576763652460865,0.09820314700792789,0.008793110386735884,0.051299851100647914,0.022526057386615155,0.001800877298885267,0.03011187572940561,46.2795283512415,30.997477446662963,6.871503883456075
blood_current,Blood tracking,current,246,0.6295021932472131,0.6819389110225763,0.7152601714354703,0.0,0.6819389110225763,0.04204394543039961,0.34266570949988034,0.48408710217755446,0.1732471883225652,0.03493098313815445,0.0,0.0037828484043623484,0.015986558815244075,0.013803372369109421,0.2640906670723359,0.0,0.3661148977604674,0.14789650037230082,0.0,0.032576763652460865,0.09820314700792789,0.008793110386735884,0.051299851100647914,0.022526057386615155,0.001800877298885267,0.03011187572940561,43.26129824137792,27.79084184873231,6.871503883456075
blood_moderate,Blood tracking,moderate,246,0.6295021932472131,0.6819389110225763,0.7152601714354703,0.0,0.6819389110225763,0.04204394543039961,0.34266570949988034,0.48408710217755446,0.1732471883225652,0.03493098313815445,0.0,0.0037828484043623484,0.015986558815244075,0.013803372369109421,0.2640906670723359,0.0,0.3661148977604674,0.14789650037230082,0.0,0.032576763652460865,0.09820314700792789,0.008793110386735884,0.051299851100647914,0.022526057386615155,0.001800877298885267,0.03011187572940561,41.2491448348022,25.65308478344521,6.871503883456075
blood_high,Blood tracking,high,246,0.6295021932472131,0.6819389110225763,0.7152601714354703,0.0,0.6819389110225763,0.04204394543039961,0.34266570949988034,0.48408710217755446,0.1732471883225652,0.03493098313815445,0.0,0.0037828484043623484,0.015986558815244075,0.013803372369109421,0.2640906670723359,0.0,0.3661148977604674,0.14789650037230082,0.0,0.032576763652460865,0.09820314700792789,0.008793110386735884,0.051299851100647914,0.022526057386615155,0.001800877298885267,0.03011187572940561,39.23699142822649,23.515327718158108,6.871503883456075
referral_base,Transfer & EMT,base,246,0.6295021932472131,0.6819389110225763,0.7152601714354703,0.0,0.6819389110225763,0.04204394543039961,0.34266570949988034,0.48408710217755446,0.1732471883225652,0.03493098313815445,0.0,0.0037828484043623484,0.015986558815244075,0.013803372369109421,0.2640906670723359,0.0,0.3661148977604674,0.14789650037230082,0.0,0.032576763652460865,0.09820314700792789,0.008793110386735884,0.051299851100647914,0.022526057386615155,0.001800877298885267,0.03011187572940561,46.2795283512415,30.997477446662963,6.871503883456075
referral_current,Transfer & EMT,current,246,0.6295021932472131,0.6819389110225763,0.7152601714354703,0.0,0.6819389110225763,0.04204394543039961,0.34266570949988034,0.48408710217755446,0.1732471883225652,0.03493098313815445,0.0,0.0037828484043623484,0.015986558815244075,0.013803372369109421,0.2640906670723359,0.0,0.3661148977604674,0.14789650037230082,0.0,0.032576763652460865,0.09820314700792789,0.008793110386735884,0.051299851100647914,0.022526057386615155,0.001800877298885267,0.03011187572940561,46.2795283512415,30.997477446662963,6.871503883456075
referral_moderate,Transfer & EMT,moderate,246,0.6295021932472131,0.6819389110225763,0.7152601714354703,0.0,0.6819389110225763,0.04204394543039961,0.4316822206269442,0.45226130653266333,0.11605647284039244,0.03493098313815445,0.0,0.0037828484043623484,0.015986558815244075,0.013803372369109421,0.2640906670723359,0.0,0.3661148977604674,0.14789650037230082,0.0,0.032576763652460865,0.09820314700792789,0.008793110386735884,0.051299851100647914,0.022526057386615155,0.001800877298885267,0.03011187572940561,46.2795283512415,30.997477446662963,6.871503883456075
referral_high,Transfer & EMT,high,246,0.6295021932472131,0.6819389110225763,0.7152601714354703,0.0,0.6819389110225763,0.04204394543039961,0.5183058147882269,0.40751375927255323,0.0741804259392199,0.03493098313815445,0.0,0.0037828484043623484,0.015986558815244075,0.013803372369109421,0.2640906670723359,0.0,0.3661148977604674,0.14789650037230082,0.0,0.032576763652460865,0.09820314700792789,0.008793110386735884,0.051299851100647914,0.022526057386615155,0.001800877298885267,0.03011187572940561,46.2795283512415,30.997477446662963,6.871503883456075
pulse_base,PULSE,base,246,0.6295021932472131,0.6819389110225763,0.7152601714354703,0.0,0.6819389110225763,0.04204394543039961,0.34266570949988034,0.48408710217755446,0.1732471883225652,0.03493098313815445,0.0,0.0037828484043623484,0.015986558815244075,0.013803372369109421,0.2640906670723359,0.0,0.3661148977604674,0.14789650037230082,0.0,0.032576763652460865,0.09820314700792789,0.008793110386735884,0.051299851100647914,0.022526057386615155,0.001800877298885267,0.03011187572940561,46.2795283512415,30.997477446662963,6.871503883456075
pulse_current,PULSE,current,246,0.6295021932472131,0.6819389110225763,0.7152501106684374,0.0,0.6819389110225763,0.042013763129300975,0.3426724137931034,0.48419540229885055,0.17313218390804597,0.03493098313815445,0.0,0.0037828484043623484,0.015885951144915287,0.013803372369109421,0.2640906670723359,0.0,0.3661148977604674,0.14799887524603994,0.0,0.032576763652460865,0.0975391363837579,0.008793110386735884,0.051299851100647914,0.022526057386615155,0.001800877298885267,0.030061571894241218,46.2795283512415,30.997477446662963,6.861443116423196
pulse_moderate,PULSE,moderate,246,0.6295021932472131,0.6819389110225763,0.7152400499014044,0.0,0.6819389110225763,0.04177230472051189,0.3444123314065511,0.4828998073217726,0.1726878612716763,0.03493098313815445,0.0,0.0037828484043623484,0.014739023703167129,0.013803372369109421,0.2640906670723359,0.0,0.3661148977604674,0.14895780376207424,0.0,0.032576763652460865,0.08986277113767153,0.008793110386735884,0.051299851100647914,0.022526057386615155,0.001800877298885267,0.029156102861282143,46.2795283512415,30.997477446662963,6.861443116423196
pulse_high,PULSE,high,246,0.6295021932472131,0.6819389110225763,0.7152400499014044,0.0,0.6819389110225763,0.04156102861282144,0.34543694020818205,0.48196562575647545,0.17259743403534253,0.03493098313815445,0.0,0.0037828484043623484,0.013370759386695642,0.013803372369109421,0.2640906670723359,0.0,0.3661148977604674,0.14743731972487242,0.0,0.032576763652460865,0.08244798583444002,0.008793110386735884,0.051299851100647914,0.022526057386615155,0.001800877298885267,0.028240573061290193,45.273451647953635,30.997477446662963,6.861443116423196
fqa_base,FQA,base,246,0.6295021932472131,0.6819389110225763,0.7152501106684374,0.0,0.6819389110225763,0.04150066401062417,0.34545454545454546,0.4826666666666667,0.17187878787878788,0.07654231558614029,0.014447261459213651,0.004889532777978993,0.04494144633586865,0.030584731779950903,0.578687152962653,0.47596950613191913,0.49744114636642783,0.4444776119402985,0.0,0.022666908125075456,0.0716024789729969,0.007736729848283633,0.04849289709847479,0.022526057386615155,0.001800877298885267,0.025222342951426616,38.23091472493863,22.446449185514556,6.780956980160168
fqa_current,FQA,current,246,0.6295021932472131,0.6819389110225763,0.7152400499014044,0.0,0.6819389110225763,0.041490603243591294,0.3452958292919496,0.4827837051406402,0.17192046556741028,0.07654231558614029,0.014457322226246528,0.004889532777978993,0.044971628636967284,0.03061491408104954,0.578687152962653,0.47645888594164454,0.49744114636642783,0.4448203801373271,0.0,0.022646786591009698,0.07156223590486539,0.007736729848283633,0.04849289709847479,0.022526057386615155,0.001800877298885267,0.025222342951426616,38.23091472493863,22.446449185514556,6.780956980160168
fqa_moderate,FQA,moderate,246,0.6295021932472131,0.6819389110225763,0.7152400499014044,0.0,0.6819389110225763,0.04146042094249266,0.34554719728221306,0.48289250181994664,0.17156030089784033,0.07654231558614029,0.014920117509758943,0.005050505050505051,0.046611533663326495,0.03160086925027164,0.578687152962653,0.49236387782204516,0.5138178096212896,0.4615921091959749,0.0,0.022324842045957582,0.07071713147410359,0.007666304479053483,0.048311803291882977,0.022526057386615155,0.001800877298885267,0.025011066843736166,38.23091472493863,22.446449185514556,6.770896213127289
fqa_high,FQA,high,246,0.6295021932472131,0.6819389110225763,0.7152199283673387,0.0,0.6819389110225763,0.04142017787436114,0.345397133835317,0.4831187758076269,0.1714840903570561,0.07654231558614029,0.015272244355909695,0.005181295021932472,0.04783894724133768,0.03253652058432935,0.578687152962653,0.504654255319149,0.5271238485158649,0.47554755475547555,0.0,0.022033079802004106,0.06964062940158558,0.007585818342790454,0.048191074087488434,0.022526057386615155,0.001800877298885267,0.024819912270111474,38.23091472493863,22.446449185514556,6.770896213127289
combined_base,All,base,246,0.6295021932472131,0.6819389110225763,0.7152601714354703,0.0,0.6819389110225763,0.04204394543039961,0.34266570949988034,0.48408710217755446,0.1732471883225652,0.03493098313815445,0.0,0.0037828484043623484,0.015986558815244075,0.013803372369109421,0.2640906670723359,0.0,0.3661148977604674,0.14789650037230082,0.0,0.032576763652460865,0.09820314700792789,0.008793110386735884,0.051299851100647914,0.022526057386615155,0.001800877298885267,0.03011187572940561,46.2795283512415,30.997477446662963,6.871503883456075
combined_current,All,current,246,0.6316652581592821,0.6839108213610205,0.7170006841321582,0.0,0.6839108213610205,0.041279327135900844,0.3468194004387034,0.48233000243724106,0.17085059712405556,0.08116020765423156,0.015131393617449394,0.005090748118636565,0.047235301219364964,0.03224475834037587,0.6117388336998559,0.5033467202141901,0.5216494845360825,0.47072388209344296,0.0,0.02200289750090547,0.06974123707191436,0.007535514507626061,0.04827156022375146,0.022526057386615155,0.001800877298885267,0.02484003380417723,35.21268461507505,19.232207536888442,6.750774679061532
combined_moderate,All,moderate,246,0.7176948770574268,0.7446275504044428,0.7645679906636081,0.0,0.7446275504044428,0.021268461507505332,0.5104068117313151,0.3987701040681173,0.09082308420056764,0.13035735844500784,0.019397158839389916,0.0071029015252122825,0.05799026117751217,0.04941848766549962,0.8661096256684492,0.7469972878729175,0.7673913043478261,0.7094153846153847,0.0,0.015382912793271359,0.044388104149060324,0.006086764054891545,0.04653104752706346,0.02256630045474667,0.001750573463720874,0.020191959434987323,25.151917582196464,11.62385214460072,5.724576441707916
combined_high,All,high,246,0.8495009859551692,0.7663889894965592,0.7663889894965592,0.0,0.7663889894965592,0.0,,,,0.16982574751499055,0.01579540424161938,0.007354420701034247,0.0464203790897018,0.05391565052919635,0.9518439156422691,0.7606589147286822,0.8450867052023121,0.7467227706748665,0.0,0.012203710410881726,0.03203348223268542,0.005291963459294137,0.04822125638858707,0.022254416676727434,0.0017304519296551168,0.018793512817417198,16.097227252605737,8.325094958114367,5.120930419735201
mentors_base,MENTORS,base,247,0.629190309469194,0.682220612499497,0.7188116221980764,0.0,0.682220612499497,0.049498973801762644,0.33211382113821136,0.49146341463414633,0.17642276422764228,0.08415831623002938,0.0,0.00576481950983943,0.02107730693388064,0.013109179443840798,0.2681605436943002,0.0,0.33765468473777255,0.14726557008294672,0.0,0.04394543039961367,0.12766107288019637,0.014125316914161535,0.06889613264115256,0.022455632017385006,0.0017706949977866313,0.04311038673588474,67.40713912028653,44.88714090287278,7.314177632902733
mentors_current,MENTORS,current,247,0.629190309469194,0.682220612499497,0.7188015614310435,0.0,0.682220612499497,0.04837216789408025,0.3348585690515807,0.49001663893510816,0.17512479201331116,0.19067165680711498,0.019759346452573545,0.007716608314217876,0.060485331401666065,0.030373455672260453,0.6075527345002244,0.5014041358182282,0.5099734042553191,0.4662272198526561,0.0,0.02996096422391243,0.08356473097508954,0.011187572940560988,0.06664252082578775,0.022455632017385006,0.0017706949977866313,0.03503159080848324,58.352448790695796,35.26846785225718,7.253813030705461
mentors_moderate,MENTORS,moderate,247,0.629190309469194,0.682220612499497,0.7187210752947805,0.0,0.682220612499497,0.0478288864743048,0.3359276398822045,0.4896928901977282,0.1743794699200673,0.2406133043583243,0.022948609601996055,0.00903456879552497,0.07194454505211477,0.03818061088977424,0.7666859011348336,0.6154883971937399,0.6373314407381121,0.5815712426805465,0.0,0.026007082779991145,0.06871503883456075,0.009658336351563443,0.06578735562799308,0.022455632017385006,0.0017706949977866313,0.03231518370960602,57.34637208740795,34.19972640218878,7.223630729606826
mentors_high,MENTORS,high,247,0.629190309469194,0.682220612499497,0.7186506499255503,0.0,0.682220612499497,0.04717493661716769,0.3371721049264235,0.48965664320750696,0.17317125186606952,0.29231558614028735,0.025745502837136305,0.010332407742766309,0.08237756046520987,0.04598776610728802,0.9314291209848048,0.7351335823039357,0.7792109256449166,0.7021094151946493,0.0,0.022143748239365768,0.05444887118193891,0.00825988973399332,0.06482152199283674,0.022455632017385006,0.0017706949977866313,0.029568594309630165,52.31598857096865,29.924760601915185,7.19344842850819
prompts_base,PROMPTS,base,247,0.629190309469194,0.682220612499497,0.7188116221980764,0.0,0.682220612499497,0.049498973801762644,0.33211382113821136,0.49146341463414633,0.17642276422764228,0.08415831623002938,0.0,0.00576481950983943,0.02107730693388064,0.013109179443840798,0.2681605436943002,0.0,0.33765468473777255,0.14726557008294672,0.0,0.04394543039961367,0.12766107288019637,0.014125316914161535,0.06889613264115256,0.022455632017385006,0.0017706949977866313,0.04311038673588474,67.40713912028653,44.88714090287278,7.314177632902733
prompts_current,PROMPTS,current,247,0.631091794438408,0.6841019759346453,0.7204716487585013,0.0,0.6841019759346453,0.04933800152923659,0.3307504078303426,0.49286296900489396,0.17638662316476345,0.0843796531047527,0.0,0.0057748802768723085,0.02106724616684776,0.013119240210873677,0.26812659846547315,0.0,0.33824395992928696,0.1471642420409024,0.0,0.04392530886554791,0.12765101211316351,0.014125316914161535,0.06890619340818543,0.022455632017385006,0.0017706949977866313,0.04311038673588474,67.40713912028653,44.87179487179487,7.294056098836975
prompts_moderate,PROMPTS,moderate,247,0.686697653829128,0.7236709726749567,0.7551812950219324,0.0,0.7236709726749567,0.04065555957986237,0.33853006681514475,0.48799802029200695,0.1734719128928483,0.0920862006519377,0.0,0.005724576441707916,0.021550162984425934,0.013400941687794278,0.26868431867551223,0.0,0.3407185628742515,0.15187180941576858,0.0,0.043754275825988974,0.1259104994164755,0.0139542838746026,0.06957020403235542,0.022385206648154854,0.0017807557648195098,0.04219485693589279,59.358525493983656,44.54579201357586,6.871503883456075
prompts_high,PROMPTS,high,247,0.8381625015091151,0.7663889894965592,0.7663889894965592,0.0,0.7663889894965592,0.0,,,,0.11279125920560183,0.0,0.00576481950983943,0.019598374180047486,0.014125316914161535,0.2691135168871072,0.0,0.34960341671751066,0.14992688370661125,0.0,0.03877419614471407,0.11613143386051752,0.013722886232846392,0.07385609078836171,0.022194052074530162,0.0017304519296551168,0.04185279085677492,42.25522153809006,29.168793557863594,5.915731015332609
prompts_high_shift,PROMPTS,high_shift,247,0.8863535755966034,0.8457483198519055,0.853253652058433,0.0,0.8457483198519055,0.012093041973520062,0.3036605657237937,0.4908485856905158,0.20549084858569053,0.11897863093082217,0.0,0.005613908004346252,0.02207332287013562,0.013400941687794278,0.26862620388878794,0.0,0.3516068052930057,0.16482608369018106,0.0,0.04292929292929293,0.11736890820556159,0.013411002454827157,0.07121010905871464,0.021620588353656083,0.001700269628556481,0.042325646907320214,50.30383516439293,43.523767085669284,5.905670248299731
blood_base,Blood tracking,base,247,0.629190309469194,0.682220612499497,0.7188116221980764,0.0,0.682220612499497,0.049498973801762644,0.33211382113821136,0.49146341463414633,0.17642276422764228,0.08415831623002938,0.0,0.00576481950983943,0.02107730693388064,0.013109179443840798,0.2681605436943002,0.0,0.33765468473777255,0.14726557008294672,0.0,0.04394543039961367,0.12766107288019637,0.014125316914161535,0.06889613264115256,0.022455632017385006,0.0017706949977866313,0.04311038673588474,67.40713912028653,44.88714090287278,7.314177632902733
blood_current,Blood tracking,current,247,0.629190309469194,0.682220612499497,0.7188116221980764,0.0,0.682220612499497,0.049498973801762644,0.33211382113821136,0.49146341463414633,0.17642276422764228,0.08415831623002938,0.0,0.00576481950983943,0.02107730693388064,0.013109179443840798,0.2681605436943002,0.0,0.33765468473777255,0.14726557008294672,0.0,0.04394543039961367,0.12766107288019637,0.014125316914161535,0.06889613264115256,0.022455632017385006,0.0017706949977866313,0.04311038673588474,64.38890901042295,41.680916552667576,7.314177632902733
blood_moderate,Blood tracking,moderate,247,0.629190309469194,0.682220612499497,0.7188116221980764,0.0,0.682220612499497,0.049498973801762644,0.33211382113821136,0.49146341463414633,0.17642276422764228,0.08415831623002938,0.0,0.00576481950983943,0.02107730693388064,0.013109179443840798,0.2681605436943002,0.0,0.33765468473777255,0.14726557008294672,0.0,0.04394543039961367,0.12766107288019637,0.014125316914161535,0.06889613264115256,0.022455632017385006,0.0017706949977866313,0.04311038673588474,63.3828323071351,40.61217510259918,7.314177632902733
blood_high,Blood tracking,high,247,0.629190309469194,0.682220612499497,0.7188116221980764,0.0,0.682220612499497,0.049498973801762644,0.33211382113821136,0.49146341463414633,0.17642276422764228,0.08415831623002938,0.0,0.00576481950983943,0.02107730693388064,0.013109179443840798,0.2681605436943002,0.0,0.33765468473777255,0.14726557008294672,0.0,0.04394543039961367,0.12766107288019637,0.014125316914161535,0.06889613264115256,0.022455632017385006,0.0017706949977866313,0.04311038673588474,62.37675560384723,39.54343365253078,7.314177632902733
referral_base,Transfer & EMT,base,247,0.629190309469194,0.682220612499497,0.7188116221980764,0.0,0.682220612499497,0.049498973801762644,0.33211382113821136,0.49146341463414633,0.17642276422764228,0.08415831623002938,0.0,0.00576481950983943,0.02107730693388064,0.013109179443840798,0.2681605436943002,0.0,0.33765468473777255,0.14726557008294672,0.0,0.04394543039961367,0.12766107288019637,0.014125316914161535,0.06889613264115256,0.022455632017385006,0.0017706949977866313,0.04311038673588474,67.40713912028653,44.88714090287278,7.314177632902733
referral_current,Transfer & EMT,current,247,0.629190309469194,0.682220612499497,0.7188116221980764,0.0,0.682220612499497,0.049498973801762644,0.33211382113821136,0.49146341463414633,0.17642276422764228,0.08415831623002938,0.0,0.00576481950983943,0.02107730693388064,0.013109179443840798,0.2681605436943002,0.0,0.33765468473777255,0.14726557008294672,0.0,0.04394543039961367,0.12766107288019637,0.014125316914161535,0.06889613264115256,0.022455632017385006,0.0017706949977866313,0.04311038673588474,67.40713912028653,44.88714090287278,7.314177632902733
referral_moderate,Transfer & EMT,moderate,247,0.629190309469194,0.682220612499497,0.7188116221980764,0.0,0.682220612499497,0.049498973801762644,0.42317073170731706,0.4589430894308943,0.11788617886178862,0.08415831623002938,0.0,0.00576481950983943,0.02107730693388064,0.013109179443840798,0.2681605436943002,0.0,0.33765468473777255,0.14726557008294672,0.0,0.04394543039961367,0.12766107288019637,0.014125316914161535,0.06889613264115256,0.022455632017385006,0.0017706949977866313,0.04311038673588474,66.40106241699867,43.81839945280438,7.314177632902733
referral_high,Transfer & EMT,high,247,0.629190309469194,0.682220612499497,0.7188116221980764,0.0,0.682220612499497,0.049498973801762644,0.5123983739837399,0.41321138211382114,0.07439024390243902,0.08415831623002938,0.0,0.00576481950983943,0.02107730693388064,0.013109179443840798,0.2681605436943002,0.0,0.33765468473777255,0.14726557008294672,0.0,0.04394543039961367,0.12766107288019637,0.014125316914161535,0.06889613264115256,0.022455632017385006,0.0017706949977866313,0.04311038673588474,66.40106241699867,43.81839945280438,7.314177632902733
pulse_base,PULSE,base,247,0.629190309469194,0.682220612499497,0.7188116221980764,0.0,0.682220612499497,0.049498973801762644,0.33211382113821136,0.49146341463414633,0.17642276422764228,0.08415831623002938,0.0,0.00576481950983943,0.02107730693388064,0.013109179443840798,0.2681605436943002,0.0,0.33765468473777255,0.14726557008294672,0.0,0.04394543039961367,0.12766107288019637,0.014125316914161535,0.06889613264115256,0.022455632017385006,0.0017706949977866313,0.04311038673588474,67.40713912028653,44.88714090287278,7.314177632902733
pulse_current,PULSE,current,247,0.629190309469194,0.682220612499497,0.7188015614310435,0.0,0.682220612499497,0.04947885226769689,0.33204554697031313,0.4914599430662871,0.17649450996339974,0.08415831623002938,0.0,0.00576481950983943,0.02093645619542034,0.013109179443840798,0.2681605436943002,0.0,0.33765468473777255,0.1474004816546253,0.0,0.04394543039961367,0.12669523924504003,0.014125316914161535,0.06889613264115256,0.022455632017385006,0.0017706949977866313,0.043019839832588835,67.40713912028653,44.88714090287278,7.314177632902733
pulse_moderate,PULSE,moderate,247,0.629190309469194,0.682220612499497,0.7187915006640107,0.0,0.682220612499497,0.049146846955611896,0.33346980552712385,0.49089048106448313,0.17563971340839304,0.08415831623002938,0.0,0.00576481950983943,0.019316672703126887,0.013109179443840798,0.2681605436943002,0.0,0.33765468473777255,0.14742014742014742,0.0,0.04394543039961367,0.11683568755281902,0.014125316914161535,0.06889613264115256,0.022455632017385006,0.0017706949977866313,0.04187291239084068,67.40713912028653,44.88714090287278,7.314177632902733
pulse_high,PULSE,high,247,0.629190309469194,0.682220612499497,0.7187915006640107,0.0,0.682220612499497,0.0488148416435269,0.3349134377576257,0.49010717230008244,0.17497938994229184,0.08415831623002938,0.0,0.00576481950983943,0.017535916938307375,0.013109179443840798,0.2681605436943002,0.0,0.33765468473777255,0.14601658708218146,0.0,0.04394543039961367,0.10697613586059801,0.014125316914161535,0.06889613264115256,0.022455632017385006,0.0017706949977866313,0.04057507344359934,66.40106241699867,44.88714090287278,7.314177632902733
fqa_base,FQA,base,247,0.629190309469194,0.682220612499497,0.7188015614310435,0.0,0.682220612499497,0.048452654030343274,0.3347176079734219,0.4900332225913621,0.17524916943521596,0.18195903255664211,0.018974606624009016,0.00740472453619864,0.057849410439051875,0.029075616725019116,0.5797909854459191,0.4779523568170299,0.4838921761998685,0.44584011785686595,0.0,0.03061491408104954,0.08553664131353374,0.01152963901967886,0.06678337156424806,0.022455632017385006,0.0017706949977866313,0.03544408225683126,59.358525493983656,36.33720930232558,7.26387379773834
fqa_current,FQA,current,247,0.629190309469194,0.682220612499497,0.7188015614310435,0.0,0.682220612499497,0.048452654030343274,0.3347176079734219,0.4900332225913621,0.17524916943521596,0.18195903255664211,0.018984667391041894,0.007414785303231518,0.05787959274015051,0.029105799026117752,0.5797909854459191,0.47820577800304104,0.48454963839579224,0.4460727300922695,0.0,0.030584731779950903,0.08547627671133647,0.011519578252645981,0.06678337156424806,0.022455632017385006,0.0017706949977866313,0.035434021489798385,59.358525493983656,36.33720930232558,7.26387379773834
fqa_moderate,FQA,moderate,247,0.629190309469194,0.682220612499497,0.7187915006640107,0.0,0.682220612499497,0.04843253249627752,0.334648940589946,0.49002908184461985,0.17532197756543416,0.18195903255664211,0.019608434947080366,0.007746790615316512,0.05978107770936456,0.030061571894241218,0.5797909854459191,0.49404309252218,0.5062458908612755,0.4611563833915405,0.0,0.030242665700833032,0.08393697935530604,0.011348545213087046,0.06667270312688639,0.022455632017385006,0.0017706949977866313,0.03513219847881202,58.352448790695796,35.26846785225718,7.253813030705461
fqa_high,FQA,high,247,0.629190309469194,0.682220612499497,0.7187814398969777,0.0,0.682220612499497,0.04838222866111312,0.33478893740902477,0.48991474318985234,0.1752963194011229,0.18195903255664211,0.02014165559982293,0.007998309791138476,0.06140086120165802,0.03098716246126605,0.5797909854459191,0.5083798882681564,0.5226824457593688,0.47501556662515565,0.0,0.029940842689846675,0.08205561592015775,0.011257998309791139,0.06659221699062337,0.022455632017385006,0.0017706949977866313,0.03482031470079279,58.352448790695796,35.26846785225718,7.253813030705461
combined_base,All,base,247,0.629190309469194,0.682220612499497,0.7188116221980764,0.0,0.682220612499497,0.049498973801762644,0.33211382113821136,0.49146341463414633,0.17642276422764228,0.08415831623002938,0.0,0.00576481950983943,0.02107730693388064,0.013109179443840798,0.2681605436943002,0.0,0.33765468473777255,0.14726557008294672,0.0,0.04394543039961367,0.12766107288019637,0.014125316914161535,0.06889613264115256,0.022455632017385006,0.0017706949977866313,0.04311038673588474,67.40713912028653,44.88714090287278,7.314177632902733
combined_current,All,current,247,0.6312930097790656,0.6842227051390398,0.7205621956617972,0.0,0.6842227051390398,0.04817095255342267,0.3358395989974937,0.4901837928153718,0.1739766081871345,0.19264356714555916,0.019890136424000966,0.0078071552175137835,0.060314298362107124,0.03068533945027969,0.6119527005433045,0.5062740076824583,0.5176784523015343,0.46993807321470565,0.0,0.029779870417320616,0.08199525131796048,0.011137269105396596,0.06661233852468912,0.022455632017385006,0.0017706949977866313,0.034850497001891426,56.34029538412008,33.11859662617651,7.223630729606826
combined_moderate,All,moderate,247,0.7173427502112761,0.745110467222021,0.7655036419976659,0.0,0.745110467222021,0.02092639542838746,0.5182692307692308,0.3956730769230769,0.08605769230769231,0.31061612137309347,0.02440742082176345,0.009980280896615557,0.07224636806310113,0.04701396434464163,0.867003650659927,0.7380590203833283,0.7654320987654321,0.7072089816820957,0.0,0.020694997786631253,0.04743651656002253,0.008149221296631655,0.066954404603807,0.022355024347056218,0.0017807557648195098,0.0283311199645861,40.24306813151435,24.300566308849632,6.328222463680631
combined_high,All,high,247,0.8494003782848404,0.7663889894965592,0.7663889894965592,0.0,0.7663889894965592,0.0,,,,0.40306450963821483,0.021027003098716246,0.009718700953760715,0.057064670610487346,0.05142058030504246,0.9489778998981453,0.7542403464453266,0.8370883882149047,0.7419228253760628,0.0,0.017274336995452534,0.033361503481025394,0.007052597690047889,0.06908728721477725,0.022194052074530162,0.0017304519296551168,0.02690249104591734,26.157994285484325,15.604032081889962,5.744697975773673
mentors_base,MENTORS,base,248,0.6281641112318403,0.6810535635236831,0.7133184433981247,0.0,0.6810535635236831,0.04589721920399211,0.3252959228408593,0.49254712845243315,0.1821569487067076,0.04514266167652622,0.0,0.00370236226809932,0.01709324318886072,0.012545776489999598,0.2665914087101182,0.0,0.3521531100478469,0.14933638041663005,0.0,0.03957905750734436,0.10316310515513703,0.009195541068051028,0.06015332608958107,0.022294659744858947,0.0017405126966879955,0.045182904744657734,59.358525493983656,42.75971179954247,7.0928407581794035
mentors_current,MENTORS,current,248,0.6281641112318403,0.6810535635236831,0.7133184433981247,0.0,0.6810535635236831,0.04490120326773713,0.32847860183732913,0.49070132198073046,0.1808200761819404,0.10314298362107127,0.017686828443800557,0.005161173487866715,0.04922733309187492,0.02946798663930138,0.6091141346325233,0.5035806359209396,0.523469387755102,0.46926249160832456,0.0,0.026862247977785827,0.07001287778180208,0.007958066723006961,0.0573664936214737,0.022294659744858947,0.0017405126966879955,0.03770775483922894,51.30991186768079,34.20776943963398,7.0525976900478895
mentors_moderate,MENTORS,moderate,248,0.6281641112318403,0.6810535635236831,0.7132278964948288,0.0,0.6810535635236831,0.04431767877983017,0.3314415437003405,0.489216799091941,0.1793416572077185,0.13005553543402149,0.020383114008612018,0.0061471286570888165,0.059107006318161695,0.03699344037989456,0.7680470560275682,0.621853898096992,0.648619957537155,0.587617523504701,0.0,0.023049217272324844,0.05872469717091231,0.007062658457080768,0.05594792546983782,0.022294659744858947,0.0017405126966879955,0.03497122620628597,51.30991186768079,34.20776943963398,6.972111553784861
mentors_high,MENTORS,high,248,0.6281641112318403,0.6810535635236831,0.7130870457563685,0.0,0.6810535635236831,0.04368385045675882,0.3311837862736066,0.4896361123906034,0.17918010133578996,0.15771258400740473,0.02256630045474667,0.0072236307296068255,0.06826230431808121,0.044659744858948046,0.9313766264630741,0.7397757255936676,0.7907488986784141,0.70928287685553,0.0,0.01983983258883657,0.04793955491166647,0.006257797094450481,0.05481105879512254,0.022294659744858947,0.0017405126966879955,0.03233530524367178,50.30383516439293,33.13877664464542,6.891625417521832
prompts_base,PROMPTS,base,248,0.6281641112318403,0.6810535635236831,0.7133184433981247,0.0,0.6810535635236831,0.04589721920399211,0.3252959228408593,0.49254712845243315,0.1821569487067076,0.04514266167652622,0.0,0.00370236226809932,0.01709324318886072,0.012545776489999598,0.2665914087101182,0.0,0.3521531100478469,0.14933638041663005,0.0,0.03957905750734436,0.10316310515513703,0.009195541068051028,0.06015332608958107,0.022294659744858947,0.0017405126966879955,0.045182904744657734,59.358525493983656,42.75971179954247,7.0928407581794035
prompts_current,PROMPTS,current,248,0.6300454746669886,0.682874562356634,0.714948287657451,0.0,0.682874562356634,0.04575636846553181,0.32409850483729113,0.4938434476693052,0.1820580474934037,0.04527345164795364,0.0,0.0037124230351321987,0.017103303955893597,0.012555837257032475,0.2666350654737216,0.0,0.35311004784688993,0.14939801388522717,0.0,0.039538814439212845,0.10317316592216991,0.009195541068051028,0.06017344762364683,0.022294659744858947,0.0017405126966879955,0.04517284397762485,60.36460219727152,43.814653329913654,7.112962292245161
prompts_moderate,PROMPTS,moderate,248,0.685369632580788,0.7222624652903538,0.750412491448348,0.0,0.7222624652903538,0.03983057668316632,0.32558726951250316,0.49128567820156605,0.1831270522859308,0.04911666465451326,0.0,0.003923699142822649,0.017274336995452534,0.012716809529558533,0.2664701708422029,0.0,0.36585365853658536,0.1514109347442681,0.0,0.03915650529196346,0.10239848686063825,0.009406817175741478,0.060797215179685296,0.022274538210793192,0.001750573463720874,0.044186888808402755,50.30383516439293,38.192234245703375,6.650167008732746
prompts_high,PROMPTS,high,248,0.8376594631574711,0.7663889894965592,0.7663889894965592,0.0,0.7663889894965592,0.0,,,,0.06029417682804137,0.0,0.003792909171395227,0.01637892872952634,0.013471367057024428,0.26713916376927876,0.0,0.3566698202459792,0.1533389846472638,0.0,0.0353334138194696,0.09588917059036581,0.009145237232886636,0.06491206889613264,0.021882168296510927,0.0017606342307537528,0.04414664574027124,41.2491448348022,32.305127136306794,5.654151072477766
prompts_high_shift,PROMPTS,high_shift,248,0.8857700511086966,0.8452150991991629,0.8517847800716326,0.0,0.8452150991991629,0.012445168819670812,0.2902182700080841,0.4995957962813258,0.21018593371059013,0.06366453378405569,0.0,0.003621876131836291,0.01822004909654312,0.012978389472413377,0.26695916301046235,0.0,0.3515625,0.16528246782878525,0.0,0.03943820676888406,0.09787114169584289,0.009014447261459214,0.0635236830455954,0.021600466819590325,0.001559418890096181,0.04446859028532335,40.24306813151435,35.24448268355638,5.55354340214898
blood_base,Blood tracking,base,248,0.6281641112318403,0.6810535635236831,0.7133184433981247,0.0,0.6810535635236831,0.04589721920399211,0.3252959228408593,0.49254712845243315,0.1821569487067076,0.04514266167652622,0.0,0.00370236226809932,0.01709324318886072,0.012545776489999598,0.2665914087101182,0.0,0.3521531100478469,0.14933638041663005,0.0,0.03957905750734436,0.10316310515513703,0.009195541068051028,0.06015332608958107,0.022294659744858947,0.0017405126966879955,0.045182904744657734,59.358525493983656,42.75971179954247,7.0928407581794035
blood_current,Blood tracking,current,248,0.6281641112318403,0.6810535635236831,0.7133184433981247,0.0,0.6810535635236831,0.04589721920399211,0.3252959228408593,0.49254712845243315,0.1821569487067076,0.04514266167652622,0.0,0.00370236226809932,0.01709324318886072,0.012545776489999598,0.2665914087101182,0.0,0.3521531100478469,0.14933638041663005,0.0,0.03957905750734436,0.10316310515513703,0.009195541068051028,0.06015332608958107,0.022294659744858947,0.0017405126966879955,0.045182904744657734,55.33421868083222,38.483740619588225,7.0928407581794035
blood_moderate,Blood tracking,moderate,248,0.6281641112318403,0.6810535635236831,0.7133184433981247,0.0,0.6810535635236831,0.04589721920399211,0.3252959228408593,0.49254712845243315,0.1821569487067076,0.04514266167652622,0.0,0.00370236226809932,0.01709324318886072,0.012545776489999598,0.2665914087101182,0.0,0.3521531100478469,0.14933638041663005,0.0,0.03957905750734436,0.10316310515513703,0.009195541068051028,0.06015332608958107,0.022294659744858947,0.0017405126966879955,0.045182904744657734,50.30383516439293,33.13877664464542,7.0928407581794035
blood_high,Blood tracking,high,248,0.6281641112318403,0.6810535635236831,0.7133184433981247,0.0,0.6810535635236831,0.04589721920399211,0.3252959228408593,0.49254712845243315,0.1821569487067076,0.04514266167652622,0.0,0.00370236226809932,0.01709324318886072,0.012545776489999598,0.2665914087101182,0.0,0.3521531100478469,0.14933638041663005,0.0,0.03957905750734436,0.10316310515513703,0.009195541068051028,0.06015332608958107,0.022294659744858947,0.0017405126966879955,0.045182904744657734,49.297758461105076,32.06978384965685,7.0928407581794035
referral_base,Transfer & EMT,base,248,0.6281641112318403,0.6810535635236831,0.7133184433981247,0.0,0.6810535635236831,0.04589721920399211,0.3252959228408593,0.49254712845243315,0.1821569487067076,0.04514266167652622,0.0,0.00370236226809932,0.01709324318886072,0.012545776489999598,0.2665914087101182,0.0,0.3521531100478469,0.14933638041663005,0.0,0.03957905750734436,0.10316310515513703,0.009195541068051028,0.06015332608958107,0.022294659744858947,0.0017405126966879955,0.045182904744657734,59.358525493983656,42.75971179954247,7.0928407581794035
referral_current,Transfer & EMT,current,248,0.6281641112318403,0.6810535635236831,0.7133184433981247,0.0,0.6810535635236831,0.04589721920399211,0.3252959228408593,0.49254712845243315,0.1821569487067076,0.04514266167652622,0.0,0.00370236226809932,0.01709324318886072,0.012545776489999598,0.2665914087101182,0.0,0.3521531100478469,0.14933638041663005,0.0,0.03957905750734436,0.10316310515513703,0.009195541068051028,0.06015332608958107,0.022294659744858947,0.0017405126966879955,0.045182904744657734,59.358525493983656,42.75971179954247,7.0928407581794035
referral_moderate,Transfer & EMT,moderate,248,0.6281641112318403,0.6810535635236831,0.7133184433981247,0.0,0.6810535635236831,0.04589721920399211,0.4232792634809294,0.45309074967119684,0.12362998684787374,0.04514266167652622,0.0,0.00370236226809932,0.01709324318886072,0.012545776489999598,0.2665914087101182,0.0,0.3521531100478469,0.14933638041663005,0.0,0.03957905750734436,0.10316310515513703,0.009195541068051028,0.06015332608958107,0.022294659744858947,0.0017405126966879955,0.045182904744657734,58.352448790695796,41.69071900455391,7.0928407581794035
referral_high,Transfer & EMT,high,248,0.6281641112318403,0.6810535635236831,0.7133184433981247,0.0,0.6810535635236831,0.04589721920399211,0.5133713283647523,0.4081543182814555,0.0784743533537922,0.04514266167652622,0.0,0.00370236226809932,0.01709324318886072,0.012545776489999598,0.2665914087101182,0.0,0.3521531100478469,0.14933638041663005,0.0,0.03957905750734436,0.10316310515513703,0.009195541068051028,0.06015332608958107,0.022294659744858947,0.0017405126966879955,0.045182904744657734,58.352448790695796,41.69071900455391,7.0928407581794035
pulse_base,PULSE,base,248,0.6281641112318403,0.6810535635236831,0.7133184433981247,0.0,0.6810535635236831,0.04589721920399211,0.3252959228408593,0.49254712845243315,0.1821569487067076,0.04514266167652622,0.0,0.00370236226809932,0.01709324318886072,0.012545776489999598,0.2665914087101182,0.0,0.3521531100478469,0.14933638041663005,0.0,0.03957905750734436,0.10316310515513703,0.009195541068051028,0.06015332608958107,0.022294659744858947,0.0017405126966879955,0.045182904744657734,59.358525493983656,42.75971179954247,7.0928407581794035
pulse_current,PULSE,current,248,0.6281641112318403,0.6810535635236831,0.7133083826310918,0.0,0.6810535635236831,0.045867036902893475,0.32529063391094537,0.4926518973459092,0.18205746874314543,0.04514266167652622,0.0,0.00370236226809932,0.01699263551853193,0.012545776489999598,0.2665914087101182,0.0,0.3521531100478469,0.14952195467422097,0.0,0.03957905750734436,0.10245885146283552,0.009195541068051028,0.06015332608958107,0.022294659744858947,0.0017405126966879955,0.0451527224435591,59.358525493983656,42.75971179954247,7.0928407581794035
pulse_moderate,PULSE,moderate,248,0.6281641112318403,0.6810535635236831,0.7133083826310918,0.0,0.6810535635236831,0.04551491005674273,0.3271441202475685,0.4916003536693192,0.1812555260831123,0.04514266167652622,0.0,0.00370236226809932,0.0156444927361262,0.012545776489999598,0.2665914087101182,0.0,0.3521531100478469,0.1493182254657192,0.0,0.03957905750734436,0.09446054167169705,0.009195541068051028,0.06015332608958107,0.022294659744858947,0.0017405126966879955,0.044025916535876695,59.358525493983656,42.75971179954247,7.102901525212283
pulse_high,PULSE,high,248,0.6281641112318403,0.6810535635236831,0.7133083826310918,0.0,0.6810535635236831,0.04519296551169061,0.3285841495992876,0.4906500445235975,0.18076580587711488,0.04514266167652622,0.0,0.00370236226809932,0.014266167652621837,0.012545776489999598,0.2665914087101182,0.0,0.3521531100478469,0.14854389272993923,0.0,0.03957905750734436,0.08664332568715039,0.009195541068051028,0.06015332608958107,0.022294659744858947,0.0017405126966879955,0.0428488067930299,58.352448790695796,42.75971179954247,7.102901525212283
fqa_base,FQA,base,248,0.6281641112318403,0.6810535635236831,0.7133083826310918,0.0,0.6810535635236831,0.044971628636967284,0.3284116331096197,0.49038031319910513,0.18120805369127516,0.09809247857056622,0.017042939353696326,0.004939836613143386,0.04697372127651012,0.028210390760191557,0.5792882181688551,0.48111332007952284,0.49898373983739835,0.44756518404907975,0.0,0.02747595476679142,0.07166284357519417,0.008098917461467263,0.057487222825868246,0.022294659744858947,0.0017405126966879955,0.038120246287576966,51.30991186768079,34.20776943963398,7.0525976900478895
fqa_current,FQA,current,248,0.6281641112318403,0.6810535635236831,0.7133083826310918,0.0,0.6810535635236831,0.044971628636967284,0.3284116331096197,0.49038031319910513,0.18120805369127516,0.09809247857056622,0.017063060887762084,0.004939836613143386,0.04701396434464163,0.028230512294257316,0.5792882181688551,0.481681340528259,0.49898373983739835,0.44794861963190186,0.0,0.027445772465692783,0.0716527828081613,0.008098917461467263,0.057487222825868246,0.022294659744858947,0.0017405126966879955,0.038120246287576966,51.30991186768079,34.20776943963398,7.0525976900478895
fqa_moderate,FQA,moderate,248,0.6281641112318403,0.6810535635236831,0.7133083826310918,0.0,0.6810535635236831,0.04493138556883577,0.32848186296462156,0.49059561128526646,0.18092252575011195,0.09809247857056622,0.017606342307537527,0.005141051953800958,0.048724294740230996,0.02918628516238078,0.5792882181688551,0.49730036942313155,0.5193089430894309,0.464690078679716,0.0,0.02711376715360779,0.07026439695762404,0.007998309791138476,0.05737655438850658,0.022294659744858947,0.0017405126966879955,0.03783854481065636,51.30991186768079,34.20776943963398,7.0525976900478895
fqa_high,FQA,high,248,0.6281641112318403,0.6810535635236831,0.7133083826310918,0.0,0.6810535635236831,0.04489114250070425,0.32855221873599283,0.49036306588973555,0.18108471537427162,0.09809247857056622,0.01807919835808282,0.005281902692261258,0.04995170831824218,0.030081693428306973,0.5792882181688551,0.5108015918135305,0.5335365853658537,0.4780473714615829,0.0,0.02683206567668719,0.06899674031148134,0.00796812749003984,0.05728600748521067,0.022294659744858947,0.0017405126966879955,0.037536721799670006,51.30991186768079,34.20776943963398,7.0525976900478895
combined_base,All,base,248,0.6281641112318403,0.6810535635236831,0.7133184433981247,0.0,0.6810535635236831,0.04589721920399211,0.3252959228408593,0.49254712845243315,0.1821569487067076,0.04514266167652622,0.0,0.00370236226809932,0.01709324318886072,0.012545776489999598,0.2665914087101182,0.0,0.3521531100478469,0.14933638041663005,0.0,0.03957905750734436,0.10316310515513703,0.009195541068051028,0.06015332608958107,0.022294659744858947,0.0017405126966879955,0.045182904744657734,59.358525493983656,42.75971179954247,7.0928407581794035
combined_current,All,current,248,0.6302466900076462,0.6829952915610286,0.7150488953277798,0.0,0.6829952915610286,0.044710048694112436,0.32965796579657963,0.49054905490549056,0.17979297929792978,0.10421948569358928,0.017837739949293736,0.005151112720833836,0.049247454625940684,0.029769809650287738,0.6136121312640682,0.5093363975869003,0.5245901639344263,0.47363328495403967,0.0,0.026721397239325526,0.06903698337961287,0.007927884421908326,0.05735643285444082,0.022294659744858947,0.0017405126966879955,0.037536721799670006,48.291681757817216,30.989858835849926,7.042536923015011
combined_moderate,All,moderate,248,0.7162159443035937,0.7438428105758783,0.7640649523119643,0.0,0.7438428105758783,0.022103505171234255,0.5125170687300865,0.3991807009558489,0.08830223031406463,0.1670690973479818,0.022103505171234255,0.007163266127409554,0.061270071230230594,0.045595396193005754,0.8663849324359576,0.746517159361196,0.7730727470141151,0.7178217821782178,0.0,0.018843816652581592,0.042235100004024306,0.006328222463680631,0.05602841160610085,0.02221417360859592,0.0017908165318523885,0.03142983621071271,38.23091472493863,24.30672979370984,6.0163386856613945
combined_high,All,high,248,0.8488772183991308,0.7663889894965592,0.7663889894965592,0.0,0.7663889894965592,0.0,,,,0.21756408708599945,0.018330717533904785,0.007414785303231518,0.04982091834681476,0.05002213368747233,0.9507584084414157,0.7575883575883576,0.833710407239819,0.750758035172832,0.0,0.015463398929534388,0.03139965390961407,0.005905670248299731,0.058694514869813676,0.021882168296510927,0.0017606342307537528,0.029508229707432894,26.157994285484325,17.69082678599303,5.462996498853073
mentors_base,MENTORS,base,249,0.6279729566582156,0.6808825304841241,0.7142339731981167,0.0,0.6808825304841241,0.04342227051390398,0.3385078776645042,0.4854031510658017,0.17608897126969417,0.03314016660630206,0.0,0.003933759909855527,0.015543885065797416,0.012404925751539297,0.26547388781431336,0.0,0.33648881239242684,0.14432508173750583,0.0,0.024518089259125117,0.09659342428266732,0.010241860839470401,0.05033401746549157,0.022546178920680914,0.0017304519296551168,0.03407581794035977,59.358525493983656,39.564152739015604,6.690410076864261
mentors_current,MENTORS,current,249,0.6279729566582156,0.6808825304841241,0.7142239124310837,0.0,0.6808825304841241,0.04289911062819429,0.3400562851782364,0.4845215759849906,0.175422138836773,0.07608958106966075,0.012082981206487183,0.005543482635116101,0.046188981447945594,0.02918628516238078,0.6095261121856866,0.5147878268324046,0.4977416440831075,0.45631646953583144,0.0,0.017264276228419653,0.066954404603807,0.009125115698820878,0.047768521872107526,0.022546178920680914,0.0017304519296551168,0.028300937663487465,53.32206527425651,33.1483441867428,6.630045474666988
mentors_moderate,MENTORS,moderate,249,0.6279729566582156,0.6808825304841241,0.7141434262948207,0.0,0.6808825304841241,0.04251680148094491,0.34145764316138194,0.4831992427827733,0.17534311405584477,0.09619099360135216,0.014688719868002737,0.00661998470763411,0.05607871544126524,0.036701678135941086,0.7705512572533849,0.6395094174332019,0.6155285313376988,0.5713407134071341,0.0,0.0152219405207453,0.05634029538412009,0.008199525131796049,0.0467020805666224,0.022546178920680914,0.0017304519296551168,0.026419574228339168,53.32206527425651,33.1483441867428,6.599863173568353
mentors_high,MENTORS,high,249,0.6279729566582156,0.6808825304841241,0.7140730009255906,0.0,0.6808825304841241,0.042174735401827035,0.3411259541984733,0.48377862595419846,0.17509541984732824,0.11635277073524085,0.01729445852951829,0.008008370558171355,0.06532456034448067,0.04426737494466578,0.9320599613152805,0.7653606411398041,0.7646493756003843,0.6878906663841509,0.0,0.013571974727353213,0.04594752303915651,0.007485210672461669,0.04564570002817015,0.022546178920680914,0.0017304519296551168,0.024256509316270273,48.291681757817216,27.801837059848804,6.569680872469717
prompts_base,PROMPTS,base,249,0.6279729566582156,0.6808825304841241,0.7142339731981167,0.0,0.6808825304841241,0.04342227051390398,0.3385078776645042,0.4854031510658017,0.17608897126969417,0.03314016660630206,0.0,0.003933759909855527,0.015543885065797416,0.012404925751539297,0.26547388781431336,0.0,0.33648881239242684,0.14432508173750583,0.0,0.024518089259125117,0.09659342428266732,0.010241860839470401,0.05033401746549157,0.022546178920680914,0.0017304519296551168,0.03407581794035977,59.358525493983656,39.564152739015604,6.690410076864261
prompts_current,PROMPTS,current,249,0.6298845023944626,0.6827739546863053,0.7159141212926073,0.0,0.6827739546863053,0.04326129824137792,0.33767441860465114,0.4865116279069767,0.1758139534883721,0.03325083504366373,0.0,0.003943820676888406,0.015543885065797416,0.012414986518572176,0.26561118701277825,0.0,0.3373493975903614,0.1444060192541359,0.0,0.02448790695802648,0.09654312044750292,0.010241860839470401,0.05037426053362308,0.022546178920680914,0.0017304519296551168,0.03407581794035977,59.358525493983656,39.551042223409944,6.6803493098313815
prompts_moderate,PROMPTS,moderate,249,0.6853394502796893,0.7223127691255181,0.7512575958791098,0.0,0.7223127691255181,0.037908970179886516,0.34156050955414013,0.4856687898089172,0.17277070063694266,0.03602760674473822,0.0,0.004034367580184313,0.015574067366896052,0.012736931063624292,0.26472979965993937,0.0,0.349912739965096,0.14727428408334126,0.0,0.02449796772505936,0.09433981246730251,0.010141253169141615,0.05079681274900399,0.022445571250352125,0.0017304519296551168,0.033150227373334944,48.291681757817216,36.07809847198642,6.328222463680631
prompts_high,PROMPTS,high,249,0.8378908607992274,0.7663889894965592,0.7663889894965592,0.0,0.7663889894965592,0.0,,,,0.0441164634391726,0.0,0.00405448911425007,0.013863736971306693,0.0135317316592217,0.2651148730350665,0.0,0.3670309653916211,0.1475848773696048,0.0,0.02157028451849169,0.08398728319047044,0.009688518652662079,0.054147048170952554,0.022334902812990463,0.001750573463720874,0.03231518370960602,35.21268461507505,27.092364121373794,5.322145760392773
prompts_high_shift,PROMPTS,high_shift,249,0.8858907803130911,0.8454263753068534,0.8523984868606382,0.0,0.8454263753068534,0.010905871463640388,0.3025830258302583,0.496309963099631,0.2011070110701107,0.046601472896293614,0.0,0.003873395307658256,0.0156444927361262,0.012958267938347619,0.26503404474452136,0.0,0.3701923076923077,0.16154165800955744,0.0,0.02397480783934967,0.08526500060364602,0.009165358766952392,0.05330194374019075,0.021469676848162905,0.0015795404241619381,0.03270755362388829,46.2795283512415,39.38517666324638,5.171234254899594
blood_base,Blood tracking,base,249,0.6279729566582156,0.6808825304841241,0.7142339731981167,0.0,0.6808825304841241,0.04342227051390398,0.3385078776645042,0.4854031510658017,0.17608897126969417,0.03314016660630206,0.0,0.003933759909855527,0.015543885065797416,0.012404925751539297,0.26547388781431336,0.0,0.33648881239242684,0.14432508173750583,0.0,0.024518089259125117,0.09659342428266732,0.010241860839470401,0.05033401746549157,0.022546178920680914,0.0017304519296551168,0.03407581794035977,59.358525493983656,39.564152739015604,6.690410076864261
blood_current,Blood tracking,current,249,0.6279729566582156,0.6808825304841241,0.7142339731981167,0.0,0.6808825304841241,0.04342227051390398,0.3385078776645042,0.4854031510658017,0.17608897126969417,0.03314016660630206,0.0,0.003933759909855527,0.015543885065797416,0.012404925751539297,0.26547388781431336,0.0,0.33648881239242684,0.14432508173750583,0.0,0.024518089259125117,0.09659342428266732,0.010241860839470401,0.05033401746549157,0.022546178920680914,0.0017304519296551168,0.03407581794035977,56.34029538412008,36.3562484628792,6.690410076864261
blood_moderate,Blood tracking,moderate,249,0.6279729566582156,0.6808825304841241,0.7142339731981167,0.0,0.6808825304841241,0.04342227051390398,0.3385078776645042,0.4854031510658017,0.17608897126969417,0.03314016660630206,0.0,0.003933759909855527,0.015543885065797416,0.012404925751539297,0.26547388781431336,0.0,0.33648881239242684,0.14432508173750583,0.0,0.024518089259125117,0.09659342428266732,0.010241860839470401,0.05033401746549157,0.022546178920680914,0.0017304519296551168,0.03407581794035977,53.32206527425651,33.1483441867428,6.690410076864261
blood_high,Blood tracking,high,249,0.6279729566582156,0.6808825304841241,0.7142339731981167,0.0,0.6808825304841241,0.04342227051390398,0.3385078776645042,0.4854031510658017,0.17608897126969417,0.03314016660630206,0.0,0.003933759909855527,0.015543885065797416,0.012404925751539297,0.26547388781431336,0.0,0.33648881239242684,0.14432508173750583,0.0,0.024518089259125117,0.09659342428266732,0.010241860839470401,0.05033401746549157,0.022546178920680914,0.0017304519296551168,0.03407581794035977,53.32206527425651,33.1483441867428,6.690410076864261
referral_base,Transfer & EMT,base,249,0.6279729566582156,0.6808825304841241,0.7142339731981167,0.0,0.6808825304841241,0.04342227051390398,0.3385078776645042,0.4854031510658017,0.17608897126969417,0.03314016660630206,0.0,0.003933759909855527,0.015543885065797416,0.012404925751539297,0.26547388781431336,0.0,0.33648881239242684,0.14432508173750583,0.0,0.024518089259125117,0.09659342428266732,0.010241860839470401,0.05033401746549157,0.022546178920680914,0.0017304519296551168,0.03407581794035977,59.358525493983656,39.564152739015604,6.690410076864261
referral_current,Transfer & EMT,current,249,0.6279729566582156,0.6808825304841241,0.7142339731981167,0.0,0.6808825304841241,0.04342227051390398,0.3385078776645042,0.4854031510658017,0.17608897126969417,0.03314016660630206,0.0,0.003933759909855527,0.015543885065797416,0.012404925751539297,0.26547388781431336,0.0,0.33648881239242684,0.14432508173750583,0.0,0.024518089259125117,0.09659342428266732,0.010241860839470401,0.05033401746549157,0.022546178920680914,0.0017304519296551168,0.03407581794035977,59.358525493983656,39.564152739015604,6.690410076864261
referral_moderate,Transfer & EMT,moderate,249,0.6279729566582156,0.6808825304841241,0.7142339731981167,0.0,0.6808825304841241,0.04342227051390398,0.4304911955514365,0.45134383688600554,0.11816496756255793,0.03314016660630206,0.0,0.003933759909855527,0.015543885065797416,0.012404925751539297,0.26547388781431336,0.0,0.33648881239242684,0.14432508173750583,0.0,0.024518089259125117,0.09659342428266732,0.010241860839470401,0.05033401746549157,0.022546178920680914,0.0017304519296551168,0.03407581794035977,58.352448790695796,38.4948513136368,6.690410076864261
referral_high,Transfer & EMT,high,249,0.6279729566582156,0.6808825304841241,0.7142339731981167,0.0,0.6808825304841241,0.04342227051390398,0.5224745134383688,0.40268767377201115,0.07483781278962001,0.03314016660630206,0.0,0.003933759909855527,0.015543885065797416,0.012404925751539297,0.26547388781431336,0.0,0.33648881239242684,0.14432508173750583,0.0,0.024518089259125117,0.09659342428266732,0.010241860839470401,0.05033401746549157,0.022546178920680914,0.0017304519296551168,0.03407581794035977,58.352448790695796,38.4948513136368,6.690410076864261
pulse_base,PULSE,base,249,0.6279729566582156,0.6808825304841241,0.7142339731981167,0.0,0.6808825304841241,0.04342227051390398,0.3385078776645042,0.4854031510658017,0.17608897126969417,0.03314016660630206,0.0,0.003933759909855527,0.015543885065797416,0.012404925751539297,0.26547388781431336,0.0,0.33648881239242684,0.14432508173750583,0.0,0.024518089259125117,0.09659342428266732,0.010241860839470401,0.05033401746549157,0.022546178920680914,0.0017304519296551168,0.03407581794035977,59.358525493983656,39.564152739015604,6.690410076864261
pulse_current,PULSE,current,249,0.6279729566582156,0.6808825304841241,0.7142239124310837,0.0,0.6808825304841241,0.043392088212805345,0.338511476930211,0.4855089265012752,0.1759795965685138,0.03314016660630206,0.0,0.003933759909855527,0.01545333816250151,0.012404925751539297,0.26547388781431336,0.0,0.33648881239242684,0.1444967074317968,0.0,0.024518089259125117,0.09595959595959595,0.010241860839470401,0.05033401746549157,0.022546178920680914,0.0017304519296551168,0.03402551410519538,59.358525493983656,39.564152739015604,6.690410076864261
pulse_moderate,PULSE,moderate,249,0.6279729566582156,0.6808825304841241,0.7142138516640508,0.0,0.6808825304841241,0.04308020443478611,0.340028024287716,0.484119570294255,0.17585240541802896,0.03314016660630206,0.0,0.003933759909855527,0.01430641072075335,0.012404925751539297,0.26547388781431336,0.0,0.33648881239242684,0.14505763541772926,0.0,0.024518089259125117,0.08846432452010142,0.010241860839470401,0.05033401746549157,0.022546178920680914,0.0017304519296551168,0.03301943740190752,59.358525493983656,39.564152739015604,6.690410076864261
pulse_high,PULSE,high,249,0.6279729566582156,0.6808825304841241,0.7142138516640508,0.0,0.6808825304841241,0.042798502957865504,0.34109073812881996,0.4833098260460743,0.1755994358251058,0.03314016660630206,0.0,0.003933759909855527,0.013068936375709285,0.012404925751539297,0.26547388781431336,0.0,0.33648881239242684,0.14457429048414022,0.0,0.024518089259125117,0.08114008612016581,0.010241860839470401,0.05033401746549157,0.022546178920680914,0.0017304519296551168,0.03191275302829088,57.34637208740795,39.564152739015604,6.690410076864261
fqa_base,FQA,base,249,0.6279729566582156,0.6808825304841241,0.7142239124310837,0.0,0.6808825304841241,0.04290917139522717,0.3399765533411489,0.48464243845252053,0.1753810082063306,0.0724073403356272,0.011610125155941889,0.005302024226327015,0.044015855768843815,0.02797899311843535,0.5800290135396519,0.4931623931623932,0.47477477477477475,0.4352800716346632,0.0,0.01757616000643889,0.06832266892027848,0.00924584490321542,0.04790937261056783,0.022546178920680914,0.0017304519296551168,0.0286128214415067,53.32206527425651,33.1483441867428,6.630045474666988
fqa_current,FQA,current,249,0.6279729566582156,0.6808825304841241,0.7142239124310837,0.0,0.6808825304841241,0.04290917139522717,0.3399765533411489,0.48464243845252053,0.1753810082063306,0.0724073403356272,0.011610125155941889,0.005312084993359893,0.04405609883697533,0.028009175419533985,0.5800290135396519,0.493373236425823,0.4756756756756757,0.43567804198587207,0.0,0.01756609923940601,0.06827236508511408,0.00924584490321542,0.04789931184353495,0.022546178920680914,0.0017304519296551168,0.0286128214415067,53.32206527425651,33.1483441867428,6.630045474666988
fqa_moderate,FQA,moderate,249,0.6279729566582156,0.6808825304841241,0.7142138516640508,0.0,0.6808825304841241,0.04288904986116141,0.3401360544217687,0.4846352334037063,0.175228712174525,0.0724073403356272,0.011922008933961125,0.005523361101050344,0.045615517727071515,0.028914644452493057,0.5800290135396519,0.5074946466809421,0.4945945945945946,0.45163860942324935,0.0,0.017344762364682683,0.0670449515071029,0.009175419533985272,0.04777858263914041,0.022546178920680914,0.0017304519296551168,0.028361302265684736,53.32206527425651,33.1483441867428,6.630045474666988
fqa_high,FQA,high,249,0.6279729566582156,0.6808825304841241,0.7142138516640508,0.0,0.6808825304841241,0.04283874602599702,0.34030061061531236,0.484264913104744,0.17543447627994363,0.0724073403356272,0.012223831944947482,0.005634029538412008,0.04674232363475391,0.029779870417320616,0.5800290135396519,0.5210120068610634,0.5045045045045045,0.46450709858028394,0.0,0.017133486256992233,0.06570686949173005,0.009054690329590729,0.04767797496881162,0.022546178920680914,0.0017304519296551168,0.028170147692060044,53.32206527425651,33.1483441867428,6.630045474666988
combined_base,All,base,249,0.6279729566582156,0.6808825304841241,0.7142339731981167,0.0,0.6808825304841241,0.04342227051390398,0.3385078776645042,0.4854031510658017,0.17608897126969417,0.03314016660630206,0.0,0.003933759909855527,0.015543885065797416,0.012404925751539297,0.26547388781431336,0.0,0.33648881239242684,0.14432508173750583,0.0,0.024518089259125117,0.09659342428266732,0.010241860839470401,0.05033401746549157,0.022546178920680914,0.0017304519296551168,0.03407581794035977,59.358525493983656,39.564152739015604,6.690410076864261
combined_current,All,current,249,0.6300857177351201,0.6828946838906998,0.7160046681959032,0.0,0.6828946838906998,0.04269789528753672,0.3416588124410933,0.48421300659754946,0.1741281809613572,0.07683407783009377,0.012153406575717333,0.005543482635116101,0.04615879914684696,0.029478047406334258,0.6135615007632361,0.5189003436426117,0.499546690843155,0.4600421137070089,0.0,0.017183790092156627,0.06607911787194656,0.009024508028492093,0.04775846110507465,0.022546178920680914,0.0017304519296551168,0.028150026157994286,51.30991186768079,30.998471454683443,6.609923940601232
combined_moderate,All,moderate,249,0.716266248138758,0.7439635397802729,0.7646384160328383,0.0,0.7439635397802729,0.022023019034971225,0.5107354956601188,0.4010963910461398,0.08816811329374144,0.12330476075495996,0.016771298643808604,0.007797094450480904,0.05734637208740794,0.0451527224435591,0.8662096261219874,0.7682027649769585,0.7583170254403131,0.7012795275590551,0.0,0.012877781802084591,0.03930741679745664,0.007364481468067126,0.04676244516881967,0.022536118153648033,0.001750573463720874,0.02284800193166727,32.194454505211475,19.024668653687616,5.865427180168216
combined_high,All,high,249,0.8489074007002294,0.7663889894965592,0.7663889894965592,0.0,0.7663889894965592,0.0,,,,0.16036862650408468,0.014889935208660308,0.007696486780152119,0.04534387701718379,0.04959958147209143,0.9510172424079709,0.783068783068783,0.8225806451612904,0.7422595520421608,0.0,0.011207694474626745,0.027284800193166727,0.00654955933840396,0.048653869371000844,0.022334902812990463,0.001750573463720874,0.02149985914926154,22.13368747233289,15.608416057938442,5.130991186768079
mentors_base,MENTORS,base,250,0.627691255181295,0.6806008290072035,0.7154110829409634,0.0,0.6806008290072035,0.04406615960400821,0.3454337899543379,0.482648401826484,0.17191780821917807,0.028079600788764137,0.0,0.0037426053362308344,0.016549961769085277,0.012304318081210512,0.2630289322401282,0.0,0.3403476669716377,0.1441591446849531,0.0,0.023159885709686506,0.10426978952875367,0.00924584490321542,0.05575677089621313,0.022234295142661675,0.0018209988329510242,0.03111795243269347,40.24306813151435,24.597615100796748,7.082779991146525
mentors_current,MENTORS,current,250,0.627691255181295,0.6806008290072035,0.7153909614068976,0.0,0.6806008290072035,0.04356312125236428,0.34595842956120093,0.48198614318706695,0.1720554272517321,0.06481146122580385,0.011257998309791139,0.005312084993359893,0.04990140448307779,0.029055495190953358,0.6071058335689379,0.505420054200542,0.5023786869647955,0.4578602418535955,0.0,0.017696889210833434,0.07597891263229908,0.008088856694434383,0.05333212604128939,0.022234295142661675,0.0018209988329510242,0.026419574228339168,36.218761318362915,20.31976899631036,7.0123546219163755
mentors_moderate,MENTORS,moderate,250,0.627691255181295,0.6806008290072035,0.7152903537365689,0.0,0.6806008290072035,0.04331160207654232,0.3468060394889663,0.4813008130081301,0.1718931475029036,0.08210591975532215,0.014044830777898507,0.006358404764779267,0.06135055736649362,0.03665137430077669,0.7691075299217793,0.6386093321134492,0.6190009794319294,0.5758262511803588,0.0,0.016207895689967403,0.06593826713348626,0.007253813030705461,0.05223550243470562,0.022234295142661675,0.0018209988329510242,0.024779669201979958,35.21268461507505,19.25030747018876,6.972111553784861
mentors_high,MENTORS,high,250,0.627691255181295,0.6806008290072035,0.7151897460662401,0.0,0.6806008290072035,0.04290917139522717,0.34536928487690505,0.4827667057444314,0.17186400937866353,0.09947080365407059,0.016499657933920883,0.007746790615316512,0.07231679343233129,0.0443076180127973,0.9317689190462727,0.7627906976744186,0.7684630738522954,0.6977285963890507,0.0,0.01466859833393698,0.055786953197311764,0.006448951668075174,0.05123948649845064,0.022234295142661675,0.0018209988329510242,0.022958670369028936,34.206607911787195,18.180845944067162,6.911746951587589
prompts_base,PROMPTS,base,250,0.627691255181295,0.6806008290072035,0.7154110829409634,0.0,0.6806008290072035,0.04406615960400821,0.3454337899543379,0.482648401826484,0.17191780821917807,0.028079600788764137,0.0,0.0037426053362308344,0.016549961769085277,0.012304318081210512,0.2630289322401282,0.0,0.3403476669716377,0.1441591446849531,0.0,0.023159885709686506,0.10426978952875367,0.00924584490321542,0.05575677089621313,0.022234295142661675,0.0018209988329510242,0.03111795243269347,40.24306813151435,24.597615100796748,7.082779991146525
prompts_current,PROMPTS,current,250,0.6296229224516077,0.6825224355104833,0.7170912310354541,0.0,0.6825224355104833,0.0438850657974164,0.34456671251719395,0.48372306281522237,0.17171022466758368,0.02818020845909292,0.0,0.0037526661032637127,0.016539901002052396,0.01231437884824339,0.2632024055628641,0.0,0.3412625800548948,0.14417258616153644,0.0,0.023149824942653628,0.10419936415952352,0.00924584490321542,0.05579701396434464,0.022234295142661675,0.0018209988329510242,0.031128013199726346,40.24306813151435,24.588937116466038,7.072719224113647
prompts_moderate,PROMPTS,moderate,250,0.6849370195983742,0.7220008853474988,0.7522133687472333,0.0,0.7220008853474988,0.03837176546339893,0.3458311484006293,0.48584163607760883,0.16832721552176194,0.03054448871181939,0.0,0.0038331522395267416,0.016560022536118154,0.012565898024065355,0.26251621271076525,0.0,0.3531047265987025,0.14786201940352137,0.0,0.023240371845949535,0.10123143788482433,0.009125115698820878,0.05606865467423237,0.022224234375628798,0.001800877298885267,0.03011187572940561,35.21268461507505,25.46878482060425,6.821200048291682
prompts_high,PROMPTS,high,250,0.837589037788241,0.7663889894965592,0.7663889894965592,0.0,0.7663889894965592,0.0,,,,0.03750653949857137,0.0,0.003823091472493863,0.014225924584490322,0.013219847881202463,0.26272022551092317,0.0,0.3747534516765286,0.14753756260434056,0.0,0.020896213127288826,0.0873878224475834,0.008581834279045434,0.05982132077749608,0.022224234375628798,0.0018109380659181455,0.029065555957986235,27.16407098877218,18.758597690608195,6.006277918628516
prompts_high_shift,PROMPTS,high_shift,250,0.8857398688075979,0.8454364360738863,0.85257958066723,0.0,0.8454364360738863,0.01060404845265403,0.3111954459203036,0.5018975332068312,0.1869070208728653,0.03964948287657451,0.0,0.0036520584329349268,0.015966437281178317,0.013260090949333976,0.26268079717389853,0.0,0.36890243902439024,0.1599798387096774,0.0,0.024387299287697693,0.08920882128053442,0.008380618938387863,0.05963016620387138,0.021459616081130024,0.0015896011911948167,0.029850295786550768,32.194454505211475,26.948031757218963,5.664211839510644
blood_base,Blood tracking,base,250,0.627691255181295,0.6806008290072035,0.7154110829409634,0.0,0.6806008290072035,0.04406615960400821,0.3454337899543379,0.482648401826484,0.17191780821917807,0.028079600788764137,0.0,0.0037426053362308344,0.016549961769085277,0.012304318081210512,0.2630289322401282,0.0,0.3403476669716377,0.1441591446849531,0.0,0.023159885709686506,0.10426978952875367,0.00924584490321542,0.05575677089621313,0.022234295142661675,0.0018209988329510242,0.03111795243269347,40.24306813151435,24.597615100796748,7.082779991146525
blood_current,Blood tracking,current,250,0.627691255181295,0.6806008290072035,0.7154110829409634,0.0,0.6806008290072035,0.04406615960400821,0.3454337899543379,0.482648401826484,0.17191780821917807,0.028079600788764137,0.0,0.0037426053362308344,0.016549961769085277,0.012304318081210512,0.2630289322401282,0.0,0.3403476669716377,0.1441591446849531,0.0,0.023159885709686506,0.10426978952875367,0.00924584490321542,0.05575677089621313,0.022234295142661675,0.0018209988329510242,0.03111795243269347,39.23699142822649,23.52815357467515,7.082779991146525
blood_moderate,Blood tracking,moderate,250,0.627691255181295,0.6806008290072035,0.7154110829409634,0.0,0.6806008290072035,0.04406615960400821,0.3454337899543379,0.482648401826484,0.17191780821917807,0.028079600788764137,0.0,0.0037426053362308344,0.016549961769085277,0.012304318081210512,0.2630289322401282,0.0,0.3403476669716377,0.1441591446849531,0.0,0.023159885709686506,0.10426978952875367,0.00924584490321542,0.05575677089621313,0.022234295142661675,0.0018209988329510242,0.03111795243269347,39.23699142822649,23.52815357467515,7.082779991146525
blood_high,Blood tracking,high,250,0.627691255181295,0.6806008290072035,0.7154110829409634,0.0,0.6806008290072035,0.04406615960400821,0.3454337899543379,0.482648401826484,0.17191780821917807,0.028079600788764137,0.0,0.0037426053362308344,0.016549961769085277,0.012304318081210512,0.2630289322401282,0.0,0.3403476669716377,0.1441591446849531,0.0,0.023159885709686506,0.10426978952875367,0.00924584490321542,0.05575677089621313,0.022234295142661675,0.0018209988329510242,0.03111795243269347,38.23091472493863,22.458692048553555,7.082779991146525
referral_base,Transfer & EMT,base,250,0.627691255181295,0.6806008290072035,0.7154110829409634,0.0,0.6806008290072035,0.04406615960400821,0.3454337899543379,0.482648401826484,0.17191780821917807,0.028079600788764137,0.0,0.0037426053362308344,0.016549961769085277,0.012304318081210512,0.2630289322401282,0.0,0.3403476669716377,0.1441591446849531,0.0,0.023159885709686506,0.10426978952875367,0.00924584490321542,0.05575677089621313,0.022234295142661675,0.0018209988329510242,0.03111795243269347,40.24306813151435,24.597615100796748,7.082779991146525
referral_current,Transfer & EMT,current,250,0.627691255181295,0.6806008290072035,0.7154110829409634,0.0,0.6806008290072035,0.04406615960400821,0.3454337899543379,0.482648401826484,0.17191780821917807,0.028079600788764137,0.0,0.0037426053362308344,0.016549961769085277,0.012304318081210512,0.2630289322401282,0.0,0.3403476669716377,0.1441591446849531,0.0,0.023159885709686506,0.10426978952875367,0.00924584490321542,0.05575677089621313,0.022234295142661675,0.0018209988329510242,0.03111795243269347,40.24306813151435,24.597615100796748,7.082779991146525
referral_moderate,Transfer & EMT,moderate,250,0.627691255181295,0.6806008290072035,0.7154110829409634,0.0,0.6806008290072035,0.04406615960400821,0.43538812785388126,0.44771689497716893,0.11689497716894977,0.028079600788764137,0.0,0.0037426053362308344,0.016549961769085277,0.012304318081210512,0.2630289322401282,0.0,0.3403476669716377,0.1441591446849531,0.0,0.023159885709686506,0.10426978952875367,0.00924584490321542,0.05575677089621313,0.022234295142661675,0.0018209988329510242,0.03111795243269347,39.23699142822649,23.52815357467515,7.082779991146525
referral_high,Transfer & EMT,high,250,0.627691255181295,0.6806008290072035,0.7154110829409634,0.0,0.6806008290072035,0.04406615960400821,0.521689497716895,0.4031963470319635,0.07511415525114155,0.028079600788764137,0.0,0.0037426053362308344,0.016549961769085277,0.012304318081210512,0.2630289322401282,0.0,0.3403476669716377,0.1441591446849531,0.0,0.023159885709686506,0.10426978952875367,0.00924584490321542,0.05575677089621313,0.022234295142661675,0.0018209988329510242,0.03111795243269347,39.23699142822649,23.52815357467515,7.082779991146525
pulse_base,PULSE,base,250,0.627691255181295,0.6806008290072035,0.7154110829409634,0.0,0.6806008290072035,0.04406615960400821,0.3454337899543379,0.482648401826484,0.17191780821917807,0.028079600788764137,0.0,0.0037426053362308344,0.016549961769085277,0.012304318081210512,0.2630289322401282,0.0,0.3403476669716377,0.1441591446849531,0.0,0.023159885709686506,0.10426978952875367,0.00924584490321542,0.05575677089621313,0.022234295142661675,0.0018209988329510242,0.03111795243269347,40.24306813151435,24.597615100796748,7.082779991146525
pulse_current,PULSE,current,250,0.627691255181295,0.6806008290072035,0.7154010221739305,0.0,0.6806008290072035,0.04404603806994245,0.3453631795340338,0.4826404751027867,0.17199634536317954,0.028079600788764137,0.0,0.0037426053362308344,0.016419171797657853,0.012304318081210512,0.2630289322401282,0.0,0.3403476669716377,0.14410596026490066,0.0,0.023159885709686506,0.10348504970018914,0.00924584490321542,0.05575677089621313,0.022234295142661675,0.0018209988329510242,0.031067648597529075,40.24306813151435,24.597615100796748,7.082779991146525
pulse_moderate,PULSE,moderate,250,0.627691255181295,0.6806008290072035,0.7153909614068976,0.0,0.6806008290072035,0.04373415429192322,0.3469059121233034,0.48194156889809064,0.17115251897860592,0.028079600788764137,0.0,0.0037426053362308344,0.015141454384482273,0.012304318081210512,0.2630289322401282,0.0,0.3403476669716377,0.1441156755721536,0.0,0.023159885709686506,0.09540625377278764,0.00924584490321542,0.05575677089621313,0.022234295142661675,0.0018209988329510242,0.029991146525011066,40.24306813151435,24.597615100796748,7.082779991146525
pulse_high,PULSE,high,250,0.627691255181295,0.6806008290072035,0.7153909614068976,0.0,0.6806008290072035,0.04348263511610125,0.34798704303563166,0.4812586765386395,0.17075428042572882,0.028079600788764137,0.0,0.0037426053362308344,0.013843615437240935,0.012304318081210512,0.2630289322401282,0.0,0.3403476669716377,0.14370757180156657,0.0,0.023159885709686506,0.08749849088494507,0.00924584490321542,0.05575677089621313,0.022234295142661675,0.0018209988329510242,0.029005191355788964,39.23699142822649,24.597615100796748,7.082779991146525
fqa_base,FQA,base,250,0.627691255181295,0.6806008290072035,0.7154010221739305,0.0,0.6806008290072035,0.04358324278643004,0.3462603878116344,0.48176361957525393,0.17197599261311172,0.061702684212644375,0.010855567628475995,0.005080687351603687,0.04752706346331844,0.02784820314700793,0.5779851097917256,0.48647430117222723,0.4795821462488129,0.4371645382195077,0.0,0.018038955289951305,0.07699505010261982,0.00825988973399332,0.05348303754678257,0.022234295142661675,0.0018209988329510242,0.026711336472292648,37.22483802165077,21.389230522431955,7.0123546219163755
fqa_current,FQA,current,250,0.627691255181295,0.6806008290072035,0.7154010221739305,0.0,0.6806008290072035,0.04358324278643004,0.3462603878116344,0.48176361957525393,0.17197599261311172,0.061702684212644375,0.010865628395508874,0.005080687351603687,0.04757736729848284,0.027868324681073683,0.5779851097917256,0.48692515779981965,0.4795821462488129,0.4376677464136974,0.0,0.01801883375588555,0.07696486780152119,0.008249828966960441,0.05348303754678257,0.022234295142661675,0.0018209988329510242,0.026711336472292648,37.22483802165077,21.389230522431955,7.0123546219163755
fqa_moderate,FQA,moderate,250,0.627691255181295,0.6806008290072035,0.7153809006398648,0.0,0.6806008290072035,0.04356312125236428,0.34595842956120093,0.48198614318706695,0.1720554272517321,0.061702684212644375,0.01110708680429796,0.005281902692261258,0.049136786188579015,0.02877379371403276,0.5779851097917256,0.4984198645598194,0.4985754985754986,0.45272525027808674,0.0,0.017767314580063583,0.0759286087971347,0.008139160529598777,0.053362308342388025,0.022234295142661675,0.0018209988329510242,0.02645981729647068,36.218761318362915,20.31976899631036,7.0123546219163755
fqa_high,FQA,high,250,0.627691255181295,0.6806008290072035,0.7153809006398648,0.0,0.6806008290072035,0.04353293895126564,0.345967182805639,0.48185810030043913,0.1721747168939219,0.061702684212644375,0.01138878828121856,0.005392571129622922,0.05053523280614914,0.029628958911827437,0.5779851097917256,0.5115228197017623,0.5090218423551757,0.4666914429062529,0.0,0.017606342307537527,0.07480180288945229,0.008088856694434383,0.05328182220612499,0.022234295142661675,0.0018209988329510242,0.02626866272284599,36.218761318362915,20.31976899631036,7.0123546219163755
combined_base,All,base,250,0.627691255181295,0.6806008290072035,0.7154110829409634,0.0,0.6806008290072035,0.04406615960400821,0.3454337899543379,0.482648401826484,0.17191780821917807,0.028079600788764137,0.0,0.0037426053362308344,0.016549961769085277,0.012304318081210512,0.2630289322401282,0.0,0.3403476669716377,0.1441591446849531,0.0,0.023159885709686506,0.10426978952875367,0.00924584490321542,0.05575677089621313,0.022234295142661675,0.0018209988329510242,0.03111795243269347,40.24306813151435,24.597615100796748,7.082779991146525
combined_current,All,current,250,0.6298341985592981,0.6826532254819108,0.71718177793875,0.0,0.6826532254819108,0.04335184514467383,0.34741239266651197,0.4817823160826178,0.17080529125087027,0.06540504648074369,0.011348545213087046,0.005332206527425651,0.04995170831824218,0.02932713590084108,0.610651888033064,0.5101763907734057,0.5047619047619047,0.4621614074280927,0.0,0.017606342307537527,0.07499295746307698,0.008058674393335748,0.05334218680832226,0.022234295142661675,0.0018209988329510242,0.026278723489878867,35.21268461507505,19.24289883580462,6.992233087850618
combined_moderate,All,moderate,250,0.7157833313211799,0.7434906837297276,0.7648094490723972,0.0,0.7434906837297276,0.022515996619582278,0.5084897229669347,0.40393208221626453,0.08757819481680071,0.10553744617489637,0.016318564127329068,0.007384603002132882,0.06252766710934042,0.04525333011388788,0.8655829688918227,0.7640131888836552,0.7551440329218106,0.7078587699316629,0.0,0.014346653788884865,0.04731578735562799,0.00640870859994366,0.0523864139401988,0.02226447744376031,0.001800877298885267,0.02156022375145881,24.145840878908608,11.628152815070086,6.40870859994366
combined_high,All,high,250,0.8486659422914403,0.7663889894965592,0.7663889894965592,0.0,0.7663889894965592,0.0,,,,0.13748038150428588,0.014869813674594551,0.007294056098836975,0.048301742524850096,0.049800796812749,0.9506086956521739,0.780771262546223,0.8192090395480226,0.7416962768422679,0.0,0.01252565495593384,0.033220652742565096,0.005593786470280494,0.0545494788522677,0.022224234375628798,0.0018109380659181455,0.020332810173447624,20.121534065757174,12.488162262855,5.805062577970944
