scenario,intervention,level,run,anc,initial_l45,final_l45,free_referral,self_referral,emergency_transfer,delay_lt1h_given_transfer,delay_1_2h_given_transfer,delay_2plus_given_transfer,iv_iron,pph_bundle,mgso4,antibiotics,oxytocin,iv_iron_given_anemia_anc,pph_bundle_given_pph,mgso4_given_eclampsia,antibiotics_given_sepsis,oxytocin_given_ol,pph,maternal_sepsis,eclampsia,obstructed_labor,aph,uterine_rupture,severe_complication,maternal_deaths_per_100k,facility_maternal_deaths_per_100k,neonatal_deaths_per_1000
diagnosis_base,Baseline,base,201,0.7390820746985131,0.6148284744175155,0.7242272567615033,0.0,0.6148284744175155,0.12120946025055614,0.3316831683168317,0.4372132335184738,0.23110359816469453,0.0421203606135113,0.0,0.005663856691253952,0.044549818522421264,0.011166725207821098,0.2854875508382105,0.0,0.5092105263157894,0.3068239088801532,0.0,0.08340650977637279,0.1173896499238965,0.007771338250790305,0.03764196229949655,0.02054794520547945,0.004171057253249034,0.036046715841236386,84.88467392576982,53.14608732063195,6.790773914061585
pocus,POCUS,direct_flags,201,0.7390820746985131,0.5661515045076689,0.7006498068141904,0.0,0.5661515045076689,0.14651387425360027,0.31884926580761164,0.4490060932973729,0.2321446408950155,0.0421203606135113,0.0,0.005854115443156539,0.04791593490223627,0.009044608359676853,0.2854875508382105,0.0,0.5188067444876784,0.32035225048923677,0.0,0.08956796628029505,0.11938004917456972,0.007537173633064044,0.03345626975763962,0.02053330991687156,0.0043174101393279474,0.03669066853998361,76.10350076103501,46.30088963852234,6.8200444912773674
intrapartum_sensors,Intrapartum sensors,direct_flags,201,0.7390820746985131,0.6148284744175155,0.7212709284627092,0.0,0.6148284744175155,0.1179018850251727,0.3274577954319762,0.4432720953326713,0.22927010923535254,0.0421203606135113,0.0,0.006059009483667018,0.04154958435780354,0.012249736564805058,0.2854875508382105,0.0,0.5447368421052632,0.31699419383653415,0.0,0.06954689146469968,0.10512527807048355,0.007507903055848262,0.03746633883620185,0.02054794520547945,0.004171057253249034,0.03290012879053975,71.7129141786676,38.65169986955051,6.907856222924717
ai_intrapartum_sensors,AI Intrapartum sensors,direct_flags,201,0.7390820746985131,0.6148284744175155,0.7193244350778597,0.0,0.6148284744175155,0.11560414471373376,0.3259906317255349,0.4443600455753893,0.22964932269907584,0.0421203606135113,0.0,0.006102915349490692,0.040905631659056314,0.015132888420559654,0.2854875508382105,0.0,0.5486842105263158,0.31983064423847124,0.0,0.06651738672286618,0.10260800842992623,0.00749326776724037,0.036646762674159936,0.02054794520547945,0.004171057253249034,0.031978105608242595,71.7129141786676,38.65169986955051,6.922491511532607
diagnosis_base,Baseline,base,202,0.7396382156656129,0.6129990633415291,0.7244175155134059,0.0,0.6129990633415291,0.1276782578152441,0.3421595598349381,0.4287024300779459,0.229138010087116,0.04231061936541389,0.0,0.005063809858330407,0.04430101861608711,0.010713031260976466,0.2854462875197472,0.0,0.5156482861400894,0.3016141889198884,0.0,0.0994614213792296,0.1134966631541974,0.0072883737267298914,0.061497482730359446,0.020123521835850602,0.0038490809038754245,0.04728661749209694,115.61878000234164,72.557239600129,6.439526987472193
pocus,POCUS,direct_flags,202,0.7396382156656129,0.5617023767708699,0.7007815244116614,0.0,0.5617023767708699,0.1547535417398431,0.3295819935691318,0.4392850387743522,0.23113296765651598,0.04231061936541389,0.0,0.005444327362135582,0.04655485306170238,0.008839714319166374,0.2854462875197472,0.0,0.5430656934306569,0.3206653225806452,0.0,0.10657417164266479,0.11056960543261914,0.00739082074698513,0.05293583889474301,0.019699098466221754,0.004434492448191078,0.04602798267181829,90.73878936892636,64.64016972188152,5.663856691253952
intrapartum_sensors,Intrapartum sensors,direct_flags,202,0.7396382156656129,0.6129990633415291,0.7236711157944035,0.0,0.6129990633415291,0.12646352886078913,0.3402383983335262,0.4287698183080662,0.2309917833584076,0.04231061936541389,0.0,0.005283339187448777,0.04235452523123756,0.011254536939468446,0.2854462875197472,0.0,0.5380029806259314,0.3138147907178486,0.0,0.08686043788783515,0.10333977286032081,0.007185926706474652,0.06138040042149631,0.020123521835850602,0.0038490809038754245,0.044476642079381803,98.05643367287203,53.20864237342793,6.366350544432737
ai_intrapartum_sensors,AI Intrapartum sensors,direct_flags,202,0.7396382156656129,0.6129990633415291,0.7235101276197167,0.0,0.6129990633415291,0.12614155251141554,0.3371620837684186,0.4307924353173222,0.2320454809142592,0.04231061936541389,0.0,0.005268703898840885,0.042325254654021774,0.015074347266128088,0.2854462875197472,0.0,0.5365126676602087,0.31397242427532296,0.0,0.08639210865238263,0.10300316122233931,0.007185926706474652,0.05959489521133357,0.020123521835850602,0.0038490809038754245,0.04406685399836085,95.12937595129375,49.98387616897775,6.322444678609062
diagnosis_base,Baseline,base,203,0.7400772743238496,0.6131307809390001,0.724271162627327,0.0,0.6131307809390001,0.12412188268352652,0.33356915458082775,0.4375663247258578,0.22886452069331448,0.04217890176794287,0.0,0.00532724505327245,0.04375951293759513,0.01063985481793701,0.2835218888342351,0.0,0.5013774104683195,0.30257032989273425,0.0,0.09214377707528393,0.11673106193654138,0.00803477344573235,0.039325020489404054,0.020138157124458496,0.004171057253249034,0.03929574991218827,100.9834913944503,62.87989939216097,5.3418803418803416
pocus,POCUS,direct_flags,203,0.7400772743238496,0.5613072239784569,0.6970202552394333,0.0,0.5613072239784569,0.14873843812199977,0.3222473679031782,0.4442585850634655,0.2334940470333563,0.04217890176794287,0.0,0.005341880341880342,0.047198805760449596,0.008722632010303244,0.2835218888342351,0.0,0.519203413940256,0.3232758620689655,0.0,0.09972485657417164,0.11662861491628615,0.007551808921671935,0.034568551691839366,0.02007961597002693,0.0043905865823674044,0.03963236155016977,83.42114506498068,54.702781553559,4.917456972251492
intrapartum_sensors,Intrapartum sensors,direct_flags,203,0.7400772743238496,0.6131307809390001,0.7225002927057722,0.0,0.6131307809390001,0.12192658939234281,0.33177289641099506,0.43668227103589,0.23154483255311487,0.04217890176794287,0.0,0.005590680248214495,0.04128614916286149,0.011269172228076338,0.2835218888342351,0.0,0.5261707988980716,0.31254154664303124,0.0,0.08163563985481793,0.10562287788315186,0.007859149982437653,0.03917866760332514,0.020138157124458496,0.004171057253249034,0.03673457440580728,89.27526050813722,49.98145849120487,5.283339187448776
ai_intrapartum_sensors,AI Intrapartum sensors,direct_flags,203,0.7400772743238496,0.6131307809390001,0.7192805292120361,0.0,0.6131307809390001,0.11838484954923312,0.33020150822104094,0.4377549758931883,0.2320435158857708,0.04217890176794287,0.0,0.0056053155368223865,0.03929574991218827,0.01486945322561761,0.2835218888342351,0.0,0.5275482093663911,0.31268196110399443,0.0,0.076103500761035,0.1004566210045662,0.007844514693829763,0.03815419740077274,0.020138157124458496,0.004171057253249034,0.03513932794754713,79.03055848261327,38.69532270286829,5.283339187448776
diagnosis_base,Baseline,base,204,0.7406187800023416,0.6133503102681185,0.7244467860906217,0.0,0.6133503102681185,0.12412188268352652,0.33286169083834455,0.438863341587077,0.22827496757457846,0.037759044608359674,0.0,0.00488818639503571,0.04627678257815244,0.010478866643250205,0.28110699498801484,0.0,0.4940828402366864,0.30142993326978074,0.0,0.09209987120946025,0.12279007142020841,0.008298208640674393,0.0438034188034188,0.019699098466221754,0.004141786676033252,0.03919330289193303,93.66584709050463,59.67068234231619,6.059009483667018
pocus,POCUS,direct_flags,204,0.7406187800023416,0.560341294930336,0.6961567732115678,0.0,0.560341294930336,0.1489872380283339,0.32288801571709236,0.44410609037328097,0.23300589390962673,0.037759044608359674,0.0,0.005063809858330407,0.050916169066854,0.008503102681184873,0.28110699498801484,0.0,0.5095729013254786,0.32365801469904176,0.0,0.09625629317410139,0.12384381219997659,0.008239667486242828,0.03781758576279124,0.019816180775084884,0.004419857159583187,0.03939819693244351,80.49408734340241,59.723282126148845,5.6784919798618425
intrapartum_sensors,Intrapartum sensors,direct_flags,204,0.7406187800023416,0.6133503102681185,0.7226320103032432,0.0,0.6133503102681185,0.12189731881512704,0.33173250090046824,0.4359466922799856,0.23232080681954617,0.037759044608359674,0.0,0.005122351012761972,0.04393513640088983,0.01074230183819225,0.28110699498801484,0.0,0.5177514792899408,0.3127083333333333,0.0,0.07777192366233462,0.11134527572883737,0.008298208640674393,0.043642430628732,0.019699098466221754,0.004141786676033252,0.03629551574757054,77.56702962182415,41.930749754060024,5.9126565975881045
ai_intrapartum_sensors,AI Intrapartum sensors,direct_flags,204,0.7406187800023416,0.6133503102681185,0.7210074932677673,0.0,0.6133503102681185,0.11993619014166959,0.3293471629042099,0.438071995118975,0.23258084197681514,0.037759044608359674,0.0,0.005136986301369863,0.042896030909729536,0.015118253131951762,0.28110699498801484,0.0,0.5192307692307693,0.31384516543527147,0.0,0.07295691371033837,0.10818405338953284,0.008283573352066503,0.042369160519845454,0.019699098466221754,0.004141786676033252,0.03508078679311556,68.78585645708934,32.25442288773848,5.898021308980213
diagnosis_base,Baseline,base,205,0.7396528509542208,0.6152675330757522,0.7243297037817585,0.0,0.6152675330757522,0.12356574171642665,0.3364917683287931,0.43242923131588296,0.23107900035532394,0.04182765484135347,0.0,0.005444327362135582,0.046071888537641964,0.010244702025523944,0.2812992125984252,0.0,0.4946808510638298,0.30640451625462334,0.0,0.08781173164734808,0.12141435429106662,0.009278772977403114,0.034524645826015686,0.019699098466221754,0.0043174101393279474,0.04400831284392928,130.254068610233,94.9896960329727,5.297974476056668
pocus,POCUS,direct_flags,205,0.7396528509542208,0.5655807282519612,0.7007522538344456,0.0,0.5655807282519612,0.15031904929165202,0.32762145847531887,0.43939246421964756,0.2329860773050336,0.04182765484135347,0.0,0.006029738906451235,0.047828123170588925,0.008386020372321742,0.2812992125984252,0.0,0.5248407643312102,0.3236604932158067,0.0,0.10110057370331343,0.11766772040744644,0.009498302306521485,0.03030968270694298,0.019816180775084884,0.004551574757054209,0.045237677086992154,117.08230886313079,92.56198347107438,4.902821683643602
intrapartum_sensors,Intrapartum sensors,direct_flags,205,0.7396528509542208,0.6152675330757522,0.7221783163563985,0.0,0.6152675330757522,0.1209460250556141,0.33385769603097776,0.43272023233301066,0.2334220716360116,0.04182765484135347,0.0,0.005693127268469734,0.04310092495024002,0.010566678374897553,0.2812992125984252,0.0,0.5172872340425532,0.3211559432933479,0.0,0.07431799555087226,0.10721812434141201,0.009278772977403114,0.0345100105374078,0.019699098466221754,0.0043174101393279474,0.04030558482613277,102.44702025523944,64.39979392065945,5.224798033017212
ai_intrapartum_sensors,AI Intrapartum sensors,direct_flags,205,0.7396528509542208,0.6152675330757522,0.7211392108652382,0.0,0.6152675330757522,0.11948249619482496,0.3319451249387555,0.4336109750122489,0.2344439000489956,0.04182765484135347,0.0,0.005707762557077625,0.04238379580845334,0.014635288607891348,0.2812992125984252,0.0,0.5186170212765957,0.3219566425792107,0.0,0.07184463177613863,0.10530090153377825,0.009278772977403114,0.0333245521601686,0.019699098466221754,0.0043174101393279474,0.03912012644889357,95.12937595129375,56.34981968057702,5.2101627444093195
diagnosis_base,Baseline,base,206,0.7394625922023182,0.6141698864301603,0.7243736096475822,0.0,0.6141698864301603,0.12404870624048706,0.336125530910807,0.43475696083058046,0.22911750825861255,0.03759805643367287,0.0,0.005883386020372322,0.049481910783280646,0.010566678374897553,0.2804891363685992,0.0,0.4920440636474908,0.3048417635921017,0.0,0.08626039105491161,0.12478047067088163,0.009937360964758226,0.03841763259571479,0.0202991452991453,0.004332045427935839,0.04086172579323264,93.66584709050463,59.58803729889038,4.7418335089567965
pocus,POCUS,direct_flags,206,0.7394625922023182,0.5636488701557195,0.7015571947078797,0.0,0.5636488701557195,0.15247043671701205,0.32645421386062584,0.4410635438663851,0.23248224227298905,0.03759805643367287,0.0,0.00619072708113804,0.05283339187448777,0.008517737969792764,0.2804891363685992,0.0,0.5096385542168674,0.3244652166097429,0.0,0.09752956328298794,0.12379990633415291,0.009834913944502985,0.0336611637981501,0.02043086289661632,0.004419857159583187,0.04214963119072708,77.56702962182415,47.979087735552504,4.478398314014752
intrapartum_sensors,Intrapartum sensors,direct_flags,206,0.7394625922023182,0.6141698864301603,0.7227490926121063,0.0,0.6141698864301603,0.12204367170120595,0.3345724907063197,0.43422472718551386,0.23120278210816644,0.03759805643367287,0.0,0.0062931741013932795,0.04680365296803653,0.011122819341997424,0.2804891363685992,0.0,0.5263157894736842,0.3195443645083933,0.0,0.07310326659641728,0.1113013698630137,0.009922725676150334,0.03831518557545955,0.0202991452991453,0.004332045427935839,0.03761269172228077,83.42114506498068,48.314624836938144,4.536939468446318
ai_intrapartum_sensors,AI Intrapartum sensors,direct_flags,206,0.7394625922023182,0.6141698864301603,0.7211538461538461,0.0,0.6141698864301603,0.12005327245053272,0.33219553821772524,0.4354504449591613,0.2323540168231135,0.03759805643367287,0.0,0.006337079967216954,0.04517913593256059,0.014942629668657066,0.2804891363685992,0.0,0.5299877600979193,0.3194990685158352,0.0,0.06875658587987356,0.10759864184521718,0.009908090387542442,0.03731998595012294,0.0202991452991453,0.004332045427935839,0.0361930687273153,73.17644303945674,37.04121237498591,4.522304179838427
diagnosis_base,Baseline,base,207,0.7391406158529447,0.6129112516098818,0.7244467860906217,0.0,0.6129112516098818,0.12198513054677439,0.3242951409718056,0.4433113377324535,0.23239352129574084,0.042134995902119186,0.0,0.004595480622877883,0.047271982203489056,0.010376419622994966,0.28219956871201723,0.0,0.511400651465798,0.3048320120800302,0.0,0.09853939819693244,0.12394625922023182,0.0071273855520430866,0.034758810443741954,0.020108886547242712,0.004273504273504274,0.0314658705069664,86.34820278655896,54.806002869255444,5.64922140264606
pocus,POCUS,direct_flags,207,0.7391406158529447,0.5612194122468095,0.6969031729305701,0.0,0.5612194122468095,0.14627970963587403,0.31595797898949474,0.44562281140570287,0.2384192096048024,0.042134995902119186,0.0,0.004975998126683058,0.052848027163095654,0.008620184990048003,0.28219956871201723,0.0,0.5271317829457365,0.3268464880521361,0.0,0.10478866643250205,0.12751726964055732,0.007244467860906217,0.029636459430979978,0.02006498068141904,0.004610115911485775,0.0324757054209109,73.17644303945674,49.73227458846543,5.283339187448776
intrapartum_sensors,Intrapartum sensors,direct_flags,207,0.7391406158529447,0.6129112516098818,0.7236418452171877,0.0,0.6129112516098818,0.12087284861257463,0.3215885700447996,0.4440004843201356,0.2344109456350648,0.042134995902119186,0.0,0.004800374663388362,0.045237677086992154,0.010932560590094837,0.28219956871201723,0.0,0.5342019543973942,0.3156336158480547,0.0,0.086611637981501,0.11358447488584475,0.007098114974827304,0.034568551691839366,0.020108886547242712,0.004273504273504274,0.02931448308160637,70.24938531787846,37.07464899979045,5.517503805175037
ai_intrapartum_sensors,AI Intrapartum sensors,direct_flags,207,0.7391406158529447,0.6129112516098818,0.7219002458728486,0.0,0.6129112516098818,0.11876536705303829,0.31719038817005546,0.4470733210104744,0.23573629081947012,0.042134995902119186,0.0,0.004800374663388362,0.04351071303126098,0.014840182648401826,0.28219956871201723,0.0,0.5342019543973942,0.3157391673746814,0.0,0.08080142840416812,0.10904753541739844,0.007083479686219412,0.03354408148928697,0.020108886547242712,0.004273504273504274,0.028216836436014518,64.39526987472193,30.626883956348628,5.502868516567147
diagnosis_base,Baseline,base,208,0.7389796276782579,0.6128527104554502,0.724271162627327,0.0,0.6128527104554502,0.13369336143308747,0.35993431855500824,0.41598248494800216,0.2240831964969896,0.04626214728954455,0.0,0.005063809858330407,0.04776958201615736,0.011152089919213208,0.2818546589389211,0.0,0.49358059914407987,0.3054463784390792,0.0,0.09233403582718651,0.12485364711392109,0.008327479217890177,0.048691605198454516,0.02006498068141904,0.004507668891230535,0.06367814073293525,130.254068610233,69.29225215933995,5.444327362135581
pocus,POCUS,direct_flags,208,0.7389796276782579,0.560882800608828,0.6991423720875776,0.0,0.560882800608828,0.16098817468680482,0.34436363636363637,0.4253636363636364,0.23027272727272727,0.04626214728954455,0.0,0.00510771572415408,0.05098934550989345,0.009410490574874137,0.2818546589389211,0.0,0.5036075036075036,0.3213725671063555,0.0,0.09461714085001756,0.12529270577215781,0.008064044022948132,0.04280821917808219,0.020255239433321626,0.004580845334269992,0.06345861140381688,109.7646645591851,66.2833280859032,4.858915817819927
intrapartum_sensors,Intrapartum sensors,direct_flags,208,0.7389796276782579,0.6128527104554502,0.72279299847793,0.0,0.6128527104554502,0.1314248916988643,0.3562360801781737,0.416369710467706,0.22739420935412027,0.04626214728954455,0.0,0.00532724505327245,0.0451645006439527,0.012644889357218124,0.2818546589389211,0.0,0.5192582025677603,0.3168377823408624,0.0,0.0811965811965812,0.11280880458962651,0.008312843929282285,0.048618428755415055,0.02006498068141904,0.004507668891230535,0.059170471841704715,118.54583772391992,56.40067036225345,5.224798033017212
ai_intrapartum_sensors,AI Intrapartum sensors,direct_flags,208,0.7389796276782579,0.6128527104554502,0.7214172813487882,0.0,0.6128527104554502,0.12965402177730945,0.3547804492606389,0.41731572412236145,0.22790382661699965,0.04626214728954455,0.0,0.005341880341880342,0.04437419505912656,0.015001170823088631,0.2818546589389211,0.0,0.5206847360912982,0.3172211759782381,0.0,0.07850368809272919,0.11055497014401124,0.008312843929282285,0.04711099402880225,0.02006498068141904,0.004507668891230535,0.05776548413534715,111.22819341997425,48.34343173907438,5.195527455801428
diagnosis_base,Baseline,base,209,0.7398577449947313,0.6137747336377474,0.7244467860906217,0.0,0.6137747336377474,0.12826366935955977,0.34584664536741216,0.4257188498402556,0.22843450479233227,0.04065683175272217,0.0,0.00510771572415408,0.05093080435546189,0.01074230183819225,0.2865985762921696,0.0,0.4887955182072829,0.3038770520433112,0.0,0.09155836553096827,0.13350310268118487,0.008005502868516567,0.05602388479100808,0.019845451352300668,0.004258868984896382,0.051794286383327476,128.79053974944387,83.74534971735945,7.215197283690435
pocus,POCUS,direct_flags,209,0.7398577449947313,0.5632244467860906,0.7032256176091792,0.0,0.5632244467860906,0.15787085821332397,0.33382775563177897,0.4317233707240197,0.23444887364420136,0.04065683175272217,0.0,0.00532724505327245,0.05317000351246927,0.008912890762205831,0.2865985762921696,0.0,0.5013774104683195,0.32238885437927056,0.0,0.1008078679311556,0.12918569254185694,0.008151855754595481,0.050213675213675216,0.020108886547242712,0.004332045427935839,0.05264313312258518,102.44702025523944,64.55029957959549,7.024938531787847
intrapartum_sensors,Intrapartum sensors,direct_flags,209,0.7398577449947313,0.6137747336377474,0.7237881981032666,0.0,0.6137747336377474,0.1272099285797916,0.34203865623561897,0.4268292682926829,0.23113207547169812,0.04065683175272217,0.0,0.00532724505327245,0.04829645240604145,0.011927760215431448,0.2865985762921696,0.0,0.5098039215686274,0.31446540880503143,0.0,0.08087460484720758,0.12078503688092729,0.007990867579908675,0.055672637864418686,0.019845451352300668,0.004258868984896382,0.04863306404402295,111.22819341997425,64.41949978258418,7.1859267064746515
ai_intrapartum_sensors,AI Intrapartum sensors,direct_flags,209,0.7398577449947313,0.6137747336377474,0.7227637279007142,0.0,0.6137747336377474,0.12579030558482612,0.34089586969168123,0.42745782431646306,0.23164630599185573,0.04065683175272217,0.0,0.005356515630488233,0.046862194122468094,0.014606018030675565,0.2865985762921696,0.0,0.5126050420168067,0.31702970297029703,0.0,0.0768059946142138,0.11630663856691253,0.007990867579908675,0.05448717948717949,0.019845451352300668,0.004258868984896382,0.04680365296803653,99.51996253366117,51.53559982606735,7.1859267064746515
diagnosis_base,Baseline,base,210,0.7397992038402997,0.6137893689263553,0.7242418920501112,0.0,0.6137893689263553,0.12116555438473246,0.32479768087933325,0.4455852156057495,0.22961710351491726,0.042500878117316475,0.0,0.005297974476056668,0.04340826601100574,0.010874019435663271,0.28492935635792777,0.0,0.49118046132971505,0.30530108080288215,0.0,0.09073878936892636,0.1089304531085353,0.008064044022948132,0.0405982905982906,0.02006498068141904,0.004258868984896382,0.03181711743355579,98.05643367287203,61.21134020618557,5.898021308980213
pocus,POCUS,direct_flags,210,0.7397992038402997,0.5622731530265777,0.6971080669710806,0.0,0.5622731530265777,0.14616262732701088,0.3172123760889156,0.44808250725943727,0.23470511665164714,0.042500878117316475,0.0,0.00554677438239082,0.046701205947781294,0.008883620184990048,0.28492935635792777,0.0,0.5026525198938993,0.3216409636125391,0.0,0.10142255005268704,0.10969148811614565,0.008020138157124459,0.035051516215899775,0.02021133356749795,0.004361316005151622,0.03311965811965812,81.95761620419155,49.69520275642724,5.619950825430277
intrapartum_sensors,Intrapartum sensors,direct_flags,210,0.7397992038402997,0.6137893689263553,0.721300199039925,0.0,0.6137893689263553,0.1179018850251727,0.320506454816286,0.4435203574975174,0.23597318768619663,0.042500878117316475,0.0,0.005576044959606604,0.041315419740077276,0.012235101276197166,0.28492935635792777,0.0,0.5169606512890095,0.3197055492638732,0.0,0.07649865355344808,0.09763201030324319,0.007917691136869218,0.040378761269172225,0.02006498068141904,0.004258868984896382,0.029094953752488,80.49408734340241,41.88144329896907,5.780939000117082
ai_intrapartum_sensors,AI Intrapartum sensors,direct_flags,210,0.7397992038402997,0.6137893689263553,0.7202610935487648,0.0,0.6137893689263553,0.11678960309097296,0.318671679197995,0.44724310776942355,0.23408521303258145,0.042500878117316475,0.0,0.0056053155368223865,0.040905631659056314,0.014503571010420326,0.28492935635792777,0.0,0.519674355495251,0.32067462138595687,0.0,0.07471314834328532,0.09637337548296453,0.007888420559653437,0.03950064395269875,0.02006498068141904,0.004258868984896382,0.028626624517035477,73.17644303945674,33.827319587628864,5.780939000117082
diagnosis_base,Baseline,base,211,0.7393308746048473,0.6141845217187683,0.7241394450298559,0.0,0.6141845217187683,0.12403407095187917,0.336047197640118,0.43622418879056046,0.22772861356932153,0.048515981735159815,0.0,0.005780939000117082,0.04327654841353472,0.010727666549584357,0.2826809925812228,0.0,0.5031847133757962,0.3107071556162656,0.0,0.06599051633298209,0.10679370097178316,0.00857627912422433,0.03745170354759396,0.02031378058775319,0.0041564219646411426,0.04017386722866175,100.9834913944503,56.34528389973759,6.863950357101042
pocus,POCUS,direct_flags,211,0.7393308746048473,0.5633122585177379,0.6950152207001522,0.0,0.5633122585177379,0.14567966280295047,0.32449266626481815,0.44183242917420135,0.2336749045609805,0.048515981735159815,0.0,0.006439526987472193,0.043642430628732,0.008868984896382156,0.2826809925812228,0.0,0.5339805825242718,0.3225876244050195,0.0,0.06700035124692659,0.10273972602739725,0.00901533778246107,0.031875658587987354,0.01994789837255591,0.004405221870975295,0.03887132654255942,87.81173164734808,54.624004767185866,6.659056316590563
intrapartum_sensors,Intrapartum sensors,direct_flags,211,0.7393308746048473,0.6141845217187683,0.7218270694298091,0.0,0.6141845217187683,0.12129727198220348,0.33216698841698844,0.4354488416988417,0.23238416988416988,0.048515981735159815,0.0,0.0060882800608828,0.041110525699566795,0.0115033368458026,0.2826809925812228,0.0,0.5299363057324841,0.3238040345821326,0.0,0.056199508254302775,0.09627092846270928,0.008459196815361199,0.037173633064044025,0.02031378058775319,0.0041564219646411426,0.03736389181594661,89.27526050813722,43.46636186551186,6.922491511532607
ai_intrapartum_sensors,AI Intrapartum sensors,direct_flags,211,0.7393308746048473,0.6141845217187683,0.719017094017094,0.0,0.6141845217187683,0.11819459079733052,0.33098068350668647,0.43833580980683506,0.23068350668647847,0.048515981735159815,0.0,0.006073644772274909,0.0397494438590329,0.014635288607891348,0.2826809925812228,0.0,0.5286624203821656,0.3259721555448872,0.0,0.05211626273270109,0.09221695351832337,0.008444561526753307,0.03635405690200211,0.02031378058775319,0.0041564219646411426,0.0358564570893338,77.56702962182415,30.58743983128612,6.907856222924717
diagnosis_base,Baseline,base,212,0.7394479569137103,0.6141113452757289,0.724271162627327,0.0,0.6141113452757289,0.12470729422784217,0.3410397840629034,0.43480812111254546,0.22415209482455112,0.05052101627444093,0.0,0.00564922140264606,0.04248624282870858,0.010917925301486945,0.28262649418699853,0.0,0.5085638998682477,0.30615903817759965,0.0,0.09128029504741833,0.1074083830933146,0.009366584709050463,0.04734515864652851,0.019991804238379582,0.004332045427935839,0.04157885493501932,106.83760683760684,64.40601552184974,6.41025641025641
pocus,POCUS,direct_flags,212,0.7394479569137103,0.5631073644772275,0.69773738438122,0.0,0.5631073644772275,0.14955801428404167,0.3281142968979352,0.4409433408356982,0.23094236226636658,0.05052101627444093,0.0,0.00586875073176443,0.04430101861608711,0.008942161339421613,0.28262649418699853,0.0,0.524869109947644,0.32052096569250316,0.0,0.09944678609062171,0.10568141903758342,0.009234867111579441,0.040554384732466926,0.020006439526987472,0.004419857159583187,0.041212972719822036,90.73878936892636,57.94414184725924,6.059009483667018
intrapartum_sensors,Intrapartum sensors,direct_flags,212,0.7394479569137103,0.6141113452757289,0.7221929516450064,0.0,0.6141113452757289,0.12226320103032431,0.3369643284654058,0.43416327507780705,0.22887239645678717,0.05052101627444093,0.0,0.005898021308980213,0.04116906685399836,0.012337548296452406,0.28262649418699853,0.0,0.530961791831357,0.31994995450409464,0.0,0.08039164032314718,0.09862720992857979,0.009308043554618898,0.04687682941107599,0.019991804238379582,0.004332045427935839,0.03897377356281466,95.12937595129375,51.52481241747979,6.337079967216954
ai_intrapartum_sensors,AI Intrapartum sensors,direct_flags,212,0.7394479569137103,0.6141113452757289,0.7211392108652382,0.0,0.6141113452757289,0.12104847207586934,0.3361141337202273,0.43622294764841013,0.2276629186313626,0.05052101627444093,0.0,0.005898021308980213,0.0409349022362721,0.014357218124341412,0.28262649418699853,0.0,0.530961791831357,0.32249509973480917,0.0,0.07838660578386605,0.09710513991335909,0.009308043554618898,0.046071888537641964,0.019991804238379582,0.004332045427935839,0.03813956211216485,84.88467392576982,40.253759701156085,6.337079967216954
diagnosis_base,Baseline,base,213,0.7392723334504157,0.6149309214377707,0.7242565273387191,0.0,0.6149309214377707,0.12005327245053272,0.32719736681701816,0.44434962818481044,0.2284530049981714,0.04613042969207353,0.0,0.005122351012761972,0.048589158178199275,0.010698395972368576,0.2807517591520442,0.0,0.5035971223021583,0.30749282208020745,0.0,0.09461714085001756,0.12665378761269172,0.007683526519142957,0.04662802950474183,0.020460133473832104,0.00434668071654373,0.03275377590446084,83.42114506498068,49.909840288511084,6.132185926706475
pocus,POCUS,direct_flags,213,0.7392723334504157,0.5657856222924716,0.7006351715255825,0.0,0.5657856222924716,0.14586992155485307,0.32015651650446475,0.4486806461322364,0.23116283736329887,0.04613042969207353,0.0,0.005663856691253952,0.04967216953518323,0.00881044374195059,0.2807517591520442,0.0,0.5265306122448979,0.323053493241957,0.0,0.10789134761737501,0.121765601217656,0.008210396909027046,0.03989579674511182,0.02043086289661632,0.004405221870975295,0.03317819927408969,73.17644303945674,43.015733831874655,5.517503805175037
intrapartum_sensors,Intrapartum sensors,direct_flags,213,0.7392723334504157,0.6149309214377707,0.7235833040627562,0.0,0.6149309214377707,0.11913124926823557,0.32100737100737103,0.44754299754299753,0.23144963144963146,0.04613042969207353,0.0,0.00532724505327245,0.046964641142723335,0.011313078093900012,0.2807517591520442,0.0,0.5237410071942447,0.31920819655824134,0.0,0.08585060297389065,0.11717012059477813,0.007654255941927175,0.04605725324903407,0.020460133473832104,0.00434668071654373,0.030660929633532372,74.63997190024587,40.24987120041216,6.029738906451235
ai_intrapartum_sensors,AI Intrapartum sensors,direct_flags,213,0.7392723334504157,0.6149309214377707,0.7225441985715958,0.0,0.6149309214377707,0.11777016742770167,0.31813098048962346,0.44985708959860815,0.23201192991176836,0.04613042969207353,0.0,0.005371150919096125,0.04585235920852359,0.014679194473715022,0.2807517591520442,0.0,0.5280575539568345,0.322225650519387,0.0,0.08232349841938882,0.11317468680482379,0.007624985364711392,0.04517913593256059,0.020460133473832104,0.00434668071654373,0.02968036529680365,67.3223275963002,32.199896960329724,6.015103617843344
diagnosis_base,Baseline,base,214,0.7393601451820629,0.6151358154782812,0.7244467860906217,0.0,0.6151358154782812,0.12180950708347969,0.3311306019464135,0.43938483719812566,0.22948456085546076,0.04193010186160871,0.0,0.0060882800608828,0.04756468797564688,0.010756937126800141,0.2813789039481438,0.0,0.5079365079365079,0.3126503126503126,0.0,0.11597002692893103,0.11998009600749326,0.009761737501463528,0.03635405690200211,0.020504039339655777,0.004258868984896382,0.0392372087577567,127.32701088865473,86.93972179289027,5.239433321625103
pocus,POCUS,direct_flags,214,0.7393601451820629,0.5656392694063926,0.7018645357686454,0.0,0.5656392694063926,0.14897260273972604,0.3242951173985657,0.4464092739954809,0.22929560860595344,0.04193010186160871,0.0,0.00695176208874839,0.04983315770987004,0.008927526050813723,0.2813789039481438,0.0,0.5568581477139508,0.3279714891157773,0.0,0.12464875307341061,0.11820922608593841,0.009995902119189791,0.030236506263903524,0.020021074815595362,0.004171057253249034,0.0390762205830699,109.7646645591851,81.0533628874847,4.800374663388362
intrapartum_sensors,Intrapartum sensors,direct_flags,214,0.7393601451820629,0.6151358154782812,0.7237150216602272,0.0,0.6151358154782812,0.12069722514927994,0.32581544804171214,0.438826239844792,0.2353583121134958,0.04193010186160871,0.0,0.006249268235569605,0.04469617140850018,0.011957030792647231,0.2813789039481438,0.0,0.5213675213675214,0.32167684853591744,0.0,0.10364711392108653,0.10866701791359326,0.009717831635639855,0.03597353939819693,0.020504039339655777,0.004258868984896382,0.03614916286149163,106.83760683760684,64.39979392065945,5.063809858330407
ai_intrapartum_sensors,AI Intrapartum sensors,direct_flags,214,0.7393601451820629,0.6151358154782812,0.7229539866526168,0.0,0.6151358154782812,0.11964348436951176,0.32281345565749237,0.44330275229357796,0.23388379204892967,0.04193010186160871,0.0,0.00630780939000117,0.04340826601100574,0.014313312258517738,0.2813789039481438,0.0,0.5262515262515263,0.32436570428696415,0.0,0.09921262147289545,0.10464231354642313,0.009703196347031963,0.03503688092729189,0.020504039339655777,0.004258868984896382,0.03483198688678141,96.59290481208289,53.12982998454405,5.049174569722515
diagnosis_base,Baseline,base,215,0.7397113921086523,0.614755297974476,0.7243004332045428,0.0,0.614755297974476,0.11853120243531202,0.32312631189035684,0.44659834547474997,0.2302753426348932,0.04220817234515865,0.0,0.0056053155368223865,0.044052218709752955,0.011005737033134294,0.28232990699951055,0.0,0.4986979166666667,0.3072996426748341,0.0,0.09704659875892753,0.11507727432384966,0.00825430277485072,0.03887132654255942,0.0206357569371268,0.004200327830464817,0.028114389415759278,68.78585645708934,41.87402361050716,7.068844397611521
pocus,POCUS,direct_flags,215,0.7397113921086523,0.5641611052569957,0.6978544666900831,0.0,0.5641611052569957,0.14248916988643015,0.31532456861133934,0.45141741988496303,0.23325801150369763,0.04220817234515865,0.0,0.005854115443156539,0.04406685399836085,0.009059243648284743,0.28232990699951055,0.0,0.5134788189987163,0.31902945539309174,0.0,0.10822795925535651,0.10948659407563517,0.008386020372321742,0.03279768177028451,0.02041622760800843,0.0040832455216016856,0.02748507200561995,60.00468329235453,34.76993890425021,6.688326893806346
intrapartum_sensors,Intrapartum sensors,direct_flags,215,0.7397113921086523,0.614755297974476,0.7221051399133591,0.0,0.614755297974476,0.11607247394918628,0.31685789938217124,0.4488715168326819,0.2342705837851469,0.04220817234515865,0.0,0.005883386020372322,0.04141786676033252,0.01205947781290247,0.28232990699951055,0.0,0.5234375,0.3194491477593408,0.0,0.08381629785739375,0.10313487881981033,0.008122585177379698,0.038593256059009484,0.0206357569371268,0.004200327830464817,0.025553213909378293,57.077625570776256,28.989708653428035,7.0834796862194125
ai_intrapartum_sensors,AI Intrapartum sensors,direct_flags,215,0.7397113921086523,0.614755297974476,0.7217977988525933,0.0,0.614755297974476,0.11577976817702845,0.31576286183794716,0.4510175704714954,0.23321956769055746,0.04220817234515865,0.0,0.005883386020372322,0.04125687858564571,0.014723100339538695,0.28232990699951055,0.0,0.5234375,0.31983208531881097,0.0,0.08355286266245171,0.102505561409671,0.00813722046598759,0.03765659758810444,0.0206357569371268,0.004200327830464817,0.02530441400304414,52.68703898840885,24.15809054452336,7.112750263435195
diagnosis_base,Baseline,base,216,0.7405602388479101,0.6155602388479101,0.7243297037817585,0.0,0.6155602388479101,0.12238028333918745,0.33927290121980386,0.4355417364266922,0.22518536235350395,0.03794930336026226,0.0,0.006015103617843344,0.04661339421613394,0.010508137220465988,0.28246187363834424,0.0,0.4951807228915663,0.3021534958732568,0.0,0.062214611872146115,0.1265074347266128,0.009995902119189791,0.0466865706591734,0.0202991452991453,0.004258868984896382,0.041212972719822036,106.83760683760684,69.23312241382087,8.69336143308746
pocus,POCUS,direct_flags,216,0.7405602388479101,0.5649806814190376,0.7010303243179955,0.0,0.5649806814190376,0.14980681419037584,0.3276670574443142,0.44216490816725285,0.23016803438843297,0.03794930336026226,0.0,0.006132185926706475,0.04984779299847793,0.008664090855871678,0.28246187363834424,0.0,0.5048192771084338,0.3232725892179195,0.0,0.06717597471022128,0.12526343519494204,0.009864184521718769,0.04089099637044843,0.020343051164968973,0.004185692541856925,0.0405982905982906,98.05643367287203,64.52787107662272,8.605549701440113
intrapartum_sensors,Intrapartum sensors,direct_flags,216,0.7405602388479101,0.6155602388479101,0.7228515396323616,0.0,0.6155602388479101,0.12044842524294579,0.33487241798298906,0.4365735115431349,0.22855407047387608,0.03794930336026226,0.0,0.0062931741013932795,0.04387659524645826,0.011517972134410491,0.28246187363834424,0.0,0.5180722891566265,0.3152471083070452,0.0,0.05347734457323498,0.11307223978456855,0.009951996253366116,0.04629141786676033,0.0202991452991453,0.004258868984896382,0.03815419740077274,83.42114506498068,43.4719605854224,8.89825547359794
ai_intrapartum_sensors,AI Intrapartum sensors,direct_flags,216,0.7405602388479101,0.6155602388479101,0.7217392576981618,0.0,0.6155602388479101,0.11917515513405924,0.33378361783126614,0.437922141716812,0.2282942404519219,0.03794930336026226,0.0,0.006322444678609062,0.04258868984896382,0.01422550052687039,0.28246187363834424,0.0,0.5204819277108433,0.3154471544715447,0.0,0.0514137688795223,0.10963294696171408,0.009951996253366116,0.04529621824142372,0.0202991452991453,0.004258868984896382,0.03705655075518089,79.03055848261327,38.64174274259769,8.868984896382155
diagnosis_base,Baseline,base,217,0.7404431565390469,0.6149455567263786,0.7243297037817585,0.0,0.6149455567263786,0.12422432970378176,0.3447219604147031,0.43367106503298775,0.22160697455230915,0.04033485540334855,0.0,0.0058394801545486475,0.04674511181360497,0.011108184053389532,0.2838895756077462,0.0,0.4889705882352941,0.3011786892975012,0.0,0.08933380166256878,0.12096066034422198,0.00945439644069781,0.039456738086875075,0.020386957030792647,0.004097880810209577,0.044315653904695,106.83760683760684,62.80092108017585,8.386020372321742
pocus,POCUS,direct_flags,217,0.7404431565390469,0.5641025641025641,0.7007229832572298,0.0,0.5641025641025641,0.15220700152207,0.33240384615384616,0.4383653846153846,0.22923076923076924,0.04033485540334855,0.0,0.0059858330406275615,0.050111228193419975,0.009278772977403114,0.2838895756077462,0.0,0.5006119951040392,0.3221375482171418,0.0,0.09837841002224564,0.11996546071888538,0.009512937595129375,0.034568551691839366,0.02043086289661632,0.004068610232993795,0.0453254888186395,102.44702025523944,67.84260515603799,7.829879405221871
intrapartum_sensors,Intrapartum sensors,direct_flags,217,0.7404431565390469,0.6149455567263786,0.7235247629083246,0.0,0.6149455567263786,0.12305350661515045,0.33908182683158894,0.43422930542340626,0.22668886774500477,0.04033485540334855,0.0,0.006117550638098583,0.0453254888186395,0.012908324552160169,0.2838895756077462,0.0,0.5122549019607843,0.3132712927372041,0.0,0.07837197049525817,0.11156480505795574,0.009425125863482028,0.03898840885142255,0.020386957030792647,0.004097880810209577,0.04149104320337197,93.66584709050463,48.308400830904496,8.547008547008549
ai_intrapartum_sensors,AI Intrapartum sensors,direct_flags,217,0.7404431565390469,0.6149455567263786,0.7215636342348671,0.0,0.6149455567263786,0.1206094134176326,0.3370950127411722,0.43514136633903655,0.2277636209197913,0.04033485540334855,0.0,0.006176091792530149,0.04348144245404519,0.014474300433204542,0.2838895756077462,0.0,0.5171568627450981,0.3166364702120857,0.0,0.07124458494321508,0.10569605432619131,0.009425125863482028,0.038271279709635876,0.020386957030792647,0.004097880810209577,0.03929574991218827,80.49408734340241,33.815880581633145,8.634820278655894
diagnosis_base,Baseline,base,218,0.7402382624985365,0.6153992506732233,0.7244467860906217,0.0,0.6153992506732233,0.12962475120009367,0.3623122953596026,0.42011967934966693,0.2175680252907305,0.04241306638566913,0.0,0.005590680248214495,0.04292530148694532,0.010756937126800141,0.28406194863752204,0.0,0.503957783641161,0.3082177385456074,0.0,0.07800608828006088,0.11275026343519494,0.009044608359676853,0.03186102329937946,0.020987003863716193,0.004097880810209577,0.05922901299613628,143.4258283573352,82.09387676260383,5.2101627444093195
pocus,POCUS,direct_flags,218,0.7402382624985365,0.5643952698747219,0.6971227022596885,0.0,0.5643952698747219,0.154768177028451,0.350354609929078,0.42591016548463356,0.22373522458628842,0.04241306638566913,0.0,0.0057516684229013,0.04513523006673691,0.008751902587519025,0.28406194863752204,0.0,0.5137254901960784,0.32507642036470963,0.0,0.08890937829293993,0.11140381688326893,0.008912890762205831,0.027207001522070014,0.020767474534597822,0.003966163212738555,0.06095597705186746,131.71759747102212,92.62015811584136,4.536939468446318
intrapartum_sensors,Intrapartum sensors,direct_flags,218,0.7402382624985365,0.6153992506732233,0.7232613277133825,0.0,0.6153992506732233,0.12772216368106779,0.35693823765326,0.4195026927924831,0.22355906955425692,0.04241306638566913,0.0,0.005824844865940757,0.04128614916286149,0.012293642430628733,0.28406194863752204,0.0,0.525065963060686,0.3207139608913142,0.0,0.06729305701908442,0.10322269055145768,0.00901533778246107,0.03153904695000585,0.020987003863716193,0.004097880810209577,0.05504332045427936,122.93642430628732,59.55830274934002,5.1077157241540805
ai_intrapartum_sensors,AI Intrapartum sensors,direct_flags,218,0.7402382624985365,0.6153992506732233,0.7205977051867463,0.0,0.6153992506732233,0.12453167076454748,0.355035844400047,0.42214126219297216,0.22282289340698083,0.04241306638566913,0.0,0.0058394801545486475,0.03970553799320923,0.014166959372438824,0.28406194863752204,0.0,0.5263852242744064,0.3222855785222143,0.0,0.06196581196581197,0.09855403348554033,0.00901533778246107,0.03083655309682707,0.020987003863716193,0.004097880810209577,0.05248214494789837,111.22819341997425,46.68083188461786,5.063809858330407
diagnosis_base,Baseline,base,219,0.7397406626858681,0.6168920501112282,0.7244467860906217,0.0,0.6168920501112282,0.11750673223275963,0.33142358948810563,0.440528085689376,0.22804832482251838,0.04223744292237443,0.0,0.00488818639503571,0.04456445381102915,0.010112984428052921,0.28321884200196273,0.0,0.5022556390977444,0.302623732856291,0.0,0.06887366818873668,0.11321859267064746,0.007785973539398197,0.04291066619833743,0.020987003863716193,0.004171057253249034,0.02919740077274324,80.49408734340241,48.2392667631452,5.839480154548648
pocus,POCUS,direct_flags,219,0.7397406626858681,0.5673662334621239,0.7011620419154666,0.0,0.5673662334621239,0.14426003980798502,0.32170031449731157,0.4467890838997667,0.23151060160292178,0.04223744292237443,0.0,0.005195527455801428,0.04902821683643602,0.00837138508371385,0.28321884200196273,0.0,0.523598820058997,0.3239845261121857,0.0,0.07597178316356398,0.11503336845802599,0.008020138157124459,0.03666139796276783,0.020913827420676736,0.0042442336962884904,0.03007551808921672,70.24938531787846,44.57357942351504,5.297974476056668
intrapartum_sensors,Intrapartum sensors,direct_flags,219,0.7397406626858681,0.6168920501112282,0.7223539398196932,0.0,0.6168920501112282,0.11517972134410491,0.3243964421855146,0.4430749682337992,0.23252858958068615,0.04223744292237443,0.0,0.005166256878585645,0.04277894860086641,0.010566678374897553,0.28321884200196273,0.0,0.530827067669173,0.31827090592334495,0.0,0.05789720173281817,0.10212504390586583,0.00771279709635874,0.04244233696288491,0.020987003863716193,0.004171057253249034,0.026899660461304296,68.78585645708934,35.37546229297315,5.634586114038169
ai_intrapartum_sensors,AI Intrapartum sensors,direct_flags,219,0.7397406626858681,0.6168920501112282,0.7221051399133591,0.0,0.6168920501112282,0.11488701557194708,0.3226751592356688,0.44496815286624203,0.23235668789808916,0.04223744292237443,0.0,0.0051516215899777545,0.04285212504390586,0.01444502985598876,0.28321884200196273,0.0,0.5293233082706766,0.31944141392101244,0.0,0.05778011942395504,0.10193478515396323,0.00771279709635874,0.041315419740077276,0.020987003863716193,0.004171057253249034,0.02660695468914647,65.85879873551106,32.15951117543013,5.619950825430277
diagnosis_base,Baseline,base,220,0.740033368458026,0.6151358154782812,0.7244467860906217,0.0,0.6151358154782812,0.12459021191897904,0.34253494655233174,0.4323975096910607,0.22506754375660754,0.0463499590211919,0.0,0.005341880341880342,0.043364360145182065,0.010361784334387074,0.28352730528200537,0.0,0.5083565459610028,0.3117962748605703,0.0,0.06945907973305233,0.10854993560473013,0.0075225383444561525,0.03582718651211802,0.020899192132068846,0.004185692541856925,0.04280821917808219,114.15525114155251,74.04784134445124,5.780939000117082
pocus,POCUS,direct_flags,220,0.740033368458026,0.5647172462240956,0.6950298559887601,0.0,0.5647172462240956,0.14606018030675566,0.3343687374749499,0.44118236472945893,0.22444889779559118,0.0463499590211919,0.0,0.005590680248214495,0.04479861842875542,0.008620184990048003,0.28352730528200537,0.0,0.5254470426409904,0.3248089983022071,0.0,0.07737677086992155,0.10682297154899895,0.00803477344573235,0.03007551808921672,0.020474768762439994,0.004097880810209577,0.043188736681887364,102.44702025523944,67.78540133917501,5.297974476056668
intrapartum_sensors,Intrapartum sensors,direct_flags,220,0.740033368458026,0.6151358154782812,0.7225002927057722,0.0,0.6151358154782812,0.12230710689614799,0.34055282996290537,0.4330501376091899,0.22639703242790474,0.0463499590211919,0.0,0.005561409670998712,0.04182765484135347,0.01107891347617375,0.28352730528200537,0.0,0.5292479108635098,0.32319348637340267,0.0,0.06187800023416462,0.10004683292354526,0.007405456035593022,0.035446669008312844,0.020899192132068846,0.004185692541856925,0.04030558482613277,90.73878936892636,48.29207044203342,5.751668422901299
ai_intrapartum_sensors,AI Intrapartum sensors,direct_flags,220,0.740033368458026,0.6151358154782812,0.7206269757639621,0.0,0.6151358154782812,0.12015571947078796,0.33909866017052376,0.43471376370280146,0.22618757612667478,0.0463499590211919,0.0,0.005590680248214495,0.04067146704133005,0.014181594661046716,0.28352730528200537,0.0,0.532033426183844,0.3256386219826576,0.0,0.05870214260625219,0.09621238730827772,0.00739082074698513,0.034568551691839366,0.020899192132068846,0.004185692541856925,0.038856691253951525,84.88467392576982,41.85312771642896,5.737033134293408
diagnosis_base,Baseline,base,221,0.7401797213441049,0.6145504039339655,0.7244467860906217,0.0,0.6145504039339655,0.12037524879990634,0.33094224924012156,0.4462006079027356,0.22285714285714286,0.04440346563634235,0.0,0.005590680248214495,0.04337899543378995,0.010756937126800141,0.28347192375969354,0.0,0.5032938076416338,0.3053152039555006,0.0,0.06929809155836553,0.11393572181243414,0.008649455567263787,0.04209109003629551,0.020767474534597822,0.004258868984896382,0.03161222339304531,71.7129141786676,40.25116728385123,6.161456503922257
pocus,POCUS,direct_flags,221,0.7401797213441049,0.5638830347734457,0.696669008312844,0.0,0.5638830347734457,0.1429721344104906,0.3226532910226226,0.4510185279967243,0.22632818098065308,0.04440346563634235,0.0,0.005663856691253952,0.045910900362955157,0.008678726144479568,0.28347192375969354,0.0,0.5012953367875648,0.3254486979977176,0.0,0.0750936658470905,0.11200386371619249,0.00889825547359794,0.03571010420325489,0.020606486359911018,0.004171057253249034,0.030690200210748156,77.56702962182415,47.9624239216724,5.502868516567147
intrapartum_sensors,Intrapartum sensors,direct_flags,221,0.7401797213441049,0.6145504039339655,0.7210660344221989,0.0,0.6145504039339655,0.11665788549350194,0.3269351398820725,0.44373353406097105,0.22933132605695647,0.04440346563634235,0.0,0.00586875073176443,0.04064219646411427,0.012205830698981384,0.28347192375969354,0.0,0.52832674571805,0.3186825797567133,0.0,0.05813136635054443,0.1013201030324318,0.008620184990048003,0.04149104320337197,0.020767474534597822,0.004258868984896382,0.02878761269172228,58.541154431565396,25.76074706166479,6.07364477227491
ai_intrapartum_sensors,AI Intrapartum sensors,direct_flags,221,0.7401797213441049,0.6145504039339655,0.7199830230652149,0.0,0.6145504039339655,0.1155309682706943,0.32759057512034456,0.4465416772232075,0.22586774765644793,0.04440346563634235,0.0,0.005898021308980213,0.04015923194005386,0.014137688795223043,0.28347192375969354,0.0,0.530961791831357,0.3201866977829638,0.0,0.056653202201147404,0.09956386839948483,0.008620184990048003,0.04067146704133005,0.020767474534597822,0.004258868984896382,0.028260742301838192,55.61409670998712,22.540653678956687,6.07364477227491
diagnosis_base,Baseline,base,222,0.7401065449010654,0.6159261210631074,0.7244467860906217,0.0,0.6159261210631074,0.12723919915700738,0.3553025074764205,0.4219001610305958,0.22279733149298367,0.04029094953752488,0.0,0.004873551106427819,0.04092026694766421,0.010844748858447488,0.2839022378055069,0.0,0.48826979472140764,0.30087162380286236,0.0,0.10076396206533193,0.10787671232876712,0.007946961714085002,0.03009015337782461,0.020225968856105843,0.004288139562112165,0.05347734457323498,124.39995316707645,75.6307929969104,5.590680248214495
pocus,POCUS,direct_flags,222,0.7401065449010654,0.5657124458494321,0.7011620419154666,0.0,0.5657124458494321,0.15639269406392695,0.3466217480816021,0.4287853265955456,0.22459292532285233,0.04029094953752488,0.0,0.004975998126683058,0.04368633649455567,0.009029973071068962,0.2839022378055069,0.0,0.4892086330935252,0.3218675868018115,0.0,0.12036061351129844,0.1063985481793701,0.00813722046598759,0.02627034305116497,0.020343051164968973,0.004288139562112165,0.05836553096827069,120.00936658470906,82.61458643138033,4.99063341529095
intrapartum_sensors,Intrapartum sensors,direct_flags,222,0.7401065449010654,0.6159261210631074,0.7234808570425009,0.0,0.6159261210631074,0.12555614096709988,0.3491082876792167,0.42289311108520805,0.22799860123557525,0.04029094953752488,0.0,0.0050784451469382975,0.03916403231471725,0.012337548296452406,0.2839022378055069,0.0,0.5087976539589443,0.3137162954279015,0.0,0.08942161339421613,0.0982613277133825,0.007903055848261328,0.02965109471958787,0.020225968856105843,0.004288139562112165,0.049379463763025405,106.83760683760684,56.32080329557158,5.517503805175037
ai_intrapartum_sensors,AI Intrapartum sensors,direct_flags,222,0.7401065449010654,0.6159261210631074,0.7212270225968856,0.0,0.6159261210631074,0.12279007142020841,0.3498212157330155,0.42443384982121574,0.22574493444576876,0.04029094953752488,0.0,0.0051516215899777545,0.037568785856457086,0.01432794754712563,0.2839022378055069,0.0,0.5161290322580645,0.3172268907563025,0.0,0.08350895679662802,0.09296335323732584,0.007859149982437653,0.029051047886664325,0.020225968856105843,0.004288139562112165,0.046993911719939115,100.9834913944503,49.88414006179197,5.502868516567147
diagnosis_base,Baseline,base,223,0.7395504039339655,0.6158236740428521,0.7244467860906217,0.0,0.6158236740428521,0.11822386137454631,0.3270611537509284,0.44355038375835604,0.2293884624907155,0.04456445381102915,0.0,0.0058394801545486475,0.04345217187682941,0.010610584240721227,0.28370446287151774,0.0,0.5006273525721455,0.3015131512135676,0.0,0.08658236740428521,0.11311614565039223,0.009644655192600398,0.0350076103500761,0.020679662802950475,0.004258868984896382,0.029021777309448542,79.03055848261327,46.66505752675195,6.322444678609062
pocus,POCUS,direct_flags,223,0.7395504039339655,0.5654343753658823,0.6997131483432854,0.0,0.5654343753658823,0.1443185809624166,0.32055572457154446,0.4485346313761282,0.23090964405232736,0.04456445381102915,0.0,0.0059126565975881045,0.047198805760449596,0.008722632010303244,0.28370446287151774,0.0,0.5031133250311333,0.3221456397962241,0.0,0.09527572883737268,0.11343812199976583,0.009937360964758226,0.02984135347149046,0.020869921554853062,0.0041564219646411426,0.02956328298794052,83.42114506498068,49.569570892747976,5.956562463411779
intrapartum_sensors,Intrapartum sensors,direct_flags,223,0.7395504039339655,0.6158236740428521,0.7231442454045194,0.0,0.6158236740428521,0.11670179135932561,0.32292450464008027,0.4418108853774768,0.23526460998244295,0.04456445381102915,0.0,0.006044374195059127,0.04179838426413769,0.012147289544549819,0.28370446287151774,0.0,0.5181932245922208,0.3133984417864589,0.0,0.07854759395855286,0.10360320805526285,0.009586114038168832,0.0345100105374078,0.020679662802950475,0.004258868984896382,0.02703137805877532,67.3223275963002,33.79193820902727,6.293174101393279
ai_intrapartum_sensors,AI Intrapartum sensors,direct_flags,223,0.7395504039339655,0.6158236740428521,0.7214904577918276,0.0,0.6158236740428521,0.11494555672637864,0.32238349885408707,0.44385026737967914,0.23376623376623376,0.04456445381102915,0.0,0.0060882800608828,0.040773914061585294,0.014196229949654608,0.28370446287151774,0.0,0.5219573400250941,0.3157298277425204,0.0,0.07567907739140615,0.10016391523240838,0.009586114038168832,0.033763610818405336,0.020679662802950475,0.004258868984896382,0.026343519494204427,62.9317410139328,28.96451846488052,6.278538812785388
diagnosis_base,Baseline,base,224,0.7394186863364945,0.6146528509542208,0.7244467860906217,0.0,0.6146528509542208,0.11948249619482496,0.32459578637922587,0.44867711905928465,0.22672709456148946,0.042369160519845454,0.0,0.005297974476056668,0.04419857159583187,0.010991101744526402,0.2828253223915592,0.0,0.49386084583901774,0.30103668261563,0.0,0.08115267533075753,0.12115091909612458,0.007859149982437653,0.040612925886898486,0.021118721461187213,0.00444912773679897,0.02965109471958787,90.73878936892636,69.25096226627801,6.673691605198455
pocus,POCUS,direct_flags,224,0.7394186863364945,0.5632098114974827,0.6970934316824727,0.0,0.5632098114974827,0.14406978105608242,0.31816334823242587,0.4515440877691995,0.23029256399837464,0.042369160519845454,0.0,0.0054589626507434725,0.04784275845919682,0.008649455567263787,0.2828253223915592,0.0,0.5088676671214188,0.31951910859153554,0.0,0.09142664793349725,0.12259981266830582,0.008312843929282285,0.03396850485891582,0.021030909729539866,0.004288139562112165,0.030368223861374548,89.27526050813722,62.86914944658604,6.234632946961714
intrapartum_sensors,Intrapartum sensors,direct_flags,224,0.7394186863364945,0.6146528509542208,0.723202786558951,0.0,0.6146528509542208,0.11801896733403583,0.32043650793650796,0.44580853174603174,0.23375496031746032,0.042369160519845454,0.0,0.005517503805175038,0.042969207352769,0.012644889357218124,0.2828253223915592,0.0,0.514324693042292,0.31200850159404886,0.0,0.07225441985715958,0.11283807516684229,0.007785973539398197,0.04007142020840651,0.021118721461187213,0.00444912773679897,0.027660695468914646,73.17644303945674,49.92511233150275,6.6151504507668895
ai_intrapartum_sensors,AI Intrapartum sensors,direct_flags,224,0.7394186863364945,0.6146528509542208,0.7216953518323381,0.0,0.6146528509542208,0.11648226203020724,0.3198894333458977,0.4488001005151401,0.23131046613896217,0.042369160519845454,0.0,0.005590680248214495,0.04185692541856925,0.014649923896499238,0.2828253223915592,0.0,0.5211459754433834,0.31404414186889207,0.0,0.06836143308746048,0.10913534714904578,0.007785973539398197,0.039383561643835614,0.021118721461187213,0.00444912773679897,0.026943566327127973,67.3223275963002,43.48316235324433,6.6151504507668895
diagnosis_base,Baseline,base,225,0.7396674862428287,0.6149162861491628,0.7243736096475822,0.0,0.6149162861491628,0.12346329469617141,0.3380749170222854,0.4366998577524893,0.22522522522522523,0.04005678491979862,0.0,0.00532724505327245,0.045471841704718415,0.010698395972368576,0.28228135313531355,0.0,0.4925575101488498,0.30407124681933845,0.0,0.08096241657885493,0.11588221519728369,0.008225032197634938,0.040086055497014404,0.020796745111813605,0.00444912773679897,0.04083245521601686,76.10350076103501,43.487364504646706,6.146821215314366
pocus,POCUS,direct_flags,225,0.7396674862428287,0.5628146587050696,0.6976495726495726,0.0,0.5628146587050696,0.15028977871443625,0.3317752458856753,0.4416204109455643,0.22660434316876035,0.04005678491979862,0.0,0.005561409670998712,0.04923311087694649,0.008737267298911135,0.28228135313531355,0.0,0.5156037991858887,0.32461642381549743,0.0,0.09357803535885728,0.11579440346563634,0.00869336143308746,0.034158763610818405,0.020987003863716193,0.004273504273504274,0.04311556023884791,89.27526050813722,51.30157049001274,5.517503805175037
intrapartum_sensors,Intrapartum sensors,direct_flags,225,0.7396674862428287,0.6149162861491628,0.7221929516450064,0.0,0.6149162861491628,0.12084357803535886,0.33619958822817003,0.4324815308223326,0.2313188809494974,0.04005678491979862,0.0,0.005561409670998712,0.04282285446669008,0.011766772040744644,0.28228135313531355,0.0,0.5142083897158322,0.317112821068603,0.0,0.07046891464699684,0.10393981969324435,0.008195761620419155,0.039588455684346095,0.020796745111813605,0.00444912773679897,0.03762732701088865,64.39526987472193,30.602219466232867,6.029738906451235
ai_intrapartum_sensors,AI Intrapartum sensors,direct_flags,225,0.7396674862428287,0.6149162861491628,0.7214465519260039,0.0,0.6149162861491628,0.11993619014166959,0.33422818791946307,0.436607687614399,0.22916412446613788,0.04005678491979862,0.0,0.005634586114038169,0.0419447371502166,0.014825547359793936,0.28228135313531355,0.0,0.5209742895805142,0.31777358908969955,0.0,0.06815653904695,0.10161280880458963,0.008195761620419155,0.038695703079264725,0.020796745111813605,0.00444912773679897,0.036778480271630956,60.00468329235453,25.770290076827678,6.000468329235453
diagnosis_base,Baseline,base,226,0.7396821215314366,0.6149455567263786,0.7243882449361901,0.0,0.6149455567263786,0.12135581313663506,0.3333333333333333,0.44042450554751567,0.226242161119151,0.04033485540334855,0.0,0.005444327362135582,0.04535475939585529,0.010566678374897553,0.28348076527463484,0.0,0.4901185770750988,0.3017232986077305,0.0,0.07017620887483901,0.12242418920501112,0.008342114506498069,0.04062756117550638,0.020928462709284626,0.004419857159583187,0.03572473949186278,95.12937595129375,64.42987613356313,5.9126565975881045
pocus,POCUS,direct_flags,226,0.7396821215314366,0.5628292939936775,0.6975763962065332,0.0,0.5628292939936775,0.1471431916637396,0.32514422120549036,0.44668788541873883,0.22816789337577084,0.04033485540334855,0.0,0.005619950825430277,0.04841353471490458,0.008825079030558482,0.28348076527463484,0.0,0.5099601593625498,0.32004643962848295,0.0,0.07687917105725325,0.12179487179487179,0.008839714319166374,0.034568551691839366,0.020782109823205712,0.004258868984896382,0.03638332747921789,90.73878936892636,57.92112797259504,5.312609764664559
intrapartum_sensors,Intrapartum sensors,direct_flags,226,0.7396821215314366,0.6149455567263786,0.7230710689614799,0.0,0.6149455567263786,0.11977520196698278,0.33186705767350927,0.43658357771260997,0.23154936461388073,0.04033485540334855,0.0,0.005619950825430277,0.044227842173047656,0.011547242711626273,0.28348076527463484,0.0,0.5059288537549407,0.31449682589239253,0.0,0.06097061234047536,0.11371619248331577,0.008283573352066503,0.04017386722866175,0.020928462709284626,0.004419857159583187,0.03344163446903173,76.10350076103501,43.49016639015512,5.86875073176443
ai_intrapartum_sensors,AI Intrapartum sensors,direct_flags,226,0.7396821215314366,0.6149455567263786,0.7224563868399485,0.0,0.6149455567263786,0.11902880224798033,0.32952170170908646,0.43981310709455307,0.2306651911963605,0.04033485540334855,0.0,0.005663856691253952,0.04351071303126098,0.014635288607891348,0.28348076527463484,0.0,0.5098814229249012,0.31647860336384925,0.0,0.058380166256878585,0.11102329937946376,0.00825430277485072,0.0392372087577567,0.020928462709284626,0.004419857159583187,0.032665964172813484,71.7129141786676,38.65792568013788,5.824844865940757
diagnosis_base,Baseline,base,227,0.7394333216251024,0.6155163329820864,0.7243443390703664,0.0,0.6155163329820864,0.12706357569371268,0.3536051601013591,0.4229440221147201,0.22345081778392076,0.04472544198571596,0.0,0.006132185926706475,0.04251551340592436,0.010698395972368576,0.28457025793835555,0.0,0.5091130012150669,0.30527532576712907,0.0,0.0729130078445147,0.11131600515162159,0.008927526050813723,0.04029094953752488,0.020884556843460952,0.004551574757054209,0.05270167427701674,143.4258283573352,101.47705491036193,7.668891230535066
pocus,POCUS,direct_flags,227,0.7394333216251024,0.5647757873785271,0.6989667486242829,0.0,0.5647757873785271,0.15331928345626974,0.34201985490645287,0.43184421534937,0.22613592974417718,0.04472544198571596,0.0,0.006161456503922257,0.04399367755532139,0.00869336143308746,0.28457025793835555,0.0,0.5152998776009792,0.3208453410182517,0.0,0.08176735745228896,0.10837431214143543,0.009308043554618898,0.034056316590563164,0.0206357569371268,0.0043905865823674044,0.05369687390235336,125.8634820278656,87.6670636495964,6.922491511532607
intrapartum_sensors,Intrapartum sensors,direct_flags,227,0.7394333216251024,0.6155163329820864,0.7225441985715958,0.0,0.6155163329820864,0.12461948249619482,0.3486788021139166,0.42477980035231944,0.22654139753376396,0.04472544198571596,0.0,0.0063663505444327365,0.04089099637044843,0.01205947781290247,0.28457025793835555,0.0,0.528554070473876,0.3186224198882427,0.0,0.0627414822620302,0.10203723217421848,0.008868984896382156,0.03967626741599344,0.020884556843460952,0.004551574757054209,0.0488818639503571,117.08230886313079,72.48361065025853,7.800608828006088
ai_intrapartum_sensors,AI Intrapartum sensors,direct_flags,227,0.7394333216251024,0.6155163329820864,0.7214758225032197,0.0,0.6155163329820864,0.12331694181009249,0.3484452883930691,0.42463802516021837,0.22691668644671256,0.04472544198571596,0.0,0.00641025641025641,0.040144596651445964,0.014591382742067673,0.28457025793835555,0.0,0.5321992709599028,0.32142020154675416,0.0,0.05960953049994146,0.09896382156656129,0.008839714319166374,0.03878351481091207,0.020884556843460952,0.004551574757054209,0.04741833508956796,108.30113569839598,62.81912923022405,7.771338250790305
diagnosis_base,Baseline,base,228,0.7397845685516918,0.6151797213441049,0.7243882449361901,0.0,0.6151797213441049,0.12505854115443157,0.34511410181392627,0.42761849034523114,0.2272674078408426,0.049511181360496426,0.0,0.005312609764664559,0.050638098583304064,0.0099812668305819,0.2864279061891457,0.0,0.49387755102040815,0.3100914142319412,0.0,0.09834913944502986,0.12848319868867814,0.008020138157124459,0.0390762205830699,0.02084065097763728,0.004712562931741014,0.04621824142372088,95.12937595129375,59.57076846291317,5.502868516567147
pocus,POCUS,direct_flags,228,0.7397845685516918,0.5641757405456036,0.700561995082543,0.0,0.5641757405456036,0.15447547125629318,0.33927048792041686,0.4333491236380862,0.2273803884414969,0.049511181360496426,0.0,0.005722397845685517,0.055994614213792294,0.008386020372321742,0.2864279061891457,0.0,0.5178807947019868,0.326033233915637,0.0,0.10853530031612224,0.1337665378761269,0.008649455567263787,0.033734340241189556,0.020460133473832104,0.004639386488701557,0.04949654607188854,90.73878936892636,54.577930669489284,4.6393864887015575
intrapartum_sensors,Intrapartum sensors,direct_flags,228,0.7397845685516918,0.6151797213441049,0.7230417983842642,0.0,0.6151797213441049,0.12311204776958201,0.34260580123632906,0.426414645744175,0.23097955301949596,0.049511181360496426,0.0,0.005473597939351364,0.04807692307692308,0.010391054911602856,0.2864279061891457,0.0,0.508843537414966,0.32008184741303713,0.0,0.08672872029036413,0.11740428521250439,0.007976232291300784,0.03866643250204894,0.02084065097763728,0.004712562931741014,0.042632595714787495,79.03055848261327,41.86054000096601,5.385786207704015
ai_intrapartum_sensors,AI Intrapartum sensors,direct_flags,228,0.7397845685516918,0.6151797213441049,0.7220173281817117,0.0,0.6151797213441049,0.12182414237208758,0.3407015857760692,0.4293608841902931,0.22993753003363768,0.049511181360496426,0.0,0.0055321390937829295,0.04664266479334973,0.014181594661046716,0.2864279061891457,0.0,0.5142857142857142,0.3223750758648594,0.0,0.0818698044725442,0.11279416930101861,0.007946961714085002,0.03764196229949655,0.02084065097763728,0.004712562931741014,0.0410958904109589,73.17644303945674,35.42045692389432,5.32724505327245
diagnosis_base,Baseline,base,229,0.7401504507668891,0.6147845685516918,0.7244467860906217,0.0,0.6147845685516918,0.13291769113686921,0.36599867870513103,0.4133450781766131,0.22065624311825588,0.10661807750848847,0.0,0.006717597471022129,0.059214377707528396,0.010083713850837138,0.2869352869352869,0.0,0.48881789137380194,0.305612206359997,0.0,0.1114623580377005,0.15387542442336963,0.011195995785036881,0.0378907622058307,0.020474768762439994,0.004493033602622644,0.06637103383678726,150.74347266128086,95.07081970383022,5.590680248214495
pocus,POCUS,direct_flags,229,0.7401504507668891,0.5632683526519143,0.70689907504976,0.0,0.5632683526519143,0.16911075986418453,0.3559498052791,0.4202509736045002,0.22379922111639983,0.10661807750848847,0.0,0.007273738438122,0.06372204659875892,0.008151855754595481,0.2869352869352869,0.0,0.5193312434691745,0.32499813391057697,0.0,0.12372672989111345,0.15418276548413534,0.0115033368458026,0.0328123170588924,0.020591851071303124,0.0043027748507200566,0.06887366818873668,133.18112633181124,91.05658753021423,4.800374663388362
intrapartum_sensors,Intrapartum sensors,direct_flags,229,0.7401504507668891,0.6147845685516918,0.7236564805057956,0.0,0.6147845685516918,0.13121999765835382,0.36214588445237567,0.41267008699531565,0.22518402855230873,0.10661807750848847,0.0,0.006966397377356282,0.056331225851773796,0.010771572415408031,0.2869352869352869,0.0,0.5069222577209798,0.3150785854616896,0.0,0.09875892752605081,0.14104027631424892,0.011122819341997424,0.03758342114506498,0.020474768762439994,0.004493033602622644,0.061556023884791006,127.32701088865473,69.28890249601186,5.4735979393513645
ai_intrapartum_sensors,AI Intrapartum sensors,direct_flags,229,0.7401504507668891,0.6147845685516918,0.7233637747336378,0.0,0.6147845685516918,0.1305906802482145,0.36075310994060295,0.4151070267847137,0.2241398632746834,0.10661807750848847,0.0,0.007024938531787847,0.055306755649221405,0.014196229949654608,0.2869352869352869,0.0,0.5111821086261981,0.3177232217925004,0.0,0.09505619950825431,0.13713265425594193,0.01107891347617375,0.03663212738555204,0.020474768762439994,0.004493033602622644,0.05988760098349139,120.00936658470906,61.23205336856862,5.385786207704015
diagnosis_base,Baseline,base,230,0.7407212270225969,0.6157944034656363,0.724402880224798,0.0,0.6157944034656363,0.1180628731998595,0.3268873187058386,0.440808231064832,0.23230445022932936,0.038490809038754244,0.0,0.005312609764664559,0.0448278890059712,0.010522772509073878,0.2847244776442568,0.0,0.4925373134328358,0.2987709715177526,0.0,0.07673281817117433,0.11825313195176208,0.008298208640674393,0.039983608476759164,0.02021133356749795,0.0043905865823674044,0.02944620067907739,70.24938531787846,46.721443531496696,7.5518089216719355
pocus,POCUS,direct_flags,230,0.7407212270225969,0.5652294813253718,0.7008107949888772,0.0,0.5652294813253718,0.14589919213206884,0.3245059685023573,0.444879125288394,0.23061490620924868,0.038490809038754244,0.0,0.005576044959606604,0.04536939468446318,0.008634820278655895,0.2847244776442568,0.0,0.5127860026917901,0.31087043722422786,0.0,0.08971431916637396,0.11424306287319987,0.008649455567263787,0.034158763610818405,0.02009425125863482,0.004288139562112165,0.03048530617023768,62.9317410139328,31.442898042265874,7.112750263435195
intrapartum_sensors,Intrapartum sensors,direct_flags,230,0.7407212270225969,0.6157944034656363,0.7231003395386957,0.0,0.6157944034656363,0.11643835616438356,0.3225238813474108,0.4411764705882353,0.23629964806435394,0.038490809038754244,0.0,0.005517503805175038,0.04285212504390586,0.011342348671115795,0.2847244776442568,0.0,0.5115332428765265,0.31182108626198085,0.0,0.06843460953049994,0.10755473597939351,0.008239667486242828,0.039720173281817116,0.02021133356749795,0.0043905865823674044,0.02736798969675682,60.00468329235453,35.44385371354922,7.624985364711392
ai_intrapartum_sensors,AI Intrapartum sensors,direct_flags,230,0.7407212270225969,0.6157944034656363,0.7222807633766538,0.0,0.6157944034656363,0.11550169769347851,0.319817536746072,0.44488089204257475,0.23530157121135326,0.038490809038754244,0.0,0.005576044959606604,0.042003278304648166,0.014708465050930805,0.2847244776442568,0.0,0.5169606512890095,0.31427945685501535,0.0,0.0658002575810795,0.10432033719704953,0.008181126331811263,0.03843226788432268,0.02021133356749795,0.0043905865823674044,0.02663622526636225,57.077625570776256,32.22168519413565,7.566444210279827
diagnosis_base,Baseline,base,231,0.7407358623112048,0.6151504507668891,0.7243297037817585,0.0,0.6151504507668891,0.12523416461772627,0.3460324880215029,0.4299403996727825,0.22402711230571462,0.0409349022362721,0.0,0.0054589626507434725,0.043364360145182065,0.010522772509073878,0.28596258051324,0.0,0.4979973297730307,0.30173116089613033,0.0,0.07585470085470085,0.11220875775670296,0.008927526050813723,0.04416930101861609,0.02066502751434258,0.004741833508956797,0.04661339421613394,120.00936658470906,86.99995166669352,5.502868516567147
pocus,POCUS,direct_flags,231,0.7407358623112048,0.5631073644772275,0.6980739960192015,0.0,0.5631073644772275,0.15159231940053858,0.33848233249662096,0.4364742228229388,0.22504344468044024,0.0409349022362721,0.0,0.005619950825430277,0.044549818522421264,0.008649455567263787,0.28596258051324,0.0,0.5182186234817814,0.31397627643115006,0.0,0.08314307458143075,0.10964758225032198,0.009044608359676853,0.03689556258049409,0.020401592319400537,0.004507668891230535,0.045940170940170943,111.22819341997425,81.11911265623706,4.844280529212036
intrapartum_sensors,Intrapartum sensors,direct_flags,231,0.7407358623112048,0.6151504507668891,0.7225588338602037,0.0,0.6151504507668891,0.12292178901767943,0.3421835932849149,0.4282652696749613,0.22955113704012384,0.0409349022362721,0.0,0.005693127268469734,0.04140323147172462,0.011649689731881513,0.28596258051324,0.0,0.5193591455273698,0.31218274111675126,0.0,0.06502458728486125,0.10265191429574991,0.008883620184990048,0.043891230535066154,0.02066502751434258,0.004741833508956797,0.043393630722397845,90.73878936892636,54.77774734569592,5.356515630488233
ai_intrapartum_sensors,AI Intrapartum sensors,direct_flags,231,0.7407358623112048,0.6151504507668891,0.7225881044374195,0.0,0.6151504507668891,0.12281934199742418,0.34163489037178263,0.4304099142040038,0.22795519542421352,0.0409349022362721,0.0,0.005707762557077625,0.04128614916286149,0.01444502985598876,0.28596258051324,0.0,0.520694259012016,0.31505472414563324,0.0,0.06405865823674042,0.10137864418686336,0.008868984896382156,0.04248624282870858,0.02066502751434258,0.004741833508956797,0.0426179604261796,87.81173164734808,51.555526913596154,5.268703898840885
diagnosis_base,Baseline,base,232,0.7405895094251259,0.6146089450883971,0.7244467860906217,0.0,0.6146089450883971,0.12845392811146236,0.3554745357183548,0.4229235501879913,0.22160191409365387,0.03844690317293057,0.0,0.004727198220348905,0.049906334152909494,0.009966631541974007,0.2840614186851211,0.0,0.47291361639824303,0.3058570275361019,0.0,0.10273972602739725,0.12914178667603324,0.008415290949537526,0.04967216953518323,0.02053330991687156,0.0044637630254068614,0.05561409670998712,149.27994380049174,109.59963896589517,7.903055848261328
pocus,POCUS,direct_flags,232,0.7405895094251259,0.5620828942746751,0.7024792178901768,0.0,0.5620828942746751,0.16075401006907855,0.3470502549162418,0.4289876183539694,0.2239621267297888,0.03844690317293057,0.0,0.0050784451469382975,0.05274558014284041,0.008151855754595481,0.2840614186851211,0.0,0.4928977272727273,0.318796992481203,0.0,0.11307223978456855,0.13009308043554618,0.008927526050813723,0.04288139562112165,0.021001639152324083,0.004419857159583187,0.057282519611286734,141.96229949654605,104.35128285823133,7.405456035593022
intrapartum_sensors,Intrapartum sensors,direct_flags,232,0.7405895094251259,0.6146089450883971,0.7232320571361667,0.0,0.6146089450883971,0.12658061116965227,0.3537981269510926,0.42039542143600417,0.22580645161290322,0.03844690317293057,0.0,0.004946727549467275,0.047228076337665376,0.010478866643250205,0.2840614186851211,0.0,0.49487554904831627,0.31693184050284817,0.0,0.09107540100690785,0.11717012059477813,0.008356749795105959,0.04915993443390704,0.02053330991687156,0.0044637630254068614,0.05198454513523006,117.08230886313079,74.14093224163497,8.03477344573235
ai_intrapartum_sensors,AI Intrapartum sensors,direct_flags,232,0.7405895094251259,0.6146089450883971,0.7229978925184405,0.0,0.6146089450883971,0.12624399953167076,0.35323440760491537,0.42221191745884534,0.2245536749362393,0.03844690317293057,0.0,0.00499063341529095,0.046467041330055026,0.014254771104086173,0.2840614186851211,0.0,0.4992679355783309,0.31851926163723915,0.0,0.08868984896382157,0.11476993326308395,0.008356749795105959,0.048384264137688794,0.02053330991687156,0.0044637630254068614,0.05096007493267767,114.15525114155251,70.9174134485204,8.020138157124459
diagnosis_base,Baseline,base,233,0.7405456035593022,0.6150480037466339,0.7243443390703664,0.0,0.6150480037466339,0.11880927291886197,0.32729736388272973,0.43976348854397634,0.23293914757329393,0.047462240955391644,0.0,0.005166256878585645,0.04115443156539047,0.010200796159700268,0.2868388466301079,0.0,0.4842249657064472,0.30836714552034217,0.0,0.08189907504975998,0.10355930218943918,0.0075225383444561525,0.035885727666549586,0.020694298091558365,0.0044637630254068614,0.028875424423369628,79.03055848261327,58.001836724829616,5.32724505327245
pocus,POCUS,direct_flags,233,0.7405456035593022,0.5641757405456036,0.6979130078445147,0.0,0.5641757405456036,0.14434785153963237,0.32687823177532194,0.4432728378789415,0.22984893034573659,0.047462240955391644,0.0,0.005283339187448777,0.044022948132537175,0.008415290949537526,0.2868388466301079,0.0,0.48262032085561496,0.32006809959565863,0.0,0.09454396440697811,0.10556433672872029,0.008093314600163916,0.031158529446200678,0.0206357569371268,0.004419857159583187,0.03049994145884557,80.49408734340241,43.028547786512206,4.624751200093665
intrapartum_sensors,Intrapartum sensors,direct_flags,233,0.7405456035593022,0.6150480037466339,0.7221929516450064,0.0,0.6150480037466339,0.11627736798969676,0.3262429200755192,0.4391441157960982,0.23461296412838262,0.047462240955391644,0.0,0.00542969207352769,0.03973480857042501,0.010756937126800141,0.2868388466301079,0.0,0.5089163237311386,0.3224848556835729,0.0,0.07076162041915467,0.09474885844748858,0.007405456035593022,0.035651563048823325,0.020694298091558365,0.0044637630254068614,0.026343519494204427,61.46821215314366,38.667891149886415,5.151621589977754
ai_intrapartum_sensors,AI Intrapartum sensors,direct_flags,233,0.7405456035593022,0.6150480037466339,0.7200854700854701,0.0,0.6150480037466339,0.11395035710104204,0.32481376830208064,0.4410480349344978,0.2341381967634215,0.047462240955391644,0.0,0.005473597939351364,0.03875424423369629,0.01434258283573352,0.2868388466301079,0.0,0.5130315500685871,0.32526716619579904,0.0,0.06637103383678726,0.09149982437653671,0.007376185458377239,0.03445146938297623,0.020694298091558365,0.0044637630254068614,0.025319049291652032,60.00468329235453,37.05672901864114,5.063809858330407
diagnosis_base,Baseline,base,234,0.7403699800960075,0.615970026928931,0.7244467860906217,0.0,0.615970026928931,0.12576103500761035,0.35272896543698357,0.421971372047015,0.2252996625160014,0.04721344104905749,0.0,0.005312609764664559,0.04469617140850018,0.010917925301486945,0.28581554000177195,0.0,0.4925373134328358,0.3066880899779072,0.0,0.09594895211333568,0.1168774148226203,0.008181126331811263,0.042969207352769,0.0206357569371268,0.004595480622877883,0.050316122233930456,136.10818405338955,107.86097203664053,6.307809390001171
pocus,POCUS,direct_flags,234,0.7403699800960075,0.5662393162393162,0.7023328650040979,0.0,0.5662393162393162,0.15413885961831167,0.34105582985188,0.4300227876946449,0.22892138245347513,0.04721344104905749,0.0,0.005297974476056668,0.046408500175623466,0.009234867111579441,0.28581554000177195,0.0,0.4885290148448043,0.31904618170842136,0.0,0.1050374663388362,0.11588221519728369,0.008605549701440113,0.03712972719822035,0.020489404051047887,0.0046247512000936655,0.051106427818756586,114.15525114155251,82.63643275047103,5.693127268469734
intrapartum_sensors,Intrapartum sensors,direct_flags,234,0.7403699800960075,0.615970026928931,0.7234515864652851,0.0,0.615970026928931,0.12404870624048706,0.3485134497404436,0.4230769230769231,0.22840962718263333,0.04721344104905749,0.0,0.0055321390937829295,0.04244233696288491,0.012718065800257581,0.28581554000177195,0.0,0.5128900949796472,0.31868131868131866,0.0,0.0837138508371385,0.10607657182999648,0.008064044022948132,0.042266713499590214,0.0206357569371268,0.004595480622877883,0.04645240604144714,99.51996253366117,67.61434067968511,6.176091792530149
ai_intrapartum_sensors,AI Intrapartum sensors,direct_flags,234,0.7403699800960075,0.615970026928931,0.7229100807867931,0.0,0.615970026928931,0.12337548296452407,0.3479240806642942,0.4255041518386714,0.2265717674970344,0.04721344104905749,0.0,0.005619950825430277,0.04165203137805878,0.014532841587636108,0.28581554000177195,0.0,0.5210312075983717,0.3210377890580936,0.0,0.08050872263201031,0.10325196112867346,0.00803477344573235,0.04128614916286149,0.0206357569371268,0.004595480622877883,0.04548647699332631,99.51996253366117,67.61434067968511,6.1175506380985825
diagnosis_base,Baseline,base,235,0.7403846153846154,0.6145650392225734,0.7243004332045428,0.0,0.6145650392225734,0.11939468446317761,0.3263054670262319,0.44251041922039713,0.23118411375337092,0.0451645006439527,0.0,0.0056053155368223865,0.042427701674277014,0.01074230183819225,0.2868562929912623,0.0,0.4817610062893082,0.3051257762340806,0.0,0.08099168715607072,0.10494965460718886,0.008239667486242828,0.03374897552979745,0.020694298091558365,0.004610115911485775,0.028509542208172346,87.81173164734808,61.21528448998002,5.619950825430277
pocus,POCUS,direct_flags,235,0.7403846153846154,0.5631805409202669,0.6966836436014519,0.0,0.5631805409202669,0.14322093431682473,0.32260371959942774,0.4464541181279379,0.23094216227263437,0.0451645006439527,0.0,0.005854115443156539,0.042632595714787495,0.008766537876126917,0.2868562929912623,0.0,0.5018820577164367,0.3138332255979315,0.0,0.09154373024236039,0.1014957264957265,0.008781173164734809,0.02897787144362487,0.020606486359911018,0.004478398314014752,0.028538812785388126,86.34820278655896,49.64585953531475,5.093080435546189
intrapartum_sensors,Intrapartum sensors,direct_flags,235,0.7403846153846154,0.6145650392225734,0.7215636342348671,0.0,0.6145650392225734,0.11627736798969676,0.32422907488986785,0.4392699811202014,0.23650094398993077,0.0451645006439527,0.0,0.005898021308980213,0.04043730242360379,0.011971666081255123,0.2868562929912623,0.0,0.5069182389937107,0.3186116236162362,0.0,0.06944444444444445,0.094558599695586,0.008020138157124459,0.033368458025992274,0.020694298091558365,0.004610115911485775,0.02599227256761503,62.9317410139328,33.82949932341002,5.561409670998712
ai_intrapartum_sensors,AI Intrapartum sensors,direct_flags,235,0.7403846153846154,0.6145650392225734,0.7208318698044726,0.0,0.6145650392225734,0.1155309682706943,0.32569039777045855,0.44058778819356476,0.2337218140359767,0.0451645006439527,0.0,0.005941927174803887,0.03989579674511182,0.014620653319283456,0.2868562929912623,0.0,0.5106918238993711,0.3195030473511486,0.0,0.06760039807985013,0.09297798852593372,0.008020138157124459,0.0324757054209109,0.020694298091558365,0.004610115911485775,0.025567849197986183,62.9317410139328,33.82949932341002,5.502868516567147
diagnosis_base,Baseline,base,236,0.7406334152909495,0.6144333216251024,0.7244321508020138,0.0,0.6144333216251024,0.13556667837489755,0.3741768325596459,0.40591600993198745,0.21990715750836662,0.0473597939351364,0.0,0.005634586114038169,0.046964641142723335,0.010259337314131835,0.28695575064290146,0.0,0.4758961681087763,0.3048062310030395,0.0,0.0805233579206182,0.1202581664910432,0.009791008078679312,0.04282285446669008,0.020913827420676736,0.004654021777309449,0.0759425125863482,197.57639620653322,130.5146466436789,6.51270343051165
pocus,POCUS,direct_flags,236,0.7406334152909495,0.5621999765835383,0.6998595012293642,0.0,0.5621999765835383,0.16419330289193304,0.360994741064266,0.41812995810678316,0.22087530082895088,0.0473597939351364,0.0,0.006015103617843344,0.049277016742770165,0.008415290949537526,0.28695575064290146,0.0,0.4969770253929867,0.32137062136107664,0.0,0.08747512000936658,0.11819459079733052,0.010391054911602856,0.0367053038285915,0.021030909729539866,0.004610115911485775,0.07417164266479336,165.37876126917223,110.91980663532216,5.883386020372322
intrapartum_sensors,Intrapartum sensors,direct_flags,236,0.7406334152909495,0.6144333216251024,0.7231881512703431,0.0,0.6144333216251024,0.13375190258751904,0.37181310865521394,0.4080315132946712,0.2201553780501149,0.0473597939351364,0.0,0.005898021308980213,0.04469617140850018,0.01096183116731062,0.28695575064290146,0.0,0.49814585908529047,0.31624728176452316,0.0,0.07014693829762322,0.10941341763259571,0.009732466924247746,0.04238379580845334,0.020913827420676736,0.004654021777309449,0.07090797330523357,158.06111696522655,87.00976442911927,6.454162276080084
ai_intrapartum_sensors,AI Intrapartum sensors,direct_flags,236,0.7406334152909495,0.6144333216251024,0.7225734691488116,0.0,0.6144333216251024,0.13269816180775085,0.3718980919819124,0.40840410279033856,0.21969780522774898,0.0473597939351364,0.0,0.005941927174803887,0.04374487764898724,0.014430394567380869,0.28695575064290146,0.0,0.5018541409147095,0.3184530151289154,0.0,0.0668247277836319,0.10631073644772275,0.009703196347031963,0.0412715138742536,0.020913827420676736,0.004654021777309449,0.06909319751785505,156.59758810443742,85.3984724952467,6.41025641025641
diagnosis_base,Baseline,base,237,0.7407212270225969,0.6145211333567498,0.7243736096475822,0.0,0.6145211333567498,0.1285563751317176,0.3563296903460838,0.42235883424408016,0.22131147540983606,0.0542969207352769,0.0,0.005795574288724974,0.04760859384147055,0.010917925301486945,0.2883569096844396,0.0,0.4776839565741858,0.30989806611412785,0.0,0.09613921086523826,0.12438531787846856,0.009029973071068962,0.04387659524645826,0.0209723685751083,0.004741833508956797,0.05237969792764313,122.93642430628732,77.34699796964131,5.707762557077626
pocus,POCUS,direct_flags,237,0.7407212270225969,0.5622438824493619,0.6985715958318698,0.0,0.5622438824493619,0.15621707060063225,0.3462619449128724,0.4276747236275061,0.2260633314596215,0.0542969207352769,0.0,0.00597119775201967,0.04908675799086758,0.009073878936892635,0.2883569096844396,0.0,0.5018450184501845,0.3211720769893709,0.0,0.10950122936424306,0.12281934199742418,0.009366584709050463,0.037276080084299265,0.021030909729539866,0.00478573937478047,0.05397494438590329,109.7646645591851,67.87405224646558,4.727198220348905
intrapartum_sensors,Intrapartum sensors,direct_flags,237,0.7407212270225969,0.6145211333567498,0.723334504156422,0.0,0.6145211333567498,0.12704894040510478,0.35468264024881924,0.42011289022002074,0.22520446953116,0.0542969207352769,0.0,0.006059009483667018,0.046101159114857744,0.012893689263552277,0.2883569096844396,0.0,0.49939686369119424,0.31982942430703626,0.0,0.08741657885493502,0.11624809741248097,0.008986067205245288,0.04317410139327948,0.0209723685751083,0.004741833508956797,0.04943800491745697,103.91054911602856,56.39885268619679,5.53213909378293
ai_intrapartum_sensors,AI Intrapartum sensors,direct_flags,237,0.7407212270225969,0.6145211333567498,0.7223100339538696,0.0,0.6145211333567498,0.12580494087343402,0.35481619357840855,0.4218241042345277,0.22335970218706375,0.0542969207352769,0.0,0.0060882800608828,0.04462299496546072,0.014196229949654608,0.2883569096844396,0.0,0.5018094089264173,0.32121786767804467,0.0,0.08295281582952815,0.1119745931389767,0.008942161339421613,0.042632595714787495,0.0209723685751083,0.004741833508956797,0.04810619365413886,103.91054911602856,56.39885268619679,5.458962650743472
diagnosis_base,Baseline,base,238,0.7402236272099286,0.6144040510478866,0.7242126214728954,0.0,0.6144040510478866,0.13015162158997776,0.36500618463960416,0.4171820533003486,0.21781176206004724,0.04293993677555322,0.0,0.005356515630488233,0.04411075986418452,0.009908090387542442,0.28515890757119255,0.0,0.488,0.3095409263633563,0.0,0.07433263083948015,0.11636517972134411,0.008971431916637396,0.03408558716777895,0.02127970963587402,0.004932092260859384,0.05846797798852593,155.1340592436483,98.30781627719581,6.0882800608828
pocus,POCUS,direct_flags,238,0.7402236272099286,0.5611901416695937,0.6950152207001522,0.0,0.5611901416695937,0.15519260039807986,0.3522255752546209,0.42408525084873633,0.22368917389664278,0.04293993677555322,0.0,0.005590680248214495,0.0448278890059712,0.008473832103969091,0.28515890757119255,0.0,0.5155195681511471,0.31787048567870485,0.0,0.08841177848027162,0.11466748624282871,0.009059243648284743,0.028509542208172346,0.021001639152324083,0.005034539281114624,0.05941927174803887,134.6446551926004,87.78322512256526,5.180892167193537
intrapartum_sensors,Intrapartum sensors,direct_flags,238,0.7402236272099286,0.6144040510478866,0.7227344573234984,0.0,0.6144040510478866,0.12810268118487297,0.36021935336456073,0.4173426253855821,0.2224380212498572,0.04293993677555322,0.0,0.005619950825430277,0.04219353705655075,0.010434960777426531,0.28515890757119255,0.0,0.512,0.3173362685745735,0.0,0.0681711743355579,0.10812551223510128,0.008912890762205831,0.03398314014752371,0.02127970963587402,0.004932092260859384,0.055467743823908205,131.71759747102212,72.522159548751,6.0443741950591265
ai_intrapartum_sensors,AI Intrapartum sensors,direct_flags,238,0.7402236272099286,0.6144040510478866,0.7219587870272802,0.0,0.6144040510478866,0.12709284627092846,0.35985720865960386,0.41847075080608015,0.221672040534316,0.04293993677555322,0.0,0.005619950825430277,0.04099344339070366,0.014049877063575694,0.28515890757119255,0.0,0.512,0.316711895070104,0.0,0.066136869219061,0.10533017211099403,0.00889825547359794,0.0331489286968739,0.02127970963587402,0.004932092260859384,0.05398957967451118,131.71759747102212,72.522159548751,5.97119775201967
diagnosis_base,Baseline,base,239,0.7398138391289076,0.6148723802833392,0.7244467860906217,0.0,0.6148723802833392,0.1232876712328767,0.3410493827160494,0.43008072174738843,0.2288698955365622,0.03850544432736214,0.0,0.005136986301369863,0.04548647699332631,0.009483667017913594,0.28591610519452293,0.0,0.47560975609756095,0.299566265060241,0.0,0.09315361198922843,0.12049233110876946,0.008590914412832221,0.042735042735042736,0.021250439058658237,0.00466865706591734,0.04162276080084299,105.3740779768177,78.92151336028476,6.907856222924717
pocus,POCUS,direct_flags,239,0.7398138391289076,0.5640147523709168,0.7018499004800375,0.0,0.5640147523709168,0.15201674277016744,0.3344565322037162,0.4338114951381535,0.23173197265813036,0.03850544432736214,0.0,0.005502868516567147,0.048062287788315186,0.008547008547008548,0.28591610519452293,0.0,0.5122615803814714,0.3148006134969325,0.0,0.101159114857745,0.1202581664910432,0.008722632010303244,0.03673457440580728,0.020782109823205712,0.00466865706591734,0.04204718417047184,106.83760683760684,61.20760959470637,6.424891698864302
intrapartum_sensors,Intrapartum sensors,direct_flags,239,0.7398138391289076,0.6148723802833392,0.7234076805994614,0.0,0.6148723802833392,0.12173633064044023,0.33698004327963454,0.4308728059629719,0.23214715075739362,0.03850544432736214,0.0,0.005400421496311907,0.043422901299613625,0.009278772977403114,0.28591610519452293,0.0,0.5,0.3114633634264119,0.0,0.08208933380166257,0.10972075869336144,0.008488467392576981,0.04251551340592436,0.021250439058658237,0.00466865706591734,0.03865179721344105,83.42114506498068,54.761866413258815,6.878585645708934
ai_intrapartum_sensors,AI Intrapartum sensors,direct_flags,239,0.7398138391289076,0.6148723802833392,0.7231149748273036,0.0,0.6148723802833392,0.12138508371385083,0.335061490233904,0.4332047263081746,0.2317337834579214,0.03850544432736214,0.0,0.005444327362135582,0.04272040744643484,0.014210865238262498,0.28591610519452293,0.0,0.5040650406504065,0.31286173633440517,0.0,0.0794988877180658,0.10734984193888303,0.008488467392576981,0.04125687858564571,0.021250439058658237,0.00466865706591734,0.03790539749443859,84.88467392576982,56.372509543060545,6.8200444912773674
diagnosis_base,Baseline,base,240,0.7398138391289076,0.6154431565390469,0.7244321508020138,0.0,0.6154431565390469,0.12243882449361901,0.33946928042075064,0.43186708104231414,0.22866363853693522,0.04558892401358155,0.0,0.005093080435546189,0.043291183702142605,0.010142255005268703,0.2888270746407047,0.0,0.4671140939597315,0.30257774140752863,0.0,0.08519201498653553,0.11678960309097296,0.008415290949537526,0.046862194122468094,0.02139679194473715,0.0046979276431331225,0.04002751434258284,105.3740779768177,83.73186480524289,6.234632946961714
pocus,POCUS,direct_flags,240,0.7398138391289076,0.5656831752722163,0.7012059477812902,0.0,0.5656831752722163,0.14908968504858916,0.33238441150485915,0.43467164032590555,0.2329439481692353,0.04558892401358155,0.0,0.005517503805175038,0.044988877180658006,0.009059243648284743,0.2888270746407047,0.0,0.49933774834437084,0.3169072164948454,0.0,0.09610994028802249,0.11544315653904695,0.008883620184990048,0.040876361081840534,0.021323615501697694,0.004741833508956797,0.04083245521601686,109.7646645591851,69.43066851815115,5.663856691253952
intrapartum_sensors,Intrapartum sensors,direct_flags,240,0.7398138391289076,0.6154431565390469,0.7231588806931273,0.0,0.6154431565390469,0.12072649572649573,0.33543459813310705,0.43338586495332765,0.23117953691356527,0.04558892401358155,0.0,0.005400421496311907,0.04125687858564571,0.011444795691371034,0.2888270746407047,0.0,0.49530201342281877,0.3128745837957825,0.0,0.07361550169769347,0.10698395972368575,0.008356749795105959,0.04626214728954455,0.02139679194473715,0.0046979276431331225,0.037071186043788784,79.03055848261327,54.7477577572742,6.0443741950591265
ai_intrapartum_sensors,AI Intrapartum sensors,direct_flags,240,0.7398138391289076,0.6154431565390469,0.7229393513640089,0.0,0.6154431565390469,0.12038988408851423,0.3333333333333333,0.4361779722830051,0.23048869438366157,0.04558892401358155,0.0,0.00542969207352769,0.04086172579323264,0.013932794754712563,0.2888270746407047,0.0,0.49798657718120803,0.314946418499718,0.0,0.07165437302423604,0.10516918393630723,0.008342114506498069,0.0453254888186395,0.02139679194473715,0.0046979276431331225,0.03645650392225735,80.49408734340241,56.3579859266058,6.000468329235453
diagnosis_base,Baseline,base,241,0.7407797681770284,0.6147260273972602,0.7243589743589743,0.0,0.6147260273972602,0.12662451703547595,0.3539066111881646,0.4237170596393897,0.22237632917244568,0.04579381805409203,0.0,0.005590680248214495,0.04065683175272217,0.009439761152089918,0.2902328169928578,0.0,0.4658536585365854,0.30709705947380056,0.0,0.08334796862194123,0.10991101744526402,0.009791008078679312,0.033426999180423835,0.021250439058658237,0.004815009951996253,0.05016976934785154,146.35288607891349,99.943580236963,5.356515630488233
pocus,POCUS,direct_flags,241,0.7407797681770284,0.562097529563283,0.6951323030090153,0.0,0.562097529563283,0.15143133122585178,0.3484101671982217,0.4264037885377404,0.22518604426403788,0.04579381805409203,0.0,0.006029738906451235,0.04299847792998478,0.008312843929282285,0.2902328169928578,0.0,0.5175879396984925,0.31973011209054303,0.0,0.09685634000702494,0.1114769933263084,0.00965929048120829,0.028626624517035477,0.021206533192834564,0.00488818639503571,0.05201381571244585,140.49877063575693,97.75656957285351,4.4052218709752955
intrapartum_sensors,Intrapartum sensors,direct_flags,241,0.7407797681770284,0.6147260273972602,0.7220465987589275,0.0,0.6147260273972602,0.12375600046832924,0.35170293282876064,0.42135761589403975,0.2269394512771996,0.04579381805409203,0.0,0.005898021308980213,0.03860789134761738,0.009381219997658353,0.2902328169928578,0.0,0.49146341463414633,0.316231119635579,0.0,0.07403992506732232,0.10074932677672403,0.009673925769816181,0.033426999180423835,0.021250439058658237,0.004815009951996253,0.04689146469968388,120.00936658470906,70.92770210365116,5.283339187448776
ai_intrapartum_sensors,AI Intrapartum sensors,direct_flags,241,0.7407797681770284,0.6147260273972602,0.7213148343285329,0.0,0.6147260273972602,0.12283397728603208,0.3505302037412129,0.4223757893482664,0.22709400691052067,0.04579381805409203,0.0,0.005927291886195995,0.0378907622058307,0.013991335909144129,0.2902328169928578,0.0,0.49390243902439024,0.3167359921702961,0.0,0.07200561995082543,0.09889064512352183,0.009644655192600398,0.03228544666900831,0.021250439058658237,0.004815009951996253,0.045881629785739377,118.54583772391992,69.31570887402273,5.180892167193537
diagnosis_base,Baseline,base,242,0.7406626858681653,0.6153114389415759,0.7243443390703664,0.0,0.6153114389415759,0.12387308277719236,0.34534499054820417,0.4282844990548204,0.22637051039697542,0.04332045427935839,0.0,0.00630780939000117,0.05085762791242243,0.010200796159700268,0.289429940353965,0.0,0.4778270509977827,0.3037056458661073,0.0,0.06521484603676385,0.12728310502283105,0.0103178784685634,0.045018147757873786,0.021089450883971433,0.004873551106427819,0.0414325020489404,103.91054911602856,70.88542337930146,8.415290949537525
pocus,POCUS,direct_flags,242,0.7406626858681653,0.5626536705303828,0.6983081606369278,0.0,0.5626536705303828,0.1507142020840651,0.3351136142940377,0.4345503981355603,0.23033598757040202,0.04332045427935839,0.0,0.006761503336845802,0.05413593256059009,0.008737267298911135,0.289429940353965,0.0,0.5261958997722096,0.31756524725274726,0.0,0.0723861374546306,0.12832221051399134,0.010200796159700268,0.038198103266596416,0.021089450883971433,0.00499063341529095,0.04162276080084299,103.91054911602856,66.24161629543761,8.195761620419155
intrapartum_sensors,Intrapartum sensors,direct_flags,242,0.7406626858681653,0.6153114389415759,0.7227637279007142,0.0,0.6153114389415759,0.12191195410373493,0.34213685474189676,0.42725090036014407,0.23061224489795917,0.04332045427935839,0.0,0.0066005151621589975,0.04801838192249151,0.011225266362252663,0.289429940353965,0.0,0.5,0.3107890499194847,0.0,0.05754595480622878,0.11646762674159934,0.010200796159700268,0.04459372438824494,0.021089450883971433,0.004873551106427819,0.03916403231471725,81.95761620419155,46.719938136357776,8.561643835616438
ai_intrapartum_sensors,AI Intrapartum sensors,direct_flags,242,0.7406626858681653,0.6153114389415759,0.7222075869336143,0.0,0.6153114389415759,0.12122409553916404,0.3426294820717131,0.4279850295786551,0.22938548834963177,0.04332045427935839,0.0,0.006644421027982672,0.0470231822971549,0.013874253600280998,0.289429940353965,0.0,0.5033259423503326,0.31185091720858005,0.0,0.055540920266947666,0.11345275728837373,0.010171525582484487,0.04377414822620302,0.021089450883971433,0.004873551106427819,0.03835909144128322,83.42114506498068,48.330970485887356,8.561643835616438
diagnosis_base,Baseline,base,243,0.7403992506732233,0.6152236272099286,0.7243589743589743,0.0,0.6152236272099286,0.12780997541271513,0.36035726554448644,0.41589373640215277,0.22374899805336082,0.04536939468446318,0.0,0.005268703898840885,0.0448278890059712,0.010376419622994966,0.2894220894407618,0.0,0.45918367346938777,0.30892586989409987,0.0,0.08361140381688327,0.11487238028333918,0.009000702493853178,0.03736389181594661,0.020987003863716193,0.004741833508956797,0.054121297271982206,147.8164149397026,106.31100802164879,5.254068610232994
pocus,POCUS,direct_flags,243,0.7403992506732233,0.5627268469734223,0.6978398314014752,0.0,0.5627268469734223,0.15590972953986654,0.35201351731906505,0.4227917018680184,0.22519478081291655,0.04536939468446318,0.0,0.005722397845685517,0.048457440580728255,0.008927526050813723,0.2894220894407618,0.0,0.4905897114178168,0.32108223429014743,0.0,0.09729539866526168,0.11889708465050931,0.00955684346095305,0.03369043437536588,0.020811380400421495,0.004741833508956797,0.05766303711509191,139.0352417749678,99.30322238956654,4.390586582367405
intrapartum_sensors,Intrapartum sensors,direct_flags,243,0.7403992506732233,0.6152236272099286,0.7220905046247512,0.0,0.6152236272099286,0.12502927057721577,0.35924148425611613,0.4141402317686995,0.22661828397518435,0.04536939468446318,0.0,0.005590680248214495,0.04258868984896382,0.011708230886313079,0.2894220894407618,0.0,0.4872448979591837,0.3174776347370718,0.0,0.07193244350778598,0.10533017211099403,0.00889825547359794,0.03692483315770987,0.020987003863716193,0.004741833508956797,0.0500673223275963,112.69172228076337,67.65245965014014,5.078445146938297
ai_intrapartum_sensors,AI Intrapartum sensors,direct_flags,243,0.7403992506732233,0.6152236272099286,0.7190609998829177,0.0,0.6152236272099286,0.12134117784802716,0.35773730551200095,0.4156314075503558,0.22663128693764323,0.04536939468446318,0.0,0.005619950825430277,0.040320220114740665,0.014152324083830933,0.2894220894407618,0.0,0.4897959183673469,0.31886574074074076,0.0,0.06471724622409554,0.09925652733871912,0.008825079030558482,0.03626624517035476,0.020987003863716193,0.004741833508956797,0.04750614682121532,105.3740779768177,59.59859540607584,5.005268703898841
diagnosis_base,Baseline,base,244,0.7405895094251259,0.6156626858681653,0.7244467860906217,0.0,0.6156626858681653,0.13113218592670647,0.36941964285714285,0.40926339285714286,0.2213169642857143,0.04517913593256059,0.0,0.005093080435546189,0.044944971314834326,0.009820278655895093,0.2889096864763687,0.0,0.47346938775510206,0.3076229590303516,0.0,0.11760917925301487,0.11245755766303711,0.008415290949537526,0.04193010186160871,0.021118721461187213,0.00478573937478047,0.06398548179370098,166.84229012996136,125.66457225712904,5.854115443156539
pocus,POCUS,direct_flags,244,0.7405895094251259,0.5643220934316825,0.7014401123990165,0.0,0.5643220934316825,0.1616906685399836,0.3580738595220854,0.41790369297610425,0.22402244750181027,0.04517913593256059,0.0,0.0055321390937829295,0.047930570190844166,0.008707996721695352,0.2889096864763687,0.0,0.5142857142857142,0.31879684610143094,0.0,0.1327859735393982,0.11478456855169183,0.008781173164734809,0.03559302189439176,0.020913827420676736,0.00488818639503571,0.06641493970261093,153.67053038285917,112.49896600215071,5.019903992506732
intrapartum_sensors,Intrapartum sensors,direct_flags,244,0.7405895094251259,0.6156626858681653,0.7232613277133825,0.0,0.6156626858681653,0.12943449244819108,0.3682722749886929,0.40739484396200815,0.22433288104929897,0.04517913593256059,0.0,0.00532724505327245,0.042866760332513756,0.010303243179955509,0.2889096864763687,0.0,0.49523809523809526,0.31528525296017224,0.0,0.10603266596417281,0.10380810209577333,0.008268938063458612,0.04165203137805878,0.021118721461187213,0.00478573937478047,0.06034129493033603,136.10818405338955,91.8318028032866,5.766303711509192
ai_intrapartum_sensors,AI Intrapartum sensors,direct_flags,244,0.7405895094251259,0.6156626858681653,0.7229393513640089,0.0,0.6156626858681653,0.12884908090387542,0.3665379373012267,0.4099273057701045,0.22353475692866878,0.04517913593256059,0.0,0.005400421496311907,0.04182765484135347,0.014035241774967802,0.2889096864763687,0.0,0.5020408163265306,0.31482705441727254,0.0,0.10281290247043672,0.10110057370331343,0.008268938063458612,0.04068610232993795,0.021118721461187213,0.00478573937478047,0.05884849549233111,136.10818405338955,91.8318028032866,5.6784919798618425
diagnosis_base,Baseline,base,245,0.7401504507668891,0.615706591733989,0.7242565273387191,0.0,0.615706591733989,0.11529680365296803,0.3208936278243209,0.4457984259964458,0.2333079461792333,0.04731588806931273,0.0,0.00554677438239082,0.04206181945907973,0.009995902119189791,0.2887122700482229,0.0,0.46219512195121953,0.30470737913486007,0.0,0.07453752487999063,0.11070132303009016,0.009615384615384616,0.03256351715255825,0.021265074347266127,0.004683292354525232,0.021089450883971433,57.077625570776256,40.25116728385123,5.400421496311907
pocus,POCUS,direct_flags,245,0.7401504507668891,0.5640732935253483,0.6958201615735863,0.0,0.5640732935253483,0.1388888888888889,0.31496311907270813,0.4501580611169652,0.23487881981032666,0.04731588806931273,0.0,0.005956562463411779,0.044359559770518676,0.00869336143308746,0.2887122700482229,0.0,0.4987745098039216,0.31445170660856936,0.0,0.08564570893338017,0.1133356749795106,0.00989345509893455,0.028465636342348673,0.021118721461187213,0.004756468797564688,0.02205537993209226,64.39526987472193,38.03350255485919,4.7418335089567965
intrapartum_sensors,Intrapartum sensors,direct_flags,245,0.7401504507668891,0.615706591733989,0.7199391171993912,0.0,0.615706591733989,0.1107744994731296,0.31866825208085614,0.4449729158409301,0.23635883207821376,0.04731588806931273,0.0,0.005854115443156539,0.0392372087577567,0.010566678374897553,0.2887122700482229,0.0,0.4878048780487805,0.3177293197440152,0.0,0.06170237677086992,0.09834913944502986,0.009469031729305702,0.03225617609179253,0.021265074347266127,0.004683292354525232,0.018820981149748273,43.90586582367404,25.76074706166479,5.297974476056668
ai_intrapartum_sensors,AI Intrapartum sensors,direct_flags,245,0.7401504507668891,0.615706591733989,0.7193683409436834,0.0,0.615706591733989,0.11018908792881396,0.3186346128303892,0.4460087661043963,0.23535662106521452,0.04731588806931273,0.0,0.005883386020372322,0.03881278538812785,0.014108418218007259,0.2887122700482229,0.0,0.4902439024390244,0.3185585585585586,0.0,0.06060473012527807,0.09698805760449596,0.00945439644069781,0.031451235218358506,0.021265074347266127,0.004683292354525232,0.018630722397845686,43.90586582367404,25.76074706166479,5.224798033017212
diagnosis_base,Baseline,base,246,0.7400772743238496,0.6132039573820396,0.7242565273387191,0.0,0.6132039573820396,0.12290715372907153,0.3375803762800667,0.43248392474398667,0.22993569897594665,0.04738906451235218,0.0,0.005063809858330407,0.04396440697810561,0.010361784334387074,0.2891846030186657,0.0,0.4707482993197279,0.3071574642126789,0.0,0.0874604847207587,0.11374546306053156,0.008473832103969091,0.03527104554501815,0.020752839245989932,0.0045662100456621,0.03573937478047067,100.9834913944503,72.54671202179625,7.17129141786676
pocus,POCUS,direct_flags,246,0.7400772743238496,0.5596388010771572,0.6941956445381103,0.0,0.5596388010771572,0.1463236155016977,0.3270654130826165,0.4414882976595319,0.23144628925785157,0.04738906451235218,0.0,0.005415056784919799,0.04538402997307107,0.008868984896382156,0.2891846030186657,0.0,0.5103448275862069,0.3148862713241267,0.0,0.09464641142723335,0.11453576864535768,0.008503102681184873,0.0309536354056902,0.021133356749795107,0.004493033602622644,0.03632478632478633,105.3740779768177,64.63695576511925,6.498068141903758
intrapartum_sensors,Intrapartum sensors,direct_flags,246,0.7400772743238496,0.6132039573820396,0.7207147874956095,0.0,0.6132039573820396,0.11898489638215666,0.33653136531365313,0.4318573185731857,0.23161131611316113,0.04738906451235218,0.0,0.005283339187448777,0.04105198454513523,0.011576513288842056,0.2891846030186657,0.0,0.49115646258503404,0.31669865642994244,0.0,0.07472778363189322,0.10240311438941575,0.008356749795105959,0.03509542208172345,0.020752839245989932,0.0045662100456621,0.032841587636108185,76.10350076103501,45.14017636911767,7.156656129258869
ai_intrapartum_sensors,AI Intrapartum sensors,direct_flags,246,0.7400772743238496,0.6132039573820396,0.7186804823791125,0.0,0.6132039573820396,0.11673106193654138,0.3365095285857573,0.43367602808425276,0.22981444332998996,0.04738906451235218,0.0,0.005283339187448777,0.0395738203957382,0.014108418218007259,0.2891846030186657,0.0,0.49115646258503404,0.31533527696793,0.0,0.07158119658119658,0.09921262147289545,0.008342114506498069,0.034056316590563164,0.020752839245989932,0.0045662100456621,0.03189029387659525,76.10350076103501,45.14017636911767,7.142020840650978
diagnosis_base,Baseline,base,247,0.7403553448073996,0.6150480037466339,0.7243736096475822,0.0,0.6150480037466339,0.12303887132654256,0.34150113001070537,0.4316640894492685,0.22683478054002618,0.03878351481091207,0.0,0.005780939000117082,0.04317410139327948,0.010083713850837138,0.29085720557567774,0.0,0.469678953626635,0.30484654335021183,0.0,0.0879434492448191,0.10831577098700386,0.00955684346095305,0.04674511181360497,0.020401592319400537,0.0048442805292120365,0.04064219646411427,111.22819341997425,78.91515815241898,6.51270343051165
pocus,POCUS,direct_flags,247,0.7403553448073996,0.5628146587050696,0.6981764430394567,0.0,0.5628146587050696,0.14923603793466808,0.3312739040894381,0.43924683730508973,0.2294792586054722,0.03878351481091207,0.0,0.0062199976583538225,0.045208406509776373,0.008649455567263787,0.29085720557567774,0.0,0.529925187032419,0.3185192823262528,0.0,0.10035417398431097,0.10767181828825664,0.00922023182297155,0.039617726261561875,0.02066502751434258,0.00499063341529095,0.041373960894508836,111.22819341997425,77.75277924827952,6.1175506380985825
intrapartum_sensors,Intrapartum sensors,direct_flags,247,0.7403553448073996,0.6150480037466339,0.7226027397260274,0.0,0.6150480037466339,0.12088748390118254,0.3410411622276029,0.4301452784503632,0.2288135593220339,0.03878351481091207,0.0,0.006073644772274909,0.04068610232993795,0.010727666549584357,0.29085720557567774,0.0,0.4934601664684899,0.31207903008531657,0.0,0.07809390001170823,0.09900772743238496,0.009483667017913594,0.04648167661866292,0.020401592319400537,0.0048442805292120365,0.038198103266596416,90.73878936892636,56.3679701088707,6.51270343051165
ai_intrapartum_sensors,AI Intrapartum sensors,direct_flags,247,0.7403553448073996,0.6150480037466339,0.7223246692424775,0.0,0.6150480037466339,0.12050696639737736,0.3407821229050279,0.4307748360456643,0.22844304104930774,0.03878351481091207,0.0,0.006117550638098583,0.04018850251726964,0.014415759278772977,0.29085720557567774,0.0,0.49702734839476814,0.31304149566803463,0.0,0.07658646528509543,0.09733930453108536,0.00945439644069781,0.04539866526167896,0.020401592319400537,0.0048442805292120365,0.037729774031143894,90.73878936892636,56.3679701088707,6.41025641025641
diagnosis_base,Baseline,base,248,0.7402821683643601,0.6135698395972369,0.7242272567615033,0.0,0.6135698395972369,0.12864418686336496,0.35187713310580204,0.42195676905574514,0.2261660978384528,0.056726378644186864,0.0,0.004932092260859384,0.04621824142372088,0.009805643367287203,0.2932364956876986,0.0,0.47198879551820727,0.312797147385103,0.0,0.10151036178433438,0.11490165086055497,0.008561643835616438,0.04162276080084299,0.02095773328650041,0.004595480622877883,0.052291886195995785,128.79053974944387,87.03500741409322,7.259103149514109
pocus,POCUS,direct_flags,248,0.7402821683643601,0.5596973422315888,0.6956445381102916,0.0,0.5596973422315888,0.15465109471958788,0.34380618907920885,0.42661114791331506,0.2295826630074761,0.056726378644186864,0.0,0.005122351012761972,0.04728661749209694,0.008473832103969091,0.2932364956876986,0.0,0.5028735632183908,0.31914263137099963,0.0,0.10996955859969558,0.11507727432384966,0.00837138508371385,0.036544315653904695,0.021089450883971433,0.004595480622877883,0.053023650626390355,131.71759747102212,81.22399588907122,6.571244584943215
intrapartum_sensors,Intrapartum sensors,direct_flags,248,0.7402821683643601,0.6135698395972369,0.7207001522070016,0.0,0.6135698395972369,0.12454630605315536,0.35311398354876616,0.42044653349001176,0.2264394829612221,0.056726378644186864,0.0,0.005254068610232994,0.04298384264137689,0.01042032548881864,0.2932364956876986,0.0,0.5028011204481793,0.32193357448207827,0.0,0.08719704952581665,0.1030177965109472,0.008459196815361199,0.0414471373375483,0.02095773328650041,0.004595480622877883,0.04797447605666784,103.91054911602856,59.63509767261943,7.3176443039456744
ai_intrapartum_sensors,AI Intrapartum sensors,direct_flags,248,0.7402821683643601,0.6135698395972369,0.7198952113335675,0.0,0.6135698395972369,0.123653553448074,0.35282281926855247,0.4224168540655699,0.2247603266658776,0.056726378644186864,0.0,0.005268703898840885,0.042134995902119186,0.014064512352183586,0.2932364956876986,0.0,0.5042016806722689,0.32042292710072345,0.0,0.08567497951059595,0.10136400889825548,0.008429926238145416,0.040144596651445964,0.02095773328650041,0.004595480622877883,0.04728661749209694,103.91054911602856,59.63509767261943,7.288373726729891
diagnosis_base,Baseline,base,249,0.7403407095187917,0.6148431097061234,0.7243736096475822,0.0,0.6148431097061234,0.12299496546071889,0.33757734412184676,0.43300809138505475,0.22941456449309852,0.04776958201615736,0.0,0.00542969207352769,0.04327654841353472,0.009630019903992506,0.2919760264782181,0.0,0.4591584158415842,0.3023517382413088,0.0,0.07412773679896968,0.11015981735159817,0.009834913944502985,0.034685634000702494,0.02095773328650041,0.004493033602622644,0.039617726261561875,109.7646645591851,78.90753325388901,6.863950357101042
pocus,POCUS,direct_flags,249,0.7403407095187917,0.5623463294696172,0.6971227022596885,0.0,0.5623463294696172,0.14895796745111814,0.3325800746708587,0.43672627235213207,0.23069365297700922,0.04776958201615736,0.0,0.00586875073176443,0.04658412363891816,0.008268938063458612,0.2919760264782181,0.0,0.49813664596273294,0.31858672805524973,0.0,0.0818551691839363,0.11188678140732936,0.0099812668305819,0.030675564922140266,0.021016274440931976,0.004639386488701557,0.040876361081840534,115.61878000234164,71.153177899492,6.263903524177497
intrapartum_sensors,Intrapartum sensors,direct_flags,249,0.7403407095187917,0.6148431097061234,0.7216075401006908,0.0,0.6148431097061234,0.11986301369863013,0.33711843711843714,0.4335775335775336,0.2293040293040293,0.04776958201615736,0.0,0.0057516684229013,0.04092026694766421,0.010273972602739725,0.2919760264782181,0.0,0.4863861386138614,0.31233243967828417,0.0,0.0627561175506381,0.0997980330172111,0.009747102212855638,0.03440756351715256,0.02095773328650041,0.004493033602622644,0.036544315653904695,86.34820278655896,53.14180810976199,6.893220934316824
ai_intrapartum_sensors,AI Intrapartum sensors,direct_flags,249,0.7403407095187917,0.6148431097061234,0.7208904109589042,0.0,0.6148431097061234,0.11899953167076455,0.33685893494035174,0.43524781699667936,0.22789324806296887,0.04776958201615736,0.0,0.005766303711509191,0.04030558482613277,0.013713265425594192,0.2919760264782181,0.0,0.4876237623762376,0.3131680691380487,0.0,0.060882800608828,0.09789544549818523,0.009717831635639855,0.03344163446903173,0.02095773328650041,0.004493033602622644,0.03592963353237326,87.81173164734808,54.75216593126993,6.8200444912773674
diagnosis_base,Baseline,base,250,0.7401358154782812,0.614887015571947,0.7243882449361901,0.0,0.614887015571947,0.12160461304296921,0.33216993621374413,0.43699602840293655,0.23083403538331929,0.041315419740077276,0.0,0.005136986301369863,0.04569137103383679,0.0099812668305819,0.2916021072203285,0.0,0.45822454308093996,0.30348984154758435,0.0,0.07177145533309917,0.11959957850368809,0.008854349607774266,0.038563985481793704,0.020928462709284626,0.004419857159583187,0.03629551574757054,87.81173164734808,56.35344883106846,5.517503805175037
pocus,POCUS,direct_flags,250,0.7401358154782812,0.5630634586114038,0.6977666549584358,0.0,0.5630634586114038,0.14778714436248683,0.32917409387997626,0.4384036442859972,0.23242226183402653,0.041315419740077276,0.0,0.0054589626507434725,0.049745345978222694,0.008737267298911135,0.2916021072203285,0.0,0.5033738191632928,0.32141843971631207,0.0,0.08248448659407563,0.12235101276197166,0.008678726144479568,0.03390996370448425,0.02073820395738204,0.004654021777309449,0.03794930336026226,96.59290481208289,51.25746126754742,4.522304179838427
intrapartum_sensors,Intrapartum sensors,direct_flags,250,0.7401358154782812,0.614887015571947,0.7221344104905749,0.0,0.614887015571947,0.11899953167076455,0.33206247694010577,0.4393063583815029,0.22863116467839134,0.041315419740077276,0.0,0.00542969207352769,0.04267650158061117,0.010347149045779182,0.2916021072203285,0.0,0.48433420365535246,0.3125736949297888,0.0,0.0627414822620302,0.10765718299964876,0.008781173164734809,0.038168832689380636,0.020928462709284626,0.004419857159583187,0.033734340241189556,73.17644303945674,40.25246345076319,5.3418803418803416
ai_intrapartum_sensors,AI Intrapartum sensors,direct_flags,250,0.7401358154782812,0.614887015571947,0.7211392108652382,0.0,0.614887015571947,0.11781407329352535,0.3316770186335404,0.4408695652173913,0.22745341614906833,0.041315419740077276,0.0,0.005473597939351364,0.04162276080084299,0.014503571010420326,0.2916021072203285,0.0,0.48825065274151436,0.3146713874751051,0.0,0.060297389064512354,0.10395445498185224,0.008751902587519025,0.037173633064044025,0.020928462709284626,0.004419857159583187,0.03288549350193186,76.10350076103501,43.47266052682424,5.268703898840885
