Run,year,cost_yearly,resource_count,cost_type,cost_discounted_yearly,vehicle_stock,scenario,intervention,level,cost_category
201,1,40540.72586872587,16827.0,ANC,40540.72586872587,,diagnosis_base,Baseline,base,service_delivery_cost_usd
201,2,40514.22393822394,16816.0,ANC,39334.19799827567,,diagnosis_base,Baseline,base,service_delivery_cost_usd
201,3,40613.00386100386,16857.0,ANC,38281.65129701561,,diagnosis_base,Baseline,base,service_delivery_cost_usd
201,4,40572.04633204633,16840.0,ANC,37129.16980366215,,diagnosis_base,Baseline,base,service_delivery_cost_usd
201,5,40579.274131274135,16843.0,ANC,36054.15947945723,,diagnosis_base,Baseline,base,service_delivery_cost_usd
201,6,40786.47104247104,16929.0,ANC,35182.76820526585,,diagnosis_base,Baseline,base,service_delivery_cost_usd
201,7,40509.40540540541,16814.0,ANC,33925.98927464275,,diagnosis_base,Baseline,base,service_delivery_cost_usd
201,8,40468.44787644788,16797.0,ANC,32904.551445580735,,diagnosis_base,Baseline,base,service_delivery_cost_usd
201,9,40560.0,16835.0,ANC,32018.438543773224,,diagnosis_base,Baseline,base,service_delivery_cost_usd
201,10,40870.79536679537,16964.0,ANC,31324.061433304345,,diagnosis_base,Baseline,base,service_delivery_cost_usd
202,1,40596.138996138994,16850.0,ANC,40596.138996138994,,diagnosis_base,Baseline,base,service_delivery_cost_usd
202,2,40564.818532818535,16837.0,ANC,39383.31896390149,,diagnosis_base,Baseline,base,service_delivery_cost_usd
202,3,40598.54826254826,16851.0,ANC,38268.025509047286,,diagnosis_base,Baseline,base,service_delivery_cost_usd
202,4,40550.362934362936,16831.0,ANC,37109.326423125756,,diagnosis_base,Baseline,base,service_delivery_cost_usd
202,5,40617.8223938224,16859.0,ANC,36088.409111451016,,diagnosis_base,Baseline,base,service_delivery_cost_usd
202,6,40687.691119691124,16888.0,ANC,35097.5597761551,,diagnosis_base,Baseline,base,service_delivery_cost_usd
202,7,40535.90733590734,16825.0,ANC,33948.18422420984,,diagnosis_base,Baseline,base,service_delivery_cost_usd
202,8,40540.72586872587,16827.0,ANC,32963.32006755891,,diagnosis_base,Baseline,base,service_delivery_cost_usd
202,9,40509.40540540541,16814.0,ANC,31978.498703593883,,diagnosis_base,Baseline,base,service_delivery_cost_usd
202,10,40858.74903474904,16959.0,ANC,31314.82892286067,,diagnosis_base,Baseline,base,service_delivery_cost_usd
203,1,40639.50579150579,16868.0,ANC,40639.50579150579,,diagnosis_base,Baseline,base,service_delivery_cost_usd
203,2,40639.50579150579,16868.0,ANC,39455.8308655396,,diagnosis_base,Baseline,base,service_delivery_cost_usd
203,3,40552.772200772204,16832.0,ANC,38224.877180480915,,diagnosis_base,Baseline,base,service_delivery_cost_usd
203,4,40579.274131274135,16843.0,ANC,37135.78426384096,,diagnosis_base,Baseline,base,service_delivery_cost_usd
203,5,40593.729729729734,16849.0,ANC,36067.003091454906,,diagnosis_base,Baseline,base,service_delivery_cost_usd
203,6,40615.41312741313,16858.0,ANC,35035.212145098456,,diagnosis_base,Baseline,base,service_delivery_cost_usd
203,7,40598.54826254826,16851.0,ANC,34000.645014095695,,diagnosis_base,Baseline,base,service_delivery_cost_usd
203,8,40494.94980694981,16808.0,ANC,32926.09994030606,,diagnosis_base,Baseline,base,service_delivery_cost_usd
203,9,40519.04247104247,16818.0,ANC,31986.10629219947,,diagnosis_base,Baseline,base,service_delivery_cost_usd
203,10,40849.11196911197,16955.0,ANC,31307.442914505726,,diagnosis_base,Baseline,base,service_delivery_cost_usd
204,1,40625.05019305019,16862.0,ANC,40625.05019305019,,diagnosis_base,Baseline,base,service_delivery_cost_usd
204,2,40699.737451737456,16893.0,ANC,39514.30820557034,,diagnosis_base,Baseline,base,service_delivery_cost_usd
204,3,40596.138996138994,16850.0,ANC,38265.7545443859,,diagnosis_base,Baseline,base,service_delivery_cost_usd
204,4,40615.41312741313,16858.0,ANC,37168.85656473495,,diagnosis_base,Baseline,base,service_delivery_cost_usd
204,5,40572.04633204633,16840.0,ANC,36047.737673458396,,diagnosis_base,Baseline,base,service_delivery_cost_usd
204,6,40600.95752895753,16852.0,ANC,35022.742618887125,,diagnosis_base,Baseline,base,service_delivery_cost_usd
204,7,40603.3667953668,16853.0,ANC,34004.68045947153,,diagnosis_base,Baseline,base,service_delivery_cost_usd
204,8,40434.71814671815,16783.0,ANC,32877.126088657584,,diagnosis_base,Baseline,base,service_delivery_cost_usd
204,9,40581.6833976834,16844.0,ANC,32035.555618135804,,diagnosis_base,Baseline,base,service_delivery_cost_usd
204,10,40882.8416988417,16969.0,ANC,31333.29394374802,,diagnosis_base,Baseline,base,service_delivery_cost_usd
205,1,40584.09266409266,16845.0,ANC,40584.09266409266,,diagnosis_base,Baseline,base,service_delivery_cost_usd
205,2,40719.01158301158,16901.0,ANC,39533.020954380176,,diagnosis_base,Baseline,base,service_delivery_cost_usd
205,3,40458.81081081081,16793.0,ANC,38136.30955868679,,diagnosis_base,Baseline,base,service_delivery_cost_usd
205,4,40714.19305019305,16899.0,ANC,37259.25418717854,,diagnosis_base,Baseline,base,service_delivery_cost_usd
205,5,40670.82625482626,16881.0,ANC,36135.50235544247,,diagnosis_base,Baseline,base,service_delivery_cost_usd
205,6,40562.40926640927,16836.0,ANC,34989.490548990245,,diagnosis_base,Baseline,base,service_delivery_cost_usd
205,7,40528.67953667954,16822.0,ANC,33942.13105614609,,diagnosis_base,Baseline,base,service_delivery_cost_usd
205,8,40453.99227799228,16791.0,ANC,32892.797721185096,,diagnosis_base,Baseline,base,service_delivery_cost_usd
205,9,40644.32432432433,16870.0,ANC,32085.00494407213,,diagnosis_base,Baseline,base,service_delivery_cost_usd
205,10,40853.9305019305,16957.0,ANC,31311.135918683198,,diagnosis_base,Baseline,base,service_delivery_cost_usd
206,1,40540.72586872587,16827.0,ANC,40540.72586872587,,diagnosis_base,Baseline,base,service_delivery_cost_usd
206,2,40644.32432432433,16870.0,ANC,39460.50905274206,,diagnosis_base,Baseline,base,service_delivery_cost_usd
206,3,40545.5444015444,16829.0,ANC,38218.06428649675,,diagnosis_base,Baseline,base,service_delivery_cost_usd
206,4,40668.41698841699,16880.0,ANC,37217.36260604615,,diagnosis_base,Baseline,base,service_delivery_cost_usd
206,5,40723.83011583012,16903.0,ANC,36182.595599433924,,diagnosis_base,Baseline,base,service_delivery_cost_usd
206,6,40535.90733590734,16825.0,ANC,34966.62975093614,,diagnosis_base,Baseline,base,service_delivery_cost_usd
206,7,40473.26640926641,16799.0,ANC,33895.72343432399,,diagnosis_base,Baseline,base,service_delivery_cost_usd
206,8,40470.857142857145,16798.0,ANC,32906.51039964667,,diagnosis_base,Baseline,base,service_delivery_cost_usd
206,9,40661.189189189194,16877.0,ANC,32098.318224131912,,diagnosis_base,Baseline,base,service_delivery_cost_usd
206,10,40928.61776061776,16988.0,ANC,31368.377483433986,,diagnosis_base,Baseline,base,service_delivery_cost_usd
207,1,40545.5444015444,16829.0,ANC,40545.5444015444,,diagnosis_base,Baseline,base,service_delivery_cost_usd
207,2,40610.59459459459,16856.0,ANC,39427.761742324845,,diagnosis_base,Baseline,base,service_delivery_cost_usd
207,3,40521.45173745174,16819.0,ANC,38195.35463988287,,diagnosis_base,Baseline,base,service_delivery_cost_usd
207,4,40644.32432432433,16870.0,ANC,37195.31440545015,,diagnosis_base,Baseline,base,service_delivery_cost_usd
207,5,40774.42471042471,16924.0,ANC,36227.548241425764,,diagnosis_base,Baseline,base,service_delivery_cost_usd
207,6,40466.03861003861,16796.0,ANC,34906.36037424805,,diagnosis_base,Baseline,base,service_delivery_cost_usd
207,7,40569.637065637064,16839.0,ANC,33976.432341840686,,diagnosis_base,Baseline,base,service_delivery_cost_usd
207,8,40468.44787644788,16797.0,ANC,32904.551445580735,,diagnosis_base,Baseline,base,service_delivery_cost_usd
207,9,40670.82625482626,16881.0,ANC,32105.9258127375,,diagnosis_base,Baseline,base,service_delivery_cost_usd
207,10,40959.938223938225,17001.0,ANC,31392.382010587546,,diagnosis_base,Baseline,base,service_delivery_cost_usd
208,1,40475.67567567568,16800.0,ANC,40475.67567567568,,diagnosis_base,Baseline,base,service_delivery_cost_usd
208,2,40692.50965250965,16890.0,ANC,39507.290924766654,,diagnosis_base,Baseline,base,service_delivery_cost_usd
208,3,40482.903474903476,16803.0,ANC,38159.01920530067,,diagnosis_base,Baseline,base,service_delivery_cost_usd
208,4,40649.142857142855,16872.0,ANC,37199.724045569346,,diagnosis_base,Baseline,base,service_delivery_cost_usd
208,5,40784.061776061775,16928.0,ANC,36236.11064942421,,diagnosis_base,Baseline,base,service_delivery_cost_usd
208,6,40482.903474903476,16803.0,ANC,34920.908154827936,,diagnosis_base,Baseline,base,service_delivery_cost_usd
208,7,40519.04247104247,16818.0,ANC,33934.06016539442,,diagnosis_base,Baseline,base,service_delivery_cost_usd
208,8,40519.04247104247,16818.0,ANC,32945.689480965455,,diagnosis_base,Baseline,base,service_delivery_cost_usd
208,9,40670.82625482626,16881.0,ANC,32105.9258127375,,diagnosis_base,Baseline,base,service_delivery_cost_usd
208,10,40894.88803088803,16974.0,ANC,31342.526454191695,,diagnosis_base,Baseline,base,service_delivery_cost_usd
209,1,40511.814671814675,16815.0,ANC,40511.814671814675,,diagnosis_base,Baseline,base,service_delivery_cost_usd
209,2,40769.606177606176,16922.0,ANC,39582.141920006,,diagnosis_base,Baseline,base,service_delivery_cost_usd
209,3,40514.22393822394,16816.0,ANC,38188.541745898714,,diagnosis_base,Baseline,base,service_delivery_cost_usd
209,4,40564.818532818535,16837.0,ANC,37122.55534348336,,diagnosis_base,Baseline,base,service_delivery_cost_usd
209,5,40829.83783783784,16947.0,ANC,36276.78208741683,,diagnosis_base,Baseline,base,service_delivery_cost_usd
209,6,40449.17374517374,16789.0,ANC,34891.81259366816,,diagnosis_base,Baseline,base,service_delivery_cost_usd
209,7,40506.99613899614,16813.0,ANC,33923.97155195483,,diagnosis_base,Baseline,base,service_delivery_cost_usd
209,8,40526.27027027027,16821.0,ANC,32951.56634316328,,diagnosis_base,Baseline,base,service_delivery_cost_usd
209,9,40668.41698841699,16880.0,ANC,32104.0239155861,,diagnosis_base,Baseline,base,service_delivery_cost_usd
209,10,40890.0694980695,16972.0,ANC,31338.833450014223,,diagnosis_base,Baseline,base,service_delivery_cost_usd
210,1,40456.401544401546,16792.0,ANC,40456.401544401546,,diagnosis_base,Baseline,base,service_delivery_cost_usd
210,2,40750.33204633205,16914.0,ANC,39563.42917119616,,diagnosis_base,Baseline,base,service_delivery_cost_usd
210,3,40579.274131274135,16843.0,ANC,38249.857791756185,,diagnosis_base,Baseline,base,service_delivery_cost_usd
210,4,40506.99613899614,16813.0,ANC,37069.639662052956,,diagnosis_base,Baseline,base,service_delivery_cost_usd
210,5,40793.698841698846,16932.0,ANC,36244.67305742266,,diagnosis_base,Baseline,base,service_delivery_cost_usd
210,6,40531.0888030888,16823.0,ANC,34962.47324219903,,diagnosis_base,Baseline,base,service_delivery_cost_usd
210,7,40461.22007722008,16794.0,ANC,33885.63482088441,,diagnosis_base,Baseline,base,service_delivery_cost_usd
210,8,40531.0888030888,16823.0,ANC,32955.48425129515,,diagnosis_base,Baseline,base,service_delivery_cost_usd
210,9,40697.32818532819,16892.0,ANC,32126.846681402872,,diagnosis_base,Baseline,base,service_delivery_cost_usd
210,10,40875.6138996139,16966.0,ANC,31327.75443748181,,diagnosis_base,Baseline,base,service_delivery_cost_usd
211,1,40485.312741312744,16804.0,ANC,40485.312741312744,,diagnosis_base,Baseline,base,service_delivery_cost_usd
211,2,40670.82625482626,16881.0,ANC,39486.23908235559,,diagnosis_base,Baseline,base,service_delivery_cost_usd
211,3,40552.772200772204,16832.0,ANC,38224.877180480915,,diagnosis_base,Baseline,base,service_delivery_cost_usd
211,4,40521.45173745174,16819.0,ANC,37082.868582410556,,diagnosis_base,Baseline,base,service_delivery_cost_usd
211,5,40808.15444015444,16938.0,ANC,36257.51666942032,,diagnosis_base,Baseline,base,service_delivery_cost_usd
211,6,40547.95366795367,16830.0,ANC,34977.021022778914,,diagnosis_base,Baseline,base,service_delivery_cost_usd
211,7,40415.444015444016,16775.0,ANC,33847.29808981397,,diagnosis_base,Baseline,base,service_delivery_cost_usd
211,8,40639.50579150579,16868.0,ANC,33043.637184262414,,diagnosis_base,Baseline,base,service_delivery_cost_usd
211,9,40752.74131274132,16915.0,ANC,32170.59031588501,,diagnosis_base,Baseline,base,service_delivery_cost_usd
211,10,40772.015444015444,16923.0,ANC,31248.354847666196,,diagnosis_base,Baseline,base,service_delivery_cost_usd
212,1,40538.316602316605,16826.0,ANC,40538.316602316605,,diagnosis_base,Baseline,base,service_delivery_cost_usd
212,2,40603.3667953668,16853.0,ANC,39420.744461521164,,diagnosis_base,Baseline,base,service_delivery_cost_usd
212,3,40586.50193050193,16846.0,ANC,38256.67068574035,,diagnosis_base,Baseline,base,service_delivery_cost_usd
212,4,40533.49806949807,16824.0,ANC,37093.89268270855,,diagnosis_base,Baseline,base,service_delivery_cost_usd
212,5,40803.33590733591,16936.0,ANC,36253.23546542111,,diagnosis_base,Baseline,base,service_delivery_cost_usd
212,6,40528.679536679534,16822.0,ANC,34960.39498783047,,diagnosis_base,Baseline,base,service_delivery_cost_usd
212,7,40427.49034749035,16780.0,ANC,33857.38670325356,,diagnosis_base,Baseline,base,service_delivery_cost_usd
212,8,40637.096525096524,16867.0,ANC,33041.67823019648,,diagnosis_base,Baseline,base,service_delivery_cost_usd
212,9,40781.652509652515,16927.0,ANC,32193.41308170178,,diagnosis_base,Baseline,base,service_delivery_cost_usd
212,10,40786.47104247104,16929.0,ANC,31259.43386019861,,diagnosis_base,Baseline,base,service_delivery_cost_usd
213,1,40514.22393822394,16816.0,ANC,40514.22393822394,,diagnosis_base,Baseline,base,service_delivery_cost_usd
213,2,40613.00386100386,16857.0,ANC,39430.100835926074,,diagnosis_base,Baseline,base,service_delivery_cost_usd
213,3,40572.04633204633,16840.0,ANC,38243.044897772015,,diagnosis_base,Baseline,base,service_delivery_cost_usd
213,4,40579.274131274135,16843.0,ANC,37135.78426384096,,diagnosis_base,Baseline,base,service_delivery_cost_usd
213,5,40786.47104247104,16929.0,ANC,36238.251251423826,,diagnosis_base,Baseline,base,service_delivery_cost_usd
213,6,40509.40540540541,16814.0,ANC,34943.76895288204,,diagnosis_base,Baseline,base,service_delivery_cost_usd
213,7,40468.44787644788,16797.0,ANC,33891.68798894816,,diagnosis_base,Baseline,base,service_delivery_cost_usd
213,8,40560.0,16835.0,ANC,32978.99170008642,,diagnosis_base,Baseline,base,service_delivery_cost_usd
213,9,40870.79536679537,16964.0,ANC,32263.783276303475,,diagnosis_base,Baseline,base,service_delivery_cost_usd
213,10,40745.51351351351,16912.0,ANC,31228.043324690112,,diagnosis_base,Baseline,base,service_delivery_cost_usd
214,1,40564.818532818535,16837.0,ANC,40564.818532818535,,diagnosis_base,Baseline,base,service_delivery_cost_usd
214,2,40598.54826254826,16851.0,ANC,39416.0662743187,,diagnosis_base,Baseline,base,service_delivery_cost_usd
214,3,40550.362934362936,16831.0,ANC,38222.60621581953,,diagnosis_base,Baseline,base,service_delivery_cost_usd
214,4,40617.8223938224,16859.0,ANC,37171.06138479455,,diagnosis_base,Baseline,base,service_delivery_cost_usd
214,5,40687.691119691124,16888.0,ANC,36150.48656943975,,diagnosis_base,Baseline,base,service_delivery_cost_usd
214,6,40535.90733590734,16825.0,ANC,34966.62975093614,,diagnosis_base,Baseline,base,service_delivery_cost_usd
214,7,40540.72586872587,16827.0,ANC,33952.219669585684,,diagnosis_base,Baseline,base,service_delivery_cost_usd
214,8,40509.40540540541,16814.0,ANC,32937.8536647017,,diagnosis_base,Baseline,base,service_delivery_cost_usd
214,9,40858.74903474904,16959.0,ANC,32254.27379054649,,diagnosis_base,Baseline,base,service_delivery_cost_usd
214,10,40805.74517374518,16937.0,ANC,31274.205876908494,,diagnosis_base,Baseline,base,service_delivery_cost_usd
215,1,40639.50579150579,16868.0,ANC,40639.50579150579,,diagnosis_base,Baseline,base,service_delivery_cost_usd
215,2,40552.772200772204,16832.0,ANC,39371.62349589534,,diagnosis_base,Baseline,base,service_delivery_cost_usd
215,3,40579.274131274135,16843.0,ANC,38249.857791756185,,diagnosis_base,Baseline,base,service_delivery_cost_usd
215,4,40593.729729729734,16849.0,ANC,37149.01318419856,,diagnosis_base,Baseline,base,service_delivery_cost_usd
215,5,40615.41312741313,16858.0,ANC,36086.2685094514,,diagnosis_base,Baseline,base,service_delivery_cost_usd
215,6,40598.54826254826,16851.0,ANC,35020.66436451857,,diagnosis_base,Baseline,base,service_delivery_cost_usd
215,7,40494.94980694981,16808.0,ANC,33913.88293851525,,diagnosis_base,Baseline,base,service_delivery_cost_usd
215,8,40519.04247104247,16818.0,ANC,32945.689480965455,,diagnosis_base,Baseline,base,service_delivery_cost_usd
215,9,40849.11196911197,16955.0,ANC,32246.666201940898,,diagnosis_base,Baseline,base,service_delivery_cost_usd
215,10,40839.474903474904,16951.0,ANC,31300.056906150785,,diagnosis_base,Baseline,base,service_delivery_cost_usd
216,1,40699.737451737456,16893.0,ANC,40699.737451737456,,diagnosis_base,Baseline,base,service_delivery_cost_usd
216,2,40596.138996138994,16850.0,ANC,39413.72718071747,,diagnosis_base,Baseline,base,service_delivery_cost_usd
216,3,40615.41312741313,16858.0,ANC,38283.922261677,,diagnosis_base,Baseline,base,service_delivery_cost_usd
216,4,40572.04633204633,16840.0,ANC,37129.16980366215,,diagnosis_base,Baseline,base,service_delivery_cost_usd
216,5,40600.95752895753,16852.0,ANC,36073.42489745373,,diagnosis_base,Baseline,base,service_delivery_cost_usd
216,6,40603.3667953668,16853.0,ANC,35024.82087325568,,diagnosis_base,Baseline,base,service_delivery_cost_usd
216,7,40434.71814671815,16783.0,ANC,33863.439871317314,,diagnosis_base,Baseline,base,service_delivery_cost_usd
216,8,40581.6833976834,16844.0,ANC,32996.62228667988,,diagnosis_base,Baseline,base,service_delivery_cost_usd
216,9,40882.8416988417,16969.0,ANC,32273.29276206046,,diagnosis_base,Baseline,base,service_delivery_cost_usd
216,10,40827.42857142857,16946.0,ANC,31290.82439570711,,diagnosis_base,Baseline,base,service_delivery_cost_usd
217,1,40719.01158301158,16901.0,ANC,40719.01158301158,,diagnosis_base,Baseline,base,service_delivery_cost_usd
217,2,40458.81081081081,16793.0,ANC,39280.39884544739,,diagnosis_base,Baseline,base,service_delivery_cost_usd
217,3,40714.19305019305,16899.0,ANC,38377.0318127939,,diagnosis_base,Baseline,base,service_delivery_cost_usd
217,4,40670.82625482626,16881.0,ANC,37219.56742610575,,diagnosis_base,Baseline,base,service_delivery_cost_usd
217,5,40562.40926640927,16836.0,ANC,36039.17526545995,,diagnosis_base,Baseline,base,service_delivery_cost_usd
217,6,40528.67953667954,16822.0,ANC,34960.39498783048,,diagnosis_base,Baseline,base,service_delivery_cost_usd
217,7,40453.99227799228,16791.0,ANC,33879.581652820656,,diagnosis_base,Baseline,base,service_delivery_cost_usd
217,8,40644.32432432433,16870.0,ANC,33047.555092394294,,diagnosis_base,Baseline,base,service_delivery_cost_usd
217,9,40853.9305019305,16957.0,ANC,32250.469996243693,,diagnosis_base,Baseline,base,service_delivery_cost_usd
217,10,40786.47104247104,16929.0,ANC,31259.43386019861,,diagnosis_base,Baseline,base,service_delivery_cost_usd
218,1,40644.32432432433,16870.0,ANC,40644.32432432433,,diagnosis_base,Baseline,base,service_delivery_cost_usd
218,2,40545.5444015444,16829.0,ANC,39364.60621509165,,diagnosis_base,Baseline,base,service_delivery_cost_usd
218,3,40668.41698841699,16880.0,ANC,38333.88348422753,,diagnosis_base,Baseline,base,service_delivery_cost_usd
218,4,40723.83011583012,16903.0,ANC,37268.07346741694,,diagnosis_base,Baseline,base,service_delivery_cost_usd
218,5,40535.90733590734,16825.0,ANC,36015.628643464224,,diagnosis_base,Baseline,base,service_delivery_cost_usd
218,6,40473.26640926641,16799.0,ANC,34912.59513735372,,diagnosis_base,Baseline,base,service_delivery_cost_usd
218,7,40470.857142857145,16798.0,ANC,33893.705711636074,,diagnosis_base,Baseline,base,service_delivery_cost_usd
218,8,40661.189189189194,16877.0,ANC,33061.26777085587,,diagnosis_base,Baseline,base,service_delivery_cost_usd
218,9,40928.61776061776,16988.0,ANC,32309.428807937005,,diagnosis_base,Baseline,base,service_delivery_cost_usd
218,10,40755.150579150584,16916.0,ANC,31235.429333045056,,diagnosis_base,Baseline,base,service_delivery_cost_usd
219,1,40610.59459459459,16856.0,ANC,40610.59459459459,,diagnosis_base,Baseline,base,service_delivery_cost_usd
219,2,40521.45173745174,16819.0,ANC,39341.215279079355,,diagnosis_base,Baseline,base,service_delivery_cost_usd
219,3,40644.32432432433,16870.0,ANC,38311.173837613656,,diagnosis_base,Baseline,base,service_delivery_cost_usd
219,4,40774.42471042471,16924.0,ANC,37314.37468866854,,diagnosis_base,Baseline,base,service_delivery_cost_usd
219,5,40466.03861003861,16796.0,ANC,35953.55118547549,,diagnosis_base,Baseline,base,service_delivery_cost_usd
219,6,40569.637065637064,16839.0,ANC,34995.72531209591,,diagnosis_base,Baseline,base,service_delivery_cost_usd
219,7,40468.44787644788,16797.0,ANC,33891.68798894816,,diagnosis_base,Baseline,base,service_delivery_cost_usd
219,8,40670.82625482626,16881.0,ANC,33069.10358711963,,diagnosis_base,Baseline,base,service_delivery_cost_usd
219,9,40959.938223938225,17001.0,ANC,32334.153470905174,,diagnosis_base,Baseline,base,service_delivery_cost_usd
219,10,40649.14285714286,16872.0,ANC,31154.183241140705,,diagnosis_base,Baseline,base,service_delivery_cost_usd
220,1,40692.50965250965,16890.0,ANC,40692.50965250965,,diagnosis_base,Baseline,base,service_delivery_cost_usd
220,2,40482.903474903476,16803.0,ANC,39303.78978145969,,diagnosis_base,Baseline,base,service_delivery_cost_usd
220,3,40649.142857142855,16872.0,ANC,38315.71576693643,,diagnosis_base,Baseline,base,service_delivery_cost_usd
220,4,40784.061776061775,16928.0,ANC,37323.19396890694,,diagnosis_base,Baseline,base,service_delivery_cost_usd
220,5,40482.903474903476,16803.0,ANC,35968.53539947277,,diagnosis_base,Baseline,base,service_delivery_cost_usd
220,6,40519.04247104247,16818.0,ANC,34952.08197035625,,diagnosis_base,Baseline,base,service_delivery_cost_usd
220,7,40519.04247104247,16818.0,ANC,33934.06016539442,,diagnosis_base,Baseline,base,service_delivery_cost_usd
220,8,40670.82625482626,16881.0,ANC,33069.10358711963,,diagnosis_base,Baseline,base,service_delivery_cost_usd
220,9,40894.88803088803,16974.0,ANC,32282.802247817446,,diagnosis_base,Baseline,base,service_delivery_cost_usd
220,10,40694.91891891892,16891.0,ANC,31189.26678082667,,diagnosis_base,Baseline,base,service_delivery_cost_usd
221,1,40769.606177606176,16922.0,ANC,40769.606177606176,,diagnosis_base,Baseline,base,service_delivery_cost_usd
221,2,40514.22393822394,16816.0,ANC,39334.19799827567,,diagnosis_base,Baseline,base,service_delivery_cost_usd
221,3,40564.818532818535,16837.0,ANC,38236.23200378786,,diagnosis_base,Baseline,base,service_delivery_cost_usd
221,4,40829.83783783784,16947.0,ANC,37365.085550039345,,diagnosis_base,Baseline,base,service_delivery_cost_usd
221,5,40449.17374517374,16789.0,ANC,35938.566971478205,,diagnosis_base,Baseline,base,service_delivery_cost_usd
221,6,40506.99613899614,16813.0,ANC,34941.690698513485,,diagnosis_base,Baseline,base,service_delivery_cost_usd
221,7,40526.27027027027,16821.0,ANC,33940.113333458175,,diagnosis_base,Baseline,base,service_delivery_cost_usd
221,8,40668.41698841699,16880.0,ANC,33067.144633053686,,diagnosis_base,Baseline,base,service_delivery_cost_usd
221,9,40890.0694980695,16972.0,ANC,32278.99845351465,,diagnosis_base,Baseline,base,service_delivery_cost_usd
221,10,40757.559845559845,16917.0,ANC,31237.275835133787,,diagnosis_base,Baseline,base,service_delivery_cost_usd
222,1,40750.33204633205,16914.0,ANC,40750.33204633205,,diagnosis_base,Baseline,base,service_delivery_cost_usd
222,2,40579.274131274135,16843.0,ANC,39397.353525508865,,diagnosis_base,Baseline,base,service_delivery_cost_usd
222,3,40506.99613899614,16813.0,ANC,38181.728851914544,,diagnosis_base,Baseline,base,service_delivery_cost_usd
222,4,40793.698841698846,16932.0,ANC,37332.01324914535,,diagnosis_base,Baseline,base,service_delivery_cost_usd
222,5,40531.0888030888,16823.0,ANC,36011.347439465,,diagnosis_base,Baseline,base,service_delivery_cost_usd
222,6,40461.22007722008,16794.0,ANC,34902.20386551094,,diagnosis_base,Baseline,base,service_delivery_cost_usd
222,7,40531.0888030888,16823.0,ANC,33944.14877883401,,diagnosis_base,Baseline,base,service_delivery_cost_usd
222,8,40697.32818532819,16892.0,ANC,33090.65208184496,,diagnosis_base,Baseline,base,service_delivery_cost_usd
222,9,40875.6138996139,16966.0,ANC,32267.587070606267,,diagnosis_base,Baseline,base,service_delivery_cost_usd
222,10,40846.70270270271,16954.0,ANC,31305.59641241699,,diagnosis_base,Baseline,base,service_delivery_cost_usd
223,1,40670.82625482626,16881.0,ANC,40670.82625482626,,diagnosis_base,Baseline,base,service_delivery_cost_usd
223,2,40552.772200772204,16832.0,ANC,39371.62349589534,,diagnosis_base,Baseline,base,service_delivery_cost_usd
223,3,40521.45173745174,16819.0,ANC,38195.35463988287,,diagnosis_base,Baseline,base,service_delivery_cost_usd
223,4,40808.15444015444,16938.0,ANC,37345.24216950294,,diagnosis_base,Baseline,base,service_delivery_cost_usd
223,5,40547.95366795367,16830.0,ANC,36026.33165346228,,diagnosis_base,Baseline,base,service_delivery_cost_usd
223,6,40415.444015444016,16775.0,ANC,34862.71703250839,,diagnosis_base,Baseline,base,service_delivery_cost_usd
223,7,40639.50579150579,16868.0,ANC,34034.94629979029,,diagnosis_base,Baseline,base,service_delivery_cost_usd
223,8,40752.74131274132,16915.0,ANC,33135.708025361564,,diagnosis_base,Baseline,base,service_delivery_cost_usd
223,9,40772.015444015444,16923.0,ANC,32185.805493096184,,diagnosis_base,Baseline,base,service_delivery_cost_usd
223,10,40791.28957528958,16931.0,ANC,31263.12686437608,,diagnosis_base,Baseline,base,service_delivery_cost_usd
224,1,40603.3667953668,16853.0,ANC,40603.3667953668,,diagnosis_base,Baseline,base,service_delivery_cost_usd
224,2,40586.50193050193,16846.0,ANC,39404.37080631255,,diagnosis_base,Baseline,base,service_delivery_cost_usd
224,3,40533.49806949807,16824.0,ANC,38206.709463189814,,diagnosis_base,Baseline,base,service_delivery_cost_usd
224,4,40803.33590733591,16936.0,ANC,37340.83252938374,,diagnosis_base,Baseline,base,service_delivery_cost_usd
224,5,40528.679536679534,16822.0,ANC,36009.20683746538,,diagnosis_base,Baseline,base,service_delivery_cost_usd
224,6,40427.49034749035,16780.0,ANC,34873.10830435117,,diagnosis_base,Baseline,base,service_delivery_cost_usd
224,7,40637.096525096524,16867.0,ANC,34032.92857710237,,diagnosis_base,Baseline,base,service_delivery_cost_usd
224,8,40781.652509652515,16927.0,ANC,33159.215474152836,,diagnosis_base,Baseline,base,service_delivery_cost_usd
224,9,40786.47104247104,16929.0,ANC,32197.216876004568,,diagnosis_base,Baseline,base,service_delivery_cost_usd
224,10,40779.24324324325,16926.0,ANC,31253.894353932406,,diagnosis_base,Baseline,base,service_delivery_cost_usd
225,1,40613.00386100386,16857.0,ANC,40613.00386100386,,diagnosis_base,Baseline,base,service_delivery_cost_usd
225,2,40572.04633204633,16840.0,ANC,39390.33624470518,,diagnosis_base,Baseline,base,service_delivery_cost_usd
225,3,40579.274131274135,16843.0,ANC,38249.857791756185,,diagnosis_base,Baseline,base,service_delivery_cost_usd
225,4,40786.47104247104,16929.0,ANC,37325.398788966544,,diagnosis_base,Baseline,base,service_delivery_cost_usd
225,5,40509.40540540541,16814.0,ANC,35992.08202146849,,diagnosis_base,Baseline,base,service_delivery_cost_usd
225,6,40468.44787644788,16797.0,ANC,34908.438628616605,,diagnosis_base,Baseline,base,service_delivery_cost_usd
225,7,40560.0,16835.0,ANC,33968.36145108902,,diagnosis_base,Baseline,base,service_delivery_cost_usd
225,8,40870.79536679537,16964.0,ANC,33231.69677459258,,diagnosis_base,Baseline,base,service_delivery_cost_usd
225,9,40745.51351351351,16912.0,ANC,32164.884624430815,,diagnosis_base,Baseline,base,service_delivery_cost_usd
225,10,40803.33590733591,16936.0,ANC,31272.359374819756,,diagnosis_base,Baseline,base,service_delivery_cost_usd
226,1,40598.54826254826,16851.0,ANC,40598.54826254826,,diagnosis_base,Baseline,base,service_delivery_cost_usd
226,2,40550.362934362936,16831.0,ANC,39369.28440229411,,diagnosis_base,Baseline,base,service_delivery_cost_usd
226,3,40617.8223938224,16859.0,ANC,38286.19322633839,,diagnosis_base,Baseline,base,service_delivery_cost_usd
226,4,40687.691119691124,16888.0,ANC,37235.001166522954,,diagnosis_base,Baseline,base,service_delivery_cost_usd
226,5,40535.90733590734,16825.0,ANC,36015.628643464224,,diagnosis_base,Baseline,base,service_delivery_cost_usd
226,6,40540.72586872587,16827.0,ANC,34970.78625967325,,diagnosis_base,Baseline,base,service_delivery_cost_usd
226,7,40509.40540540541,16814.0,ANC,33925.98927464275,,diagnosis_base,Baseline,base,service_delivery_cost_usd
226,8,40858.74903474904,16959.0,ANC,33221.90200426288,,diagnosis_base,Baseline,base,service_delivery_cost_usd
226,9,40805.74517374518,16937.0,ANC,32212.43205321575,,diagnosis_base,Baseline,base,service_delivery_cost_usd
226,10,40793.698841698846,16932.0,ANC,31264.97336646482,,diagnosis_base,Baseline,base,service_delivery_cost_usd
227,1,40552.772200772204,16832.0,ANC,40552.772200772204,,diagnosis_base,Baseline,base,service_delivery_cost_usd
227,2,40579.274131274135,16843.0,ANC,39397.353525508865,,diagnosis_base,Baseline,base,service_delivery_cost_usd
227,3,40593.729729729734,16849.0,ANC,38263.48357972451,,diagnosis_base,Baseline,base,service_delivery_cost_usd
227,4,40615.41312741313,16858.0,ANC,37168.85656473495,,diagnosis_base,Baseline,base,service_delivery_cost_usd
227,5,40598.54826254826,16851.0,ANC,36071.28429545412,,diagnosis_base,Baseline,base,service_delivery_cost_usd
227,6,40494.94980694981,16808.0,ANC,34931.29942667071,,diagnosis_base,Baseline,base,service_delivery_cost_usd
227,7,40519.04247104247,16818.0,ANC,33934.06016539442,,diagnosis_base,Baseline,base,service_delivery_cost_usd
227,8,40849.11196911197,16955.0,ANC,33214.066187999124,,diagnosis_base,Baseline,base,service_delivery_cost_usd
227,9,40839.474903474904,16951.0,ANC,32239.05861333531,,diagnosis_base,Baseline,base,service_delivery_cost_usd
227,10,40822.610038610044,16944.0,ANC,31287.13139152964,,diagnosis_base,Baseline,base,service_delivery_cost_usd
228,1,40596.138996138994,16850.0,ANC,40596.138996138994,,diagnosis_base,Baseline,base,service_delivery_cost_usd
228,2,40615.41312741313,16858.0,ANC,39432.43992952731,,diagnosis_base,Baseline,base,service_delivery_cost_usd
228,3,40572.04633204633,16840.0,ANC,38243.044897772015,,diagnosis_base,Baseline,base,service_delivery_cost_usd
228,4,40600.95752895753,16852.0,ANC,37155.62764437735,,diagnosis_base,Baseline,base,service_delivery_cost_usd
228,5,40603.3667953668,16853.0,ANC,36075.56549945335,,diagnosis_base,Baseline,base,service_delivery_cost_usd
228,6,40434.71814671815,16783.0,ANC,34879.34306745684,,diagnosis_base,Baseline,base,service_delivery_cost_usd
228,7,40581.6833976834,16844.0,ANC,33986.52095528028,,diagnosis_base,Baseline,base,service_delivery_cost_usd
228,8,40882.8416988417,16969.0,ANC,33241.491544922275,,diagnosis_base,Baseline,base,service_delivery_cost_usd
228,9,40827.42857142857,16946.0,ANC,32229.549127578324,,diagnosis_base,Baseline,base,service_delivery_cost_usd
228,10,40890.0694980695,16972.0,ANC,31338.833450014223,,diagnosis_base,Baseline,base,service_delivery_cost_usd
229,1,40458.81081081081,16793.0,ANC,40458.81081081081,,diagnosis_base,Baseline,base,service_delivery_cost_usd
229,2,40714.19305019305,16899.0,ANC,39528.34276717772,,diagnosis_base,Baseline,base,service_delivery_cost_usd
229,3,40670.82625482626,16881.0,ANC,38336.15444888893,,diagnosis_base,Baseline,base,service_delivery_cost_usd
229,4,40562.40926640927,16836.0,ANC,37120.35052342375,,diagnosis_base,Baseline,base,service_delivery_cost_usd
229,5,40528.67953667954,16822.0,ANC,36009.20683746539,,diagnosis_base,Baseline,base,service_delivery_cost_usd
229,6,40453.99227799228,16791.0,ANC,34895.96910240527,,diagnosis_base,Baseline,base,service_delivery_cost_usd
229,7,40644.32432432433,16870.0,ANC,34038.98174516613,,diagnosis_base,Baseline,base,service_delivery_cost_usd
229,8,40853.9305019305,16957.0,ANC,33217.984096131004,,diagnosis_base,Baseline,base,service_delivery_cost_usd
229,9,40786.47104247104,16929.0,ANC,32197.216876004568,,diagnosis_base,Baseline,base,service_delivery_cost_usd
229,10,40882.8416988417,16969.0,ANC,31333.29394374802,,diagnosis_base,Baseline,base,service_delivery_cost_usd
230,1,40545.5444015444,16829.0,ANC,40545.5444015444,,diagnosis_base,Baseline,base,service_delivery_cost_usd
230,2,40668.41698841699,16880.0,ANC,39483.89998875436,,diagnosis_base,Baseline,base,service_delivery_cost_usd
230,3,40723.83011583012,16903.0,ANC,38386.11567143946,,diagnosis_base,Baseline,base,service_delivery_cost_usd
230,4,40535.90733590734,16825.0,ANC,37096.097502768156,,diagnosis_base,Baseline,base,service_delivery_cost_usd
230,5,40473.26640926641,16799.0,ANC,35959.97299147432,,diagnosis_base,Baseline,base,service_delivery_cost_usd
230,6,40470.857142857145,16798.0,ANC,34910.51688298516,,diagnosis_base,Baseline,base,service_delivery_cost_usd
230,7,40661.189189189194,16877.0,ANC,34053.10580398155,,diagnosis_base,Baseline,base,service_delivery_cost_usd
230,8,40928.61776061776,16988.0,ANC,33278.711672175115,,diagnosis_base,Baseline,base,service_delivery_cost_usd
230,9,40755.150579150584,16916.0,ANC,32172.492213036407,,diagnosis_base,Baseline,base,service_delivery_cost_usd
230,10,40837.065637065636,16950.0,ANC,31298.210404062047,,diagnosis_base,Baseline,base,service_delivery_cost_usd
231,1,40521.45173745174,16819.0,ANC,40521.45173745174,,diagnosis_base,Baseline,base,service_delivery_cost_usd
231,2,40644.32432432433,16870.0,ANC,39460.50905274206,,diagnosis_base,Baseline,base,service_delivery_cost_usd
231,3,40774.42471042471,16924.0,ANC,38433.8059293286,,diagnosis_base,Baseline,base,service_delivery_cost_usd
231,4,40466.03861003861,16796.0,ANC,37032.15772103976,,diagnosis_base,Baseline,base,service_delivery_cost_usd
231,5,40569.637065637064,16839.0,ANC,36045.59707145878,,diagnosis_base,Baseline,base,service_delivery_cost_usd
231,6,40468.44787644788,16797.0,ANC,34908.438628616605,,diagnosis_base,Baseline,base,service_delivery_cost_usd
231,7,40670.82625482626,16881.0,ANC,34061.17669473322,,diagnosis_base,Baseline,base,service_delivery_cost_usd
231,8,40959.938223938225,17001.0,ANC,33304.17807503233,,diagnosis_base,Baseline,base,service_delivery_cost_usd
231,9,40649.14285714286,16872.0,ANC,32088.808738374926,,diagnosis_base,Baseline,base,service_delivery_cost_usd
231,10,40853.9305019305,16957.0,ANC,31311.135918683198,,diagnosis_base,Baseline,base,service_delivery_cost_usd
232,1,40482.903474903476,16803.0,ANC,40482.903474903476,,diagnosis_base,Baseline,base,service_delivery_cost_usd
232,2,40649.142857142855,16872.0,ANC,39465.18723994452,,diagnosis_base,Baseline,base,service_delivery_cost_usd
232,3,40784.061776061775,16928.0,ANC,38442.88978797415,,diagnosis_base,Baseline,base,service_delivery_cost_usd
232,4,40482.903474903476,16803.0,ANC,37047.591461456956,,diagnosis_base,Baseline,base,service_delivery_cost_usd
232,5,40519.04247104247,16818.0,ANC,36000.64442946694,,diagnosis_base,Baseline,base,service_delivery_cost_usd
232,6,40519.04247104247,16818.0,ANC,34952.08197035625,,diagnosis_base,Baseline,base,service_delivery_cost_usd
232,7,40670.82625482626,16881.0,ANC,34061.17669473322,,diagnosis_base,Baseline,base,service_delivery_cost_usd
232,8,40894.88803088803,16974.0,ANC,33251.28631525197,,diagnosis_base,Baseline,base,service_delivery_cost_usd
232,9,40694.91891891892,16891.0,ANC,32124.94478425147,,diagnosis_base,Baseline,base,service_delivery_cost_usd
232,10,40861.1583011583,16960.0,ANC,31316.6754249494,,diagnosis_base,Baseline,base,service_delivery_cost_usd
233,1,40514.22393822394,16816.0,ANC,40514.22393822394,,diagnosis_base,Baseline,base,service_delivery_cost_usd
233,2,40564.818532818535,16837.0,ANC,39383.31896390149,,diagnosis_base,Baseline,base,service_delivery_cost_usd
233,3,40829.83783783784,16947.0,ANC,38486.03811654053,,diagnosis_base,Baseline,base,service_delivery_cost_usd
233,4,40449.17374517374,16789.0,ANC,37016.723980622555,,diagnosis_base,Baseline,base,service_delivery_cost_usd
233,5,40506.99613899614,16813.0,ANC,35989.94141946889,,diagnosis_base,Baseline,base,service_delivery_cost_usd
233,6,40526.27027027027,16821.0,ANC,34958.31673346192,,diagnosis_base,Baseline,base,service_delivery_cost_usd
233,7,40668.41698841699,16880.0,ANC,34059.1589720453,,diagnosis_base,Baseline,base,service_delivery_cost_usd
233,8,40890.0694980695,16972.0,ANC,33247.36840712009,,diagnosis_base,Baseline,base,service_delivery_cost_usd
233,9,40757.559845559845,16917.0,ANC,32174.3941101878,,diagnosis_base,Baseline,base,service_delivery_cost_usd
233,10,40800.92664092664,16935.0,ANC,31270.512872731022,,diagnosis_base,Baseline,base,service_delivery_cost_usd
234,1,40579.274131274135,16843.0,ANC,40579.274131274135,,diagnosis_base,Baseline,base,service_delivery_cost_usd
234,2,40506.99613899614,16813.0,ANC,39327.18071747198,,diagnosis_base,Baseline,base,service_delivery_cost_usd
234,3,40793.698841698846,16932.0,ANC,38451.97364661971,,diagnosis_base,Baseline,base,service_delivery_cost_usd
234,4,40531.0888030888,16823.0,ANC,37091.68786264895,,diagnosis_base,Baseline,base,service_delivery_cost_usd
234,5,40461.22007722008,16794.0,ANC,35949.26998147627,,diagnosis_base,Baseline,base,service_delivery_cost_usd
234,6,40531.0888030888,16823.0,ANC,34962.47324219903,,diagnosis_base,Baseline,base,service_delivery_cost_usd
234,7,40697.32818532819,16892.0,ANC,34083.37164430031,,diagnosis_base,Baseline,base,service_delivery_cost_usd
234,8,40875.6138996139,16966.0,ANC,33235.61468272446,,diagnosis_base,Baseline,base,service_delivery_cost_usd
234,9,40846.70270270271,16954.0,ANC,32244.764304789504,,diagnosis_base,Baseline,base,service_delivery_cost_usd
234,10,40784.061776061775,16928.0,ANC,31257.587358109875,,diagnosis_base,Baseline,base,service_delivery_cost_usd
235,1,40552.772200772204,16832.0,ANC,40552.772200772204,,diagnosis_base,Baseline,base,service_delivery_cost_usd
235,2,40521.45173745174,16819.0,ANC,39341.215279079355,,diagnosis_base,Baseline,base,service_delivery_cost_usd
235,3,40808.15444015444,16938.0,ANC,38465.59943458803,,diagnosis_base,Baseline,base,service_delivery_cost_usd
235,4,40547.95366795367,16830.0,ANC,37107.12160306615,,diagnosis_base,Baseline,base,service_delivery_cost_usd
235,5,40415.444015444016,16775.0,ANC,35908.59854348365,,diagnosis_base,Baseline,base,service_delivery_cost_usd
235,6,40639.50579150579,16868.0,ANC,35055.994688784,,diagnosis_base,Baseline,base,service_delivery_cost_usd
235,7,40752.74131274132,16915.0,ANC,34129.77926612241,,diagnosis_base,Baseline,base,service_delivery_cost_usd
235,8,40772.015444015444,16923.0,ANC,33151.37965788907,,diagnosis_base,Baseline,base,service_delivery_cost_usd
235,9,40791.28957528958,16931.0,ANC,32201.020670307364,,diagnosis_base,Baseline,base,service_delivery_cost_usd
235,10,40873.20463320464,16965.0,ANC,31325.90793539308,,diagnosis_base,Baseline,base,service_delivery_cost_usd
236,1,40586.50193050193,16846.0,ANC,40586.50193050193,,diagnosis_base,Baseline,base,service_delivery_cost_usd
236,2,40533.49806949807,16824.0,ANC,39352.9107470855,,diagnosis_base,Baseline,base,service_delivery_cost_usd
236,3,40803.33590733591,16936.0,ANC,38461.05750526526,,diagnosis_base,Baseline,base,service_delivery_cost_usd
236,4,40528.679536679534,16822.0,ANC,37089.48304258935,,diagnosis_base,Baseline,base,service_delivery_cost_usd
236,5,40427.49034749035,16780.0,ANC,35919.3015534817,,diagnosis_base,Baseline,base,service_delivery_cost_usd
236,6,40637.096525096524,16867.0,ANC,35053.91643441544,,diagnosis_base,Baseline,base,service_delivery_cost_usd
236,7,40781.652509652515,16927.0,ANC,34153.99193837742,,diagnosis_base,Baseline,base,service_delivery_cost_usd
236,8,40786.47104247104,16929.0,ANC,33163.13338228471,,diagnosis_base,Baseline,base,service_delivery_cost_usd
236,9,40779.24324324325,16926.0,ANC,32191.511184550378,,diagnosis_base,Baseline,base,service_delivery_cost_usd
236,10,40827.42857142857,16946.0,ANC,31290.82439570711,,diagnosis_base,Baseline,base,service_delivery_cost_usd
237,1,40572.04633204633,16840.0,ANC,40572.04633204633,,diagnosis_base,Baseline,base,service_delivery_cost_usd
237,2,40579.274131274135,16843.0,ANC,39397.353525508865,,diagnosis_base,Baseline,base,service_delivery_cost_usd
237,3,40786.47104247104,16929.0,ANC,38445.160752635544,,diagnosis_base,Baseline,base,service_delivery_cost_usd
237,4,40509.40540540541,16814.0,ANC,37071.84448211255,,diagnosis_base,Baseline,base,service_delivery_cost_usd
237,5,40468.44787644788,16797.0,ANC,35955.6917874751,,diagnosis_base,Baseline,base,service_delivery_cost_usd
237,6,40560.0,16835.0,ANC,34987.41229462169,,diagnosis_base,Baseline,base,service_delivery_cost_usd
237,7,40870.79536679537,16964.0,ANC,34228.64767783036,,diagnosis_base,Baseline,base,service_delivery_cost_usd
237,8,40745.51351351351,16912.0,ANC,33129.83116316374,,diagnosis_base,Baseline,base,service_delivery_cost_usd
237,9,40803.33590733591,16936.0,ANC,32210.530156064353,,diagnosis_base,Baseline,base,service_delivery_cost_usd
237,10,40834.65637065637,16949.0,ANC,31296.363901973313,,diagnosis_base,Baseline,base,service_delivery_cost_usd
238,1,40550.362934362936,16831.0,ANC,40550.362934362936,,diagnosis_base,Baseline,base,service_delivery_cost_usd
238,2,40617.8223938224,16859.0,ANC,39434.77902312854,,diagnosis_base,Baseline,base,service_delivery_cost_usd
238,3,40687.691119691124,16888.0,ANC,38352.05120151864,,diagnosis_base,Baseline,base,service_delivery_cost_usd
238,4,40535.90733590734,16825.0,ANC,37096.097502768156,,diagnosis_base,Baseline,base,service_delivery_cost_usd
238,5,40540.72586872587,16827.0,ANC,36019.90984746345,,diagnosis_base,Baseline,base,service_delivery_cost_usd
238,6,40509.40540540541,16814.0,ANC,34943.76895288204,,diagnosis_base,Baseline,base,service_delivery_cost_usd
238,7,40858.74903474904,16959.0,ANC,34218.55906439077,,diagnosis_base,Baseline,base,service_delivery_cost_usd
238,8,40805.74517374518,16937.0,ANC,33178.80501481222,,diagnosis_base,Baseline,base,service_delivery_cost_usd
238,9,40793.698841698846,16932.0,ANC,32202.922567458765,,diagnosis_base,Baseline,base,service_delivery_cost_usd
238,10,40851.521235521235,16956.0,ANC,31309.28941659446,,diagnosis_base,Baseline,base,service_delivery_cost_usd
239,1,40579.274131274135,16843.0,ANC,40579.274131274135,,diagnosis_base,Baseline,base,service_delivery_cost_usd
239,2,40593.729729729734,16849.0,ANC,39411.38808711625,,diagnosis_base,Baseline,base,service_delivery_cost_usd
239,3,40615.41312741313,16858.0,ANC,38283.922261677,,diagnosis_base,Baseline,base,service_delivery_cost_usd
239,4,40598.54826254826,16851.0,ANC,37153.42282431775,,diagnosis_base,Baseline,base,service_delivery_cost_usd
239,5,40494.94980694981,16808.0,ANC,35979.238409470825,,diagnosis_base,Baseline,base,service_delivery_cost_usd
239,6,40519.04247104247,16818.0,ANC,34952.08197035625,,diagnosis_base,Baseline,base,service_delivery_cost_usd
239,7,40849.11196911197,16955.0,ANC,34210.4881736391,,diagnosis_base,Baseline,base,service_delivery_cost_usd
239,8,40839.474903474904,16951.0,ANC,33206.23037173537,,diagnosis_base,Baseline,base,service_delivery_cost_usd
239,9,40822.610038610044,16944.0,ANC,32225.745333275532,,diagnosis_base,Baseline,base,service_delivery_cost_usd
239,10,40774.42471042471,16924.0,ANC,31250.201349754934,,diagnosis_base,Baseline,base,service_delivery_cost_usd
240,1,40615.41312741313,16858.0,ANC,40615.41312741313,,diagnosis_base,Baseline,base,service_delivery_cost_usd
240,2,40572.04633204633,16840.0,ANC,39390.33624470518,,diagnosis_base,Baseline,base,service_delivery_cost_usd
240,3,40600.95752895753,16852.0,ANC,38270.29647370867,,diagnosis_base,Baseline,base,service_delivery_cost_usd
240,4,40603.3667953668,16853.0,ANC,37157.83246443695,,diagnosis_base,Baseline,base,service_delivery_cost_usd
240,5,40434.71814671815,16783.0,ANC,35925.723359480544,,diagnosis_base,Baseline,base,service_delivery_cost_usd
240,6,40581.6833976834,16844.0,ANC,35006.11658393869,,diagnosis_base,Baseline,base,service_delivery_cost_usd
240,7,40882.8416988417,16969.0,ANC,34238.73629126995,,diagnosis_base,Baseline,base,service_delivery_cost_usd
240,8,40827.42857142857,16946.0,ANC,33196.435601405676,,diagnosis_base,Baseline,base,service_delivery_cost_usd
240,9,40890.0694980695,16972.0,ANC,32278.99845351465,,diagnosis_base,Baseline,base,service_delivery_cost_usd
240,10,40716.602316602315,16900.0,ANC,31205.885299625286,,diagnosis_base,Baseline,base,service_delivery_cost_usd
241,1,40714.19305019305,16899.0,ANC,40714.19305019305,,diagnosis_base,Baseline,base,service_delivery_cost_usd
241,2,40670.82625482626,16881.0,ANC,39486.23908235559,,diagnosis_base,Baseline,base,service_delivery_cost_usd
241,3,40562.40926640927,16836.0,ANC,38233.961039126465,,diagnosis_base,Baseline,base,service_delivery_cost_usd
241,4,40528.67953667954,16822.0,ANC,37089.48304258936,,diagnosis_base,Baseline,base,service_delivery_cost_usd
241,5,40453.99227799228,16791.0,ANC,35942.84817547743,,diagnosis_base,Baseline,base,service_delivery_cost_usd
241,6,40644.32432432433,16870.0,ANC,35060.15119752111,,diagnosis_base,Baseline,base,service_delivery_cost_usd
241,7,40853.9305019305,16957.0,ANC,34214.52361901494,,diagnosis_base,Baseline,base,service_delivery_cost_usd
241,8,40786.47104247104,16929.0,ANC,33163.13338228471,,diagnosis_base,Baseline,base,service_delivery_cost_usd
241,9,40882.8416988417,16969.0,ANC,32273.29276206046,,diagnosis_base,Baseline,base,service_delivery_cost_usd
241,10,40692.50965250965,16890.0,ANC,31187.420278737936,,diagnosis_base,Baseline,base,service_delivery_cost_usd
242,1,40668.41698841699,16880.0,ANC,40668.41698841699,,diagnosis_base,Baseline,base,service_delivery_cost_usd
242,2,40723.83011583012,16903.0,ANC,39537.69914158264,,diagnosis_base,Baseline,base,service_delivery_cost_usd
242,3,40535.90733590734,16825.0,ANC,38208.9804278512,,diagnosis_base,Baseline,base,service_delivery_cost_usd
242,4,40473.26640926641,16799.0,ANC,37038.77218121856,,diagnosis_base,Baseline,base,service_delivery_cost_usd
242,5,40470.857142857145,16798.0,ANC,35957.832389474715,,diagnosis_base,Baseline,base,service_delivery_cost_usd
242,6,40661.189189189194,16877.0,ANC,35074.698978101,,diagnosis_base,Baseline,base,service_delivery_cost_usd
242,7,40928.61776061776,16988.0,ANC,34277.07302234037,,diagnosis_base,Baseline,base,service_delivery_cost_usd
242,8,40755.150579150584,16916.0,ANC,33137.6669794275,,diagnosis_base,Baseline,base,service_delivery_cost_usd
242,9,40837.065637065636,16950.0,ANC,32237.156716183912,,diagnosis_base,Baseline,base,service_delivery_cost_usd
242,10,40719.01158301158,16901.0,ANC,31207.731801714024,,diagnosis_base,Baseline,base,service_delivery_cost_usd
243,1,40644.32432432433,16870.0,ANC,40644.32432432433,,diagnosis_base,Baseline,base,service_delivery_cost_usd
243,2,40774.42471042471,16924.0,ANC,39586.820107208456,,diagnosis_base,Baseline,base,service_delivery_cost_usd
243,3,40466.03861003861,16796.0,ANC,38143.12245267095,,diagnosis_base,Baseline,base,service_delivery_cost_usd
243,4,40569.637065637064,16839.0,ANC,37126.96498360255,,diagnosis_base,Baseline,base,service_delivery_cost_usd
243,5,40468.44787644788,16797.0,ANC,35955.6917874751,,diagnosis_base,Baseline,base,service_delivery_cost_usd
243,6,40670.82625482626,16881.0,ANC,35083.011995575216,,diagnosis_base,Baseline,base,service_delivery_cost_usd
243,7,40959.938223938225,17001.0,ANC,34303.3034172833,,diagnosis_base,Baseline,base,service_delivery_cost_usd
243,8,40649.14285714286,16872.0,ANC,33051.47300052617,,diagnosis_base,Baseline,base,service_delivery_cost_usd
243,9,40853.9305019305,16957.0,ANC,32250.469996243693,,diagnosis_base,Baseline,base,service_delivery_cost_usd
243,10,40634.68725868726,16866.0,ANC,31143.104228608292,,diagnosis_base,Baseline,base,service_delivery_cost_usd
244,1,40649.142857142855,16872.0,ANC,40649.142857142855,,diagnosis_base,Baseline,base,service_delivery_cost_usd
244,2,40784.061776061775,16928.0,ANC,39596.17648161337,,diagnosis_base,Baseline,base,service_delivery_cost_usd
244,3,40482.903474903476,16803.0,ANC,38159.01920530067,,diagnosis_base,Baseline,base,service_delivery_cost_usd
244,4,40519.04247104247,16818.0,ANC,37080.66376235095,,diagnosis_base,Baseline,base,service_delivery_cost_usd
244,5,40519.04247104247,16818.0,ANC,36000.64442946694,,diagnosis_base,Baseline,base,service_delivery_cost_usd
244,6,40670.82625482626,16881.0,ANC,35083.011995575216,,diagnosis_base,Baseline,base,service_delivery_cost_usd
244,7,40894.88803088803,16974.0,ANC,34248.82490470953,,diagnosis_base,Baseline,base,service_delivery_cost_usd
244,8,40694.91891891892,16891.0,ANC,33088.69312777902,,diagnosis_base,Baseline,base,service_delivery_cost_usd
244,9,40861.1583011583,16960.0,ANC,32256.175687697883,,diagnosis_base,Baseline,base,service_delivery_cost_usd
244,10,40572.04633204633,16840.0,ANC,31095.095174301176,,diagnosis_base,Baseline,base,service_delivery_cost_usd
245,1,40564.818532818535,16837.0,ANC,40564.818532818535,,diagnosis_base,Baseline,base,service_delivery_cost_usd
245,2,40829.83783783784,16947.0,ANC,39640.619260036736,,diagnosis_base,Baseline,base,service_delivery_cost_usd
245,3,40449.17374517374,16789.0,ANC,38127.225700041236,,diagnosis_base,Baseline,base,service_delivery_cost_usd
245,4,40506.99613899614,16813.0,ANC,37069.639662052956,,diagnosis_base,Baseline,base,service_delivery_cost_usd
245,5,40526.27027027027,16821.0,ANC,36007.066235465776,,diagnosis_base,Baseline,base,service_delivery_cost_usd
245,6,40668.41698841699,16880.0,ANC,35080.93374120666,,diagnosis_base,Baseline,base,service_delivery_cost_usd
245,7,40890.0694980695,16972.0,ANC,34244.7894593337,,diagnosis_base,Baseline,base,service_delivery_cost_usd
245,8,40757.559845559845,16917.0,ANC,33139.62593349344,,diagnosis_base,Baseline,base,service_delivery_cost_usd
245,9,40800.92664092664,16935.0,ANC,32208.62825891295,,diagnosis_base,Baseline,base,service_delivery_cost_usd
245,10,40545.5444015444,16829.0,ANC,31074.783651325088,,diagnosis_base,Baseline,base,service_delivery_cost_usd
246,1,40506.99613899614,16813.0,ANC,40506.99613899614,,diagnosis_base,Baseline,base,service_delivery_cost_usd
246,2,40793.698841698846,16932.0,ANC,39605.5328560183,,diagnosis_base,Baseline,base,service_delivery_cost_usd
246,3,40531.0888030888,16823.0,ANC,38204.43849852842,,diagnosis_base,Baseline,base,service_delivery_cost_usd
246,4,40461.22007722008,16794.0,ANC,37027.74808092056,,diagnosis_base,Baseline,base,service_delivery_cost_usd
246,5,40531.0888030888,16823.0,ANC,36011.347439465,,diagnosis_base,Baseline,base,service_delivery_cost_usd
246,6,40697.32818532819,16892.0,ANC,35105.87279362932,,diagnosis_base,Baseline,base,service_delivery_cost_usd
246,7,40875.6138996139,16966.0,ANC,34232.68312320619,,diagnosis_base,Baseline,base,service_delivery_cost_usd
246,8,40846.70270270271,16954.0,ANC,33212.10723393319,,diagnosis_base,Baseline,base,service_delivery_cost_usd
246,9,40784.061776061775,16928.0,ANC,32195.31497885317,,diagnosis_base,Baseline,base,service_delivery_cost_usd
246,10,40408.21621621622,16772.0,ANC,30969.533032267183,,diagnosis_base,Baseline,base,service_delivery_cost_usd
247,1,40521.45173745174,16819.0,ANC,40521.45173745174,,diagnosis_base,Baseline,base,service_delivery_cost_usd
247,2,40808.15444015444,16938.0,ANC,39619.567417625665,,diagnosis_base,Baseline,base,service_delivery_cost_usd
247,3,40547.95366795367,16830.0,ANC,38220.33525115814,,diagnosis_base,Baseline,base,service_delivery_cost_usd
247,4,40415.444015444016,16775.0,ANC,36985.85649978816,,diagnosis_base,Baseline,base,service_delivery_cost_usd
247,5,40639.50579150579,16868.0,ANC,36107.67452944752,,diagnosis_base,Baseline,base,service_delivery_cost_usd
247,6,40752.74131274132,16915.0,ANC,35153.67264410608,,diagnosis_base,Baseline,base,service_delivery_cost_usd
247,7,40772.015444015444,16923.0,ANC,34145.92104762574,,diagnosis_base,Baseline,base,service_delivery_cost_usd
247,8,40791.28957528958,16931.0,ANC,33167.05129041659,,diagnosis_base,Baseline,base,service_delivery_cost_usd
247,9,40873.20463320464,16965.0,ANC,32265.685173454873,,diagnosis_base,Baseline,base,service_delivery_cost_usd
247,10,40417.853281853284,16776.0,ANC,30976.91904062212,,diagnosis_base,Baseline,base,service_delivery_cost_usd
248,1,40533.49806949807,16824.0,ANC,40533.49806949807,,diagnosis_base,Baseline,base,service_delivery_cost_usd
248,2,40803.33590733591,16936.0,ANC,39614.889230423214,,diagnosis_base,Baseline,base,service_delivery_cost_usd
248,3,40528.679536679534,16822.0,ANC,38202.16753386703,,diagnosis_base,Baseline,base,service_delivery_cost_usd
248,4,40427.49034749035,16780.0,ANC,36996.88060008616,,diagnosis_base,Baseline,base,service_delivery_cost_usd
248,5,40637.096525096524,16867.0,ANC,36105.533927447905,,diagnosis_base,Baseline,base,service_delivery_cost_usd
248,6,40781.652509652515,16927.0,ANC,35178.611696528744,,diagnosis_base,Baseline,base,service_delivery_cost_usd
248,7,40786.47104247104,16929.0,ANC,34158.02738375325,,diagnosis_base,Baseline,base,service_delivery_cost_usd
248,8,40779.24324324325,16926.0,ANC,33157.25652008689,,diagnosis_base,Baseline,base,service_delivery_cost_usd
248,9,40827.42857142857,16946.0,ANC,32229.549127578324,,diagnosis_base,Baseline,base,service_delivery_cost_usd
248,10,40439.53667953668,16785.0,ANC,30993.537559420736,,diagnosis_base,Baseline,base,service_delivery_cost_usd
249,1,40579.274131274135,16843.0,ANC,40579.274131274135,,diagnosis_base,Baseline,base,service_delivery_cost_usd
249,2,40786.47104247104,16929.0,ANC,39598.5155752146,,diagnosis_base,Baseline,base,service_delivery_cost_usd
249,3,40509.40540540541,16814.0,ANC,38183.99981657593,,diagnosis_base,Baseline,base,service_delivery_cost_usd
249,4,40468.44787644788,16797.0,ANC,37034.362541099355,,diagnosis_base,Baseline,base,service_delivery_cost_usd
249,5,40560.0,16835.0,ANC,36037.03466346034,,diagnosis_base,Baseline,base,service_delivery_cost_usd
249,6,40870.79536679537,16964.0,ANC,35255.50710816527,,diagnosis_base,Baseline,base,service_delivery_cost_usd
249,7,40745.51351351351,16912.0,ANC,34123.72609805866,,diagnosis_base,Baseline,base,service_delivery_cost_usd
249,8,40803.33590733591,16936.0,ANC,33176.846060746284,,diagnosis_base,Baseline,base,service_delivery_cost_usd
249,9,40834.65637065637,16949.0,ANC,32235.25481903251,,diagnosis_base,Baseline,base,service_delivery_cost_usd
249,10,40403.397683397685,16770.0,ANC,30965.84002808971,,diagnosis_base,Baseline,base,service_delivery_cost_usd
250,1,40617.8223938224,16859.0,ANC,40617.8223938224,,diagnosis_base,Baseline,base,service_delivery_cost_usd
250,2,40687.691119691124,16888.0,ANC,39502.612737564195,,diagnosis_base,Baseline,base,service_delivery_cost_usd
250,3,40535.90733590734,16825.0,ANC,38208.9804278512,,diagnosis_base,Baseline,base,service_delivery_cost_usd
250,4,40540.72586872587,16827.0,ANC,37100.507142887356,,diagnosis_base,Baseline,base,service_delivery_cost_usd
250,5,40509.40540540541,16814.0,ANC,35992.08202146849,,diagnosis_base,Baseline,base,service_delivery_cost_usd
250,6,40858.74903474904,16959.0,ANC,35245.1158363225,,diagnosis_base,Baseline,base,service_delivery_cost_usd
250,7,40805.74517374518,16937.0,ANC,34174.16916525659,,diagnosis_base,Baseline,base,service_delivery_cost_usd
250,8,40793.698841698846,16932.0,ANC,33169.01024448253,,diagnosis_base,Baseline,base,service_delivery_cost_usd
250,9,40851.521235521235,16956.0,ANC,32248.568099092296,,diagnosis_base,Baseline,base,service_delivery_cost_usd
250,10,40335.938223938225,16742.0,ANC,30914.137969605123,,diagnosis_base,Baseline,base,service_delivery_cost_usd
201,1,816853.1891891892,17206.0,Facility Delivery,816853.1891891892,,diagnosis_base,Baseline,base,service_delivery_cost_usd
201,2,810633.9768339768,17075.0,Facility Delivery,787023.2784795891,,diagnosis_base,Baseline,base,service_delivery_cost_usd
201,3,822360.2779922781,17322.0,Facility Delivery,775153.4338696183,,diagnosis_base,Baseline,base,service_delivery_cost_usd
201,4,819891.5830115831,17270.0,Facility Delivery,750316.943766909,,diagnosis_base,Baseline,base,service_delivery_cost_usd
201,5,821933.0038610039,17313.0,Facility Delivery,730276.8281849378,,diagnosis_base,Baseline,base,service_delivery_cost_usd
201,6,813434.9961389962,17134.0,Facility Delivery,701676.1731949967,,diagnosis_base,Baseline,base,service_delivery_cost_usd
201,7,817375.4131274131,17217.0,Facility Delivery,684539.0402945064,,diagnosis_base,Baseline,base,service_delivery_cost_usd
201,8,817090.5637065638,17211.0,Facility Delivery,664369.4013485627,,diagnosis_base,Baseline,base,service_delivery_cost_usd
201,9,812722.8725868727,17119.0,Facility Delivery,641570.9405582253,,diagnosis_base,Baseline,base,service_delivery_cost_usd
201,10,817375.4131274131,17217.0,Facility Delivery,626450.1932271338,,diagnosis_base,Baseline,base,service_delivery_cost_usd
202,1,810301.6525096525,17068.0,Facility Delivery,810301.6525096525,,diagnosis_base,Baseline,base,service_delivery_cost_usd
202,2,807453.1583011583,17008.0,Facility Delivery,783935.1051467557,,diagnosis_base,Baseline,base,service_delivery_cost_usd
202,3,817945.111969112,17229.0,Facility Delivery,770991.7164380356,,diagnosis_base,Baseline,base,service_delivery_cost_usd
202,4,812105.6988416989,17106.0,Facility Delivery,743191.7568081496,,diagnosis_base,Baseline,base,service_delivery_cost_usd
202,5,816948.138996139,17208.0,Facility Delivery,725847.8403168954,,diagnosis_base,Baseline,base,service_delivery_cost_usd
202,6,810918.8262548263,17081.0,Facility Delivery,699505.7029499087,,diagnosis_base,Baseline,base,service_delivery_cost_usd
202,7,814194.5945945947,17150.0,Facility Delivery,681875.1548499033,,diagnosis_base,Baseline,base,service_delivery_cost_usd
202,8,815286.5173745174,17173.0,Facility Delivery,662902.5465899056,,diagnosis_base,Baseline,base,service_delivery_cost_usd
202,9,809637.0038610039,17054.0,Facility Delivery,639134.9272901439,,diagnosis_base,Baseline,base,service_delivery_cost_usd
202,10,809257.2046332047,17046.0,Facility Delivery,620228.2624005184,,diagnosis_base,Baseline,base,service_delivery_cost_usd
203,1,811013.7760617761,17083.0,Facility Delivery,811013.7760617761,,diagnosis_base,Baseline,base,service_delivery_cost_usd
203,2,812438.0231660232,17113.0,Facility Delivery,788774.779772838,,diagnosis_base,Baseline,base,service_delivery_cost_usd
203,3,818467.3359073359,17240.0,Facility Delivery,771483.9625858571,,diagnosis_base,Baseline,base,service_delivery_cost_usd
203,4,814289.5444015445,17152.0,Facility Delivery,745190.2848575577,,diagnosis_base,Baseline,base,service_delivery_cost_usd
203,5,815998.640926641,17188.0,Facility Delivery,725004.2235801254,,diagnosis_base,Baseline,base,service_delivery_cost_usd
203,6,813340.0463320464,17132.0,Facility Delivery,701594.2686574461,,diagnosis_base,Baseline,base,service_delivery_cost_usd
203,7,815666.3166023167,17181.0,Facility Delivery,683107.6988615853,,diagnosis_base,Baseline,base,service_delivery_cost_usd
203,8,816710.7644787645,17203.0,Facility Delivery,664060.5898204243,,diagnosis_base,Baseline,base,service_delivery_cost_usd
203,9,811108.7258687259,17085.0,Facility Delivery,640296.7182333827,,diagnosis_base,Baseline,base,service_delivery_cost_usd
203,10,811868.3243243244,17101.0,Facility Delivery,622229.4682219444,,diagnosis_base,Baseline,base,service_delivery_cost_usd
204,1,808117.806949807,17022.0,Facility Delivery,808117.806949807,,diagnosis_base,Baseline,base,service_delivery_cost_usd
204,2,812580.4478764479,17116.0,Facility Delivery,788913.0561907261,,diagnosis_base,Baseline,base,service_delivery_cost_usd
204,3,818135.0115830116,17233.0,Facility Delivery,771170.7150372436,,diagnosis_base,Baseline,base,service_delivery_cost_usd
204,4,817850.1621621622,17227.0,Facility Delivery,748448.7545033318,,diagnosis_base,Baseline,base,service_delivery_cost_usd
204,5,814479.444015444,17156.0,Facility Delivery,723654.4368012934,,diagnosis_base,Baseline,base,service_delivery_cost_usd
204,6,811678.4247104247,17097.0,Facility Delivery,700160.9392503126,,diagnosis_base,Baseline,base,service_delivery_cost_usd
204,7,815381.4671814672,17175.0,Facility Delivery,682869.1419560985,,diagnosis_base,Baseline,base,service_delivery_cost_usd
204,8,814526.9189189189,17157.0,Facility Delivery,662284.923533629,,diagnosis_base,Baseline,base,service_delivery_cost_usd
204,9,810206.7027027027,17066.0,Facility Delivery,639584.652816559,,diagnosis_base,Baseline,base,service_delivery_cost_usd
204,10,816758.2393822394,17204.0,Facility Delivery,625977.1809420695,,diagnosis_base,Baseline,base,service_delivery_cost_usd
205,1,813007.7220077221,17125.0,Facility Delivery,813007.7220077221,,diagnosis_base,Baseline,base,service_delivery_cost_usd
205,2,814337.0193050194,17153.0,Facility Delivery,790618.465344679,,diagnosis_base,Baseline,base,service_delivery_cost_usd
205,3,819226.9343629344,17256.0,Facility Delivery,772199.9569826887,,diagnosis_base,Baseline,base,service_delivery_cost_usd
205,4,820651.1814671815,17286.0,Facility Delivery,751012.0839580074,,diagnosis_base,Baseline,base,service_delivery_cost_usd
205,5,815951.166023166,17187.0,Facility Delivery,724962.0427432868,,diagnosis_base,Baseline,base,service_delivery_cost_usd
205,6,813957.2200772201,17145.0,Facility Delivery,702126.6481515242,,diagnosis_base,Baseline,base,service_delivery_cost_usd
205,7,815618.8416988417,17180.0,Facility Delivery,683067.9393773375,,diagnosis_base,Baseline,base,service_delivery_cost_usd
205,8,815713.7915057916,17182.0,Facility Delivery,663249.9595590613,,diagnosis_base,Baseline,base,service_delivery_cost_usd
205,9,812912.7722007722,17123.0,Facility Delivery,641720.8490670302,,diagnosis_base,Baseline,base,service_delivery_cost_usd
205,10,818562.2857142858,17242.0,Facility Delivery,627359.8322368731,,diagnosis_base,Baseline,base,service_delivery_cost_usd
206,1,814479.444015444,17156.0,Facility Delivery,814479.444015444,,diagnosis_base,Baseline,base,service_delivery_cost_usd
206,2,813007.722007722,17125.0,Facility Delivery,789327.8854443902,,diagnosis_base,Baseline,base,service_delivery_cost_usd
206,3,818135.0115830116,17233.0,Facility Delivery,771170.7150372436,,diagnosis_base,Baseline,base,service_delivery_cost_usd
206,4,822692.6023166024,17329.0,Facility Delivery,752880.2732215845,,diagnosis_base,Baseline,base,service_delivery_cost_usd
206,5,813862.2702702703,17143.0,Facility Delivery,723106.0859223929,,diagnosis_base,Baseline,base,service_delivery_cost_usd
206,6,813197.6216216217,17129.0,Facility Delivery,701471.4118511204,,diagnosis_base,Baseline,base,service_delivery_cost_usd
206,7,816615.8146718147,17201.0,Facility Delivery,683902.8885465414,,diagnosis_base,Baseline,base,service_delivery_cost_usd
206,8,817327.9382239382,17216.0,Facility Delivery,664562.4085536491,,diagnosis_base,Baseline,base,service_delivery_cost_usd
206,9,813387.5212355213,17133.0,Facility Delivery,642095.6203390429,,diagnosis_base,Baseline,base,service_delivery_cost_usd
206,10,818514.8108108109,17241.0,Facility Delivery,627323.4466764835,,diagnosis_base,Baseline,base,service_delivery_cost_usd
207,1,808829.9305019305,17037.0,Facility Delivery,808829.9305019305,,diagnosis_base,Baseline,base,service_delivery_cost_usd
207,2,809731.9536679537,17056.0,Facility Delivery,786147.5278329648,,diagnosis_base,Baseline,base,service_delivery_cost_usd
207,3,815523.891891892,17178.0,Facility Delivery,768709.4842981355,,diagnosis_base,Baseline,base,service_delivery_cost_usd
207,4,817517.8378378379,17220.0,Facility Delivery,748144.6306697262,,diagnosis_base,Baseline,base,service_delivery_cost_usd
207,5,810918.8262548263,17081.0,Facility Delivery,720490.874038406,,diagnosis_base,Baseline,base,service_delivery_cost_usd
207,6,809114.77992278,17043.0,Facility Delivery,697949.5167364496,,diagnosis_base,Baseline,base,service_delivery_cost_usd
207,7,812580.4478764479,17116.0,Facility Delivery,680523.3323854778,,diagnosis_base,Baseline,base,service_delivery_cost_usd
207,8,810918.8262548263,17081.0,Facility Delivery,659351.2140163151,,diagnosis_base,Baseline,base,service_delivery_cost_usd
207,9,808545.0810810812,17031.0,Facility Delivery,638272.9533645152,,diagnosis_base,Baseline,base,service_delivery_cost_usd
207,10,817090.5637065638,17211.0,Facility Delivery,626231.8798647965,,diagnosis_base,Baseline,base,service_delivery_cost_usd
208,1,812865.2972972973,17122.0,Facility Delivery,812865.2972972973,,diagnosis_base,Baseline,base,service_delivery_cost_usd
208,2,812722.8725868727,17119.0,Facility Delivery,789051.3326086142,,diagnosis_base,Baseline,base,service_delivery_cost_usd
208,3,819321.8841698843,17258.0,Facility Delivery,772289.4562822927,,diagnosis_base,Baseline,base,service_delivery_cost_usd
208,4,817755.2123552124,17225.0,Facility Delivery,748361.8619794445,,diagnosis_base,Baseline,base,service_delivery_cost_usd
208,5,813862.2702702703,17143.0,Facility Delivery,723106.0859223929,,diagnosis_base,Baseline,base,service_delivery_cost_usd
208,6,811156.2007722008,17086.0,Facility Delivery,699710.4642937849,,diagnosis_base,Baseline,base,service_delivery_cost_usd
208,7,816283.4903474904,17194.0,Facility Delivery,683624.5721568068,,diagnosis_base,Baseline,base,service_delivery_cost_usd
208,8,814954.1930501931,17166.0,Facility Delivery,662632.3365027847,,diagnosis_base,Baseline,base,service_delivery_cost_usd
208,9,810111.7528957529,17064.0,Facility Delivery,639509.6985621564,,diagnosis_base,Baseline,base,service_delivery_cost_usd
208,10,821838.0540540541,17311.0,Facility Delivery,629870.4359037529,,diagnosis_base,Baseline,base,service_delivery_cost_usd
209,1,812295.5984555985,17110.0,Facility Delivery,812295.5984555985,,diagnosis_base,Baseline,base,service_delivery_cost_usd
209,2,812248.1235521236,17109.0,Facility Delivery,788590.4112156539,,diagnosis_base,Baseline,base,service_delivery_cost_usd
209,3,818229.9613899614,17235.0,Facility Delivery,771260.2143368474,,diagnosis_base,Baseline,base,service_delivery_cost_usd
209,4,818942.084942085,17250.0,Facility Delivery,749448.0185280358,,diagnosis_base,Baseline,base,service_delivery_cost_usd
209,5,810728.9266409267,17077.0,Facility Delivery,720322.1506910521,,diagnosis_base,Baseline,base,service_delivery_cost_usd
209,6,813719.8455598457,17140.0,Facility Delivery,701921.8868076481,,diagnosis_base,Baseline,base,service_delivery_cost_usd
209,7,813719.8455598456,17140.0,Facility Delivery,681477.5600074253,,diagnosis_base,Baseline,base,service_delivery_cost_usd
209,8,813102.6718146718,17127.0,Facility Delivery,661126.8803031103,,diagnosis_base,Baseline,base,service_delivery_cost_usd
209,9,808497.6061776063,17030.0,Facility Delivery,638235.4762373139,,diagnosis_base,Baseline,base,service_delivery_cost_usd
209,10,820603.7065637066,17285.0,Facility Delivery,628924.4113336243,,diagnosis_base,Baseline,base,service_delivery_cost_usd
210,1,811678.4247104248,17097.0,Facility Delivery,811678.4247104248,,diagnosis_base,Baseline,base,service_delivery_cost_usd
210,2,816330.9652509653,17195.0,Facility Delivery,792554.3351951119,,diagnosis_base,Baseline,base,service_delivery_cost_usd
210,3,820128.9575289576,17275.0,Facility Delivery,773050.2003289261,,diagnosis_base,Baseline,base,service_delivery_cost_usd
210,4,821980.4787644788,17314.0,Facility Delivery,752228.5792924297,,diagnosis_base,Baseline,base,service_delivery_cost_usd
210,5,810871.3513513514,17080.0,Facility Delivery,720448.6932015674,,diagnosis_base,Baseline,base,service_delivery_cost_usd
210,6,816568.3397683399,17200.0,Facility Delivery,704379.0229341626,,diagnosis_base,Baseline,base,service_delivery_cost_usd
210,7,818324.9111969112,17237.0,Facility Delivery,685334.2299794626,,diagnosis_base,Baseline,base,service_delivery_cost_usd
210,8,813909.7451737452,17144.0,Facility Delivery,661783.1048004043,,diagnosis_base,Baseline,base,service_delivery_cost_usd
210,9,812295.5984555986,17110.0,Facility Delivery,641233.646413414,,diagnosis_base,Baseline,base,service_delivery_cost_usd
210,10,821885.528957529,17312.0,Facility Delivery,629906.8214641425,,diagnosis_base,Baseline,base,service_delivery_cost_usd
211,1,807927.9073359073,17018.0,Facility Delivery,807927.9073359073,,diagnosis_base,Baseline,base,service_delivery_cost_usd
211,2,815333.9922779923,17174.0,Facility Delivery,791586.4002698954,,diagnosis_base,Baseline,base,service_delivery_cost_usd
211,3,817565.3127413128,17221.0,Facility Delivery,770633.7192396199,,diagnosis_base,Baseline,base,service_delivery_cost_usd
211,4,816995.613899614,17209.0,Facility Delivery,747666.721788346,,diagnosis_base,Baseline,base,service_delivery_cost_usd
211,5,809304.6795366796,17047.0,Facility Delivery,719056.7255858971,,diagnosis_base,Baseline,base,service_delivery_cost_usd
211,6,814954.1930501931,17166.0,Facility Delivery,702986.6457958043,,diagnosis_base,Baseline,base,service_delivery_cost_usd
211,7,813957.2200772201,17145.0,Facility Delivery,681676.3574286642,,diagnosis_base,Baseline,base,service_delivery_cost_usd
211,8,811298.6254826256,17089.0,Facility Delivery,659660.0255444534,,diagnosis_base,Baseline,base,service_delivery_cost_usd
211,9,808165.2818532819,17023.0,Facility Delivery,637973.1363469051,,diagnosis_base,Baseline,base,service_delivery_cost_usd
211,10,818609.7606177607,17243.0,Facility Delivery,627396.2177972626,,diagnosis_base,Baseline,base,service_delivery_cost_usd
212,1,807500.6332046333,17009.0,Facility Delivery,807500.6332046333,,diagnosis_base,Baseline,base,service_delivery_cost_usd
212,2,816995.613899614,17209.0,Facility Delivery,793199.6251452563,,diagnosis_base,Baseline,base,service_delivery_cost_usd
212,3,816710.7644787645,17203.0,Facility Delivery,769828.2255431846,,diagnosis_base,Baseline,base,service_delivery_cost_usd
212,4,817897.6370656372,17228.0,Facility Delivery,748492.2007652755,,diagnosis_base,Baseline,base,service_delivery_cost_usd
212,5,809542.0540540541,17052.0,Facility Delivery,719267.6297700895,,diagnosis_base,Baseline,base,service_delivery_cost_usd
212,6,814004.694980695,17146.0,Facility Delivery,702167.6004202995,,diagnosis_base,Baseline,base,service_delivery_cost_usd
212,7,815713.7915057915,17182.0,Facility Delivery,683147.4583458331,,diagnosis_base,Baseline,base,service_delivery_cost_usd
212,8,809826.9034749035,17058.0,Facility Delivery,658463.3808729175,,diagnosis_base,Baseline,base,service_delivery_cost_usd
212,9,808497.6061776063,17030.0,Facility Delivery,638235.4762373139,,diagnosis_base,Baseline,base,service_delivery_cost_usd
212,10,818514.8108108109,17241.0,Facility Delivery,627323.4466764835,,diagnosis_base,Baseline,base,service_delivery_cost_usd
213,1,804414.7644787645,16944.0,Facility Delivery,804414.7644787645,,diagnosis_base,Baseline,base,service_delivery_cost_usd
213,2,817280.4633204633,17215.0,Facility Delivery,793476.1779810323,,diagnosis_base,Baseline,base,service_delivery_cost_usd
213,3,814289.5444015444,17152.0,Facility Delivery,767545.9934032843,,diagnosis_base,Baseline,base,service_delivery_cost_usd
213,4,816520.8648648649,17199.0,Facility Delivery,747232.2591689094,,diagnosis_base,Baseline,base,service_delivery_cost_usd
213,5,808117.806949807,17022.0,Facility Delivery,718002.2046649345,,diagnosis_base,Baseline,base,service_delivery_cost_usd
213,6,814052.1698841699,17147.0,Facility Delivery,702208.5526890748,,diagnosis_base,Baseline,base,service_delivery_cost_usd
213,7,812485.4980694981,17114.0,Facility Delivery,680443.8134169822,,diagnosis_base,Baseline,base,service_delivery_cost_usd
213,8,806883.4594594595,16996.0,Facility Delivery,656070.0915298455,,diagnosis_base,Baseline,base,service_delivery_cost_usd
213,9,810871.3513513514,17080.0,Facility Delivery,640109.3325973764,,diagnosis_base,Baseline,base,service_delivery_cost_usd
213,10,815951.166023166,17187.0,Facility Delivery,625358.626415447,,diagnosis_base,Baseline,base,service_delivery_cost_usd
214,1,806598.6100386101,16990.0,Facility Delivery,806598.6100386101,,diagnosis_base,Baseline,base,service_delivery_cost_usd
214,2,820176.4324324324,17276.0,Facility Delivery,796287.7984780897,,diagnosis_base,Baseline,base,service_delivery_cost_usd
214,3,813102.6718146718,17127.0,Facility Delivery,766427.2521582353,,diagnosis_base,Baseline,base,service_delivery_cost_usd
214,4,816710.7644787645,17203.0,Facility Delivery,747406.0442166841,,diagnosis_base,Baseline,base,service_delivery_cost_usd
214,5,810301.6525096525,17068.0,Facility Delivery,719942.5231595055,,diagnosis_base,Baseline,base,service_delivery_cost_usd
214,6,813909.7451737452,17144.0,Facility Delivery,702085.695882749,,diagnosis_base,Baseline,base,service_delivery_cost_usd
214,7,814479.444015444,17156.0,Facility Delivery,682113.7117553902,,diagnosis_base,Baseline,base,service_delivery_cost_usd
214,8,808307.7065637066,17026.0,Facility Delivery,657228.1347603642,,diagnosis_base,Baseline,base,service_delivery_cost_usd
214,9,811630.9498069498,17096.0,Facility Delivery,640708.9666325964,,diagnosis_base,Baseline,base,service_delivery_cost_usd
214,10,814954.1930501931,17166.0,Facility Delivery,624594.5296472661,,diagnosis_base,Baseline,base,service_delivery_cost_usd
215,1,812248.1235521236,17109.0,Facility Delivery,812248.1235521236,,diagnosis_base,Baseline,base,service_delivery_cost_usd
215,2,818704.7104247104,17245.0,Facility Delivery,794858.942159913,,diagnosis_base,Baseline,base,service_delivery_cost_usd
215,3,814716.8185328186,17161.0,Facility Delivery,767948.7402515021,,diagnosis_base,Baseline,base,service_delivery_cost_usd
215,4,815713.7915057916,17182.0,Facility Delivery,746493.6727158674,,diagnosis_base,Baseline,base,service_delivery_cost_usd
215,5,812580.4478764479,17116.0,Facility Delivery,721967.2033277535,,diagnosis_base,Baseline,base,service_delivery_cost_usd
215,6,815049.1428571428,17168.0,Facility Delivery,703068.5503333547,,diagnosis_base,Baseline,base,service_delivery_cost_usd
215,7,818087.5366795367,17232.0,Facility Delivery,685135.4325582235,,diagnosis_base,Baseline,base,service_delivery_cost_usd
215,8,810918.8262548263,17081.0,Facility Delivery,659351.2140163151,,diagnosis_base,Baseline,base,service_delivery_cost_usd
215,9,812960.2471042471,17124.0,Facility Delivery,641758.3261942315,,diagnosis_base,Baseline,base,service_delivery_cost_usd
215,10,816141.0656370657,17191.0,Facility Delivery,625504.1686570052,,diagnosis_base,Baseline,base,service_delivery_cost_usd
216,1,815049.142857143,17168.0,Facility Delivery,815049.142857143,,diagnosis_base,Baseline,base,service_delivery_cost_usd
216,2,819321.8841698843,17258.0,Facility Delivery,795458.1399707614,,diagnosis_base,Baseline,base,service_delivery_cost_usd
216,3,818609.7606177607,17243.0,Facility Delivery,771618.2115352632,,diagnosis_base,Baseline,base,service_delivery_cost_usd
216,4,816473.38996139,17198.0,Facility Delivery,747188.8129069658,,diagnosis_base,Baseline,base,service_delivery_cost_usd
216,5,812105.6988416989,17106.0,Facility Delivery,721545.3949593685,,diagnosis_base,Baseline,base,service_delivery_cost_usd
216,6,816995.613899614,17209.0,Facility Delivery,704747.5933531397,,diagnosis_base,Baseline,base,service_delivery_cost_usd
216,7,816330.9652509653,17195.0,Facility Delivery,683664.3316410547,,diagnosis_base,Baseline,base,service_delivery_cost_usd
216,8,811915.7992277993,17102.0,Facility Delivery,660161.8442776782,,diagnosis_base,Baseline,base,service_delivery_cost_usd
216,9,818467.335907336,17240.0,Facility Delivery,646105.6729495768,,diagnosis_base,Baseline,base,service_delivery_cost_usd
216,10,815903.6911196911,17186.0,Facility Delivery,625322.2408550574,,diagnosis_base,Baseline,base,service_delivery_cost_usd
217,1,812200.6486486486,17108.0,Facility Delivery,812200.6486486486,,diagnosis_base,Baseline,base,service_delivery_cost_usd
217,2,814859.2432432433,17164.0,Facility Delivery,791125.4788769352,,diagnosis_base,Baseline,base,service_delivery_cost_usd
217,3,817232.9884169884,17214.0,Facility Delivery,770320.4716910062,,diagnosis_base,Baseline,base,service_delivery_cost_usd
217,4,811773.3745173746,17099.0,Facility Delivery,742887.632974544,,diagnosis_base,Baseline,base,service_delivery_cost_usd
217,5,811963.2741312742,17103.0,Facility Delivery,721418.852448853,,diagnosis_base,Baseline,base,service_delivery_cost_usd
217,6,812532.972972973,17115.0,Facility Delivery,700898.080088267,,diagnosis_base,Baseline,base,service_delivery_cost_usd
217,7,814574.3938223938,17158.0,Facility Delivery,682193.2307238857,,diagnosis_base,Baseline,base,service_delivery_cost_usd
217,8,809257.2046332047,17046.0,Facility Delivery,658000.1635807101,,diagnosis_base,Baseline,base,service_delivery_cost_usd
217,9,814906.7181467182,17165.0,Facility Delivery,643294.8884094829,,diagnosis_base,Baseline,base,service_delivery_cost_usd
217,10,814954.1930501931,17166.0,Facility Delivery,624594.5296472661,,diagnosis_base,Baseline,base,service_delivery_cost_usd
218,1,810776.4015444015,17078.0,Facility Delivery,810776.4015444015,,diagnosis_base,Baseline,base,service_delivery_cost_usd
218,2,815286.5173745174,17173.0,Facility Delivery,791540.3081305994,,diagnosis_base,Baseline,base,service_delivery_cost_usd
218,3,818562.2857142858,17242.0,Facility Delivery,771573.4618854612,,diagnosis_base,Baseline,base,service_delivery_cost_usd
218,4,810776.4015444015,17078.0,Facility Delivery,741975.2614737272,,diagnosis_base,Baseline,base,service_delivery_cost_usd
218,5,810871.3513513514,17080.0,Facility Delivery,720448.6932015674,,diagnosis_base,Baseline,base,service_delivery_cost_usd
218,6,813245.0965250966,17130.0,Facility Delivery,701512.3641198956,,diagnosis_base,Baseline,base,service_delivery_cost_usd
218,7,814242.0694980696,17151.0,Facility Delivery,681914.9143341512,,diagnosis_base,Baseline,base,service_delivery_cost_usd
218,8,810918.8262548263,17081.0,Facility Delivery,659351.2140163151,,diagnosis_base,Baseline,base,service_delivery_cost_usd
218,9,814954.1930501931,17166.0,Facility Delivery,643332.3655366842,,diagnosis_base,Baseline,base,service_delivery_cost_usd
218,10,815049.142857143,17168.0,Facility Delivery,624667.3007680452,,diagnosis_base,Baseline,base,service_delivery_cost_usd
219,1,814194.5945945947,17150.0,Facility Delivery,814194.5945945947,,diagnosis_base,Baseline,base,service_delivery_cost_usd
219,2,821458.2548262549,17303.0,Facility Delivery,797532.2862390825,,diagnosis_base,Baseline,base,service_delivery_cost_usd
219,3,823167.3513513514,17339.0,Facility Delivery,775914.1779162517,,diagnosis_base,Baseline,base,service_delivery_cost_usd
219,4,815476.416988417,17177.0,Facility Delivery,746276.4414061491,,diagnosis_base,Baseline,base,service_delivery_cost_usd
219,5,813245.0965250966,17130.0,Facility Delivery,722557.7350434924,,diagnosis_base,Baseline,base,service_delivery_cost_usd
219,6,817992.5868725869,17230.0,Facility Delivery,705607.5909974198,,diagnosis_base,Baseline,base,service_delivery_cost_usd
219,7,814289.5444015444,17152.0,Facility Delivery,681954.6738183988,,diagnosis_base,Baseline,base,service_delivery_cost_usd
219,8,816283.4903474904,17194.0,Facility Delivery,663713.1768512687,,diagnosis_base,Baseline,base,service_delivery_cost_usd
219,9,820651.1814671815,17286.0,Facility Delivery,647829.6208008343,,diagnosis_base,Baseline,base,service_delivery_cost_usd
219,10,818040.0617760619,17231.0,Facility Delivery,626959.5910725879,,diagnosis_base,Baseline,base,service_delivery_cost_usd
220,1,809352.1544401546,17048.0,Facility Delivery,809352.1544401546,,diagnosis_base,Baseline,base,service_delivery_cost_usd
220,2,816900.6640926641,17207.0,Facility Delivery,793107.4408666642,,diagnosis_base,Baseline,base,service_delivery_cost_usd
220,3,815049.142857143,17168.0,Facility Delivery,768261.987800116,,diagnosis_base,Baseline,base,service_delivery_cost_usd
220,4,811013.7760617761,17083.0,Facility Delivery,742192.4927834455,,diagnosis_base,Baseline,base,service_delivery_cost_usd
220,5,808640.0308880309,17033.0,Facility Delivery,718466.1938701579,,diagnosis_base,Baseline,base,service_delivery_cost_usd
220,6,812200.6486486488,17108.0,Facility Delivery,700611.4142068403,,diagnosis_base,Baseline,base,service_delivery_cost_usd
220,7,811488.5250965252,17093.0,Facility Delivery,679608.8642477783,,diagnosis_base,Baseline,base,service_delivery_cost_usd
220,8,806930.9343629344,16997.0,Facility Delivery,656108.6929708628,,diagnosis_base,Baseline,base,service_delivery_cost_usd
220,9,816758.2393822394,17204.0,Facility Delivery,644756.4963703316,,diagnosis_base,Baseline,base,service_delivery_cost_usd
220,10,812817.8223938225,17121.0,Facility Delivery,622957.1794297358,,diagnosis_base,Baseline,base,service_delivery_cost_usd
221,1,813245.0965250966,17130.0,Facility Delivery,813245.0965250966,,diagnosis_base,Baseline,base,service_delivery_cost_usd
221,2,818182.4864864865,17234.0,Facility Delivery,794351.9286276568,,diagnosis_base,Baseline,base,service_delivery_cost_usd
221,3,819559.2586872587,17263.0,Facility Delivery,772513.2045313024,,diagnosis_base,Baseline,base,service_delivery_cost_usd
221,4,810728.9266409266,17077.0,Facility Delivery,741931.8152117835,,diagnosis_base,Baseline,base,service_delivery_cost_usd
221,5,814431.9691119692,17155.0,Facility Delivery,723612.255964455,,diagnosis_base,Baseline,base,service_delivery_cost_usd
221,6,814384.4942084942,17154.0,Facility Delivery,702495.2185705014,,diagnosis_base,Baseline,base,service_delivery_cost_usd
221,7,814431.9691119691,17155.0,Facility Delivery,682073.9522711423,,diagnosis_base,Baseline,base,service_delivery_cost_usd
221,8,810111.752895753,17064.0,Facility Delivery,658694.9895190212,,diagnosis_base,Baseline,base,service_delivery_cost_usd
221,9,821125.9305019305,17296.0,Facility Delivery,648204.3920728468,,diagnosis_base,Baseline,base,service_delivery_cost_usd
221,10,815476.416988417,17177.0,Facility Delivery,624994.7708115514,,diagnosis_base,Baseline,base,service_delivery_cost_usd
222,1,815666.3166023167,17181.0,Facility Delivery,815666.3166023167,,diagnosis_base,Baseline,base,service_delivery_cost_usd
222,2,818847.1351351351,17248.0,Facility Delivery,794997.2185778011,,diagnosis_base,Baseline,base,service_delivery_cost_usd
222,3,820698.6563706564,17287.0,Facility Delivery,773587.1961265496,,diagnosis_base,Baseline,base,service_delivery_cost_usd
222,4,810301.6525096525,17068.0,Facility Delivery,741540.7988542907,,diagnosis_base,Baseline,base,service_delivery_cost_usd
222,5,815191.5675675676,17171.0,Facility Delivery,724287.1493538709,,diagnosis_base,Baseline,base,service_delivery_cost_usd
222,6,817043.0888030889,17210.0,Facility Delivery,704788.545621915,,diagnosis_base,Baseline,base,service_delivery_cost_usd
222,7,810159.2277992278,17065.0,Facility Delivery,678495.5986888396,,diagnosis_base,Baseline,base,service_delivery_cost_usd
222,8,811915.7992277993,17102.0,Facility Delivery,660161.8442776782,,diagnosis_base,Baseline,base,service_delivery_cost_usd
222,9,820461.2818532819,17282.0,Facility Delivery,647679.7122920293,,diagnosis_base,Baseline,base,service_delivery_cost_usd
222,10,815856.2162162162,17185.0,Facility Delivery,625285.8552946678,,diagnosis_base,Baseline,base,service_delivery_cost_usd
223,1,816093.5907335908,17190.0,Facility Delivery,816093.5907335908,,diagnosis_base,Baseline,base,service_delivery_cost_usd
223,2,819321.8841698843,17258.0,Facility Delivery,795458.1399707614,,diagnosis_base,Baseline,base,service_delivery_cost_usd
223,3,819226.9343629344,17256.0,Facility Delivery,772199.9569826887,,diagnosis_base,Baseline,base,service_delivery_cost_usd
223,4,810016.8030888031,17062.0,Facility Delivery,741280.1212826287,,diagnosis_base,Baseline,base,service_delivery_cost_usd
223,5,815808.7413127414,17184.0,Facility Delivery,724835.5002327715,,diagnosis_base,Baseline,base,service_delivery_cost_usd
223,6,815049.142857143,17168.0,Facility Delivery,703068.5503333549,,diagnosis_base,Baseline,base,service_delivery_cost_usd
223,7,811820.8494208495,17100.0,Facility Delivery,679887.1806375129,,diagnosis_base,Baseline,base,service_delivery_cost_usd
223,8,809114.77992278,17043.0,Facility Delivery,657884.3592576581,,diagnosis_base,Baseline,base,service_delivery_cost_usd
223,9,819701.6833976834,17266.0,Facility Delivery,647080.0782568093,,diagnosis_base,Baseline,base,service_delivery_cost_usd
223,10,816093.5907335908,17190.0,Facility Delivery,625467.7830966157,,diagnosis_base,Baseline,base,service_delivery_cost_usd
224,1,815381.4671814672,17175.0,Facility Delivery,815381.4671814672,,diagnosis_base,Baseline,base,service_delivery_cost_usd
224,2,814574.3938223938,17158.0,Facility Delivery,790848.9260411591,,diagnosis_base,Baseline,base,service_delivery_cost_usd
224,3,815808.7413127413,17184.0,Facility Delivery,768977.9821969472,,diagnosis_base,Baseline,base,service_delivery_cost_usd
224,4,807975.3822393822,17019.0,Facility Delivery,739411.9320190516,,diagnosis_base,Baseline,base,service_delivery_cost_usd
224,5,811963.2741312742,17103.0,Facility Delivery,721418.852448853,,diagnosis_base,Baseline,base,service_delivery_cost_usd
224,6,813672.3706563707,17139.0,Facility Delivery,701880.9345388728,,diagnosis_base,Baseline,base,service_delivery_cost_usd
224,7,808260.2316602317,17025.0,Facility Delivery,676905.2193189274,,diagnosis_base,Baseline,base,service_delivery_cost_usd
224,8,806551.1351351351,16989.0,Facility Delivery,655799.8814427245,,diagnosis_base,Baseline,base,service_delivery_cost_usd
224,9,815761.2664092665,17183.0,Facility Delivery,643969.4766991055,,diagnosis_base,Baseline,base,service_delivery_cost_usd
224,10,814526.918918919,17157.0,Facility Delivery,624267.0596037601,,diagnosis_base,Baseline,base,service_delivery_cost_usd
225,1,818372.3861003862,17238.0,Facility Delivery,818372.3861003862,,diagnosis_base,Baseline,base,service_delivery_cost_usd
225,2,815428.9420849421,17176.0,Facility Delivery,791678.5845484874,,diagnosis_base,Baseline,base,service_delivery_cost_usd
225,3,817802.6872586873,17226.0,Facility Delivery,770857.4674886299,,diagnosis_base,Baseline,base,service_delivery_cost_usd
225,4,809921.8532818534,17060.0,Facility Delivery,741193.2287587415,,diagnosis_base,Baseline,base,service_delivery_cost_usd
225,5,815713.7915057916,17182.0,Facility Delivery,724751.1385590944,,diagnosis_base,Baseline,base,service_delivery_cost_usd
225,6,814384.4942084943,17154.0,Facility Delivery,702495.2185705014,,diagnosis_base,Baseline,base,service_delivery_cost_usd
225,7,810396.6023166024,17070.0,Facility Delivery,678694.3961100787,,diagnosis_base,Baseline,base,service_delivery_cost_usd
225,8,811820.8494208495,17100.0,Facility Delivery,660084.6413956436,,diagnosis_base,Baseline,base,service_delivery_cost_usd
225,9,817945.1119691121,17229.0,Facility Delivery,645693.424550363,,diagnosis_base,Baseline,base,service_delivery_cost_usd
225,10,816188.5405405406,17192.0,Facility Delivery,625540.5542173948,,diagnosis_base,Baseline,base,service_delivery_cost_usd
226,1,817565.3127413128,17221.0,Facility Delivery,817565.3127413128,,diagnosis_base,Baseline,base,service_delivery_cost_usd
226,2,811536.0,17094.0,Facility Delivery,787899.0291262135,,diagnosis_base,Baseline,base,service_delivery_cost_usd
226,3,815666.3166023167,17181.0,Facility Delivery,768843.7332475415,,diagnosis_base,Baseline,base,service_delivery_cost_usd
226,4,809494.5791505792,17051.0,Facility Delivery,740802.2124012486,,diagnosis_base,Baseline,base,service_delivery_cost_usd
226,5,812058.223938224,17105.0,Facility Delivery,721503.21412253,,diagnosis_base,Baseline,base,service_delivery_cost_usd
226,6,813434.9961389962,17134.0,Facility Delivery,701676.1731949967,,diagnosis_base,Baseline,base,service_delivery_cost_usd
226,7,808165.2818532819,17023.0,Facility Delivery,676825.7003504317,,diagnosis_base,Baseline,base,service_delivery_cost_usd
226,8,808782.4555984556,17036.0,Facility Delivery,657614.149170537,,diagnosis_base,Baseline,base,service_delivery_cost_usd
226,9,813909.7451737452,17144.0,Facility Delivery,642507.8687382565,,diagnosis_base,Baseline,base,service_delivery_cost_usd
226,10,815144.0926640928,17170.0,Facility Delivery,624740.0718888245,,diagnosis_base,Baseline,base,service_delivery_cost_usd
227,1,818894.6100386101,17249.0,Facility Delivery,818894.6100386101,,diagnosis_base,Baseline,base,service_delivery_cost_usd
227,2,813292.5714285715,17131.0,Facility Delivery,789604.4382801665,,diagnosis_base,Baseline,base,service_delivery_cost_usd
227,3,814574.3938223938,17158.0,Facility Delivery,767814.4913020962,,diagnosis_base,Baseline,base,service_delivery_cost_usd
227,4,811678.4247104247,17097.0,Facility Delivery,742800.7404506567,,diagnosis_base,Baseline,base,service_delivery_cost_usd
227,5,814004.694980695,17146.0,Facility Delivery,723232.6284329084,,diagnosis_base,Baseline,base,service_delivery_cost_usd
227,6,815903.6911196911,17186.0,Facility Delivery,703805.6911713091,,diagnosis_base,Baseline,base,service_delivery_cost_usd
227,7,808592.555984556,17032.0,Facility Delivery,677183.535708662,,diagnosis_base,Baseline,base,service_delivery_cost_usd
227,8,813055.1969111969,17126.0,Facility Delivery,661088.2788620931,,diagnosis_base,Baseline,base,service_delivery_cost_usd
227,9,814526.9189189189,17157.0,Facility Delivery,642995.0713918728,,diagnosis_base,Baseline,base,service_delivery_cost_usd
227,10,816853.1891891892,17206.0,Facility Delivery,626049.9520628487,,diagnosis_base,Baseline,base,service_delivery_cost_usd
228,1,817660.2625482626,17223.0,Facility Delivery,817660.2625482626,,diagnosis_base,Baseline,base,service_delivery_cost_usd
228,2,815666.3166023167,17181.0,Facility Delivery,791909.0452449677,,diagnosis_base,Baseline,base,service_delivery_cost_usd
228,3,813482.4710424711,17135.0,Facility Delivery,766785.2493566511,,diagnosis_base,Baseline,base,service_delivery_cost_usd
228,4,809779.4285714286,17057.0,Facility Delivery,741062.8899729105,,diagnosis_base,Baseline,base,service_delivery_cost_usd
228,5,813909.7451737452,17144.0,Facility Delivery,723148.2667592315,,diagnosis_base,Baseline,base,service_delivery_cost_usd
228,6,813767.3204633205,17141.0,Facility Delivery,701962.8390764232,,diagnosis_base,Baseline,base,service_delivery_cost_usd
228,7,807548.1081081082,17010.0,Facility Delivery,676308.8270552102,,diagnosis_base,Baseline,base,service_delivery_cost_usd
228,8,817232.9884169884,17214.0,Facility Delivery,664485.2056716145,,diagnosis_base,Baseline,base,service_delivery_cost_usd
228,9,813150.1467181467,17128.0,Facility Delivery,641908.2347030365,,diagnosis_base,Baseline,base,service_delivery_cost_usd
228,10,814954.1930501931,17166.0,Facility Delivery,624594.5296472661,,diagnosis_base,Baseline,base,service_delivery_cost_usd
229,1,816710.7644787645,17203.0,Facility Delivery,816710.7644787645,,diagnosis_base,Baseline,base,service_delivery_cost_usd
229,2,819369.359073359,17259.0,Facility Delivery,795504.2321100573,,diagnosis_base,Baseline,base,service_delivery_cost_usd
229,3,813529.945945946,17136.0,Facility Delivery,766829.9990064531,,diagnosis_base,Baseline,base,service_delivery_cost_usd
229,4,812912.7722007722,17123.0,Facility Delivery,743930.3432611916,,diagnosis_base,Baseline,base,service_delivery_cost_usd
229,5,814574.3938223938,17158.0,Facility Delivery,723738.7984749704,,diagnosis_base,Baseline,base,service_delivery_cost_usd
229,6,815951.166023166,17187.0,Facility Delivery,703846.6434400844,,diagnosis_base,Baseline,base,service_delivery_cost_usd
229,7,811298.6254826256,17089.0,Facility Delivery,679449.8263107871,,diagnosis_base,Baseline,base,service_delivery_cost_usd
229,8,816758.2393822394,17204.0,Facility Delivery,664099.1912614417,,diagnosis_base,Baseline,base,service_delivery_cost_usd
229,9,816995.613899614,17209.0,Facility Delivery,644943.882006338,,diagnosis_base,Baseline,base,service_delivery_cost_usd
229,10,816093.5907335908,17190.0,Facility Delivery,625467.7830966157,,diagnosis_base,Baseline,base,service_delivery_cost_usd
230,1,818419.8610038611,17239.0,Facility Delivery,818419.8610038611,,diagnosis_base,Baseline,base,service_delivery_cost_usd
230,2,820841.0810810812,17290.0,Facility Delivery,796933.0884282341,,diagnosis_base,Baseline,base,service_delivery_cost_usd
230,3,812248.1235521236,17109.0,Facility Delivery,765621.7584617999,,diagnosis_base,Baseline,base,service_delivery_cost_usd
230,4,811868.3243243244,17101.0,Facility Delivery,742974.5254984313,,diagnosis_base,Baseline,base,service_delivery_cost_usd
230,5,814764.2934362935,17162.0,Facility Delivery,723907.5218223244,,diagnosis_base,Baseline,base,service_delivery_cost_usd
230,6,814574.3938223938,17158.0,Facility Delivery,702659.0276456024,,diagnosis_base,Baseline,base,service_delivery_cost_usd
230,7,812485.4980694981,17114.0,Facility Delivery,680443.8134169822,,diagnosis_base,Baseline,base,service_delivery_cost_usd
230,8,816805.7142857143,17205.0,Facility Delivery,664137.7927024589,,diagnosis_base,Baseline,base,service_delivery_cost_usd
230,9,815808.7413127413,17184.0,Facility Delivery,644006.9538263066,,diagnosis_base,Baseline,base,service_delivery_cost_usd
230,10,816188.5405405406,17192.0,Facility Delivery,625540.5542173948,,diagnosis_base,Baseline,base,service_delivery_cost_usd
231,1,817043.0888030889,17210.0,Facility Delivery,817043.0888030889,,diagnosis_base,Baseline,base,service_delivery_cost_usd
231,2,819274.4092664093,17257.0,Facility Delivery,795412.0478314654,,diagnosis_base,Baseline,base,service_delivery_cost_usd
231,3,811536.0,17094.0,Facility Delivery,764950.5137147706,,diagnosis_base,Baseline,base,service_delivery_cost_usd
231,4,809684.4787644788,17055.0,Facility Delivery,740975.9974490232,,diagnosis_base,Baseline,base,service_delivery_cost_usd
231,5,814289.5444015445,17152.0,Facility Delivery,723485.7134539394,,diagnosis_base,Baseline,base,service_delivery_cost_usd
231,6,812817.8223938225,17121.0,Facility Delivery,701143.7937009184,,diagnosis_base,Baseline,base,service_delivery_cost_usd
231,7,811061.250965251,17084.0,Facility Delivery,679251.028889548,,diagnosis_base,Baseline,base,service_delivery_cost_usd
231,8,816568.3397683399,17200.0,Facility Delivery,663944.7854973725,,diagnosis_base,Baseline,base,service_delivery_cost_usd
231,9,814289.5444015445,17152.0,Facility Delivery,642807.6857558666,,diagnosis_base,Baseline,base,service_delivery_cost_usd
231,10,816520.8648648649,17199.0,Facility Delivery,625795.2531401217,,diagnosis_base,Baseline,base,service_delivery_cost_usd
232,1,818229.9613899614,17235.0,Facility Delivery,818229.9613899614,,diagnosis_base,Baseline,base,service_delivery_cost_usd
232,2,817043.0888030889,17210.0,Facility Delivery,793245.7172845523,,diagnosis_base,Baseline,base,service_delivery_cost_usd
232,3,812912.7722007723,17123.0,Facility Delivery,766248.2535590276,,diagnosis_base,Baseline,base,service_delivery_cost_usd
232,4,810966.3011583012,17082.0,Facility Delivery,742149.0465215018,,diagnosis_base,Baseline,base,service_delivery_cost_usd
232,5,815001.6679536679,17167.0,Facility Delivery,724118.4260065168,,diagnosis_base,Baseline,base,service_delivery_cost_usd
232,6,814242.0694980696,17151.0,Facility Delivery,702372.3617641757,,diagnosis_base,Baseline,base,service_delivery_cost_usd
232,7,809494.5791505792,17051.0,Facility Delivery,677938.9659093703,,diagnosis_base,Baseline,base,service_delivery_cost_usd
232,8,819891.5830115831,17270.0,Facility Delivery,666646.8863685827,,diagnosis_base,Baseline,base,service_delivery_cost_usd
232,9,814906.7181467182,17165.0,Facility Delivery,643294.8884094829,,diagnosis_base,Baseline,base,service_delivery_cost_usd
232,10,819226.9343629344,17256.0,Facility Delivery,627869.2300823269,,diagnosis_base,Baseline,base,service_delivery_cost_usd
233,1,818942.084942085,17250.0,Facility Delivery,818942.084942085,,diagnosis_base,Baseline,base,service_delivery_cost_usd
233,2,820318.8571428572,17279.0,Facility Delivery,796426.0748959779,,diagnosis_base,Baseline,base,service_delivery_cost_usd
233,3,812058.223938224,17105.0,Facility Delivery,765442.7598625922,,diagnosis_base,Baseline,base,service_delivery_cost_usd
233,4,814906.7181467182,17165.0,Facility Delivery,745755.0862628252,,diagnosis_base,Baseline,base,service_delivery_cost_usd
233,5,815333.9922779923,17174.0,Facility Delivery,724413.6918643864,,diagnosis_base,Baseline,base,service_delivery_cost_usd
233,6,813577.420849421,17137.0,Facility Delivery,701799.0300013224,,diagnosis_base,Baseline,base,service_delivery_cost_usd
233,7,810966.3011583012,17082.0,Facility Delivery,679171.5099210524,,diagnosis_base,Baseline,base,service_delivery_cost_usd
233,8,821933.0038610039,17313.0,Facility Delivery,668306.7483323262,,diagnosis_base,Baseline,base,service_delivery_cost_usd
233,9,815666.3166023167,17181.0,Facility Delivery,643894.5224447029,,diagnosis_base,Baseline,base,service_delivery_cost_usd
233,10,818372.3861003862,17238.0,Facility Delivery,627214.2899953148,,diagnosis_base,Baseline,base,service_delivery_cost_usd
234,1,818467.335907336,17240.0,Facility Delivery,818467.335907336,,diagnosis_base,Baseline,base,service_delivery_cost_usd
234,2,819226.9343629344,17256.0,Facility Delivery,795365.9556921694,,diagnosis_base,Baseline,base,service_delivery_cost_usd
234,3,809874.3783783785,17059.0,Facility Delivery,763384.2759717018,,diagnosis_base,Baseline,base,service_delivery_cost_usd
234,4,813387.5212355213,17133.0,Facility Delivery,744364.8058806283,,diagnosis_base,Baseline,base,service_delivery_cost_usd
234,5,815286.5173745174,17173.0,Facility Delivery,724371.5110275479,,diagnosis_base,Baseline,base,service_delivery_cost_usd
234,6,810918.8262548263,17081.0,Facility Delivery,699505.7029499087,,diagnosis_base,Baseline,base,service_delivery_cost_usd
234,7,813340.0463320464,17132.0,Facility Delivery,681159.4841334427,,diagnosis_base,Baseline,base,service_delivery_cost_usd
234,8,819559.2586872587,17263.0,Facility Delivery,666376.6762814617,,diagnosis_base,Baseline,base,service_delivery_cost_usd
234,9,816046.1158301159,17189.0,Facility Delivery,644194.3394623129,,diagnosis_base,Baseline,base,service_delivery_cost_usd
234,10,820128.9575289576,17275.0,Facility Delivery,628560.5557297287,,diagnosis_base,Baseline,base,service_delivery_cost_usd
235,1,818419.8610038611,17239.0,Facility Delivery,818419.8610038611,,diagnosis_base,Baseline,base,service_delivery_cost_usd
235,2,819749.1583011583,17267.0,Facility Delivery,795872.9692244255,,diagnosis_base,Baseline,base,service_delivery_cost_usd
235,3,809589.528957529,17053.0,Facility Delivery,763115.77807289,,diagnosis_base,Baseline,base,service_delivery_cost_usd
235,4,816473.38996139,17198.0,Facility Delivery,747188.8129069658,,diagnosis_base,Baseline,base,service_delivery_cost_usd
235,5,815428.9420849421,17176.0,Facility Delivery,724498.0535380634,,diagnosis_base,Baseline,base,service_delivery_cost_usd
235,6,812295.5984555986,17110.0,Facility Delivery,700693.3187443909,,diagnosis_base,Baseline,base,service_delivery_cost_usd
235,7,809114.77992278,17043.0,Facility Delivery,677620.890035388,,diagnosis_base,Baseline,base,service_delivery_cost_usd
235,8,819511.7837837838,17262.0,Facility Delivery,666338.0748404444,,diagnosis_base,Baseline,base,service_delivery_cost_usd
235,9,816093.5907335908,17190.0,Facility Delivery,644231.8165895141,,diagnosis_base,Baseline,base,service_delivery_cost_usd
235,10,823499.6756756757,17346.0,Facility Delivery,631143.9305173878,,diagnosis_base,Baseline,base,service_delivery_cost_usd
236,1,816663.2895752896,17202.0,Facility Delivery,816663.2895752896,,diagnosis_base,Baseline,base,service_delivery_cost_usd
236,2,818040.0617760618,17231.0,Facility Delivery,794213.6522097687,,diagnosis_base,Baseline,base,service_delivery_cost_usd
236,3,810064.2779922781,17063.0,Facility Delivery,763563.2745709098,,diagnosis_base,Baseline,base,service_delivery_cost_usd
236,4,814004.694980695,17146.0,Facility Delivery,744929.6072858957,,diagnosis_base,Baseline,base,service_delivery_cost_usd
236,5,815666.3166023167,17181.0,Facility Delivery,724708.957722256,,diagnosis_base,Baseline,base,service_delivery_cost_usd
236,6,810491.5521235522,17072.0,Facility Delivery,699137.1325309316,,diagnosis_base,Baseline,base,service_delivery_cost_usd
236,7,809257.2046332047,17046.0,Facility Delivery,677740.1684881314,,diagnosis_base,Baseline,base,service_delivery_cost_usd
236,8,818942.084942085,17250.0,Facility Delivery,665874.857548237,,diagnosis_base,Baseline,base,service_delivery_cost_usd
236,9,816758.2393822394,17204.0,Facility Delivery,644756.4963703316,,diagnosis_base,Baseline,base,service_delivery_cost_usd
236,10,821173.4054054054,17297.0,Facility Delivery,629361.0380582991,,diagnosis_base,Baseline,base,service_delivery_cost_usd
237,1,813245.0965250966,17130.0,Facility Delivery,813245.0965250966,,diagnosis_base,Baseline,base,service_delivery_cost_usd
237,2,815381.4671814672,17175.0,Facility Delivery,791632.4924091914,,diagnosis_base,Baseline,base,service_delivery_cost_usd
237,3,807310.7335907336,17005.0,Facility Delivery,760967.7948823958,,diagnosis_base,Baseline,base,service_delivery_cost_usd
237,4,813434.9961389962,17134.0,Facility Delivery,744408.252142572,,diagnosis_base,Baseline,base,service_delivery_cost_usd
237,5,811963.2741312742,17103.0,Facility Delivery,721418.852448853,,diagnosis_base,Baseline,base,service_delivery_cost_usd
237,6,808165.2818532819,17023.0,Facility Delivery,697130.4713609447,,diagnosis_base,Baseline,base,service_delivery_cost_usd
237,7,808924.8803088804,17039.0,Facility Delivery,677461.8520983966,,diagnosis_base,Baseline,base,service_delivery_cost_usd
237,8,815571.3667953669,17179.0,Facility Delivery,663134.1552360094,,diagnosis_base,Baseline,base,service_delivery_cost_usd
237,9,813197.6216216217,17129.0,Facility Delivery,641945.7118302378,,diagnosis_base,Baseline,base,service_delivery_cost_usd
237,10,820556.2316602317,17284.0,Facility Delivery,628888.0257732348,,diagnosis_base,Baseline,base,service_delivery_cost_usd
238,1,810349.1274131275,17069.0,Facility Delivery,810349.1274131275,,diagnosis_base,Baseline,base,service_delivery_cost_usd
238,2,814479.444015444,17156.0,Facility Delivery,790756.741762567,,diagnosis_base,Baseline,base,service_delivery_cost_usd
238,3,809067.3050193051,17042.0,Facility Delivery,762623.5319250685,,diagnosis_base,Baseline,base,service_delivery_cost_usd
238,4,811346.1003861005,17090.0,Facility Delivery,742496.6166170512,,diagnosis_base,Baseline,base,service_delivery_cost_usd
238,5,812153.1737451738,17107.0,Facility Delivery,721587.575796207,,diagnosis_base,Baseline,base,service_delivery_cost_usd
238,6,808070.3320463321,17021.0,Facility Delivery,697048.5668233943,,diagnosis_base,Baseline,base,service_delivery_cost_usd
238,7,806598.6100386101,16990.0,Facility Delivery,675513.637370254,,diagnosis_base,Baseline,base,service_delivery_cost_usd
238,8,813150.1467181467,17128.0,Facility Delivery,661165.4817441277,,diagnosis_base,Baseline,base,service_delivery_cost_usd
238,9,814052.1698841699,17147.0,Facility Delivery,642620.3001198603,,diagnosis_base,Baseline,base,service_delivery_cost_usd
238,10,819511.7837837839,17262.0,Facility Delivery,628087.5434446643,,diagnosis_base,Baseline,base,service_delivery_cost_usd
239,1,813862.2702702703,17143.0,Facility Delivery,813862.2702702703,,diagnosis_base,Baseline,base,service_delivery_cost_usd
239,2,815381.4671814672,17175.0,Facility Delivery,791632.4924091914,,diagnosis_base,Baseline,base,service_delivery_cost_usd
239,3,812532.972972973,17115.0,Facility Delivery,765890.2563606118,,diagnosis_base,Baseline,base,service_delivery_cost_usd
239,4,815191.5675675676,17171.0,Facility Delivery,746015.7638344871,,diagnosis_base,Baseline,base,service_delivery_cost_usd
239,5,814716.8185328186,17161.0,Facility Delivery,723865.3409854859,,diagnosis_base,Baseline,base,service_delivery_cost_usd
239,6,808782.4555984556,17036.0,Facility Delivery,697662.8508550229,,diagnosis_base,Baseline,base,service_delivery_cost_usd
239,7,814526.9189189189,17157.0,Facility Delivery,682153.4712396379,,diagnosis_base,Baseline,base,service_delivery_cost_usd
239,8,814574.3938223938,17158.0,Facility Delivery,662323.5249746463,,diagnosis_base,Baseline,base,service_delivery_cost_usd
239,9,817802.6872586873,17226.0,Facility Delivery,645580.9931687593,,diagnosis_base,Baseline,base,service_delivery_cost_usd
239,10,821125.9305019305,17296.0,Facility Delivery,629324.6524979095,,diagnosis_base,Baseline,base,service_delivery_cost_usd
240,1,816805.7142857143,17205.0,Facility Delivery,816805.7142857143,,diagnosis_base,Baseline,base,service_delivery_cost_usd
240,2,814954.1930501931,17166.0,Facility Delivery,791217.6631555273,,diagnosis_base,Baseline,base,service_delivery_cost_usd
240,3,810159.2277992279,17065.0,Facility Delivery,763652.7738705137,,diagnosis_base,Baseline,base,service_delivery_cost_usd
240,4,814906.7181467182,17165.0,Facility Delivery,745755.0862628252,,diagnosis_base,Baseline,base,service_delivery_cost_usd
240,5,812153.1737451738,17107.0,Facility Delivery,721587.575796207,,diagnosis_base,Baseline,base,service_delivery_cost_usd
240,6,810111.7528957529,17064.0,Facility Delivery,698809.5143807296,,diagnosis_base,Baseline,base,service_delivery_cost_usd
240,7,817375.4131274133,17217.0,Facility Delivery,684539.0402945065,,diagnosis_base,Baseline,base,service_delivery_cost_usd
240,8,811820.8494208495,17100.0,Facility Delivery,660084.6413956436,,diagnosis_base,Baseline,base,service_delivery_cost_usd
240,9,816900.6640926641,17207.0,Facility Delivery,644868.9277519354,,diagnosis_base,Baseline,base,service_delivery_cost_usd
240,10,821648.1544401544,17307.0,Facility Delivery,629724.8936621947,,diagnosis_base,Baseline,base,service_delivery_cost_usd
241,1,816378.4401544402,17196.0,Facility Delivery,816378.4401544402,,diagnosis_base,Baseline,base,service_delivery_cost_usd
241,2,811536.0000000001,17094.0,Facility Delivery,787899.0291262136,,diagnosis_base,Baseline,base,service_delivery_cost_usd
241,3,810681.4517374518,17076.0,Facility Delivery,764145.0200183352,,diagnosis_base,Baseline,base,service_delivery_cost_usd
241,4,812390.5482625483,17112.0,Facility Delivery,743452.4343798115,,diagnosis_base,Baseline,base,service_delivery_cost_usd
241,5,814906.7181467182,17165.0,Facility Delivery,724034.0643328399,,diagnosis_base,Baseline,base,service_delivery_cost_usd
241,6,809447.1042471044,17050.0,Facility Delivery,698236.1826178763,,diagnosis_base,Baseline,base,service_delivery_cost_usd
241,7,814716.8185328186,17161.0,Facility Delivery,682312.5091766292,,diagnosis_base,Baseline,base,service_delivery_cost_usd
241,8,814194.5945945947,17150.0,Facility Delivery,662014.713446508,,diagnosis_base,Baseline,base,service_delivery_cost_usd
241,9,814859.2432432433,17164.0,Facility Delivery,643257.4112822816,,diagnosis_base,Baseline,base,service_delivery_cost_usd
241,10,821315.8301158302,17300.0,Facility Delivery,629470.1947394678,,diagnosis_base,Baseline,base,service_delivery_cost_usd
242,1,818942.084942085,17250.0,Facility Delivery,818942.084942085,,diagnosis_base,Baseline,base,service_delivery_cost_usd
242,2,810871.3513513514,17080.0,Facility Delivery,787253.7391760693,,diagnosis_base,Baseline,base,service_delivery_cost_usd
242,3,810349.1274131275,17069.0,Facility Delivery,763831.7724697215,,diagnosis_base,Baseline,base,service_delivery_cost_usd
242,4,813387.5212355213,17133.0,Facility Delivery,744364.8058806283,,diagnosis_base,Baseline,base,service_delivery_cost_usd
242,5,814716.8185328186,17161.0,Facility Delivery,723865.3409854859,,diagnosis_base,Baseline,base,service_delivery_cost_usd
242,6,810966.3011583012,17082.0,Facility Delivery,699546.655218684,,diagnosis_base,Baseline,base,service_delivery_cost_usd
242,7,814716.8185328186,17161.0,Facility Delivery,682312.5091766292,,diagnosis_base,Baseline,base,service_delivery_cost_usd
242,8,814242.0694980696,17151.0,Facility Delivery,662053.3148875254,,diagnosis_base,Baseline,base,service_delivery_cost_usd
242,9,815286.5173745174,17173.0,Facility Delivery,643594.7054270928,,diagnosis_base,Baseline,base,service_delivery_cost_usd
242,10,820556.2316602317,17284.0,Facility Delivery,628888.0257732348,,diagnosis_base,Baseline,base,service_delivery_cost_usd
243,1,821173.4054054054,17297.0,Facility Delivery,821173.4054054054,,diagnosis_base,Baseline,base,service_delivery_cost_usd
243,2,813150.1467181467,17128.0,Facility Delivery,789466.1618622784,,diagnosis_base,Baseline,base,service_delivery_cost_usd
243,3,811346.1003861005,17090.0,Facility Delivery,764771.5151155627,,diagnosis_base,Baseline,base,service_delivery_cost_usd
243,4,815761.2664092664,17183.0,Facility Delivery,746537.118977811,,diagnosis_base,Baseline,base,service_delivery_cost_usd
243,5,813814.7953667954,17142.0,Facility Delivery,723063.9050855543,,diagnosis_base,Baseline,base,service_delivery_cost_usd
243,6,811915.7992277993,17102.0,Facility Delivery,700365.7005941889,,diagnosis_base,Baseline,base,service_delivery_cost_usd
243,7,818657.2355212356,17244.0,Facility Delivery,685612.5463691973,,diagnosis_base,Baseline,base,service_delivery_cost_usd
243,8,815713.7915057916,17182.0,Facility Delivery,663249.9595590613,,diagnosis_base,Baseline,base,service_delivery_cost_usd
243,9,817897.6370656372,17228.0,Facility Delivery,645655.9474231617,,diagnosis_base,Baseline,base,service_delivery_cost_usd
243,10,819084.5096525097,17253.0,Facility Delivery,627760.0734011582,,diagnosis_base,Baseline,base,service_delivery_cost_usd
244,1,815523.891891892,17178.0,Facility Delivery,815523.891891892,,diagnosis_base,Baseline,base,service_delivery_cost_usd
244,2,811630.9498069498,17096.0,Facility Delivery,787991.2134048056,,diagnosis_base,Baseline,base,service_delivery_cost_usd
244,3,809542.0540540541,17052.0,Facility Delivery,763071.028423088,,diagnosis_base,Baseline,base,service_delivery_cost_usd
244,4,813387.5212355213,17133.0,Facility Delivery,744364.8058806283,,diagnosis_base,Baseline,base,service_delivery_cost_usd
244,5,811773.3745173746,17099.0,Facility Delivery,721250.129101499,,diagnosis_base,Baseline,base,service_delivery_cost_usd
244,6,807595.5830115831,17011.0,Facility Delivery,696639.0441356419,,diagnosis_base,Baseline,base,service_delivery_cost_usd
244,7,817850.1621621622,17227.0,Facility Delivery,684936.6351369845,,diagnosis_base,Baseline,base,service_delivery_cost_usd
244,8,813767.3204633205,17141.0,Facility Delivery,661667.3004773525,,diagnosis_base,Baseline,base,service_delivery_cost_usd
244,9,815666.3166023167,17181.0,Facility Delivery,643894.5224447029,,diagnosis_base,Baseline,base,service_delivery_cost_usd
244,10,816378.4401544402,17196.0,Facility Delivery,625686.0964589531,,diagnosis_base,Baseline,base,service_delivery_cost_usd
245,1,821220.8803088804,17298.0,Facility Delivery,821220.8803088804,,diagnosis_base,Baseline,base,service_delivery_cost_usd
245,2,812248.1235521236,17109.0,Facility Delivery,788590.4112156539,,diagnosis_base,Baseline,base,service_delivery_cost_usd
245,3,815523.891891892,17178.0,Facility Delivery,768709.4842981355,,diagnosis_base,Baseline,base,service_delivery_cost_usd
245,4,817043.0888030888,17210.0,Facility Delivery,747710.1680502895,,diagnosis_base,Baseline,base,service_delivery_cost_usd
245,5,814431.9691119691,17155.0,Facility Delivery,723612.2559644548,,diagnosis_base,Baseline,base,service_delivery_cost_usd
245,6,812010.7490347491,17104.0,Facility Delivery,700447.6051317394,,diagnosis_base,Baseline,base,service_delivery_cost_usd
245,7,822597.6525096525,17327.0,Facility Delivery,688912.5835617653,,diagnosis_base,Baseline,base,service_delivery_cost_usd
245,8,816853.1891891892,17206.0,Facility Delivery,664176.3941434763,,diagnosis_base,Baseline,base,service_delivery_cost_usd
245,9,819369.359073359,17259.0,Facility Delivery,646817.7383664005,,diagnosis_base,Baseline,base,service_delivery_cost_usd
245,10,819749.1583011583,17267.0,Facility Delivery,628269.4712466121,,diagnosis_base,Baseline,base,service_delivery_cost_usd
246,1,820034.0077220078,17273.0,Facility Delivery,820034.0077220078,,diagnosis_base,Baseline,base,service_delivery_cost_usd
246,2,810016.8030888031,17062.0,Facility Delivery,786424.0806687408,,diagnosis_base,Baseline,base,service_delivery_cost_usd
246,3,814526.9189189189,17157.0,Facility Delivery,767769.7416522943,,diagnosis_base,Baseline,base,service_delivery_cost_usd
246,4,816900.6640926641,17207.0,Facility Delivery,747579.8292644587,,diagnosis_base,Baseline,base,service_delivery_cost_usd
246,5,811536.0,17094.0,Facility Delivery,721039.2249173064,,diagnosis_base,Baseline,base,service_delivery_cost_usd
246,6,812058.223938224,17105.0,Facility Delivery,700488.5574005146,,diagnosis_base,Baseline,base,service_delivery_cost_usd
246,7,820271.3822393822,17278.0,Facility Delivery,686964.3688336227,,diagnosis_base,Baseline,base,service_delivery_cost_usd
246,8,815523.891891892,17178.0,Facility Delivery,663095.5537949922,,diagnosis_base,Baseline,base,service_delivery_cost_usd
246,9,821885.528957529,17312.0,Facility Delivery,648804.0261080668,,diagnosis_base,Baseline,base,service_delivery_cost_usd
246,10,815049.142857143,17168.0,Facility Delivery,624667.3007680452,,diagnosis_base,Baseline,base,service_delivery_cost_usd
247,1,816948.138996139,17208.0,Facility Delivery,816948.138996139,,diagnosis_base,Baseline,base,service_delivery_cost_usd
247,2,807168.3088803089,17002.0,Facility Delivery,783658.5523109795,,diagnosis_base,Baseline,base,service_delivery_cost_usd
247,3,813814.7953667954,17142.0,Facility Delivery,767098.4969052648,,diagnosis_base,Baseline,base,service_delivery_cost_usd
247,4,812390.5482625483,17112.0,Facility Delivery,743452.4343798115,,diagnosis_base,Baseline,base,service_delivery_cost_usd
247,5,808640.030888031,17033.0,Facility Delivery,718466.193870158,,diagnosis_base,Baseline,base,service_delivery_cost_usd
247,6,807215.7837837839,17003.0,Facility Delivery,696311.4259854399,,diagnosis_base,Baseline,base,service_delivery_cost_usd
247,7,816948.138996139,17208.0,Facility Delivery,684181.2049362762,,diagnosis_base,Baseline,base,service_delivery_cost_usd
247,8,813150.1467181467,17128.0,Facility Delivery,661165.4817441277,,diagnosis_base,Baseline,base,service_delivery_cost_usd
247,9,820603.7065637066,17285.0,Facility Delivery,647792.1436736331,,diagnosis_base,Baseline,base,service_delivery_cost_usd
247,10,809921.8532818534,17060.0,Facility Delivery,620737.6602459723,,diagnosis_base,Baseline,base,service_delivery_cost_usd
248,1,819796.6332046333,17268.0,Facility Delivery,819796.6332046333,,diagnosis_base,Baseline,base,service_delivery_cost_usd
248,2,811441.0501930503,17092.0,Facility Delivery,787806.8448476216,,diagnosis_base,Baseline,base,service_delivery_cost_usd
248,3,815713.7915057915,17182.0,Facility Delivery,768888.4828973433,,diagnosis_base,Baseline,base,service_delivery_cost_usd
248,4,817280.4633204634,17215.0,Facility Delivery,747927.399360008,,diagnosis_base,Baseline,base,service_delivery_cost_usd
248,5,812627.9227799228,17117.0,Facility Delivery,722009.3841645919,,diagnosis_base,Baseline,base,service_delivery_cost_usd
248,6,809304.6795366795,17047.0,Facility Delivery,698113.3258115505,,diagnosis_base,Baseline,base,service_delivery_cost_usd
248,7,820983.5057915058,17293.0,Facility Delivery,687560.7610973398,,diagnosis_base,Baseline,base,service_delivery_cost_usd
248,8,818277.4362934363,17236.0,Facility Delivery,665334.4373739948,,diagnosis_base,Baseline,base,service_delivery_cost_usd
248,9,824211.7992277993,17361.0,Facility Delivery,650640.4053409281,,diagnosis_base,Baseline,base,service_delivery_cost_usd
248,10,812105.6988416989,17106.0,Facility Delivery,622411.3960238922,,diagnosis_base,Baseline,base,service_delivery_cost_usd
249,1,819511.7837837838,17262.0,Facility Delivery,819511.7837837838,,diagnosis_base,Baseline,base,service_delivery_cost_usd
249,2,810444.0772200773,17071.0,Facility Delivery,786838.9099224051,,diagnosis_base,Baseline,base,service_delivery_cost_usd
249,3,816853.1891891892,17206.0,Facility Delivery,769962.4744925905,,diagnosis_base,Baseline,base,service_delivery_cost_usd
249,4,815618.8416988418,17180.0,Facility Delivery,746406.7801919801,,diagnosis_base,Baseline,base,service_delivery_cost_usd
249,5,809874.3783783785,17059.0,Facility Delivery,719562.895627959,,diagnosis_base,Baseline,base,service_delivery_cost_usd
249,6,813862.2702702703,17143.0,Facility Delivery,702044.7436139737,,diagnosis_base,Baseline,base,service_delivery_cost_usd
249,7,819037.0347490348,17252.0,Facility Delivery,685930.6222431797,,diagnosis_base,Baseline,base,service_delivery_cost_usd
249,8,817090.5637065638,17211.0,Facility Delivery,664369.4013485627,,diagnosis_base,Baseline,base,service_delivery_cost_usd
249,9,823404.7258687259,17344.0,Facility Delivery,650003.2941785069,,diagnosis_base,Baseline,base,service_delivery_cost_usd
249,10,811820.8494208495,17100.0,Facility Delivery,622193.0826615548,,diagnosis_base,Baseline,base,service_delivery_cost_usd
250,1,817280.4633204633,17215.0,Facility Delivery,817280.4633204633,,diagnosis_base,Baseline,base,service_delivery_cost_usd
250,2,813529.945945946,17136.0,Facility Delivery,789834.8989766466,,diagnosis_base,Baseline,base,service_delivery_cost_usd
250,3,815523.891891892,17178.0,Facility Delivery,768709.4842981355,,diagnosis_base,Baseline,base,service_delivery_cost_usd
250,4,814052.1698841699,17147.0,Facility Delivery,744973.0535478394,,diagnosis_base,Baseline,base,service_delivery_cost_usd
250,5,810111.7528957529,17064.0,Facility Delivery,719773.7998121515,,diagnosis_base,Baseline,base,service_delivery_cost_usd
250,6,813624.8957528959,17138.0,Facility Delivery,701839.9822700976,,diagnosis_base,Baseline,base,service_delivery_cost_usd
250,7,817280.4633204634,17215.0,Facility Delivery,684459.5213260109,,diagnosis_base,Baseline,base,service_delivery_cost_usd
250,8,818087.5366795367,17232.0,Facility Delivery,665180.0316099257,,diagnosis_base,Baseline,base,service_delivery_cost_usd
250,9,821933.0038610039,17313.0,Facility Delivery,648841.503235268,,diagnosis_base,Baseline,base,service_delivery_cost_usd
250,10,809399.6293436293,17049.0,Facility Delivery,620337.419081687,,diagnosis_base,Baseline,base,service_delivery_cost_usd
201,1,798148.8185328185,3468.0,CS Delivery,798148.8185328185,,diagnosis_base,Baseline,base,service_delivery_cost_usd
201,2,834972.2934362935,3628.0,CS Delivery,810652.7120740713,,diagnosis_base,Baseline,base,service_delivery_cost_usd
201,3,781117.9613899614,3394.0,CS Delivery,736278.5949570755,,diagnosis_base,Baseline,base,service_delivery_cost_usd
201,4,793776.0308880309,3449.0,CS Delivery,726417.5140616375,,diagnosis_base,Baseline,base,service_delivery_cost_usd
201,5,781808.4015444015,3397.0,CS Delivery,694626.6387238688,,diagnosis_base,Baseline,base,service_delivery_cost_usd
201,6,818631.8764478764,3557.0,CS Delivery,706159.0478008298,,diagnosis_base,Baseline,base,service_delivery_cost_usd
201,7,808275.2741312741,3512.0,CS Delivery,676917.817151607,,diagnosis_base,Baseline,base,service_delivery_cost_usd
201,8,805973.8069498069,3502.0,CS Delivery,655330.4607959748,,diagnosis_base,Baseline,base,service_delivery_cost_usd
201,9,821853.9305019305,3571.0,CS Delivery,648779.0819954274,,diagnosis_base,Baseline,base,service_delivery_cost_usd
201,10,795387.0579150579,3456.0,CS Delivery,609597.9498756696,,diagnosis_base,Baseline,base,service_delivery_cost_usd
202,1,821853.9305019305,3571.0,CS Delivery,821853.9305019305,,diagnosis_base,Baseline,base,service_delivery_cost_usd
202,2,843717.8687258688,3666.0,CS Delivery,819143.5618697755,,diagnosis_base,Baseline,base,service_delivery_cost_usd
202,3,800450.2857142857,3478.0,CS Delivery,754501.1647792306,,diagnosis_base,Baseline,base,service_delivery_cost_usd
202,4,822084.0772200772,3572.0,CS Delivery,752323.3865549924,,diagnosis_base,Baseline,base,service_delivery_cost_usd
202,5,797688.5250965251,3466.0,CS Delivery,708735.9228192314,,diagnosis_base,Baseline,base,service_delivery_cost_usd
202,6,831059.7992277992,3611.0,CS Delivery,716879.4831624392,,diagnosis_base,Baseline,base,service_delivery_cost_usd
202,7,816330.4092664092,3547.0,CS Delivery,683663.866012742,,diagnosis_base,Baseline,base,service_delivery_cost_usd
202,8,815409.8223938224,3543.0,CS Delivery,663002.8048544086,,diagnosis_base,Baseline,base,service_delivery_cost_usd
202,9,832440.6795366795,3617.0,CS Delivery,657136.3594448223,,diagnosis_base,Baseline,base,service_delivery_cost_usd
202,10,824845.8378378379,3584.0,CS Delivery,632175.6517229166,,diagnosis_base,Baseline,base,service_delivery_cost_usd
203,1,817941.4362934363,3554.0,CS Delivery,817941.4362934363,,diagnosis_base,Baseline,base,service_delivery_cost_usd
203,2,823925.250965251,3580.0,CS Delivery,799927.4281216029,,diagnosis_base,Baseline,base,service_delivery_cost_usd
203,3,794696.6177606178,3453.0,CS Delivery,749077.7809035892,,diagnosis_base,Baseline,base,service_delivery_cost_usd
203,4,806664.2471042471,3505.0,CS Delivery,738212.0576358478,,diagnosis_base,Baseline,base,service_delivery_cost_usd
203,5,798609.111969112,3470.0,CS Delivery,709553.8523320061,,diagnosis_base,Baseline,base,service_delivery_cost_usd
203,6,819322.3166023166,3560.0,CS Delivery,706754.6275431414,,diagnosis_base,Baseline,base,service_delivery_cost_usd
203,7,804592.9266409266,3496.0,CS Delivery,673833.9091008024,,diagnosis_base,Baseline,base,service_delivery_cost_usd
203,8,815409.8223938224,3543.0,CS Delivery,663002.8048544086,,diagnosis_base,Baseline,base,service_delivery_cost_usd
203,9,822774.5173745174,3575.0,CS Delivery,649505.8017736356,,diagnosis_base,Baseline,base,service_delivery_cost_usd
203,10,808505.4208494208,3513.0,CS Delivery,619652.0827295218,,diagnosis_base,Baseline,base,service_delivery_cost_usd
204,1,828988.4787644788,3602.0,CS Delivery,828988.4787644788,,diagnosis_base,Baseline,base,service_delivery_cost_usd
204,2,817941.4362934362,3554.0,CS Delivery,794117.8993140158,,diagnosis_base,Baseline,base,service_delivery_cost_usd
204,3,800910.5791505792,3480.0,CS Delivery,754935.035489282,,diagnosis_base,Baseline,base,service_delivery_cost_usd
204,4,791704.7104247104,3440.0,CS Delivery,724521.9624157822,,diagnosis_base,Baseline,base,service_delivery_cost_usd
204,5,805283.3667953669,3499.0,CS Delivery,715483.8412996223,,diagnosis_base,Baseline,base,service_delivery_cost_usd
204,6,823464.9575289575,3578.0,CS Delivery,710328.1059970112,,diagnosis_base,Baseline,base,service_delivery_cost_usd
204,7,804132.6332046331,3494.0,CS Delivery,673448.4205944518,,diagnosis_base,Baseline,base,service_delivery_cost_usd
204,8,815870.1158301159,3545.0,CS Delivery,663377.0655401859,,diagnosis_base,Baseline,base,service_delivery_cost_usd
204,9,835432.5868725869,3630.0,CS Delivery,659498.1987239992,,diagnosis_base,Baseline,base,service_delivery_cost_usd
204,10,790093.6833976834,3433.0,CS Delivery,605541.0190749925,,diagnosis_base,Baseline,base,service_delivery_cost_usd
205,1,817020.8494208494,3550.0,CS Delivery,817020.8494208494,,diagnosis_base,Baseline,base,service_delivery_cost_usd
205,2,820473.0501930502,3565.0,CS Delivery,796575.7768864564,,diagnosis_base,Baseline,base,service_delivery_cost_usd
205,3,796998.084942085,3463.0,CS Delivery,751247.1344538458,,diagnosis_base,Baseline,base,service_delivery_cost_usd
205,4,787562.0694980695,3422.0,CS Delivery,720730.8591240717,,diagnosis_base,Baseline,base,service_delivery_cost_usd
205,5,799529.6988416988,3474.0,CS Delivery,710371.7818447807,,diagnosis_base,Baseline,base,service_delivery_cost_usd
205,6,821853.9305019305,3571.0,CS Delivery,708938.4199316174,,diagnosis_base,Baseline,base,service_delivery_cost_usd
205,7,808505.4208494208,3513.0,CS Delivery,677110.5614047822,,diagnosis_base,Baseline,base,service_delivery_cost_usd
205,8,815409.8223938224,3543.0,CS Delivery,663002.8048544086,,diagnosis_base,Baseline,base,service_delivery_cost_usd
205,9,822544.3706563707,3574.0,CS Delivery,649324.1218290835,,diagnosis_base,Baseline,base,service_delivery_cost_usd
205,10,792855.444015444,3445.0,CS Delivery,607657.6786231719,,diagnosis_base,Baseline,base,service_delivery_cost_usd
206,1,810806.888030888,3523.0,CS Delivery,810806.888030888,,diagnosis_base,Baseline,base,service_delivery_cost_usd
206,2,825306.1312741312,3586.0,CS Delivery,801268.0886156614,,diagnosis_base,Baseline,base,service_delivery_cost_usd
206,3,798609.111969112,3470.0,CS Delivery,752765.6819390253,,diagnosis_base,Baseline,base,service_delivery_cost_usd
206,4,776975.3204633205,3376.0,CS Delivery,711042.484045256,,diagnosis_base,Baseline,base,service_delivery_cost_usd
206,5,802751.7528957529,3488.0,CS Delivery,713234.535139492,,diagnosis_base,Baseline,base,service_delivery_cost_usd
206,6,827147.305019305,3594.0,CS Delivery,713504.5312893399,,diagnosis_base,Baseline,base,service_delivery_cost_usd
206,7,802061.3127413128,3485.0,CS Delivery,671713.7223158743,,diagnosis_base,Baseline,base,service_delivery_cost_usd
206,8,804362.7799227799,3495.0,CS Delivery,654020.5483957544,,diagnosis_base,Baseline,base,service_delivery_cost_usd
206,9,813798.7953667954,3536.0,CS Delivery,642420.283936105,,diagnosis_base,Baseline,base,service_delivery_cost_usd
206,10,797458.3783783783,3465.0,CS Delivery,611185.4445368042,,diagnosis_base,Baseline,base,service_delivery_cost_usd
207,1,833821.5598455598,3623.0,CS Delivery,833821.5598455598,,diagnosis_base,Baseline,base,service_delivery_cost_usd
207,2,837273.7606177606,3638.0,CS Delivery,812887.1462308355,,diagnosis_base,Baseline,base,service_delivery_cost_usd
207,3,806664.2471042471,3505.0,CS Delivery,760358.4193649233,,diagnosis_base,Baseline,base,service_delivery_cost_usd
207,4,804132.6332046331,3494.0,CS Delivery,735895.2722909136,,diagnosis_base,Baseline,base,service_delivery_cost_usd
207,5,817941.4362934362,3554.0,CS Delivery,726730.3721002736,,diagnosis_base,Baseline,base,service_delivery_cost_usd
207,6,837273.7606177606,3638.0,CS Delivery,722239.700843244,,diagnosis_base,Baseline,base,service_delivery_cost_usd
207,7,823464.9575289575,3578.0,CS Delivery,689638.9378611759,,diagnosis_base,Baseline,base,service_delivery_cost_usd
207,8,831059.7992277992,3611.0,CS Delivery,675727.6681708352,,diagnosis_base,Baseline,base,service_delivery_cost_usd
207,9,829448.7722007722,3604.0,CS Delivery,654774.5201656455,,diagnosis_base,Baseline,base,service_delivery_cost_usd
207,10,804362.7799227799,3495.0,CS Delivery,616477.0934072527,,diagnosis_base,Baseline,base,service_delivery_cost_usd
208,1,817020.8494208495,3550.0,CS Delivery,817020.8494208495,,diagnosis_base,Baseline,base,service_delivery_cost_usd
208,2,819552.4633204633,3561.0,CS Delivery,795682.0032237507,,diagnosis_base,Baseline,base,service_delivery_cost_usd
208,3,793085.5907335908,3446.0,CS Delivery,747559.2334184097,,diagnosis_base,Baseline,base,service_delivery_cost_usd
208,4,795847.3513513514,3458.0,CS Delivery,728313.0657074926,,diagnosis_base,Baseline,base,service_delivery_cost_usd
208,5,804592.9266409266,3496.0,CS Delivery,714870.3941650413,,diagnosis_base,Baseline,base,service_delivery_cost_usd
208,6,828988.4787644788,3602.0,CS Delivery,715092.7439355043,,diagnosis_base,Baseline,base,service_delivery_cost_usd
208,7,806203.9536679536,3503.0,CS Delivery,675183.1188730294,,diagnosis_base,Baseline,base,service_delivery_cost_usd
208,8,814489.2355212355,3539.0,CS Delivery,662254.283482854,,diagnosis_base,Baseline,base,service_delivery_cost_usd
208,9,815639.9691119691,3544.0,CS Delivery,643873.7234925216,,diagnosis_base,Baseline,base,service_delivery_cost_usd
208,10,784570.1621621621,3409.0,CS Delivery,601307.6999786336,,diagnosis_base,Baseline,base,service_delivery_cost_usd
209,1,825536.277992278,3587.0,CS Delivery,825536.277992278,,diagnosis_base,Baseline,base,service_delivery_cost_usd
209,2,827377.4517374517,3595.0,CS Delivery,803279.0793567492,,diagnosis_base,Baseline,base,service_delivery_cost_usd
209,3,795617.2046332046,3457.0,CS Delivery,749945.5223236919,,diagnosis_base,Baseline,base,service_delivery_cost_usd
209,4,799989.9922779922,3476.0,CS Delivery,732104.1689992031,,diagnosis_base,Baseline,base,service_delivery_cost_usd
209,5,818401.7297297297,3556.0,CS Delivery,727139.3368566609,,diagnosis_base,Baseline,base,service_delivery_cost_usd
209,6,827147.3050193051,3594.0,CS Delivery,713504.53128934,,diagnosis_base,Baseline,base,service_delivery_cost_usd
209,7,820473.0501930502,3565.0,CS Delivery,687133.2625698972,,diagnosis_base,Baseline,base,service_delivery_cost_usd
209,8,826456.8648648649,3591.0,CS Delivery,671985.0613130627,,diagnosis_base,Baseline,base,service_delivery_cost_usd
209,9,828758.3320463321,3601.0,CS Delivery,654229.4803319894,,diagnosis_base,Baseline,base,service_delivery_cost_usd
209,10,796537.7915057915,3461.0,CS Delivery,610479.8913540777,,diagnosis_base,Baseline,base,service_delivery_cost_usd
210,1,824845.8378378379,3584.0,CS Delivery,824845.8378378379,,diagnosis_base,Baseline,base,service_delivery_cost_usd
210,2,807354.6872586872,3508.0,CS Delivery,783839.5021929002,,diagnosis_base,Baseline,base,service_delivery_cost_usd
210,3,787331.9227799227,3421.0,CS Delivery,742135.8495427682,,diagnosis_base,Baseline,base,service_delivery_cost_usd
210,4,782038.5482625483,3398.0,CS Delivery,715676.0547351243,,diagnosis_base,Baseline,base,service_delivery_cost_usd
210,5,820473.0501930502,3565.0,CS Delivery,728979.6782604039,,diagnosis_base,Baseline,base,service_delivery_cost_usd
210,6,805513.5135135135,3500.0,CS Delivery,694843.0326969087,,diagnosis_base,Baseline,base,service_delivery_cost_usd
210,7,804362.7799227799,3495.0,CS Delivery,673641.164847627,,diagnosis_base,Baseline,base,service_delivery_cost_usd
210,8,818401.7297297297,3556.0,CS Delivery,665435.4993119608,,diagnosis_base,Baseline,base,service_delivery_cost_usd
210,9,807814.9806949807,3510.0,CS Delivery,637696.6053777513,,diagnosis_base,Baseline,base,service_delivery_cost_usd
210,10,786871.6293436293,3419.0,CS Delivery,603071.5829354498,,diagnosis_base,Baseline,base,service_delivery_cost_usd
211,1,846939.9227799227,3680.0,CS Delivery,846939.9227799227,,diagnosis_base,Baseline,base,service_delivery_cost_usd
211,2,812417.915057915,3530.0,CS Delivery,788755.2573377816,,diagnosis_base,Baseline,base,service_delivery_cost_usd
211,3,804132.6332046331,3494.0,CS Delivery,757972.130459641,,diagnosis_base,Baseline,base,service_delivery_cost_usd
211,4,805283.3667953667,3499.0,CS Delivery,736948.356538611,,diagnosis_base,Baseline,base,service_delivery_cost_usd
211,5,828298.0386100386,3599.0,CS Delivery,735932.0791189884,,diagnosis_base,Baseline,base,service_delivery_cost_usd
211,6,817250.9961389961,3551.0,CS Delivery,704967.8883162065,,diagnosis_base,Baseline,base,service_delivery_cost_usd
211,7,821393.637065637,3569.0,CS Delivery,687904.2395825983,,diagnosis_base,Baseline,base,service_delivery_cost_usd
211,8,828758.3320463321,3601.0,CS Delivery,673856.364741949,,diagnosis_base,Baseline,base,service_delivery_cost_usd
211,9,824615.6911196911,3583.0,CS Delivery,650959.2413300521,,diagnosis_base,Baseline,base,service_delivery_cost_usd
211,10,805743.6602316602,3501.0,CS Delivery,617535.4231813424,,diagnosis_base,Baseline,base,service_delivery_cost_usd
212,1,848550.9498069498,3687.0,CS Delivery,848550.9498069498,,diagnosis_base,Baseline,base,service_delivery_cost_usd
212,2,804592.9266409266,3496.0,CS Delivery,781158.1812047831,,diagnosis_base,Baseline,base,service_delivery_cost_usd
212,3,805973.806949807,3502.0,CS Delivery,759707.6132998464,,diagnosis_base,Baseline,base,service_delivery_cost_usd
212,4,801370.8725868725,3482.0,CS Delivery,733367.87009644,,diagnosis_base,Baseline,base,service_delivery_cost_usd
212,5,829678.9189189189,3605.0,CS Delivery,737158.9733881505,,diagnosis_base,Baseline,base,service_delivery_cost_usd
212,6,818631.8764478764,3557.0,CS Delivery,706159.0478008298,,diagnosis_base,Baseline,base,service_delivery_cost_usd
212,7,815179.6756756757,3542.0,CS Delivery,682700.1447468656,,diagnosis_base,Baseline,base,service_delivery_cost_usd
212,8,837503.9073359073,3639.0,CS Delivery,680967.3177717169,,diagnosis_base,Baseline,base,service_delivery_cost_usd
212,9,825306.1312741312,3586.0,CS Delivery,651504.2811637083,,diagnosis_base,Baseline,base,service_delivery_cost_usd
212,10,805973.8069498069,3502.0,CS Delivery,617711.811477024,,diagnosis_base,Baseline,base,service_delivery_cost_usd
213,1,863740.6332046331,3753.0,CS Delivery,863740.6332046331,,diagnosis_base,Baseline,base,service_delivery_cost_usd
213,2,802981.8996138996,3489.0,CS Delivery,779594.0772950482,,diagnosis_base,Baseline,base,service_delivery_cost_usd
213,3,819092.1698841698,3559.0,CS Delivery,772072.9285363087,,diagnosis_base,Baseline,base,service_delivery_cost_usd
213,4,806203.9536679536,3503.0,CS Delivery,737790.8239367688,,diagnosis_base,Baseline,base,service_delivery_cost_usd
213,5,843257.5752895753,3664.0,CS Delivery,749223.4337015764,,diagnosis_base,Baseline,base,service_delivery_cost_usd
213,6,821853.9305019305,3571.0,CS Delivery,708938.4199316174,,diagnosis_base,Baseline,base,service_delivery_cost_usd
213,7,828067.8918918918,3598.0,CS Delivery,693493.8229246816,,diagnosis_base,Baseline,base,service_delivery_cost_usd
213,8,847860.5096525096,3684.0,CS Delivery,689388.1832017051,,diagnosis_base,Baseline,base,service_delivery_cost_usd
213,9,823234.8108108108,3577.0,CS Delivery,649869.1616627397,,diagnosis_base,Baseline,base,service_delivery_cost_usd
213,10,816100.2625482625,3546.0,CS Delivery,625472.8964870152,,diagnosis_base,Baseline,base,service_delivery_cost_usd
214,1,852233.2972972973,3703.0,CS Delivery,852233.2972972973,,diagnosis_base,Baseline,base,service_delivery_cost_usd
214,2,792625.2972972973,3444.0,CS Delivery,769539.1235896089,,diagnosis_base,Baseline,base,service_delivery_cost_usd
214,3,822084.0772200772,3572.0,CS Delivery,774893.0881516422,,diagnosis_base,Baseline,base,service_delivery_cost_usd
214,4,802521.6061776062,3487.0,CS Delivery,734420.9543441373,,diagnosis_base,Baseline,base,service_delivery_cost_usd
214,5,835432.5868725869,3630.0,CS Delivery,742271.0328429919,,diagnosis_base,Baseline,base,service_delivery_cost_usd
214,6,820473.0501930502,3565.0,CS Delivery,707747.2604469941,,diagnosis_base,Baseline,base,service_delivery_cost_usd
214,7,821853.9305019305,3571.0,CS Delivery,688289.728088949,,diagnosis_base,Baseline,base,service_delivery_cost_usd
214,8,841186.2548262548,3655.0,CS Delivery,683961.4032579348,,diagnosis_base,Baseline,base,service_delivery_cost_usd
214,9,817020.8494208495,3550.0,CS Delivery,644963.803159834,,diagnosis_base,Baseline,base,service_delivery_cost_usd
214,10,820473.0501930502,3565.0,CS Delivery,628824.274104966,,diagnosis_base,Baseline,base,service_delivery_cost_usd
215,1,827837.7451737452,3597.0,CS Delivery,827837.7451737452,,diagnosis_base,Baseline,base,service_delivery_cost_usd
215,2,796307.6447876447,3460.0,CS Delivery,773114.2182404317,,diagnosis_base,Baseline,base,service_delivery_cost_usd
215,3,809886.3011583012,3519.0,CS Delivery,763395.5143352825,,diagnosis_base,Baseline,base,service_delivery_cost_usd
215,4,802521.6061776062,3487.0,CS Delivery,734420.9543441373,,diagnosis_base,Baseline,base,service_delivery_cost_usd
215,5,825766.4247104247,3588.0,CS Delivery,733682.7729588582,,diagnosis_base,Baseline,base,service_delivery_cost_usd
215,6,808735.5675675676,3514.0,CS Delivery,697622.4048276964,,diagnosis_base,Baseline,base,service_delivery_cost_usd
215,7,811727.4749034749,3527.0,CS Delivery,679808.9809492363,,diagnosis_base,Baseline,base,service_delivery_cost_usd
215,8,825996.5714285715,3589.0,CS Delivery,671610.8006272855,,diagnosis_base,Baseline,base,service_delivery_cost_usd
215,9,807124.5405405405,3507.0,CS Delivery,637151.565544095,,diagnosis_base,Baseline,base,service_delivery_cost_usd
215,10,815409.8223938224,3543.0,CS Delivery,624943.7315999704,,diagnosis_base,Baseline,base,service_delivery_cost_usd
216,1,810346.5945945946,3521.0,CS Delivery,810346.5945945946,,diagnosis_base,Baseline,base,service_delivery_cost_usd
216,2,799069.4054054054,3472.0,CS Delivery,775795.539228549,,diagnosis_base,Baseline,base,service_delivery_cost_usd
216,3,793315.7374517374,3447.0,CS Delivery,747776.1687734352,,diagnosis_base,Baseline,base,service_delivery_cost_usd
216,4,800680.4324324324,3479.0,CS Delivery,732736.0195478216,,diagnosis_base,Baseline,base,service_delivery_cost_usd
216,5,825536.277992278,3587.0,CS Delivery,733478.2905806645,,diagnosis_base,Baseline,base,service_delivery_cost_usd
216,6,799529.6988416988,3474.0,CS Delivery,689681.3415968745,,diagnosis_base,Baseline,base,service_delivery_cost_usd
216,7,811497.3281853282,3526.0,CS Delivery,679616.236696061,,diagnosis_base,Baseline,base,service_delivery_cost_usd
216,8,831059.7992277993,3611.0,CS Delivery,675727.6681708354,,diagnosis_base,Baseline,base,service_delivery_cost_usd
216,9,785951.0424710425,3415.0,CS Delivery,620437.010645305,,diagnosis_base,Baseline,base,service_delivery_cost_usd
216,10,819322.3166023166,3560.0,CS Delivery,627942.3326265578,,diagnosis_base,Baseline,base,service_delivery_cost_usd
217,1,827607.5984555985,3596.0,CS Delivery,827607.5984555985,,diagnosis_base,Baseline,base,service_delivery_cost_usd
217,2,814489.2355212355,3539.0,CS Delivery,790766.2480788694,,diagnosis_base,Baseline,base,service_delivery_cost_usd
217,3,800910.5791505792,3480.0,CS Delivery,754935.035489282,,diagnosis_base,Baseline,base,service_delivery_cost_usd
217,4,816790.7027027027,3549.0,CS Delivery,747479.1990155847,,diagnosis_base,Baseline,base,service_delivery_cost_usd
217,5,827377.4517374517,3595.0,CS Delivery,735114.1496062138,,diagnosis_base,Baseline,base,service_delivery_cost_usd
217,6,823234.8108108108,3577.0,CS Delivery,710129.5794162407,,diagnosis_base,Baseline,base,service_delivery_cost_usd
217,7,819322.3166023166,3560.0,CS Delivery,686169.5413040207,,diagnosis_base,Baseline,base,service_delivery_cost_usd
217,8,837734.054054054,3640.0,CS Delivery,681154.4481146054,,diagnosis_base,Baseline,base,service_delivery_cost_usd
217,9,806894.3938223938,3506.0,CS Delivery,636969.8855995431,,diagnosis_base,Baseline,base,service_delivery_cost_usd
217,10,823464.9575289575,3578.0,CS Delivery,631117.3219488269,,diagnosis_base,Baseline,base,service_delivery_cost_usd
218,1,836813.4671814672,3636.0,CS Delivery,836813.4671814672,,diagnosis_base,Baseline,base,service_delivery_cost_usd
218,2,812187.7683397683,3529.0,CS Delivery,788531.8139221051,,diagnosis_base,Baseline,base,service_delivery_cost_usd
218,3,797688.5250965251,3466.0,CS Delivery,751897.9405189228,,diagnosis_base,Baseline,base,service_delivery_cost_usd
218,4,817941.4362934363,3554.0,CS Delivery,748532.283263282,,diagnosis_base,Baseline,base,service_delivery_cost_usd
218,5,839114.9343629343,3646.0,CS Delivery,745542.7508940905,,diagnosis_base,Baseline,base,service_delivery_cost_usd
218,6,818631.8764478764,3557.0,CS Delivery,706159.0478008298,,diagnosis_base,Baseline,base,service_delivery_cost_usd
218,7,819782.6100386101,3562.0,CS Delivery,686555.0298103713,,diagnosis_base,Baseline,base,service_delivery_cost_usd
218,8,825766.4247104247,3588.0,CS Delivery,671423.6702843969,,diagnosis_base,Baseline,base,service_delivery_cost_usd
218,9,814719.3822393822,3540.0,CS Delivery,643147.0037143133,,diagnosis_base,Baseline,base,service_delivery_cost_usd
218,10,820473.0501930502,3565.0,CS Delivery,628824.274104966,,diagnosis_base,Baseline,base,service_delivery_cost_usd
219,1,823925.250965251,3580.0,CS Delivery,823925.250965251,,diagnosis_base,Baseline,base,service_delivery_cost_usd
219,2,785490.749034749,3413.0,CS Delivery,762612.3777036398,,diagnosis_base,Baseline,base,service_delivery_cost_usd
219,3,783649.5752895753,3405.0,CS Delivery,738664.8838623577,,diagnosis_base,Baseline,base,service_delivery_cost_usd
219,4,802981.8996138996,3489.0,CS Delivery,734842.1880432164,,diagnosis_base,Baseline,base,service_delivery_cost_usd
219,5,824385.5444015444,3582.0,CS Delivery,732455.8786896962,,diagnosis_base,Baseline,base,service_delivery_cost_usd
219,6,800910.5791505792,3480.0,CS Delivery,690872.5010814978,,diagnosis_base,Baseline,base,service_delivery_cost_usd
219,7,819092.1698841698,3559.0,CS Delivery,685976.7970508455,,diagnosis_base,Baseline,base,service_delivery_cost_usd
219,8,799529.6988416988,3474.0,CS Delivery,650090.8111950932,,diagnosis_base,Baseline,base,service_delivery_cost_usd
219,9,793085.5907335907,3446.0,CS Delivery,626069.088926419,,diagnosis_base,Baseline,base,service_delivery_cost_usd
219,10,811727.4749034749,3527.0,CS Delivery,622121.5188690645,,diagnosis_base,Baseline,base,service_delivery_cost_usd
220,1,840725.9613899614,3653.0,CS Delivery,840725.9613899614,,diagnosis_base,Baseline,base,service_delivery_cost_usd
220,2,808735.5675675676,3514.0,CS Delivery,785180.1626869588,,diagnosis_base,Baseline,base,service_delivery_cost_usd
220,3,812878.2084942085,3532.0,CS Delivery,766215.673950616,,diagnosis_base,Baseline,base,service_delivery_cost_usd
220,4,821393.637065637,3569.0,CS Delivery,751691.536006374,,diagnosis_base,Baseline,base,service_delivery_cost_usd
220,5,845098.749034749,3672.0,CS Delivery,750859.2927271257,,diagnosis_base,Baseline,base,service_delivery_cost_usd
220,6,828528.1853281853,3600.0,CS Delivery,714695.6907739632,,diagnosis_base,Baseline,base,service_delivery_cost_usd
220,7,834512.0,3626.0,CS Delivery,698890.6620135896,,diagnosis_base,Baseline,base,service_delivery_cost_usd
220,8,836813.4671814672,3636.0,CS Delivery,680405.926743051,,diagnosis_base,Baseline,base,service_delivery_cost_usd
220,9,813338.5019305019,3534.0,CS Delivery,642056.9240470008,,diagnosis_base,Baseline,base,service_delivery_cost_usd
220,10,835432.5868725869,3630.0,CS Delivery,640289.5133242711,,diagnosis_base,Baseline,base,service_delivery_cost_usd
221,1,821163.4903474904,3568.0,CS Delivery,821163.4903474904,,diagnosis_base,Baseline,base,service_delivery_cost_usd
221,2,795156.9111969112,3455.0,CS Delivery,771997.0011620497,,diagnosis_base,Baseline,base,service_delivery_cost_usd
221,3,796307.6447876447,3460.0,CS Delivery,750596.3283887687,,diagnosis_base,Baseline,base,service_delivery_cost_usd
221,4,817481.1428571428,3552.0,CS Delivery,748111.049564203,,diagnosis_base,Baseline,base,service_delivery_cost_usd
221,5,822084.0772200772,3572.0,CS Delivery,730411.0549077595,,diagnosis_base,Baseline,base,service_delivery_cost_usd
221,6,816560.555984556,3548.0,CS Delivery,704372.3085738949,,diagnosis_base,Baseline,base,service_delivery_cost_usd
221,7,819552.4633204633,3561.0,CS Delivery,686362.285557196,,diagnosis_base,Baseline,base,service_delivery_cost_usd
221,8,820473.0501930502,3565.0,CS Delivery,667119.6723979583,,diagnosis_base,Baseline,base,service_delivery_cost_usd
221,9,792625.2972972973,3444.0,CS Delivery,625705.7290373149,,diagnosis_base,Baseline,base,service_delivery_cost_usd
221,10,816560.555984556,3548.0,CS Delivery,625825.6730783784,,diagnosis_base,Baseline,base,service_delivery_cost_usd
222,1,813568.6486486486,3535.0,CS Delivery,813568.6486486486,,diagnosis_base,Baseline,base,service_delivery_cost_usd
222,2,795847.3513513514,3458.0,CS Delivery,772667.331409079,,diagnosis_base,Baseline,base,service_delivery_cost_usd
222,3,790553.9768339768,3435.0,CS Delivery,745172.9445131273,,diagnosis_base,Baseline,base,service_delivery_cost_usd
222,4,825306.1312741312,3586.0,CS Delivery,755272.022448545,,diagnosis_base,Baseline,base,service_delivery_cost_usd
222,5,815639.9691119691,3544.0,CS Delivery,724685.5483183371,,diagnosis_base,Baseline,base,service_delivery_cost_usd
222,6,812187.7683397683,3529.0,CS Delivery,700600.3035392545,,diagnosis_base,Baseline,base,service_delivery_cost_usd
222,7,836813.4671814672,3636.0,CS Delivery,700818.1045453426,,diagnosis_base,Baseline,base,service_delivery_cost_usd
222,8,811957.6216216217,3528.0,CS Delivery,660195.8497110792,,diagnosis_base,Baseline,base,service_delivery_cost_usd
222,9,795156.9111969112,3455.0,CS Delivery,627704.2084273878,,diagnosis_base,Baseline,base,service_delivery_cost_usd
222,10,816790.7027027027,3549.0,CS Delivery,626002.0613740601,,diagnosis_base,Baseline,base,service_delivery_cost_usd
223,1,809426.0077220077,3517.0,CS Delivery,809426.0077220077,,diagnosis_base,Baseline,base,service_delivery_cost_usd
223,2,796998.084942085,3463.0,CS Delivery,773784.5484874612,,diagnosis_base,Baseline,base,service_delivery_cost_usd
223,3,796537.7915057915,3461.0,CS Delivery,750813.2637437944,,diagnosis_base,Baseline,base,service_delivery_cost_usd
223,4,825766.4247104246,3588.0,CS Delivery,755693.2561476239,,diagnosis_base,Baseline,base,service_delivery_cost_usd
223,5,814719.3822393822,3540.0,CS Delivery,723867.6188055624,,diagnosis_base,Baseline,base,service_delivery_cost_usd
223,6,816790.7027027027,3549.0,CS Delivery,704570.8351546654,,diagnosis_base,Baseline,base,service_delivery_cost_usd
223,7,827377.4517374517,3595.0,CS Delivery,692915.5901651558,,diagnosis_base,Baseline,base,service_delivery_cost_usd
223,8,821393.637065637,3569.0,CS Delivery,667868.1937695129,,diagnosis_base,Baseline,base,service_delivery_cost_usd
223,9,802521.6061776062,3487.0,CS Delivery,633517.9666530538,,diagnosis_base,Baseline,base,service_delivery_cost_usd
223,10,820012.7567567568,3563.0,CS Delivery,628471.4975136027,,diagnosis_base,Baseline,base,service_delivery_cost_usd
224,1,810576.7413127413,3522.0,CS Delivery,810576.7413127413,,diagnosis_base,Baseline,base,service_delivery_cost_usd
224,2,813568.6486486486,3535.0,CS Delivery,789872.4744161637,,diagnosis_base,Baseline,base,service_delivery_cost_usd
224,3,809886.3011583012,3519.0,CS Delivery,763395.5143352825,,diagnosis_base,Baseline,base,service_delivery_cost_usd
224,4,836583.3204633205,3635.0,CS Delivery,765592.2480759792,,diagnosis_base,Baseline,base,service_delivery_cost_usd
224,5,827377.4517374517,3595.0,CS Delivery,735114.1496062138,,diagnosis_base,Baseline,base,service_delivery_cost_usd
224,6,823464.9575289575,3578.0,CS Delivery,710328.1059970112,,diagnosis_base,Baseline,base,service_delivery_cost_usd
224,7,843487.722007722,3665.0,CS Delivery,706407.6878874259,,diagnosis_base,Baseline,base,service_delivery_cost_usd
224,8,832210.5328185328,3616.0,CS Delivery,676663.3198852784,,diagnosis_base,Baseline,base,service_delivery_cost_usd
224,9,817481.1428571428,3552.0,CS Delivery,645327.163048938,,diagnosis_base,Baseline,base,service_delivery_cost_usd
224,10,828067.8918918918,3598.0,CS Delivery,634645.0878624592,,diagnosis_base,Baseline,base,service_delivery_cost_usd
225,1,796077.4980694981,3459.0,CS Delivery,796077.4980694981,,diagnosis_base,Baseline,base,service_delivery_cost_usd
225,2,810806.888030888,3523.0,CS Delivery,787191.1534280466,,diagnosis_base,Baseline,base,service_delivery_cost_usd
225,3,797458.3783783783,3465.0,CS Delivery,751681.0051638971,,diagnosis_base,Baseline,base,service_delivery_cost_usd
225,4,833361.2664092664,3621.0,CS Delivery,762643.6121824265,,diagnosis_base,Baseline,base,service_delivery_cost_usd
225,5,811727.4749034749,3527.0,CS Delivery,721209.3478890448,,diagnosis_base,Baseline,base,service_delivery_cost_usd
225,6,817250.9961389961,3551.0,CS Delivery,704967.8883162065,,diagnosis_base,Baseline,base,service_delivery_cost_usd
225,7,830599.5057915058,3609.0,CS Delivery,695614.0097096098,,diagnosis_base,Baseline,base,service_delivery_cost_usd
225,8,817481.1428571428,3552.0,CS Delivery,664686.9779404062,,diagnosis_base,Baseline,base,service_delivery_cost_usd
225,9,804362.7799227799,3495.0,CS Delivery,634971.4062094702,,diagnosis_base,Baseline,base,service_delivery_cost_usd
225,10,820933.3436293437,3567.0,CS Delivery,629177.0506963292,,diagnosis_base,Baseline,base,service_delivery_cost_usd
226,1,803672.3397683398,3492.0,CS Delivery,803672.3397683398,,diagnosis_base,Baseline,base,service_delivery_cost_usd
226,2,827837.7451737452,3597.0,CS Delivery,803725.9661881021,,diagnosis_base,Baseline,base,service_delivery_cost_usd
226,3,805053.2200772201,3498.0,CS Delivery,758839.8718797438,,diagnosis_base,Baseline,base,service_delivery_cost_usd
226,4,838424.4942084942,3643.0,CS Delivery,767277.1828722949,,diagnosis_base,Baseline,base,service_delivery_cost_usd
226,5,826917.1583011582,3593.0,CS Delivery,734705.1848498264,,diagnosis_base,Baseline,base,service_delivery_cost_usd
226,6,825996.5714285714,3589.0,CS Delivery,712511.8983854871,,diagnosis_base,Baseline,base,service_delivery_cost_usd
226,7,840956.108108108,3654.0,CS Delivery,704287.5011024977,,diagnosis_base,Baseline,base,service_delivery_cost_usd
226,8,829218.6254826254,3603.0,CS Delivery,674230.6254277262,,diagnosis_base,Baseline,base,service_delivery_cost_usd
226,9,823004.6640926641,3576.0,CS Delivery,649687.4817181877,,diagnosis_base,Baseline,base,service_delivery_cost_usd
226,10,824845.8378378379,3584.0,CS Delivery,632175.6517229166,,diagnosis_base,Baseline,base,service_delivery_cost_usd
227,1,797458.3783783783,3465.0,CS Delivery,797458.3783783783,,diagnosis_base,Baseline,base,service_delivery_cost_usd
227,2,818401.7297297297,3556.0,CS Delivery,794564.7861453686,,diagnosis_base,Baseline,base,service_delivery_cost_usd
227,3,811037.0347490348,3524.0,CS Delivery,764480.1911104108,,diagnosis_base,Baseline,base,service_delivery_cost_usd
227,4,831289.9459459459,3612.0,CS Delivery,760748.0605365713,,diagnosis_base,Baseline,base,service_delivery_cost_usd
227,5,816100.2625482626,3546.0,CS Delivery,725094.5130747244,,diagnosis_base,Baseline,base,service_delivery_cost_usd
227,6,822774.5173745174,3575.0,CS Delivery,709732.5262546996,,diagnosis_base,Baseline,base,service_delivery_cost_usd
227,7,838654.640926641,3644.0,CS Delivery,702360.0585707448,,diagnosis_base,Baseline,base,service_delivery_cost_usd
227,8,809195.861003861,3516.0,CS Delivery,657950.2855964156,,diagnosis_base,Baseline,base,service_delivery_cost_usd
227,9,826226.7181467181,3590.0,CS Delivery,652231.0009419165,,diagnosis_base,Baseline,base,service_delivery_cost_usd
227,10,817711.2895752896,3553.0,CS Delivery,626707.6145567865,,diagnosis_base,Baseline,base,service_delivery_cost_usd
228,1,807814.9806949807,3510.0,CS Delivery,807814.9806949807,,diagnosis_base,Baseline,base,service_delivery_cost_usd
228,2,808275.2741312741,3512.0,CS Delivery,784733.2758556058,,diagnosis_base,Baseline,base,service_delivery_cost_usd
228,3,817020.8494208494,3550.0,CS Delivery,770120.5103410777,,diagnosis_base,Baseline,base,service_delivery_cost_usd
228,4,837503.9073359073,3639.0,CS Delivery,766434.715474137,,diagnosis_base,Baseline,base,service_delivery_cost_usd
228,5,815179.6756756756,3542.0,CS Delivery,724276.5835619497,,diagnosis_base,Baseline,base,service_delivery_cost_usd
228,6,824385.5444015444,3582.0,CS Delivery,711122.2123200934,,diagnosis_base,Baseline,base,service_delivery_cost_usd
228,7,852923.7374517374,3706.0,CS Delivery,714310.2022676126,,diagnosis_base,Baseline,base,service_delivery_cost_usd
228,8,792165.0038610038,3442.0,CS Delivery,644102.6402226571,,diagnosis_base,Baseline,base,service_delivery_cost_usd
228,9,833591.4131274131,3622.0,CS Delivery,658044.7591675827,,diagnosis_base,Baseline,base,service_delivery_cost_usd
228,10,817020.8494208495,3550.0,CS Delivery,626178.4496697417,,diagnosis_base,Baseline,base,service_delivery_cost_usd
229,1,806203.9536679536,3503.0,CS Delivery,806203.9536679536,,diagnosis_base,Baseline,base,service_delivery_cost_usd
229,2,791934.8571428572,3441.0,CS Delivery,768868.7933425797,,diagnosis_base,Baseline,base,service_delivery_cost_usd
229,3,809426.0077220077,3517.0,CS Delivery,762961.6436252311,,diagnosis_base,Baseline,base,service_delivery_cost_usd
229,4,824615.6911196911,3583.0,CS Delivery,754640.1718999266,,diagnosis_base,Baseline,base,service_delivery_cost_usd
229,5,814489.2355212355,3539.0,CS Delivery,723663.1364273687,,diagnosis_base,Baseline,base,service_delivery_cost_usd
229,6,813108.3552123551,3533.0,CS Delivery,701394.4098623366,,diagnosis_base,Baseline,base,service_delivery_cost_usd
229,7,828988.4787644788,3602.0,CS Delivery,694264.7999373828,,diagnosis_base,Baseline,base,service_delivery_cost_usd
229,8,799529.6988416988,3474.0,CS Delivery,650090.8111950932,,diagnosis_base,Baseline,base,service_delivery_cost_usd
229,9,814719.3822393822,3540.0,CS Delivery,643147.0037143133,,diagnosis_base,Baseline,base,service_delivery_cost_usd
229,10,812648.0617760618,3531.0,CS Delivery,622827.0720517909,,diagnosis_base,Baseline,base,service_delivery_cost_usd
230,1,799299.5521235521,3473.0,CS Delivery,799299.5521235521,,diagnosis_base,Baseline,base,service_delivery_cost_usd
230,2,787792.2162162162,3423.0,CS Delivery,764846.8118604041,,diagnosis_base,Baseline,base,service_delivery_cost_usd
230,3,813798.7953667954,3536.0,CS Delivery,767083.4153707187,,diagnosis_base,Baseline,base,service_delivery_cost_usd
230,4,835202.4401544401,3629.0,CS Delivery,764328.5469787422,,diagnosis_base,Baseline,base,service_delivery_cost_usd
230,5,812878.2084942085,3532.0,CS Delivery,722231.7597800131,,diagnosis_base,Baseline,base,service_delivery_cost_usd
230,6,817711.2895752896,3553.0,CS Delivery,705364.9414777476,,diagnosis_base,Baseline,base,service_delivery_cost_usd
230,7,817481.1428571428,3552.0,CS Delivery,684627.5872786185,,diagnosis_base,Baseline,base,service_delivery_cost_usd
230,8,806203.9536679536,3503.0,CS Delivery,655517.5911388635,,diagnosis_base,Baseline,base,service_delivery_cost_usd
230,9,819092.1698841699,3559.0,CS Delivery,646598.9226608026,,diagnosis_base,Baseline,base,service_delivery_cost_usd
230,10,812187.7683397684,3529.0,CS Delivery,622474.2954604278,,diagnosis_base,Baseline,base,service_delivery_cost_usd
231,1,802061.3127413128,3485.0,CS Delivery,802061.3127413128,,diagnosis_base,Baseline,base,service_delivery_cost_usd
231,2,798378.9652509652,3469.0,CS Delivery,775125.2089815196,,diagnosis_base,Baseline,base,service_delivery_cost_usd
231,3,817941.4362934362,3554.0,CS Delivery,770988.2517611803,,diagnosis_base,Baseline,base,service_delivery_cost_usd
231,4,836813.4671814671,3636.0,CS Delivery,765802.8649255185,,diagnosis_base,Baseline,base,service_delivery_cost_usd
231,5,816790.7027027027,3549.0,CS Delivery,725707.9602093054,,diagnosis_base,Baseline,base,service_delivery_cost_usd
231,6,823925.2509652509,3580.0,CS Delivery,710725.1591585523,,diagnosis_base,Baseline,base,service_delivery_cost_usd
231,7,821163.4903474903,3568.0,CS Delivery,687711.495329423,,diagnosis_base,Baseline,base,service_delivery_cost_usd
231,8,808735.5675675676,3514.0,CS Delivery,657576.0249106383,,diagnosis_base,Baseline,base,service_delivery_cost_usd
231,9,824845.8378378379,3584.0,CS Delivery,651140.9212746042,,diagnosis_base,Baseline,base,service_delivery_cost_usd
231,10,814949.528957529,3541.0,CS Delivery,624590.9550086071,,diagnosis_base,Baseline,base,service_delivery_cost_usd
232,1,799299.5521235521,3473.0,CS Delivery,799299.5521235521,,diagnosis_base,Baseline,base,service_delivery_cost_usd
232,2,801370.8725868725,3482.0,CS Delivery,778029.9733853132,,diagnosis_base,Baseline,base,service_delivery_cost_usd
232,3,810346.5945945946,3521.0,CS Delivery,763829.3850453338,,diagnosis_base,Baseline,base,service_delivery_cost_usd
232,4,832900.972972973,3619.0,CS Delivery,762222.3784833476,,diagnosis_base,Baseline,base,service_delivery_cost_usd
232,5,814028.942084942,3537.0,CS Delivery,723254.1716709813,,diagnosis_base,Baseline,base,service_delivery_cost_usd
232,6,819552.4633204633,3561.0,CS Delivery,706953.154123912,,diagnosis_base,Baseline,base,service_delivery_cost_usd
232,7,821623.7837837838,3570.0,CS Delivery,688096.9838357737,,diagnosis_base,Baseline,base,service_delivery_cost_usd
232,8,795387.057915058,3456.0,CS Delivery,646722.465023098,,diagnosis_base,Baseline,base,service_delivery_cost_usd
232,9,823464.9575289575,3578.0,CS Delivery,650050.8416072917,,diagnosis_base,Baseline,base,service_delivery_cost_usd
232,10,798148.8185328186,3468.0,CS Delivery,611714.609423849,,diagnosis_base,Baseline,base,service_delivery_cost_usd
233,1,793315.7374517375,3447.0,CS Delivery,793315.7374517375,,diagnosis_base,Baseline,base,service_delivery_cost_usd
233,2,794236.3243243243,3451.0,CS Delivery,771103.2274993439,,diagnosis_base,Baseline,base,service_delivery_cost_usd
233,3,813568.6486486486,3535.0,CS Delivery,766866.480015693,,diagnosis_base,Baseline,base,service_delivery_cost_usd
233,4,821853.9305019304,3571.0,CS Delivery,752112.7697054528,,diagnosis_base,Baseline,base,service_delivery_cost_usd
233,5,813108.3552123551,3533.0,CS Delivery,722436.2421582066,,diagnosis_base,Baseline,base,service_delivery_cost_usd
233,6,824385.5444015444,3582.0,CS Delivery,711122.2123200934,,diagnosis_base,Baseline,base,service_delivery_cost_usd
233,7,817250.9961389961,3551.0,CS Delivery,684434.8430254431,,diagnosis_base,Baseline,base,service_delivery_cost_usd
233,8,789863.5366795367,3432.0,CS Delivery,642231.3367937709,,diagnosis_base,Baseline,base,service_delivery_cost_usd
233,9,818401.7297297297,3556.0,CS Delivery,646053.8828271463,,diagnosis_base,Baseline,base,service_delivery_cost_usd
233,10,805053.2200772201,3498.0,CS Delivery,617006.2582942976,,diagnosis_base,Baseline,base,service_delivery_cost_usd
234,1,801601.0193050193,3483.0,CS Delivery,801601.0193050193,,diagnosis_base,Baseline,base,service_delivery_cost_usd
234,2,799759.8455598456,3475.0,CS Delivery,776465.8694755782,,diagnosis_base,Baseline,base,service_delivery_cost_usd
234,3,829448.7722007722,3604.0,CS Delivery,781835.0195124632,,diagnosis_base,Baseline,base,service_delivery_cost_usd
234,4,826226.7181467181,3590.0,CS Delivery,756114.4898467029,,diagnosis_base,Baseline,base,service_delivery_cost_usd
234,5,823004.6640926641,3576.0,CS Delivery,731228.9844205342,,diagnosis_base,Baseline,base,service_delivery_cost_usd
234,6,834742.1467181467,3627.0,CS Delivery,720055.908454768,,diagnosis_base,Baseline,base,service_delivery_cost_usd
234,7,808735.5675675676,3514.0,CS Delivery,677303.3056579576,,diagnosis_base,Baseline,base,service_delivery_cost_usd
234,8,804132.6332046331,3494.0,CS Delivery,653833.4180528658,,diagnosis_base,Baseline,base,service_delivery_cost_usd
234,9,818631.8764478764,3557.0,CS Delivery,646235.5627716983,,diagnosis_base,Baseline,base,service_delivery_cost_usd
234,10,806434.1003861004,3504.0,CS Delivery,618064.5880683872,,diagnosis_base,Baseline,base,service_delivery_cost_usd
235,1,800450.2857142857,3478.0,CS Delivery,800450.2857142857,,diagnosis_base,Baseline,base,service_delivery_cost_usd
235,2,792855.444015444,3445.0,CS Delivery,769762.5670052854,,diagnosis_base,Baseline,base,service_delivery_cost_usd
235,3,827147.3050193051,3594.0,CS Delivery,779665.6659622068,,diagnosis_base,Baseline,base,service_delivery_cost_usd
235,4,811727.4749034749,3527.0,CS Delivery,742845.6283257162,,diagnosis_base,Baseline,base,service_delivery_cost_usd
235,5,814719.3822393822,3540.0,CS Delivery,723867.6188055624,,diagnosis_base,Baseline,base,service_delivery_cost_usd
235,6,824845.8378378378,3584.0,CS Delivery,711519.2654816344,,diagnosis_base,Baseline,base,service_delivery_cost_usd
235,7,821163.4903474903,3568.0,CS Delivery,687711.495329423,,diagnosis_base,Baseline,base,service_delivery_cost_usd
235,8,802061.3127413127,3485.0,CS Delivery,652149.2449668681,,diagnosis_base,Baseline,base,service_delivery_cost_usd
235,9,819322.3166023166,3560.0,CS Delivery,646780.6026053546,,diagnosis_base,Baseline,base,service_delivery_cost_usd
235,10,787101.7760617761,3420.0,CS Delivery,603247.9712311315,,diagnosis_base,Baseline,base,service_delivery_cost_usd
236,1,805053.2200772201,3498.0,CS Delivery,805053.2200772201,,diagnosis_base,Baseline,base,service_delivery_cost_usd
236,2,799989.9922779923,3476.0,CS Delivery,776689.3128912547,,diagnosis_base,Baseline,base,service_delivery_cost_usd
236,3,826687.0115830116,3592.0,CS Delivery,779231.7952521554,,diagnosis_base,Baseline,base,service_delivery_cost_usd
236,4,817941.4362934362,3554.0,CS Delivery,748532.2832632819,,diagnosis_base,Baseline,base,service_delivery_cost_usd
236,5,814719.3822393822,3540.0,CS Delivery,723867.6188055624,,diagnosis_base,Baseline,base,service_delivery_cost_usd
236,6,834281.8532818533,3625.0,CS Delivery,719658.8552932269,,diagnosis_base,Baseline,base,service_delivery_cost_usd
236,7,820933.3436293437,3567.0,CS Delivery,687518.7510762478,,diagnosis_base,Baseline,base,service_delivery_cost_usd
236,8,803212.0463320464,3490.0,CS Delivery,653084.8966813113,,diagnosis_base,Baseline,base,service_delivery_cost_usd
236,9,817711.2895752896,3553.0,CS Delivery,645508.8429934902,,diagnosis_base,Baseline,base,service_delivery_cost_usd
236,10,796537.7915057915,3461.0,CS Delivery,610479.8913540777,,diagnosis_base,Baseline,base,service_delivery_cost_usd
237,1,820012.7567567567,3563.0,CS Delivery,820012.7567567567,,diagnosis_base,Baseline,base,service_delivery_cost_usd
237,2,808735.5675675676,3514.0,CS Delivery,785180.1626869588,,diagnosis_base,Baseline,base,service_delivery_cost_usd
237,3,844868.6023166022,3671.0,CS Delivery,796369.6882991821,,diagnosis_base,Baseline,base,service_delivery_cost_usd
237,4,822774.5173745174,3575.0,CS Delivery,752955.2371036109,,diagnosis_base,Baseline,base,service_delivery_cost_usd
237,5,828298.0386100386,3599.0,CS Delivery,735932.0791189884,,diagnosis_base,Baseline,base,service_delivery_cost_usd
237,6,840265.6679536679,3651.0,CS Delivery,724820.5463932611,,diagnosis_base,Baseline,base,service_delivery_cost_usd
237,7,829909.0656370657,3606.0,CS Delivery,695035.776950084,,diagnosis_base,Baseline,base,service_delivery_cost_usd
237,8,814949.528957529,3541.0,CS Delivery,662628.5441686313,,diagnosis_base,Baseline,base,service_delivery_cost_usd
237,9,834512.0,3626.0,CS Delivery,658771.4789457909,,diagnosis_base,Baseline,base,service_delivery_cost_usd
237,10,800910.5791505792,3480.0,CS Delivery,613831.2689720285,,diagnosis_base,Baseline,base,service_delivery_cost_usd
238,1,830829.6525096525,3610.0,CS Delivery,830829.6525096525,,diagnosis_base,Baseline,base,service_delivery_cost_usd
238,2,809656.1544401544,3518.0,CS Delivery,786073.9363496645,,diagnosis_base,Baseline,base,service_delivery_cost_usd
238,3,841186.2548262548,3655.0,CS Delivery,792898.7226187716,,diagnosis_base,Baseline,base,service_delivery_cost_usd
238,4,829909.0656370656,3606.0,CS Delivery,759484.3594393344,,diagnosis_base,Baseline,base,service_delivery_cost_usd
238,5,830369.359073359,3608.0,CS Delivery,737772.4205227314,,diagnosis_base,Baseline,base,service_delivery_cost_usd
238,6,840956.1081081082,3654.0,CS Delivery,725416.1261355727,,diagnosis_base,Baseline,base,service_delivery_cost_usd
238,7,837734.054054054,3640.0,CS Delivery,701589.0815580436,,diagnosis_base,Baseline,base,service_delivery_cost_usd
238,8,825075.9845559845,3585.0,CS Delivery,670862.2792557309,,diagnosis_base,Baseline,base,service_delivery_cost_usd
238,9,829678.9189189189,3605.0,CS Delivery,654956.2001101975,,diagnosis_base,Baseline,base,service_delivery_cost_usd
238,10,800220.1389961389,3477.0,CS Delivery,613302.1040849836,,diagnosis_base,Baseline,base,service_delivery_cost_usd
239,1,816330.4092664092,3547.0,CS Delivery,816330.4092664092,,diagnosis_base,Baseline,base,service_delivery_cost_usd
239,2,807584.833976834,3509.0,CS Delivery,784062.9456085766,,diagnosis_base,Baseline,base,service_delivery_cost_usd
239,3,828067.8918918918,3598.0,CS Delivery,780533.4073823092,,diagnosis_base,Baseline,base,service_delivery_cost_usd
239,4,810346.5945945946,3521.0,CS Delivery,741581.9272284793,,diagnosis_base,Baseline,base,service_delivery_cost_usd
239,5,828758.3320463321,3601.0,CS Delivery,736341.0438753758,,diagnosis_base,Baseline,base,service_delivery_cost_usd
239,6,837273.7606177606,3638.0,CS Delivery,722239.700843244,,diagnosis_base,Baseline,base,service_delivery_cost_usd
239,7,802521.6061776062,3487.0,CS Delivery,672099.2108222248,,diagnosis_base,Baseline,base,service_delivery_cost_usd
239,8,825996.5714285714,3589.0,CS Delivery,671610.8006272854,,diagnosis_base,Baseline,base,service_delivery_cost_usd
239,9,814028.942084942,3537.0,CS Delivery,642601.963880657,,diagnosis_base,Baseline,base,service_delivery_cost_usd
239,10,787331.9227799227,3421.0,CS Delivery,603424.359526813,,diagnosis_base,Baseline,base,service_delivery_cost_usd
240,1,805053.22007722,3498.0,CS Delivery,805053.22007722,,diagnosis_base,Baseline,base,service_delivery_cost_usd
240,2,811957.6216216217,3528.0,CS Delivery,788308.3705064288,,diagnosis_base,Baseline,base,service_delivery_cost_usd
240,3,837964.2007722007,3641.0,CS Delivery,789861.6276484125,,diagnosis_base,Baseline,base,service_delivery_cost_usd
240,4,812187.7683397683,3529.0,CS Delivery,743266.8620247951,,diagnosis_base,Baseline,base,service_delivery_cost_usd
240,5,832210.5328185328,3616.0,CS Delivery,739408.2795482806,,diagnosis_base,Baseline,base,service_delivery_cost_usd
240,6,842336.9884169884,3660.0,CS Delivery,726607.2856201959,,diagnosis_base,Baseline,base,service_delivery_cost_usd
240,7,794466.471042471,3452.0,CS Delivery,665353.1619610898,,diagnosis_base,Baseline,base,service_delivery_cost_usd
240,8,841646.5482625482,3657.0,CS Delivery,684335.6639437121,,diagnosis_base,Baseline,base,service_delivery_cost_usd
240,9,810346.5945945946,3521.0,CS Delivery,639695.084767824,,diagnosis_base,Baseline,base,service_delivery_cost_usd
240,10,786181.1891891892,3416.0,CS Delivery,602542.418048405,,diagnosis_base,Baseline,base,service_delivery_cost_usd
241,1,804823.0733590734,3497.0,CS Delivery,804823.0733590734,,diagnosis_base,Baseline,base,service_delivery_cost_usd
241,2,817481.1428571428,3552.0,CS Delivery,793671.0124826629,,diagnosis_base,Baseline,base,service_delivery_cost_usd
241,3,833131.1196911196,3620.0,CS Delivery,785305.9851928736,,diagnosis_base,Baseline,base,service_delivery_cost_usd
241,4,824155.3976833976,3581.0,CS Delivery,754218.9382008476,,diagnosis_base,Baseline,base,service_delivery_cost_usd
241,5,817250.9961389962,3551.0,CS Delivery,726116.9249656927,,diagnosis_base,Baseline,base,service_delivery_cost_usd
241,6,836123.027027027,3633.0,CS Delivery,721247.0679393912,,diagnosis_base,Baseline,base,service_delivery_cost_usd
241,7,808275.2741312741,3512.0,CS Delivery,676917.817151607,,diagnosis_base,Baseline,base,service_delivery_cost_usd
241,8,826687.0115830116,3592.0,CS Delivery,672172.1916559513,,diagnosis_base,Baseline,base,service_delivery_cost_usd
241,9,816790.7027027027,3549.0,CS Delivery,644782.1232152819,,diagnosis_base,Baseline,base,service_delivery_cost_usd
241,10,780657.6679536679,3392.0,CS Delivery,598309.0989520461,,diagnosis_base,Baseline,base,service_delivery_cost_usd
242,1,796307.6447876447,3460.0,CS Delivery,796307.6447876447,,diagnosis_base,Baseline,base,service_delivery_cost_usd
242,2,818171.583011583,3555.0,CS Delivery,794341.3427296922,,diagnosis_base,Baseline,base,service_delivery_cost_usd
242,3,841876.6949806949,3658.0,CS Delivery,793549.5286838486,,diagnosis_base,Baseline,base,service_delivery_cost_usd
242,4,818862.0231660232,3558.0,CS Delivery,749374.7506614398,,diagnosis_base,Baseline,base,service_delivery_cost_usd
242,5,817941.4362934362,3554.0,CS Delivery,726730.3721002736,,diagnosis_base,Baseline,base,service_delivery_cost_usd
242,6,825536.277992278,3587.0,CS Delivery,712114.8452239461,,diagnosis_base,Baseline,base,service_delivery_cost_usd
242,7,815870.1158301159,3545.0,CS Delivery,683278.3775063915,,diagnosis_base,Baseline,base,service_delivery_cost_usd
242,8,824845.8378378378,3584.0,CS Delivery,670675.1489128423,,diagnosis_base,Baseline,base,service_delivery_cost_usd
242,9,817711.2895752896,3553.0,CS Delivery,645508.8429934902,,diagnosis_base,Baseline,base,service_delivery_cost_usd
242,10,783649.5752895753,3405.0,CS Delivery,600602.1467959072,,diagnosis_base,Baseline,base,service_delivery_cost_usd
243,1,790553.9768339768,3435.0,CS Delivery,790553.9768339768,,diagnosis_base,Baseline,base,service_delivery_cost_usd
243,2,811037.0347490347,3524.0,CS Delivery,787414.596843723,,diagnosis_base,Baseline,base,service_delivery_cost_usd
243,3,830369.359073359,3608.0,CS Delivery,782702.7609325658,,diagnosis_base,Baseline,base,service_delivery_cost_usd
243,4,810806.888030888,3523.0,CS Delivery,742003.1609275583,,diagnosis_base,Baseline,base,service_delivery_cost_usd
243,5,819782.6100386101,3562.0,CS Delivery,728366.231125823,,diagnosis_base,Baseline,base,service_delivery_cost_usd
243,6,817711.2895752896,3553.0,CS Delivery,705364.9414777476,,diagnosis_base,Baseline,base,service_delivery_cost_usd
243,7,799529.6988416988,3474.0,CS Delivery,669593.5355309461,,diagnosis_base,Baseline,base,service_delivery_cost_usd
243,8,819322.3166023166,3560.0,CS Delivery,666184.0206835152,,diagnosis_base,Baseline,base,service_delivery_cost_usd
243,9,809886.3011583012,3519.0,CS Delivery,639331.7248787199,,diagnosis_base,Baseline,base,service_delivery_cost_usd
243,10,783879.722007722,3406.0,CS Delivery,600778.5350915887,,diagnosis_base,Baseline,base,service_delivery_cost_usd
244,1,811497.3281853282,3526.0,CS Delivery,811497.3281853282,,diagnosis_base,Baseline,base,service_delivery_cost_usd
244,2,819782.6100386101,3562.0,CS Delivery,795905.4466394272,,diagnosis_base,Baseline,base,service_delivery_cost_usd
244,3,841416.4015444015,3656.0,CS Delivery,793115.6579737973,,diagnosis_base,Baseline,base,service_delivery_cost_usd
244,4,823464.9575289575,3578.0,CS Delivery,753587.0876522292,,diagnosis_base,Baseline,base,service_delivery_cost_usd
244,5,833131.1196911196,3620.0,CS Delivery,740226.2090610553,,diagnosis_base,Baseline,base,service_delivery_cost_usd
244,6,833361.2664092664,3621.0,CS Delivery,718864.7489701447,,diagnosis_base,Baseline,base,service_delivery_cost_usd
244,7,807584.833976834,3509.0,CS Delivery,676339.5843920811,,diagnosis_base,Baseline,base,service_delivery_cost_usd
244,8,831750.2393822394,3614.0,CS Delivery,676289.0591995012,,diagnosis_base,Baseline,base,service_delivery_cost_usd
244,9,816790.7027027027,3549.0,CS Delivery,644782.1232152819,,diagnosis_base,Baseline,base,service_delivery_cost_usd
244,10,799529.6988416988,3474.0,CS Delivery,612772.9391979388,,diagnosis_base,Baseline,base,service_delivery_cost_usd
245,1,790323.8301158302,3434.0,CS Delivery,790323.8301158302,,diagnosis_base,Baseline,base,service_delivery_cost_usd
245,2,812417.915057915,3530.0,CS Delivery,788755.2573377816,,diagnosis_base,Baseline,base,service_delivery_cost_usd
245,3,819552.4633204633,3561.0,CS Delivery,772506.79924636,,diagnosis_base,Baseline,base,service_delivery_cost_usd
245,4,804823.0733590734,3497.0,CS Delivery,736527.1228395321,,diagnosis_base,Baseline,base,service_delivery_cost_usd
245,5,820242.9034749034,3564.0,CS Delivery,728775.1958822103,,diagnosis_base,Baseline,base,service_delivery_cost_usd
245,6,812648.0617760618,3531.0,CS Delivery,700997.3567007956,,diagnosis_base,Baseline,base,service_delivery_cost_usd
245,7,787562.0694980695,3422.0,CS Delivery,659570.8343658312,,diagnosis_base,Baseline,base,service_delivery_cost_usd
245,8,812648.0617760618,3531.0,CS Delivery,660757.2407397451,,diagnosis_base,Baseline,base,service_delivery_cost_usd
245,9,800220.1389961389,3477.0,CS Delivery,631701.167207533,,diagnosis_base,Baseline,base,service_delivery_cost_usd
245,10,784340.0154440154,3408.0,CS Delivery,601131.311682952,,diagnosis_base,Baseline,base,service_delivery_cost_usd
246,1,788942.9498069498,3428.0,CS Delivery,788942.9498069498,,diagnosis_base,Baseline,base,service_delivery_cost_usd
246,2,822774.5173745174,3575.0,CS Delivery,798810.2110432207,,diagnosis_base,Baseline,base,service_delivery_cost_usd
246,3,813338.5019305019,3534.0,CS Delivery,766649.5446606673,,diagnosis_base,Baseline,base,service_delivery_cost_usd
246,4,809195.8610038611,3516.0,CS Delivery,740528.842980782,,diagnosis_base,Baseline,base,service_delivery_cost_usd
246,5,826687.0115830116,3592.0,CS Delivery,734500.7024716329,,diagnosis_base,Baseline,base,service_delivery_cost_usd
246,6,806434.1003861004,3504.0,CS Delivery,695637.1390199908,,diagnosis_base,Baseline,base,service_delivery_cost_usd
246,7,791934.8571428572,3441.0,CS Delivery,663232.9751761616,,diagnosis_base,Baseline,base,service_delivery_cost_usd
246,8,813568.6486486486,3535.0,CS Delivery,661505.7621112996,,diagnosis_base,Baseline,base,service_delivery_cost_usd
246,9,794236.3243243243,3451.0,CS Delivery,626977.4886491793,,diagnosis_base,Baseline,base,service_delivery_cost_usd
246,10,793545.8841698841,3448.0,CS Delivery,608186.8435102167,,diagnosis_base,Baseline,base,service_delivery_cost_usd
247,1,807814.9806949807,3510.0,CS Delivery,807814.9806949807,,diagnosis_base,Baseline,base,service_delivery_cost_usd
247,2,839345.0810810811,3647.0,CS Delivery,814898.1369719233,,diagnosis_base,Baseline,base,service_delivery_cost_usd
247,3,824615.6911196911,3583.0,CS Delivery,777279.3770569245,,diagnosis_base,Baseline,base,service_delivery_cost_usd
247,4,829678.9189189189,3605.0,CS Delivery,759273.742589795,,diagnosis_base,Baseline,base,service_delivery_cost_usd
247,5,842797.2818532819,3662.0,CS Delivery,748814.4689451891,,diagnosis_base,Baseline,base,service_delivery_cost_usd
247,6,830599.5057915058,3609.0,CS Delivery,716482.4300008982,,diagnosis_base,Baseline,base,service_delivery_cost_usd
247,7,816100.2625482625,3546.0,CS Delivery,683471.1217595667,,diagnosis_base,Baseline,base,service_delivery_cost_usd
247,8,834281.8532818533,3625.0,CS Delivery,678347.492971276,,diagnosis_base,Baseline,base,service_delivery_cost_usd
247,9,802061.3127413128,3485.0,CS Delivery,633154.6067639497,,diagnosis_base,Baseline,base,service_delivery_cost_usd
247,10,818631.8764478764,3557.0,CS Delivery,627413.167739513,,diagnosis_base,Baseline,base,service_delivery_cost_usd
248,1,789403.2432432432,3430.0,CS Delivery,789403.2432432432,,diagnosis_base,Baseline,base,service_delivery_cost_usd
248,2,818862.0231660232,3558.0,CS Delivery,795011.6729767215,,diagnosis_base,Baseline,base,service_delivery_cost_usd
248,3,808735.5675675676,3514.0,CS Delivery,762310.8375601543,,diagnosis_base,Baseline,base,service_delivery_cost_usd
248,4,804592.9266409266,3496.0,CS Delivery,736316.5059899925,,diagnosis_base,Baseline,base,service_delivery_cost_usd
248,5,822084.0772200772,3572.0,CS Delivery,730411.0549077595,,diagnosis_base,Baseline,base,service_delivery_cost_usd
248,6,817941.4362934363,3554.0,CS Delivery,705563.4680585181,,diagnosis_base,Baseline,base,service_delivery_cost_usd
248,7,791014.2702702703,3437.0,CS Delivery,662461.9981634605,,diagnosis_base,Baseline,base,service_delivery_cost_usd
248,8,809195.861003861,3516.0,CS Delivery,657950.2855964156,,diagnosis_base,Baseline,base,service_delivery_cost_usd
248,9,780657.6679536679,3392.0,CS Delivery,616258.3719206075,,diagnosis_base,Baseline,base,service_delivery_cost_usd
248,10,802521.6061776062,3487.0,CS Delivery,615065.9870417997,,diagnosis_base,Baseline,base,service_delivery_cost_usd
249,1,790784.1235521236,3436.0,CS Delivery,790784.1235521236,,diagnosis_base,Baseline,base,service_delivery_cost_usd
249,2,831289.9459459459,3612.0,CS Delivery,807077.6174232485,,diagnosis_base,Baseline,base,service_delivery_cost_usd
249,3,808045.1274131275,3511.0,CS Delivery,761660.0314950773,,diagnosis_base,Baseline,base,service_delivery_cost_usd
249,4,812417.915057915,3530.0,CS Delivery,743477.4788743346,,diagnosis_base,Baseline,base,service_delivery_cost_usd
249,5,833591.4131274131,3622.0,CS Delivery,740635.1738174426,,diagnosis_base,Baseline,base,service_delivery_cost_usd
249,6,808275.2741312741,3512.0,CS Delivery,697225.3516661552,,diagnosis_base,Baseline,base,service_delivery_cost_usd
249,7,800220.1389961389,3477.0,CS Delivery,670171.7682904719,,diagnosis_base,Baseline,base,service_delivery_cost_usd
249,8,817020.8494208495,3550.0,CS Delivery,664312.717254629,,diagnosis_base,Baseline,base,service_delivery_cost_usd
249,9,789403.2432432432,3430.0,CS Delivery,623162.209813586,,diagnosis_base,Baseline,base,service_delivery_cost_usd
249,10,805513.5135135135,3500.0,CS Delivery,617359.0348856607,,diagnosis_base,Baseline,base,service_delivery_cost_usd
250,1,800680.4324324324,3479.0,CS Delivery,800680.4324324324,,diagnosis_base,Baseline,base,service_delivery_cost_usd
250,2,821393.637065637,3569.0,CS Delivery,797469.5505491622,,diagnosis_base,Baseline,base,service_delivery_cost_usd
250,3,812648.0617760618,3531.0,CS Delivery,765998.7385955903,,diagnosis_base,Baseline,base,service_delivery_cost_usd
250,4,824155.3976833976,3581.0,CS Delivery,754218.9382008476,,diagnosis_base,Baseline,base,service_delivery_cost_usd
250,5,833361.2664092664,3621.0,CS Delivery,740430.691439249,,diagnosis_base,Baseline,base,service_delivery_cost_usd
250,6,809195.8610038611,3516.0,CS Delivery,698019.4579892375,,diagnosis_base,Baseline,base,service_delivery_cost_usd
250,7,810346.5945945946,3521.0,CS Delivery,678652.5154301845,,diagnosis_base,Baseline,base,service_delivery_cost_usd
250,8,812417.915057915,3530.0,CS Delivery,660570.1103968564,,diagnosis_base,Baseline,base,service_delivery_cost_usd
250,9,792395.1505791505,3443.0,CS Delivery,625524.0490927629,,diagnosis_base,Baseline,base,service_delivery_cost_usd
250,10,823925.250965251,3580.0,CS Delivery,631470.0985401903,,diagnosis_base,Baseline,base,service_delivery_cost_usd
201,1,0.0,0.0,Referral Recurrent,0.0,0.0,diagnosis_base,Baseline,base,referral_transfer_cost_usd
201,2,0.0,0.0,Referral Recurrent,0.0,0.0,diagnosis_base,Baseline,base,referral_transfer_cost_usd
201,3,0.0,0.0,Referral Recurrent,0.0,0.0,diagnosis_base,Baseline,base,referral_transfer_cost_usd
201,4,0.0,0.0,Referral Recurrent,0.0,0.0,diagnosis_base,Baseline,base,referral_transfer_cost_usd
201,5,0.0,0.0,Referral Recurrent,0.0,0.0,diagnosis_base,Baseline,base,referral_transfer_cost_usd
201,6,0.0,0.0,Referral Recurrent,0.0,0.0,diagnosis_base,Baseline,base,referral_transfer_cost_usd
201,7,0.0,0.0,Referral Recurrent,0.0,0.0,diagnosis_base,Baseline,base,referral_transfer_cost_usd
201,8,0.0,0.0,Referral Recurrent,0.0,0.0,diagnosis_base,Baseline,base,referral_transfer_cost_usd
201,9,0.0,0.0,Referral Recurrent,0.0,0.0,diagnosis_base,Baseline,base,referral_transfer_cost_usd
201,10,0.0,0.0,Referral Recurrent,0.0,0.0,diagnosis_base,Baseline,base,referral_transfer_cost_usd
202,1,0.0,0.0,Referral Recurrent,0.0,0.0,diagnosis_base,Baseline,base,referral_transfer_cost_usd
202,2,0.0,0.0,Referral Recurrent,0.0,0.0,diagnosis_base,Baseline,base,referral_transfer_cost_usd
202,3,0.0,0.0,Referral Recurrent,0.0,0.0,diagnosis_base,Baseline,base,referral_transfer_cost_usd
202,4,0.0,0.0,Referral Recurrent,0.0,0.0,diagnosis_base,Baseline,base,referral_transfer_cost_usd
202,5,0.0,0.0,Referral Recurrent,0.0,0.0,diagnosis_base,Baseline,base,referral_transfer_cost_usd
202,6,0.0,0.0,Referral Recurrent,0.0,0.0,diagnosis_base,Baseline,base,referral_transfer_cost_usd
202,7,0.0,0.0,Referral Recurrent,0.0,0.0,diagnosis_base,Baseline,base,referral_transfer_cost_usd
202,8,0.0,0.0,Referral Recurrent,0.0,0.0,diagnosis_base,Baseline,base,referral_transfer_cost_usd
202,9,0.0,0.0,Referral Recurrent,0.0,0.0,diagnosis_base,Baseline,base,referral_transfer_cost_usd
202,10,0.0,0.0,Referral Recurrent,0.0,0.0,diagnosis_base,Baseline,base,referral_transfer_cost_usd
203,1,0.0,0.0,Referral Recurrent,0.0,0.0,diagnosis_base,Baseline,base,referral_transfer_cost_usd
203,2,0.0,0.0,Referral Recurrent,0.0,0.0,diagnosis_base,Baseline,base,referral_transfer_cost_usd
203,3,0.0,0.0,Referral Recurrent,0.0,0.0,diagnosis_base,Baseline,base,referral_transfer_cost_usd
203,4,0.0,0.0,Referral Recurrent,0.0,0.0,diagnosis_base,Baseline,base,referral_transfer_cost_usd
203,5,0.0,0.0,Referral Recurrent,0.0,0.0,diagnosis_base,Baseline,base,referral_transfer_cost_usd
203,6,0.0,0.0,Referral Recurrent,0.0,0.0,diagnosis_base,Baseline,base,referral_transfer_cost_usd
203,7,0.0,0.0,Referral Recurrent,0.0,0.0,diagnosis_base,Baseline,base,referral_transfer_cost_usd
203,8,0.0,0.0,Referral Recurrent,0.0,0.0,diagnosis_base,Baseline,base,referral_transfer_cost_usd
203,9,0.0,0.0,Referral Recurrent,0.0,0.0,diagnosis_base,Baseline,base,referral_transfer_cost_usd
203,10,0.0,0.0,Referral Recurrent,0.0,0.0,diagnosis_base,Baseline,base,referral_transfer_cost_usd
204,1,0.0,0.0,Referral Recurrent,0.0,0.0,diagnosis_base,Baseline,base,referral_transfer_cost_usd
204,2,0.0,0.0,Referral Recurrent,0.0,0.0,diagnosis_base,Baseline,base,referral_transfer_cost_usd
204,3,0.0,0.0,Referral Recurrent,0.0,0.0,diagnosis_base,Baseline,base,referral_transfer_cost_usd
204,4,0.0,0.0,Referral Recurrent,0.0,0.0,diagnosis_base,Baseline,base,referral_transfer_cost_usd
204,5,0.0,0.0,Referral Recurrent,0.0,0.0,diagnosis_base,Baseline,base,referral_transfer_cost_usd
204,6,0.0,0.0,Referral Recurrent,0.0,0.0,diagnosis_base,Baseline,base,referral_transfer_cost_usd
204,7,0.0,0.0,Referral Recurrent,0.0,0.0,diagnosis_base,Baseline,base,referral_transfer_cost_usd
204,8,0.0,0.0,Referral Recurrent,0.0,0.0,diagnosis_base,Baseline,base,referral_transfer_cost_usd
204,9,0.0,0.0,Referral Recurrent,0.0,0.0,diagnosis_base,Baseline,base,referral_transfer_cost_usd
204,10,0.0,0.0,Referral Recurrent,0.0,0.0,diagnosis_base,Baseline,base,referral_transfer_cost_usd
205,1,0.0,0.0,Referral Recurrent,0.0,0.0,diagnosis_base,Baseline,base,referral_transfer_cost_usd
205,2,0.0,0.0,Referral Recurrent,0.0,0.0,diagnosis_base,Baseline,base,referral_transfer_cost_usd
205,3,0.0,0.0,Referral Recurrent,0.0,0.0,diagnosis_base,Baseline,base,referral_transfer_cost_usd
205,4,0.0,0.0,Referral Recurrent,0.0,0.0,diagnosis_base,Baseline,base,referral_transfer_cost_usd
205,5,0.0,0.0,Referral Recurrent,0.0,0.0,diagnosis_base,Baseline,base,referral_transfer_cost_usd
205,6,0.0,0.0,Referral Recurrent,0.0,0.0,diagnosis_base,Baseline,base,referral_transfer_cost_usd
205,7,0.0,0.0,Referral Recurrent,0.0,0.0,diagnosis_base,Baseline,base,referral_transfer_cost_usd
205,8,0.0,0.0,Referral Recurrent,0.0,0.0,diagnosis_base,Baseline,base,referral_transfer_cost_usd
205,9,0.0,0.0,Referral Recurrent,0.0,0.0,diagnosis_base,Baseline,base,referral_transfer_cost_usd
205,10,0.0,0.0,Referral Recurrent,0.0,0.0,diagnosis_base,Baseline,base,referral_transfer_cost_usd
206,1,0.0,0.0,Referral Recurrent,0.0,0.0,diagnosis_base,Baseline,base,referral_transfer_cost_usd
206,2,0.0,0.0,Referral Recurrent,0.0,0.0,diagnosis_base,Baseline,base,referral_transfer_cost_usd
206,3,0.0,0.0,Referral Recurrent,0.0,0.0,diagnosis_base,Baseline,base,referral_transfer_cost_usd
206,4,0.0,0.0,Referral Recurrent,0.0,0.0,diagnosis_base,Baseline,base,referral_transfer_cost_usd
206,5,0.0,0.0,Referral Recurrent,0.0,0.0,diagnosis_base,Baseline,base,referral_transfer_cost_usd
206,6,0.0,0.0,Referral Recurrent,0.0,0.0,diagnosis_base,Baseline,base,referral_transfer_cost_usd
206,7,0.0,0.0,Referral Recurrent,0.0,0.0,diagnosis_base,Baseline,base,referral_transfer_cost_usd
206,8,0.0,0.0,Referral Recurrent,0.0,0.0,diagnosis_base,Baseline,base,referral_transfer_cost_usd
206,9,0.0,0.0,Referral Recurrent,0.0,0.0,diagnosis_base,Baseline,base,referral_transfer_cost_usd
206,10,0.0,0.0,Referral Recurrent,0.0,0.0,diagnosis_base,Baseline,base,referral_transfer_cost_usd
207,1,0.0,0.0,Referral Recurrent,0.0,0.0,diagnosis_base,Baseline,base,referral_transfer_cost_usd
207,2,0.0,0.0,Referral Recurrent,0.0,0.0,diagnosis_base,Baseline,base,referral_transfer_cost_usd
207,3,0.0,0.0,Referral Recurrent,0.0,0.0,diagnosis_base,Baseline,base,referral_transfer_cost_usd
207,4,0.0,0.0,Referral Recurrent,0.0,0.0,diagnosis_base,Baseline,base,referral_transfer_cost_usd
207,5,0.0,0.0,Referral Recurrent,0.0,0.0,diagnosis_base,Baseline,base,referral_transfer_cost_usd
207,6,0.0,0.0,Referral Recurrent,0.0,0.0,diagnosis_base,Baseline,base,referral_transfer_cost_usd
207,7,0.0,0.0,Referral Recurrent,0.0,0.0,diagnosis_base,Baseline,base,referral_transfer_cost_usd
207,8,0.0,0.0,Referral Recurrent,0.0,0.0,diagnosis_base,Baseline,base,referral_transfer_cost_usd
207,9,0.0,0.0,Referral Recurrent,0.0,0.0,diagnosis_base,Baseline,base,referral_transfer_cost_usd
207,10,0.0,0.0,Referral Recurrent,0.0,0.0,diagnosis_base,Baseline,base,referral_transfer_cost_usd
208,1,0.0,0.0,Referral Recurrent,0.0,0.0,diagnosis_base,Baseline,base,referral_transfer_cost_usd
208,2,0.0,0.0,Referral Recurrent,0.0,0.0,diagnosis_base,Baseline,base,referral_transfer_cost_usd
208,3,0.0,0.0,Referral Recurrent,0.0,0.0,diagnosis_base,Baseline,base,referral_transfer_cost_usd
208,4,0.0,0.0,Referral Recurrent,0.0,0.0,diagnosis_base,Baseline,base,referral_transfer_cost_usd
208,5,0.0,0.0,Referral Recurrent,0.0,0.0,diagnosis_base,Baseline,base,referral_transfer_cost_usd
208,6,0.0,0.0,Referral Recurrent,0.0,0.0,diagnosis_base,Baseline,base,referral_transfer_cost_usd
208,7,0.0,0.0,Referral Recurrent,0.0,0.0,diagnosis_base,Baseline,base,referral_transfer_cost_usd
208,8,0.0,0.0,Referral Recurrent,0.0,0.0,diagnosis_base,Baseline,base,referral_transfer_cost_usd
208,9,0.0,0.0,Referral Recurrent,0.0,0.0,diagnosis_base,Baseline,base,referral_transfer_cost_usd
208,10,0.0,0.0,Referral Recurrent,0.0,0.0,diagnosis_base,Baseline,base,referral_transfer_cost_usd
209,1,0.0,0.0,Referral Recurrent,0.0,0.0,diagnosis_base,Baseline,base,referral_transfer_cost_usd
209,2,0.0,0.0,Referral Recurrent,0.0,0.0,diagnosis_base,Baseline,base,referral_transfer_cost_usd
209,3,0.0,0.0,Referral Recurrent,0.0,0.0,diagnosis_base,Baseline,base,referral_transfer_cost_usd
209,4,0.0,0.0,Referral Recurrent,0.0,0.0,diagnosis_base,Baseline,base,referral_transfer_cost_usd
209,5,0.0,0.0,Referral Recurrent,0.0,0.0,diagnosis_base,Baseline,base,referral_transfer_cost_usd
209,6,0.0,0.0,Referral Recurrent,0.0,0.0,diagnosis_base,Baseline,base,referral_transfer_cost_usd
209,7,0.0,0.0,Referral Recurrent,0.0,0.0,diagnosis_base,Baseline,base,referral_transfer_cost_usd
209,8,0.0,0.0,Referral Recurrent,0.0,0.0,diagnosis_base,Baseline,base,referral_transfer_cost_usd
209,9,0.0,0.0,Referral Recurrent,0.0,0.0,diagnosis_base,Baseline,base,referral_transfer_cost_usd
209,10,0.0,0.0,Referral Recurrent,0.0,0.0,diagnosis_base,Baseline,base,referral_transfer_cost_usd
210,1,0.0,0.0,Referral Recurrent,0.0,0.0,diagnosis_base,Baseline,base,referral_transfer_cost_usd
210,2,0.0,0.0,Referral Recurrent,0.0,0.0,diagnosis_base,Baseline,base,referral_transfer_cost_usd
210,3,0.0,0.0,Referral Recurrent,0.0,0.0,diagnosis_base,Baseline,base,referral_transfer_cost_usd
210,4,0.0,0.0,Referral Recurrent,0.0,0.0,diagnosis_base,Baseline,base,referral_transfer_cost_usd
210,5,0.0,0.0,Referral Recurrent,0.0,0.0,diagnosis_base,Baseline,base,referral_transfer_cost_usd
210,6,0.0,0.0,Referral Recurrent,0.0,0.0,diagnosis_base,Baseline,base,referral_transfer_cost_usd
210,7,0.0,0.0,Referral Recurrent,0.0,0.0,diagnosis_base,Baseline,base,referral_transfer_cost_usd
210,8,0.0,0.0,Referral Recurrent,0.0,0.0,diagnosis_base,Baseline,base,referral_transfer_cost_usd
210,9,0.0,0.0,Referral Recurrent,0.0,0.0,diagnosis_base,Baseline,base,referral_transfer_cost_usd
210,10,0.0,0.0,Referral Recurrent,0.0,0.0,diagnosis_base,Baseline,base,referral_transfer_cost_usd
211,1,0.0,0.0,Referral Recurrent,0.0,0.0,diagnosis_base,Baseline,base,referral_transfer_cost_usd
211,2,0.0,0.0,Referral Recurrent,0.0,0.0,diagnosis_base,Baseline,base,referral_transfer_cost_usd
211,3,0.0,0.0,Referral Recurrent,0.0,0.0,diagnosis_base,Baseline,base,referral_transfer_cost_usd
211,4,0.0,0.0,Referral Recurrent,0.0,0.0,diagnosis_base,Baseline,base,referral_transfer_cost_usd
211,5,0.0,0.0,Referral Recurrent,0.0,0.0,diagnosis_base,Baseline,base,referral_transfer_cost_usd
211,6,0.0,0.0,Referral Recurrent,0.0,0.0,diagnosis_base,Baseline,base,referral_transfer_cost_usd
211,7,0.0,0.0,Referral Recurrent,0.0,0.0,diagnosis_base,Baseline,base,referral_transfer_cost_usd
211,8,0.0,0.0,Referral Recurrent,0.0,0.0,diagnosis_base,Baseline,base,referral_transfer_cost_usd
211,9,0.0,0.0,Referral Recurrent,0.0,0.0,diagnosis_base,Baseline,base,referral_transfer_cost_usd
211,10,0.0,0.0,Referral Recurrent,0.0,0.0,diagnosis_base,Baseline,base,referral_transfer_cost_usd
212,1,0.0,0.0,Referral Recurrent,0.0,0.0,diagnosis_base,Baseline,base,referral_transfer_cost_usd
212,2,0.0,0.0,Referral Recurrent,0.0,0.0,diagnosis_base,Baseline,base,referral_transfer_cost_usd
212,3,0.0,0.0,Referral Recurrent,0.0,0.0,diagnosis_base,Baseline,base,referral_transfer_cost_usd
212,4,0.0,0.0,Referral Recurrent,0.0,0.0,diagnosis_base,Baseline,base,referral_transfer_cost_usd
212,5,0.0,0.0,Referral Recurrent,0.0,0.0,diagnosis_base,Baseline,base,referral_transfer_cost_usd
212,6,0.0,0.0,Referral Recurrent,0.0,0.0,diagnosis_base,Baseline,base,referral_transfer_cost_usd
212,7,0.0,0.0,Referral Recurrent,0.0,0.0,diagnosis_base,Baseline,base,referral_transfer_cost_usd
212,8,0.0,0.0,Referral Recurrent,0.0,0.0,diagnosis_base,Baseline,base,referral_transfer_cost_usd
212,9,0.0,0.0,Referral Recurrent,0.0,0.0,diagnosis_base,Baseline,base,referral_transfer_cost_usd
212,10,0.0,0.0,Referral Recurrent,0.0,0.0,diagnosis_base,Baseline,base,referral_transfer_cost_usd
213,1,0.0,0.0,Referral Recurrent,0.0,0.0,diagnosis_base,Baseline,base,referral_transfer_cost_usd
213,2,0.0,0.0,Referral Recurrent,0.0,0.0,diagnosis_base,Baseline,base,referral_transfer_cost_usd
213,3,0.0,0.0,Referral Recurrent,0.0,0.0,diagnosis_base,Baseline,base,referral_transfer_cost_usd
213,4,0.0,0.0,Referral Recurrent,0.0,0.0,diagnosis_base,Baseline,base,referral_transfer_cost_usd
213,5,0.0,0.0,Referral Recurrent,0.0,0.0,diagnosis_base,Baseline,base,referral_transfer_cost_usd
213,6,0.0,0.0,Referral Recurrent,0.0,0.0,diagnosis_base,Baseline,base,referral_transfer_cost_usd
213,7,0.0,0.0,Referral Recurrent,0.0,0.0,diagnosis_base,Baseline,base,referral_transfer_cost_usd
213,8,0.0,0.0,Referral Recurrent,0.0,0.0,diagnosis_base,Baseline,base,referral_transfer_cost_usd
213,9,0.0,0.0,Referral Recurrent,0.0,0.0,diagnosis_base,Baseline,base,referral_transfer_cost_usd
213,10,0.0,0.0,Referral Recurrent,0.0,0.0,diagnosis_base,Baseline,base,referral_transfer_cost_usd
214,1,0.0,0.0,Referral Recurrent,0.0,0.0,diagnosis_base,Baseline,base,referral_transfer_cost_usd
214,2,0.0,0.0,Referral Recurrent,0.0,0.0,diagnosis_base,Baseline,base,referral_transfer_cost_usd
214,3,0.0,0.0,Referral Recurrent,0.0,0.0,diagnosis_base,Baseline,base,referral_transfer_cost_usd
214,4,0.0,0.0,Referral Recurrent,0.0,0.0,diagnosis_base,Baseline,base,referral_transfer_cost_usd
214,5,0.0,0.0,Referral Recurrent,0.0,0.0,diagnosis_base,Baseline,base,referral_transfer_cost_usd
214,6,0.0,0.0,Referral Recurrent,0.0,0.0,diagnosis_base,Baseline,base,referral_transfer_cost_usd
214,7,0.0,0.0,Referral Recurrent,0.0,0.0,diagnosis_base,Baseline,base,referral_transfer_cost_usd
214,8,0.0,0.0,Referral Recurrent,0.0,0.0,diagnosis_base,Baseline,base,referral_transfer_cost_usd
214,9,0.0,0.0,Referral Recurrent,0.0,0.0,diagnosis_base,Baseline,base,referral_transfer_cost_usd
214,10,0.0,0.0,Referral Recurrent,0.0,0.0,diagnosis_base,Baseline,base,referral_transfer_cost_usd
215,1,0.0,0.0,Referral Recurrent,0.0,0.0,diagnosis_base,Baseline,base,referral_transfer_cost_usd
215,2,0.0,0.0,Referral Recurrent,0.0,0.0,diagnosis_base,Baseline,base,referral_transfer_cost_usd
215,3,0.0,0.0,Referral Recurrent,0.0,0.0,diagnosis_base,Baseline,base,referral_transfer_cost_usd
215,4,0.0,0.0,Referral Recurrent,0.0,0.0,diagnosis_base,Baseline,base,referral_transfer_cost_usd
215,5,0.0,0.0,Referral Recurrent,0.0,0.0,diagnosis_base,Baseline,base,referral_transfer_cost_usd
215,6,0.0,0.0,Referral Recurrent,0.0,0.0,diagnosis_base,Baseline,base,referral_transfer_cost_usd
215,7,0.0,0.0,Referral Recurrent,0.0,0.0,diagnosis_base,Baseline,base,referral_transfer_cost_usd
215,8,0.0,0.0,Referral Recurrent,0.0,0.0,diagnosis_base,Baseline,base,referral_transfer_cost_usd
215,9,0.0,0.0,Referral Recurrent,0.0,0.0,diagnosis_base,Baseline,base,referral_transfer_cost_usd
215,10,0.0,0.0,Referral Recurrent,0.0,0.0,diagnosis_base,Baseline,base,referral_transfer_cost_usd
216,1,0.0,0.0,Referral Recurrent,0.0,0.0,diagnosis_base,Baseline,base,referral_transfer_cost_usd
216,2,0.0,0.0,Referral Recurrent,0.0,0.0,diagnosis_base,Baseline,base,referral_transfer_cost_usd
216,3,0.0,0.0,Referral Recurrent,0.0,0.0,diagnosis_base,Baseline,base,referral_transfer_cost_usd
216,4,0.0,0.0,Referral Recurrent,0.0,0.0,diagnosis_base,Baseline,base,referral_transfer_cost_usd
216,5,0.0,0.0,Referral Recurrent,0.0,0.0,diagnosis_base,Baseline,base,referral_transfer_cost_usd
216,6,0.0,0.0,Referral Recurrent,0.0,0.0,diagnosis_base,Baseline,base,referral_transfer_cost_usd
216,7,0.0,0.0,Referral Recurrent,0.0,0.0,diagnosis_base,Baseline,base,referral_transfer_cost_usd
216,8,0.0,0.0,Referral Recurrent,0.0,0.0,diagnosis_base,Baseline,base,referral_transfer_cost_usd
216,9,0.0,0.0,Referral Recurrent,0.0,0.0,diagnosis_base,Baseline,base,referral_transfer_cost_usd
216,10,0.0,0.0,Referral Recurrent,0.0,0.0,diagnosis_base,Baseline,base,referral_transfer_cost_usd
217,1,0.0,0.0,Referral Recurrent,0.0,0.0,diagnosis_base,Baseline,base,referral_transfer_cost_usd
217,2,0.0,0.0,Referral Recurrent,0.0,0.0,diagnosis_base,Baseline,base,referral_transfer_cost_usd
217,3,0.0,0.0,Referral Recurrent,0.0,0.0,diagnosis_base,Baseline,base,referral_transfer_cost_usd
217,4,0.0,0.0,Referral Recurrent,0.0,0.0,diagnosis_base,Baseline,base,referral_transfer_cost_usd
217,5,0.0,0.0,Referral Recurrent,0.0,0.0,diagnosis_base,Baseline,base,referral_transfer_cost_usd
217,6,0.0,0.0,Referral Recurrent,0.0,0.0,diagnosis_base,Baseline,base,referral_transfer_cost_usd
217,7,0.0,0.0,Referral Recurrent,0.0,0.0,diagnosis_base,Baseline,base,referral_transfer_cost_usd
217,8,0.0,0.0,Referral Recurrent,0.0,0.0,diagnosis_base,Baseline,base,referral_transfer_cost_usd
217,9,0.0,0.0,Referral Recurrent,0.0,0.0,diagnosis_base,Baseline,base,referral_transfer_cost_usd
217,10,0.0,0.0,Referral Recurrent,0.0,0.0,diagnosis_base,Baseline,base,referral_transfer_cost_usd
218,1,0.0,0.0,Referral Recurrent,0.0,0.0,diagnosis_base,Baseline,base,referral_transfer_cost_usd
218,2,0.0,0.0,Referral Recurrent,0.0,0.0,diagnosis_base,Baseline,base,referral_transfer_cost_usd
218,3,0.0,0.0,Referral Recurrent,0.0,0.0,diagnosis_base,Baseline,base,referral_transfer_cost_usd
218,4,0.0,0.0,Referral Recurrent,0.0,0.0,diagnosis_base,Baseline,base,referral_transfer_cost_usd
218,5,0.0,0.0,Referral Recurrent,0.0,0.0,diagnosis_base,Baseline,base,referral_transfer_cost_usd
218,6,0.0,0.0,Referral Recurrent,0.0,0.0,diagnosis_base,Baseline,base,referral_transfer_cost_usd
218,7,0.0,0.0,Referral Recurrent,0.0,0.0,diagnosis_base,Baseline,base,referral_transfer_cost_usd
218,8,0.0,0.0,Referral Recurrent,0.0,0.0,diagnosis_base,Baseline,base,referral_transfer_cost_usd
218,9,0.0,0.0,Referral Recurrent,0.0,0.0,diagnosis_base,Baseline,base,referral_transfer_cost_usd
218,10,0.0,0.0,Referral Recurrent,0.0,0.0,diagnosis_base,Baseline,base,referral_transfer_cost_usd
219,1,0.0,0.0,Referral Recurrent,0.0,0.0,diagnosis_base,Baseline,base,referral_transfer_cost_usd
219,2,0.0,0.0,Referral Recurrent,0.0,0.0,diagnosis_base,Baseline,base,referral_transfer_cost_usd
219,3,0.0,0.0,Referral Recurrent,0.0,0.0,diagnosis_base,Baseline,base,referral_transfer_cost_usd
219,4,0.0,0.0,Referral Recurrent,0.0,0.0,diagnosis_base,Baseline,base,referral_transfer_cost_usd
219,5,0.0,0.0,Referral Recurrent,0.0,0.0,diagnosis_base,Baseline,base,referral_transfer_cost_usd
219,6,0.0,0.0,Referral Recurrent,0.0,0.0,diagnosis_base,Baseline,base,referral_transfer_cost_usd
219,7,0.0,0.0,Referral Recurrent,0.0,0.0,diagnosis_base,Baseline,base,referral_transfer_cost_usd
219,8,0.0,0.0,Referral Recurrent,0.0,0.0,diagnosis_base,Baseline,base,referral_transfer_cost_usd
219,9,0.0,0.0,Referral Recurrent,0.0,0.0,diagnosis_base,Baseline,base,referral_transfer_cost_usd
219,10,0.0,0.0,Referral Recurrent,0.0,0.0,diagnosis_base,Baseline,base,referral_transfer_cost_usd
220,1,0.0,0.0,Referral Recurrent,0.0,0.0,diagnosis_base,Baseline,base,referral_transfer_cost_usd
220,2,0.0,0.0,Referral Recurrent,0.0,0.0,diagnosis_base,Baseline,base,referral_transfer_cost_usd
220,3,0.0,0.0,Referral Recurrent,0.0,0.0,diagnosis_base,Baseline,base,referral_transfer_cost_usd
220,4,0.0,0.0,Referral Recurrent,0.0,0.0,diagnosis_base,Baseline,base,referral_transfer_cost_usd
220,5,0.0,0.0,Referral Recurrent,0.0,0.0,diagnosis_base,Baseline,base,referral_transfer_cost_usd
220,6,0.0,0.0,Referral Recurrent,0.0,0.0,diagnosis_base,Baseline,base,referral_transfer_cost_usd
220,7,0.0,0.0,Referral Recurrent,0.0,0.0,diagnosis_base,Baseline,base,referral_transfer_cost_usd
220,8,0.0,0.0,Referral Recurrent,0.0,0.0,diagnosis_base,Baseline,base,referral_transfer_cost_usd
220,9,0.0,0.0,Referral Recurrent,0.0,0.0,diagnosis_base,Baseline,base,referral_transfer_cost_usd
220,10,0.0,0.0,Referral Recurrent,0.0,0.0,diagnosis_base,Baseline,base,referral_transfer_cost_usd
221,1,0.0,0.0,Referral Recurrent,0.0,0.0,diagnosis_base,Baseline,base,referral_transfer_cost_usd
221,2,0.0,0.0,Referral Recurrent,0.0,0.0,diagnosis_base,Baseline,base,referral_transfer_cost_usd
221,3,0.0,0.0,Referral Recurrent,0.0,0.0,diagnosis_base,Baseline,base,referral_transfer_cost_usd
221,4,0.0,0.0,Referral Recurrent,0.0,0.0,diagnosis_base,Baseline,base,referral_transfer_cost_usd
221,5,0.0,0.0,Referral Recurrent,0.0,0.0,diagnosis_base,Baseline,base,referral_transfer_cost_usd
221,6,0.0,0.0,Referral Recurrent,0.0,0.0,diagnosis_base,Baseline,base,referral_transfer_cost_usd
221,7,0.0,0.0,Referral Recurrent,0.0,0.0,diagnosis_base,Baseline,base,referral_transfer_cost_usd
221,8,0.0,0.0,Referral Recurrent,0.0,0.0,diagnosis_base,Baseline,base,referral_transfer_cost_usd
221,9,0.0,0.0,Referral Recurrent,0.0,0.0,diagnosis_base,Baseline,base,referral_transfer_cost_usd
221,10,0.0,0.0,Referral Recurrent,0.0,0.0,diagnosis_base,Baseline,base,referral_transfer_cost_usd
222,1,0.0,0.0,Referral Recurrent,0.0,0.0,diagnosis_base,Baseline,base,referral_transfer_cost_usd
222,2,0.0,0.0,Referral Recurrent,0.0,0.0,diagnosis_base,Baseline,base,referral_transfer_cost_usd
222,3,0.0,0.0,Referral Recurrent,0.0,0.0,diagnosis_base,Baseline,base,referral_transfer_cost_usd
222,4,0.0,0.0,Referral Recurrent,0.0,0.0,diagnosis_base,Baseline,base,referral_transfer_cost_usd
222,5,0.0,0.0,Referral Recurrent,0.0,0.0,diagnosis_base,Baseline,base,referral_transfer_cost_usd
222,6,0.0,0.0,Referral Recurrent,0.0,0.0,diagnosis_base,Baseline,base,referral_transfer_cost_usd
222,7,0.0,0.0,Referral Recurrent,0.0,0.0,diagnosis_base,Baseline,base,referral_transfer_cost_usd
222,8,0.0,0.0,Referral Recurrent,0.0,0.0,diagnosis_base,Baseline,base,referral_transfer_cost_usd
222,9,0.0,0.0,Referral Recurrent,0.0,0.0,diagnosis_base,Baseline,base,referral_transfer_cost_usd
222,10,0.0,0.0,Referral Recurrent,0.0,0.0,diagnosis_base,Baseline,base,referral_transfer_cost_usd
223,1,0.0,0.0,Referral Recurrent,0.0,0.0,diagnosis_base,Baseline,base,referral_transfer_cost_usd
223,2,0.0,0.0,Referral Recurrent,0.0,0.0,diagnosis_base,Baseline,base,referral_transfer_cost_usd
223,3,0.0,0.0,Referral Recurrent,0.0,0.0,diagnosis_base,Baseline,base,referral_transfer_cost_usd
223,4,0.0,0.0,Referral Recurrent,0.0,0.0,diagnosis_base,Baseline,base,referral_transfer_cost_usd
223,5,0.0,0.0,Referral Recurrent,0.0,0.0,diagnosis_base,Baseline,base,referral_transfer_cost_usd
223,6,0.0,0.0,Referral Recurrent,0.0,0.0,diagnosis_base,Baseline,base,referral_transfer_cost_usd
223,7,0.0,0.0,Referral Recurrent,0.0,0.0,diagnosis_base,Baseline,base,referral_transfer_cost_usd
223,8,0.0,0.0,Referral Recurrent,0.0,0.0,diagnosis_base,Baseline,base,referral_transfer_cost_usd
223,9,0.0,0.0,Referral Recurrent,0.0,0.0,diagnosis_base,Baseline,base,referral_transfer_cost_usd
223,10,0.0,0.0,Referral Recurrent,0.0,0.0,diagnosis_base,Baseline,base,referral_transfer_cost_usd
224,1,0.0,0.0,Referral Recurrent,0.0,0.0,diagnosis_base,Baseline,base,referral_transfer_cost_usd
224,2,0.0,0.0,Referral Recurrent,0.0,0.0,diagnosis_base,Baseline,base,referral_transfer_cost_usd
224,3,0.0,0.0,Referral Recurrent,0.0,0.0,diagnosis_base,Baseline,base,referral_transfer_cost_usd
224,4,0.0,0.0,Referral Recurrent,0.0,0.0,diagnosis_base,Baseline,base,referral_transfer_cost_usd
224,5,0.0,0.0,Referral Recurrent,0.0,0.0,diagnosis_base,Baseline,base,referral_transfer_cost_usd
224,6,0.0,0.0,Referral Recurrent,0.0,0.0,diagnosis_base,Baseline,base,referral_transfer_cost_usd
224,7,0.0,0.0,Referral Recurrent,0.0,0.0,diagnosis_base,Baseline,base,referral_transfer_cost_usd
224,8,0.0,0.0,Referral Recurrent,0.0,0.0,diagnosis_base,Baseline,base,referral_transfer_cost_usd
224,9,0.0,0.0,Referral Recurrent,0.0,0.0,diagnosis_base,Baseline,base,referral_transfer_cost_usd
224,10,0.0,0.0,Referral Recurrent,0.0,0.0,diagnosis_base,Baseline,base,referral_transfer_cost_usd
225,1,0.0,0.0,Referral Recurrent,0.0,0.0,diagnosis_base,Baseline,base,referral_transfer_cost_usd
225,2,0.0,0.0,Referral Recurrent,0.0,0.0,diagnosis_base,Baseline,base,referral_transfer_cost_usd
225,3,0.0,0.0,Referral Recurrent,0.0,0.0,diagnosis_base,Baseline,base,referral_transfer_cost_usd
225,4,0.0,0.0,Referral Recurrent,0.0,0.0,diagnosis_base,Baseline,base,referral_transfer_cost_usd
225,5,0.0,0.0,Referral Recurrent,0.0,0.0,diagnosis_base,Baseline,base,referral_transfer_cost_usd
225,6,0.0,0.0,Referral Recurrent,0.0,0.0,diagnosis_base,Baseline,base,referral_transfer_cost_usd
225,7,0.0,0.0,Referral Recurrent,0.0,0.0,diagnosis_base,Baseline,base,referral_transfer_cost_usd
225,8,0.0,0.0,Referral Recurrent,0.0,0.0,diagnosis_base,Baseline,base,referral_transfer_cost_usd
225,9,0.0,0.0,Referral Recurrent,0.0,0.0,diagnosis_base,Baseline,base,referral_transfer_cost_usd
225,10,0.0,0.0,Referral Recurrent,0.0,0.0,diagnosis_base,Baseline,base,referral_transfer_cost_usd
226,1,0.0,0.0,Referral Recurrent,0.0,0.0,diagnosis_base,Baseline,base,referral_transfer_cost_usd
226,2,0.0,0.0,Referral Recurrent,0.0,0.0,diagnosis_base,Baseline,base,referral_transfer_cost_usd
226,3,0.0,0.0,Referral Recurrent,0.0,0.0,diagnosis_base,Baseline,base,referral_transfer_cost_usd
226,4,0.0,0.0,Referral Recurrent,0.0,0.0,diagnosis_base,Baseline,base,referral_transfer_cost_usd
226,5,0.0,0.0,Referral Recurrent,0.0,0.0,diagnosis_base,Baseline,base,referral_transfer_cost_usd
226,6,0.0,0.0,Referral Recurrent,0.0,0.0,diagnosis_base,Baseline,base,referral_transfer_cost_usd
226,7,0.0,0.0,Referral Recurrent,0.0,0.0,diagnosis_base,Baseline,base,referral_transfer_cost_usd
226,8,0.0,0.0,Referral Recurrent,0.0,0.0,diagnosis_base,Baseline,base,referral_transfer_cost_usd
226,9,0.0,0.0,Referral Recurrent,0.0,0.0,diagnosis_base,Baseline,base,referral_transfer_cost_usd
226,10,0.0,0.0,Referral Recurrent,0.0,0.0,diagnosis_base,Baseline,base,referral_transfer_cost_usd
227,1,0.0,0.0,Referral Recurrent,0.0,0.0,diagnosis_base,Baseline,base,referral_transfer_cost_usd
227,2,0.0,0.0,Referral Recurrent,0.0,0.0,diagnosis_base,Baseline,base,referral_transfer_cost_usd
227,3,0.0,0.0,Referral Recurrent,0.0,0.0,diagnosis_base,Baseline,base,referral_transfer_cost_usd
227,4,0.0,0.0,Referral Recurrent,0.0,0.0,diagnosis_base,Baseline,base,referral_transfer_cost_usd
227,5,0.0,0.0,Referral Recurrent,0.0,0.0,diagnosis_base,Baseline,base,referral_transfer_cost_usd
227,6,0.0,0.0,Referral Recurrent,0.0,0.0,diagnosis_base,Baseline,base,referral_transfer_cost_usd
227,7,0.0,0.0,Referral Recurrent,0.0,0.0,diagnosis_base,Baseline,base,referral_transfer_cost_usd
227,8,0.0,0.0,Referral Recurrent,0.0,0.0,diagnosis_base,Baseline,base,referral_transfer_cost_usd
227,9,0.0,0.0,Referral Recurrent,0.0,0.0,diagnosis_base,Baseline,base,referral_transfer_cost_usd
227,10,0.0,0.0,Referral Recurrent,0.0,0.0,diagnosis_base,Baseline,base,referral_transfer_cost_usd
228,1,0.0,0.0,Referral Recurrent,0.0,0.0,diagnosis_base,Baseline,base,referral_transfer_cost_usd
228,2,0.0,0.0,Referral Recurrent,0.0,0.0,diagnosis_base,Baseline,base,referral_transfer_cost_usd
228,3,0.0,0.0,Referral Recurrent,0.0,0.0,diagnosis_base,Baseline,base,referral_transfer_cost_usd
228,4,0.0,0.0,Referral Recurrent,0.0,0.0,diagnosis_base,Baseline,base,referral_transfer_cost_usd
228,5,0.0,0.0,Referral Recurrent,0.0,0.0,diagnosis_base,Baseline,base,referral_transfer_cost_usd
228,6,0.0,0.0,Referral Recurrent,0.0,0.0,diagnosis_base,Baseline,base,referral_transfer_cost_usd
228,7,0.0,0.0,Referral Recurrent,0.0,0.0,diagnosis_base,Baseline,base,referral_transfer_cost_usd
228,8,0.0,0.0,Referral Recurrent,0.0,0.0,diagnosis_base,Baseline,base,referral_transfer_cost_usd
228,9,0.0,0.0,Referral Recurrent,0.0,0.0,diagnosis_base,Baseline,base,referral_transfer_cost_usd
228,10,0.0,0.0,Referral Recurrent,0.0,0.0,diagnosis_base,Baseline,base,referral_transfer_cost_usd
229,1,0.0,0.0,Referral Recurrent,0.0,0.0,diagnosis_base,Baseline,base,referral_transfer_cost_usd
229,2,0.0,0.0,Referral Recurrent,0.0,0.0,diagnosis_base,Baseline,base,referral_transfer_cost_usd
229,3,0.0,0.0,Referral Recurrent,0.0,0.0,diagnosis_base,Baseline,base,referral_transfer_cost_usd
229,4,0.0,0.0,Referral Recurrent,0.0,0.0,diagnosis_base,Baseline,base,referral_transfer_cost_usd
229,5,0.0,0.0,Referral Recurrent,0.0,0.0,diagnosis_base,Baseline,base,referral_transfer_cost_usd
229,6,0.0,0.0,Referral Recurrent,0.0,0.0,diagnosis_base,Baseline,base,referral_transfer_cost_usd
229,7,0.0,0.0,Referral Recurrent,0.0,0.0,diagnosis_base,Baseline,base,referral_transfer_cost_usd
229,8,0.0,0.0,Referral Recurrent,0.0,0.0,diagnosis_base,Baseline,base,referral_transfer_cost_usd
229,9,0.0,0.0,Referral Recurrent,0.0,0.0,diagnosis_base,Baseline,base,referral_transfer_cost_usd
229,10,0.0,0.0,Referral Recurrent,0.0,0.0,diagnosis_base,Baseline,base,referral_transfer_cost_usd
230,1,0.0,0.0,Referral Recurrent,0.0,0.0,diagnosis_base,Baseline,base,referral_transfer_cost_usd
230,2,0.0,0.0,Referral Recurrent,0.0,0.0,diagnosis_base,Baseline,base,referral_transfer_cost_usd
230,3,0.0,0.0,Referral Recurrent,0.0,0.0,diagnosis_base,Baseline,base,referral_transfer_cost_usd
230,4,0.0,0.0,Referral Recurrent,0.0,0.0,diagnosis_base,Baseline,base,referral_transfer_cost_usd
230,5,0.0,0.0,Referral Recurrent,0.0,0.0,diagnosis_base,Baseline,base,referral_transfer_cost_usd
230,6,0.0,0.0,Referral Recurrent,0.0,0.0,diagnosis_base,Baseline,base,referral_transfer_cost_usd
230,7,0.0,0.0,Referral Recurrent,0.0,0.0,diagnosis_base,Baseline,base,referral_transfer_cost_usd
230,8,0.0,0.0,Referral Recurrent,0.0,0.0,diagnosis_base,Baseline,base,referral_transfer_cost_usd
230,9,0.0,0.0,Referral Recurrent,0.0,0.0,diagnosis_base,Baseline,base,referral_transfer_cost_usd
230,10,0.0,0.0,Referral Recurrent,0.0,0.0,diagnosis_base,Baseline,base,referral_transfer_cost_usd
231,1,0.0,0.0,Referral Recurrent,0.0,0.0,diagnosis_base,Baseline,base,referral_transfer_cost_usd
231,2,0.0,0.0,Referral Recurrent,0.0,0.0,diagnosis_base,Baseline,base,referral_transfer_cost_usd
231,3,0.0,0.0,Referral Recurrent,0.0,0.0,diagnosis_base,Baseline,base,referral_transfer_cost_usd
231,4,0.0,0.0,Referral Recurrent,0.0,0.0,diagnosis_base,Baseline,base,referral_transfer_cost_usd
231,5,0.0,0.0,Referral Recurrent,0.0,0.0,diagnosis_base,Baseline,base,referral_transfer_cost_usd
231,6,0.0,0.0,Referral Recurrent,0.0,0.0,diagnosis_base,Baseline,base,referral_transfer_cost_usd
231,7,0.0,0.0,Referral Recurrent,0.0,0.0,diagnosis_base,Baseline,base,referral_transfer_cost_usd
231,8,0.0,0.0,Referral Recurrent,0.0,0.0,diagnosis_base,Baseline,base,referral_transfer_cost_usd
231,9,0.0,0.0,Referral Recurrent,0.0,0.0,diagnosis_base,Baseline,base,referral_transfer_cost_usd
231,10,0.0,0.0,Referral Recurrent,0.0,0.0,diagnosis_base,Baseline,base,referral_transfer_cost_usd
232,1,0.0,0.0,Referral Recurrent,0.0,0.0,diagnosis_base,Baseline,base,referral_transfer_cost_usd
232,2,0.0,0.0,Referral Recurrent,0.0,0.0,diagnosis_base,Baseline,base,referral_transfer_cost_usd
232,3,0.0,0.0,Referral Recurrent,0.0,0.0,diagnosis_base,Baseline,base,referral_transfer_cost_usd
232,4,0.0,0.0,Referral Recurrent,0.0,0.0,diagnosis_base,Baseline,base,referral_transfer_cost_usd
232,5,0.0,0.0,Referral Recurrent,0.0,0.0,diagnosis_base,Baseline,base,referral_transfer_cost_usd
232,6,0.0,0.0,Referral Recurrent,0.0,0.0,diagnosis_base,Baseline,base,referral_transfer_cost_usd
232,7,0.0,0.0,Referral Recurrent,0.0,0.0,diagnosis_base,Baseline,base,referral_transfer_cost_usd
232,8,0.0,0.0,Referral Recurrent,0.0,0.0,diagnosis_base,Baseline,base,referral_transfer_cost_usd
232,9,0.0,0.0,Referral Recurrent,0.0,0.0,diagnosis_base,Baseline,base,referral_transfer_cost_usd
232,10,0.0,0.0,Referral Recurrent,0.0,0.0,diagnosis_base,Baseline,base,referral_transfer_cost_usd
233,1,0.0,0.0,Referral Recurrent,0.0,0.0,diagnosis_base,Baseline,base,referral_transfer_cost_usd
233,2,0.0,0.0,Referral Recurrent,0.0,0.0,diagnosis_base,Baseline,base,referral_transfer_cost_usd
233,3,0.0,0.0,Referral Recurrent,0.0,0.0,diagnosis_base,Baseline,base,referral_transfer_cost_usd
233,4,0.0,0.0,Referral Recurrent,0.0,0.0,diagnosis_base,Baseline,base,referral_transfer_cost_usd
233,5,0.0,0.0,Referral Recurrent,0.0,0.0,diagnosis_base,Baseline,base,referral_transfer_cost_usd
233,6,0.0,0.0,Referral Recurrent,0.0,0.0,diagnosis_base,Baseline,base,referral_transfer_cost_usd
233,7,0.0,0.0,Referral Recurrent,0.0,0.0,diagnosis_base,Baseline,base,referral_transfer_cost_usd
233,8,0.0,0.0,Referral Recurrent,0.0,0.0,diagnosis_base,Baseline,base,referral_transfer_cost_usd
233,9,0.0,0.0,Referral Recurrent,0.0,0.0,diagnosis_base,Baseline,base,referral_transfer_cost_usd
233,10,0.0,0.0,Referral Recurrent,0.0,0.0,diagnosis_base,Baseline,base,referral_transfer_cost_usd
234,1,0.0,0.0,Referral Recurrent,0.0,0.0,diagnosis_base,Baseline,base,referral_transfer_cost_usd
234,2,0.0,0.0,Referral Recurrent,0.0,0.0,diagnosis_base,Baseline,base,referral_transfer_cost_usd
234,3,0.0,0.0,Referral Recurrent,0.0,0.0,diagnosis_base,Baseline,base,referral_transfer_cost_usd
234,4,0.0,0.0,Referral Recurrent,0.0,0.0,diagnosis_base,Baseline,base,referral_transfer_cost_usd
234,5,0.0,0.0,Referral Recurrent,0.0,0.0,diagnosis_base,Baseline,base,referral_transfer_cost_usd
234,6,0.0,0.0,Referral Recurrent,0.0,0.0,diagnosis_base,Baseline,base,referral_transfer_cost_usd
234,7,0.0,0.0,Referral Recurrent,0.0,0.0,diagnosis_base,Baseline,base,referral_transfer_cost_usd
234,8,0.0,0.0,Referral Recurrent,0.0,0.0,diagnosis_base,Baseline,base,referral_transfer_cost_usd
234,9,0.0,0.0,Referral Recurrent,0.0,0.0,diagnosis_base,Baseline,base,referral_transfer_cost_usd
234,10,0.0,0.0,Referral Recurrent,0.0,0.0,diagnosis_base,Baseline,base,referral_transfer_cost_usd
235,1,0.0,0.0,Referral Recurrent,0.0,0.0,diagnosis_base,Baseline,base,referral_transfer_cost_usd
235,2,0.0,0.0,Referral Recurrent,0.0,0.0,diagnosis_base,Baseline,base,referral_transfer_cost_usd
235,3,0.0,0.0,Referral Recurrent,0.0,0.0,diagnosis_base,Baseline,base,referral_transfer_cost_usd
235,4,0.0,0.0,Referral Recurrent,0.0,0.0,diagnosis_base,Baseline,base,referral_transfer_cost_usd
235,5,0.0,0.0,Referral Recurrent,0.0,0.0,diagnosis_base,Baseline,base,referral_transfer_cost_usd
235,6,0.0,0.0,Referral Recurrent,0.0,0.0,diagnosis_base,Baseline,base,referral_transfer_cost_usd
235,7,0.0,0.0,Referral Recurrent,0.0,0.0,diagnosis_base,Baseline,base,referral_transfer_cost_usd
235,8,0.0,0.0,Referral Recurrent,0.0,0.0,diagnosis_base,Baseline,base,referral_transfer_cost_usd
235,9,0.0,0.0,Referral Recurrent,0.0,0.0,diagnosis_base,Baseline,base,referral_transfer_cost_usd
235,10,0.0,0.0,Referral Recurrent,0.0,0.0,diagnosis_base,Baseline,base,referral_transfer_cost_usd
236,1,0.0,0.0,Referral Recurrent,0.0,0.0,diagnosis_base,Baseline,base,referral_transfer_cost_usd
236,2,0.0,0.0,Referral Recurrent,0.0,0.0,diagnosis_base,Baseline,base,referral_transfer_cost_usd
236,3,0.0,0.0,Referral Recurrent,0.0,0.0,diagnosis_base,Baseline,base,referral_transfer_cost_usd
236,4,0.0,0.0,Referral Recurrent,0.0,0.0,diagnosis_base,Baseline,base,referral_transfer_cost_usd
236,5,0.0,0.0,Referral Recurrent,0.0,0.0,diagnosis_base,Baseline,base,referral_transfer_cost_usd
236,6,0.0,0.0,Referral Recurrent,0.0,0.0,diagnosis_base,Baseline,base,referral_transfer_cost_usd
236,7,0.0,0.0,Referral Recurrent,0.0,0.0,diagnosis_base,Baseline,base,referral_transfer_cost_usd
236,8,0.0,0.0,Referral Recurrent,0.0,0.0,diagnosis_base,Baseline,base,referral_transfer_cost_usd
236,9,0.0,0.0,Referral Recurrent,0.0,0.0,diagnosis_base,Baseline,base,referral_transfer_cost_usd
236,10,0.0,0.0,Referral Recurrent,0.0,0.0,diagnosis_base,Baseline,base,referral_transfer_cost_usd
237,1,0.0,0.0,Referral Recurrent,0.0,0.0,diagnosis_base,Baseline,base,referral_transfer_cost_usd
237,2,0.0,0.0,Referral Recurrent,0.0,0.0,diagnosis_base,Baseline,base,referral_transfer_cost_usd
237,3,0.0,0.0,Referral Recurrent,0.0,0.0,diagnosis_base,Baseline,base,referral_transfer_cost_usd
237,4,0.0,0.0,Referral Recurrent,0.0,0.0,diagnosis_base,Baseline,base,referral_transfer_cost_usd
237,5,0.0,0.0,Referral Recurrent,0.0,0.0,diagnosis_base,Baseline,base,referral_transfer_cost_usd
237,6,0.0,0.0,Referral Recurrent,0.0,0.0,diagnosis_base,Baseline,base,referral_transfer_cost_usd
237,7,0.0,0.0,Referral Recurrent,0.0,0.0,diagnosis_base,Baseline,base,referral_transfer_cost_usd
237,8,0.0,0.0,Referral Recurrent,0.0,0.0,diagnosis_base,Baseline,base,referral_transfer_cost_usd
237,9,0.0,0.0,Referral Recurrent,0.0,0.0,diagnosis_base,Baseline,base,referral_transfer_cost_usd
237,10,0.0,0.0,Referral Recurrent,0.0,0.0,diagnosis_base,Baseline,base,referral_transfer_cost_usd
238,1,0.0,0.0,Referral Recurrent,0.0,0.0,diagnosis_base,Baseline,base,referral_transfer_cost_usd
238,2,0.0,0.0,Referral Recurrent,0.0,0.0,diagnosis_base,Baseline,base,referral_transfer_cost_usd
238,3,0.0,0.0,Referral Recurrent,0.0,0.0,diagnosis_base,Baseline,base,referral_transfer_cost_usd
238,4,0.0,0.0,Referral Recurrent,0.0,0.0,diagnosis_base,Baseline,base,referral_transfer_cost_usd
238,5,0.0,0.0,Referral Recurrent,0.0,0.0,diagnosis_base,Baseline,base,referral_transfer_cost_usd
238,6,0.0,0.0,Referral Recurrent,0.0,0.0,diagnosis_base,Baseline,base,referral_transfer_cost_usd
238,7,0.0,0.0,Referral Recurrent,0.0,0.0,diagnosis_base,Baseline,base,referral_transfer_cost_usd
238,8,0.0,0.0,Referral Recurrent,0.0,0.0,diagnosis_base,Baseline,base,referral_transfer_cost_usd
238,9,0.0,0.0,Referral Recurrent,0.0,0.0,diagnosis_base,Baseline,base,referral_transfer_cost_usd
238,10,0.0,0.0,Referral Recurrent,0.0,0.0,diagnosis_base,Baseline,base,referral_transfer_cost_usd
239,1,0.0,0.0,Referral Recurrent,0.0,0.0,diagnosis_base,Baseline,base,referral_transfer_cost_usd
239,2,0.0,0.0,Referral Recurrent,0.0,0.0,diagnosis_base,Baseline,base,referral_transfer_cost_usd
239,3,0.0,0.0,Referral Recurrent,0.0,0.0,diagnosis_base,Baseline,base,referral_transfer_cost_usd
239,4,0.0,0.0,Referral Recurrent,0.0,0.0,diagnosis_base,Baseline,base,referral_transfer_cost_usd
239,5,0.0,0.0,Referral Recurrent,0.0,0.0,diagnosis_base,Baseline,base,referral_transfer_cost_usd
239,6,0.0,0.0,Referral Recurrent,0.0,0.0,diagnosis_base,Baseline,base,referral_transfer_cost_usd
239,7,0.0,0.0,Referral Recurrent,0.0,0.0,diagnosis_base,Baseline,base,referral_transfer_cost_usd
239,8,0.0,0.0,Referral Recurrent,0.0,0.0,diagnosis_base,Baseline,base,referral_transfer_cost_usd
239,9,0.0,0.0,Referral Recurrent,0.0,0.0,diagnosis_base,Baseline,base,referral_transfer_cost_usd
239,10,0.0,0.0,Referral Recurrent,0.0,0.0,diagnosis_base,Baseline,base,referral_transfer_cost_usd
240,1,0.0,0.0,Referral Recurrent,0.0,0.0,diagnosis_base,Baseline,base,referral_transfer_cost_usd
240,2,0.0,0.0,Referral Recurrent,0.0,0.0,diagnosis_base,Baseline,base,referral_transfer_cost_usd
240,3,0.0,0.0,Referral Recurrent,0.0,0.0,diagnosis_base,Baseline,base,referral_transfer_cost_usd
240,4,0.0,0.0,Referral Recurrent,0.0,0.0,diagnosis_base,Baseline,base,referral_transfer_cost_usd
240,5,0.0,0.0,Referral Recurrent,0.0,0.0,diagnosis_base,Baseline,base,referral_transfer_cost_usd
240,6,0.0,0.0,Referral Recurrent,0.0,0.0,diagnosis_base,Baseline,base,referral_transfer_cost_usd
240,7,0.0,0.0,Referral Recurrent,0.0,0.0,diagnosis_base,Baseline,base,referral_transfer_cost_usd
240,8,0.0,0.0,Referral Recurrent,0.0,0.0,diagnosis_base,Baseline,base,referral_transfer_cost_usd
240,9,0.0,0.0,Referral Recurrent,0.0,0.0,diagnosis_base,Baseline,base,referral_transfer_cost_usd
240,10,0.0,0.0,Referral Recurrent,0.0,0.0,diagnosis_base,Baseline,base,referral_transfer_cost_usd
241,1,0.0,0.0,Referral Recurrent,0.0,0.0,diagnosis_base,Baseline,base,referral_transfer_cost_usd
241,2,0.0,0.0,Referral Recurrent,0.0,0.0,diagnosis_base,Baseline,base,referral_transfer_cost_usd
241,3,0.0,0.0,Referral Recurrent,0.0,0.0,diagnosis_base,Baseline,base,referral_transfer_cost_usd
241,4,0.0,0.0,Referral Recurrent,0.0,0.0,diagnosis_base,Baseline,base,referral_transfer_cost_usd
241,5,0.0,0.0,Referral Recurrent,0.0,0.0,diagnosis_base,Baseline,base,referral_transfer_cost_usd
241,6,0.0,0.0,Referral Recurrent,0.0,0.0,diagnosis_base,Baseline,base,referral_transfer_cost_usd
241,7,0.0,0.0,Referral Recurrent,0.0,0.0,diagnosis_base,Baseline,base,referral_transfer_cost_usd
241,8,0.0,0.0,Referral Recurrent,0.0,0.0,diagnosis_base,Baseline,base,referral_transfer_cost_usd
241,9,0.0,0.0,Referral Recurrent,0.0,0.0,diagnosis_base,Baseline,base,referral_transfer_cost_usd
241,10,0.0,0.0,Referral Recurrent,0.0,0.0,diagnosis_base,Baseline,base,referral_transfer_cost_usd
242,1,0.0,0.0,Referral Recurrent,0.0,0.0,diagnosis_base,Baseline,base,referral_transfer_cost_usd
242,2,0.0,0.0,Referral Recurrent,0.0,0.0,diagnosis_base,Baseline,base,referral_transfer_cost_usd
242,3,0.0,0.0,Referral Recurrent,0.0,0.0,diagnosis_base,Baseline,base,referral_transfer_cost_usd
242,4,0.0,0.0,Referral Recurrent,0.0,0.0,diagnosis_base,Baseline,base,referral_transfer_cost_usd
242,5,0.0,0.0,Referral Recurrent,0.0,0.0,diagnosis_base,Baseline,base,referral_transfer_cost_usd
242,6,0.0,0.0,Referral Recurrent,0.0,0.0,diagnosis_base,Baseline,base,referral_transfer_cost_usd
242,7,0.0,0.0,Referral Recurrent,0.0,0.0,diagnosis_base,Baseline,base,referral_transfer_cost_usd
242,8,0.0,0.0,Referral Recurrent,0.0,0.0,diagnosis_base,Baseline,base,referral_transfer_cost_usd
242,9,0.0,0.0,Referral Recurrent,0.0,0.0,diagnosis_base,Baseline,base,referral_transfer_cost_usd
242,10,0.0,0.0,Referral Recurrent,0.0,0.0,diagnosis_base,Baseline,base,referral_transfer_cost_usd
243,1,0.0,0.0,Referral Recurrent,0.0,0.0,diagnosis_base,Baseline,base,referral_transfer_cost_usd
243,2,0.0,0.0,Referral Recurrent,0.0,0.0,diagnosis_base,Baseline,base,referral_transfer_cost_usd
243,3,0.0,0.0,Referral Recurrent,0.0,0.0,diagnosis_base,Baseline,base,referral_transfer_cost_usd
243,4,0.0,0.0,Referral Recurrent,0.0,0.0,diagnosis_base,Baseline,base,referral_transfer_cost_usd
243,5,0.0,0.0,Referral Recurrent,0.0,0.0,diagnosis_base,Baseline,base,referral_transfer_cost_usd
243,6,0.0,0.0,Referral Recurrent,0.0,0.0,diagnosis_base,Baseline,base,referral_transfer_cost_usd
243,7,0.0,0.0,Referral Recurrent,0.0,0.0,diagnosis_base,Baseline,base,referral_transfer_cost_usd
243,8,0.0,0.0,Referral Recurrent,0.0,0.0,diagnosis_base,Baseline,base,referral_transfer_cost_usd
243,9,0.0,0.0,Referral Recurrent,0.0,0.0,diagnosis_base,Baseline,base,referral_transfer_cost_usd
243,10,0.0,0.0,Referral Recurrent,0.0,0.0,diagnosis_base,Baseline,base,referral_transfer_cost_usd
244,1,0.0,0.0,Referral Recurrent,0.0,0.0,diagnosis_base,Baseline,base,referral_transfer_cost_usd
244,2,0.0,0.0,Referral Recurrent,0.0,0.0,diagnosis_base,Baseline,base,referral_transfer_cost_usd
244,3,0.0,0.0,Referral Recurrent,0.0,0.0,diagnosis_base,Baseline,base,referral_transfer_cost_usd
244,4,0.0,0.0,Referral Recurrent,0.0,0.0,diagnosis_base,Baseline,base,referral_transfer_cost_usd
244,5,0.0,0.0,Referral Recurrent,0.0,0.0,diagnosis_base,Baseline,base,referral_transfer_cost_usd
244,6,0.0,0.0,Referral Recurrent,0.0,0.0,diagnosis_base,Baseline,base,referral_transfer_cost_usd
244,7,0.0,0.0,Referral Recurrent,0.0,0.0,diagnosis_base,Baseline,base,referral_transfer_cost_usd
244,8,0.0,0.0,Referral Recurrent,0.0,0.0,diagnosis_base,Baseline,base,referral_transfer_cost_usd
244,9,0.0,0.0,Referral Recurrent,0.0,0.0,diagnosis_base,Baseline,base,referral_transfer_cost_usd
244,10,0.0,0.0,Referral Recurrent,0.0,0.0,diagnosis_base,Baseline,base,referral_transfer_cost_usd
245,1,0.0,0.0,Referral Recurrent,0.0,0.0,diagnosis_base,Baseline,base,referral_transfer_cost_usd
245,2,0.0,0.0,Referral Recurrent,0.0,0.0,diagnosis_base,Baseline,base,referral_transfer_cost_usd
245,3,0.0,0.0,Referral Recurrent,0.0,0.0,diagnosis_base,Baseline,base,referral_transfer_cost_usd
245,4,0.0,0.0,Referral Recurrent,0.0,0.0,diagnosis_base,Baseline,base,referral_transfer_cost_usd
245,5,0.0,0.0,Referral Recurrent,0.0,0.0,diagnosis_base,Baseline,base,referral_transfer_cost_usd
245,6,0.0,0.0,Referral Recurrent,0.0,0.0,diagnosis_base,Baseline,base,referral_transfer_cost_usd
245,7,0.0,0.0,Referral Recurrent,0.0,0.0,diagnosis_base,Baseline,base,referral_transfer_cost_usd
245,8,0.0,0.0,Referral Recurrent,0.0,0.0,diagnosis_base,Baseline,base,referral_transfer_cost_usd
245,9,0.0,0.0,Referral Recurrent,0.0,0.0,diagnosis_base,Baseline,base,referral_transfer_cost_usd
245,10,0.0,0.0,Referral Recurrent,0.0,0.0,diagnosis_base,Baseline,base,referral_transfer_cost_usd
246,1,0.0,0.0,Referral Recurrent,0.0,0.0,diagnosis_base,Baseline,base,referral_transfer_cost_usd
246,2,0.0,0.0,Referral Recurrent,0.0,0.0,diagnosis_base,Baseline,base,referral_transfer_cost_usd
246,3,0.0,0.0,Referral Recurrent,0.0,0.0,diagnosis_base,Baseline,base,referral_transfer_cost_usd
246,4,0.0,0.0,Referral Recurrent,0.0,0.0,diagnosis_base,Baseline,base,referral_transfer_cost_usd
246,5,0.0,0.0,Referral Recurrent,0.0,0.0,diagnosis_base,Baseline,base,referral_transfer_cost_usd
246,6,0.0,0.0,Referral Recurrent,0.0,0.0,diagnosis_base,Baseline,base,referral_transfer_cost_usd
246,7,0.0,0.0,Referral Recurrent,0.0,0.0,diagnosis_base,Baseline,base,referral_transfer_cost_usd
246,8,0.0,0.0,Referral Recurrent,0.0,0.0,diagnosis_base,Baseline,base,referral_transfer_cost_usd
246,9,0.0,0.0,Referral Recurrent,0.0,0.0,diagnosis_base,Baseline,base,referral_transfer_cost_usd
246,10,0.0,0.0,Referral Recurrent,0.0,0.0,diagnosis_base,Baseline,base,referral_transfer_cost_usd
247,1,0.0,0.0,Referral Recurrent,0.0,0.0,diagnosis_base,Baseline,base,referral_transfer_cost_usd
247,2,0.0,0.0,Referral Recurrent,0.0,0.0,diagnosis_base,Baseline,base,referral_transfer_cost_usd
247,3,0.0,0.0,Referral Recurrent,0.0,0.0,diagnosis_base,Baseline,base,referral_transfer_cost_usd
247,4,0.0,0.0,Referral Recurrent,0.0,0.0,diagnosis_base,Baseline,base,referral_transfer_cost_usd
247,5,0.0,0.0,Referral Recurrent,0.0,0.0,diagnosis_base,Baseline,base,referral_transfer_cost_usd
247,6,0.0,0.0,Referral Recurrent,0.0,0.0,diagnosis_base,Baseline,base,referral_transfer_cost_usd
247,7,0.0,0.0,Referral Recurrent,0.0,0.0,diagnosis_base,Baseline,base,referral_transfer_cost_usd
247,8,0.0,0.0,Referral Recurrent,0.0,0.0,diagnosis_base,Baseline,base,referral_transfer_cost_usd
247,9,0.0,0.0,Referral Recurrent,0.0,0.0,diagnosis_base,Baseline,base,referral_transfer_cost_usd
247,10,0.0,0.0,Referral Recurrent,0.0,0.0,diagnosis_base,Baseline,base,referral_transfer_cost_usd
248,1,0.0,0.0,Referral Recurrent,0.0,0.0,diagnosis_base,Baseline,base,referral_transfer_cost_usd
248,2,0.0,0.0,Referral Recurrent,0.0,0.0,diagnosis_base,Baseline,base,referral_transfer_cost_usd
248,3,0.0,0.0,Referral Recurrent,0.0,0.0,diagnosis_base,Baseline,base,referral_transfer_cost_usd
248,4,0.0,0.0,Referral Recurrent,0.0,0.0,diagnosis_base,Baseline,base,referral_transfer_cost_usd
248,5,0.0,0.0,Referral Recurrent,0.0,0.0,diagnosis_base,Baseline,base,referral_transfer_cost_usd
248,6,0.0,0.0,Referral Recurrent,0.0,0.0,diagnosis_base,Baseline,base,referral_transfer_cost_usd
248,7,0.0,0.0,Referral Recurrent,0.0,0.0,diagnosis_base,Baseline,base,referral_transfer_cost_usd
248,8,0.0,0.0,Referral Recurrent,0.0,0.0,diagnosis_base,Baseline,base,referral_transfer_cost_usd
248,9,0.0,0.0,Referral Recurrent,0.0,0.0,diagnosis_base,Baseline,base,referral_transfer_cost_usd
248,10,0.0,0.0,Referral Recurrent,0.0,0.0,diagnosis_base,Baseline,base,referral_transfer_cost_usd
249,1,0.0,0.0,Referral Recurrent,0.0,0.0,diagnosis_base,Baseline,base,referral_transfer_cost_usd
249,2,0.0,0.0,Referral Recurrent,0.0,0.0,diagnosis_base,Baseline,base,referral_transfer_cost_usd
249,3,0.0,0.0,Referral Recurrent,0.0,0.0,diagnosis_base,Baseline,base,referral_transfer_cost_usd
249,4,0.0,0.0,Referral Recurrent,0.0,0.0,diagnosis_base,Baseline,base,referral_transfer_cost_usd
249,5,0.0,0.0,Referral Recurrent,0.0,0.0,diagnosis_base,Baseline,base,referral_transfer_cost_usd
249,6,0.0,0.0,Referral Recurrent,0.0,0.0,diagnosis_base,Baseline,base,referral_transfer_cost_usd
249,7,0.0,0.0,Referral Recurrent,0.0,0.0,diagnosis_base,Baseline,base,referral_transfer_cost_usd
249,8,0.0,0.0,Referral Recurrent,0.0,0.0,diagnosis_base,Baseline,base,referral_transfer_cost_usd
249,9,0.0,0.0,Referral Recurrent,0.0,0.0,diagnosis_base,Baseline,base,referral_transfer_cost_usd
249,10,0.0,0.0,Referral Recurrent,0.0,0.0,diagnosis_base,Baseline,base,referral_transfer_cost_usd
250,1,0.0,0.0,Referral Recurrent,0.0,0.0,diagnosis_base,Baseline,base,referral_transfer_cost_usd
250,2,0.0,0.0,Referral Recurrent,0.0,0.0,diagnosis_base,Baseline,base,referral_transfer_cost_usd
250,3,0.0,0.0,Referral Recurrent,0.0,0.0,diagnosis_base,Baseline,base,referral_transfer_cost_usd
250,4,0.0,0.0,Referral Recurrent,0.0,0.0,diagnosis_base,Baseline,base,referral_transfer_cost_usd
250,5,0.0,0.0,Referral Recurrent,0.0,0.0,diagnosis_base,Baseline,base,referral_transfer_cost_usd
250,6,0.0,0.0,Referral Recurrent,0.0,0.0,diagnosis_base,Baseline,base,referral_transfer_cost_usd
250,7,0.0,0.0,Referral Recurrent,0.0,0.0,diagnosis_base,Baseline,base,referral_transfer_cost_usd
250,8,0.0,0.0,Referral Recurrent,0.0,0.0,diagnosis_base,Baseline,base,referral_transfer_cost_usd
250,9,0.0,0.0,Referral Recurrent,0.0,0.0,diagnosis_base,Baseline,base,referral_transfer_cost_usd
250,10,0.0,0.0,Referral Recurrent,0.0,0.0,diagnosis_base,Baseline,base,referral_transfer_cost_usd
201,1,185920.8494208494,2818.0,Transfer Recurrent,185920.8494208494,5.0,diagnosis_base,Baseline,base,referral_transfer_cost_usd
201,2,188843.62934362932,2862.0,Transfer Recurrent,183343.3294598343,5.0,diagnosis_base,Baseline,base,referral_transfer_cost_usd
201,3,178700.7722007722,2708.0,Transfer Recurrent,168442.6168354908,5.0,diagnosis_base,Baseline,base,referral_transfer_cost_usd
201,4,181982.62548262547,2758.0,Transfer Recurrent,166539.88185761447,5.0,diagnosis_base,Baseline,base,referral_transfer_cost_usd
201,5,185986.48648648648,2819.0,Transfer Recurrent,165246.5843305895,5.0,diagnosis_base,Baseline,base,referral_transfer_cost_usd
201,6,181785.71428571426,2755.0,Transfer Recurrent,156809.95401840692,5.0,diagnosis_base,Baseline,base,referral_transfer_cost_usd
201,7,182096.5250965251,2760.0,Transfer Recurrent,152502.97296513972,5.0,diagnosis_base,Baseline,base,referral_transfer_cost_usd
201,8,186200.7722007722,2822.0,Transfer Recurrent,151398.26728202536,5.0,diagnosis_base,Baseline,base,referral_transfer_cost_usd
201,9,182490.34749034749,2766.0,Transfer Recurrent,144059.56548203924,5.0,diagnosis_base,Baseline,base,referral_transfer_cost_usd
201,10,182704.6332046332,2769.0,Transfer Recurrent,140027.88796473586,5.0,diagnosis_base,Baseline,base,referral_transfer_cost_usd
202,1,195131.2741312741,2957.0,Transfer Recurrent,195131.2741312741,6.0,diagnosis_base,Baseline,base,referral_transfer_cost_usd
202,2,198855.21235521234,3014.0,Transfer Recurrent,193063.31296622555,6.0,diagnosis_base,Baseline,base,referral_transfer_cost_usd
202,3,189040.54054054053,2865.0,Transfer Recurrent,178188.84017394716,5.0,diagnosis_base,Baseline,base,referral_transfer_cost_usd
202,4,191749.03474903473,2906.0,Transfer Recurrent,175477.5298395983,6.0,diagnosis_base,Baseline,base,referral_transfer_cost_usd
202,5,194536.67953667953,2949.0,Transfer Recurrent,172843.32011286478,6.0,diagnosis_base,Baseline,base,referral_transfer_cost_usd
202,6,192750.96525096524,2921.0,Transfer Recurrent,166268.67582400935,5.0,diagnosis_base,Baseline,base,referral_transfer_cost_usd
202,7,193731.6602316602,2937.0,Transfer Recurrent,162247.2154652022,6.0,diagnosis_base,Baseline,base,referral_transfer_cost_usd
202,8,192816.6023166023,2922.0,Transfer Recurrent,156777.54258969656,6.0,diagnosis_base,Baseline,base,referral_transfer_cost_usd
202,9,192025.0965250965,2911.0,Transfer Recurrent,151586.384416936,5.0,diagnosis_base,Baseline,base,referral_transfer_cost_usd
202,10,194702.7027027027,2951.0,Transfer Recurrent,149223.40918387802,5.0,diagnosis_base,Baseline,base,referral_transfer_cost_usd
203,1,190252.89575289574,2884.0,Transfer Recurrent,190252.89575289574,5.0,diagnosis_base,Baseline,base,referral_transfer_cost_usd
203,2,191140.92664092663,2897.0,Transfer Recurrent,185573.71518536564,5.0,diagnosis_base,Baseline,base,referral_transfer_cost_usd
203,3,185167.95366795367,2806.0,Transfer Recurrent,174538.5556300817,5.0,diagnosis_base,Baseline,base,referral_transfer_cost_usd
203,4,189679.53667953666,2875.0,Transfer Recurrent,173583.64594224968,5.0,diagnosis_base,Baseline,base,referral_transfer_cost_usd
203,5,190861.00386100385,2893.0,Transfer Recurrent,169577.5298826882,5.0,diagnosis_base,Baseline,base,referral_transfer_cost_usd
203,6,189648.64864864864,2874.0,Transfer Recurrent,163592.5902709102,5.0,diagnosis_base,Baseline,base,referral_transfer_cost_usd
203,7,186691.11969111967,2830.0,Transfer Recurrent,156350.87360395648,5.0,diagnosis_base,Baseline,base,referral_transfer_cost_usd
203,8,189714.28571428568,2875.0,Transfer Recurrent,154255.07529485333,5.0,diagnosis_base,Baseline,base,referral_transfer_cost_usd
203,9,187216.21621621618,2838.0,Transfer Recurrent,147790.2098943954,5.0,diagnosis_base,Baseline,base,referral_transfer_cost_usd
203,10,191683.39768339766,2905.0,Transfer Recurrent,146909.36329703353,5.0,diagnosis_base,Baseline,base,referral_transfer_cost_usd
204,1,188629.3436293436,2859.0,Transfer Recurrent,188629.3436293436,5.0,diagnosis_base,Baseline,base,referral_transfer_cost_usd
204,2,190550.19305019302,2888.0,Transfer Recurrent,185000.18742737186,6.0,diagnosis_base,Baseline,base,referral_transfer_cost_usd
204,3,187202.7027027027,2837.0,Transfer Recurrent,176456.50174635,5.0,diagnosis_base,Baseline,base,referral_transfer_cost_usd
204,4,186314.6718146718,2824.0,Transfer Recurrent,170504.3179263181,5.0,diagnosis_base,Baseline,base,referral_transfer_cost_usd
204,5,193569.49806949805,2934.0,Transfer Recurrent,171983.99190628994,5.0,diagnosis_base,Baseline,base,referral_transfer_cost_usd
204,6,188401.54440154438,2855.0,Transfer Recurrent,162516.82719231528,5.0,diagnosis_base,Baseline,base,referral_transfer_cost_usd
204,7,187627.4131274131,2844.0,Transfer Recurrent,157135.00461648847,5.0,diagnosis_base,Baseline,base,referral_transfer_cost_usd
204,8,193127.4131274131,2927.0,Transfer Recurrent,157030.26022160056,5.0,diagnosis_base,Baseline,base,referral_transfer_cost_usd
204,9,189119.6911196911,2867.0,Transfer Recurrent,149292.83056048333,5.0,diagnosis_base,Baseline,base,referral_transfer_cost_usd
204,10,188384.16988416985,2855.0,Transfer Recurrent,144380.7799078921,5.0,diagnosis_base,Baseline,base,referral_transfer_cost_usd
205,1,189745.17374517373,2876.0,Transfer Recurrent,189745.17374517373,5.0,diagnosis_base,Baseline,base,referral_transfer_cost_usd
205,2,188992.27799227796,2864.0,Transfer Recurrent,183487.6485361922,5.0,diagnosis_base,Baseline,base,referral_transfer_cost_usd
205,3,186415.0579150579,2825.0,Transfer Recurrent,175714.07099166547,5.0,diagnosis_base,Baseline,base,referral_transfer_cost_usd
205,4,184476.83397683396,2796.0,Transfer Recurrent,168822.43595777717,5.0,diagnosis_base,Baseline,base,referral_transfer_cost_usd
205,5,193521.2355212355,2933.0,Transfer Recurrent,171941.11125725927,6.0,diagnosis_base,Baseline,base,referral_transfer_cost_usd
205,6,187924.7104247104,2848.0,Transfer Recurrent,162105.50601520546,5.0,diagnosis_base,Baseline,base,referral_transfer_cost_usd
205,7,191714.28571428568,2906.0,Transfer Recurrent,160557.69606706625,5.0,diagnosis_base,Baseline,base,referral_transfer_cost_usd
205,8,187430.5019305019,2841.0,Transfer Recurrent,152398.15008651515,5.0,diagnosis_base,Baseline,base,referral_transfer_cost_usd
205,9,189137.06563706562,2867.0,Transfer Recurrent,149306.54616494055,5.0,diagnosis_base,Baseline,base,referral_transfer_cost_usd
205,10,184393.82239382237,2795.0,Transfer Recurrent,141322.51082342438,5.0,diagnosis_base,Baseline,base,referral_transfer_cost_usd
206,1,191583.01158301157,2904.0,Transfer Recurrent,191583.01158301157,5.0,diagnosis_base,Baseline,base,referral_transfer_cost_usd
206,2,189911.1969111969,2878.0,Transfer Recurrent,184379.80282640475,5.0,diagnosis_base,Baseline,base,referral_transfer_cost_usd
206,3,185675.67567567565,2814.0,Transfer Recurrent,175017.13231753762,5.0,diagnosis_base,Baseline,base,referral_transfer_cost_usd
206,4,186791.50579150577,2831.0,Transfer Recurrent,170940.68856311392,5.0,diagnosis_base,Baseline,base,referral_transfer_cost_usd
206,5,189565.63706563704,2873.0,Transfer Recurrent,168426.61326270472,6.0,diagnosis_base,Baseline,base,referral_transfer_cost_usd
206,6,188843.62934362932,2862.0,Transfer Recurrent,162898.17354680173,5.0,diagnosis_base,Baseline,base,referral_transfer_cost_usd
206,7,194422.7799227799,2947.0,Transfer Recurrent,162826.01732599904,5.0,diagnosis_base,Baseline,base,referral_transfer_cost_usd
206,8,189648.64864864864,2874.0,Transfer Recurrent,154201.7063539544,5.0,diagnosis_base,Baseline,base,referral_transfer_cost_usd
206,9,186839.7683397683,2832.0,Transfer Recurrent,147493.0384644896,5.0,diagnosis_base,Baseline,base,referral_transfer_cost_usd
206,10,181685.32818532817,2754.0,Transfer Recurrent,139246.67554257863,5.0,diagnosis_base,Baseline,base,referral_transfer_cost_usd
207,1,187924.7104247104,2848.0,Transfer Recurrent,187924.7104247104,5.0,diagnosis_base,Baseline,base,referral_transfer_cost_usd
207,2,185115.8301158301,2806.0,Transfer Recurrent,179724.1069085729,5.0,diagnosis_base,Baseline,base,referral_transfer_cost_usd
207,3,184100.3861003861,2790.0,Transfer Recurrent,173532.27080816863,5.0,diagnosis_base,Baseline,base,referral_transfer_cost_usd
207,4,182113.8996138996,2760.0,Transfer Recurrent,166660.0162839388,5.0,diagnosis_base,Baseline,base,referral_transfer_cost_usd
207,5,183129.3436293436,2776.0,Transfer Recurrent,162708.04990797327,5.0,diagnosis_base,Baseline,base,referral_transfer_cost_usd
207,6,186594.59459459456,2828.0,Transfer Recurrent,160958.1364158991,5.0,diagnosis_base,Baseline,base,referral_transfer_cost_usd
207,7,185658.30115830112,2814.0,Transfer Recurrent,155485.90434270984,5.0,diagnosis_base,Baseline,base,referral_transfer_cost_usd
207,8,186808.8803088803,2831.0,Transfer Recurrent,151892.71482270712,5.0,diagnosis_base,Baseline,base,referral_transfer_cost_usd
207,9,186135.13513513512,2821.0,Transfer Recurrent,146936.79450594794,5.0,diagnosis_base,Baseline,base,referral_transfer_cost_usd
207,10,176106.1776061776,2669.0,Transfer Recurrent,134970.721186453,5.0,diagnosis_base,Baseline,base,referral_transfer_cost_usd
208,1,205125.4826254826,3109.0,Transfer Recurrent,205125.4826254826,6.0,diagnosis_base,Baseline,base,referral_transfer_cost_usd
208,2,203812.7413127413,3089.0,Transfer Recurrent,197876.44787644787,6.0,diagnosis_base,Baseline,base,referral_transfer_cost_usd
208,3,203515.444015444,3085.0,Transfer Recurrent,191832.82497449714,6.0,diagnosis_base,Baseline,base,referral_transfer_cost_usd
208,4,205733.5907335907,3118.0,Transfer Recurrent,188275.37960862202,6.0,diagnosis_base,Baseline,base,referral_transfer_cost_usd
208,5,200907.33590733586,3045.0,Transfer Recurrent,178503.5657849145,6.0,diagnosis_base,Baseline,base,referral_transfer_cost_usd
208,6,205256.75675675672,3111.0,Transfer Recurrent,177056.28143258195,6.0,diagnosis_base,Baseline,base,referral_transfer_cost_usd
208,7,203138.9961389961,3079.0,Transfer Recurrent,170125.71118493087,6.0,diagnosis_base,Baseline,base,referral_transfer_cost_usd
208,8,204206.56370656367,3095.0,Transfer Recurrent,166038.6235104027,6.0,diagnosis_base,Baseline,base,referral_transfer_cost_usd
208,9,209277.99227799225,3172.0,Transfer Recurrent,165205.97964292756,6.0,diagnosis_base,Baseline,base,referral_transfer_cost_usd
208,10,194965.25096525095,2955.0,Transfer Recurrent,149424.63056534273,6.0,diagnosis_base,Baseline,base,referral_transfer_cost_usd
209,1,198658.30115830112,3011.0,Transfer Recurrent,198658.30115830112,5.0,diagnosis_base,Baseline,base,referral_transfer_cost_usd
209,2,191552.12355212352,2903.0,Transfer Recurrent,185972.93548749856,6.0,diagnosis_base,Baseline,base,referral_transfer_cost_usd
209,3,197214.28571428568,2989.0,Transfer Recurrent,185893.3789370211,6.0,diagnosis_base,Baseline,base,referral_transfer_cost_usd
209,4,197065.63706563704,2987.0,Transfer Recurrent,180342.97410573458,5.0,diagnosis_base,Baseline,base,referral_transfer_cost_usd
209,5,192650.57915057914,2920.0,Transfer Recurrent,171167.5443487458,6.0,diagnosis_base,Baseline,base,referral_transfer_cost_usd
209,6,195998.06949806947,2971.0,Transfer Recurrent,169069.65647137258,5.0,diagnosis_base,Baseline,base,referral_transfer_cost_usd
209,7,197835.9073359073,2999.0,Transfer Recurrent,165684.45780054864,5.0,diagnosis_base,Baseline,base,referral_transfer_cost_usd
209,8,195621.6216216216,2965.0,Transfer Recurrent,159058.27997576195,5.0,diagnosis_base,Baseline,base,referral_transfer_cost_usd
209,9,200461.3899613899,3039.0,Transfer Recurrent,158246.07235892804,5.0,diagnosis_base,Baseline,base,referral_transfer_cost_usd
209,10,181357.14285714284,2749.0,Transfer Recurrent,138995.1488157477,5.0,diagnosis_base,Baseline,base,referral_transfer_cost_usd
210,1,188007.72200772198,2849.0,Transfer Recurrent,188007.72200772198,5.0,diagnosis_base,Baseline,base,referral_transfer_cost_usd
210,2,180521.2355212355,2736.0,Transfer Recurrent,175263.3354575102,5.0,diagnosis_base,Baseline,base,referral_transfer_cost_usd
210,3,183837.8378378378,2786.0,Transfer Recurrent,173284.79388994045,5.0,diagnosis_base,Baseline,base,referral_transfer_cost_usd
210,4,184673.74517374515,2799.0,Transfer Recurrent,169002.63759726367,5.0,diagnosis_base,Baseline,base,referral_transfer_cost_usd
210,5,183212.3552123552,2777.0,Transfer Recurrent,162781.80462430604,5.0,diagnosis_base,Baseline,base,referral_transfer_cost_usd
210,6,184805.0193050193,2801.0,Transfer Recurrent,159414.43305079464,5.0,diagnosis_base,Baseline,base,referral_transfer_cost_usd
210,7,185544.40154440154,2812.0,Transfer Recurrent,155390.5152092266,5.0,diagnosis_base,Baseline,base,referral_transfer_cost_usd
210,8,182949.80694980692,2773.0,Transfer Recurrent,148754.9350327933,5.0,diagnosis_base,Baseline,base,referral_transfer_cost_usd
210,9,189106.17760617757,2866.0,Transfer Recurrent,149282.16286812772,5.0,diagnosis_base,Baseline,base,referral_transfer_cost_usd
210,10,174119.6911196911,2639.0,Transfer Recurrent,133448.24470463523,5.0,diagnosis_base,Baseline,base,referral_transfer_cost_usd
211,1,191403.47490347488,2901.0,Transfer Recurrent,191403.47490347488,5.0,diagnosis_base,Baseline,base,referral_transfer_cost_usd
211,2,186200.7722007722,2822.0,Transfer Recurrent,180777.44873861378,5.0,diagnosis_base,Baseline,base,referral_transfer_cost_usd
211,3,189040.54054054053,2865.0,Transfer Recurrent,178188.84017394716,5.0,diagnosis_base,Baseline,base,referral_transfer_cost_usd
211,4,187430.5019305019,2841.0,Transfer Recurrent,171525.46055007508,5.0,diagnosis_base,Baseline,base,referral_transfer_cost_usd
211,5,189451.73745173743,2871.0,Transfer Recurrent,168325.41493099232,5.0,diagnosis_base,Baseline,base,referral_transfer_cost_usd
211,6,188480.69498069494,2857.0,Transfer Recurrent,162585.10317717964,5.0,diagnosis_base,Baseline,base,referral_transfer_cost_usd
211,7,192208.49420849417,2913.0,Transfer Recurrent,160971.5879004852,5.0,diagnosis_base,Baseline,base,referral_transfer_cost_usd
211,8,186297.29729729728,2824.0,Transfer Recurrent,151476.75101864152,5.0,diagnosis_base,Baseline,base,referral_transfer_cost_usd
211,9,195276.06177606175,2960.0,Transfer Recurrent,154152.72640648167,5.0,diagnosis_base,Baseline,base,referral_transfer_cost_usd
211,10,181094.5945945946,2745.0,Transfer Recurrent,138793.927434283,5.0,diagnosis_base,Baseline,base,referral_transfer_cost_usd
212,1,192733.5907335907,2921.0,Transfer Recurrent,192733.5907335907,5.0,diagnosis_base,Baseline,base,referral_transfer_cost_usd
212,2,186743.24324324323,2830.0,Transfer Recurrent,181304.1196536342,5.0,diagnosis_base,Baseline,base,referral_transfer_cost_usd
212,3,188581.08108108107,2858.0,Transfer Recurrent,177755.75556704786,5.0,diagnosis_base,Baseline,base,referral_transfer_cost_usd
212,4,187627.4131274131,2844.0,Transfer Recurrent,171705.6621895616,5.0,diagnosis_base,Baseline,base,referral_transfer_cost_usd
212,5,190370.65637065636,2885.0,Transfer Recurrent,169141.86248853648,5.0,diagnosis_base,Baseline,base,referral_transfer_cost_usd
212,6,187627.4131274131,2844.0,Transfer Recurrent,161849.05475498314,5.0,diagnosis_base,Baseline,base,referral_transfer_cost_usd
212,7,190501.93050193047,2887.0,Transfer Recurrent,159542.3676632104,5.0,diagnosis_base,Baseline,base,referral_transfer_cost_usd
212,8,187019.305019305,2835.0,Transfer Recurrent,152063.80936853035,5.0,diagnosis_base,Baseline,base,referral_transfer_cost_usd
212,9,192108.10810810808,2912.0,Transfer Recurrent,151651.91452712033,5.0,diagnosis_base,Baseline,base,referral_transfer_cost_usd
212,10,181291.50579150577,2748.0,Transfer Recurrent,138944.84347038151,5.0,diagnosis_base,Baseline,base,referral_transfer_cost_usd
213,1,188169.88416988414,2852.0,Transfer Recurrent,188169.88416988414,5.0,diagnosis_base,Baseline,base,referral_transfer_cost_usd
213,2,178880.30888030888,2711.0,Transfer Recurrent,173670.2027964164,5.0,diagnosis_base,Baseline,base,referral_transfer_cost_usd
213,3,180766.40926640926,2740.0,Transfer Recurrent,170389.67788331537,5.0,diagnosis_base,Baseline,base,referral_transfer_cost_usd
213,4,185247.10424710423,2808.0,Transfer Recurrent,169527.3423710627,5.0,diagnosis_base,Baseline,base,referral_transfer_cost_usd
213,5,180766.40926640926,2740.0,Transfer Recurrent,160608.61333143117,5.0,diagnosis_base,Baseline,base,referral_transfer_cost_usd
213,6,180766.40926640926,2740.0,Transfer Recurrent,155930.69255478756,5.0,diagnosis_base,Baseline,base,referral_transfer_cost_usd
213,7,186349.42084942083,2824.0,Transfer Recurrent,156064.70620350668,5.0,diagnosis_base,Baseline,base,referral_transfer_cost_usd
213,8,182162.16216216213,2761.0,Transfer Recurrent,148114.50774200546,5.0,diagnosis_base,Baseline,base,referral_transfer_cost_usd
213,9,181391.89189189186,2749.0,Transfer Recurrent,143192.43448913452,5.0,diagnosis_base,Baseline,base,referral_transfer_cost_usd
213,10,177108.10810810808,2684.0,Transfer Recurrent,135738.61748777796,5.0,diagnosis_base,Baseline,base,referral_transfer_cost_usd
214,1,191009.6525096525,2895.0,Transfer Recurrent,191009.6525096525,5.0,diagnosis_base,Baseline,base,referral_transfer_cost_usd
214,2,182196.91119691118,2761.0,Transfer Recurrent,176890.20504554483,5.0,diagnosis_base,Baseline,base,referral_transfer_cost_usd
214,3,184034.74903474902,2789.0,Transfer Recurrent,173470.40157861158,5.0,diagnosis_base,Baseline,base,referral_transfer_cost_usd
214,4,188021.2355212355,2850.0,Transfer Recurrent,172066.06546853468,6.0,diagnosis_base,Baseline,base,referral_transfer_cost_usd
214,5,186546.33204633204,2827.0,Transfer Recurrent,165743.9998593454,5.0,diagnosis_base,Baseline,base,referral_transfer_cost_usd
214,6,185903.47490347488,2818.0,Transfer Recurrent,160361.9704992784,5.0,diagnosis_base,Baseline,base,referral_transfer_cost_usd
214,7,187679.53667953666,2844.0,Transfer Recurrent,157178.65727079439,5.0,diagnosis_base,Baseline,base,referral_transfer_cost_usd
214,8,185640.92664092663,2814.0,Transfer Recurrent,150943.06160965166,5.0,diagnosis_base,Baseline,base,referral_transfer_cost_usd
214,9,187907.3359073359,2848.0,Transfer Recurrent,148335.7861605815,5.0,diagnosis_base,Baseline,base,referral_transfer_cost_usd
214,10,180915.0579150579,2742.0,Transfer Recurrent,138656.32751901666,5.0,diagnosis_base,Baseline,base,referral_transfer_cost_usd
215,1,182210.42471042468,2762.0,Transfer Recurrent,182210.42471042468,5.0,diagnosis_base,Baseline,base,referral_transfer_cost_usd
215,2,176648.64864864864,2677.0,Transfer Recurrent,171503.54237732876,5.0,diagnosis_base,Baseline,base,referral_transfer_cost_usd
215,3,180586.87258687257,2737.0,Transfer Recurrent,170220.44734364463,5.0,diagnosis_base,Baseline,base,referral_transfer_cost_usd
215,4,183999.99999999997,2789.0,Transfer Recurrent,168386.06532098135,5.0,diagnosis_base,Baseline,base,referral_transfer_cost_usd
215,5,180897.68339768337,2742.0,Transfer Recurrent,160725.24869679462,5.0,diagnosis_base,Baseline,base,referral_transfer_cost_usd
215,6,180455.59845559843,2735.0,Transfer Recurrent,155662.58441910057,5.0,diagnosis_base,Baseline,base,referral_transfer_cost_usd
215,7,180635.13513513512,2738.0,Transfer Recurrent,151279.08187960007,5.0,diagnosis_base,Baseline,base,referral_transfer_cost_usd
215,8,179781.85328185325,2725.0,Transfer Recurrent,146179.09879705112,5.0,diagnosis_base,Baseline,base,referral_transfer_cost_usd
215,9,180455.59845559843,2735.0,Transfer Recurrent,142453.31580449696,5.0,diagnosis_base,Baseline,base,referral_transfer_cost_usd
215,10,172675.67567567565,2617.0,Transfer Recurrent,132341.5271065792,5.0,diagnosis_base,Baseline,base,referral_transfer_cost_usd
216,1,188974.90347490346,2864.0,Transfer Recurrent,188974.90347490346,5.0,diagnosis_base,Baseline,base,referral_transfer_cost_usd
216,2,184445.94594594592,2795.0,Transfer Recurrent,179073.73392810283,5.0,diagnosis_base,Baseline,base,referral_transfer_cost_usd
216,3,185789.57528957527,2816.0,Transfer Recurrent,175124.4936276513,5.0,diagnosis_base,Baseline,base,referral_transfer_cost_usd
216,4,192339.7683397683,2915.0,Transfer Recurrent,176018.1347580579,6.0,diagnosis_base,Baseline,base,referral_transfer_cost_usd
216,5,188861.00386100385,2862.0,Transfer Recurrent,167800.5557868568,5.0,diagnosis_base,Baseline,base,referral_transfer_cost_usd
216,6,187758.68725868722,2846.0,Transfer Recurrent,161962.2929737826,5.0,diagnosis_base,Baseline,base,referral_transfer_cost_usd
216,7,190239.38223938222,2883.0,Transfer Recurrent,159322.4876267066,5.0,diagnosis_base,Baseline,base,referral_transfer_cost_usd
216,8,188594.59459459456,2859.0,Transfer Recurrent,153344.66395010595,5.0,diagnosis_base,Baseline,base,referral_transfer_cost_usd
216,9,185723.9382239382,2815.0,Transfer Recurrent,146612.19186712772,5.0,diagnosis_base,Baseline,base,referral_transfer_cost_usd
216,10,180652.50965250965,2738.0,Transfer Recurrent,138455.10613755192,5.0,diagnosis_base,Baseline,base,referral_transfer_cost_usd
217,1,192225.8687258687,2913.0,Transfer Recurrent,192225.8687258687,5.0,diagnosis_base,Baseline,base,referral_transfer_cost_usd
217,2,189828.1853281853,2877.0,Transfer Recurrent,184299.20905649057,5.0,diagnosis_base,Baseline,base,referral_transfer_cost_usd
217,3,186463.32046332044,2826.0,Transfer Recurrent,175759.5630722221,5.0,diagnosis_base,Baseline,base,referral_transfer_cost_usd
217,4,194833.9768339768,2953.0,Transfer Recurrent,178300.6888582206,6.0,diagnosis_base,Baseline,base,referral_transfer_cost_usd
217,5,190812.7413127413,2892.0,Transfer Recurrent,169534.64923365752,5.0,diagnosis_base,Baseline,base,referral_transfer_cost_usd
217,6,193617.7606177606,2935.0,Transfer Recurrent,167016.3811216705,5.0,diagnosis_base,Baseline,base,referral_transfer_cost_usd
217,7,190830.1158301158,2892.0,Transfer Recurrent,159817.21770884018,5.0,diagnosis_base,Baseline,base,referral_transfer_cost_usd
217,8,191171.81467181465,2898.0,Transfer Recurrent,155440.17971775727,5.0,diagnosis_base,Baseline,base,referral_transfer_cost_usd
217,9,186231.6602316602,2823.0,Transfer Recurrent,147012.99230848788,5.0,diagnosis_base,Baseline,base,referral_transfer_cost_usd
217,10,186857.14285714284,2832.0,Transfer Recurrent,143210.44084363765,5.0,diagnosis_base,Baseline,base,referral_transfer_cost_usd
218,1,200202.70270270266,3034.0,Transfer Recurrent,200202.70270270266,6.0,diagnosis_base,Baseline,base,referral_transfer_cost_usd
218,2,196754.82625482624,2982.0,Transfer Recurrent,191024.10316002546,6.0,diagnosis_base,Baseline,base,referral_transfer_cost_usd
218,3,197608.10810810808,2995.0,Transfer Recurrent,186264.59431436335,5.0,diagnosis_base,Baseline,base,referral_transfer_cost_usd
218,4,197739.38223938222,2997.0,Transfer Recurrent,180959.54638201694,6.0,diagnosis_base,Baseline,base,referral_transfer_cost_usd
218,5,198723.9382239382,3012.0,Transfer Recurrent,176563.64522276656,5.0,diagnosis_base,Baseline,base,referral_transfer_cost_usd
218,6,205239.38223938222,3111.0,Transfer Recurrent,177041.29402127027,6.0,diagnosis_base,Baseline,base,referral_transfer_cost_usd
218,7,198789.57528957527,3013.0,Transfer Recurrent,166483.13969784926,6.0,diagnosis_base,Baseline,base,referral_transfer_cost_usd
218,8,198115.8301158301,3003.0,Transfer Recurrent,161086.29972992337,5.0,diagnosis_base,Baseline,base,referral_transfer_cost_usd
218,9,190401.54440154438,2886.0,Transfer Recurrent,150304.73737821393,6.0,diagnosis_base,Baseline,base,referral_transfer_cost_usd
218,10,195604.24710424707,2965.0,Transfer Recurrent,149914.36789817235,5.0,diagnosis_base,Baseline,base,referral_transfer_cost_usd
219,1,178762.54826254823,2710.0,Transfer Recurrent,178762.54826254823,5.0,diagnosis_base,Baseline,base,referral_transfer_cost_usd
219,2,177501.93050193047,2690.0,Transfer Recurrent,172331.97136109753,5.0,diagnosis_base,Baseline,base,referral_transfer_cost_usd
219,3,178731.6602316602,2709.0,Transfer Recurrent,168471.73176704705,5.0,diagnosis_base,Baseline,base,referral_transfer_cost_usd
219,4,178845.55984555982,2711.0,Transfer Recurrent,163669.02240501042,5.0,diagnosis_base,Baseline,base,referral_transfer_cost_usd
219,5,181440.15444015444,2750.0,Transfer Recurrent,161207.22719189947,5.0,diagnosis_base,Baseline,base,referral_transfer_cost_usd
219,6,184017.3745173745,2789.0,Transfer Recurrent,158735.00373799785,5.0,diagnosis_base,Baseline,base,referral_transfer_cost_usd
219,7,181882.23938223938,2757.0,Transfer Recurrent,152323.5120529932,5.0,diagnosis_base,Baseline,base,referral_transfer_cost_usd
219,8,179882.23938223938,2726.0,Transfer Recurrent,146260.72188313195,5.0,diagnosis_base,Baseline,base,referral_transfer_cost_usd
219,9,169525.0965250965,2569.0,Transfer Recurrent,133824.67664487244,5.0,diagnosis_base,Baseline,base,referral_transfer_cost_usd
219,10,177287.64478764476,2687.0,Transfer Recurrent,135876.2174030443,5.0,diagnosis_base,Baseline,base,referral_transfer_cost_usd
220,1,187793.43629343627,2846.0,Transfer Recurrent,187793.43629343627,5.0,diagnosis_base,Baseline,base,referral_transfer_cost_usd
220,2,189171.81467181465,2867.0,Transfer Recurrent,183661.95599205306,5.0,diagnosis_base,Baseline,base,referral_transfer_cost_usd
220,3,191583.01158301157,2904.0,Transfer Recurrent,180585.36297767138,5.0,diagnosis_base,Baseline,base,referral_transfer_cost_usd
220,4,186988.41698841698,2834.0,Transfer Recurrent,171120.89020260045,5.0,diagnosis_base,Baseline,base,referral_transfer_cost_usd
220,5,191254.8262548262,2899.0,Transfer Recurrent,169927.43597877852,5.0,diagnosis_base,Baseline,base,referral_transfer_cost_usd
220,6,193963.32046332044,2940.0,Transfer Recurrent,167314.46407998088,5.0,diagnosis_base,Baseline,base,referral_transfer_cost_usd
220,7,190664.09266409263,2890.0,Transfer Recurrent,159678.175921051,5.0,diagnosis_base,Baseline,base,referral_transfer_cost_usd
220,8,195162.16216216213,2958.0,Transfer Recurrent,158684.69738946907,5.0,diagnosis_base,Baseline,base,referral_transfer_cost_usd
220,9,181930.5019305019,2758.0,Transfer Recurrent,143617.61822730745,5.0,diagnosis_base,Baseline,base,referral_transfer_cost_usd
220,10,185592.66409266408,2813.0,Transfer Recurrent,142241.32316084794,5.0,diagnosis_base,Baseline,base,referral_transfer_cost_usd
221,1,180915.0579150579,2742.0,Transfer Recurrent,180915.0579150579,5.0,diagnosis_base,Baseline,base,referral_transfer_cost_usd
221,2,185413.1274131274,2810.0,Transfer Recurrent,180012.74506128873,5.0,diagnosis_base,Baseline,base,referral_transfer_cost_usd
221,3,182507.72200772198,2766.0,Transfer Recurrent,172031.03214979923,5.0,diagnosis_base,Baseline,base,referral_transfer_cost_usd
221,4,181357.14285714284,2749.0,Transfer Recurrent,165967.4766498337,5.0,diagnosis_base,Baseline,base,referral_transfer_cost_usd
221,5,183737.45173745172,2785.0,Transfer Recurrent,163248.3460857598,5.0,diagnosis_base,Baseline,base,referral_transfer_cost_usd
221,6,185347.49034749033,2809.0,Transfer Recurrent,159882.3733373042,5.0,diagnosis_base,Baseline,base,referral_transfer_cost_usd
221,7,182490.34749034749,2766.0,Transfer Recurrent,152832.79301989544,5.0,diagnosis_base,Baseline,base,referral_transfer_cost_usd
221,8,187841.69884169882,2847.0,Transfer Recurrent,152732.49080449998,5.0,diagnosis_base,Baseline,base,referral_transfer_cost_usd
221,9,170098.4555984556,2578.0,Transfer Recurrent,134277.29159195977,5.0,diagnosis_base,Baseline,base,referral_transfer_cost_usd
221,10,178355.21235521234,2703.0,Transfer Recurrent,136694.41904973547,5.0,diagnosis_base,Baseline,base,referral_transfer_cost_usd
222,1,191552.12355212355,2903.0,Transfer Recurrent,191552.12355212355,6.0,diagnosis_base,Baseline,base,referral_transfer_cost_usd
222,2,195967.18146718145,2970.0,Transfer Recurrent,190259.39948270042,6.0,diagnosis_base,Baseline,base,referral_transfer_cost_usd
222,3,196474.90347490346,2978.0,Transfer Recurrent,185196.44026289327,5.0,diagnosis_base,Baseline,base,referral_transfer_cost_usd
222,4,193455.59845559843,2932.0,Transfer Recurrent,177039.27738181487,6.0,diagnosis_base,Baseline,base,referral_transfer_cost_usd
222,5,195884.16988416985,2969.0,Transfer Recurrent,174040.54783380133,5.0,diagnosis_base,Baseline,base,referral_transfer_cost_usd
222,6,194816.6023166023,2953.0,Transfer Recurrent,168050.51250217741,5.0,diagnosis_base,Baseline,base,referral_transfer_cost_usd
222,7,193223.9382239382,2929.0,Transfer Recurrent,161822.00627696322,5.0,diagnosis_base,Baseline,base,referral_transfer_cost_usd
222,8,200610.03861003858,3041.0,Transfer Recurrent,163114.3194840848,5.0,diagnosis_base,Baseline,base,referral_transfer_cost_usd
222,9,184853.28185328183,2802.0,Transfer Recurrent,145924.88768821734,5.0,diagnosis_base,Baseline,base,referral_transfer_cost_usd
222,10,189171.81467181465,2867.0,Transfer Recurrent,144984.44405228633,5.0,diagnosis_base,Baseline,base,referral_transfer_cost_usd
223,1,178223.9382239382,2701.0,Transfer Recurrent,178223.9382239382,5.0,diagnosis_base,Baseline,base,referral_transfer_cost_usd
223,2,180193.05019305018,2731.0,Transfer Recurrent,174944.70892529143,5.0,diagnosis_base,Baseline,base,referral_transfer_cost_usd
223,3,179847.49034749033,2726.0,Transfer Recurrent,169523.50866951677,5.0,diagnosis_base,Baseline,base,referral_transfer_cost_usd
223,4,182276.06177606175,2763.0,Transfer Recurrent,166808.41763410417,5.0,diagnosis_base,Baseline,base,referral_transfer_cost_usd
223,5,179256.75675675675,2717.0,Transfer Recurrent,159267.3066297515,5.0,diagnosis_base,Baseline,base,referral_transfer_cost_usd
223,6,182998.06949806947,2774.0,Transfer Recurrent,157855.74227437846,5.0,diagnosis_base,Baseline,base,referral_transfer_cost_usd
223,7,178254.82625482624,2702.0,Transfer Recurrent,149285.61066629709,5.0,diagnosis_base,Baseline,base,referral_transfer_cost_usd
223,8,185627.4131274131,2813.0,Transfer Recurrent,150932.0738865254,5.0,diagnosis_base,Baseline,base,referral_transfer_cost_usd
223,9,172413.1274131274,2613.0,Transfer Recurrent,136104.5148968679,5.0,diagnosis_base,Baseline,base,referral_transfer_cost_usd
223,10,176368.72586872586,2673.0,Transfer Recurrent,135171.94256791772,5.0,diagnosis_base,Baseline,base,referral_transfer_cost_usd
224,1,180521.2355212355,2736.0,Transfer Recurrent,180521.2355212355,5.0,diagnosis_base,Baseline,base,referral_transfer_cost_usd
224,2,181720.07722007722,2754.0,Transfer Recurrent,176427.25943696816,5.0,diagnosis_base,Baseline,base,referral_transfer_cost_usd
224,3,181440.1544401544,2750.0,Transfer Recurrent,171024.74732788614,5.0,diagnosis_base,Baseline,base,referral_transfer_cost_usd
224,4,183934.36293436293,2788.0,Transfer Recurrent,168325.99810781918,5.0,diagnosis_base,Baseline,base,referral_transfer_cost_usd
224,5,180832.0463320463,2741.0,Transfer Recurrent,160666.93101411287,5.0,diagnosis_base,Baseline,base,referral_transfer_cost_usd
224,6,183803.0888030888,2786.0,Transfer Recurrent,158550.15899848696,5.0,diagnosis_base,Baseline,base,referral_transfer_cost_usd
224,7,179864.86486486485,2726.0,Transfer Recurrent,150633.99265485725,5.0,diagnosis_base,Baseline,base,referral_transfer_cost_usd
224,8,185150.5791505791,2806.0,Transfer Recurrent,150544.36422764158,5.0,diagnosis_base,Baseline,base,referral_transfer_cost_usd
224,9,174185.32818532817,2640.0,Transfer Recurrent,137503.5065515015,5.0,diagnosis_base,Baseline,base,referral_transfer_cost_usd
224,10,179750.96525096524,2724.0,Transfer Recurrent,137764.14742325756,5.0,diagnosis_base,Baseline,base,referral_transfer_cost_usd
225,1,184905.40540540538,2802.0,Transfer Recurrent,184905.40540540538,5.0,diagnosis_base,Baseline,base,referral_transfer_cost_usd
225,2,187924.7104247104,2848.0,Transfer Recurrent,182451.17516962177,5.0,diagnosis_base,Baseline,base,referral_transfer_cost_usd
225,3,191057.91505791503,2896.0,Transfer Recurrent,180090.40914121503,6.0,diagnosis_base,Baseline,base,referral_transfer_cost_usd
225,4,186957.52895752894,2833.0,Transfer Recurrent,171092.62327875942,5.0,diagnosis_base,Baseline,base,referral_transfer_cost_usd
225,5,186822.3938223938,2832.0,Transfer Recurrent,165989.27717180087,5.0,diagnosis_base,Baseline,base,referral_transfer_cost_usd
225,6,193079.15057915056,2926.0,Transfer Recurrent,166551.771371008,5.0,diagnosis_base,Baseline,base,referral_transfer_cost_usd
225,7,187281.85328185325,2839.0,Transfer Recurrent,156845.60368609006,5.0,diagnosis_base,Baseline,base,referral_transfer_cost_usd
225,8,189202.70270270266,2868.0,Transfer Recurrent,153839.11149078773,5.0,diagnosis_base,Baseline,base,referral_transfer_cost_usd
225,9,182490.34749034746,2766.0,Transfer Recurrent,144059.5654820392,5.0,diagnosis_base,Baseline,base,referral_transfer_cost_usd
225,10,187513.5135135135,2842.0,Transfer Recurrent,143713.4942972995,5.0,diagnosis_base,Baseline,base,referral_transfer_cost_usd
226,1,182918.9189189189,2772.0,Transfer Recurrent,182918.9189189189,5.0,diagnosis_base,Baseline,base,referral_transfer_cost_usd
226,2,183098.4555984556,2775.0,Transfer Recurrent,177765.490872287,5.0,diagnosis_base,Baseline,base,referral_transfer_cost_usd
226,3,187216.21621621618,2838.0,Transfer Recurrent,176469.23952890583,5.0,diagnosis_base,Baseline,base,referral_transfer_cost_usd
226,4,186498.06949806947,2826.0,Transfer Recurrent,170672.15278662418,5.0,diagnosis_base,Baseline,base,referral_transfer_cost_usd
226,5,186428.5714285714,2826.0,Transfer Recurrent,165639.37107571051,5.0,diagnosis_base,Baseline,base,referral_transfer_cost_usd
226,6,185513.5135135135,2811.0,Transfer Recurrent,160025.58637872705,5.0,diagnosis_base,Baseline,base,referral_transfer_cost_usd
226,7,185050.19305019302,2805.0,Transfer Recurrent,154976.62337580763,5.0,diagnosis_base,Baseline,base,referral_transfer_cost_usd
226,8,186857.14285714284,2832.0,Transfer Recurrent,151931.9566910152,5.0,diagnosis_base,Baseline,base,referral_transfer_cost_usd
226,9,179011.583011583,2713.0,Transfer Recurrent,141313.39667849924,5.0,diagnosis_base,Baseline,base,referral_transfer_cost_usd
226,10,183969.11196911195,2788.0,Transfer Recurrent,140997.00564752557,5.0,diagnosis_base,Baseline,base,referral_transfer_cost_usd
227,1,189451.73745173743,2871.0,Transfer Recurrent,189451.73745173743,5.0,diagnosis_base,Baseline,base,referral_transfer_cost_usd
227,2,194899.61389961388,2954.0,Transfer Recurrent,189222.92611612997,6.0,diagnosis_base,Baseline,base,referral_transfer_cost_usd
227,3,196785.71428571426,2983.0,Transfer Recurrent,185489.40926167808,6.0,diagnosis_base,Baseline,base,referral_transfer_cost_usd
227,4,196820.4633204633,2983.0,Transfer Recurrent,180118.60539774646,5.0,diagnosis_base,Baseline,base,referral_transfer_cost_usd
227,5,193845.55984555982,2939.0,Transfer Recurrent,172229.26921874544,5.0,diagnosis_base,Baseline,base,referral_transfer_cost_usd
227,6,195030.888030888,2956.0,Transfer Recurrent,168235.35724168827,5.0,diagnosis_base,Baseline,base,referral_transfer_cost_usd
227,7,193521.2355212355,2933.0,Transfer Recurrent,162070.9880830043,6.0,diagnosis_base,Baseline,base,referral_transfer_cost_usd
227,8,195424.7104247104,2962.0,Transfer Recurrent,158898.17315306503,5.0,diagnosis_base,Baseline,base,referral_transfer_cost_usd
227,9,187364.86486486485,2840.0,Transfer Recurrent,147907.55451030695,5.0,diagnosis_base,Baseline,base,referral_transfer_cost_usd
227,10,191075.28957528956,2896.0,Transfer Recurrent,146443.29906790567,5.0,diagnosis_base,Baseline,base,referral_transfer_cost_usd
228,1,187727.7992277992,2845.0,Transfer Recurrent,187727.7992277992,5.0,diagnosis_base,Baseline,base,referral_transfer_cost_usd
228,2,189631.2741312741,2874.0,Transfer Recurrent,184108.03313715933,6.0,diagnosis_base,Baseline,base,referral_transfer_cost_usd
228,3,196146.71814671814,2973.0,Transfer Recurrent,184887.09411510808,6.0,diagnosis_base,Baseline,base,referral_transfer_cost_usd
228,4,192339.7683397683,2915.0,Transfer Recurrent,176018.1347580579,5.0,diagnosis_base,Baseline,base,referral_transfer_cost_usd
228,5,191631.2741312741,2905.0,Transfer Recurrent,170261.90504121783,5.0,diagnosis_base,Baseline,base,referral_transfer_cost_usd
228,6,193455.59845559843,2932.0,Transfer Recurrent,166876.4986160947,5.0,diagnosis_base,Baseline,base,referral_transfer_cost_usd
228,7,191368.72586872586,2901.0,Transfer Recurrent,160268.29513666788,5.0,diagnosis_base,Baseline,base,referral_transfer_cost_usd
228,8,190073.35907335905,2881.0,Transfer Recurrent,154547.03479506544,5.0,diagnosis_base,Baseline,base,referral_transfer_cost_usd
228,9,186183.39768339766,2822.0,Transfer Recurrent,146974.8934072179,5.0,diagnosis_base,Baseline,base,referral_transfer_cost_usd
228,10,190252.89575289574,2884.0,Transfer Recurrent,145813.002681847,5.0,diagnosis_base,Baseline,base,referral_transfer_cost_usd
229,1,203467.18146718142,3084.0,Transfer Recurrent,203467.18146718142,6.0,diagnosis_base,Baseline,base,referral_transfer_cost_usd
229,2,199086.87258687257,3017.0,Transfer Recurrent,193288.22581249764,6.0,diagnosis_base,Baseline,base,referral_transfer_cost_usd
229,3,207326.2548262548,3142.0,Transfer Recurrent,195424.8796552501,6.0,diagnosis_base,Baseline,base,referral_transfer_cost_usd
229,4,201546.332046332,3055.0,Transfer Recurrent,184443.44474542316,5.0,diagnosis_base,Baseline,base,referral_transfer_cost_usd
229,5,206355.2123552123,3128.0,Transfer Recurrent,183343.93344749766,6.0,diagnosis_base,Baseline,base,referral_transfer_cost_usd
229,6,204911.1969111969,3106.0,Transfer Recurrent,176758.1984742716,6.0,diagnosis_base,Baseline,base,referral_transfer_cost_usd
229,7,204534.749034749,3100.0,Transfer Recurrent,171294.63226134452,6.0,diagnosis_base,Baseline,base,referral_transfer_cost_usd
229,8,198772.20077220074,3013.0,Transfer Recurrent,161619.98913891322,6.0,diagnosis_base,Baseline,base,referral_transfer_cost_usd
229,9,200001.93050193047,3032.0,Transfer Recurrent,157883.37081883787,5.0,diagnosis_base,Baseline,base,referral_transfer_cost_usd
229,10,198693.05019305018,3011.0,Transfer Recurrent,152281.6782683457,6.0,diagnosis_base,Baseline,base,referral_transfer_cost_usd
230,1,177764.47876447876,2694.0,Transfer Recurrent,177764.47876447876,5.0,diagnosis_base,Baseline,base,referral_transfer_cost_usd
230,2,178534.74903474902,2706.0,Transfer Recurrent,173334.7078007272,5.0,diagnosis_base,Baseline,base,referral_transfer_cost_usd
230,3,181094.5945945946,2745.0,Transfer Recurrent,170699.02403110056,5.0,diagnosis_base,Baseline,base,referral_transfer_cost_usd
230,4,180438.2239382239,2735.0,Transfer Recurrent,165126.53566556322,5.0,diagnosis_base,Baseline,base,referral_transfer_cost_usd
230,5,187430.5019305019,2841.0,Transfer Recurrent,166529.57334958744,5.0,diagnosis_base,Baseline,base,referral_transfer_cost_usd
230,6,182359.07335907334,2764.0,Transfer Recurrent,157304.53859169284,5.0,diagnosis_base,Baseline,base,referral_transfer_cost_usd
230,7,179864.86486486485,2726.0,Transfer Recurrent,150633.99265485725,5.0,diagnosis_base,Baseline,base,referral_transfer_cost_usd
230,8,172496.138996139,2614.0,Transfer Recurrent,140255.14635726385,5.0,diagnosis_base,Baseline,base,referral_transfer_cost_usd
230,9,177322.39382239382,2687.0,Transfer Recurrent,139979.93513405003,5.0,diagnosis_base,Baseline,base,referral_transfer_cost_usd
230,10,179750.96525096524,2724.0,Transfer Recurrent,137764.14742325756,5.0,diagnosis_base,Baseline,base,referral_transfer_cost_usd
231,1,190007.72200772198,2880.0,Transfer Recurrent,190007.72200772198,5.0,diagnosis_base,Baseline,base,referral_transfer_cost_usd
231,2,191355.21235521234,2900.0,Transfer Recurrent,185781.75956816733,5.0,diagnosis_base,Baseline,base,referral_transfer_cost_usd
231,3,190353.28185328183,2885.0,Transfer Recurrent,179426.22476508797,6.0,diagnosis_base,Baseline,base,referral_transfer_cost_usd
231,4,195013.5135135135,2956.0,Transfer Recurrent,178464.99035304654,5.0,diagnosis_base,Baseline,base,referral_transfer_cost_usd
231,5,193552.12355212352,2934.0,Transfer Recurrent,171968.5548726389,5.0,diagnosis_base,Baseline,base,referral_transfer_cost_usd
231,6,192847.49034749033,2923.0,Transfer Recurrent,166351.93922018542,5.0,diagnosis_base,Baseline,base,referral_transfer_cost_usd
231,7,192567.56756756754,2919.0,Transfer Recurrent,161272.30618570367,5.0,diagnosis_base,Baseline,base,referral_transfer_cost_usd
231,8,182144.78764478763,2761.0,Transfer Recurrent,148100.3806694146,5.0,diagnosis_base,Baseline,base,referral_transfer_cost_usd
231,9,189613.8996138996,2874.0,Transfer Recurrent,149682.9633094879,5.0,diagnosis_base,Baseline,base,referral_transfer_cost_usd
231,10,188974.90347490346,2864.0,Transfer Recurrent,144833.52801618777,5.0,diagnosis_base,Baseline,base,referral_transfer_cost_usd
232,1,195752.89575289574,2967.0,Transfer Recurrent,195752.89575289574,6.0,diagnosis_base,Baseline,base,referral_transfer_cost_usd
232,2,198509.6525096525,3009.0,Transfer Recurrent,192727.8179705364,5.0,diagnosis_base,Baseline,base,referral_transfer_cost_usd
232,3,193635.13513513512,2935.0,Transfer Recurrent,182519.68624294008,6.0,diagnosis_base,Baseline,base,referral_transfer_cost_usd
232,4,195179.53667953666,2958.0,Transfer Recurrent,178616.92506869204,5.0,diagnosis_base,Baseline,base,referral_transfer_cost_usd
232,5,199822.3938223938,3029.0,Transfer Recurrent,177539.60879470484,6.0,diagnosis_base,Baseline,base,referral_transfer_cost_usd
232,6,197262.54826254823,2990.0,Transfer Recurrent,170160.4069612792,5.0,diagnosis_base,Baseline,base,referral_transfer_cost_usd
232,7,200478.76447876444,3039.0,Transfer Recurrent,167897.80905035543,5.0,diagnosis_base,Baseline,base,referral_transfer_cost_usd
232,8,186822.3938223938,2832.0,Transfer Recurrent,151903.70254583337,5.0,diagnosis_base,Baseline,base,referral_transfer_cost_usd
232,9,192256.75675675672,2914.0,Transfer Recurrent,151769.25914303187,5.0,diagnosis_base,Baseline,base,referral_transfer_cost_usd
232,10,194177.60617760615,2943.0,Transfer Recurrent,148820.96642094853,5.0,diagnosis_base,Baseline,base,referral_transfer_cost_usd
233,1,183164.09266409263,2776.0,Transfer Recurrent,183164.09266409263,5.0,diagnosis_base,Baseline,base,referral_transfer_cost_usd
233,2,180455.59845559843,2735.0,Transfer Recurrent,175199.61015106644,5.0,diagnosis_base,Baseline,base,referral_transfer_cost_usd
233,3,177270.27027027027,2687.0,Transfer Recurrent,167094.23156779175,5.0,diagnosis_base,Baseline,base,referral_transfer_cost_usd
233,4,181768.33976833976,2755.0,Transfer Recurrent,166343.78007346735,5.0,diagnosis_base,Baseline,base,referral_transfer_cost_usd
233,5,182555.98455598453,2767.0,Transfer Recurrent,162198.62779748876,5.0,diagnosis_base,Baseline,base,referral_transfer_cost_usd
233,6,181046.33204633204,2744.0,Transfer Recurrent,156172.15640369817,5.0,diagnosis_base,Baseline,base,referral_transfer_cost_usd
233,7,186463.32046332044,2826.0,Transfer Recurrent,156160.09533698994,5.0,diagnosis_base,Baseline,base,referral_transfer_cost_usd
233,8,167013.5135135135,2531.0,Transfer Recurrent,135797.2701174663,5.0,diagnosis_base,Baseline,base,referral_transfer_cost_usd
233,9,174513.5135135135,2645.0,Transfer Recurrent,137762.5790801373,5.0,diagnosis_base,Baseline,base,referral_transfer_cost_usd
233,10,181111.96911196908,2745.0,Transfer Recurrent,138807.2435551152,5.0,diagnosis_base,Baseline,base,referral_transfer_cost_usd
234,1,191617.7606177606,2904.0,Transfer Recurrent,191617.7606177606,6.0,diagnosis_base,Baseline,base,referral_transfer_cost_usd
234,2,192453.66795366793,2917.0,Transfer Recurrent,186848.2213142407,5.0,diagnosis_base,Baseline,base,referral_transfer_cost_usd
234,3,191880.30888030888,2908.0,Transfer Recurrent,180865.59419390035,6.0,diagnosis_base,Baseline,base,referral_transfer_cost_usd
234,4,191171.81467181465,2898.0,Transfer Recurrent,174949.29170031915,5.0,diagnosis_base,Baseline,base,referral_transfer_cost_usd
234,5,191403.47490347488,2901.0,Transfer Recurrent,170059.508377793,5.0,diagnosis_base,Baseline,base,referral_transfer_cost_usd
234,6,190204.6332046332,2883.0,Transfer Recurrent,164072.1874328844,5.0,diagnosis_base,Baseline,base,referral_transfer_cost_usd
234,7,195144.78764478763,2958.0,Transfer Recurrent,163430.68742638454,5.0,diagnosis_base,Baseline,base,referral_transfer_cost_usd
234,8,181702.7027027027,2754.0,Transfer Recurrent,147740.92515571258,5.0,diagnosis_base,Baseline,base,referral_transfer_cost_usd
234,9,185330.1158301158,2809.0,Transfer Recurrent,146301.3048327647,5.0,diagnosis_base,Baseline,base,referral_transfer_cost_usd
234,10,191009.6525096525,2895.0,Transfer Recurrent,146392.99372253948,5.0,diagnosis_base,Baseline,base,referral_transfer_cost_usd
235,1,180735.5212355212,2739.0,Transfer Recurrent,180735.5212355212,5.0,diagnosis_base,Baseline,base,referral_transfer_cost_usd
235,2,180306.9498069498,2733.0,Transfer Recurrent,175055.29107470854,5.0,diagnosis_base,Baseline,base,referral_transfer_cost_usd
235,3,182407.3359073359,2765.0,Transfer Recurrent,171936.4086222414,5.0,diagnosis_base,Baseline,base,referral_transfer_cost_usd
235,4,179781.85328185325,2725.0,Transfer Recurrent,164525.86353394148,5.0,diagnosis_base,Baseline,base,referral_transfer_cost_usd
235,5,183361.00386100385,2779.0,Transfer Recurrent,162913.87702332053,5.0,diagnosis_base,Baseline,base,referral_transfer_cost_usd
235,6,178648.64864864864,2708.0,Transfer Recurrent,154103.89364268442,5.0,diagnosis_base,Baseline,base,referral_transfer_cost_usd
235,7,185627.4131274131,2813.0,Transfer Recurrent,155460.03610312118,5.0,diagnosis_base,Baseline,base,referral_transfer_cost_usd
235,8,172281.85328185325,2611.0,Transfer Recurrent,140080.91246197597,5.0,diagnosis_base,Baseline,base,referral_transfer_cost_usd
235,9,177436.29343629343,2689.0,Transfer Recurrent,140069.8485410472,5.0,diagnosis_base,Baseline,base,referral_transfer_cost_usd
235,10,175760.61776061775,2664.0,Transfer Recurrent,134705.87833878986,5.0,diagnosis_base,Baseline,base,referral_transfer_cost_usd
236,1,208276.06177606175,3157.0,Transfer Recurrent,208276.06177606175,6.0,diagnosis_base,Baseline,base,referral_transfer_cost_usd
236,2,206258.68725868722,3126.0,Transfer Recurrent,200251.1526783371,6.0,diagnosis_base,Baseline,base,referral_transfer_cost_usd
236,3,208127.41312741308,3155.0,Transfer Recurrent,196180.04819249042,6.0,diagnosis_base,Baseline,base,referral_transfer_cost_usd
236,4,208555.98455598453,3161.0,Transfer Recurrent,190858.2697745956,6.0,diagnosis_base,Baseline,base,referral_transfer_cost_usd
236,5,209129.3436293436,3170.0,Transfer Recurrent,185808.71315378117,6.0,diagnosis_base,Baseline,base,referral_transfer_cost_usd
236,6,204057.91505791503,3093.0,Transfer Recurrent,176022.15005207507,6.0,diagnosis_base,Baseline,base,referral_transfer_cost_usd
236,7,211330.1158301158,3203.0,Transfer Recurrent,176985.6449708551,6.0,diagnosis_base,Baseline,base,referral_transfer_cost_usd
236,8,197279.92277992275,2990.0,Transfer Recurrent,160406.6305708275,6.0,diagnosis_base,Baseline,base,referral_transfer_cost_usd
236,9,206420.84942084938,3129.0,Transfer Recurrent,162950.52468774488,6.0,diagnosis_base,Baseline,base,referral_transfer_cost_usd
236,10,202154.44015444012,3064.0,Transfer Recurrent,154934.54545192124,5.0,diagnosis_base,Baseline,base,referral_transfer_cost_usd
237,1,194654.44015444015,2950.0,Transfer Recurrent,194654.44015444015,6.0,diagnosis_base,Baseline,base,referral_transfer_cost_usd
237,2,197310.81081081077,2991.0,Transfer Recurrent,191563.89399107842,6.0,diagnosis_base,Baseline,base,referral_transfer_cost_usd
237,3,194768.33976833973,2952.0,Transfer Recurrent,183587.84029441015,5.0,diagnosis_base,Baseline,base,referral_transfer_cost_usd
237,4,193272.20077220077,2930.0,Transfer Recurrent,176871.4425215088,5.0,diagnosis_base,Baseline,base,referral_transfer_cost_usd
237,5,200185.32818532817,3034.0,Transfer Recurrent,177862.07127541554,6.0,diagnosis_base,Baseline,base,referral_transfer_cost_usd
237,6,194405.40540540538,2947.0,Transfer Recurrent,167695.8104344673,5.0,diagnosis_base,Baseline,base,referral_transfer_cost_usd
237,7,194471.04247104246,2948.0,Transfer Recurrent,162866.43645035636,5.0,diagnosis_base,Baseline,base,referral_transfer_cost_usd
237,8,190974.90347490346,2895.0,Transfer Recurrent,155280.07289506032,5.0,diagnosis_base,Baseline,base,referral_transfer_cost_usd
237,9,193897.68339768337,2939.0,Transfer Recurrent,153064.62178621112,5.0,diagnosis_base,Baseline,base,referral_transfer_cost_usd
237,10,191223.9382239382,2898.0,Transfer Recurrent,146557.22587947024,5.0,diagnosis_base,Baseline,base,referral_transfer_cost_usd
238,1,198330.1158301158,3006.0,Transfer Recurrent,198330.1158301158,6.0,diagnosis_base,Baseline,base,referral_transfer_cost_usd
238,2,199328.1853281853,3022.0,Transfer Recurrent,193522.51002736436,5.0,diagnosis_base,Baseline,base,referral_transfer_cost_usd
238,3,196886.10038610038,2984.0,Transfer Recurrent,185584.03278923593,5.0,diagnosis_base,Baseline,base,referral_transfer_cost_usd
238,4,198706.56370656367,3012.0,Transfer Recurrent,181844.654434789,6.0,diagnosis_base,Baseline,base,referral_transfer_cost_usd
238,5,198544.4015444015,3009.0,Transfer Recurrent,176404.1292083724,6.0,diagnosis_base,Baseline,base,referral_transfer_cost_usd
238,6,198247.10424710423,3005.0,Transfer Recurrent,171009.6936022752,5.0,diagnosis_base,Baseline,base,referral_transfer_cost_usd
238,7,200019.305019305,3032.0,Transfer Recurrent,167513.01898647376,5.0,diagnosis_base,Baseline,base,referral_transfer_cost_usd
238,8,191911.1969111969,2909.0,Transfer Recurrent,156041.36514023703,5.0,diagnosis_base,Baseline,base,referral_transfer_cost_usd
238,9,195144.7876447876,2958.0,Transfer Recurrent,154049.09739502732,5.0,diagnosis_base,Baseline,base,referral_transfer_cost_usd
238,10,194785.71428571426,2952.0,Transfer Recurrent,149287.0306500764,5.0,diagnosis_base,Baseline,base,referral_transfer_cost_usd
239,1,186200.7722007722,2822.0,Transfer Recurrent,186200.7722007722,5.0,diagnosis_base,Baseline,base,referral_transfer_cost_usd
239,2,189959.45945945944,2879.0,Transfer Recurrent,184426.6596693781,6.0,diagnosis_base,Baseline,base,referral_transfer_cost_usd
239,3,187530.88803088802,2842.0,Transfer Recurrent,176765.8478941352,5.0,diagnosis_base,Baseline,base,referral_transfer_cost_usd
239,4,186428.57142857142,2826.0,Transfer Recurrent,170608.55220798188,5.0,diagnosis_base,Baseline,base,referral_transfer_cost_usd
239,5,186988.41698841698,2834.0,Transfer Recurrent,166136.78660446644,5.0,diagnosis_base,Baseline,base,referral_transfer_cost_usd
239,6,185378.37837837837,2810.0,Transfer Recurrent,159909.01762408056,5.0,diagnosis_base,Baseline,base,referral_transfer_cost_usd
239,7,187776.06177606175,2846.0,Transfer Recurrent,157259.49551950902,5.0,diagnosis_base,Baseline,base,referral_transfer_cost_usd
239,8,180455.59845559843,2735.0,Transfer Recurrent,146726.91527863187,5.0,diagnosis_base,Baseline,base,referral_transfer_cost_usd
239,9,184411.1969111969,2795.0,Transfer Recurrent,145575.90175258432,5.0,diagnosis_base,Baseline,base,referral_transfer_cost_usd
239,10,185198.8416988417,2807.0,Transfer Recurrent,141939.49108865083,5.0,diagnosis_base,Baseline,base,referral_transfer_cost_usd
240,1,182932.43243243243,2773.0,Transfer Recurrent,182932.43243243243,5.0,diagnosis_base,Baseline,base,referral_transfer_cost_usd
240,2,190764.47876447873,2891.0,Transfer Recurrent,185208.2318101735,6.0,diagnosis_base,Baseline,base,referral_transfer_cost_usd
240,3,185610.03861003858,2813.0,Transfer Recurrent,174955.26308798057,5.0,diagnosis_base,Baseline,base,referral_transfer_cost_usd
240,4,185920.8494208494,2818.0,Transfer Recurrent,170143.91464734505,5.0,diagnosis_base,Baseline,base,referral_transfer_cost_usd
240,5,187054.05405405402,2835.0,Transfer Recurrent,166195.10428714813,5.0,diagnosis_base,Baseline,base,referral_transfer_cost_usd
240,6,183015.444015444,2774.0,Transfer Recurrent,157870.72968569017,5.0,diagnosis_base,Baseline,base,referral_transfer_cost_usd
240,7,182113.8996138996,2760.0,Transfer Recurrent,152517.52384990832,5.0,diagnosis_base,Baseline,base,referral_transfer_cost_usd
240,8,178945.94594594592,2712.0,Transfer Recurrent,145499.42963795524,5.0,diagnosis_base,Baseline,base,referral_transfer_cost_usd
240,9,182967.18146718145,2773.0,Transfer Recurrent,144435.9826265866,5.0,diagnosis_base,Baseline,base,referral_transfer_cost_usd
240,10,187233.5907335907,2838.0,Transfer Recurrent,143498.95679500254,5.0,diagnosis_base,Baseline,base,referral_transfer_cost_usd
241,1,189942.0849420849,2879.0,Transfer Recurrent,189942.0849420849,5.0,diagnosis_base,Baseline,base,referral_transfer_cost_usd
241,2,195884.16988416985,2969.0,Transfer Recurrent,190178.80571278627,6.0,diagnosis_base,Baseline,base,referral_transfer_cost_usd
241,3,192322.3938223938,2915.0,Transfer Recurrent,181282.30165179924,5.0,diagnosis_base,Baseline,base,referral_transfer_cost_usd
241,4,195324.3243243243,2961.0,Transfer Recurrent,178749.42627419683,5.0,diagnosis_base,Baseline,base,referral_transfer_cost_usd
241,5,193193.05019305018,2928.0,Transfer Recurrent,171649.52284385063,5.0,diagnosis_base,Baseline,base,referral_transfer_cost_usd
241,6,193862.93436293435,2939.0,Transfer Recurrent,167227.87014795776,5.0,diagnosis_base,Baseline,base,referral_transfer_cost_usd
241,7,187824.32432432432,2847.0,Transfer Recurrent,157299.91464386636,5.0,diagnosis_base,Baseline,base,referral_transfer_cost_usd
241,8,188563.70656370654,2858.0,Transfer Recurrent,153319.5491543888,5.0,diagnosis_base,Baseline,base,referral_transfer_cost_usd
241,9,189631.2741312741,2874.0,Transfer Recurrent,149696.6789139451,5.0,diagnosis_base,Baseline,base,referral_transfer_cost_usd
241,10,198264.47876447876,3005.0,Transfer Recurrent,151953.21395448418,5.0,diagnosis_base,Baseline,base,referral_transfer_cost_usd
242,1,186200.7722007722,2822.0,Transfer Recurrent,186200.7722007722,5.0,diagnosis_base,Baseline,base,referral_transfer_cost_usd
242,2,189482.62548262547,2872.0,Transfer Recurrent,183963.71406080143,5.0,diagnosis_base,Baseline,base,referral_transfer_cost_usd
242,3,189368.72586872586,2870.0,Transfer Recurrent,178498.18632173236,5.0,diagnosis_base,Baseline,base,referral_transfer_cost_usd
242,4,195801.15830115828,2968.0,Transfer Recurrent,179185.79691099268,5.0,diagnosis_base,Baseline,base,referral_transfer_cost_usd
242,5,188318.53281853278,2854.0,Transfer Recurrent,167318.57729175195,5.0,diagnosis_base,Baseline,base,referral_transfer_cost_usd
242,6,187233.5907335907,2838.0,Transfer Recurrent,161509.34009858474,5.0,diagnosis_base,Baseline,base,referral_transfer_cost_usd
242,7,181357.14285714284,2749.0,Transfer Recurrent,151883.75197998557,5.0,diagnosis_base,Baseline,base,referral_transfer_cost_usd
242,8,185723.9382239382,2815.0,Transfer Recurrent,151010.55762314156,5.0,diagnosis_base,Baseline,base,referral_transfer_cost_usd
242,9,187250.96525096524,2838.0,Transfer Recurrent,147817.6411033098,5.0,diagnosis_base,Baseline,base,referral_transfer_cost_usd
242,10,192667.95366795364,2920.0,Transfer Recurrent,147663.94347752628,5.0,diagnosis_base,Baseline,base,referral_transfer_cost_usd
243,1,194440.1544401544,2947.0,Transfer Recurrent,194440.1544401544,5.0,diagnosis_base,Baseline,base,referral_transfer_cost_usd
243,2,193438.2239382239,2932.0,Transfer Recurrent,187804.100910897,6.0,diagnosis_base,Baseline,base,referral_transfer_cost_usd
243,3,198640.92664092663,3011.0,Transfer Recurrent,187238.12483827566,5.0,diagnosis_base,Baseline,base,referral_transfer_cost_usd
243,4,197310.81081081077,2991.0,Transfer Recurrent,180567.3428137227,5.0,diagnosis_base,Baseline,base,referral_transfer_cost_usd
243,5,198675.67567567565,3011.0,Transfer Recurrent,176520.76457373588,5.0,diagnosis_base,Baseline,base,referral_transfer_cost_usd
243,6,197196.91119691118,2989.0,Transfer Recurrent,170103.7878518795,5.0,diagnosis_base,Baseline,base,referral_transfer_cost_usd
243,7,186362.93436293435,2825.0,Transfer Recurrent,156076.02355832673,5.0,diagnosis_base,Baseline,base,referral_transfer_cost_usd
243,8,193814.67181467178,2938.0,Transfer Recurrent,157589.06442630757,5.0,diagnosis_base,Baseline,base,referral_transfer_cost_usd
243,9,192077.22007722006,2911.0,Transfer Recurrent,151627.53123030756,5.0,diagnosis_base,Baseline,base,referral_transfer_cost_usd
243,10,201611.96911196908,3056.0,Transfer Recurrent,154518.78656815953,5.0,diagnosis_base,Baseline,base,referral_transfer_cost_usd
244,1,202399.61389961388,3068.0,Transfer Recurrent,202399.61389961388,5.0,diagnosis_base,Baseline,base,referral_transfer_cost_usd
244,2,197722.0077220077,2997.0,Transfer Recurrent,191963.11429321134,6.0,diagnosis_base,Baseline,base,referral_transfer_cost_usd
244,3,201218.1467181467,3050.0,Transfer Recurrent,189667.40194000065,5.0,diagnosis_base,Baseline,base,referral_transfer_cost_usd
244,4,201957.52895752894,3061.0,Transfer Recurrent,184819.7481690568,6.0,diagnosis_base,Baseline,base,referral_transfer_cost_usd
244,5,201235.5212355212,3050.0,Transfer Recurrent,178795.15419832314,6.0,diagnosis_base,Baseline,base,referral_transfer_cost_usd
244,6,203861.00386100385,3090.0,Transfer Recurrent,175852.29272387587,6.0,diagnosis_base,Baseline,base,referral_transfer_cost_usd
244,7,190318.5328185328,2885.0,Transfer Recurrent,159388.7749906526,5.0,diagnosis_base,Baseline,base,referral_transfer_cost_usd
244,8,194947.87644787642,2955.0,Transfer Recurrent,158510.4634941812,5.0,diagnosis_base,Baseline,base,referral_transfer_cost_usd
244,9,197214.28571428568,2989.0,Transfer Recurrent,155682.77828148397,5.0,diagnosis_base,Baseline,base,referral_transfer_cost_usd
244,10,205799.22779922778,3119.0,Transfer Recurrent,157727.9716887258,6.0,diagnosis_base,Baseline,base,referral_transfer_cost_usd
245,1,175235.5212355212,2656.0,Transfer Recurrent,175235.5212355212,5.0,diagnosis_base,Baseline,base,referral_transfer_cost_usd
245,2,172920.8494208494,2621.0,Transfer Recurrent,167884.3198260674,5.0,diagnosis_base,Baseline,base,referral_transfer_cost_usd
245,3,176351.35135135133,2673.0,Transfer Recurrent,166228.06235399315,5.0,diagnosis_base,Baseline,base,referral_transfer_cost_usd
245,4,177156.37065637065,2685.0,Transfer Recurrent,162123.1750074544,5.0,diagnosis_base,Baseline,base,referral_transfer_cost_usd
245,5,175629.3436293436,2662.0,Transfer Recurrent,156044.39704860558,5.0,diagnosis_base,Baseline,base,referral_transfer_cost_usd
245,6,180604.2471042471,2737.0,Transfer Recurrent,155790.81004921175,5.0,diagnosis_base,Baseline,base,referral_transfer_cost_usd
245,7,162384.16988416988,2461.0,Transfer Recurrent,135994.18581263625,5.0,diagnosis_base,Baseline,base,referral_transfer_cost_usd
245,8,169030.88803088802,2562.0,Transfer Recurrent,137437.58021274392,5.0,diagnosis_base,Baseline,base,referral_transfer_cost_usd
245,9,176613.8996138996,2677.0,Transfer Recurrent,139420.64326340673,5.0,diagnosis_base,Baseline,base,referral_transfer_cost_usd
245,10,180814.6718146718,2741.0,Transfer Recurrent,138579.38993198602,5.0,diagnosis_base,Baseline,base,referral_transfer_cost_usd
246,1,186266.40926640926,2823.0,Transfer Recurrent,186266.40926640926,5.0,diagnosis_base,Baseline,base,referral_transfer_cost_usd
246,2,186117.7606177606,2821.0,Transfer Recurrent,180696.8549686996,5.0,diagnosis_base,Baseline,base,referral_transfer_cost_usd
246,3,187710.42471042468,2845.0,Transfer Recurrent,176935.0784338059,5.0,diagnosis_base,Baseline,base,referral_transfer_cost_usd
246,4,185741.31274131272,2815.0,Transfer Recurrent,169979.61315251907,5.0,diagnosis_base,Baseline,base,referral_transfer_cost_usd
246,5,185395.75289575287,2810.0,Transfer Recurrent,164721.725186454,5.0,diagnosis_base,Baseline,base,referral_transfer_cost_usd
246,6,193110.03861003858,2927.0,Transfer Recurrent,166578.41565778435,5.0,diagnosis_base,Baseline,base,referral_transfer_cost_usd
246,7,177025.0965250965,2683.0,Transfer Recurrent,148255.7313776726,5.0,diagnosis_base,Baseline,base,referral_transfer_cost_usd
246,8,181588.80308880308,2752.0,Transfer Recurrent,147648.31434650553,5.0,diagnosis_base,Baseline,base,referral_transfer_cost_usd
246,9,184936.29343629343,2803.0,Transfer Recurrent,145990.4177984017,5.0,diagnosis_base,Baseline,base,referral_transfer_cost_usd
246,10,199200.7722007722,3019.0,Transfer Recurrent,152670.80491044297,6.0,diagnosis_base,Baseline,base,referral_transfer_cost_usd
247,1,186774.13127413124,2831.0,Transfer Recurrent,186774.13127413124,5.0,diagnosis_base,Baseline,base,referral_transfer_cost_usd
247,2,188712.3552123552,2860.0,Transfer Recurrent,183215.8788469468,5.0,diagnosis_base,Baseline,base,referral_transfer_cost_usd
247,3,185969.11196911195,2819.0,Transfer Recurrent,175293.72416732204,5.0,diagnosis_base,Baseline,base,referral_transfer_cost_usd
247,4,190090.73359073358,2881.0,Transfer Recurrent,173959.9493658833,5.0,diagnosis_base,Baseline,base,referral_transfer_cost_usd
247,5,183523.166023166,2782.0,Transfer Recurrent,163057.9560040636,5.0,diagnosis_base,Baseline,base,referral_transfer_cost_usd
247,6,192716.21621621618,2921.0,Transfer Recurrent,166238.70100138595,5.0,diagnosis_base,Baseline,base,referral_transfer_cost_usd
247,7,179913.1274131274,2727.0,Transfer Recurrent,150674.41177921457,5.0,diagnosis_base,Baseline,base,referral_transfer_cost_usd
247,8,184542.47104247104,2797.0,Transfer Recurrent,150049.91668695986,5.0,diagnosis_base,Baseline,base,referral_transfer_cost_usd
247,9,181243.24324324323,2747.0,Transfer Recurrent,143075.089873223,5.0,diagnosis_base,Baseline,base,referral_transfer_cost_usd
247,10,199283.78378378376,3020.0,Transfer Recurrent,152734.42637664138,6.0,diagnosis_base,Baseline,base,referral_transfer_cost_usd
248,1,195521.2355212355,2964.0,Transfer Recurrent,195521.2355212355,5.0,diagnosis_base,Baseline,base,referral_transfer_cost_usd
248,2,196820.4633204633,2983.0,Transfer Recurrent,191087.82846646922,6.0,diagnosis_base,Baseline,base,referral_transfer_cost_usd
248,3,195359.0733590733,2961.0,Transfer Recurrent,184144.66336042352,5.0,diagnosis_base,Baseline,base,referral_transfer_cost_usd
248,4,195687.25868725867,2966.0,Transfer Recurrent,179081.5626293289,5.0,diagnosis_base,Baseline,base,referral_transfer_cost_usd
248,5,193420.84942084938,2932.0,Transfer Recurrent,171851.91950727542,5.0,diagnosis_base,Baseline,base,referral_transfer_cost_usd
248,6,200413.12741312737,3038.0,Transfer Recurrent,172878.12421246635,5.0,diagnosis_base,Baseline,base,referral_transfer_cost_usd
248,7,188218.1467181467,2853.0,Transfer Recurrent,157629.73469862205,5.0,diagnosis_base,Baseline,base,referral_transfer_cost_usd
248,8,194750.9652509652,2952.0,Transfer Recurrent,158350.35667148425,5.0,diagnosis_base,Baseline,base,referral_transfer_cost_usd
248,9,189976.83397683396,2879.0,Transfer Recurrent,149969.46704703814,5.0,diagnosis_base,Baseline,base,referral_transfer_cost_usd
248,10,209654.44015444012,3178.0,Transfer Recurrent,160682.67094449844,6.0,diagnosis_base,Baseline,base,referral_transfer_cost_usd
249,1,189876.44787644787,2878.0,Transfer Recurrent,189876.44787644787,6.0,diagnosis_base,Baseline,base,referral_transfer_cost_usd
249,2,185806.9498069498,2816.0,Transfer Recurrent,180395.09689995126,5.0,diagnosis_base,Baseline,base,referral_transfer_cost_usd
249,3,185444.01544401541,2811.0,Transfer Recurrent,174798.7703308657,5.0,diagnosis_base,Baseline,base,referral_transfer_cost_usd
249,4,189779.92277992275,2876.0,Transfer Recurrent,173675.513444733,5.0,diagnosis_base,Baseline,base,referral_transfer_cost_usd
249,5,185706.56370656367,2815.0,Transfer Recurrent,164997.87656621155,5.0,diagnosis_base,Baseline,base,referral_transfer_cost_usd
249,6,187364.86486486485,2840.0,Transfer Recurrent,161622.5783173842,5.0,diagnosis_base,Baseline,base,referral_transfer_cost_usd
249,7,179996.138996139,2728.0,Transfer Recurrent,150743.93267310917,5.0,diagnosis_base,Baseline,base,referral_transfer_cost_usd
249,8,185216.2162162162,2807.0,Transfer Recurrent,150597.7331685406,5.0,diagnosis_base,Baseline,base,referral_transfer_cost_usd
249,9,182949.80694980692,2773.0,Transfer Recurrent,144422.2670221294,5.0,diagnosis_base,Baseline,base,referral_transfer_cost_usd
249,10,199546.332046332,3024.0,Transfer Recurrent,152935.6477581061,6.0,diagnosis_base,Baseline,base,referral_transfer_cost_usd
250,1,186117.7606177606,2821.0,Transfer Recurrent,186117.7606177606,5.0,diagnosis_base,Baseline,base,referral_transfer_cost_usd
250,2,183772.20077220077,2785.0,Transfer Recurrent,178419.61240019492,5.0,diagnosis_base,Baseline,base,referral_transfer_cost_usd
250,3,184722.0077220077,2800.0,Transfer Recurrent,174118.20880573825,5.0,diagnosis_base,Baseline,base,referral_transfer_cost_usd
250,4,182884.16988416985,2772.0,Transfer Recurrent,167364.92269722433,5.0,diagnosis_base,Baseline,base,referral_transfer_cost_usd
250,5,182752.89575289574,2770.0,Transfer Recurrent,162373.58084553396,5.0,diagnosis_base,Baseline,base,referral_transfer_cost_usd
250,6,184822.39382239382,2801.0,Transfer Recurrent,159429.42046210635,5.0,diagnosis_base,Baseline,base,referral_transfer_cost_usd
250,7,177895.75289575287,2696.0,Transfer Recurrent,148984.89238107862,5.0,diagnosis_base,Baseline,base,referral_transfer_cost_usd
250,8,182459.45945945944,2765.0,Transfer Recurrent,148356.23765078324,5.0,diagnosis_base,Baseline,base,referral_transfer_cost_usd
250,9,179011.583011583,2713.0,Transfer Recurrent,141313.39667849924,5.0,diagnosis_base,Baseline,base,referral_transfer_cost_usd
250,10,196247.10424710423,2974.0,Transfer Recurrent,150407.0643689647,6.0,diagnosis_base,Baseline,base,referral_transfer_cost_usd
201,1,0.0,0.0,Referral (Capital),0.0,,diagnosis_base,Baseline,base,referral_transfer_cost_usd
201,2,0.0,0.0,Referral (Capital),0.0,,diagnosis_base,Baseline,base,referral_transfer_cost_usd
201,3,0.0,0.0,Referral (Capital),0.0,,diagnosis_base,Baseline,base,referral_transfer_cost_usd
201,4,0.0,0.0,Referral (Capital),0.0,,diagnosis_base,Baseline,base,referral_transfer_cost_usd
201,5,0.0,0.0,Referral (Capital),0.0,,diagnosis_base,Baseline,base,referral_transfer_cost_usd
201,6,0.0,0.0,Referral (Capital),0.0,,diagnosis_base,Baseline,base,referral_transfer_cost_usd
201,7,0.0,0.0,Referral (Capital),0.0,,diagnosis_base,Baseline,base,referral_transfer_cost_usd
201,8,0.0,0.0,Referral (Capital),0.0,,diagnosis_base,Baseline,base,referral_transfer_cost_usd
201,9,0.0,0.0,Referral (Capital),0.0,,diagnosis_base,Baseline,base,referral_transfer_cost_usd
201,10,0.0,0.0,Referral (Capital),0.0,,diagnosis_base,Baseline,base,referral_transfer_cost_usd
202,1,0.0,0.0,Referral (Capital),0.0,,diagnosis_base,Baseline,base,referral_transfer_cost_usd
202,2,0.0,0.0,Referral (Capital),0.0,,diagnosis_base,Baseline,base,referral_transfer_cost_usd
202,3,0.0,0.0,Referral (Capital),0.0,,diagnosis_base,Baseline,base,referral_transfer_cost_usd
202,4,0.0,0.0,Referral (Capital),0.0,,diagnosis_base,Baseline,base,referral_transfer_cost_usd
202,5,0.0,0.0,Referral (Capital),0.0,,diagnosis_base,Baseline,base,referral_transfer_cost_usd
202,6,0.0,0.0,Referral (Capital),0.0,,diagnosis_base,Baseline,base,referral_transfer_cost_usd
202,7,0.0,0.0,Referral (Capital),0.0,,diagnosis_base,Baseline,base,referral_transfer_cost_usd
202,8,0.0,0.0,Referral (Capital),0.0,,diagnosis_base,Baseline,base,referral_transfer_cost_usd
202,9,0.0,0.0,Referral (Capital),0.0,,diagnosis_base,Baseline,base,referral_transfer_cost_usd
202,10,0.0,0.0,Referral (Capital),0.0,,diagnosis_base,Baseline,base,referral_transfer_cost_usd
203,1,0.0,0.0,Referral (Capital),0.0,,diagnosis_base,Baseline,base,referral_transfer_cost_usd
203,2,0.0,0.0,Referral (Capital),0.0,,diagnosis_base,Baseline,base,referral_transfer_cost_usd
203,3,0.0,0.0,Referral (Capital),0.0,,diagnosis_base,Baseline,base,referral_transfer_cost_usd
203,4,0.0,0.0,Referral (Capital),0.0,,diagnosis_base,Baseline,base,referral_transfer_cost_usd
203,5,0.0,0.0,Referral (Capital),0.0,,diagnosis_base,Baseline,base,referral_transfer_cost_usd
203,6,0.0,0.0,Referral (Capital),0.0,,diagnosis_base,Baseline,base,referral_transfer_cost_usd
203,7,0.0,0.0,Referral (Capital),0.0,,diagnosis_base,Baseline,base,referral_transfer_cost_usd
203,8,0.0,0.0,Referral (Capital),0.0,,diagnosis_base,Baseline,base,referral_transfer_cost_usd
203,9,0.0,0.0,Referral (Capital),0.0,,diagnosis_base,Baseline,base,referral_transfer_cost_usd
203,10,0.0,0.0,Referral (Capital),0.0,,diagnosis_base,Baseline,base,referral_transfer_cost_usd
204,1,0.0,0.0,Referral (Capital),0.0,,diagnosis_base,Baseline,base,referral_transfer_cost_usd
204,2,0.0,0.0,Referral (Capital),0.0,,diagnosis_base,Baseline,base,referral_transfer_cost_usd
204,3,0.0,0.0,Referral (Capital),0.0,,diagnosis_base,Baseline,base,referral_transfer_cost_usd
204,4,0.0,0.0,Referral (Capital),0.0,,diagnosis_base,Baseline,base,referral_transfer_cost_usd
204,5,0.0,0.0,Referral (Capital),0.0,,diagnosis_base,Baseline,base,referral_transfer_cost_usd
204,6,0.0,0.0,Referral (Capital),0.0,,diagnosis_base,Baseline,base,referral_transfer_cost_usd
204,7,0.0,0.0,Referral (Capital),0.0,,diagnosis_base,Baseline,base,referral_transfer_cost_usd
204,8,0.0,0.0,Referral (Capital),0.0,,diagnosis_base,Baseline,base,referral_transfer_cost_usd
204,9,0.0,0.0,Referral (Capital),0.0,,diagnosis_base,Baseline,base,referral_transfer_cost_usd
204,10,0.0,0.0,Referral (Capital),0.0,,diagnosis_base,Baseline,base,referral_transfer_cost_usd
205,1,0.0,0.0,Referral (Capital),0.0,,diagnosis_base,Baseline,base,referral_transfer_cost_usd
205,2,0.0,0.0,Referral (Capital),0.0,,diagnosis_base,Baseline,base,referral_transfer_cost_usd
205,3,0.0,0.0,Referral (Capital),0.0,,diagnosis_base,Baseline,base,referral_transfer_cost_usd
205,4,0.0,0.0,Referral (Capital),0.0,,diagnosis_base,Baseline,base,referral_transfer_cost_usd
205,5,0.0,0.0,Referral (Capital),0.0,,diagnosis_base,Baseline,base,referral_transfer_cost_usd
205,6,0.0,0.0,Referral (Capital),0.0,,diagnosis_base,Baseline,base,referral_transfer_cost_usd
205,7,0.0,0.0,Referral (Capital),0.0,,diagnosis_base,Baseline,base,referral_transfer_cost_usd
205,8,0.0,0.0,Referral (Capital),0.0,,diagnosis_base,Baseline,base,referral_transfer_cost_usd
205,9,0.0,0.0,Referral (Capital),0.0,,diagnosis_base,Baseline,base,referral_transfer_cost_usd
205,10,0.0,0.0,Referral (Capital),0.0,,diagnosis_base,Baseline,base,referral_transfer_cost_usd
206,1,0.0,0.0,Referral (Capital),0.0,,diagnosis_base,Baseline,base,referral_transfer_cost_usd
206,2,0.0,0.0,Referral (Capital),0.0,,diagnosis_base,Baseline,base,referral_transfer_cost_usd
206,3,0.0,0.0,Referral (Capital),0.0,,diagnosis_base,Baseline,base,referral_transfer_cost_usd
206,4,0.0,0.0,Referral (Capital),0.0,,diagnosis_base,Baseline,base,referral_transfer_cost_usd
206,5,0.0,0.0,Referral (Capital),0.0,,diagnosis_base,Baseline,base,referral_transfer_cost_usd
206,6,0.0,0.0,Referral (Capital),0.0,,diagnosis_base,Baseline,base,referral_transfer_cost_usd
206,7,0.0,0.0,Referral (Capital),0.0,,diagnosis_base,Baseline,base,referral_transfer_cost_usd
206,8,0.0,0.0,Referral (Capital),0.0,,diagnosis_base,Baseline,base,referral_transfer_cost_usd
206,9,0.0,0.0,Referral (Capital),0.0,,diagnosis_base,Baseline,base,referral_transfer_cost_usd
206,10,0.0,0.0,Referral (Capital),0.0,,diagnosis_base,Baseline,base,referral_transfer_cost_usd
207,1,0.0,0.0,Referral (Capital),0.0,,diagnosis_base,Baseline,base,referral_transfer_cost_usd
207,2,0.0,0.0,Referral (Capital),0.0,,diagnosis_base,Baseline,base,referral_transfer_cost_usd
207,3,0.0,0.0,Referral (Capital),0.0,,diagnosis_base,Baseline,base,referral_transfer_cost_usd
207,4,0.0,0.0,Referral (Capital),0.0,,diagnosis_base,Baseline,base,referral_transfer_cost_usd
207,5,0.0,0.0,Referral (Capital),0.0,,diagnosis_base,Baseline,base,referral_transfer_cost_usd
207,6,0.0,0.0,Referral (Capital),0.0,,diagnosis_base,Baseline,base,referral_transfer_cost_usd
207,7,0.0,0.0,Referral (Capital),0.0,,diagnosis_base,Baseline,base,referral_transfer_cost_usd
207,8,0.0,0.0,Referral (Capital),0.0,,diagnosis_base,Baseline,base,referral_transfer_cost_usd
207,9,0.0,0.0,Referral (Capital),0.0,,diagnosis_base,Baseline,base,referral_transfer_cost_usd
207,10,0.0,0.0,Referral (Capital),0.0,,diagnosis_base,Baseline,base,referral_transfer_cost_usd
208,1,0.0,0.0,Referral (Capital),0.0,,diagnosis_base,Baseline,base,referral_transfer_cost_usd
208,2,0.0,0.0,Referral (Capital),0.0,,diagnosis_base,Baseline,base,referral_transfer_cost_usd
208,3,0.0,0.0,Referral (Capital),0.0,,diagnosis_base,Baseline,base,referral_transfer_cost_usd
208,4,0.0,0.0,Referral (Capital),0.0,,diagnosis_base,Baseline,base,referral_transfer_cost_usd
208,5,0.0,0.0,Referral (Capital),0.0,,diagnosis_base,Baseline,base,referral_transfer_cost_usd
208,6,0.0,0.0,Referral (Capital),0.0,,diagnosis_base,Baseline,base,referral_transfer_cost_usd
208,7,0.0,0.0,Referral (Capital),0.0,,diagnosis_base,Baseline,base,referral_transfer_cost_usd
208,8,0.0,0.0,Referral (Capital),0.0,,diagnosis_base,Baseline,base,referral_transfer_cost_usd
208,9,0.0,0.0,Referral (Capital),0.0,,diagnosis_base,Baseline,base,referral_transfer_cost_usd
208,10,0.0,0.0,Referral (Capital),0.0,,diagnosis_base,Baseline,base,referral_transfer_cost_usd
209,1,0.0,0.0,Referral (Capital),0.0,,diagnosis_base,Baseline,base,referral_transfer_cost_usd
209,2,0.0,0.0,Referral (Capital),0.0,,diagnosis_base,Baseline,base,referral_transfer_cost_usd
209,3,0.0,0.0,Referral (Capital),0.0,,diagnosis_base,Baseline,base,referral_transfer_cost_usd
209,4,0.0,0.0,Referral (Capital),0.0,,diagnosis_base,Baseline,base,referral_transfer_cost_usd
209,5,0.0,0.0,Referral (Capital),0.0,,diagnosis_base,Baseline,base,referral_transfer_cost_usd
209,6,0.0,0.0,Referral (Capital),0.0,,diagnosis_base,Baseline,base,referral_transfer_cost_usd
209,7,0.0,0.0,Referral (Capital),0.0,,diagnosis_base,Baseline,base,referral_transfer_cost_usd
209,8,0.0,0.0,Referral (Capital),0.0,,diagnosis_base,Baseline,base,referral_transfer_cost_usd
209,9,0.0,0.0,Referral (Capital),0.0,,diagnosis_base,Baseline,base,referral_transfer_cost_usd
209,10,0.0,0.0,Referral (Capital),0.0,,diagnosis_base,Baseline,base,referral_transfer_cost_usd
210,1,0.0,0.0,Referral (Capital),0.0,,diagnosis_base,Baseline,base,referral_transfer_cost_usd
210,2,0.0,0.0,Referral (Capital),0.0,,diagnosis_base,Baseline,base,referral_transfer_cost_usd
210,3,0.0,0.0,Referral (Capital),0.0,,diagnosis_base,Baseline,base,referral_transfer_cost_usd
210,4,0.0,0.0,Referral (Capital),0.0,,diagnosis_base,Baseline,base,referral_transfer_cost_usd
210,5,0.0,0.0,Referral (Capital),0.0,,diagnosis_base,Baseline,base,referral_transfer_cost_usd
210,6,0.0,0.0,Referral (Capital),0.0,,diagnosis_base,Baseline,base,referral_transfer_cost_usd
210,7,0.0,0.0,Referral (Capital),0.0,,diagnosis_base,Baseline,base,referral_transfer_cost_usd
210,8,0.0,0.0,Referral (Capital),0.0,,diagnosis_base,Baseline,base,referral_transfer_cost_usd
210,9,0.0,0.0,Referral (Capital),0.0,,diagnosis_base,Baseline,base,referral_transfer_cost_usd
210,10,0.0,0.0,Referral (Capital),0.0,,diagnosis_base,Baseline,base,referral_transfer_cost_usd
211,1,0.0,0.0,Referral (Capital),0.0,,diagnosis_base,Baseline,base,referral_transfer_cost_usd
211,2,0.0,0.0,Referral (Capital),0.0,,diagnosis_base,Baseline,base,referral_transfer_cost_usd
211,3,0.0,0.0,Referral (Capital),0.0,,diagnosis_base,Baseline,base,referral_transfer_cost_usd
211,4,0.0,0.0,Referral (Capital),0.0,,diagnosis_base,Baseline,base,referral_transfer_cost_usd
211,5,0.0,0.0,Referral (Capital),0.0,,diagnosis_base,Baseline,base,referral_transfer_cost_usd
211,6,0.0,0.0,Referral (Capital),0.0,,diagnosis_base,Baseline,base,referral_transfer_cost_usd
211,7,0.0,0.0,Referral (Capital),0.0,,diagnosis_base,Baseline,base,referral_transfer_cost_usd
211,8,0.0,0.0,Referral (Capital),0.0,,diagnosis_base,Baseline,base,referral_transfer_cost_usd
211,9,0.0,0.0,Referral (Capital),0.0,,diagnosis_base,Baseline,base,referral_transfer_cost_usd
211,10,0.0,0.0,Referral (Capital),0.0,,diagnosis_base,Baseline,base,referral_transfer_cost_usd
212,1,0.0,0.0,Referral (Capital),0.0,,diagnosis_base,Baseline,base,referral_transfer_cost_usd
212,2,0.0,0.0,Referral (Capital),0.0,,diagnosis_base,Baseline,base,referral_transfer_cost_usd
212,3,0.0,0.0,Referral (Capital),0.0,,diagnosis_base,Baseline,base,referral_transfer_cost_usd
212,4,0.0,0.0,Referral (Capital),0.0,,diagnosis_base,Baseline,base,referral_transfer_cost_usd
212,5,0.0,0.0,Referral (Capital),0.0,,diagnosis_base,Baseline,base,referral_transfer_cost_usd
212,6,0.0,0.0,Referral (Capital),0.0,,diagnosis_base,Baseline,base,referral_transfer_cost_usd
212,7,0.0,0.0,Referral (Capital),0.0,,diagnosis_base,Baseline,base,referral_transfer_cost_usd
212,8,0.0,0.0,Referral (Capital),0.0,,diagnosis_base,Baseline,base,referral_transfer_cost_usd
212,9,0.0,0.0,Referral (Capital),0.0,,diagnosis_base,Baseline,base,referral_transfer_cost_usd
212,10,0.0,0.0,Referral (Capital),0.0,,diagnosis_base,Baseline,base,referral_transfer_cost_usd
213,1,0.0,0.0,Referral (Capital),0.0,,diagnosis_base,Baseline,base,referral_transfer_cost_usd
213,2,0.0,0.0,Referral (Capital),0.0,,diagnosis_base,Baseline,base,referral_transfer_cost_usd
213,3,0.0,0.0,Referral (Capital),0.0,,diagnosis_base,Baseline,base,referral_transfer_cost_usd
213,4,0.0,0.0,Referral (Capital),0.0,,diagnosis_base,Baseline,base,referral_transfer_cost_usd
213,5,0.0,0.0,Referral (Capital),0.0,,diagnosis_base,Baseline,base,referral_transfer_cost_usd
213,6,0.0,0.0,Referral (Capital),0.0,,diagnosis_base,Baseline,base,referral_transfer_cost_usd
213,7,0.0,0.0,Referral (Capital),0.0,,diagnosis_base,Baseline,base,referral_transfer_cost_usd
213,8,0.0,0.0,Referral (Capital),0.0,,diagnosis_base,Baseline,base,referral_transfer_cost_usd
213,9,0.0,0.0,Referral (Capital),0.0,,diagnosis_base,Baseline,base,referral_transfer_cost_usd
213,10,0.0,0.0,Referral (Capital),0.0,,diagnosis_base,Baseline,base,referral_transfer_cost_usd
214,1,0.0,0.0,Referral (Capital),0.0,,diagnosis_base,Baseline,base,referral_transfer_cost_usd
214,2,0.0,0.0,Referral (Capital),0.0,,diagnosis_base,Baseline,base,referral_transfer_cost_usd
214,3,0.0,0.0,Referral (Capital),0.0,,diagnosis_base,Baseline,base,referral_transfer_cost_usd
214,4,0.0,0.0,Referral (Capital),0.0,,diagnosis_base,Baseline,base,referral_transfer_cost_usd
214,5,0.0,0.0,Referral (Capital),0.0,,diagnosis_base,Baseline,base,referral_transfer_cost_usd
214,6,0.0,0.0,Referral (Capital),0.0,,diagnosis_base,Baseline,base,referral_transfer_cost_usd
214,7,0.0,0.0,Referral (Capital),0.0,,diagnosis_base,Baseline,base,referral_transfer_cost_usd
214,8,0.0,0.0,Referral (Capital),0.0,,diagnosis_base,Baseline,base,referral_transfer_cost_usd
214,9,0.0,0.0,Referral (Capital),0.0,,diagnosis_base,Baseline,base,referral_transfer_cost_usd
214,10,0.0,0.0,Referral (Capital),0.0,,diagnosis_base,Baseline,base,referral_transfer_cost_usd
215,1,0.0,0.0,Referral (Capital),0.0,,diagnosis_base,Baseline,base,referral_transfer_cost_usd
215,2,0.0,0.0,Referral (Capital),0.0,,diagnosis_base,Baseline,base,referral_transfer_cost_usd
215,3,0.0,0.0,Referral (Capital),0.0,,diagnosis_base,Baseline,base,referral_transfer_cost_usd
215,4,0.0,0.0,Referral (Capital),0.0,,diagnosis_base,Baseline,base,referral_transfer_cost_usd
215,5,0.0,0.0,Referral (Capital),0.0,,diagnosis_base,Baseline,base,referral_transfer_cost_usd
215,6,0.0,0.0,Referral (Capital),0.0,,diagnosis_base,Baseline,base,referral_transfer_cost_usd
215,7,0.0,0.0,Referral (Capital),0.0,,diagnosis_base,Baseline,base,referral_transfer_cost_usd
215,8,0.0,0.0,Referral (Capital),0.0,,diagnosis_base,Baseline,base,referral_transfer_cost_usd
215,9,0.0,0.0,Referral (Capital),0.0,,diagnosis_base,Baseline,base,referral_transfer_cost_usd
215,10,0.0,0.0,Referral (Capital),0.0,,diagnosis_base,Baseline,base,referral_transfer_cost_usd
216,1,0.0,0.0,Referral (Capital),0.0,,diagnosis_base,Baseline,base,referral_transfer_cost_usd
216,2,0.0,0.0,Referral (Capital),0.0,,diagnosis_base,Baseline,base,referral_transfer_cost_usd
216,3,0.0,0.0,Referral (Capital),0.0,,diagnosis_base,Baseline,base,referral_transfer_cost_usd
216,4,0.0,0.0,Referral (Capital),0.0,,diagnosis_base,Baseline,base,referral_transfer_cost_usd
216,5,0.0,0.0,Referral (Capital),0.0,,diagnosis_base,Baseline,base,referral_transfer_cost_usd
216,6,0.0,0.0,Referral (Capital),0.0,,diagnosis_base,Baseline,base,referral_transfer_cost_usd
216,7,0.0,0.0,Referral (Capital),0.0,,diagnosis_base,Baseline,base,referral_transfer_cost_usd
216,8,0.0,0.0,Referral (Capital),0.0,,diagnosis_base,Baseline,base,referral_transfer_cost_usd
216,9,0.0,0.0,Referral (Capital),0.0,,diagnosis_base,Baseline,base,referral_transfer_cost_usd
216,10,0.0,0.0,Referral (Capital),0.0,,diagnosis_base,Baseline,base,referral_transfer_cost_usd
217,1,0.0,0.0,Referral (Capital),0.0,,diagnosis_base,Baseline,base,referral_transfer_cost_usd
217,2,0.0,0.0,Referral (Capital),0.0,,diagnosis_base,Baseline,base,referral_transfer_cost_usd
217,3,0.0,0.0,Referral (Capital),0.0,,diagnosis_base,Baseline,base,referral_transfer_cost_usd
217,4,0.0,0.0,Referral (Capital),0.0,,diagnosis_base,Baseline,base,referral_transfer_cost_usd
217,5,0.0,0.0,Referral (Capital),0.0,,diagnosis_base,Baseline,base,referral_transfer_cost_usd
217,6,0.0,0.0,Referral (Capital),0.0,,diagnosis_base,Baseline,base,referral_transfer_cost_usd
217,7,0.0,0.0,Referral (Capital),0.0,,diagnosis_base,Baseline,base,referral_transfer_cost_usd
217,8,0.0,0.0,Referral (Capital),0.0,,diagnosis_base,Baseline,base,referral_transfer_cost_usd
217,9,0.0,0.0,Referral (Capital),0.0,,diagnosis_base,Baseline,base,referral_transfer_cost_usd
217,10,0.0,0.0,Referral (Capital),0.0,,diagnosis_base,Baseline,base,referral_transfer_cost_usd
218,1,0.0,0.0,Referral (Capital),0.0,,diagnosis_base,Baseline,base,referral_transfer_cost_usd
218,2,0.0,0.0,Referral (Capital),0.0,,diagnosis_base,Baseline,base,referral_transfer_cost_usd
218,3,0.0,0.0,Referral (Capital),0.0,,diagnosis_base,Baseline,base,referral_transfer_cost_usd
218,4,0.0,0.0,Referral (Capital),0.0,,diagnosis_base,Baseline,base,referral_transfer_cost_usd
218,5,0.0,0.0,Referral (Capital),0.0,,diagnosis_base,Baseline,base,referral_transfer_cost_usd
218,6,0.0,0.0,Referral (Capital),0.0,,diagnosis_base,Baseline,base,referral_transfer_cost_usd
218,7,0.0,0.0,Referral (Capital),0.0,,diagnosis_base,Baseline,base,referral_transfer_cost_usd
218,8,0.0,0.0,Referral (Capital),0.0,,diagnosis_base,Baseline,base,referral_transfer_cost_usd
218,9,0.0,0.0,Referral (Capital),0.0,,diagnosis_base,Baseline,base,referral_transfer_cost_usd
218,10,0.0,0.0,Referral (Capital),0.0,,diagnosis_base,Baseline,base,referral_transfer_cost_usd
219,1,0.0,0.0,Referral (Capital),0.0,,diagnosis_base,Baseline,base,referral_transfer_cost_usd
219,2,0.0,0.0,Referral (Capital),0.0,,diagnosis_base,Baseline,base,referral_transfer_cost_usd
219,3,0.0,0.0,Referral (Capital),0.0,,diagnosis_base,Baseline,base,referral_transfer_cost_usd
219,4,0.0,0.0,Referral (Capital),0.0,,diagnosis_base,Baseline,base,referral_transfer_cost_usd
219,5,0.0,0.0,Referral (Capital),0.0,,diagnosis_base,Baseline,base,referral_transfer_cost_usd
219,6,0.0,0.0,Referral (Capital),0.0,,diagnosis_base,Baseline,base,referral_transfer_cost_usd
219,7,0.0,0.0,Referral (Capital),0.0,,diagnosis_base,Baseline,base,referral_transfer_cost_usd
219,8,0.0,0.0,Referral (Capital),0.0,,diagnosis_base,Baseline,base,referral_transfer_cost_usd
219,9,0.0,0.0,Referral (Capital),0.0,,diagnosis_base,Baseline,base,referral_transfer_cost_usd
219,10,0.0,0.0,Referral (Capital),0.0,,diagnosis_base,Baseline,base,referral_transfer_cost_usd
220,1,0.0,0.0,Referral (Capital),0.0,,diagnosis_base,Baseline,base,referral_transfer_cost_usd
220,2,0.0,0.0,Referral (Capital),0.0,,diagnosis_base,Baseline,base,referral_transfer_cost_usd
220,3,0.0,0.0,Referral (Capital),0.0,,diagnosis_base,Baseline,base,referral_transfer_cost_usd
220,4,0.0,0.0,Referral (Capital),0.0,,diagnosis_base,Baseline,base,referral_transfer_cost_usd
220,5,0.0,0.0,Referral (Capital),0.0,,diagnosis_base,Baseline,base,referral_transfer_cost_usd
220,6,0.0,0.0,Referral (Capital),0.0,,diagnosis_base,Baseline,base,referral_transfer_cost_usd
220,7,0.0,0.0,Referral (Capital),0.0,,diagnosis_base,Baseline,base,referral_transfer_cost_usd
220,8,0.0,0.0,Referral (Capital),0.0,,diagnosis_base,Baseline,base,referral_transfer_cost_usd
220,9,0.0,0.0,Referral (Capital),0.0,,diagnosis_base,Baseline,base,referral_transfer_cost_usd
220,10,0.0,0.0,Referral (Capital),0.0,,diagnosis_base,Baseline,base,referral_transfer_cost_usd
221,1,0.0,0.0,Referral (Capital),0.0,,diagnosis_base,Baseline,base,referral_transfer_cost_usd
221,2,0.0,0.0,Referral (Capital),0.0,,diagnosis_base,Baseline,base,referral_transfer_cost_usd
221,3,0.0,0.0,Referral (Capital),0.0,,diagnosis_base,Baseline,base,referral_transfer_cost_usd
221,4,0.0,0.0,Referral (Capital),0.0,,diagnosis_base,Baseline,base,referral_transfer_cost_usd
221,5,0.0,0.0,Referral (Capital),0.0,,diagnosis_base,Baseline,base,referral_transfer_cost_usd
221,6,0.0,0.0,Referral (Capital),0.0,,diagnosis_base,Baseline,base,referral_transfer_cost_usd
221,7,0.0,0.0,Referral (Capital),0.0,,diagnosis_base,Baseline,base,referral_transfer_cost_usd
221,8,0.0,0.0,Referral (Capital),0.0,,diagnosis_base,Baseline,base,referral_transfer_cost_usd
221,9,0.0,0.0,Referral (Capital),0.0,,diagnosis_base,Baseline,base,referral_transfer_cost_usd
221,10,0.0,0.0,Referral (Capital),0.0,,diagnosis_base,Baseline,base,referral_transfer_cost_usd
222,1,0.0,0.0,Referral (Capital),0.0,,diagnosis_base,Baseline,base,referral_transfer_cost_usd
222,2,0.0,0.0,Referral (Capital),0.0,,diagnosis_base,Baseline,base,referral_transfer_cost_usd
222,3,0.0,0.0,Referral (Capital),0.0,,diagnosis_base,Baseline,base,referral_transfer_cost_usd
222,4,0.0,0.0,Referral (Capital),0.0,,diagnosis_base,Baseline,base,referral_transfer_cost_usd
222,5,0.0,0.0,Referral (Capital),0.0,,diagnosis_base,Baseline,base,referral_transfer_cost_usd
222,6,0.0,0.0,Referral (Capital),0.0,,diagnosis_base,Baseline,base,referral_transfer_cost_usd
222,7,0.0,0.0,Referral (Capital),0.0,,diagnosis_base,Baseline,base,referral_transfer_cost_usd
222,8,0.0,0.0,Referral (Capital),0.0,,diagnosis_base,Baseline,base,referral_transfer_cost_usd
222,9,0.0,0.0,Referral (Capital),0.0,,diagnosis_base,Baseline,base,referral_transfer_cost_usd
222,10,0.0,0.0,Referral (Capital),0.0,,diagnosis_base,Baseline,base,referral_transfer_cost_usd
223,1,0.0,0.0,Referral (Capital),0.0,,diagnosis_base,Baseline,base,referral_transfer_cost_usd
223,2,0.0,0.0,Referral (Capital),0.0,,diagnosis_base,Baseline,base,referral_transfer_cost_usd
223,3,0.0,0.0,Referral (Capital),0.0,,diagnosis_base,Baseline,base,referral_transfer_cost_usd
223,4,0.0,0.0,Referral (Capital),0.0,,diagnosis_base,Baseline,base,referral_transfer_cost_usd
223,5,0.0,0.0,Referral (Capital),0.0,,diagnosis_base,Baseline,base,referral_transfer_cost_usd
223,6,0.0,0.0,Referral (Capital),0.0,,diagnosis_base,Baseline,base,referral_transfer_cost_usd
223,7,0.0,0.0,Referral (Capital),0.0,,diagnosis_base,Baseline,base,referral_transfer_cost_usd
223,8,0.0,0.0,Referral (Capital),0.0,,diagnosis_base,Baseline,base,referral_transfer_cost_usd
223,9,0.0,0.0,Referral (Capital),0.0,,diagnosis_base,Baseline,base,referral_transfer_cost_usd
223,10,0.0,0.0,Referral (Capital),0.0,,diagnosis_base,Baseline,base,referral_transfer_cost_usd
224,1,0.0,0.0,Referral (Capital),0.0,,diagnosis_base,Baseline,base,referral_transfer_cost_usd
224,2,0.0,0.0,Referral (Capital),0.0,,diagnosis_base,Baseline,base,referral_transfer_cost_usd
224,3,0.0,0.0,Referral (Capital),0.0,,diagnosis_base,Baseline,base,referral_transfer_cost_usd
224,4,0.0,0.0,Referral (Capital),0.0,,diagnosis_base,Baseline,base,referral_transfer_cost_usd
224,5,0.0,0.0,Referral (Capital),0.0,,diagnosis_base,Baseline,base,referral_transfer_cost_usd
224,6,0.0,0.0,Referral (Capital),0.0,,diagnosis_base,Baseline,base,referral_transfer_cost_usd
224,7,0.0,0.0,Referral (Capital),0.0,,diagnosis_base,Baseline,base,referral_transfer_cost_usd
224,8,0.0,0.0,Referral (Capital),0.0,,diagnosis_base,Baseline,base,referral_transfer_cost_usd
224,9,0.0,0.0,Referral (Capital),0.0,,diagnosis_base,Baseline,base,referral_transfer_cost_usd
224,10,0.0,0.0,Referral (Capital),0.0,,diagnosis_base,Baseline,base,referral_transfer_cost_usd
225,1,0.0,0.0,Referral (Capital),0.0,,diagnosis_base,Baseline,base,referral_transfer_cost_usd
225,2,0.0,0.0,Referral (Capital),0.0,,diagnosis_base,Baseline,base,referral_transfer_cost_usd
225,3,0.0,0.0,Referral (Capital),0.0,,diagnosis_base,Baseline,base,referral_transfer_cost_usd
225,4,0.0,0.0,Referral (Capital),0.0,,diagnosis_base,Baseline,base,referral_transfer_cost_usd
225,5,0.0,0.0,Referral (Capital),0.0,,diagnosis_base,Baseline,base,referral_transfer_cost_usd
225,6,0.0,0.0,Referral (Capital),0.0,,diagnosis_base,Baseline,base,referral_transfer_cost_usd
225,7,0.0,0.0,Referral (Capital),0.0,,diagnosis_base,Baseline,base,referral_transfer_cost_usd
225,8,0.0,0.0,Referral (Capital),0.0,,diagnosis_base,Baseline,base,referral_transfer_cost_usd
225,9,0.0,0.0,Referral (Capital),0.0,,diagnosis_base,Baseline,base,referral_transfer_cost_usd
225,10,0.0,0.0,Referral (Capital),0.0,,diagnosis_base,Baseline,base,referral_transfer_cost_usd
226,1,0.0,0.0,Referral (Capital),0.0,,diagnosis_base,Baseline,base,referral_transfer_cost_usd
226,2,0.0,0.0,Referral (Capital),0.0,,diagnosis_base,Baseline,base,referral_transfer_cost_usd
226,3,0.0,0.0,Referral (Capital),0.0,,diagnosis_base,Baseline,base,referral_transfer_cost_usd
226,4,0.0,0.0,Referral (Capital),0.0,,diagnosis_base,Baseline,base,referral_transfer_cost_usd
226,5,0.0,0.0,Referral (Capital),0.0,,diagnosis_base,Baseline,base,referral_transfer_cost_usd
226,6,0.0,0.0,Referral (Capital),0.0,,diagnosis_base,Baseline,base,referral_transfer_cost_usd
226,7,0.0,0.0,Referral (Capital),0.0,,diagnosis_base,Baseline,base,referral_transfer_cost_usd
226,8,0.0,0.0,Referral (Capital),0.0,,diagnosis_base,Baseline,base,referral_transfer_cost_usd
226,9,0.0,0.0,Referral (Capital),0.0,,diagnosis_base,Baseline,base,referral_transfer_cost_usd
226,10,0.0,0.0,Referral (Capital),0.0,,diagnosis_base,Baseline,base,referral_transfer_cost_usd
227,1,0.0,0.0,Referral (Capital),0.0,,diagnosis_base,Baseline,base,referral_transfer_cost_usd
227,2,0.0,0.0,Referral (Capital),0.0,,diagnosis_base,Baseline,base,referral_transfer_cost_usd
227,3,0.0,0.0,Referral (Capital),0.0,,diagnosis_base,Baseline,base,referral_transfer_cost_usd
227,4,0.0,0.0,Referral (Capital),0.0,,diagnosis_base,Baseline,base,referral_transfer_cost_usd
227,5,0.0,0.0,Referral (Capital),0.0,,diagnosis_base,Baseline,base,referral_transfer_cost_usd
227,6,0.0,0.0,Referral (Capital),0.0,,diagnosis_base,Baseline,base,referral_transfer_cost_usd
227,7,0.0,0.0,Referral (Capital),0.0,,diagnosis_base,Baseline,base,referral_transfer_cost_usd
227,8,0.0,0.0,Referral (Capital),0.0,,diagnosis_base,Baseline,base,referral_transfer_cost_usd
227,9,0.0,0.0,Referral (Capital),0.0,,diagnosis_base,Baseline,base,referral_transfer_cost_usd
227,10,0.0,0.0,Referral (Capital),0.0,,diagnosis_base,Baseline,base,referral_transfer_cost_usd
228,1,0.0,0.0,Referral (Capital),0.0,,diagnosis_base,Baseline,base,referral_transfer_cost_usd
228,2,0.0,0.0,Referral (Capital),0.0,,diagnosis_base,Baseline,base,referral_transfer_cost_usd
228,3,0.0,0.0,Referral (Capital),0.0,,diagnosis_base,Baseline,base,referral_transfer_cost_usd
228,4,0.0,0.0,Referral (Capital),0.0,,diagnosis_base,Baseline,base,referral_transfer_cost_usd
228,5,0.0,0.0,Referral (Capital),0.0,,diagnosis_base,Baseline,base,referral_transfer_cost_usd
228,6,0.0,0.0,Referral (Capital),0.0,,diagnosis_base,Baseline,base,referral_transfer_cost_usd
228,7,0.0,0.0,Referral (Capital),0.0,,diagnosis_base,Baseline,base,referral_transfer_cost_usd
228,8,0.0,0.0,Referral (Capital),0.0,,diagnosis_base,Baseline,base,referral_transfer_cost_usd
228,9,0.0,0.0,Referral (Capital),0.0,,diagnosis_base,Baseline,base,referral_transfer_cost_usd
228,10,0.0,0.0,Referral (Capital),0.0,,diagnosis_base,Baseline,base,referral_transfer_cost_usd
229,1,0.0,0.0,Referral (Capital),0.0,,diagnosis_base,Baseline,base,referral_transfer_cost_usd
229,2,0.0,0.0,Referral (Capital),0.0,,diagnosis_base,Baseline,base,referral_transfer_cost_usd
229,3,0.0,0.0,Referral (Capital),0.0,,diagnosis_base,Baseline,base,referral_transfer_cost_usd
229,4,0.0,0.0,Referral (Capital),0.0,,diagnosis_base,Baseline,base,referral_transfer_cost_usd
229,5,0.0,0.0,Referral (Capital),0.0,,diagnosis_base,Baseline,base,referral_transfer_cost_usd
229,6,0.0,0.0,Referral (Capital),0.0,,diagnosis_base,Baseline,base,referral_transfer_cost_usd
229,7,0.0,0.0,Referral (Capital),0.0,,diagnosis_base,Baseline,base,referral_transfer_cost_usd
229,8,0.0,0.0,Referral (Capital),0.0,,diagnosis_base,Baseline,base,referral_transfer_cost_usd
229,9,0.0,0.0,Referral (Capital),0.0,,diagnosis_base,Baseline,base,referral_transfer_cost_usd
229,10,0.0,0.0,Referral (Capital),0.0,,diagnosis_base,Baseline,base,referral_transfer_cost_usd
230,1,0.0,0.0,Referral (Capital),0.0,,diagnosis_base,Baseline,base,referral_transfer_cost_usd
230,2,0.0,0.0,Referral (Capital),0.0,,diagnosis_base,Baseline,base,referral_transfer_cost_usd
230,3,0.0,0.0,Referral (Capital),0.0,,diagnosis_base,Baseline,base,referral_transfer_cost_usd
230,4,0.0,0.0,Referral (Capital),0.0,,diagnosis_base,Baseline,base,referral_transfer_cost_usd
230,5,0.0,0.0,Referral (Capital),0.0,,diagnosis_base,Baseline,base,referral_transfer_cost_usd
230,6,0.0,0.0,Referral (Capital),0.0,,diagnosis_base,Baseline,base,referral_transfer_cost_usd
230,7,0.0,0.0,Referral (Capital),0.0,,diagnosis_base,Baseline,base,referral_transfer_cost_usd
230,8,0.0,0.0,Referral (Capital),0.0,,diagnosis_base,Baseline,base,referral_transfer_cost_usd
230,9,0.0,0.0,Referral (Capital),0.0,,diagnosis_base,Baseline,base,referral_transfer_cost_usd
230,10,0.0,0.0,Referral (Capital),0.0,,diagnosis_base,Baseline,base,referral_transfer_cost_usd
231,1,0.0,0.0,Referral (Capital),0.0,,diagnosis_base,Baseline,base,referral_transfer_cost_usd
231,2,0.0,0.0,Referral (Capital),0.0,,diagnosis_base,Baseline,base,referral_transfer_cost_usd
231,3,0.0,0.0,Referral (Capital),0.0,,diagnosis_base,Baseline,base,referral_transfer_cost_usd
231,4,0.0,0.0,Referral (Capital),0.0,,diagnosis_base,Baseline,base,referral_transfer_cost_usd
231,5,0.0,0.0,Referral (Capital),0.0,,diagnosis_base,Baseline,base,referral_transfer_cost_usd
231,6,0.0,0.0,Referral (Capital),0.0,,diagnosis_base,Baseline,base,referral_transfer_cost_usd
231,7,0.0,0.0,Referral (Capital),0.0,,diagnosis_base,Baseline,base,referral_transfer_cost_usd
231,8,0.0,0.0,Referral (Capital),0.0,,diagnosis_base,Baseline,base,referral_transfer_cost_usd
231,9,0.0,0.0,Referral (Capital),0.0,,diagnosis_base,Baseline,base,referral_transfer_cost_usd
231,10,0.0,0.0,Referral (Capital),0.0,,diagnosis_base,Baseline,base,referral_transfer_cost_usd
232,1,0.0,0.0,Referral (Capital),0.0,,diagnosis_base,Baseline,base,referral_transfer_cost_usd
232,2,0.0,0.0,Referral (Capital),0.0,,diagnosis_base,Baseline,base,referral_transfer_cost_usd
232,3,0.0,0.0,Referral (Capital),0.0,,diagnosis_base,Baseline,base,referral_transfer_cost_usd
232,4,0.0,0.0,Referral (Capital),0.0,,diagnosis_base,Baseline,base,referral_transfer_cost_usd
232,5,0.0,0.0,Referral (Capital),0.0,,diagnosis_base,Baseline,base,referral_transfer_cost_usd
232,6,0.0,0.0,Referral (Capital),0.0,,diagnosis_base,Baseline,base,referral_transfer_cost_usd
232,7,0.0,0.0,Referral (Capital),0.0,,diagnosis_base,Baseline,base,referral_transfer_cost_usd
232,8,0.0,0.0,Referral (Capital),0.0,,diagnosis_base,Baseline,base,referral_transfer_cost_usd
232,9,0.0,0.0,Referral (Capital),0.0,,diagnosis_base,Baseline,base,referral_transfer_cost_usd
232,10,0.0,0.0,Referral (Capital),0.0,,diagnosis_base,Baseline,base,referral_transfer_cost_usd
233,1,0.0,0.0,Referral (Capital),0.0,,diagnosis_base,Baseline,base,referral_transfer_cost_usd
233,2,0.0,0.0,Referral (Capital),0.0,,diagnosis_base,Baseline,base,referral_transfer_cost_usd
233,3,0.0,0.0,Referral (Capital),0.0,,diagnosis_base,Baseline,base,referral_transfer_cost_usd
233,4,0.0,0.0,Referral (Capital),0.0,,diagnosis_base,Baseline,base,referral_transfer_cost_usd
233,5,0.0,0.0,Referral (Capital),0.0,,diagnosis_base,Baseline,base,referral_transfer_cost_usd
233,6,0.0,0.0,Referral (Capital),0.0,,diagnosis_base,Baseline,base,referral_transfer_cost_usd
233,7,0.0,0.0,Referral (Capital),0.0,,diagnosis_base,Baseline,base,referral_transfer_cost_usd
233,8,0.0,0.0,Referral (Capital),0.0,,diagnosis_base,Baseline,base,referral_transfer_cost_usd
233,9,0.0,0.0,Referral (Capital),0.0,,diagnosis_base,Baseline,base,referral_transfer_cost_usd
233,10,0.0,0.0,Referral (Capital),0.0,,diagnosis_base,Baseline,base,referral_transfer_cost_usd
234,1,0.0,0.0,Referral (Capital),0.0,,diagnosis_base,Baseline,base,referral_transfer_cost_usd
234,2,0.0,0.0,Referral (Capital),0.0,,diagnosis_base,Baseline,base,referral_transfer_cost_usd
234,3,0.0,0.0,Referral (Capital),0.0,,diagnosis_base,Baseline,base,referral_transfer_cost_usd
234,4,0.0,0.0,Referral (Capital),0.0,,diagnosis_base,Baseline,base,referral_transfer_cost_usd
234,5,0.0,0.0,Referral (Capital),0.0,,diagnosis_base,Baseline,base,referral_transfer_cost_usd
234,6,0.0,0.0,Referral (Capital),0.0,,diagnosis_base,Baseline,base,referral_transfer_cost_usd
234,7,0.0,0.0,Referral (Capital),0.0,,diagnosis_base,Baseline,base,referral_transfer_cost_usd
234,8,0.0,0.0,Referral (Capital),0.0,,diagnosis_base,Baseline,base,referral_transfer_cost_usd
234,9,0.0,0.0,Referral (Capital),0.0,,diagnosis_base,Baseline,base,referral_transfer_cost_usd
234,10,0.0,0.0,Referral (Capital),0.0,,diagnosis_base,Baseline,base,referral_transfer_cost_usd
235,1,0.0,0.0,Referral (Capital),0.0,,diagnosis_base,Baseline,base,referral_transfer_cost_usd
235,2,0.0,0.0,Referral (Capital),0.0,,diagnosis_base,Baseline,base,referral_transfer_cost_usd
235,3,0.0,0.0,Referral (Capital),0.0,,diagnosis_base,Baseline,base,referral_transfer_cost_usd
235,4,0.0,0.0,Referral (Capital),0.0,,diagnosis_base,Baseline,base,referral_transfer_cost_usd
235,5,0.0,0.0,Referral (Capital),0.0,,diagnosis_base,Baseline,base,referral_transfer_cost_usd
235,6,0.0,0.0,Referral (Capital),0.0,,diagnosis_base,Baseline,base,referral_transfer_cost_usd
235,7,0.0,0.0,Referral (Capital),0.0,,diagnosis_base,Baseline,base,referral_transfer_cost_usd
235,8,0.0,0.0,Referral (Capital),0.0,,diagnosis_base,Baseline,base,referral_transfer_cost_usd
235,9,0.0,0.0,Referral (Capital),0.0,,diagnosis_base,Baseline,base,referral_transfer_cost_usd
235,10,0.0,0.0,Referral (Capital),0.0,,diagnosis_base,Baseline,base,referral_transfer_cost_usd
236,1,0.0,0.0,Referral (Capital),0.0,,diagnosis_base,Baseline,base,referral_transfer_cost_usd
236,2,0.0,0.0,Referral (Capital),0.0,,diagnosis_base,Baseline,base,referral_transfer_cost_usd
236,3,0.0,0.0,Referral (Capital),0.0,,diagnosis_base,Baseline,base,referral_transfer_cost_usd
236,4,0.0,0.0,Referral (Capital),0.0,,diagnosis_base,Baseline,base,referral_transfer_cost_usd
236,5,0.0,0.0,Referral (Capital),0.0,,diagnosis_base,Baseline,base,referral_transfer_cost_usd
236,6,0.0,0.0,Referral (Capital),0.0,,diagnosis_base,Baseline,base,referral_transfer_cost_usd
236,7,0.0,0.0,Referral (Capital),0.0,,diagnosis_base,Baseline,base,referral_transfer_cost_usd
236,8,0.0,0.0,Referral (Capital),0.0,,diagnosis_base,Baseline,base,referral_transfer_cost_usd
236,9,0.0,0.0,Referral (Capital),0.0,,diagnosis_base,Baseline,base,referral_transfer_cost_usd
236,10,0.0,0.0,Referral (Capital),0.0,,diagnosis_base,Baseline,base,referral_transfer_cost_usd
237,1,0.0,0.0,Referral (Capital),0.0,,diagnosis_base,Baseline,base,referral_transfer_cost_usd
237,2,0.0,0.0,Referral (Capital),0.0,,diagnosis_base,Baseline,base,referral_transfer_cost_usd
237,3,0.0,0.0,Referral (Capital),0.0,,diagnosis_base,Baseline,base,referral_transfer_cost_usd
237,4,0.0,0.0,Referral (Capital),0.0,,diagnosis_base,Baseline,base,referral_transfer_cost_usd
237,5,0.0,0.0,Referral (Capital),0.0,,diagnosis_base,Baseline,base,referral_transfer_cost_usd
237,6,0.0,0.0,Referral (Capital),0.0,,diagnosis_base,Baseline,base,referral_transfer_cost_usd
237,7,0.0,0.0,Referral (Capital),0.0,,diagnosis_base,Baseline,base,referral_transfer_cost_usd
237,8,0.0,0.0,Referral (Capital),0.0,,diagnosis_base,Baseline,base,referral_transfer_cost_usd
237,9,0.0,0.0,Referral (Capital),0.0,,diagnosis_base,Baseline,base,referral_transfer_cost_usd
237,10,0.0,0.0,Referral (Capital),0.0,,diagnosis_base,Baseline,base,referral_transfer_cost_usd
238,1,0.0,0.0,Referral (Capital),0.0,,diagnosis_base,Baseline,base,referral_transfer_cost_usd
238,2,0.0,0.0,Referral (Capital),0.0,,diagnosis_base,Baseline,base,referral_transfer_cost_usd
238,3,0.0,0.0,Referral (Capital),0.0,,diagnosis_base,Baseline,base,referral_transfer_cost_usd
238,4,0.0,0.0,Referral (Capital),0.0,,diagnosis_base,Baseline,base,referral_transfer_cost_usd
238,5,0.0,0.0,Referral (Capital),0.0,,diagnosis_base,Baseline,base,referral_transfer_cost_usd
238,6,0.0,0.0,Referral (Capital),0.0,,diagnosis_base,Baseline,base,referral_transfer_cost_usd
238,7,0.0,0.0,Referral (Capital),0.0,,diagnosis_base,Baseline,base,referral_transfer_cost_usd
238,8,0.0,0.0,Referral (Capital),0.0,,diagnosis_base,Baseline,base,referral_transfer_cost_usd
238,9,0.0,0.0,Referral (Capital),0.0,,diagnosis_base,Baseline,base,referral_transfer_cost_usd
238,10,0.0,0.0,Referral (Capital),0.0,,diagnosis_base,Baseline,base,referral_transfer_cost_usd
239,1,0.0,0.0,Referral (Capital),0.0,,diagnosis_base,Baseline,base,referral_transfer_cost_usd
239,2,0.0,0.0,Referral (Capital),0.0,,diagnosis_base,Baseline,base,referral_transfer_cost_usd
239,3,0.0,0.0,Referral (Capital),0.0,,diagnosis_base,Baseline,base,referral_transfer_cost_usd
239,4,0.0,0.0,Referral (Capital),0.0,,diagnosis_base,Baseline,base,referral_transfer_cost_usd
239,5,0.0,0.0,Referral (Capital),0.0,,diagnosis_base,Baseline,base,referral_transfer_cost_usd
239,6,0.0,0.0,Referral (Capital),0.0,,diagnosis_base,Baseline,base,referral_transfer_cost_usd
239,7,0.0,0.0,Referral (Capital),0.0,,diagnosis_base,Baseline,base,referral_transfer_cost_usd
239,8,0.0,0.0,Referral (Capital),0.0,,diagnosis_base,Baseline,base,referral_transfer_cost_usd
239,9,0.0,0.0,Referral (Capital),0.0,,diagnosis_base,Baseline,base,referral_transfer_cost_usd
239,10,0.0,0.0,Referral (Capital),0.0,,diagnosis_base,Baseline,base,referral_transfer_cost_usd
240,1,0.0,0.0,Referral (Capital),0.0,,diagnosis_base,Baseline,base,referral_transfer_cost_usd
240,2,0.0,0.0,Referral (Capital),0.0,,diagnosis_base,Baseline,base,referral_transfer_cost_usd
240,3,0.0,0.0,Referral (Capital),0.0,,diagnosis_base,Baseline,base,referral_transfer_cost_usd
240,4,0.0,0.0,Referral (Capital),0.0,,diagnosis_base,Baseline,base,referral_transfer_cost_usd
240,5,0.0,0.0,Referral (Capital),0.0,,diagnosis_base,Baseline,base,referral_transfer_cost_usd
240,6,0.0,0.0,Referral (Capital),0.0,,diagnosis_base,Baseline,base,referral_transfer_cost_usd
240,7,0.0,0.0,Referral (Capital),0.0,,diagnosis_base,Baseline,base,referral_transfer_cost_usd
240,8,0.0,0.0,Referral (Capital),0.0,,diagnosis_base,Baseline,base,referral_transfer_cost_usd
240,9,0.0,0.0,Referral (Capital),0.0,,diagnosis_base,Baseline,base,referral_transfer_cost_usd
240,10,0.0,0.0,Referral (Capital),0.0,,diagnosis_base,Baseline,base,referral_transfer_cost_usd
241,1,0.0,0.0,Referral (Capital),0.0,,diagnosis_base,Baseline,base,referral_transfer_cost_usd
241,2,0.0,0.0,Referral (Capital),0.0,,diagnosis_base,Baseline,base,referral_transfer_cost_usd
241,3,0.0,0.0,Referral (Capital),0.0,,diagnosis_base,Baseline,base,referral_transfer_cost_usd
241,4,0.0,0.0,Referral (Capital),0.0,,diagnosis_base,Baseline,base,referral_transfer_cost_usd
241,5,0.0,0.0,Referral (Capital),0.0,,diagnosis_base,Baseline,base,referral_transfer_cost_usd
241,6,0.0,0.0,Referral (Capital),0.0,,diagnosis_base,Baseline,base,referral_transfer_cost_usd
241,7,0.0,0.0,Referral (Capital),0.0,,diagnosis_base,Baseline,base,referral_transfer_cost_usd
241,8,0.0,0.0,Referral (Capital),0.0,,diagnosis_base,Baseline,base,referral_transfer_cost_usd
241,9,0.0,0.0,Referral (Capital),0.0,,diagnosis_base,Baseline,base,referral_transfer_cost_usd
241,10,0.0,0.0,Referral (Capital),0.0,,diagnosis_base,Baseline,base,referral_transfer_cost_usd
242,1,0.0,0.0,Referral (Capital),0.0,,diagnosis_base,Baseline,base,referral_transfer_cost_usd
242,2,0.0,0.0,Referral (Capital),0.0,,diagnosis_base,Baseline,base,referral_transfer_cost_usd
242,3,0.0,0.0,Referral (Capital),0.0,,diagnosis_base,Baseline,base,referral_transfer_cost_usd
242,4,0.0,0.0,Referral (Capital),0.0,,diagnosis_base,Baseline,base,referral_transfer_cost_usd
242,5,0.0,0.0,Referral (Capital),0.0,,diagnosis_base,Baseline,base,referral_transfer_cost_usd
242,6,0.0,0.0,Referral (Capital),0.0,,diagnosis_base,Baseline,base,referral_transfer_cost_usd
242,7,0.0,0.0,Referral (Capital),0.0,,diagnosis_base,Baseline,base,referral_transfer_cost_usd
242,8,0.0,0.0,Referral (Capital),0.0,,diagnosis_base,Baseline,base,referral_transfer_cost_usd
242,9,0.0,0.0,Referral (Capital),0.0,,diagnosis_base,Baseline,base,referral_transfer_cost_usd
242,10,0.0,0.0,Referral (Capital),0.0,,diagnosis_base,Baseline,base,referral_transfer_cost_usd
243,1,0.0,0.0,Referral (Capital),0.0,,diagnosis_base,Baseline,base,referral_transfer_cost_usd
243,2,0.0,0.0,Referral (Capital),0.0,,diagnosis_base,Baseline,base,referral_transfer_cost_usd
243,3,0.0,0.0,Referral (Capital),0.0,,diagnosis_base,Baseline,base,referral_transfer_cost_usd
243,4,0.0,0.0,Referral (Capital),0.0,,diagnosis_base,Baseline,base,referral_transfer_cost_usd
243,5,0.0,0.0,Referral (Capital),0.0,,diagnosis_base,Baseline,base,referral_transfer_cost_usd
243,6,0.0,0.0,Referral (Capital),0.0,,diagnosis_base,Baseline,base,referral_transfer_cost_usd
243,7,0.0,0.0,Referral (Capital),0.0,,diagnosis_base,Baseline,base,referral_transfer_cost_usd
243,8,0.0,0.0,Referral (Capital),0.0,,diagnosis_base,Baseline,base,referral_transfer_cost_usd
243,9,0.0,0.0,Referral (Capital),0.0,,diagnosis_base,Baseline,base,referral_transfer_cost_usd
243,10,0.0,0.0,Referral (Capital),0.0,,diagnosis_base,Baseline,base,referral_transfer_cost_usd
244,1,0.0,0.0,Referral (Capital),0.0,,diagnosis_base,Baseline,base,referral_transfer_cost_usd
244,2,0.0,0.0,Referral (Capital),0.0,,diagnosis_base,Baseline,base,referral_transfer_cost_usd
244,3,0.0,0.0,Referral (Capital),0.0,,diagnosis_base,Baseline,base,referral_transfer_cost_usd
244,4,0.0,0.0,Referral (Capital),0.0,,diagnosis_base,Baseline,base,referral_transfer_cost_usd
244,5,0.0,0.0,Referral (Capital),0.0,,diagnosis_base,Baseline,base,referral_transfer_cost_usd
244,6,0.0,0.0,Referral (Capital),0.0,,diagnosis_base,Baseline,base,referral_transfer_cost_usd
244,7,0.0,0.0,Referral (Capital),0.0,,diagnosis_base,Baseline,base,referral_transfer_cost_usd
244,8,0.0,0.0,Referral (Capital),0.0,,diagnosis_base,Baseline,base,referral_transfer_cost_usd
244,9,0.0,0.0,Referral (Capital),0.0,,diagnosis_base,Baseline,base,referral_transfer_cost_usd
244,10,0.0,0.0,Referral (Capital),0.0,,diagnosis_base,Baseline,base,referral_transfer_cost_usd
245,1,0.0,0.0,Referral (Capital),0.0,,diagnosis_base,Baseline,base,referral_transfer_cost_usd
245,2,0.0,0.0,Referral (Capital),0.0,,diagnosis_base,Baseline,base,referral_transfer_cost_usd
245,3,0.0,0.0,Referral (Capital),0.0,,diagnosis_base,Baseline,base,referral_transfer_cost_usd
245,4,0.0,0.0,Referral (Capital),0.0,,diagnosis_base,Baseline,base,referral_transfer_cost_usd
245,5,0.0,0.0,Referral (Capital),0.0,,diagnosis_base,Baseline,base,referral_transfer_cost_usd
245,6,0.0,0.0,Referral (Capital),0.0,,diagnosis_base,Baseline,base,referral_transfer_cost_usd
245,7,0.0,0.0,Referral (Capital),0.0,,diagnosis_base,Baseline,base,referral_transfer_cost_usd
245,8,0.0,0.0,Referral (Capital),0.0,,diagnosis_base,Baseline,base,referral_transfer_cost_usd
245,9,0.0,0.0,Referral (Capital),0.0,,diagnosis_base,Baseline,base,referral_transfer_cost_usd
245,10,0.0,0.0,Referral (Capital),0.0,,diagnosis_base,Baseline,base,referral_transfer_cost_usd
246,1,0.0,0.0,Referral (Capital),0.0,,diagnosis_base,Baseline,base,referral_transfer_cost_usd
246,2,0.0,0.0,Referral (Capital),0.0,,diagnosis_base,Baseline,base,referral_transfer_cost_usd
246,3,0.0,0.0,Referral (Capital),0.0,,diagnosis_base,Baseline,base,referral_transfer_cost_usd
246,4,0.0,0.0,Referral (Capital),0.0,,diagnosis_base,Baseline,base,referral_transfer_cost_usd
246,5,0.0,0.0,Referral (Capital),0.0,,diagnosis_base,Baseline,base,referral_transfer_cost_usd
246,6,0.0,0.0,Referral (Capital),0.0,,diagnosis_base,Baseline,base,referral_transfer_cost_usd
246,7,0.0,0.0,Referral (Capital),0.0,,diagnosis_base,Baseline,base,referral_transfer_cost_usd
246,8,0.0,0.0,Referral (Capital),0.0,,diagnosis_base,Baseline,base,referral_transfer_cost_usd
246,9,0.0,0.0,Referral (Capital),0.0,,diagnosis_base,Baseline,base,referral_transfer_cost_usd
246,10,0.0,0.0,Referral (Capital),0.0,,diagnosis_base,Baseline,base,referral_transfer_cost_usd
247,1,0.0,0.0,Referral (Capital),0.0,,diagnosis_base,Baseline,base,referral_transfer_cost_usd
247,2,0.0,0.0,Referral (Capital),0.0,,diagnosis_base,Baseline,base,referral_transfer_cost_usd
247,3,0.0,0.0,Referral (Capital),0.0,,diagnosis_base,Baseline,base,referral_transfer_cost_usd
247,4,0.0,0.0,Referral (Capital),0.0,,diagnosis_base,Baseline,base,referral_transfer_cost_usd
247,5,0.0,0.0,Referral (Capital),0.0,,diagnosis_base,Baseline,base,referral_transfer_cost_usd
247,6,0.0,0.0,Referral (Capital),0.0,,diagnosis_base,Baseline,base,referral_transfer_cost_usd
247,7,0.0,0.0,Referral (Capital),0.0,,diagnosis_base,Baseline,base,referral_transfer_cost_usd
247,8,0.0,0.0,Referral (Capital),0.0,,diagnosis_base,Baseline,base,referral_transfer_cost_usd
247,9,0.0,0.0,Referral (Capital),0.0,,diagnosis_base,Baseline,base,referral_transfer_cost_usd
247,10,0.0,0.0,Referral (Capital),0.0,,diagnosis_base,Baseline,base,referral_transfer_cost_usd
248,1,0.0,0.0,Referral (Capital),0.0,,diagnosis_base,Baseline,base,referral_transfer_cost_usd
248,2,0.0,0.0,Referral (Capital),0.0,,diagnosis_base,Baseline,base,referral_transfer_cost_usd
248,3,0.0,0.0,Referral (Capital),0.0,,diagnosis_base,Baseline,base,referral_transfer_cost_usd
248,4,0.0,0.0,Referral (Capital),0.0,,diagnosis_base,Baseline,base,referral_transfer_cost_usd
248,5,0.0,0.0,Referral (Capital),0.0,,diagnosis_base,Baseline,base,referral_transfer_cost_usd
248,6,0.0,0.0,Referral (Capital),0.0,,diagnosis_base,Baseline,base,referral_transfer_cost_usd
248,7,0.0,0.0,Referral (Capital),0.0,,diagnosis_base,Baseline,base,referral_transfer_cost_usd
248,8,0.0,0.0,Referral (Capital),0.0,,diagnosis_base,Baseline,base,referral_transfer_cost_usd
248,9,0.0,0.0,Referral (Capital),0.0,,diagnosis_base,Baseline,base,referral_transfer_cost_usd
248,10,0.0,0.0,Referral (Capital),0.0,,diagnosis_base,Baseline,base,referral_transfer_cost_usd
249,1,0.0,0.0,Referral (Capital),0.0,,diagnosis_base,Baseline,base,referral_transfer_cost_usd
249,2,0.0,0.0,Referral (Capital),0.0,,diagnosis_base,Baseline,base,referral_transfer_cost_usd
249,3,0.0,0.0,Referral (Capital),0.0,,diagnosis_base,Baseline,base,referral_transfer_cost_usd
249,4,0.0,0.0,Referral (Capital),0.0,,diagnosis_base,Baseline,base,referral_transfer_cost_usd
249,5,0.0,0.0,Referral (Capital),0.0,,diagnosis_base,Baseline,base,referral_transfer_cost_usd
249,6,0.0,0.0,Referral (Capital),0.0,,diagnosis_base,Baseline,base,referral_transfer_cost_usd
249,7,0.0,0.0,Referral (Capital),0.0,,diagnosis_base,Baseline,base,referral_transfer_cost_usd
249,8,0.0,0.0,Referral (Capital),0.0,,diagnosis_base,Baseline,base,referral_transfer_cost_usd
249,9,0.0,0.0,Referral (Capital),0.0,,diagnosis_base,Baseline,base,referral_transfer_cost_usd
249,10,0.0,0.0,Referral (Capital),0.0,,diagnosis_base,Baseline,base,referral_transfer_cost_usd
250,1,0.0,0.0,Referral (Capital),0.0,,diagnosis_base,Baseline,base,referral_transfer_cost_usd
250,2,0.0,0.0,Referral (Capital),0.0,,diagnosis_base,Baseline,base,referral_transfer_cost_usd
250,3,0.0,0.0,Referral (Capital),0.0,,diagnosis_base,Baseline,base,referral_transfer_cost_usd
250,4,0.0,0.0,Referral (Capital),0.0,,diagnosis_base,Baseline,base,referral_transfer_cost_usd
250,5,0.0,0.0,Referral (Capital),0.0,,diagnosis_base,Baseline,base,referral_transfer_cost_usd
250,6,0.0,0.0,Referral (Capital),0.0,,diagnosis_base,Baseline,base,referral_transfer_cost_usd
250,7,0.0,0.0,Referral (Capital),0.0,,diagnosis_base,Baseline,base,referral_transfer_cost_usd
250,8,0.0,0.0,Referral (Capital),0.0,,diagnosis_base,Baseline,base,referral_transfer_cost_usd
250,9,0.0,0.0,Referral (Capital),0.0,,diagnosis_base,Baseline,base,referral_transfer_cost_usd
250,10,0.0,0.0,Referral (Capital),0.0,,diagnosis_base,Baseline,base,referral_transfer_cost_usd
201,1,1100.2035354353345,5.0,Transfer (Capital),1100.2035354353345,,diagnosis_base,Baseline,base,referral_transfer_cost_usd
201,2,1100.2035354353345,5.0,Transfer (Capital),1068.158772267315,,diagnosis_base,Baseline,base,referral_transfer_cost_usd
201,3,1100.2035354353345,5.0,Transfer (Capital),1037.04735171584,,diagnosis_base,Baseline,base,referral_transfer_cost_usd
201,4,1100.2035354353345,5.0,Transfer (Capital),1006.8420890445047,,diagnosis_base,Baseline,base,referral_transfer_cost_usd
201,5,1100.2035354353345,5.0,Transfer (Capital),977.5165913053443,,diagnosis_base,Baseline,base,referral_transfer_cost_usd
201,6,1100.2035354353345,5.0,Transfer (Capital),949.0452342770334,,diagnosis_base,Baseline,base,referral_transfer_cost_usd
201,7,1100.2035354353345,5.0,Transfer (Capital),921.4031400747896,,diagnosis_base,Baseline,base,referral_transfer_cost_usd
201,8,1100.2035354353345,5.0,Transfer (Capital),894.5661554124171,,diagnosis_base,Baseline,base,referral_transfer_cost_usd
201,9,1100.2035354353345,5.0,Transfer (Capital),868.5108304974922,,diagnosis_base,Baseline,base,referral_transfer_cost_usd
201,10,1100.2035354353345,5.0,Transfer (Capital),843.2143985412546,,diagnosis_base,Baseline,base,referral_transfer_cost_usd
202,1,1320.2442425224012,6.0,Transfer (Capital),1320.2442425224012,,diagnosis_base,Baseline,base,referral_transfer_cost_usd
202,2,1320.2442425224012,6.0,Transfer (Capital),1281.790526720778,,diagnosis_base,Baseline,base,referral_transfer_cost_usd
202,3,1320.2442425224012,6.0,Transfer (Capital),1244.4568220590077,,diagnosis_base,Baseline,base,referral_transfer_cost_usd
202,4,1320.2442425224012,6.0,Transfer (Capital),1208.2105068534056,,diagnosis_base,Baseline,base,referral_transfer_cost_usd
202,5,1320.2442425224012,6.0,Transfer (Capital),1173.019909566413,,diagnosis_base,Baseline,base,referral_transfer_cost_usd
202,6,1320.2442425224012,6.0,Transfer (Capital),1138.8542811324398,,diagnosis_base,Baseline,base,referral_transfer_cost_usd
202,7,1320.2442425224012,6.0,Transfer (Capital),1105.6837680897474,,diagnosis_base,Baseline,base,referral_transfer_cost_usd
202,8,1320.2442425224012,6.0,Transfer (Capital),1073.4793864949004,,diagnosis_base,Baseline,base,referral_transfer_cost_usd
202,9,1320.2442425224012,6.0,Transfer (Capital),1042.2129965969905,,diagnosis_base,Baseline,base,referral_transfer_cost_usd
202,10,1320.2442425224012,6.0,Transfer (Capital),1011.8572782495054,,diagnosis_base,Baseline,base,referral_transfer_cost_usd
203,1,1100.2035354353345,5.0,Transfer (Capital),1100.2035354353345,,diagnosis_base,Baseline,base,referral_transfer_cost_usd
203,2,1100.2035354353345,5.0,Transfer (Capital),1068.158772267315,,diagnosis_base,Baseline,base,referral_transfer_cost_usd
203,3,1100.2035354353345,5.0,Transfer (Capital),1037.04735171584,,diagnosis_base,Baseline,base,referral_transfer_cost_usd
203,4,1100.2035354353345,5.0,Transfer (Capital),1006.8420890445047,,diagnosis_base,Baseline,base,referral_transfer_cost_usd
203,5,1100.2035354353345,5.0,Transfer (Capital),977.5165913053443,,diagnosis_base,Baseline,base,referral_transfer_cost_usd
203,6,1100.2035354353345,5.0,Transfer (Capital),949.0452342770334,,diagnosis_base,Baseline,base,referral_transfer_cost_usd
203,7,1100.2035354353345,5.0,Transfer (Capital),921.4031400747896,,diagnosis_base,Baseline,base,referral_transfer_cost_usd
203,8,1100.2035354353345,5.0,Transfer (Capital),894.5661554124171,,diagnosis_base,Baseline,base,referral_transfer_cost_usd
203,9,1100.2035354353345,5.0,Transfer (Capital),868.5108304974922,,diagnosis_base,Baseline,base,referral_transfer_cost_usd
203,10,1100.2035354353345,5.0,Transfer (Capital),843.2143985412546,,diagnosis_base,Baseline,base,referral_transfer_cost_usd
204,1,1320.2442425224012,6.0,Transfer (Capital),1320.2442425224012,,diagnosis_base,Baseline,base,referral_transfer_cost_usd
204,2,1320.2442425224012,6.0,Transfer (Capital),1281.790526720778,,diagnosis_base,Baseline,base,referral_transfer_cost_usd
204,3,1320.2442425224012,6.0,Transfer (Capital),1244.4568220590077,,diagnosis_base,Baseline,base,referral_transfer_cost_usd
204,4,1320.2442425224012,6.0,Transfer (Capital),1208.2105068534056,,diagnosis_base,Baseline,base,referral_transfer_cost_usd
204,5,1320.2442425224012,6.0,Transfer (Capital),1173.019909566413,,diagnosis_base,Baseline,base,referral_transfer_cost_usd
204,6,1320.2442425224012,6.0,Transfer (Capital),1138.8542811324398,,diagnosis_base,Baseline,base,referral_transfer_cost_usd
204,7,1320.2442425224012,6.0,Transfer (Capital),1105.6837680897474,,diagnosis_base,Baseline,base,referral_transfer_cost_usd
204,8,1320.2442425224012,6.0,Transfer (Capital),1073.4793864949004,,diagnosis_base,Baseline,base,referral_transfer_cost_usd
204,9,1320.2442425224012,6.0,Transfer (Capital),1042.2129965969905,,diagnosis_base,Baseline,base,referral_transfer_cost_usd
204,10,1320.2442425224012,6.0,Transfer (Capital),1011.8572782495054,,diagnosis_base,Baseline,base,referral_transfer_cost_usd
205,1,1320.2442425224012,6.0,Transfer (Capital),1320.2442425224012,,diagnosis_base,Baseline,base,referral_transfer_cost_usd
205,2,1320.2442425224012,6.0,Transfer (Capital),1281.790526720778,,diagnosis_base,Baseline,base,referral_transfer_cost_usd
205,3,1320.2442425224012,6.0,Transfer (Capital),1244.4568220590077,,diagnosis_base,Baseline,base,referral_transfer_cost_usd
205,4,1320.2442425224012,6.0,Transfer (Capital),1208.2105068534056,,diagnosis_base,Baseline,base,referral_transfer_cost_usd
205,5,1320.2442425224012,6.0,Transfer (Capital),1173.019909566413,,diagnosis_base,Baseline,base,referral_transfer_cost_usd
205,6,1320.2442425224012,6.0,Transfer (Capital),1138.8542811324398,,diagnosis_base,Baseline,base,referral_transfer_cost_usd
205,7,1320.2442425224012,6.0,Transfer (Capital),1105.6837680897474,,diagnosis_base,Baseline,base,referral_transfer_cost_usd
205,8,1320.2442425224012,6.0,Transfer (Capital),1073.4793864949004,,diagnosis_base,Baseline,base,referral_transfer_cost_usd
205,9,1320.2442425224012,6.0,Transfer (Capital),1042.2129965969905,,diagnosis_base,Baseline,base,referral_transfer_cost_usd
205,10,1320.2442425224012,6.0,Transfer (Capital),1011.8572782495054,,diagnosis_base,Baseline,base,referral_transfer_cost_usd
206,1,1320.2442425224012,6.0,Transfer (Capital),1320.2442425224012,,diagnosis_base,Baseline,base,referral_transfer_cost_usd
206,2,1320.2442425224012,6.0,Transfer (Capital),1281.790526720778,,diagnosis_base,Baseline,base,referral_transfer_cost_usd
206,3,1320.2442425224012,6.0,Transfer (Capital),1244.4568220590077,,diagnosis_base,Baseline,base,referral_transfer_cost_usd
206,4,1320.2442425224012,6.0,Transfer (Capital),1208.2105068534056,,diagnosis_base,Baseline,base,referral_transfer_cost_usd
206,5,1320.2442425224012,6.0,Transfer (Capital),1173.019909566413,,diagnosis_base,Baseline,base,referral_transfer_cost_usd
206,6,1320.2442425224012,6.0,Transfer (Capital),1138.8542811324398,,diagnosis_base,Baseline,base,referral_transfer_cost_usd
206,7,1320.2442425224012,6.0,Transfer (Capital),1105.6837680897474,,diagnosis_base,Baseline,base,referral_transfer_cost_usd
206,8,1320.2442425224012,6.0,Transfer (Capital),1073.4793864949004,,diagnosis_base,Baseline,base,referral_transfer_cost_usd
206,9,1320.2442425224012,6.0,Transfer (Capital),1042.2129965969905,,diagnosis_base,Baseline,base,referral_transfer_cost_usd
206,10,1320.2442425224012,6.0,Transfer (Capital),1011.8572782495054,,diagnosis_base,Baseline,base,referral_transfer_cost_usd
207,1,1100.2035354353345,5.0,Transfer (Capital),1100.2035354353345,,diagnosis_base,Baseline,base,referral_transfer_cost_usd
207,2,1100.2035354353345,5.0,Transfer (Capital),1068.158772267315,,diagnosis_base,Baseline,base,referral_transfer_cost_usd
207,3,1100.2035354353345,5.0,Transfer (Capital),1037.04735171584,,diagnosis_base,Baseline,base,referral_transfer_cost_usd
207,4,1100.2035354353345,5.0,Transfer (Capital),1006.8420890445047,,diagnosis_base,Baseline,base,referral_transfer_cost_usd
207,5,1100.2035354353345,5.0,Transfer (Capital),977.5165913053443,,diagnosis_base,Baseline,base,referral_transfer_cost_usd
207,6,1100.2035354353345,5.0,Transfer (Capital),949.0452342770334,,diagnosis_base,Baseline,base,referral_transfer_cost_usd
207,7,1100.2035354353345,5.0,Transfer (Capital),921.4031400747896,,diagnosis_base,Baseline,base,referral_transfer_cost_usd
207,8,1100.2035354353345,5.0,Transfer (Capital),894.5661554124171,,diagnosis_base,Baseline,base,referral_transfer_cost_usd
207,9,1100.2035354353345,5.0,Transfer (Capital),868.5108304974922,,diagnosis_base,Baseline,base,referral_transfer_cost_usd
207,10,1100.2035354353345,5.0,Transfer (Capital),843.2143985412546,,diagnosis_base,Baseline,base,referral_transfer_cost_usd
208,1,1320.2442425224012,6.0,Transfer (Capital),1320.2442425224012,,diagnosis_base,Baseline,base,referral_transfer_cost_usd
208,2,1320.2442425224012,6.0,Transfer (Capital),1281.790526720778,,diagnosis_base,Baseline,base,referral_transfer_cost_usd
208,3,1320.2442425224012,6.0,Transfer (Capital),1244.4568220590077,,diagnosis_base,Baseline,base,referral_transfer_cost_usd
208,4,1320.2442425224012,6.0,Transfer (Capital),1208.2105068534056,,diagnosis_base,Baseline,base,referral_transfer_cost_usd
208,5,1320.2442425224012,6.0,Transfer (Capital),1173.019909566413,,diagnosis_base,Baseline,base,referral_transfer_cost_usd
208,6,1320.2442425224012,6.0,Transfer (Capital),1138.8542811324398,,diagnosis_base,Baseline,base,referral_transfer_cost_usd
208,7,1320.2442425224012,6.0,Transfer (Capital),1105.6837680897474,,diagnosis_base,Baseline,base,referral_transfer_cost_usd
208,8,1320.2442425224012,6.0,Transfer (Capital),1073.4793864949004,,diagnosis_base,Baseline,base,referral_transfer_cost_usd
208,9,1320.2442425224012,6.0,Transfer (Capital),1042.2129965969905,,diagnosis_base,Baseline,base,referral_transfer_cost_usd
208,10,1320.2442425224012,6.0,Transfer (Capital),1011.8572782495054,,diagnosis_base,Baseline,base,referral_transfer_cost_usd
209,1,1320.2442425224012,6.0,Transfer (Capital),1320.2442425224012,,diagnosis_base,Baseline,base,referral_transfer_cost_usd
209,2,1320.2442425224012,6.0,Transfer (Capital),1281.790526720778,,diagnosis_base,Baseline,base,referral_transfer_cost_usd
209,3,1320.2442425224012,6.0,Transfer (Capital),1244.4568220590077,,diagnosis_base,Baseline,base,referral_transfer_cost_usd
209,4,1320.2442425224012,6.0,Transfer (Capital),1208.2105068534056,,diagnosis_base,Baseline,base,referral_transfer_cost_usd
209,5,1320.2442425224012,6.0,Transfer (Capital),1173.019909566413,,diagnosis_base,Baseline,base,referral_transfer_cost_usd
209,6,1320.2442425224012,6.0,Transfer (Capital),1138.8542811324398,,diagnosis_base,Baseline,base,referral_transfer_cost_usd
209,7,1320.2442425224012,6.0,Transfer (Capital),1105.6837680897474,,diagnosis_base,Baseline,base,referral_transfer_cost_usd
209,8,1320.2442425224012,6.0,Transfer (Capital),1073.4793864949004,,diagnosis_base,Baseline,base,referral_transfer_cost_usd
209,9,1320.2442425224012,6.0,Transfer (Capital),1042.2129965969905,,diagnosis_base,Baseline,base,referral_transfer_cost_usd
209,10,1320.2442425224012,6.0,Transfer (Capital),1011.8572782495054,,diagnosis_base,Baseline,base,referral_transfer_cost_usd
210,1,1100.2035354353345,5.0,Transfer (Capital),1100.2035354353345,,diagnosis_base,Baseline,base,referral_transfer_cost_usd
210,2,1100.2035354353345,5.0,Transfer (Capital),1068.158772267315,,diagnosis_base,Baseline,base,referral_transfer_cost_usd
210,3,1100.2035354353345,5.0,Transfer (Capital),1037.04735171584,,diagnosis_base,Baseline,base,referral_transfer_cost_usd
210,4,1100.2035354353345,5.0,Transfer (Capital),1006.8420890445047,,diagnosis_base,Baseline,base,referral_transfer_cost_usd
210,5,1100.2035354353345,5.0,Transfer (Capital),977.5165913053443,,diagnosis_base,Baseline,base,referral_transfer_cost_usd
210,6,1100.2035354353345,5.0,Transfer (Capital),949.0452342770334,,diagnosis_base,Baseline,base,referral_transfer_cost_usd
210,7,1100.2035354353345,5.0,Transfer (Capital),921.4031400747896,,diagnosis_base,Baseline,base,referral_transfer_cost_usd
210,8,1100.2035354353345,5.0,Transfer (Capital),894.5661554124171,,diagnosis_base,Baseline,base,referral_transfer_cost_usd
210,9,1100.2035354353345,5.0,Transfer (Capital),868.5108304974922,,diagnosis_base,Baseline,base,referral_transfer_cost_usd
210,10,1100.2035354353345,5.0,Transfer (Capital),843.2143985412546,,diagnosis_base,Baseline,base,referral_transfer_cost_usd
211,1,1100.2035354353345,5.0,Transfer (Capital),1100.2035354353345,,diagnosis_base,Baseline,base,referral_transfer_cost_usd
211,2,1100.2035354353345,5.0,Transfer (Capital),1068.158772267315,,diagnosis_base,Baseline,base,referral_transfer_cost_usd
211,3,1100.2035354353345,5.0,Transfer (Capital),1037.04735171584,,diagnosis_base,Baseline,base,referral_transfer_cost_usd
211,4,1100.2035354353345,5.0,Transfer (Capital),1006.8420890445047,,diagnosis_base,Baseline,base,referral_transfer_cost_usd
211,5,1100.2035354353345,5.0,Transfer (Capital),977.5165913053443,,diagnosis_base,Baseline,base,referral_transfer_cost_usd
211,6,1100.2035354353345,5.0,Transfer (Capital),949.0452342770334,,diagnosis_base,Baseline,base,referral_transfer_cost_usd
211,7,1100.2035354353345,5.0,Transfer (Capital),921.4031400747896,,diagnosis_base,Baseline,base,referral_transfer_cost_usd
211,8,1100.2035354353345,5.0,Transfer (Capital),894.5661554124171,,diagnosis_base,Baseline,base,referral_transfer_cost_usd
211,9,1100.2035354353345,5.0,Transfer (Capital),868.5108304974922,,diagnosis_base,Baseline,base,referral_transfer_cost_usd
211,10,1100.2035354353345,5.0,Transfer (Capital),843.2143985412546,,diagnosis_base,Baseline,base,referral_transfer_cost_usd
212,1,1100.2035354353345,5.0,Transfer (Capital),1100.2035354353345,,diagnosis_base,Baseline,base,referral_transfer_cost_usd
212,2,1100.2035354353345,5.0,Transfer (Capital),1068.158772267315,,diagnosis_base,Baseline,base,referral_transfer_cost_usd
212,3,1100.2035354353345,5.0,Transfer (Capital),1037.04735171584,,diagnosis_base,Baseline,base,referral_transfer_cost_usd
212,4,1100.2035354353345,5.0,Transfer (Capital),1006.8420890445047,,diagnosis_base,Baseline,base,referral_transfer_cost_usd
212,5,1100.2035354353345,5.0,Transfer (Capital),977.5165913053443,,diagnosis_base,Baseline,base,referral_transfer_cost_usd
212,6,1100.2035354353345,5.0,Transfer (Capital),949.0452342770334,,diagnosis_base,Baseline,base,referral_transfer_cost_usd
212,7,1100.2035354353345,5.0,Transfer (Capital),921.4031400747896,,diagnosis_base,Baseline,base,referral_transfer_cost_usd
212,8,1100.2035354353345,5.0,Transfer (Capital),894.5661554124171,,diagnosis_base,Baseline,base,referral_transfer_cost_usd
212,9,1100.2035354353345,5.0,Transfer (Capital),868.5108304974922,,diagnosis_base,Baseline,base,referral_transfer_cost_usd
212,10,1100.2035354353345,5.0,Transfer (Capital),843.2143985412546,,diagnosis_base,Baseline,base,referral_transfer_cost_usd
213,1,1100.2035354353345,5.0,Transfer (Capital),1100.2035354353345,,diagnosis_base,Baseline,base,referral_transfer_cost_usd
213,2,1100.2035354353345,5.0,Transfer (Capital),1068.158772267315,,diagnosis_base,Baseline,base,referral_transfer_cost_usd
213,3,1100.2035354353345,5.0,Transfer (Capital),1037.04735171584,,diagnosis_base,Baseline,base,referral_transfer_cost_usd
213,4,1100.2035354353345,5.0,Transfer (Capital),1006.8420890445047,,diagnosis_base,Baseline,base,referral_transfer_cost_usd
213,5,1100.2035354353345,5.0,Transfer (Capital),977.5165913053443,,diagnosis_base,Baseline,base,referral_transfer_cost_usd
213,6,1100.2035354353345,5.0,Transfer (Capital),949.0452342770334,,diagnosis_base,Baseline,base,referral_transfer_cost_usd
213,7,1100.2035354353345,5.0,Transfer (Capital),921.4031400747896,,diagnosis_base,Baseline,base,referral_transfer_cost_usd
213,8,1100.2035354353345,5.0,Transfer (Capital),894.5661554124171,,diagnosis_base,Baseline,base,referral_transfer_cost_usd
213,9,1100.2035354353345,5.0,Transfer (Capital),868.5108304974922,,diagnosis_base,Baseline,base,referral_transfer_cost_usd
213,10,1100.2035354353345,5.0,Transfer (Capital),843.2143985412546,,diagnosis_base,Baseline,base,referral_transfer_cost_usd
214,1,1320.2442425224012,6.0,Transfer (Capital),1320.2442425224012,,diagnosis_base,Baseline,base,referral_transfer_cost_usd
214,2,1320.2442425224012,6.0,Transfer (Capital),1281.790526720778,,diagnosis_base,Baseline,base,referral_transfer_cost_usd
214,3,1320.2442425224012,6.0,Transfer (Capital),1244.4568220590077,,diagnosis_base,Baseline,base,referral_transfer_cost_usd
214,4,1320.2442425224012,6.0,Transfer (Capital),1208.2105068534056,,diagnosis_base,Baseline,base,referral_transfer_cost_usd
214,5,1320.2442425224012,6.0,Transfer (Capital),1173.019909566413,,diagnosis_base,Baseline,base,referral_transfer_cost_usd
214,6,1320.2442425224012,6.0,Transfer (Capital),1138.8542811324398,,diagnosis_base,Baseline,base,referral_transfer_cost_usd
214,7,1320.2442425224012,6.0,Transfer (Capital),1105.6837680897474,,diagnosis_base,Baseline,base,referral_transfer_cost_usd
214,8,1320.2442425224012,6.0,Transfer (Capital),1073.4793864949004,,diagnosis_base,Baseline,base,referral_transfer_cost_usd
214,9,1320.2442425224012,6.0,Transfer (Capital),1042.2129965969905,,diagnosis_base,Baseline,base,referral_transfer_cost_usd
214,10,1320.2442425224012,6.0,Transfer (Capital),1011.8572782495054,,diagnosis_base,Baseline,base,referral_transfer_cost_usd
215,1,1100.2035354353345,5.0,Transfer (Capital),1100.2035354353345,,diagnosis_base,Baseline,base,referral_transfer_cost_usd
215,2,1100.2035354353345,5.0,Transfer (Capital),1068.158772267315,,diagnosis_base,Baseline,base,referral_transfer_cost_usd
215,3,1100.2035354353345,5.0,Transfer (Capital),1037.04735171584,,diagnosis_base,Baseline,base,referral_transfer_cost_usd
215,4,1100.2035354353345,5.0,Transfer (Capital),1006.8420890445047,,diagnosis_base,Baseline,base,referral_transfer_cost_usd
215,5,1100.2035354353345,5.0,Transfer (Capital),977.5165913053443,,diagnosis_base,Baseline,base,referral_transfer_cost_usd
215,6,1100.2035354353345,5.0,Transfer (Capital),949.0452342770334,,diagnosis_base,Baseline,base,referral_transfer_cost_usd
215,7,1100.2035354353345,5.0,Transfer (Capital),921.4031400747896,,diagnosis_base,Baseline,base,referral_transfer_cost_usd
215,8,1100.2035354353345,5.0,Transfer (Capital),894.5661554124171,,diagnosis_base,Baseline,base,referral_transfer_cost_usd
215,9,1100.2035354353345,5.0,Transfer (Capital),868.5108304974922,,diagnosis_base,Baseline,base,referral_transfer_cost_usd
215,10,1100.2035354353345,5.0,Transfer (Capital),843.2143985412546,,diagnosis_base,Baseline,base,referral_transfer_cost_usd
216,1,1320.2442425224012,6.0,Transfer (Capital),1320.2442425224012,,diagnosis_base,Baseline,base,referral_transfer_cost_usd
216,2,1320.2442425224012,6.0,Transfer (Capital),1281.790526720778,,diagnosis_base,Baseline,base,referral_transfer_cost_usd
216,3,1320.2442425224012,6.0,Transfer (Capital),1244.4568220590077,,diagnosis_base,Baseline,base,referral_transfer_cost_usd
216,4,1320.2442425224012,6.0,Transfer (Capital),1208.2105068534056,,diagnosis_base,Baseline,base,referral_transfer_cost_usd
216,5,1320.2442425224012,6.0,Transfer (Capital),1173.019909566413,,diagnosis_base,Baseline,base,referral_transfer_cost_usd
216,6,1320.2442425224012,6.0,Transfer (Capital),1138.8542811324398,,diagnosis_base,Baseline,base,referral_transfer_cost_usd
216,7,1320.2442425224012,6.0,Transfer (Capital),1105.6837680897474,,diagnosis_base,Baseline,base,referral_transfer_cost_usd
216,8,1320.2442425224012,6.0,Transfer (Capital),1073.4793864949004,,diagnosis_base,Baseline,base,referral_transfer_cost_usd
216,9,1320.2442425224012,6.0,Transfer (Capital),1042.2129965969905,,diagnosis_base,Baseline,base,referral_transfer_cost_usd
216,10,1320.2442425224012,6.0,Transfer (Capital),1011.8572782495054,,diagnosis_base,Baseline,base,referral_transfer_cost_usd
217,1,1320.2442425224012,6.0,Transfer (Capital),1320.2442425224012,,diagnosis_base,Baseline,base,referral_transfer_cost_usd
217,2,1320.2442425224012,6.0,Transfer (Capital),1281.790526720778,,diagnosis_base,Baseline,base,referral_transfer_cost_usd
217,3,1320.2442425224012,6.0,Transfer (Capital),1244.4568220590077,,diagnosis_base,Baseline,base,referral_transfer_cost_usd
217,4,1320.2442425224012,6.0,Transfer (Capital),1208.2105068534056,,diagnosis_base,Baseline,base,referral_transfer_cost_usd
217,5,1320.2442425224012,6.0,Transfer (Capital),1173.019909566413,,diagnosis_base,Baseline,base,referral_transfer_cost_usd
217,6,1320.2442425224012,6.0,Transfer (Capital),1138.8542811324398,,diagnosis_base,Baseline,base,referral_transfer_cost_usd
217,7,1320.2442425224012,6.0,Transfer (Capital),1105.6837680897474,,diagnosis_base,Baseline,base,referral_transfer_cost_usd
217,8,1320.2442425224012,6.0,Transfer (Capital),1073.4793864949004,,diagnosis_base,Baseline,base,referral_transfer_cost_usd
217,9,1320.2442425224012,6.0,Transfer (Capital),1042.2129965969905,,diagnosis_base,Baseline,base,referral_transfer_cost_usd
217,10,1320.2442425224012,6.0,Transfer (Capital),1011.8572782495054,,diagnosis_base,Baseline,base,referral_transfer_cost_usd
218,1,1320.2442425224012,6.0,Transfer (Capital),1320.2442425224012,,diagnosis_base,Baseline,base,referral_transfer_cost_usd
218,2,1320.2442425224012,6.0,Transfer (Capital),1281.790526720778,,diagnosis_base,Baseline,base,referral_transfer_cost_usd
218,3,1320.2442425224012,6.0,Transfer (Capital),1244.4568220590077,,diagnosis_base,Baseline,base,referral_transfer_cost_usd
218,4,1320.2442425224012,6.0,Transfer (Capital),1208.2105068534056,,diagnosis_base,Baseline,base,referral_transfer_cost_usd
218,5,1320.2442425224012,6.0,Transfer (Capital),1173.019909566413,,diagnosis_base,Baseline,base,referral_transfer_cost_usd
218,6,1320.2442425224012,6.0,Transfer (Capital),1138.8542811324398,,diagnosis_base,Baseline,base,referral_transfer_cost_usd
218,7,1320.2442425224012,6.0,Transfer (Capital),1105.6837680897474,,diagnosis_base,Baseline,base,referral_transfer_cost_usd
218,8,1320.2442425224012,6.0,Transfer (Capital),1073.4793864949004,,diagnosis_base,Baseline,base,referral_transfer_cost_usd
218,9,1320.2442425224012,6.0,Transfer (Capital),1042.2129965969905,,diagnosis_base,Baseline,base,referral_transfer_cost_usd
218,10,1320.2442425224012,6.0,Transfer (Capital),1011.8572782495054,,diagnosis_base,Baseline,base,referral_transfer_cost_usd
219,1,1100.2035354353345,5.0,Transfer (Capital),1100.2035354353345,,diagnosis_base,Baseline,base,referral_transfer_cost_usd
219,2,1100.2035354353345,5.0,Transfer (Capital),1068.158772267315,,diagnosis_base,Baseline,base,referral_transfer_cost_usd
219,3,1100.2035354353345,5.0,Transfer (Capital),1037.04735171584,,diagnosis_base,Baseline,base,referral_transfer_cost_usd
219,4,1100.2035354353345,5.0,Transfer (Capital),1006.8420890445047,,diagnosis_base,Baseline,base,referral_transfer_cost_usd
219,5,1100.2035354353345,5.0,Transfer (Capital),977.5165913053443,,diagnosis_base,Baseline,base,referral_transfer_cost_usd
219,6,1100.2035354353345,5.0,Transfer (Capital),949.0452342770334,,diagnosis_base,Baseline,base,referral_transfer_cost_usd
219,7,1100.2035354353345,5.0,Transfer (Capital),921.4031400747896,,diagnosis_base,Baseline,base,referral_transfer_cost_usd
219,8,1100.2035354353345,5.0,Transfer (Capital),894.5661554124171,,diagnosis_base,Baseline,base,referral_transfer_cost_usd
219,9,1100.2035354353345,5.0,Transfer (Capital),868.5108304974922,,diagnosis_base,Baseline,base,referral_transfer_cost_usd
219,10,1100.2035354353345,5.0,Transfer (Capital),843.2143985412546,,diagnosis_base,Baseline,base,referral_transfer_cost_usd
220,1,1100.2035354353345,5.0,Transfer (Capital),1100.2035354353345,,diagnosis_base,Baseline,base,referral_transfer_cost_usd
220,2,1100.2035354353345,5.0,Transfer (Capital),1068.158772267315,,diagnosis_base,Baseline,base,referral_transfer_cost_usd
220,3,1100.2035354353345,5.0,Transfer (Capital),1037.04735171584,,diagnosis_base,Baseline,base,referral_transfer_cost_usd
220,4,1100.2035354353345,5.0,Transfer (Capital),1006.8420890445047,,diagnosis_base,Baseline,base,referral_transfer_cost_usd
220,5,1100.2035354353345,5.0,Transfer (Capital),977.5165913053443,,diagnosis_base,Baseline,base,referral_transfer_cost_usd
220,6,1100.2035354353345,5.0,Transfer (Capital),949.0452342770334,,diagnosis_base,Baseline,base,referral_transfer_cost_usd
220,7,1100.2035354353345,5.0,Transfer (Capital),921.4031400747896,,diagnosis_base,Baseline,base,referral_transfer_cost_usd
220,8,1100.2035354353345,5.0,Transfer (Capital),894.5661554124171,,diagnosis_base,Baseline,base,referral_transfer_cost_usd
220,9,1100.2035354353345,5.0,Transfer (Capital),868.5108304974922,,diagnosis_base,Baseline,base,referral_transfer_cost_usd
220,10,1100.2035354353345,5.0,Transfer (Capital),843.2143985412546,,diagnosis_base,Baseline,base,referral_transfer_cost_usd
221,1,1100.2035354353345,5.0,Transfer (Capital),1100.2035354353345,,diagnosis_base,Baseline,base,referral_transfer_cost_usd
221,2,1100.2035354353345,5.0,Transfer (Capital),1068.158772267315,,diagnosis_base,Baseline,base,referral_transfer_cost_usd
221,3,1100.2035354353345,5.0,Transfer (Capital),1037.04735171584,,diagnosis_base,Baseline,base,referral_transfer_cost_usd
221,4,1100.2035354353345,5.0,Transfer (Capital),1006.8420890445047,,diagnosis_base,Baseline,base,referral_transfer_cost_usd
221,5,1100.2035354353345,5.0,Transfer (Capital),977.5165913053443,,diagnosis_base,Baseline,base,referral_transfer_cost_usd
221,6,1100.2035354353345,5.0,Transfer (Capital),949.0452342770334,,diagnosis_base,Baseline,base,referral_transfer_cost_usd
221,7,1100.2035354353345,5.0,Transfer (Capital),921.4031400747896,,diagnosis_base,Baseline,base,referral_transfer_cost_usd
221,8,1100.2035354353345,5.0,Transfer (Capital),894.5661554124171,,diagnosis_base,Baseline,base,referral_transfer_cost_usd
221,9,1100.2035354353345,5.0,Transfer (Capital),868.5108304974922,,diagnosis_base,Baseline,base,referral_transfer_cost_usd
221,10,1100.2035354353345,5.0,Transfer (Capital),843.2143985412546,,diagnosis_base,Baseline,base,referral_transfer_cost_usd
222,1,1320.2442425224012,6.0,Transfer (Capital),1320.2442425224012,,diagnosis_base,Baseline,base,referral_transfer_cost_usd
222,2,1320.2442425224012,6.0,Transfer (Capital),1281.790526720778,,diagnosis_base,Baseline,base,referral_transfer_cost_usd
222,3,1320.2442425224012,6.0,Transfer (Capital),1244.4568220590077,,diagnosis_base,Baseline,base,referral_transfer_cost_usd
222,4,1320.2442425224012,6.0,Transfer (Capital),1208.2105068534056,,diagnosis_base,Baseline,base,referral_transfer_cost_usd
222,5,1320.2442425224012,6.0,Transfer (Capital),1173.019909566413,,diagnosis_base,Baseline,base,referral_transfer_cost_usd
222,6,1320.2442425224012,6.0,Transfer (Capital),1138.8542811324398,,diagnosis_base,Baseline,base,referral_transfer_cost_usd
222,7,1320.2442425224012,6.0,Transfer (Capital),1105.6837680897474,,diagnosis_base,Baseline,base,referral_transfer_cost_usd
222,8,1320.2442425224012,6.0,Transfer (Capital),1073.4793864949004,,diagnosis_base,Baseline,base,referral_transfer_cost_usd
222,9,1320.2442425224012,6.0,Transfer (Capital),1042.2129965969905,,diagnosis_base,Baseline,base,referral_transfer_cost_usd
222,10,1320.2442425224012,6.0,Transfer (Capital),1011.8572782495054,,diagnosis_base,Baseline,base,referral_transfer_cost_usd
223,1,1100.2035354353345,5.0,Transfer (Capital),1100.2035354353345,,diagnosis_base,Baseline,base,referral_transfer_cost_usd
223,2,1100.2035354353345,5.0,Transfer (Capital),1068.158772267315,,diagnosis_base,Baseline,base,referral_transfer_cost_usd
223,3,1100.2035354353345,5.0,Transfer (Capital),1037.04735171584,,diagnosis_base,Baseline,base,referral_transfer_cost_usd
223,4,1100.2035354353345,5.0,Transfer (Capital),1006.8420890445047,,diagnosis_base,Baseline,base,referral_transfer_cost_usd
223,5,1100.2035354353345,5.0,Transfer (Capital),977.5165913053443,,diagnosis_base,Baseline,base,referral_transfer_cost_usd
223,6,1100.2035354353345,5.0,Transfer (Capital),949.0452342770334,,diagnosis_base,Baseline,base,referral_transfer_cost_usd
223,7,1100.2035354353345,5.0,Transfer (Capital),921.4031400747896,,diagnosis_base,Baseline,base,referral_transfer_cost_usd
223,8,1100.2035354353345,5.0,Transfer (Capital),894.5661554124171,,diagnosis_base,Baseline,base,referral_transfer_cost_usd
223,9,1100.2035354353345,5.0,Transfer (Capital),868.5108304974922,,diagnosis_base,Baseline,base,referral_transfer_cost_usd
223,10,1100.2035354353345,5.0,Transfer (Capital),843.2143985412546,,diagnosis_base,Baseline,base,referral_transfer_cost_usd
224,1,1100.2035354353345,5.0,Transfer (Capital),1100.2035354353345,,diagnosis_base,Baseline,base,referral_transfer_cost_usd
224,2,1100.2035354353345,5.0,Transfer (Capital),1068.158772267315,,diagnosis_base,Baseline,base,referral_transfer_cost_usd
224,3,1100.2035354353345,5.0,Transfer (Capital),1037.04735171584,,diagnosis_base,Baseline,base,referral_transfer_cost_usd
224,4,1100.2035354353345,5.0,Transfer (Capital),1006.8420890445047,,diagnosis_base,Baseline,base,referral_transfer_cost_usd
224,5,1100.2035354353345,5.0,Transfer (Capital),977.5165913053443,,diagnosis_base,Baseline,base,referral_transfer_cost_usd
224,6,1100.2035354353345,5.0,Transfer (Capital),949.0452342770334,,diagnosis_base,Baseline,base,referral_transfer_cost_usd
224,7,1100.2035354353345,5.0,Transfer (Capital),921.4031400747896,,diagnosis_base,Baseline,base,referral_transfer_cost_usd
224,8,1100.2035354353345,5.0,Transfer (Capital),894.5661554124171,,diagnosis_base,Baseline,base,referral_transfer_cost_usd
224,9,1100.2035354353345,5.0,Transfer (Capital),868.5108304974922,,diagnosis_base,Baseline,base,referral_transfer_cost_usd
224,10,1100.2035354353345,5.0,Transfer (Capital),843.2143985412546,,diagnosis_base,Baseline,base,referral_transfer_cost_usd
225,1,1320.2442425224012,6.0,Transfer (Capital),1320.2442425224012,,diagnosis_base,Baseline,base,referral_transfer_cost_usd
225,2,1320.2442425224012,6.0,Transfer (Capital),1281.790526720778,,diagnosis_base,Baseline,base,referral_transfer_cost_usd
225,3,1320.2442425224012,6.0,Transfer (Capital),1244.4568220590077,,diagnosis_base,Baseline,base,referral_transfer_cost_usd
225,4,1320.2442425224012,6.0,Transfer (Capital),1208.2105068534056,,diagnosis_base,Baseline,base,referral_transfer_cost_usd
225,5,1320.2442425224012,6.0,Transfer (Capital),1173.019909566413,,diagnosis_base,Baseline,base,referral_transfer_cost_usd
225,6,1320.2442425224012,6.0,Transfer (Capital),1138.8542811324398,,diagnosis_base,Baseline,base,referral_transfer_cost_usd
225,7,1320.2442425224012,6.0,Transfer (Capital),1105.6837680897474,,diagnosis_base,Baseline,base,referral_transfer_cost_usd
225,8,1320.2442425224012,6.0,Transfer (Capital),1073.4793864949004,,diagnosis_base,Baseline,base,referral_transfer_cost_usd
225,9,1320.2442425224012,6.0,Transfer (Capital),1042.2129965969905,,diagnosis_base,Baseline,base,referral_transfer_cost_usd
225,10,1320.2442425224012,6.0,Transfer (Capital),1011.8572782495054,,diagnosis_base,Baseline,base,referral_transfer_cost_usd
226,1,1100.2035354353345,5.0,Transfer (Capital),1100.2035354353345,,diagnosis_base,Baseline,base,referral_transfer_cost_usd
226,2,1100.2035354353345,5.0,Transfer (Capital),1068.158772267315,,diagnosis_base,Baseline,base,referral_transfer_cost_usd
226,3,1100.2035354353345,5.0,Transfer (Capital),1037.04735171584,,diagnosis_base,Baseline,base,referral_transfer_cost_usd
226,4,1100.2035354353345,5.0,Transfer (Capital),1006.8420890445047,,diagnosis_base,Baseline,base,referral_transfer_cost_usd
226,5,1100.2035354353345,5.0,Transfer (Capital),977.5165913053443,,diagnosis_base,Baseline,base,referral_transfer_cost_usd
226,6,1100.2035354353345,5.0,Transfer (Capital),949.0452342770334,,diagnosis_base,Baseline,base,referral_transfer_cost_usd
226,7,1100.2035354353345,5.0,Transfer (Capital),921.4031400747896,,diagnosis_base,Baseline,base,referral_transfer_cost_usd
226,8,1100.2035354353345,5.0,Transfer (Capital),894.5661554124171,,diagnosis_base,Baseline,base,referral_transfer_cost_usd
226,9,1100.2035354353345,5.0,Transfer (Capital),868.5108304974922,,diagnosis_base,Baseline,base,referral_transfer_cost_usd
226,10,1100.2035354353345,5.0,Transfer (Capital),843.2143985412546,,diagnosis_base,Baseline,base,referral_transfer_cost_usd
227,1,1320.2442425224012,6.0,Transfer (Capital),1320.2442425224012,,diagnosis_base,Baseline,base,referral_transfer_cost_usd
227,2,1320.2442425224012,6.0,Transfer (Capital),1281.790526720778,,diagnosis_base,Baseline,base,referral_transfer_cost_usd
227,3,1320.2442425224012,6.0,Transfer (Capital),1244.4568220590077,,diagnosis_base,Baseline,base,referral_transfer_cost_usd
227,4,1320.2442425224012,6.0,Transfer (Capital),1208.2105068534056,,diagnosis_base,Baseline,base,referral_transfer_cost_usd
227,5,1320.2442425224012,6.0,Transfer (Capital),1173.019909566413,,diagnosis_base,Baseline,base,referral_transfer_cost_usd
227,6,1320.2442425224012,6.0,Transfer (Capital),1138.8542811324398,,diagnosis_base,Baseline,base,referral_transfer_cost_usd
227,7,1320.2442425224012,6.0,Transfer (Capital),1105.6837680897474,,diagnosis_base,Baseline,base,referral_transfer_cost_usd
227,8,1320.2442425224012,6.0,Transfer (Capital),1073.4793864949004,,diagnosis_base,Baseline,base,referral_transfer_cost_usd
227,9,1320.2442425224012,6.0,Transfer (Capital),1042.2129965969905,,diagnosis_base,Baseline,base,referral_transfer_cost_usd
227,10,1320.2442425224012,6.0,Transfer (Capital),1011.8572782495054,,diagnosis_base,Baseline,base,referral_transfer_cost_usd
228,1,1320.2442425224012,6.0,Transfer (Capital),1320.2442425224012,,diagnosis_base,Baseline,base,referral_transfer_cost_usd
228,2,1320.2442425224012,6.0,Transfer (Capital),1281.790526720778,,diagnosis_base,Baseline,base,referral_transfer_cost_usd
228,3,1320.2442425224012,6.0,Transfer (Capital),1244.4568220590077,,diagnosis_base,Baseline,base,referral_transfer_cost_usd
228,4,1320.2442425224012,6.0,Transfer (Capital),1208.2105068534056,,diagnosis_base,Baseline,base,referral_transfer_cost_usd
228,5,1320.2442425224012,6.0,Transfer (Capital),1173.019909566413,,diagnosis_base,Baseline,base,referral_transfer_cost_usd
228,6,1320.2442425224012,6.0,Transfer (Capital),1138.8542811324398,,diagnosis_base,Baseline,base,referral_transfer_cost_usd
228,7,1320.2442425224012,6.0,Transfer (Capital),1105.6837680897474,,diagnosis_base,Baseline,base,referral_transfer_cost_usd
228,8,1320.2442425224012,6.0,Transfer (Capital),1073.4793864949004,,diagnosis_base,Baseline,base,referral_transfer_cost_usd
228,9,1320.2442425224012,6.0,Transfer (Capital),1042.2129965969905,,diagnosis_base,Baseline,base,referral_transfer_cost_usd
228,10,1320.2442425224012,6.0,Transfer (Capital),1011.8572782495054,,diagnosis_base,Baseline,base,referral_transfer_cost_usd
229,1,1320.2442425224012,6.0,Transfer (Capital),1320.2442425224012,,diagnosis_base,Baseline,base,referral_transfer_cost_usd
229,2,1320.2442425224012,6.0,Transfer (Capital),1281.790526720778,,diagnosis_base,Baseline,base,referral_transfer_cost_usd
229,3,1320.2442425224012,6.0,Transfer (Capital),1244.4568220590077,,diagnosis_base,Baseline,base,referral_transfer_cost_usd
229,4,1320.2442425224012,6.0,Transfer (Capital),1208.2105068534056,,diagnosis_base,Baseline,base,referral_transfer_cost_usd
229,5,1320.2442425224012,6.0,Transfer (Capital),1173.019909566413,,diagnosis_base,Baseline,base,referral_transfer_cost_usd
229,6,1320.2442425224012,6.0,Transfer (Capital),1138.8542811324398,,diagnosis_base,Baseline,base,referral_transfer_cost_usd
229,7,1320.2442425224012,6.0,Transfer (Capital),1105.6837680897474,,diagnosis_base,Baseline,base,referral_transfer_cost_usd
229,8,1320.2442425224012,6.0,Transfer (Capital),1073.4793864949004,,diagnosis_base,Baseline,base,referral_transfer_cost_usd
229,9,1320.2442425224012,6.0,Transfer (Capital),1042.2129965969905,,diagnosis_base,Baseline,base,referral_transfer_cost_usd
229,10,1320.2442425224012,6.0,Transfer (Capital),1011.8572782495054,,diagnosis_base,Baseline,base,referral_transfer_cost_usd
230,1,1100.2035354353345,5.0,Transfer (Capital),1100.2035354353345,,diagnosis_base,Baseline,base,referral_transfer_cost_usd
230,2,1100.2035354353345,5.0,Transfer (Capital),1068.158772267315,,diagnosis_base,Baseline,base,referral_transfer_cost_usd
230,3,1100.2035354353345,5.0,Transfer (Capital),1037.04735171584,,diagnosis_base,Baseline,base,referral_transfer_cost_usd
230,4,1100.2035354353345,5.0,Transfer (Capital),1006.8420890445047,,diagnosis_base,Baseline,base,referral_transfer_cost_usd
230,5,1100.2035354353345,5.0,Transfer (Capital),977.5165913053443,,diagnosis_base,Baseline,base,referral_transfer_cost_usd
230,6,1100.2035354353345,5.0,Transfer (Capital),949.0452342770334,,diagnosis_base,Baseline,base,referral_transfer_cost_usd
230,7,1100.2035354353345,5.0,Transfer (Capital),921.4031400747896,,diagnosis_base,Baseline,base,referral_transfer_cost_usd
230,8,1100.2035354353345,5.0,Transfer (Capital),894.5661554124171,,diagnosis_base,Baseline,base,referral_transfer_cost_usd
230,9,1100.2035354353345,5.0,Transfer (Capital),868.5108304974922,,diagnosis_base,Baseline,base,referral_transfer_cost_usd
230,10,1100.2035354353345,5.0,Transfer (Capital),843.2143985412546,,diagnosis_base,Baseline,base,referral_transfer_cost_usd
231,1,1320.2442425224012,6.0,Transfer (Capital),1320.2442425224012,,diagnosis_base,Baseline,base,referral_transfer_cost_usd
231,2,1320.2442425224012,6.0,Transfer (Capital),1281.790526720778,,diagnosis_base,Baseline,base,referral_transfer_cost_usd
231,3,1320.2442425224012,6.0,Transfer (Capital),1244.4568220590077,,diagnosis_base,Baseline,base,referral_transfer_cost_usd
231,4,1320.2442425224012,6.0,Transfer (Capital),1208.2105068534056,,diagnosis_base,Baseline,base,referral_transfer_cost_usd
231,5,1320.2442425224012,6.0,Transfer (Capital),1173.019909566413,,diagnosis_base,Baseline,base,referral_transfer_cost_usd
231,6,1320.2442425224012,6.0,Transfer (Capital),1138.8542811324398,,diagnosis_base,Baseline,base,referral_transfer_cost_usd
231,7,1320.2442425224012,6.0,Transfer (Capital),1105.6837680897474,,diagnosis_base,Baseline,base,referral_transfer_cost_usd
231,8,1320.2442425224012,6.0,Transfer (Capital),1073.4793864949004,,diagnosis_base,Baseline,base,referral_transfer_cost_usd
231,9,1320.2442425224012,6.0,Transfer (Capital),1042.2129965969905,,diagnosis_base,Baseline,base,referral_transfer_cost_usd
231,10,1320.2442425224012,6.0,Transfer (Capital),1011.8572782495054,,diagnosis_base,Baseline,base,referral_transfer_cost_usd
232,1,1320.2442425224012,6.0,Transfer (Capital),1320.2442425224012,,diagnosis_base,Baseline,base,referral_transfer_cost_usd
232,2,1320.2442425224012,6.0,Transfer (Capital),1281.790526720778,,diagnosis_base,Baseline,base,referral_transfer_cost_usd
232,3,1320.2442425224012,6.0,Transfer (Capital),1244.4568220590077,,diagnosis_base,Baseline,base,referral_transfer_cost_usd
232,4,1320.2442425224012,6.0,Transfer (Capital),1208.2105068534056,,diagnosis_base,Baseline,base,referral_transfer_cost_usd
232,5,1320.2442425224012,6.0,Transfer (Capital),1173.019909566413,,diagnosis_base,Baseline,base,referral_transfer_cost_usd
232,6,1320.2442425224012,6.0,Transfer (Capital),1138.8542811324398,,diagnosis_base,Baseline,base,referral_transfer_cost_usd
232,7,1320.2442425224012,6.0,Transfer (Capital),1105.6837680897474,,diagnosis_base,Baseline,base,referral_transfer_cost_usd
232,8,1320.2442425224012,6.0,Transfer (Capital),1073.4793864949004,,diagnosis_base,Baseline,base,referral_transfer_cost_usd
232,9,1320.2442425224012,6.0,Transfer (Capital),1042.2129965969905,,diagnosis_base,Baseline,base,referral_transfer_cost_usd
232,10,1320.2442425224012,6.0,Transfer (Capital),1011.8572782495054,,diagnosis_base,Baseline,base,referral_transfer_cost_usd
233,1,1100.2035354353345,5.0,Transfer (Capital),1100.2035354353345,,diagnosis_base,Baseline,base,referral_transfer_cost_usd
233,2,1100.2035354353345,5.0,Transfer (Capital),1068.158772267315,,diagnosis_base,Baseline,base,referral_transfer_cost_usd
233,3,1100.2035354353345,5.0,Transfer (Capital),1037.04735171584,,diagnosis_base,Baseline,base,referral_transfer_cost_usd
233,4,1100.2035354353345,5.0,Transfer (Capital),1006.8420890445047,,diagnosis_base,Baseline,base,referral_transfer_cost_usd
233,5,1100.2035354353345,5.0,Transfer (Capital),977.5165913053443,,diagnosis_base,Baseline,base,referral_transfer_cost_usd
233,6,1100.2035354353345,5.0,Transfer (Capital),949.0452342770334,,diagnosis_base,Baseline,base,referral_transfer_cost_usd
233,7,1100.2035354353345,5.0,Transfer (Capital),921.4031400747896,,diagnosis_base,Baseline,base,referral_transfer_cost_usd
233,8,1100.2035354353345,5.0,Transfer (Capital),894.5661554124171,,diagnosis_base,Baseline,base,referral_transfer_cost_usd
233,9,1100.2035354353345,5.0,Transfer (Capital),868.5108304974922,,diagnosis_base,Baseline,base,referral_transfer_cost_usd
233,10,1100.2035354353345,5.0,Transfer (Capital),843.2143985412546,,diagnosis_base,Baseline,base,referral_transfer_cost_usd
234,1,1320.2442425224012,6.0,Transfer (Capital),1320.2442425224012,,diagnosis_base,Baseline,base,referral_transfer_cost_usd
234,2,1320.2442425224012,6.0,Transfer (Capital),1281.790526720778,,diagnosis_base,Baseline,base,referral_transfer_cost_usd
234,3,1320.2442425224012,6.0,Transfer (Capital),1244.4568220590077,,diagnosis_base,Baseline,base,referral_transfer_cost_usd
234,4,1320.2442425224012,6.0,Transfer (Capital),1208.2105068534056,,diagnosis_base,Baseline,base,referral_transfer_cost_usd
234,5,1320.2442425224012,6.0,Transfer (Capital),1173.019909566413,,diagnosis_base,Baseline,base,referral_transfer_cost_usd
234,6,1320.2442425224012,6.0,Transfer (Capital),1138.8542811324398,,diagnosis_base,Baseline,base,referral_transfer_cost_usd
234,7,1320.2442425224012,6.0,Transfer (Capital),1105.6837680897474,,diagnosis_base,Baseline,base,referral_transfer_cost_usd
234,8,1320.2442425224012,6.0,Transfer (Capital),1073.4793864949004,,diagnosis_base,Baseline,base,referral_transfer_cost_usd
234,9,1320.2442425224012,6.0,Transfer (Capital),1042.2129965969905,,diagnosis_base,Baseline,base,referral_transfer_cost_usd
234,10,1320.2442425224012,6.0,Transfer (Capital),1011.8572782495054,,diagnosis_base,Baseline,base,referral_transfer_cost_usd
235,1,1100.2035354353345,5.0,Transfer (Capital),1100.2035354353345,,diagnosis_base,Baseline,base,referral_transfer_cost_usd
235,2,1100.2035354353345,5.0,Transfer (Capital),1068.158772267315,,diagnosis_base,Baseline,base,referral_transfer_cost_usd
235,3,1100.2035354353345,5.0,Transfer (Capital),1037.04735171584,,diagnosis_base,Baseline,base,referral_transfer_cost_usd
235,4,1100.2035354353345,5.0,Transfer (Capital),1006.8420890445047,,diagnosis_base,Baseline,base,referral_transfer_cost_usd
235,5,1100.2035354353345,5.0,Transfer (Capital),977.5165913053443,,diagnosis_base,Baseline,base,referral_transfer_cost_usd
235,6,1100.2035354353345,5.0,Transfer (Capital),949.0452342770334,,diagnosis_base,Baseline,base,referral_transfer_cost_usd
235,7,1100.2035354353345,5.0,Transfer (Capital),921.4031400747896,,diagnosis_base,Baseline,base,referral_transfer_cost_usd
235,8,1100.2035354353345,5.0,Transfer (Capital),894.5661554124171,,diagnosis_base,Baseline,base,referral_transfer_cost_usd
235,9,1100.2035354353345,5.0,Transfer (Capital),868.5108304974922,,diagnosis_base,Baseline,base,referral_transfer_cost_usd
235,10,1100.2035354353345,5.0,Transfer (Capital),843.2143985412546,,diagnosis_base,Baseline,base,referral_transfer_cost_usd
236,1,1320.2442425224012,6.0,Transfer (Capital),1320.2442425224012,,diagnosis_base,Baseline,base,referral_transfer_cost_usd
236,2,1320.2442425224012,6.0,Transfer (Capital),1281.790526720778,,diagnosis_base,Baseline,base,referral_transfer_cost_usd
236,3,1320.2442425224012,6.0,Transfer (Capital),1244.4568220590077,,diagnosis_base,Baseline,base,referral_transfer_cost_usd
236,4,1320.2442425224012,6.0,Transfer (Capital),1208.2105068534056,,diagnosis_base,Baseline,base,referral_transfer_cost_usd
236,5,1320.2442425224012,6.0,Transfer (Capital),1173.019909566413,,diagnosis_base,Baseline,base,referral_transfer_cost_usd
236,6,1320.2442425224012,6.0,Transfer (Capital),1138.8542811324398,,diagnosis_base,Baseline,base,referral_transfer_cost_usd
236,7,1320.2442425224012,6.0,Transfer (Capital),1105.6837680897474,,diagnosis_base,Baseline,base,referral_transfer_cost_usd
236,8,1320.2442425224012,6.0,Transfer (Capital),1073.4793864949004,,diagnosis_base,Baseline,base,referral_transfer_cost_usd
236,9,1320.2442425224012,6.0,Transfer (Capital),1042.2129965969905,,diagnosis_base,Baseline,base,referral_transfer_cost_usd
236,10,1320.2442425224012,6.0,Transfer (Capital),1011.8572782495054,,diagnosis_base,Baseline,base,referral_transfer_cost_usd
237,1,1320.2442425224012,6.0,Transfer (Capital),1320.2442425224012,,diagnosis_base,Baseline,base,referral_transfer_cost_usd
237,2,1320.2442425224012,6.0,Transfer (Capital),1281.790526720778,,diagnosis_base,Baseline,base,referral_transfer_cost_usd
237,3,1320.2442425224012,6.0,Transfer (Capital),1244.4568220590077,,diagnosis_base,Baseline,base,referral_transfer_cost_usd
237,4,1320.2442425224012,6.0,Transfer (Capital),1208.2105068534056,,diagnosis_base,Baseline,base,referral_transfer_cost_usd
237,5,1320.2442425224012,6.0,Transfer (Capital),1173.019909566413,,diagnosis_base,Baseline,base,referral_transfer_cost_usd
237,6,1320.2442425224012,6.0,Transfer (Capital),1138.8542811324398,,diagnosis_base,Baseline,base,referral_transfer_cost_usd
237,7,1320.2442425224012,6.0,Transfer (Capital),1105.6837680897474,,diagnosis_base,Baseline,base,referral_transfer_cost_usd
237,8,1320.2442425224012,6.0,Transfer (Capital),1073.4793864949004,,diagnosis_base,Baseline,base,referral_transfer_cost_usd
237,9,1320.2442425224012,6.0,Transfer (Capital),1042.2129965969905,,diagnosis_base,Baseline,base,referral_transfer_cost_usd
237,10,1320.2442425224012,6.0,Transfer (Capital),1011.8572782495054,,diagnosis_base,Baseline,base,referral_transfer_cost_usd
238,1,1320.2442425224012,6.0,Transfer (Capital),1320.2442425224012,,diagnosis_base,Baseline,base,referral_transfer_cost_usd
238,2,1320.2442425224012,6.0,Transfer (Capital),1281.790526720778,,diagnosis_base,Baseline,base,referral_transfer_cost_usd
238,3,1320.2442425224012,6.0,Transfer (Capital),1244.4568220590077,,diagnosis_base,Baseline,base,referral_transfer_cost_usd
238,4,1320.2442425224012,6.0,Transfer (Capital),1208.2105068534056,,diagnosis_base,Baseline,base,referral_transfer_cost_usd
238,5,1320.2442425224012,6.0,Transfer (Capital),1173.019909566413,,diagnosis_base,Baseline,base,referral_transfer_cost_usd
238,6,1320.2442425224012,6.0,Transfer (Capital),1138.8542811324398,,diagnosis_base,Baseline,base,referral_transfer_cost_usd
238,7,1320.2442425224012,6.0,Transfer (Capital),1105.6837680897474,,diagnosis_base,Baseline,base,referral_transfer_cost_usd
238,8,1320.2442425224012,6.0,Transfer (Capital),1073.4793864949004,,diagnosis_base,Baseline,base,referral_transfer_cost_usd
238,9,1320.2442425224012,6.0,Transfer (Capital),1042.2129965969905,,diagnosis_base,Baseline,base,referral_transfer_cost_usd
238,10,1320.2442425224012,6.0,Transfer (Capital),1011.8572782495054,,diagnosis_base,Baseline,base,referral_transfer_cost_usd
239,1,1320.2442425224012,6.0,Transfer (Capital),1320.2442425224012,,diagnosis_base,Baseline,base,referral_transfer_cost_usd
239,2,1320.2442425224012,6.0,Transfer (Capital),1281.790526720778,,diagnosis_base,Baseline,base,referral_transfer_cost_usd
239,3,1320.2442425224012,6.0,Transfer (Capital),1244.4568220590077,,diagnosis_base,Baseline,base,referral_transfer_cost_usd
239,4,1320.2442425224012,6.0,Transfer (Capital),1208.2105068534056,,diagnosis_base,Baseline,base,referral_transfer_cost_usd
239,5,1320.2442425224012,6.0,Transfer (Capital),1173.019909566413,,diagnosis_base,Baseline,base,referral_transfer_cost_usd
239,6,1320.2442425224012,6.0,Transfer (Capital),1138.8542811324398,,diagnosis_base,Baseline,base,referral_transfer_cost_usd
239,7,1320.2442425224012,6.0,Transfer (Capital),1105.6837680897474,,diagnosis_base,Baseline,base,referral_transfer_cost_usd
239,8,1320.2442425224012,6.0,Transfer (Capital),1073.4793864949004,,diagnosis_base,Baseline,base,referral_transfer_cost_usd
239,9,1320.2442425224012,6.0,Transfer (Capital),1042.2129965969905,,diagnosis_base,Baseline,base,referral_transfer_cost_usd
239,10,1320.2442425224012,6.0,Transfer (Capital),1011.8572782495054,,diagnosis_base,Baseline,base,referral_transfer_cost_usd
240,1,1320.2442425224012,6.0,Transfer (Capital),1320.2442425224012,,diagnosis_base,Baseline,base,referral_transfer_cost_usd
240,2,1320.2442425224012,6.0,Transfer (Capital),1281.790526720778,,diagnosis_base,Baseline,base,referral_transfer_cost_usd
240,3,1320.2442425224012,6.0,Transfer (Capital),1244.4568220590077,,diagnosis_base,Baseline,base,referral_transfer_cost_usd
240,4,1320.2442425224012,6.0,Transfer (Capital),1208.2105068534056,,diagnosis_base,Baseline,base,referral_transfer_cost_usd
240,5,1320.2442425224012,6.0,Transfer (Capital),1173.019909566413,,diagnosis_base,Baseline,base,referral_transfer_cost_usd
240,6,1320.2442425224012,6.0,Transfer (Capital),1138.8542811324398,,diagnosis_base,Baseline,base,referral_transfer_cost_usd
240,7,1320.2442425224012,6.0,Transfer (Capital),1105.6837680897474,,diagnosis_base,Baseline,base,referral_transfer_cost_usd
240,8,1320.2442425224012,6.0,Transfer (Capital),1073.4793864949004,,diagnosis_base,Baseline,base,referral_transfer_cost_usd
240,9,1320.2442425224012,6.0,Transfer (Capital),1042.2129965969905,,diagnosis_base,Baseline,base,referral_transfer_cost_usd
240,10,1320.2442425224012,6.0,Transfer (Capital),1011.8572782495054,,diagnosis_base,Baseline,base,referral_transfer_cost_usd
241,1,1320.2442425224012,6.0,Transfer (Capital),1320.2442425224012,,diagnosis_base,Baseline,base,referral_transfer_cost_usd
241,2,1320.2442425224012,6.0,Transfer (Capital),1281.790526720778,,diagnosis_base,Baseline,base,referral_transfer_cost_usd
241,3,1320.2442425224012,6.0,Transfer (Capital),1244.4568220590077,,diagnosis_base,Baseline,base,referral_transfer_cost_usd
241,4,1320.2442425224012,6.0,Transfer (Capital),1208.2105068534056,,diagnosis_base,Baseline,base,referral_transfer_cost_usd
241,5,1320.2442425224012,6.0,Transfer (Capital),1173.019909566413,,diagnosis_base,Baseline,base,referral_transfer_cost_usd
241,6,1320.2442425224012,6.0,Transfer (Capital),1138.8542811324398,,diagnosis_base,Baseline,base,referral_transfer_cost_usd
241,7,1320.2442425224012,6.0,Transfer (Capital),1105.6837680897474,,diagnosis_base,Baseline,base,referral_transfer_cost_usd
241,8,1320.2442425224012,6.0,Transfer (Capital),1073.4793864949004,,diagnosis_base,Baseline,base,referral_transfer_cost_usd
241,9,1320.2442425224012,6.0,Transfer (Capital),1042.2129965969905,,diagnosis_base,Baseline,base,referral_transfer_cost_usd
241,10,1320.2442425224012,6.0,Transfer (Capital),1011.8572782495054,,diagnosis_base,Baseline,base,referral_transfer_cost_usd
242,1,1100.2035354353345,5.0,Transfer (Capital),1100.2035354353345,,diagnosis_base,Baseline,base,referral_transfer_cost_usd
242,2,1100.2035354353345,5.0,Transfer (Capital),1068.158772267315,,diagnosis_base,Baseline,base,referral_transfer_cost_usd
242,3,1100.2035354353345,5.0,Transfer (Capital),1037.04735171584,,diagnosis_base,Baseline,base,referral_transfer_cost_usd
242,4,1100.2035354353345,5.0,Transfer (Capital),1006.8420890445047,,diagnosis_base,Baseline,base,referral_transfer_cost_usd
242,5,1100.2035354353345,5.0,Transfer (Capital),977.5165913053443,,diagnosis_base,Baseline,base,referral_transfer_cost_usd
242,6,1100.2035354353345,5.0,Transfer (Capital),949.0452342770334,,diagnosis_base,Baseline,base,referral_transfer_cost_usd
242,7,1100.2035354353345,5.0,Transfer (Capital),921.4031400747896,,diagnosis_base,Baseline,base,referral_transfer_cost_usd
242,8,1100.2035354353345,5.0,Transfer (Capital),894.5661554124171,,diagnosis_base,Baseline,base,referral_transfer_cost_usd
242,9,1100.2035354353345,5.0,Transfer (Capital),868.5108304974922,,diagnosis_base,Baseline,base,referral_transfer_cost_usd
242,10,1100.2035354353345,5.0,Transfer (Capital),843.2143985412546,,diagnosis_base,Baseline,base,referral_transfer_cost_usd
243,1,1320.2442425224012,6.0,Transfer (Capital),1320.2442425224012,,diagnosis_base,Baseline,base,referral_transfer_cost_usd
243,2,1320.2442425224012,6.0,Transfer (Capital),1281.790526720778,,diagnosis_base,Baseline,base,referral_transfer_cost_usd
243,3,1320.2442425224012,6.0,Transfer (Capital),1244.4568220590077,,diagnosis_base,Baseline,base,referral_transfer_cost_usd
243,4,1320.2442425224012,6.0,Transfer (Capital),1208.2105068534056,,diagnosis_base,Baseline,base,referral_transfer_cost_usd
243,5,1320.2442425224012,6.0,Transfer (Capital),1173.019909566413,,diagnosis_base,Baseline,base,referral_transfer_cost_usd
243,6,1320.2442425224012,6.0,Transfer (Capital),1138.8542811324398,,diagnosis_base,Baseline,base,referral_transfer_cost_usd
243,7,1320.2442425224012,6.0,Transfer (Capital),1105.6837680897474,,diagnosis_base,Baseline,base,referral_transfer_cost_usd
243,8,1320.2442425224012,6.0,Transfer (Capital),1073.4793864949004,,diagnosis_base,Baseline,base,referral_transfer_cost_usd
243,9,1320.2442425224012,6.0,Transfer (Capital),1042.2129965969905,,diagnosis_base,Baseline,base,referral_transfer_cost_usd
243,10,1320.2442425224012,6.0,Transfer (Capital),1011.8572782495054,,diagnosis_base,Baseline,base,referral_transfer_cost_usd
244,1,1320.2442425224012,6.0,Transfer (Capital),1320.2442425224012,,diagnosis_base,Baseline,base,referral_transfer_cost_usd
244,2,1320.2442425224012,6.0,Transfer (Capital),1281.790526720778,,diagnosis_base,Baseline,base,referral_transfer_cost_usd
244,3,1320.2442425224012,6.0,Transfer (Capital),1244.4568220590077,,diagnosis_base,Baseline,base,referral_transfer_cost_usd
244,4,1320.2442425224012,6.0,Transfer (Capital),1208.2105068534056,,diagnosis_base,Baseline,base,referral_transfer_cost_usd
244,5,1320.2442425224012,6.0,Transfer (Capital),1173.019909566413,,diagnosis_base,Baseline,base,referral_transfer_cost_usd
244,6,1320.2442425224012,6.0,Transfer (Capital),1138.8542811324398,,diagnosis_base,Baseline,base,referral_transfer_cost_usd
244,7,1320.2442425224012,6.0,Transfer (Capital),1105.6837680897474,,diagnosis_base,Baseline,base,referral_transfer_cost_usd
244,8,1320.2442425224012,6.0,Transfer (Capital),1073.4793864949004,,diagnosis_base,Baseline,base,referral_transfer_cost_usd
244,9,1320.2442425224012,6.0,Transfer (Capital),1042.2129965969905,,diagnosis_base,Baseline,base,referral_transfer_cost_usd
244,10,1320.2442425224012,6.0,Transfer (Capital),1011.8572782495054,,diagnosis_base,Baseline,base,referral_transfer_cost_usd
245,1,1100.2035354353345,5.0,Transfer (Capital),1100.2035354353345,,diagnosis_base,Baseline,base,referral_transfer_cost_usd
245,2,1100.2035354353345,5.0,Transfer (Capital),1068.158772267315,,diagnosis_base,Baseline,base,referral_transfer_cost_usd
245,3,1100.2035354353345,5.0,Transfer (Capital),1037.04735171584,,diagnosis_base,Baseline,base,referral_transfer_cost_usd
245,4,1100.2035354353345,5.0,Transfer (Capital),1006.8420890445047,,diagnosis_base,Baseline,base,referral_transfer_cost_usd
245,5,1100.2035354353345,5.0,Transfer (Capital),977.5165913053443,,diagnosis_base,Baseline,base,referral_transfer_cost_usd
245,6,1100.2035354353345,5.0,Transfer (Capital),949.0452342770334,,diagnosis_base,Baseline,base,referral_transfer_cost_usd
245,7,1100.2035354353345,5.0,Transfer (Capital),921.4031400747896,,diagnosis_base,Baseline,base,referral_transfer_cost_usd
245,8,1100.2035354353345,5.0,Transfer (Capital),894.5661554124171,,diagnosis_base,Baseline,base,referral_transfer_cost_usd
245,9,1100.2035354353345,5.0,Transfer (Capital),868.5108304974922,,diagnosis_base,Baseline,base,referral_transfer_cost_usd
245,10,1100.2035354353345,5.0,Transfer (Capital),843.2143985412546,,diagnosis_base,Baseline,base,referral_transfer_cost_usd
246,1,1320.2442425224012,6.0,Transfer (Capital),1320.2442425224012,,diagnosis_base,Baseline,base,referral_transfer_cost_usd
246,2,1320.2442425224012,6.0,Transfer (Capital),1281.790526720778,,diagnosis_base,Baseline,base,referral_transfer_cost_usd
246,3,1320.2442425224012,6.0,Transfer (Capital),1244.4568220590077,,diagnosis_base,Baseline,base,referral_transfer_cost_usd
246,4,1320.2442425224012,6.0,Transfer (Capital),1208.2105068534056,,diagnosis_base,Baseline,base,referral_transfer_cost_usd
246,5,1320.2442425224012,6.0,Transfer (Capital),1173.019909566413,,diagnosis_base,Baseline,base,referral_transfer_cost_usd
246,6,1320.2442425224012,6.0,Transfer (Capital),1138.8542811324398,,diagnosis_base,Baseline,base,referral_transfer_cost_usd
246,7,1320.2442425224012,6.0,Transfer (Capital),1105.6837680897474,,diagnosis_base,Baseline,base,referral_transfer_cost_usd
246,8,1320.2442425224012,6.0,Transfer (Capital),1073.4793864949004,,diagnosis_base,Baseline,base,referral_transfer_cost_usd
246,9,1320.2442425224012,6.0,Transfer (Capital),1042.2129965969905,,diagnosis_base,Baseline,base,referral_transfer_cost_usd
246,10,1320.2442425224012,6.0,Transfer (Capital),1011.8572782495054,,diagnosis_base,Baseline,base,referral_transfer_cost_usd
247,1,1320.2442425224012,6.0,Transfer (Capital),1320.2442425224012,,diagnosis_base,Baseline,base,referral_transfer_cost_usd
247,2,1320.2442425224012,6.0,Transfer (Capital),1281.790526720778,,diagnosis_base,Baseline,base,referral_transfer_cost_usd
247,3,1320.2442425224012,6.0,Transfer (Capital),1244.4568220590077,,diagnosis_base,Baseline,base,referral_transfer_cost_usd
247,4,1320.2442425224012,6.0,Transfer (Capital),1208.2105068534056,,diagnosis_base,Baseline,base,referral_transfer_cost_usd
247,5,1320.2442425224012,6.0,Transfer (Capital),1173.019909566413,,diagnosis_base,Baseline,base,referral_transfer_cost_usd
247,6,1320.2442425224012,6.0,Transfer (Capital),1138.8542811324398,,diagnosis_base,Baseline,base,referral_transfer_cost_usd
247,7,1320.2442425224012,6.0,Transfer (Capital),1105.6837680897474,,diagnosis_base,Baseline,base,referral_transfer_cost_usd
247,8,1320.2442425224012,6.0,Transfer (Capital),1073.4793864949004,,diagnosis_base,Baseline,base,referral_transfer_cost_usd
247,9,1320.2442425224012,6.0,Transfer (Capital),1042.2129965969905,,diagnosis_base,Baseline,base,referral_transfer_cost_usd
247,10,1320.2442425224012,6.0,Transfer (Capital),1011.8572782495054,,diagnosis_base,Baseline,base,referral_transfer_cost_usd
248,1,1320.2442425224012,6.0,Transfer (Capital),1320.2442425224012,,diagnosis_base,Baseline,base,referral_transfer_cost_usd
248,2,1320.2442425224012,6.0,Transfer (Capital),1281.790526720778,,diagnosis_base,Baseline,base,referral_transfer_cost_usd
248,3,1320.2442425224012,6.0,Transfer (Capital),1244.4568220590077,,diagnosis_base,Baseline,base,referral_transfer_cost_usd
248,4,1320.2442425224012,6.0,Transfer (Capital),1208.2105068534056,,diagnosis_base,Baseline,base,referral_transfer_cost_usd
248,5,1320.2442425224012,6.0,Transfer (Capital),1173.019909566413,,diagnosis_base,Baseline,base,referral_transfer_cost_usd
248,6,1320.2442425224012,6.0,Transfer (Capital),1138.8542811324398,,diagnosis_base,Baseline,base,referral_transfer_cost_usd
248,7,1320.2442425224012,6.0,Transfer (Capital),1105.6837680897474,,diagnosis_base,Baseline,base,referral_transfer_cost_usd
248,8,1320.2442425224012,6.0,Transfer (Capital),1073.4793864949004,,diagnosis_base,Baseline,base,referral_transfer_cost_usd
248,9,1320.2442425224012,6.0,Transfer (Capital),1042.2129965969905,,diagnosis_base,Baseline,base,referral_transfer_cost_usd
248,10,1320.2442425224012,6.0,Transfer (Capital),1011.8572782495054,,diagnosis_base,Baseline,base,referral_transfer_cost_usd
249,1,1320.2442425224012,6.0,Transfer (Capital),1320.2442425224012,,diagnosis_base,Baseline,base,referral_transfer_cost_usd
249,2,1320.2442425224012,6.0,Transfer (Capital),1281.790526720778,,diagnosis_base,Baseline,base,referral_transfer_cost_usd
249,3,1320.2442425224012,6.0,Transfer (Capital),1244.4568220590077,,diagnosis_base,Baseline,base,referral_transfer_cost_usd
249,4,1320.2442425224012,6.0,Transfer (Capital),1208.2105068534056,,diagnosis_base,Baseline,base,referral_transfer_cost_usd
249,5,1320.2442425224012,6.0,Transfer (Capital),1173.019909566413,,diagnosis_base,Baseline,base,referral_transfer_cost_usd
249,6,1320.2442425224012,6.0,Transfer (Capital),1138.8542811324398,,diagnosis_base,Baseline,base,referral_transfer_cost_usd
249,7,1320.2442425224012,6.0,Transfer (Capital),1105.6837680897474,,diagnosis_base,Baseline,base,referral_transfer_cost_usd
249,8,1320.2442425224012,6.0,Transfer (Capital),1073.4793864949004,,diagnosis_base,Baseline,base,referral_transfer_cost_usd
249,9,1320.2442425224012,6.0,Transfer (Capital),1042.2129965969905,,diagnosis_base,Baseline,base,referral_transfer_cost_usd
249,10,1320.2442425224012,6.0,Transfer (Capital),1011.8572782495054,,diagnosis_base,Baseline,base,referral_transfer_cost_usd
250,1,1320.2442425224012,6.0,Transfer (Capital),1320.2442425224012,,diagnosis_base,Baseline,base,referral_transfer_cost_usd
250,2,1320.2442425224012,6.0,Transfer (Capital),1281.790526720778,,diagnosis_base,Baseline,base,referral_transfer_cost_usd
250,3,1320.2442425224012,6.0,Transfer (Capital),1244.4568220590077,,diagnosis_base,Baseline,base,referral_transfer_cost_usd
250,4,1320.2442425224012,6.0,Transfer (Capital),1208.2105068534056,,diagnosis_base,Baseline,base,referral_transfer_cost_usd
250,5,1320.2442425224012,6.0,Transfer (Capital),1173.019909566413,,diagnosis_base,Baseline,base,referral_transfer_cost_usd
250,6,1320.2442425224012,6.0,Transfer (Capital),1138.8542811324398,,diagnosis_base,Baseline,base,referral_transfer_cost_usd
250,7,1320.2442425224012,6.0,Transfer (Capital),1105.6837680897474,,diagnosis_base,Baseline,base,referral_transfer_cost_usd
250,8,1320.2442425224012,6.0,Transfer (Capital),1073.4793864949004,,diagnosis_base,Baseline,base,referral_transfer_cost_usd
250,9,1320.2442425224012,6.0,Transfer (Capital),1042.2129965969905,,diagnosis_base,Baseline,base,referral_transfer_cost_usd
250,10,1320.2442425224012,6.0,Transfer (Capital),1011.8572782495054,,diagnosis_base,Baseline,base,referral_transfer_cost_usd
201,1,586863.4749034749,636.0,Labor (Surgical),586863.4749034749,,diagnosis_base,Baseline,base,labor_cost_usd
201,2,586863.4749034749,636.0,Labor (Surgical),569770.3639839562,,diagnosis_base,Baseline,base,labor_cost_usd
201,3,586863.4749034749,636.0,Labor (Surgical),553175.1106640352,,diagnosis_base,Baseline,base,labor_cost_usd
201,4,586863.4749034749,636.0,Labor (Surgical),537063.2142369273,,diagnosis_base,Baseline,base,labor_cost_usd
201,5,586863.4749034749,636.0,Labor (Surgical),521420.59634653135,,diagnosis_base,Baseline,base,labor_cost_usd
201,6,586863.4749034749,636.0,Labor (Surgical),506233.58868595277,,diagnosis_base,Baseline,base,labor_cost_usd
201,7,586863.4749034749,636.0,Labor (Surgical),491488.9210543231,,diagnosis_base,Baseline,base,labor_cost_usd
201,8,586863.4749034749,636.0,Labor (Surgical),477173.7097614787,,diagnosis_base,Baseline,base,labor_cost_usd
201,9,586863.4749034749,636.0,Labor (Surgical),463275.44637036766,,diagnosis_base,Baseline,base,labor_cost_usd
201,10,586863.4749034749,636.0,Labor (Surgical),449781.9867673472,,diagnosis_base,Baseline,base,labor_cost_usd
202,1,586863.4749034749,636.0,Labor (Surgical),586863.4749034749,,diagnosis_base,Baseline,base,labor_cost_usd
202,2,586863.4749034749,636.0,Labor (Surgical),569770.3639839562,,diagnosis_base,Baseline,base,labor_cost_usd
202,3,586863.4749034749,636.0,Labor (Surgical),553175.1106640352,,diagnosis_base,Baseline,base,labor_cost_usd
202,4,586863.4749034749,636.0,Labor (Surgical),537063.2142369273,,diagnosis_base,Baseline,base,labor_cost_usd
202,5,586863.4749034749,636.0,Labor (Surgical),521420.59634653135,,diagnosis_base,Baseline,base,labor_cost_usd
202,6,586863.4749034749,636.0,Labor (Surgical),506233.58868595277,,diagnosis_base,Baseline,base,labor_cost_usd
202,7,586863.4749034749,636.0,Labor (Surgical),491488.9210543231,,diagnosis_base,Baseline,base,labor_cost_usd
202,8,586863.4749034749,636.0,Labor (Surgical),477173.7097614787,,diagnosis_base,Baseline,base,labor_cost_usd
202,9,586863.4749034749,636.0,Labor (Surgical),463275.44637036766,,diagnosis_base,Baseline,base,labor_cost_usd
202,10,586863.4749034749,636.0,Labor (Surgical),449781.9867673472,,diagnosis_base,Baseline,base,labor_cost_usd
203,1,586863.4749034749,636.0,Labor (Surgical),586863.4749034749,,diagnosis_base,Baseline,base,labor_cost_usd
203,2,586863.4749034749,636.0,Labor (Surgical),569770.3639839562,,diagnosis_base,Baseline,base,labor_cost_usd
203,3,586863.4749034749,636.0,Labor (Surgical),553175.1106640352,,diagnosis_base,Baseline,base,labor_cost_usd
203,4,586863.4749034749,636.0,Labor (Surgical),537063.2142369273,,diagnosis_base,Baseline,base,labor_cost_usd
203,5,586863.4749034749,636.0,Labor (Surgical),521420.59634653135,,diagnosis_base,Baseline,base,labor_cost_usd
203,6,586863.4749034749,636.0,Labor (Surgical),506233.58868595277,,diagnosis_base,Baseline,base,labor_cost_usd
203,7,586863.4749034749,636.0,Labor (Surgical),491488.9210543231,,diagnosis_base,Baseline,base,labor_cost_usd
203,8,586863.4749034749,636.0,Labor (Surgical),477173.7097614787,,diagnosis_base,Baseline,base,labor_cost_usd
203,9,586863.4749034749,636.0,Labor (Surgical),463275.44637036766,,diagnosis_base,Baseline,base,labor_cost_usd
203,10,586863.4749034749,636.0,Labor (Surgical),449781.9867673472,,diagnosis_base,Baseline,base,labor_cost_usd
204,1,586863.4749034749,636.0,Labor (Surgical),586863.4749034749,,diagnosis_base,Baseline,base,labor_cost_usd
204,2,586863.4749034749,636.0,Labor (Surgical),569770.3639839562,,diagnosis_base,Baseline,base,labor_cost_usd
204,3,586863.4749034749,636.0,Labor (Surgical),553175.1106640352,,diagnosis_base,Baseline,base,labor_cost_usd
204,4,586863.4749034749,636.0,Labor (Surgical),537063.2142369273,,diagnosis_base,Baseline,base,labor_cost_usd
204,5,586863.4749034749,636.0,Labor (Surgical),521420.59634653135,,diagnosis_base,Baseline,base,labor_cost_usd
204,6,586863.4749034749,636.0,Labor (Surgical),506233.58868595277,,diagnosis_base,Baseline,base,labor_cost_usd
204,7,586863.4749034749,636.0,Labor (Surgical),491488.9210543231,,diagnosis_base,Baseline,base,labor_cost_usd
204,8,586863.4749034749,636.0,Labor (Surgical),477173.7097614787,,diagnosis_base,Baseline,base,labor_cost_usd
204,9,586863.4749034749,636.0,Labor (Surgical),463275.44637036766,,diagnosis_base,Baseline,base,labor_cost_usd
204,10,586863.4749034749,636.0,Labor (Surgical),449781.9867673472,,diagnosis_base,Baseline,base,labor_cost_usd
205,1,586863.4749034749,636.0,Labor (Surgical),586863.4749034749,,diagnosis_base,Baseline,base,labor_cost_usd
205,2,586863.4749034749,636.0,Labor (Surgical),569770.3639839562,,diagnosis_base,Baseline,base,labor_cost_usd
205,3,586863.4749034749,636.0,Labor (Surgical),553175.1106640352,,diagnosis_base,Baseline,base,labor_cost_usd
205,4,586863.4749034749,636.0,Labor (Surgical),537063.2142369273,,diagnosis_base,Baseline,base,labor_cost_usd
205,5,586863.4749034749,636.0,Labor (Surgical),521420.59634653135,,diagnosis_base,Baseline,base,labor_cost_usd
205,6,586863.4749034749,636.0,Labor (Surgical),506233.58868595277,,diagnosis_base,Baseline,base,labor_cost_usd
205,7,586863.4749034749,636.0,Labor (Surgical),491488.9210543231,,diagnosis_base,Baseline,base,labor_cost_usd
205,8,586863.4749034749,636.0,Labor (Surgical),477173.7097614787,,diagnosis_base,Baseline,base,labor_cost_usd
205,9,586863.4749034749,636.0,Labor (Surgical),463275.44637036766,,diagnosis_base,Baseline,base,labor_cost_usd
205,10,586863.4749034749,636.0,Labor (Surgical),449781.9867673472,,diagnosis_base,Baseline,base,labor_cost_usd
206,1,586863.4749034749,636.0,Labor (Surgical),586863.4749034749,,diagnosis_base,Baseline,base,labor_cost_usd
206,2,586863.4749034749,636.0,Labor (Surgical),569770.3639839562,,diagnosis_base,Baseline,base,labor_cost_usd
206,3,586863.4749034749,636.0,Labor (Surgical),553175.1106640352,,diagnosis_base,Baseline,base,labor_cost_usd
206,4,586863.4749034749,636.0,Labor (Surgical),537063.2142369273,,diagnosis_base,Baseline,base,labor_cost_usd
206,5,586863.4749034749,636.0,Labor (Surgical),521420.59634653135,,diagnosis_base,Baseline,base,labor_cost_usd
206,6,586863.4749034749,636.0,Labor (Surgical),506233.58868595277,,diagnosis_base,Baseline,base,labor_cost_usd
206,7,586863.4749034749,636.0,Labor (Surgical),491488.9210543231,,diagnosis_base,Baseline,base,labor_cost_usd
206,8,586863.4749034749,636.0,Labor (Surgical),477173.7097614787,,diagnosis_base,Baseline,base,labor_cost_usd
206,9,586863.4749034749,636.0,Labor (Surgical),463275.44637036766,,diagnosis_base,Baseline,base,labor_cost_usd
206,10,586863.4749034749,636.0,Labor (Surgical),449781.9867673472,,diagnosis_base,Baseline,base,labor_cost_usd
207,1,586863.4749034749,636.0,Labor (Surgical),586863.4749034749,,diagnosis_base,Baseline,base,labor_cost_usd
207,2,586863.4749034749,636.0,Labor (Surgical),569770.3639839562,,diagnosis_base,Baseline,base,labor_cost_usd
207,3,586863.4749034749,636.0,Labor (Surgical),553175.1106640352,,diagnosis_base,Baseline,base,labor_cost_usd
207,4,586863.4749034749,636.0,Labor (Surgical),537063.2142369273,,diagnosis_base,Baseline,base,labor_cost_usd
207,5,586863.4749034749,636.0,Labor (Surgical),521420.59634653135,,diagnosis_base,Baseline,base,labor_cost_usd
207,6,586863.4749034749,636.0,Labor (Surgical),506233.58868595277,,diagnosis_base,Baseline,base,labor_cost_usd
207,7,586863.4749034749,636.0,Labor (Surgical),491488.9210543231,,diagnosis_base,Baseline,base,labor_cost_usd
207,8,586863.4749034749,636.0,Labor (Surgical),477173.7097614787,,diagnosis_base,Baseline,base,labor_cost_usd
207,9,586863.4749034749,636.0,Labor (Surgical),463275.44637036766,,diagnosis_base,Baseline,base,labor_cost_usd
207,10,586863.4749034749,636.0,Labor (Surgical),449781.9867673472,,diagnosis_base,Baseline,base,labor_cost_usd
208,1,586863.4749034749,636.0,Labor (Surgical),586863.4749034749,,diagnosis_base,Baseline,base,labor_cost_usd
208,2,586863.4749034749,636.0,Labor (Surgical),569770.3639839562,,diagnosis_base,Baseline,base,labor_cost_usd
208,3,586863.4749034749,636.0,Labor (Surgical),553175.1106640352,,diagnosis_base,Baseline,base,labor_cost_usd
208,4,586863.4749034749,636.0,Labor (Surgical),537063.2142369273,,diagnosis_base,Baseline,base,labor_cost_usd
208,5,586863.4749034749,636.0,Labor (Surgical),521420.59634653135,,diagnosis_base,Baseline,base,labor_cost_usd
208,6,586863.4749034749,636.0,Labor (Surgical),506233.58868595277,,diagnosis_base,Baseline,base,labor_cost_usd
208,7,586863.4749034749,636.0,Labor (Surgical),491488.9210543231,,diagnosis_base,Baseline,base,labor_cost_usd
208,8,586863.4749034749,636.0,Labor (Surgical),477173.7097614787,,diagnosis_base,Baseline,base,labor_cost_usd
208,9,586863.4749034749,636.0,Labor (Surgical),463275.44637036766,,diagnosis_base,Baseline,base,labor_cost_usd
208,10,586863.4749034749,636.0,Labor (Surgical),449781.9867673472,,diagnosis_base,Baseline,base,labor_cost_usd
209,1,586863.4749034749,636.0,Labor (Surgical),586863.4749034749,,diagnosis_base,Baseline,base,labor_cost_usd
209,2,586863.4749034749,636.0,Labor (Surgical),569770.3639839562,,diagnosis_base,Baseline,base,labor_cost_usd
209,3,586863.4749034749,636.0,Labor (Surgical),553175.1106640352,,diagnosis_base,Baseline,base,labor_cost_usd
209,4,586863.4749034749,636.0,Labor (Surgical),537063.2142369273,,diagnosis_base,Baseline,base,labor_cost_usd
209,5,586863.4749034749,636.0,Labor (Surgical),521420.59634653135,,diagnosis_base,Baseline,base,labor_cost_usd
209,6,586863.4749034749,636.0,Labor (Surgical),506233.58868595277,,diagnosis_base,Baseline,base,labor_cost_usd
209,7,586863.4749034749,636.0,Labor (Surgical),491488.9210543231,,diagnosis_base,Baseline,base,labor_cost_usd
209,8,586863.4749034749,636.0,Labor (Surgical),477173.7097614787,,diagnosis_base,Baseline,base,labor_cost_usd
209,9,586863.4749034749,636.0,Labor (Surgical),463275.44637036766,,diagnosis_base,Baseline,base,labor_cost_usd
209,10,586863.4749034749,636.0,Labor (Surgical),449781.9867673472,,diagnosis_base,Baseline,base,labor_cost_usd
210,1,586863.4749034749,636.0,Labor (Surgical),586863.4749034749,,diagnosis_base,Baseline,base,labor_cost_usd
210,2,586863.4749034749,636.0,Labor (Surgical),569770.3639839562,,diagnosis_base,Baseline,base,labor_cost_usd
210,3,586863.4749034749,636.0,Labor (Surgical),553175.1106640352,,diagnosis_base,Baseline,base,labor_cost_usd
210,4,586863.4749034749,636.0,Labor (Surgical),537063.2142369273,,diagnosis_base,Baseline,base,labor_cost_usd
210,5,586863.4749034749,636.0,Labor (Surgical),521420.59634653135,,diagnosis_base,Baseline,base,labor_cost_usd
210,6,586863.4749034749,636.0,Labor (Surgical),506233.58868595277,,diagnosis_base,Baseline,base,labor_cost_usd
210,7,586863.4749034749,636.0,Labor (Surgical),491488.9210543231,,diagnosis_base,Baseline,base,labor_cost_usd
210,8,586863.4749034749,636.0,Labor (Surgical),477173.7097614787,,diagnosis_base,Baseline,base,labor_cost_usd
210,9,586863.4749034749,636.0,Labor (Surgical),463275.44637036766,,diagnosis_base,Baseline,base,labor_cost_usd
210,10,586863.4749034749,636.0,Labor (Surgical),449781.9867673472,,diagnosis_base,Baseline,base,labor_cost_usd
211,1,586863.4749034749,636.0,Labor (Surgical),586863.4749034749,,diagnosis_base,Baseline,base,labor_cost_usd
211,2,586863.4749034749,636.0,Labor (Surgical),569770.3639839562,,diagnosis_base,Baseline,base,labor_cost_usd
211,3,586863.4749034749,636.0,Labor (Surgical),553175.1106640352,,diagnosis_base,Baseline,base,labor_cost_usd
211,4,586863.4749034749,636.0,Labor (Surgical),537063.2142369273,,diagnosis_base,Baseline,base,labor_cost_usd
211,5,586863.4749034749,636.0,Labor (Surgical),521420.59634653135,,diagnosis_base,Baseline,base,labor_cost_usd
211,6,586863.4749034749,636.0,Labor (Surgical),506233.58868595277,,diagnosis_base,Baseline,base,labor_cost_usd
211,7,586863.4749034749,636.0,Labor (Surgical),491488.9210543231,,diagnosis_base,Baseline,base,labor_cost_usd
211,8,586863.4749034749,636.0,Labor (Surgical),477173.7097614787,,diagnosis_base,Baseline,base,labor_cost_usd
211,9,586863.4749034749,636.0,Labor (Surgical),463275.44637036766,,diagnosis_base,Baseline,base,labor_cost_usd
211,10,586863.4749034749,636.0,Labor (Surgical),449781.9867673472,,diagnosis_base,Baseline,base,labor_cost_usd
212,1,586863.4749034749,636.0,Labor (Surgical),586863.4749034749,,diagnosis_base,Baseline,base,labor_cost_usd
212,2,586863.4749034749,636.0,Labor (Surgical),569770.3639839562,,diagnosis_base,Baseline,base,labor_cost_usd
212,3,586863.4749034749,636.0,Labor (Surgical),553175.1106640352,,diagnosis_base,Baseline,base,labor_cost_usd
212,4,586863.4749034749,636.0,Labor (Surgical),537063.2142369273,,diagnosis_base,Baseline,base,labor_cost_usd
212,5,586863.4749034749,636.0,Labor (Surgical),521420.59634653135,,diagnosis_base,Baseline,base,labor_cost_usd
212,6,586863.4749034749,636.0,Labor (Surgical),506233.58868595277,,diagnosis_base,Baseline,base,labor_cost_usd
212,7,586863.4749034749,636.0,Labor (Surgical),491488.9210543231,,diagnosis_base,Baseline,base,labor_cost_usd
212,8,586863.4749034749,636.0,Labor (Surgical),477173.7097614787,,diagnosis_base,Baseline,base,labor_cost_usd
212,9,586863.4749034749,636.0,Labor (Surgical),463275.44637036766,,diagnosis_base,Baseline,base,labor_cost_usd
212,10,586863.4749034749,636.0,Labor (Surgical),449781.9867673472,,diagnosis_base,Baseline,base,labor_cost_usd
213,1,586863.4749034749,636.0,Labor (Surgical),586863.4749034749,,diagnosis_base,Baseline,base,labor_cost_usd
213,2,586863.4749034749,636.0,Labor (Surgical),569770.3639839562,,diagnosis_base,Baseline,base,labor_cost_usd
213,3,586863.4749034749,636.0,Labor (Surgical),553175.1106640352,,diagnosis_base,Baseline,base,labor_cost_usd
213,4,586863.4749034749,636.0,Labor (Surgical),537063.2142369273,,diagnosis_base,Baseline,base,labor_cost_usd
213,5,586863.4749034749,636.0,Labor (Surgical),521420.59634653135,,diagnosis_base,Baseline,base,labor_cost_usd
213,6,586863.4749034749,636.0,Labor (Surgical),506233.58868595277,,diagnosis_base,Baseline,base,labor_cost_usd
213,7,586863.4749034749,636.0,Labor (Surgical),491488.9210543231,,diagnosis_base,Baseline,base,labor_cost_usd
213,8,586863.4749034749,636.0,Labor (Surgical),477173.7097614787,,diagnosis_base,Baseline,base,labor_cost_usd
213,9,586863.4749034749,636.0,Labor (Surgical),463275.44637036766,,diagnosis_base,Baseline,base,labor_cost_usd
213,10,586863.4749034749,636.0,Labor (Surgical),449781.9867673472,,diagnosis_base,Baseline,base,labor_cost_usd
214,1,586863.4749034749,636.0,Labor (Surgical),586863.4749034749,,diagnosis_base,Baseline,base,labor_cost_usd
214,2,586863.4749034749,636.0,Labor (Surgical),569770.3639839562,,diagnosis_base,Baseline,base,labor_cost_usd
214,3,586863.4749034749,636.0,Labor (Surgical),553175.1106640352,,diagnosis_base,Baseline,base,labor_cost_usd
214,4,586863.4749034749,636.0,Labor (Surgical),537063.2142369273,,diagnosis_base,Baseline,base,labor_cost_usd
214,5,586863.4749034749,636.0,Labor (Surgical),521420.59634653135,,diagnosis_base,Baseline,base,labor_cost_usd
214,6,586863.4749034749,636.0,Labor (Surgical),506233.58868595277,,diagnosis_base,Baseline,base,labor_cost_usd
214,7,586863.4749034749,636.0,Labor (Surgical),491488.9210543231,,diagnosis_base,Baseline,base,labor_cost_usd
214,8,586863.4749034749,636.0,Labor (Surgical),477173.7097614787,,diagnosis_base,Baseline,base,labor_cost_usd
214,9,586863.4749034749,636.0,Labor (Surgical),463275.44637036766,,diagnosis_base,Baseline,base,labor_cost_usd
214,10,586863.4749034749,636.0,Labor (Surgical),449781.9867673472,,diagnosis_base,Baseline,base,labor_cost_usd
215,1,586863.4749034749,636.0,Labor (Surgical),586863.4749034749,,diagnosis_base,Baseline,base,labor_cost_usd
215,2,586863.4749034749,636.0,Labor (Surgical),569770.3639839562,,diagnosis_base,Baseline,base,labor_cost_usd
215,3,586863.4749034749,636.0,Labor (Surgical),553175.1106640352,,diagnosis_base,Baseline,base,labor_cost_usd
215,4,586863.4749034749,636.0,Labor (Surgical),537063.2142369273,,diagnosis_base,Baseline,base,labor_cost_usd
215,5,586863.4749034749,636.0,Labor (Surgical),521420.59634653135,,diagnosis_base,Baseline,base,labor_cost_usd
215,6,586863.4749034749,636.0,Labor (Surgical),506233.58868595277,,diagnosis_base,Baseline,base,labor_cost_usd
215,7,586863.4749034749,636.0,Labor (Surgical),491488.9210543231,,diagnosis_base,Baseline,base,labor_cost_usd
215,8,586863.4749034749,636.0,Labor (Surgical),477173.7097614787,,diagnosis_base,Baseline,base,labor_cost_usd
215,9,586863.4749034749,636.0,Labor (Surgical),463275.44637036766,,diagnosis_base,Baseline,base,labor_cost_usd
215,10,586863.4749034749,636.0,Labor (Surgical),449781.9867673472,,diagnosis_base,Baseline,base,labor_cost_usd
216,1,586863.4749034749,636.0,Labor (Surgical),586863.4749034749,,diagnosis_base,Baseline,base,labor_cost_usd
216,2,586863.4749034749,636.0,Labor (Surgical),569770.3639839562,,diagnosis_base,Baseline,base,labor_cost_usd
216,3,586863.4749034749,636.0,Labor (Surgical),553175.1106640352,,diagnosis_base,Baseline,base,labor_cost_usd
216,4,586863.4749034749,636.0,Labor (Surgical),537063.2142369273,,diagnosis_base,Baseline,base,labor_cost_usd
216,5,586863.4749034749,636.0,Labor (Surgical),521420.59634653135,,diagnosis_base,Baseline,base,labor_cost_usd
216,6,586863.4749034749,636.0,Labor (Surgical),506233.58868595277,,diagnosis_base,Baseline,base,labor_cost_usd
216,7,586863.4749034749,636.0,Labor (Surgical),491488.9210543231,,diagnosis_base,Baseline,base,labor_cost_usd
216,8,586863.4749034749,636.0,Labor (Surgical),477173.7097614787,,diagnosis_base,Baseline,base,labor_cost_usd
216,9,586863.4749034749,636.0,Labor (Surgical),463275.44637036766,,diagnosis_base,Baseline,base,labor_cost_usd
216,10,586863.4749034749,636.0,Labor (Surgical),449781.9867673472,,diagnosis_base,Baseline,base,labor_cost_usd
217,1,586863.4749034749,636.0,Labor (Surgical),586863.4749034749,,diagnosis_base,Baseline,base,labor_cost_usd
217,2,586863.4749034749,636.0,Labor (Surgical),569770.3639839562,,diagnosis_base,Baseline,base,labor_cost_usd
217,3,586863.4749034749,636.0,Labor (Surgical),553175.1106640352,,diagnosis_base,Baseline,base,labor_cost_usd
217,4,586863.4749034749,636.0,Labor (Surgical),537063.2142369273,,diagnosis_base,Baseline,base,labor_cost_usd
217,5,586863.4749034749,636.0,Labor (Surgical),521420.59634653135,,diagnosis_base,Baseline,base,labor_cost_usd
217,6,586863.4749034749,636.0,Labor (Surgical),506233.58868595277,,diagnosis_base,Baseline,base,labor_cost_usd
217,7,586863.4749034749,636.0,Labor (Surgical),491488.9210543231,,diagnosis_base,Baseline,base,labor_cost_usd
217,8,586863.4749034749,636.0,Labor (Surgical),477173.7097614787,,diagnosis_base,Baseline,base,labor_cost_usd
217,9,586863.4749034749,636.0,Labor (Surgical),463275.44637036766,,diagnosis_base,Baseline,base,labor_cost_usd
217,10,586863.4749034749,636.0,Labor (Surgical),449781.9867673472,,diagnosis_base,Baseline,base,labor_cost_usd
218,1,586863.4749034749,636.0,Labor (Surgical),586863.4749034749,,diagnosis_base,Baseline,base,labor_cost_usd
218,2,586863.4749034749,636.0,Labor (Surgical),569770.3639839562,,diagnosis_base,Baseline,base,labor_cost_usd
218,3,586863.4749034749,636.0,Labor (Surgical),553175.1106640352,,diagnosis_base,Baseline,base,labor_cost_usd
218,4,586863.4749034749,636.0,Labor (Surgical),537063.2142369273,,diagnosis_base,Baseline,base,labor_cost_usd
218,5,586863.4749034749,636.0,Labor (Surgical),521420.59634653135,,diagnosis_base,Baseline,base,labor_cost_usd
218,6,586863.4749034749,636.0,Labor (Surgical),506233.58868595277,,diagnosis_base,Baseline,base,labor_cost_usd
218,7,586863.4749034749,636.0,Labor (Surgical),491488.9210543231,,diagnosis_base,Baseline,base,labor_cost_usd
218,8,586863.4749034749,636.0,Labor (Surgical),477173.7097614787,,diagnosis_base,Baseline,base,labor_cost_usd
218,9,586863.4749034749,636.0,Labor (Surgical),463275.44637036766,,diagnosis_base,Baseline,base,labor_cost_usd
218,10,586863.4749034749,636.0,Labor (Surgical),449781.9867673472,,diagnosis_base,Baseline,base,labor_cost_usd
219,1,586863.4749034749,636.0,Labor (Surgical),586863.4749034749,,diagnosis_base,Baseline,base,labor_cost_usd
219,2,586863.4749034749,636.0,Labor (Surgical),569770.3639839562,,diagnosis_base,Baseline,base,labor_cost_usd
219,3,586863.4749034749,636.0,Labor (Surgical),553175.1106640352,,diagnosis_base,Baseline,base,labor_cost_usd
219,4,586863.4749034749,636.0,Labor (Surgical),537063.2142369273,,diagnosis_base,Baseline,base,labor_cost_usd
219,5,586863.4749034749,636.0,Labor (Surgical),521420.59634653135,,diagnosis_base,Baseline,base,labor_cost_usd
219,6,586863.4749034749,636.0,Labor (Surgical),506233.58868595277,,diagnosis_base,Baseline,base,labor_cost_usd
219,7,586863.4749034749,636.0,Labor (Surgical),491488.9210543231,,diagnosis_base,Baseline,base,labor_cost_usd
219,8,586863.4749034749,636.0,Labor (Surgical),477173.7097614787,,diagnosis_base,Baseline,base,labor_cost_usd
219,9,586863.4749034749,636.0,Labor (Surgical),463275.44637036766,,diagnosis_base,Baseline,base,labor_cost_usd
219,10,586863.4749034749,636.0,Labor (Surgical),449781.9867673472,,diagnosis_base,Baseline,base,labor_cost_usd
220,1,586863.4749034749,636.0,Labor (Surgical),586863.4749034749,,diagnosis_base,Baseline,base,labor_cost_usd
220,2,586863.4749034749,636.0,Labor (Surgical),569770.3639839562,,diagnosis_base,Baseline,base,labor_cost_usd
220,3,586863.4749034749,636.0,Labor (Surgical),553175.1106640352,,diagnosis_base,Baseline,base,labor_cost_usd
220,4,586863.4749034749,636.0,Labor (Surgical),537063.2142369273,,diagnosis_base,Baseline,base,labor_cost_usd
220,5,586863.4749034749,636.0,Labor (Surgical),521420.59634653135,,diagnosis_base,Baseline,base,labor_cost_usd
220,6,586863.4749034749,636.0,Labor (Surgical),506233.58868595277,,diagnosis_base,Baseline,base,labor_cost_usd
220,7,586863.4749034749,636.0,Labor (Surgical),491488.9210543231,,diagnosis_base,Baseline,base,labor_cost_usd
220,8,586863.4749034749,636.0,Labor (Surgical),477173.7097614787,,diagnosis_base,Baseline,base,labor_cost_usd
220,9,586863.4749034749,636.0,Labor (Surgical),463275.44637036766,,diagnosis_base,Baseline,base,labor_cost_usd
220,10,586863.4749034749,636.0,Labor (Surgical),449781.9867673472,,diagnosis_base,Baseline,base,labor_cost_usd
221,1,586863.4749034749,636.0,Labor (Surgical),586863.4749034749,,diagnosis_base,Baseline,base,labor_cost_usd
221,2,586863.4749034749,636.0,Labor (Surgical),569770.3639839562,,diagnosis_base,Baseline,base,labor_cost_usd
221,3,586863.4749034749,636.0,Labor (Surgical),553175.1106640352,,diagnosis_base,Baseline,base,labor_cost_usd
221,4,586863.4749034749,636.0,Labor (Surgical),537063.2142369273,,diagnosis_base,Baseline,base,labor_cost_usd
221,5,586863.4749034749,636.0,Labor (Surgical),521420.59634653135,,diagnosis_base,Baseline,base,labor_cost_usd
221,6,586863.4749034749,636.0,Labor (Surgical),506233.58868595277,,diagnosis_base,Baseline,base,labor_cost_usd
221,7,586863.4749034749,636.0,Labor (Surgical),491488.9210543231,,diagnosis_base,Baseline,base,labor_cost_usd
221,8,586863.4749034749,636.0,Labor (Surgical),477173.7097614787,,diagnosis_base,Baseline,base,labor_cost_usd
221,9,586863.4749034749,636.0,Labor (Surgical),463275.44637036766,,diagnosis_base,Baseline,base,labor_cost_usd
221,10,586863.4749034749,636.0,Labor (Surgical),449781.9867673472,,diagnosis_base,Baseline,base,labor_cost_usd
222,1,586863.4749034749,636.0,Labor (Surgical),586863.4749034749,,diagnosis_base,Baseline,base,labor_cost_usd
222,2,586863.4749034749,636.0,Labor (Surgical),569770.3639839562,,diagnosis_base,Baseline,base,labor_cost_usd
222,3,586863.4749034749,636.0,Labor (Surgical),553175.1106640352,,diagnosis_base,Baseline,base,labor_cost_usd
222,4,586863.4749034749,636.0,Labor (Surgical),537063.2142369273,,diagnosis_base,Baseline,base,labor_cost_usd
222,5,586863.4749034749,636.0,Labor (Surgical),521420.59634653135,,diagnosis_base,Baseline,base,labor_cost_usd
222,6,586863.4749034749,636.0,Labor (Surgical),506233.58868595277,,diagnosis_base,Baseline,base,labor_cost_usd
222,7,586863.4749034749,636.0,Labor (Surgical),491488.9210543231,,diagnosis_base,Baseline,base,labor_cost_usd
222,8,586863.4749034749,636.0,Labor (Surgical),477173.7097614787,,diagnosis_base,Baseline,base,labor_cost_usd
222,9,586863.4749034749,636.0,Labor (Surgical),463275.44637036766,,diagnosis_base,Baseline,base,labor_cost_usd
222,10,586863.4749034749,636.0,Labor (Surgical),449781.9867673472,,diagnosis_base,Baseline,base,labor_cost_usd
223,1,586863.4749034749,636.0,Labor (Surgical),586863.4749034749,,diagnosis_base,Baseline,base,labor_cost_usd
223,2,586863.4749034749,636.0,Labor (Surgical),569770.3639839562,,diagnosis_base,Baseline,base,labor_cost_usd
223,3,586863.4749034749,636.0,Labor (Surgical),553175.1106640352,,diagnosis_base,Baseline,base,labor_cost_usd
223,4,586863.4749034749,636.0,Labor (Surgical),537063.2142369273,,diagnosis_base,Baseline,base,labor_cost_usd
223,5,586863.4749034749,636.0,Labor (Surgical),521420.59634653135,,diagnosis_base,Baseline,base,labor_cost_usd
223,6,586863.4749034749,636.0,Labor (Surgical),506233.58868595277,,diagnosis_base,Baseline,base,labor_cost_usd
223,7,586863.4749034749,636.0,Labor (Surgical),491488.9210543231,,diagnosis_base,Baseline,base,labor_cost_usd
223,8,586863.4749034749,636.0,Labor (Surgical),477173.7097614787,,diagnosis_base,Baseline,base,labor_cost_usd
223,9,586863.4749034749,636.0,Labor (Surgical),463275.44637036766,,diagnosis_base,Baseline,base,labor_cost_usd
223,10,586863.4749034749,636.0,Labor (Surgical),449781.9867673472,,diagnosis_base,Baseline,base,labor_cost_usd
224,1,586863.4749034749,636.0,Labor (Surgical),586863.4749034749,,diagnosis_base,Baseline,base,labor_cost_usd
224,2,586863.4749034749,636.0,Labor (Surgical),569770.3639839562,,diagnosis_base,Baseline,base,labor_cost_usd
224,3,586863.4749034749,636.0,Labor (Surgical),553175.1106640352,,diagnosis_base,Baseline,base,labor_cost_usd
224,4,586863.4749034749,636.0,Labor (Surgical),537063.2142369273,,diagnosis_base,Baseline,base,labor_cost_usd
224,5,586863.4749034749,636.0,Labor (Surgical),521420.59634653135,,diagnosis_base,Baseline,base,labor_cost_usd
224,6,586863.4749034749,636.0,Labor (Surgical),506233.58868595277,,diagnosis_base,Baseline,base,labor_cost_usd
224,7,586863.4749034749,636.0,Labor (Surgical),491488.9210543231,,diagnosis_base,Baseline,base,labor_cost_usd
224,8,586863.4749034749,636.0,Labor (Surgical),477173.7097614787,,diagnosis_base,Baseline,base,labor_cost_usd
224,9,586863.4749034749,636.0,Labor (Surgical),463275.44637036766,,diagnosis_base,Baseline,base,labor_cost_usd
224,10,586863.4749034749,636.0,Labor (Surgical),449781.9867673472,,diagnosis_base,Baseline,base,labor_cost_usd
225,1,586863.4749034749,636.0,Labor (Surgical),586863.4749034749,,diagnosis_base,Baseline,base,labor_cost_usd
225,2,586863.4749034749,636.0,Labor (Surgical),569770.3639839562,,diagnosis_base,Baseline,base,labor_cost_usd
225,3,586863.4749034749,636.0,Labor (Surgical),553175.1106640352,,diagnosis_base,Baseline,base,labor_cost_usd
225,4,586863.4749034749,636.0,Labor (Surgical),537063.2142369273,,diagnosis_base,Baseline,base,labor_cost_usd
225,5,586863.4749034749,636.0,Labor (Surgical),521420.59634653135,,diagnosis_base,Baseline,base,labor_cost_usd
225,6,586863.4749034749,636.0,Labor (Surgical),506233.58868595277,,diagnosis_base,Baseline,base,labor_cost_usd
225,7,586863.4749034749,636.0,Labor (Surgical),491488.9210543231,,diagnosis_base,Baseline,base,labor_cost_usd
225,8,586863.4749034749,636.0,Labor (Surgical),477173.7097614787,,diagnosis_base,Baseline,base,labor_cost_usd
225,9,586863.4749034749,636.0,Labor (Surgical),463275.44637036766,,diagnosis_base,Baseline,base,labor_cost_usd
225,10,586863.4749034749,636.0,Labor (Surgical),449781.9867673472,,diagnosis_base,Baseline,base,labor_cost_usd
226,1,586863.4749034749,636.0,Labor (Surgical),586863.4749034749,,diagnosis_base,Baseline,base,labor_cost_usd
226,2,586863.4749034749,636.0,Labor (Surgical),569770.3639839562,,diagnosis_base,Baseline,base,labor_cost_usd
226,3,586863.4749034749,636.0,Labor (Surgical),553175.1106640352,,diagnosis_base,Baseline,base,labor_cost_usd
226,4,586863.4749034749,636.0,Labor (Surgical),537063.2142369273,,diagnosis_base,Baseline,base,labor_cost_usd
226,5,586863.4749034749,636.0,Labor (Surgical),521420.59634653135,,diagnosis_base,Baseline,base,labor_cost_usd
226,6,586863.4749034749,636.0,Labor (Surgical),506233.58868595277,,diagnosis_base,Baseline,base,labor_cost_usd
226,7,586863.4749034749,636.0,Labor (Surgical),491488.9210543231,,diagnosis_base,Baseline,base,labor_cost_usd
226,8,586863.4749034749,636.0,Labor (Surgical),477173.7097614787,,diagnosis_base,Baseline,base,labor_cost_usd
226,9,586863.4749034749,636.0,Labor (Surgical),463275.44637036766,,diagnosis_base,Baseline,base,labor_cost_usd
226,10,586863.4749034749,636.0,Labor (Surgical),449781.9867673472,,diagnosis_base,Baseline,base,labor_cost_usd
227,1,586863.4749034749,636.0,Labor (Surgical),586863.4749034749,,diagnosis_base,Baseline,base,labor_cost_usd
227,2,586863.4749034749,636.0,Labor (Surgical),569770.3639839562,,diagnosis_base,Baseline,base,labor_cost_usd
227,3,586863.4749034749,636.0,Labor (Surgical),553175.1106640352,,diagnosis_base,Baseline,base,labor_cost_usd
227,4,586863.4749034749,636.0,Labor (Surgical),537063.2142369273,,diagnosis_base,Baseline,base,labor_cost_usd
227,5,586863.4749034749,636.0,Labor (Surgical),521420.59634653135,,diagnosis_base,Baseline,base,labor_cost_usd
227,6,586863.4749034749,636.0,Labor (Surgical),506233.58868595277,,diagnosis_base,Baseline,base,labor_cost_usd
227,7,586863.4749034749,636.0,Labor (Surgical),491488.9210543231,,diagnosis_base,Baseline,base,labor_cost_usd
227,8,586863.4749034749,636.0,Labor (Surgical),477173.7097614787,,diagnosis_base,Baseline,base,labor_cost_usd
227,9,586863.4749034749,636.0,Labor (Surgical),463275.44637036766,,diagnosis_base,Baseline,base,labor_cost_usd
227,10,586863.4749034749,636.0,Labor (Surgical),449781.9867673472,,diagnosis_base,Baseline,base,labor_cost_usd
228,1,586863.4749034749,636.0,Labor (Surgical),586863.4749034749,,diagnosis_base,Baseline,base,labor_cost_usd
228,2,586863.4749034749,636.0,Labor (Surgical),569770.3639839562,,diagnosis_base,Baseline,base,labor_cost_usd
228,3,586863.4749034749,636.0,Labor (Surgical),553175.1106640352,,diagnosis_base,Baseline,base,labor_cost_usd
228,4,586863.4749034749,636.0,Labor (Surgical),537063.2142369273,,diagnosis_base,Baseline,base,labor_cost_usd
228,5,586863.4749034749,636.0,Labor (Surgical),521420.59634653135,,diagnosis_base,Baseline,base,labor_cost_usd
228,6,586863.4749034749,636.0,Labor (Surgical),506233.58868595277,,diagnosis_base,Baseline,base,labor_cost_usd
228,7,586863.4749034749,636.0,Labor (Surgical),491488.9210543231,,diagnosis_base,Baseline,base,labor_cost_usd
228,8,586863.4749034749,636.0,Labor (Surgical),477173.7097614787,,diagnosis_base,Baseline,base,labor_cost_usd
228,9,586863.4749034749,636.0,Labor (Surgical),463275.44637036766,,diagnosis_base,Baseline,base,labor_cost_usd
228,10,586863.4749034749,636.0,Labor (Surgical),449781.9867673472,,diagnosis_base,Baseline,base,labor_cost_usd
229,1,586863.4749034749,636.0,Labor (Surgical),586863.4749034749,,diagnosis_base,Baseline,base,labor_cost_usd
229,2,586863.4749034749,636.0,Labor (Surgical),569770.3639839562,,diagnosis_base,Baseline,base,labor_cost_usd
229,3,586863.4749034749,636.0,Labor (Surgical),553175.1106640352,,diagnosis_base,Baseline,base,labor_cost_usd
229,4,586863.4749034749,636.0,Labor (Surgical),537063.2142369273,,diagnosis_base,Baseline,base,labor_cost_usd
229,5,586863.4749034749,636.0,Labor (Surgical),521420.59634653135,,diagnosis_base,Baseline,base,labor_cost_usd
229,6,586863.4749034749,636.0,Labor (Surgical),506233.58868595277,,diagnosis_base,Baseline,base,labor_cost_usd
229,7,586863.4749034749,636.0,Labor (Surgical),491488.9210543231,,diagnosis_base,Baseline,base,labor_cost_usd
229,8,586863.4749034749,636.0,Labor (Surgical),477173.7097614787,,diagnosis_base,Baseline,base,labor_cost_usd
229,9,586863.4749034749,636.0,Labor (Surgical),463275.44637036766,,diagnosis_base,Baseline,base,labor_cost_usd
229,10,586863.4749034749,636.0,Labor (Surgical),449781.9867673472,,diagnosis_base,Baseline,base,labor_cost_usd
230,1,586863.4749034749,636.0,Labor (Surgical),586863.4749034749,,diagnosis_base,Baseline,base,labor_cost_usd
230,2,586863.4749034749,636.0,Labor (Surgical),569770.3639839562,,diagnosis_base,Baseline,base,labor_cost_usd
230,3,586863.4749034749,636.0,Labor (Surgical),553175.1106640352,,diagnosis_base,Baseline,base,labor_cost_usd
230,4,586863.4749034749,636.0,Labor (Surgical),537063.2142369273,,diagnosis_base,Baseline,base,labor_cost_usd
230,5,586863.4749034749,636.0,Labor (Surgical),521420.59634653135,,diagnosis_base,Baseline,base,labor_cost_usd
230,6,586863.4749034749,636.0,Labor (Surgical),506233.58868595277,,diagnosis_base,Baseline,base,labor_cost_usd
230,7,586863.4749034749,636.0,Labor (Surgical),491488.9210543231,,diagnosis_base,Baseline,base,labor_cost_usd
230,8,586863.4749034749,636.0,Labor (Surgical),477173.7097614787,,diagnosis_base,Baseline,base,labor_cost_usd
230,9,586863.4749034749,636.0,Labor (Surgical),463275.44637036766,,diagnosis_base,Baseline,base,labor_cost_usd
230,10,586863.4749034749,636.0,Labor (Surgical),449781.9867673472,,diagnosis_base,Baseline,base,labor_cost_usd
231,1,586863.4749034749,636.0,Labor (Surgical),586863.4749034749,,diagnosis_base,Baseline,base,labor_cost_usd
231,2,586863.4749034749,636.0,Labor (Surgical),569770.3639839562,,diagnosis_base,Baseline,base,labor_cost_usd
231,3,586863.4749034749,636.0,Labor (Surgical),553175.1106640352,,diagnosis_base,Baseline,base,labor_cost_usd
231,4,586863.4749034749,636.0,Labor (Surgical),537063.2142369273,,diagnosis_base,Baseline,base,labor_cost_usd
231,5,586863.4749034749,636.0,Labor (Surgical),521420.59634653135,,diagnosis_base,Baseline,base,labor_cost_usd
231,6,586863.4749034749,636.0,Labor (Surgical),506233.58868595277,,diagnosis_base,Baseline,base,labor_cost_usd
231,7,586863.4749034749,636.0,Labor (Surgical),491488.9210543231,,diagnosis_base,Baseline,base,labor_cost_usd
231,8,586863.4749034749,636.0,Labor (Surgical),477173.7097614787,,diagnosis_base,Baseline,base,labor_cost_usd
231,9,586863.4749034749,636.0,Labor (Surgical),463275.44637036766,,diagnosis_base,Baseline,base,labor_cost_usd
231,10,586863.4749034749,636.0,Labor (Surgical),449781.9867673472,,diagnosis_base,Baseline,base,labor_cost_usd
232,1,586863.4749034749,636.0,Labor (Surgical),586863.4749034749,,diagnosis_base,Baseline,base,labor_cost_usd
232,2,586863.4749034749,636.0,Labor (Surgical),569770.3639839562,,diagnosis_base,Baseline,base,labor_cost_usd
232,3,586863.4749034749,636.0,Labor (Surgical),553175.1106640352,,diagnosis_base,Baseline,base,labor_cost_usd
232,4,586863.4749034749,636.0,Labor (Surgical),537063.2142369273,,diagnosis_base,Baseline,base,labor_cost_usd
232,5,586863.4749034749,636.0,Labor (Surgical),521420.59634653135,,diagnosis_base,Baseline,base,labor_cost_usd
232,6,586863.4749034749,636.0,Labor (Surgical),506233.58868595277,,diagnosis_base,Baseline,base,labor_cost_usd
232,7,586863.4749034749,636.0,Labor (Surgical),491488.9210543231,,diagnosis_base,Baseline,base,labor_cost_usd
232,8,586863.4749034749,636.0,Labor (Surgical),477173.7097614787,,diagnosis_base,Baseline,base,labor_cost_usd
232,9,586863.4749034749,636.0,Labor (Surgical),463275.44637036766,,diagnosis_base,Baseline,base,labor_cost_usd
232,10,586863.4749034749,636.0,Labor (Surgical),449781.9867673472,,diagnosis_base,Baseline,base,labor_cost_usd
233,1,586863.4749034749,636.0,Labor (Surgical),586863.4749034749,,diagnosis_base,Baseline,base,labor_cost_usd
233,2,586863.4749034749,636.0,Labor (Surgical),569770.3639839562,,diagnosis_base,Baseline,base,labor_cost_usd
233,3,586863.4749034749,636.0,Labor (Surgical),553175.1106640352,,diagnosis_base,Baseline,base,labor_cost_usd
233,4,586863.4749034749,636.0,Labor (Surgical),537063.2142369273,,diagnosis_base,Baseline,base,labor_cost_usd
233,5,586863.4749034749,636.0,Labor (Surgical),521420.59634653135,,diagnosis_base,Baseline,base,labor_cost_usd
233,6,586863.4749034749,636.0,Labor (Surgical),506233.58868595277,,diagnosis_base,Baseline,base,labor_cost_usd
233,7,586863.4749034749,636.0,Labor (Surgical),491488.9210543231,,diagnosis_base,Baseline,base,labor_cost_usd
233,8,586863.4749034749,636.0,Labor (Surgical),477173.7097614787,,diagnosis_base,Baseline,base,labor_cost_usd
233,9,586863.4749034749,636.0,Labor (Surgical),463275.44637036766,,diagnosis_base,Baseline,base,labor_cost_usd
233,10,586863.4749034749,636.0,Labor (Surgical),449781.9867673472,,diagnosis_base,Baseline,base,labor_cost_usd
234,1,586863.4749034749,636.0,Labor (Surgical),586863.4749034749,,diagnosis_base,Baseline,base,labor_cost_usd
234,2,586863.4749034749,636.0,Labor (Surgical),569770.3639839562,,diagnosis_base,Baseline,base,labor_cost_usd
234,3,586863.4749034749,636.0,Labor (Surgical),553175.1106640352,,diagnosis_base,Baseline,base,labor_cost_usd
234,4,586863.4749034749,636.0,Labor (Surgical),537063.2142369273,,diagnosis_base,Baseline,base,labor_cost_usd
234,5,586863.4749034749,636.0,Labor (Surgical),521420.59634653135,,diagnosis_base,Baseline,base,labor_cost_usd
234,6,586863.4749034749,636.0,Labor (Surgical),506233.58868595277,,diagnosis_base,Baseline,base,labor_cost_usd
234,7,586863.4749034749,636.0,Labor (Surgical),491488.9210543231,,diagnosis_base,Baseline,base,labor_cost_usd
234,8,586863.4749034749,636.0,Labor (Surgical),477173.7097614787,,diagnosis_base,Baseline,base,labor_cost_usd
234,9,586863.4749034749,636.0,Labor (Surgical),463275.44637036766,,diagnosis_base,Baseline,base,labor_cost_usd
234,10,586863.4749034749,636.0,Labor (Surgical),449781.9867673472,,diagnosis_base,Baseline,base,labor_cost_usd
235,1,586863.4749034749,636.0,Labor (Surgical),586863.4749034749,,diagnosis_base,Baseline,base,labor_cost_usd
235,2,586863.4749034749,636.0,Labor (Surgical),569770.3639839562,,diagnosis_base,Baseline,base,labor_cost_usd
235,3,586863.4749034749,636.0,Labor (Surgical),553175.1106640352,,diagnosis_base,Baseline,base,labor_cost_usd
235,4,586863.4749034749,636.0,Labor (Surgical),537063.2142369273,,diagnosis_base,Baseline,base,labor_cost_usd
235,5,586863.4749034749,636.0,Labor (Surgical),521420.59634653135,,diagnosis_base,Baseline,base,labor_cost_usd
235,6,586863.4749034749,636.0,Labor (Surgical),506233.58868595277,,diagnosis_base,Baseline,base,labor_cost_usd
235,7,586863.4749034749,636.0,Labor (Surgical),491488.9210543231,,diagnosis_base,Baseline,base,labor_cost_usd
235,8,586863.4749034749,636.0,Labor (Surgical),477173.7097614787,,diagnosis_base,Baseline,base,labor_cost_usd
235,9,586863.4749034749,636.0,Labor (Surgical),463275.44637036766,,diagnosis_base,Baseline,base,labor_cost_usd
235,10,586863.4749034749,636.0,Labor (Surgical),449781.9867673472,,diagnosis_base,Baseline,base,labor_cost_usd
236,1,586863.4749034749,636.0,Labor (Surgical),586863.4749034749,,diagnosis_base,Baseline,base,labor_cost_usd
236,2,586863.4749034749,636.0,Labor (Surgical),569770.3639839562,,diagnosis_base,Baseline,base,labor_cost_usd
236,3,586863.4749034749,636.0,Labor (Surgical),553175.1106640352,,diagnosis_base,Baseline,base,labor_cost_usd
236,4,586863.4749034749,636.0,Labor (Surgical),537063.2142369273,,diagnosis_base,Baseline,base,labor_cost_usd
236,5,586863.4749034749,636.0,Labor (Surgical),521420.59634653135,,diagnosis_base,Baseline,base,labor_cost_usd
236,6,586863.4749034749,636.0,Labor (Surgical),506233.58868595277,,diagnosis_base,Baseline,base,labor_cost_usd
236,7,586863.4749034749,636.0,Labor (Surgical),491488.9210543231,,diagnosis_base,Baseline,base,labor_cost_usd
236,8,586863.4749034749,636.0,Labor (Surgical),477173.7097614787,,diagnosis_base,Baseline,base,labor_cost_usd
236,9,586863.4749034749,636.0,Labor (Surgical),463275.44637036766,,diagnosis_base,Baseline,base,labor_cost_usd
236,10,586863.4749034749,636.0,Labor (Surgical),449781.9867673472,,diagnosis_base,Baseline,base,labor_cost_usd
237,1,586863.4749034749,636.0,Labor (Surgical),586863.4749034749,,diagnosis_base,Baseline,base,labor_cost_usd
237,2,586863.4749034749,636.0,Labor (Surgical),569770.3639839562,,diagnosis_base,Baseline,base,labor_cost_usd
237,3,586863.4749034749,636.0,Labor (Surgical),553175.1106640352,,diagnosis_base,Baseline,base,labor_cost_usd
237,4,586863.4749034749,636.0,Labor (Surgical),537063.2142369273,,diagnosis_base,Baseline,base,labor_cost_usd
237,5,586863.4749034749,636.0,Labor (Surgical),521420.59634653135,,diagnosis_base,Baseline,base,labor_cost_usd
237,6,586863.4749034749,636.0,Labor (Surgical),506233.58868595277,,diagnosis_base,Baseline,base,labor_cost_usd
237,7,586863.4749034749,636.0,Labor (Surgical),491488.9210543231,,diagnosis_base,Baseline,base,labor_cost_usd
237,8,586863.4749034749,636.0,Labor (Surgical),477173.7097614787,,diagnosis_base,Baseline,base,labor_cost_usd
237,9,586863.4749034749,636.0,Labor (Surgical),463275.44637036766,,diagnosis_base,Baseline,base,labor_cost_usd
237,10,586863.4749034749,636.0,Labor (Surgical),449781.9867673472,,diagnosis_base,Baseline,base,labor_cost_usd
238,1,586863.4749034749,636.0,Labor (Surgical),586863.4749034749,,diagnosis_base,Baseline,base,labor_cost_usd
238,2,586863.4749034749,636.0,Labor (Surgical),569770.3639839562,,diagnosis_base,Baseline,base,labor_cost_usd
238,3,586863.4749034749,636.0,Labor (Surgical),553175.1106640352,,diagnosis_base,Baseline,base,labor_cost_usd
238,4,586863.4749034749,636.0,Labor (Surgical),537063.2142369273,,diagnosis_base,Baseline,base,labor_cost_usd
238,5,586863.4749034749,636.0,Labor (Surgical),521420.59634653135,,diagnosis_base,Baseline,base,labor_cost_usd
238,6,586863.4749034749,636.0,Labor (Surgical),506233.58868595277,,diagnosis_base,Baseline,base,labor_cost_usd
238,7,586863.4749034749,636.0,Labor (Surgical),491488.9210543231,,diagnosis_base,Baseline,base,labor_cost_usd
238,8,586863.4749034749,636.0,Labor (Surgical),477173.7097614787,,diagnosis_base,Baseline,base,labor_cost_usd
238,9,586863.4749034749,636.0,Labor (Surgical),463275.44637036766,,diagnosis_base,Baseline,base,labor_cost_usd
238,10,586863.4749034749,636.0,Labor (Surgical),449781.9867673472,,diagnosis_base,Baseline,base,labor_cost_usd
239,1,586863.4749034749,636.0,Labor (Surgical),586863.4749034749,,diagnosis_base,Baseline,base,labor_cost_usd
239,2,586863.4749034749,636.0,Labor (Surgical),569770.3639839562,,diagnosis_base,Baseline,base,labor_cost_usd
239,3,586863.4749034749,636.0,Labor (Surgical),553175.1106640352,,diagnosis_base,Baseline,base,labor_cost_usd
239,4,586863.4749034749,636.0,Labor (Surgical),537063.2142369273,,diagnosis_base,Baseline,base,labor_cost_usd
239,5,586863.4749034749,636.0,Labor (Surgical),521420.59634653135,,diagnosis_base,Baseline,base,labor_cost_usd
239,6,586863.4749034749,636.0,Labor (Surgical),506233.58868595277,,diagnosis_base,Baseline,base,labor_cost_usd
239,7,586863.4749034749,636.0,Labor (Surgical),491488.9210543231,,diagnosis_base,Baseline,base,labor_cost_usd
239,8,586863.4749034749,636.0,Labor (Surgical),477173.7097614787,,diagnosis_base,Baseline,base,labor_cost_usd
239,9,586863.4749034749,636.0,Labor (Surgical),463275.44637036766,,diagnosis_base,Baseline,base,labor_cost_usd
239,10,586863.4749034749,636.0,Labor (Surgical),449781.9867673472,,diagnosis_base,Baseline,base,labor_cost_usd
240,1,586863.4749034749,636.0,Labor (Surgical),586863.4749034749,,diagnosis_base,Baseline,base,labor_cost_usd
240,2,586863.4749034749,636.0,Labor (Surgical),569770.3639839562,,diagnosis_base,Baseline,base,labor_cost_usd
240,3,586863.4749034749,636.0,Labor (Surgical),553175.1106640352,,diagnosis_base,Baseline,base,labor_cost_usd
240,4,586863.4749034749,636.0,Labor (Surgical),537063.2142369273,,diagnosis_base,Baseline,base,labor_cost_usd
240,5,586863.4749034749,636.0,Labor (Surgical),521420.59634653135,,diagnosis_base,Baseline,base,labor_cost_usd
240,6,586863.4749034749,636.0,Labor (Surgical),506233.58868595277,,diagnosis_base,Baseline,base,labor_cost_usd
240,7,586863.4749034749,636.0,Labor (Surgical),491488.9210543231,,diagnosis_base,Baseline,base,labor_cost_usd
240,8,586863.4749034749,636.0,Labor (Surgical),477173.7097614787,,diagnosis_base,Baseline,base,labor_cost_usd
240,9,586863.4749034749,636.0,Labor (Surgical),463275.44637036766,,diagnosis_base,Baseline,base,labor_cost_usd
240,10,586863.4749034749,636.0,Labor (Surgical),449781.9867673472,,diagnosis_base,Baseline,base,labor_cost_usd
241,1,586863.4749034749,636.0,Labor (Surgical),586863.4749034749,,diagnosis_base,Baseline,base,labor_cost_usd
241,2,586863.4749034749,636.0,Labor (Surgical),569770.3639839562,,diagnosis_base,Baseline,base,labor_cost_usd
241,3,586863.4749034749,636.0,Labor (Surgical),553175.1106640352,,diagnosis_base,Baseline,base,labor_cost_usd
241,4,586863.4749034749,636.0,Labor (Surgical),537063.2142369273,,diagnosis_base,Baseline,base,labor_cost_usd
241,5,586863.4749034749,636.0,Labor (Surgical),521420.59634653135,,diagnosis_base,Baseline,base,labor_cost_usd
241,6,586863.4749034749,636.0,Labor (Surgical),506233.58868595277,,diagnosis_base,Baseline,base,labor_cost_usd
241,7,586863.4749034749,636.0,Labor (Surgical),491488.9210543231,,diagnosis_base,Baseline,base,labor_cost_usd
241,8,586863.4749034749,636.0,Labor (Surgical),477173.7097614787,,diagnosis_base,Baseline,base,labor_cost_usd
241,9,586863.4749034749,636.0,Labor (Surgical),463275.44637036766,,diagnosis_base,Baseline,base,labor_cost_usd
241,10,586863.4749034749,636.0,Labor (Surgical),449781.9867673472,,diagnosis_base,Baseline,base,labor_cost_usd
242,1,586863.4749034749,636.0,Labor (Surgical),586863.4749034749,,diagnosis_base,Baseline,base,labor_cost_usd
242,2,586863.4749034749,636.0,Labor (Surgical),569770.3639839562,,diagnosis_base,Baseline,base,labor_cost_usd
242,3,586863.4749034749,636.0,Labor (Surgical),553175.1106640352,,diagnosis_base,Baseline,base,labor_cost_usd
242,4,586863.4749034749,636.0,Labor (Surgical),537063.2142369273,,diagnosis_base,Baseline,base,labor_cost_usd
242,5,586863.4749034749,636.0,Labor (Surgical),521420.59634653135,,diagnosis_base,Baseline,base,labor_cost_usd
242,6,586863.4749034749,636.0,Labor (Surgical),506233.58868595277,,diagnosis_base,Baseline,base,labor_cost_usd
242,7,586863.4749034749,636.0,Labor (Surgical),491488.9210543231,,diagnosis_base,Baseline,base,labor_cost_usd
242,8,586863.4749034749,636.0,Labor (Surgical),477173.7097614787,,diagnosis_base,Baseline,base,labor_cost_usd
242,9,586863.4749034749,636.0,Labor (Surgical),463275.44637036766,,diagnosis_base,Baseline,base,labor_cost_usd
242,10,586863.4749034749,636.0,Labor (Surgical),449781.9867673472,,diagnosis_base,Baseline,base,labor_cost_usd
243,1,586863.4749034749,636.0,Labor (Surgical),586863.4749034749,,diagnosis_base,Baseline,base,labor_cost_usd
243,2,586863.4749034749,636.0,Labor (Surgical),569770.3639839562,,diagnosis_base,Baseline,base,labor_cost_usd
243,3,586863.4749034749,636.0,Labor (Surgical),553175.1106640352,,diagnosis_base,Baseline,base,labor_cost_usd
243,4,586863.4749034749,636.0,Labor (Surgical),537063.2142369273,,diagnosis_base,Baseline,base,labor_cost_usd
243,5,586863.4749034749,636.0,Labor (Surgical),521420.59634653135,,diagnosis_base,Baseline,base,labor_cost_usd
243,6,586863.4749034749,636.0,Labor (Surgical),506233.58868595277,,diagnosis_base,Baseline,base,labor_cost_usd
243,7,586863.4749034749,636.0,Labor (Surgical),491488.9210543231,,diagnosis_base,Baseline,base,labor_cost_usd
243,8,586863.4749034749,636.0,Labor (Surgical),477173.7097614787,,diagnosis_base,Baseline,base,labor_cost_usd
243,9,586863.4749034749,636.0,Labor (Surgical),463275.44637036766,,diagnosis_base,Baseline,base,labor_cost_usd
243,10,586863.4749034749,636.0,Labor (Surgical),449781.9867673472,,diagnosis_base,Baseline,base,labor_cost_usd
244,1,586863.4749034749,636.0,Labor (Surgical),586863.4749034749,,diagnosis_base,Baseline,base,labor_cost_usd
244,2,586863.4749034749,636.0,Labor (Surgical),569770.3639839562,,diagnosis_base,Baseline,base,labor_cost_usd
244,3,586863.4749034749,636.0,Labor (Surgical),553175.1106640352,,diagnosis_base,Baseline,base,labor_cost_usd
244,4,586863.4749034749,636.0,Labor (Surgical),537063.2142369273,,diagnosis_base,Baseline,base,labor_cost_usd
244,5,586863.4749034749,636.0,Labor (Surgical),521420.59634653135,,diagnosis_base,Baseline,base,labor_cost_usd
244,6,586863.4749034749,636.0,Labor (Surgical),506233.58868595277,,diagnosis_base,Baseline,base,labor_cost_usd
244,7,586863.4749034749,636.0,Labor (Surgical),491488.9210543231,,diagnosis_base,Baseline,base,labor_cost_usd
244,8,586863.4749034749,636.0,Labor (Surgical),477173.7097614787,,diagnosis_base,Baseline,base,labor_cost_usd
244,9,586863.4749034749,636.0,Labor (Surgical),463275.44637036766,,diagnosis_base,Baseline,base,labor_cost_usd
244,10,586863.4749034749,636.0,Labor (Surgical),449781.9867673472,,diagnosis_base,Baseline,base,labor_cost_usd
245,1,586863.4749034749,636.0,Labor (Surgical),586863.4749034749,,diagnosis_base,Baseline,base,labor_cost_usd
245,2,586863.4749034749,636.0,Labor (Surgical),569770.3639839562,,diagnosis_base,Baseline,base,labor_cost_usd
245,3,586863.4749034749,636.0,Labor (Surgical),553175.1106640352,,diagnosis_base,Baseline,base,labor_cost_usd
245,4,586863.4749034749,636.0,Labor (Surgical),537063.2142369273,,diagnosis_base,Baseline,base,labor_cost_usd
245,5,586863.4749034749,636.0,Labor (Surgical),521420.59634653135,,diagnosis_base,Baseline,base,labor_cost_usd
245,6,586863.4749034749,636.0,Labor (Surgical),506233.58868595277,,diagnosis_base,Baseline,base,labor_cost_usd
245,7,586863.4749034749,636.0,Labor (Surgical),491488.9210543231,,diagnosis_base,Baseline,base,labor_cost_usd
245,8,586863.4749034749,636.0,Labor (Surgical),477173.7097614787,,diagnosis_base,Baseline,base,labor_cost_usd
245,9,586863.4749034749,636.0,Labor (Surgical),463275.44637036766,,diagnosis_base,Baseline,base,labor_cost_usd
245,10,586863.4749034749,636.0,Labor (Surgical),449781.9867673472,,diagnosis_base,Baseline,base,labor_cost_usd
246,1,586863.4749034749,636.0,Labor (Surgical),586863.4749034749,,diagnosis_base,Baseline,base,labor_cost_usd
246,2,586863.4749034749,636.0,Labor (Surgical),569770.3639839562,,diagnosis_base,Baseline,base,labor_cost_usd
246,3,586863.4749034749,636.0,Labor (Surgical),553175.1106640352,,diagnosis_base,Baseline,base,labor_cost_usd
246,4,586863.4749034749,636.0,Labor (Surgical),537063.2142369273,,diagnosis_base,Baseline,base,labor_cost_usd
246,5,586863.4749034749,636.0,Labor (Surgical),521420.59634653135,,diagnosis_base,Baseline,base,labor_cost_usd
246,6,586863.4749034749,636.0,Labor (Surgical),506233.58868595277,,diagnosis_base,Baseline,base,labor_cost_usd
246,7,586863.4749034749,636.0,Labor (Surgical),491488.9210543231,,diagnosis_base,Baseline,base,labor_cost_usd
246,8,586863.4749034749,636.0,Labor (Surgical),477173.7097614787,,diagnosis_base,Baseline,base,labor_cost_usd
246,9,586863.4749034749,636.0,Labor (Surgical),463275.44637036766,,diagnosis_base,Baseline,base,labor_cost_usd
246,10,586863.4749034749,636.0,Labor (Surgical),449781.9867673472,,diagnosis_base,Baseline,base,labor_cost_usd
247,1,586863.4749034749,636.0,Labor (Surgical),586863.4749034749,,diagnosis_base,Baseline,base,labor_cost_usd
247,2,586863.4749034749,636.0,Labor (Surgical),569770.3639839562,,diagnosis_base,Baseline,base,labor_cost_usd
247,3,586863.4749034749,636.0,Labor (Surgical),553175.1106640352,,diagnosis_base,Baseline,base,labor_cost_usd
247,4,586863.4749034749,636.0,Labor (Surgical),537063.2142369273,,diagnosis_base,Baseline,base,labor_cost_usd
247,5,586863.4749034749,636.0,Labor (Surgical),521420.59634653135,,diagnosis_base,Baseline,base,labor_cost_usd
247,6,586863.4749034749,636.0,Labor (Surgical),506233.58868595277,,diagnosis_base,Baseline,base,labor_cost_usd
247,7,586863.4749034749,636.0,Labor (Surgical),491488.9210543231,,diagnosis_base,Baseline,base,labor_cost_usd
247,8,586863.4749034749,636.0,Labor (Surgical),477173.7097614787,,diagnosis_base,Baseline,base,labor_cost_usd
247,9,586863.4749034749,636.0,Labor (Surgical),463275.44637036766,,diagnosis_base,Baseline,base,labor_cost_usd
247,10,586863.4749034749,636.0,Labor (Surgical),449781.9867673472,,diagnosis_base,Baseline,base,labor_cost_usd
248,1,586863.4749034749,636.0,Labor (Surgical),586863.4749034749,,diagnosis_base,Baseline,base,labor_cost_usd
248,2,586863.4749034749,636.0,Labor (Surgical),569770.3639839562,,diagnosis_base,Baseline,base,labor_cost_usd
248,3,586863.4749034749,636.0,Labor (Surgical),553175.1106640352,,diagnosis_base,Baseline,base,labor_cost_usd
248,4,586863.4749034749,636.0,Labor (Surgical),537063.2142369273,,diagnosis_base,Baseline,base,labor_cost_usd
248,5,586863.4749034749,636.0,Labor (Surgical),521420.59634653135,,diagnosis_base,Baseline,base,labor_cost_usd
248,6,586863.4749034749,636.0,Labor (Surgical),506233.58868595277,,diagnosis_base,Baseline,base,labor_cost_usd
248,7,586863.4749034749,636.0,Labor (Surgical),491488.9210543231,,diagnosis_base,Baseline,base,labor_cost_usd
248,8,586863.4749034749,636.0,Labor (Surgical),477173.7097614787,,diagnosis_base,Baseline,base,labor_cost_usd
248,9,586863.4749034749,636.0,Labor (Surgical),463275.44637036766,,diagnosis_base,Baseline,base,labor_cost_usd
248,10,586863.4749034749,636.0,Labor (Surgical),449781.9867673472,,diagnosis_base,Baseline,base,labor_cost_usd
249,1,586863.4749034749,636.0,Labor (Surgical),586863.4749034749,,diagnosis_base,Baseline,base,labor_cost_usd
249,2,586863.4749034749,636.0,Labor (Surgical),569770.3639839562,,diagnosis_base,Baseline,base,labor_cost_usd
249,3,586863.4749034749,636.0,Labor (Surgical),553175.1106640352,,diagnosis_base,Baseline,base,labor_cost_usd
249,4,586863.4749034749,636.0,Labor (Surgical),537063.2142369273,,diagnosis_base,Baseline,base,labor_cost_usd
249,5,586863.4749034749,636.0,Labor (Surgical),521420.59634653135,,diagnosis_base,Baseline,base,labor_cost_usd
249,6,586863.4749034749,636.0,Labor (Surgical),506233.58868595277,,diagnosis_base,Baseline,base,labor_cost_usd
249,7,586863.4749034749,636.0,Labor (Surgical),491488.9210543231,,diagnosis_base,Baseline,base,labor_cost_usd
249,8,586863.4749034749,636.0,Labor (Surgical),477173.7097614787,,diagnosis_base,Baseline,base,labor_cost_usd
249,9,586863.4749034749,636.0,Labor (Surgical),463275.44637036766,,diagnosis_base,Baseline,base,labor_cost_usd
249,10,586863.4749034749,636.0,Labor (Surgical),449781.9867673472,,diagnosis_base,Baseline,base,labor_cost_usd
250,1,586863.4749034749,636.0,Labor (Surgical),586863.4749034749,,diagnosis_base,Baseline,base,labor_cost_usd
250,2,586863.4749034749,636.0,Labor (Surgical),569770.3639839562,,diagnosis_base,Baseline,base,labor_cost_usd
250,3,586863.4749034749,636.0,Labor (Surgical),553175.1106640352,,diagnosis_base,Baseline,base,labor_cost_usd
250,4,586863.4749034749,636.0,Labor (Surgical),537063.2142369273,,diagnosis_base,Baseline,base,labor_cost_usd
250,5,586863.4749034749,636.0,Labor (Surgical),521420.59634653135,,diagnosis_base,Baseline,base,labor_cost_usd
250,6,586863.4749034749,636.0,Labor (Surgical),506233.58868595277,,diagnosis_base,Baseline,base,labor_cost_usd
250,7,586863.4749034749,636.0,Labor (Surgical),491488.9210543231,,diagnosis_base,Baseline,base,labor_cost_usd
250,8,586863.4749034749,636.0,Labor (Surgical),477173.7097614787,,diagnosis_base,Baseline,base,labor_cost_usd
250,9,586863.4749034749,636.0,Labor (Surgical),463275.44637036766,,diagnosis_base,Baseline,base,labor_cost_usd
250,10,586863.4749034749,636.0,Labor (Surgical),449781.9867673472,,diagnosis_base,Baseline,base,labor_cost_usd
201,1,2121817.7606177605,6252.0,Labor (Nurse),2121817.7606177605,,diagnosis_base,Baseline,base,labor_cost_usd
201,2,2121817.7606177605,6252.0,Labor (Nurse),2060017.243318214,,diagnosis_base,Baseline,base,labor_cost_usd
201,3,2121817.7606177605,6252.0,Labor (Nurse),2000016.7410856448,,diagnosis_base,Baseline,base,labor_cost_usd
201,4,2121817.7606177605,6252.0,Labor (Nurse),1941763.8262967425,,diagnosis_base,Baseline,base,labor_cost_usd
201,5,2121817.7606177605,6252.0,Labor (Nurse),1885207.5983463516,,diagnosis_base,Baseline,base,labor_cost_usd
201,6,2121817.7606177605,6252.0,Labor (Nurse),1830298.6391712152,,diagnosis_base,Baseline,base,labor_cost_usd
201,7,2121817.7606177605,6252.0,Labor (Nurse),1776988.970069141,,diagnosis_base,Baseline,base,labor_cost_usd
201,8,2121817.7606177605,6252.0,Labor (Nurse),1725232.009775865,,diagnosis_base,Baseline,base,labor_cost_usd
201,9,2121817.7606177605,6252.0,Labor (Nurse),1674982.5337629756,,diagnosis_base,Baseline,base,labor_cost_usd
201,10,2121817.7606177605,6252.0,Labor (Nurse),1626196.6347213355,,diagnosis_base,Baseline,base,labor_cost_usd
202,1,2121817.7606177605,6252.0,Labor (Nurse),2121817.7606177605,,diagnosis_base,Baseline,base,labor_cost_usd
202,2,2121817.7606177605,6252.0,Labor (Nurse),2060017.243318214,,diagnosis_base,Baseline,base,labor_cost_usd
202,3,2121817.7606177605,6252.0,Labor (Nurse),2000016.7410856448,,diagnosis_base,Baseline,base,labor_cost_usd
202,4,2121817.7606177605,6252.0,Labor (Nurse),1941763.8262967425,,diagnosis_base,Baseline,base,labor_cost_usd
202,5,2121817.7606177605,6252.0,Labor (Nurse),1885207.5983463516,,diagnosis_base,Baseline,base,labor_cost_usd
202,6,2121817.7606177605,6252.0,Labor (Nurse),1830298.6391712152,,diagnosis_base,Baseline,base,labor_cost_usd
202,7,2121817.7606177605,6252.0,Labor (Nurse),1776988.970069141,,diagnosis_base,Baseline,base,labor_cost_usd
202,8,2121817.7606177605,6252.0,Labor (Nurse),1725232.009775865,,diagnosis_base,Baseline,base,labor_cost_usd
202,9,2121817.7606177605,6252.0,Labor (Nurse),1674982.5337629756,,diagnosis_base,Baseline,base,labor_cost_usd
202,10,2121817.7606177605,6252.0,Labor (Nurse),1626196.6347213355,,diagnosis_base,Baseline,base,labor_cost_usd
203,1,2121817.7606177605,6252.0,Labor (Nurse),2121817.7606177605,,diagnosis_base,Baseline,base,labor_cost_usd
203,2,2121817.7606177605,6252.0,Labor (Nurse),2060017.243318214,,diagnosis_base,Baseline,base,labor_cost_usd
203,3,2121817.7606177605,6252.0,Labor (Nurse),2000016.7410856448,,diagnosis_base,Baseline,base,labor_cost_usd
203,4,2121817.7606177605,6252.0,Labor (Nurse),1941763.8262967425,,diagnosis_base,Baseline,base,labor_cost_usd
203,5,2121817.7606177605,6252.0,Labor (Nurse),1885207.5983463516,,diagnosis_base,Baseline,base,labor_cost_usd
203,6,2121817.7606177605,6252.0,Labor (Nurse),1830298.6391712152,,diagnosis_base,Baseline,base,labor_cost_usd
203,7,2121817.7606177605,6252.0,Labor (Nurse),1776988.970069141,,diagnosis_base,Baseline,base,labor_cost_usd
203,8,2121817.7606177605,6252.0,Labor (Nurse),1725232.009775865,,diagnosis_base,Baseline,base,labor_cost_usd
203,9,2121817.7606177605,6252.0,Labor (Nurse),1674982.5337629756,,diagnosis_base,Baseline,base,labor_cost_usd
203,10,2121817.7606177605,6252.0,Labor (Nurse),1626196.6347213355,,diagnosis_base,Baseline,base,labor_cost_usd
204,1,2121817.7606177605,6252.0,Labor (Nurse),2121817.7606177605,,diagnosis_base,Baseline,base,labor_cost_usd
204,2,2121817.7606177605,6252.0,Labor (Nurse),2060017.243318214,,diagnosis_base,Baseline,base,labor_cost_usd
204,3,2121817.7606177605,6252.0,Labor (Nurse),2000016.7410856448,,diagnosis_base,Baseline,base,labor_cost_usd
204,4,2121817.7606177605,6252.0,Labor (Nurse),1941763.8262967425,,diagnosis_base,Baseline,base,labor_cost_usd
204,5,2121817.7606177605,6252.0,Labor (Nurse),1885207.5983463516,,diagnosis_base,Baseline,base,labor_cost_usd
204,6,2121817.7606177605,6252.0,Labor (Nurse),1830298.6391712152,,diagnosis_base,Baseline,base,labor_cost_usd
204,7,2121817.7606177605,6252.0,Labor (Nurse),1776988.970069141,,diagnosis_base,Baseline,base,labor_cost_usd
204,8,2121817.7606177605,6252.0,Labor (Nurse),1725232.009775865,,diagnosis_base,Baseline,base,labor_cost_usd
204,9,2121817.7606177605,6252.0,Labor (Nurse),1674982.5337629756,,diagnosis_base,Baseline,base,labor_cost_usd
204,10,2121817.7606177605,6252.0,Labor (Nurse),1626196.6347213355,,diagnosis_base,Baseline,base,labor_cost_usd
205,1,2121817.7606177605,6252.0,Labor (Nurse),2121817.7606177605,,diagnosis_base,Baseline,base,labor_cost_usd
205,2,2121817.7606177605,6252.0,Labor (Nurse),2060017.243318214,,diagnosis_base,Baseline,base,labor_cost_usd
205,3,2121817.7606177605,6252.0,Labor (Nurse),2000016.7410856448,,diagnosis_base,Baseline,base,labor_cost_usd
205,4,2121817.7606177605,6252.0,Labor (Nurse),1941763.8262967425,,diagnosis_base,Baseline,base,labor_cost_usd
205,5,2121817.7606177605,6252.0,Labor (Nurse),1885207.5983463516,,diagnosis_base,Baseline,base,labor_cost_usd
205,6,2121817.7606177605,6252.0,Labor (Nurse),1830298.6391712152,,diagnosis_base,Baseline,base,labor_cost_usd
205,7,2121817.7606177605,6252.0,Labor (Nurse),1776988.970069141,,diagnosis_base,Baseline,base,labor_cost_usd
205,8,2121817.7606177605,6252.0,Labor (Nurse),1725232.009775865,,diagnosis_base,Baseline,base,labor_cost_usd
205,9,2121817.7606177605,6252.0,Labor (Nurse),1674982.5337629756,,diagnosis_base,Baseline,base,labor_cost_usd
205,10,2121817.7606177605,6252.0,Labor (Nurse),1626196.6347213355,,diagnosis_base,Baseline,base,labor_cost_usd
206,1,2121817.7606177605,6252.0,Labor (Nurse),2121817.7606177605,,diagnosis_base,Baseline,base,labor_cost_usd
206,2,2121817.7606177605,6252.0,Labor (Nurse),2060017.243318214,,diagnosis_base,Baseline,base,labor_cost_usd
206,3,2121817.7606177605,6252.0,Labor (Nurse),2000016.7410856448,,diagnosis_base,Baseline,base,labor_cost_usd
206,4,2121817.7606177605,6252.0,Labor (Nurse),1941763.8262967425,,diagnosis_base,Baseline,base,labor_cost_usd
206,5,2121817.7606177605,6252.0,Labor (Nurse),1885207.5983463516,,diagnosis_base,Baseline,base,labor_cost_usd
206,6,2121817.7606177605,6252.0,Labor (Nurse),1830298.6391712152,,diagnosis_base,Baseline,base,labor_cost_usd
206,7,2121817.7606177605,6252.0,Labor (Nurse),1776988.970069141,,diagnosis_base,Baseline,base,labor_cost_usd
206,8,2121817.7606177605,6252.0,Labor (Nurse),1725232.009775865,,diagnosis_base,Baseline,base,labor_cost_usd
206,9,2121817.7606177605,6252.0,Labor (Nurse),1674982.5337629756,,diagnosis_base,Baseline,base,labor_cost_usd
206,10,2121817.7606177605,6252.0,Labor (Nurse),1626196.6347213355,,diagnosis_base,Baseline,base,labor_cost_usd
207,1,2121817.7606177605,6252.0,Labor (Nurse),2121817.7606177605,,diagnosis_base,Baseline,base,labor_cost_usd
207,2,2121817.7606177605,6252.0,Labor (Nurse),2060017.243318214,,diagnosis_base,Baseline,base,labor_cost_usd
207,3,2121817.7606177605,6252.0,Labor (Nurse),2000016.7410856448,,diagnosis_base,Baseline,base,labor_cost_usd
207,4,2121817.7606177605,6252.0,Labor (Nurse),1941763.8262967425,,diagnosis_base,Baseline,base,labor_cost_usd
207,5,2121817.7606177605,6252.0,Labor (Nurse),1885207.5983463516,,diagnosis_base,Baseline,base,labor_cost_usd
207,6,2121817.7606177605,6252.0,Labor (Nurse),1830298.6391712152,,diagnosis_base,Baseline,base,labor_cost_usd
207,7,2121817.7606177605,6252.0,Labor (Nurse),1776988.970069141,,diagnosis_base,Baseline,base,labor_cost_usd
207,8,2121817.7606177605,6252.0,Labor (Nurse),1725232.009775865,,diagnosis_base,Baseline,base,labor_cost_usd
207,9,2121817.7606177605,6252.0,Labor (Nurse),1674982.5337629756,,diagnosis_base,Baseline,base,labor_cost_usd
207,10,2121817.7606177605,6252.0,Labor (Nurse),1626196.6347213355,,diagnosis_base,Baseline,base,labor_cost_usd
208,1,2121817.7606177605,6252.0,Labor (Nurse),2121817.7606177605,,diagnosis_base,Baseline,base,labor_cost_usd
208,2,2121817.7606177605,6252.0,Labor (Nurse),2060017.243318214,,diagnosis_base,Baseline,base,labor_cost_usd
208,3,2121817.7606177605,6252.0,Labor (Nurse),2000016.7410856448,,diagnosis_base,Baseline,base,labor_cost_usd
208,4,2121817.7606177605,6252.0,Labor (Nurse),1941763.8262967425,,diagnosis_base,Baseline,base,labor_cost_usd
208,5,2121817.7606177605,6252.0,Labor (Nurse),1885207.5983463516,,diagnosis_base,Baseline,base,labor_cost_usd
208,6,2121817.7606177605,6252.0,Labor (Nurse),1830298.6391712152,,diagnosis_base,Baseline,base,labor_cost_usd
208,7,2121817.7606177605,6252.0,Labor (Nurse),1776988.970069141,,diagnosis_base,Baseline,base,labor_cost_usd
208,8,2121817.7606177605,6252.0,Labor (Nurse),1725232.009775865,,diagnosis_base,Baseline,base,labor_cost_usd
208,9,2121817.7606177605,6252.0,Labor (Nurse),1674982.5337629756,,diagnosis_base,Baseline,base,labor_cost_usd
208,10,2121817.7606177605,6252.0,Labor (Nurse),1626196.6347213355,,diagnosis_base,Baseline,base,labor_cost_usd
209,1,2121817.7606177605,6252.0,Labor (Nurse),2121817.7606177605,,diagnosis_base,Baseline,base,labor_cost_usd
209,2,2121817.7606177605,6252.0,Labor (Nurse),2060017.243318214,,diagnosis_base,Baseline,base,labor_cost_usd
209,3,2121817.7606177605,6252.0,Labor (Nurse),2000016.7410856448,,diagnosis_base,Baseline,base,labor_cost_usd
209,4,2121817.7606177605,6252.0,Labor (Nurse),1941763.8262967425,,diagnosis_base,Baseline,base,labor_cost_usd
209,5,2121817.7606177605,6252.0,Labor (Nurse),1885207.5983463516,,diagnosis_base,Baseline,base,labor_cost_usd
209,6,2121817.7606177605,6252.0,Labor (Nurse),1830298.6391712152,,diagnosis_base,Baseline,base,labor_cost_usd
209,7,2121817.7606177605,6252.0,Labor (Nurse),1776988.970069141,,diagnosis_base,Baseline,base,labor_cost_usd
209,8,2121817.7606177605,6252.0,Labor (Nurse),1725232.009775865,,diagnosis_base,Baseline,base,labor_cost_usd
209,9,2121817.7606177605,6252.0,Labor (Nurse),1674982.5337629756,,diagnosis_base,Baseline,base,labor_cost_usd
209,10,2121817.7606177605,6252.0,Labor (Nurse),1626196.6347213355,,diagnosis_base,Baseline,base,labor_cost_usd
210,1,2121817.7606177605,6252.0,Labor (Nurse),2121817.7606177605,,diagnosis_base,Baseline,base,labor_cost_usd
210,2,2121817.7606177605,6252.0,Labor (Nurse),2060017.243318214,,diagnosis_base,Baseline,base,labor_cost_usd
210,3,2121817.7606177605,6252.0,Labor (Nurse),2000016.7410856448,,diagnosis_base,Baseline,base,labor_cost_usd
210,4,2121817.7606177605,6252.0,Labor (Nurse),1941763.8262967425,,diagnosis_base,Baseline,base,labor_cost_usd
210,5,2121817.7606177605,6252.0,Labor (Nurse),1885207.5983463516,,diagnosis_base,Baseline,base,labor_cost_usd
210,6,2121817.7606177605,6252.0,Labor (Nurse),1830298.6391712152,,diagnosis_base,Baseline,base,labor_cost_usd
210,7,2121817.7606177605,6252.0,Labor (Nurse),1776988.970069141,,diagnosis_base,Baseline,base,labor_cost_usd
210,8,2121817.7606177605,6252.0,Labor (Nurse),1725232.009775865,,diagnosis_base,Baseline,base,labor_cost_usd
210,9,2121817.7606177605,6252.0,Labor (Nurse),1674982.5337629756,,diagnosis_base,Baseline,base,labor_cost_usd
210,10,2121817.7606177605,6252.0,Labor (Nurse),1626196.6347213355,,diagnosis_base,Baseline,base,labor_cost_usd
211,1,2121817.7606177605,6252.0,Labor (Nurse),2121817.7606177605,,diagnosis_base,Baseline,base,labor_cost_usd
211,2,2121817.7606177605,6252.0,Labor (Nurse),2060017.243318214,,diagnosis_base,Baseline,base,labor_cost_usd
211,3,2121817.7606177605,6252.0,Labor (Nurse),2000016.7410856448,,diagnosis_base,Baseline,base,labor_cost_usd
211,4,2121817.7606177605,6252.0,Labor (Nurse),1941763.8262967425,,diagnosis_base,Baseline,base,labor_cost_usd
211,5,2121817.7606177605,6252.0,Labor (Nurse),1885207.5983463516,,diagnosis_base,Baseline,base,labor_cost_usd
211,6,2121817.7606177605,6252.0,Labor (Nurse),1830298.6391712152,,diagnosis_base,Baseline,base,labor_cost_usd
211,7,2121817.7606177605,6252.0,Labor (Nurse),1776988.970069141,,diagnosis_base,Baseline,base,labor_cost_usd
211,8,2121817.7606177605,6252.0,Labor (Nurse),1725232.009775865,,diagnosis_base,Baseline,base,labor_cost_usd
211,9,2121817.7606177605,6252.0,Labor (Nurse),1674982.5337629756,,diagnosis_base,Baseline,base,labor_cost_usd
211,10,2121817.7606177605,6252.0,Labor (Nurse),1626196.6347213355,,diagnosis_base,Baseline,base,labor_cost_usd
212,1,2121817.7606177605,6252.0,Labor (Nurse),2121817.7606177605,,diagnosis_base,Baseline,base,labor_cost_usd
212,2,2121817.7606177605,6252.0,Labor (Nurse),2060017.243318214,,diagnosis_base,Baseline,base,labor_cost_usd
212,3,2121817.7606177605,6252.0,Labor (Nurse),2000016.7410856448,,diagnosis_base,Baseline,base,labor_cost_usd
212,4,2121817.7606177605,6252.0,Labor (Nurse),1941763.8262967425,,diagnosis_base,Baseline,base,labor_cost_usd
212,5,2121817.7606177605,6252.0,Labor (Nurse),1885207.5983463516,,diagnosis_base,Baseline,base,labor_cost_usd
212,6,2121817.7606177605,6252.0,Labor (Nurse),1830298.6391712152,,diagnosis_base,Baseline,base,labor_cost_usd
212,7,2121817.7606177605,6252.0,Labor (Nurse),1776988.970069141,,diagnosis_base,Baseline,base,labor_cost_usd
212,8,2121817.7606177605,6252.0,Labor (Nurse),1725232.009775865,,diagnosis_base,Baseline,base,labor_cost_usd
212,9,2121817.7606177605,6252.0,Labor (Nurse),1674982.5337629756,,diagnosis_base,Baseline,base,labor_cost_usd
212,10,2121817.7606177605,6252.0,Labor (Nurse),1626196.6347213355,,diagnosis_base,Baseline,base,labor_cost_usd
213,1,2121817.7606177605,6252.0,Labor (Nurse),2121817.7606177605,,diagnosis_base,Baseline,base,labor_cost_usd
213,2,2121817.7606177605,6252.0,Labor (Nurse),2060017.243318214,,diagnosis_base,Baseline,base,labor_cost_usd
213,3,2121817.7606177605,6252.0,Labor (Nurse),2000016.7410856448,,diagnosis_base,Baseline,base,labor_cost_usd
213,4,2121817.7606177605,6252.0,Labor (Nurse),1941763.8262967425,,diagnosis_base,Baseline,base,labor_cost_usd
213,5,2121817.7606177605,6252.0,Labor (Nurse),1885207.5983463516,,diagnosis_base,Baseline,base,labor_cost_usd
213,6,2121817.7606177605,6252.0,Labor (Nurse),1830298.6391712152,,diagnosis_base,Baseline,base,labor_cost_usd
213,7,2121817.7606177605,6252.0,Labor (Nurse),1776988.970069141,,diagnosis_base,Baseline,base,labor_cost_usd
213,8,2121817.7606177605,6252.0,Labor (Nurse),1725232.009775865,,diagnosis_base,Baseline,base,labor_cost_usd
213,9,2121817.7606177605,6252.0,Labor (Nurse),1674982.5337629756,,diagnosis_base,Baseline,base,labor_cost_usd
213,10,2121817.7606177605,6252.0,Labor (Nurse),1626196.6347213355,,diagnosis_base,Baseline,base,labor_cost_usd
214,1,2121817.7606177605,6252.0,Labor (Nurse),2121817.7606177605,,diagnosis_base,Baseline,base,labor_cost_usd
214,2,2121817.7606177605,6252.0,Labor (Nurse),2060017.243318214,,diagnosis_base,Baseline,base,labor_cost_usd
214,3,2121817.7606177605,6252.0,Labor (Nurse),2000016.7410856448,,diagnosis_base,Baseline,base,labor_cost_usd
214,4,2121817.7606177605,6252.0,Labor (Nurse),1941763.8262967425,,diagnosis_base,Baseline,base,labor_cost_usd
214,5,2121817.7606177605,6252.0,Labor (Nurse),1885207.5983463516,,diagnosis_base,Baseline,base,labor_cost_usd
214,6,2121817.7606177605,6252.0,Labor (Nurse),1830298.6391712152,,diagnosis_base,Baseline,base,labor_cost_usd
214,7,2121817.7606177605,6252.0,Labor (Nurse),1776988.970069141,,diagnosis_base,Baseline,base,labor_cost_usd
214,8,2121817.7606177605,6252.0,Labor (Nurse),1725232.009775865,,diagnosis_base,Baseline,base,labor_cost_usd
214,9,2121817.7606177605,6252.0,Labor (Nurse),1674982.5337629756,,diagnosis_base,Baseline,base,labor_cost_usd
214,10,2121817.7606177605,6252.0,Labor (Nurse),1626196.6347213355,,diagnosis_base,Baseline,base,labor_cost_usd
215,1,2121817.7606177605,6252.0,Labor (Nurse),2121817.7606177605,,diagnosis_base,Baseline,base,labor_cost_usd
215,2,2121817.7606177605,6252.0,Labor (Nurse),2060017.243318214,,diagnosis_base,Baseline,base,labor_cost_usd
215,3,2121817.7606177605,6252.0,Labor (Nurse),2000016.7410856448,,diagnosis_base,Baseline,base,labor_cost_usd
215,4,2121817.7606177605,6252.0,Labor (Nurse),1941763.8262967425,,diagnosis_base,Baseline,base,labor_cost_usd
215,5,2121817.7606177605,6252.0,Labor (Nurse),1885207.5983463516,,diagnosis_base,Baseline,base,labor_cost_usd
215,6,2121817.7606177605,6252.0,Labor (Nurse),1830298.6391712152,,diagnosis_base,Baseline,base,labor_cost_usd
215,7,2121817.7606177605,6252.0,Labor (Nurse),1776988.970069141,,diagnosis_base,Baseline,base,labor_cost_usd
215,8,2121817.7606177605,6252.0,Labor (Nurse),1725232.009775865,,diagnosis_base,Baseline,base,labor_cost_usd
215,9,2121817.7606177605,6252.0,Labor (Nurse),1674982.5337629756,,diagnosis_base,Baseline,base,labor_cost_usd
215,10,2121817.7606177605,6252.0,Labor (Nurse),1626196.6347213355,,diagnosis_base,Baseline,base,labor_cost_usd
216,1,2121817.7606177605,6252.0,Labor (Nurse),2121817.7606177605,,diagnosis_base,Baseline,base,labor_cost_usd
216,2,2121817.7606177605,6252.0,Labor (Nurse),2060017.243318214,,diagnosis_base,Baseline,base,labor_cost_usd
216,3,2121817.7606177605,6252.0,Labor (Nurse),2000016.7410856448,,diagnosis_base,Baseline,base,labor_cost_usd
216,4,2121817.7606177605,6252.0,Labor (Nurse),1941763.8262967425,,diagnosis_base,Baseline,base,labor_cost_usd
216,5,2121817.7606177605,6252.0,Labor (Nurse),1885207.5983463516,,diagnosis_base,Baseline,base,labor_cost_usd
216,6,2121817.7606177605,6252.0,Labor (Nurse),1830298.6391712152,,diagnosis_base,Baseline,base,labor_cost_usd
216,7,2121817.7606177605,6252.0,Labor (Nurse),1776988.970069141,,diagnosis_base,Baseline,base,labor_cost_usd
216,8,2121817.7606177605,6252.0,Labor (Nurse),1725232.009775865,,diagnosis_base,Baseline,base,labor_cost_usd
216,9,2121817.7606177605,6252.0,Labor (Nurse),1674982.5337629756,,diagnosis_base,Baseline,base,labor_cost_usd
216,10,2121817.7606177605,6252.0,Labor (Nurse),1626196.6347213355,,diagnosis_base,Baseline,base,labor_cost_usd
217,1,2121817.7606177605,6252.0,Labor (Nurse),2121817.7606177605,,diagnosis_base,Baseline,base,labor_cost_usd
217,2,2121817.7606177605,6252.0,Labor (Nurse),2060017.243318214,,diagnosis_base,Baseline,base,labor_cost_usd
217,3,2121817.7606177605,6252.0,Labor (Nurse),2000016.7410856448,,diagnosis_base,Baseline,base,labor_cost_usd
217,4,2121817.7606177605,6252.0,Labor (Nurse),1941763.8262967425,,diagnosis_base,Baseline,base,labor_cost_usd
217,5,2121817.7606177605,6252.0,Labor (Nurse),1885207.5983463516,,diagnosis_base,Baseline,base,labor_cost_usd
217,6,2121817.7606177605,6252.0,Labor (Nurse),1830298.6391712152,,diagnosis_base,Baseline,base,labor_cost_usd
217,7,2121817.7606177605,6252.0,Labor (Nurse),1776988.970069141,,diagnosis_base,Baseline,base,labor_cost_usd
217,8,2121817.7606177605,6252.0,Labor (Nurse),1725232.009775865,,diagnosis_base,Baseline,base,labor_cost_usd
217,9,2121817.7606177605,6252.0,Labor (Nurse),1674982.5337629756,,diagnosis_base,Baseline,base,labor_cost_usd
217,10,2121817.7606177605,6252.0,Labor (Nurse),1626196.6347213355,,diagnosis_base,Baseline,base,labor_cost_usd
218,1,2121817.7606177605,6252.0,Labor (Nurse),2121817.7606177605,,diagnosis_base,Baseline,base,labor_cost_usd
218,2,2121817.7606177605,6252.0,Labor (Nurse),2060017.243318214,,diagnosis_base,Baseline,base,labor_cost_usd
218,3,2121817.7606177605,6252.0,Labor (Nurse),2000016.7410856448,,diagnosis_base,Baseline,base,labor_cost_usd
218,4,2121817.7606177605,6252.0,Labor (Nurse),1941763.8262967425,,diagnosis_base,Baseline,base,labor_cost_usd
218,5,2121817.7606177605,6252.0,Labor (Nurse),1885207.5983463516,,diagnosis_base,Baseline,base,labor_cost_usd
218,6,2121817.7606177605,6252.0,Labor (Nurse),1830298.6391712152,,diagnosis_base,Baseline,base,labor_cost_usd
218,7,2121817.7606177605,6252.0,Labor (Nurse),1776988.970069141,,diagnosis_base,Baseline,base,labor_cost_usd
218,8,2121817.7606177605,6252.0,Labor (Nurse),1725232.009775865,,diagnosis_base,Baseline,base,labor_cost_usd
218,9,2121817.7606177605,6252.0,Labor (Nurse),1674982.5337629756,,diagnosis_base,Baseline,base,labor_cost_usd
218,10,2121817.7606177605,6252.0,Labor (Nurse),1626196.6347213355,,diagnosis_base,Baseline,base,labor_cost_usd
219,1,2121817.7606177605,6252.0,Labor (Nurse),2121817.7606177605,,diagnosis_base,Baseline,base,labor_cost_usd
219,2,2121817.7606177605,6252.0,Labor (Nurse),2060017.243318214,,diagnosis_base,Baseline,base,labor_cost_usd
219,3,2121817.7606177605,6252.0,Labor (Nurse),2000016.7410856448,,diagnosis_base,Baseline,base,labor_cost_usd
219,4,2121817.7606177605,6252.0,Labor (Nurse),1941763.8262967425,,diagnosis_base,Baseline,base,labor_cost_usd
219,5,2121817.7606177605,6252.0,Labor (Nurse),1885207.5983463516,,diagnosis_base,Baseline,base,labor_cost_usd
219,6,2121817.7606177605,6252.0,Labor (Nurse),1830298.6391712152,,diagnosis_base,Baseline,base,labor_cost_usd
219,7,2121817.7606177605,6252.0,Labor (Nurse),1776988.970069141,,diagnosis_base,Baseline,base,labor_cost_usd
219,8,2121817.7606177605,6252.0,Labor (Nurse),1725232.009775865,,diagnosis_base,Baseline,base,labor_cost_usd
219,9,2121817.7606177605,6252.0,Labor (Nurse),1674982.5337629756,,diagnosis_base,Baseline,base,labor_cost_usd
219,10,2121817.7606177605,6252.0,Labor (Nurse),1626196.6347213355,,diagnosis_base,Baseline,base,labor_cost_usd
220,1,2121817.7606177605,6252.0,Labor (Nurse),2121817.7606177605,,diagnosis_base,Baseline,base,labor_cost_usd
220,2,2121817.7606177605,6252.0,Labor (Nurse),2060017.243318214,,diagnosis_base,Baseline,base,labor_cost_usd
220,3,2121817.7606177605,6252.0,Labor (Nurse),2000016.7410856448,,diagnosis_base,Baseline,base,labor_cost_usd
220,4,2121817.7606177605,6252.0,Labor (Nurse),1941763.8262967425,,diagnosis_base,Baseline,base,labor_cost_usd
220,5,2121817.7606177605,6252.0,Labor (Nurse),1885207.5983463516,,diagnosis_base,Baseline,base,labor_cost_usd
220,6,2121817.7606177605,6252.0,Labor (Nurse),1830298.6391712152,,diagnosis_base,Baseline,base,labor_cost_usd
220,7,2121817.7606177605,6252.0,Labor (Nurse),1776988.970069141,,diagnosis_base,Baseline,base,labor_cost_usd
220,8,2121817.7606177605,6252.0,Labor (Nurse),1725232.009775865,,diagnosis_base,Baseline,base,labor_cost_usd
220,9,2121817.7606177605,6252.0,Labor (Nurse),1674982.5337629756,,diagnosis_base,Baseline,base,labor_cost_usd
220,10,2121817.7606177605,6252.0,Labor (Nurse),1626196.6347213355,,diagnosis_base,Baseline,base,labor_cost_usd
221,1,2121817.7606177605,6252.0,Labor (Nurse),2121817.7606177605,,diagnosis_base,Baseline,base,labor_cost_usd
221,2,2121817.7606177605,6252.0,Labor (Nurse),2060017.243318214,,diagnosis_base,Baseline,base,labor_cost_usd
221,3,2121817.7606177605,6252.0,Labor (Nurse),2000016.7410856448,,diagnosis_base,Baseline,base,labor_cost_usd
221,4,2121817.7606177605,6252.0,Labor (Nurse),1941763.8262967425,,diagnosis_base,Baseline,base,labor_cost_usd
221,5,2121817.7606177605,6252.0,Labor (Nurse),1885207.5983463516,,diagnosis_base,Baseline,base,labor_cost_usd
221,6,2121817.7606177605,6252.0,Labor (Nurse),1830298.6391712152,,diagnosis_base,Baseline,base,labor_cost_usd
221,7,2121817.7606177605,6252.0,Labor (Nurse),1776988.970069141,,diagnosis_base,Baseline,base,labor_cost_usd
221,8,2121817.7606177605,6252.0,Labor (Nurse),1725232.009775865,,diagnosis_base,Baseline,base,labor_cost_usd
221,9,2121817.7606177605,6252.0,Labor (Nurse),1674982.5337629756,,diagnosis_base,Baseline,base,labor_cost_usd
221,10,2121817.7606177605,6252.0,Labor (Nurse),1626196.6347213355,,diagnosis_base,Baseline,base,labor_cost_usd
222,1,2121817.7606177605,6252.0,Labor (Nurse),2121817.7606177605,,diagnosis_base,Baseline,base,labor_cost_usd
222,2,2121817.7606177605,6252.0,Labor (Nurse),2060017.243318214,,diagnosis_base,Baseline,base,labor_cost_usd
222,3,2121817.7606177605,6252.0,Labor (Nurse),2000016.7410856448,,diagnosis_base,Baseline,base,labor_cost_usd
222,4,2121817.7606177605,6252.0,Labor (Nurse),1941763.8262967425,,diagnosis_base,Baseline,base,labor_cost_usd
222,5,2121817.7606177605,6252.0,Labor (Nurse),1885207.5983463516,,diagnosis_base,Baseline,base,labor_cost_usd
222,6,2121817.7606177605,6252.0,Labor (Nurse),1830298.6391712152,,diagnosis_base,Baseline,base,labor_cost_usd
222,7,2121817.7606177605,6252.0,Labor (Nurse),1776988.970069141,,diagnosis_base,Baseline,base,labor_cost_usd
222,8,2121817.7606177605,6252.0,Labor (Nurse),1725232.009775865,,diagnosis_base,Baseline,base,labor_cost_usd
222,9,2121817.7606177605,6252.0,Labor (Nurse),1674982.5337629756,,diagnosis_base,Baseline,base,labor_cost_usd
222,10,2121817.7606177605,6252.0,Labor (Nurse),1626196.6347213355,,diagnosis_base,Baseline,base,labor_cost_usd
223,1,2121817.7606177605,6252.0,Labor (Nurse),2121817.7606177605,,diagnosis_base,Baseline,base,labor_cost_usd
223,2,2121817.7606177605,6252.0,Labor (Nurse),2060017.243318214,,diagnosis_base,Baseline,base,labor_cost_usd
223,3,2121817.7606177605,6252.0,Labor (Nurse),2000016.7410856448,,diagnosis_base,Baseline,base,labor_cost_usd
223,4,2121817.7606177605,6252.0,Labor (Nurse),1941763.8262967425,,diagnosis_base,Baseline,base,labor_cost_usd
223,5,2121817.7606177605,6252.0,Labor (Nurse),1885207.5983463516,,diagnosis_base,Baseline,base,labor_cost_usd
223,6,2121817.7606177605,6252.0,Labor (Nurse),1830298.6391712152,,diagnosis_base,Baseline,base,labor_cost_usd
223,7,2121817.7606177605,6252.0,Labor (Nurse),1776988.970069141,,diagnosis_base,Baseline,base,labor_cost_usd
223,8,2121817.7606177605,6252.0,Labor (Nurse),1725232.009775865,,diagnosis_base,Baseline,base,labor_cost_usd
223,9,2121817.7606177605,6252.0,Labor (Nurse),1674982.5337629756,,diagnosis_base,Baseline,base,labor_cost_usd
223,10,2121817.7606177605,6252.0,Labor (Nurse),1626196.6347213355,,diagnosis_base,Baseline,base,labor_cost_usd
224,1,2121817.7606177605,6252.0,Labor (Nurse),2121817.7606177605,,diagnosis_base,Baseline,base,labor_cost_usd
224,2,2121817.7606177605,6252.0,Labor (Nurse),2060017.243318214,,diagnosis_base,Baseline,base,labor_cost_usd
224,3,2121817.7606177605,6252.0,Labor (Nurse),2000016.7410856448,,diagnosis_base,Baseline,base,labor_cost_usd
224,4,2121817.7606177605,6252.0,Labor (Nurse),1941763.8262967425,,diagnosis_base,Baseline,base,labor_cost_usd
224,5,2121817.7606177605,6252.0,Labor (Nurse),1885207.5983463516,,diagnosis_base,Baseline,base,labor_cost_usd
224,6,2121817.7606177605,6252.0,Labor (Nurse),1830298.6391712152,,diagnosis_base,Baseline,base,labor_cost_usd
224,7,2121817.7606177605,6252.0,Labor (Nurse),1776988.970069141,,diagnosis_base,Baseline,base,labor_cost_usd
224,8,2121817.7606177605,6252.0,Labor (Nurse),1725232.009775865,,diagnosis_base,Baseline,base,labor_cost_usd
224,9,2121817.7606177605,6252.0,Labor (Nurse),1674982.5337629756,,diagnosis_base,Baseline,base,labor_cost_usd
224,10,2121817.7606177605,6252.0,Labor (Nurse),1626196.6347213355,,diagnosis_base,Baseline,base,labor_cost_usd
225,1,2121817.7606177605,6252.0,Labor (Nurse),2121817.7606177605,,diagnosis_base,Baseline,base,labor_cost_usd
225,2,2121817.7606177605,6252.0,Labor (Nurse),2060017.243318214,,diagnosis_base,Baseline,base,labor_cost_usd
225,3,2121817.7606177605,6252.0,Labor (Nurse),2000016.7410856448,,diagnosis_base,Baseline,base,labor_cost_usd
225,4,2121817.7606177605,6252.0,Labor (Nurse),1941763.8262967425,,diagnosis_base,Baseline,base,labor_cost_usd
225,5,2121817.7606177605,6252.0,Labor (Nurse),1885207.5983463516,,diagnosis_base,Baseline,base,labor_cost_usd
225,6,2121817.7606177605,6252.0,Labor (Nurse),1830298.6391712152,,diagnosis_base,Baseline,base,labor_cost_usd
225,7,2121817.7606177605,6252.0,Labor (Nurse),1776988.970069141,,diagnosis_base,Baseline,base,labor_cost_usd
225,8,2121817.7606177605,6252.0,Labor (Nurse),1725232.009775865,,diagnosis_base,Baseline,base,labor_cost_usd
225,9,2121817.7606177605,6252.0,Labor (Nurse),1674982.5337629756,,diagnosis_base,Baseline,base,labor_cost_usd
225,10,2121817.7606177605,6252.0,Labor (Nurse),1626196.6347213355,,diagnosis_base,Baseline,base,labor_cost_usd
226,1,2121817.7606177605,6252.0,Labor (Nurse),2121817.7606177605,,diagnosis_base,Baseline,base,labor_cost_usd
226,2,2121817.7606177605,6252.0,Labor (Nurse),2060017.243318214,,diagnosis_base,Baseline,base,labor_cost_usd
226,3,2121817.7606177605,6252.0,Labor (Nurse),2000016.7410856448,,diagnosis_base,Baseline,base,labor_cost_usd
226,4,2121817.7606177605,6252.0,Labor (Nurse),1941763.8262967425,,diagnosis_base,Baseline,base,labor_cost_usd
226,5,2121817.7606177605,6252.0,Labor (Nurse),1885207.5983463516,,diagnosis_base,Baseline,base,labor_cost_usd
226,6,2121817.7606177605,6252.0,Labor (Nurse),1830298.6391712152,,diagnosis_base,Baseline,base,labor_cost_usd
226,7,2121817.7606177605,6252.0,Labor (Nurse),1776988.970069141,,diagnosis_base,Baseline,base,labor_cost_usd
226,8,2121817.7606177605,6252.0,Labor (Nurse),1725232.009775865,,diagnosis_base,Baseline,base,labor_cost_usd
226,9,2121817.7606177605,6252.0,Labor (Nurse),1674982.5337629756,,diagnosis_base,Baseline,base,labor_cost_usd
226,10,2121817.7606177605,6252.0,Labor (Nurse),1626196.6347213355,,diagnosis_base,Baseline,base,labor_cost_usd
227,1,2121817.7606177605,6252.0,Labor (Nurse),2121817.7606177605,,diagnosis_base,Baseline,base,labor_cost_usd
227,2,2121817.7606177605,6252.0,Labor (Nurse),2060017.243318214,,diagnosis_base,Baseline,base,labor_cost_usd
227,3,2121817.7606177605,6252.0,Labor (Nurse),2000016.7410856448,,diagnosis_base,Baseline,base,labor_cost_usd
227,4,2121817.7606177605,6252.0,Labor (Nurse),1941763.8262967425,,diagnosis_base,Baseline,base,labor_cost_usd
227,5,2121817.7606177605,6252.0,Labor (Nurse),1885207.5983463516,,diagnosis_base,Baseline,base,labor_cost_usd
227,6,2121817.7606177605,6252.0,Labor (Nurse),1830298.6391712152,,diagnosis_base,Baseline,base,labor_cost_usd
227,7,2121817.7606177605,6252.0,Labor (Nurse),1776988.970069141,,diagnosis_base,Baseline,base,labor_cost_usd
227,8,2121817.7606177605,6252.0,Labor (Nurse),1725232.009775865,,diagnosis_base,Baseline,base,labor_cost_usd
227,9,2121817.7606177605,6252.0,Labor (Nurse),1674982.5337629756,,diagnosis_base,Baseline,base,labor_cost_usd
227,10,2121817.7606177605,6252.0,Labor (Nurse),1626196.6347213355,,diagnosis_base,Baseline,base,labor_cost_usd
228,1,2121817.7606177605,6252.0,Labor (Nurse),2121817.7606177605,,diagnosis_base,Baseline,base,labor_cost_usd
228,2,2121817.7606177605,6252.0,Labor (Nurse),2060017.243318214,,diagnosis_base,Baseline,base,labor_cost_usd
228,3,2121817.7606177605,6252.0,Labor (Nurse),2000016.7410856448,,diagnosis_base,Baseline,base,labor_cost_usd
228,4,2121817.7606177605,6252.0,Labor (Nurse),1941763.8262967425,,diagnosis_base,Baseline,base,labor_cost_usd
228,5,2121817.7606177605,6252.0,Labor (Nurse),1885207.5983463516,,diagnosis_base,Baseline,base,labor_cost_usd
228,6,2121817.7606177605,6252.0,Labor (Nurse),1830298.6391712152,,diagnosis_base,Baseline,base,labor_cost_usd
228,7,2121817.7606177605,6252.0,Labor (Nurse),1776988.970069141,,diagnosis_base,Baseline,base,labor_cost_usd
228,8,2121817.7606177605,6252.0,Labor (Nurse),1725232.009775865,,diagnosis_base,Baseline,base,labor_cost_usd
228,9,2121817.7606177605,6252.0,Labor (Nurse),1674982.5337629756,,diagnosis_base,Baseline,base,labor_cost_usd
228,10,2121817.7606177605,6252.0,Labor (Nurse),1626196.6347213355,,diagnosis_base,Baseline,base,labor_cost_usd
229,1,2121817.7606177605,6252.0,Labor (Nurse),2121817.7606177605,,diagnosis_base,Baseline,base,labor_cost_usd
229,2,2121817.7606177605,6252.0,Labor (Nurse),2060017.243318214,,diagnosis_base,Baseline,base,labor_cost_usd
229,3,2121817.7606177605,6252.0,Labor (Nurse),2000016.7410856448,,diagnosis_base,Baseline,base,labor_cost_usd
229,4,2121817.7606177605,6252.0,Labor (Nurse),1941763.8262967425,,diagnosis_base,Baseline,base,labor_cost_usd
229,5,2121817.7606177605,6252.0,Labor (Nurse),1885207.5983463516,,diagnosis_base,Baseline,base,labor_cost_usd
229,6,2121817.7606177605,6252.0,Labor (Nurse),1830298.6391712152,,diagnosis_base,Baseline,base,labor_cost_usd
229,7,2121817.7606177605,6252.0,Labor (Nurse),1776988.970069141,,diagnosis_base,Baseline,base,labor_cost_usd
229,8,2121817.7606177605,6252.0,Labor (Nurse),1725232.009775865,,diagnosis_base,Baseline,base,labor_cost_usd
229,9,2121817.7606177605,6252.0,Labor (Nurse),1674982.5337629756,,diagnosis_base,Baseline,base,labor_cost_usd
229,10,2121817.7606177605,6252.0,Labor (Nurse),1626196.6347213355,,diagnosis_base,Baseline,base,labor_cost_usd
230,1,2121817.7606177605,6252.0,Labor (Nurse),2121817.7606177605,,diagnosis_base,Baseline,base,labor_cost_usd
230,2,2121817.7606177605,6252.0,Labor (Nurse),2060017.243318214,,diagnosis_base,Baseline,base,labor_cost_usd
230,3,2121817.7606177605,6252.0,Labor (Nurse),2000016.7410856448,,diagnosis_base,Baseline,base,labor_cost_usd
230,4,2121817.7606177605,6252.0,Labor (Nurse),1941763.8262967425,,diagnosis_base,Baseline,base,labor_cost_usd
230,5,2121817.7606177605,6252.0,Labor (Nurse),1885207.5983463516,,diagnosis_base,Baseline,base,labor_cost_usd
230,6,2121817.7606177605,6252.0,Labor (Nurse),1830298.6391712152,,diagnosis_base,Baseline,base,labor_cost_usd
230,7,2121817.7606177605,6252.0,Labor (Nurse),1776988.970069141,,diagnosis_base,Baseline,base,labor_cost_usd
230,8,2121817.7606177605,6252.0,Labor (Nurse),1725232.009775865,,diagnosis_base,Baseline,base,labor_cost_usd
230,9,2121817.7606177605,6252.0,Labor (Nurse),1674982.5337629756,,diagnosis_base,Baseline,base,labor_cost_usd
230,10,2121817.7606177605,6252.0,Labor (Nurse),1626196.6347213355,,diagnosis_base,Baseline,base,labor_cost_usd
231,1,2121817.7606177605,6252.0,Labor (Nurse),2121817.7606177605,,diagnosis_base,Baseline,base,labor_cost_usd
231,2,2121817.7606177605,6252.0,Labor (Nurse),2060017.243318214,,diagnosis_base,Baseline,base,labor_cost_usd
231,3,2121817.7606177605,6252.0,Labor (Nurse),2000016.7410856448,,diagnosis_base,Baseline,base,labor_cost_usd
231,4,2121817.7606177605,6252.0,Labor (Nurse),1941763.8262967425,,diagnosis_base,Baseline,base,labor_cost_usd
231,5,2121817.7606177605,6252.0,Labor (Nurse),1885207.5983463516,,diagnosis_base,Baseline,base,labor_cost_usd
231,6,2121817.7606177605,6252.0,Labor (Nurse),1830298.6391712152,,diagnosis_base,Baseline,base,labor_cost_usd
231,7,2121817.7606177605,6252.0,Labor (Nurse),1776988.970069141,,diagnosis_base,Baseline,base,labor_cost_usd
231,8,2121817.7606177605,6252.0,Labor (Nurse),1725232.009775865,,diagnosis_base,Baseline,base,labor_cost_usd
231,9,2121817.7606177605,6252.0,Labor (Nurse),1674982.5337629756,,diagnosis_base,Baseline,base,labor_cost_usd
231,10,2121817.7606177605,6252.0,Labor (Nurse),1626196.6347213355,,diagnosis_base,Baseline,base,labor_cost_usd
232,1,2121817.7606177605,6252.0,Labor (Nurse),2121817.7606177605,,diagnosis_base,Baseline,base,labor_cost_usd
232,2,2121817.7606177605,6252.0,Labor (Nurse),2060017.243318214,,diagnosis_base,Baseline,base,labor_cost_usd
232,3,2121817.7606177605,6252.0,Labor (Nurse),2000016.7410856448,,diagnosis_base,Baseline,base,labor_cost_usd
232,4,2121817.7606177605,6252.0,Labor (Nurse),1941763.8262967425,,diagnosis_base,Baseline,base,labor_cost_usd
232,5,2121817.7606177605,6252.0,Labor (Nurse),1885207.5983463516,,diagnosis_base,Baseline,base,labor_cost_usd
232,6,2121817.7606177605,6252.0,Labor (Nurse),1830298.6391712152,,diagnosis_base,Baseline,base,labor_cost_usd
232,7,2121817.7606177605,6252.0,Labor (Nurse),1776988.970069141,,diagnosis_base,Baseline,base,labor_cost_usd
232,8,2121817.7606177605,6252.0,Labor (Nurse),1725232.009775865,,diagnosis_base,Baseline,base,labor_cost_usd
232,9,2121817.7606177605,6252.0,Labor (Nurse),1674982.5337629756,,diagnosis_base,Baseline,base,labor_cost_usd
232,10,2121817.7606177605,6252.0,Labor (Nurse),1626196.6347213355,,diagnosis_base,Baseline,base,labor_cost_usd
233,1,2121817.7606177605,6252.0,Labor (Nurse),2121817.7606177605,,diagnosis_base,Baseline,base,labor_cost_usd
233,2,2121817.7606177605,6252.0,Labor (Nurse),2060017.243318214,,diagnosis_base,Baseline,base,labor_cost_usd
233,3,2121817.7606177605,6252.0,Labor (Nurse),2000016.7410856448,,diagnosis_base,Baseline,base,labor_cost_usd
233,4,2121817.7606177605,6252.0,Labor (Nurse),1941763.8262967425,,diagnosis_base,Baseline,base,labor_cost_usd
233,5,2121817.7606177605,6252.0,Labor (Nurse),1885207.5983463516,,diagnosis_base,Baseline,base,labor_cost_usd
233,6,2121817.7606177605,6252.0,Labor (Nurse),1830298.6391712152,,diagnosis_base,Baseline,base,labor_cost_usd
233,7,2121817.7606177605,6252.0,Labor (Nurse),1776988.970069141,,diagnosis_base,Baseline,base,labor_cost_usd
233,8,2121817.7606177605,6252.0,Labor (Nurse),1725232.009775865,,diagnosis_base,Baseline,base,labor_cost_usd
233,9,2121817.7606177605,6252.0,Labor (Nurse),1674982.5337629756,,diagnosis_base,Baseline,base,labor_cost_usd
233,10,2121817.7606177605,6252.0,Labor (Nurse),1626196.6347213355,,diagnosis_base,Baseline,base,labor_cost_usd
234,1,2121817.7606177605,6252.0,Labor (Nurse),2121817.7606177605,,diagnosis_base,Baseline,base,labor_cost_usd
234,2,2121817.7606177605,6252.0,Labor (Nurse),2060017.243318214,,diagnosis_base,Baseline,base,labor_cost_usd
234,3,2121817.7606177605,6252.0,Labor (Nurse),2000016.7410856448,,diagnosis_base,Baseline,base,labor_cost_usd
234,4,2121817.7606177605,6252.0,Labor (Nurse),1941763.8262967425,,diagnosis_base,Baseline,base,labor_cost_usd
234,5,2121817.7606177605,6252.0,Labor (Nurse),1885207.5983463516,,diagnosis_base,Baseline,base,labor_cost_usd
234,6,2121817.7606177605,6252.0,Labor (Nurse),1830298.6391712152,,diagnosis_base,Baseline,base,labor_cost_usd
234,7,2121817.7606177605,6252.0,Labor (Nurse),1776988.970069141,,diagnosis_base,Baseline,base,labor_cost_usd
234,8,2121817.7606177605,6252.0,Labor (Nurse),1725232.009775865,,diagnosis_base,Baseline,base,labor_cost_usd
234,9,2121817.7606177605,6252.0,Labor (Nurse),1674982.5337629756,,diagnosis_base,Baseline,base,labor_cost_usd
234,10,2121817.7606177605,6252.0,Labor (Nurse),1626196.6347213355,,diagnosis_base,Baseline,base,labor_cost_usd
235,1,2121817.7606177605,6252.0,Labor (Nurse),2121817.7606177605,,diagnosis_base,Baseline,base,labor_cost_usd
235,2,2121817.7606177605,6252.0,Labor (Nurse),2060017.243318214,,diagnosis_base,Baseline,base,labor_cost_usd
235,3,2121817.7606177605,6252.0,Labor (Nurse),2000016.7410856448,,diagnosis_base,Baseline,base,labor_cost_usd
235,4,2121817.7606177605,6252.0,Labor (Nurse),1941763.8262967425,,diagnosis_base,Baseline,base,labor_cost_usd
235,5,2121817.7606177605,6252.0,Labor (Nurse),1885207.5983463516,,diagnosis_base,Baseline,base,labor_cost_usd
235,6,2121817.7606177605,6252.0,Labor (Nurse),1830298.6391712152,,diagnosis_base,Baseline,base,labor_cost_usd
235,7,2121817.7606177605,6252.0,Labor (Nurse),1776988.970069141,,diagnosis_base,Baseline,base,labor_cost_usd
235,8,2121817.7606177605,6252.0,Labor (Nurse),1725232.009775865,,diagnosis_base,Baseline,base,labor_cost_usd
235,9,2121817.7606177605,6252.0,Labor (Nurse),1674982.5337629756,,diagnosis_base,Baseline,base,labor_cost_usd
235,10,2121817.7606177605,6252.0,Labor (Nurse),1626196.6347213355,,diagnosis_base,Baseline,base,labor_cost_usd
236,1,2121817.7606177605,6252.0,Labor (Nurse),2121817.7606177605,,diagnosis_base,Baseline,base,labor_cost_usd
236,2,2121817.7606177605,6252.0,Labor (Nurse),2060017.243318214,,diagnosis_base,Baseline,base,labor_cost_usd
236,3,2121817.7606177605,6252.0,Labor (Nurse),2000016.7410856448,,diagnosis_base,Baseline,base,labor_cost_usd
236,4,2121817.7606177605,6252.0,Labor (Nurse),1941763.8262967425,,diagnosis_base,Baseline,base,labor_cost_usd
236,5,2121817.7606177605,6252.0,Labor (Nurse),1885207.5983463516,,diagnosis_base,Baseline,base,labor_cost_usd
236,6,2121817.7606177605,6252.0,Labor (Nurse),1830298.6391712152,,diagnosis_base,Baseline,base,labor_cost_usd
236,7,2121817.7606177605,6252.0,Labor (Nurse),1776988.970069141,,diagnosis_base,Baseline,base,labor_cost_usd
236,8,2121817.7606177605,6252.0,Labor (Nurse),1725232.009775865,,diagnosis_base,Baseline,base,labor_cost_usd
236,9,2121817.7606177605,6252.0,Labor (Nurse),1674982.5337629756,,diagnosis_base,Baseline,base,labor_cost_usd
236,10,2121817.7606177605,6252.0,Labor (Nurse),1626196.6347213355,,diagnosis_base,Baseline,base,labor_cost_usd
237,1,2121817.7606177605,6252.0,Labor (Nurse),2121817.7606177605,,diagnosis_base,Baseline,base,labor_cost_usd
237,2,2121817.7606177605,6252.0,Labor (Nurse),2060017.243318214,,diagnosis_base,Baseline,base,labor_cost_usd
237,3,2121817.7606177605,6252.0,Labor (Nurse),2000016.7410856448,,diagnosis_base,Baseline,base,labor_cost_usd
237,4,2121817.7606177605,6252.0,Labor (Nurse),1941763.8262967425,,diagnosis_base,Baseline,base,labor_cost_usd
237,5,2121817.7606177605,6252.0,Labor (Nurse),1885207.5983463516,,diagnosis_base,Baseline,base,labor_cost_usd
237,6,2121817.7606177605,6252.0,Labor (Nurse),1830298.6391712152,,diagnosis_base,Baseline,base,labor_cost_usd
237,7,2121817.7606177605,6252.0,Labor (Nurse),1776988.970069141,,diagnosis_base,Baseline,base,labor_cost_usd
237,8,2121817.7606177605,6252.0,Labor (Nurse),1725232.009775865,,diagnosis_base,Baseline,base,labor_cost_usd
237,9,2121817.7606177605,6252.0,Labor (Nurse),1674982.5337629756,,diagnosis_base,Baseline,base,labor_cost_usd
237,10,2121817.7606177605,6252.0,Labor (Nurse),1626196.6347213355,,diagnosis_base,Baseline,base,labor_cost_usd
238,1,2121817.7606177605,6252.0,Labor (Nurse),2121817.7606177605,,diagnosis_base,Baseline,base,labor_cost_usd
238,2,2121817.7606177605,6252.0,Labor (Nurse),2060017.243318214,,diagnosis_base,Baseline,base,labor_cost_usd
238,3,2121817.7606177605,6252.0,Labor (Nurse),2000016.7410856448,,diagnosis_base,Baseline,base,labor_cost_usd
238,4,2121817.7606177605,6252.0,Labor (Nurse),1941763.8262967425,,diagnosis_base,Baseline,base,labor_cost_usd
238,5,2121817.7606177605,6252.0,Labor (Nurse),1885207.5983463516,,diagnosis_base,Baseline,base,labor_cost_usd
238,6,2121817.7606177605,6252.0,Labor (Nurse),1830298.6391712152,,diagnosis_base,Baseline,base,labor_cost_usd
238,7,2121817.7606177605,6252.0,Labor (Nurse),1776988.970069141,,diagnosis_base,Baseline,base,labor_cost_usd
238,8,2121817.7606177605,6252.0,Labor (Nurse),1725232.009775865,,diagnosis_base,Baseline,base,labor_cost_usd
238,9,2121817.7606177605,6252.0,Labor (Nurse),1674982.5337629756,,diagnosis_base,Baseline,base,labor_cost_usd
238,10,2121817.7606177605,6252.0,Labor (Nurse),1626196.6347213355,,diagnosis_base,Baseline,base,labor_cost_usd
239,1,2121817.7606177605,6252.0,Labor (Nurse),2121817.7606177605,,diagnosis_base,Baseline,base,labor_cost_usd
239,2,2121817.7606177605,6252.0,Labor (Nurse),2060017.243318214,,diagnosis_base,Baseline,base,labor_cost_usd
239,3,2121817.7606177605,6252.0,Labor (Nurse),2000016.7410856448,,diagnosis_base,Baseline,base,labor_cost_usd
239,4,2121817.7606177605,6252.0,Labor (Nurse),1941763.8262967425,,diagnosis_base,Baseline,base,labor_cost_usd
239,5,2121817.7606177605,6252.0,Labor (Nurse),1885207.5983463516,,diagnosis_base,Baseline,base,labor_cost_usd
239,6,2121817.7606177605,6252.0,Labor (Nurse),1830298.6391712152,,diagnosis_base,Baseline,base,labor_cost_usd
239,7,2121817.7606177605,6252.0,Labor (Nurse),1776988.970069141,,diagnosis_base,Baseline,base,labor_cost_usd
239,8,2121817.7606177605,6252.0,Labor (Nurse),1725232.009775865,,diagnosis_base,Baseline,base,labor_cost_usd
239,9,2121817.7606177605,6252.0,Labor (Nurse),1674982.5337629756,,diagnosis_base,Baseline,base,labor_cost_usd
239,10,2121817.7606177605,6252.0,Labor (Nurse),1626196.6347213355,,diagnosis_base,Baseline,base,labor_cost_usd
240,1,2121817.7606177605,6252.0,Labor (Nurse),2121817.7606177605,,diagnosis_base,Baseline,base,labor_cost_usd
240,2,2121817.7606177605,6252.0,Labor (Nurse),2060017.243318214,,diagnosis_base,Baseline,base,labor_cost_usd
240,3,2121817.7606177605,6252.0,Labor (Nurse),2000016.7410856448,,diagnosis_base,Baseline,base,labor_cost_usd
240,4,2121817.7606177605,6252.0,Labor (Nurse),1941763.8262967425,,diagnosis_base,Baseline,base,labor_cost_usd
240,5,2121817.7606177605,6252.0,Labor (Nurse),1885207.5983463516,,diagnosis_base,Baseline,base,labor_cost_usd
240,6,2121817.7606177605,6252.0,Labor (Nurse),1830298.6391712152,,diagnosis_base,Baseline,base,labor_cost_usd
240,7,2121817.7606177605,6252.0,Labor (Nurse),1776988.970069141,,diagnosis_base,Baseline,base,labor_cost_usd
240,8,2121817.7606177605,6252.0,Labor (Nurse),1725232.009775865,,diagnosis_base,Baseline,base,labor_cost_usd
240,9,2121817.7606177605,6252.0,Labor (Nurse),1674982.5337629756,,diagnosis_base,Baseline,base,labor_cost_usd
240,10,2121817.7606177605,6252.0,Labor (Nurse),1626196.6347213355,,diagnosis_base,Baseline,base,labor_cost_usd
241,1,2121817.7606177605,6252.0,Labor (Nurse),2121817.7606177605,,diagnosis_base,Baseline,base,labor_cost_usd
241,2,2121817.7606177605,6252.0,Labor (Nurse),2060017.243318214,,diagnosis_base,Baseline,base,labor_cost_usd
241,3,2121817.7606177605,6252.0,Labor (Nurse),2000016.7410856448,,diagnosis_base,Baseline,base,labor_cost_usd
241,4,2121817.7606177605,6252.0,Labor (Nurse),1941763.8262967425,,diagnosis_base,Baseline,base,labor_cost_usd
241,5,2121817.7606177605,6252.0,Labor (Nurse),1885207.5983463516,,diagnosis_base,Baseline,base,labor_cost_usd
241,6,2121817.7606177605,6252.0,Labor (Nurse),1830298.6391712152,,diagnosis_base,Baseline,base,labor_cost_usd
241,7,2121817.7606177605,6252.0,Labor (Nurse),1776988.970069141,,diagnosis_base,Baseline,base,labor_cost_usd
241,8,2121817.7606177605,6252.0,Labor (Nurse),1725232.009775865,,diagnosis_base,Baseline,base,labor_cost_usd
241,9,2121817.7606177605,6252.0,Labor (Nurse),1674982.5337629756,,diagnosis_base,Baseline,base,labor_cost_usd
241,10,2121817.7606177605,6252.0,Labor (Nurse),1626196.6347213355,,diagnosis_base,Baseline,base,labor_cost_usd
242,1,2121817.7606177605,6252.0,Labor (Nurse),2121817.7606177605,,diagnosis_base,Baseline,base,labor_cost_usd
242,2,2121817.7606177605,6252.0,Labor (Nurse),2060017.243318214,,diagnosis_base,Baseline,base,labor_cost_usd
242,3,2121817.7606177605,6252.0,Labor (Nurse),2000016.7410856448,,diagnosis_base,Baseline,base,labor_cost_usd
242,4,2121817.7606177605,6252.0,Labor (Nurse),1941763.8262967425,,diagnosis_base,Baseline,base,labor_cost_usd
242,5,2121817.7606177605,6252.0,Labor (Nurse),1885207.5983463516,,diagnosis_base,Baseline,base,labor_cost_usd
242,6,2121817.7606177605,6252.0,Labor (Nurse),1830298.6391712152,,diagnosis_base,Baseline,base,labor_cost_usd
242,7,2121817.7606177605,6252.0,Labor (Nurse),1776988.970069141,,diagnosis_base,Baseline,base,labor_cost_usd
242,8,2121817.7606177605,6252.0,Labor (Nurse),1725232.009775865,,diagnosis_base,Baseline,base,labor_cost_usd
242,9,2121817.7606177605,6252.0,Labor (Nurse),1674982.5337629756,,diagnosis_base,Baseline,base,labor_cost_usd
242,10,2121817.7606177605,6252.0,Labor (Nurse),1626196.6347213355,,diagnosis_base,Baseline,base,labor_cost_usd
243,1,2121817.7606177605,6252.0,Labor (Nurse),2121817.7606177605,,diagnosis_base,Baseline,base,labor_cost_usd
243,2,2121817.7606177605,6252.0,Labor (Nurse),2060017.243318214,,diagnosis_base,Baseline,base,labor_cost_usd
243,3,2121817.7606177605,6252.0,Labor (Nurse),2000016.7410856448,,diagnosis_base,Baseline,base,labor_cost_usd
243,4,2121817.7606177605,6252.0,Labor (Nurse),1941763.8262967425,,diagnosis_base,Baseline,base,labor_cost_usd
243,5,2121817.7606177605,6252.0,Labor (Nurse),1885207.5983463516,,diagnosis_base,Baseline,base,labor_cost_usd
243,6,2121817.7606177605,6252.0,Labor (Nurse),1830298.6391712152,,diagnosis_base,Baseline,base,labor_cost_usd
243,7,2121817.7606177605,6252.0,Labor (Nurse),1776988.970069141,,diagnosis_base,Baseline,base,labor_cost_usd
243,8,2121817.7606177605,6252.0,Labor (Nurse),1725232.009775865,,diagnosis_base,Baseline,base,labor_cost_usd
243,9,2121817.7606177605,6252.0,Labor (Nurse),1674982.5337629756,,diagnosis_base,Baseline,base,labor_cost_usd
243,10,2121817.7606177605,6252.0,Labor (Nurse),1626196.6347213355,,diagnosis_base,Baseline,base,labor_cost_usd
244,1,2121817.7606177605,6252.0,Labor (Nurse),2121817.7606177605,,diagnosis_base,Baseline,base,labor_cost_usd
244,2,2121817.7606177605,6252.0,Labor (Nurse),2060017.243318214,,diagnosis_base,Baseline,base,labor_cost_usd
244,3,2121817.7606177605,6252.0,Labor (Nurse),2000016.7410856448,,diagnosis_base,Baseline,base,labor_cost_usd
244,4,2121817.7606177605,6252.0,Labor (Nurse),1941763.8262967425,,diagnosis_base,Baseline,base,labor_cost_usd
244,5,2121817.7606177605,6252.0,Labor (Nurse),1885207.5983463516,,diagnosis_base,Baseline,base,labor_cost_usd
244,6,2121817.7606177605,6252.0,Labor (Nurse),1830298.6391712152,,diagnosis_base,Baseline,base,labor_cost_usd
244,7,2121817.7606177605,6252.0,Labor (Nurse),1776988.970069141,,diagnosis_base,Baseline,base,labor_cost_usd
244,8,2121817.7606177605,6252.0,Labor (Nurse),1725232.009775865,,diagnosis_base,Baseline,base,labor_cost_usd
244,9,2121817.7606177605,6252.0,Labor (Nurse),1674982.5337629756,,diagnosis_base,Baseline,base,labor_cost_usd
244,10,2121817.7606177605,6252.0,Labor (Nurse),1626196.6347213355,,diagnosis_base,Baseline,base,labor_cost_usd
245,1,2121817.7606177605,6252.0,Labor (Nurse),2121817.7606177605,,diagnosis_base,Baseline,base,labor_cost_usd
245,2,2121817.7606177605,6252.0,Labor (Nurse),2060017.243318214,,diagnosis_base,Baseline,base,labor_cost_usd
245,3,2121817.7606177605,6252.0,Labor (Nurse),2000016.7410856448,,diagnosis_base,Baseline,base,labor_cost_usd
245,4,2121817.7606177605,6252.0,Labor (Nurse),1941763.8262967425,,diagnosis_base,Baseline,base,labor_cost_usd
245,5,2121817.7606177605,6252.0,Labor (Nurse),1885207.5983463516,,diagnosis_base,Baseline,base,labor_cost_usd
245,6,2121817.7606177605,6252.0,Labor (Nurse),1830298.6391712152,,diagnosis_base,Baseline,base,labor_cost_usd
245,7,2121817.7606177605,6252.0,Labor (Nurse),1776988.970069141,,diagnosis_base,Baseline,base,labor_cost_usd
245,8,2121817.7606177605,6252.0,Labor (Nurse),1725232.009775865,,diagnosis_base,Baseline,base,labor_cost_usd
245,9,2121817.7606177605,6252.0,Labor (Nurse),1674982.5337629756,,diagnosis_base,Baseline,base,labor_cost_usd
245,10,2121817.7606177605,6252.0,Labor (Nurse),1626196.6347213355,,diagnosis_base,Baseline,base,labor_cost_usd
246,1,2121817.7606177605,6252.0,Labor (Nurse),2121817.7606177605,,diagnosis_base,Baseline,base,labor_cost_usd
246,2,2121817.7606177605,6252.0,Labor (Nurse),2060017.243318214,,diagnosis_base,Baseline,base,labor_cost_usd
246,3,2121817.7606177605,6252.0,Labor (Nurse),2000016.7410856448,,diagnosis_base,Baseline,base,labor_cost_usd
246,4,2121817.7606177605,6252.0,Labor (Nurse),1941763.8262967425,,diagnosis_base,Baseline,base,labor_cost_usd
246,5,2121817.7606177605,6252.0,Labor (Nurse),1885207.5983463516,,diagnosis_base,Baseline,base,labor_cost_usd
246,6,2121817.7606177605,6252.0,Labor (Nurse),1830298.6391712152,,diagnosis_base,Baseline,base,labor_cost_usd
246,7,2121817.7606177605,6252.0,Labor (Nurse),1776988.970069141,,diagnosis_base,Baseline,base,labor_cost_usd
246,8,2121817.7606177605,6252.0,Labor (Nurse),1725232.009775865,,diagnosis_base,Baseline,base,labor_cost_usd
246,9,2121817.7606177605,6252.0,Labor (Nurse),1674982.5337629756,,diagnosis_base,Baseline,base,labor_cost_usd
246,10,2121817.7606177605,6252.0,Labor (Nurse),1626196.6347213355,,diagnosis_base,Baseline,base,labor_cost_usd
247,1,2121817.7606177605,6252.0,Labor (Nurse),2121817.7606177605,,diagnosis_base,Baseline,base,labor_cost_usd
247,2,2121817.7606177605,6252.0,Labor (Nurse),2060017.243318214,,diagnosis_base,Baseline,base,labor_cost_usd
247,3,2121817.7606177605,6252.0,Labor (Nurse),2000016.7410856448,,diagnosis_base,Baseline,base,labor_cost_usd
247,4,2121817.7606177605,6252.0,Labor (Nurse),1941763.8262967425,,diagnosis_base,Baseline,base,labor_cost_usd
247,5,2121817.7606177605,6252.0,Labor (Nurse),1885207.5983463516,,diagnosis_base,Baseline,base,labor_cost_usd
247,6,2121817.7606177605,6252.0,Labor (Nurse),1830298.6391712152,,diagnosis_base,Baseline,base,labor_cost_usd
247,7,2121817.7606177605,6252.0,Labor (Nurse),1776988.970069141,,diagnosis_base,Baseline,base,labor_cost_usd
247,8,2121817.7606177605,6252.0,Labor (Nurse),1725232.009775865,,diagnosis_base,Baseline,base,labor_cost_usd
247,9,2121817.7606177605,6252.0,Labor (Nurse),1674982.5337629756,,diagnosis_base,Baseline,base,labor_cost_usd
247,10,2121817.7606177605,6252.0,Labor (Nurse),1626196.6347213355,,diagnosis_base,Baseline,base,labor_cost_usd
248,1,2121817.7606177605,6252.0,Labor (Nurse),2121817.7606177605,,diagnosis_base,Baseline,base,labor_cost_usd
248,2,2121817.7606177605,6252.0,Labor (Nurse),2060017.243318214,,diagnosis_base,Baseline,base,labor_cost_usd
248,3,2121817.7606177605,6252.0,Labor (Nurse),2000016.7410856448,,diagnosis_base,Baseline,base,labor_cost_usd
248,4,2121817.7606177605,6252.0,Labor (Nurse),1941763.8262967425,,diagnosis_base,Baseline,base,labor_cost_usd
248,5,2121817.7606177605,6252.0,Labor (Nurse),1885207.5983463516,,diagnosis_base,Baseline,base,labor_cost_usd
248,6,2121817.7606177605,6252.0,Labor (Nurse),1830298.6391712152,,diagnosis_base,Baseline,base,labor_cost_usd
248,7,2121817.7606177605,6252.0,Labor (Nurse),1776988.970069141,,diagnosis_base,Baseline,base,labor_cost_usd
248,8,2121817.7606177605,6252.0,Labor (Nurse),1725232.009775865,,diagnosis_base,Baseline,base,labor_cost_usd
248,9,2121817.7606177605,6252.0,Labor (Nurse),1674982.5337629756,,diagnosis_base,Baseline,base,labor_cost_usd
248,10,2121817.7606177605,6252.0,Labor (Nurse),1626196.6347213355,,diagnosis_base,Baseline,base,labor_cost_usd
249,1,2121817.7606177605,6252.0,Labor (Nurse),2121817.7606177605,,diagnosis_base,Baseline,base,labor_cost_usd
249,2,2121817.7606177605,6252.0,Labor (Nurse),2060017.243318214,,diagnosis_base,Baseline,base,labor_cost_usd
249,3,2121817.7606177605,6252.0,Labor (Nurse),2000016.7410856448,,diagnosis_base,Baseline,base,labor_cost_usd
249,4,2121817.7606177605,6252.0,Labor (Nurse),1941763.8262967425,,diagnosis_base,Baseline,base,labor_cost_usd
249,5,2121817.7606177605,6252.0,Labor (Nurse),1885207.5983463516,,diagnosis_base,Baseline,base,labor_cost_usd
249,6,2121817.7606177605,6252.0,Labor (Nurse),1830298.6391712152,,diagnosis_base,Baseline,base,labor_cost_usd
249,7,2121817.7606177605,6252.0,Labor (Nurse),1776988.970069141,,diagnosis_base,Baseline,base,labor_cost_usd
249,8,2121817.7606177605,6252.0,Labor (Nurse),1725232.009775865,,diagnosis_base,Baseline,base,labor_cost_usd
249,9,2121817.7606177605,6252.0,Labor (Nurse),1674982.5337629756,,diagnosis_base,Baseline,base,labor_cost_usd
249,10,2121817.7606177605,6252.0,Labor (Nurse),1626196.6347213355,,diagnosis_base,Baseline,base,labor_cost_usd
250,1,2121817.7606177605,6252.0,Labor (Nurse),2121817.7606177605,,diagnosis_base,Baseline,base,labor_cost_usd
250,2,2121817.7606177605,6252.0,Labor (Nurse),2060017.243318214,,diagnosis_base,Baseline,base,labor_cost_usd
250,3,2121817.7606177605,6252.0,Labor (Nurse),2000016.7410856448,,diagnosis_base,Baseline,base,labor_cost_usd
250,4,2121817.7606177605,6252.0,Labor (Nurse),1941763.8262967425,,diagnosis_base,Baseline,base,labor_cost_usd
250,5,2121817.7606177605,6252.0,Labor (Nurse),1885207.5983463516,,diagnosis_base,Baseline,base,labor_cost_usd
250,6,2121817.7606177605,6252.0,Labor (Nurse),1830298.6391712152,,diagnosis_base,Baseline,base,labor_cost_usd
250,7,2121817.7606177605,6252.0,Labor (Nurse),1776988.970069141,,diagnosis_base,Baseline,base,labor_cost_usd
250,8,2121817.7606177605,6252.0,Labor (Nurse),1725232.009775865,,diagnosis_base,Baseline,base,labor_cost_usd
250,9,2121817.7606177605,6252.0,Labor (Nurse),1674982.5337629756,,diagnosis_base,Baseline,base,labor_cost_usd
250,10,2121817.7606177605,6252.0,Labor (Nurse),1626196.6347213355,,diagnosis_base,Baseline,base,labor_cost_usd
201,1,226730.50193050195,480.0,Labor (Anesthetist),226730.50193050195,,diagnosis_base,Baseline,base,labor_cost_usd
201,2,226730.50193050195,480.0,Labor (Anesthetist),220126.70090339993,,diagnosis_base,Baseline,base,labor_cost_usd
201,3,226730.50193050195,480.0,Labor (Anesthetist),213715.24359553395,,diagnosis_base,Baseline,base,labor_cost_usd
201,4,226730.50193050195,480.0,Labor (Anesthetist),207490.5277626543,,diagnosis_base,Baseline,base,labor_cost_usd
201,5,226730.50193050195,480.0,Labor (Anesthetist),201447.11433267407,,diagnosis_base,Baseline,base,labor_cost_usd
201,6,226730.50193050195,480.0,Labor (Anesthetist),195579.7226530816,,diagnosis_base,Baseline,base,labor_cost_usd
201,7,226730.50193050195,480.0,Labor (Anesthetist),189883.22587677828,,diagnosis_base,Baseline,base,labor_cost_usd
201,8,226730.50193050195,480.0,Labor (Anesthetist),184352.64648230898,,diagnosis_base,Baseline,base,labor_cost_usd
201,9,226730.50193050195,480.0,Labor (Anesthetist),178983.1519245718,,diagnosis_base,Baseline,base,labor_cost_usd
201,10,226730.50193050195,480.0,Labor (Anesthetist),173770.05041220566,,diagnosis_base,Baseline,base,labor_cost_usd
202,1,226730.50193050195,480.0,Labor (Anesthetist),226730.50193050195,,diagnosis_base,Baseline,base,labor_cost_usd
202,2,226730.50193050195,480.0,Labor (Anesthetist),220126.70090339993,,diagnosis_base,Baseline,base,labor_cost_usd
202,3,226730.50193050195,480.0,Labor (Anesthetist),213715.24359553395,,diagnosis_base,Baseline,base,labor_cost_usd
202,4,226730.50193050195,480.0,Labor (Anesthetist),207490.5277626543,,diagnosis_base,Baseline,base,labor_cost_usd
202,5,226730.50193050195,480.0,Labor (Anesthetist),201447.11433267407,,diagnosis_base,Baseline,base,labor_cost_usd
202,6,226730.50193050195,480.0,Labor (Anesthetist),195579.7226530816,,diagnosis_base,Baseline,base,labor_cost_usd
202,7,226730.50193050195,480.0,Labor (Anesthetist),189883.22587677828,,diagnosis_base,Baseline,base,labor_cost_usd
202,8,226730.50193050195,480.0,Labor (Anesthetist),184352.64648230898,,diagnosis_base,Baseline,base,labor_cost_usd
202,9,226730.50193050195,480.0,Labor (Anesthetist),178983.1519245718,,diagnosis_base,Baseline,base,labor_cost_usd
202,10,226730.50193050195,480.0,Labor (Anesthetist),173770.05041220566,,diagnosis_base,Baseline,base,labor_cost_usd
203,1,226730.50193050195,480.0,Labor (Anesthetist),226730.50193050195,,diagnosis_base,Baseline,base,labor_cost_usd
203,2,226730.50193050195,480.0,Labor (Anesthetist),220126.70090339993,,diagnosis_base,Baseline,base,labor_cost_usd
203,3,226730.50193050195,480.0,Labor (Anesthetist),213715.24359553395,,diagnosis_base,Baseline,base,labor_cost_usd
203,4,226730.50193050195,480.0,Labor (Anesthetist),207490.5277626543,,diagnosis_base,Baseline,base,labor_cost_usd
203,5,226730.50193050195,480.0,Labor (Anesthetist),201447.11433267407,,diagnosis_base,Baseline,base,labor_cost_usd
203,6,226730.50193050195,480.0,Labor (Anesthetist),195579.7226530816,,diagnosis_base,Baseline,base,labor_cost_usd
203,7,226730.50193050195,480.0,Labor (Anesthetist),189883.22587677828,,diagnosis_base,Baseline,base,labor_cost_usd
203,8,226730.50193050195,480.0,Labor (Anesthetist),184352.64648230898,,diagnosis_base,Baseline,base,labor_cost_usd
203,9,226730.50193050195,480.0,Labor (Anesthetist),178983.1519245718,,diagnosis_base,Baseline,base,labor_cost_usd
203,10,226730.50193050195,480.0,Labor (Anesthetist),173770.05041220566,,diagnosis_base,Baseline,base,labor_cost_usd
204,1,226730.50193050195,480.0,Labor (Anesthetist),226730.50193050195,,diagnosis_base,Baseline,base,labor_cost_usd
204,2,226730.50193050195,480.0,Labor (Anesthetist),220126.70090339993,,diagnosis_base,Baseline,base,labor_cost_usd
204,3,226730.50193050195,480.0,Labor (Anesthetist),213715.24359553395,,diagnosis_base,Baseline,base,labor_cost_usd
204,4,226730.50193050195,480.0,Labor (Anesthetist),207490.5277626543,,diagnosis_base,Baseline,base,labor_cost_usd
204,5,226730.50193050195,480.0,Labor (Anesthetist),201447.11433267407,,diagnosis_base,Baseline,base,labor_cost_usd
204,6,226730.50193050195,480.0,Labor (Anesthetist),195579.7226530816,,diagnosis_base,Baseline,base,labor_cost_usd
204,7,226730.50193050195,480.0,Labor (Anesthetist),189883.22587677828,,diagnosis_base,Baseline,base,labor_cost_usd
204,8,226730.50193050195,480.0,Labor (Anesthetist),184352.64648230898,,diagnosis_base,Baseline,base,labor_cost_usd
204,9,226730.50193050195,480.0,Labor (Anesthetist),178983.1519245718,,diagnosis_base,Baseline,base,labor_cost_usd
204,10,226730.50193050195,480.0,Labor (Anesthetist),173770.05041220566,,diagnosis_base,Baseline,base,labor_cost_usd
205,1,226730.50193050195,480.0,Labor (Anesthetist),226730.50193050195,,diagnosis_base,Baseline,base,labor_cost_usd
205,2,226730.50193050195,480.0,Labor (Anesthetist),220126.70090339993,,diagnosis_base,Baseline,base,labor_cost_usd
205,3,226730.50193050195,480.0,Labor (Anesthetist),213715.24359553395,,diagnosis_base,Baseline,base,labor_cost_usd
205,4,226730.50193050195,480.0,Labor (Anesthetist),207490.5277626543,,diagnosis_base,Baseline,base,labor_cost_usd
205,5,226730.50193050195,480.0,Labor (Anesthetist),201447.11433267407,,diagnosis_base,Baseline,base,labor_cost_usd
205,6,226730.50193050195,480.0,Labor (Anesthetist),195579.7226530816,,diagnosis_base,Baseline,base,labor_cost_usd
205,7,226730.50193050195,480.0,Labor (Anesthetist),189883.22587677828,,diagnosis_base,Baseline,base,labor_cost_usd
205,8,226730.50193050195,480.0,Labor (Anesthetist),184352.64648230898,,diagnosis_base,Baseline,base,labor_cost_usd
205,9,226730.50193050195,480.0,Labor (Anesthetist),178983.1519245718,,diagnosis_base,Baseline,base,labor_cost_usd
205,10,226730.50193050195,480.0,Labor (Anesthetist),173770.05041220566,,diagnosis_base,Baseline,base,labor_cost_usd
206,1,226730.50193050195,480.0,Labor (Anesthetist),226730.50193050195,,diagnosis_base,Baseline,base,labor_cost_usd
206,2,226730.50193050195,480.0,Labor (Anesthetist),220126.70090339993,,diagnosis_base,Baseline,base,labor_cost_usd
206,3,226730.50193050195,480.0,Labor (Anesthetist),213715.24359553395,,diagnosis_base,Baseline,base,labor_cost_usd
206,4,226730.50193050195,480.0,Labor (Anesthetist),207490.5277626543,,diagnosis_base,Baseline,base,labor_cost_usd
206,5,226730.50193050195,480.0,Labor (Anesthetist),201447.11433267407,,diagnosis_base,Baseline,base,labor_cost_usd
206,6,226730.50193050195,480.0,Labor (Anesthetist),195579.7226530816,,diagnosis_base,Baseline,base,labor_cost_usd
206,7,226730.50193050195,480.0,Labor (Anesthetist),189883.22587677828,,diagnosis_base,Baseline,base,labor_cost_usd
206,8,226730.50193050195,480.0,Labor (Anesthetist),184352.64648230898,,diagnosis_base,Baseline,base,labor_cost_usd
206,9,226730.50193050195,480.0,Labor (Anesthetist),178983.1519245718,,diagnosis_base,Baseline,base,labor_cost_usd
206,10,226730.50193050195,480.0,Labor (Anesthetist),173770.05041220566,,diagnosis_base,Baseline,base,labor_cost_usd
207,1,226730.50193050195,480.0,Labor (Anesthetist),226730.50193050195,,diagnosis_base,Baseline,base,labor_cost_usd
207,2,226730.50193050195,480.0,Labor (Anesthetist),220126.70090339993,,diagnosis_base,Baseline,base,labor_cost_usd
207,3,226730.50193050195,480.0,Labor (Anesthetist),213715.24359553395,,diagnosis_base,Baseline,base,labor_cost_usd
207,4,226730.50193050195,480.0,Labor (Anesthetist),207490.5277626543,,diagnosis_base,Baseline,base,labor_cost_usd
207,5,226730.50193050195,480.0,Labor (Anesthetist),201447.11433267407,,diagnosis_base,Baseline,base,labor_cost_usd
207,6,226730.50193050195,480.0,Labor (Anesthetist),195579.7226530816,,diagnosis_base,Baseline,base,labor_cost_usd
207,7,226730.50193050195,480.0,Labor (Anesthetist),189883.22587677828,,diagnosis_base,Baseline,base,labor_cost_usd
207,8,226730.50193050195,480.0,Labor (Anesthetist),184352.64648230898,,diagnosis_base,Baseline,base,labor_cost_usd
207,9,226730.50193050195,480.0,Labor (Anesthetist),178983.1519245718,,diagnosis_base,Baseline,base,labor_cost_usd
207,10,226730.50193050195,480.0,Labor (Anesthetist),173770.05041220566,,diagnosis_base,Baseline,base,labor_cost_usd
208,1,226730.50193050195,480.0,Labor (Anesthetist),226730.50193050195,,diagnosis_base,Baseline,base,labor_cost_usd
208,2,226730.50193050195,480.0,Labor (Anesthetist),220126.70090339993,,diagnosis_base,Baseline,base,labor_cost_usd
208,3,226730.50193050195,480.0,Labor (Anesthetist),213715.24359553395,,diagnosis_base,Baseline,base,labor_cost_usd
208,4,226730.50193050195,480.0,Labor (Anesthetist),207490.5277626543,,diagnosis_base,Baseline,base,labor_cost_usd
208,5,226730.50193050195,480.0,Labor (Anesthetist),201447.11433267407,,diagnosis_base,Baseline,base,labor_cost_usd
208,6,226730.50193050195,480.0,Labor (Anesthetist),195579.7226530816,,diagnosis_base,Baseline,base,labor_cost_usd
208,7,226730.50193050195,480.0,Labor (Anesthetist),189883.22587677828,,diagnosis_base,Baseline,base,labor_cost_usd
208,8,226730.50193050195,480.0,Labor (Anesthetist),184352.64648230898,,diagnosis_base,Baseline,base,labor_cost_usd
208,9,226730.50193050195,480.0,Labor (Anesthetist),178983.1519245718,,diagnosis_base,Baseline,base,labor_cost_usd
208,10,226730.50193050195,480.0,Labor (Anesthetist),173770.05041220566,,diagnosis_base,Baseline,base,labor_cost_usd
209,1,226730.50193050195,480.0,Labor (Anesthetist),226730.50193050195,,diagnosis_base,Baseline,base,labor_cost_usd
209,2,226730.50193050195,480.0,Labor (Anesthetist),220126.70090339993,,diagnosis_base,Baseline,base,labor_cost_usd
209,3,226730.50193050195,480.0,Labor (Anesthetist),213715.24359553395,,diagnosis_base,Baseline,base,labor_cost_usd
209,4,226730.50193050195,480.0,Labor (Anesthetist),207490.5277626543,,diagnosis_base,Baseline,base,labor_cost_usd
209,5,226730.50193050195,480.0,Labor (Anesthetist),201447.11433267407,,diagnosis_base,Baseline,base,labor_cost_usd
209,6,226730.50193050195,480.0,Labor (Anesthetist),195579.7226530816,,diagnosis_base,Baseline,base,labor_cost_usd
209,7,226730.50193050195,480.0,Labor (Anesthetist),189883.22587677828,,diagnosis_base,Baseline,base,labor_cost_usd
209,8,226730.50193050195,480.0,Labor (Anesthetist),184352.64648230898,,diagnosis_base,Baseline,base,labor_cost_usd
209,9,226730.50193050195,480.0,Labor (Anesthetist),178983.1519245718,,diagnosis_base,Baseline,base,labor_cost_usd
209,10,226730.50193050195,480.0,Labor (Anesthetist),173770.05041220566,,diagnosis_base,Baseline,base,labor_cost_usd
210,1,226730.50193050195,480.0,Labor (Anesthetist),226730.50193050195,,diagnosis_base,Baseline,base,labor_cost_usd
210,2,226730.50193050195,480.0,Labor (Anesthetist),220126.70090339993,,diagnosis_base,Baseline,base,labor_cost_usd
210,3,226730.50193050195,480.0,Labor (Anesthetist),213715.24359553395,,diagnosis_base,Baseline,base,labor_cost_usd
210,4,226730.50193050195,480.0,Labor (Anesthetist),207490.5277626543,,diagnosis_base,Baseline,base,labor_cost_usd
210,5,226730.50193050195,480.0,Labor (Anesthetist),201447.11433267407,,diagnosis_base,Baseline,base,labor_cost_usd
210,6,226730.50193050195,480.0,Labor (Anesthetist),195579.7226530816,,diagnosis_base,Baseline,base,labor_cost_usd
210,7,226730.50193050195,480.0,Labor (Anesthetist),189883.22587677828,,diagnosis_base,Baseline,base,labor_cost_usd
210,8,226730.50193050195,480.0,Labor (Anesthetist),184352.64648230898,,diagnosis_base,Baseline,base,labor_cost_usd
210,9,226730.50193050195,480.0,Labor (Anesthetist),178983.1519245718,,diagnosis_base,Baseline,base,labor_cost_usd
210,10,226730.50193050195,480.0,Labor (Anesthetist),173770.05041220566,,diagnosis_base,Baseline,base,labor_cost_usd
211,1,226730.50193050195,480.0,Labor (Anesthetist),226730.50193050195,,diagnosis_base,Baseline,base,labor_cost_usd
211,2,226730.50193050195,480.0,Labor (Anesthetist),220126.70090339993,,diagnosis_base,Baseline,base,labor_cost_usd
211,3,226730.50193050195,480.0,Labor (Anesthetist),213715.24359553395,,diagnosis_base,Baseline,base,labor_cost_usd
211,4,226730.50193050195,480.0,Labor (Anesthetist),207490.5277626543,,diagnosis_base,Baseline,base,labor_cost_usd
211,5,226730.50193050195,480.0,Labor (Anesthetist),201447.11433267407,,diagnosis_base,Baseline,base,labor_cost_usd
211,6,226730.50193050195,480.0,Labor (Anesthetist),195579.7226530816,,diagnosis_base,Baseline,base,labor_cost_usd
211,7,226730.50193050195,480.0,Labor (Anesthetist),189883.22587677828,,diagnosis_base,Baseline,base,labor_cost_usd
211,8,226730.50193050195,480.0,Labor (Anesthetist),184352.64648230898,,diagnosis_base,Baseline,base,labor_cost_usd
211,9,226730.50193050195,480.0,Labor (Anesthetist),178983.1519245718,,diagnosis_base,Baseline,base,labor_cost_usd
211,10,226730.50193050195,480.0,Labor (Anesthetist),173770.05041220566,,diagnosis_base,Baseline,base,labor_cost_usd
212,1,226730.50193050195,480.0,Labor (Anesthetist),226730.50193050195,,diagnosis_base,Baseline,base,labor_cost_usd
212,2,226730.50193050195,480.0,Labor (Anesthetist),220126.70090339993,,diagnosis_base,Baseline,base,labor_cost_usd
212,3,226730.50193050195,480.0,Labor (Anesthetist),213715.24359553395,,diagnosis_base,Baseline,base,labor_cost_usd
212,4,226730.50193050195,480.0,Labor (Anesthetist),207490.5277626543,,diagnosis_base,Baseline,base,labor_cost_usd
212,5,226730.50193050195,480.0,Labor (Anesthetist),201447.11433267407,,diagnosis_base,Baseline,base,labor_cost_usd
212,6,226730.50193050195,480.0,Labor (Anesthetist),195579.7226530816,,diagnosis_base,Baseline,base,labor_cost_usd
212,7,226730.50193050195,480.0,Labor (Anesthetist),189883.22587677828,,diagnosis_base,Baseline,base,labor_cost_usd
212,8,226730.50193050195,480.0,Labor (Anesthetist),184352.64648230898,,diagnosis_base,Baseline,base,labor_cost_usd
212,9,226730.50193050195,480.0,Labor (Anesthetist),178983.1519245718,,diagnosis_base,Baseline,base,labor_cost_usd
212,10,226730.50193050195,480.0,Labor (Anesthetist),173770.05041220566,,diagnosis_base,Baseline,base,labor_cost_usd
213,1,226730.50193050195,480.0,Labor (Anesthetist),226730.50193050195,,diagnosis_base,Baseline,base,labor_cost_usd
213,2,226730.50193050195,480.0,Labor (Anesthetist),220126.70090339993,,diagnosis_base,Baseline,base,labor_cost_usd
213,3,226730.50193050195,480.0,Labor (Anesthetist),213715.24359553395,,diagnosis_base,Baseline,base,labor_cost_usd
213,4,226730.50193050195,480.0,Labor (Anesthetist),207490.5277626543,,diagnosis_base,Baseline,base,labor_cost_usd
213,5,226730.50193050195,480.0,Labor (Anesthetist),201447.11433267407,,diagnosis_base,Baseline,base,labor_cost_usd
213,6,226730.50193050195,480.0,Labor (Anesthetist),195579.7226530816,,diagnosis_base,Baseline,base,labor_cost_usd
213,7,226730.50193050195,480.0,Labor (Anesthetist),189883.22587677828,,diagnosis_base,Baseline,base,labor_cost_usd
213,8,226730.50193050195,480.0,Labor (Anesthetist),184352.64648230898,,diagnosis_base,Baseline,base,labor_cost_usd
213,9,226730.50193050195,480.0,Labor (Anesthetist),178983.1519245718,,diagnosis_base,Baseline,base,labor_cost_usd
213,10,226730.50193050195,480.0,Labor (Anesthetist),173770.05041220566,,diagnosis_base,Baseline,base,labor_cost_usd
214,1,226730.50193050195,480.0,Labor (Anesthetist),226730.50193050195,,diagnosis_base,Baseline,base,labor_cost_usd
214,2,226730.50193050195,480.0,Labor (Anesthetist),220126.70090339993,,diagnosis_base,Baseline,base,labor_cost_usd
214,3,226730.50193050195,480.0,Labor (Anesthetist),213715.24359553395,,diagnosis_base,Baseline,base,labor_cost_usd
214,4,226730.50193050195,480.0,Labor (Anesthetist),207490.5277626543,,diagnosis_base,Baseline,base,labor_cost_usd
214,5,226730.50193050195,480.0,Labor (Anesthetist),201447.11433267407,,diagnosis_base,Baseline,base,labor_cost_usd
214,6,226730.50193050195,480.0,Labor (Anesthetist),195579.7226530816,,diagnosis_base,Baseline,base,labor_cost_usd
214,7,226730.50193050195,480.0,Labor (Anesthetist),189883.22587677828,,diagnosis_base,Baseline,base,labor_cost_usd
214,8,226730.50193050195,480.0,Labor (Anesthetist),184352.64648230898,,diagnosis_base,Baseline,base,labor_cost_usd
214,9,226730.50193050195,480.0,Labor (Anesthetist),178983.1519245718,,diagnosis_base,Baseline,base,labor_cost_usd
214,10,226730.50193050195,480.0,Labor (Anesthetist),173770.05041220566,,diagnosis_base,Baseline,base,labor_cost_usd
215,1,226730.50193050195,480.0,Labor (Anesthetist),226730.50193050195,,diagnosis_base,Baseline,base,labor_cost_usd
215,2,226730.50193050195,480.0,Labor (Anesthetist),220126.70090339993,,diagnosis_base,Baseline,base,labor_cost_usd
215,3,226730.50193050195,480.0,Labor (Anesthetist),213715.24359553395,,diagnosis_base,Baseline,base,labor_cost_usd
215,4,226730.50193050195,480.0,Labor (Anesthetist),207490.5277626543,,diagnosis_base,Baseline,base,labor_cost_usd
215,5,226730.50193050195,480.0,Labor (Anesthetist),201447.11433267407,,diagnosis_base,Baseline,base,labor_cost_usd
215,6,226730.50193050195,480.0,Labor (Anesthetist),195579.7226530816,,diagnosis_base,Baseline,base,labor_cost_usd
215,7,226730.50193050195,480.0,Labor (Anesthetist),189883.22587677828,,diagnosis_base,Baseline,base,labor_cost_usd
215,8,226730.50193050195,480.0,Labor (Anesthetist),184352.64648230898,,diagnosis_base,Baseline,base,labor_cost_usd
215,9,226730.50193050195,480.0,Labor (Anesthetist),178983.1519245718,,diagnosis_base,Baseline,base,labor_cost_usd
215,10,226730.50193050195,480.0,Labor (Anesthetist),173770.05041220566,,diagnosis_base,Baseline,base,labor_cost_usd
216,1,226730.50193050195,480.0,Labor (Anesthetist),226730.50193050195,,diagnosis_base,Baseline,base,labor_cost_usd
216,2,226730.50193050195,480.0,Labor (Anesthetist),220126.70090339993,,diagnosis_base,Baseline,base,labor_cost_usd
216,3,226730.50193050195,480.0,Labor (Anesthetist),213715.24359553395,,diagnosis_base,Baseline,base,labor_cost_usd
216,4,226730.50193050195,480.0,Labor (Anesthetist),207490.5277626543,,diagnosis_base,Baseline,base,labor_cost_usd
216,5,226730.50193050195,480.0,Labor (Anesthetist),201447.11433267407,,diagnosis_base,Baseline,base,labor_cost_usd
216,6,226730.50193050195,480.0,Labor (Anesthetist),195579.7226530816,,diagnosis_base,Baseline,base,labor_cost_usd
216,7,226730.50193050195,480.0,Labor (Anesthetist),189883.22587677828,,diagnosis_base,Baseline,base,labor_cost_usd
216,8,226730.50193050195,480.0,Labor (Anesthetist),184352.64648230898,,diagnosis_base,Baseline,base,labor_cost_usd
216,9,226730.50193050195,480.0,Labor (Anesthetist),178983.1519245718,,diagnosis_base,Baseline,base,labor_cost_usd
216,10,226730.50193050195,480.0,Labor (Anesthetist),173770.05041220566,,diagnosis_base,Baseline,base,labor_cost_usd
217,1,226730.50193050195,480.0,Labor (Anesthetist),226730.50193050195,,diagnosis_base,Baseline,base,labor_cost_usd
217,2,226730.50193050195,480.0,Labor (Anesthetist),220126.70090339993,,diagnosis_base,Baseline,base,labor_cost_usd
217,3,226730.50193050195,480.0,Labor (Anesthetist),213715.24359553395,,diagnosis_base,Baseline,base,labor_cost_usd
217,4,226730.50193050195,480.0,Labor (Anesthetist),207490.5277626543,,diagnosis_base,Baseline,base,labor_cost_usd
217,5,226730.50193050195,480.0,Labor (Anesthetist),201447.11433267407,,diagnosis_base,Baseline,base,labor_cost_usd
217,6,226730.50193050195,480.0,Labor (Anesthetist),195579.7226530816,,diagnosis_base,Baseline,base,labor_cost_usd
217,7,226730.50193050195,480.0,Labor (Anesthetist),189883.22587677828,,diagnosis_base,Baseline,base,labor_cost_usd
217,8,226730.50193050195,480.0,Labor (Anesthetist),184352.64648230898,,diagnosis_base,Baseline,base,labor_cost_usd
217,9,226730.50193050195,480.0,Labor (Anesthetist),178983.1519245718,,diagnosis_base,Baseline,base,labor_cost_usd
217,10,226730.50193050195,480.0,Labor (Anesthetist),173770.05041220566,,diagnosis_base,Baseline,base,labor_cost_usd
218,1,226730.50193050195,480.0,Labor (Anesthetist),226730.50193050195,,diagnosis_base,Baseline,base,labor_cost_usd
218,2,226730.50193050195,480.0,Labor (Anesthetist),220126.70090339993,,diagnosis_base,Baseline,base,labor_cost_usd
218,3,226730.50193050195,480.0,Labor (Anesthetist),213715.24359553395,,diagnosis_base,Baseline,base,labor_cost_usd
218,4,226730.50193050195,480.0,Labor (Anesthetist),207490.5277626543,,diagnosis_base,Baseline,base,labor_cost_usd
218,5,226730.50193050195,480.0,Labor (Anesthetist),201447.11433267407,,diagnosis_base,Baseline,base,labor_cost_usd
218,6,226730.50193050195,480.0,Labor (Anesthetist),195579.7226530816,,diagnosis_base,Baseline,base,labor_cost_usd
218,7,226730.50193050195,480.0,Labor (Anesthetist),189883.22587677828,,diagnosis_base,Baseline,base,labor_cost_usd
218,8,226730.50193050195,480.0,Labor (Anesthetist),184352.64648230898,,diagnosis_base,Baseline,base,labor_cost_usd
218,9,226730.50193050195,480.0,Labor (Anesthetist),178983.1519245718,,diagnosis_base,Baseline,base,labor_cost_usd
218,10,226730.50193050195,480.0,Labor (Anesthetist),173770.05041220566,,diagnosis_base,Baseline,base,labor_cost_usd
219,1,226730.50193050195,480.0,Labor (Anesthetist),226730.50193050195,,diagnosis_base,Baseline,base,labor_cost_usd
219,2,226730.50193050195,480.0,Labor (Anesthetist),220126.70090339993,,diagnosis_base,Baseline,base,labor_cost_usd
219,3,226730.50193050195,480.0,Labor (Anesthetist),213715.24359553395,,diagnosis_base,Baseline,base,labor_cost_usd
219,4,226730.50193050195,480.0,Labor (Anesthetist),207490.5277626543,,diagnosis_base,Baseline,base,labor_cost_usd
219,5,226730.50193050195,480.0,Labor (Anesthetist),201447.11433267407,,diagnosis_base,Baseline,base,labor_cost_usd
219,6,226730.50193050195,480.0,Labor (Anesthetist),195579.7226530816,,diagnosis_base,Baseline,base,labor_cost_usd
219,7,226730.50193050195,480.0,Labor (Anesthetist),189883.22587677828,,diagnosis_base,Baseline,base,labor_cost_usd
219,8,226730.50193050195,480.0,Labor (Anesthetist),184352.64648230898,,diagnosis_base,Baseline,base,labor_cost_usd
219,9,226730.50193050195,480.0,Labor (Anesthetist),178983.1519245718,,diagnosis_base,Baseline,base,labor_cost_usd
219,10,226730.50193050195,480.0,Labor (Anesthetist),173770.05041220566,,diagnosis_base,Baseline,base,labor_cost_usd
220,1,226730.50193050195,480.0,Labor (Anesthetist),226730.50193050195,,diagnosis_base,Baseline,base,labor_cost_usd
220,2,226730.50193050195,480.0,Labor (Anesthetist),220126.70090339993,,diagnosis_base,Baseline,base,labor_cost_usd
220,3,226730.50193050195,480.0,Labor (Anesthetist),213715.24359553395,,diagnosis_base,Baseline,base,labor_cost_usd
220,4,226730.50193050195,480.0,Labor (Anesthetist),207490.5277626543,,diagnosis_base,Baseline,base,labor_cost_usd
220,5,226730.50193050195,480.0,Labor (Anesthetist),201447.11433267407,,diagnosis_base,Baseline,base,labor_cost_usd
220,6,226730.50193050195,480.0,Labor (Anesthetist),195579.7226530816,,diagnosis_base,Baseline,base,labor_cost_usd
220,7,226730.50193050195,480.0,Labor (Anesthetist),189883.22587677828,,diagnosis_base,Baseline,base,labor_cost_usd
220,8,226730.50193050195,480.0,Labor (Anesthetist),184352.64648230898,,diagnosis_base,Baseline,base,labor_cost_usd
220,9,226730.50193050195,480.0,Labor (Anesthetist),178983.1519245718,,diagnosis_base,Baseline,base,labor_cost_usd
220,10,226730.50193050195,480.0,Labor (Anesthetist),173770.05041220566,,diagnosis_base,Baseline,base,labor_cost_usd
221,1,226730.50193050195,480.0,Labor (Anesthetist),226730.50193050195,,diagnosis_base,Baseline,base,labor_cost_usd
221,2,226730.50193050195,480.0,Labor (Anesthetist),220126.70090339993,,diagnosis_base,Baseline,base,labor_cost_usd
221,3,226730.50193050195,480.0,Labor (Anesthetist),213715.24359553395,,diagnosis_base,Baseline,base,labor_cost_usd
221,4,226730.50193050195,480.0,Labor (Anesthetist),207490.5277626543,,diagnosis_base,Baseline,base,labor_cost_usd
221,5,226730.50193050195,480.0,Labor (Anesthetist),201447.11433267407,,diagnosis_base,Baseline,base,labor_cost_usd
221,6,226730.50193050195,480.0,Labor (Anesthetist),195579.7226530816,,diagnosis_base,Baseline,base,labor_cost_usd
221,7,226730.50193050195,480.0,Labor (Anesthetist),189883.22587677828,,diagnosis_base,Baseline,base,labor_cost_usd
221,8,226730.50193050195,480.0,Labor (Anesthetist),184352.64648230898,,diagnosis_base,Baseline,base,labor_cost_usd
221,9,226730.50193050195,480.0,Labor (Anesthetist),178983.1519245718,,diagnosis_base,Baseline,base,labor_cost_usd
221,10,226730.50193050195,480.0,Labor (Anesthetist),173770.05041220566,,diagnosis_base,Baseline,base,labor_cost_usd
222,1,226730.50193050195,480.0,Labor (Anesthetist),226730.50193050195,,diagnosis_base,Baseline,base,labor_cost_usd
222,2,226730.50193050195,480.0,Labor (Anesthetist),220126.70090339993,,diagnosis_base,Baseline,base,labor_cost_usd
222,3,226730.50193050195,480.0,Labor (Anesthetist),213715.24359553395,,diagnosis_base,Baseline,base,labor_cost_usd
222,4,226730.50193050195,480.0,Labor (Anesthetist),207490.5277626543,,diagnosis_base,Baseline,base,labor_cost_usd
222,5,226730.50193050195,480.0,Labor (Anesthetist),201447.11433267407,,diagnosis_base,Baseline,base,labor_cost_usd
222,6,226730.50193050195,480.0,Labor (Anesthetist),195579.7226530816,,diagnosis_base,Baseline,base,labor_cost_usd
222,7,226730.50193050195,480.0,Labor (Anesthetist),189883.22587677828,,diagnosis_base,Baseline,base,labor_cost_usd
222,8,226730.50193050195,480.0,Labor (Anesthetist),184352.64648230898,,diagnosis_base,Baseline,base,labor_cost_usd
222,9,226730.50193050195,480.0,Labor (Anesthetist),178983.1519245718,,diagnosis_base,Baseline,base,labor_cost_usd
222,10,226730.50193050195,480.0,Labor (Anesthetist),173770.05041220566,,diagnosis_base,Baseline,base,labor_cost_usd
223,1,226730.50193050195,480.0,Labor (Anesthetist),226730.50193050195,,diagnosis_base,Baseline,base,labor_cost_usd
223,2,226730.50193050195,480.0,Labor (Anesthetist),220126.70090339993,,diagnosis_base,Baseline,base,labor_cost_usd
223,3,226730.50193050195,480.0,Labor (Anesthetist),213715.24359553395,,diagnosis_base,Baseline,base,labor_cost_usd
223,4,226730.50193050195,480.0,Labor (Anesthetist),207490.5277626543,,diagnosis_base,Baseline,base,labor_cost_usd
223,5,226730.50193050195,480.0,Labor (Anesthetist),201447.11433267407,,diagnosis_base,Baseline,base,labor_cost_usd
223,6,226730.50193050195,480.0,Labor (Anesthetist),195579.7226530816,,diagnosis_base,Baseline,base,labor_cost_usd
223,7,226730.50193050195,480.0,Labor (Anesthetist),189883.22587677828,,diagnosis_base,Baseline,base,labor_cost_usd
223,8,226730.50193050195,480.0,Labor (Anesthetist),184352.64648230898,,diagnosis_base,Baseline,base,labor_cost_usd
223,9,226730.50193050195,480.0,Labor (Anesthetist),178983.1519245718,,diagnosis_base,Baseline,base,labor_cost_usd
223,10,226730.50193050195,480.0,Labor (Anesthetist),173770.05041220566,,diagnosis_base,Baseline,base,labor_cost_usd
224,1,226730.50193050195,480.0,Labor (Anesthetist),226730.50193050195,,diagnosis_base,Baseline,base,labor_cost_usd
224,2,226730.50193050195,480.0,Labor (Anesthetist),220126.70090339993,,diagnosis_base,Baseline,base,labor_cost_usd
224,3,226730.50193050195,480.0,Labor (Anesthetist),213715.24359553395,,diagnosis_base,Baseline,base,labor_cost_usd
224,4,226730.50193050195,480.0,Labor (Anesthetist),207490.5277626543,,diagnosis_base,Baseline,base,labor_cost_usd
224,5,226730.50193050195,480.0,Labor (Anesthetist),201447.11433267407,,diagnosis_base,Baseline,base,labor_cost_usd
224,6,226730.50193050195,480.0,Labor (Anesthetist),195579.7226530816,,diagnosis_base,Baseline,base,labor_cost_usd
224,7,226730.50193050195,480.0,Labor (Anesthetist),189883.22587677828,,diagnosis_base,Baseline,base,labor_cost_usd
224,8,226730.50193050195,480.0,Labor (Anesthetist),184352.64648230898,,diagnosis_base,Baseline,base,labor_cost_usd
224,9,226730.50193050195,480.0,Labor (Anesthetist),178983.1519245718,,diagnosis_base,Baseline,base,labor_cost_usd
224,10,226730.50193050195,480.0,Labor (Anesthetist),173770.05041220566,,diagnosis_base,Baseline,base,labor_cost_usd
225,1,226730.50193050195,480.0,Labor (Anesthetist),226730.50193050195,,diagnosis_base,Baseline,base,labor_cost_usd
225,2,226730.50193050195,480.0,Labor (Anesthetist),220126.70090339993,,diagnosis_base,Baseline,base,labor_cost_usd
225,3,226730.50193050195,480.0,Labor (Anesthetist),213715.24359553395,,diagnosis_base,Baseline,base,labor_cost_usd
225,4,226730.50193050195,480.0,Labor (Anesthetist),207490.5277626543,,diagnosis_base,Baseline,base,labor_cost_usd
225,5,226730.50193050195,480.0,Labor (Anesthetist),201447.11433267407,,diagnosis_base,Baseline,base,labor_cost_usd
225,6,226730.50193050195,480.0,Labor (Anesthetist),195579.7226530816,,diagnosis_base,Baseline,base,labor_cost_usd
225,7,226730.50193050195,480.0,Labor (Anesthetist),189883.22587677828,,diagnosis_base,Baseline,base,labor_cost_usd
225,8,226730.50193050195,480.0,Labor (Anesthetist),184352.64648230898,,diagnosis_base,Baseline,base,labor_cost_usd
225,9,226730.50193050195,480.0,Labor (Anesthetist),178983.1519245718,,diagnosis_base,Baseline,base,labor_cost_usd
225,10,226730.50193050195,480.0,Labor (Anesthetist),173770.05041220566,,diagnosis_base,Baseline,base,labor_cost_usd
226,1,226730.50193050195,480.0,Labor (Anesthetist),226730.50193050195,,diagnosis_base,Baseline,base,labor_cost_usd
226,2,226730.50193050195,480.0,Labor (Anesthetist),220126.70090339993,,diagnosis_base,Baseline,base,labor_cost_usd
226,3,226730.50193050195,480.0,Labor (Anesthetist),213715.24359553395,,diagnosis_base,Baseline,base,labor_cost_usd
226,4,226730.50193050195,480.0,Labor (Anesthetist),207490.5277626543,,diagnosis_base,Baseline,base,labor_cost_usd
226,5,226730.50193050195,480.0,Labor (Anesthetist),201447.11433267407,,diagnosis_base,Baseline,base,labor_cost_usd
226,6,226730.50193050195,480.0,Labor (Anesthetist),195579.7226530816,,diagnosis_base,Baseline,base,labor_cost_usd
226,7,226730.50193050195,480.0,Labor (Anesthetist),189883.22587677828,,diagnosis_base,Baseline,base,labor_cost_usd
226,8,226730.50193050195,480.0,Labor (Anesthetist),184352.64648230898,,diagnosis_base,Baseline,base,labor_cost_usd
226,9,226730.50193050195,480.0,Labor (Anesthetist),178983.1519245718,,diagnosis_base,Baseline,base,labor_cost_usd
226,10,226730.50193050195,480.0,Labor (Anesthetist),173770.05041220566,,diagnosis_base,Baseline,base,labor_cost_usd
227,1,226730.50193050195,480.0,Labor (Anesthetist),226730.50193050195,,diagnosis_base,Baseline,base,labor_cost_usd
227,2,226730.50193050195,480.0,Labor (Anesthetist),220126.70090339993,,diagnosis_base,Baseline,base,labor_cost_usd
227,3,226730.50193050195,480.0,Labor (Anesthetist),213715.24359553395,,diagnosis_base,Baseline,base,labor_cost_usd
227,4,226730.50193050195,480.0,Labor (Anesthetist),207490.5277626543,,diagnosis_base,Baseline,base,labor_cost_usd
227,5,226730.50193050195,480.0,Labor (Anesthetist),201447.11433267407,,diagnosis_base,Baseline,base,labor_cost_usd
227,6,226730.50193050195,480.0,Labor (Anesthetist),195579.7226530816,,diagnosis_base,Baseline,base,labor_cost_usd
227,7,226730.50193050195,480.0,Labor (Anesthetist),189883.22587677828,,diagnosis_base,Baseline,base,labor_cost_usd
227,8,226730.50193050195,480.0,Labor (Anesthetist),184352.64648230898,,diagnosis_base,Baseline,base,labor_cost_usd
227,9,226730.50193050195,480.0,Labor (Anesthetist),178983.1519245718,,diagnosis_base,Baseline,base,labor_cost_usd
227,10,226730.50193050195,480.0,Labor (Anesthetist),173770.05041220566,,diagnosis_base,Baseline,base,labor_cost_usd
228,1,226730.50193050195,480.0,Labor (Anesthetist),226730.50193050195,,diagnosis_base,Baseline,base,labor_cost_usd
228,2,226730.50193050195,480.0,Labor (Anesthetist),220126.70090339993,,diagnosis_base,Baseline,base,labor_cost_usd
228,3,226730.50193050195,480.0,Labor (Anesthetist),213715.24359553395,,diagnosis_base,Baseline,base,labor_cost_usd
228,4,226730.50193050195,480.0,Labor (Anesthetist),207490.5277626543,,diagnosis_base,Baseline,base,labor_cost_usd
228,5,226730.50193050195,480.0,Labor (Anesthetist),201447.11433267407,,diagnosis_base,Baseline,base,labor_cost_usd
228,6,226730.50193050195,480.0,Labor (Anesthetist),195579.7226530816,,diagnosis_base,Baseline,base,labor_cost_usd
228,7,226730.50193050195,480.0,Labor (Anesthetist),189883.22587677828,,diagnosis_base,Baseline,base,labor_cost_usd
228,8,226730.50193050195,480.0,Labor (Anesthetist),184352.64648230898,,diagnosis_base,Baseline,base,labor_cost_usd
228,9,226730.50193050195,480.0,Labor (Anesthetist),178983.1519245718,,diagnosis_base,Baseline,base,labor_cost_usd
228,10,226730.50193050195,480.0,Labor (Anesthetist),173770.05041220566,,diagnosis_base,Baseline,base,labor_cost_usd
229,1,226730.50193050195,480.0,Labor (Anesthetist),226730.50193050195,,diagnosis_base,Baseline,base,labor_cost_usd
229,2,226730.50193050195,480.0,Labor (Anesthetist),220126.70090339993,,diagnosis_base,Baseline,base,labor_cost_usd
229,3,226730.50193050195,480.0,Labor (Anesthetist),213715.24359553395,,diagnosis_base,Baseline,base,labor_cost_usd
229,4,226730.50193050195,480.0,Labor (Anesthetist),207490.5277626543,,diagnosis_base,Baseline,base,labor_cost_usd
229,5,226730.50193050195,480.0,Labor (Anesthetist),201447.11433267407,,diagnosis_base,Baseline,base,labor_cost_usd
229,6,226730.50193050195,480.0,Labor (Anesthetist),195579.7226530816,,diagnosis_base,Baseline,base,labor_cost_usd
229,7,226730.50193050195,480.0,Labor (Anesthetist),189883.22587677828,,diagnosis_base,Baseline,base,labor_cost_usd
229,8,226730.50193050195,480.0,Labor (Anesthetist),184352.64648230898,,diagnosis_base,Baseline,base,labor_cost_usd
229,9,226730.50193050195,480.0,Labor (Anesthetist),178983.1519245718,,diagnosis_base,Baseline,base,labor_cost_usd
229,10,226730.50193050195,480.0,Labor (Anesthetist),173770.05041220566,,diagnosis_base,Baseline,base,labor_cost_usd
230,1,226730.50193050195,480.0,Labor (Anesthetist),226730.50193050195,,diagnosis_base,Baseline,base,labor_cost_usd
230,2,226730.50193050195,480.0,Labor (Anesthetist),220126.70090339993,,diagnosis_base,Baseline,base,labor_cost_usd
230,3,226730.50193050195,480.0,Labor (Anesthetist),213715.24359553395,,diagnosis_base,Baseline,base,labor_cost_usd
230,4,226730.50193050195,480.0,Labor (Anesthetist),207490.5277626543,,diagnosis_base,Baseline,base,labor_cost_usd
230,5,226730.50193050195,480.0,Labor (Anesthetist),201447.11433267407,,diagnosis_base,Baseline,base,labor_cost_usd
230,6,226730.50193050195,480.0,Labor (Anesthetist),195579.7226530816,,diagnosis_base,Baseline,base,labor_cost_usd
230,7,226730.50193050195,480.0,Labor (Anesthetist),189883.22587677828,,diagnosis_base,Baseline,base,labor_cost_usd
230,8,226730.50193050195,480.0,Labor (Anesthetist),184352.64648230898,,diagnosis_base,Baseline,base,labor_cost_usd
230,9,226730.50193050195,480.0,Labor (Anesthetist),178983.1519245718,,diagnosis_base,Baseline,base,labor_cost_usd
230,10,226730.50193050195,480.0,Labor (Anesthetist),173770.05041220566,,diagnosis_base,Baseline,base,labor_cost_usd
231,1,226730.50193050195,480.0,Labor (Anesthetist),226730.50193050195,,diagnosis_base,Baseline,base,labor_cost_usd
231,2,226730.50193050195,480.0,Labor (Anesthetist),220126.70090339993,,diagnosis_base,Baseline,base,labor_cost_usd
231,3,226730.50193050195,480.0,Labor (Anesthetist),213715.24359553395,,diagnosis_base,Baseline,base,labor_cost_usd
231,4,226730.50193050195,480.0,Labor (Anesthetist),207490.5277626543,,diagnosis_base,Baseline,base,labor_cost_usd
231,5,226730.50193050195,480.0,Labor (Anesthetist),201447.11433267407,,diagnosis_base,Baseline,base,labor_cost_usd
231,6,226730.50193050195,480.0,Labor (Anesthetist),195579.7226530816,,diagnosis_base,Baseline,base,labor_cost_usd
231,7,226730.50193050195,480.0,Labor (Anesthetist),189883.22587677828,,diagnosis_base,Baseline,base,labor_cost_usd
231,8,226730.50193050195,480.0,Labor (Anesthetist),184352.64648230898,,diagnosis_base,Baseline,base,labor_cost_usd
231,9,226730.50193050195,480.0,Labor (Anesthetist),178983.1519245718,,diagnosis_base,Baseline,base,labor_cost_usd
231,10,226730.50193050195,480.0,Labor (Anesthetist),173770.05041220566,,diagnosis_base,Baseline,base,labor_cost_usd
232,1,226730.50193050195,480.0,Labor (Anesthetist),226730.50193050195,,diagnosis_base,Baseline,base,labor_cost_usd
232,2,226730.50193050195,480.0,Labor (Anesthetist),220126.70090339993,,diagnosis_base,Baseline,base,labor_cost_usd
232,3,226730.50193050195,480.0,Labor (Anesthetist),213715.24359553395,,diagnosis_base,Baseline,base,labor_cost_usd
232,4,226730.50193050195,480.0,Labor (Anesthetist),207490.5277626543,,diagnosis_base,Baseline,base,labor_cost_usd
232,5,226730.50193050195,480.0,Labor (Anesthetist),201447.11433267407,,diagnosis_base,Baseline,base,labor_cost_usd
232,6,226730.50193050195,480.0,Labor (Anesthetist),195579.7226530816,,diagnosis_base,Baseline,base,labor_cost_usd
232,7,226730.50193050195,480.0,Labor (Anesthetist),189883.22587677828,,diagnosis_base,Baseline,base,labor_cost_usd
232,8,226730.50193050195,480.0,Labor (Anesthetist),184352.64648230898,,diagnosis_base,Baseline,base,labor_cost_usd
232,9,226730.50193050195,480.0,Labor (Anesthetist),178983.1519245718,,diagnosis_base,Baseline,base,labor_cost_usd
232,10,226730.50193050195,480.0,Labor (Anesthetist),173770.05041220566,,diagnosis_base,Baseline,base,labor_cost_usd
233,1,226730.50193050195,480.0,Labor (Anesthetist),226730.50193050195,,diagnosis_base,Baseline,base,labor_cost_usd
233,2,226730.50193050195,480.0,Labor (Anesthetist),220126.70090339993,,diagnosis_base,Baseline,base,labor_cost_usd
233,3,226730.50193050195,480.0,Labor (Anesthetist),213715.24359553395,,diagnosis_base,Baseline,base,labor_cost_usd
233,4,226730.50193050195,480.0,Labor (Anesthetist),207490.5277626543,,diagnosis_base,Baseline,base,labor_cost_usd
233,5,226730.50193050195,480.0,Labor (Anesthetist),201447.11433267407,,diagnosis_base,Baseline,base,labor_cost_usd
233,6,226730.50193050195,480.0,Labor (Anesthetist),195579.7226530816,,diagnosis_base,Baseline,base,labor_cost_usd
233,7,226730.50193050195,480.0,Labor (Anesthetist),189883.22587677828,,diagnosis_base,Baseline,base,labor_cost_usd
233,8,226730.50193050195,480.0,Labor (Anesthetist),184352.64648230898,,diagnosis_base,Baseline,base,labor_cost_usd
233,9,226730.50193050195,480.0,Labor (Anesthetist),178983.1519245718,,diagnosis_base,Baseline,base,labor_cost_usd
233,10,226730.50193050195,480.0,Labor (Anesthetist),173770.05041220566,,diagnosis_base,Baseline,base,labor_cost_usd
234,1,226730.50193050195,480.0,Labor (Anesthetist),226730.50193050195,,diagnosis_base,Baseline,base,labor_cost_usd
234,2,226730.50193050195,480.0,Labor (Anesthetist),220126.70090339993,,diagnosis_base,Baseline,base,labor_cost_usd
234,3,226730.50193050195,480.0,Labor (Anesthetist),213715.24359553395,,diagnosis_base,Baseline,base,labor_cost_usd
234,4,226730.50193050195,480.0,Labor (Anesthetist),207490.5277626543,,diagnosis_base,Baseline,base,labor_cost_usd
234,5,226730.50193050195,480.0,Labor (Anesthetist),201447.11433267407,,diagnosis_base,Baseline,base,labor_cost_usd
234,6,226730.50193050195,480.0,Labor (Anesthetist),195579.7226530816,,diagnosis_base,Baseline,base,labor_cost_usd
234,7,226730.50193050195,480.0,Labor (Anesthetist),189883.22587677828,,diagnosis_base,Baseline,base,labor_cost_usd
234,8,226730.50193050195,480.0,Labor (Anesthetist),184352.64648230898,,diagnosis_base,Baseline,base,labor_cost_usd
234,9,226730.50193050195,480.0,Labor (Anesthetist),178983.1519245718,,diagnosis_base,Baseline,base,labor_cost_usd
234,10,226730.50193050195,480.0,Labor (Anesthetist),173770.05041220566,,diagnosis_base,Baseline,base,labor_cost_usd
235,1,226730.50193050195,480.0,Labor (Anesthetist),226730.50193050195,,diagnosis_base,Baseline,base,labor_cost_usd
235,2,226730.50193050195,480.0,Labor (Anesthetist),220126.70090339993,,diagnosis_base,Baseline,base,labor_cost_usd
235,3,226730.50193050195,480.0,Labor (Anesthetist),213715.24359553395,,diagnosis_base,Baseline,base,labor_cost_usd
235,4,226730.50193050195,480.0,Labor (Anesthetist),207490.5277626543,,diagnosis_base,Baseline,base,labor_cost_usd
235,5,226730.50193050195,480.0,Labor (Anesthetist),201447.11433267407,,diagnosis_base,Baseline,base,labor_cost_usd
235,6,226730.50193050195,480.0,Labor (Anesthetist),195579.7226530816,,diagnosis_base,Baseline,base,labor_cost_usd
235,7,226730.50193050195,480.0,Labor (Anesthetist),189883.22587677828,,diagnosis_base,Baseline,base,labor_cost_usd
235,8,226730.50193050195,480.0,Labor (Anesthetist),184352.64648230898,,diagnosis_base,Baseline,base,labor_cost_usd
235,9,226730.50193050195,480.0,Labor (Anesthetist),178983.1519245718,,diagnosis_base,Baseline,base,labor_cost_usd
235,10,226730.50193050195,480.0,Labor (Anesthetist),173770.05041220566,,diagnosis_base,Baseline,base,labor_cost_usd
236,1,226730.50193050195,480.0,Labor (Anesthetist),226730.50193050195,,diagnosis_base,Baseline,base,labor_cost_usd
236,2,226730.50193050195,480.0,Labor (Anesthetist),220126.70090339993,,diagnosis_base,Baseline,base,labor_cost_usd
236,3,226730.50193050195,480.0,Labor (Anesthetist),213715.24359553395,,diagnosis_base,Baseline,base,labor_cost_usd
236,4,226730.50193050195,480.0,Labor (Anesthetist),207490.5277626543,,diagnosis_base,Baseline,base,labor_cost_usd
236,5,226730.50193050195,480.0,Labor (Anesthetist),201447.11433267407,,diagnosis_base,Baseline,base,labor_cost_usd
236,6,226730.50193050195,480.0,Labor (Anesthetist),195579.7226530816,,diagnosis_base,Baseline,base,labor_cost_usd
236,7,226730.50193050195,480.0,Labor (Anesthetist),189883.22587677828,,diagnosis_base,Baseline,base,labor_cost_usd
236,8,226730.50193050195,480.0,Labor (Anesthetist),184352.64648230898,,diagnosis_base,Baseline,base,labor_cost_usd
236,9,226730.50193050195,480.0,Labor (Anesthetist),178983.1519245718,,diagnosis_base,Baseline,base,labor_cost_usd
236,10,226730.50193050195,480.0,Labor (Anesthetist),173770.05041220566,,diagnosis_base,Baseline,base,labor_cost_usd
237,1,226730.50193050195,480.0,Labor (Anesthetist),226730.50193050195,,diagnosis_base,Baseline,base,labor_cost_usd
237,2,226730.50193050195,480.0,Labor (Anesthetist),220126.70090339993,,diagnosis_base,Baseline,base,labor_cost_usd
237,3,226730.50193050195,480.0,Labor (Anesthetist),213715.24359553395,,diagnosis_base,Baseline,base,labor_cost_usd
237,4,226730.50193050195,480.0,Labor (Anesthetist),207490.5277626543,,diagnosis_base,Baseline,base,labor_cost_usd
237,5,226730.50193050195,480.0,Labor (Anesthetist),201447.11433267407,,diagnosis_base,Baseline,base,labor_cost_usd
237,6,226730.50193050195,480.0,Labor (Anesthetist),195579.7226530816,,diagnosis_base,Baseline,base,labor_cost_usd
237,7,226730.50193050195,480.0,Labor (Anesthetist),189883.22587677828,,diagnosis_base,Baseline,base,labor_cost_usd
237,8,226730.50193050195,480.0,Labor (Anesthetist),184352.64648230898,,diagnosis_base,Baseline,base,labor_cost_usd
237,9,226730.50193050195,480.0,Labor (Anesthetist),178983.1519245718,,diagnosis_base,Baseline,base,labor_cost_usd
237,10,226730.50193050195,480.0,Labor (Anesthetist),173770.05041220566,,diagnosis_base,Baseline,base,labor_cost_usd
238,1,226730.50193050195,480.0,Labor (Anesthetist),226730.50193050195,,diagnosis_base,Baseline,base,labor_cost_usd
238,2,226730.50193050195,480.0,Labor (Anesthetist),220126.70090339993,,diagnosis_base,Baseline,base,labor_cost_usd
238,3,226730.50193050195,480.0,Labor (Anesthetist),213715.24359553395,,diagnosis_base,Baseline,base,labor_cost_usd
238,4,226730.50193050195,480.0,Labor (Anesthetist),207490.5277626543,,diagnosis_base,Baseline,base,labor_cost_usd
238,5,226730.50193050195,480.0,Labor (Anesthetist),201447.11433267407,,diagnosis_base,Baseline,base,labor_cost_usd
238,6,226730.50193050195,480.0,Labor (Anesthetist),195579.7226530816,,diagnosis_base,Baseline,base,labor_cost_usd
238,7,226730.50193050195,480.0,Labor (Anesthetist),189883.22587677828,,diagnosis_base,Baseline,base,labor_cost_usd
238,8,226730.50193050195,480.0,Labor (Anesthetist),184352.64648230898,,diagnosis_base,Baseline,base,labor_cost_usd
238,9,226730.50193050195,480.0,Labor (Anesthetist),178983.1519245718,,diagnosis_base,Baseline,base,labor_cost_usd
238,10,226730.50193050195,480.0,Labor (Anesthetist),173770.05041220566,,diagnosis_base,Baseline,base,labor_cost_usd
239,1,226730.50193050195,480.0,Labor (Anesthetist),226730.50193050195,,diagnosis_base,Baseline,base,labor_cost_usd
239,2,226730.50193050195,480.0,Labor (Anesthetist),220126.70090339993,,diagnosis_base,Baseline,base,labor_cost_usd
239,3,226730.50193050195,480.0,Labor (Anesthetist),213715.24359553395,,diagnosis_base,Baseline,base,labor_cost_usd
239,4,226730.50193050195,480.0,Labor (Anesthetist),207490.5277626543,,diagnosis_base,Baseline,base,labor_cost_usd
239,5,226730.50193050195,480.0,Labor (Anesthetist),201447.11433267407,,diagnosis_base,Baseline,base,labor_cost_usd
239,6,226730.50193050195,480.0,Labor (Anesthetist),195579.7226530816,,diagnosis_base,Baseline,base,labor_cost_usd
239,7,226730.50193050195,480.0,Labor (Anesthetist),189883.22587677828,,diagnosis_base,Baseline,base,labor_cost_usd
239,8,226730.50193050195,480.0,Labor (Anesthetist),184352.64648230898,,diagnosis_base,Baseline,base,labor_cost_usd
239,9,226730.50193050195,480.0,Labor (Anesthetist),178983.1519245718,,diagnosis_base,Baseline,base,labor_cost_usd
239,10,226730.50193050195,480.0,Labor (Anesthetist),173770.05041220566,,diagnosis_base,Baseline,base,labor_cost_usd
240,1,226730.50193050195,480.0,Labor (Anesthetist),226730.50193050195,,diagnosis_base,Baseline,base,labor_cost_usd
240,2,226730.50193050195,480.0,Labor (Anesthetist),220126.70090339993,,diagnosis_base,Baseline,base,labor_cost_usd
240,3,226730.50193050195,480.0,Labor (Anesthetist),213715.24359553395,,diagnosis_base,Baseline,base,labor_cost_usd
240,4,226730.50193050195,480.0,Labor (Anesthetist),207490.5277626543,,diagnosis_base,Baseline,base,labor_cost_usd
240,5,226730.50193050195,480.0,Labor (Anesthetist),201447.11433267407,,diagnosis_base,Baseline,base,labor_cost_usd
240,6,226730.50193050195,480.0,Labor (Anesthetist),195579.7226530816,,diagnosis_base,Baseline,base,labor_cost_usd
240,7,226730.50193050195,480.0,Labor (Anesthetist),189883.22587677828,,diagnosis_base,Baseline,base,labor_cost_usd
240,8,226730.50193050195,480.0,Labor (Anesthetist),184352.64648230898,,diagnosis_base,Baseline,base,labor_cost_usd
240,9,226730.50193050195,480.0,Labor (Anesthetist),178983.1519245718,,diagnosis_base,Baseline,base,labor_cost_usd
240,10,226730.50193050195,480.0,Labor (Anesthetist),173770.05041220566,,diagnosis_base,Baseline,base,labor_cost_usd
241,1,226730.50193050195,480.0,Labor (Anesthetist),226730.50193050195,,diagnosis_base,Baseline,base,labor_cost_usd
241,2,226730.50193050195,480.0,Labor (Anesthetist),220126.70090339993,,diagnosis_base,Baseline,base,labor_cost_usd
241,3,226730.50193050195,480.0,Labor (Anesthetist),213715.24359553395,,diagnosis_base,Baseline,base,labor_cost_usd
241,4,226730.50193050195,480.0,Labor (Anesthetist),207490.5277626543,,diagnosis_base,Baseline,base,labor_cost_usd
241,5,226730.50193050195,480.0,Labor (Anesthetist),201447.11433267407,,diagnosis_base,Baseline,base,labor_cost_usd
241,6,226730.50193050195,480.0,Labor (Anesthetist),195579.7226530816,,diagnosis_base,Baseline,base,labor_cost_usd
241,7,226730.50193050195,480.0,Labor (Anesthetist),189883.22587677828,,diagnosis_base,Baseline,base,labor_cost_usd
241,8,226730.50193050195,480.0,Labor (Anesthetist),184352.64648230898,,diagnosis_base,Baseline,base,labor_cost_usd
241,9,226730.50193050195,480.0,Labor (Anesthetist),178983.1519245718,,diagnosis_base,Baseline,base,labor_cost_usd
241,10,226730.50193050195,480.0,Labor (Anesthetist),173770.05041220566,,diagnosis_base,Baseline,base,labor_cost_usd
242,1,226730.50193050195,480.0,Labor (Anesthetist),226730.50193050195,,diagnosis_base,Baseline,base,labor_cost_usd
242,2,226730.50193050195,480.0,Labor (Anesthetist),220126.70090339993,,diagnosis_base,Baseline,base,labor_cost_usd
242,3,226730.50193050195,480.0,Labor (Anesthetist),213715.24359553395,,diagnosis_base,Baseline,base,labor_cost_usd
242,4,226730.50193050195,480.0,Labor (Anesthetist),207490.5277626543,,diagnosis_base,Baseline,base,labor_cost_usd
242,5,226730.50193050195,480.0,Labor (Anesthetist),201447.11433267407,,diagnosis_base,Baseline,base,labor_cost_usd
242,6,226730.50193050195,480.0,Labor (Anesthetist),195579.7226530816,,diagnosis_base,Baseline,base,labor_cost_usd
242,7,226730.50193050195,480.0,Labor (Anesthetist),189883.22587677828,,diagnosis_base,Baseline,base,labor_cost_usd
242,8,226730.50193050195,480.0,Labor (Anesthetist),184352.64648230898,,diagnosis_base,Baseline,base,labor_cost_usd
242,9,226730.50193050195,480.0,Labor (Anesthetist),178983.1519245718,,diagnosis_base,Baseline,base,labor_cost_usd
242,10,226730.50193050195,480.0,Labor (Anesthetist),173770.05041220566,,diagnosis_base,Baseline,base,labor_cost_usd
243,1,226730.50193050195,480.0,Labor (Anesthetist),226730.50193050195,,diagnosis_base,Baseline,base,labor_cost_usd
243,2,226730.50193050195,480.0,Labor (Anesthetist),220126.70090339993,,diagnosis_base,Baseline,base,labor_cost_usd
243,3,226730.50193050195,480.0,Labor (Anesthetist),213715.24359553395,,diagnosis_base,Baseline,base,labor_cost_usd
243,4,226730.50193050195,480.0,Labor (Anesthetist),207490.5277626543,,diagnosis_base,Baseline,base,labor_cost_usd
243,5,226730.50193050195,480.0,Labor (Anesthetist),201447.11433267407,,diagnosis_base,Baseline,base,labor_cost_usd
243,6,226730.50193050195,480.0,Labor (Anesthetist),195579.7226530816,,diagnosis_base,Baseline,base,labor_cost_usd
243,7,226730.50193050195,480.0,Labor (Anesthetist),189883.22587677828,,diagnosis_base,Baseline,base,labor_cost_usd
243,8,226730.50193050195,480.0,Labor (Anesthetist),184352.64648230898,,diagnosis_base,Baseline,base,labor_cost_usd
243,9,226730.50193050195,480.0,Labor (Anesthetist),178983.1519245718,,diagnosis_base,Baseline,base,labor_cost_usd
243,10,226730.50193050195,480.0,Labor (Anesthetist),173770.05041220566,,diagnosis_base,Baseline,base,labor_cost_usd
244,1,226730.50193050195,480.0,Labor (Anesthetist),226730.50193050195,,diagnosis_base,Baseline,base,labor_cost_usd
244,2,226730.50193050195,480.0,Labor (Anesthetist),220126.70090339993,,diagnosis_base,Baseline,base,labor_cost_usd
244,3,226730.50193050195,480.0,Labor (Anesthetist),213715.24359553395,,diagnosis_base,Baseline,base,labor_cost_usd
244,4,226730.50193050195,480.0,Labor (Anesthetist),207490.5277626543,,diagnosis_base,Baseline,base,labor_cost_usd
244,5,226730.50193050195,480.0,Labor (Anesthetist),201447.11433267407,,diagnosis_base,Baseline,base,labor_cost_usd
244,6,226730.50193050195,480.0,Labor (Anesthetist),195579.7226530816,,diagnosis_base,Baseline,base,labor_cost_usd
244,7,226730.50193050195,480.0,Labor (Anesthetist),189883.22587677828,,diagnosis_base,Baseline,base,labor_cost_usd
244,8,226730.50193050195,480.0,Labor (Anesthetist),184352.64648230898,,diagnosis_base,Baseline,base,labor_cost_usd
244,9,226730.50193050195,480.0,Labor (Anesthetist),178983.1519245718,,diagnosis_base,Baseline,base,labor_cost_usd
244,10,226730.50193050195,480.0,Labor (Anesthetist),173770.05041220566,,diagnosis_base,Baseline,base,labor_cost_usd
245,1,226730.50193050195,480.0,Labor (Anesthetist),226730.50193050195,,diagnosis_base,Baseline,base,labor_cost_usd
245,2,226730.50193050195,480.0,Labor (Anesthetist),220126.70090339993,,diagnosis_base,Baseline,base,labor_cost_usd
245,3,226730.50193050195,480.0,Labor (Anesthetist),213715.24359553395,,diagnosis_base,Baseline,base,labor_cost_usd
245,4,226730.50193050195,480.0,Labor (Anesthetist),207490.5277626543,,diagnosis_base,Baseline,base,labor_cost_usd
245,5,226730.50193050195,480.0,Labor (Anesthetist),201447.11433267407,,diagnosis_base,Baseline,base,labor_cost_usd
245,6,226730.50193050195,480.0,Labor (Anesthetist),195579.7226530816,,diagnosis_base,Baseline,base,labor_cost_usd
245,7,226730.50193050195,480.0,Labor (Anesthetist),189883.22587677828,,diagnosis_base,Baseline,base,labor_cost_usd
245,8,226730.50193050195,480.0,Labor (Anesthetist),184352.64648230898,,diagnosis_base,Baseline,base,labor_cost_usd
245,9,226730.50193050195,480.0,Labor (Anesthetist),178983.1519245718,,diagnosis_base,Baseline,base,labor_cost_usd
245,10,226730.50193050195,480.0,Labor (Anesthetist),173770.05041220566,,diagnosis_base,Baseline,base,labor_cost_usd
246,1,226730.50193050195,480.0,Labor (Anesthetist),226730.50193050195,,diagnosis_base,Baseline,base,labor_cost_usd
246,2,226730.50193050195,480.0,Labor (Anesthetist),220126.70090339993,,diagnosis_base,Baseline,base,labor_cost_usd
246,3,226730.50193050195,480.0,Labor (Anesthetist),213715.24359553395,,diagnosis_base,Baseline,base,labor_cost_usd
246,4,226730.50193050195,480.0,Labor (Anesthetist),207490.5277626543,,diagnosis_base,Baseline,base,labor_cost_usd
246,5,226730.50193050195,480.0,Labor (Anesthetist),201447.11433267407,,diagnosis_base,Baseline,base,labor_cost_usd
246,6,226730.50193050195,480.0,Labor (Anesthetist),195579.7226530816,,diagnosis_base,Baseline,base,labor_cost_usd
246,7,226730.50193050195,480.0,Labor (Anesthetist),189883.22587677828,,diagnosis_base,Baseline,base,labor_cost_usd
246,8,226730.50193050195,480.0,Labor (Anesthetist),184352.64648230898,,diagnosis_base,Baseline,base,labor_cost_usd
246,9,226730.50193050195,480.0,Labor (Anesthetist),178983.1519245718,,diagnosis_base,Baseline,base,labor_cost_usd
246,10,226730.50193050195,480.0,Labor (Anesthetist),173770.05041220566,,diagnosis_base,Baseline,base,labor_cost_usd
247,1,226730.50193050195,480.0,Labor (Anesthetist),226730.50193050195,,diagnosis_base,Baseline,base,labor_cost_usd
247,2,226730.50193050195,480.0,Labor (Anesthetist),220126.70090339993,,diagnosis_base,Baseline,base,labor_cost_usd
247,3,226730.50193050195,480.0,Labor (Anesthetist),213715.24359553395,,diagnosis_base,Baseline,base,labor_cost_usd
247,4,226730.50193050195,480.0,Labor (Anesthetist),207490.5277626543,,diagnosis_base,Baseline,base,labor_cost_usd
247,5,226730.50193050195,480.0,Labor (Anesthetist),201447.11433267407,,diagnosis_base,Baseline,base,labor_cost_usd
247,6,226730.50193050195,480.0,Labor (Anesthetist),195579.7226530816,,diagnosis_base,Baseline,base,labor_cost_usd
247,7,226730.50193050195,480.0,Labor (Anesthetist),189883.22587677828,,diagnosis_base,Baseline,base,labor_cost_usd
247,8,226730.50193050195,480.0,Labor (Anesthetist),184352.64648230898,,diagnosis_base,Baseline,base,labor_cost_usd
247,9,226730.50193050195,480.0,Labor (Anesthetist),178983.1519245718,,diagnosis_base,Baseline,base,labor_cost_usd
247,10,226730.50193050195,480.0,Labor (Anesthetist),173770.05041220566,,diagnosis_base,Baseline,base,labor_cost_usd
248,1,226730.50193050195,480.0,Labor (Anesthetist),226730.50193050195,,diagnosis_base,Baseline,base,labor_cost_usd
248,2,226730.50193050195,480.0,Labor (Anesthetist),220126.70090339993,,diagnosis_base,Baseline,base,labor_cost_usd
248,3,226730.50193050195,480.0,Labor (Anesthetist),213715.24359553395,,diagnosis_base,Baseline,base,labor_cost_usd
248,4,226730.50193050195,480.0,Labor (Anesthetist),207490.5277626543,,diagnosis_base,Baseline,base,labor_cost_usd
248,5,226730.50193050195,480.0,Labor (Anesthetist),201447.11433267407,,diagnosis_base,Baseline,base,labor_cost_usd
248,6,226730.50193050195,480.0,Labor (Anesthetist),195579.7226530816,,diagnosis_base,Baseline,base,labor_cost_usd
248,7,226730.50193050195,480.0,Labor (Anesthetist),189883.22587677828,,diagnosis_base,Baseline,base,labor_cost_usd
248,8,226730.50193050195,480.0,Labor (Anesthetist),184352.64648230898,,diagnosis_base,Baseline,base,labor_cost_usd
248,9,226730.50193050195,480.0,Labor (Anesthetist),178983.1519245718,,diagnosis_base,Baseline,base,labor_cost_usd
248,10,226730.50193050195,480.0,Labor (Anesthetist),173770.05041220566,,diagnosis_base,Baseline,base,labor_cost_usd
249,1,226730.50193050195,480.0,Labor (Anesthetist),226730.50193050195,,diagnosis_base,Baseline,base,labor_cost_usd
249,2,226730.50193050195,480.0,Labor (Anesthetist),220126.70090339993,,diagnosis_base,Baseline,base,labor_cost_usd
249,3,226730.50193050195,480.0,Labor (Anesthetist),213715.24359553395,,diagnosis_base,Baseline,base,labor_cost_usd
249,4,226730.50193050195,480.0,Labor (Anesthetist),207490.5277626543,,diagnosis_base,Baseline,base,labor_cost_usd
249,5,226730.50193050195,480.0,Labor (Anesthetist),201447.11433267407,,diagnosis_base,Baseline,base,labor_cost_usd
249,6,226730.50193050195,480.0,Labor (Anesthetist),195579.7226530816,,diagnosis_base,Baseline,base,labor_cost_usd
249,7,226730.50193050195,480.0,Labor (Anesthetist),189883.22587677828,,diagnosis_base,Baseline,base,labor_cost_usd
249,8,226730.50193050195,480.0,Labor (Anesthetist),184352.64648230898,,diagnosis_base,Baseline,base,labor_cost_usd
249,9,226730.50193050195,480.0,Labor (Anesthetist),178983.1519245718,,diagnosis_base,Baseline,base,labor_cost_usd
249,10,226730.50193050195,480.0,Labor (Anesthetist),173770.05041220566,,diagnosis_base,Baseline,base,labor_cost_usd
250,1,226730.50193050195,480.0,Labor (Anesthetist),226730.50193050195,,diagnosis_base,Baseline,base,labor_cost_usd
250,2,226730.50193050195,480.0,Labor (Anesthetist),220126.70090339993,,diagnosis_base,Baseline,base,labor_cost_usd
250,3,226730.50193050195,480.0,Labor (Anesthetist),213715.24359553395,,diagnosis_base,Baseline,base,labor_cost_usd
250,4,226730.50193050195,480.0,Labor (Anesthetist),207490.5277626543,,diagnosis_base,Baseline,base,labor_cost_usd
250,5,226730.50193050195,480.0,Labor (Anesthetist),201447.11433267407,,diagnosis_base,Baseline,base,labor_cost_usd
250,6,226730.50193050195,480.0,Labor (Anesthetist),195579.7226530816,,diagnosis_base,Baseline,base,labor_cost_usd
250,7,226730.50193050195,480.0,Labor (Anesthetist),189883.22587677828,,diagnosis_base,Baseline,base,labor_cost_usd
250,8,226730.50193050195,480.0,Labor (Anesthetist),184352.64648230898,,diagnosis_base,Baseline,base,labor_cost_usd
250,9,226730.50193050195,480.0,Labor (Anesthetist),178983.1519245718,,diagnosis_base,Baseline,base,labor_cost_usd
250,10,226730.50193050195,480.0,Labor (Anesthetist),173770.05041220566,,diagnosis_base,Baseline,base,labor_cost_usd
201,1,233157.36380458658,199.0,Infrastructure,233157.36380458658,,diagnosis_base,Baseline,base,equipment_cost_usd
201,2,233157.36380458658,199.0,Infrastructure,226366.37262581222,,diagnosis_base,Baseline,base,equipment_cost_usd
201,3,233157.36380458658,199.0,Infrastructure,219773.1773066138,,diagnosis_base,Baseline,base,equipment_cost_usd
201,4,233157.36380458658,199.0,Infrastructure,213372.01680253766,,diagnosis_base,Baseline,base,equipment_cost_usd
201,5,233157.36380458658,199.0,Infrastructure,207157.2978665414,,diagnosis_base,Baseline,base,equipment_cost_usd
201,6,233157.36380458658,199.0,Infrastructure,201123.5901616907,,diagnosis_base,Baseline,base,equipment_cost_usd
201,7,233157.36380458658,199.0,Infrastructure,195265.62151620456,,diagnosis_base,Baseline,base,equipment_cost_usd
201,8,233157.36380458658,199.0,Infrastructure,189578.27331670345,,diagnosis_base,Baseline,base,equipment_cost_usd
201,9,233157.36380458658,199.0,Infrastructure,184056.57603563438,,diagnosis_base,Baseline,base,equipment_cost_usd
201,10,233157.36380458658,199.0,Infrastructure,178695.7048889654,,diagnosis_base,Baseline,base,equipment_cost_usd
202,1,233157.36380458658,199.0,Infrastructure,233157.36380458658,,diagnosis_base,Baseline,base,equipment_cost_usd
202,2,233157.36380458658,199.0,Infrastructure,226366.37262581222,,diagnosis_base,Baseline,base,equipment_cost_usd
202,3,233157.36380458658,199.0,Infrastructure,219773.1773066138,,diagnosis_base,Baseline,base,equipment_cost_usd
202,4,233157.36380458658,199.0,Infrastructure,213372.01680253766,,diagnosis_base,Baseline,base,equipment_cost_usd
202,5,233157.36380458658,199.0,Infrastructure,207157.2978665414,,diagnosis_base,Baseline,base,equipment_cost_usd
202,6,233157.36380458658,199.0,Infrastructure,201123.5901616907,,diagnosis_base,Baseline,base,equipment_cost_usd
202,7,233157.36380458658,199.0,Infrastructure,195265.62151620456,,diagnosis_base,Baseline,base,equipment_cost_usd
202,8,233157.36380458658,199.0,Infrastructure,189578.27331670345,,diagnosis_base,Baseline,base,equipment_cost_usd
202,9,233157.36380458658,199.0,Infrastructure,184056.57603563438,,diagnosis_base,Baseline,base,equipment_cost_usd
202,10,233157.36380458658,199.0,Infrastructure,178695.7048889654,,diagnosis_base,Baseline,base,equipment_cost_usd
203,1,233157.36380458658,199.0,Infrastructure,233157.36380458658,,diagnosis_base,Baseline,base,equipment_cost_usd
203,2,233157.36380458658,199.0,Infrastructure,226366.37262581222,,diagnosis_base,Baseline,base,equipment_cost_usd
203,3,233157.36380458658,199.0,Infrastructure,219773.1773066138,,diagnosis_base,Baseline,base,equipment_cost_usd
203,4,233157.36380458658,199.0,Infrastructure,213372.01680253766,,diagnosis_base,Baseline,base,equipment_cost_usd
203,5,233157.36380458658,199.0,Infrastructure,207157.2978665414,,diagnosis_base,Baseline,base,equipment_cost_usd
203,6,233157.36380458658,199.0,Infrastructure,201123.5901616907,,diagnosis_base,Baseline,base,equipment_cost_usd
203,7,233157.36380458658,199.0,Infrastructure,195265.62151620456,,diagnosis_base,Baseline,base,equipment_cost_usd
203,8,233157.36380458658,199.0,Infrastructure,189578.27331670345,,diagnosis_base,Baseline,base,equipment_cost_usd
203,9,233157.36380458658,199.0,Infrastructure,184056.57603563438,,diagnosis_base,Baseline,base,equipment_cost_usd
203,10,233157.36380458658,199.0,Infrastructure,178695.7048889654,,diagnosis_base,Baseline,base,equipment_cost_usd
204,1,233157.36380458658,199.0,Infrastructure,233157.36380458658,,diagnosis_base,Baseline,base,equipment_cost_usd
204,2,233157.36380458658,199.0,Infrastructure,226366.37262581222,,diagnosis_base,Baseline,base,equipment_cost_usd
204,3,233157.36380458658,199.0,Infrastructure,219773.1773066138,,diagnosis_base,Baseline,base,equipment_cost_usd
204,4,233157.36380458658,199.0,Infrastructure,213372.01680253766,,diagnosis_base,Baseline,base,equipment_cost_usd
204,5,233157.36380458658,199.0,Infrastructure,207157.2978665414,,diagnosis_base,Baseline,base,equipment_cost_usd
204,6,233157.36380458658,199.0,Infrastructure,201123.5901616907,,diagnosis_base,Baseline,base,equipment_cost_usd
204,7,233157.36380458658,199.0,Infrastructure,195265.62151620456,,diagnosis_base,Baseline,base,equipment_cost_usd
204,8,233157.36380458658,199.0,Infrastructure,189578.27331670345,,diagnosis_base,Baseline,base,equipment_cost_usd
204,9,233157.36380458658,199.0,Infrastructure,184056.57603563438,,diagnosis_base,Baseline,base,equipment_cost_usd
204,10,233157.36380458658,199.0,Infrastructure,178695.7048889654,,diagnosis_base,Baseline,base,equipment_cost_usd
205,1,233157.36380458658,199.0,Infrastructure,233157.36380458658,,diagnosis_base,Baseline,base,equipment_cost_usd
205,2,233157.36380458658,199.0,Infrastructure,226366.37262581222,,diagnosis_base,Baseline,base,equipment_cost_usd
205,3,233157.36380458658,199.0,Infrastructure,219773.1773066138,,diagnosis_base,Baseline,base,equipment_cost_usd
205,4,233157.36380458658,199.0,Infrastructure,213372.01680253766,,diagnosis_base,Baseline,base,equipment_cost_usd
205,5,233157.36380458658,199.0,Infrastructure,207157.2978665414,,diagnosis_base,Baseline,base,equipment_cost_usd
205,6,233157.36380458658,199.0,Infrastructure,201123.5901616907,,diagnosis_base,Baseline,base,equipment_cost_usd
205,7,233157.36380458658,199.0,Infrastructure,195265.62151620456,,diagnosis_base,Baseline,base,equipment_cost_usd
205,8,233157.36380458658,199.0,Infrastructure,189578.27331670345,,diagnosis_base,Baseline,base,equipment_cost_usd
205,9,233157.36380458658,199.0,Infrastructure,184056.57603563438,,diagnosis_base,Baseline,base,equipment_cost_usd
205,10,233157.36380458658,199.0,Infrastructure,178695.7048889654,,diagnosis_base,Baseline,base,equipment_cost_usd
206,1,233157.36380458658,199.0,Infrastructure,233157.36380458658,,diagnosis_base,Baseline,base,equipment_cost_usd
206,2,233157.36380458658,199.0,Infrastructure,226366.37262581222,,diagnosis_base,Baseline,base,equipment_cost_usd
206,3,233157.36380458658,199.0,Infrastructure,219773.1773066138,,diagnosis_base,Baseline,base,equipment_cost_usd
206,4,233157.36380458658,199.0,Infrastructure,213372.01680253766,,diagnosis_base,Baseline,base,equipment_cost_usd
206,5,233157.36380458658,199.0,Infrastructure,207157.2978665414,,diagnosis_base,Baseline,base,equipment_cost_usd
206,6,233157.36380458658,199.0,Infrastructure,201123.5901616907,,diagnosis_base,Baseline,base,equipment_cost_usd
206,7,233157.36380458658,199.0,Infrastructure,195265.62151620456,,diagnosis_base,Baseline,base,equipment_cost_usd
206,8,233157.36380458658,199.0,Infrastructure,189578.27331670345,,diagnosis_base,Baseline,base,equipment_cost_usd
206,9,233157.36380458658,199.0,Infrastructure,184056.57603563438,,diagnosis_base,Baseline,base,equipment_cost_usd
206,10,233157.36380458658,199.0,Infrastructure,178695.7048889654,,diagnosis_base,Baseline,base,equipment_cost_usd
207,1,233157.36380458658,199.0,Infrastructure,233157.36380458658,,diagnosis_base,Baseline,base,equipment_cost_usd
207,2,233157.36380458658,199.0,Infrastructure,226366.37262581222,,diagnosis_base,Baseline,base,equipment_cost_usd
207,3,233157.36380458658,199.0,Infrastructure,219773.1773066138,,diagnosis_base,Baseline,base,equipment_cost_usd
207,4,233157.36380458658,199.0,Infrastructure,213372.01680253766,,diagnosis_base,Baseline,base,equipment_cost_usd
207,5,233157.36380458658,199.0,Infrastructure,207157.2978665414,,diagnosis_base,Baseline,base,equipment_cost_usd
207,6,233157.36380458658,199.0,Infrastructure,201123.5901616907,,diagnosis_base,Baseline,base,equipment_cost_usd
207,7,233157.36380458658,199.0,Infrastructure,195265.62151620456,,diagnosis_base,Baseline,base,equipment_cost_usd
207,8,233157.36380458658,199.0,Infrastructure,189578.27331670345,,diagnosis_base,Baseline,base,equipment_cost_usd
207,9,233157.36380458658,199.0,Infrastructure,184056.57603563438,,diagnosis_base,Baseline,base,equipment_cost_usd
207,10,233157.36380458658,199.0,Infrastructure,178695.7048889654,,diagnosis_base,Baseline,base,equipment_cost_usd
208,1,233157.36380458658,199.0,Infrastructure,233157.36380458658,,diagnosis_base,Baseline,base,equipment_cost_usd
208,2,233157.36380458658,199.0,Infrastructure,226366.37262581222,,diagnosis_base,Baseline,base,equipment_cost_usd
208,3,233157.36380458658,199.0,Infrastructure,219773.1773066138,,diagnosis_base,Baseline,base,equipment_cost_usd
208,4,233157.36380458658,199.0,Infrastructure,213372.01680253766,,diagnosis_base,Baseline,base,equipment_cost_usd
208,5,233157.36380458658,199.0,Infrastructure,207157.2978665414,,diagnosis_base,Baseline,base,equipment_cost_usd
208,6,233157.36380458658,199.0,Infrastructure,201123.5901616907,,diagnosis_base,Baseline,base,equipment_cost_usd
208,7,233157.36380458658,199.0,Infrastructure,195265.62151620456,,diagnosis_base,Baseline,base,equipment_cost_usd
208,8,233157.36380458658,199.0,Infrastructure,189578.27331670345,,diagnosis_base,Baseline,base,equipment_cost_usd
208,9,233157.36380458658,199.0,Infrastructure,184056.57603563438,,diagnosis_base,Baseline,base,equipment_cost_usd
208,10,233157.36380458658,199.0,Infrastructure,178695.7048889654,,diagnosis_base,Baseline,base,equipment_cost_usd
209,1,233157.36380458658,199.0,Infrastructure,233157.36380458658,,diagnosis_base,Baseline,base,equipment_cost_usd
209,2,233157.36380458658,199.0,Infrastructure,226366.37262581222,,diagnosis_base,Baseline,base,equipment_cost_usd
209,3,233157.36380458658,199.0,Infrastructure,219773.1773066138,,diagnosis_base,Baseline,base,equipment_cost_usd
209,4,233157.36380458658,199.0,Infrastructure,213372.01680253766,,diagnosis_base,Baseline,base,equipment_cost_usd
209,5,233157.36380458658,199.0,Infrastructure,207157.2978665414,,diagnosis_base,Baseline,base,equipment_cost_usd
209,6,233157.36380458658,199.0,Infrastructure,201123.5901616907,,diagnosis_base,Baseline,base,equipment_cost_usd
209,7,233157.36380458658,199.0,Infrastructure,195265.62151620456,,diagnosis_base,Baseline,base,equipment_cost_usd
209,8,233157.36380458658,199.0,Infrastructure,189578.27331670345,,diagnosis_base,Baseline,base,equipment_cost_usd
209,9,233157.36380458658,199.0,Infrastructure,184056.57603563438,,diagnosis_base,Baseline,base,equipment_cost_usd
209,10,233157.36380458658,199.0,Infrastructure,178695.7048889654,,diagnosis_base,Baseline,base,equipment_cost_usd
210,1,233157.36380458658,199.0,Infrastructure,233157.36380458658,,diagnosis_base,Baseline,base,equipment_cost_usd
210,2,233157.36380458658,199.0,Infrastructure,226366.37262581222,,diagnosis_base,Baseline,base,equipment_cost_usd
210,3,233157.36380458658,199.0,Infrastructure,219773.1773066138,,diagnosis_base,Baseline,base,equipment_cost_usd
210,4,233157.36380458658,199.0,Infrastructure,213372.01680253766,,diagnosis_base,Baseline,base,equipment_cost_usd
210,5,233157.36380458658,199.0,Infrastructure,207157.2978665414,,diagnosis_base,Baseline,base,equipment_cost_usd
210,6,233157.36380458658,199.0,Infrastructure,201123.5901616907,,diagnosis_base,Baseline,base,equipment_cost_usd
210,7,233157.36380458658,199.0,Infrastructure,195265.62151620456,,diagnosis_base,Baseline,base,equipment_cost_usd
210,8,233157.36380458658,199.0,Infrastructure,189578.27331670345,,diagnosis_base,Baseline,base,equipment_cost_usd
210,9,233157.36380458658,199.0,Infrastructure,184056.57603563438,,diagnosis_base,Baseline,base,equipment_cost_usd
210,10,233157.36380458658,199.0,Infrastructure,178695.7048889654,,diagnosis_base,Baseline,base,equipment_cost_usd
211,1,233157.36380458658,199.0,Infrastructure,233157.36380458658,,diagnosis_base,Baseline,base,equipment_cost_usd
211,2,233157.36380458658,199.0,Infrastructure,226366.37262581222,,diagnosis_base,Baseline,base,equipment_cost_usd
211,3,233157.36380458658,199.0,Infrastructure,219773.1773066138,,diagnosis_base,Baseline,base,equipment_cost_usd
211,4,233157.36380458658,199.0,Infrastructure,213372.01680253766,,diagnosis_base,Baseline,base,equipment_cost_usd
211,5,233157.36380458658,199.0,Infrastructure,207157.2978665414,,diagnosis_base,Baseline,base,equipment_cost_usd
211,6,233157.36380458658,199.0,Infrastructure,201123.5901616907,,diagnosis_base,Baseline,base,equipment_cost_usd
211,7,233157.36380458658,199.0,Infrastructure,195265.62151620456,,diagnosis_base,Baseline,base,equipment_cost_usd
211,8,233157.36380458658,199.0,Infrastructure,189578.27331670345,,diagnosis_base,Baseline,base,equipment_cost_usd
211,9,233157.36380458658,199.0,Infrastructure,184056.57603563438,,diagnosis_base,Baseline,base,equipment_cost_usd
211,10,233157.36380458658,199.0,Infrastructure,178695.7048889654,,diagnosis_base,Baseline,base,equipment_cost_usd
212,1,233157.36380458658,199.0,Infrastructure,233157.36380458658,,diagnosis_base,Baseline,base,equipment_cost_usd
212,2,233157.36380458658,199.0,Infrastructure,226366.37262581222,,diagnosis_base,Baseline,base,equipment_cost_usd
212,3,233157.36380458658,199.0,Infrastructure,219773.1773066138,,diagnosis_base,Baseline,base,equipment_cost_usd
212,4,233157.36380458658,199.0,Infrastructure,213372.01680253766,,diagnosis_base,Baseline,base,equipment_cost_usd
212,5,233157.36380458658,199.0,Infrastructure,207157.2978665414,,diagnosis_base,Baseline,base,equipment_cost_usd
212,6,233157.36380458658,199.0,Infrastructure,201123.5901616907,,diagnosis_base,Baseline,base,equipment_cost_usd
212,7,233157.36380458658,199.0,Infrastructure,195265.62151620456,,diagnosis_base,Baseline,base,equipment_cost_usd
212,8,233157.36380458658,199.0,Infrastructure,189578.27331670345,,diagnosis_base,Baseline,base,equipment_cost_usd
212,9,233157.36380458658,199.0,Infrastructure,184056.57603563438,,diagnosis_base,Baseline,base,equipment_cost_usd
212,10,233157.36380458658,199.0,Infrastructure,178695.7048889654,,diagnosis_base,Baseline,base,equipment_cost_usd
213,1,233157.36380458658,199.0,Infrastructure,233157.36380458658,,diagnosis_base,Baseline,base,equipment_cost_usd
213,2,233157.36380458658,199.0,Infrastructure,226366.37262581222,,diagnosis_base,Baseline,base,equipment_cost_usd
213,3,233157.36380458658,199.0,Infrastructure,219773.1773066138,,diagnosis_base,Baseline,base,equipment_cost_usd
213,4,233157.36380458658,199.0,Infrastructure,213372.01680253766,,diagnosis_base,Baseline,base,equipment_cost_usd
213,5,233157.36380458658,199.0,Infrastructure,207157.2978665414,,diagnosis_base,Baseline,base,equipment_cost_usd
213,6,233157.36380458658,199.0,Infrastructure,201123.5901616907,,diagnosis_base,Baseline,base,equipment_cost_usd
213,7,233157.36380458658,199.0,Infrastructure,195265.62151620456,,diagnosis_base,Baseline,base,equipment_cost_usd
213,8,233157.36380458658,199.0,Infrastructure,189578.27331670345,,diagnosis_base,Baseline,base,equipment_cost_usd
213,9,233157.36380458658,199.0,Infrastructure,184056.57603563438,,diagnosis_base,Baseline,base,equipment_cost_usd
213,10,233157.36380458658,199.0,Infrastructure,178695.7048889654,,diagnosis_base,Baseline,base,equipment_cost_usd
214,1,233157.36380458658,199.0,Infrastructure,233157.36380458658,,diagnosis_base,Baseline,base,equipment_cost_usd
214,2,233157.36380458658,199.0,Infrastructure,226366.37262581222,,diagnosis_base,Baseline,base,equipment_cost_usd
214,3,233157.36380458658,199.0,Infrastructure,219773.1773066138,,diagnosis_base,Baseline,base,equipment_cost_usd
214,4,233157.36380458658,199.0,Infrastructure,213372.01680253766,,diagnosis_base,Baseline,base,equipment_cost_usd
214,5,233157.36380458658,199.0,Infrastructure,207157.2978665414,,diagnosis_base,Baseline,base,equipment_cost_usd
214,6,233157.36380458658,199.0,Infrastructure,201123.5901616907,,diagnosis_base,Baseline,base,equipment_cost_usd
214,7,233157.36380458658,199.0,Infrastructure,195265.62151620456,,diagnosis_base,Baseline,base,equipment_cost_usd
214,8,233157.36380458658,199.0,Infrastructure,189578.27331670345,,diagnosis_base,Baseline,base,equipment_cost_usd
214,9,233157.36380458658,199.0,Infrastructure,184056.57603563438,,diagnosis_base,Baseline,base,equipment_cost_usd
214,10,233157.36380458658,199.0,Infrastructure,178695.7048889654,,diagnosis_base,Baseline,base,equipment_cost_usd
215,1,233157.36380458658,199.0,Infrastructure,233157.36380458658,,diagnosis_base,Baseline,base,equipment_cost_usd
215,2,233157.36380458658,199.0,Infrastructure,226366.37262581222,,diagnosis_base,Baseline,base,equipment_cost_usd
215,3,233157.36380458658,199.0,Infrastructure,219773.1773066138,,diagnosis_base,Baseline,base,equipment_cost_usd
215,4,233157.36380458658,199.0,Infrastructure,213372.01680253766,,diagnosis_base,Baseline,base,equipment_cost_usd
215,5,233157.36380458658,199.0,Infrastructure,207157.2978665414,,diagnosis_base,Baseline,base,equipment_cost_usd
215,6,233157.36380458658,199.0,Infrastructure,201123.5901616907,,diagnosis_base,Baseline,base,equipment_cost_usd
215,7,233157.36380458658,199.0,Infrastructure,195265.62151620456,,diagnosis_base,Baseline,base,equipment_cost_usd
215,8,233157.36380458658,199.0,Infrastructure,189578.27331670345,,diagnosis_base,Baseline,base,equipment_cost_usd
215,9,233157.36380458658,199.0,Infrastructure,184056.57603563438,,diagnosis_base,Baseline,base,equipment_cost_usd
215,10,233157.36380458658,199.0,Infrastructure,178695.7048889654,,diagnosis_base,Baseline,base,equipment_cost_usd
216,1,233157.36380458658,199.0,Infrastructure,233157.36380458658,,diagnosis_base,Baseline,base,equipment_cost_usd
216,2,233157.36380458658,199.0,Infrastructure,226366.37262581222,,diagnosis_base,Baseline,base,equipment_cost_usd
216,3,233157.36380458658,199.0,Infrastructure,219773.1773066138,,diagnosis_base,Baseline,base,equipment_cost_usd
216,4,233157.36380458658,199.0,Infrastructure,213372.01680253766,,diagnosis_base,Baseline,base,equipment_cost_usd
216,5,233157.36380458658,199.0,Infrastructure,207157.2978665414,,diagnosis_base,Baseline,base,equipment_cost_usd
216,6,233157.36380458658,199.0,Infrastructure,201123.5901616907,,diagnosis_base,Baseline,base,equipment_cost_usd
216,7,233157.36380458658,199.0,Infrastructure,195265.62151620456,,diagnosis_base,Baseline,base,equipment_cost_usd
216,8,233157.36380458658,199.0,Infrastructure,189578.27331670345,,diagnosis_base,Baseline,base,equipment_cost_usd
216,9,233157.36380458658,199.0,Infrastructure,184056.57603563438,,diagnosis_base,Baseline,base,equipment_cost_usd
216,10,233157.36380458658,199.0,Infrastructure,178695.7048889654,,diagnosis_base,Baseline,base,equipment_cost_usd
217,1,233157.36380458658,199.0,Infrastructure,233157.36380458658,,diagnosis_base,Baseline,base,equipment_cost_usd
217,2,233157.36380458658,199.0,Infrastructure,226366.37262581222,,diagnosis_base,Baseline,base,equipment_cost_usd
217,3,233157.36380458658,199.0,Infrastructure,219773.1773066138,,diagnosis_base,Baseline,base,equipment_cost_usd
217,4,233157.36380458658,199.0,Infrastructure,213372.01680253766,,diagnosis_base,Baseline,base,equipment_cost_usd
217,5,233157.36380458658,199.0,Infrastructure,207157.2978665414,,diagnosis_base,Baseline,base,equipment_cost_usd
217,6,233157.36380458658,199.0,Infrastructure,201123.5901616907,,diagnosis_base,Baseline,base,equipment_cost_usd
217,7,233157.36380458658,199.0,Infrastructure,195265.62151620456,,diagnosis_base,Baseline,base,equipment_cost_usd
217,8,233157.36380458658,199.0,Infrastructure,189578.27331670345,,diagnosis_base,Baseline,base,equipment_cost_usd
217,9,233157.36380458658,199.0,Infrastructure,184056.57603563438,,diagnosis_base,Baseline,base,equipment_cost_usd
217,10,233157.36380458658,199.0,Infrastructure,178695.7048889654,,diagnosis_base,Baseline,base,equipment_cost_usd
218,1,233157.36380458658,199.0,Infrastructure,233157.36380458658,,diagnosis_base,Baseline,base,equipment_cost_usd
218,2,233157.36380458658,199.0,Infrastructure,226366.37262581222,,diagnosis_base,Baseline,base,equipment_cost_usd
218,3,233157.36380458658,199.0,Infrastructure,219773.1773066138,,diagnosis_base,Baseline,base,equipment_cost_usd
218,4,233157.36380458658,199.0,Infrastructure,213372.01680253766,,diagnosis_base,Baseline,base,equipment_cost_usd
218,5,233157.36380458658,199.0,Infrastructure,207157.2978665414,,diagnosis_base,Baseline,base,equipment_cost_usd
218,6,233157.36380458658,199.0,Infrastructure,201123.5901616907,,diagnosis_base,Baseline,base,equipment_cost_usd
218,7,233157.36380458658,199.0,Infrastructure,195265.62151620456,,diagnosis_base,Baseline,base,equipment_cost_usd
218,8,233157.36380458658,199.0,Infrastructure,189578.27331670345,,diagnosis_base,Baseline,base,equipment_cost_usd
218,9,233157.36380458658,199.0,Infrastructure,184056.57603563438,,diagnosis_base,Baseline,base,equipment_cost_usd
218,10,233157.36380458658,199.0,Infrastructure,178695.7048889654,,diagnosis_base,Baseline,base,equipment_cost_usd
219,1,233157.36380458658,199.0,Infrastructure,233157.36380458658,,diagnosis_base,Baseline,base,equipment_cost_usd
219,2,233157.36380458658,199.0,Infrastructure,226366.37262581222,,diagnosis_base,Baseline,base,equipment_cost_usd
219,3,233157.36380458658,199.0,Infrastructure,219773.1773066138,,diagnosis_base,Baseline,base,equipment_cost_usd
219,4,233157.36380458658,199.0,Infrastructure,213372.01680253766,,diagnosis_base,Baseline,base,equipment_cost_usd
219,5,233157.36380458658,199.0,Infrastructure,207157.2978665414,,diagnosis_base,Baseline,base,equipment_cost_usd
219,6,233157.36380458658,199.0,Infrastructure,201123.5901616907,,diagnosis_base,Baseline,base,equipment_cost_usd
219,7,233157.36380458658,199.0,Infrastructure,195265.62151620456,,diagnosis_base,Baseline,base,equipment_cost_usd
219,8,233157.36380458658,199.0,Infrastructure,189578.27331670345,,diagnosis_base,Baseline,base,equipment_cost_usd
219,9,233157.36380458658,199.0,Infrastructure,184056.57603563438,,diagnosis_base,Baseline,base,equipment_cost_usd
219,10,233157.36380458658,199.0,Infrastructure,178695.7048889654,,diagnosis_base,Baseline,base,equipment_cost_usd
220,1,233157.36380458658,199.0,Infrastructure,233157.36380458658,,diagnosis_base,Baseline,base,equipment_cost_usd
220,2,233157.36380458658,199.0,Infrastructure,226366.37262581222,,diagnosis_base,Baseline,base,equipment_cost_usd
220,3,233157.36380458658,199.0,Infrastructure,219773.1773066138,,diagnosis_base,Baseline,base,equipment_cost_usd
220,4,233157.36380458658,199.0,Infrastructure,213372.01680253766,,diagnosis_base,Baseline,base,equipment_cost_usd
220,5,233157.36380458658,199.0,Infrastructure,207157.2978665414,,diagnosis_base,Baseline,base,equipment_cost_usd
220,6,233157.36380458658,199.0,Infrastructure,201123.5901616907,,diagnosis_base,Baseline,base,equipment_cost_usd
220,7,233157.36380458658,199.0,Infrastructure,195265.62151620456,,diagnosis_base,Baseline,base,equipment_cost_usd
220,8,233157.36380458658,199.0,Infrastructure,189578.27331670345,,diagnosis_base,Baseline,base,equipment_cost_usd
220,9,233157.36380458658,199.0,Infrastructure,184056.57603563438,,diagnosis_base,Baseline,base,equipment_cost_usd
220,10,233157.36380458658,199.0,Infrastructure,178695.7048889654,,diagnosis_base,Baseline,base,equipment_cost_usd
221,1,233157.36380458658,199.0,Infrastructure,233157.36380458658,,diagnosis_base,Baseline,base,equipment_cost_usd
221,2,233157.36380458658,199.0,Infrastructure,226366.37262581222,,diagnosis_base,Baseline,base,equipment_cost_usd
221,3,233157.36380458658,199.0,Infrastructure,219773.1773066138,,diagnosis_base,Baseline,base,equipment_cost_usd
221,4,233157.36380458658,199.0,Infrastructure,213372.01680253766,,diagnosis_base,Baseline,base,equipment_cost_usd
221,5,233157.36380458658,199.0,Infrastructure,207157.2978665414,,diagnosis_base,Baseline,base,equipment_cost_usd
221,6,233157.36380458658,199.0,Infrastructure,201123.5901616907,,diagnosis_base,Baseline,base,equipment_cost_usd
221,7,233157.36380458658,199.0,Infrastructure,195265.62151620456,,diagnosis_base,Baseline,base,equipment_cost_usd
221,8,233157.36380458658,199.0,Infrastructure,189578.27331670345,,diagnosis_base,Baseline,base,equipment_cost_usd
221,9,233157.36380458658,199.0,Infrastructure,184056.57603563438,,diagnosis_base,Baseline,base,equipment_cost_usd
221,10,233157.36380458658,199.0,Infrastructure,178695.7048889654,,diagnosis_base,Baseline,base,equipment_cost_usd
222,1,233157.36380458658,199.0,Infrastructure,233157.36380458658,,diagnosis_base,Baseline,base,equipment_cost_usd
222,2,233157.36380458658,199.0,Infrastructure,226366.37262581222,,diagnosis_base,Baseline,base,equipment_cost_usd
222,3,233157.36380458658,199.0,Infrastructure,219773.1773066138,,diagnosis_base,Baseline,base,equipment_cost_usd
222,4,233157.36380458658,199.0,Infrastructure,213372.01680253766,,diagnosis_base,Baseline,base,equipment_cost_usd
222,5,233157.36380458658,199.0,Infrastructure,207157.2978665414,,diagnosis_base,Baseline,base,equipment_cost_usd
222,6,233157.36380458658,199.0,Infrastructure,201123.5901616907,,diagnosis_base,Baseline,base,equipment_cost_usd
222,7,233157.36380458658,199.0,Infrastructure,195265.62151620456,,diagnosis_base,Baseline,base,equipment_cost_usd
222,8,233157.36380458658,199.0,Infrastructure,189578.27331670345,,diagnosis_base,Baseline,base,equipment_cost_usd
222,9,233157.36380458658,199.0,Infrastructure,184056.57603563438,,diagnosis_base,Baseline,base,equipment_cost_usd
222,10,233157.36380458658,199.0,Infrastructure,178695.7048889654,,diagnosis_base,Baseline,base,equipment_cost_usd
223,1,233157.36380458658,199.0,Infrastructure,233157.36380458658,,diagnosis_base,Baseline,base,equipment_cost_usd
223,2,233157.36380458658,199.0,Infrastructure,226366.37262581222,,diagnosis_base,Baseline,base,equipment_cost_usd
223,3,233157.36380458658,199.0,Infrastructure,219773.1773066138,,diagnosis_base,Baseline,base,equipment_cost_usd
223,4,233157.36380458658,199.0,Infrastructure,213372.01680253766,,diagnosis_base,Baseline,base,equipment_cost_usd
223,5,233157.36380458658,199.0,Infrastructure,207157.2978665414,,diagnosis_base,Baseline,base,equipment_cost_usd
223,6,233157.36380458658,199.0,Infrastructure,201123.5901616907,,diagnosis_base,Baseline,base,equipment_cost_usd
223,7,233157.36380458658,199.0,Infrastructure,195265.62151620456,,diagnosis_base,Baseline,base,equipment_cost_usd
223,8,233157.36380458658,199.0,Infrastructure,189578.27331670345,,diagnosis_base,Baseline,base,equipment_cost_usd
223,9,233157.36380458658,199.0,Infrastructure,184056.57603563438,,diagnosis_base,Baseline,base,equipment_cost_usd
223,10,233157.36380458658,199.0,Infrastructure,178695.7048889654,,diagnosis_base,Baseline,base,equipment_cost_usd
224,1,233157.36380458658,199.0,Infrastructure,233157.36380458658,,diagnosis_base,Baseline,base,equipment_cost_usd
224,2,233157.36380458658,199.0,Infrastructure,226366.37262581222,,diagnosis_base,Baseline,base,equipment_cost_usd
224,3,233157.36380458658,199.0,Infrastructure,219773.1773066138,,diagnosis_base,Baseline,base,equipment_cost_usd
224,4,233157.36380458658,199.0,Infrastructure,213372.01680253766,,diagnosis_base,Baseline,base,equipment_cost_usd
224,5,233157.36380458658,199.0,Infrastructure,207157.2978665414,,diagnosis_base,Baseline,base,equipment_cost_usd
224,6,233157.36380458658,199.0,Infrastructure,201123.5901616907,,diagnosis_base,Baseline,base,equipment_cost_usd
224,7,233157.36380458658,199.0,Infrastructure,195265.62151620456,,diagnosis_base,Baseline,base,equipment_cost_usd
224,8,233157.36380458658,199.0,Infrastructure,189578.27331670345,,diagnosis_base,Baseline,base,equipment_cost_usd
224,9,233157.36380458658,199.0,Infrastructure,184056.57603563438,,diagnosis_base,Baseline,base,equipment_cost_usd
224,10,233157.36380458658,199.0,Infrastructure,178695.7048889654,,diagnosis_base,Baseline,base,equipment_cost_usd
225,1,233157.36380458658,199.0,Infrastructure,233157.36380458658,,diagnosis_base,Baseline,base,equipment_cost_usd
225,2,233157.36380458658,199.0,Infrastructure,226366.37262581222,,diagnosis_base,Baseline,base,equipment_cost_usd
225,3,233157.36380458658,199.0,Infrastructure,219773.1773066138,,diagnosis_base,Baseline,base,equipment_cost_usd
225,4,233157.36380458658,199.0,Infrastructure,213372.01680253766,,diagnosis_base,Baseline,base,equipment_cost_usd
225,5,233157.36380458658,199.0,Infrastructure,207157.2978665414,,diagnosis_base,Baseline,base,equipment_cost_usd
225,6,233157.36380458658,199.0,Infrastructure,201123.5901616907,,diagnosis_base,Baseline,base,equipment_cost_usd
225,7,233157.36380458658,199.0,Infrastructure,195265.62151620456,,diagnosis_base,Baseline,base,equipment_cost_usd
225,8,233157.36380458658,199.0,Infrastructure,189578.27331670345,,diagnosis_base,Baseline,base,equipment_cost_usd
225,9,233157.36380458658,199.0,Infrastructure,184056.57603563438,,diagnosis_base,Baseline,base,equipment_cost_usd
225,10,233157.36380458658,199.0,Infrastructure,178695.7048889654,,diagnosis_base,Baseline,base,equipment_cost_usd
226,1,233157.36380458658,199.0,Infrastructure,233157.36380458658,,diagnosis_base,Baseline,base,equipment_cost_usd
226,2,233157.36380458658,199.0,Infrastructure,226366.37262581222,,diagnosis_base,Baseline,base,equipment_cost_usd
226,3,233157.36380458658,199.0,Infrastructure,219773.1773066138,,diagnosis_base,Baseline,base,equipment_cost_usd
226,4,233157.36380458658,199.0,Infrastructure,213372.01680253766,,diagnosis_base,Baseline,base,equipment_cost_usd
226,5,233157.36380458658,199.0,Infrastructure,207157.2978665414,,diagnosis_base,Baseline,base,equipment_cost_usd
226,6,233157.36380458658,199.0,Infrastructure,201123.5901616907,,diagnosis_base,Baseline,base,equipment_cost_usd
226,7,233157.36380458658,199.0,Infrastructure,195265.62151620456,,diagnosis_base,Baseline,base,equipment_cost_usd
226,8,233157.36380458658,199.0,Infrastructure,189578.27331670345,,diagnosis_base,Baseline,base,equipment_cost_usd
226,9,233157.36380458658,199.0,Infrastructure,184056.57603563438,,diagnosis_base,Baseline,base,equipment_cost_usd
226,10,233157.36380458658,199.0,Infrastructure,178695.7048889654,,diagnosis_base,Baseline,base,equipment_cost_usd
227,1,233157.36380458658,199.0,Infrastructure,233157.36380458658,,diagnosis_base,Baseline,base,equipment_cost_usd
227,2,233157.36380458658,199.0,Infrastructure,226366.37262581222,,diagnosis_base,Baseline,base,equipment_cost_usd
227,3,233157.36380458658,199.0,Infrastructure,219773.1773066138,,diagnosis_base,Baseline,base,equipment_cost_usd
227,4,233157.36380458658,199.0,Infrastructure,213372.01680253766,,diagnosis_base,Baseline,base,equipment_cost_usd
227,5,233157.36380458658,199.0,Infrastructure,207157.2978665414,,diagnosis_base,Baseline,base,equipment_cost_usd
227,6,233157.36380458658,199.0,Infrastructure,201123.5901616907,,diagnosis_base,Baseline,base,equipment_cost_usd
227,7,233157.36380458658,199.0,Infrastructure,195265.62151620456,,diagnosis_base,Baseline,base,equipment_cost_usd
227,8,233157.36380458658,199.0,Infrastructure,189578.27331670345,,diagnosis_base,Baseline,base,equipment_cost_usd
227,9,233157.36380458658,199.0,Infrastructure,184056.57603563438,,diagnosis_base,Baseline,base,equipment_cost_usd
227,10,233157.36380458658,199.0,Infrastructure,178695.7048889654,,diagnosis_base,Baseline,base,equipment_cost_usd
228,1,233157.36380458658,199.0,Infrastructure,233157.36380458658,,diagnosis_base,Baseline,base,equipment_cost_usd
228,2,233157.36380458658,199.0,Infrastructure,226366.37262581222,,diagnosis_base,Baseline,base,equipment_cost_usd
228,3,233157.36380458658,199.0,Infrastructure,219773.1773066138,,diagnosis_base,Baseline,base,equipment_cost_usd
228,4,233157.36380458658,199.0,Infrastructure,213372.01680253766,,diagnosis_base,Baseline,base,equipment_cost_usd
228,5,233157.36380458658,199.0,Infrastructure,207157.2978665414,,diagnosis_base,Baseline,base,equipment_cost_usd
228,6,233157.36380458658,199.0,Infrastructure,201123.5901616907,,diagnosis_base,Baseline,base,equipment_cost_usd
228,7,233157.36380458658,199.0,Infrastructure,195265.62151620456,,diagnosis_base,Baseline,base,equipment_cost_usd
228,8,233157.36380458658,199.0,Infrastructure,189578.27331670345,,diagnosis_base,Baseline,base,equipment_cost_usd
228,9,233157.36380458658,199.0,Infrastructure,184056.57603563438,,diagnosis_base,Baseline,base,equipment_cost_usd
228,10,233157.36380458658,199.0,Infrastructure,178695.7048889654,,diagnosis_base,Baseline,base,equipment_cost_usd
229,1,233157.36380458658,199.0,Infrastructure,233157.36380458658,,diagnosis_base,Baseline,base,equipment_cost_usd
229,2,233157.36380458658,199.0,Infrastructure,226366.37262581222,,diagnosis_base,Baseline,base,equipment_cost_usd
229,3,233157.36380458658,199.0,Infrastructure,219773.1773066138,,diagnosis_base,Baseline,base,equipment_cost_usd
229,4,233157.36380458658,199.0,Infrastructure,213372.01680253766,,diagnosis_base,Baseline,base,equipment_cost_usd
229,5,233157.36380458658,199.0,Infrastructure,207157.2978665414,,diagnosis_base,Baseline,base,equipment_cost_usd
229,6,233157.36380458658,199.0,Infrastructure,201123.5901616907,,diagnosis_base,Baseline,base,equipment_cost_usd
229,7,233157.36380458658,199.0,Infrastructure,195265.62151620456,,diagnosis_base,Baseline,base,equipment_cost_usd
229,8,233157.36380458658,199.0,Infrastructure,189578.27331670345,,diagnosis_base,Baseline,base,equipment_cost_usd
229,9,233157.36380458658,199.0,Infrastructure,184056.57603563438,,diagnosis_base,Baseline,base,equipment_cost_usd
229,10,233157.36380458658,199.0,Infrastructure,178695.7048889654,,diagnosis_base,Baseline,base,equipment_cost_usd
230,1,233157.36380458658,199.0,Infrastructure,233157.36380458658,,diagnosis_base,Baseline,base,equipment_cost_usd
230,2,233157.36380458658,199.0,Infrastructure,226366.37262581222,,diagnosis_base,Baseline,base,equipment_cost_usd
230,3,233157.36380458658,199.0,Infrastructure,219773.1773066138,,diagnosis_base,Baseline,base,equipment_cost_usd
230,4,233157.36380458658,199.0,Infrastructure,213372.01680253766,,diagnosis_base,Baseline,base,equipment_cost_usd
230,5,233157.36380458658,199.0,Infrastructure,207157.2978665414,,diagnosis_base,Baseline,base,equipment_cost_usd
230,6,233157.36380458658,199.0,Infrastructure,201123.5901616907,,diagnosis_base,Baseline,base,equipment_cost_usd
230,7,233157.36380458658,199.0,Infrastructure,195265.62151620456,,diagnosis_base,Baseline,base,equipment_cost_usd
230,8,233157.36380458658,199.0,Infrastructure,189578.27331670345,,diagnosis_base,Baseline,base,equipment_cost_usd
230,9,233157.36380458658,199.0,Infrastructure,184056.57603563438,,diagnosis_base,Baseline,base,equipment_cost_usd
230,10,233157.36380458658,199.0,Infrastructure,178695.7048889654,,diagnosis_base,Baseline,base,equipment_cost_usd
231,1,233157.36380458658,199.0,Infrastructure,233157.36380458658,,diagnosis_base,Baseline,base,equipment_cost_usd
231,2,233157.36380458658,199.0,Infrastructure,226366.37262581222,,diagnosis_base,Baseline,base,equipment_cost_usd
231,3,233157.36380458658,199.0,Infrastructure,219773.1773066138,,diagnosis_base,Baseline,base,equipment_cost_usd
231,4,233157.36380458658,199.0,Infrastructure,213372.01680253766,,diagnosis_base,Baseline,base,equipment_cost_usd
231,5,233157.36380458658,199.0,Infrastructure,207157.2978665414,,diagnosis_base,Baseline,base,equipment_cost_usd
231,6,233157.36380458658,199.0,Infrastructure,201123.5901616907,,diagnosis_base,Baseline,base,equipment_cost_usd
231,7,233157.36380458658,199.0,Infrastructure,195265.62151620456,,diagnosis_base,Baseline,base,equipment_cost_usd
231,8,233157.36380458658,199.0,Infrastructure,189578.27331670345,,diagnosis_base,Baseline,base,equipment_cost_usd
231,9,233157.36380458658,199.0,Infrastructure,184056.57603563438,,diagnosis_base,Baseline,base,equipment_cost_usd
231,10,233157.36380458658,199.0,Infrastructure,178695.7048889654,,diagnosis_base,Baseline,base,equipment_cost_usd
232,1,233157.36380458658,199.0,Infrastructure,233157.36380458658,,diagnosis_base,Baseline,base,equipment_cost_usd
232,2,233157.36380458658,199.0,Infrastructure,226366.37262581222,,diagnosis_base,Baseline,base,equipment_cost_usd
232,3,233157.36380458658,199.0,Infrastructure,219773.1773066138,,diagnosis_base,Baseline,base,equipment_cost_usd
232,4,233157.36380458658,199.0,Infrastructure,213372.01680253766,,diagnosis_base,Baseline,base,equipment_cost_usd
232,5,233157.36380458658,199.0,Infrastructure,207157.2978665414,,diagnosis_base,Baseline,base,equipment_cost_usd
232,6,233157.36380458658,199.0,Infrastructure,201123.5901616907,,diagnosis_base,Baseline,base,equipment_cost_usd
232,7,233157.36380458658,199.0,Infrastructure,195265.62151620456,,diagnosis_base,Baseline,base,equipment_cost_usd
232,8,233157.36380458658,199.0,Infrastructure,189578.27331670345,,diagnosis_base,Baseline,base,equipment_cost_usd
232,9,233157.36380458658,199.0,Infrastructure,184056.57603563438,,diagnosis_base,Baseline,base,equipment_cost_usd
232,10,233157.36380458658,199.0,Infrastructure,178695.7048889654,,diagnosis_base,Baseline,base,equipment_cost_usd
233,1,233157.36380458658,199.0,Infrastructure,233157.36380458658,,diagnosis_base,Baseline,base,equipment_cost_usd
233,2,233157.36380458658,199.0,Infrastructure,226366.37262581222,,diagnosis_base,Baseline,base,equipment_cost_usd
233,3,233157.36380458658,199.0,Infrastructure,219773.1773066138,,diagnosis_base,Baseline,base,equipment_cost_usd
233,4,233157.36380458658,199.0,Infrastructure,213372.01680253766,,diagnosis_base,Baseline,base,equipment_cost_usd
233,5,233157.36380458658,199.0,Infrastructure,207157.2978665414,,diagnosis_base,Baseline,base,equipment_cost_usd
233,6,233157.36380458658,199.0,Infrastructure,201123.5901616907,,diagnosis_base,Baseline,base,equipment_cost_usd
233,7,233157.36380458658,199.0,Infrastructure,195265.62151620456,,diagnosis_base,Baseline,base,equipment_cost_usd
233,8,233157.36380458658,199.0,Infrastructure,189578.27331670345,,diagnosis_base,Baseline,base,equipment_cost_usd
233,9,233157.36380458658,199.0,Infrastructure,184056.57603563438,,diagnosis_base,Baseline,base,equipment_cost_usd
233,10,233157.36380458658,199.0,Infrastructure,178695.7048889654,,diagnosis_base,Baseline,base,equipment_cost_usd
234,1,233157.36380458658,199.0,Infrastructure,233157.36380458658,,diagnosis_base,Baseline,base,equipment_cost_usd
234,2,233157.36380458658,199.0,Infrastructure,226366.37262581222,,diagnosis_base,Baseline,base,equipment_cost_usd
234,3,233157.36380458658,199.0,Infrastructure,219773.1773066138,,diagnosis_base,Baseline,base,equipment_cost_usd
234,4,233157.36380458658,199.0,Infrastructure,213372.01680253766,,diagnosis_base,Baseline,base,equipment_cost_usd
234,5,233157.36380458658,199.0,Infrastructure,207157.2978665414,,diagnosis_base,Baseline,base,equipment_cost_usd
234,6,233157.36380458658,199.0,Infrastructure,201123.5901616907,,diagnosis_base,Baseline,base,equipment_cost_usd
234,7,233157.36380458658,199.0,Infrastructure,195265.62151620456,,diagnosis_base,Baseline,base,equipment_cost_usd
234,8,233157.36380458658,199.0,Infrastructure,189578.27331670345,,diagnosis_base,Baseline,base,equipment_cost_usd
234,9,233157.36380458658,199.0,Infrastructure,184056.57603563438,,diagnosis_base,Baseline,base,equipment_cost_usd
234,10,233157.36380458658,199.0,Infrastructure,178695.7048889654,,diagnosis_base,Baseline,base,equipment_cost_usd
235,1,233157.36380458658,199.0,Infrastructure,233157.36380458658,,diagnosis_base,Baseline,base,equipment_cost_usd
235,2,233157.36380458658,199.0,Infrastructure,226366.37262581222,,diagnosis_base,Baseline,base,equipment_cost_usd
235,3,233157.36380458658,199.0,Infrastructure,219773.1773066138,,diagnosis_base,Baseline,base,equipment_cost_usd
235,4,233157.36380458658,199.0,Infrastructure,213372.01680253766,,diagnosis_base,Baseline,base,equipment_cost_usd
235,5,233157.36380458658,199.0,Infrastructure,207157.2978665414,,diagnosis_base,Baseline,base,equipment_cost_usd
235,6,233157.36380458658,199.0,Infrastructure,201123.5901616907,,diagnosis_base,Baseline,base,equipment_cost_usd
235,7,233157.36380458658,199.0,Infrastructure,195265.62151620456,,diagnosis_base,Baseline,base,equipment_cost_usd
235,8,233157.36380458658,199.0,Infrastructure,189578.27331670345,,diagnosis_base,Baseline,base,equipment_cost_usd
235,9,233157.36380458658,199.0,Infrastructure,184056.57603563438,,diagnosis_base,Baseline,base,equipment_cost_usd
235,10,233157.36380458658,199.0,Infrastructure,178695.7048889654,,diagnosis_base,Baseline,base,equipment_cost_usd
236,1,233157.36380458658,199.0,Infrastructure,233157.36380458658,,diagnosis_base,Baseline,base,equipment_cost_usd
236,2,233157.36380458658,199.0,Infrastructure,226366.37262581222,,diagnosis_base,Baseline,base,equipment_cost_usd
236,3,233157.36380458658,199.0,Infrastructure,219773.1773066138,,diagnosis_base,Baseline,base,equipment_cost_usd
236,4,233157.36380458658,199.0,Infrastructure,213372.01680253766,,diagnosis_base,Baseline,base,equipment_cost_usd
236,5,233157.36380458658,199.0,Infrastructure,207157.2978665414,,diagnosis_base,Baseline,base,equipment_cost_usd
236,6,233157.36380458658,199.0,Infrastructure,201123.5901616907,,diagnosis_base,Baseline,base,equipment_cost_usd
236,7,233157.36380458658,199.0,Infrastructure,195265.62151620456,,diagnosis_base,Baseline,base,equipment_cost_usd
236,8,233157.36380458658,199.0,Infrastructure,189578.27331670345,,diagnosis_base,Baseline,base,equipment_cost_usd
236,9,233157.36380458658,199.0,Infrastructure,184056.57603563438,,diagnosis_base,Baseline,base,equipment_cost_usd
236,10,233157.36380458658,199.0,Infrastructure,178695.7048889654,,diagnosis_base,Baseline,base,equipment_cost_usd
237,1,233157.36380458658,199.0,Infrastructure,233157.36380458658,,diagnosis_base,Baseline,base,equipment_cost_usd
237,2,233157.36380458658,199.0,Infrastructure,226366.37262581222,,diagnosis_base,Baseline,base,equipment_cost_usd
237,3,233157.36380458658,199.0,Infrastructure,219773.1773066138,,diagnosis_base,Baseline,base,equipment_cost_usd
237,4,233157.36380458658,199.0,Infrastructure,213372.01680253766,,diagnosis_base,Baseline,base,equipment_cost_usd
237,5,233157.36380458658,199.0,Infrastructure,207157.2978665414,,diagnosis_base,Baseline,base,equipment_cost_usd
237,6,233157.36380458658,199.0,Infrastructure,201123.5901616907,,diagnosis_base,Baseline,base,equipment_cost_usd
237,7,233157.36380458658,199.0,Infrastructure,195265.62151620456,,diagnosis_base,Baseline,base,equipment_cost_usd
237,8,233157.36380458658,199.0,Infrastructure,189578.27331670345,,diagnosis_base,Baseline,base,equipment_cost_usd
237,9,233157.36380458658,199.0,Infrastructure,184056.57603563438,,diagnosis_base,Baseline,base,equipment_cost_usd
237,10,233157.36380458658,199.0,Infrastructure,178695.7048889654,,diagnosis_base,Baseline,base,equipment_cost_usd
238,1,233157.36380458658,199.0,Infrastructure,233157.36380458658,,diagnosis_base,Baseline,base,equipment_cost_usd
238,2,233157.36380458658,199.0,Infrastructure,226366.37262581222,,diagnosis_base,Baseline,base,equipment_cost_usd
238,3,233157.36380458658,199.0,Infrastructure,219773.1773066138,,diagnosis_base,Baseline,base,equipment_cost_usd
238,4,233157.36380458658,199.0,Infrastructure,213372.01680253766,,diagnosis_base,Baseline,base,equipment_cost_usd
238,5,233157.36380458658,199.0,Infrastructure,207157.2978665414,,diagnosis_base,Baseline,base,equipment_cost_usd
238,6,233157.36380458658,199.0,Infrastructure,201123.5901616907,,diagnosis_base,Baseline,base,equipment_cost_usd
238,7,233157.36380458658,199.0,Infrastructure,195265.62151620456,,diagnosis_base,Baseline,base,equipment_cost_usd
238,8,233157.36380458658,199.0,Infrastructure,189578.27331670345,,diagnosis_base,Baseline,base,equipment_cost_usd
238,9,233157.36380458658,199.0,Infrastructure,184056.57603563438,,diagnosis_base,Baseline,base,equipment_cost_usd
238,10,233157.36380458658,199.0,Infrastructure,178695.7048889654,,diagnosis_base,Baseline,base,equipment_cost_usd
239,1,233157.36380458658,199.0,Infrastructure,233157.36380458658,,diagnosis_base,Baseline,base,equipment_cost_usd
239,2,233157.36380458658,199.0,Infrastructure,226366.37262581222,,diagnosis_base,Baseline,base,equipment_cost_usd
239,3,233157.36380458658,199.0,Infrastructure,219773.1773066138,,diagnosis_base,Baseline,base,equipment_cost_usd
239,4,233157.36380458658,199.0,Infrastructure,213372.01680253766,,diagnosis_base,Baseline,base,equipment_cost_usd
239,5,233157.36380458658,199.0,Infrastructure,207157.2978665414,,diagnosis_base,Baseline,base,equipment_cost_usd
239,6,233157.36380458658,199.0,Infrastructure,201123.5901616907,,diagnosis_base,Baseline,base,equipment_cost_usd
239,7,233157.36380458658,199.0,Infrastructure,195265.62151620456,,diagnosis_base,Baseline,base,equipment_cost_usd
239,8,233157.36380458658,199.0,Infrastructure,189578.27331670345,,diagnosis_base,Baseline,base,equipment_cost_usd
239,9,233157.36380458658,199.0,Infrastructure,184056.57603563438,,diagnosis_base,Baseline,base,equipment_cost_usd
239,10,233157.36380458658,199.0,Infrastructure,178695.7048889654,,diagnosis_base,Baseline,base,equipment_cost_usd
240,1,233157.36380458658,199.0,Infrastructure,233157.36380458658,,diagnosis_base,Baseline,base,equipment_cost_usd
240,2,233157.36380458658,199.0,Infrastructure,226366.37262581222,,diagnosis_base,Baseline,base,equipment_cost_usd
240,3,233157.36380458658,199.0,Infrastructure,219773.1773066138,,diagnosis_base,Baseline,base,equipment_cost_usd
240,4,233157.36380458658,199.0,Infrastructure,213372.01680253766,,diagnosis_base,Baseline,base,equipment_cost_usd
240,5,233157.36380458658,199.0,Infrastructure,207157.2978665414,,diagnosis_base,Baseline,base,equipment_cost_usd
240,6,233157.36380458658,199.0,Infrastructure,201123.5901616907,,diagnosis_base,Baseline,base,equipment_cost_usd
240,7,233157.36380458658,199.0,Infrastructure,195265.62151620456,,diagnosis_base,Baseline,base,equipment_cost_usd
240,8,233157.36380458658,199.0,Infrastructure,189578.27331670345,,diagnosis_base,Baseline,base,equipment_cost_usd
240,9,233157.36380458658,199.0,Infrastructure,184056.57603563438,,diagnosis_base,Baseline,base,equipment_cost_usd
240,10,233157.36380458658,199.0,Infrastructure,178695.7048889654,,diagnosis_base,Baseline,base,equipment_cost_usd
241,1,233157.36380458658,199.0,Infrastructure,233157.36380458658,,diagnosis_base,Baseline,base,equipment_cost_usd
241,2,233157.36380458658,199.0,Infrastructure,226366.37262581222,,diagnosis_base,Baseline,base,equipment_cost_usd
241,3,233157.36380458658,199.0,Infrastructure,219773.1773066138,,diagnosis_base,Baseline,base,equipment_cost_usd
241,4,233157.36380458658,199.0,Infrastructure,213372.01680253766,,diagnosis_base,Baseline,base,equipment_cost_usd
241,5,233157.36380458658,199.0,Infrastructure,207157.2978665414,,diagnosis_base,Baseline,base,equipment_cost_usd
241,6,233157.36380458658,199.0,Infrastructure,201123.5901616907,,diagnosis_base,Baseline,base,equipment_cost_usd
241,7,233157.36380458658,199.0,Infrastructure,195265.62151620456,,diagnosis_base,Baseline,base,equipment_cost_usd
241,8,233157.36380458658,199.0,Infrastructure,189578.27331670345,,diagnosis_base,Baseline,base,equipment_cost_usd
241,9,233157.36380458658,199.0,Infrastructure,184056.57603563438,,diagnosis_base,Baseline,base,equipment_cost_usd
241,10,233157.36380458658,199.0,Infrastructure,178695.7048889654,,diagnosis_base,Baseline,base,equipment_cost_usd
242,1,233157.36380458658,199.0,Infrastructure,233157.36380458658,,diagnosis_base,Baseline,base,equipment_cost_usd
242,2,233157.36380458658,199.0,Infrastructure,226366.37262581222,,diagnosis_base,Baseline,base,equipment_cost_usd
242,3,233157.36380458658,199.0,Infrastructure,219773.1773066138,,diagnosis_base,Baseline,base,equipment_cost_usd
242,4,233157.36380458658,199.0,Infrastructure,213372.01680253766,,diagnosis_base,Baseline,base,equipment_cost_usd
242,5,233157.36380458658,199.0,Infrastructure,207157.2978665414,,diagnosis_base,Baseline,base,equipment_cost_usd
242,6,233157.36380458658,199.0,Infrastructure,201123.5901616907,,diagnosis_base,Baseline,base,equipment_cost_usd
242,7,233157.36380458658,199.0,Infrastructure,195265.62151620456,,diagnosis_base,Baseline,base,equipment_cost_usd
242,8,233157.36380458658,199.0,Infrastructure,189578.27331670345,,diagnosis_base,Baseline,base,equipment_cost_usd
242,9,233157.36380458658,199.0,Infrastructure,184056.57603563438,,diagnosis_base,Baseline,base,equipment_cost_usd
242,10,233157.36380458658,199.0,Infrastructure,178695.7048889654,,diagnosis_base,Baseline,base,equipment_cost_usd
243,1,233157.36380458658,199.0,Infrastructure,233157.36380458658,,diagnosis_base,Baseline,base,equipment_cost_usd
243,2,233157.36380458658,199.0,Infrastructure,226366.37262581222,,diagnosis_base,Baseline,base,equipment_cost_usd
243,3,233157.36380458658,199.0,Infrastructure,219773.1773066138,,diagnosis_base,Baseline,base,equipment_cost_usd
243,4,233157.36380458658,199.0,Infrastructure,213372.01680253766,,diagnosis_base,Baseline,base,equipment_cost_usd
243,5,233157.36380458658,199.0,Infrastructure,207157.2978665414,,diagnosis_base,Baseline,base,equipment_cost_usd
243,6,233157.36380458658,199.0,Infrastructure,201123.5901616907,,diagnosis_base,Baseline,base,equipment_cost_usd
243,7,233157.36380458658,199.0,Infrastructure,195265.62151620456,,diagnosis_base,Baseline,base,equipment_cost_usd
243,8,233157.36380458658,199.0,Infrastructure,189578.27331670345,,diagnosis_base,Baseline,base,equipment_cost_usd
243,9,233157.36380458658,199.0,Infrastructure,184056.57603563438,,diagnosis_base,Baseline,base,equipment_cost_usd
243,10,233157.36380458658,199.0,Infrastructure,178695.7048889654,,diagnosis_base,Baseline,base,equipment_cost_usd
244,1,233157.36380458658,199.0,Infrastructure,233157.36380458658,,diagnosis_base,Baseline,base,equipment_cost_usd
244,2,233157.36380458658,199.0,Infrastructure,226366.37262581222,,diagnosis_base,Baseline,base,equipment_cost_usd
244,3,233157.36380458658,199.0,Infrastructure,219773.1773066138,,diagnosis_base,Baseline,base,equipment_cost_usd
244,4,233157.36380458658,199.0,Infrastructure,213372.01680253766,,diagnosis_base,Baseline,base,equipment_cost_usd
244,5,233157.36380458658,199.0,Infrastructure,207157.2978665414,,diagnosis_base,Baseline,base,equipment_cost_usd
244,6,233157.36380458658,199.0,Infrastructure,201123.5901616907,,diagnosis_base,Baseline,base,equipment_cost_usd
244,7,233157.36380458658,199.0,Infrastructure,195265.62151620456,,diagnosis_base,Baseline,base,equipment_cost_usd
244,8,233157.36380458658,199.0,Infrastructure,189578.27331670345,,diagnosis_base,Baseline,base,equipment_cost_usd
244,9,233157.36380458658,199.0,Infrastructure,184056.57603563438,,diagnosis_base,Baseline,base,equipment_cost_usd
244,10,233157.36380458658,199.0,Infrastructure,178695.7048889654,,diagnosis_base,Baseline,base,equipment_cost_usd
245,1,233157.36380458658,199.0,Infrastructure,233157.36380458658,,diagnosis_base,Baseline,base,equipment_cost_usd
245,2,233157.36380458658,199.0,Infrastructure,226366.37262581222,,diagnosis_base,Baseline,base,equipment_cost_usd
245,3,233157.36380458658,199.0,Infrastructure,219773.1773066138,,diagnosis_base,Baseline,base,equipment_cost_usd
245,4,233157.36380458658,199.0,Infrastructure,213372.01680253766,,diagnosis_base,Baseline,base,equipment_cost_usd
245,5,233157.36380458658,199.0,Infrastructure,207157.2978665414,,diagnosis_base,Baseline,base,equipment_cost_usd
245,6,233157.36380458658,199.0,Infrastructure,201123.5901616907,,diagnosis_base,Baseline,base,equipment_cost_usd
245,7,233157.36380458658,199.0,Infrastructure,195265.62151620456,,diagnosis_base,Baseline,base,equipment_cost_usd
245,8,233157.36380458658,199.0,Infrastructure,189578.27331670345,,diagnosis_base,Baseline,base,equipment_cost_usd
245,9,233157.36380458658,199.0,Infrastructure,184056.57603563438,,diagnosis_base,Baseline,base,equipment_cost_usd
245,10,233157.36380458658,199.0,Infrastructure,178695.7048889654,,diagnosis_base,Baseline,base,equipment_cost_usd
246,1,233157.36380458658,199.0,Infrastructure,233157.36380458658,,diagnosis_base,Baseline,base,equipment_cost_usd
246,2,233157.36380458658,199.0,Infrastructure,226366.37262581222,,diagnosis_base,Baseline,base,equipment_cost_usd
246,3,233157.36380458658,199.0,Infrastructure,219773.1773066138,,diagnosis_base,Baseline,base,equipment_cost_usd
246,4,233157.36380458658,199.0,Infrastructure,213372.01680253766,,diagnosis_base,Baseline,base,equipment_cost_usd
246,5,233157.36380458658,199.0,Infrastructure,207157.2978665414,,diagnosis_base,Baseline,base,equipment_cost_usd
246,6,233157.36380458658,199.0,Infrastructure,201123.5901616907,,diagnosis_base,Baseline,base,equipment_cost_usd
246,7,233157.36380458658,199.0,Infrastructure,195265.62151620456,,diagnosis_base,Baseline,base,equipment_cost_usd
246,8,233157.36380458658,199.0,Infrastructure,189578.27331670345,,diagnosis_base,Baseline,base,equipment_cost_usd
246,9,233157.36380458658,199.0,Infrastructure,184056.57603563438,,diagnosis_base,Baseline,base,equipment_cost_usd
246,10,233157.36380458658,199.0,Infrastructure,178695.7048889654,,diagnosis_base,Baseline,base,equipment_cost_usd
247,1,233157.36380458658,199.0,Infrastructure,233157.36380458658,,diagnosis_base,Baseline,base,equipment_cost_usd
247,2,233157.36380458658,199.0,Infrastructure,226366.37262581222,,diagnosis_base,Baseline,base,equipment_cost_usd
247,3,233157.36380458658,199.0,Infrastructure,219773.1773066138,,diagnosis_base,Baseline,base,equipment_cost_usd
247,4,233157.36380458658,199.0,Infrastructure,213372.01680253766,,diagnosis_base,Baseline,base,equipment_cost_usd
247,5,233157.36380458658,199.0,Infrastructure,207157.2978665414,,diagnosis_base,Baseline,base,equipment_cost_usd
247,6,233157.36380458658,199.0,Infrastructure,201123.5901616907,,diagnosis_base,Baseline,base,equipment_cost_usd
247,7,233157.36380458658,199.0,Infrastructure,195265.62151620456,,diagnosis_base,Baseline,base,equipment_cost_usd
247,8,233157.36380458658,199.0,Infrastructure,189578.27331670345,,diagnosis_base,Baseline,base,equipment_cost_usd
247,9,233157.36380458658,199.0,Infrastructure,184056.57603563438,,diagnosis_base,Baseline,base,equipment_cost_usd
247,10,233157.36380458658,199.0,Infrastructure,178695.7048889654,,diagnosis_base,Baseline,base,equipment_cost_usd
248,1,233157.36380458658,199.0,Infrastructure,233157.36380458658,,diagnosis_base,Baseline,base,equipment_cost_usd
248,2,233157.36380458658,199.0,Infrastructure,226366.37262581222,,diagnosis_base,Baseline,base,equipment_cost_usd
248,3,233157.36380458658,199.0,Infrastructure,219773.1773066138,,diagnosis_base,Baseline,base,equipment_cost_usd
248,4,233157.36380458658,199.0,Infrastructure,213372.01680253766,,diagnosis_base,Baseline,base,equipment_cost_usd
248,5,233157.36380458658,199.0,Infrastructure,207157.2978665414,,diagnosis_base,Baseline,base,equipment_cost_usd
248,6,233157.36380458658,199.0,Infrastructure,201123.5901616907,,diagnosis_base,Baseline,base,equipment_cost_usd
248,7,233157.36380458658,199.0,Infrastructure,195265.62151620456,,diagnosis_base,Baseline,base,equipment_cost_usd
248,8,233157.36380458658,199.0,Infrastructure,189578.27331670345,,diagnosis_base,Baseline,base,equipment_cost_usd
248,9,233157.36380458658,199.0,Infrastructure,184056.57603563438,,diagnosis_base,Baseline,base,equipment_cost_usd
248,10,233157.36380458658,199.0,Infrastructure,178695.7048889654,,diagnosis_base,Baseline,base,equipment_cost_usd
249,1,233157.36380458658,199.0,Infrastructure,233157.36380458658,,diagnosis_base,Baseline,base,equipment_cost_usd
249,2,233157.36380458658,199.0,Infrastructure,226366.37262581222,,diagnosis_base,Baseline,base,equipment_cost_usd
249,3,233157.36380458658,199.0,Infrastructure,219773.1773066138,,diagnosis_base,Baseline,base,equipment_cost_usd
249,4,233157.36380458658,199.0,Infrastructure,213372.01680253766,,diagnosis_base,Baseline,base,equipment_cost_usd
249,5,233157.36380458658,199.0,Infrastructure,207157.2978665414,,diagnosis_base,Baseline,base,equipment_cost_usd
249,6,233157.36380458658,199.0,Infrastructure,201123.5901616907,,diagnosis_base,Baseline,base,equipment_cost_usd
249,7,233157.36380458658,199.0,Infrastructure,195265.62151620456,,diagnosis_base,Baseline,base,equipment_cost_usd
249,8,233157.36380458658,199.0,Infrastructure,189578.27331670345,,diagnosis_base,Baseline,base,equipment_cost_usd
249,9,233157.36380458658,199.0,Infrastructure,184056.57603563438,,diagnosis_base,Baseline,base,equipment_cost_usd
249,10,233157.36380458658,199.0,Infrastructure,178695.7048889654,,diagnosis_base,Baseline,base,equipment_cost_usd
250,1,233157.36380458658,199.0,Infrastructure,233157.36380458658,,diagnosis_base,Baseline,base,equipment_cost_usd
250,2,233157.36380458658,199.0,Infrastructure,226366.37262581222,,diagnosis_base,Baseline,base,equipment_cost_usd
250,3,233157.36380458658,199.0,Infrastructure,219773.1773066138,,diagnosis_base,Baseline,base,equipment_cost_usd
250,4,233157.36380458658,199.0,Infrastructure,213372.01680253766,,diagnosis_base,Baseline,base,equipment_cost_usd
250,5,233157.36380458658,199.0,Infrastructure,207157.2978665414,,diagnosis_base,Baseline,base,equipment_cost_usd
250,6,233157.36380458658,199.0,Infrastructure,201123.5901616907,,diagnosis_base,Baseline,base,equipment_cost_usd
250,7,233157.36380458658,199.0,Infrastructure,195265.62151620456,,diagnosis_base,Baseline,base,equipment_cost_usd
250,8,233157.36380458658,199.0,Infrastructure,189578.27331670345,,diagnosis_base,Baseline,base,equipment_cost_usd
250,9,233157.36380458658,199.0,Infrastructure,184056.57603563438,,diagnosis_base,Baseline,base,equipment_cost_usd
250,10,233157.36380458658,199.0,Infrastructure,178695.7048889654,,diagnosis_base,Baseline,base,equipment_cost_usd
201,1,109.06995467471756,22.0,Equipment (Doppler),109.06995467471756,,diagnosis_base,Baseline,base,equipment_cost_usd
201,2,109.06995467471756,22.0,Equipment (Doppler),105.89315987836656,,diagnosis_base,Baseline,base,equipment_cost_usd
201,3,109.06995467471756,22.0,Equipment (Doppler),102.80889308579279,,diagnosis_base,Baseline,base,equipment_cost_usd
201,4,109.06995467471756,22.0,Equipment (Doppler),99.81445930659494,,diagnosis_base,Baseline,base,equipment_cost_usd
201,5,109.06995467471756,22.0,Equipment (Doppler),96.9072420452378,,diagnosis_base,Baseline,base,equipment_cost_usd
201,6,109.06995467471756,22.0,Equipment (Doppler),94.08470101479398,,diagnosis_base,Baseline,base,equipment_cost_usd
201,7,109.06995467471756,22.0,Equipment (Doppler),91.3443699172757,,diagnosis_base,Baseline,base,equipment_cost_usd
201,8,109.06995467471756,22.0,Equipment (Doppler),88.68385428861718,,diagnosis_base,Baseline,base,equipment_cost_usd
201,9,109.06995467471756,22.0,Equipment (Doppler),86.10082940642444,,diagnosis_base,Baseline,base,equipment_cost_usd
201,10,109.06995467471756,22.0,Equipment (Doppler),83.5930382586645,,diagnosis_base,Baseline,base,equipment_cost_usd
202,1,109.06995467471756,22.0,Equipment (Doppler),109.06995467471756,,diagnosis_base,Baseline,base,equipment_cost_usd
202,2,109.06995467471756,22.0,Equipment (Doppler),105.89315987836656,,diagnosis_base,Baseline,base,equipment_cost_usd
202,3,109.06995467471756,22.0,Equipment (Doppler),102.80889308579279,,diagnosis_base,Baseline,base,equipment_cost_usd
202,4,109.06995467471756,22.0,Equipment (Doppler),99.81445930659494,,diagnosis_base,Baseline,base,equipment_cost_usd
202,5,109.06995467471756,22.0,Equipment (Doppler),96.9072420452378,,diagnosis_base,Baseline,base,equipment_cost_usd
202,6,109.06995467471756,22.0,Equipment (Doppler),94.08470101479398,,diagnosis_base,Baseline,base,equipment_cost_usd
202,7,109.06995467471756,22.0,Equipment (Doppler),91.3443699172757,,diagnosis_base,Baseline,base,equipment_cost_usd
202,8,109.06995467471756,22.0,Equipment (Doppler),88.68385428861718,,diagnosis_base,Baseline,base,equipment_cost_usd
202,9,109.06995467471756,22.0,Equipment (Doppler),86.10082940642444,,diagnosis_base,Baseline,base,equipment_cost_usd
202,10,109.06995467471756,22.0,Equipment (Doppler),83.5930382586645,,diagnosis_base,Baseline,base,equipment_cost_usd
203,1,109.06995467471756,22.0,Equipment (Doppler),109.06995467471756,,diagnosis_base,Baseline,base,equipment_cost_usd
203,2,109.06995467471756,22.0,Equipment (Doppler),105.89315987836656,,diagnosis_base,Baseline,base,equipment_cost_usd
203,3,109.06995467471756,22.0,Equipment (Doppler),102.80889308579279,,diagnosis_base,Baseline,base,equipment_cost_usd
203,4,109.06995467471756,22.0,Equipment (Doppler),99.81445930659494,,diagnosis_base,Baseline,base,equipment_cost_usd
203,5,109.06995467471756,22.0,Equipment (Doppler),96.9072420452378,,diagnosis_base,Baseline,base,equipment_cost_usd
203,6,109.06995467471756,22.0,Equipment (Doppler),94.08470101479398,,diagnosis_base,Baseline,base,equipment_cost_usd
203,7,109.06995467471756,22.0,Equipment (Doppler),91.3443699172757,,diagnosis_base,Baseline,base,equipment_cost_usd
203,8,109.06995467471756,22.0,Equipment (Doppler),88.68385428861718,,diagnosis_base,Baseline,base,equipment_cost_usd
203,9,109.06995467471756,22.0,Equipment (Doppler),86.10082940642444,,diagnosis_base,Baseline,base,equipment_cost_usd
203,10,109.06995467471756,22.0,Equipment (Doppler),83.5930382586645,,diagnosis_base,Baseline,base,equipment_cost_usd
204,1,109.06995467471756,22.0,Equipment (Doppler),109.06995467471756,,diagnosis_base,Baseline,base,equipment_cost_usd
204,2,109.06995467471756,22.0,Equipment (Doppler),105.89315987836656,,diagnosis_base,Baseline,base,equipment_cost_usd
204,3,109.06995467471756,22.0,Equipment (Doppler),102.80889308579279,,diagnosis_base,Baseline,base,equipment_cost_usd
204,4,109.06995467471756,22.0,Equipment (Doppler),99.81445930659494,,diagnosis_base,Baseline,base,equipment_cost_usd
204,5,109.06995467471756,22.0,Equipment (Doppler),96.9072420452378,,diagnosis_base,Baseline,base,equipment_cost_usd
204,6,109.06995467471756,22.0,Equipment (Doppler),94.08470101479398,,diagnosis_base,Baseline,base,equipment_cost_usd
204,7,109.06995467471756,22.0,Equipment (Doppler),91.3443699172757,,diagnosis_base,Baseline,base,equipment_cost_usd
204,8,109.06995467471756,22.0,Equipment (Doppler),88.68385428861718,,diagnosis_base,Baseline,base,equipment_cost_usd
204,9,109.06995467471756,22.0,Equipment (Doppler),86.10082940642444,,diagnosis_base,Baseline,base,equipment_cost_usd
204,10,109.06995467471756,22.0,Equipment (Doppler),83.5930382586645,,diagnosis_base,Baseline,base,equipment_cost_usd
205,1,109.06995467471756,22.0,Equipment (Doppler),109.06995467471756,,diagnosis_base,Baseline,base,equipment_cost_usd
205,2,109.06995467471756,22.0,Equipment (Doppler),105.89315987836656,,diagnosis_base,Baseline,base,equipment_cost_usd
205,3,109.06995467471756,22.0,Equipment (Doppler),102.80889308579279,,diagnosis_base,Baseline,base,equipment_cost_usd
205,4,109.06995467471756,22.0,Equipment (Doppler),99.81445930659494,,diagnosis_base,Baseline,base,equipment_cost_usd
205,5,109.06995467471756,22.0,Equipment (Doppler),96.9072420452378,,diagnosis_base,Baseline,base,equipment_cost_usd
205,6,109.06995467471756,22.0,Equipment (Doppler),94.08470101479398,,diagnosis_base,Baseline,base,equipment_cost_usd
205,7,109.06995467471756,22.0,Equipment (Doppler),91.3443699172757,,diagnosis_base,Baseline,base,equipment_cost_usd
205,8,109.06995467471756,22.0,Equipment (Doppler),88.68385428861718,,diagnosis_base,Baseline,base,equipment_cost_usd
205,9,109.06995467471756,22.0,Equipment (Doppler),86.10082940642444,,diagnosis_base,Baseline,base,equipment_cost_usd
205,10,109.06995467471756,22.0,Equipment (Doppler),83.5930382586645,,diagnosis_base,Baseline,base,equipment_cost_usd
206,1,109.06995467471756,22.0,Equipment (Doppler),109.06995467471756,,diagnosis_base,Baseline,base,equipment_cost_usd
206,2,109.06995467471756,22.0,Equipment (Doppler),105.89315987836656,,diagnosis_base,Baseline,base,equipment_cost_usd
206,3,109.06995467471756,22.0,Equipment (Doppler),102.80889308579279,,diagnosis_base,Baseline,base,equipment_cost_usd
206,4,109.06995467471756,22.0,Equipment (Doppler),99.81445930659494,,diagnosis_base,Baseline,base,equipment_cost_usd
206,5,109.06995467471756,22.0,Equipment (Doppler),96.9072420452378,,diagnosis_base,Baseline,base,equipment_cost_usd
206,6,109.06995467471756,22.0,Equipment (Doppler),94.08470101479398,,diagnosis_base,Baseline,base,equipment_cost_usd
206,7,109.06995467471756,22.0,Equipment (Doppler),91.3443699172757,,diagnosis_base,Baseline,base,equipment_cost_usd
206,8,109.06995467471756,22.0,Equipment (Doppler),88.68385428861718,,diagnosis_base,Baseline,base,equipment_cost_usd
206,9,109.06995467471756,22.0,Equipment (Doppler),86.10082940642444,,diagnosis_base,Baseline,base,equipment_cost_usd
206,10,109.06995467471756,22.0,Equipment (Doppler),83.5930382586645,,diagnosis_base,Baseline,base,equipment_cost_usd
207,1,109.06995467471756,22.0,Equipment (Doppler),109.06995467471756,,diagnosis_base,Baseline,base,equipment_cost_usd
207,2,109.06995467471756,22.0,Equipment (Doppler),105.89315987836656,,diagnosis_base,Baseline,base,equipment_cost_usd
207,3,109.06995467471756,22.0,Equipment (Doppler),102.80889308579279,,diagnosis_base,Baseline,base,equipment_cost_usd
207,4,109.06995467471756,22.0,Equipment (Doppler),99.81445930659494,,diagnosis_base,Baseline,base,equipment_cost_usd
207,5,109.06995467471756,22.0,Equipment (Doppler),96.9072420452378,,diagnosis_base,Baseline,base,equipment_cost_usd
207,6,109.06995467471756,22.0,Equipment (Doppler),94.08470101479398,,diagnosis_base,Baseline,base,equipment_cost_usd
207,7,109.06995467471756,22.0,Equipment (Doppler),91.3443699172757,,diagnosis_base,Baseline,base,equipment_cost_usd
207,8,109.06995467471756,22.0,Equipment (Doppler),88.68385428861718,,diagnosis_base,Baseline,base,equipment_cost_usd
207,9,109.06995467471756,22.0,Equipment (Doppler),86.10082940642444,,diagnosis_base,Baseline,base,equipment_cost_usd
207,10,109.06995467471756,22.0,Equipment (Doppler),83.5930382586645,,diagnosis_base,Baseline,base,equipment_cost_usd
208,1,109.06995467471756,22.0,Equipment (Doppler),109.06995467471756,,diagnosis_base,Baseline,base,equipment_cost_usd
208,2,109.06995467471756,22.0,Equipment (Doppler),105.89315987836656,,diagnosis_base,Baseline,base,equipment_cost_usd
208,3,109.06995467471756,22.0,Equipment (Doppler),102.80889308579279,,diagnosis_base,Baseline,base,equipment_cost_usd
208,4,109.06995467471756,22.0,Equipment (Doppler),99.81445930659494,,diagnosis_base,Baseline,base,equipment_cost_usd
208,5,109.06995467471756,22.0,Equipment (Doppler),96.9072420452378,,diagnosis_base,Baseline,base,equipment_cost_usd
208,6,109.06995467471756,22.0,Equipment (Doppler),94.08470101479398,,diagnosis_base,Baseline,base,equipment_cost_usd
208,7,109.06995467471756,22.0,Equipment (Doppler),91.3443699172757,,diagnosis_base,Baseline,base,equipment_cost_usd
208,8,109.06995467471756,22.0,Equipment (Doppler),88.68385428861718,,diagnosis_base,Baseline,base,equipment_cost_usd
208,9,109.06995467471756,22.0,Equipment (Doppler),86.10082940642444,,diagnosis_base,Baseline,base,equipment_cost_usd
208,10,109.06995467471756,22.0,Equipment (Doppler),83.5930382586645,,diagnosis_base,Baseline,base,equipment_cost_usd
209,1,109.06995467471756,22.0,Equipment (Doppler),109.06995467471756,,diagnosis_base,Baseline,base,equipment_cost_usd
209,2,109.06995467471756,22.0,Equipment (Doppler),105.89315987836656,,diagnosis_base,Baseline,base,equipment_cost_usd
209,3,109.06995467471756,22.0,Equipment (Doppler),102.80889308579279,,diagnosis_base,Baseline,base,equipment_cost_usd
209,4,109.06995467471756,22.0,Equipment (Doppler),99.81445930659494,,diagnosis_base,Baseline,base,equipment_cost_usd
209,5,109.06995467471756,22.0,Equipment (Doppler),96.9072420452378,,diagnosis_base,Baseline,base,equipment_cost_usd
209,6,109.06995467471756,22.0,Equipment (Doppler),94.08470101479398,,diagnosis_base,Baseline,base,equipment_cost_usd
209,7,109.06995467471756,22.0,Equipment (Doppler),91.3443699172757,,diagnosis_base,Baseline,base,equipment_cost_usd
209,8,109.06995467471756,22.0,Equipment (Doppler),88.68385428861718,,diagnosis_base,Baseline,base,equipment_cost_usd
209,9,109.06995467471756,22.0,Equipment (Doppler),86.10082940642444,,diagnosis_base,Baseline,base,equipment_cost_usd
209,10,109.06995467471756,22.0,Equipment (Doppler),83.5930382586645,,diagnosis_base,Baseline,base,equipment_cost_usd
210,1,109.06995467471756,22.0,Equipment (Doppler),109.06995467471756,,diagnosis_base,Baseline,base,equipment_cost_usd
210,2,109.06995467471756,22.0,Equipment (Doppler),105.89315987836656,,diagnosis_base,Baseline,base,equipment_cost_usd
210,3,109.06995467471756,22.0,Equipment (Doppler),102.80889308579279,,diagnosis_base,Baseline,base,equipment_cost_usd
210,4,109.06995467471756,22.0,Equipment (Doppler),99.81445930659494,,diagnosis_base,Baseline,base,equipment_cost_usd
210,5,109.06995467471756,22.0,Equipment (Doppler),96.9072420452378,,diagnosis_base,Baseline,base,equipment_cost_usd
210,6,109.06995467471756,22.0,Equipment (Doppler),94.08470101479398,,diagnosis_base,Baseline,base,equipment_cost_usd
210,7,109.06995467471756,22.0,Equipment (Doppler),91.3443699172757,,diagnosis_base,Baseline,base,equipment_cost_usd
210,8,109.06995467471756,22.0,Equipment (Doppler),88.68385428861718,,diagnosis_base,Baseline,base,equipment_cost_usd
210,9,109.06995467471756,22.0,Equipment (Doppler),86.10082940642444,,diagnosis_base,Baseline,base,equipment_cost_usd
210,10,109.06995467471756,22.0,Equipment (Doppler),83.5930382586645,,diagnosis_base,Baseline,base,equipment_cost_usd
211,1,109.06995467471756,22.0,Equipment (Doppler),109.06995467471756,,diagnosis_base,Baseline,base,equipment_cost_usd
211,2,109.06995467471756,22.0,Equipment (Doppler),105.89315987836656,,diagnosis_base,Baseline,base,equipment_cost_usd
211,3,109.06995467471756,22.0,Equipment (Doppler),102.80889308579279,,diagnosis_base,Baseline,base,equipment_cost_usd
211,4,109.06995467471756,22.0,Equipment (Doppler),99.81445930659494,,diagnosis_base,Baseline,base,equipment_cost_usd
211,5,109.06995467471756,22.0,Equipment (Doppler),96.9072420452378,,diagnosis_base,Baseline,base,equipment_cost_usd
211,6,109.06995467471756,22.0,Equipment (Doppler),94.08470101479398,,diagnosis_base,Baseline,base,equipment_cost_usd
211,7,109.06995467471756,22.0,Equipment (Doppler),91.3443699172757,,diagnosis_base,Baseline,base,equipment_cost_usd
211,8,109.06995467471756,22.0,Equipment (Doppler),88.68385428861718,,diagnosis_base,Baseline,base,equipment_cost_usd
211,9,109.06995467471756,22.0,Equipment (Doppler),86.10082940642444,,diagnosis_base,Baseline,base,equipment_cost_usd
211,10,109.06995467471756,22.0,Equipment (Doppler),83.5930382586645,,diagnosis_base,Baseline,base,equipment_cost_usd
212,1,109.06995467471756,22.0,Equipment (Doppler),109.06995467471756,,diagnosis_base,Baseline,base,equipment_cost_usd
212,2,109.06995467471756,22.0,Equipment (Doppler),105.89315987836656,,diagnosis_base,Baseline,base,equipment_cost_usd
212,3,109.06995467471756,22.0,Equipment (Doppler),102.80889308579279,,diagnosis_base,Baseline,base,equipment_cost_usd
212,4,109.06995467471756,22.0,Equipment (Doppler),99.81445930659494,,diagnosis_base,Baseline,base,equipment_cost_usd
212,5,109.06995467471756,22.0,Equipment (Doppler),96.9072420452378,,diagnosis_base,Baseline,base,equipment_cost_usd
212,6,109.06995467471756,22.0,Equipment (Doppler),94.08470101479398,,diagnosis_base,Baseline,base,equipment_cost_usd
212,7,109.06995467471756,22.0,Equipment (Doppler),91.3443699172757,,diagnosis_base,Baseline,base,equipment_cost_usd
212,8,109.06995467471756,22.0,Equipment (Doppler),88.68385428861718,,diagnosis_base,Baseline,base,equipment_cost_usd
212,9,109.06995467471756,22.0,Equipment (Doppler),86.10082940642444,,diagnosis_base,Baseline,base,equipment_cost_usd
212,10,109.06995467471756,22.0,Equipment (Doppler),83.5930382586645,,diagnosis_base,Baseline,base,equipment_cost_usd
213,1,109.06995467471756,22.0,Equipment (Doppler),109.06995467471756,,diagnosis_base,Baseline,base,equipment_cost_usd
213,2,109.06995467471756,22.0,Equipment (Doppler),105.89315987836656,,diagnosis_base,Baseline,base,equipment_cost_usd
213,3,109.06995467471756,22.0,Equipment (Doppler),102.80889308579279,,diagnosis_base,Baseline,base,equipment_cost_usd
213,4,109.06995467471756,22.0,Equipment (Doppler),99.81445930659494,,diagnosis_base,Baseline,base,equipment_cost_usd
213,5,109.06995467471756,22.0,Equipment (Doppler),96.9072420452378,,diagnosis_base,Baseline,base,equipment_cost_usd
213,6,109.06995467471756,22.0,Equipment (Doppler),94.08470101479398,,diagnosis_base,Baseline,base,equipment_cost_usd
213,7,109.06995467471756,22.0,Equipment (Doppler),91.3443699172757,,diagnosis_base,Baseline,base,equipment_cost_usd
213,8,109.06995467471756,22.0,Equipment (Doppler),88.68385428861718,,diagnosis_base,Baseline,base,equipment_cost_usd
213,9,109.06995467471756,22.0,Equipment (Doppler),86.10082940642444,,diagnosis_base,Baseline,base,equipment_cost_usd
213,10,109.06995467471756,22.0,Equipment (Doppler),83.5930382586645,,diagnosis_base,Baseline,base,equipment_cost_usd
214,1,109.06995467471756,22.0,Equipment (Doppler),109.06995467471756,,diagnosis_base,Baseline,base,equipment_cost_usd
214,2,109.06995467471756,22.0,Equipment (Doppler),105.89315987836656,,diagnosis_base,Baseline,base,equipment_cost_usd
214,3,109.06995467471756,22.0,Equipment (Doppler),102.80889308579279,,diagnosis_base,Baseline,base,equipment_cost_usd
214,4,109.06995467471756,22.0,Equipment (Doppler),99.81445930659494,,diagnosis_base,Baseline,base,equipment_cost_usd
214,5,109.06995467471756,22.0,Equipment (Doppler),96.9072420452378,,diagnosis_base,Baseline,base,equipment_cost_usd
214,6,109.06995467471756,22.0,Equipment (Doppler),94.08470101479398,,diagnosis_base,Baseline,base,equipment_cost_usd
214,7,109.06995467471756,22.0,Equipment (Doppler),91.3443699172757,,diagnosis_base,Baseline,base,equipment_cost_usd
214,8,109.06995467471756,22.0,Equipment (Doppler),88.68385428861718,,diagnosis_base,Baseline,base,equipment_cost_usd
214,9,109.06995467471756,22.0,Equipment (Doppler),86.10082940642444,,diagnosis_base,Baseline,base,equipment_cost_usd
214,10,109.06995467471756,22.0,Equipment (Doppler),83.5930382586645,,diagnosis_base,Baseline,base,equipment_cost_usd
215,1,109.06995467471756,22.0,Equipment (Doppler),109.06995467471756,,diagnosis_base,Baseline,base,equipment_cost_usd
215,2,109.06995467471756,22.0,Equipment (Doppler),105.89315987836656,,diagnosis_base,Baseline,base,equipment_cost_usd
215,3,109.06995467471756,22.0,Equipment (Doppler),102.80889308579279,,diagnosis_base,Baseline,base,equipment_cost_usd
215,4,109.06995467471756,22.0,Equipment (Doppler),99.81445930659494,,diagnosis_base,Baseline,base,equipment_cost_usd
215,5,109.06995467471756,22.0,Equipment (Doppler),96.9072420452378,,diagnosis_base,Baseline,base,equipment_cost_usd
215,6,109.06995467471756,22.0,Equipment (Doppler),94.08470101479398,,diagnosis_base,Baseline,base,equipment_cost_usd
215,7,109.06995467471756,22.0,Equipment (Doppler),91.3443699172757,,diagnosis_base,Baseline,base,equipment_cost_usd
215,8,109.06995467471756,22.0,Equipment (Doppler),88.68385428861718,,diagnosis_base,Baseline,base,equipment_cost_usd
215,9,109.06995467471756,22.0,Equipment (Doppler),86.10082940642444,,diagnosis_base,Baseline,base,equipment_cost_usd
215,10,109.06995467471756,22.0,Equipment (Doppler),83.5930382586645,,diagnosis_base,Baseline,base,equipment_cost_usd
216,1,109.06995467471756,22.0,Equipment (Doppler),109.06995467471756,,diagnosis_base,Baseline,base,equipment_cost_usd
216,2,109.06995467471756,22.0,Equipment (Doppler),105.89315987836656,,diagnosis_base,Baseline,base,equipment_cost_usd
216,3,109.06995467471756,22.0,Equipment (Doppler),102.80889308579279,,diagnosis_base,Baseline,base,equipment_cost_usd
216,4,109.06995467471756,22.0,Equipment (Doppler),99.81445930659494,,diagnosis_base,Baseline,base,equipment_cost_usd
216,5,109.06995467471756,22.0,Equipment (Doppler),96.9072420452378,,diagnosis_base,Baseline,base,equipment_cost_usd
216,6,109.06995467471756,22.0,Equipment (Doppler),94.08470101479398,,diagnosis_base,Baseline,base,equipment_cost_usd
216,7,109.06995467471756,22.0,Equipment (Doppler),91.3443699172757,,diagnosis_base,Baseline,base,equipment_cost_usd
216,8,109.06995467471756,22.0,Equipment (Doppler),88.68385428861718,,diagnosis_base,Baseline,base,equipment_cost_usd
216,9,109.06995467471756,22.0,Equipment (Doppler),86.10082940642444,,diagnosis_base,Baseline,base,equipment_cost_usd
216,10,109.06995467471756,22.0,Equipment (Doppler),83.5930382586645,,diagnosis_base,Baseline,base,equipment_cost_usd
217,1,109.06995467471756,22.0,Equipment (Doppler),109.06995467471756,,diagnosis_base,Baseline,base,equipment_cost_usd
217,2,109.06995467471756,22.0,Equipment (Doppler),105.89315987836656,,diagnosis_base,Baseline,base,equipment_cost_usd
217,3,109.06995467471756,22.0,Equipment (Doppler),102.80889308579279,,diagnosis_base,Baseline,base,equipment_cost_usd
217,4,109.06995467471756,22.0,Equipment (Doppler),99.81445930659494,,diagnosis_base,Baseline,base,equipment_cost_usd
217,5,109.06995467471756,22.0,Equipment (Doppler),96.9072420452378,,diagnosis_base,Baseline,base,equipment_cost_usd
217,6,109.06995467471756,22.0,Equipment (Doppler),94.08470101479398,,diagnosis_base,Baseline,base,equipment_cost_usd
217,7,109.06995467471756,22.0,Equipment (Doppler),91.3443699172757,,diagnosis_base,Baseline,base,equipment_cost_usd
217,8,109.06995467471756,22.0,Equipment (Doppler),88.68385428861718,,diagnosis_base,Baseline,base,equipment_cost_usd
217,9,109.06995467471756,22.0,Equipment (Doppler),86.10082940642444,,diagnosis_base,Baseline,base,equipment_cost_usd
217,10,109.06995467471756,22.0,Equipment (Doppler),83.5930382586645,,diagnosis_base,Baseline,base,equipment_cost_usd
218,1,109.06995467471756,22.0,Equipment (Doppler),109.06995467471756,,diagnosis_base,Baseline,base,equipment_cost_usd
218,2,109.06995467471756,22.0,Equipment (Doppler),105.89315987836656,,diagnosis_base,Baseline,base,equipment_cost_usd
218,3,109.06995467471756,22.0,Equipment (Doppler),102.80889308579279,,diagnosis_base,Baseline,base,equipment_cost_usd
218,4,109.06995467471756,22.0,Equipment (Doppler),99.81445930659494,,diagnosis_base,Baseline,base,equipment_cost_usd
218,5,109.06995467471756,22.0,Equipment (Doppler),96.9072420452378,,diagnosis_base,Baseline,base,equipment_cost_usd
218,6,109.06995467471756,22.0,Equipment (Doppler),94.08470101479398,,diagnosis_base,Baseline,base,equipment_cost_usd
218,7,109.06995467471756,22.0,Equipment (Doppler),91.3443699172757,,diagnosis_base,Baseline,base,equipment_cost_usd
218,8,109.06995467471756,22.0,Equipment (Doppler),88.68385428861718,,diagnosis_base,Baseline,base,equipment_cost_usd
218,9,109.06995467471756,22.0,Equipment (Doppler),86.10082940642444,,diagnosis_base,Baseline,base,equipment_cost_usd
218,10,109.06995467471756,22.0,Equipment (Doppler),83.5930382586645,,diagnosis_base,Baseline,base,equipment_cost_usd
219,1,109.06995467471756,22.0,Equipment (Doppler),109.06995467471756,,diagnosis_base,Baseline,base,equipment_cost_usd
219,2,109.06995467471756,22.0,Equipment (Doppler),105.89315987836656,,diagnosis_base,Baseline,base,equipment_cost_usd
219,3,109.06995467471756,22.0,Equipment (Doppler),102.80889308579279,,diagnosis_base,Baseline,base,equipment_cost_usd
219,4,109.06995467471756,22.0,Equipment (Doppler),99.81445930659494,,diagnosis_base,Baseline,base,equipment_cost_usd
219,5,109.06995467471756,22.0,Equipment (Doppler),96.9072420452378,,diagnosis_base,Baseline,base,equipment_cost_usd
219,6,109.06995467471756,22.0,Equipment (Doppler),94.08470101479398,,diagnosis_base,Baseline,base,equipment_cost_usd
219,7,109.06995467471756,22.0,Equipment (Doppler),91.3443699172757,,diagnosis_base,Baseline,base,equipment_cost_usd
219,8,109.06995467471756,22.0,Equipment (Doppler),88.68385428861718,,diagnosis_base,Baseline,base,equipment_cost_usd
219,9,109.06995467471756,22.0,Equipment (Doppler),86.10082940642444,,diagnosis_base,Baseline,base,equipment_cost_usd
219,10,109.06995467471756,22.0,Equipment (Doppler),83.5930382586645,,diagnosis_base,Baseline,base,equipment_cost_usd
220,1,109.06995467471756,22.0,Equipment (Doppler),109.06995467471756,,diagnosis_base,Baseline,base,equipment_cost_usd
220,2,109.06995467471756,22.0,Equipment (Doppler),105.89315987836656,,diagnosis_base,Baseline,base,equipment_cost_usd
220,3,109.06995467471756,22.0,Equipment (Doppler),102.80889308579279,,diagnosis_base,Baseline,base,equipment_cost_usd
220,4,109.06995467471756,22.0,Equipment (Doppler),99.81445930659494,,diagnosis_base,Baseline,base,equipment_cost_usd
220,5,109.06995467471756,22.0,Equipment (Doppler),96.9072420452378,,diagnosis_base,Baseline,base,equipment_cost_usd
220,6,109.06995467471756,22.0,Equipment (Doppler),94.08470101479398,,diagnosis_base,Baseline,base,equipment_cost_usd
220,7,109.06995467471756,22.0,Equipment (Doppler),91.3443699172757,,diagnosis_base,Baseline,base,equipment_cost_usd
220,8,109.06995467471756,22.0,Equipment (Doppler),88.68385428861718,,diagnosis_base,Baseline,base,equipment_cost_usd
220,9,109.06995467471756,22.0,Equipment (Doppler),86.10082940642444,,diagnosis_base,Baseline,base,equipment_cost_usd
220,10,109.06995467471756,22.0,Equipment (Doppler),83.5930382586645,,diagnosis_base,Baseline,base,equipment_cost_usd
221,1,109.06995467471756,22.0,Equipment (Doppler),109.06995467471756,,diagnosis_base,Baseline,base,equipment_cost_usd
221,2,109.06995467471756,22.0,Equipment (Doppler),105.89315987836656,,diagnosis_base,Baseline,base,equipment_cost_usd
221,3,109.06995467471756,22.0,Equipment (Doppler),102.80889308579279,,diagnosis_base,Baseline,base,equipment_cost_usd
221,4,109.06995467471756,22.0,Equipment (Doppler),99.81445930659494,,diagnosis_base,Baseline,base,equipment_cost_usd
221,5,109.06995467471756,22.0,Equipment (Doppler),96.9072420452378,,diagnosis_base,Baseline,base,equipment_cost_usd
221,6,109.06995467471756,22.0,Equipment (Doppler),94.08470101479398,,diagnosis_base,Baseline,base,equipment_cost_usd
221,7,109.06995467471756,22.0,Equipment (Doppler),91.3443699172757,,diagnosis_base,Baseline,base,equipment_cost_usd
221,8,109.06995467471756,22.0,Equipment (Doppler),88.68385428861718,,diagnosis_base,Baseline,base,equipment_cost_usd
221,9,109.06995467471756,22.0,Equipment (Doppler),86.10082940642444,,diagnosis_base,Baseline,base,equipment_cost_usd
221,10,109.06995467471756,22.0,Equipment (Doppler),83.5930382586645,,diagnosis_base,Baseline,base,equipment_cost_usd
222,1,109.06995467471756,22.0,Equipment (Doppler),109.06995467471756,,diagnosis_base,Baseline,base,equipment_cost_usd
222,2,109.06995467471756,22.0,Equipment (Doppler),105.89315987836656,,diagnosis_base,Baseline,base,equipment_cost_usd
222,3,109.06995467471756,22.0,Equipment (Doppler),102.80889308579279,,diagnosis_base,Baseline,base,equipment_cost_usd
222,4,109.06995467471756,22.0,Equipment (Doppler),99.81445930659494,,diagnosis_base,Baseline,base,equipment_cost_usd
222,5,109.06995467471756,22.0,Equipment (Doppler),96.9072420452378,,diagnosis_base,Baseline,base,equipment_cost_usd
222,6,109.06995467471756,22.0,Equipment (Doppler),94.08470101479398,,diagnosis_base,Baseline,base,equipment_cost_usd
222,7,109.06995467471756,22.0,Equipment (Doppler),91.3443699172757,,diagnosis_base,Baseline,base,equipment_cost_usd
222,8,109.06995467471756,22.0,Equipment (Doppler),88.68385428861718,,diagnosis_base,Baseline,base,equipment_cost_usd
222,9,109.06995467471756,22.0,Equipment (Doppler),86.10082940642444,,diagnosis_base,Baseline,base,equipment_cost_usd
222,10,109.06995467471756,22.0,Equipment (Doppler),83.5930382586645,,diagnosis_base,Baseline,base,equipment_cost_usd
223,1,109.06995467471756,22.0,Equipment (Doppler),109.06995467471756,,diagnosis_base,Baseline,base,equipment_cost_usd
223,2,109.06995467471756,22.0,Equipment (Doppler),105.89315987836656,,diagnosis_base,Baseline,base,equipment_cost_usd
223,3,109.06995467471756,22.0,Equipment (Doppler),102.80889308579279,,diagnosis_base,Baseline,base,equipment_cost_usd
223,4,109.06995467471756,22.0,Equipment (Doppler),99.81445930659494,,diagnosis_base,Baseline,base,equipment_cost_usd
223,5,109.06995467471756,22.0,Equipment (Doppler),96.9072420452378,,diagnosis_base,Baseline,base,equipment_cost_usd
223,6,109.06995467471756,22.0,Equipment (Doppler),94.08470101479398,,diagnosis_base,Baseline,base,equipment_cost_usd
223,7,109.06995467471756,22.0,Equipment (Doppler),91.3443699172757,,diagnosis_base,Baseline,base,equipment_cost_usd
223,8,109.06995467471756,22.0,Equipment (Doppler),88.68385428861718,,diagnosis_base,Baseline,base,equipment_cost_usd
223,9,109.06995467471756,22.0,Equipment (Doppler),86.10082940642444,,diagnosis_base,Baseline,base,equipment_cost_usd
223,10,109.06995467471756,22.0,Equipment (Doppler),83.5930382586645,,diagnosis_base,Baseline,base,equipment_cost_usd
224,1,109.06995467471756,22.0,Equipment (Doppler),109.06995467471756,,diagnosis_base,Baseline,base,equipment_cost_usd
224,2,109.06995467471756,22.0,Equipment (Doppler),105.89315987836656,,diagnosis_base,Baseline,base,equipment_cost_usd
224,3,109.06995467471756,22.0,Equipment (Doppler),102.80889308579279,,diagnosis_base,Baseline,base,equipment_cost_usd
224,4,109.06995467471756,22.0,Equipment (Doppler),99.81445930659494,,diagnosis_base,Baseline,base,equipment_cost_usd
224,5,109.06995467471756,22.0,Equipment (Doppler),96.9072420452378,,diagnosis_base,Baseline,base,equipment_cost_usd
224,6,109.06995467471756,22.0,Equipment (Doppler),94.08470101479398,,diagnosis_base,Baseline,base,equipment_cost_usd
224,7,109.06995467471756,22.0,Equipment (Doppler),91.3443699172757,,diagnosis_base,Baseline,base,equipment_cost_usd
224,8,109.06995467471756,22.0,Equipment (Doppler),88.68385428861718,,diagnosis_base,Baseline,base,equipment_cost_usd
224,9,109.06995467471756,22.0,Equipment (Doppler),86.10082940642444,,diagnosis_base,Baseline,base,equipment_cost_usd
224,10,109.06995467471756,22.0,Equipment (Doppler),83.5930382586645,,diagnosis_base,Baseline,base,equipment_cost_usd
225,1,109.06995467471756,22.0,Equipment (Doppler),109.06995467471756,,diagnosis_base,Baseline,base,equipment_cost_usd
225,2,109.06995467471756,22.0,Equipment (Doppler),105.89315987836656,,diagnosis_base,Baseline,base,equipment_cost_usd
225,3,109.06995467471756,22.0,Equipment (Doppler),102.80889308579279,,diagnosis_base,Baseline,base,equipment_cost_usd
225,4,109.06995467471756,22.0,Equipment (Doppler),99.81445930659494,,diagnosis_base,Baseline,base,equipment_cost_usd
225,5,109.06995467471756,22.0,Equipment (Doppler),96.9072420452378,,diagnosis_base,Baseline,base,equipment_cost_usd
225,6,109.06995467471756,22.0,Equipment (Doppler),94.08470101479398,,diagnosis_base,Baseline,base,equipment_cost_usd
225,7,109.06995467471756,22.0,Equipment (Doppler),91.3443699172757,,diagnosis_base,Baseline,base,equipment_cost_usd
225,8,109.06995467471756,22.0,Equipment (Doppler),88.68385428861718,,diagnosis_base,Baseline,base,equipment_cost_usd
225,9,109.06995467471756,22.0,Equipment (Doppler),86.10082940642444,,diagnosis_base,Baseline,base,equipment_cost_usd
225,10,109.06995467471756,22.0,Equipment (Doppler),83.5930382586645,,diagnosis_base,Baseline,base,equipment_cost_usd
226,1,109.06995467471756,22.0,Equipment (Doppler),109.06995467471756,,diagnosis_base,Baseline,base,equipment_cost_usd
226,2,109.06995467471756,22.0,Equipment (Doppler),105.89315987836656,,diagnosis_base,Baseline,base,equipment_cost_usd
226,3,109.06995467471756,22.0,Equipment (Doppler),102.80889308579279,,diagnosis_base,Baseline,base,equipment_cost_usd
226,4,109.06995467471756,22.0,Equipment (Doppler),99.81445930659494,,diagnosis_base,Baseline,base,equipment_cost_usd
226,5,109.06995467471756,22.0,Equipment (Doppler),96.9072420452378,,diagnosis_base,Baseline,base,equipment_cost_usd
226,6,109.06995467471756,22.0,Equipment (Doppler),94.08470101479398,,diagnosis_base,Baseline,base,equipment_cost_usd
226,7,109.06995467471756,22.0,Equipment (Doppler),91.3443699172757,,diagnosis_base,Baseline,base,equipment_cost_usd
226,8,109.06995467471756,22.0,Equipment (Doppler),88.68385428861718,,diagnosis_base,Baseline,base,equipment_cost_usd
226,9,109.06995467471756,22.0,Equipment (Doppler),86.10082940642444,,diagnosis_base,Baseline,base,equipment_cost_usd
226,10,109.06995467471756,22.0,Equipment (Doppler),83.5930382586645,,diagnosis_base,Baseline,base,equipment_cost_usd
227,1,109.06995467471756,22.0,Equipment (Doppler),109.06995467471756,,diagnosis_base,Baseline,base,equipment_cost_usd
227,2,109.06995467471756,22.0,Equipment (Doppler),105.89315987836656,,diagnosis_base,Baseline,base,equipment_cost_usd
227,3,109.06995467471756,22.0,Equipment (Doppler),102.80889308579279,,diagnosis_base,Baseline,base,equipment_cost_usd
227,4,109.06995467471756,22.0,Equipment (Doppler),99.81445930659494,,diagnosis_base,Baseline,base,equipment_cost_usd
227,5,109.06995467471756,22.0,Equipment (Doppler),96.9072420452378,,diagnosis_base,Baseline,base,equipment_cost_usd
227,6,109.06995467471756,22.0,Equipment (Doppler),94.08470101479398,,diagnosis_base,Baseline,base,equipment_cost_usd
227,7,109.06995467471756,22.0,Equipment (Doppler),91.3443699172757,,diagnosis_base,Baseline,base,equipment_cost_usd
227,8,109.06995467471756,22.0,Equipment (Doppler),88.68385428861718,,diagnosis_base,Baseline,base,equipment_cost_usd
227,9,109.06995467471756,22.0,Equipment (Doppler),86.10082940642444,,diagnosis_base,Baseline,base,equipment_cost_usd
227,10,109.06995467471756,22.0,Equipment (Doppler),83.5930382586645,,diagnosis_base,Baseline,base,equipment_cost_usd
228,1,109.06995467471756,22.0,Equipment (Doppler),109.06995467471756,,diagnosis_base,Baseline,base,equipment_cost_usd
228,2,109.06995467471756,22.0,Equipment (Doppler),105.89315987836656,,diagnosis_base,Baseline,base,equipment_cost_usd
228,3,109.06995467471756,22.0,Equipment (Doppler),102.80889308579279,,diagnosis_base,Baseline,base,equipment_cost_usd
228,4,109.06995467471756,22.0,Equipment (Doppler),99.81445930659494,,diagnosis_base,Baseline,base,equipment_cost_usd
228,5,109.06995467471756,22.0,Equipment (Doppler),96.9072420452378,,diagnosis_base,Baseline,base,equipment_cost_usd
228,6,109.06995467471756,22.0,Equipment (Doppler),94.08470101479398,,diagnosis_base,Baseline,base,equipment_cost_usd
228,7,109.06995467471756,22.0,Equipment (Doppler),91.3443699172757,,diagnosis_base,Baseline,base,equipment_cost_usd
228,8,109.06995467471756,22.0,Equipment (Doppler),88.68385428861718,,diagnosis_base,Baseline,base,equipment_cost_usd
228,9,109.06995467471756,22.0,Equipment (Doppler),86.10082940642444,,diagnosis_base,Baseline,base,equipment_cost_usd
228,10,109.06995467471756,22.0,Equipment (Doppler),83.5930382586645,,diagnosis_base,Baseline,base,equipment_cost_usd
229,1,109.06995467471756,22.0,Equipment (Doppler),109.06995467471756,,diagnosis_base,Baseline,base,equipment_cost_usd
229,2,109.06995467471756,22.0,Equipment (Doppler),105.89315987836656,,diagnosis_base,Baseline,base,equipment_cost_usd
229,3,109.06995467471756,22.0,Equipment (Doppler),102.80889308579279,,diagnosis_base,Baseline,base,equipment_cost_usd
229,4,109.06995467471756,22.0,Equipment (Doppler),99.81445930659494,,diagnosis_base,Baseline,base,equipment_cost_usd
229,5,109.06995467471756,22.0,Equipment (Doppler),96.9072420452378,,diagnosis_base,Baseline,base,equipment_cost_usd
229,6,109.06995467471756,22.0,Equipment (Doppler),94.08470101479398,,diagnosis_base,Baseline,base,equipment_cost_usd
229,7,109.06995467471756,22.0,Equipment (Doppler),91.3443699172757,,diagnosis_base,Baseline,base,equipment_cost_usd
229,8,109.06995467471756,22.0,Equipment (Doppler),88.68385428861718,,diagnosis_base,Baseline,base,equipment_cost_usd
229,9,109.06995467471756,22.0,Equipment (Doppler),86.10082940642444,,diagnosis_base,Baseline,base,equipment_cost_usd
229,10,109.06995467471756,22.0,Equipment (Doppler),83.5930382586645,,diagnosis_base,Baseline,base,equipment_cost_usd
230,1,109.06995467471756,22.0,Equipment (Doppler),109.06995467471756,,diagnosis_base,Baseline,base,equipment_cost_usd
230,2,109.06995467471756,22.0,Equipment (Doppler),105.89315987836656,,diagnosis_base,Baseline,base,equipment_cost_usd
230,3,109.06995467471756,22.0,Equipment (Doppler),102.80889308579279,,diagnosis_base,Baseline,base,equipment_cost_usd
230,4,109.06995467471756,22.0,Equipment (Doppler),99.81445930659494,,diagnosis_base,Baseline,base,equipment_cost_usd
230,5,109.06995467471756,22.0,Equipment (Doppler),96.9072420452378,,diagnosis_base,Baseline,base,equipment_cost_usd
230,6,109.06995467471756,22.0,Equipment (Doppler),94.08470101479398,,diagnosis_base,Baseline,base,equipment_cost_usd
230,7,109.06995467471756,22.0,Equipment (Doppler),91.3443699172757,,diagnosis_base,Baseline,base,equipment_cost_usd
230,8,109.06995467471756,22.0,Equipment (Doppler),88.68385428861718,,diagnosis_base,Baseline,base,equipment_cost_usd
230,9,109.06995467471756,22.0,Equipment (Doppler),86.10082940642444,,diagnosis_base,Baseline,base,equipment_cost_usd
230,10,109.06995467471756,22.0,Equipment (Doppler),83.5930382586645,,diagnosis_base,Baseline,base,equipment_cost_usd
231,1,109.06995467471756,22.0,Equipment (Doppler),109.06995467471756,,diagnosis_base,Baseline,base,equipment_cost_usd
231,2,109.06995467471756,22.0,Equipment (Doppler),105.89315987836656,,diagnosis_base,Baseline,base,equipment_cost_usd
231,3,109.06995467471756,22.0,Equipment (Doppler),102.80889308579279,,diagnosis_base,Baseline,base,equipment_cost_usd
231,4,109.06995467471756,22.0,Equipment (Doppler),99.81445930659494,,diagnosis_base,Baseline,base,equipment_cost_usd
231,5,109.06995467471756,22.0,Equipment (Doppler),96.9072420452378,,diagnosis_base,Baseline,base,equipment_cost_usd
231,6,109.06995467471756,22.0,Equipment (Doppler),94.08470101479398,,diagnosis_base,Baseline,base,equipment_cost_usd
231,7,109.06995467471756,22.0,Equipment (Doppler),91.3443699172757,,diagnosis_base,Baseline,base,equipment_cost_usd
231,8,109.06995467471756,22.0,Equipment (Doppler),88.68385428861718,,diagnosis_base,Baseline,base,equipment_cost_usd
231,9,109.06995467471756,22.0,Equipment (Doppler),86.10082940642444,,diagnosis_base,Baseline,base,equipment_cost_usd
231,10,109.06995467471756,22.0,Equipment (Doppler),83.5930382586645,,diagnosis_base,Baseline,base,equipment_cost_usd
232,1,109.06995467471756,22.0,Equipment (Doppler),109.06995467471756,,diagnosis_base,Baseline,base,equipment_cost_usd
232,2,109.06995467471756,22.0,Equipment (Doppler),105.89315987836656,,diagnosis_base,Baseline,base,equipment_cost_usd
232,3,109.06995467471756,22.0,Equipment (Doppler),102.80889308579279,,diagnosis_base,Baseline,base,equipment_cost_usd
232,4,109.06995467471756,22.0,Equipment (Doppler),99.81445930659494,,diagnosis_base,Baseline,base,equipment_cost_usd
232,5,109.06995467471756,22.0,Equipment (Doppler),96.9072420452378,,diagnosis_base,Baseline,base,equipment_cost_usd
232,6,109.06995467471756,22.0,Equipment (Doppler),94.08470101479398,,diagnosis_base,Baseline,base,equipment_cost_usd
232,7,109.06995467471756,22.0,Equipment (Doppler),91.3443699172757,,diagnosis_base,Baseline,base,equipment_cost_usd
232,8,109.06995467471756,22.0,Equipment (Doppler),88.68385428861718,,diagnosis_base,Baseline,base,equipment_cost_usd
232,9,109.06995467471756,22.0,Equipment (Doppler),86.10082940642444,,diagnosis_base,Baseline,base,equipment_cost_usd
232,10,109.06995467471756,22.0,Equipment (Doppler),83.5930382586645,,diagnosis_base,Baseline,base,equipment_cost_usd
233,1,109.06995467471756,22.0,Equipment (Doppler),109.06995467471756,,diagnosis_base,Baseline,base,equipment_cost_usd
233,2,109.06995467471756,22.0,Equipment (Doppler),105.89315987836656,,diagnosis_base,Baseline,base,equipment_cost_usd
233,3,109.06995467471756,22.0,Equipment (Doppler),102.80889308579279,,diagnosis_base,Baseline,base,equipment_cost_usd
233,4,109.06995467471756,22.0,Equipment (Doppler),99.81445930659494,,diagnosis_base,Baseline,base,equipment_cost_usd
233,5,109.06995467471756,22.0,Equipment (Doppler),96.9072420452378,,diagnosis_base,Baseline,base,equipment_cost_usd
233,6,109.06995467471756,22.0,Equipment (Doppler),94.08470101479398,,diagnosis_base,Baseline,base,equipment_cost_usd
233,7,109.06995467471756,22.0,Equipment (Doppler),91.3443699172757,,diagnosis_base,Baseline,base,equipment_cost_usd
233,8,109.06995467471756,22.0,Equipment (Doppler),88.68385428861718,,diagnosis_base,Baseline,base,equipment_cost_usd
233,9,109.06995467471756,22.0,Equipment (Doppler),86.10082940642444,,diagnosis_base,Baseline,base,equipment_cost_usd
233,10,109.06995467471756,22.0,Equipment (Doppler),83.5930382586645,,diagnosis_base,Baseline,base,equipment_cost_usd
234,1,109.06995467471756,22.0,Equipment (Doppler),109.06995467471756,,diagnosis_base,Baseline,base,equipment_cost_usd
234,2,109.06995467471756,22.0,Equipment (Doppler),105.89315987836656,,diagnosis_base,Baseline,base,equipment_cost_usd
234,3,109.06995467471756,22.0,Equipment (Doppler),102.80889308579279,,diagnosis_base,Baseline,base,equipment_cost_usd
234,4,109.06995467471756,22.0,Equipment (Doppler),99.81445930659494,,diagnosis_base,Baseline,base,equipment_cost_usd
234,5,109.06995467471756,22.0,Equipment (Doppler),96.9072420452378,,diagnosis_base,Baseline,base,equipment_cost_usd
234,6,109.06995467471756,22.0,Equipment (Doppler),94.08470101479398,,diagnosis_base,Baseline,base,equipment_cost_usd
234,7,109.06995467471756,22.0,Equipment (Doppler),91.3443699172757,,diagnosis_base,Baseline,base,equipment_cost_usd
234,8,109.06995467471756,22.0,Equipment (Doppler),88.68385428861718,,diagnosis_base,Baseline,base,equipment_cost_usd
234,9,109.06995467471756,22.0,Equipment (Doppler),86.10082940642444,,diagnosis_base,Baseline,base,equipment_cost_usd
234,10,109.06995467471756,22.0,Equipment (Doppler),83.5930382586645,,diagnosis_base,Baseline,base,equipment_cost_usd
235,1,109.06995467471756,22.0,Equipment (Doppler),109.06995467471756,,diagnosis_base,Baseline,base,equipment_cost_usd
235,2,109.06995467471756,22.0,Equipment (Doppler),105.89315987836656,,diagnosis_base,Baseline,base,equipment_cost_usd
235,3,109.06995467471756,22.0,Equipment (Doppler),102.80889308579279,,diagnosis_base,Baseline,base,equipment_cost_usd
235,4,109.06995467471756,22.0,Equipment (Doppler),99.81445930659494,,diagnosis_base,Baseline,base,equipment_cost_usd
235,5,109.06995467471756,22.0,Equipment (Doppler),96.9072420452378,,diagnosis_base,Baseline,base,equipment_cost_usd
235,6,109.06995467471756,22.0,Equipment (Doppler),94.08470101479398,,diagnosis_base,Baseline,base,equipment_cost_usd
235,7,109.06995467471756,22.0,Equipment (Doppler),91.3443699172757,,diagnosis_base,Baseline,base,equipment_cost_usd
235,8,109.06995467471756,22.0,Equipment (Doppler),88.68385428861718,,diagnosis_base,Baseline,base,equipment_cost_usd
235,9,109.06995467471756,22.0,Equipment (Doppler),86.10082940642444,,diagnosis_base,Baseline,base,equipment_cost_usd
235,10,109.06995467471756,22.0,Equipment (Doppler),83.5930382586645,,diagnosis_base,Baseline,base,equipment_cost_usd
236,1,109.06995467471756,22.0,Equipment (Doppler),109.06995467471756,,diagnosis_base,Baseline,base,equipment_cost_usd
236,2,109.06995467471756,22.0,Equipment (Doppler),105.89315987836656,,diagnosis_base,Baseline,base,equipment_cost_usd
236,3,109.06995467471756,22.0,Equipment (Doppler),102.80889308579279,,diagnosis_base,Baseline,base,equipment_cost_usd
236,4,109.06995467471756,22.0,Equipment (Doppler),99.81445930659494,,diagnosis_base,Baseline,base,equipment_cost_usd
236,5,109.06995467471756,22.0,Equipment (Doppler),96.9072420452378,,diagnosis_base,Baseline,base,equipment_cost_usd
236,6,109.06995467471756,22.0,Equipment (Doppler),94.08470101479398,,diagnosis_base,Baseline,base,equipment_cost_usd
236,7,109.06995467471756,22.0,Equipment (Doppler),91.3443699172757,,diagnosis_base,Baseline,base,equipment_cost_usd
236,8,109.06995467471756,22.0,Equipment (Doppler),88.68385428861718,,diagnosis_base,Baseline,base,equipment_cost_usd
236,9,109.06995467471756,22.0,Equipment (Doppler),86.10082940642444,,diagnosis_base,Baseline,base,equipment_cost_usd
236,10,109.06995467471756,22.0,Equipment (Doppler),83.5930382586645,,diagnosis_base,Baseline,base,equipment_cost_usd
237,1,109.06995467471756,22.0,Equipment (Doppler),109.06995467471756,,diagnosis_base,Baseline,base,equipment_cost_usd
237,2,109.06995467471756,22.0,Equipment (Doppler),105.89315987836656,,diagnosis_base,Baseline,base,equipment_cost_usd
237,3,109.06995467471756,22.0,Equipment (Doppler),102.80889308579279,,diagnosis_base,Baseline,base,equipment_cost_usd
237,4,109.06995467471756,22.0,Equipment (Doppler),99.81445930659494,,diagnosis_base,Baseline,base,equipment_cost_usd
237,5,109.06995467471756,22.0,Equipment (Doppler),96.9072420452378,,diagnosis_base,Baseline,base,equipment_cost_usd
237,6,109.06995467471756,22.0,Equipment (Doppler),94.08470101479398,,diagnosis_base,Baseline,base,equipment_cost_usd
237,7,109.06995467471756,22.0,Equipment (Doppler),91.3443699172757,,diagnosis_base,Baseline,base,equipment_cost_usd
237,8,109.06995467471756,22.0,Equipment (Doppler),88.68385428861718,,diagnosis_base,Baseline,base,equipment_cost_usd
237,9,109.06995467471756,22.0,Equipment (Doppler),86.10082940642444,,diagnosis_base,Baseline,base,equipment_cost_usd
237,10,109.06995467471756,22.0,Equipment (Doppler),83.5930382586645,,diagnosis_base,Baseline,base,equipment_cost_usd
238,1,109.06995467471756,22.0,Equipment (Doppler),109.06995467471756,,diagnosis_base,Baseline,base,equipment_cost_usd
238,2,109.06995467471756,22.0,Equipment (Doppler),105.89315987836656,,diagnosis_base,Baseline,base,equipment_cost_usd
238,3,109.06995467471756,22.0,Equipment (Doppler),102.80889308579279,,diagnosis_base,Baseline,base,equipment_cost_usd
238,4,109.06995467471756,22.0,Equipment (Doppler),99.81445930659494,,diagnosis_base,Baseline,base,equipment_cost_usd
238,5,109.06995467471756,22.0,Equipment (Doppler),96.9072420452378,,diagnosis_base,Baseline,base,equipment_cost_usd
238,6,109.06995467471756,22.0,Equipment (Doppler),94.08470101479398,,diagnosis_base,Baseline,base,equipment_cost_usd
238,7,109.06995467471756,22.0,Equipment (Doppler),91.3443699172757,,diagnosis_base,Baseline,base,equipment_cost_usd
238,8,109.06995467471756,22.0,Equipment (Doppler),88.68385428861718,,diagnosis_base,Baseline,base,equipment_cost_usd
238,9,109.06995467471756,22.0,Equipment (Doppler),86.10082940642444,,diagnosis_base,Baseline,base,equipment_cost_usd
238,10,109.06995467471756,22.0,Equipment (Doppler),83.5930382586645,,diagnosis_base,Baseline,base,equipment_cost_usd
239,1,109.06995467471756,22.0,Equipment (Doppler),109.06995467471756,,diagnosis_base,Baseline,base,equipment_cost_usd
239,2,109.06995467471756,22.0,Equipment (Doppler),105.89315987836656,,diagnosis_base,Baseline,base,equipment_cost_usd
239,3,109.06995467471756,22.0,Equipment (Doppler),102.80889308579279,,diagnosis_base,Baseline,base,equipment_cost_usd
239,4,109.06995467471756,22.0,Equipment (Doppler),99.81445930659494,,diagnosis_base,Baseline,base,equipment_cost_usd
239,5,109.06995467471756,22.0,Equipment (Doppler),96.9072420452378,,diagnosis_base,Baseline,base,equipment_cost_usd
239,6,109.06995467471756,22.0,Equipment (Doppler),94.08470101479398,,diagnosis_base,Baseline,base,equipment_cost_usd
239,7,109.06995467471756,22.0,Equipment (Doppler),91.3443699172757,,diagnosis_base,Baseline,base,equipment_cost_usd
239,8,109.06995467471756,22.0,Equipment (Doppler),88.68385428861718,,diagnosis_base,Baseline,base,equipment_cost_usd
239,9,109.06995467471756,22.0,Equipment (Doppler),86.10082940642444,,diagnosis_base,Baseline,base,equipment_cost_usd
239,10,109.06995467471756,22.0,Equipment (Doppler),83.5930382586645,,diagnosis_base,Baseline,base,equipment_cost_usd
240,1,109.06995467471756,22.0,Equipment (Doppler),109.06995467471756,,diagnosis_base,Baseline,base,equipment_cost_usd
240,2,109.06995467471756,22.0,Equipment (Doppler),105.89315987836656,,diagnosis_base,Baseline,base,equipment_cost_usd
240,3,109.06995467471756,22.0,Equipment (Doppler),102.80889308579279,,diagnosis_base,Baseline,base,equipment_cost_usd
240,4,109.06995467471756,22.0,Equipment (Doppler),99.81445930659494,,diagnosis_base,Baseline,base,equipment_cost_usd
240,5,109.06995467471756,22.0,Equipment (Doppler),96.9072420452378,,diagnosis_base,Baseline,base,equipment_cost_usd
240,6,109.06995467471756,22.0,Equipment (Doppler),94.08470101479398,,diagnosis_base,Baseline,base,equipment_cost_usd
240,7,109.06995467471756,22.0,Equipment (Doppler),91.3443699172757,,diagnosis_base,Baseline,base,equipment_cost_usd
240,8,109.06995467471756,22.0,Equipment (Doppler),88.68385428861718,,diagnosis_base,Baseline,base,equipment_cost_usd
240,9,109.06995467471756,22.0,Equipment (Doppler),86.10082940642444,,diagnosis_base,Baseline,base,equipment_cost_usd
240,10,109.06995467471756,22.0,Equipment (Doppler),83.5930382586645,,diagnosis_base,Baseline,base,equipment_cost_usd
241,1,109.06995467471756,22.0,Equipment (Doppler),109.06995467471756,,diagnosis_base,Baseline,base,equipment_cost_usd
241,2,109.06995467471756,22.0,Equipment (Doppler),105.89315987836656,,diagnosis_base,Baseline,base,equipment_cost_usd
241,3,109.06995467471756,22.0,Equipment (Doppler),102.80889308579279,,diagnosis_base,Baseline,base,equipment_cost_usd
241,4,109.06995467471756,22.0,Equipment (Doppler),99.81445930659494,,diagnosis_base,Baseline,base,equipment_cost_usd
241,5,109.06995467471756,22.0,Equipment (Doppler),96.9072420452378,,diagnosis_base,Baseline,base,equipment_cost_usd
241,6,109.06995467471756,22.0,Equipment (Doppler),94.08470101479398,,diagnosis_base,Baseline,base,equipment_cost_usd
241,7,109.06995467471756,22.0,Equipment (Doppler),91.3443699172757,,diagnosis_base,Baseline,base,equipment_cost_usd
241,8,109.06995467471756,22.0,Equipment (Doppler),88.68385428861718,,diagnosis_base,Baseline,base,equipment_cost_usd
241,9,109.06995467471756,22.0,Equipment (Doppler),86.10082940642444,,diagnosis_base,Baseline,base,equipment_cost_usd
241,10,109.06995467471756,22.0,Equipment (Doppler),83.5930382586645,,diagnosis_base,Baseline,base,equipment_cost_usd
242,1,109.06995467471756,22.0,Equipment (Doppler),109.06995467471756,,diagnosis_base,Baseline,base,equipment_cost_usd
242,2,109.06995467471756,22.0,Equipment (Doppler),105.89315987836656,,diagnosis_base,Baseline,base,equipment_cost_usd
242,3,109.06995467471756,22.0,Equipment (Doppler),102.80889308579279,,diagnosis_base,Baseline,base,equipment_cost_usd
242,4,109.06995467471756,22.0,Equipment (Doppler),99.81445930659494,,diagnosis_base,Baseline,base,equipment_cost_usd
242,5,109.06995467471756,22.0,Equipment (Doppler),96.9072420452378,,diagnosis_base,Baseline,base,equipment_cost_usd
242,6,109.06995467471756,22.0,Equipment (Doppler),94.08470101479398,,diagnosis_base,Baseline,base,equipment_cost_usd
242,7,109.06995467471756,22.0,Equipment (Doppler),91.3443699172757,,diagnosis_base,Baseline,base,equipment_cost_usd
242,8,109.06995467471756,22.0,Equipment (Doppler),88.68385428861718,,diagnosis_base,Baseline,base,equipment_cost_usd
242,9,109.06995467471756,22.0,Equipment (Doppler),86.10082940642444,,diagnosis_base,Baseline,base,equipment_cost_usd
242,10,109.06995467471756,22.0,Equipment (Doppler),83.5930382586645,,diagnosis_base,Baseline,base,equipment_cost_usd
243,1,109.06995467471756,22.0,Equipment (Doppler),109.06995467471756,,diagnosis_base,Baseline,base,equipment_cost_usd
243,2,109.06995467471756,22.0,Equipment (Doppler),105.89315987836656,,diagnosis_base,Baseline,base,equipment_cost_usd
243,3,109.06995467471756,22.0,Equipment (Doppler),102.80889308579279,,diagnosis_base,Baseline,base,equipment_cost_usd
243,4,109.06995467471756,22.0,Equipment (Doppler),99.81445930659494,,diagnosis_base,Baseline,base,equipment_cost_usd
243,5,109.06995467471756,22.0,Equipment (Doppler),96.9072420452378,,diagnosis_base,Baseline,base,equipment_cost_usd
243,6,109.06995467471756,22.0,Equipment (Doppler),94.08470101479398,,diagnosis_base,Baseline,base,equipment_cost_usd
243,7,109.06995467471756,22.0,Equipment (Doppler),91.3443699172757,,diagnosis_base,Baseline,base,equipment_cost_usd
243,8,109.06995467471756,22.0,Equipment (Doppler),88.68385428861718,,diagnosis_base,Baseline,base,equipment_cost_usd
243,9,109.06995467471756,22.0,Equipment (Doppler),86.10082940642444,,diagnosis_base,Baseline,base,equipment_cost_usd
243,10,109.06995467471756,22.0,Equipment (Doppler),83.5930382586645,,diagnosis_base,Baseline,base,equipment_cost_usd
244,1,109.06995467471756,22.0,Equipment (Doppler),109.06995467471756,,diagnosis_base,Baseline,base,equipment_cost_usd
244,2,109.06995467471756,22.0,Equipment (Doppler),105.89315987836656,,diagnosis_base,Baseline,base,equipment_cost_usd
244,3,109.06995467471756,22.0,Equipment (Doppler),102.80889308579279,,diagnosis_base,Baseline,base,equipment_cost_usd
244,4,109.06995467471756,22.0,Equipment (Doppler),99.81445930659494,,diagnosis_base,Baseline,base,equipment_cost_usd
244,5,109.06995467471756,22.0,Equipment (Doppler),96.9072420452378,,diagnosis_base,Baseline,base,equipment_cost_usd
244,6,109.06995467471756,22.0,Equipment (Doppler),94.08470101479398,,diagnosis_base,Baseline,base,equipment_cost_usd
244,7,109.06995467471756,22.0,Equipment (Doppler),91.3443699172757,,diagnosis_base,Baseline,base,equipment_cost_usd
244,8,109.06995467471756,22.0,Equipment (Doppler),88.68385428861718,,diagnosis_base,Baseline,base,equipment_cost_usd
244,9,109.06995467471756,22.0,Equipment (Doppler),86.10082940642444,,diagnosis_base,Baseline,base,equipment_cost_usd
244,10,109.06995467471756,22.0,Equipment (Doppler),83.5930382586645,,diagnosis_base,Baseline,base,equipment_cost_usd
245,1,109.06995467471756,22.0,Equipment (Doppler),109.06995467471756,,diagnosis_base,Baseline,base,equipment_cost_usd
245,2,109.06995467471756,22.0,Equipment (Doppler),105.89315987836656,,diagnosis_base,Baseline,base,equipment_cost_usd
245,3,109.06995467471756,22.0,Equipment (Doppler),102.80889308579279,,diagnosis_base,Baseline,base,equipment_cost_usd
245,4,109.06995467471756,22.0,Equipment (Doppler),99.81445930659494,,diagnosis_base,Baseline,base,equipment_cost_usd
245,5,109.06995467471756,22.0,Equipment (Doppler),96.9072420452378,,diagnosis_base,Baseline,base,equipment_cost_usd
245,6,109.06995467471756,22.0,Equipment (Doppler),94.08470101479398,,diagnosis_base,Baseline,base,equipment_cost_usd
245,7,109.06995467471756,22.0,Equipment (Doppler),91.3443699172757,,diagnosis_base,Baseline,base,equipment_cost_usd
245,8,109.06995467471756,22.0,Equipment (Doppler),88.68385428861718,,diagnosis_base,Baseline,base,equipment_cost_usd
245,9,109.06995467471756,22.0,Equipment (Doppler),86.10082940642444,,diagnosis_base,Baseline,base,equipment_cost_usd
245,10,109.06995467471756,22.0,Equipment (Doppler),83.5930382586645,,diagnosis_base,Baseline,base,equipment_cost_usd
246,1,109.06995467471756,22.0,Equipment (Doppler),109.06995467471756,,diagnosis_base,Baseline,base,equipment_cost_usd
246,2,109.06995467471756,22.0,Equipment (Doppler),105.89315987836656,,diagnosis_base,Baseline,base,equipment_cost_usd
246,3,109.06995467471756,22.0,Equipment (Doppler),102.80889308579279,,diagnosis_base,Baseline,base,equipment_cost_usd
246,4,109.06995467471756,22.0,Equipment (Doppler),99.81445930659494,,diagnosis_base,Baseline,base,equipment_cost_usd
246,5,109.06995467471756,22.0,Equipment (Doppler),96.9072420452378,,diagnosis_base,Baseline,base,equipment_cost_usd
246,6,109.06995467471756,22.0,Equipment (Doppler),94.08470101479398,,diagnosis_base,Baseline,base,equipment_cost_usd
246,7,109.06995467471756,22.0,Equipment (Doppler),91.3443699172757,,diagnosis_base,Baseline,base,equipment_cost_usd
246,8,109.06995467471756,22.0,Equipment (Doppler),88.68385428861718,,diagnosis_base,Baseline,base,equipment_cost_usd
246,9,109.06995467471756,22.0,Equipment (Doppler),86.10082940642444,,diagnosis_base,Baseline,base,equipment_cost_usd
246,10,109.06995467471756,22.0,Equipment (Doppler),83.5930382586645,,diagnosis_base,Baseline,base,equipment_cost_usd
247,1,109.06995467471756,22.0,Equipment (Doppler),109.06995467471756,,diagnosis_base,Baseline,base,equipment_cost_usd
247,2,109.06995467471756,22.0,Equipment (Doppler),105.89315987836656,,diagnosis_base,Baseline,base,equipment_cost_usd
247,3,109.06995467471756,22.0,Equipment (Doppler),102.80889308579279,,diagnosis_base,Baseline,base,equipment_cost_usd
247,4,109.06995467471756,22.0,Equipment (Doppler),99.81445930659494,,diagnosis_base,Baseline,base,equipment_cost_usd
247,5,109.06995467471756,22.0,Equipment (Doppler),96.9072420452378,,diagnosis_base,Baseline,base,equipment_cost_usd
247,6,109.06995467471756,22.0,Equipment (Doppler),94.08470101479398,,diagnosis_base,Baseline,base,equipment_cost_usd
247,7,109.06995467471756,22.0,Equipment (Doppler),91.3443699172757,,diagnosis_base,Baseline,base,equipment_cost_usd
247,8,109.06995467471756,22.0,Equipment (Doppler),88.68385428861718,,diagnosis_base,Baseline,base,equipment_cost_usd
247,9,109.06995467471756,22.0,Equipment (Doppler),86.10082940642444,,diagnosis_base,Baseline,base,equipment_cost_usd
247,10,109.06995467471756,22.0,Equipment (Doppler),83.5930382586645,,diagnosis_base,Baseline,base,equipment_cost_usd
248,1,109.06995467471756,22.0,Equipment (Doppler),109.06995467471756,,diagnosis_base,Baseline,base,equipment_cost_usd
248,2,109.06995467471756,22.0,Equipment (Doppler),105.89315987836656,,diagnosis_base,Baseline,base,equipment_cost_usd
248,3,109.06995467471756,22.0,Equipment (Doppler),102.80889308579279,,diagnosis_base,Baseline,base,equipment_cost_usd
248,4,109.06995467471756,22.0,Equipment (Doppler),99.81445930659494,,diagnosis_base,Baseline,base,equipment_cost_usd
248,5,109.06995467471756,22.0,Equipment (Doppler),96.9072420452378,,diagnosis_base,Baseline,base,equipment_cost_usd
248,6,109.06995467471756,22.0,Equipment (Doppler),94.08470101479398,,diagnosis_base,Baseline,base,equipment_cost_usd
248,7,109.06995467471756,22.0,Equipment (Doppler),91.3443699172757,,diagnosis_base,Baseline,base,equipment_cost_usd
248,8,109.06995467471756,22.0,Equipment (Doppler),88.68385428861718,,diagnosis_base,Baseline,base,equipment_cost_usd
248,9,109.06995467471756,22.0,Equipment (Doppler),86.10082940642444,,diagnosis_base,Baseline,base,equipment_cost_usd
248,10,109.06995467471756,22.0,Equipment (Doppler),83.5930382586645,,diagnosis_base,Baseline,base,equipment_cost_usd
249,1,109.06995467471756,22.0,Equipment (Doppler),109.06995467471756,,diagnosis_base,Baseline,base,equipment_cost_usd
249,2,109.06995467471756,22.0,Equipment (Doppler),105.89315987836656,,diagnosis_base,Baseline,base,equipment_cost_usd
249,3,109.06995467471756,22.0,Equipment (Doppler),102.80889308579279,,diagnosis_base,Baseline,base,equipment_cost_usd
249,4,109.06995467471756,22.0,Equipment (Doppler),99.81445930659494,,diagnosis_base,Baseline,base,equipment_cost_usd
249,5,109.06995467471756,22.0,Equipment (Doppler),96.9072420452378,,diagnosis_base,Baseline,base,equipment_cost_usd
249,6,109.06995467471756,22.0,Equipment (Doppler),94.08470101479398,,diagnosis_base,Baseline,base,equipment_cost_usd
249,7,109.06995467471756,22.0,Equipment (Doppler),91.3443699172757,,diagnosis_base,Baseline,base,equipment_cost_usd
249,8,109.06995467471756,22.0,Equipment (Doppler),88.68385428861718,,diagnosis_base,Baseline,base,equipment_cost_usd
249,9,109.06995467471756,22.0,Equipment (Doppler),86.10082940642444,,diagnosis_base,Baseline,base,equipment_cost_usd
249,10,109.06995467471756,22.0,Equipment (Doppler),83.5930382586645,,diagnosis_base,Baseline,base,equipment_cost_usd
250,1,109.06995467471756,22.0,Equipment (Doppler),109.06995467471756,,diagnosis_base,Baseline,base,equipment_cost_usd
250,2,109.06995467471756,22.0,Equipment (Doppler),105.89315987836656,,diagnosis_base,Baseline,base,equipment_cost_usd
250,3,109.06995467471756,22.0,Equipment (Doppler),102.80889308579279,,diagnosis_base,Baseline,base,equipment_cost_usd
250,4,109.06995467471756,22.0,Equipment (Doppler),99.81445930659494,,diagnosis_base,Baseline,base,equipment_cost_usd
250,5,109.06995467471756,22.0,Equipment (Doppler),96.9072420452378,,diagnosis_base,Baseline,base,equipment_cost_usd
250,6,109.06995467471756,22.0,Equipment (Doppler),94.08470101479398,,diagnosis_base,Baseline,base,equipment_cost_usd
250,7,109.06995467471756,22.0,Equipment (Doppler),91.3443699172757,,diagnosis_base,Baseline,base,equipment_cost_usd
250,8,109.06995467471756,22.0,Equipment (Doppler),88.68385428861718,,diagnosis_base,Baseline,base,equipment_cost_usd
250,9,109.06995467471756,22.0,Equipment (Doppler),86.10082940642444,,diagnosis_base,Baseline,base,equipment_cost_usd
250,10,109.06995467471756,22.0,Equipment (Doppler),83.5930382586645,,diagnosis_base,Baseline,base,equipment_cost_usd
201,1,0.0,0.0,Equipment (CTG),0.0,,diagnosis_base,Baseline,base,equipment_cost_usd
201,2,0.0,0.0,Equipment (CTG),0.0,,diagnosis_base,Baseline,base,equipment_cost_usd
201,3,0.0,0.0,Equipment (CTG),0.0,,diagnosis_base,Baseline,base,equipment_cost_usd
201,4,0.0,0.0,Equipment (CTG),0.0,,diagnosis_base,Baseline,base,equipment_cost_usd
201,5,0.0,0.0,Equipment (CTG),0.0,,diagnosis_base,Baseline,base,equipment_cost_usd
201,6,0.0,0.0,Equipment (CTG),0.0,,diagnosis_base,Baseline,base,equipment_cost_usd
201,7,0.0,0.0,Equipment (CTG),0.0,,diagnosis_base,Baseline,base,equipment_cost_usd
201,8,0.0,0.0,Equipment (CTG),0.0,,diagnosis_base,Baseline,base,equipment_cost_usd
201,9,0.0,0.0,Equipment (CTG),0.0,,diagnosis_base,Baseline,base,equipment_cost_usd
201,10,0.0,0.0,Equipment (CTG),0.0,,diagnosis_base,Baseline,base,equipment_cost_usd
202,1,0.0,0.0,Equipment (CTG),0.0,,diagnosis_base,Baseline,base,equipment_cost_usd
202,2,0.0,0.0,Equipment (CTG),0.0,,diagnosis_base,Baseline,base,equipment_cost_usd
202,3,0.0,0.0,Equipment (CTG),0.0,,diagnosis_base,Baseline,base,equipment_cost_usd
202,4,0.0,0.0,Equipment (CTG),0.0,,diagnosis_base,Baseline,base,equipment_cost_usd
202,5,0.0,0.0,Equipment (CTG),0.0,,diagnosis_base,Baseline,base,equipment_cost_usd
202,6,0.0,0.0,Equipment (CTG),0.0,,diagnosis_base,Baseline,base,equipment_cost_usd
202,7,0.0,0.0,Equipment (CTG),0.0,,diagnosis_base,Baseline,base,equipment_cost_usd
202,8,0.0,0.0,Equipment (CTG),0.0,,diagnosis_base,Baseline,base,equipment_cost_usd
202,9,0.0,0.0,Equipment (CTG),0.0,,diagnosis_base,Baseline,base,equipment_cost_usd
202,10,0.0,0.0,Equipment (CTG),0.0,,diagnosis_base,Baseline,base,equipment_cost_usd
203,1,0.0,0.0,Equipment (CTG),0.0,,diagnosis_base,Baseline,base,equipment_cost_usd
203,2,0.0,0.0,Equipment (CTG),0.0,,diagnosis_base,Baseline,base,equipment_cost_usd
203,3,0.0,0.0,Equipment (CTG),0.0,,diagnosis_base,Baseline,base,equipment_cost_usd
203,4,0.0,0.0,Equipment (CTG),0.0,,diagnosis_base,Baseline,base,equipment_cost_usd
203,5,0.0,0.0,Equipment (CTG),0.0,,diagnosis_base,Baseline,base,equipment_cost_usd
203,6,0.0,0.0,Equipment (CTG),0.0,,diagnosis_base,Baseline,base,equipment_cost_usd
203,7,0.0,0.0,Equipment (CTG),0.0,,diagnosis_base,Baseline,base,equipment_cost_usd
203,8,0.0,0.0,Equipment (CTG),0.0,,diagnosis_base,Baseline,base,equipment_cost_usd
203,9,0.0,0.0,Equipment (CTG),0.0,,diagnosis_base,Baseline,base,equipment_cost_usd
203,10,0.0,0.0,Equipment (CTG),0.0,,diagnosis_base,Baseline,base,equipment_cost_usd
204,1,0.0,0.0,Equipment (CTG),0.0,,diagnosis_base,Baseline,base,equipment_cost_usd
204,2,0.0,0.0,Equipment (CTG),0.0,,diagnosis_base,Baseline,base,equipment_cost_usd
204,3,0.0,0.0,Equipment (CTG),0.0,,diagnosis_base,Baseline,base,equipment_cost_usd
204,4,0.0,0.0,Equipment (CTG),0.0,,diagnosis_base,Baseline,base,equipment_cost_usd
204,5,0.0,0.0,Equipment (CTG),0.0,,diagnosis_base,Baseline,base,equipment_cost_usd
204,6,0.0,0.0,Equipment (CTG),0.0,,diagnosis_base,Baseline,base,equipment_cost_usd
204,7,0.0,0.0,Equipment (CTG),0.0,,diagnosis_base,Baseline,base,equipment_cost_usd
204,8,0.0,0.0,Equipment (CTG),0.0,,diagnosis_base,Baseline,base,equipment_cost_usd
204,9,0.0,0.0,Equipment (CTG),0.0,,diagnosis_base,Baseline,base,equipment_cost_usd
204,10,0.0,0.0,Equipment (CTG),0.0,,diagnosis_base,Baseline,base,equipment_cost_usd
205,1,0.0,0.0,Equipment (CTG),0.0,,diagnosis_base,Baseline,base,equipment_cost_usd
205,2,0.0,0.0,Equipment (CTG),0.0,,diagnosis_base,Baseline,base,equipment_cost_usd
205,3,0.0,0.0,Equipment (CTG),0.0,,diagnosis_base,Baseline,base,equipment_cost_usd
205,4,0.0,0.0,Equipment (CTG),0.0,,diagnosis_base,Baseline,base,equipment_cost_usd
205,5,0.0,0.0,Equipment (CTG),0.0,,diagnosis_base,Baseline,base,equipment_cost_usd
205,6,0.0,0.0,Equipment (CTG),0.0,,diagnosis_base,Baseline,base,equipment_cost_usd
205,7,0.0,0.0,Equipment (CTG),0.0,,diagnosis_base,Baseline,base,equipment_cost_usd
205,8,0.0,0.0,Equipment (CTG),0.0,,diagnosis_base,Baseline,base,equipment_cost_usd
205,9,0.0,0.0,Equipment (CTG),0.0,,diagnosis_base,Baseline,base,equipment_cost_usd
205,10,0.0,0.0,Equipment (CTG),0.0,,diagnosis_base,Baseline,base,equipment_cost_usd
206,1,0.0,0.0,Equipment (CTG),0.0,,diagnosis_base,Baseline,base,equipment_cost_usd
206,2,0.0,0.0,Equipment (CTG),0.0,,diagnosis_base,Baseline,base,equipment_cost_usd
206,3,0.0,0.0,Equipment (CTG),0.0,,diagnosis_base,Baseline,base,equipment_cost_usd
206,4,0.0,0.0,Equipment (CTG),0.0,,diagnosis_base,Baseline,base,equipment_cost_usd
206,5,0.0,0.0,Equipment (CTG),0.0,,diagnosis_base,Baseline,base,equipment_cost_usd
206,6,0.0,0.0,Equipment (CTG),0.0,,diagnosis_base,Baseline,base,equipment_cost_usd
206,7,0.0,0.0,Equipment (CTG),0.0,,diagnosis_base,Baseline,base,equipment_cost_usd
206,8,0.0,0.0,Equipment (CTG),0.0,,diagnosis_base,Baseline,base,equipment_cost_usd
206,9,0.0,0.0,Equipment (CTG),0.0,,diagnosis_base,Baseline,base,equipment_cost_usd
206,10,0.0,0.0,Equipment (CTG),0.0,,diagnosis_base,Baseline,base,equipment_cost_usd
207,1,0.0,0.0,Equipment (CTG),0.0,,diagnosis_base,Baseline,base,equipment_cost_usd
207,2,0.0,0.0,Equipment (CTG),0.0,,diagnosis_base,Baseline,base,equipment_cost_usd
207,3,0.0,0.0,Equipment (CTG),0.0,,diagnosis_base,Baseline,base,equipment_cost_usd
207,4,0.0,0.0,Equipment (CTG),0.0,,diagnosis_base,Baseline,base,equipment_cost_usd
207,5,0.0,0.0,Equipment (CTG),0.0,,diagnosis_base,Baseline,base,equipment_cost_usd
207,6,0.0,0.0,Equipment (CTG),0.0,,diagnosis_base,Baseline,base,equipment_cost_usd
207,7,0.0,0.0,Equipment (CTG),0.0,,diagnosis_base,Baseline,base,equipment_cost_usd
207,8,0.0,0.0,Equipment (CTG),0.0,,diagnosis_base,Baseline,base,equipment_cost_usd
207,9,0.0,0.0,Equipment (CTG),0.0,,diagnosis_base,Baseline,base,equipment_cost_usd
207,10,0.0,0.0,Equipment (CTG),0.0,,diagnosis_base,Baseline,base,equipment_cost_usd
208,1,0.0,0.0,Equipment (CTG),0.0,,diagnosis_base,Baseline,base,equipment_cost_usd
208,2,0.0,0.0,Equipment (CTG),0.0,,diagnosis_base,Baseline,base,equipment_cost_usd
208,3,0.0,0.0,Equipment (CTG),0.0,,diagnosis_base,Baseline,base,equipment_cost_usd
208,4,0.0,0.0,Equipment (CTG),0.0,,diagnosis_base,Baseline,base,equipment_cost_usd
208,5,0.0,0.0,Equipment (CTG),0.0,,diagnosis_base,Baseline,base,equipment_cost_usd
208,6,0.0,0.0,Equipment (CTG),0.0,,diagnosis_base,Baseline,base,equipment_cost_usd
208,7,0.0,0.0,Equipment (CTG),0.0,,diagnosis_base,Baseline,base,equipment_cost_usd
208,8,0.0,0.0,Equipment (CTG),0.0,,diagnosis_base,Baseline,base,equipment_cost_usd
208,9,0.0,0.0,Equipment (CTG),0.0,,diagnosis_base,Baseline,base,equipment_cost_usd
208,10,0.0,0.0,Equipment (CTG),0.0,,diagnosis_base,Baseline,base,equipment_cost_usd
209,1,0.0,0.0,Equipment (CTG),0.0,,diagnosis_base,Baseline,base,equipment_cost_usd
209,2,0.0,0.0,Equipment (CTG),0.0,,diagnosis_base,Baseline,base,equipment_cost_usd
209,3,0.0,0.0,Equipment (CTG),0.0,,diagnosis_base,Baseline,base,equipment_cost_usd
209,4,0.0,0.0,Equipment (CTG),0.0,,diagnosis_base,Baseline,base,equipment_cost_usd
209,5,0.0,0.0,Equipment (CTG),0.0,,diagnosis_base,Baseline,base,equipment_cost_usd
209,6,0.0,0.0,Equipment (CTG),0.0,,diagnosis_base,Baseline,base,equipment_cost_usd
209,7,0.0,0.0,Equipment (CTG),0.0,,diagnosis_base,Baseline,base,equipment_cost_usd
209,8,0.0,0.0,Equipment (CTG),0.0,,diagnosis_base,Baseline,base,equipment_cost_usd
209,9,0.0,0.0,Equipment (CTG),0.0,,diagnosis_base,Baseline,base,equipment_cost_usd
209,10,0.0,0.0,Equipment (CTG),0.0,,diagnosis_base,Baseline,base,equipment_cost_usd
210,1,0.0,0.0,Equipment (CTG),0.0,,diagnosis_base,Baseline,base,equipment_cost_usd
210,2,0.0,0.0,Equipment (CTG),0.0,,diagnosis_base,Baseline,base,equipment_cost_usd
210,3,0.0,0.0,Equipment (CTG),0.0,,diagnosis_base,Baseline,base,equipment_cost_usd
210,4,0.0,0.0,Equipment (CTG),0.0,,diagnosis_base,Baseline,base,equipment_cost_usd
210,5,0.0,0.0,Equipment (CTG),0.0,,diagnosis_base,Baseline,base,equipment_cost_usd
210,6,0.0,0.0,Equipment (CTG),0.0,,diagnosis_base,Baseline,base,equipment_cost_usd
210,7,0.0,0.0,Equipment (CTG),0.0,,diagnosis_base,Baseline,base,equipment_cost_usd
210,8,0.0,0.0,Equipment (CTG),0.0,,diagnosis_base,Baseline,base,equipment_cost_usd
210,9,0.0,0.0,Equipment (CTG),0.0,,diagnosis_base,Baseline,base,equipment_cost_usd
210,10,0.0,0.0,Equipment (CTG),0.0,,diagnosis_base,Baseline,base,equipment_cost_usd
211,1,0.0,0.0,Equipment (CTG),0.0,,diagnosis_base,Baseline,base,equipment_cost_usd
211,2,0.0,0.0,Equipment (CTG),0.0,,diagnosis_base,Baseline,base,equipment_cost_usd
211,3,0.0,0.0,Equipment (CTG),0.0,,diagnosis_base,Baseline,base,equipment_cost_usd
211,4,0.0,0.0,Equipment (CTG),0.0,,diagnosis_base,Baseline,base,equipment_cost_usd
211,5,0.0,0.0,Equipment (CTG),0.0,,diagnosis_base,Baseline,base,equipment_cost_usd
211,6,0.0,0.0,Equipment (CTG),0.0,,diagnosis_base,Baseline,base,equipment_cost_usd
211,7,0.0,0.0,Equipment (CTG),0.0,,diagnosis_base,Baseline,base,equipment_cost_usd
211,8,0.0,0.0,Equipment (CTG),0.0,,diagnosis_base,Baseline,base,equipment_cost_usd
211,9,0.0,0.0,Equipment (CTG),0.0,,diagnosis_base,Baseline,base,equipment_cost_usd
211,10,0.0,0.0,Equipment (CTG),0.0,,diagnosis_base,Baseline,base,equipment_cost_usd
212,1,0.0,0.0,Equipment (CTG),0.0,,diagnosis_base,Baseline,base,equipment_cost_usd
212,2,0.0,0.0,Equipment (CTG),0.0,,diagnosis_base,Baseline,base,equipment_cost_usd
212,3,0.0,0.0,Equipment (CTG),0.0,,diagnosis_base,Baseline,base,equipment_cost_usd
212,4,0.0,0.0,Equipment (CTG),0.0,,diagnosis_base,Baseline,base,equipment_cost_usd
212,5,0.0,0.0,Equipment (CTG),0.0,,diagnosis_base,Baseline,base,equipment_cost_usd
212,6,0.0,0.0,Equipment (CTG),0.0,,diagnosis_base,Baseline,base,equipment_cost_usd
212,7,0.0,0.0,Equipment (CTG),0.0,,diagnosis_base,Baseline,base,equipment_cost_usd
212,8,0.0,0.0,Equipment (CTG),0.0,,diagnosis_base,Baseline,base,equipment_cost_usd
212,9,0.0,0.0,Equipment (CTG),0.0,,diagnosis_base,Baseline,base,equipment_cost_usd
212,10,0.0,0.0,Equipment (CTG),0.0,,diagnosis_base,Baseline,base,equipment_cost_usd
213,1,0.0,0.0,Equipment (CTG),0.0,,diagnosis_base,Baseline,base,equipment_cost_usd
213,2,0.0,0.0,Equipment (CTG),0.0,,diagnosis_base,Baseline,base,equipment_cost_usd
213,3,0.0,0.0,Equipment (CTG),0.0,,diagnosis_base,Baseline,base,equipment_cost_usd
213,4,0.0,0.0,Equipment (CTG),0.0,,diagnosis_base,Baseline,base,equipment_cost_usd
213,5,0.0,0.0,Equipment (CTG),0.0,,diagnosis_base,Baseline,base,equipment_cost_usd
213,6,0.0,0.0,Equipment (CTG),0.0,,diagnosis_base,Baseline,base,equipment_cost_usd
213,7,0.0,0.0,Equipment (CTG),0.0,,diagnosis_base,Baseline,base,equipment_cost_usd
213,8,0.0,0.0,Equipment (CTG),0.0,,diagnosis_base,Baseline,base,equipment_cost_usd
213,9,0.0,0.0,Equipment (CTG),0.0,,diagnosis_base,Baseline,base,equipment_cost_usd
213,10,0.0,0.0,Equipment (CTG),0.0,,diagnosis_base,Baseline,base,equipment_cost_usd
214,1,0.0,0.0,Equipment (CTG),0.0,,diagnosis_base,Baseline,base,equipment_cost_usd
214,2,0.0,0.0,Equipment (CTG),0.0,,diagnosis_base,Baseline,base,equipment_cost_usd
214,3,0.0,0.0,Equipment (CTG),0.0,,diagnosis_base,Baseline,base,equipment_cost_usd
214,4,0.0,0.0,Equipment (CTG),0.0,,diagnosis_base,Baseline,base,equipment_cost_usd
214,5,0.0,0.0,Equipment (CTG),0.0,,diagnosis_base,Baseline,base,equipment_cost_usd
214,6,0.0,0.0,Equipment (CTG),0.0,,diagnosis_base,Baseline,base,equipment_cost_usd
214,7,0.0,0.0,Equipment (CTG),0.0,,diagnosis_base,Baseline,base,equipment_cost_usd
214,8,0.0,0.0,Equipment (CTG),0.0,,diagnosis_base,Baseline,base,equipment_cost_usd
214,9,0.0,0.0,Equipment (CTG),0.0,,diagnosis_base,Baseline,base,equipment_cost_usd
214,10,0.0,0.0,Equipment (CTG),0.0,,diagnosis_base,Baseline,base,equipment_cost_usd
215,1,0.0,0.0,Equipment (CTG),0.0,,diagnosis_base,Baseline,base,equipment_cost_usd
215,2,0.0,0.0,Equipment (CTG),0.0,,diagnosis_base,Baseline,base,equipment_cost_usd
215,3,0.0,0.0,Equipment (CTG),0.0,,diagnosis_base,Baseline,base,equipment_cost_usd
215,4,0.0,0.0,Equipment (CTG),0.0,,diagnosis_base,Baseline,base,equipment_cost_usd
215,5,0.0,0.0,Equipment (CTG),0.0,,diagnosis_base,Baseline,base,equipment_cost_usd
215,6,0.0,0.0,Equipment (CTG),0.0,,diagnosis_base,Baseline,base,equipment_cost_usd
215,7,0.0,0.0,Equipment (CTG),0.0,,diagnosis_base,Baseline,base,equipment_cost_usd
215,8,0.0,0.0,Equipment (CTG),0.0,,diagnosis_base,Baseline,base,equipment_cost_usd
215,9,0.0,0.0,Equipment (CTG),0.0,,diagnosis_base,Baseline,base,equipment_cost_usd
215,10,0.0,0.0,Equipment (CTG),0.0,,diagnosis_base,Baseline,base,equipment_cost_usd
216,1,0.0,0.0,Equipment (CTG),0.0,,diagnosis_base,Baseline,base,equipment_cost_usd
216,2,0.0,0.0,Equipment (CTG),0.0,,diagnosis_base,Baseline,base,equipment_cost_usd
216,3,0.0,0.0,Equipment (CTG),0.0,,diagnosis_base,Baseline,base,equipment_cost_usd
216,4,0.0,0.0,Equipment (CTG),0.0,,diagnosis_base,Baseline,base,equipment_cost_usd
216,5,0.0,0.0,Equipment (CTG),0.0,,diagnosis_base,Baseline,base,equipment_cost_usd
216,6,0.0,0.0,Equipment (CTG),0.0,,diagnosis_base,Baseline,base,equipment_cost_usd
216,7,0.0,0.0,Equipment (CTG),0.0,,diagnosis_base,Baseline,base,equipment_cost_usd
216,8,0.0,0.0,Equipment (CTG),0.0,,diagnosis_base,Baseline,base,equipment_cost_usd
216,9,0.0,0.0,Equipment (CTG),0.0,,diagnosis_base,Baseline,base,equipment_cost_usd
216,10,0.0,0.0,Equipment (CTG),0.0,,diagnosis_base,Baseline,base,equipment_cost_usd
217,1,0.0,0.0,Equipment (CTG),0.0,,diagnosis_base,Baseline,base,equipment_cost_usd
217,2,0.0,0.0,Equipment (CTG),0.0,,diagnosis_base,Baseline,base,equipment_cost_usd
217,3,0.0,0.0,Equipment (CTG),0.0,,diagnosis_base,Baseline,base,equipment_cost_usd
217,4,0.0,0.0,Equipment (CTG),0.0,,diagnosis_base,Baseline,base,equipment_cost_usd
217,5,0.0,0.0,Equipment (CTG),0.0,,diagnosis_base,Baseline,base,equipment_cost_usd
217,6,0.0,0.0,Equipment (CTG),0.0,,diagnosis_base,Baseline,base,equipment_cost_usd
217,7,0.0,0.0,Equipment (CTG),0.0,,diagnosis_base,Baseline,base,equipment_cost_usd
217,8,0.0,0.0,Equipment (CTG),0.0,,diagnosis_base,Baseline,base,equipment_cost_usd
217,9,0.0,0.0,Equipment (CTG),0.0,,diagnosis_base,Baseline,base,equipment_cost_usd
217,10,0.0,0.0,Equipment (CTG),0.0,,diagnosis_base,Baseline,base,equipment_cost_usd
218,1,0.0,0.0,Equipment (CTG),0.0,,diagnosis_base,Baseline,base,equipment_cost_usd
218,2,0.0,0.0,Equipment (CTG),0.0,,diagnosis_base,Baseline,base,equipment_cost_usd
218,3,0.0,0.0,Equipment (CTG),0.0,,diagnosis_base,Baseline,base,equipment_cost_usd
218,4,0.0,0.0,Equipment (CTG),0.0,,diagnosis_base,Baseline,base,equipment_cost_usd
218,5,0.0,0.0,Equipment (CTG),0.0,,diagnosis_base,Baseline,base,equipment_cost_usd
218,6,0.0,0.0,Equipment (CTG),0.0,,diagnosis_base,Baseline,base,equipment_cost_usd
218,7,0.0,0.0,Equipment (CTG),0.0,,diagnosis_base,Baseline,base,equipment_cost_usd
218,8,0.0,0.0,Equipment (CTG),0.0,,diagnosis_base,Baseline,base,equipment_cost_usd
218,9,0.0,0.0,Equipment (CTG),0.0,,diagnosis_base,Baseline,base,equipment_cost_usd
218,10,0.0,0.0,Equipment (CTG),0.0,,diagnosis_base,Baseline,base,equipment_cost_usd
219,1,0.0,0.0,Equipment (CTG),0.0,,diagnosis_base,Baseline,base,equipment_cost_usd
219,2,0.0,0.0,Equipment (CTG),0.0,,diagnosis_base,Baseline,base,equipment_cost_usd
219,3,0.0,0.0,Equipment (CTG),0.0,,diagnosis_base,Baseline,base,equipment_cost_usd
219,4,0.0,0.0,Equipment (CTG),0.0,,diagnosis_base,Baseline,base,equipment_cost_usd
219,5,0.0,0.0,Equipment (CTG),0.0,,diagnosis_base,Baseline,base,equipment_cost_usd
219,6,0.0,0.0,Equipment (CTG),0.0,,diagnosis_base,Baseline,base,equipment_cost_usd
219,7,0.0,0.0,Equipment (CTG),0.0,,diagnosis_base,Baseline,base,equipment_cost_usd
219,8,0.0,0.0,Equipment (CTG),0.0,,diagnosis_base,Baseline,base,equipment_cost_usd
219,9,0.0,0.0,Equipment (CTG),0.0,,diagnosis_base,Baseline,base,equipment_cost_usd
219,10,0.0,0.0,Equipment (CTG),0.0,,diagnosis_base,Baseline,base,equipment_cost_usd
220,1,0.0,0.0,Equipment (CTG),0.0,,diagnosis_base,Baseline,base,equipment_cost_usd
220,2,0.0,0.0,Equipment (CTG),0.0,,diagnosis_base,Baseline,base,equipment_cost_usd
220,3,0.0,0.0,Equipment (CTG),0.0,,diagnosis_base,Baseline,base,equipment_cost_usd
220,4,0.0,0.0,Equipment (CTG),0.0,,diagnosis_base,Baseline,base,equipment_cost_usd
220,5,0.0,0.0,Equipment (CTG),0.0,,diagnosis_base,Baseline,base,equipment_cost_usd
220,6,0.0,0.0,Equipment (CTG),0.0,,diagnosis_base,Baseline,base,equipment_cost_usd
220,7,0.0,0.0,Equipment (CTG),0.0,,diagnosis_base,Baseline,base,equipment_cost_usd
220,8,0.0,0.0,Equipment (CTG),0.0,,diagnosis_base,Baseline,base,equipment_cost_usd
220,9,0.0,0.0,Equipment (CTG),0.0,,diagnosis_base,Baseline,base,equipment_cost_usd
220,10,0.0,0.0,Equipment (CTG),0.0,,diagnosis_base,Baseline,base,equipment_cost_usd
221,1,0.0,0.0,Equipment (CTG),0.0,,diagnosis_base,Baseline,base,equipment_cost_usd
221,2,0.0,0.0,Equipment (CTG),0.0,,diagnosis_base,Baseline,base,equipment_cost_usd
221,3,0.0,0.0,Equipment (CTG),0.0,,diagnosis_base,Baseline,base,equipment_cost_usd
221,4,0.0,0.0,Equipment (CTG),0.0,,diagnosis_base,Baseline,base,equipment_cost_usd
221,5,0.0,0.0,Equipment (CTG),0.0,,diagnosis_base,Baseline,base,equipment_cost_usd
221,6,0.0,0.0,Equipment (CTG),0.0,,diagnosis_base,Baseline,base,equipment_cost_usd
221,7,0.0,0.0,Equipment (CTG),0.0,,diagnosis_base,Baseline,base,equipment_cost_usd
221,8,0.0,0.0,Equipment (CTG),0.0,,diagnosis_base,Baseline,base,equipment_cost_usd
221,9,0.0,0.0,Equipment (CTG),0.0,,diagnosis_base,Baseline,base,equipment_cost_usd
221,10,0.0,0.0,Equipment (CTG),0.0,,diagnosis_base,Baseline,base,equipment_cost_usd
222,1,0.0,0.0,Equipment (CTG),0.0,,diagnosis_base,Baseline,base,equipment_cost_usd
222,2,0.0,0.0,Equipment (CTG),0.0,,diagnosis_base,Baseline,base,equipment_cost_usd
222,3,0.0,0.0,Equipment (CTG),0.0,,diagnosis_base,Baseline,base,equipment_cost_usd
222,4,0.0,0.0,Equipment (CTG),0.0,,diagnosis_base,Baseline,base,equipment_cost_usd
222,5,0.0,0.0,Equipment (CTG),0.0,,diagnosis_base,Baseline,base,equipment_cost_usd
222,6,0.0,0.0,Equipment (CTG),0.0,,diagnosis_base,Baseline,base,equipment_cost_usd
222,7,0.0,0.0,Equipment (CTG),0.0,,diagnosis_base,Baseline,base,equipment_cost_usd
222,8,0.0,0.0,Equipment (CTG),0.0,,diagnosis_base,Baseline,base,equipment_cost_usd
222,9,0.0,0.0,Equipment (CTG),0.0,,diagnosis_base,Baseline,base,equipment_cost_usd
222,10,0.0,0.0,Equipment (CTG),0.0,,diagnosis_base,Baseline,base,equipment_cost_usd
223,1,0.0,0.0,Equipment (CTG),0.0,,diagnosis_base,Baseline,base,equipment_cost_usd
223,2,0.0,0.0,Equipment (CTG),0.0,,diagnosis_base,Baseline,base,equipment_cost_usd
223,3,0.0,0.0,Equipment (CTG),0.0,,diagnosis_base,Baseline,base,equipment_cost_usd
223,4,0.0,0.0,Equipment (CTG),0.0,,diagnosis_base,Baseline,base,equipment_cost_usd
223,5,0.0,0.0,Equipment (CTG),0.0,,diagnosis_base,Baseline,base,equipment_cost_usd
223,6,0.0,0.0,Equipment (CTG),0.0,,diagnosis_base,Baseline,base,equipment_cost_usd
223,7,0.0,0.0,Equipment (CTG),0.0,,diagnosis_base,Baseline,base,equipment_cost_usd
223,8,0.0,0.0,Equipment (CTG),0.0,,diagnosis_base,Baseline,base,equipment_cost_usd
223,9,0.0,0.0,Equipment (CTG),0.0,,diagnosis_base,Baseline,base,equipment_cost_usd
223,10,0.0,0.0,Equipment (CTG),0.0,,diagnosis_base,Baseline,base,equipment_cost_usd
224,1,0.0,0.0,Equipment (CTG),0.0,,diagnosis_base,Baseline,base,equipment_cost_usd
224,2,0.0,0.0,Equipment (CTG),0.0,,diagnosis_base,Baseline,base,equipment_cost_usd
224,3,0.0,0.0,Equipment (CTG),0.0,,diagnosis_base,Baseline,base,equipment_cost_usd
224,4,0.0,0.0,Equipment (CTG),0.0,,diagnosis_base,Baseline,base,equipment_cost_usd
224,5,0.0,0.0,Equipment (CTG),0.0,,diagnosis_base,Baseline,base,equipment_cost_usd
224,6,0.0,0.0,Equipment (CTG),0.0,,diagnosis_base,Baseline,base,equipment_cost_usd
224,7,0.0,0.0,Equipment (CTG),0.0,,diagnosis_base,Baseline,base,equipment_cost_usd
224,8,0.0,0.0,Equipment (CTG),0.0,,diagnosis_base,Baseline,base,equipment_cost_usd
224,9,0.0,0.0,Equipment (CTG),0.0,,diagnosis_base,Baseline,base,equipment_cost_usd
224,10,0.0,0.0,Equipment (CTG),0.0,,diagnosis_base,Baseline,base,equipment_cost_usd
225,1,0.0,0.0,Equipment (CTG),0.0,,diagnosis_base,Baseline,base,equipment_cost_usd
225,2,0.0,0.0,Equipment (CTG),0.0,,diagnosis_base,Baseline,base,equipment_cost_usd
225,3,0.0,0.0,Equipment (CTG),0.0,,diagnosis_base,Baseline,base,equipment_cost_usd
225,4,0.0,0.0,Equipment (CTG),0.0,,diagnosis_base,Baseline,base,equipment_cost_usd
225,5,0.0,0.0,Equipment (CTG),0.0,,diagnosis_base,Baseline,base,equipment_cost_usd
225,6,0.0,0.0,Equipment (CTG),0.0,,diagnosis_base,Baseline,base,equipment_cost_usd
225,7,0.0,0.0,Equipment (CTG),0.0,,diagnosis_base,Baseline,base,equipment_cost_usd
225,8,0.0,0.0,Equipment (CTG),0.0,,diagnosis_base,Baseline,base,equipment_cost_usd
225,9,0.0,0.0,Equipment (CTG),0.0,,diagnosis_base,Baseline,base,equipment_cost_usd
225,10,0.0,0.0,Equipment (CTG),0.0,,diagnosis_base,Baseline,base,equipment_cost_usd
226,1,0.0,0.0,Equipment (CTG),0.0,,diagnosis_base,Baseline,base,equipment_cost_usd
226,2,0.0,0.0,Equipment (CTG),0.0,,diagnosis_base,Baseline,base,equipment_cost_usd
226,3,0.0,0.0,Equipment (CTG),0.0,,diagnosis_base,Baseline,base,equipment_cost_usd
226,4,0.0,0.0,Equipment (CTG),0.0,,diagnosis_base,Baseline,base,equipment_cost_usd
226,5,0.0,0.0,Equipment (CTG),0.0,,diagnosis_base,Baseline,base,equipment_cost_usd
226,6,0.0,0.0,Equipment (CTG),0.0,,diagnosis_base,Baseline,base,equipment_cost_usd
226,7,0.0,0.0,Equipment (CTG),0.0,,diagnosis_base,Baseline,base,equipment_cost_usd
226,8,0.0,0.0,Equipment (CTG),0.0,,diagnosis_base,Baseline,base,equipment_cost_usd
226,9,0.0,0.0,Equipment (CTG),0.0,,diagnosis_base,Baseline,base,equipment_cost_usd
226,10,0.0,0.0,Equipment (CTG),0.0,,diagnosis_base,Baseline,base,equipment_cost_usd
227,1,0.0,0.0,Equipment (CTG),0.0,,diagnosis_base,Baseline,base,equipment_cost_usd
227,2,0.0,0.0,Equipment (CTG),0.0,,diagnosis_base,Baseline,base,equipment_cost_usd
227,3,0.0,0.0,Equipment (CTG),0.0,,diagnosis_base,Baseline,base,equipment_cost_usd
227,4,0.0,0.0,Equipment (CTG),0.0,,diagnosis_base,Baseline,base,equipment_cost_usd
227,5,0.0,0.0,Equipment (CTG),0.0,,diagnosis_base,Baseline,base,equipment_cost_usd
227,6,0.0,0.0,Equipment (CTG),0.0,,diagnosis_base,Baseline,base,equipment_cost_usd
227,7,0.0,0.0,Equipment (CTG),0.0,,diagnosis_base,Baseline,base,equipment_cost_usd
227,8,0.0,0.0,Equipment (CTG),0.0,,diagnosis_base,Baseline,base,equipment_cost_usd
227,9,0.0,0.0,Equipment (CTG),0.0,,diagnosis_base,Baseline,base,equipment_cost_usd
227,10,0.0,0.0,Equipment (CTG),0.0,,diagnosis_base,Baseline,base,equipment_cost_usd
228,1,0.0,0.0,Equipment (CTG),0.0,,diagnosis_base,Baseline,base,equipment_cost_usd
228,2,0.0,0.0,Equipment (CTG),0.0,,diagnosis_base,Baseline,base,equipment_cost_usd
228,3,0.0,0.0,Equipment (CTG),0.0,,diagnosis_base,Baseline,base,equipment_cost_usd
228,4,0.0,0.0,Equipment (CTG),0.0,,diagnosis_base,Baseline,base,equipment_cost_usd
228,5,0.0,0.0,Equipment (CTG),0.0,,diagnosis_base,Baseline,base,equipment_cost_usd
228,6,0.0,0.0,Equipment (CTG),0.0,,diagnosis_base,Baseline,base,equipment_cost_usd
228,7,0.0,0.0,Equipment (CTG),0.0,,diagnosis_base,Baseline,base,equipment_cost_usd
228,8,0.0,0.0,Equipment (CTG),0.0,,diagnosis_base,Baseline,base,equipment_cost_usd
228,9,0.0,0.0,Equipment (CTG),0.0,,diagnosis_base,Baseline,base,equipment_cost_usd
228,10,0.0,0.0,Equipment (CTG),0.0,,diagnosis_base,Baseline,base,equipment_cost_usd
229,1,0.0,0.0,Equipment (CTG),0.0,,diagnosis_base,Baseline,base,equipment_cost_usd
229,2,0.0,0.0,Equipment (CTG),0.0,,diagnosis_base,Baseline,base,equipment_cost_usd
229,3,0.0,0.0,Equipment (CTG),0.0,,diagnosis_base,Baseline,base,equipment_cost_usd
229,4,0.0,0.0,Equipment (CTG),0.0,,diagnosis_base,Baseline,base,equipment_cost_usd
229,5,0.0,0.0,Equipment (CTG),0.0,,diagnosis_base,Baseline,base,equipment_cost_usd
229,6,0.0,0.0,Equipment (CTG),0.0,,diagnosis_base,Baseline,base,equipment_cost_usd
229,7,0.0,0.0,Equipment (CTG),0.0,,diagnosis_base,Baseline,base,equipment_cost_usd
229,8,0.0,0.0,Equipment (CTG),0.0,,diagnosis_base,Baseline,base,equipment_cost_usd
229,9,0.0,0.0,Equipment (CTG),0.0,,diagnosis_base,Baseline,base,equipment_cost_usd
229,10,0.0,0.0,Equipment (CTG),0.0,,diagnosis_base,Baseline,base,equipment_cost_usd
230,1,0.0,0.0,Equipment (CTG),0.0,,diagnosis_base,Baseline,base,equipment_cost_usd
230,2,0.0,0.0,Equipment (CTG),0.0,,diagnosis_base,Baseline,base,equipment_cost_usd
230,3,0.0,0.0,Equipment (CTG),0.0,,diagnosis_base,Baseline,base,equipment_cost_usd
230,4,0.0,0.0,Equipment (CTG),0.0,,diagnosis_base,Baseline,base,equipment_cost_usd
230,5,0.0,0.0,Equipment (CTG),0.0,,diagnosis_base,Baseline,base,equipment_cost_usd
230,6,0.0,0.0,Equipment (CTG),0.0,,diagnosis_base,Baseline,base,equipment_cost_usd
230,7,0.0,0.0,Equipment (CTG),0.0,,diagnosis_base,Baseline,base,equipment_cost_usd
230,8,0.0,0.0,Equipment (CTG),0.0,,diagnosis_base,Baseline,base,equipment_cost_usd
230,9,0.0,0.0,Equipment (CTG),0.0,,diagnosis_base,Baseline,base,equipment_cost_usd
230,10,0.0,0.0,Equipment (CTG),0.0,,diagnosis_base,Baseline,base,equipment_cost_usd
231,1,0.0,0.0,Equipment (CTG),0.0,,diagnosis_base,Baseline,base,equipment_cost_usd
231,2,0.0,0.0,Equipment (CTG),0.0,,diagnosis_base,Baseline,base,equipment_cost_usd
231,3,0.0,0.0,Equipment (CTG),0.0,,diagnosis_base,Baseline,base,equipment_cost_usd
231,4,0.0,0.0,Equipment (CTG),0.0,,diagnosis_base,Baseline,base,equipment_cost_usd
231,5,0.0,0.0,Equipment (CTG),0.0,,diagnosis_base,Baseline,base,equipment_cost_usd
231,6,0.0,0.0,Equipment (CTG),0.0,,diagnosis_base,Baseline,base,equipment_cost_usd
231,7,0.0,0.0,Equipment (CTG),0.0,,diagnosis_base,Baseline,base,equipment_cost_usd
231,8,0.0,0.0,Equipment (CTG),0.0,,diagnosis_base,Baseline,base,equipment_cost_usd
231,9,0.0,0.0,Equipment (CTG),0.0,,diagnosis_base,Baseline,base,equipment_cost_usd
231,10,0.0,0.0,Equipment (CTG),0.0,,diagnosis_base,Baseline,base,equipment_cost_usd
232,1,0.0,0.0,Equipment (CTG),0.0,,diagnosis_base,Baseline,base,equipment_cost_usd
232,2,0.0,0.0,Equipment (CTG),0.0,,diagnosis_base,Baseline,base,equipment_cost_usd
232,3,0.0,0.0,Equipment (CTG),0.0,,diagnosis_base,Baseline,base,equipment_cost_usd
232,4,0.0,0.0,Equipment (CTG),0.0,,diagnosis_base,Baseline,base,equipment_cost_usd
232,5,0.0,0.0,Equipment (CTG),0.0,,diagnosis_base,Baseline,base,equipment_cost_usd
232,6,0.0,0.0,Equipment (CTG),0.0,,diagnosis_base,Baseline,base,equipment_cost_usd
232,7,0.0,0.0,Equipment (CTG),0.0,,diagnosis_base,Baseline,base,equipment_cost_usd
232,8,0.0,0.0,Equipment (CTG),0.0,,diagnosis_base,Baseline,base,equipment_cost_usd
232,9,0.0,0.0,Equipment (CTG),0.0,,diagnosis_base,Baseline,base,equipment_cost_usd
232,10,0.0,0.0,Equipment (CTG),0.0,,diagnosis_base,Baseline,base,equipment_cost_usd
233,1,0.0,0.0,Equipment (CTG),0.0,,diagnosis_base,Baseline,base,equipment_cost_usd
233,2,0.0,0.0,Equipment (CTG),0.0,,diagnosis_base,Baseline,base,equipment_cost_usd
233,3,0.0,0.0,Equipment (CTG),0.0,,diagnosis_base,Baseline,base,equipment_cost_usd
233,4,0.0,0.0,Equipment (CTG),0.0,,diagnosis_base,Baseline,base,equipment_cost_usd
233,5,0.0,0.0,Equipment (CTG),0.0,,diagnosis_base,Baseline,base,equipment_cost_usd
233,6,0.0,0.0,Equipment (CTG),0.0,,diagnosis_base,Baseline,base,equipment_cost_usd
233,7,0.0,0.0,Equipment (CTG),0.0,,diagnosis_base,Baseline,base,equipment_cost_usd
233,8,0.0,0.0,Equipment (CTG),0.0,,diagnosis_base,Baseline,base,equipment_cost_usd
233,9,0.0,0.0,Equipment (CTG),0.0,,diagnosis_base,Baseline,base,equipment_cost_usd
233,10,0.0,0.0,Equipment (CTG),0.0,,diagnosis_base,Baseline,base,equipment_cost_usd
234,1,0.0,0.0,Equipment (CTG),0.0,,diagnosis_base,Baseline,base,equipment_cost_usd
234,2,0.0,0.0,Equipment (CTG),0.0,,diagnosis_base,Baseline,base,equipment_cost_usd
234,3,0.0,0.0,Equipment (CTG),0.0,,diagnosis_base,Baseline,base,equipment_cost_usd
234,4,0.0,0.0,Equipment (CTG),0.0,,diagnosis_base,Baseline,base,equipment_cost_usd
234,5,0.0,0.0,Equipment (CTG),0.0,,diagnosis_base,Baseline,base,equipment_cost_usd
234,6,0.0,0.0,Equipment (CTG),0.0,,diagnosis_base,Baseline,base,equipment_cost_usd
234,7,0.0,0.0,Equipment (CTG),0.0,,diagnosis_base,Baseline,base,equipment_cost_usd
234,8,0.0,0.0,Equipment (CTG),0.0,,diagnosis_base,Baseline,base,equipment_cost_usd
234,9,0.0,0.0,Equipment (CTG),0.0,,diagnosis_base,Baseline,base,equipment_cost_usd
234,10,0.0,0.0,Equipment (CTG),0.0,,diagnosis_base,Baseline,base,equipment_cost_usd
235,1,0.0,0.0,Equipment (CTG),0.0,,diagnosis_base,Baseline,base,equipment_cost_usd
235,2,0.0,0.0,Equipment (CTG),0.0,,diagnosis_base,Baseline,base,equipment_cost_usd
235,3,0.0,0.0,Equipment (CTG),0.0,,diagnosis_base,Baseline,base,equipment_cost_usd
235,4,0.0,0.0,Equipment (CTG),0.0,,diagnosis_base,Baseline,base,equipment_cost_usd
235,5,0.0,0.0,Equipment (CTG),0.0,,diagnosis_base,Baseline,base,equipment_cost_usd
235,6,0.0,0.0,Equipment (CTG),0.0,,diagnosis_base,Baseline,base,equipment_cost_usd
235,7,0.0,0.0,Equipment (CTG),0.0,,diagnosis_base,Baseline,base,equipment_cost_usd
235,8,0.0,0.0,Equipment (CTG),0.0,,diagnosis_base,Baseline,base,equipment_cost_usd
235,9,0.0,0.0,Equipment (CTG),0.0,,diagnosis_base,Baseline,base,equipment_cost_usd
235,10,0.0,0.0,Equipment (CTG),0.0,,diagnosis_base,Baseline,base,equipment_cost_usd
236,1,0.0,0.0,Equipment (CTG),0.0,,diagnosis_base,Baseline,base,equipment_cost_usd
236,2,0.0,0.0,Equipment (CTG),0.0,,diagnosis_base,Baseline,base,equipment_cost_usd
236,3,0.0,0.0,Equipment (CTG),0.0,,diagnosis_base,Baseline,base,equipment_cost_usd
236,4,0.0,0.0,Equipment (CTG),0.0,,diagnosis_base,Baseline,base,equipment_cost_usd
236,5,0.0,0.0,Equipment (CTG),0.0,,diagnosis_base,Baseline,base,equipment_cost_usd
236,6,0.0,0.0,Equipment (CTG),0.0,,diagnosis_base,Baseline,base,equipment_cost_usd
236,7,0.0,0.0,Equipment (CTG),0.0,,diagnosis_base,Baseline,base,equipment_cost_usd
236,8,0.0,0.0,Equipment (CTG),0.0,,diagnosis_base,Baseline,base,equipment_cost_usd
236,9,0.0,0.0,Equipment (CTG),0.0,,diagnosis_base,Baseline,base,equipment_cost_usd
236,10,0.0,0.0,Equipment (CTG),0.0,,diagnosis_base,Baseline,base,equipment_cost_usd
237,1,0.0,0.0,Equipment (CTG),0.0,,diagnosis_base,Baseline,base,equipment_cost_usd
237,2,0.0,0.0,Equipment (CTG),0.0,,diagnosis_base,Baseline,base,equipment_cost_usd
237,3,0.0,0.0,Equipment (CTG),0.0,,diagnosis_base,Baseline,base,equipment_cost_usd
237,4,0.0,0.0,Equipment (CTG),0.0,,diagnosis_base,Baseline,base,equipment_cost_usd
237,5,0.0,0.0,Equipment (CTG),0.0,,diagnosis_base,Baseline,base,equipment_cost_usd
237,6,0.0,0.0,Equipment (CTG),0.0,,diagnosis_base,Baseline,base,equipment_cost_usd
237,7,0.0,0.0,Equipment (CTG),0.0,,diagnosis_base,Baseline,base,equipment_cost_usd
237,8,0.0,0.0,Equipment (CTG),0.0,,diagnosis_base,Baseline,base,equipment_cost_usd
237,9,0.0,0.0,Equipment (CTG),0.0,,diagnosis_base,Baseline,base,equipment_cost_usd
237,10,0.0,0.0,Equipment (CTG),0.0,,diagnosis_base,Baseline,base,equipment_cost_usd
238,1,0.0,0.0,Equipment (CTG),0.0,,diagnosis_base,Baseline,base,equipment_cost_usd
238,2,0.0,0.0,Equipment (CTG),0.0,,diagnosis_base,Baseline,base,equipment_cost_usd
238,3,0.0,0.0,Equipment (CTG),0.0,,diagnosis_base,Baseline,base,equipment_cost_usd
238,4,0.0,0.0,Equipment (CTG),0.0,,diagnosis_base,Baseline,base,equipment_cost_usd
238,5,0.0,0.0,Equipment (CTG),0.0,,diagnosis_base,Baseline,base,equipment_cost_usd
238,6,0.0,0.0,Equipment (CTG),0.0,,diagnosis_base,Baseline,base,equipment_cost_usd
238,7,0.0,0.0,Equipment (CTG),0.0,,diagnosis_base,Baseline,base,equipment_cost_usd
238,8,0.0,0.0,Equipment (CTG),0.0,,diagnosis_base,Baseline,base,equipment_cost_usd
238,9,0.0,0.0,Equipment (CTG),0.0,,diagnosis_base,Baseline,base,equipment_cost_usd
238,10,0.0,0.0,Equipment (CTG),0.0,,diagnosis_base,Baseline,base,equipment_cost_usd
239,1,0.0,0.0,Equipment (CTG),0.0,,diagnosis_base,Baseline,base,equipment_cost_usd
239,2,0.0,0.0,Equipment (CTG),0.0,,diagnosis_base,Baseline,base,equipment_cost_usd
239,3,0.0,0.0,Equipment (CTG),0.0,,diagnosis_base,Baseline,base,equipment_cost_usd
239,4,0.0,0.0,Equipment (CTG),0.0,,diagnosis_base,Baseline,base,equipment_cost_usd
239,5,0.0,0.0,Equipment (CTG),0.0,,diagnosis_base,Baseline,base,equipment_cost_usd
239,6,0.0,0.0,Equipment (CTG),0.0,,diagnosis_base,Baseline,base,equipment_cost_usd
239,7,0.0,0.0,Equipment (CTG),0.0,,diagnosis_base,Baseline,base,equipment_cost_usd
239,8,0.0,0.0,Equipment (CTG),0.0,,diagnosis_base,Baseline,base,equipment_cost_usd
239,9,0.0,0.0,Equipment (CTG),0.0,,diagnosis_base,Baseline,base,equipment_cost_usd
239,10,0.0,0.0,Equipment (CTG),0.0,,diagnosis_base,Baseline,base,equipment_cost_usd
240,1,0.0,0.0,Equipment (CTG),0.0,,diagnosis_base,Baseline,base,equipment_cost_usd
240,2,0.0,0.0,Equipment (CTG),0.0,,diagnosis_base,Baseline,base,equipment_cost_usd
240,3,0.0,0.0,Equipment (CTG),0.0,,diagnosis_base,Baseline,base,equipment_cost_usd
240,4,0.0,0.0,Equipment (CTG),0.0,,diagnosis_base,Baseline,base,equipment_cost_usd
240,5,0.0,0.0,Equipment (CTG),0.0,,diagnosis_base,Baseline,base,equipment_cost_usd
240,6,0.0,0.0,Equipment (CTG),0.0,,diagnosis_base,Baseline,base,equipment_cost_usd
240,7,0.0,0.0,Equipment (CTG),0.0,,diagnosis_base,Baseline,base,equipment_cost_usd
240,8,0.0,0.0,Equipment (CTG),0.0,,diagnosis_base,Baseline,base,equipment_cost_usd
240,9,0.0,0.0,Equipment (CTG),0.0,,diagnosis_base,Baseline,base,equipment_cost_usd
240,10,0.0,0.0,Equipment (CTG),0.0,,diagnosis_base,Baseline,base,equipment_cost_usd
241,1,0.0,0.0,Equipment (CTG),0.0,,diagnosis_base,Baseline,base,equipment_cost_usd
241,2,0.0,0.0,Equipment (CTG),0.0,,diagnosis_base,Baseline,base,equipment_cost_usd
241,3,0.0,0.0,Equipment (CTG),0.0,,diagnosis_base,Baseline,base,equipment_cost_usd
241,4,0.0,0.0,Equipment (CTG),0.0,,diagnosis_base,Baseline,base,equipment_cost_usd
241,5,0.0,0.0,Equipment (CTG),0.0,,diagnosis_base,Baseline,base,equipment_cost_usd
241,6,0.0,0.0,Equipment (CTG),0.0,,diagnosis_base,Baseline,base,equipment_cost_usd
241,7,0.0,0.0,Equipment (CTG),0.0,,diagnosis_base,Baseline,base,equipment_cost_usd
241,8,0.0,0.0,Equipment (CTG),0.0,,diagnosis_base,Baseline,base,equipment_cost_usd
241,9,0.0,0.0,Equipment (CTG),0.0,,diagnosis_base,Baseline,base,equipment_cost_usd
241,10,0.0,0.0,Equipment (CTG),0.0,,diagnosis_base,Baseline,base,equipment_cost_usd
242,1,0.0,0.0,Equipment (CTG),0.0,,diagnosis_base,Baseline,base,equipment_cost_usd
242,2,0.0,0.0,Equipment (CTG),0.0,,diagnosis_base,Baseline,base,equipment_cost_usd
242,3,0.0,0.0,Equipment (CTG),0.0,,diagnosis_base,Baseline,base,equipment_cost_usd
242,4,0.0,0.0,Equipment (CTG),0.0,,diagnosis_base,Baseline,base,equipment_cost_usd
242,5,0.0,0.0,Equipment (CTG),0.0,,diagnosis_base,Baseline,base,equipment_cost_usd
242,6,0.0,0.0,Equipment (CTG),0.0,,diagnosis_base,Baseline,base,equipment_cost_usd
242,7,0.0,0.0,Equipment (CTG),0.0,,diagnosis_base,Baseline,base,equipment_cost_usd
242,8,0.0,0.0,Equipment (CTG),0.0,,diagnosis_base,Baseline,base,equipment_cost_usd
242,9,0.0,0.0,Equipment (CTG),0.0,,diagnosis_base,Baseline,base,equipment_cost_usd
242,10,0.0,0.0,Equipment (CTG),0.0,,diagnosis_base,Baseline,base,equipment_cost_usd
243,1,0.0,0.0,Equipment (CTG),0.0,,diagnosis_base,Baseline,base,equipment_cost_usd
243,2,0.0,0.0,Equipment (CTG),0.0,,diagnosis_base,Baseline,base,equipment_cost_usd
243,3,0.0,0.0,Equipment (CTG),0.0,,diagnosis_base,Baseline,base,equipment_cost_usd
243,4,0.0,0.0,Equipment (CTG),0.0,,diagnosis_base,Baseline,base,equipment_cost_usd
243,5,0.0,0.0,Equipment (CTG),0.0,,diagnosis_base,Baseline,base,equipment_cost_usd
243,6,0.0,0.0,Equipment (CTG),0.0,,diagnosis_base,Baseline,base,equipment_cost_usd
243,7,0.0,0.0,Equipment (CTG),0.0,,diagnosis_base,Baseline,base,equipment_cost_usd
243,8,0.0,0.0,Equipment (CTG),0.0,,diagnosis_base,Baseline,base,equipment_cost_usd
243,9,0.0,0.0,Equipment (CTG),0.0,,diagnosis_base,Baseline,base,equipment_cost_usd
243,10,0.0,0.0,Equipment (CTG),0.0,,diagnosis_base,Baseline,base,equipment_cost_usd
244,1,0.0,0.0,Equipment (CTG),0.0,,diagnosis_base,Baseline,base,equipment_cost_usd
244,2,0.0,0.0,Equipment (CTG),0.0,,diagnosis_base,Baseline,base,equipment_cost_usd
244,3,0.0,0.0,Equipment (CTG),0.0,,diagnosis_base,Baseline,base,equipment_cost_usd
244,4,0.0,0.0,Equipment (CTG),0.0,,diagnosis_base,Baseline,base,equipment_cost_usd
244,5,0.0,0.0,Equipment (CTG),0.0,,diagnosis_base,Baseline,base,equipment_cost_usd
244,6,0.0,0.0,Equipment (CTG),0.0,,diagnosis_base,Baseline,base,equipment_cost_usd
244,7,0.0,0.0,Equipment (CTG),0.0,,diagnosis_base,Baseline,base,equipment_cost_usd
244,8,0.0,0.0,Equipment (CTG),0.0,,diagnosis_base,Baseline,base,equipment_cost_usd
244,9,0.0,0.0,Equipment (CTG),0.0,,diagnosis_base,Baseline,base,equipment_cost_usd
244,10,0.0,0.0,Equipment (CTG),0.0,,diagnosis_base,Baseline,base,equipment_cost_usd
245,1,0.0,0.0,Equipment (CTG),0.0,,diagnosis_base,Baseline,base,equipment_cost_usd
245,2,0.0,0.0,Equipment (CTG),0.0,,diagnosis_base,Baseline,base,equipment_cost_usd
245,3,0.0,0.0,Equipment (CTG),0.0,,diagnosis_base,Baseline,base,equipment_cost_usd
245,4,0.0,0.0,Equipment (CTG),0.0,,diagnosis_base,Baseline,base,equipment_cost_usd
245,5,0.0,0.0,Equipment (CTG),0.0,,diagnosis_base,Baseline,base,equipment_cost_usd
245,6,0.0,0.0,Equipment (CTG),0.0,,diagnosis_base,Baseline,base,equipment_cost_usd
245,7,0.0,0.0,Equipment (CTG),0.0,,diagnosis_base,Baseline,base,equipment_cost_usd
245,8,0.0,0.0,Equipment (CTG),0.0,,diagnosis_base,Baseline,base,equipment_cost_usd
245,9,0.0,0.0,Equipment (CTG),0.0,,diagnosis_base,Baseline,base,equipment_cost_usd
245,10,0.0,0.0,Equipment (CTG),0.0,,diagnosis_base,Baseline,base,equipment_cost_usd
246,1,0.0,0.0,Equipment (CTG),0.0,,diagnosis_base,Baseline,base,equipment_cost_usd
246,2,0.0,0.0,Equipment (CTG),0.0,,diagnosis_base,Baseline,base,equipment_cost_usd
246,3,0.0,0.0,Equipment (CTG),0.0,,diagnosis_base,Baseline,base,equipment_cost_usd
246,4,0.0,0.0,Equipment (CTG),0.0,,diagnosis_base,Baseline,base,equipment_cost_usd
246,5,0.0,0.0,Equipment (CTG),0.0,,diagnosis_base,Baseline,base,equipment_cost_usd
246,6,0.0,0.0,Equipment (CTG),0.0,,diagnosis_base,Baseline,base,equipment_cost_usd
246,7,0.0,0.0,Equipment (CTG),0.0,,diagnosis_base,Baseline,base,equipment_cost_usd
246,8,0.0,0.0,Equipment (CTG),0.0,,diagnosis_base,Baseline,base,equipment_cost_usd
246,9,0.0,0.0,Equipment (CTG),0.0,,diagnosis_base,Baseline,base,equipment_cost_usd
246,10,0.0,0.0,Equipment (CTG),0.0,,diagnosis_base,Baseline,base,equipment_cost_usd
247,1,0.0,0.0,Equipment (CTG),0.0,,diagnosis_base,Baseline,base,equipment_cost_usd
247,2,0.0,0.0,Equipment (CTG),0.0,,diagnosis_base,Baseline,base,equipment_cost_usd
247,3,0.0,0.0,Equipment (CTG),0.0,,diagnosis_base,Baseline,base,equipment_cost_usd
247,4,0.0,0.0,Equipment (CTG),0.0,,diagnosis_base,Baseline,base,equipment_cost_usd
247,5,0.0,0.0,Equipment (CTG),0.0,,diagnosis_base,Baseline,base,equipment_cost_usd
247,6,0.0,0.0,Equipment (CTG),0.0,,diagnosis_base,Baseline,base,equipment_cost_usd
247,7,0.0,0.0,Equipment (CTG),0.0,,diagnosis_base,Baseline,base,equipment_cost_usd
247,8,0.0,0.0,Equipment (CTG),0.0,,diagnosis_base,Baseline,base,equipment_cost_usd
247,9,0.0,0.0,Equipment (CTG),0.0,,diagnosis_base,Baseline,base,equipment_cost_usd
247,10,0.0,0.0,Equipment (CTG),0.0,,diagnosis_base,Baseline,base,equipment_cost_usd
248,1,0.0,0.0,Equipment (CTG),0.0,,diagnosis_base,Baseline,base,equipment_cost_usd
248,2,0.0,0.0,Equipment (CTG),0.0,,diagnosis_base,Baseline,base,equipment_cost_usd
248,3,0.0,0.0,Equipment (CTG),0.0,,diagnosis_base,Baseline,base,equipment_cost_usd
248,4,0.0,0.0,Equipment (CTG),0.0,,diagnosis_base,Baseline,base,equipment_cost_usd
248,5,0.0,0.0,Equipment (CTG),0.0,,diagnosis_base,Baseline,base,equipment_cost_usd
248,6,0.0,0.0,Equipment (CTG),0.0,,diagnosis_base,Baseline,base,equipment_cost_usd
248,7,0.0,0.0,Equipment (CTG),0.0,,diagnosis_base,Baseline,base,equipment_cost_usd
248,8,0.0,0.0,Equipment (CTG),0.0,,diagnosis_base,Baseline,base,equipment_cost_usd
248,9,0.0,0.0,Equipment (CTG),0.0,,diagnosis_base,Baseline,base,equipment_cost_usd
248,10,0.0,0.0,Equipment (CTG),0.0,,diagnosis_base,Baseline,base,equipment_cost_usd
249,1,0.0,0.0,Equipment (CTG),0.0,,diagnosis_base,Baseline,base,equipment_cost_usd
249,2,0.0,0.0,Equipment (CTG),0.0,,diagnosis_base,Baseline,base,equipment_cost_usd
249,3,0.0,0.0,Equipment (CTG),0.0,,diagnosis_base,Baseline,base,equipment_cost_usd
249,4,0.0,0.0,Equipment (CTG),0.0,,diagnosis_base,Baseline,base,equipment_cost_usd
249,5,0.0,0.0,Equipment (CTG),0.0,,diagnosis_base,Baseline,base,equipment_cost_usd
249,6,0.0,0.0,Equipment (CTG),0.0,,diagnosis_base,Baseline,base,equipment_cost_usd
249,7,0.0,0.0,Equipment (CTG),0.0,,diagnosis_base,Baseline,base,equipment_cost_usd
249,8,0.0,0.0,Equipment (CTG),0.0,,diagnosis_base,Baseline,base,equipment_cost_usd
249,9,0.0,0.0,Equipment (CTG),0.0,,diagnosis_base,Baseline,base,equipment_cost_usd
249,10,0.0,0.0,Equipment (CTG),0.0,,diagnosis_base,Baseline,base,equipment_cost_usd
250,1,0.0,0.0,Equipment (CTG),0.0,,diagnosis_base,Baseline,base,equipment_cost_usd
250,2,0.0,0.0,Equipment (CTG),0.0,,diagnosis_base,Baseline,base,equipment_cost_usd
250,3,0.0,0.0,Equipment (CTG),0.0,,diagnosis_base,Baseline,base,equipment_cost_usd
250,4,0.0,0.0,Equipment (CTG),0.0,,diagnosis_base,Baseline,base,equipment_cost_usd
250,5,0.0,0.0,Equipment (CTG),0.0,,diagnosis_base,Baseline,base,equipment_cost_usd
250,6,0.0,0.0,Equipment (CTG),0.0,,diagnosis_base,Baseline,base,equipment_cost_usd
250,7,0.0,0.0,Equipment (CTG),0.0,,diagnosis_base,Baseline,base,equipment_cost_usd
250,8,0.0,0.0,Equipment (CTG),0.0,,diagnosis_base,Baseline,base,equipment_cost_usd
250,9,0.0,0.0,Equipment (CTG),0.0,,diagnosis_base,Baseline,base,equipment_cost_usd
250,10,0.0,0.0,Equipment (CTG),0.0,,diagnosis_base,Baseline,base,equipment_cost_usd
